year,week,fantasy_team,opponent,score,opponent_score,canonical_team,canonical_opponent,margin,win,loss,tie,all_play_wins,all_play_losses,all_play_ties,expected_win_rate,weekly_score_rank,teams_that_week,bad_beat_value,bad_beat,severe_bad_beat,brutal_bad_beat,lucky_win,severe_lucky_win
2020,12,Uncle Rico,Voldemort,171.52,176.74,Uncle Rico,Voldemort,-5.219999999999999,0,1,0,10.0,1.0,0.0,0.9090909090909091,2.0,12.0,0.9090909090909091,1,1,1,0,0
2024,14,ThreatLevelMidnight,Voldemort,148.6,176.08,ThreatLevelMidnight,Voldemort,-27.480000000000018,0,1,0,10.0,1.0,0.0,0.9090909090909091,2.0,12.0,0.9090909090909091,1,1,1,0,0
2021,14,The Big Gronkowski,Joe Mantegna,148.08,153.3,The Big Gronkowski,Joe Mantegna,-5.219999999999999,0,1,0,10.0,1.0,0.0,0.9090909090909091,2.0,12.0,0.9090909090909091,1,1,1,0,0
2024,13,Buttermilk Puuump,Pop Lockett Drop it,139.74,158.18,Buttermilk Puuump,Pop Lockett Drop it,-18.439999999999998,0,1,0,10.0,1.0,0.0,0.9090909090909091,2.0,12.0,0.9090909090909091,1,1,1,0,0
2021,1,The Big Gronkowski,Malle ❤️ 🐸,139.34,140.56,The Big Gronkowski,Malle ❤️ 🐸,-1.2199999999999989,0,1,0,10.0,1.0,0.0,0.9090909090909091,2.0,12.0,0.9090909090909091,1,1,1,0,0
2024,6,Pop Lockett Drop it,malle_dips_pouches,134.58,160.44,Pop Lockett Drop it,malle_dips_pouches,-25.859999999999985,0,1,0,10.0,1.0,0.0,0.9090909090909091,2.0,12.0,0.9090909090909091,1,1,1,0,0
2019,5,Big Sack Jack,Post Mahomes,134.12,153.04,Big Sack Jack,Post Mahomes,-18.919999999999987,0,1,0,10.0,1.0,0.0,0.9090909090909091,2.0,12.0,0.9090909090909091,1,1,1,0,0
2018,9,Joe Mantegna,Pop Lockett Drop it,134.1,138.2,Joe Mantegna,Pop Lockett Drop it,-4.099999999999994,0,1,0,10.0,1.0,0.0,0.9090909090909091,2.0,12.0,0.9090909090909091,1,1,1,0,0
2022,6,ThreatLevelMidnight,Voldemort,118.78,122.86,ThreatLevelMidnight,Voldemort,-4.079999999999998,0,1,0,10.0,1.0,0.0,0.9090909090909091,2.0,12.0,0.9090909090909091,1,1,1,0,0
2020,1,Ginger FC,Pop Lockett Drop it,137.88,149.56,Ginger FC,Pop Lockett Drop it,-11.680000000000007,0,1,0,9.0,2.0,0.0,0.8181818181818182,3.0,12.0,0.8181818181818182,1,1,1,0,0
2021,4,Big Sack Jack,Ginger FC,131.22,143.62,Big Sack Jack,Ginger FC,-12.400000000000006,0,1,0,9.0,2.0,0.0,0.8181818181818182,3.0,12.0,0.8181818181818182,1,1,1,0,0
2020,11,Uncle Rico,Malle ❤️ 🐸,130.84,134.34,Uncle Rico,Malle ❤️ 🐸,-3.5,0,1,0,9.0,2.0,0.0,0.8181818181818182,3.0,12.0,0.8181818181818182,1,1,1,0,0
2022,13,Malle ❤️ 🐸,Voldemort,130.6,134.72,Malle ❤️ 🐸,Voldemort,-4.1200000000000045,0,1,0,9.0,2.0,0.0,0.8181818181818182,3.0,12.0,0.8181818181818182,1,1,1,0,0
2023,3,Voldemort,Post Mahomes,129.08,139.88,Voldemort,Post Mahomes,-10.799999999999983,0,1,0,9.0,2.0,0.0,0.8181818181818182,3.0,12.0,0.8181818181818182,1,1,1,0,0
2025,13,ThreatLevelMidnight,The Big Gronkowski,128.34,133.68,ThreatLevelMidnight,The Big Gronkowski,-5.340000000000003,0,1,0,9.0,2.0,0.0,0.8181818181818182,3.0,12.0,0.8181818181818182,1,1,1,0,0
2020,4,Malle ❤️ 🐸,Joe Mantegna,126.66,140.78,Malle ❤️ 🐸,Joe Mantegna,-14.120000000000005,0,1,0,9.0,2.0,0.0,0.8181818181818182,3.0,12.0,0.8181818181818182,1,1,1,0,0
2023,12,Voldemort,Joe Mantegna,126.08,126.54,Voldemort,Joe Mantegna,-0.46000000000000796,0,1,0,9.0,2.0,0.0,0.8181818181818182,3.0,12.0,0.8181818181818182,1,1,1,0,0
2022,10,Uncle Rico,Pop Lockett Drop it,126.04,135.88,Uncle Rico,Pop Lockett Drop it,-9.83999999999999,0,1,0,9.0,2.0,0.0,0.8181818181818182,3.0,12.0,0.8181818181818182,1,1,1,0,0
2020,9,ThreatLevelMidnight,Pop Lockett Drop it,125.96,155.3,ThreatLevelMidnight,Pop Lockett Drop it,-29.340000000000018,0,1,0,9.0,2.0,0.0,0.8181818181818182,3.0,12.0,0.8181818181818182,1,1,1,0,0
2020,13,ThreatLevelMidnight,malle_dips_pouches,124.96,140.3,ThreatLevelMidnight,malle_dips_pouches,-15.340000000000018,0,1,0,9.0,2.0,0.0,0.8181818181818182,3.0,12.0,0.8181818181818182,1,1,1,0,0
2018,1,Dillon Panthers,Ginger FC,122.46,127.62,Dillon Panthers,Ginger FC,-5.160000000000011,0,1,0,9.0,2.0,0.0,0.8181818181818182,3.0,12.0,0.8181818181818182,1,1,1,0,0
2019,8,Joe Mantegna,ThreatLevelMidnight,121.78,138.08,Joe Mantegna,ThreatLevelMidnight,-16.30000000000001,0,1,0,9.0,2.0,0.0,0.8181818181818182,3.0,12.0,0.8181818181818182,1,1,1,0,0
2024,4,Pop Lockett Drop it,Patty Primetimes,117.0,143.72,Pop Lockett Drop it,Patty Primetimes,-26.72,0,1,0,9.0,2.0,0.0,0.8181818181818182,3.0,12.0,0.8181818181818182,1,1,1,0,0
2019,2,Big Sack Jack,Patty Primetimes,115.66,122.38,Big Sack Jack,Patty Primetimes,-6.719999999999999,0,1,0,9.0,2.0,0.0,0.8181818181818182,3.0,12.0,0.8181818181818182,1,1,1,0,0
2020,8,Big Sack Jack,The Big Gronkowski,113.74,133.3,Big Sack Jack,The Big Gronkowski,-19.560000000000016,0,1,0,9.0,2.0,0.0,0.8181818181818182,3.0,12.0,0.8181818181818182,1,1,1,0,0
2017,8,PickUpYourBratsMalle,Voldemort,113.12,126.62,ThreatLevelMidnight,Voldemort,-13.5,0,1,0,9.0,2.0,0.0,0.8181818181818182,3.0,12.0,0.8181818181818182,1,1,1,0,0
2018,13,Post Mahomes,Pop Lockett Drop it,109.0,112.7,Post Mahomes,Pop Lockett Drop it,-3.700000000000003,0,1,0,9.0,2.0,0.0,0.8181818181818182,3.0,12.0,0.8181818181818182,1,1,1,0,0
2019,4,Big Sack Jack,Pop Lockett Drop it,107.7,110.4,Big Sack Jack,Pop Lockett Drop it,-2.700000000000003,0,1,0,9.0,2.0,0.0,0.8181818181818182,3.0,12.0,0.8181818181818182,1,1,1,0,0
2017,12,PickUpYourBratsMalle,malle_dips_pouches,103.76,152.72,ThreatLevelMidnight,malle_dips_pouches,-48.959999999999994,0,1,0,9.0,2.0,0.0,0.8181818181818182,3.0,12.0,0.8181818181818182,1,1,1,0,0
2021,14,Ginger FC,Patty Primetimes,136.14,138.52,Ginger FC,Patty Primetimes,-2.380000000000024,0,1,0,8.0,3.0,0.0,0.7272727272727273,4.0,12.0,0.7272727272727273,1,0,0,0,0
2021,12,Ginger FC,Pop Lockett Drop it,130.38,141.4,Ginger FC,Pop Lockett Drop it,-11.02000000000001,0,1,0,8.0,3.0,0.0,0.7272727272727273,4.0,12.0,0.7272727272727273,1,0,0,0,0
2021,1,Big Sack Jack,ThreatLevelMidnight,129.38,138.26,Big Sack Jack,ThreatLevelMidnight,-8.879999999999995,0,1,0,8.0,3.0,0.0,0.7272727272727273,4.0,12.0,0.7272727272727273,1,0,0,0,0
2024,5,malle_dips_pouches,ThreatLevelMidnight,127.76,160.9,malle_dips_pouches,ThreatLevelMidnight,-33.14,0,1,0,8.0,3.0,0.0,0.7272727272727273,4.0,12.0,0.7272727272727273,1,0,0,0,0
2023,13,Malle ❤️ 🐸,Patty Primetimes,127.72,134.9,Malle ❤️ 🐸,Patty Primetimes,-7.180000000000007,0,1,0,8.0,3.0,0.0,0.7272727272727273,4.0,12.0,0.7272727272727273,1,0,0,0,0
2020,7,Post Mahomes,Malle ❤️ 🐸,127.1,135.56,Post Mahomes,Malle ❤️ 🐸,-8.460000000000008,0,1,0,8.0,3.0,0.0,0.7272727272727273,4.0,12.0,0.7272727272727273,1,0,0,0,0
2025,4,Voldemort,ThreatLevelMidnight,125.1,144.26,Voldemort,ThreatLevelMidnight,-19.159999999999997,0,1,0,8.0,3.0,0.0,0.7272727272727273,4.0,12.0,0.7272727272727273,1,0,0,0,0
2022,2,Voldemort,Malle ❤️ 🐸,122.68,124.82,Voldemort,Malle ❤️ 🐸,-2.1399999999999864,0,1,0,8.0,3.0,0.0,0.7272727272727273,4.0,12.0,0.7272727272727273,1,0,0,0,0
2022,11,Joe Mantegna,Ginger FC,120.5,126.34,Joe Mantegna,Ginger FC,-5.840000000000003,0,1,0,8.0,3.0,0.0,0.7272727272727273,4.0,12.0,0.7272727272727273,1,0,0,0,0
2021,7,Patty Primetimes,malle_dips_pouches,119.92,137.2,Patty Primetimes,malle_dips_pouches,-17.279999999999987,0,1,0,8.0,3.0,0.0,0.7272727272727273,4.0,12.0,0.7272727272727273,1,0,0,0,0
2023,14,Post Mahomes,Voldemort,119.74,138.04,Post Mahomes,Voldemort,-18.299999999999997,0,1,0,8.0,3.0,0.0,0.7272727272727273,4.0,12.0,0.7272727272727273,1,0,0,0,0
2020,9,Ginger FC,Voldemort,119.2,136.74,Ginger FC,Voldemort,-17.540000000000006,0,1,0,8.0,3.0,0.0,0.7272727272727273,4.0,12.0,0.7272727272727273,1,0,0,0,0
2018,6,Post Mahomes,Big Sack Jack,118.9,122.68,Post Mahomes,Big Sack Jack,-3.780000000000001,0,1,0,8.0,3.0,0.0,0.7272727272727273,4.0,12.0,0.7272727272727273,1,0,0,0,0
2017,11,malle_dips_pouches,The Big Gronkowski,116.38,126.06,malle_dips_pouches,The Big Gronkowski,-9.680000000000007,0,1,0,8.0,3.0,0.0,0.7272727272727273,4.0,12.0,0.7272727272727273,1,0,0,0,0
2023,2,Voldemort,The Big Gronkowski,116.28,119.7,Voldemort,The Big Gronkowski,-3.4200000000000017,0,1,0,8.0,3.0,0.0,0.7272727272727273,4.0,12.0,0.7272727272727273,1,0,0,0,0
2025,9,Voldemort,Pop Lockett Drop it,116.22,126.24,Voldemort,Pop Lockett Drop it,-10.019999999999996,0,1,0,8.0,3.0,0.0,0.7272727272727273,4.0,12.0,0.7272727272727273,1,0,0,0,0
2025,10,The Big Gronkowski,Uncle Rico,115.4,146.6,The Big Gronkowski,Uncle Rico,-31.19999999999999,0,1,0,8.0,3.0,0.0,0.7272727272727273,4.0,12.0,0.7272727272727273,1,0,0,0,0
2024,7,malle_dips_pouches,Ginger FC,112.46,113.3,malle_dips_pouches,Ginger FC,-0.8400000000000034,0,1,0,8.0,3.0,0.0,0.7272727272727273,4.0,12.0,0.7272727272727273,1,0,0,0,0
2020,6,Malle ❤️ 🐸,Pop Lockett Drop it,112.44,119.3,Malle ❤️ 🐸,Pop Lockett Drop it,-6.859999999999999,0,1,0,8.0,3.0,0.0,0.7272727272727273,4.0,12.0,0.7272727272727273,1,0,0,0,0
2018,7,Voldemort,PickUpYourBratsMalle,111.38,119.34,Voldemort,ThreatLevelMidnight,-7.960000000000008,0,1,0,8.0,3.0,0.0,0.7272727272727273,4.0,12.0,0.7272727272727273,1,0,0,0,0
2022,7,Joe Mantegna,Uncle Rico,110.22,132.12,Joe Mantegna,Uncle Rico,-21.900000000000006,0,1,0,8.0,3.0,0.0,0.7272727272727273,4.0,12.0,0.7272727272727273,1,0,0,0,0
2018,12,Post Mahomes,PickUpYourBratsMalle,109.14,118.88,Post Mahomes,ThreatLevelMidnight,-9.739999999999995,0,1,0,8.0,3.0,0.0,0.7272727272727273,4.0,12.0,0.7272727272727273,1,0,0,0,0
2018,3,Big Sack Jack,Dillon Panthers,106.58,120.84,Big Sack Jack,Dillon Panthers,-14.260000000000005,0,1,0,8.0,3.0,0.0,0.7272727272727273,4.0,12.0,0.7272727272727273,1,0,0,0,0
2019,6,Patty Primetimes,Voldemort,106.44,114.12,Patty Primetimes,Voldemort,-7.680000000000007,0,1,0,8.0,3.0,0.0,0.7272727272727273,4.0,12.0,0.7272727272727273,1,0,0,0,0
2019,7,malle_dips_pouches,Ginger FC,104.96,109.32,malle_dips_pouches,Ginger FC,-4.359999999999999,0,1,0,8.0,3.0,0.0,0.7272727272727273,4.0,12.0,0.7272727272727273,1,0,0,0,0
2019,13,Joe Mantegna,malle_dips_pouches,99.34,104.82,Joe Mantegna,malle_dips_pouches,-5.47999999999999,0,1,0,8.0,3.0,0.0,0.7272727272727273,4.0,12.0,0.7272727272727273,1,0,0,0,0
2017,10,Big Sack Jack,The Big Gronkowski,98.78,110.94,Big Sack Jack,The Big Gronkowski,-12.159999999999997,0,1,0,8.0,3.0,0.0,0.7272727272727273,4.0,12.0,0.7272727272727273,1,0,0,0,0
2017,2,The Big Gronkowski,Voldemort,97.32,110.38,The Big Gronkowski,Voldemort,-13.060000000000002,0,1,0,8.0,3.0,0.0,0.7272727272727273,4.0,12.0,0.7272727272727273,1,0,0,0,0
2018,4,Big Sack Jack,PickUpYourBratsMalle,130.98,154.38,Big Sack Jack,ThreatLevelMidnight,-23.400000000000006,0,1,0,7.0,4.0,0.0,0.6363636363636364,5.0,12.0,0.6363636363636364,1,0,0,0,0
2020,3,Voldemort,Malle ❤️ 🐸,123.38,133.28,Voldemort,Malle ❤️ 🐸,-9.900000000000006,0,1,0,7.0,4.0,0.0,0.6363636363636364,5.0,12.0,0.6363636363636364,1,0,0,0,0
2024,13,Patty Primetimes,malle_dips_pouches,122.14,137.1,Patty Primetimes,malle_dips_pouches,-14.959999999999994,0,1,0,7.0,4.0,0.0,0.6363636363636364,5.0,12.0,0.6363636363636364,1,0,0,0,0
2025,5,Voldemort,Joe Mantegna,121.9,122.88,Voldemort,Joe Mantegna,-0.9799999999999898,0,1,0,7.0,4.0,0.0,0.6363636363636364,5.0,12.0,0.6363636363636364,1,0,0,0,0
2018,1,Voldemort,Big Sack Jack,121.58,123.04,Voldemort,Big Sack Jack,-1.460000000000008,0,1,0,7.0,4.0,0.0,0.6363636363636364,5.0,12.0,0.6363636363636364,1,0,0,0,0
2021,6,Ginger FC,Uncle Rico,120.6,142.68,Ginger FC,Uncle Rico,-22.080000000000013,0,1,0,7.0,4.0,0.0,0.6363636363636364,5.0,12.0,0.6363636363636364,1,0,0,0,0
2024,2,Uncle Rico,Malle ❤️ 🐸,120.44,154.42,Uncle Rico,Malle ❤️ 🐸,-33.97999999999999,0,1,0,7.0,4.0,0.0,0.6363636363636364,5.0,12.0,0.6363636363636364,1,0,0,0,0
2020,4,ThreatLevelMidnight,The Big Gronkowski,119.1,150.1,ThreatLevelMidnight,The Big Gronkowski,-31.0,0,1,0,7.0,4.0,0.0,0.6363636363636364,5.0,12.0,0.6363636363636364,1,0,0,0,0
2020,10,Patty Primetimes,Pop Lockett Drop it,118.36,121.5,Patty Primetimes,Pop Lockett Drop it,-3.1400000000000006,0,1,0,7.0,4.0,0.0,0.6363636363636364,5.0,12.0,0.6363636363636364,1,0,0,0,0
2025,14,Post Mahomes,Voldemort,117.7,135.46,Post Mahomes,Voldemort,-17.760000000000005,0,1,0,7.0,4.0,0.0,0.6363636363636364,5.0,12.0,0.6363636363636364,1,0,0,0,0
2023,1,Post Mahomes,The Big Gronkowski,114.34,148.36,Post Mahomes,The Big Gronkowski,-34.02000000000001,0,1,0,7.0,4.0,0.0,0.6363636363636364,5.0,12.0,0.6363636363636364,1,0,0,0,0
2021,3,Uncle Rico,ThreatLevelMidnight,114.18,122.22,Uncle Rico,ThreatLevelMidnight,-8.039999999999992,0,1,0,7.0,4.0,0.0,0.6363636363636364,5.0,12.0,0.6363636363636364,1,0,0,0,0
2020,5,The Big Gronkowski,Pop Lockett Drop it,113.62,121.74,The Big Gronkowski,Pop Lockett Drop it,-8.11999999999999,0,1,0,7.0,4.0,0.0,0.6363636363636364,5.0,12.0,0.6363636363636364,1,0,0,0,0
2020,12,Ginger FC,Pop Lockett Drop it,112.7,118.94,Ginger FC,Pop Lockett Drop it,-6.239999999999995,0,1,0,7.0,4.0,0.0,0.6363636363636364,5.0,12.0,0.6363636363636364,1,0,0,0,0
2023,14,ThreatLevelMidnight,malle_dips_pouches,112.36,128.92,ThreatLevelMidnight,malle_dips_pouches,-16.559999999999988,0,1,0,7.0,4.0,0.0,0.6363636363636364,5.0,12.0,0.6363636363636364,1,0,0,0,0
2023,11,Post Mahomes,Joe Mantegna,112.18,148.34,Post Mahomes,Joe Mantegna,-36.16,0,1,0,7.0,4.0,0.0,0.6363636363636364,5.0,12.0,0.6363636363636364,1,0,0,0,0
2022,5,Joe Mantegna,malle_dips_pouches,111.52,122.06,Joe Mantegna,malle_dips_pouches,-10.540000000000006,0,1,0,7.0,4.0,0.0,0.6363636363636364,5.0,12.0,0.6363636363636364,1,0,0,0,0
2023,5,Patty Primetimes,malle_dips_pouches,110.92,112.96,Patty Primetimes,malle_dips_pouches,-2.039999999999992,0,1,0,7.0,4.0,0.0,0.6363636363636364,5.0,12.0,0.6363636363636364,1,0,0,0,0
2025,10,Pop Lockett Drop it,Ginger FC,110.44,130.8,Pop Lockett Drop it,Ginger FC,-20.360000000000014,0,1,0,7.0,4.0,0.0,0.6363636363636364,5.0,12.0,0.6363636363636364,1,0,0,0,0
2024,6,Voldemort,Uncle Rico,108.6,127.98,Voldemort,Uncle Rico,-19.38000000000001,0,1,0,7.0,4.0,0.0,0.6363636363636364,5.0,12.0,0.6363636363636364,1,0,0,0,0
2019,10,ThreatLevelMidnight,Uncle Rico,108.02,134.74,ThreatLevelMidnight,Uncle Rico,-26.720000000000013,0,1,0,7.0,4.0,0.0,0.6363636363636364,5.0,12.0,0.6363636363636364,1,0,0,0,0
2022,6,Uncle Rico,Big Sack Jack,107.82,115.0,Uncle Rico,Big Sack Jack,-7.180000000000007,0,1,0,7.0,4.0,0.0,0.6363636363636364,5.0,12.0,0.6363636363636364,1,0,0,0,0
2018,7,Malle ❤️ 🐸,Pop Lockett Drop it,107.34,142.86,Malle ❤️ 🐸,Pop Lockett Drop it,-35.52000000000001,0,1,0,7.0,4.0,0.0,0.6363636363636364,5.0,12.0,0.6363636363636364,1,0,0,0,0
2018,12,Pop Lockett Drop it,malle_dips_pouches,107.28,153.22,Pop Lockett Drop it,malle_dips_pouches,-45.94,0,1,0,7.0,4.0,0.0,0.6363636363636364,5.0,12.0,0.6363636363636364,1,0,0,0,0
2024,12,Uncle Rico,Patty Primetimes,106.76,127.5,Uncle Rico,Patty Primetimes,-20.739999999999995,0,1,0,7.0,4.0,0.0,0.6363636363636364,5.0,12.0,0.6363636363636364,1,0,0,0,0
2024,1,Ginger FC,Pop Lockett Drop it,105.9,142.16,Ginger FC,Pop Lockett Drop it,-36.25999999999999,0,1,0,7.0,4.0,0.0,0.6363636363636364,5.0,12.0,0.6363636363636364,1,0,0,0,0
2018,11,Dillon Panthers,Post Mahomes,105.82,135.48,Dillon Panthers,Post Mahomes,-29.659999999999997,0,1,0,7.0,4.0,0.0,0.6363636363636364,5.0,12.0,0.6363636363636364,1,0,0,0,0
2023,4,malle_dips_pouches,Voldemort,105.6,130.24,malle_dips_pouches,Voldemort,-24.640000000000015,0,1,0,7.0,4.0,0.0,0.6363636363636364,5.0,12.0,0.6363636363636364,1,0,0,0,0
2019,9,Joe Mantegna,Pop Lockett Drop it,103.64,154.32,Joe Mantegna,Pop Lockett Drop it,-50.67999999999999,0,1,0,7.0,4.0,0.0,0.6363636363636364,5.0,12.0,0.6363636363636364,1,0,0,0,0
2019,6,malle_dips_pouches,Post Mahomes,103.32,112.8,malle_dips_pouches,Post Mahomes,-9.480000000000004,0,1,0,7.0,4.0,0.0,0.6363636363636364,5.0,12.0,0.6363636363636364,1,0,0,0,0
2025,6,Ginger FC,Patty Primetimes,103.06,108.6,Ginger FC,Patty Primetimes,-5.539999999999992,0,1,0,7.0,4.0,0.0,0.6363636363636364,5.0,12.0,0.6363636363636364,1,0,0,0,0
2021,9,Uncle Rico,Patty Primetimes,102.94,110.76,Uncle Rico,Patty Primetimes,-7.820000000000007,0,1,0,7.0,4.0,0.0,0.6363636363636364,5.0,12.0,0.6363636363636364,1,0,0,0,0
2022,14,malle_dips_pouches,Voldemort,102.22,114.38,malle_dips_pouches,Voldemort,-12.159999999999997,0,1,0,7.0,4.0,0.0,0.6363636363636364,5.0,12.0,0.6363636363636364,1,0,0,0,0
2018,5,Joe Mantegna,Voldemort,100.92,122.04,Joe Mantegna,Voldemort,-21.120000000000005,0,1,0,7.0,4.0,0.0,0.6363636363636364,5.0,12.0,0.6363636363636364,1,0,0,0,0
2017,4,Ginger FC,Little Red Fournette,100.46,106.42,Ginger FC,Post Mahomes,-5.960000000000008,0,1,0,7.0,4.0,0.0,0.6363636363636364,5.0,12.0,0.6363636363636364,1,0,0,0,0
2017,7,The Big Gronkowski,Little Red Fournette,98.46,108.54,The Big Gronkowski,Post Mahomes,-10.080000000000013,0,1,0,7.0,4.0,0.0,0.6363636363636364,5.0,12.0,0.6363636363636364,1,0,0,0,0
2017,13,PickUpYourBratsMalle,Little Red Fournette,97.58,100.96,ThreatLevelMidnight,Post Mahomes,-3.3799999999999955,0,1,0,7.0,4.0,0.0,0.6363636363636364,5.0,12.0,0.6363636363636364,1,0,0,0,0
2022,3,The Big Gronkowski,Joe Mantegna,95.3,104.58,The Big Gronkowski,Joe Mantegna,-9.280000000000001,0,1,0,7.0,4.0,0.0,0.6363636363636364,5.0,12.0,0.6363636363636364,1,0,0,0,0
2019,13,Uncle Rico,Malle ❤️ 🐸,95.24,107.6,Uncle Rico,Malle ❤️ 🐸,-12.36,0,1,0,7.0,4.0,0.0,0.6363636363636364,5.0,12.0,0.6363636363636364,1,0,0,0,0
2019,4,malle_dips_pouches,ThreatLevelMidnight,93.68,104.1,malle_dips_pouches,ThreatLevelMidnight,-10.419999999999987,0,1,0,7.0,4.0,0.0,0.6363636363636364,5.0,12.0,0.6363636363636364,1,0,0,0,0
2019,11,Uncle Rico,The Big Gronkowski,91.74,109.92,Uncle Rico,The Big Gronkowski,-18.180000000000007,0,1,0,7.0,4.0,0.0,0.6363636363636364,5.0,12.0,0.6363636363636364,1,0,0,0,0
2017,12,Voldemort,Big Sack Jack,91.48,99.28,Voldemort,Big Sack Jack,-7.799999999999997,0,1,0,7.0,4.0,0.0,0.6363636363636364,5.0,12.0,0.6363636363636364,1,0,0,0,0
2017,5,PickUpYourBratsMalle,Big Sack Jack,89.64,92.12,ThreatLevelMidnight,Big Sack Jack,-2.480000000000004,0,1,0,7.0,4.0,0.0,0.6363636363636364,5.0,12.0,0.6363636363636364,1,0,0,0,0
2017,8,The Big Gronkowski,Ginger FC,89.58,125.78,The Big Gronkowski,Ginger FC,-36.2,0,1,0,7.0,4.0,0.0,0.6363636363636364,5.0,12.0,0.6363636363636364,1,0,0,0,0
2017,9,Dillon Panthers,Pop Lockett Drop it,89.58,107.52,Dillon Panthers,Pop Lockett Drop it,-17.939999999999998,0,1,0,7.0,4.0,0.0,0.6363636363636364,5.0,12.0,0.6363636363636364,1,0,0,0,0
2017,3,malle_dips_pouches,Little Red Fournette,88.42,113.8,malle_dips_pouches,Post Mahomes,-25.379999999999995,0,1,0,7.0,4.0,0.0,0.6363636363636364,5.0,12.0,0.6363636363636364,1,0,0,0,0
2022,8,Big Sack Jack,ThreatLevelMidnight,128.28,161.18,Big Sack Jack,ThreatLevelMidnight,-32.900000000000006,0,1,0,6.0,5.0,0.0,0.5454545454545454,6.0,12.0,0.5454545454545454,1,0,0,0,0
2020,2,Post Mahomes,Ginger FC,126.44,145.92,Post Mahomes,Ginger FC,-19.47999999999999,0,1,0,6.0,5.0,0.0,0.5454545454545454,6.0,12.0,0.5454545454545454,1,0,0,0,0
2025,7,Post Mahomes,Uncle Rico,124.54,145.02,Post Mahomes,Uncle Rico,-20.480000000000004,0,1,0,6.0,5.0,0.0,0.5454545454545454,6.0,12.0,0.5454545454545454,1,0,0,0,0
2025,4,Malle ❤️ 🐸,Buttermilk Puuump,123.26,144.62,Malle ❤️ 🐸,Buttermilk Puuump,-21.36,0,1,0,6.0,5.0,0.0,0.5454545454545454,6.0,12.0,0.5454545454545454,1,0,0,0,0
2023,12,Malle ❤️ 🐸,ThreatLevelMidnight,121.8,125.36,Malle ❤️ 🐸,ThreatLevelMidnight,-3.5600000000000023,0,1,0,6.0,5.0,0.0,0.5454545454545454,6.0,12.0,0.5454545454545454,1,0,0,0,0
2025,5,Post Mahomes,Buttermilk Puuump,120.02,122.32,Post Mahomes,Buttermilk Puuump,-2.299999999999997,0,1,0,6.0,5.0,0.0,0.5454545454545454,6.0,12.0,0.5454545454545454,1,0,0,0,0
2021,6,The Big Gronkowski,Post Mahomes,119.74,171.26,The Big Gronkowski,Post Mahomes,-51.519999999999996,0,1,0,6.0,5.0,0.0,0.5454545454545454,6.0,12.0,0.5454545454545454,1,0,0,0,0
2021,2,Post Mahomes,Ginger FC,119.6,129.6,Post Mahomes,Ginger FC,-10.0,0,1,0,6.0,5.0,0.0,0.5454545454545454,6.0,12.0,0.5454545454545454,1,0,0,0,0
2021,13,Voldemort,The Big Gronkowski,118.42,149.1,Voldemort,The Big Gronkowski,-30.679999999999993,0,1,0,6.0,5.0,0.0,0.5454545454545454,6.0,12.0,0.5454545454545454,1,0,0,0,0
2024,8,Joe Mantegna,Patty Primetimes,118.16,134.04,Joe Mantegna,Patty Primetimes,-15.879999999999995,0,1,0,6.0,5.0,0.0,0.5454545454545454,6.0,12.0,0.5454545454545454,1,0,0,0,0
2024,9,Ginger FC,Uncle Rico,117.98,156.54,Ginger FC,Uncle Rico,-38.55999999999999,0,1,0,6.0,5.0,0.0,0.5454545454545454,6.0,12.0,0.5454545454545454,1,0,0,0,0
2020,7,Joe Mantegna,ThreatLevelMidnight,116.72,137.46,Joe Mantegna,ThreatLevelMidnight,-20.74000000000001,0,1,0,6.0,5.0,0.0,0.5454545454545454,6.0,12.0,0.5454545454545454,1,0,0,0,0
2023,10,The Big Gronkowski,Joe Mantegna,116.52,118.46,The Big Gronkowski,Joe Mantegna,-1.9399999999999977,0,1,0,6.0,5.0,0.0,0.5454545454545454,6.0,12.0,0.5454545454545454,1,0,0,0,0
2022,4,Uncle Rico,ThreatLevelMidnight,115.86,164.68,Uncle Rico,ThreatLevelMidnight,-48.82000000000001,0,1,0,6.0,5.0,0.0,0.5454545454545454,6.0,12.0,0.5454545454545454,1,0,0,0,0
2020,1,Big Sack Jack,ThreatLevelMidnight,115.44,135.8,Big Sack Jack,ThreatLevelMidnight,-20.360000000000014,0,1,0,6.0,5.0,0.0,0.5454545454545454,6.0,12.0,0.5454545454545454,1,0,0,0,0
2023,7,Malle ❤️ 🐸,Voldemort,115.26,150.68,Malle ❤️ 🐸,Voldemort,-35.42,0,1,0,6.0,5.0,0.0,0.5454545454545454,6.0,12.0,0.5454545454545454,1,0,0,0,0
2023,13,The Big Gronkowski,Voldemort,114.08,132.88,The Big Gronkowski,Voldemort,-18.799999999999997,0,1,0,6.0,5.0,0.0,0.5454545454545454,6.0,12.0,0.5454545454545454,1,0,0,0,0
2024,5,Patty Primetimes,The Big Gronkowski,114.02,133.18,Patty Primetimes,The Big Gronkowski,-19.16000000000001,0,1,0,6.0,5.0,0.0,0.5454545454545454,6.0,12.0,0.5454545454545454,1,0,0,0,0
2022,12,Pop Lockett Drop it,Big Sack Jack,112.84,118.6,Pop Lockett Drop it,Big Sack Jack,-5.759999999999991,0,1,0,6.0,5.0,0.0,0.5454545454545454,6.0,12.0,0.5454545454545454,1,0,0,0,0
2021,3,Joe Mantegna,The Big Gronkowski,111.14,132.82,Joe Mantegna,The Big Gronkowski,-21.679999999999993,0,1,0,6.0,5.0,0.0,0.5454545454545454,6.0,12.0,0.5454545454545454,1,0,0,0,0
2025,12,Buttermilk Puuump,Ginger FC,111.06,118.22,Buttermilk Puuump,Ginger FC,-7.159999999999997,0,1,0,6.0,5.0,0.0,0.5454545454545454,6.0,12.0,0.5454545454545454,1,0,0,0,0
2024,11,Voldemort,Post Mahomes,110.78,122.68,Voldemort,Post Mahomes,-11.900000000000006,0,1,0,6.0,5.0,0.0,0.5454545454545454,6.0,12.0,0.5454545454545454,1,0,0,0,0
2018,10,Joe Mantegna,Post Mahomes,110.56,120.62,Joe Mantegna,Post Mahomes,-10.060000000000002,0,1,0,6.0,5.0,0.0,0.5454545454545454,6.0,12.0,0.5454545454545454,1,0,0,0,0
2022,2,The Big Gronkowski,Big Sack Jack,109.84,145.66,The Big Gronkowski,Big Sack Jack,-35.81999999999999,0,1,0,6.0,5.0,0.0,0.5454545454545454,6.0,12.0,0.5454545454545454,1,0,0,0,0
2019,1,Malle ❤️ 🐸,The Big Gronkowski,108.76,128.42,Malle ❤️ 🐸,The Big Gronkowski,-19.659999999999982,0,1,0,6.0,5.0,0.0,0.5454545454545454,6.0,12.0,0.5454545454545454,1,0,0,0,0
2021,4,Patty Primetimes,Voldemort,108.62,142.82,Patty Primetimes,Voldemort,-34.19999999999999,0,1,0,6.0,5.0,0.0,0.5454545454545454,6.0,12.0,0.5454545454545454,1,0,0,0,0
2022,7,Voldemort,Big Sack Jack,106.98,117.34,Voldemort,Big Sack Jack,-10.36,0,1,0,6.0,5.0,0.0,0.5454545454545454,6.0,12.0,0.5454545454545454,1,0,0,0,0
2022,6,malle_dips_pouches,Ginger FC,106.7,111.08,malle_dips_pouches,Ginger FC,-4.3799999999999955,0,1,0,6.0,5.0,0.0,0.5454545454545454,6.0,12.0,0.5454545454545454,1,0,0,0,0
2021,11,Post Mahomes,Pop Lockett Drop it,106.12,132.38,Post Mahomes,Pop Lockett Drop it,-26.25999999999999,0,1,0,6.0,5.0,0.0,0.5454545454545454,6.0,12.0,0.5454545454545454,1,0,0,0,0
2025,11,Malle ❤️ 🐸,The Big Gronkowski,106.12,130.14,Malle ❤️ 🐸,The Big Gronkowski,-24.019999999999982,0,1,0,6.0,5.0,0.0,0.5454545454545454,6.0,12.0,0.5454545454545454,1,0,0,0,0
2025,3,ThreatLevelMidnight,Patty Primetimes,105.82,115.02,ThreatLevelMidnight,Patty Primetimes,-9.200000000000003,0,1,0,6.0,5.0,0.0,0.5454545454545454,6.0,12.0,0.5454545454545454,1,0,0,0,0
2024,12,The Big Gronkowski,ThreatLevelMidnight,105.42,109.02,The Big Gronkowski,ThreatLevelMidnight,-3.5999999999999943,0,1,0,6.0,5.0,0.0,0.5454545454545454,6.0,12.0,0.5454545454545454,1,0,0,0,0
2025,14,ThreatLevelMidnight,Patty Primetimes,105.28,134.64,ThreatLevelMidnight,Patty Primetimes,-29.359999999999985,0,1,0,6.0,5.0,0.0,0.5454545454545454,6.0,12.0,0.5454545454545454,1,0,0,0,0
2018,11,Ginger FC,Joe Mantegna,104.94,119.92,Ginger FC,Joe Mantegna,-14.980000000000004,0,1,0,6.0,5.0,0.0,0.5454545454545454,6.0,12.0,0.5454545454545454,1,0,0,0,0
2025,9,Post Mahomes,Ginger FC,104.7,128.2,Post Mahomes,Ginger FC,-23.499999999999986,0,1,0,6.0,5.0,0.0,0.5454545454545454,6.0,12.0,0.5454545454545454,1,0,0,0,0
2024,7,Malle ❤️ 🐸,Post Mahomes,104.66,156.64,Malle ❤️ 🐸,Post Mahomes,-51.97999999999999,0,1,0,6.0,5.0,0.0,0.5454545454545454,6.0,12.0,0.5454545454545454,1,0,0,0,0
2025,13,Joe Mantegna,Ginger FC,104.54,105.54,Joe Mantegna,Ginger FC,-1.0,0,1,0,6.0,5.0,0.0,0.5454545454545454,6.0,12.0,0.5454545454545454,1,0,0,0,0
2024,1,Voldemort,malle_dips_pouches,104.08,120.32,Voldemort,malle_dips_pouches,-16.239999999999995,0,1,0,6.0,5.0,0.0,0.5454545454545454,6.0,12.0,0.5454545454545454,1,0,0,0,0
2022,10,Joe Mantegna,ThreatLevelMidnight,103.74,108.0,Joe Mantegna,ThreatLevelMidnight,-4.260000000000005,0,1,0,6.0,5.0,0.0,0.5454545454545454,6.0,12.0,0.5454545454545454,1,0,0,0,0
2019,3,malle_dips_pouches,Patty Primetimes,103.2,106.18,malle_dips_pouches,Patty Primetimes,-2.980000000000004,0,1,0,6.0,5.0,0.0,0.5454545454545454,6.0,12.0,0.5454545454545454,1,0,0,0,0
2022,9,Uncle Rico,Post Mahomes,102.74,108.0,Uncle Rico,Post Mahomes,-5.260000000000005,0,1,0,6.0,5.0,0.0,0.5454545454545454,6.0,12.0,0.5454545454545454,1,0,0,0,0
2025,6,Buttermilk Puuump,ThreatLevelMidnight,102.42,133.54,Buttermilk Puuump,ThreatLevelMidnight,-31.11999999999999,0,1,0,6.0,5.0,0.0,0.5454545454545454,6.0,12.0,0.5454545454545454,1,0,0,0,0
2022,11,ThreatLevelMidnight,malle_dips_pouches,102.24,122.26,ThreatLevelMidnight,malle_dips_pouches,-20.02000000000001,0,1,0,6.0,5.0,0.0,0.5454545454545454,6.0,12.0,0.5454545454545454,1,0,0,0,0
2023,4,You Better Park It,Post Mahomes,101.44,141.82,Buttermilk Puuump,Post Mahomes,-40.379999999999995,0,1,0,6.0,5.0,0.0,0.5454545454545454,6.0,12.0,0.5454545454545454,1,0,0,0,0
2018,8,Pop Lockett Drop it,Voldemort,101.1,121.96,Pop Lockett Drop it,Voldemort,-20.86,0,1,0,6.0,5.0,0.0,0.5454545454545454,6.0,12.0,0.5454545454545454,1,0,0,0,0
2018,5,Pop Lockett Drop it,Big Sack Jack,100.88,102.22,Pop Lockett Drop it,Big Sack Jack,-1.3400000000000034,0,1,0,6.0,5.0,0.0,0.5454545454545454,6.0,12.0,0.5454545454545454,1,0,0,0,0
2021,9,malle_dips_pouches,The Big Gronkowski,100.82,111.76,malle_dips_pouches,The Big Gronkowski,-10.940000000000012,0,1,0,6.0,5.0,0.0,0.5454545454545454,6.0,12.0,0.5454545454545454,1,0,0,0,0
2017,6,Little Red Fournette,Big Sack Jack,100.64,108.7,Post Mahomes,Big Sack Jack,-8.060000000000002,0,1,0,6.0,5.0,0.0,0.5454545454545454,6.0,12.0,0.5454545454545454,1,0,0,0,0
2021,8,Patty Primetimes,ThreatLevelMidnight,99.76,129.0,Patty Primetimes,ThreatLevelMidnight,-29.239999999999995,0,1,0,6.0,5.0,0.0,0.5454545454545454,6.0,12.0,0.5454545454545454,1,0,0,0,0
2019,8,Pop Lockett Drop it,Voldemort,99.68,122.58,Pop Lockett Drop it,Voldemort,-22.89999999999999,0,1,0,6.0,5.0,0.0,0.5454545454545454,6.0,12.0,0.5454545454545454,1,0,0,0,0
2021,10,Big Sack Jack,Voldemort,99.64,126.64,Big Sack Jack,Voldemort,-27.0,0,1,0,6.0,5.0,0.0,0.5454545454545454,6.0,12.0,0.5454545454545454,1,0,0,0,0
2025,2,Ginger FC,Joe Mantegna,98.98,157.44,Ginger FC,Joe Mantegna,-58.459999999999994,0,1,0,6.0,5.0,0.0,0.5454545454545454,6.0,12.0,0.5454545454545454,1,0,0,0,0
2023,6,Post Mahomes,Malle ❤️ 🐸,98.84,99.9,Post Mahomes,Malle ❤️ 🐸,-1.0600000000000023,0,1,0,6.0,5.0,0.0,0.5454545454545454,6.0,12.0,0.5454545454545454,1,0,0,0,0
2017,7,Voldemort,Pop Lockett Drop it,98.06,98.72,Voldemort,Pop Lockett Drop it,-0.6599999999999966,0,1,0,6.0,5.0,0.0,0.5454545454545454,6.0,12.0,0.5454545454545454,1,0,0,0,0
2023,1,Malle ❤️ 🐸,ThreatLevelMidnight,97.9,124.34,Malle ❤️ 🐸,ThreatLevelMidnight,-26.439999999999998,0,1,0,6.0,5.0,0.0,0.5454545454545454,6.0,12.0,0.5454545454545454,1,0,0,0,0
2019,12,ThreatLevelMidnight,Post Mahomes,97.18,114.62,ThreatLevelMidnight,Post Mahomes,-17.439999999999998,0,1,0,6.0,5.0,0.0,0.5454545454545454,6.0,12.0,0.5454545454545454,1,0,0,0,0
2020,8,Malle ❤️ 🐸,Ginger FC,96.56,162.94,Malle ❤️ 🐸,Ginger FC,-66.38,0,1,0,6.0,5.0,0.0,0.5454545454545454,6.0,12.0,0.5454545454545454,1,0,0,0,0
2017,4,malle_dips_pouches,Voldemort,96.12,107.68,malle_dips_pouches,Voldemort,-11.560000000000002,0,1,0,6.0,5.0,0.0,0.5454545454545454,6.0,12.0,0.5454545454545454,1,0,0,0,0
2023,9,Pop Lockett Drop it,Malle ❤️ 🐸,94.04,100.58,Pop Lockett Drop it,Malle ❤️ 🐸,-6.539999999999992,0,1,0,6.0,5.0,0.0,0.5454545454545454,6.0,12.0,0.5454545454545454,1,0,0,0,0
2024,10,malle_dips_pouches,Post Mahomes,93.94,123.3,malle_dips_pouches,Post Mahomes,-29.36,0,1,0,6.0,5.0,0.0,0.5454545454545454,6.0,12.0,0.5454545454545454,1,0,0,0,0
2022,3,Patty Primetimes,Uncle Rico,89.66,114.08,Patty Primetimes,Uncle Rico,-24.42,0,1,0,6.0,5.0,0.0,0.5454545454545454,6.0,12.0,0.5454545454545454,1,0,0,0,0
2017,3,Dillon Panthers,Big Sack Jack,84.42,98.98,Dillon Panthers,Big Sack Jack,-14.560000000000002,0,1,0,6.0,5.0,0.0,0.5454545454545454,6.0,12.0,0.5454545454545454,1,0,0,0,0
2017,1,Malle ❤️ 🐸,The Big Gronkowski,78.62,108.02,Malle ❤️ 🐸,The Big Gronkowski,-29.39999999999999,0,1,0,6.0,5.0,0.0,0.5454545454545454,6.0,12.0,0.5454545454545454,1,0,0,0,0
2022,8,Uncle Rico,Ginger FC,122.64,142.54,Uncle Rico,Ginger FC,-19.89999999999999,0,1,0,5.0,6.0,0.0,0.45454545454545453,7.0,12.0,0.45454545454545453,0,0,0,0,0
2020,3,Ginger FC,Patty Primetimes,122.0,147.48,Ginger FC,Patty Primetimes,-25.47999999999999,0,1,0,5.0,6.0,0.0,0.45454545454545453,7.0,12.0,0.45454545454545453,0,0,0,0,0
2021,13,Ginger FC,Post Mahomes,117.96,138.32,Ginger FC,Post Mahomes,-20.36,0,1,0,5.0,6.0,0.0,0.45454545454545453,7.0,12.0,0.45454545454545453,0,0,0,0,0
2020,1,malle_dips_pouches,Joe Mantegna,115.36,124.72,malle_dips_pouches,Joe Mantegna,-9.36,0,1,0,5.0,6.0,0.0,0.45454545454545453,7.0,12.0,0.45454545454545453,0,0,0,0,0
2021,5,Big Sack Jack,Patty Primetimes,114.88,126.7,Big Sack Jack,Patty Primetimes,-11.820000000000007,0,1,0,5.0,6.0,0.0,0.45454545454545453,7.0,12.0,0.45454545454545453,0,0,0,0,0
2022,4,Malle ❤️ 🐸,Joe Mantegna,114.66,118.9,Malle ❤️ 🐸,Joe Mantegna,-4.240000000000009,0,1,0,5.0,6.0,0.0,0.45454545454545453,7.0,12.0,0.45454545454545453,0,0,0,0,0
2024,9,Post Mahomes,The Big Gronkowski,113.4,128.82,Post Mahomes,The Big Gronkowski,-15.419999999999987,0,1,0,5.0,6.0,0.0,0.45454545454545453,7.0,12.0,0.45454545454545453,0,0,0,0,0
2024,8,Buttermilk Puuump,Ginger FC,113.3,126.74,Buttermilk Puuump,Ginger FC,-13.439999999999998,0,1,0,5.0,6.0,0.0,0.45454545454545453,7.0,12.0,0.45454545454545453,0,0,0,0,0
2023,12,The Big Gronkowski,Post Mahomes,112.98,156.02,The Big Gronkowski,Post Mahomes,-43.040000000000006,0,1,0,5.0,6.0,0.0,0.45454545454545453,7.0,12.0,0.45454545454545453,0,0,0,0,0
2023,10,Uncle Rico,Pop Lockett Drop it,112.78,143.84,Uncle Rico,Pop Lockett Drop it,-31.060000000000002,0,1,0,5.0,6.0,0.0,0.45454545454545453,7.0,12.0,0.45454545454545453,0,0,0,0,0
2022,12,The Big Gronkowski,Voldemort,112.46,144.76,The Big Gronkowski,Voldemort,-32.3,0,1,0,5.0,6.0,0.0,0.45454545454545453,7.0,12.0,0.45454545454545453,0,0,0,0,0
2025,7,Buttermilk Puuump,Joe Mantegna,111.44,151.86,Buttermilk Puuump,Joe Mantegna,-40.420000000000016,0,1,0,5.0,6.0,0.0,0.45454545454545453,7.0,12.0,0.45454545454545453,0,0,0,0,0
2021,3,Pop Lockett Drop it,malle_dips_pouches,110.64,123.88,Pop Lockett Drop it,malle_dips_pouches,-13.239999999999995,0,1,0,5.0,6.0,0.0,0.45454545454545453,7.0,12.0,0.45454545454545453,0,0,0,0,0
2018,4,Ginger FC,Post Mahomes,110.52,152.36,Ginger FC,Post Mahomes,-41.84000000000002,0,1,0,5.0,6.0,0.0,0.45454545454545453,7.0,12.0,0.45454545454545453,0,0,0,0,0
2024,2,Joe Mantegna,Voldemort,109.92,117.26,Joe Mantegna,Voldemort,-7.340000000000003,0,1,0,5.0,6.0,0.0,0.45454545454545453,7.0,12.0,0.45454545454545453,0,0,0,0,0
2023,7,Patty Primetimes,Joe Mantegna,109.84,115.46,Patty Primetimes,Joe Mantegna,-5.61999999999999,0,1,0,5.0,6.0,0.0,0.45454545454545453,7.0,12.0,0.45454545454545453,0,0,0,0,0
2020,5,ThreatLevelMidnight,Malle ❤️ 🐸,109.62,146.62,ThreatLevelMidnight,Malle ❤️ 🐸,-37.0,0,1,0,5.0,6.0,0.0,0.45454545454545453,7.0,12.0,0.45454545454545453,0,0,0,0,0
2020,13,Voldemort,The Big Gronkowski,109.06,118.32,Voldemort,The Big Gronkowski,-9.259999999999991,0,1,0,5.0,6.0,0.0,0.45454545454545453,7.0,12.0,0.45454545454545453,0,0,0,0,0
2024,5,Pop Lockett Drop it,Malle ❤️ 🐸,109.04,114.86,Pop Lockett Drop it,Malle ❤️ 🐸,-5.819999999999993,0,1,0,5.0,6.0,0.0,0.45454545454545453,7.0,12.0,0.45454545454545453,0,0,0,0,0
2023,8,Patty Primetimes,The Big Gronkowski,108.76,118.52,Patty Primetimes,The Big Gronkowski,-9.759999999999991,0,1,0,5.0,6.0,0.0,0.45454545454545453,7.0,12.0,0.45454545454545453,0,0,0,0,0
2024,11,Ginger FC,Malle ❤️ 🐸,106.84,113.24,Ginger FC,Malle ❤️ 🐸,-6.3999999999999915,0,1,0,5.0,6.0,0.0,0.45454545454545453,7.0,12.0,0.45454545454545453,0,0,0,0,0
2022,13,Ginger FC,Post Mahomes,106.5,124.54,Ginger FC,Post Mahomes,-18.040000000000006,0,1,0,5.0,6.0,0.0,0.45454545454545453,7.0,12.0,0.45454545454545453,0,0,0,0,0
2023,14,Malle ❤️ 🐸,Ginger FC,105.98,140.02,Malle ❤️ 🐸,Ginger FC,-34.040000000000006,0,1,0,5.0,6.0,0.0,0.45454545454545453,7.0,12.0,0.45454545454545453,0,0,0,0,0
2024,14,The Big Gronkowski,Buttermilk Puuump,105.66,133.32,The Big Gronkowski,Buttermilk Puuump,-27.659999999999997,0,1,0,5.0,6.0,0.0,0.45454545454545453,7.0,12.0,0.45454545454545453,0,0,0,0,0
2021,4,malle_dips_pouches,Post Mahomes,105.64,129.72,malle_dips_pouches,Post Mahomes,-24.08,0,1,0,5.0,6.0,0.0,0.45454545454545453,7.0,12.0,0.45454545454545453,0,0,0,0,0
2024,3,Ginger FC,Post Mahomes,105.62,125.58,Ginger FC,Post Mahomes,-19.959999999999994,0,1,0,5.0,6.0,0.0,0.45454545454545453,7.0,12.0,0.45454545454545453,0,0,0,0,0
2019,5,Patty Primetimes,Malle ❤️ 🐸,105.54,130.52,Patty Primetimes,Malle ❤️ 🐸,-24.980000000000004,0,1,0,5.0,6.0,0.0,0.45454545454545453,7.0,12.0,0.45454545454545453,0,0,0,0,0
2022,1,Malle ❤️ 🐸,Uncle Rico,104.82,138.4,Malle ❤️ 🐸,Uncle Rico,-33.58000000000001,0,1,0,5.0,6.0,0.0,0.45454545454545453,7.0,12.0,0.45454545454545453,0,0,0,0,0
2019,3,Joe Mantegna,The Big Gronkowski,102.96,135.98,Joe Mantegna,The Big Gronkowski,-33.019999999999996,0,1,0,5.0,6.0,0.0,0.45454545454545453,7.0,12.0,0.45454545454545453,0,0,0,0,0
2022,7,Patty Primetimes,Ginger FC,102.76,109.46,Patty Primetimes,Ginger FC,-6.699999999999989,0,1,0,5.0,6.0,0.0,0.45454545454545453,7.0,12.0,0.45454545454545453,0,0,0,0,0
2020,12,ThreatLevelMidnight,Big Sack Jack,102.6,106.58,ThreatLevelMidnight,Big Sack Jack,-3.980000000000004,0,1,0,5.0,6.0,0.0,0.45454545454545453,7.0,12.0,0.45454545454545453,0,0,0,0,0
2025,11,Uncle Rico,Patty Primetimes,101.84,133.78,Uncle Rico,Patty Primetimes,-31.939999999999998,0,1,0,5.0,6.0,0.0,0.45454545454545453,7.0,12.0,0.45454545454545453,0,0,0,0,0
2025,6,Uncle Rico,Malle ❤️ 🐸,101.8,139.84,Uncle Rico,Malle ❤️ 🐸,-38.040000000000006,0,1,0,5.0,6.0,0.0,0.45454545454545453,7.0,12.0,0.45454545454545453,0,0,0,0,0
2022,11,Uncle Rico,The Big Gronkowski,101.76,156.2,Uncle Rico,The Big Gronkowski,-54.43999999999998,0,1,0,5.0,6.0,0.0,0.45454545454545453,7.0,12.0,0.45454545454545453,0,0,0,0,0
2018,7,Joe Mantegna,Dillon Panthers,101.32,104.6,Joe Mantegna,Dillon Panthers,-3.280000000000001,0,1,0,5.0,6.0,0.0,0.45454545454545453,7.0,12.0,0.45454545454545453,0,0,0,0,0
2018,5,Malle ❤️ 🐸,Dillon Panthers,100.6,108.52,Malle ❤️ 🐸,Dillon Panthers,-7.920000000000002,0,1,0,5.0,6.0,0.0,0.45454545454545453,7.0,12.0,0.45454545454545453,0,0,0,0,0
2021,8,Voldemort,Post Mahomes,99.38,100.36,Voldemort,Post Mahomes,-0.980000000000004,0,1,0,5.0,6.0,0.0,0.45454545454545453,7.0,12.0,0.45454545454545453,0,0,0,0,0
2023,5,Uncle Rico,Joe Mantegna,99.28,139.52,Uncle Rico,Joe Mantegna,-40.24000000000001,0,1,0,5.0,6.0,0.0,0.45454545454545453,7.0,12.0,0.45454545454545453,0,0,0,0,0
2018,8,Big Sack Jack,Uncle Rico,98.9,111.24,Big Sack Jack,Uncle Rico,-12.33999999999999,0,1,0,5.0,6.0,0.0,0.45454545454545453,7.0,12.0,0.45454545454545453,0,0,0,0,0
2018,1,PickUpYourBratsMalle,Post Mahomes,98.66,122.36,ThreatLevelMidnight,Post Mahomes,-23.700000000000003,0,1,0,5.0,6.0,0.0,0.45454545454545453,7.0,12.0,0.45454545454545453,0,0,0,0,0
2018,2,Post Mahomes,Pop Lockett Drop it,98.56,101.08,Post Mahomes,Pop Lockett Drop it,-2.519999999999996,0,1,0,5.0,6.0,0.0,0.45454545454545453,7.0,12.0,0.45454545454545453,0,0,0,0,0
2020,10,malle_dips_pouches,Malle ❤️ 🐸,98.52,145.2,malle_dips_pouches,Malle ❤️ 🐸,-46.67999999999999,0,1,0,5.0,6.0,0.0,0.45454545454545453,7.0,12.0,0.45454545454545453,0,0,0,0,0
2021,10,Uncle Rico,The Big Gronkowski,98.42,103.92,Uncle Rico,The Big Gronkowski,-5.5,0,1,0,5.0,6.0,0.0,0.45454545454545453,7.0,12.0,0.45454545454545453,0,0,0,0,0
2024,4,Voldemort,Ginger FC,98.4,110.56,Voldemort,Ginger FC,-12.159999999999997,0,1,0,5.0,6.0,0.0,0.45454545454545453,7.0,12.0,0.45454545454545453,0,0,0,0,0
2023,6,ThreatLevelMidnight,Joe Mantegna,98.14,112.34,ThreatLevelMidnight,Joe Mantegna,-14.200000000000003,0,1,0,5.0,6.0,0.0,0.45454545454545453,7.0,12.0,0.45454545454545453,0,0,0,0,0
2025,13,Patty Primetimes,Post Mahomes,97.82,132.04,Patty Primetimes,Post Mahomes,-34.22,0,1,0,5.0,6.0,0.0,0.45454545454545453,7.0,12.0,0.45454545454545453,0,0,0,0,0
2025,8,Pop Lockett Drop it,Patty Primetimes,97.72,169.62,Pop Lockett Drop it,Patty Primetimes,-71.9,0,1,0,5.0,6.0,0.0,0.45454545454545453,7.0,12.0,0.45454545454545453,0,0,0,0,0
2018,9,Post Mahomes,Voldemort,97.48,98.74,Post Mahomes,Voldemort,-1.259999999999991,0,1,0,5.0,6.0,0.0,0.45454545454545453,7.0,12.0,0.45454545454545453,0,0,0,0,0
2022,14,Joe Mantegna,The Big Gronkowski,97.38,102.2,Joe Mantegna,The Big Gronkowski,-4.820000000000007,0,1,0,5.0,6.0,0.0,0.45454545454545453,7.0,12.0,0.45454545454545453,0,0,0,0,0
2017,11,Voldemort,Hello Harvard,97.3,101.56,Voldemort,Hello Harvard,-4.260000000000005,0,1,0,5.0,6.0,0.0,0.45454545454545453,7.0,12.0,0.45454545454545453,0,0,0,0,0
2025,2,Uncle Rico,Pop Lockett Drop it,97.24,130.4,Uncle Rico,Pop Lockett Drop it,-33.16000000000001,0,1,0,5.0,6.0,0.0,0.45454545454545453,7.0,12.0,0.45454545454545453,0,0,0,0,0
2018,12,Malle ❤️ 🐸,The Big Gronkowski,96.18,148.46,Malle ❤️ 🐸,The Big Gronkowski,-52.28,0,1,0,5.0,6.0,0.0,0.45454545454545453,7.0,12.0,0.45454545454545453,0,0,0,0,0
2018,6,Voldemort,Dillon Panthers,95.7,106.52,Voldemort,Dillon Panthers,-10.819999999999993,0,1,0,5.0,6.0,0.0,0.45454545454545453,7.0,12.0,0.45454545454545453,0,0,0,0,0
2023,11,Pop Lockett Drop it,ThreatLevelMidnight,95.34,156.98,Pop Lockett Drop it,ThreatLevelMidnight,-61.639999999999986,0,1,0,5.0,6.0,0.0,0.45454545454545453,7.0,12.0,0.45454545454545453,0,0,0,0,0
2019,8,malle_dips_pouches,Big Sack Jack,94.9,110.26,malle_dips_pouches,Big Sack Jack,-15.36,0,1,0,5.0,6.0,0.0,0.45454545454545453,7.0,12.0,0.45454545454545453,0,0,0,0,0
2021,9,Post Mahomes,Joe Mantegna,94.0,126.14,Post Mahomes,Joe Mantegna,-32.14,0,1,0,5.0,6.0,0.0,0.45454545454545453,7.0,12.0,0.45454545454545453,0,0,0,0,0
2025,1,Uncle Rico,Voldemort,93.92,117.12,Uncle Rico,Voldemort,-23.200000000000003,0,1,0,5.0,6.0,0.0,0.45454545454545453,7.0,12.0,0.45454545454545453,0,0,0,0,0
2019,10,Malle ❤️ 🐸,Big Sack Jack,92.78,112.42,Malle ❤️ 🐸,Big Sack Jack,-19.64,0,1,0,5.0,6.0,0.0,0.45454545454545453,7.0,12.0,0.45454545454545453,0,0,0,0,0
2024,10,Malle ❤️ 🐸,ThreatLevelMidnight,92.38,132.44,Malle ❤️ 🐸,ThreatLevelMidnight,-40.06,0,1,0,5.0,6.0,0.0,0.45454545454545453,7.0,12.0,0.45454545454545453,0,0,0,0,0
2017,13,The Big Gronkowski,Voldemort,92.2,94.12,The Big Gronkowski,Voldemort,-1.9200000000000017,0,1,0,5.0,6.0,0.0,0.45454545454545453,7.0,12.0,0.45454545454545453,0,0,0,0,0
2019,9,The Big Gronkowski,Big Sack Jack,91.78,129.3,The Big Gronkowski,Big Sack Jack,-37.52000000000001,0,1,0,5.0,6.0,0.0,0.45454545454545453,7.0,12.0,0.45454545454545453,0,0,0,0,0
2018,13,The Big Gronkowski,Voldemort,91.76,93.0,The Big Gronkowski,Voldemort,-1.2399999999999949,0,1,0,5.0,6.0,0.0,0.45454545454545453,7.0,12.0,0.45454545454545453,0,0,0,0,0
2023,1,Pop Lockett Drop it,Patty Primetimes,91.34,121.34,Pop Lockett Drop it,Patty Primetimes,-30.0,0,1,0,5.0,6.0,0.0,0.45454545454545453,7.0,12.0,0.45454545454545453,0,0,0,0,0
2019,4,The Big Gronkowski,Patty Primetimes,89.2,130.98,The Big Gronkowski,Patty Primetimes,-41.77999999999999,0,1,0,5.0,6.0,0.0,0.45454545454545453,7.0,12.0,0.45454545454545453,0,0,0,0,0
2017,3,Malle ❤️ 🐸,Voldemort,84.34,141.02,Malle ❤️ 🐸,Voldemort,-56.68000000000001,0,1,0,5.0,6.0,0.0,0.45454545454545453,7.0,12.0,0.45454545454545453,0,0,0,0,0
2017,10,Voldemort,Ginger FC,82.44,95.86,Voldemort,Ginger FC,-13.420000000000002,0,1,0,5.0,6.0,0.0,0.45454545454545453,7.0,12.0,0.45454545454545453,0,0,0,0,0
2017,2,Little Red Fournette,PickUpYourBratsMalle,81.54,96.02,Post Mahomes,ThreatLevelMidnight,-14.47999999999999,0,1,0,5.0,6.0,0.0,0.45454545454545453,7.0,12.0,0.45454545454545453,0,0,0,0,0
2023,3,ThreatLevelMidnight,malle_dips_pouches,121.06,125.22,ThreatLevelMidnight,malle_dips_pouches,-4.159999999999997,0,1,0,4.0,7.0,0.0,0.36363636363636365,8.0,12.0,0.36363636363636365,0,0,0,0,0
2025,5,Pop Lockett Drop it,ThreatLevelMidnight,118.46,141.46,Pop Lockett Drop it,ThreatLevelMidnight,-23.000000000000014,0,1,0,4.0,7.0,0.0,0.36363636363636365,8.0,12.0,0.36363636363636365,0,0,0,0,0
2022,8,Post Mahomes,Patty Primetimes,114.4,136.68,Post Mahomes,Patty Primetimes,-22.28,0,1,0,4.0,7.0,0.0,0.36363636363636365,8.0,12.0,0.36363636363636365,0,0,0,0,0
2022,4,Ginger FC,The Big Gronkowski,113.98,130.82,Ginger FC,The Big Gronkowski,-16.83999999999999,0,1,0,4.0,7.0,0.0,0.36363636363636365,8.0,12.0,0.36363636363636365,0,0,0,0,0
2024,8,Uncle Rico,ThreatLevelMidnight,111.28,120.28,Uncle Rico,ThreatLevelMidnight,-9.0,0,1,0,4.0,7.0,0.0,0.36363636363636365,8.0,12.0,0.36363636363636365,0,0,0,0,0
2020,2,Patty Primetimes,Malle ❤️ 🐸,110.96,151.48,Patty Primetimes,Malle ❤️ 🐸,-40.519999999999996,0,1,0,4.0,7.0,0.0,0.36363636363636365,8.0,12.0,0.36363636363636365,0,0,0,0,0
2021,2,Big Sack Jack,Pop Lockett Drop it,109.02,116.82,Big Sack Jack,Pop Lockett Drop it,-7.799999999999997,0,1,0,4.0,7.0,0.0,0.36363636363636365,8.0,12.0,0.36363636363636365,0,0,0,0,0
2025,12,The Big Gronkowski,Post Mahomes,108.96,112.38,The Big Gronkowski,Post Mahomes,-3.4200000000000017,0,1,0,4.0,7.0,0.0,0.36363636363636365,8.0,12.0,0.36363636363636365,0,0,0,0,0
2021,14,Voldemort,Malle ❤️ 🐸,108.84,113.22,Voldemort,Malle ❤️ 🐸,-4.3799999999999955,0,1,0,4.0,7.0,0.0,0.36363636363636365,8.0,12.0,0.36363636363636365,0,0,0,0,0
2023,8,Post Mahomes,ThreatLevelMidnight,107.3,127.28,Post Mahomes,ThreatLevelMidnight,-19.980000000000004,0,1,0,4.0,7.0,0.0,0.36363636363636365,8.0,12.0,0.36363636363636365,0,0,0,0,0
2020,7,malle_dips_pouches,Patty Primetimes,106.74,149.3,malle_dips_pouches,Patty Primetimes,-42.56000000000002,0,1,0,4.0,7.0,0.0,0.36363636363636365,8.0,12.0,0.36363636363636365,0,0,0,0,0
2022,5,Uncle Rico,Voldemort,106.48,155.78,Uncle Rico,Voldemort,-49.3,0,1,0,4.0,7.0,0.0,0.36363636363636365,8.0,12.0,0.36363636363636365,0,0,0,0,0
2024,13,Ginger FC,The Big Gronkowski,105.86,119.06,Ginger FC,The Big Gronkowski,-13.200000000000003,0,1,0,4.0,7.0,0.0,0.36363636363636365,8.0,12.0,0.36363636363636365,0,0,0,0,0
2024,2,Post Mahomes,ThreatLevelMidnight,105.18,133.44,Post Mahomes,ThreatLevelMidnight,-28.25999999999999,0,1,0,4.0,7.0,0.0,0.36363636363636365,8.0,12.0,0.36363636363636365,0,0,0,0,0
2021,6,Voldemort,ThreatLevelMidnight,105.0,121.68,Voldemort,ThreatLevelMidnight,-16.680000000000007,0,1,0,4.0,7.0,0.0,0.36363636363636365,8.0,12.0,0.36363636363636365,0,0,0,0,0
2020,5,malle_dips_pouches,Ginger FC,104.98,125.78,malle_dips_pouches,Ginger FC,-20.799999999999997,0,1,0,4.0,7.0,0.0,0.36363636363636365,8.0,12.0,0.36363636363636365,0,0,0,0,0
2022,1,Patty Primetimes,malle_dips_pouches,104.7,106.32,Patty Primetimes,malle_dips_pouches,-1.6199999999999903,0,1,0,4.0,7.0,0.0,0.36363636363636365,8.0,12.0,0.36363636363636365,0,0,0,0,0
2023,7,You Better Park It,Pop Lockett Drop it,104.56,123.24,Buttermilk Puuump,Pop Lockett Drop it,-18.679999999999993,0,1,0,4.0,7.0,0.0,0.36363636363636365,8.0,12.0,0.36363636363636365,0,0,0,0,0
2021,5,The Big Gronkowski,Pop Lockett Drop it,104.3,124.24,The Big Gronkowski,Pop Lockett Drop it,-19.939999999999998,0,1,0,4.0,7.0,0.0,0.36363636363636365,8.0,12.0,0.36363636363636365,0,0,0,0,0
2025,4,Uncle Rico,malle_dips_pouches,103.58,110.4,Uncle Rico,malle_dips_pouches,-6.820000000000007,0,1,0,4.0,7.0,0.0,0.36363636363636365,8.0,12.0,0.36363636363636365,0,0,0,0,0
2024,6,Joe Mantegna,Buttermilk Puuump,103.32,110.6,Joe Mantegna,Buttermilk Puuump,-7.280000000000001,0,1,0,4.0,7.0,0.0,0.36363636363636365,8.0,12.0,0.36363636363636365,0,0,0,0,0
2023,2,Pop Lockett Drop it,Ginger FC,103.24,107.16,Pop Lockett Drop it,Ginger FC,-3.9200000000000017,0,1,0,4.0,7.0,0.0,0.36363636363636365,8.0,12.0,0.36363636363636365,0,0,0,0,0
2018,10,Uncle Rico,Malle ❤️ 🐸,102.96,117.52,Uncle Rico,Malle ❤️ 🐸,-14.560000000000002,0,1,0,4.0,7.0,0.0,0.36363636363636365,8.0,12.0,0.36363636363636365,0,0,0,0,0
2022,13,Pop Lockett Drop it,Joe Mantegna,102.76,107.5,Pop Lockett Drop it,Joe Mantegna,-4.739999999999995,0,1,0,4.0,7.0,0.0,0.36363636363636365,8.0,12.0,0.36363636363636365,0,0,0,0,0
2024,9,Voldemort,Pop Lockett Drop it,102.5,119.54,Voldemort,Pop Lockett Drop it,-17.040000000000006,0,1,0,4.0,7.0,0.0,0.36363636363636365,8.0,12.0,0.36363636363636365,0,0,0,0,0
2020,11,ThreatLevelMidnight,Ginger FC,102.48,105.38,ThreatLevelMidnight,Ginger FC,-2.8999999999999915,0,1,0,4.0,7.0,0.0,0.36363636363636365,8.0,12.0,0.36363636363636365,0,0,0,0,0
2023,13,Post Mahomes,malle_dips_pouches,102.3,109.84,Post Mahomes,malle_dips_pouches,-7.540000000000006,0,1,0,4.0,7.0,0.0,0.36363636363636365,8.0,12.0,0.36363636363636365,0,0,0,0,0
2025,14,The Big Gronkowski,Joe Mantegna,101.34,124.88,The Big Gronkowski,Joe Mantegna,-23.539999999999992,0,1,0,4.0,7.0,0.0,0.36363636363636365,8.0,12.0,0.36363636363636365,0,0,0,0,0
2019,3,Uncle Rico,Post Mahomes,101.02,139.34,Uncle Rico,Post Mahomes,-38.32000000000001,0,1,0,4.0,7.0,0.0,0.36363636363636365,8.0,12.0,0.36363636363636365,0,0,0,0,0
2021,7,Joe Mantegna,ThreatLevelMidnight,100.28,119.04,Joe Mantegna,ThreatLevelMidnight,-18.760000000000005,0,1,0,4.0,7.0,0.0,0.36363636363636365,8.0,12.0,0.36363636363636365,0,0,0,0,0
2025,11,Ginger FC,ThreatLevelMidnight,98.94,127.92,Ginger FC,ThreatLevelMidnight,-28.980000000000004,0,1,0,4.0,7.0,0.0,0.36363636363636365,8.0,12.0,0.36363636363636365,0,0,0,0,0
2019,1,Ginger FC,Patty Primetimes,98.8,117.1,Ginger FC,Patty Primetimes,-18.299999999999997,0,1,0,4.0,7.0,0.0,0.36363636363636365,8.0,12.0,0.36363636363636365,0,0,0,0,0
2018,2,Uncle Rico,Dillon Panthers,98.54,100.02,Uncle Rico,Dillon Panthers,-1.4799999999999898,0,1,0,4.0,7.0,0.0,0.36363636363636365,8.0,12.0,0.36363636363636365,0,0,0,0,0
2022,10,Voldemort,Post Mahomes,98.4,131.1,Voldemort,Post Mahomes,-32.69999999999999,0,1,0,4.0,7.0,0.0,0.36363636363636365,8.0,12.0,0.36363636363636365,0,0,0,0,0
2023,4,Patty Primetimes,ThreatLevelMidnight,98.18,100.56,Patty Primetimes,ThreatLevelMidnight,-2.3799999999999955,0,1,0,4.0,7.0,0.0,0.36363636363636365,8.0,12.0,0.36363636363636365,0,0,0,0,0
2025,8,Malle ❤️ 🐸,Post Mahomes,97.62,114.96,Malle ❤️ 🐸,Post Mahomes,-17.33999999999999,0,1,0,4.0,7.0,0.0,0.36363636363636365,8.0,12.0,0.36363636363636365,0,0,0,0,0
2022,9,Ginger FC,Voldemort,97.5,153.1,Ginger FC,Voldemort,-55.599999999999994,0,1,0,4.0,7.0,0.0,0.36363636363636365,8.0,12.0,0.36363636363636365,0,0,0,0,0
2024,4,Post Mahomes,Buttermilk Puuump,97.04,120.36,Post Mahomes,Buttermilk Puuump,-23.319999999999993,0,1,0,4.0,7.0,0.0,0.36363636363636365,8.0,12.0,0.36363636363636365,0,0,0,0,0
2020,9,Post Mahomes,Joe Mantegna,96.92,118.34,Post Mahomes,Joe Mantegna,-21.42,0,1,0,4.0,7.0,0.0,0.36363636363636365,8.0,12.0,0.36363636363636365,0,0,0,0,0
2021,11,Uncle Rico,Malle ❤️ 🐸,96.64,110.18,Uncle Rico,Malle ❤️ 🐸,-13.540000000000006,0,1,0,4.0,7.0,0.0,0.36363636363636365,8.0,12.0,0.36363636363636365,0,0,0,0,0
2020,12,malle_dips_pouches,Joe Mantegna,96.48,121.34,malle_dips_pouches,Joe Mantegna,-24.86,0,1,0,4.0,7.0,0.0,0.36363636363636365,8.0,12.0,0.36363636363636365,0,0,0,0,0
2023,5,Ginger FC,ThreatLevelMidnight,96.36,116.2,Ginger FC,ThreatLevelMidnight,-19.840000000000003,0,1,0,4.0,7.0,0.0,0.36363636363636365,8.0,12.0,0.36363636363636365,0,0,0,0,0
2022,14,Patty Primetimes,Uncle Rico,95.9,135.58,Patty Primetimes,Uncle Rico,-39.68000000000001,0,1,0,4.0,7.0,0.0,0.36363636363636365,8.0,12.0,0.36363636363636365,0,0,0,0,0
2023,6,malle_dips_pouches,You Better Park It,95.86,124.98,malle_dips_pouches,Buttermilk Puuump,-29.120000000000005,0,1,0,4.0,7.0,0.0,0.36363636363636365,8.0,12.0,0.36363636363636365,0,0,0,0,0
2025,2,The Big Gronkowski,ThreatLevelMidnight,95.74,101.2,The Big Gronkowski,ThreatLevelMidnight,-5.460000000000008,0,1,0,4.0,7.0,0.0,0.36363636363636365,8.0,12.0,0.36363636363636365,0,0,0,0,0
2022,2,Uncle Rico,malle_dips_pouches,95.5,168.52,Uncle Rico,malle_dips_pouches,-73.02000000000001,0,1,0,4.0,7.0,0.0,0.36363636363636365,8.0,12.0,0.36363636363636365,0,0,0,0,0
2024,1,The Big Gronkowski,ThreatLevelMidnight,94.86,95.38,The Big Gronkowski,ThreatLevelMidnight,-0.519999999999996,0,1,0,4.0,7.0,0.0,0.36363636363636365,8.0,12.0,0.36363636363636365,0,0,0,0,0
2024,7,Buttermilk Puuump,ThreatLevelMidnight,94.6,139.9,Buttermilk Puuump,ThreatLevelMidnight,-45.30000000000001,0,1,0,4.0,7.0,0.0,0.36363636363636365,8.0,12.0,0.36363636363636365,0,0,0,0,0
2021,12,Malle ❤️ 🐸,The Big Gronkowski,94.34,116.28,Malle ❤️ 🐸,The Big Gronkowski,-21.939999999999998,0,1,0,4.0,7.0,0.0,0.36363636363636365,8.0,12.0,0.36363636363636365,0,0,0,0,0
2025,1,Buttermilk Puuump,Ginger FC,93.7,102.82,Buttermilk Puuump,Ginger FC,-9.11999999999999,0,1,0,4.0,7.0,0.0,0.36363636363636365,8.0,12.0,0.36363636363636365,0,0,0,0,0
2025,3,Malle ❤️ 🐸,Pop Lockett Drop it,90.98,117.02,Malle ❤️ 🐸,Pop Lockett Drop it,-26.039999999999992,0,1,0,4.0,7.0,0.0,0.36363636363636365,8.0,12.0,0.36363636363636365,0,0,0,0,0
2018,13,Joe Mantegna,Big Sack Jack,90.4,95.1,Joe Mantegna,Big Sack Jack,-4.699999999999989,0,1,0,4.0,7.0,0.0,0.36363636363636365,8.0,12.0,0.36363636363636365,0,0,0,0,0
2019,10,Post Mahomes,Joe Mantegna,90.26,103.22,Post Mahomes,Joe Mantegna,-12.959999999999994,0,1,0,4.0,7.0,0.0,0.36363636363636365,8.0,12.0,0.36363636363636365,0,0,0,0,0
2024,3,Buttermilk Puuump,The Big Gronkowski,89.46,106.46,Buttermilk Puuump,The Big Gronkowski,-17.0,0,1,0,4.0,7.0,0.0,0.36363636363636365,8.0,12.0,0.36363636363636365,0,0,0,0,0
2020,6,The Big Gronkowski,Post Mahomes,89.42,107.82,The Big Gronkowski,Post Mahomes,-18.39999999999999,0,1,0,4.0,7.0,0.0,0.36363636363636365,8.0,12.0,0.36363636363636365,0,0,0,0,0
2023,9,Patty Primetimes,Post Mahomes,88.92,97.62,Patty Primetimes,Post Mahomes,-8.700000000000003,0,1,0,4.0,7.0,0.0,0.36363636363636365,8.0,12.0,0.36363636363636365,0,0,0,0,0
2017,6,Hello Harvard,Ginger FC,88.48,121.7,Hello Harvard,Ginger FC,-33.22,0,1,0,4.0,7.0,0.0,0.36363636363636365,8.0,12.0,0.36363636363636365,0,0,0,0,0
2020,8,Patty Primetimes,ThreatLevelMidnight,88.16,107.22,Patty Primetimes,ThreatLevelMidnight,-19.060000000000002,0,1,0,4.0,7.0,0.0,0.36363636363636365,8.0,12.0,0.36363636363636365,0,0,0,0,0
2018,3,The Big Gronkowski,Joe Mantegna,87.74,108.16,The Big Gronkowski,Joe Mantegna,-20.42,0,1,0,4.0,7.0,0.0,0.36363636363636365,8.0,12.0,0.36363636363636365,0,0,0,0,0
2019,6,Ginger FC,Big Sack Jack,87.2,92.36,Ginger FC,Big Sack Jack,-5.159999999999997,0,1,0,4.0,7.0,0.0,0.36363636363636365,8.0,12.0,0.36363636363636365,0,0,0,0,0
2022,3,Big Sack Jack,Malle ❤️ 🐸,85.5,132.7,Big Sack Jack,Malle ❤️ 🐸,-47.19999999999999,0,1,0,4.0,7.0,0.0,0.36363636363636365,8.0,12.0,0.36363636363636365,0,0,0,0,0
2019,12,Ginger FC,Patty Primetimes,85.34,107.76,Ginger FC,Patty Primetimes,-22.42,0,1,0,4.0,7.0,0.0,0.36363636363636365,8.0,12.0,0.36363636363636365,0,0,0,0,0
2019,2,Uncle Rico,Malle ❤️ 🐸,84.12,96.4,Uncle Rico,Malle ❤️ 🐸,-12.280000000000001,0,1,0,4.0,7.0,0.0,0.36363636363636365,8.0,12.0,0.36363636363636365,0,0,0,0,0
2017,9,Little Red Fournette,Voldemort,83.92,98.54,Post Mahomes,Voldemort,-14.620000000000005,0,1,0,4.0,7.0,0.0,0.36363636363636365,8.0,12.0,0.36363636363636365,0,0,0,0,0
2019,13,Patty Primetimes,Big Sack Jack,81.9,86.14,Patty Primetimes,Big Sack Jack,-4.239999999999995,0,1,0,4.0,7.0,0.0,0.36363636363636365,8.0,12.0,0.36363636363636365,0,0,0,0,0
2017,7,Hello Harvard,malle_dips_pouches,81.8,94.48,Hello Harvard,malle_dips_pouches,-12.680000000000007,0,1,0,4.0,7.0,0.0,0.36363636363636365,8.0,12.0,0.36363636363636365,0,0,0,0,0
2017,8,Little Red Fournette,Malle ❤️ 🐸,81.16,96.44,Post Mahomes,Malle ❤️ 🐸,-15.280000000000001,0,1,0,4.0,7.0,0.0,0.36363636363636365,8.0,12.0,0.36363636363636365,0,0,0,0,0
2017,12,Dillon Panthers,Ginger FC,80.8,81.56,Dillon Panthers,Ginger FC,-0.7600000000000051,0,1,0,4.0,7.0,0.0,0.36363636363636365,8.0,12.0,0.36363636363636365,0,0,0,0,0
2017,5,The Big Gronkowski,Pop Lockett Drop it,80.48,89.9,The Big Gronkowski,Pop Lockett Drop it,-9.420000000000002,0,1,0,4.0,7.0,0.0,0.36363636363636365,8.0,12.0,0.36363636363636365,0,0,0,0,0
2019,7,Joe Mantegna,Patty Primetimes,78.94,118.52,Joe Mantegna,Patty Primetimes,-39.58,0,1,0,4.0,7.0,0.0,0.36363636363636365,8.0,12.0,0.36363636363636365,0,0,0,0,0
2019,9,Post Mahomes,Voldemort,78.14,96.2,Post Mahomes,Voldemort,-18.060000000000002,0,1,0,4.0,7.0,0.0,0.36363636363636365,8.0,12.0,0.36363636363636365,0,0,0,0,0
2019,11,Post Mahomes,Patty Primetimes,75.26,132.48,Post Mahomes,Patty Primetimes,-57.219999999999985,0,1,0,4.0,7.0,0.0,0.36363636363636365,8.0,12.0,0.36363636363636365,0,0,0,0,0
2017,1,malle_dips_pouches,PickUpYourBratsMalle,68.68,82.12,malle_dips_pouches,ThreatLevelMidnight,-13.439999999999998,0,1,0,4.0,7.0,0.0,0.36363636363636365,8.0,12.0,0.36363636363636365,0,0,0,0,0
2024,14,Malle ❤️ 🐸,Patty Primetimes,103.32,124.98,Malle ❤️ 🐸,Patty Primetimes,-21.66000000000001,0,1,0,3.0,7.0,1.0,0.3181818181818182,8.0,12.0,0.3181818181818182,0,0,0,0,0
2020,3,ThreatLevelMidnight,Uncle Rico,119.62,130.04,ThreatLevelMidnight,Uncle Rico,-10.419999999999987,0,1,0,3.0,8.0,0.0,0.2727272727272727,9.0,12.0,0.2727272727272727,0,0,0,0,0
2023,3,Uncle Rico,Patty Primetimes,116.06,122.66,Uncle Rico,Patty Primetimes,-6.599999999999994,0,1,0,3.0,8.0,0.0,0.2727272727272727,9.0,12.0,0.2727272727272727,0,0,0,0,0
2021,2,ThreatLevelMidnight,malle_dips_pouches,108.52,121.28,ThreatLevelMidnight,malle_dips_pouches,-12.760000000000005,0,1,0,3.0,8.0,0.0,0.2727272727272727,9.0,12.0,0.2727272727272727,0,0,0,0,0
2022,4,Patty Primetimes,Voldemort,107.04,130.82,Patty Primetimes,Voldemort,-23.779999999999987,0,1,0,3.0,8.0,0.0,0.2727272727272727,9.0,12.0,0.2727272727272727,0,0,0,0,0
2020,4,Uncle Rico,Pop Lockett Drop it,105.22,120.48,Uncle Rico,Pop Lockett Drop it,-15.260000000000005,0,1,0,3.0,8.0,0.0,0.2727272727272727,9.0,12.0,0.2727272727272727,0,0,0,0,0
2023,8,malle_dips_pouches,Pop Lockett Drop it,104.96,131.1,malle_dips_pouches,Pop Lockett Drop it,-26.14,0,1,0,3.0,8.0,0.0,0.2727272727272727,9.0,12.0,0.2727272727272727,0,0,0,0,0
2021,5,Post Mahomes,Uncle Rico,103.96,191.08,Post Mahomes,Uncle Rico,-87.12000000000002,0,1,0,3.0,8.0,0.0,0.2727272727272727,9.0,12.0,0.2727272727272727,0,0,0,0,0
2021,1,Pop Lockett Drop it,Ginger FC,103.44,120.32,Pop Lockett Drop it,Ginger FC,-16.879999999999995,0,1,0,3.0,8.0,0.0,0.2727272727272727,9.0,12.0,0.2727272727272727,0,0,0,0,0
2023,13,Pop Lockett Drop it,Ginger FC,102.16,116.46,Pop Lockett Drop it,Ginger FC,-14.299999999999997,0,1,0,3.0,8.0,0.0,0.2727272727272727,9.0,12.0,0.2727272727272727,0,0,0,0,0
2023,2,malle_dips_pouches,Post Mahomes,101.86,127.96,malle_dips_pouches,Post Mahomes,-26.099999999999994,0,1,0,3.0,8.0,0.0,0.2727272727272727,9.0,12.0,0.2727272727272727,0,0,0,0,0
2021,6,malle_dips_pouches,Big Sack Jack,101.84,127.48,malle_dips_pouches,Big Sack Jack,-25.64,0,1,0,3.0,8.0,0.0,0.2727272727272727,9.0,12.0,0.2727272727272727,0,0,0,0,0
2022,5,Big Sack Jack,Patty Primetimes,101.58,107.38,Big Sack Jack,Patty Primetimes,-5.799999999999997,0,1,0,3.0,8.0,0.0,0.2727272727272727,9.0,12.0,0.2727272727272727,0,0,0,0,0
2024,6,Patty Primetimes,Post Mahomes,101.56,107.62,Patty Primetimes,Post Mahomes,-6.060000000000002,0,1,0,3.0,8.0,0.0,0.2727272727272727,9.0,12.0,0.2727272727272727,0,0,0,0,0
2025,12,Pop Lockett Drop it,malle_dips_pouches,100.92,120.16,Pop Lockett Drop it,malle_dips_pouches,-19.239999999999995,0,1,0,3.0,8.0,0.0,0.2727272727272727,9.0,12.0,0.2727272727272727,0,0,0,0,0
2020,1,Post Mahomes,Patty Primetimes,100.4,105.7,Post Mahomes,Patty Primetimes,-5.299999999999997,0,1,0,3.0,8.0,0.0,0.2727272727272727,9.0,12.0,0.2727272727272727,0,0,0,0,0
2021,7,Pop Lockett Drop it,Voldemort,100.14,113.68,Pop Lockett Drop it,Voldemort,-13.540000000000006,0,1,0,3.0,8.0,0.0,0.2727272727272727,9.0,12.0,0.2727272727272727,0,0,0,0,0
2022,1,Pop Lockett Drop it,Big Sack Jack,100.0,105.02,Pop Lockett Drop it,Big Sack Jack,-5.019999999999996,0,1,0,3.0,8.0,0.0,0.2727272727272727,9.0,12.0,0.2727272727272727,0,0,0,0,0
2024,2,Ginger FC,The Big Gronkowski,99.94,120.64,Ginger FC,The Big Gronkowski,-20.700000000000003,0,1,0,3.0,8.0,0.0,0.2727272727272727,9.0,12.0,0.2727272727272727,0,0,0,0,0
2024,9,Joe Mantegna,Malle ❤️ 🐸,99.72,124.4,Joe Mantegna,Malle ❤️ 🐸,-24.680000000000007,0,1,0,3.0,8.0,0.0,0.2727272727272727,9.0,12.0,0.2727272727272727,0,0,0,0,0
2025,7,The Big Gronkowski,Pop Lockett Drop it,99.36,138.98,The Big Gronkowski,Pop Lockett Drop it,-39.61999999999999,0,1,0,3.0,8.0,0.0,0.2727272727272727,9.0,12.0,0.2727272727272727,0,0,0,0,0
2018,2,Malle ❤️ 🐸,malle_dips_pouches,97.8,102.26,Malle ❤️ 🐸,malle_dips_pouches,-4.460000000000008,0,1,0,3.0,8.0,0.0,0.2727272727272727,9.0,12.0,0.2727272727272727,0,0,0,0,0
2021,14,Big Sack Jack,Post Mahomes,97.62,115.22,Big Sack Jack,Post Mahomes,-17.599999999999994,0,1,0,3.0,8.0,0.0,0.2727272727272727,9.0,12.0,0.2727272727272727,0,0,0,0,0
2023,12,Patty Primetimes,Pop Lockett Drop it,97.62,110.66,Patty Primetimes,Pop Lockett Drop it,-13.039999999999992,0,1,0,3.0,8.0,0.0,0.2727272727272727,9.0,12.0,0.2727272727272727,0,0,0,0,0
2024,13,Voldemort,Joe Mantegna,97.62,130.4,Voldemort,Joe Mantegna,-32.78,0,1,0,3.0,8.0,0.0,0.2727272727272727,9.0,12.0,0.2727272727272727,0,0,0,0,0
2024,12,Post Mahomes,Joe Mantegna,97.28,110.78,Post Mahomes,Joe Mantegna,-13.5,0,1,0,3.0,8.0,0.0,0.2727272727272727,9.0,12.0,0.2727272727272727,0,0,0,0,0
2018,10,Big Sack Jack,The Big Gronkowski,97.26,111.72,Big Sack Jack,The Big Gronkowski,-14.459999999999994,0,1,0,3.0,8.0,0.0,0.2727272727272727,9.0,12.0,0.2727272727272727,0,0,0,0,0
2020,2,ThreatLevelMidnight,malle_dips_pouches,97.02,151.46,ThreatLevelMidnight,malle_dips_pouches,-54.44000000000001,0,1,0,3.0,8.0,0.0,0.2727272727272727,9.0,12.0,0.2727272727272727,0,0,0,0,0
2021,11,The Big Gronkowski,Patty Primetimes,96.52,103.96,The Big Gronkowski,Patty Primetimes,-7.439999999999998,0,1,0,3.0,8.0,0.0,0.2727272727272727,9.0,12.0,0.2727272727272727,0,0,0,0,0
2022,9,Malle ❤️ 🐸,ThreatLevelMidnight,96.52,107.4,Malle ❤️ 🐸,ThreatLevelMidnight,-10.88000000000001,0,1,0,3.0,8.0,0.0,0.2727272727272727,9.0,12.0,0.2727272727272727,0,0,0,0,0
2022,7,malle_dips_pouches,Post Mahomes,96.0,100.72,malle_dips_pouches,Post Mahomes,-4.719999999999999,0,1,0,3.0,8.0,0.0,0.2727272727272727,9.0,12.0,0.2727272727272727,0,0,0,0,0
2018,8,Joe Mantegna,PickUpYourBratsMalle,95.72,117.96,Joe Mantegna,ThreatLevelMidnight,-22.239999999999995,0,1,0,3.0,8.0,0.0,0.2727272727272727,9.0,12.0,0.2727272727272727,0,0,0,0,0
2021,4,Malle ❤️ 🐸,Joe Mantegna,95.46,101.18,Malle ❤️ 🐸,Joe Mantegna,-5.720000000000013,0,1,0,3.0,8.0,0.0,0.2727272727272727,9.0,12.0,0.2727272727272727,0,0,0,0,0
2018,5,Uncle Rico,Post Mahomes,94.98,114.6,Uncle Rico,Post Mahomes,-19.61999999999999,0,1,0,3.0,8.0,0.0,0.2727272727272727,9.0,12.0,0.2727272727272727,0,0,0,0,0
2022,14,Malle ❤️ 🐸,Big Sack Jack,94.98,113.26,Malle ❤️ 🐸,Big Sack Jack,-18.28,0,1,0,3.0,8.0,0.0,0.2727272727272727,9.0,12.0,0.2727272727272727,0,0,0,0,0
2025,13,Buttermilk Puuump,malle_dips_pouches,94.94,95.0,Buttermilk Puuump,malle_dips_pouches,-0.060000000000002274,0,1,0,3.0,8.0,0.0,0.2727272727272727,9.0,12.0,0.2727272727272727,0,0,0,0,0
2022,12,Ginger FC,ThreatLevelMidnight,94.84,131.64,Ginger FC,ThreatLevelMidnight,-36.79999999999998,0,1,0,3.0,8.0,0.0,0.2727272727272727,9.0,12.0,0.2727272727272727,0,0,0,0,0
2020,11,malle_dips_pouches,Voldemort,94.62,137.44,malle_dips_pouches,Voldemort,-42.81999999999999,0,1,0,3.0,8.0,0.0,0.2727272727272727,9.0,12.0,0.2727272727272727,0,0,0,0,0
2017,11,Malle ❤️ 🐸,Big Sack Jack,94.52,122.68,Malle ❤️ 🐸,Big Sack Jack,-28.16000000000001,0,1,0,3.0,8.0,0.0,0.2727272727272727,9.0,12.0,0.2727272727272727,0,0,0,0,0
2019,8,Malle ❤️ 🐸,Post Mahomes,94.02,101.16,Malle ❤️ 🐸,Post Mahomes,-7.140000000000001,0,1,0,3.0,8.0,0.0,0.2727272727272727,9.0,12.0,0.2727272727272727,0,0,0,0,0
2024,5,Uncle Rico,Post Mahomes,93.64,173.32,Uncle Rico,Post Mahomes,-79.67999999999999,0,1,0,3.0,8.0,0.0,0.2727272727272727,9.0,12.0,0.2727272727272727,0,0,0,0,0
2022,13,malle_dips_pouches,Uncle Rico,93.44,128.12,malle_dips_pouches,Uncle Rico,-34.68000000000001,0,1,0,3.0,8.0,0.0,0.2727272727272727,9.0,12.0,0.2727272727272727,0,0,0,0,0
2018,4,Dillon Panthers,The Big Gronkowski,93.18,98.5,Dillon Panthers,The Big Gronkowski,-5.319999999999993,0,1,0,3.0,8.0,0.0,0.2727272727272727,9.0,12.0,0.2727272727272727,0,0,0,0,0
2018,6,PickUpYourBratsMalle,Malle ❤️ 🐸,92.92,95.06,ThreatLevelMidnight,Malle ❤️ 🐸,-2.1400000000000006,0,1,0,3.0,8.0,0.0,0.2727272727272727,9.0,12.0,0.2727272727272727,0,0,0,0,0
2025,6,malle_dips_pouches,Post Mahomes,92.82,132.68,malle_dips_pouches,Post Mahomes,-39.860000000000014,0,1,0,3.0,8.0,0.0,0.2727272727272727,9.0,12.0,0.2727272727272727,0,0,0,0,0
2019,1,Uncle Rico,Pop Lockett Drop it,92.76,115.3,Uncle Rico,Pop Lockett Drop it,-22.539999999999992,0,1,0,3.0,8.0,0.0,0.2727272727272727,9.0,12.0,0.2727272727272727,0,0,0,0,0
2018,12,Dillon Panthers,Ginger FC,92.24,95.26,Dillon Panthers,Ginger FC,-3.0200000000000102,0,1,0,3.0,8.0,0.0,0.2727272727272727,9.0,12.0,0.2727272727272727,0,0,0,0,0
2022,2,Patty Primetimes,ThreatLevelMidnight,91.88,102.38,Patty Primetimes,ThreatLevelMidnight,-10.5,0,1,0,3.0,8.0,0.0,0.2727272727272727,9.0,12.0,0.2727272727272727,0,0,0,0,0
2021,10,malle_dips_pouches,Malle ❤️ 🐸,91.32,95.6,malle_dips_pouches,Malle ❤️ 🐸,-4.280000000000001,0,1,0,3.0,8.0,0.0,0.2727272727272727,9.0,12.0,0.2727272727272727,0,0,0,0,0
2023,5,Malle ❤️ 🐸,The Big Gronkowski,91.12,107.38,Malle ❤️ 🐸,The Big Gronkowski,-16.25999999999999,0,1,0,3.0,8.0,0.0,0.2727272727272727,9.0,12.0,0.2727272727272727,0,0,0,0,0
2024,11,Joe Mantegna,The Big Gronkowski,90.86,105.24,Joe Mantegna,The Big Gronkowski,-14.379999999999995,0,1,0,3.0,8.0,0.0,0.2727272727272727,9.0,12.0,0.2727272727272727,0,0,0,0,0
2023,11,Patty Primetimes,You Better Park It,90.8,91.06,Patty Primetimes,Buttermilk Puuump,-0.2600000000000051,0,1,0,3.0,8.0,0.0,0.2727272727272727,9.0,12.0,0.2727272727272727,0,0,0,0,0
2021,12,Uncle Rico,Voldemort,90.7,150.86,Uncle Rico,Voldemort,-60.16000000000001,0,1,0,3.0,8.0,0.0,0.2727272727272727,9.0,12.0,0.2727272727272727,0,0,0,0,0
2019,5,Uncle Rico,Ginger FC,90.36,115.46,Uncle Rico,Ginger FC,-25.099999999999994,0,1,0,3.0,8.0,0.0,0.2727272727272727,9.0,12.0,0.2727272727272727,0,0,0,0,0
2023,10,ThreatLevelMidnight,You Better Park It,90.22,149.16,ThreatLevelMidnight,Buttermilk Puuump,-58.94,0,1,0,3.0,8.0,0.0,0.2727272727272727,9.0,12.0,0.2727272727272727,0,0,0,0,0
2018,11,The Big Gronkowski,malle_dips_pouches,90.14,147.62,The Big Gronkowski,malle_dips_pouches,-57.480000000000004,0,1,0,3.0,8.0,0.0,0.2727272727272727,9.0,12.0,0.2727272727272727,0,0,0,0,0
2020,13,Patty Primetimes,Malle ❤️ 🐸,89.9,120.0,Patty Primetimes,Malle ❤️ 🐸,-30.099999999999994,0,1,0,3.0,8.0,0.0,0.2727272727272727,9.0,12.0,0.2727272727272727,0,0,0,0,0
2025,10,Joe Mantegna,Malle ❤️ 🐸,89.9,102.12,Joe Mantegna,Malle ❤️ 🐸,-12.219999999999999,0,1,0,3.0,8.0,0.0,0.2727272727272727,9.0,12.0,0.2727272727272727,0,0,0,0,0
2025,14,Buttermilk Puuump,Uncle Rico,89.76,103.16,Buttermilk Puuump,Uncle Rico,-13.399999999999991,0,1,0,3.0,8.0,0.0,0.2727272727272727,9.0,12.0,0.2727272727272727,0,0,0,0,0
2025,1,malle_dips_pouches,Pop Lockett Drop it,89.68,119.26,malle_dips_pouches,Pop Lockett Drop it,-29.58,0,1,0,3.0,8.0,0.0,0.2727272727272727,9.0,12.0,0.2727272727272727,0,0,0,0,0
2021,9,Pop Lockett Drop it,ThreatLevelMidnight,89.56,91.36,Pop Lockett Drop it,ThreatLevelMidnight,-1.7999999999999972,0,1,0,3.0,8.0,0.0,0.2727272727272727,9.0,12.0,0.2727272727272727,0,0,0,0,0
2025,9,Malle ❤️ 🐸,ThreatLevelMidnight,89.12,154.28,Malle ❤️ 🐸,ThreatLevelMidnight,-65.16,0,1,0,3.0,8.0,0.0,0.2727272727272727,9.0,12.0,0.2727272727272727,0,0,0,0,0
2018,1,Joe Mantegna,Uncle Rico,88.84,101.54,Joe Mantegna,Uncle Rico,-12.700000000000003,0,1,0,3.0,8.0,0.0,0.2727272727272727,9.0,12.0,0.2727272727272727,0,0,0,0,0
2021,13,malle_dips_pouches,ThreatLevelMidnight,88.64,137.36,malle_dips_pouches,ThreatLevelMidnight,-48.72000000000001,0,1,0,3.0,8.0,0.0,0.2727272727272727,9.0,12.0,0.2727272727272727,0,0,0,0,0
2018,9,malle_dips_pouches,Big Sack Jack,88.24,104.76,malle_dips_pouches,Big Sack Jack,-16.52000000000001,0,1,0,3.0,8.0,0.0,0.2727272727272727,9.0,12.0,0.2727272727272727,0,0,0,0,0
2020,10,The Big Gronkowski,Uncle Rico,88.24,118.66,The Big Gronkowski,Uncle Rico,-30.42,0,1,0,3.0,8.0,0.0,0.2727272727272727,9.0,12.0,0.2727272727272727,0,0,0,0,0
2024,10,Joe Mantegna,Pop Lockett Drop it,88.08,112.18,Joe Mantegna,Pop Lockett Drop it,-24.10000000000001,0,1,0,3.0,8.0,0.0,0.2727272727272727,9.0,12.0,0.2727272727272727,0,0,0,0,0
2020,6,Patty Primetimes,Joe Mantegna,87.94,121.3,Patty Primetimes,Joe Mantegna,-33.36,0,1,0,3.0,8.0,0.0,0.2727272727272727,9.0,12.0,0.2727272727272727,0,0,0,0,0
2022,6,Pop Lockett Drop it,The Big Gronkowski,87.74,102.3,Pop Lockett Drop it,The Big Gronkowski,-14.560000000000002,0,1,0,3.0,8.0,0.0,0.2727272727272727,9.0,12.0,0.2727272727272727,0,0,0,0,0
2024,3,ThreatLevelMidnight,Voldemort,87.58,133.52,ThreatLevelMidnight,Voldemort,-45.94000000000001,0,1,0,3.0,8.0,0.0,0.2727272727272727,9.0,12.0,0.2727272727272727,0,0,0,0,0
2023,14,You Better Park It,The Big Gronkowski,87.34,103.74,Buttermilk Puuump,The Big Gronkowski,-16.39999999999999,0,1,0,3.0,8.0,0.0,0.2727272727272727,9.0,12.0,0.2727272727272727,0,0,0,0,0
2023,9,You Better Park It,Uncle Rico,87.16,120.62,Buttermilk Puuump,Uncle Rico,-33.46000000000001,0,1,0,3.0,8.0,0.0,0.2727272727272727,9.0,12.0,0.2727272727272727,0,0,0,0,0
2018,3,Uncle Rico,PickUpYourBratsMalle,86.6,98.84,Uncle Rico,ThreatLevelMidnight,-12.240000000000009,0,1,0,3.0,8.0,0.0,0.2727272727272727,9.0,12.0,0.2727272727272727,0,0,0,0,0
2025,11,Joe Mantegna,Post Mahomes,86.6,111.74,Joe Mantegna,Post Mahomes,-25.14,0,1,0,3.0,8.0,0.0,0.2727272727272727,9.0,12.0,0.2727272727272727,0,0,0,0,0
2017,13,Pop Lockett Drop it,Ginger FC,85.92,103.18,Pop Lockett Drop it,Ginger FC,-17.260000000000005,0,1,0,3.0,8.0,0.0,0.2727272727272727,9.0,12.0,0.2727272727272727,0,0,0,0,0
2021,8,Ginger FC,Malle ❤️ 🐸,85.86,134.2,Ginger FC,Malle ❤️ 🐸,-48.33999999999999,0,1,0,3.0,8.0,0.0,0.2727272727272727,9.0,12.0,0.2727272727272727,0,0,0,0,0
2025,8,Voldemort,Ginger FC,85.56,130.68,Voldemort,Ginger FC,-45.120000000000005,0,1,0,3.0,8.0,0.0,0.2727272727272727,9.0,12.0,0.2727272727272727,0,0,0,0,0
2023,1,Ginger FC,You Better Park It,85.26,85.42,Ginger FC,Buttermilk Puuump,-0.1599999999999966,0,1,0,3.0,8.0,0.0,0.2727272727272727,9.0,12.0,0.2727272727272727,0,0,0,0,0
2019,10,Pop Lockett Drop it,Patty Primetimes,84.98,120.42,Pop Lockett Drop it,Patty Primetimes,-35.44,0,1,0,3.0,8.0,0.0,0.2727272727272727,9.0,12.0,0.2727272727272727,0,0,0,0,0
2025,3,Voldemort,Post Mahomes,84.06,137.56,Voldemort,Post Mahomes,-53.5,0,1,0,3.0,8.0,0.0,0.2727272727272727,9.0,12.0,0.2727272727272727,0,0,0,0,0
2017,6,Malle ❤️ 🐸,Pop Lockett Drop it,82.78,89.52,Malle ❤️ 🐸,Pop Lockett Drop it,-6.739999999999995,0,1,0,3.0,8.0,0.0,0.2727272727272727,9.0,12.0,0.2727272727272727,0,0,0,0,0
2020,9,Malle ❤️ 🐸,Big Sack Jack,81.76,113.68,Malle ❤️ 🐸,Big Sack Jack,-31.92,0,1,0,3.0,8.0,0.0,0.2727272727272727,9.0,12.0,0.2727272727272727,0,0,0,0,0
2019,12,Joe Mantegna,Big Sack Jack,81.64,93.0,Joe Mantegna,Big Sack Jack,-11.36,0,1,0,3.0,8.0,0.0,0.2727272727272727,9.0,12.0,0.2727272727272727,0,0,0,0,0
2019,13,Ginger FC,ThreatLevelMidnight,81.58,91.38,Ginger FC,ThreatLevelMidnight,-9.799999999999997,0,1,0,3.0,8.0,0.0,0.2727272727272727,9.0,12.0,0.2727272727272727,0,0,0,0,0
2019,4,Uncle Rico,Voldemort,81.42,93.6,Uncle Rico,Voldemort,-12.179999999999993,0,1,0,3.0,8.0,0.0,0.2727272727272727,9.0,12.0,0.2727272727272727,0,0,0,0,0
2023,7,Uncle Rico,Post Mahomes,81.2,134.56,Uncle Rico,Post Mahomes,-53.36,0,1,0,3.0,8.0,0.0,0.2727272727272727,9.0,12.0,0.2727272727272727,0,0,0,0,0
2018,13,PickUpYourBratsMalle,Ginger FC,80.34,106.7,ThreatLevelMidnight,Ginger FC,-26.36,0,1,0,3.0,8.0,0.0,0.2727272727272727,9.0,12.0,0.2727272727272727,0,0,0,0,0
2017,5,Ur The Best Bellows,Voldemort,79.76,89.12,Joe Mantegna,Voldemort,-9.36,0,1,0,3.0,8.0,0.0,0.2727272727272727,9.0,12.0,0.2727272727272727,0,0,0,0,0
2017,7,PickUpYourBratsMalle,Malle ❤️ 🐸,79.56,114.42,ThreatLevelMidnight,Malle ❤️ 🐸,-34.86,0,1,0,3.0,8.0,0.0,0.2727272727272727,9.0,12.0,0.2727272727272727,0,0,0,0,0
2019,7,Uncle Rico,Big Sack Jack,78.68,97.46,Uncle Rico,Big Sack Jack,-18.779999999999987,0,1,0,3.0,8.0,0.0,0.2727272727272727,9.0,12.0,0.2727272727272727,0,0,0,0,0
2017,9,The Big Gronkowski,Hello Harvard,78.14,87.84,The Big Gronkowski,Hello Harvard,-9.700000000000003,0,1,0,3.0,8.0,0.0,0.2727272727272727,9.0,12.0,0.2727272727272727,0,0,0,0,0
2017,12,Malle ❤️ 🐸,The Big Gronkowski,77.92,122.64,Malle ❤️ 🐸,The Big Gronkowski,-44.72,0,1,0,3.0,8.0,0.0,0.2727272727272727,9.0,12.0,0.2727272727272727,0,0,0,0,0
2019,2,Joe Mantegna,malle_dips_pouches,76.74,89.66,Joe Mantegna,malle_dips_pouches,-12.920000000000002,0,1,0,3.0,8.0,0.0,0.2727272727272727,9.0,12.0,0.2727272727272727,0,0,0,0,0
2019,9,ThreatLevelMidnight,Patty Primetimes,76.36,129.22,ThreatLevelMidnight,Patty Primetimes,-52.86,0,1,0,3.0,8.0,0.0,0.2727272727272727,9.0,12.0,0.2727272727272727,0,0,0,0,0
2019,11,Malle ❤️ 🐸,malle_dips_pouches,74.56,89.82,Malle ❤️ 🐸,malle_dips_pouches,-15.259999999999991,0,1,0,3.0,8.0,0.0,0.2727272727272727,9.0,12.0,0.2727272727272727,0,0,0,0,0
2017,2,Big Sack Jack,Ur The Best Bellows,73.54,80.08,Big Sack Jack,Joe Mantegna,-6.539999999999992,0,1,0,3.0,8.0,0.0,0.2727272727272727,9.0,12.0,0.2727272727272727,0,0,0,0,0
2017,4,Hello Harvard,PickUpYourBratsMalle,73.06,104.88,Hello Harvard,ThreatLevelMidnight,-31.819999999999993,0,1,0,3.0,8.0,0.0,0.2727272727272727,9.0,12.0,0.2727272727272727,0,0,0,0,0
2017,3,The Big Gronkowski,Ur The Best Bellows,71.3,105.22,The Big Gronkowski,Joe Mantegna,-33.92,0,1,0,3.0,8.0,0.0,0.2727272727272727,9.0,12.0,0.2727272727272727,0,0,0,0,0
2017,10,malle_dips_pouches,Pop Lockett Drop it,65.74,66.5,malle_dips_pouches,Pop Lockett Drop it,-0.7600000000000051,0,1,0,3.0,8.0,0.0,0.2727272727272727,9.0,12.0,0.2727272727272727,0,0,0,0,0
2017,1,Dillon Panthers,Ginger FC,65.24,71.94,Dillon Panthers,Ginger FC,-6.700000000000003,0,1,0,3.0,8.0,0.0,0.2727272727272727,9.0,12.0,0.2727272727272727,0,0,0,0,0
2020,3,Post Mahomes,Big Sack Jack,113.4,121.8,Post Mahomes,Big Sack Jack,-8.399999999999991,0,1,0,2.0,9.0,0.0,0.18181818181818182,10.0,12.0,0.18181818181818182,0,0,0,0,0
2024,8,Pop Lockett Drop it,Post Mahomes,108.82,125.36,Pop Lockett Drop it,Post Mahomes,-16.540000000000006,0,1,0,2.0,9.0,0.0,0.18181818181818182,10.0,12.0,0.18181818181818182,0,0,0,0,0
2023,3,The Big Gronkowski,You Better Park It,105.5,127.76,The Big Gronkowski,Buttermilk Puuump,-22.260000000000005,0,1,0,2.0,9.0,0.0,0.18181818181818182,10.0,12.0,0.18181818181818182,0,0,0,0,0
2021,1,Patty Primetimes,Post Mahomes,103.1,109.06,Patty Primetimes,Post Mahomes,-5.960000000000008,0,1,0,2.0,9.0,0.0,0.18181818181818182,10.0,12.0,0.18181818181818182,0,0,0,0,0
2021,5,ThreatLevelMidnight,Malle ❤️ 🐸,102.78,122.94,ThreatLevelMidnight,Malle ❤️ 🐸,-20.159999999999997,0,1,0,2.0,9.0,0.0,0.18181818181818182,10.0,12.0,0.18181818181818182,0,0,0,0,0
2020,4,Post Mahomes,malle_dips_pouches,102.72,115.84,Post Mahomes,malle_dips_pouches,-13.120000000000005,0,1,0,2.0,9.0,0.0,0.18181818181818182,10.0,12.0,0.18181818181818182,0,0,0,0,0
2022,8,Malle ❤️ 🐸,The Big Gronkowski,102.6,132.08,Malle ❤️ 🐸,The Big Gronkowski,-29.480000000000018,0,1,0,2.0,9.0,0.0,0.18181818181818182,10.0,12.0,0.18181818181818182,0,0,0,0,0
2020,7,Ginger FC,The Big Gronkowski,101.02,103.5,Ginger FC,The Big Gronkowski,-2.480000000000004,0,1,0,2.0,9.0,0.0,0.18181818181818182,10.0,12.0,0.18181818181818182,0,0,0,0,0
2025,12,Uncle Rico,Voldemort,99.84,109.96,Uncle Rico,Voldemort,-10.11999999999999,0,1,0,2.0,9.0,0.0,0.18181818181818182,10.0,12.0,0.18181818181818182,0,0,0,0,0
2022,1,The Big Gronkowski,Voldemort,99.18,156.38,The Big Gronkowski,Voldemort,-57.19999999999999,0,1,0,2.0,9.0,0.0,0.18181818181818182,10.0,12.0,0.18181818181818182,0,0,0,0,0
2024,14,Ginger FC,Post Mahomes,99.04,103.32,Ginger FC,Post Mahomes,-4.279999999999987,0,1,0,2.0,9.0,0.0,0.18181818181818182,10.0,12.0,0.18181818181818182,0,0,0,0,0
2023,2,You Better Park It,Joe Mantegna,98.0,110.0,Buttermilk Puuump,Joe Mantegna,-12.0,0,1,0,2.0,9.0,0.0,0.18181818181818182,10.0,12.0,0.18181818181818182,0,0,0,0,0
2018,2,Joe Mantegna,Big Sack Jack,97.6,107.4,Joe Mantegna,Big Sack Jack,-9.800000000000011,0,1,0,2.0,9.0,0.0,0.18181818181818182,10.0,12.0,0.18181818181818182,0,0,0,0,0
2020,2,The Big Gronkowski,Voldemort,96.88,144.0,The Big Gronkowski,Voldemort,-47.120000000000005,0,1,0,2.0,9.0,0.0,0.18181818181818182,10.0,12.0,0.18181818181818182,0,0,0,0,0
2021,2,Joe Mantegna,Uncle Rico,96.42,146.36,Joe Mantegna,Uncle Rico,-49.94000000000001,0,1,0,2.0,9.0,0.0,0.18181818181818182,10.0,12.0,0.18181818181818182,0,0,0,0,0
2021,7,The Big Gronkowski,Ginger FC,96.36,140.66,The Big Gronkowski,Ginger FC,-44.3,0,1,0,2.0,9.0,0.0,0.18181818181818182,10.0,12.0,0.18181818181818182,0,0,0,0,0
2023,8,Ginger FC,Joe Mantegna,96.36,118.58,Ginger FC,Joe Mantegna,-22.22,0,1,0,2.0,9.0,0.0,0.18181818181818182,10.0,12.0,0.18181818181818182,0,0,0,0,0
2023,4,Pop Lockett Drop it,The Big Gronkowski,96.1,130.18,Pop Lockett Drop it,The Big Gronkowski,-34.08000000000001,0,1,0,2.0,9.0,0.0,0.18181818181818182,10.0,12.0,0.18181818181818182,0,0,0,0,0
2023,12,Ginger FC,You Better Park It,95.3,122.34,Ginger FC,Buttermilk Puuump,-27.040000000000006,0,1,0,2.0,9.0,0.0,0.18181818181818182,10.0,12.0,0.18181818181818182,0,0,0,0,0
2021,14,Uncle Rico,ThreatLevelMidnight,95.08,118.0,Uncle Rico,ThreatLevelMidnight,-22.92,0,1,0,2.0,9.0,0.0,0.18181818181818182,10.0,12.0,0.18181818181818182,0,0,0,0,0
2018,8,Dillon Panthers,malle_dips_pouches,94.8,111.4,Dillon Panthers,malle_dips_pouches,-16.60000000000001,0,1,0,2.0,9.0,0.0,0.18181818181818182,10.0,12.0,0.18181818181818182,0,0,0,0,0
2021,11,Ginger FC,ThreatLevelMidnight,94.8,107.08,Ginger FC,ThreatLevelMidnight,-12.280000000000001,0,1,0,2.0,9.0,0.0,0.18181818181818182,10.0,12.0,0.18181818181818182,0,0,0,0,0
2025,4,Joe Mantegna,Patty Primetimes,94.24,131.86,Joe Mantegna,Patty Primetimes,-37.62000000000002,0,1,0,2.0,9.0,0.0,0.18181818181818182,10.0,12.0,0.18181818181818182,0,0,0,0,0
2023,13,Uncle Rico,ThreatLevelMidnight,94.1,146.82,Uncle Rico,ThreatLevelMidnight,-52.72,0,1,0,2.0,9.0,0.0,0.18181818181818182,10.0,12.0,0.18181818181818182,0,0,0,0,0
2021,3,Malle ❤️ 🐸,Voldemort,94.08,99.62,Malle ❤️ 🐸,Voldemort,-5.540000000000006,0,1,0,2.0,9.0,0.0,0.18181818181818182,10.0,12.0,0.18181818181818182,0,0,0,0,0
2018,4,Voldemort,malle_dips_pouches,93.16,112.2,Voldemort,malle_dips_pouches,-19.040000000000006,0,1,0,2.0,9.0,0.0,0.18181818181818182,10.0,12.0,0.18181818181818182,0,0,0,0,0
2019,3,Ginger FC,Pop Lockett Drop it,93.1,117.34,Ginger FC,Pop Lockett Drop it,-24.24000000000001,0,1,0,2.0,9.0,0.0,0.18181818181818182,10.0,12.0,0.18181818181818182,0,0,0,0,0
2025,2,Post Mahomes,Patty Primetimes,92.58,95.22,Post Mahomes,Patty Primetimes,-2.6400000000000006,0,1,0,2.0,9.0,0.0,0.18181818181818182,10.0,12.0,0.18181818181818182,0,0,0,0,0
2024,4,Joe Mantegna,ThreatLevelMidnight,92.54,103.78,Joe Mantegna,ThreatLevelMidnight,-11.239999999999995,0,1,0,2.0,9.0,0.0,0.18181818181818182,10.0,12.0,0.18181818181818182,0,0,0,0,0
2021,4,The Big Gronkowski,ThreatLevelMidnight,92.3,115.96,The Big Gronkowski,ThreatLevelMidnight,-23.659999999999997,0,1,0,2.0,9.0,0.0,0.18181818181818182,10.0,12.0,0.18181818181818182,0,0,0,0,0
2022,12,Post Mahomes,Joe Mantegna,92.06,108.76,Post Mahomes,Joe Mantegna,-16.700000000000003,0,1,0,2.0,9.0,0.0,0.18181818181818182,10.0,12.0,0.18181818181818182,0,0,0,0,0
2022,9,Big Sack Jack,Joe Mantegna,91.84,100.3,Big Sack Jack,Joe Mantegna,-8.459999999999994,0,1,0,2.0,9.0,0.0,0.18181818181818182,10.0,12.0,0.18181818181818182,0,0,0,0,0
2022,10,Malle ❤️ 🐸,malle_dips_pouches,91.7,110.36,Malle ❤️ 🐸,malle_dips_pouches,-18.659999999999997,0,1,0,2.0,9.0,0.0,0.18181818181818182,10.0,12.0,0.18181818181818182,0,0,0,0,0
2017,11,Pop Lockett Drop it,PickUpYourBratsMalle,91.6,112.6,Pop Lockett Drop it,ThreatLevelMidnight,-21.0,0,1,0,2.0,9.0,0.0,0.18181818181818182,10.0,12.0,0.18181818181818182,0,0,0,0,0
2024,13,ThreatLevelMidnight,Post Mahomes,91.3,113.58,ThreatLevelMidnight,Post Mahomes,-22.28,0,1,0,2.0,9.0,0.0,0.18181818181818182,10.0,12.0,0.18181818181818182,0,0,0,0,0
2024,12,Buttermilk Puuump,Malle ❤️ 🐸,90.46,115.96,Buttermilk Puuump,Malle ❤️ 🐸,-25.5,0,1,0,2.0,9.0,0.0,0.18181818181818182,10.0,12.0,0.18181818181818182,0,0,0,0,0
2018,11,Malle ❤️ 🐸,Big Sack Jack,90.06,120.7,Malle ❤️ 🐸,Big Sack Jack,-30.64,0,1,0,2.0,9.0,0.0,0.18181818181818182,10.0,12.0,0.18181818181818182,0,0,0,0,0
2020,11,Pop Lockett Drop it,Post Mahomes,89.94,121.16,Pop Lockett Drop it,Post Mahomes,-31.22,0,1,0,2.0,9.0,0.0,0.18181818181818182,10.0,12.0,0.18181818181818182,0,0,0,0,0
2024,7,Voldemort,Patty Primetimes,89.92,94.04,Voldemort,Patty Primetimes,-4.1200000000000045,0,1,0,2.0,9.0,0.0,0.18181818181818182,10.0,12.0,0.18181818181818182,0,0,0,0,0
2025,10,ThreatLevelMidnight,Post Mahomes,89.82,125.32,ThreatLevelMidnight,Post Mahomes,-35.5,0,1,0,2.0,9.0,0.0,0.18181818181818182,10.0,12.0,0.18181818181818182,0,0,0,0,0
2023,11,Uncle Rico,Malle ❤️ 🐸,89.34,106.9,Uncle Rico,Malle ❤️ 🐸,-17.560000000000002,0,1,0,2.0,9.0,0.0,0.18181818181818182,10.0,12.0,0.18181818181818182,0,0,0,0,0
2025,5,Malle ❤️ 🐸,malle_dips_pouches,89.34,119.1,Malle ❤️ 🐸,malle_dips_pouches,-29.75999999999999,0,1,0,2.0,9.0,0.0,0.18181818181818182,10.0,12.0,0.18181818181818182,0,0,0,0,0
2024,1,Joe Mantegna,Post Mahomes,89.26,132.92,Joe Mantegna,Post Mahomes,-43.65999999999998,0,1,0,2.0,9.0,0.0,0.18181818181818182,10.0,12.0,0.18181818181818182,0,0,0,0,0
2021,12,Patty Primetimes,Post Mahomes,89.0,103.78,Patty Primetimes,Post Mahomes,-14.780000000000001,0,1,0,2.0,9.0,0.0,0.18181818181818182,10.0,12.0,0.18181818181818182,0,0,0,0,0
2024,11,Uncle Rico,malle_dips_pouches,88.84,125.94,Uncle Rico,malle_dips_pouches,-37.099999999999994,0,1,0,2.0,9.0,0.0,0.18181818181818182,10.0,12.0,0.18181818181818182,0,0,0,0,0
2025,9,Buttermilk Puuump,Patty Primetimes,88.62,98.52,Buttermilk Puuump,Patty Primetimes,-9.899999999999991,0,1,0,2.0,9.0,0.0,0.18181818181818182,10.0,12.0,0.18181818181818182,0,0,0,0,0
2022,7,ThreatLevelMidnight,The Big Gronkowski,88.6,122.92,ThreatLevelMidnight,The Big Gronkowski,-34.32000000000001,0,1,0,2.0,9.0,0.0,0.18181818181818182,10.0,12.0,0.18181818181818182,0,0,0,0,0
2018,6,The Big Gronkowski,Pop Lockett Drop it,88.58,125.6,The Big Gronkowski,Pop Lockett Drop it,-37.019999999999996,0,1,0,2.0,9.0,0.0,0.18181818181818182,10.0,12.0,0.18181818181818182,0,0,0,0,0
2020,13,Joe Mantegna,Uncle Rico,87.98,107.28,Joe Mantegna,Uncle Rico,-19.299999999999997,0,1,0,2.0,9.0,0.0,0.18181818181818182,10.0,12.0,0.18181818181818182,0,0,0,0,0
2018,9,Uncle Rico,The Big Gronkowski,87.26,102.4,Uncle Rico,The Big Gronkowski,-15.14,0,1,0,2.0,9.0,0.0,0.18181818181818182,10.0,12.0,0.18181818181818182,0,0,0,0,0
2023,10,malle_dips_pouches,Malle ❤️ 🐸,87.18,130.4,malle_dips_pouches,Malle ❤️ 🐸,-43.22,0,1,0,2.0,9.0,0.0,0.18181818181818182,10.0,12.0,0.18181818181818182,0,0,0,0,0
2023,9,Joe Mantegna,malle_dips_pouches,86.8,89.52,Joe Mantegna,malle_dips_pouches,-2.719999999999999,0,1,0,2.0,9.0,0.0,0.18181818181818182,10.0,12.0,0.18181818181818182,0,0,0,0,0
2024,3,malle_dips_pouches,Joe Mantegna,86.72,113.36,malle_dips_pouches,Joe Mantegna,-26.64,0,1,0,2.0,9.0,0.0,0.18181818181818182,10.0,12.0,0.18181818181818182,0,0,0,0,0
2018,10,Ginger FC,Voldemort,86.7,104.38,Ginger FC,Voldemort,-17.679999999999993,0,1,0,2.0,9.0,0.0,0.18181818181818182,10.0,12.0,0.18181818181818182,0,0,0,0,0
2018,7,Post Mahomes,The Big Gronkowski,86.66,87.64,Post Mahomes,The Big Gronkowski,-0.980000000000004,0,1,0,2.0,9.0,0.0,0.18181818181818182,10.0,12.0,0.18181818181818182,0,0,0,0,0
2024,10,Voldemort,The Big Gronkowski,86.6,102.62,Voldemort,The Big Gronkowski,-16.02000000000001,0,1,0,2.0,9.0,0.0,0.18181818181818182,10.0,12.0,0.18181818181818182,0,0,0,0,0
2019,5,The Big Gronkowski,ThreatLevelMidnight,86.56,120.44,The Big Gronkowski,ThreatLevelMidnight,-33.879999999999995,0,1,0,2.0,9.0,0.0,0.18181818181818182,10.0,12.0,0.18181818181818182,0,0,0,0,0
2025,7,Malle ❤️ 🐸,Ginger FC,86.04,165.7,Malle ❤️ 🐸,Ginger FC,-79.65999999999998,0,1,0,2.0,9.0,0.0,0.18181818181818182,10.0,12.0,0.18181818181818182,0,0,0,0,0
2023,5,Pop Lockett Drop it,Post Mahomes,85.46,120.84,Pop Lockett Drop it,Post Mahomes,-35.38000000000001,0,1,0,2.0,9.0,0.0,0.18181818181818182,10.0,12.0,0.18181818181818182,0,0,0,0,0
2020,6,ThreatLevelMidnight,Voldemort,85.34,137.16,ThreatLevelMidnight,Voldemort,-51.81999999999999,0,1,0,2.0,9.0,0.0,0.18181818181818182,10.0,12.0,0.18181818181818182,0,0,0,0,0
2022,11,Patty Primetimes,Malle ❤️ 🐸,84.96,90.2,Patty Primetimes,Malle ❤️ 🐸,-5.240000000000009,0,1,0,2.0,9.0,0.0,0.18181818181818182,10.0,12.0,0.18181818181818182,0,0,0,0,0
2020,5,Voldemort,Joe Mantegna,83.94,113.56,Voldemort,Joe Mantegna,-29.620000000000005,0,1,0,2.0,9.0,0.0,0.18181818181818182,10.0,12.0,0.18181818181818182,0,0,0,0,0
2025,8,malle_dips_pouches,Joe Mantegna,83.66,114.18,malle_dips_pouches,Joe Mantegna,-30.52000000000001,0,1,0,2.0,9.0,0.0,0.18181818181818182,10.0,12.0,0.18181818181818182,0,0,0,0,0
2025,1,Joe Mantegna,ThreatLevelMidnight,83.04,100.88,Joe Mantegna,ThreatLevelMidnight,-17.83999999999999,0,1,0,2.0,9.0,0.0,0.18181818181818182,10.0,12.0,0.18181818181818182,0,0,0,0,0
2018,3,Voldemort,Malle ❤️ 🐸,82.22,96.5,Voldemort,Malle ❤️ 🐸,-14.280000000000001,0,1,0,2.0,9.0,0.0,0.18181818181818182,10.0,12.0,0.18181818181818182,0,0,0,0,0
2022,3,Voldemort,malle_dips_pouches,82.0,157.92,Voldemort,malle_dips_pouches,-75.91999999999999,0,1,0,2.0,9.0,0.0,0.18181818181818182,10.0,12.0,0.18181818181818182,0,0,0,0,0
2023,6,The Big Gronkowski,Uncle Rico,81.88,92.2,The Big Gronkowski,Uncle Rico,-10.320000000000007,0,1,0,2.0,9.0,0.0,0.18181818181818182,10.0,12.0,0.18181818181818182,0,0,0,0,0
2019,6,ThreatLevelMidnight,Malle ❤️ 🐸,81.62,83.62,ThreatLevelMidnight,Malle ❤️ 🐸,-2.0,0,1,0,2.0,9.0,0.0,0.18181818181818182,10.0,12.0,0.18181818181818182,0,0,0,0,0
2022,5,Post Mahomes,The Big Gronkowski,80.84,119.14,Post Mahomes,The Big Gronkowski,-38.3,0,1,0,2.0,9.0,0.0,0.18181818181818182,10.0,12.0,0.18181818181818182,0,0,0,0,0
2019,13,Post Mahomes,Pop Lockett Drop it,80.32,105.6,Post Mahomes,Pop Lockett Drop it,-25.28,0,1,0,2.0,9.0,0.0,0.18181818181818182,10.0,12.0,0.18181818181818182,0,0,0,0,0
2021,13,Patty Primetimes,Malle ❤️ 🐸,80.3,130.02,Patty Primetimes,Malle ❤️ 🐸,-49.72000000000001,0,1,0,2.0,9.0,0.0,0.18181818181818182,10.0,12.0,0.18181818181818182,0,0,0,0,0
2025,3,malle_dips_pouches,Ginger FC,79.84,103.6,malle_dips_pouches,Ginger FC,-23.75999999999999,0,1,0,2.0,9.0,0.0,0.18181818181818182,10.0,12.0,0.18181818181818182,0,0,0,0,0
2019,1,Big Sack Jack,Joe Mantegna,79.54,105.82,Big Sack Jack,Joe Mantegna,-26.279999999999987,0,1,0,2.0,9.0,0.0,0.18181818181818182,10.0,12.0,0.18181818181818182,0,0,0,0,0
2021,10,Ginger FC,Joe Mantegna,79.26,100.6,Ginger FC,Joe Mantegna,-21.33999999999999,0,1,0,2.0,9.0,0.0,0.18181818181818182,10.0,12.0,0.18181818181818182,0,0,0,0,0
2020,8,Uncle Rico,malle_dips_pouches,79.02,86.36,Uncle Rico,malle_dips_pouches,-7.340000000000003,0,1,0,2.0,9.0,0.0,0.18181818181818182,10.0,12.0,0.18181818181818182,0,0,0,0,0
2020,10,ThreatLevelMidnight,Post Mahomes,76.82,138.2,ThreatLevelMidnight,Post Mahomes,-61.379999999999995,0,1,0,2.0,9.0,0.0,0.18181818181818182,10.0,12.0,0.18181818181818182,0,0,0,0,0
2017,12,Little Red Fournette,Pop Lockett Drop it,76.24,88.18,Post Mahomes,Pop Lockett Drop it,-11.940000000000012,0,1,0,2.0,9.0,0.0,0.18181818181818182,10.0,12.0,0.18181818181818182,0,0,0,0,0
2019,2,Post Mahomes,Pop Lockett Drop it,76.06,117.5,Post Mahomes,Pop Lockett Drop it,-41.44,0,1,0,2.0,9.0,0.0,0.18181818181818182,10.0,12.0,0.18181818181818182,0,0,0,0,0
2017,6,Ur The Best Bellows,malle_dips_pouches,75.34,105.84,Joe Mantegna,malle_dips_pouches,-30.5,0,1,0,2.0,9.0,0.0,0.18181818181818182,10.0,12.0,0.18181818181818182,0,0,0,0,0
2021,8,Pop Lockett Drop it,Joe Mantegna,75.24,88.42,Pop Lockett Drop it,Joe Mantegna,-13.180000000000007,0,1,0,2.0,9.0,0.0,0.18181818181818182,10.0,12.0,0.18181818181818182,0,0,0,0,0
2022,6,Malle ❤️ 🐸,Post Mahomes,75.0,95.36,Malle ❤️ 🐸,Post Mahomes,-20.36,0,1,0,2.0,9.0,0.0,0.18181818181818182,10.0,12.0,0.18181818181818182,0,0,0,0,0
2018,13,Dillon Panthers,Uncle Rico,74.62,111.32,Dillon Panthers,Uncle Rico,-36.69999999999999,0,1,0,2.0,9.0,0.0,0.18181818181818182,10.0,12.0,0.18181818181818182,0,0,0,0,0
2017,9,Big Sack Jack,malle_dips_pouches,73.98,90.3,Big Sack Jack,malle_dips_pouches,-16.319999999999993,0,1,0,2.0,9.0,0.0,0.18181818181818182,10.0,12.0,0.18181818181818182,0,0,0,0,0
2017,5,Dillon Panthers,Malle ❤️ 🐸,72.54,100.16,Dillon Panthers,Malle ❤️ 🐸,-27.61999999999999,0,1,0,2.0,9.0,0.0,0.18181818181818182,10.0,12.0,0.18181818181818182,0,0,0,0,0
2017,4,Big Sack Jack,Pop Lockett Drop it,71.88,90.18,Big Sack Jack,Pop Lockett Drop it,-18.30000000000001,0,1,0,2.0,9.0,0.0,0.18181818181818182,10.0,12.0,0.18181818181818182,0,0,0,0,0
2017,13,Ur The Best Bellows,Big Sack Jack,69.7,102.56,Joe Mantegna,Big Sack Jack,-32.86,0,1,0,2.0,9.0,0.0,0.18181818181818182,10.0,12.0,0.18181818181818182,0,0,0,0,0
2019,12,Malle ❤️ 🐸,The Big Gronkowski,69.58,105.72,Malle ❤️ 🐸,The Big Gronkowski,-36.14,0,1,0,2.0,9.0,0.0,0.18181818181818182,10.0,12.0,0.18181818181818182,0,0,0,0,0
2017,2,Pop Lockett Drop it,Ginger FC,68.78,92.8,Pop Lockett Drop it,Ginger FC,-24.019999999999996,0,1,0,2.0,9.0,0.0,0.18181818181818182,10.0,12.0,0.18181818181818182,0,0,0,0,0
2019,7,Voldemort,ThreatLevelMidnight,68.04,113.42,Voldemort,ThreatLevelMidnight,-45.379999999999995,0,1,0,2.0,9.0,0.0,0.18181818181818182,10.0,12.0,0.18181818181818182,0,0,0,0,0
2019,11,ThreatLevelMidnight,Pop Lockett Drop it,67.88,78.62,ThreatLevelMidnight,Pop Lockett Drop it,-10.740000000000009,0,1,0,2.0,9.0,0.0,0.18181818181818182,10.0,12.0,0.18181818181818182,0,0,0,0,0
2017,8,Dillon Panthers,malle_dips_pouches,64.16,76.22,Dillon Panthers,malle_dips_pouches,-12.060000000000002,0,1,0,2.0,9.0,0.0,0.18181818181818182,10.0,12.0,0.18181818181818182,0,0,0,0,0
2017,1,Big Sack Jack,Voldemort,61.7,98.88,Big Sack Jack,Voldemort,-37.17999999999999,0,1,0,2.0,9.0,0.0,0.18181818181818182,10.0,12.0,0.18181818181818182,0,0,0,0,0
2017,10,PickUpYourBratsMalle,Dillon Panthers,60.34,110.66,ThreatLevelMidnight,Dillon Panthers,-50.31999999999999,0,1,0,2.0,9.0,0.0,0.18181818181818182,10.0,12.0,0.18181818181818182,0,0,0,0,0
2020,3,Joe Mantegna,The Big Gronkowski,112.36,160.22,Joe Mantegna,The Big Gronkowski,-47.86,0,1,0,1.0,10.0,0.0,0.09090909090909091,11.0,12.0,0.09090909090909091,0,0,0,0,0
2024,8,Voldemort,Malle ❤️ 🐸,103.92,122.74,Voldemort,Malle ❤️ 🐸,-18.819999999999993,0,1,0,1.0,10.0,0.0,0.09090909090909091,11.0,12.0,0.09090909090909091,0,0,0,0,0
2021,1,Uncle Rico,Voldemort,102.4,127.66,Uncle Rico,Voldemort,-25.25999999999999,0,1,0,1.0,10.0,0.0,0.09090909090909091,11.0,12.0,0.09090909090909091,0,0,0,0,0
2022,4,malle_dips_pouches,Big Sack Jack,102.36,120.68,malle_dips_pouches,Big Sack Jack,-18.320000000000007,0,1,0,1.0,10.0,0.0,0.09090909090909091,11.0,12.0,0.09090909090909091,0,0,0,0,0
2023,3,Pop Lockett Drop it,Joe Mantegna,102.0,134.32,Pop Lockett Drop it,Joe Mantegna,-32.31999999999999,0,1,0,1.0,10.0,0.0,0.09090909090909091,11.0,12.0,0.09090909090909091,0,0,0,0,0
2021,5,Joe Mantegna,Voldemort,101.52,142.98,Joe Mantegna,Voldemort,-41.459999999999994,0,1,0,1.0,10.0,0.0,0.09090909090909091,11.0,12.0,0.09090909090909091,0,0,0,0,0
2020,4,Big Sack Jack,Ginger FC,97.8,108.4,Big Sack Jack,Ginger FC,-10.600000000000009,0,1,0,1.0,10.0,0.0,0.09090909090909091,11.0,12.0,0.09090909090909091,0,0,0,0,0
2020,7,Pop Lockett Drop it,Voldemort,97.62,121.88,Pop Lockett Drop it,Voldemort,-24.25999999999999,0,1,0,1.0,10.0,0.0,0.09090909090909091,11.0,12.0,0.09090909090909091,0,0,0,0,0
2022,1,Post Mahomes,Joe Mantegna,96.58,118.46,Post Mahomes,Joe Mantegna,-21.879999999999995,0,1,0,1.0,10.0,0.0,0.09090909090909091,11.0,12.0,0.09090909090909091,0,0,0,0,0
2023,4,Ginger FC,Uncle Rico,95.66,120.14,Ginger FC,Uncle Rico,-24.480000000000004,0,1,0,1.0,10.0,0.0,0.09090909090909091,11.0,12.0,0.09090909090909091,0,0,0,0,0
2018,2,The Big Gronkowski,Voldemort,94.74,103.96,The Big Gronkowski,Voldemort,-9.219999999999999,0,1,0,1.0,10.0,0.0,0.09090909090909091,11.0,12.0,0.09090909090909091,0,0,0,0,0
2020,2,Joe Mantegna,Uncle Rico,94.7,112.2,Joe Mantegna,Uncle Rico,-17.5,0,1,0,1.0,10.0,0.0,0.09090909090909091,11.0,12.0,0.09090909090909091,0,0,0,0,0
2021,7,Big Sack Jack,Uncle Rico,94.44,117.88,Big Sack Jack,Uncle Rico,-23.439999999999998,0,1,0,1.0,10.0,0.0,0.09090909090909091,11.0,12.0,0.09090909090909091,0,0,0,0,0
2024,14,Pop Lockett Drop it,Uncle Rico,94.02,125.8,Pop Lockett Drop it,Uncle Rico,-31.78,0,1,0,1.0,10.0,0.0,0.09090909090909091,11.0,12.0,0.09090909090909091,0,0,0,0,0
2025,4,Pop Lockett Drop it,Post Mahomes,93.58,123.5,Pop Lockett Drop it,Post Mahomes,-29.92,0,1,0,1.0,10.0,0.0,0.09090909090909091,11.0,12.0,0.09090909090909091,0,0,0,0,0
2023,8,You Better Park It,Malle ❤️ 🐸,93.48,120.66,Buttermilk Puuump,Malle ❤️ 🐸,-27.179999999999993,0,1,0,1.0,10.0,0.0,0.09090909090909091,11.0,12.0,0.09090909090909091,0,0,0,0,0
2021,3,Ginger FC,Patty Primetimes,93.44,119.02,Ginger FC,Patty Primetimes,-25.58,0,1,0,1.0,10.0,0.0,0.09090909090909091,11.0,12.0,0.09090909090909091,0,0,0,0,0
2021,11,malle_dips_pouches,Voldemort,93.42,127.64,malle_dips_pouches,Voldemort,-34.22,0,1,0,1.0,10.0,0.0,0.09090909090909091,11.0,12.0,0.09090909090909091,0,0,0,0,0
2021,6,Pop Lockett Drop it,Malle ❤️ 🐸,93.26,118.08,Pop Lockett Drop it,Malle ❤️ 🐸,-24.819999999999993,0,1,0,1.0,10.0,0.0,0.09090909090909091,11.0,12.0,0.09090909090909091,0,0,0,0,0
2021,2,Voldemort,The Big Gronkowski,92.88,137.42,Voldemort,The Big Gronkowski,-44.53999999999999,0,1,0,1.0,10.0,0.0,0.09090909090909091,11.0,12.0,0.09090909090909091,0,0,0,0,0
2022,14,Post Mahomes,ThreatLevelMidnight,91.9,119.06,Post Mahomes,ThreatLevelMidnight,-27.159999999999997,0,1,0,1.0,10.0,0.0,0.09090909090909091,11.0,12.0,0.09090909090909091,0,0,0,0,0
2024,4,Uncle Rico,The Big Gronkowski,91.4,114.98,Uncle Rico,The Big Gronkowski,-23.58,0,1,0,1.0,10.0,0.0,0.09090909090909091,11.0,12.0,0.09090909090909091,0,0,0,0,0
2025,12,Joe Mantegna,ThreatLevelMidnight,91.22,125.58,Joe Mantegna,ThreatLevelMidnight,-34.36,0,1,0,1.0,10.0,0.0,0.09090909090909091,11.0,12.0,0.09090909090909091,0,0,0,0,0
2020,1,Voldemort,Uncle Rico,91.14,91.28,Voldemort,Uncle Rico,-0.14000000000000057,0,1,0,1.0,10.0,0.0,0.09090909090909091,11.0,12.0,0.09090909090909091,0,0,0,0,0
2022,9,Pop Lockett Drop it,Patty Primetimes,90.92,113.54,Pop Lockett Drop it,Patty Primetimes,-22.620000000000005,0,1,0,1.0,10.0,0.0,0.09090909090909091,11.0,12.0,0.09090909090909091,0,0,0,0,0
2024,12,Ginger FC,Pop Lockett Drop it,90.32,102.78,Ginger FC,Pop Lockett Drop it,-12.460000000000008,0,1,0,1.0,10.0,0.0,0.09090909090909091,11.0,12.0,0.09090909090909091,0,0,0,0,0
2018,8,Malle ❤️ 🐸,Post Mahomes,89.06,107.34,Malle ❤️ 🐸,Post Mahomes,-18.28,0,1,0,1.0,10.0,0.0,0.09090909090909091,11.0,12.0,0.09090909090909091,0,0,0,0,0
2025,2,malle_dips_pouches,Buttermilk Puuump,88.74,134.16,malle_dips_pouches,Buttermilk Puuump,-45.42,0,1,0,1.0,10.0,0.0,0.09090909090909091,11.0,12.0,0.09090909090909091,0,0,0,0,0
2021,12,Big Sack Jack,ThreatLevelMidnight,88.68,140.18,Big Sack Jack,ThreatLevelMidnight,-51.5,0,1,0,1.0,10.0,0.0,0.09090909090909091,11.0,12.0,0.09090909090909091,0,0,0,0,0
2018,5,Ginger FC,malle_dips_pouches,88.24,95.54,Ginger FC,malle_dips_pouches,-7.300000000000011,0,1,0,1.0,10.0,0.0,0.09090909090909091,11.0,12.0,0.09090909090909091,0,0,0,0,0
2022,10,Patty Primetimes,The Big Gronkowski,88.04,98.18,Patty Primetimes,The Big Gronkowski,-10.14,0,1,0,1.0,10.0,0.0,0.09090909090909091,11.0,12.0,0.09090909090909091,0,0,0,0,0
2025,10,Buttermilk Puuump,Voldemort,87.94,91.12,Buttermilk Puuump,Voldemort,-3.180000000000007,0,1,0,1.0,10.0,0.0,0.09090909090909091,11.0,12.0,0.09090909090909091,0,0,0,0,0
2022,8,Joe Mantegna,Voldemort,87.82,107.72,Joe Mantegna,Voldemort,-19.900000000000006,0,1,0,1.0,10.0,0.0,0.09090909090909091,11.0,12.0,0.09090909090909091,0,0,0,0,0
2022,13,Patty Primetimes,ThreatLevelMidnight,87.44,88.2,Patty Primetimes,ThreatLevelMidnight,-0.7600000000000051,0,1,0,1.0,10.0,0.0,0.09090909090909091,11.0,12.0,0.09090909090909091,0,0,0,0,0
2023,11,malle_dips_pouches,The Big Gronkowski,87.4,149.8,malle_dips_pouches,The Big Gronkowski,-62.400000000000006,0,1,0,1.0,10.0,0.0,0.09090909090909091,11.0,12.0,0.09090909090909091,0,0,0,0,0
2022,12,Uncle Rico,Malle ❤️ 🐸,86.9,129.12,Uncle Rico,Malle ❤️ 🐸,-42.22,0,1,0,1.0,10.0,0.0,0.09090909090909091,11.0,12.0,0.09090909090909091,0,0,0,0,0
2024,7,Uncle Rico,Joe Mantegna,86.86,102.56,Uncle Rico,Joe Mantegna,-15.700000000000003,0,1,0,1.0,10.0,0.0,0.09090909090909091,11.0,12.0,0.09090909090909091,0,0,0,0,0
2025,5,Ginger FC,Uncle Rico,86.74,154.78,Ginger FC,Uncle Rico,-68.04,0,1,0,1.0,10.0,0.0,0.09090909090909091,11.0,12.0,0.09090909090909091,0,0,0,0,0
2019,3,Big Sack Jack,ThreatLevelMidnight,85.64,93.12,Big Sack Jack,ThreatLevelMidnight,-7.480000000000004,0,1,0,1.0,10.0,0.0,0.09090909090909091,11.0,12.0,0.09090909090909091,0,0,0,0,0
2025,9,The Big Gronkowski,malle_dips_pouches,85.5,97.58,The Big Gronkowski,malle_dips_pouches,-12.079999999999998,0,1,0,1.0,10.0,0.0,0.09090909090909091,11.0,12.0,0.09090909090909091,0,0,0,0,0
2018,10,PickUpYourBratsMalle,malle_dips_pouches,85.22,121.52,ThreatLevelMidnight,malle_dips_pouches,-36.3,0,1,0,1.0,10.0,0.0,0.09090909090909091,11.0,12.0,0.09090909090909091,0,0,0,0,0
2018,4,Uncle Rico,Pop Lockett Drop it,84.62,158.96,Uncle Rico,Pop Lockett Drop it,-74.34,0,1,0,1.0,10.0,0.0,0.09090909090909091,11.0,12.0,0.09090909090909091,0,0,0,0,0
2023,10,Patty Primetimes,Voldemort,84.46,121.72,Patty Primetimes,Voldemort,-37.260000000000005,0,1,0,1.0,10.0,0.0,0.09090909090909091,11.0,12.0,0.09090909090909091,0,0,0,0,0
2024,10,Buttermilk Puuump,Uncle Rico,84.3,97.24,Buttermilk Puuump,Uncle Rico,-12.939999999999998,0,1,0,1.0,10.0,0.0,0.09090909090909091,11.0,12.0,0.09090909090909091,0,0,0,0,0
2024,3,Patty Primetimes,Malle ❤️ 🐸,83.98,115.74,Patty Primetimes,Malle ❤️ 🐸,-31.75999999999999,0,1,0,1.0,10.0,0.0,0.09090909090909091,11.0,12.0,0.09090909090909091,0,0,0,0,0
2025,13,Uncle Rico,Pop Lockett Drop it,83.94,123.12,Uncle Rico,Pop Lockett Drop it,-39.18000000000001,0,1,0,1.0,10.0,0.0,0.09090909090909091,11.0,12.0,0.09090909090909091,0,0,0,0,0
2024,2,Patty Primetimes,malle_dips_pouches,83.86,89.0,Patty Primetimes,malle_dips_pouches,-5.140000000000001,0,1,0,1.0,10.0,0.0,0.09090909090909091,11.0,12.0,0.09090909090909091,0,0,0,0,0
2025,11,Buttermilk Puuump,Pop Lockett Drop it,83.46,112.1,Buttermilk Puuump,Pop Lockett Drop it,-28.64,0,1,0,1.0,10.0,0.0,0.09090909090909091,11.0,12.0,0.09090909090909091,0,0,0,0,0
2024,11,Pop Lockett Drop it,ThreatLevelMidnight,83.08,111.28,Pop Lockett Drop it,ThreatLevelMidnight,-28.200000000000003,0,1,0,1.0,10.0,0.0,0.09090909090909091,11.0,12.0,0.09090909090909091,0,0,0,0,0
2020,12,Malle ❤️ 🐸,The Big Gronkowski,82.04,85.82,Malle ❤️ 🐸,The Big Gronkowski,-3.779999999999987,0,1,0,1.0,10.0,0.0,0.09090909090909091,11.0,12.0,0.09090909090909091,0,0,0,0,0
2020,11,Joe Mantegna,Big Sack Jack,81.36,126.32,Joe Mantegna,Big Sack Jack,-44.959999999999994,0,1,0,1.0,10.0,0.0,0.09090909090909091,11.0,12.0,0.09090909090909091,0,0,0,0,0
2018,6,Ginger FC,Uncle Rico,81.08,124.1,Ginger FC,Uncle Rico,-43.019999999999996,0,1,0,1.0,10.0,0.0,0.09090909090909091,11.0,12.0,0.09090909090909091,0,0,0,0,0
2018,11,PickUpYourBratsMalle,Pop Lockett Drop it,81.08,100.74,ThreatLevelMidnight,Pop Lockett Drop it,-19.659999999999997,0,1,0,1.0,10.0,0.0,0.09090909090909091,11.0,12.0,0.09090909090909091,0,0,0,0,0
2025,14,Malle ❤️ 🐸,Pop Lockett Drop it,80.66,137.74,Malle ❤️ 🐸,Pop Lockett Drop it,-57.08000000000001,0,1,0,1.0,10.0,0.0,0.09090909090909091,11.0,12.0,0.09090909090909091,0,0,0,0,0
2023,9,Voldemort,ThreatLevelMidnight,80.38,121.5,Voldemort,ThreatLevelMidnight,-41.120000000000005,0,1,0,1.0,10.0,0.0,0.09090909090909091,11.0,12.0,0.09090909090909091,0,0,0,0,0
2022,2,Post Mahomes,Ginger FC,80.3,88.18,Post Mahomes,Ginger FC,-7.88000000000001,0,1,0,1.0,10.0,0.0,0.09090909090909091,11.0,12.0,0.09090909090909091,0,0,0,0,0
2018,1,Pop Lockett Drop it,malle_dips_pouches,80.14,98.42,Pop Lockett Drop it,malle_dips_pouches,-18.28,0,1,0,1.0,10.0,0.0,0.09090909090909091,11.0,12.0,0.09090909090909091,0,0,0,0,0
2020,13,Big Sack Jack,Pop Lockett Drop it,80.12,115.6,Big Sack Jack,Pop Lockett Drop it,-35.47999999999999,0,1,0,1.0,10.0,0.0,0.09090909090909091,11.0,12.0,0.09090909090909091,0,0,0,0,0
2023,6,Voldemort,Pop Lockett Drop it,80.12,126.52,Voldemort,Pop Lockett Drop it,-46.39999999999999,0,1,0,1.0,10.0,0.0,0.09090909090909091,11.0,12.0,0.09090909090909091,0,0,0,0,0
2018,7,Ginger FC,Big Sack Jack,80.1,111.78,Ginger FC,Big Sack Jack,-31.680000000000007,0,1,0,1.0,10.0,0.0,0.09090909090909091,11.0,12.0,0.09090909090909091,0,0,0,0,0
2024,1,Buttermilk Puuump,Malle ❤️ 🐸,79.98,92.62,Buttermilk Puuump,Malle ❤️ 🐸,-12.64,0,1,0,1.0,10.0,0.0,0.09090909090909091,11.0,12.0,0.09090909090909091,0,0,0,0,0
2020,6,Big Sack Jack,malle_dips_pouches,79.82,108.42,Big Sack Jack,malle_dips_pouches,-28.60000000000001,0,1,0,1.0,10.0,0.0,0.09090909090909091,11.0,12.0,0.09090909090909091,0,0,0,0,0
2023,2,Patty Primetimes,Malle ❤️ 🐸,79.66,125.42,Patty Primetimes,Malle ❤️ 🐸,-45.760000000000005,0,1,0,1.0,10.0,0.0,0.09090909090909091,11.0,12.0,0.09090909090909091,0,0,0,0,0
2022,3,Ginger FC,Pop Lockett Drop it,79.36,89.18,Ginger FC,Pop Lockett Drop it,-9.820000000000007,0,1,0,1.0,10.0,0.0,0.09090909090909091,11.0,12.0,0.09090909090909091,0,0,0,0,0
2019,10,malle_dips_pouches,The Big Gronkowski,79.32,79.38,malle_dips_pouches,The Big Gronkowski,-0.060000000000002274,0,1,0,1.0,10.0,0.0,0.09090909090909091,11.0,12.0,0.09090909090909091,0,0,0,0,0
2025,7,Patty Primetimes,Voldemort,79.18,100.34,Patty Primetimes,Voldemort,-21.159999999999997,0,1,0,1.0,10.0,0.0,0.09090909090909091,11.0,12.0,0.09090909090909091,0,0,0,0,0
2018,9,Dillon Panthers,PickUpYourBratsMalle,79.04,92.16,Dillon Panthers,ThreatLevelMidnight,-13.11999999999999,0,1,0,1.0,10.0,0.0,0.09090909090909091,11.0,12.0,0.09090909090909091,0,0,0,0,0
2024,5,Voldemort,Buttermilk Puuump,79.04,79.26,Voldemort,Buttermilk Puuump,-0.21999999999999886,0,1,0,1.0,10.0,0.0,0.09090909090909091,11.0,12.0,0.09090909090909091,0,0,0,0,0
2025,8,The Big Gronkowski,Buttermilk Puuump,79.02,134.46,The Big Gronkowski,Buttermilk Puuump,-55.44000000000001,0,1,0,1.0,10.0,0.0,0.09090909090909091,11.0,12.0,0.09090909090909091,0,0,0,0,0
2025,3,Joe Mantegna,The Big Gronkowski,78.32,107.84,Joe Mantegna,The Big Gronkowski,-29.52000000000001,0,1,0,1.0,10.0,0.0,0.09090909090909091,11.0,12.0,0.09090909090909091,0,0,0,0,0
2019,1,ThreatLevelMidnight,Post Mahomes,78.14,123.82,ThreatLevelMidnight,Post Mahomes,-45.67999999999999,0,1,0,1.0,10.0,0.0,0.09090909090909091,11.0,12.0,0.09090909090909091,0,0,0,0,0
2024,9,Buttermilk Puuump,malle_dips_pouches,77.7,88.58,Buttermilk Puuump,malle_dips_pouches,-10.879999999999995,0,1,0,1.0,10.0,0.0,0.09090909090909091,11.0,12.0,0.09090909090909091,0,0,0,0,0
2022,11,Post Mahomes,Big Sack Jack,77.48,89.8,Post Mahomes,Big Sack Jack,-12.319999999999993,0,1,0,1.0,10.0,0.0,0.09090909090909091,11.0,12.0,0.09090909090909091,0,0,0,0,0
2024,6,ThreatLevelMidnight,Ginger FC,77.46,103.52,ThreatLevelMidnight,Ginger FC,-26.060000000000002,0,1,0,1.0,10.0,0.0,0.09090909090909091,11.0,12.0,0.09090909090909091,0,0,0,0,0
2020,5,Patty Primetimes,Big Sack Jack,77.3,155.5,Patty Primetimes,Big Sack Jack,-78.2,0,1,0,1.0,10.0,0.0,0.09090909090909091,11.0,12.0,0.09090909090909091,0,0,0,0,0
2025,6,Pop Lockett Drop it,Joe Mantegna,76.74,81.36,Pop Lockett Drop it,Joe Mantegna,-4.6200000000000045,0,1,0,1.0,10.0,0.0,0.09090909090909091,11.0,12.0,0.09090909090909091,0,0,0,0,0
2022,5,Malle ❤️ 🐸,Ginger FC,76.16,182.3,Malle ❤️ 🐸,Ginger FC,-106.14000000000001,0,1,0,1.0,10.0,0.0,0.09090909090909091,11.0,12.0,0.09090909090909091,0,0,0,0,0
2020,10,Ginger FC,Joe Mantegna,76.12,90.62,Ginger FC,Joe Mantegna,-14.5,0,1,0,1.0,10.0,0.0,0.09090909090909091,11.0,12.0,0.09090909090909091,0,0,0,0,0
2023,1,Voldemort,Joe Mantegna,75.96,127.86,Voldemort,Joe Mantegna,-51.900000000000006,0,1,0,1.0,10.0,0.0,0.09090909090909091,11.0,12.0,0.09090909090909091,0,0,0,0,0
2021,9,Big Sack Jack,Malle ❤️ 🐸,75.24,82.98,Big Sack Jack,Malle ❤️ 🐸,-7.740000000000009,0,1,0,1.0,10.0,0.0,0.09090909090909091,11.0,12.0,0.09090909090909091,0,0,0,0,0
2023,14,Uncle Rico,Patty Primetimes,75.22,85.8,Uncle Rico,Patty Primetimes,-10.579999999999998,0,1,0,1.0,10.0,0.0,0.09090909090909091,11.0,12.0,0.09090909090909091,0,0,0,0,0
2020,8,Post Mahomes,Voldemort,74.84,89.52,Post Mahomes,Voldemort,-14.679999999999993,0,1,0,1.0,10.0,0.0,0.09090909090909091,11.0,12.0,0.09090909090909091,0,0,0,0,0
2019,2,Ginger FC,ThreatLevelMidnight,74.8,106.22,Ginger FC,ThreatLevelMidnight,-31.42,0,1,0,1.0,10.0,0.0,0.09090909090909091,11.0,12.0,0.09090909090909091,0,0,0,0,0
2025,1,Malle ❤️ 🐸,Patty Primetimes,74.72,140.36,Malle ❤️ 🐸,Patty Primetimes,-65.64000000000001,0,1,0,1.0,10.0,0.0,0.09090909090909091,11.0,12.0,0.09090909090909091,0,0,0,0,0
2023,7,The Big Gronkowski,ThreatLevelMidnight,74.56,119.5,The Big Gronkowski,ThreatLevelMidnight,-44.94,0,1,0,1.0,10.0,0.0,0.09090909090909091,11.0,12.0,0.09090909090909091,0,0,0,0,0
2021,8,Uncle Rico,malle_dips_pouches,73.96,107.6,Uncle Rico,malle_dips_pouches,-33.64,0,1,0,1.0,10.0,0.0,0.09090909090909091,11.0,12.0,0.09090909090909091,0,0,0,0,0
2021,10,Patty Primetimes,Pop Lockett Drop it,73.84,112.12,Patty Primetimes,Pop Lockett Drop it,-38.28,0,1,0,1.0,10.0,0.0,0.09090909090909091,11.0,12.0,0.09090909090909091,0,0,0,0,0
2019,9,Uncle Rico,malle_dips_pouches,73.2,75.54,Uncle Rico,malle_dips_pouches,-2.3400000000000034,0,1,0,1.0,10.0,0.0,0.09090909090909091,11.0,12.0,0.09090909090909091,0,0,0,0,0
2019,4,Malle ❤️ 🐸,Joe Mantegna,73.12,87.9,Malle ❤️ 🐸,Joe Mantegna,-14.780000000000001,0,1,0,1.0,10.0,0.0,0.09090909090909091,11.0,12.0,0.09090909090909091,0,0,0,0,0
2017,6,The Big Gronkowski,PickUpYourBratsMalle,72.98,105.74,The Big Gronkowski,ThreatLevelMidnight,-32.75999999999999,0,1,0,1.0,10.0,0.0,0.09090909090909091,11.0,12.0,0.09090909090909091,0,0,0,0,0
2018,3,Post Mahomes,malle_dips_pouches,72.76,93.16,Post Mahomes,malle_dips_pouches,-20.39999999999999,0,1,0,1.0,10.0,0.0,0.09090909090909091,11.0,12.0,0.09090909090909091,0,0,0,0,0
2019,8,Ginger FC,The Big Gronkowski,71.7,83.3,Ginger FC,The Big Gronkowski,-11.599999999999994,0,1,0,1.0,10.0,0.0,0.09090909090909091,11.0,12.0,0.09090909090909091,0,0,0,0,0
2020,9,malle_dips_pouches,The Big Gronkowski,71.7,116.08,malle_dips_pouches,The Big Gronkowski,-44.379999999999995,0,1,0,1.0,10.0,0.0,0.09090909090909091,11.0,12.0,0.09090909090909091,0,0,0,0,0
2017,4,Dillon Panthers,The Big Gronkowski,71.06,90.24,Dillon Panthers,The Big Gronkowski,-19.179999999999993,0,1,0,1.0,10.0,0.0,0.09090909090909091,11.0,12.0,0.09090909090909091,0,0,0,0,0
2017,9,PickUpYourBratsMalle,Ur The Best Bellows,70.96,95.28,ThreatLevelMidnight,Joe Mantegna,-24.320000000000007,0,1,0,1.0,10.0,0.0,0.09090909090909091,11.0,12.0,0.09090909090909091,0,0,0,0,0
2017,3,Hello Harvard,Pop Lockett Drop it,69.86,71.26,Hello Harvard,Pop Lockett Drop it,-1.4000000000000057,0,1,0,1.0,10.0,0.0,0.09090909090909091,11.0,12.0,0.09090909090909091,0,0,0,0,0
2017,13,Hello Harvard,Dillon Panthers,69.48,130.86,Hello Harvard,Dillon Panthers,-61.38000000000001,0,1,0,1.0,10.0,0.0,0.09090909090909091,11.0,12.0,0.09090909090909091,0,0,0,0,0
2019,5,malle_dips_pouches,Pop Lockett Drop it,68.32,131.92,malle_dips_pouches,Pop Lockett Drop it,-63.599999999999994,0,1,0,1.0,10.0,0.0,0.09090909090909091,11.0,12.0,0.09090909090909091,0,0,0,0,0
2018,12,Joe Mantegna,Uncle Rico,67.8,83.2,Joe Mantegna,Uncle Rico,-15.400000000000006,0,1,0,1.0,10.0,0.0,0.09090909090909091,11.0,12.0,0.09090909090909091,0,0,0,0,0
2019,11,Joe Mantegna,Ginger FC,67.46,118.62,Joe Mantegna,Ginger FC,-51.16000000000001,0,1,0,1.0,10.0,0.0,0.09090909090909091,11.0,12.0,0.09090909090909091,0,0,0,0,0
2017,7,Ginger FC,Big Sack Jack,67.42,132.32,Ginger FC,Big Sack Jack,-64.89999999999999,0,1,0,1.0,10.0,0.0,0.09090909090909091,11.0,12.0,0.09090909090909091,0,0,0,0,0
2019,12,malle_dips_pouches,Voldemort,66.56,108.78,malle_dips_pouches,Voldemort,-42.22,0,1,0,1.0,10.0,0.0,0.09090909090909091,11.0,12.0,0.09090909090909091,0,0,0,0,0
2021,13,Pop Lockett Drop it,Big Sack Jack,65.36,96.36,Pop Lockett Drop it,Big Sack Jack,-31.0,0,1,0,1.0,10.0,0.0,0.09090909090909091,11.0,12.0,0.09090909090909091,0,0,0,0,0
2019,7,The Big Gronkowski,Post Mahomes,64.44,96.62,The Big Gronkowski,Post Mahomes,-32.18000000000001,0,1,0,1.0,10.0,0.0,0.09090909090909091,11.0,12.0,0.09090909090909091,0,0,0,0,0
2017,8,Big Sack Jack,Hello Harvard,62.82,83.92,Big Sack Jack,Hello Harvard,-21.1,0,1,0,1.0,10.0,0.0,0.09090909090909091,11.0,12.0,0.09090909090909091,0,0,0,0,0
2017,2,Hello Harvard,Dillon Panthers,61.28,131.92,Hello Harvard,Dillon Panthers,-70.63999999999999,0,1,0,1.0,10.0,0.0,0.09090909090909091,11.0,12.0,0.09090909090909091,0,0,0,0,0
2019,6,Uncle Rico,Joe Mantegna,61.2,109.14,Uncle Rico,Joe Mantegna,-47.94,0,1,0,1.0,10.0,0.0,0.09090909090909091,11.0,12.0,0.09090909090909091,0,0,0,0,0
2017,5,Hello Harvard,Little Red Fournette,60.76,115.64,Hello Harvard,Post Mahomes,-54.88,0,1,0,1.0,10.0,0.0,0.09090909090909091,11.0,12.0,0.09090909090909091,0,0,0,0,0
2017,10,Ur The Best Bellows,Little Red Fournette,60.0,95.56,Joe Mantegna,Post Mahomes,-35.56,0,1,0,1.0,10.0,0.0,0.09090909090909091,11.0,12.0,0.09090909090909091,0,0,0,0,0
2017,11,Dillon Panthers,Little Red Fournette,59.16,117.9,Dillon Panthers,Post Mahomes,-58.74000000000001,0,1,0,1.0,10.0,0.0,0.09090909090909091,11.0,12.0,0.09090909090909091,0,0,0,0,0
2017,1,Pop Lockett Drop it,Little Red Fournette,58.74,103.54,Pop Lockett Drop it,Post Mahomes,-44.800000000000004,0,1,0,1.0,10.0,0.0,0.09090909090909091,11.0,12.0,0.09090909090909091,0,0,0,0,0
2020,3,malle_dips_pouches,Pop Lockett Drop it,109.24,122.12,malle_dips_pouches,Pop Lockett Drop it,-12.88000000000001,0,1,0,0.0,11.0,0.0,0.0,12.0,12.0,0.0,0,0,0,0,0
2022,4,Pop Lockett Drop it,Post Mahomes,98.62,105.2,Pop Lockett Drop it,Post Mahomes,-6.579999999999998,0,1,0,0.0,11.0,0.0,0.0,12.0,12.0,0.0,0,0,0,0,0
2021,1,malle_dips_pouches,Joe Mantegna,98.48,107.28,malle_dips_pouches,Joe Mantegna,-8.799999999999997,0,1,0,0.0,11.0,0.0,0.0,12.0,12.0,0.0,0,0,0,0,0
2021,5,malle_dips_pouches,Ginger FC,96.48,160.66,malle_dips_pouches,Ginger FC,-64.17999999999999,0,1,0,0.0,11.0,0.0,0.0,12.0,12.0,0.0,0,0,0,0,0
2021,2,Patty Primetimes,Malle ❤️ 🐸,91.36,127.84,Patty Primetimes,Malle ❤️ 🐸,-36.480000000000004,0,1,0,0.0,11.0,0.0,0.0,12.0,12.0,0.0,0,0,0,0,0
2023,13,You Better Park It,Joe Mantegna,91.06,92.88,Buttermilk Puuump,Joe Mantegna,-1.8199999999999932,0,1,0,0.0,11.0,0.0,0.0,12.0,12.0,0.0,0,0,0,0,0
2025,4,The Big Gronkowski,Ginger FC,90.42,97.52,The Big Gronkowski,Ginger FC,-7.099999999999994,0,1,0,0.0,11.0,0.0,0.0,12.0,12.0,0.0,0,0,0,0,0
2020,2,Pop Lockett Drop it,Big Sack Jack,89.9,131.38,Pop Lockett Drop it,Big Sack Jack,-41.47999999999999,0,1,0,0.0,11.0,0.0,0.0,12.0,12.0,0.0,0,0,0,0,0
2023,12,Uncle Rico,malle_dips_pouches,89.68,90.26,Uncle Rico,malle_dips_pouches,-0.5799999999999983,0,1,0,0.0,11.0,0.0,0.0,12.0,12.0,0.0,0,0,0,0,0
2021,7,Post Mahomes,Malle ❤️ 🐸,89.44,126.74,Post Mahomes,Malle ❤️ 🐸,-37.3,0,1,0,0.0,11.0,0.0,0.0,12.0,12.0,0.0,0,0,0,0,0
2024,12,malle_dips_pouches,Voldemort,88.8,99.32,malle_dips_pouches,Voldemort,-10.519999999999996,0,1,0,0.0,11.0,0.0,0.0,12.0,12.0,0.0,0,0,0,0,0
2018,5,PickUpYourBratsMalle,The Big Gronkowski,86.94,93.86,ThreatLevelMidnight,The Big Gronkowski,-6.920000000000002,0,1,0,0.0,11.0,0.0,0.0,12.0,12.0,0.0,0,0,0,0,0
2025,10,malle_dips_pouches,Patty Primetimes,85.92,107.24,malle_dips_pouches,Patty Primetimes,-21.319999999999993,0,1,0,0.0,11.0,0.0,0.0,12.0,12.0,0.0,0,0,0,0,0
2021,3,Post Mahomes,Big Sack Jack,85.74,101.4,Post Mahomes,Big Sack Jack,-15.66000000000001,0,1,0,0.0,11.0,0.0,0.0,12.0,12.0,0.0,0,0,0,0,0
2020,1,The Big Gronkowski,Malle ❤️ 🐸,85.4,147.86,The Big Gronkowski,Malle ❤️ 🐸,-62.46000000000001,0,1,0,0.0,11.0,0.0,0.0,12.0,12.0,0.0,0,0,0,0,0
2021,4,Uncle Rico,Pop Lockett Drop it,83.94,89.7,Uncle Rico,Pop Lockett Drop it,-5.760000000000005,0,1,0,0.0,11.0,0.0,0.0,12.0,12.0,0.0,0,0,0,0,0
2024,2,Buttermilk Puuump,Pop Lockett Drop it,83.48,130.9,Buttermilk Puuump,Pop Lockett Drop it,-47.42,0,1,0,0.0,11.0,0.0,0.0,12.0,12.0,0.0,0,0,0,0,0
2018,10,Pop Lockett Drop it,Dillon Panthers,83.4,122.9,Pop Lockett Drop it,Dillon Panthers,-39.5,0,1,0,0.0,11.0,0.0,0.0,12.0,12.0,0.0,0,0,0,0,0
2018,8,The Big Gronkowski,Ginger FC,83.2,95.94,The Big Gronkowski,Ginger FC,-12.739999999999995,0,1,0,0.0,11.0,0.0,0.0,12.0,12.0,0.0,0,0,0,0,0
2018,2,Ginger FC,PickUpYourBratsMalle,83.04,127.1,Ginger FC,ThreatLevelMidnight,-44.05999999999999,0,1,0,0.0,11.0,0.0,0.0,12.0,12.0,0.0,0,0,0,0,0
2022,8,Pop Lockett Drop it,malle_dips_pouches,82.84,143.58,Pop Lockett Drop it,malle_dips_pouches,-60.74000000000001,0,1,0,0.0,11.0,0.0,0.0,12.0,12.0,0.0,0,0,0,0,0
2022,9,malle_dips_pouches,The Big Gronkowski,82.72,123.8,malle_dips_pouches,The Big Gronkowski,-41.08,0,1,0,0.0,11.0,0.0,0.0,12.0,12.0,0.0,0,0,0,0,0
2024,8,The Big Gronkowski,malle_dips_pouches,82.36,110.34,The Big Gronkowski,malle_dips_pouches,-27.980000000000004,0,1,0,0.0,11.0,0.0,0.0,12.0,12.0,0.0,0,0,0,0,0
2024,11,Patty Primetimes,Buttermilk Puuump,81.64,145.68,Patty Primetimes,Buttermilk Puuump,-64.04,0,1,0,0.0,11.0,0.0,0.0,12.0,12.0,0.0,0,0,0,0,0
2025,11,Voldemort,malle_dips_pouches,81.54,85.7,Voldemort,malle_dips_pouches,-4.159999999999997,0,1,0,0.0,11.0,0.0,0.0,12.0,12.0,0.0,0,0,0,0,0
2024,13,Malle ❤️ 🐸,Uncle Rico,81.22,88.04,Malle ❤️ 🐸,Uncle Rico,-6.820000000000007,0,1,0,0.0,11.0,0.0,0.0,12.0,12.0,0.0,0,0,0,0,0
2020,12,Patty Primetimes,Post Mahomes,81.08,87.02,Patty Primetimes,Post Mahomes,-5.939999999999998,0,1,0,0.0,11.0,0.0,0.0,12.0,12.0,0.0,0,0,0,0,0
2020,4,Patty Primetimes,Voldemort,80.72,105.78,Patty Primetimes,Voldemort,-25.060000000000002,0,1,0,0.0,11.0,0.0,0.0,12.0,12.0,0.0,0,0,0,0,0
2022,13,The Big Gronkowski,Big Sack Jack,80.62,147.24,The Big Gronkowski,Big Sack Jack,-66.62,0,1,0,0.0,11.0,0.0,0.0,12.0,12.0,0.0,0,0,0,0,0
2022,7,Malle ❤️ 🐸,Pop Lockett Drop it,80.5,81.52,Malle ❤️ 🐸,Pop Lockett Drop it,-1.019999999999996,0,1,0,0.0,11.0,0.0,0.0,12.0,12.0,0.0,0,0,0,0,0
2018,1,Malle ❤️ 🐸,The Big Gronkowski,79.84,83.66,Malle ❤️ 🐸,The Big Gronkowski,-3.819999999999993,0,1,0,0.0,11.0,0.0,0.0,12.0,12.0,0.0,0,0,0,0,0
2021,6,Joe Mantegna,Patty Primetimes,79.8,97.32,Joe Mantegna,Patty Primetimes,-17.519999999999996,0,1,0,0.0,11.0,0.0,0.0,12.0,12.0,0.0,0,0,0,0,0
2024,10,Ginger FC,Patty Primetimes,79.74,89.68,Ginger FC,Patty Primetimes,-9.940000000000012,0,1,0,0.0,11.0,0.0,0.0,12.0,12.0,0.0,0,0,0,0,0
2024,7,Pop Lockett Drop it,The Big Gronkowski,79.54,112.34,Pop Lockett Drop it,The Big Gronkowski,-32.8,0,1,0,0.0,11.0,0.0,0.0,12.0,12.0,0.0,0,0,0,0,0
2025,14,malle_dips_pouches,Ginger FC,79.5,87.56,malle_dips_pouches,Ginger FC,-8.060000000000002,0,1,0,0.0,11.0,0.0,0.0,12.0,12.0,0.0,0,0,0,0,0
2025,2,Malle ❤️ 🐸,Voldemort,79.4,111.0,Malle ❤️ 🐸,Voldemort,-31.599999999999994,0,1,0,0.0,11.0,0.0,0.0,12.0,12.0,0.0,0,0,0,0,0
2025,9,Joe Mantegna,Uncle Rico,78.02,105.98,Joe Mantegna,Uncle Rico,-27.960000000000008,0,1,0,0.0,11.0,0.0,0.0,12.0,12.0,0.0,0,0,0,0,0
2019,3,Malle ❤️ 🐸,Voldemort,77.84,132.06,Malle ❤️ 🐸,Voldemort,-54.22,0,1,0,0.0,11.0,0.0,0.0,12.0,12.0,0.0,0,0,0,0,0
2018,4,Malle ❤️ 🐸,Joe Mantegna,77.46,131.56,Malle ❤️ 🐸,Joe Mantegna,-54.10000000000001,0,1,0,0.0,11.0,0.0,0.0,12.0,12.0,0.0,0,0,0,0,0
2024,5,Ginger FC,Joe Mantegna,76.86,102.18,Ginger FC,Joe Mantegna,-25.320000000000007,0,1,0,0.0,11.0,0.0,0.0,12.0,12.0,0.0,0,0,0,0,0
2023,2,Uncle Rico,ThreatLevelMidnight,76.78,112.14,Uncle Rico,ThreatLevelMidnight,-35.36,0,1,0,0.0,11.0,0.0,0.0,12.0,12.0,0.0,0,0,0,0,0
2022,11,Pop Lockett Drop it,Voldemort,76.72,114.38,Pop Lockett Drop it,Voldemort,-37.66,0,1,0,0.0,11.0,0.0,0.0,12.0,12.0,0.0,0,0,0,0,0
2022,2,Pop Lockett Drop it,Joe Mantegna,76.66,121.86,Pop Lockett Drop it,Joe Mantegna,-45.2,0,1,0,0.0,11.0,0.0,0.0,12.0,12.0,0.0,0,0,0,0,0
2025,12,Malle ❤️ 🐸,Patty Primetimes,76.54,126.82,Malle ❤️ 🐸,Patty Primetimes,-50.27999999999999,0,1,0,0.0,11.0,0.0,0.0,12.0,12.0,0.0,0,0,0,0,0
2025,3,Buttermilk Puuump,Uncle Rico,76.28,141.02,Buttermilk Puuump,Uncle Rico,-64.74000000000001,0,1,0,0.0,11.0,0.0,0.0,12.0,12.0,0.0,0,0,0,0,0
2020,11,Patty Primetimes,The Big Gronkowski,75.52,115.6,Patty Primetimes,The Big Gronkowski,-40.08,0,1,0,0.0,11.0,0.0,0.0,12.0,12.0,0.0,0,0,0,0,0
2023,4,Malle ❤️ 🐸,Joe Mantegna,75.46,96.5,Malle ❤️ 🐸,Joe Mantegna,-21.040000000000006,0,1,0,0.0,11.0,0.0,0.0,12.0,12.0,0.0,0,0,0,0,0
2022,5,ThreatLevelMidnight,Pop Lockett Drop it,75.16,109.16,ThreatLevelMidnight,Pop Lockett Drop it,-34.0,0,1,0,0.0,11.0,0.0,0.0,12.0,12.0,0.0,0,0,0,0,0
2023,10,Ginger FC,Post Mahomes,74.94,98.3,Ginger FC,Post Mahomes,-23.36,0,1,0,0.0,11.0,0.0,0.0,12.0,12.0,0.0,0,0,0,0,0
2022,10,Ginger FC,Big Sack Jack,74.78,102.12,Ginger FC,Big Sack Jack,-27.340000000000003,0,1,0,0.0,11.0,0.0,0.0,12.0,12.0,0.0,0,0,0,0,0
2018,7,Uncle Rico,malle_dips_pouches,73.24,93.78,Uncle Rico,malle_dips_pouches,-20.540000000000006,0,1,0,0.0,11.0,0.0,0.0,12.0,12.0,0.0,0,0,0,0,0
2023,14,Pop Lockett Drop it,Joe Mantegna,73.14,112.2,Pop Lockett Drop it,Joe Mantegna,-39.06,0,1,0,0.0,11.0,0.0,0.0,12.0,12.0,0.0,0,0,0,0,0
2025,1,The Big Gronkowski,Post Mahomes,72.68,125.82,The Big Gronkowski,Post Mahomes,-53.139999999999986,0,1,0,0.0,11.0,0.0,0.0,12.0,12.0,0.0,0,0,0,0,0
2019,2,The Big Gronkowski,Voldemort,72.32,96.92,The Big Gronkowski,Voldemort,-24.60000000000001,0,1,0,0.0,11.0,0.0,0.0,12.0,12.0,0.0,0,0,0,0,0
2021,9,Ginger FC,Voldemort,72.1,126.58,Ginger FC,Voldemort,-54.480000000000004,0,1,0,0.0,11.0,0.0,0.0,12.0,12.0,0.0,0,0,0,0,0
2022,12,Patty Primetimes,malle_dips_pouches,72.0,142.66,Patty Primetimes,malle_dips_pouches,-70.66,0,1,0,0.0,11.0,0.0,0.0,12.0,12.0,0.0,0,0,0,0,0
2025,6,Voldemort,The Big Gronkowski,72.0,99.84,Voldemort,The Big Gronkowski,-27.840000000000003,0,1,0,0.0,11.0,0.0,0.0,12.0,12.0,0.0,0,0,0,0,0
2018,11,Voldemort,Uncle Rico,71.98,98.68,Voldemort,Uncle Rico,-26.700000000000003,0,1,0,0.0,11.0,0.0,0.0,12.0,12.0,0.0,0,0,0,0,0
2020,6,Ginger FC,Uncle Rico,71.94,103.08,Ginger FC,Uncle Rico,-31.14,0,1,0,0.0,11.0,0.0,0.0,12.0,12.0,0.0,0,0,0,0,0
2021,11,Big Sack Jack,Joe Mantegna,71.4,161.38,Big Sack Jack,Joe Mantegna,-89.97999999999999,0,1,0,0.0,11.0,0.0,0.0,12.0,12.0,0.0,0,0,0,0,0
2024,1,Uncle Rico,Patty Primetimes,71.34,156.68,Uncle Rico,Patty Primetimes,-85.34,0,1,0,0.0,11.0,0.0,0.0,12.0,12.0,0.0,0,0,0,0,0
2023,6,Ginger FC,Patty Primetimes,71.3,106.58,Ginger FC,Patty Primetimes,-35.28,0,1,0,0.0,11.0,0.0,0.0,12.0,12.0,0.0,0,0,0,0,0
2022,14,Pop Lockett Drop it,Ginger FC,70.76,93.56,Pop Lockett Drop it,Ginger FC,-22.799999999999997,0,1,0,0.0,11.0,0.0,0.0,12.0,12.0,0.0,0,0,0,0,0
2019,1,malle_dips_pouches,Voldemort,70.6,130.52,malle_dips_pouches,Voldemort,-59.920000000000016,0,1,0,0.0,11.0,0.0,0.0,12.0,12.0,0.0,0,0,0,0,0
2018,6,malle_dips_pouches,Joe Mantegna,70.24,116.08,malle_dips_pouches,Joe Mantegna,-45.84,0,1,0,0.0,11.0,0.0,0.0,12.0,12.0,0.0,0,0,0,0,0
2019,8,Uncle Rico,Patty Primetimes,69.9,94.16,Uncle Rico,Patty Primetimes,-24.25999999999999,0,1,0,0.0,11.0,0.0,0.0,12.0,12.0,0.0,0,0,0,0,0
2023,9,The Big Gronkowski,Ginger FC,69.44,106.08,The Big Gronkowski,Ginger FC,-36.64,0,1,0,0.0,11.0,0.0,0.0,12.0,12.0,0.0,0,0,0,0,0
2021,8,Big Sack Jack,The Big Gronkowski,69.1,148.6,Big Sack Jack,The Big Gronkowski,-79.5,0,1,0,0.0,11.0,0.0,0.0,12.0,12.0,0.0,0,0,0,0,0
2024,9,ThreatLevelMidnight,Patty Primetimes,69.06,127.96,ThreatLevelMidnight,Patty Primetimes,-58.89999999999999,0,1,0,0.0,11.0,0.0,0.0,12.0,12.0,0.0,0,0,0,0,0
2017,9,Malle ❤️ 🐸,Ginger FC,68.86,85.72,Malle ❤️ 🐸,Ginger FC,-16.86,0,1,0,0.0,11.0,0.0,0.0,12.0,12.0,0.0,0,0,0,0,0
2018,9,Ginger FC,Malle ❤️ 🐸,68.8,105.4,Ginger FC,Malle ❤️ 🐸,-36.60000000000001,0,1,0,0.0,11.0,0.0,0.0,12.0,12.0,0.0,0,0,0,0,0
2020,13,Ginger FC,Post Mahomes,68.52,139.62,Ginger FC,Post Mahomes,-71.10000000000001,0,1,0,0.0,11.0,0.0,0.0,12.0,12.0,0.0,0,0,0,0,0
2024,3,Pop Lockett Drop it,Uncle Rico,68.5,120.08,Pop Lockett Drop it,Uncle Rico,-51.58,0,1,0,0.0,11.0,0.0,0.0,12.0,12.0,0.0,0,0,0,0,0
2024,4,malle_dips_pouches,Malle ❤️ 🐸,68.38,96.82,malle_dips_pouches,Malle ❤️ 🐸,-28.439999999999998,0,1,0,0.0,11.0,0.0,0.0,12.0,12.0,0.0,0,0,0,0,0
2017,13,Malle ❤️ 🐸,malle_dips_pouches,67.98,87.58,Malle ❤️ 🐸,malle_dips_pouches,-19.599999999999994,0,1,0,0.0,11.0,0.0,0.0,12.0,12.0,0.0,0,0,0,0,0
2023,7,Ginger FC,malle_dips_pouches,67.48,76.1,Ginger FC,malle_dips_pouches,-8.61999999999999,0,1,0,0.0,11.0,0.0,0.0,12.0,12.0,0.0,0,0,0,0,0
2022,6,Patty Primetimes,Joe Mantegna,67.14,69.22,Patty Primetimes,Joe Mantegna,-2.0799999999999983,0,1,0,0.0,11.0,0.0,0.0,12.0,12.0,0.0,0,0,0,0,0
2019,10,Ginger FC,Voldemort,67.08,136.34,Ginger FC,Voldemort,-69.26,0,1,0,0.0,11.0,0.0,0.0,12.0,12.0,0.0,0,0,0,0,0
2023,8,Voldemort,Uncle Rico,66.88,154.62,Voldemort,Uncle Rico,-87.74000000000001,0,1,0,0.0,11.0,0.0,0.0,12.0,12.0,0.0,0,0,0,0,0
2021,10,ThreatLevelMidnight,Post Mahomes,66.84,126.34,ThreatLevelMidnight,Post Mahomes,-59.5,0,1,0,0.0,11.0,0.0,0.0,12.0,12.0,0.0,0,0,0,0,0
2017,3,Ginger FC,PickUpYourBratsMalle,66.76,76.72,Ginger FC,ThreatLevelMidnight,-9.959999999999994,0,1,0,0.0,11.0,0.0,0.0,12.0,12.0,0.0,0,0,0,0,0
2023,5,You Better Park It,Voldemort,66.72,78.54,Buttermilk Puuump,Voldemort,-11.820000000000007,0,1,0,0.0,11.0,0.0,0.0,12.0,12.0,0.0,0,0,0,0,0
2022,1,ThreatLevelMidnight,Ginger FC,66.36,126.72,ThreatLevelMidnight,Ginger FC,-60.36,0,1,0,0.0,11.0,0.0,0.0,12.0,12.0,0.0,0,0,0,0,0
2025,5,The Big Gronkowski,Patty Primetimes,66.12,107.12,The Big Gronkowski,Patty Primetimes,-41.0,0,1,0,0.0,11.0,0.0,0.0,12.0,12.0,0.0,0,0,0,0,0
2020,5,Uncle Rico,Post Mahomes,65.12,102.1,Uncle Rico,Post Mahomes,-36.97999999999999,0,1,0,0.0,11.0,0.0,0.0,12.0,12.0,0.0,0,0,0,0,0
2019,5,Joe Mantegna,Voldemort,64.86,105.44,Joe Mantegna,Voldemort,-40.58,0,1,0,0.0,11.0,0.0,0.0,12.0,12.0,0.0,0,0,0,0,0
2020,10,Big Sack Jack,Voldemort,64.62,102.68,Big Sack Jack,Voldemort,-38.06,0,1,0,0.0,11.0,0.0,0.0,12.0,12.0,0.0,0,0,0,0,0
2025,8,ThreatLevelMidnight,Uncle Rico,64.58,134.18,ThreatLevelMidnight,Uncle Rico,-69.60000000000001,0,1,0,0.0,11.0,0.0,0.0,12.0,12.0,0.0,0,0,0,0,0
2020,8,Joe Mantegna,Pop Lockett Drop it,64.36,102.84,Joe Mantegna,Pop Lockett Drop it,-38.480000000000004,0,1,0,0.0,11.0,0.0,0.0,12.0,12.0,0.0,0,0,0,0,0
2020,7,Big Sack Jack,Uncle Rico,63.9,110.18,Big Sack Jack,Uncle Rico,-46.28000000000001,0,1,0,0.0,11.0,0.0,0.0,12.0,12.0,0.0,0,0,0,0,0
2019,7,Malle ❤️ 🐸,Pop Lockett Drop it,63.46,90.24,Malle ❤️ 🐸,Pop Lockett Drop it,-26.779999999999994,0,1,0,0.0,11.0,0.0,0.0,12.0,12.0,0.0,0,0,0,0,0
2019,4,Ginger FC,Post Mahomes,62.54,81.4,Ginger FC,Post Mahomes,-18.860000000000007,0,1,0,0.0,11.0,0.0,0.0,12.0,12.0,0.0,0,0,0,0,0
2024,6,The Big Gronkowski,Malle ❤️ 🐸,62.22,98.36,The Big Gronkowski,Malle ❤️ 🐸,-36.14,0,1,0,0.0,11.0,0.0,0.0,12.0,12.0,0.0,0,0,0,0,0
2017,8,Ur The Best Bellows,Pop Lockett Drop it,61.9,86.96,Joe Mantegna,Pop Lockett Drop it,-25.059999999999995,0,1,0,0.0,11.0,0.0,0.0,12.0,12.0,0.0,0,0,0,0,0
2022,3,ThreatLevelMidnight,Post Mahomes,61.54,82.24,ThreatLevelMidnight,Post Mahomes,-20.699999999999996,0,1,0,0.0,11.0,0.0,0.0,12.0,12.0,0.0,0,0,0,0,0
2018,12,Big Sack Jack,Voldemort,61.04,106.22,Big Sack Jack,Voldemort,-45.18,0,1,0,0.0,11.0,0.0,0.0,12.0,12.0,0.0,0,0,0,0,0
2017,4,Malle ❤️ 🐸,Ur The Best Bellows,60.88,104.78,Malle ❤️ 🐸,Joe Mantegna,-43.9,0,1,0,0.0,11.0,0.0,0.0,12.0,12.0,0.0,0,0,0,0,0
2017,12,Hello Harvard,Ur The Best Bellows,60.7,65.0,Hello Harvard,Joe Mantegna,-4.299999999999997,0,1,0,0.0,11.0,0.0,0.0,12.0,12.0,0.0,0,0,0,0,0
2023,11,Ginger FC,Voldemort,60.44,119.96,Ginger FC,Voldemort,-59.519999999999996,0,1,0,0.0,11.0,0.0,0.0,12.0,12.0,0.0,0,0,0,0,0
2021,12,malle_dips_pouches,Joe Mantegna,60.42,102.12,malle_dips_pouches,Joe Mantegna,-41.7,0,1,0,0.0,11.0,0.0,0.0,12.0,12.0,0.0,0,0,0,0,0
2019,11,Big Sack Jack,Voldemort,60.34,107.08,Big Sack Jack,Voldemort,-46.739999999999995,0,1,0,0.0,11.0,0.0,0.0,12.0,12.0,0.0,0,0,0,0,0
2017,6,Dillon Panthers,Voldemort,60.32,107.38,Dillon Panthers,Voldemort,-47.059999999999995,0,1,0,0.0,11.0,0.0,0.0,12.0,12.0,0.0,0,0,0,0,0
2017,7,Ur The Best Bellows,Dillon Panthers,60.26,77.54,Joe Mantegna,Dillon Panthers,-17.28000000000001,0,1,0,0.0,11.0,0.0,0.0,12.0,12.0,0.0,0,0,0,0,0
2017,5,malle_dips_pouches,Ginger FC,59.94,84.12,malle_dips_pouches,Ginger FC,-24.180000000000007,0,1,0,0.0,11.0,0.0,0.0,12.0,12.0,0.0,0,0,0,0,0
2019,13,The Big Gronkowski,Voldemort,59.4,69.7,The Big Gronkowski,Voldemort,-10.300000000000004,0,1,0,0.0,11.0,0.0,0.0,12.0,12.0,0.0,0,0,0,0,0
2017,2,Malle ❤️ 🐸,malle_dips_pouches,59.12,125.6,Malle ❤️ 🐸,malle_dips_pouches,-66.47999999999999,0,1,0,0.0,11.0,0.0,0.0,12.0,12.0,0.0,0,0,0,0,0
2019,9,Malle ❤️ 🐸,Ginger FC,58.04,115.7,Malle ❤️ 🐸,Ginger FC,-57.660000000000004,0,1,0,0.0,11.0,0.0,0.0,12.0,12.0,0.0,0,0,0,0,0
2025,7,malle_dips_pouches,ThreatLevelMidnight,57.74,125.42,malle_dips_pouches,ThreatLevelMidnight,-67.68,0,1,0,0.0,11.0,0.0,0.0,12.0,12.0,0.0,0,0,0,0,0
2024,14,Joe Mantegna,malle_dips_pouches,57.44,126.18,Joe Mantegna,malle_dips_pouches,-68.74000000000001,0,1,0,0.0,11.0,0.0,0.0,12.0,12.0,0.0,0,0,0,0,0
2018,3,Ginger FC,Pop Lockett Drop it,56.9,127.26,Ginger FC,Pop Lockett Drop it,-70.36000000000001,0,1,0,0.0,11.0,0.0,0.0,12.0,12.0,0.0,0,0,0,0,0
2017,10,Malle ❤️ 🐸,Hello Harvard,55.72,119.86,Malle ❤️ 🐸,Hello Harvard,-64.14,0,1,0,0.0,11.0,0.0,0.0,12.0,12.0,0.0,0,0,0,0,0
2019,12,Pop Lockett Drop it,Uncle Rico,55.4,112.9,Pop Lockett Drop it,Uncle Rico,-57.50000000000001,0,1,0,0.0,11.0,0.0,0.0,12.0,12.0,0.0,0,0,0,0,0
2023,3,Ginger FC,Malle ❤️ 🐸,55.28,127.68,Ginger FC,Malle ❤️ 🐸,-72.4,0,1,0,0.0,11.0,0.0,0.0,12.0,12.0,0.0,0,0,0,0,0
2019,6,The Big Gronkowski,Pop Lockett Drop it,55.0,100.0,The Big Gronkowski,Pop Lockett Drop it,-45.0,0,1,0,0.0,11.0,0.0,0.0,12.0,12.0,0.0,0,0,0,0,0
2018,13,Malle ❤️ 🐸,malle_dips_pouches,54.72,72.58,Malle ❤️ 🐸,malle_dips_pouches,-17.86,0,1,0,0.0,11.0,0.0,0.0,12.0,12.0,0.0,0,0,0,0,0
2023,1,Uncle Rico,malle_dips_pouches,52.38,80.64,Uncle Rico,malle_dips_pouches,-28.259999999999998,0,1,0,0.0,11.0,0.0,0.0,12.0,12.0,0.0,0,0,0,0,0
2020,9,Patty Primetimes,Uncle Rico,51.94,73.4,Patty Primetimes,Uncle Rico,-21.460000000000008,0,1,0,0.0,11.0,0.0,0.0,12.0,12.0,0.0,0,0,0,0,0
2025,13,Voldemort,Malle ❤️ 🐸,50.62,91.96,Voldemort,Malle ❤️ 🐸,-41.339999999999996,0,1,0,0.0,11.0,0.0,0.0,12.0,12.0,0.0,0,0,0,0,0
2021,13,Uncle Rico,Joe Mantegna,49.72,144.18,Uncle Rico,Joe Mantegna,-94.46000000000001,0,1,0,0.0,11.0,0.0,0.0,12.0,12.0,0.0,0,0,0,0,0
2017,1,Ur The Best Bellows,Hello Harvard,48.22,132.38,Joe Mantegna,Hello Harvard,-84.16,0,1,0,0.0,11.0,0.0,0.0,12.0,12.0,0.0,0,0,0,0,0
2021,14,malle_dips_pouches,Pop Lockett Drop it,47.68,88.76,malle_dips_pouches,Pop Lockett Drop it,-41.080000000000005,0,1,0,0.0,11.0,0.0,0.0,12.0,12.0,0.0,0,0,0,0,0
2017,11,Ur The Best Bellows,Ginger FC,43.9,96.94,Joe Mantegna,Ginger FC,-53.04,0,1,0,0.0,11.0,0.0,0.0,12.0,12.0,0.0,0,0,0,0,0
