year,round,pick_in_round,overall_pick,team,player,keeper,name_key,canonical_team,season_points,roster_weeks,position,captured_points,captured_weeks,started_points,starts,retention_rate,starter_capture_rate,draft_value_eligible,position_percentile,expected_position_percentile,comparison_sample,draft_value,value_above_expected,capture_rate,starter_utilization_rate,expected_points,value_ratio,captured_value_above_expected,captured_value_ratio,draft_result
2017,1,1,1,Post Mahomes,David Johnson,False,david johnson,Post Mahomes,7.0,13.0,RB,7.0,13.0,7.0,1.0,1.0,1.0,True,16.867469879518072,90.54054054054053,103.0,-73.67307066102246,-73.67307066102246,1.0,1.0,90.54054054054053,0.18629742852005038,-73.67307066102246,1.0,Major Bust
2017,1,2,2,Pop Lockett Drop it,Le'Veon Bell,False,leveon bell,Pop Lockett Drop it,187.9,13.0,RB,187.9,13.0,187.9,12.0,1.0,1.0,True,98.79518072289156,89.65517241379311,111.0,9.140008309098448,9.140008309098448,1.0,1.0,89.65517241379311,1.1019462465245595,9.140008309098448,1.0,Near Expectation
2017,1,3,3,ThreatLevelMidnight,Antonio Brown,False,antonio brown,ThreatLevelMidnight,185.6,13.0,WR,185.6,13.0,185.6,12.0,1.0,1.0,True,100.0,90.5643879173291,118.0,9.4356120826709,9.4356120826709,1.0,1.0,90.5643879173291,1.1041867813569735,9.4356120826709,1.0,Near Expectation
2017,1,4,4,Joe Mantegna,Odell Beckham Jr.,False,odell beckham,Joe Mantegna,49.0,13.0,WR,49.0,13.0,49.0,5.0,1.0,1.0,True,46.913580246913575,89.41176470588236,125.0,-42.49818445896879,-42.49818445896879,1.0,1.0,89.41176470588236,0.5246913580246912,-42.49818445896879,1.0,Major Bust
2017,1,5,5,malle_dips_pouches,Julio Jones,False,julio jones,malle_dips_pouches,125.8,13.0,WR,125.8,13.0,125.8,12.0,1.0,1.0,True,92.5925925925926,87.83783783783784,133.0,4.754754754754757,4.754754754754757,1.0,1.0,87.83783783783784,1.0541310541310542,4.754754754754757,1.0,Near Expectation
2017,1,6,6,Malle ❤️ 🐸,LeSean McCoy,False,lesean mccoy,Malle ❤️ 🐸,143.5,13.0,RB,143.5,13.0,143.5,12.0,1.0,1.0,True,90.36144578313254,88.50574712643679,141.0,1.8556986566957505,1.8556986566957505,1.0,1.0,88.50574712643679,1.0209669848224066,1.8556986566957505,1.0,Near Expectation
2017,1,7,7,Ginger FC,Mike Evans,False,mike evans,Ginger FC,97.5,13.0,WR,39.6,5.0,39.6,4.0,0.40615384615384614,1.0,True,80.24691358024691,87.05882352941177,149.0,-6.811909949164857,-6.811909949164857,0.40615384615384614,1.0,87.05882352941177,0.921755088421755,-2.7666834255069572,0.40615384615384614,Near Expectation
2017,1,8,8,Dillon Panthers,Devonta Freeman,False,devonta freeman,Dillon Panthers,103.3,13.0,RB,94.9,9.0,94.9,8.0,0.9186834462729914,1.0,True,80.72289156626506,86.81318681318682,157.0,-6.090295246921755,-6.090295246921755,0.9186834462729914,1.0,86.81318681318682,0.9298459661430531,-5.595053426262097,0.9186834462729914,Near Expectation
2017,1,9,9,The Big Gronkowski,A.J. Green,False,aj green,The Big Gronkowski,134.6,13.0,WR,79.8,9.0,79.8,8.0,0.5928677563150074,1.0,True,96.29629629629629,86.66666666666667,165.0,9.629629629629619,9.629629629629619,0.5928677563150074,1.0,86.66666666666667,1.111111111111111,5.709096912663028,0.5928677563150074,Near Expectation
2017,1,10,10,Voldemort,Melvin Gordon III,False,melvin gordon,Voldemort,161.7,13.0,RB,161.7,13.0,161.7,12.0,1.0,1.0,True,93.97590361445783,86.24140087554721,172.0,7.734502738910621,7.734502738910621,1.0,1.0,86.24140087554721,1.0896843356020165,7.734502738910621,1.0,Near Expectation
2017,1,11,11,Hello Harvard,Michael Thomas,False,michael thomas,Hello Harvard,105.5,13.0,WR,105.5,13.0,105.5,12.0,1.0,1.0,True,85.18518518518519,85.8058608058608,180.0,-0.6206756206756125,-0.6206756206756125,1.0,1.0,85.8058608058608,0.992766512510376,-0.6206756206756125,1.0,Near Expectation
2017,1,12,12,Big Sack Jack,DeMarco Murray,False,demarco murray,Big Sack Jack,109.6,13.0,RB,26.8,3.0,8.8,2.0,0.24452554744525548,0.3283582089552239,True,83.13253012048193,85.71428571428571,187.0,-2.581755593803777,-2.581755593803777,0.24452554744525548,0.3283582089552239,85.71428571428571,0.9698795180722892,-0.6313051999447192,0.24452554744525548,Near Expectation
2017,2,1,13,Big Sack Jack,Brandin Cooks,False,brandin cooks,Big Sack Jack,123.2,13.0,WR,123.2,13.0,123.2,12.0,1.0,1.0,True,91.35802469135803,85.36585365853658,194.0,5.992171032821446,5.992171032821446,1.0,1.0,85.36585365853658,1.070194003527337,5.992171032821446,1.0,Near Expectation
2017,2,2,14,Hello Harvard,Jordan Howard,False,jordan howard,Hello Harvard,125.1,13.0,RB,125.1,13.0,98.5,11.0,1.0,0.7873701039168666,True,87.95180722891565,85.8974358974359,193.0,2.054371331479757,2.054371331479757,1.0,0.7873701039168666,85.8974358974359,1.0239165617694659,2.054371331479757,1.0,Near Expectation
2017,2,3,15,Voldemort,Jordy Nelson,False,jordy nelson,Voldemort,77.0,13.0,WR,77.0,13.0,69.8,8.0,1.0,0.9064935064935065,True,67.90123456790124,85.36585365853658,193.0,-17.46461909063534,-17.46461909063534,1.0,0.9064935064935065,85.36585365853658,0.7954144620811289,-17.46461909063534,1.0,Near Expectation
2017,2,4,16,The Big Gronkowski,Ezekiel Elliott,False,ezekiel elliott,The Big Gronkowski,151.29999999999998,13.0,RB,151.29999999999998,13.0,151.29999999999998,8.0,1.0,1.0,True,92.7710843373494,83.8918918918919,192.0,8.879192445457491,8.879192445457491,1.0,1.0,83.8918918918919,1.1058408893305178,8.879192445457491,1.0,Near Expectation
2017,2,5,17,Dillon Panthers,Dez Bryant,False,dez bryant,Dillon Panthers,93.9,13.0,WR,93.9,13.0,93.9,12.0,1.0,1.0,True,76.5432098765432,83.52713178294574,192.0,-6.983921906402543,-6.983921906402543,1.0,1.0,83.52713178294574,0.916387385064879,-6.983921906402543,1.0,Near Expectation
2017,2,6,18,Ginger FC,Jay Ajayi,False,jay ajayi,Ginger FC,82.89999999999999,13.0,RB,82.89999999999999,13.0,82.89999999999999,11.0,1.0,1.0,True,69.87951807228916,82.3926868044515,192.0,-12.513168732162342,-12.513168732162342,1.0,1.0,82.3926868044515,0.8481276771340065,-12.513168732162342,1.0,Near Expectation
2017,2,7,19,Malle ❤️ 🐸,Amari Cooper,False,amari cooper,Malle ❤️ 🐸,80.3,13.0,WR,80.3,13.0,80.3,11.0,1.0,1.0,True,69.75308641975309,81.86813186813187,191.0,-12.11504544837878,-12.11504544837878,1.0,1.0,81.86813186813187,0.8520175656640981,-12.11504544837878,1.0,Near Expectation
2017,2,8,20,malle_dips_pouches,Todd Gurley,False,todd gurley,malle_dips_pouches,212.2,13.0,RB,212.2,13.0,212.2,12.0,1.0,1.0,True,100.0,81.7877244706513,192.0,18.2122755293487,18.2122755293487,1.0,1.0,81.7877244706513,1.2226773717843684,18.2122755293487,1.0,Near Expectation
2017,2,9,21,Joe Mantegna,Christian McCaffrey,False,christian mccaffrey,Joe Mantegna,112.5,13.0,RB,112.5,13.0,112.5,13.0,1.0,1.0,True,84.33734939759037,81.25,191.0,3.0873493975903727,3.0873493975903727,1.0,1.0,81.25,1.0379981464318815,3.0873493975903727,1.0,Near Expectation
2017,2,10,22,ThreatLevelMidnight,Terrelle Pryor Sr.,False,terrelle pryor,ThreatLevelMidnight,28.3,8.0,WR,28.3,8.0,13.0,4.0,1.0,0.45936395759717313,True,27.160493827160494,81.08108108108108,191.0,-53.92058725392059,-53.92058725392059,1.0,0.45936395759717313,81.08108108108108,0.33497942386831275,-53.92058725392059,1.0,Major Bust
2017,2,11,23,Pop Lockett Drop it,Isaiah Crowell,False,isaiah crowell,Pop Lockett Drop it,89.5,13.0,RB,72.8,10.0,20.4,4.0,0.8134078212290502,0.2802197802197802,True,74.69879518072288,79.48717948717949,191.0,-4.7883843064566065,-4.7883843064566065,0.8134078212290502,0.2802197802197802,79.48717948717949,0.9397590361445782,-3.894909245922245,0.8134078212290502,Near Expectation
2017,2,12,24,Post Mahomes,Doug Baldwin,False,doug baldwin,Post Mahomes,103.4,13.0,WR,103.4,13.0,97.9,11.0,1.0,0.9468085106382979,True,83.9506172839506,79.19005613472333,190.0,4.7605611492272715,4.7605611492272715,1.0,0.9468085106382979,79.19005613472333,1.0601156430692293,4.7605611492272715,1.0,Near Expectation
2017,3,1,25,Post Mahomes,Leonard Fournette,False,leonard fournette,Post Mahomes,149.7,13.0,RB,149.7,13.0,149.7,10.0,1.0,1.0,True,91.56626506024097,78.34432234432234,190.0,13.22194271591863,13.22194271591863,1.0,1.0,78.34432234432234,1.1687670825437528,13.22194271591863,1.0,Near Expectation
2017,3,2,26,Pop Lockett Drop it,T.Y. Hilton,False,ty hilton,Pop Lockett Drop it,101.1,13.0,WR,101.1,13.0,101.1,12.0,1.0,1.0,True,81.48148148148148,79.06976744186046,189.0,2.4117140396210175,2.4117140396210175,1.0,1.0,79.06976744186046,1.0305010893246187,2.4117140396210175,1.0,Near Expectation
2017,3,3,27,ThreatLevelMidnight,Lamar Miller,False,lamar miller,ThreatLevelMidnight,138.0,13.0,RB,138.0,13.0,138.0,12.0,1.0,1.0,True,89.1566265060241,79.41176470588235,189.0,9.744861800141749,9.744861800141749,1.0,1.0,79.41176470588235,1.1227130745203036,9.744861800141749,1.0,Near Expectation
2017,3,4,28,Joe Mantegna,Travis Kelce,False,travis kelce,Joe Mantegna,128.8,13.0,TE,128.8,13.0,128.8,13.0,1.0,1.0,True,100.0,78.86821705426357,190.0,21.131782945736433,21.131782945736433,1.0,1.0,78.86821705426357,1.267937880872813,21.131782945736433,1.0,Near Expectation
2017,3,5,29,malle_dips_pouches,Rob Gronkowski,False,rob gronkowski,malle_dips_pouches,126.9,13.0,TE,126.9,13.0,126.9,11.0,1.0,1.0,True,96.96969696969697,79.06976744186046,191.0,17.899929527836505,17.899929527836505,1.0,1.0,79.06976744186046,1.2263814616755793,17.899929527836505,1.0,Near Expectation
2017,3,6,30,Malle ❤️ 🐸,Dalvin Cook,False,dalvin cook,Malle ❤️ 🐸,54.4,5.0,RB,54.4,5.0,54.4,4.0,1.0,1.0,True,49.39759036144578,78.66666666666666,191.0,-29.269076305220878,-29.269076305220878,1.0,1.0,78.66666666666666,0.6279354706963447,-29.269076305220878,1.0,Bust
2017,3,7,31,Ginger FC,Carlos Hyde,False,carlos hyde,Ginger FC,124.0,13.0,RB,124.0,13.0,124.0,12.0,1.0,1.0,True,86.74698795180723,78.04878048780488,189.0,8.698207464002351,8.698207464002351,1.0,1.0,78.04878048780488,1.1114457831325302,8.698207464002351,1.0,Near Expectation
2017,3,8,32,Dillon Panthers,Aaron Rodgers,False,aaron rodgers,Dillon Panthers,136.7,9.0,QB,136.7,6.0,136.7,6.0,1.0,1.0,True,29.629629629629626,79.19005613472333,188.0,-49.56042650509371,-49.56042650509371,1.0,1.0,79.19005613472333,0.37415846225972804,-49.56042650509371,1.0,Major Bust
2017,3,9,33,The Big Gronkowski,Marshawn Lynch,False,marshawn lynch,The Big Gronkowski,103.5,13.0,RB,60.7,9.0,60.7,8.0,0.5864734299516908,1.0,True,81.92771084337349,79.19005613472333,188.0,2.7376547086501546,2.7376547086501546,0.5864734299516908,1.0,79.19005613472333,1.0345706878145493,1.605561747005453,0.5864734299516908,Near Expectation
2017,3,10,34,Voldemort,Tom Brady,False,tom brady,Voldemort,295.68,13.0,QB,295.68,13.0,295.68,12.0,1.0,1.0,True,92.5925925925926,78.86821705426357,188.0,13.724375538329028,13.724375538329028,1.0,1.0,78.86821705426357,1.1740165563637157,13.724375538329028,1.0,Near Expectation
2017,3,11,35,Hello Harvard,Ty Montgomery II,False,ty montgomery,Hello Harvard,68.6,11.0,RB,68.6,11.0,47.6,5.0,1.0,0.6938775510204083,True,59.036144578313255,79.3103448275862,189.0,-20.27420024927295,-20.27420024927295,1.0,0.6938775510204083,79.3103448275862,0.7443687794656889,-20.27420024927295,1.0,Near Expectation
2017,3,12,36,Big Sack Jack,Tyreek Hill,False,tyreek hill,Big Sack Jack,138.1,13.0,WR,138.1,13.0,138.1,12.0,1.0,1.0,True,97.53086419753086,78.66666666666666,189.0,18.864197530864203,18.864197530864203,1.0,1.0,78.66666666666666,1.2397991211550534,18.864197530864203,1.0,Near Expectation
2017,4,1,37,Big Sack Jack,Mark Ingram II,False,mark ingram,Big Sack Jack,165.7,13.0,RB,165.7,13.0,140.7,11.0,1.0,0.8491249245624622,True,96.3855421686747,78.04878048780488,189.0,18.336761680869827,18.336761680869827,1.0,0.8491249245624622,78.04878048780488,1.2349397590361446,18.336761680869827,1.0,Near Expectation
2017,4,2,38,Hello Harvard,Joe Mixon,False,joe mixon,Hello Harvard,100.4,13.0,RB,100.4,13.0,60.3,8.0,1.0,0.6005976095617529,True,79.51807228915662,78.12695434646653,190.0,1.3911179426900873,1.3911179426900873,1.0,0.6005976095617529,78.12695434646653,1.0178058642414365,1.3911179426900873,1.0,Near Expectation
2017,4,3,39,Voldemort,Kareem Hunt,False,kareem hunt,Voldemort,163.7,13.0,RB,163.7,13.0,163.7,12.0,1.0,1.0,True,95.18072289156626,76.93827160493827,190.0,18.242451286627997,18.242451286627997,1.0,1.0,76.93827160493827,1.2371050311644525,18.242451286627997,1.0,Near Expectation
2017,4,4,40,The Big Gronkowski,Davante Adams,False,davante adams,The Big Gronkowski,116.4,13.0,WR,116.4,13.0,97.8,11.0,1.0,0.8402061855670102,True,87.65432098765432,76.46604938271605,190.0,11.188271604938265,11.188271604938265,1.0,0.8402061855670102,76.46604938271605,1.1463168516649849,11.188271604938265,1.0,Near Expectation
2017,4,5,41,Dillon Panthers,Greg Olsen,False,greg olsen,Dillon Panthers,3.8,10.0,TE,2.8,3.0,2.8,2.0,0.7368421052631579,1.0,True,6.0606060606060606,76.38888888888889,191.0,-70.32828282828282,-70.32828282828282,0.7368421052631579,1.0,76.38888888888889,0.07933884297520662,-51.82083997873471,0.7368421052631579,Major Bust
2017,4,6,42,Ginger FC,DeAndre Hopkins,False,deandre hopkins,Ginger FC,162.4,13.0,WR,162.4,13.0,162.4,12.0,1.0,1.0,True,98.76543209876543,76.19047619047619,191.0,22.57495590828924,22.57495590828924,1.0,1.0,76.19047619047619,1.2962962962962963,22.57495590828924,1.0,Near Expectation
2017,4,7,43,Malle ❤️ 🐸,Russell Wilson,False,russell wilson,Malle ❤️ 🐸,339.44,13.0,QB,339.44,13.0,143.78,6.0,1.0,0.42358001414093804,True,100.0,76.25,191.0,23.75,23.75,1.0,0.42358001414093804,76.25,1.3114754098360655,23.75,1.0,Near Expectation
2017,4,8,44,malle_dips_pouches,Michael Crabtree,False,michael crabtree,malle_dips_pouches,88.2,13.0,WR,88.2,13.0,88.2,10.0,1.0,1.0,True,74.07407407407408,75.2906976744186,192.0,-1.2166236003445192,-1.2166236003445192,1.0,1.0,75.2906976744186,0.983840983840984,-1.2166236003445192,1.0,Near Expectation
2017,4,9,45,Joe Mantegna,Kelvin Benjamin,False,kelvin benjamin,Joe Mantegna,65.7,13.0,WR,65.7,13.0,65.7,13.0,1.0,1.0,True,61.72839506172839,75.0,192.0,-13.271604938271608,-13.271604938271608,1.0,1.0,75.0,0.8230452674897119,-13.271604938271608,1.0,Near Expectation
2017,4,10,46,ThreatLevelMidnight,C.J. Anderson,False,cj anderson,ThreatLevelMidnight,96.6,13.0,RB,69.3,9.0,69.3,8.0,0.717391304347826,1.0,True,77.10843373493977,73.52941176470588,193.0,3.5790219702338817,3.5790219702338817,0.717391304347826,1.0,73.52941176470588,1.0486746987951807,2.5675592395156106,0.717391304347826,Near Expectation
2017,4,11,47,Pop Lockett Drop it,Alshon Jeffery,False,alshon jeffery,Pop Lockett Drop it,116.0,13.0,WR,116.0,13.0,95.6,11.0,1.0,0.8241379310344827,True,86.41975308641975,73.25581395348837,193.0,13.163939132931375,13.163939132931375,1.0,0.8241379310344827,73.25581395348837,1.1796982167352537,13.163939132931375,1.0,Near Expectation
2017,4,12,48,Post Mahomes,Demaryius Thomas,False,demaryius thomas,Post Mahomes,83.8,13.0,WR,83.8,13.0,66.9,9.0,1.0,0.798329355608592,True,72.8395061728395,73.9268680445151,190.0,-1.087361871675597,-1.087361871675597,1.0,0.798329355608592,73.9268680445151,0.9852913845745387,-1.087361871675597,1.0,Near Expectation
2017,5,1,49,Post Mahomes,Drew Brees,False,drew brees,Post Mahomes,242.22,13.0,QB,242.22,13.0,242.22,12.0,1.0,1.0,True,66.66666666666666,73.33333333333333,191.0,-6.666666666666671,-6.666666666666671,1.0,1.0,73.33333333333333,0.9090909090909091,-6.666666666666671,1.0,Near Expectation
2017,5,2,50,Pop Lockett Drop it,Matt Ryan,False,matt ryan,Pop Lockett Drop it,213.58,13.0,QB,213.58,13.0,213.58,12.0,1.0,1.0,True,55.55555555555556,73.43137254901961,190.0,-17.875816993464056,-17.875816993464056,1.0,1.0,73.43137254901961,0.7565643079661771,-17.875816993464056,1.0,Near Expectation
2017,5,3,51,ThreatLevelMidnight,Keenan Allen,False,keenan allen,ThreatLevelMidnight,134.1,13.0,WR,60.8,9.0,56.7,7.0,0.453392990305742,0.9325657894736843,True,95.06172839506173,72.94117647058823,191.0,22.120551924473503,22.120551924473503,0.453392990305742,0.9325657894736843,72.94117647058823,1.3032656312226205,10.029303184250477,0.453392990305742,Near Expectation
2017,5,4,52,Joe Mantegna,Ameer Abdullah,False,ameer abdullah,Joe Mantegna,85.8,13.0,RB,85.8,13.0,85.8,13.0,1.0,1.0,True,71.08433734939759,72.72727272727273,191.0,-1.6429353778751477,-1.6429353778751477,1.0,1.0,72.72727272727273,0.9774096385542167,-1.6429353778751477,1.0,Near Expectation
2017,5,5,53,malle_dips_pouches,Tevin Coleman,False,tevin coleman,malle_dips_pouches,122.60000000000001,13.0,RB,122.60000000000001,13.0,103.2,10.0,1.0,0.8417618270799347,True,85.54216867469879,71.42857142857143,191.0,14.113597246127355,14.113597246127355,1.0,0.8417618270799347,71.42857142857143,1.197590361445783,14.113597246127355,1.0,Near Expectation
2017,5,6,54,Malle ❤️ 🐸,DeSean Jackson,False,desean jackson,Malle ❤️ 🐸,80.4,13.0,WR,40.7,6.0,40.7,5.0,0.5062189054726368,1.0,True,71.60493827160494,71.71428571428572,190.0,-0.10934744268078589,-0.10934744268078589,0.5062189054726368,1.0,71.71428571428572,0.9984752348630169,-0.05535374275009933,0.5062189054726368,Near Expectation
2017,5,7,55,Ginger FC,Jimmy Graham,False,jimmy graham,Ginger FC,103.3,13.0,TE,14.2,4.0,0.9,2.0,0.13746369796708616,0.06338028169014084,True,90.9090909090909,72.78338945005612,190.0,18.125701459034786,18.125701459034786,0.13746369796708616,0.06338028169014084,72.78338945005612,1.249036237471087,2.491625950806331,0.13746369796708616,Near Expectation
2017,5,8,56,Dillon Panthers,Emmanuel Sanders,False,emmanuel sanders,Dillon Panthers,59.1,13.0,WR,59.1,13.0,41.3,7.0,1.0,0.6988155668358713,True,51.85185185185185,71.19815668202764,192.0,-19.346304830175796,-19.346304830175796,1.0,0.6988155668358713,71.19815668202764,0.7282752007671102,-19.346304830175796,1.0,Near Expectation
2017,5,9,57,The Big Gronkowski,Golden Tate,False,golden tate,The Big Gronkowski,94.9,13.0,WR,94.9,13.0,70.9,8.0,1.0,0.7471022128556375,True,79.01234567901234,69.55038759689923,192.0,9.461958082113114,9.461958082113114,1.0,0.7471022128556375,69.55038759689923,1.1360446491966776,9.461958082113114,1.0,Near Expectation
2017,5,10,58,Voldemort,Jordan Reed,False,jordan reed,Voldemort,33.099999999999994,8.0,TE,33.099999999999994,8.0,33.099999999999994,6.0,1.0,1.0,True,54.54545454545454,69.88372093023256,190.0,-15.338266384778017,-15.338266384778017,1.0,1.0,69.88372093023256,0.7805173196188171,-15.338266384778017,1.0,Near Expectation
2017,5,11,59,Hello Harvard,DeVante Parker,False,devante parker,Hello Harvard,46.9,12.0,WR,46.9,12.0,37.9,6.0,1.0,0.8081023454157783,True,44.44444444444444,70.0,189.0,-25.555555555555557,-25.555555555555557,1.0,0.8081023454157783,70.0,0.6349206349206349,-25.555555555555557,1.0,Bust
2017,5,12,60,Big Sack Jack,Martavis Bryant,False,martavis bryant,Big Sack Jack,38.6,10.0,WR,20.200000000000003,3.0,4.4,2.0,0.5233160621761659,0.21782178217821782,True,32.098765432098766,69.1358024691358,189.0,-37.03703703703703,-37.03703703703703,0.5233160621761659,0.21782178217821782,69.1358024691358,0.46428571428571436,-19.38207637689503,0.5233160621761659,Bust
2017,6,1,61,Big Sack Jack,Doug Martin,False,doug martin,Big Sack Jack,57.6,13.0,RB,57.6,13.0,53.2,8.0,1.0,0.9236111111111112,True,55.42168674698795,68.9429012345679,188.0,-13.521214487579947,-13.521214487579947,1.0,0.9236111111111112,68.9429012345679,0.8038780752556954,-13.521214487579947,1.0,Near Expectation
2017,6,2,62,Hello Harvard,Rob Kelley,False,rob kelley,Hello Harvard,24.0,8.0,RB,24.0,8.0,3.0,1.0,1.0,0.125,True,34.93975903614458,68.75,189.0,-33.81024096385542,-33.81024096385542,1.0,0.125,68.75,0.5082146768893757,-33.81024096385542,1.0,Bust
2017,6,3,63,Voldemort,Allen Robinson,False,allen robinson,Voldemort,1.7,1.0,WR,1.7,1.0,1.7,1.0,1.0,1.0,True,6.172839506172839,67.85714285714286,189.0,-61.68430335097002,-61.68430335097002,1.0,1.0,67.85714285714286,0.09096816114359974,-61.68430335097002,1.0,Major Bust
2017,6,4,64,The Big Gronkowski,Mike Gillislee,False,mike gillislee,The Big Gronkowski,57.5,10.0,RB,57.5,10.0,31.9,6.0,1.0,0.5547826086956521,True,54.21686746987952,67.85714285714286,190.0,-13.640275387263344,-13.640275387263344,1.0,0.5547826086956521,67.85714285714286,0.7989854153455929,-13.640275387263344,1.0,Near Expectation
2017,6,5,65,Dillon Panthers,Derrick Henry,False,derrick henry,Dillon Panthers,92.4,13.0,RB,92.4,13.0,42.9,8.0,1.0,0.46428571428571425,True,75.90361445783132,67.44186046511628,189.0,8.461753992715046,8.461753992715046,1.0,0.46428571428571425,67.44186046511628,1.1254673867885334,8.461753992715046,1.0,Near Expectation
2017,6,6,66,Ginger FC,Marcus Mariota,False,marcus mariota,Ginger FC,196.22,13.0,QB,196.22,13.0,117.24,7.0,1.0,0.5974926103353378,True,48.148148148148145,66.66666666666666,189.0,-18.518518518518512,-18.518518518518512,1.0,0.5974926103353378,66.66666666666666,0.7222222222222223,-18.518518518518512,1.0,Near Expectation
2017,6,7,67,Malle ❤️ 🐸,Kyle Rudolph,False,kyle rudolph,Malle ❤️ 🐸,82.5,13.0,TE,82.5,13.0,82.5,12.0,1.0,1.0,True,84.84848484848484,65.47619047619048,189.0,19.372294372294363,19.372294372294363,1.0,1.0,65.47619047619048,1.295867768595041,19.372294372294363,1.0,Near Expectation
2017,6,8,68,malle_dips_pouches,Jamison Crowder,False,jamison crowder,malle_dips_pouches,66.3,13.0,WR,66.3,13.0,4.1000000000000005,2.0,1.0,0.061840120663650085,True,62.96296296296296,65.47619047619048,189.0,-2.5132275132275197,-2.5132275132275197,1.0,0.061840120663650085,65.47619047619048,0.9616161616161615,-2.5132275132275197,1.0,Near Expectation
2017,6,9,69,Joe Mantegna,Jameis Winston,False,jameis winston,Joe Mantegna,154.5,13.0,QB,154.5,13.0,140.04,11.0,1.0,0.9064077669902912,True,44.44444444444444,65.47619047619048,189.0,-21.03174603174604,-21.03174603174604,1.0,0.9064077669902912,65.47619047619048,0.6787878787878787,-21.03174603174604,1.0,Near Expectation
2017,6,10,70,ThreatLevelMidnight,Brandon Marshall,False,brandon marshall,ThreatLevelMidnight,13.899999999999999,4.0,WR,13.899999999999999,4.0,0.0,0.0,1.0,0.0,True,18.51851851851852,65.55059523809524,188.0,-47.03207671957672,-47.03207671957672,1.0,0.0,65.55059523809524,0.2825072518602598,-47.03207671957672,1.0,Major Bust
2017,6,11,71,Pop Lockett Drop it,Tyler Eifert,False,tyler eifert,Pop Lockett Drop it,4.6000000000000005,8.0,TE,4.6000000000000005,8.0,4.6000000000000005,3.0,1.0,1.0,True,18.181818181818183,65.55059523809524,188.0,-47.368777056277054,-47.368777056277054,1.0,1.0,65.55059523809524,0.27737075637189146,-47.368777056277054,1.0,Major Bust
2017,6,12,72,Post Mahomes,Bilal Powell,False,bilal powell,Post Mahomes,72.5,12.0,RB,72.5,12.0,35.7,4.0,1.0,0.4924137931034483,True,62.65060240963856,65.625,187.0,-2.9743975903614412,-2.9743975903614412,1.0,0.4924137931034483,65.625,0.9546758462421113,-2.9743975903614412,1.0,Near Expectation
2017,7,1,73,Post Mahomes,Larry Fitzgerald,False,larry fitzgerald,Post Mahomes,117.8,13.0,WR,44.699999999999996,5.0,44.699999999999996,5.0,0.3794567062818336,1.0,True,88.88888888888889,65.0,189.0,23.888888888888886,23.888888888888886,0.3794567062818336,1.0,65.0,1.3675213675213675,9.064799094510468,0.3794567062818336,Near Expectation
2017,7,2,74,Pop Lockett Drop it,Jarvis Landry,False,jarvis landry,Pop Lockett Drop it,103.2,13.0,WR,103.2,13.0,91.3,10.0,1.0,0.8846899224806201,True,82.71604938271605,64.770523594053,188.0,17.945525788663048,17.945525788663048,1.0,0.8846899224806201,64.770523594053,1.2770631576353466,17.945525788663048,1.0,Near Expectation
2017,7,3,75,ThreatLevelMidnight,Martellus Bennett,False,martellus bennett,ThreatLevelMidnight,21.6,6.0,TE,21.6,6.0,19.4,5.0,1.0,0.898148148148148,True,39.39393939393939,64.51612903225806,189.0,-25.122189638318673,-25.122189638318673,1.0,0.898148148148148,64.51612903225806,0.6106060606060606,-25.122189638318673,1.0,Bust
2017,7,4,76,Joe Mantegna,Adrian Peterson,False,adrian peterson,Joe Mantegna,67.9,13.0,RB,67.9,13.0,63.8,10.0,1.0,0.9396170839469807,True,57.831325301204814,64.28571428571429,187.0,-6.454388984509478,-6.454388984509478,1.0,0.9396170839469807,64.28571428571429,0.899598393574297,-6.454388984509478,1.0,Near Expectation
2017,7,5,77,malle_dips_pouches,LeGarrette Blount,False,legarrette blount,malle_dips_pouches,88.89999999999999,13.0,RB,88.89999999999999,13.0,30.2,5.0,1.0,0.3397075365579303,True,73.49397590361446,63.51351351351351,187.0,9.980462390100946,9.980462390100946,1.0,0.3397075365579303,63.51351351351351,1.157139195078185,9.980462390100946,1.0,Near Expectation
2017,7,6,78,Malle ❤️ 🐸,Willie Snead IV,False,willie snead,Malle ❤️ 🐸,-0.8999999999999999,10.0,WR,-0.8999999999999999,10.0,0.0,1.0,,,True,1.2345679012345678,62.19512195121951,185.0,-60.96055404998494,-60.96055404998494,,,62.19512195121951,0.019849915274751873,-0.0,,Major Bust
2017,7,7,79,Ginger FC,Danny Woodhead,False,danny woodhead,Ginger FC,12.8,9.0,RB,3.7,1.0,3.7,1.0,0.2890625,1.0,True,27.710843373493976,61.76470588235294,186.0,-34.05386250885897,-34.05386250885897,0.2890625,1.0,61.76470588235294,0.44865174985656914,-9.843694631467045,0.2890625,Bust
2017,7,8,80,Dillon Panthers,Jeremy Maclin,False,jeremy maclin,Dillon Panthers,45.8,12.0,WR,27.9,7.0,23.6,4.0,0.6091703056768559,0.845878136200717,True,41.9753086419753,62.17864205669083,184.0,-20.20333341471553,-20.20333341471553,0.6091703056768559,0.845878136200717,62.17864205669083,0.6750759948038859,-12.307270791933696,0.6091703056768559,Near Expectation
2017,7,9,81,The Big Gronkowski,Delanie Walker,False,delanie walker,The Big Gronkowski,83.4,13.0,TE,83.4,13.0,72.0,10.0,1.0,0.8633093525179856,True,87.87878787878788,62.19512195121951,183.0,25.683665927568363,25.683665927568363,1.0,0.8633093525179856,62.19512195121951,1.4129530600118836,25.683665927568363,1.0,Steal
2017,7,10,82,Voldemort,Eddie Lacy,False,eddie lacy,Voldemort,13.1,8.0,RB,0.3,1.0,0.0,0.0,0.022900763358778626,0.0,True,30.120481927710845,62.34756097560975,184.0,-32.22707904789891,-32.22707904789891,0.022900763358778626,0.0,62.34756097560975,0.4831060182048488,-0.7380247110205858,0.022900763358778626,Bust
2017,7,11,83,Hello Harvard,Pierre Garcon,False,pierre garcon,Hello Harvard,50.0,8.0,WR,50.0,8.0,29.6,5.0,1.0,0.5920000000000001,True,48.148148148148145,62.34756097560975,184.0,-14.199412827461607,-14.199412827461607,1.0,0.5920000000000001,62.34756097560975,0.7722539165081952,-14.199412827461607,1.0,Near Expectation
2017,7,12,84,Big Sack Jack,Hunter Henry,False,hunter henry,Big Sack Jack,68.1,13.0,TE,68.1,13.0,68.1,12.0,1.0,1.0,True,78.78787878787878,61.76470588235294,184.0,17.02317290552584,17.02317290552584,1.0,1.0,61.76470588235294,1.2756132756132754,17.02317290552584,1.0,Near Expectation
2017,8,1,85,Big Sack Jack,Kirk Cousins,False,kirk cousins,Big Sack Jack,272.65999999999997,13.0,QB,272.65999999999997,13.0,182.76,8.0,1.0,0.6702853370498056,True,88.88888888888889,59.523809523809526,183.0,29.36507936507936,29.36507936507936,1.0,0.6702853370498056,59.523809523809526,1.4933333333333332,29.36507936507936,1.0,Steal
2017,8,2,86,Hello Harvard,Thomas Rawls,False,thomas rawls,Hello Harvard,8.2,7.0,RB,0.4,2.0,0.4,1.0,0.04878048780487806,1.0,True,19.27710843373494,60.0,181.0,-40.72289156626506,-40.72289156626506,0.04878048780487806,1.0,60.0,0.32128514056224905,-1.9864825154275643,0.04878048780487806,Major Bust
2017,8,3,87,Voldemort,Chris Hogan,False,chris hogan,Voldemort,75.5,13.0,WR,75.5,9.0,73.0,7.0,1.0,0.9668874172185431,True,66.66666666666666,59.62301587301587,180.0,7.043650793650784,7.043650793650784,1.0,0.9668874172185431,59.62301587301587,1.1181364392678868,7.043650793650784,1.0,Near Expectation
2017,8,4,88,The Big Gronkowski,Ben Roethlisberger,False,ben roethlisberger,The Big Gronkowski,253.82,13.0,QB,253.82,13.0,253.82,12.0,1.0,1.0,True,77.77777777777779,59.25925925925925,179.0,18.518518518518533,18.518518518518533,1.0,1.0,59.25925925925925,1.3125000000000002,18.518518518518533,1.0,Near Expectation
2017,8,5,89,Dillon Panthers,Cam Newton,False,cam newton,Dillon Panthers,269.82,13.0,QB,269.82,13.0,88.74,4.0,1.0,0.3288859239492995,True,85.18518518518519,58.536585365853654,177.0,26.648599819331537,26.648599819331537,1.0,0.3288859239492995,58.536585365853654,1.455246913580247,26.648599819331537,1.0,Steal
2017,8,6,90,Ginger FC,Broncos,False,broncos,Ginger FC,70.0,11.0,DEF,51.0,9.0,45.0,7.0,0.7285714285714285,0.8823529411764706,False,,,,,,,,,,,,Not Rated
2017,8,7,91,Malle ❤️ 🐸,Terrance West,False,terrance west,Malle ❤️ 🐸,26.1,5.0,RB,26.1,5.0,1.7,1.0,1.0,0.06513409961685823,True,37.34939759036144,56.53846153846153,174.0,-19.18906394810009,-19.18906394810009,1.0,0.06513409961685823,56.53846153846153,0.6606015900336037,-19.18906394810009,1.0,Near Expectation
2017,8,8,92,malle_dips_pouches,Derek Carr,False,derek carr,malle_dips_pouches,204.74,13.0,QB,204.74,13.0,204.74,11.0,1.0,1.0,True,51.85185185185185,54.87804878048781,173.0,-3.0261969286359616,-3.0261969286359616,1.0,1.0,54.87804878048781,0.9448559670781892,-3.0261969286359616,1.0,Near Expectation
2017,8,9,93,Joe Mantegna,Sammy Watkins,False,sammy watkins,Joe Mantegna,88.8,13.0,WR,88.8,13.0,80.0,11.0,1.0,0.9009009009009009,True,75.30864197530865,55.41521486643438,172.0,19.893427108874263,19.893427108874263,1.0,0.9009009009009009,55.41521486643438,1.3589885405447364,19.893427108874263,1.0,Near Expectation
2017,8,10,94,ThreatLevelMidnight,Dak Prescott,False,dak prescott,ThreatLevelMidnight,247.3,13.0,QB,247.3,13.0,240.34,10.0,1.0,0.9718560452891225,True,70.37037037037037,56.181318681318686,170.0,14.18905168905168,14.18905168905168,1.0,0.9718560452891225,56.181318681318686,1.252558181653536,14.18905168905168,1.0,Near Expectation
2017,8,11,95,Pop Lockett Drop it,Justin Tucker,False,justin tucker,Pop Lockett Drop it,122.0,13.0,K,122.0,13.0,122.0,13.0,1.0,1.0,False,,,,,,,,,,,,Not Rated
2017,8,12,96,Post Mahomes,Stefon Diggs,False,stefon diggs,Post Mahomes,94.10000000000001,13.0,WR,53.1,3.0,0.0,0.0,0.5642933049946864,0.0,True,77.77777777777779,54.36036036036036,170.0,23.417417417417425,23.417417417417425,0.5642933049946864,0.0,54.36036036036036,1.4307811291569994,13.214291868914614,0.5642933049946864,Near Expectation
2017,9,1,97,Post Mahomes,Frank Gore,False,frank gore,Post Mahomes,88.0,12.0,RB,54.199999999999996,7.0,11.7,1.0,0.6159090909090909,0.2158671586715867,True,72.28915662650603,53.125,169.0,19.164156626506028,19.164156626506028,0.6159090909090909,0.2158671586715867,53.125,1.3607370659107016,11.803378285870757,0.6159090909090909,Near Expectation
2017,9,2,98,Pop Lockett Drop it,Seahawks,False,seahawks,Pop Lockett Drop it,112.0,13.0,DEF,112.0,13.0,112.0,12.0,1.0,1.0,False,,,,,,,,,,,,Not Rated
2017,9,3,99,ThreatLevelMidnight,Texans,False,texans,ThreatLevelMidnight,59.0,7.0,DEF,9.0,2.0,9.0,2.0,0.15254237288135594,1.0,False,,,,,,,,,,,,Not Rated
2017,9,4,100,Joe Mantegna,Randall Cobb,False,randall cobb,Joe Mantegna,60.2,13.0,WR,60.2,13.0,0.0,0.0,1.0,0.0,True,54.32098765432099,52.38095238095239,165.0,1.9400352733686006,1.9400352733686006,1.0,0.0,52.38095238095239,1.037037037037037,1.9400352733686006,1.0,Near Expectation
2017,9,5,101,malle_dips_pouches,Tyrell Williams,False,tyrell williams,malle_dips_pouches,36.2,9.0,WR,36.2,9.0,26.599999999999998,4.0,1.0,0.734806629834254,True,30.864197530864196,52.116402116402114,164.0,-21.252204585537918,-21.252204585537918,1.0,0.734806629834254,52.116402116402114,0.5922165820642978,-21.252204585537918,1.0,Near Expectation
2017,9,6,102,Malle ❤️ 🐸,Chiefs,False,chiefs,Malle ❤️ 🐸,75.0,13.0,DEF,75.0,13.0,72.0,11.0,1.0,0.96,False,,,,,,,,,,,,Not Rated
2017,9,7,103,Ginger FC,Stephen Gostkowski,False,stephen gostkowski,Ginger FC,135.0,13.0,K,135.0,13.0,135.0,12.0,1.0,1.0,False,,,,,,,,,,,,Not Rated
2017,9,8,104,Dillon Panthers,Patriots,False,patriots,Dillon Panthers,86.0,11.0,DEF,14.0,4.0,6.0,2.0,0.16279069767441862,0.42857142857142855,False,,,,,,,,,,,,Not Rated
2017,9,9,105,The Big Gronkowski,Dan Bailey,False,dan bailey,The Big Gronkowski,42.0,7.0,K,42.0,7.0,42.0,6.0,1.0,1.0,False,,,,,,,,,,,,Not Rated
2017,9,10,106,Voldemort,Paul Perkins,False,paul perkins,Voldemort,4.7,2.0,RB,4.7,2.0,2.5,1.0,1.0,0.5319148936170213,True,14.457831325301203,52.68678160919541,156.0,-38.22895028389421,-38.22895028389421,1.0,0.5319148936170213,52.68678160919541,0.2744109790676203,-38.22895028389421,1.0,Bust
2017,9,11,107,Hello Harvard,Darren McFadden,False,darren mcfadden,Hello Harvard,0.0,3.0,RB,0.0,2.0,0.0,0.0,,,True,1.8072289156626504,53.125,153.0,-51.31777108433735,-51.31777108433735,,,53.125,0.03401842664776754,-0.0,,Major Bust
2017,9,12,108,Big Sack Jack,Philip Rivers,False,philip rivers,Big Sack Jack,247.98,13.0,QB,247.98,13.0,96.97999999999999,5.0,1.0,0.39107992580046774,True,74.07407407407408,52.87356321839081,153.0,21.20051085568327,21.20051085568327,1.0,0.39107992580046774,52.87356321839081,1.4009661835748792,21.20051085568327,1.0,Near Expectation
2017,10,1,109,Big Sack Jack,Vikings,False,vikings,Big Sack Jack,75.0,13.0,DEF,75.0,13.0,65.0,10.0,1.0,0.8666666666666667,False,,,,,,,,,,,,Not Rated
2017,10,2,110,Hello Harvard,Matthew Stafford,False,matthew stafford,Hello Harvard,254.08,13.0,QB,254.08,13.0,254.08,12.0,1.0,1.0,True,81.48148148148148,51.85185185185185,153.0,29.629629629629633,29.629629629629633,1.0,1.0,51.85185185185185,1.5714285714285716,29.629629629629633,1.0,Steal
2017,10,3,111,Voldemort,Donte Moncrief,False,donte moncrief,Voldemort,41.199999999999996,11.0,WR,20.2,4.0,0.0,0.0,0.4902912621359224,0.0,True,35.80246913580247,51.550925925925924,156.0,-15.748456790123456,-15.748456790123456,0.4902912621359224,0.0,51.550925925925924,0.6945068103577309,-7.721330756322666,0.4902912621359224,Near Expectation
2017,10,4,112,The Big Gronkowski,Andy Dalton,False,andy dalton,The Big Gronkowski,218.44,13.0,QB,218.44,13.0,5.34,1.0,1.0,0.02444607214795825,True,59.25925925925925,48.75,155.0,10.509259259259252,10.509259259259252,1.0,0.02444607214795825,48.75,1.2155745489078822,10.509259259259252,1.0,Near Expectation
2017,10,5,113,Dillon Panthers,Matt Bryant,False,matt bryant,Dillon Panthers,117.0,12.0,K,45.0,4.0,45.0,4.0,0.38461538461538464,1.0,False,,,,,,,,,,,,Not Rated
2017,10,6,114,Ginger FC,Zach Ertz,False,zach ertz,Ginger FC,106.3,13.0,TE,106.3,13.0,96.60000000000001,11.0,1.0,0.9087488240827847,True,93.93939393939394,48.75,155.0,45.18939393939394,45.18939393939394,1.0,0.9087488240827847,48.75,1.926961926961927,45.18939393939394,1.0,Elite Steal
2017,10,7,115,Malle ❤️ 🐸,Eric Decker,False,eric decker,Malle ❤️ 🐸,41.300000000000004,13.0,WR,41.300000000000004,13.0,38.1,11.0,1.0,0.9225181598062954,True,37.03703703703704,48.75,157.0,-11.712962962962962,-11.712962962962962,1.0,0.9225181598062954,48.75,0.7597340930674265,-11.712962962962962,1.0,Near Expectation
2017,10,8,116,malle_dips_pouches,Jonathan Stewart,False,jonathan stewart,malle_dips_pouches,75.5,13.0,RB,75.5,13.0,4.199999999999999,2.0,1.0,0.05562913907284767,True,65.06024096385542,48.837209302325576,157.0,16.223031661529845,16.223031661529845,1.0,0.05562913907284767,48.837209302325576,1.332185886402754,16.223031661529845,1.0,Near Expectation
2017,10,9,117,Joe Mantegna,Rex Burkhead,False,rex burkhead,Joe Mantegna,80.80000000000001,13.0,RB,80.80000000000001,13.0,0.0,0.0,1.0,0.0,True,68.67469879518072,49.411764705882355,157.0,19.262934089298362,19.262934089298362,1.0,0.0,49.411764705882355,1.3898450946643717,19.262934089298362,1.0,Near Expectation
2017,10,10,118,ThreatLevelMidnight,Rishard Matthews,False,rishard matthews,ThreatLevelMidnight,80.3,13.0,WR,80.3,13.0,17.0,4.0,1.0,0.21170610211706103,True,69.75308641975309,49.411764705882355,155.0,20.341321713870734,20.341321713870734,1.0,0.21170610211706103,49.411764705882355,1.4116696061140506,20.341321713870734,1.0,Near Expectation
2017,10,11,119,Pop Lockett Drop it,Duke Johnson,False,duke johnson,Pop Lockett Drop it,97.3,13.0,RB,97.3,13.0,50.1,7.0,1.0,0.5149023638232272,True,78.3132530120482,48.79360465116279,156.0,29.519648360885405,29.519648360885405,1.0,0.5149023638232272,48.79360465116279,1.6049901123708419,29.519648360885405,1.0,Steal
2017,10,12,120,Post Mahomes,Kenny Britt,False,kenny britt,Post Mahomes,1.5,2.0,WR,1.5,2.0,0.0,0.0,1.0,0.0,True,4.938271604938271,47.25274725274725,153.0,-42.314475647808976,-42.314475647808976,1.0,0.0,47.25274725274725,0.10450760838357738,-42.314475647808976,1.0,Major Bust
2017,11,1,121,Post Mahomes,Mike Wallace,False,mike wallace,Post Mahomes,5.4,4.0,WR,1.5,2.0,0.0,0.0,0.27777777777777773,0.0,True,11.11111111111111,47.05882352941176,153.0,-35.947712418300654,-35.947712418300654,0.27777777777777773,0.0,47.05882352941176,0.23611111111111113,-9.98547567175018,0.27777777777777773,Bust
2017,11,2,122,Pop Lockett Drop it,Andrew Luck,False,andrew luck,Pop Lockett Drop it,0.0,2.0,QB,0.0,2.0,0.0,0.0,,,True,3.7037037037037033,47.155785391079505,154.0,-43.4520816873758,-43.4520816873758,,,47.155785391079505,0.07854187292158506,-0.0,,Major Bust
2017,11,3,123,ThreatLevelMidnight,Eli Manning,False,eli manning,ThreatLevelMidnight,153.46,9.0,QB,102.62,5.0,0.0,0.0,0.6687084582301577,0.0,True,40.74074074074074,46.785225718194255,154.0,-6.044484977453514,-6.044484977453514,0.6687084582301577,0.0,46.785225718194255,0.8708035520901017,-4.041998230068289,0.6687084582301577,Near Expectation
2017,11,4,124,Joe Mantegna,Cardinals,False,cardinals,Joe Mantegna,70.0,13.0,DEF,70.0,13.0,70.0,13.0,1.0,1.0,False,,,,,,,,,,,,Not Rated
2017,11,5,125,malle_dips_pouches,Corey Coleman,False,corey coleman,malle_dips_pouches,12.200000000000001,5.0,WR,12.200000000000001,5.0,0.0,0.0,1.0,0.0,True,16.049382716049383,47.155785391079505,154.0,-31.10640267503012,-31.10640267503012,1.0,0.0,47.155785391079505,0.34034811599353526,-31.10640267503012,1.0,Bust
2017,11,6,126,Malle ❤️ 🐸,Adam Vinatieri,False,adam vinatieri,Malle ❤️ 🐸,95.0,13.0,K,95.0,13.0,80.0,10.0,1.0,0.8421052631578947,False,,,,,,,,,,,,Not Rated
2017,11,7,127,Ginger FC,Jack Doyle,False,jack doyle,Ginger FC,32.5,8.0,TE,14.3,4.0,0.0,0.0,0.44,0.0,True,51.515151515151516,45.81678956324447,158.0,5.698361951907046,5.698361951907046,0.44,0.0,45.81678956324447,1.1243727901109517,2.5072792588391004,0.44,Near Expectation
2017,11,8,128,Dillon Panthers,Theo Riddick,False,theo riddick,Dillon Panthers,17.3,4.0,RB,17.3,4.0,0.0,0.0,1.0,0.0,True,32.53012048192771,43.75,159.0,-11.21987951807229,-11.21987951807229,1.0,0.0,43.75,0.7435456110154905,-11.21987951807229,1.0,Near Expectation
2017,11,9,129,The Big Gronkowski,Ted Ginn Jr.,False,ted ginn,The Big Gronkowski,60.4,11.0,WR,30.299999999999997,6.0,6.8,1.0,0.5016556291390728,0.22442244224422445,True,55.55555555555556,43.75,157.0,11.805555555555557,11.805555555555557,0.5016556291390728,0.22442244224422445,43.75,1.2698412698412698,5.922323399558499,0.5016556291390728,Near Expectation
2017,11,10,130,Voldemort,Jeremy Hill,False,jeremy hill,Voldemort,2.4,1.0,RB,2.4,1.0,0.0,0.0,1.0,0.0,True,4.819277108433735,42.80523255813954,154.0,-37.9859554497058,-37.9859554497058,1.0,0.0,42.80523255813954,0.1125861681019494,-37.9859554497058,1.0,Bust
2017,11,11,131,Hello Harvard,Adam Thielen,False,adam thielen,Hello Harvard,120.7,13.0,WR,120.7,13.0,87.2,8.0,1.0,0.7224523612261806,True,90.12345679012346,43.75,153.0,46.373456790123456,46.373456790123456,1.0,0.7224523612261806,43.75,2.059964726631393,46.373456790123456,1.0,Elite Steal
2017,11,12,132,Big Sack Jack,Marvin Jones Jr.,False,marvin jones,Big Sack Jack,130.1,13.0,WR,130.1,13.0,65.5,5.0,1.0,0.5034588777863183,True,93.82716049382715,40.74074074074074,155.0,53.08641975308641,53.08641975308641,1.0,0.5034588777863183,40.74074074074074,2.3030303030303028,53.08641975308641,1.0,Elite Steal
2017,12,1,133,Big Sack Jack,John Brown,False,john brown,Big Sack Jack,30.400000000000002,8.0,WR,30.400000000000002,8.0,0.0,0.0,1.0,0.0,True,28.39506172839506,40.68287037037037,154.0,-12.287808641975307,-12.287808641975307,1.0,0.0,40.68287037037037,0.6979611190137506,-12.287808641975307,1.0,Near Expectation
2017,12,2,134,Hello Harvard,Austin Hooper,False,austin hooper,Hello Harvard,61.8,13.0,TE,55.9,11.0,50.9,9.0,0.9045307443365695,0.9105545617173524,True,75.75757575757575,40.625,153.0,35.13257575757575,35.13257575757575,0.9045307443365695,0.9105545617173524,40.625,1.8648018648018647,31.778494900460913,0.9045307443365695,Steal
2017,12,3,135,Voldemort,Matt Forte,False,matt forte,Voldemort,8.8,2.0,RB,3.6,1.0,0.0,0.0,0.40909090909090906,0.0,True,22.89156626506024,41.86046511627907,147.0,-18.96889885121883,-18.96889885121883,0.40909090909090906,0.0,41.86046511627907,0.5468540829986612,-7.760004075498612,0.40909090909090906,Near Expectation
2017,12,4,136,The Big Gronkowski,Steelers,False,steelers,The Big Gronkowski,102.0,13.0,DEF,102.0,13.0,102.0,12.0,1.0,1.0,False,,,,,,,,,,,,Not Rated
2017,12,5,137,Dillon Panthers,Eric Ebron,False,eric ebron,Dillon Panthers,15.299999999999999,5.0,TE,15.299999999999999,5.0,0.9,1.0,1.0,0.05882352941176471,True,33.33333333333333,42.35880398671097,142.0,-9.025470653377639,-9.025470653377639,1.0,0.05882352941176471,42.35880398671097,0.7869281045751633,-9.025470653377639,1.0,Near Expectation
2017,12,6,138,Ginger FC,Jordan Matthews,False,jordan matthews,Ginger FC,32.2,13.0,WR,32.2,13.0,8.2,2.0,1.0,0.2546583850931677,True,29.629629629629626,43.02325581395349,141.0,-13.393626184323864,-13.393626184323864,1.0,0.2546583850931677,43.02325581395349,0.6886886886886886,-13.393626184323864,1.0,Near Expectation
2017,12,7,139,Malle ❤️ 🐸,Carson Wentz,False,carson wentz,Malle ❤️ 🐸,318.5,13.0,QB,318.5,13.0,190.88,7.0,1.0,0.599309262166405,True,96.29629629629629,42.94019933554817,138.0,53.35609696074812,53.35609696074812,1.0,0.599309262166405,42.94019933554817,2.2425675191632637,53.35609696074812,1.0,Elite Steal
2017,12,8,140,malle_dips_pouches,Sebastian Janikowski,False,sebastian janikowski,malle_dips_pouches,0.0,0.0,,0.0,0.0,0.0,0.0,,,False,,,,,,,,,,,,Not Rated
2017,12,9,141,Joe Mantegna,Carson Palmer,False,carson palmer,Joe Mantegna,127.32000000000001,13.0,QB,127.32000000000001,13.0,32.8,2.0,1.0,0.2576185988061577,True,25.925925925925924,42.35880398671097,134.0,-16.432878060785043,-16.432878060785043,1.0,0.2576185988061577,42.35880398671097,0.6120551924473492,-16.432878060785043,1.0,Near Expectation
2017,12,10,142,ThreatLevelMidnight,Mason Crosby,False,mason crosby,ThreatLevelMidnight,40.0,7.0,K,40.0,7.0,30.0,5.0,1.0,0.75,False,,,,,,,,,,,,Not Rated
2017,12,11,143,Pop Lockett Drop it,Danny Amendola,False,danny amendola,Pop Lockett Drop it,60.9,13.0,WR,60.9,13.0,0.0,0.0,1.0,0.0,True,56.79012345679012,41.66193987521271,134.0,15.12818358157741,15.12818358157741,1.0,0.0,41.66193987521271,1.3631175991057995,15.12818358157741,1.0,Near Expectation
2017,12,12,144,Post Mahomes,Coby Fleener,False,coby fleener,Post Mahomes,41.5,11.0,TE,24.900000000000002,4.0,24.900000000000002,4.0,0.6000000000000001,1.0,True,60.60606060606061,41.46341463414634,133.0,19.14264597191427,19.14264597191427,0.6000000000000001,1.0,41.46341463414634,1.4616755793226384,11.485587583148563,0.6000000000000001,Near Expectation
2017,13,1,145,Post Mahomes,Panthers,False,panthers,Post Mahomes,40.0,5.0,DEF,25.0,3.0,25.0,3.0,0.625,1.0,False,,,,,,,,,,,,Not Rated
2017,13,2,146,Pop Lockett Drop it,Kevin White,False,kevin white,Pop Lockett Drop it,0.6,1.0,WR,0.6,1.0,0.6,1.0,1.0,1.0,True,2.4691358024691357,41.66193987521271,126.0,-39.19280407274358,-39.19280407274358,1.0,1.0,41.66193987521271,0.05926598256981737,-39.19280407274358,1.0,Bust
2017,13,3,147,ThreatLevelMidnight,Jason Witten,False,jason witten,ThreatLevelMidnight,38.1,11.0,TE,0.0,0.0,0.0,0.0,0.0,,True,57.57575757575758,40.75091575091575,122.0,16.824841824841826,16.824841824841826,0.0,,40.75091575091575,1.412870275791624,0.0,0.0,Near Expectation
2017,13,4,148,Joe Mantegna,Matt Prater,False,matt prater,Joe Mantegna,121.0,13.0,K,121.0,13.0,121.0,13.0,1.0,1.0,False,,,,,,,,,,,,Not Rated
2017,13,5,149,malle_dips_pouches,Giants,False,giants,malle_dips_pouches,45.0,8.0,DEF,42.0,7.0,42.0,7.0,0.9333333333333333,1.0,False,,,,,,,,,,,,Not Rated
2017,13,6,150,Malle ❤️ 🐸,Antonio Gates,False,antonio gates,Malle ❤️ 🐸,23.9,13.0,TE,23.9,13.0,2.5,1.0,1.0,0.10460251046025106,True,42.42424242424242,41.17948717948718,116.0,1.2447552447552397,1.2447552447552397,1.0,0.10460251046025106,41.17948717948718,1.0302275557568208,1.2447552447552397,1.0,Near Expectation
2017,13,7,151,Ginger FC,Jacquizz Rodgers,False,jacquizz rodgers,Ginger FC,26.5,5.0,RB,26.5,5.0,13.8,3.0,1.0,0.5207547169811321,True,38.55421686746988,41.46341463414634,115.0,-2.9091977666764564,-2.9091977666764564,1.0,0.5207547169811321,41.46341463414634,0.9298369950389795,-2.9091977666764564,1.0,Near Expectation
2017,13,8,152,Dillon Panthers,James White,False,james white,Dillon Panthers,70.1,13.0,RB,70.1,13.0,27.0,6.0,1.0,0.38516405135520687,True,61.44578313253012,41.39837398373984,114.0,20.04740914879028,20.04740914879028,1.0,0.38516405135520687,41.39837398373984,1.4842559554794195,20.04740914879028,1.0,Near Expectation
2017,13,9,153,The Big Gronkowski,O.J. Howard,False,oj howard,The Big Gronkowski,4.5,4.0,TE,4.5,4.0,1.6,1.0,1.0,0.35555555555555557,True,13.636363636363635,42.5287356321839,111.0,-28.89237199582027,-28.89237199582027,1.0,0.35555555555555557,42.5287356321839,0.32063882063882065,-28.89237199582027,1.0,Bust
2017,13,10,154,Voldemort,Tyrod Taylor,False,tyrod taylor,Voldemort,152.2,10.0,QB,23.76,1.0,0.0,0.0,0.1561103810775296,0.0,True,37.03703703703704,41.46341463414634,109.0,-4.426377597109301,-4.426377597109301,0.1561103810775296,0.0,41.46341463414634,0.8932461873638345,-0.6910034934777727,0.1561103810775296,Near Expectation
2017,13,11,155,Hello Harvard,Cairo Santos,False,cairo santos,Hello Harvard,21.0,3.0,K,21.0,3.0,21.0,3.0,1.0,1.0,False,,,,,,,,,,,,Not Rated
2017,13,12,156,Big Sack Jack,Latavius Murray,False,latavius murray,Big Sack Jack,69.2,10.0,RB,1.7,3.0,0.0,0.0,0.024566473988439304,0.0,True,60.24096385542169,40.88319088319088,110.0,19.357772972230812,19.357772972230812,0.024566473988439304,0.0,40.88319088319088,1.4734897779270395,0.4755522261964216,0.024566473988439304,Near Expectation
2017,14,1,157,Big Sack Jack,C.J. Fiedorowicz,False,cj fiedorowicz,Big Sack Jack,11.7,5.0,TE,4.6,2.0,0.0,0.0,0.39316239316239315,0.0,True,27.27272727272727,40.74074074074074,105.0,-13.46801346801347,-13.46801346801347,0.39316239316239315,0.0,40.74074074074074,0.6694214876033057,-5.2951164062275184,0.39316239316239315,Near Expectation
2017,14,2,158,Hello Harvard,Jaguars,False,jaguars,Hello Harvard,172.0,13.0,DEF,172.0,13.0,127.0,9.0,1.0,0.7383720930232558,False,,,,,,,,,,,,Not Rated
2017,14,3,159,Voldemort,Blake Bortles,False,blake bortles,Voldemort,85.22,6.0,QB,0.0,0.0,0.0,0.0,0.0,,True,18.51851851851852,41.03703703703704,102.0,-22.51851851851852,-22.51851851851852,0.0,,41.03703703703704,0.45126353790613716,-0.0,0.0,Near Expectation
2017,14,4,160,The Big Gronkowski,Kenny Stills,False,kenny stills,The Big Gronkowski,56.1,10.0,WR,28.299999999999997,6.0,0.0,0.0,0.5044563279857397,0.0,True,50.617283950617285,41.03703703703704,102.0,9.580246913580247,9.580246913580247,0.5044563279857397,0.0,41.03703703703704,1.2334536702767749,4.832816179221408,0.5044563279857397,Near Expectation
2017,14,5,161,Dillon Panthers,Zay Jones,False,zay jones,Dillon Panthers,3.9000000000000004,2.0,WR,3.9000000000000004,2.0,0.0,0.0,1.0,0.0,True,9.876543209876543,41.39837398373984,102.0,-31.521830773863293,-31.521830773863293,1.0,0.0,41.39837398373984,0.2385732157923831,-31.521830773863293,1.0,Bust
2017,14,6,162,Ginger FC,Jay Cutler,False,jay cutler,Ginger FC,15.1,2.0,QB,15.1,2.0,0.0,0.0,1.0,0.0,True,7.4074074074074066,41.17647058823529,101.0,-33.769063180827885,-33.769063180827885,1.0,0.0,41.17647058823529,0.17989417989417988,-33.769063180827885,1.0,Bust
2017,14,7,163,Malle ❤️ 🐸,Corey Davis,False,corey davis,Malle ❤️ 🐸,20.7,13.0,WR,20.7,13.0,17.9,6.0,1.0,0.8647342995169082,True,25.925925925925924,41.25490196078431,102.0,-15.328976034858385,-15.328976034858385,1.0,0.8647342995169082,41.25490196078431,0.6284326151246303,-15.328976034858385,1.0,Near Expectation
2017,14,8,164,malle_dips_pouches,Charles Clay,False,charles clay,malle_dips_pouches,49.8,13.0,TE,49.8,13.0,3.1,1.0,1.0,0.06224899598393575,True,66.66666666666666,41.17647058823529,99.0,25.490196078431367,25.490196078431367,1.0,0.06224899598393575,41.17647058823529,1.619047619047619,25.490196078431367,1.0,Steal
2017,14,9,165,Joe Mantegna,Julius Thomas,False,julius thomas,Joe Mantegna,54.2,13.0,TE,54.2,13.0,0.0,0.0,1.0,0.0,True,69.6969696969697,41.333333333333336,95.0,28.363636363636367,28.363636363636367,1.0,0.0,41.333333333333336,1.686217008797654,28.363636363636367,1.0,Steal
2017,14,10,166,ThreatLevelMidnight,Sterling Shepard,False,sterling shepard,ThreatLevelMidnight,41.1,12.0,WR,8.0,2.0,0.0,0.0,0.194647201946472,0.0,True,34.5679012345679,41.333333333333336,95.0,-6.765432098765437,-6.765432098765437,0.194647201946472,0.0,41.333333333333336,0.8363201911589008,-1.31687242798354,0.194647201946472,Near Expectation
2017,14,11,167,Pop Lockett Drop it,Samaje Perine,False,samaje perine,Pop Lockett Drop it,55.4,8.0,RB,0.0,0.0,0.0,0.0,0.0,,True,50.602409638554214,40.95860566448802,92.0,9.643803974066195,9.643803974066195,0.0,,40.95860566448802,1.2354524480902331,0.0,0.0,Near Expectation
2017,14,12,168,Post Mahomes,Robbie Chosen,False,robbie chosen,Post Mahomes,68.3,7.0,WR,5.0,2.0,0.0,0.0,0.07320644216691069,0.0,True,64.19753086419753,40.95860566448802,88.0,23.238925199709513,23.238925199709513,0.07320644216691069,0.0,40.95860566448802,1.5673758865248226,1.701239033653698,0.07320644216691069,Near Expectation
2017,15,1,169,Post Mahomes,Wil Lutz,False,wil lutz,Post Mahomes,129.0,12.0,K,129.0,12.0,129.0,12.0,1.0,1.0,False,,,,,,,,,,,,Not Rated
2017,15,2,170,Pop Lockett Drop it,Cole Beasley,False,cole beasley,Pop Lockett Drop it,6.9,3.0,WR,6.9,3.0,0.0,0.0,1.0,0.0,True,12.345679012345679,41.8526031102096,78.0,-29.506924097863923,-29.506924097863923,1.0,0.0,41.8526031102096,0.2949799557230898,-29.506924097863923,1.0,Bust
2017,15,3,171,ThreatLevelMidnight,C.J. Prosise,False,cj prosise,ThreatLevelMidnight,10.700000000000001,4.0,RB,10.700000000000001,4.0,0.0,0.0,1.0,0.0,True,24.096385542168676,41.17647058823529,77.0,-17.080085046066614,-17.080085046066614,1.0,0.0,41.17647058823529,0.585197934595525,-17.080085046066614,1.0,Near Expectation
2017,15,4,172,Joe Mantegna,Darren Sproles,False,darren sproles,Joe Mantegna,11.4,6.0,RB,11.4,6.0,0.0,0.0,1.0,0.0,True,26.506024096385545,42.59770114942529,74.0,-16.091677053039746,-16.091677053039746,1.0,0.0,42.59770114942529,0.622240716779693,-16.091677053039746,1.0,Near Expectation
2017,15,5,173,malle_dips_pouches,Allen Hurns,False,allen hurns,malle_dips_pouches,46.5,8.0,WR,46.5,8.0,6.300000000000001,2.0,1.0,0.13548387096774195,True,43.20987654320987,44.58064516129032,70.0,-1.3707686180804473,-1.3707686180804473,1.0,0.13548387096774195,44.58064516129032,0.9692519340372693,-1.3707686180804473,1.0,Near Expectation
2017,15,6,174,Malle ❤️ 🐸,Packers,False,packers,Malle ❤️ 🐸,87.0,13.0,DEF,87.0,13.0,17.0,2.0,1.0,0.19540229885057472,False,,,,,,,,,,,,Not Rated
2017,15,7,175,Ginger FC,Rams,False,rams,Ginger FC,138.0,12.0,DEF,39.0,4.0,0.0,0.0,0.2826086956521739,0.0,False,,,,,,,,,,,,Not Rated
2017,15,8,176,Dillon Panthers,Ravens,False,ravens,Dillon Panthers,146.0,11.0,DEF,41.0,4.0,13.0,2.0,0.2808219178082192,0.3170731707317073,False,,,,,,,,,,,,Not Rated
2017,15,9,177,The Big Gronkowski,Robert Turbin,False,robert turbin,The Big Gronkowski,12.9,5.0,RB,12.9,5.0,0.0,0.0,1.0,0.0,True,28.915662650602407,46.54761904761905,52.0,-17.631956397016644,-17.631956397016644,1.0,0.0,46.54761904761905,0.6212060518287985,-17.631956397016644,1.0,Near Expectation
2017,15,10,178,Voldemort,Bills,False,bills,Voldemort,32.0,8.0,DEF,9.0,1.0,9.0,1.0,0.28125,1.0,False,,,,,,,,,,,,Not Rated
2017,15,11,179,Hello Harvard,Tyler Lockett,False,tyler lockett,Hello Harvard,43.800000000000004,9.0,WR,19.3,4.0,0.0,0.0,0.44063926940639264,0.0,True,40.74074074074074,46.666666666666664,47.0,-5.925925925925924,-5.925925925925924,0.44063926940639264,0.0,46.666666666666664,0.873015873015873,-2.6111956705564,0.44063926940639264,Near Expectation
2017,15,12,180,Big Sack Jack,Chris Boswell,False,chris boswell,Big Sack Jack,118.0,13.0,K,118.0,13.0,118.0,12.0,1.0,1.0,False,,,,,,,,,,,,Not Rated
2018,1,1,1,Uncle Rico,Todd Gurley,False,todd gurley,Uncle Rico,282.9,13.0,RB,282.9,13.0,282.9,12.0,1.0,1.0,True,100.0,89.41176470588236,103.0,10.588235294117638,10.588235294117638,1.0,1.0,89.41176470588236,1.1184210526315788,10.588235294117638,1.0,Near Expectation
2018,1,2,2,Post Mahomes,Ezekiel Elliott,False,ezekiel elliott,Post Mahomes,209.2,13.0,RB,209.2,13.0,209.2,12.0,1.0,1.0,True,93.33333333333333,87.95180722891565,111.0,5.381526104417674,5.381526104417674,1.0,1.0,87.95180722891565,1.0611872146118722,5.381526104417674,1.0,Near Expectation
2018,1,3,3,Malle ❤️ 🐸,David Johnson,False,david johnson,Malle ❤️ 🐸,152.9,13.0,RB,152.9,13.0,152.9,12.0,1.0,1.0,True,88.0,88.22877717767622,118.0,-0.2287771776762213,-0.2287771776762213,1.0,1.0,88.22877717767622,0.9974070004708837,-0.2287771776762213,1.0,Near Expectation
2018,1,4,4,Big Sack Jack,Alvin Kamara,False,alvin kamara,Big Sack Jack,223.70000000000002,13.0,RB,223.70000000000002,13.0,223.70000000000002,12.0,1.0,1.0,True,97.33333333333334,87.83783783783784,125.0,9.495495495495504,9.495495495495504,1.0,1.0,87.83783783783784,1.1081025641025641,9.495495495495504,1.0,Near Expectation
2018,1,5,5,Dillon Panthers,Antonio Brown,False,antonio brown,Dillon Panthers,174.79999999999998,13.0,WR,174.79999999999998,13.0,174.79999999999998,12.0,1.0,1.0,True,97.61904761904762,86.81318681318682,133.0,10.805860805860803,10.805860805860803,1.0,1.0,86.81318681318682,1.1244725738396624,10.805860805860803,1.0,Near Expectation
2018,1,6,6,Ginger FC,DeAndre Hopkins,False,deandre hopkins,Ginger FC,154.8,13.0,WR,81.0,6.0,81.0,6.0,0.5232558139534883,1.0,True,92.85714285714286,86.90476190476191,141.0,5.952380952380949,5.952380952380949,0.5232558139534883,1.0,86.90476190476191,1.0684931506849316,3.1146179401993335,0.5232558139534883,Near Expectation
2018,1,7,7,Joe Mantegna,Saquon Barkley,False,saquon barkley,Joe Mantegna,229.6,13.0,RB,229.6,13.0,229.6,12.0,1.0,1.0,True,98.66666666666667,85.8974358974359,149.0,12.769230769230774,12.769230769230774,1.0,1.0,85.8974358974359,1.1486567164179105,12.769230769230774,1.0,Near Expectation
2018,1,8,8,ThreatLevelMidnight,Melvin Gordon III,False,melvin gordon,ThreatLevelMidnight,207.5,13.0,RB,207.5,13.0,207.5,10.0,1.0,1.0,True,92.0,85.71428571428571,157.0,6.285714285714292,6.285714285714292,1.0,1.0,85.71428571428571,1.0733333333333335,6.285714285714292,1.0,Near Expectation
2018,1,9,9,Voldemort,Le'Veon Bell,False,leveon bell,Voldemort,0.0,10.0,RB,0.0,10.0,0.0,0.0,,,True,3.3333333333333335,85.36585365853658,165.0,-82.03252032520325,-82.03252032520325,,,85.36585365853658,0.03904761904761905,-0.0,,Major Bust
2018,1,10,10,malle_dips_pouches,Leonard Fournette,False,leonard fournette,malle_dips_pouches,74.8,13.0,RB,74.8,13.0,74.8,6.0,1.0,1.0,True,53.333333333333336,85.09630319975147,172.0,-31.76296986641814,-31.76296986641814,1.0,1.0,85.09630319975147,0.6267408962307202,-31.76296986641814,1.0,Bust
2018,1,11,11,Pop Lockett Drop it,Kareem Hunt,False,kareem hunt,Pop Lockett Drop it,204.2,13.0,RB,204.2,13.0,204.2,11.0,1.0,1.0,True,90.66666666666666,84.72581108240023,180.0,5.94085558426643,5.94085558426643,1.0,1.0,84.72581108240023,1.0701186038630972,5.94085558426643,1.0,Near Expectation
2018,1,12,12,The Big Gronkowski,Christian McCaffrey,False,christian mccaffrey,The Big Gronkowski,216.6,13.0,RB,216.6,13.0,216.6,12.0,1.0,1.0,True,96.0,84.5679012345679,187.0,11.432098765432102,11.432098765432102,1.0,1.0,84.5679012345679,1.1351824817518248,11.432098765432102,1.0,Near Expectation
2018,2,1,13,The Big Gronkowski,Dalvin Cook,False,dalvin cook,The Big Gronkowski,52.6,13.0,RB,52.6,13.0,41.7,6.0,1.0,0.7927756653992396,True,45.33333333333333,84.72581108240023,194.0,-39.3924777490669,-39.3924777490669,1.0,0.7927756653992396,84.72581108240023,0.5350593019315486,-39.3924777490669,1.0,Bust
2018,2,2,14,Pop Lockett Drop it,Odell Beckham Jr.,False,odell beckham,Pop Lockett Drop it,157.34,13.0,WR,157.34,13.0,157.34,12.0,1.0,1.0,True,95.23809523809523,85.18518518518519,193.0,10.052910052910036,10.052910052910036,1.0,1.0,85.18518518518519,1.1180124223602483,10.052910052910036,1.0,Near Expectation
2018,2,3,15,malle_dips_pouches,Davante Adams,False,davante adams,malle_dips_pouches,177.5,13.0,WR,177.5,13.0,177.5,12.0,1.0,1.0,True,98.80952380952381,84.88372093023256,193.0,13.925802879291254,13.925802879291254,1.0,1.0,84.88372093023256,1.1640574037834313,13.925802879291254,1.0,Near Expectation
2018,2,4,16,Voldemort,Devonta Freeman,False,devonta freeman,Voldemort,9.1,13.0,RB,9.1,6.0,9.1,2.0,1.0,1.0,True,16.0,83.52713178294574,192.0,-67.52713178294574,-67.52713178294574,1.0,1.0,83.52713178294574,0.19155452436194895,-67.52713178294574,1.0,Major Bust
2018,2,5,17,ThreatLevelMidnight,Jordan Howard,False,jordan howard,ThreatLevelMidnight,99.8,13.0,RB,83.8,10.0,83.8,9.0,0.8396793587174348,1.0,True,69.33333333333334,83.52713178294574,192.0,-14.193798449612402,-14.193798449612402,0.8396793587174348,1.0,83.52713178294574,0.8300696055684456,-11.918239579935062,0.8396793587174348,Near Expectation
2018,2,6,18,Joe Mantegna,Julio Jones,False,julio jones,Joe Mantegna,147.5,13.0,WR,147.5,13.0,147.5,12.0,1.0,1.0,True,91.66666666666666,82.59552656104381,192.0,9.071140105622845,9.071140105622845,1.0,1.0,82.59552656104381,1.1098260460742828,9.071140105622845,1.0,Near Expectation
2018,2,7,19,Ginger FC,Rob Gronkowski,False,rob gronkowski,Ginger FC,63.0,13.0,TE,27.3,4.0,27.3,4.0,0.43333333333333335,1.0,True,62.96296296296296,81.97674418604652,191.0,-19.013781223083555,-19.013781223083555,0.43333333333333335,1.0,81.97674418604652,0.7680588389808247,-8.239305196669541,0.43333333333333335,Near Expectation
2018,2,8,20,Dillon Panthers,A.J. Green,False,aj green,Dillon Panthers,103.39999999999999,13.0,WR,103.39999999999999,13.0,103.39999999999999,9.0,1.0,1.0,True,76.19047619047619,81.92243802708919,192.0,-5.731961836612996,-5.731961836612996,1.0,1.0,81.92243802708919,0.9300318450640152,-5.731961836612996,1.0,Near Expectation
2018,2,9,21,Big Sack Jack,Tyreek Hill,False,tyreek hill,Big Sack Jack,195.7,13.0,WR,195.7,13.0,195.7,12.0,1.0,1.0,True,100.0,81.70731707317073,191.0,18.292682926829272,18.292682926829272,1.0,1.0,81.70731707317073,1.2238805970149254,18.292682926829272,1.0,Near Expectation
2018,2,10,22,Malle ❤️ 🐸,Mike Evans,False,mike evans,Malle ❤️ 🐸,146.1,13.0,WR,146.1,13.0,146.1,12.0,1.0,1.0,True,90.47619047619048,81.33333333333333,191.0,9.142857142857153,9.142857142857153,1.0,1.0,81.33333333333333,1.1124121779859486,9.142857142857153,1.0,Near Expectation
2018,2,11,23,Post Mahomes,Michael Thomas,False,michael thomas,Post Mahomes,156.0,13.0,WR,156.0,13.0,156.0,12.0,1.0,1.0,True,94.04761904761905,80.0,191.0,14.047619047619051,14.047619047619051,1.0,1.0,80.0,1.1755952380952381,14.047619047619051,1.0,Near Expectation
2018,2,12,24,Uncle Rico,Keenan Allen,False,keenan allen,Uncle Rico,137.1,13.0,WR,137.1,13.0,137.1,12.0,1.0,1.0,True,86.90476190476191,79.44947209653091,190.0,7.455289808231001,7.455289808231001,1.0,1.0,79.44947209653091,1.0938368702962915,7.455289808231001,1.0,Near Expectation
2018,3,1,25,Uncle Rico,Aaron Rodgers,False,aaron rodgers,Uncle Rico,277.96,13.0,QB,277.96,13.0,277.96,12.0,1.0,1.0,True,63.33333333333333,79.36105476673427,190.0,-16.02772143340094,-16.02772143340094,1.0,1.0,79.36105476673427,0.7980404685835996,-16.02772143340094,1.0,Near Expectation
2018,3,2,26,Post Mahomes,Joe Mixon,False,joe mixon,Post Mahomes,137.1,13.0,RB,137.1,13.0,137.1,10.0,1.0,1.0,True,84.0,79.48717948717949,189.0,4.512820512820511,4.512820512820511,1.0,1.0,79.48717948717949,1.056774193548387,4.512820512820511,1.0,Near Expectation
2018,3,3,27,Malle ❤️ 🐸,Kenyan Drake,False,kenyan drake,Malle ❤️ 🐸,121.0,13.0,RB,121.0,13.0,52.8,8.0,1.0,0.43636363636363634,True,77.33333333333333,79.76190476190477,189.0,-2.428571428571445,-2.428571428571445,1.0,0.43636363636363634,79.76190476190477,0.96955223880597,-2.428571428571445,1.0,Near Expectation
2018,3,4,28,Big Sack Jack,Travis Kelce,False,travis kelce,Big Sack Jack,160.2,13.0,TE,160.2,13.0,160.2,12.0,1.0,1.0,True,100.0,79.6399885255307,190.0,20.360011474469303,20.360011474469303,1.0,1.0,79.6399885255307,1.2556506078343088,20.360011474469303,1.0,Near Expectation
2018,3,5,29,Dillon Panthers,Alex Collins,False,alex collins,Dillon Panthers,93.6,12.0,RB,93.6,12.0,73.39999999999999,8.0,1.0,0.7841880341880342,True,66.66666666666666,79.51807228915662,191.0,-12.851405622489963,-12.851405622489963,1.0,0.7841880341880342,79.51807228915662,0.8383838383838383,-12.851405622489963,1.0,Near Expectation
2018,3,6,30,Ginger FC,Jay Ajayi,False,jay ajayi,Ginger FC,38.4,5.0,RB,38.4,5.0,38.4,4.0,1.0,1.0,True,36.0,79.48717948717949,191.0,-43.48717948717949,-43.48717948717949,1.0,1.0,79.48717948717949,0.4529032258064516,-43.48717948717949,1.0,Major Bust
2018,3,7,31,Joe Mantegna,Zach Ertz,False,zach ertz,Joe Mantegna,133.8,13.0,TE,108.9,10.0,108.9,9.0,0.8139013452914798,1.0,True,96.29629629629629,79.48717948717949,189.0,16.8091168091168,16.8091168091168,0.8139013452914798,1.0,79.48717948717949,1.211469534050179,13.680962784101792,0.8139013452914798,Near Expectation
2018,3,8,32,ThreatLevelMidnight,Adam Thielen,False,adam thielen,ThreatLevelMidnight,172.6,13.0,WR,145.3,11.0,145.3,10.0,0.8418308227114717,1.0,True,96.42857142857143,80.0,188.0,16.42857142857143,16.42857142857143,0.8418308227114717,1.0,80.0,1.2053571428571428,13.830077801688466,0.8418308227114717,Near Expectation
2018,3,9,33,Voldemort,Stefon Diggs,False,stefon diggs,Voldemort,126.7,13.0,WR,126.7,13.0,121.8,10.0,1.0,0.9613259668508287,True,82.14285714285714,79.88095238095238,188.0,2.261904761904759,2.261904761904759,1.0,0.9613259668508287,79.88095238095238,1.0283159463487332,2.261904761904759,1.0,Near Expectation
2018,3,10,34,malle_dips_pouches,Amari Cooper,False,amari cooper,malle_dips_pouches,93.4,13.0,WR,93.4,13.0,48.0,7.0,1.0,0.5139186295503212,True,72.61904761904762,79.6399885255307,188.0,-7.020940906483077,-7.020940906483077,1.0,0.5139186295503212,79.6399885255307,0.9118415128320576,-7.020940906483077,1.0,Near Expectation
2018,3,11,35,Pop Lockett Drop it,Royce Freeman,False,royce freeman,Pop Lockett Drop it,66.0,10.0,RB,57.0,7.0,19.799999999999997,2.0,0.8636363636363636,0.34736842105263155,True,48.0,80.24691358024691,189.0,-32.24691358024691,-32.24691358024691,0.8636363636363636,0.34736842105263155,80.24691358024691,0.5981538461538461,-27.849607182940513,0.8636363636363636,Bust
2018,3,12,36,The Big Gronkowski,JuJu Smith-Schuster,False,juju smith schuster,The Big Gronkowski,137.7,13.0,WR,137.7,13.0,137.7,12.0,1.0,1.0,True,88.09523809523809,80.0,189.0,8.095238095238088,8.095238095238088,1.0,1.0,80.0,1.101190476190476,8.095238095238088,1.0,Near Expectation
2018,4,1,37,The Big Gronkowski,Larry Fitzgerald,False,larry fitzgerald,The Big Gronkowski,82.8,13.0,WR,82.8,13.0,19.4,3.0,1.0,0.23429951690821255,True,65.47619047619048,79.76190476190477,189.0,-14.285714285714292,-14.285714285714292,1.0,0.23429951690821255,79.76190476190477,0.8208955223880596,-14.285714285714292,1.0,Near Expectation
2018,4,2,38,Pop Lockett Drop it,Golden Tate,False,golden tate,Pop Lockett Drop it,99.3,13.0,WR,99.3,13.0,94.4,9.0,1.0,0.9506545820745217,True,75.0,79.41420855837141,190.0,-4.4142085583714135,-4.4142085583714135,1.0,0.9506545820745217,79.41420855837141,0.9444153805911588,-4.4142085583714135,1.0,Near Expectation
2018,4,3,39,malle_dips_pouches,Lamar Miller,False,lamar miller,malle_dips_pouches,124.0,13.0,RB,124.0,13.0,108.1,10.0,1.0,0.871774193548387,True,80.0,78.86821705426357,190.0,1.1317829457364326,1.1317829457364326,1.0,0.871774193548387,78.86821705426357,1.0143503046982505,1.1317829457364326,1.0,Near Expectation
2018,4,4,40,Voldemort,Tom Brady,False,tom brady,Voldemort,257.48,13.0,QB,257.48,13.0,228.78,10.0,1.0,0.8885350318471337,True,60.0,78.43589743589743,190.0,-18.43589743589743,-18.43589743589743,1.0,0.8885350318471337,78.43589743589743,0.7649558679306964,-18.43589743589743,1.0,Near Expectation
2018,4,5,41,ThreatLevelMidnight,LeSean McCoy,False,lesean mccoy,ThreatLevelMidnight,80.8,13.0,RB,80.8,13.0,39.2,5.0,1.0,0.4851485148514852,True,54.666666666666664,79.06976744186046,191.0,-24.4031007751938,-24.4031007751938,1.0,0.4851485148514852,79.06976744186046,0.6913725490196079,-24.4031007751938,1.0,Near Expectation
2018,4,6,42,Joe Mantegna,Deshaun Watson,False,deshaun watson,Joe Mantegna,283.74,13.0,QB,283.74,13.0,41.84,2.0,1.0,0.14745894128427434,True,70.0,77.5,191.0,-7.5,-7.5,1.0,0.14745894128427434,77.5,0.9032258064516129,-7.5,1.0,Near Expectation
2018,4,7,43,Ginger FC,Russell Wilson,False,russell wilson,Ginger FC,297.04,13.0,QB,297.04,13.0,159.3,6.0,1.0,0.5362914085645031,True,73.33333333333333,78.04878048780488,191.0,-4.715447154471548,-4.715447154471548,1.0,0.5362914085645031,78.04878048780488,0.9395833333333333,-4.715447154471548,1.0,Near Expectation
2018,4,8,44,Dillon Panthers,Drew Brees,False,drew brees,Dillon Panthers,330.18,13.0,QB,330.18,13.0,330.18,12.0,1.0,1.0,True,96.66666666666667,76.46604938271605,192.0,20.20061728395062,20.20061728395062,1.0,1.0,76.46604938271605,1.2641775983854693,20.20061728395062,1.0,Near Expectation
2018,4,9,45,Big Sack Jack,Derrick Henry,False,derrick henry,Big Sack Jack,83.52,13.0,RB,83.52,13.0,16.52,4.0,1.0,0.1977969348659004,True,58.666666666666664,76.31944444444444,192.0,-17.65277777777778,-17.65277777777778,1.0,0.1977969348659004,76.31944444444444,0.7686988171064604,-17.65277777777778,1.0,Near Expectation
2018,4,10,46,Malle ❤️ 🐸,Cam Newton,False,cam newton,Malle ❤️ 🐸,325.96,13.0,QB,108.82,5.0,86.44,3.0,0.3338446435145417,0.7943392758684066,True,90.0,75.60975609756098,193.0,14.390243902439025,14.390243902439025,0.3338446435145417,0.7943392758684066,75.60975609756098,1.1903225806451614,4.804105845697063,0.3338446435145417,Near Expectation
2018,4,11,47,Post Mahomes,T.Y. Hilton,False,ty hilton,Post Mahomes,114.7,13.0,WR,41.4,5.0,41.4,4.0,0.36094158674803833,1.0,True,79.76190476190477,75.0,193.0,4.761904761904773,4.761904761904773,0.36094158674803833,1.0,75.0,1.0634920634920637,1.7187694607049486,0.36094158674803833,Near Expectation
2018,4,12,48,Uncle Rico,Chris Hogan,False,chris hogan,Uncle Rico,52.0,13.0,WR,52.0,13.0,31.6,5.0,1.0,0.6076923076923078,True,45.23809523809524,75.59557572319909,190.0,-30.35748048510385,-30.35748048510385,1.0,0.6076923076923078,75.59557572319909,0.5984225241400256,-30.35748048510385,1.0,Bust
2018,5,1,49,Uncle Rico,Doug Baldwin,False,doug baldwin,Uncle Rico,50.8,13.0,WR,50.8,13.0,18.2,6.0,1.0,0.3582677165354331,True,44.047619047619044,75.0,191.0,-30.952380952380956,-30.952380952380956,1.0,0.3582677165354331,75.0,0.5873015873015872,-30.952380952380956,1.0,Bust
2018,5,2,50,Post Mahomes,Mark Ingram II,False,mark ingram,Post Mahomes,88.2,13.0,RB,88.2,13.0,88.2,8.0,1.0,1.0,True,61.33333333333333,74.7093023255814,190.0,-13.375968992248076,-13.375968992248076,1.0,1.0,74.7093023255814,0.820959792477302,-13.375968992248076,1.0,Near Expectation
2018,5,3,51,Malle ❤️ 🐸,Allen Robinson,False,allen robinson,Malle ❤️ 🐸,81.3,13.0,WR,27.700000000000003,5.0,27.700000000000003,4.0,0.3407134071340714,1.0,True,63.095238095238095,73.52941176470588,191.0,-10.43417366946779,-10.43417366946779,0.3407134071340714,1.0,73.52941176470588,0.858095238095238,-3.5550628615529867,0.3407134071340714,Near Expectation
2018,5,4,52,Big Sack Jack,Jarvis Landry,False,jarvis landry,Big Sack Jack,87.3,13.0,WR,87.3,13.0,87.3,12.0,1.0,1.0,True,70.23809523809523,73.25581395348837,191.0,-3.017718715393144,-3.017718715393144,1.0,1.0,73.25581395348837,0.9588057445200301,-3.017718715393144,1.0,Near Expectation
2018,5,5,53,Dillon Panthers,Carlos Hyde,False,carlos hyde,Dillon Panthers,82.1,13.0,RB,82.1,13.0,76.1,8.0,1.0,0.9269183922046285,True,57.333333333333336,72.94117647058823,191.0,-15.607843137254896,-15.607843137254896,1.0,0.9269183922046285,72.94117647058823,0.7860215053763442,-15.607843137254896,1.0,Near Expectation
2018,5,6,54,Ginger FC,Carson Wentz,False,carson wentz,Ginger FC,216.84,13.0,QB,216.84,13.0,146.24,7.0,1.0,0.6744143147020846,True,50.0,72.9570747217806,190.0,-22.9570747217806,-22.9570747217806,1.0,0.6744143147020846,72.9570747217806,0.6853344955327959,-22.9570747217806,1.0,Near Expectation
2018,5,7,55,Joe Mantegna,Corey Davis,False,corey davis,Joe Mantegna,103.8,13.0,WR,70.0,10.0,41.1,5.0,0.674373795761079,0.5871428571428572,True,77.38095238095238,73.39261285909713,190.0,3.988339521855252,3.988339521855252,0.674373795761079,0.5871428571428572,73.39261285909713,1.0543425198597611,2.6896316621374536,0.674373795761079,Near Expectation
2018,5,8,56,ThreatLevelMidnight,Marvin Jones Jr.,False,marvin jones,ThreatLevelMidnight,80.8,13.0,WR,80.8,10.0,22.3,3.0,1.0,0.275990099009901,True,61.904761904761905,72.8395061728395,192.0,-10.934744268077601,-10.934744268077601,1.0,0.275990099009901,72.8395061728395,0.8498789346246973,-10.934744268077601,1.0,Near Expectation
2018,5,9,57,Voldemort,Demaryius Thomas,False,demaryius thomas,Voldemort,83.3,12.0,WR,64.3,10.0,16.5,3.0,0.7719087635054022,0.25660964230171074,True,66.66666666666666,71.25645438898451,192.0,-4.589787722317851,-4.589787722317851,0.7719087635054022,0.25660964230171074,71.25645438898451,0.9355877616747181,-3.5428973654866485,0.7719087635054022,Near Expectation
2018,5,10,58,malle_dips_pouches,Dion Lewis,False,dion lewis,malle_dips_pouches,87.3,13.0,RB,87.3,13.0,50.8,7.0,1.0,0.5819014891179839,True,60.0,71.25645438898451,190.0,-11.256454388984508,-11.256454388984508,1.0,0.5819014891179839,71.25645438898451,0.8420289855072464,-11.256454388984508,1.0,Near Expectation
2018,5,11,59,Pop Lockett Drop it,Jimmy Graham,False,jimmy graham,Pop Lockett Drop it,65.6,13.0,TE,65.6,13.0,57.2,10.0,1.0,0.8719512195121952,True,66.66666666666666,71.42857142857143,189.0,-4.761904761904773,-4.761904761904773,1.0,0.8719512195121952,71.42857142857143,0.9333333333333331,-4.761904761904773,1.0,Near Expectation
2018,5,12,60,The Big Gronkowski,Rex Burkhead,False,rex burkhead,The Big Gronkowski,15.8,8.0,RB,11.700000000000001,4.0,11.700000000000001,3.0,0.7405063291139241,1.0,True,20.0,69.76744186046511,189.0,-49.76744186046511,-49.76744186046511,0.7405063291139241,1.0,69.76744186046511,0.2866666666666667,-36.85310568148366,0.7405063291139241,Major Bust
2018,6,1,61,The Big Gronkowski,Brandin Cooks,False,brandin cooks,The Big Gronkowski,130.7,13.0,WR,130.7,13.0,105.5,10.0,1.0,0.8071920428462128,True,84.52380952380952,69.55038759689923,188.0,14.97342192691029,14.97342192691029,1.0,0.8071920428462128,69.55038759689923,1.215288835106044,14.97342192691029,1.0,Near Expectation
2018,6,2,62,Pop Lockett Drop it,Josh Gordon,False,josh gordon,Pop Lockett Drop it,86.2,13.0,WR,67.4,11.0,27.1,2.0,0.7819025522041764,0.4020771513353116,True,67.85714285714286,69.33333333333334,189.0,-1.4761904761904816,-1.4761904761904816,0.7819025522041764,0.4020771513353116,69.33333333333334,0.9787087912087912,-1.154237100872836,0.7819025522041764,Near Expectation
2018,6,3,63,malle_dips_pouches,Delanie Walker,False,delanie walker,malle_dips_pouches,5.2,5.0,TE,5.2,5.0,5.2,1.0,1.0,1.0,True,14.814814814814813,69.1358024691358,189.0,-54.32098765432099,-54.32098765432099,1.0,1.0,69.1358024691358,0.21428571428571427,-54.32098765432099,1.0,Major Bust
2018,6,4,64,Voldemort,Marshawn Lynch,False,marshawn lynch,Voldemort,64.0,7.0,RB,54.0,4.0,54.0,4.0,0.84375,1.0,True,46.666666666666664,67.95634920634922,190.0,-21.289682539682552,-21.289682539682552,0.84375,1.0,67.95634920634922,0.6867153284671531,-17.963169642857153,0.84375,Near Expectation
2018,6,5,65,ThreatLevelMidnight,Greg Olsen,False,greg olsen,ThreatLevelMidnight,53.1,10.0,TE,3.3,1.0,3.3,1.0,0.06214689265536723,1.0,True,51.85185185185185,67.44186046511628,189.0,-15.59000861326443,-15.59000861326443,0.06214689265536723,1.0,67.44186046511628,0.7688378033205618,-0.9688705917847951,0.06214689265536723,Near Expectation
2018,6,6,66,Joe Mantegna,Alfred Morris,False,alfred morris,Joe Mantegna,33.4,6.0,RB,33.4,6.0,31.6,5.0,1.0,0.9461077844311379,True,29.333333333333332,65.47619047619048,189.0,-36.14285714285715,-36.14285714285715,1.0,0.9461077844311379,65.47619047619048,0.44799999999999995,-36.14285714285715,1.0,Bust
2018,6,7,67,Ginger FC,Jamaal Williams,False,jamaal williams,Ginger FC,22.9,5.0,RB,19.0,4.0,16.3,3.0,0.8296943231441049,0.8578947368421053,True,22.666666666666664,64.28571428571429,189.0,-41.61904761904763,-41.61904761904763,0.8296943231441049,0.8578947368421053,64.28571428571429,0.3525925925925925,-34.53108754418799,0.8296943231441049,Major Bust
2018,6,8,68,Dillon Panthers,Emmanuel Sanders,False,emmanuel sanders,Dillon Panthers,129.22,13.0,WR,129.22,13.0,115.82,10.0,1.0,0.8963008822163752,True,83.33333333333334,63.95348837209303,189.0,19.379844961240316,19.379844961240316,1.0,0.8963008822163752,63.95348837209303,1.3030303030303032,19.379844961240316,1.0,Near Expectation
2018,6,9,69,Big Sack Jack,Matthew Stafford,False,matthew stafford,Big Sack Jack,219.04,13.0,QB,219.04,13.0,219.04,12.0,1.0,1.0,True,56.666666666666664,63.95348837209303,189.0,-7.286821705426362,-7.286821705426362,1.0,1.0,63.95348837209303,0.886060606060606,-7.286821705426362,1.0,Near Expectation
2018,6,10,70,Malle ❤️ 🐸,Tevin Coleman,False,tevin coleman,Malle ❤️ 🐸,120.5,13.0,RB,120.5,13.0,110.4,11.0,1.0,0.916182572614108,True,76.0,64.11960132890366,188.0,11.880398671096344,11.880398671096344,1.0,0.916182572614108,64.11960132890366,1.1852849740932643,11.880398671096344,1.0,Near Expectation
2018,6,11,71,Post Mahomes,Evan Engram,False,evan engram,Post Mahomes,38.7,13.0,TE,38.7,13.0,38.7,8.0,1.0,1.0,True,44.44444444444444,63.73350094280327,188.0,-19.289056498358825,-19.289056498358825,1.0,1.0,63.73350094280327,0.6973482358097742,-19.289056498358825,1.0,Near Expectation
2018,6,12,72,Uncle Rico,Chris Carson,False,chris carson,Uncle Rico,103.1,13.0,RB,103.1,13.0,53.6,9.0,1.0,0.5198836081474297,True,70.66666666666667,64.51612903225806,187.0,6.150537634408607,6.150537634408607,1.0,0.5198836081474297,64.51612903225806,1.0953333333333335,6.150537634408607,1.0,Near Expectation
2018,7,1,73,Uncle Rico,Kyle Rudolph,False,kyle rudolph,Uncle Rico,58.3,12.0,TE,46.9,9.0,46.9,9.0,0.8044596912521441,1.0,True,55.55555555555556,64.28571428571429,189.0,-8.730158730158735,-8.730158730158735,0.8044596912521441,1.0,64.28571428571429,0.8641975308641975,-7.023060796645706,0.8044596912521441,Near Expectation
2018,7,2,74,Post Mahomes,Marquise Goodwin,False,marquise goodwin,Post Mahomes,26.8,10.0,WR,26.8,8.0,0.0,1.0,1.0,0.0,True,32.142857142857146,64.11960132890366,188.0,-31.97674418604651,-31.97674418604651,1.0,0.0,64.11960132890366,0.5012953367875648,-31.97674418604651,1.0,Bust
2018,7,3,75,Malle ❤️ 🐸,Ben Roethlisberger,False,ben roethlisberger,Malle ❤️ 🐸,330.1,13.0,QB,330.1,13.0,195.98,7.0,1.0,0.593698879127537,True,93.33333333333333,63.51351351351351,189.0,29.81981981981982,29.81981981981982,1.0,0.593698879127537,63.51351351351351,1.469503546099291,29.81981981981982,1.0,Steal
2018,7,4,76,Big Sack Jack,Robert Woods,False,robert woods,Big Sack Jack,139.3,13.0,WR,139.3,13.0,139.3,12.0,1.0,1.0,True,89.28571428571429,63.2183908045977,187.0,26.06732348111659,26.06732348111659,1.0,1.0,63.2183908045977,1.4123376623376624,26.06732348111659,1.0,Steal
2018,7,5,77,Dillon Panthers,Trey Burton,False,trey burton,Dillon Panthers,75.0,13.0,TE,75.0,13.0,56.4,11.0,1.0,0.752,True,74.07407407407408,62.96296296296296,187.0,11.111111111111114,11.111111111111114,1.0,0.752,62.96296296296296,1.1764705882352942,11.111111111111114,1.0,Near Expectation
2018,7,6,78,Ginger FC,Devin Funchess,False,devin funchess,Ginger FC,69.6,11.0,WR,69.6,11.0,65.7,9.0,1.0,0.9439655172413794,True,54.761904761904766,62.16216216216216,185.0,-7.400257400257395,-7.400257400257395,1.0,0.9439655172413794,62.16216216216216,0.880952380952381,-7.400257400257395,1.0,Near Expectation
2018,7,7,79,Joe Mantegna,Jamison Crowder,False,jamison crowder,Joe Mantegna,22.9,7.0,WR,22.9,7.0,6.9,2.0,1.0,0.3013100436681223,True,29.761904761904763,61.65158371040724,186.0,-31.889678948502475,-31.889678948502475,1.0,0.3013100436681223,61.65158371040724,0.4827435561380516,-31.889678948502475,1.0,Bust
2018,7,8,80,ThreatLevelMidnight,Kirk Cousins,False,kirk cousins,ThreatLevelMidnight,278.8,13.0,QB,233.38,11.0,233.38,10.0,0.8370875179340028,1.0,True,66.66666666666666,61.65158371040724,184.0,5.01508295625942,5.01508295625942,0.8370875179340028,1.0,61.65158371040724,1.0813455657492355,4.198063344088319,0.8370875179340028,Near Expectation
2018,7,9,81,Voldemort,James Conner,False,james conner,Voldemort,215.6,13.0,RB,215.6,13.0,215.6,12.0,1.0,1.0,True,94.66666666666667,61.76470588235294,183.0,32.90196078431373,32.90196078431373,1.0,1.0,61.76470588235294,1.5326984126984127,32.90196078431373,1.0,Steal
2018,7,10,82,malle_dips_pouches,Michael Crabtree,False,michael crabtree,malle_dips_pouches,71.6,13.0,WR,71.6,13.0,12.9,3.0,1.0,0.18016759776536315,True,55.952380952380956,61.96343402225755,184.0,-6.011053069876596,-6.011053069876596,1.0,0.18016759776536315,61.96343402225755,0.9029903173585021,-6.011053069876596,1.0,Near Expectation
2018,7,11,83,Pop Lockett Drop it,Adrian Peterson,False,adrian peterson,Pop Lockett Drop it,147.3,13.0,RB,147.3,13.0,147.3,12.0,1.0,1.0,True,85.33333333333334,62.19512195121951,183.0,23.13821138211383,23.13821138211383,1.0,1.0,62.19512195121951,1.3720261437908499,23.13821138211383,1.0,Near Expectation
2018,7,12,84,The Big Gronkowski,Philip Rivers,False,philip rivers,The Big Gronkowski,304.62,13.0,QB,304.62,13.0,283.5,11.0,1.0,0.9306677171558007,True,76.66666666666667,61.76470588235294,183.0,14.90196078431373,14.90196078431373,1.0,0.9306677171558007,61.76470588235294,1.2412698412698413,14.90196078431373,1.0,Near Expectation
2018,8,1,85,The Big Gronkowski,David Njoku,False,david njoku,The Big Gronkowski,61.9,13.0,TE,61.9,13.0,61.9,12.0,1.0,1.0,True,59.25925925925925,59.861111111111114,182.0,-0.6018518518518619,-0.6018518518518619,1.0,1.0,59.861111111111114,0.9899458623356534,-0.6018518518518619,1.0,Near Expectation
2018,8,2,86,Pop Lockett Drop it,Matt Ryan,False,matt ryan,Pop Lockett Drop it,315.65999999999997,13.0,QB,280.34,11.0,280.34,10.0,0.8881074573908636,1.0,True,80.0,60.0,179.0,20.0,20.0,0.8881074573908636,1.0,60.0,1.3333333333333333,17.762149147817272,0.8881074573908636,Near Expectation
2018,8,3,87,malle_dips_pouches,Cooper Kupp,False,cooper kupp,malle_dips_pouches,95.1,13.0,WR,95.1,13.0,35.0,4.0,1.0,0.3680336487907466,True,73.80952380952381,59.25925925925925,177.0,14.550264550264558,14.550264550264558,1.0,0.3680336487907466,59.25925925925925,1.2455357142857144,14.550264550264558,1.0,Near Expectation
2018,8,4,88,Voldemort,Jordan Reed,False,jordan reed,Voldemort,65.8,13.0,TE,20.8,4.0,20.8,3.0,0.31610942249240126,1.0,True,70.37037037037037,59.116809116809115,176.0,11.253561253561251,11.253561253561251,0.31610942249240126,1.0,59.116809116809115,1.1903614457831324,3.5573567488461104,0.31610942249240126,Near Expectation
2018,8,5,89,ThreatLevelMidnight,Will Fuller V,False,will fuller,ThreatLevelMidnight,74.3,8.0,WR,74.3,8.0,50.2,5.0,1.0,0.6756393001345896,True,58.333333333333336,58.4349593495935,174.0,-0.10162601626016254,-0.10162601626016254,1.0,0.6756393001345896,58.4349593495935,0.9982608695652174,-0.10162601626016254,1.0,Near Expectation
2018,8,6,90,Joe Mantegna,Jaguars,False,jaguars,Joe Mantegna,75.0,13.0,DEF,75.0,13.0,43.0,7.0,1.0,0.5733333333333334,False,,,,,,,,,,,,Not Rated
2018,8,7,91,Ginger FC,Chris Thompson,False,chris thompson,Ginger FC,38.2,9.0,RB,36.0,6.0,29.8,4.0,0.9424083769633507,0.8277777777777778,True,34.66666666666667,54.77235772357724,170.0,-20.105691056910565,-20.105691056910565,0.9424083769633507,0.8277777777777778,54.77235772357724,0.6329226658750187,-18.94777167666964,0.9424083769633507,Near Expectation
2018,8,8,92,Dillon Panthers,Kerryon Johnson,False,kerryon johnson,Dillon Panthers,107.39999999999999,13.0,RB,107.39999999999999,13.0,74.5,6.0,1.0,0.6936685288640596,True,72.0,54.187520854187525,168.0,17.812479145812475,17.812479145812475,1.0,0.6936685288640596,54.187520854187525,1.32871921182266,17.812479145812475,1.0,Near Expectation
2018,8,9,93,Big Sack Jack,Sony Michel,False,sony michel,Big Sack Jack,97.9,13.0,RB,97.9,13.0,88.9,7.0,1.0,0.9080694586312564,True,68.0,54.49382716049382,166.0,13.506172839506178,13.506172839506178,1.0,0.9080694586312564,54.49382716049382,1.2478477571363844,13.506172839506178,1.0,Near Expectation
2018,8,10,94,Malle ❤️ 🐸,Cameron Brate,False,cameron brate,Malle ❤️ 🐸,44.1,13.0,TE,44.1,13.0,21.2,6.0,1.0,0.4807256235827664,True,48.148148148148145,54.49382716049382,164.0,-6.345679012345677,-6.345679012345677,1.0,0.4807256235827664,54.49382716049382,0.8835523334843679,-6.345679012345677,1.0,Near Expectation
2018,8,11,95,Post Mahomes,Sammy Watkins,False,sammy watkins,Post Mahomes,75.1,13.0,WR,75.1,13.0,30.799999999999997,3.0,1.0,0.41011984021304926,True,59.523809523809526,54.054054054054056,165.0,5.469755469755469,5.469755469755469,1.0,0.41011984021304926,54.054054054054056,1.1011904761904763,5.469755469755469,1.0,Near Expectation
2018,8,12,96,Uncle Rico,Robbie Chosen,False,robbie chosen,Uncle Rico,21.7,9.0,WR,10.1,3.0,0.0,0.0,0.46543778801843316,0.0,True,28.57142857142857,54.49382716049382,164.0,-25.922398589065253,-25.922398589065253,0.46543778801843316,0.0,54.49382716049382,0.5243057803094051,-12.065263859426684,0.46543778801843316,Bust
2018,9,1,97,Uncle Rico,Duke Johnson,False,duke johnson,Uncle Rico,71.3,13.0,RB,71.3,13.0,0.0,0.0,1.0,0.0,True,50.66666666666667,53.61918604651163,162.0,-2.952519379844958,-2.952519379844958,1.0,0.0,53.61918604651163,0.9449353935122436,-2.952519379844958,1.0,Near Expectation
2018,9,2,98,Post Mahomes,Andrew Luck,False,andrew luck,Post Mahomes,325.0,13.0,QB,131.94,5.0,131.94,5.0,0.40596923076923075,1.0,True,86.66666666666667,53.48837209302325,161.0,33.17829457364342,33.17829457364342,0.40596923076923075,1.0,53.48837209302325,1.620289855072464,13.469366726296961,0.40596923076923075,Steal
2018,9,3,99,Malle ❤️ 🐸,Alshon Jeffery,False,alshon jeffery,Malle ❤️ 🐸,73.2,13.0,WR,73.2,13.0,48.4,6.0,1.0,0.6612021857923497,True,57.14285714285714,53.125,159.0,4.017857142857139,4.017857142857139,1.0,0.6612021857923497,53.125,1.0756302521008403,4.017857142857139,1.0,Near Expectation
2018,9,4,100,Big Sack Jack,Jordy Nelson,False,jordy nelson,Big Sack Jack,55.300000000000004,11.0,WR,55.300000000000004,11.0,0.0,0.0,1.0,0.0,True,47.61904761904761,52.90736984448952,158.0,-5.2883222254419096,-5.2883222254419096,1.0,0.0,52.90736984448952,0.9000456412596987,-5.2883222254419096,1.0,Near Expectation
2018,9,5,101,Dillon Panthers,Jimmy Garoppolo,False,jimmy garoppolo,Dillon Panthers,61.019999999999996,3.0,QB,61.019999999999996,3.0,0.0,0.0,1.0,0.0,True,26.666666666666668,52.81040798282178,156.0,-26.14374131615511,-26.14374131615511,1.0,0.0,52.81040798282178,0.5049509686677828,-26.14374131615511,1.0,Bust
2018,9,6,102,Ginger FC,Pierre Garcon,False,pierre garcon,Ginger FC,8.9,3.0,WR,8.9,3.0,1.1,1.0,1.0,0.12359550561797754,True,13.690476190476192,52.74725274725275,151.0,-39.05677655677656,-39.05677655677656,1.0,0.12359550561797754,52.74725274725275,0.2595486111111111,-39.05677655677656,1.0,Bust
2018,9,7,103,Joe Mantegna,Stephen Gostkowski,False,stephen gostkowski,Joe Mantegna,111.0,13.0,K,111.0,13.0,111.0,13.0,1.0,1.0,False,,,,,,,,,,,,Not Rated
2018,9,8,104,ThreatLevelMidnight,Rashaad Penny,False,rashaad penny,ThreatLevelMidnight,7.8,3.0,RB,7.8,3.0,0.0,0.0,1.0,0.0,True,13.333333333333334,54.054054054054056,149.0,-40.72072072072072,-40.72072072072072,1.0,0.0,54.054054054054056,0.24666666666666667,-40.72072072072072,1.0,Major Bust
2018,9,9,105,Voldemort,Julian Edelman,False,julian edelman,Voldemort,81.52,13.0,WR,81.52,13.0,81.52,8.0,1.0,1.0,True,64.28571428571429,53.771213073538654,150.0,10.514501212175638,10.514501212175638,1.0,1.0,53.771213073538654,1.195541454454371,10.514501212175638,1.0,Near Expectation
2018,9,10,106,malle_dips_pouches,Jared Goff,False,jared goff,malle_dips_pouches,319.76,13.0,QB,319.76,13.0,319.76,12.0,1.0,1.0,True,83.33333333333334,54.32098765432099,149.0,29.012345679012356,29.012345679012356,1.0,1.0,54.32098765432099,1.5340909090909092,29.012345679012356,1.0,Steal
2018,9,11,107,Pop Lockett Drop it,Nelson Agholor,False,nelson agholor,Pop Lockett Drop it,62.1,13.0,WR,62.1,13.0,17.4,2.0,1.0,0.2801932367149758,True,52.38095238095239,54.48607522250933,146.0,-2.105122841556941,-2.105122841556941,1.0,0.2801932367149758,54.48607522250933,0.9613640213034234,-2.105122841556941,1.0,Near Expectation
2018,9,12,108,The Big Gronkowski,Jack Doyle,False,jack doyle,The Big Gronkowski,34.5,12.0,TE,6.0,7.0,0.0,0.0,0.17391304347826086,0.0,True,37.03703703703704,54.054054054054056,147.0,-17.017017017017018,-17.017017017017018,0.17391304347826086,0.0,54.054054054054056,0.6851851851851852,-2.959481220350786,0.17391304347826086,Near Expectation
2018,10,1,109,The Big Gronkowski,Alex Smith,False,alex smith,The Big Gronkowski,58.480000000000004,3.0,QB,58.480000000000004,3.0,0.0,0.0,1.0,0.0,True,23.333333333333332,52.68678160919541,146.0,-29.353448275862075,-29.353448275862075,1.0,0.0,52.68678160919541,0.4428688301063539,-29.353448275862075,1.0,Bust
2018,10,2,110,Pop Lockett Drop it,Ronald Jones,False,ronald jones,Pop Lockett Drop it,2.9,6.0,RB,2.8,5.0,0.0,0.0,0.9655172413793103,0.0,True,10.666666666666668,51.24999999999999,147.0,-40.58333333333333,-40.58333333333333,0.9655172413793103,0.0,51.24999999999999,0.20813008130081306,-39.183908045977006,0.9655172413793103,Major Bust
2018,10,3,111,malle_dips_pouches,Bilal Powell,False,bilal powell,malle_dips_pouches,49.3,7.0,RB,49.3,7.0,37.6,5.0,1.0,0.7626774847870184,True,42.66666666666667,49.411764705882355,151.0,-6.745098039215684,-6.745098039215684,1.0,0.7626774847870184,49.411764705882355,0.8634920634920635,-6.745098039215684,1.0,Near Expectation
2018,10,4,112,Voldemort,Peyton Barber,False,peyton barber,Voldemort,82.0,12.0,RB,9.8,2.0,0.0,0.0,0.11951219512195123,0.0,True,56.00000000000001,48.35164835164835,151.0,7.648351648351657,7.648351648351657,0.11951219512195123,0.0,48.35164835164835,1.1581818181818184,0.9140712945591005,0.11951219512195123,Near Expectation
2018,10,5,113,ThreatLevelMidnight,Dak Prescott,False,dak prescott,ThreatLevelMidnight,54.879999999999995,3.0,QB,8.7,1.0,0.0,0.0,0.1585276967930029,0.0,True,20.0,46.51162790697674,151.0,-26.51162790697674,-26.51162790697674,0.1585276967930029,0.0,46.51162790697674,0.43000000000000005,-4.202827310326123,0.1585276967930029,Bust
2018,10,6,114,Joe Mantegna,Patrick Mahomes,False,patrick mahomes,Joe Mantegna,424.72,13.0,QB,424.72,13.0,337.54,11.0,1.0,0.7947353550574496,True,100.0,48.275862068965516,151.0,51.724137931034484,51.724137931034484,1.0,0.7947353550574496,48.275862068965516,2.0714285714285716,51.724137931034484,1.0,Elite Steal
2018,10,7,115,Ginger FC,Greg Zuerlein,False,greg zuerlein,Ginger FC,87.0,9.0,K,17.0,2.0,17.0,2.0,0.19540229885057472,1.0,False,,,,,,,,,,,,Not Rated
2018,10,8,116,Dillon Panthers,Tarik Cohen,False,tarik cohen,Dillon Panthers,135.44,13.0,RB,135.44,13.0,82.54,7.0,1.0,0.6094211458948613,True,82.66666666666667,48.275862068965516,155.0,34.390804597701155,34.390804597701155,1.0,0.6094211458948613,48.275862068965516,1.7123809523809526,34.390804597701155,1.0,Steal
2018,10,9,117,Big Sack Jack,Latavius Murray,False,latavius murray,Big Sack Jack,92.1,13.0,RB,92.1,13.0,51.6,5.0,1.0,0.5602605863192183,True,64.0,47.802197802197796,156.0,16.197802197802204,16.197802197802204,1.0,0.5602605863192183,47.802197802197796,1.3388505747126438,16.197802197802204,1.0,Near Expectation
2018,10,10,118,Malle ❤️ 🐸,Sterling Shepard,False,sterling shepard,Malle ❤️ 🐸,86.5,13.0,WR,86.5,13.0,40.0,7.0,1.0,0.4624277456647399,True,69.04761904761905,47.802197802197796,156.0,21.245421245421255,21.245421245421255,1.0,0.4624277456647399,47.802197802197796,1.4444444444444446,21.245421245421255,1.0,Near Expectation
2018,10,11,119,Post Mahomes,Isaiah Crowell,False,isaiah crowell,Post Mahomes,119.0,13.0,RB,72.6,5.0,3.9,1.0,0.6100840336134453,0.05371900826446281,True,74.66666666666667,47.802197802197796,158.0,26.864468864468876,26.864468864468876,0.6100840336134453,0.05371900826446281,47.802197802197796,1.5619923371647513,16.389583525717985,0.6100840336134453,Steal
2018,10,12,120,Uncle Rico,Aaron Jones Sr.,False,aaron jones,Uncle Rico,128.0,13.0,RB,128.0,13.0,99.2,8.0,1.0,0.775,True,81.33333333333333,46.88218757986199,156.0,34.45114575347134,34.45114575347134,1.0,0.775,46.88218757986199,1.7348450985736352,34.45114575347134,1.0,Steal
2018,11,1,121,Uncle Rico,Kenny Stills,False,kenny stills,Uncle Rico,68.9,13.0,WR,68.9,13.0,17.799999999999997,3.0,1.0,0.2583454281567488,True,53.57142857142857,46.42857142857143,157.0,7.142857142857139,7.142857142857139,1.0,0.2583454281567488,46.42857142857143,1.1538461538461537,7.142857142857139,1.0,Near Expectation
2018,11,2,122,Post Mahomes,Marcus Mariota,False,marcus mariota,Post Mahomes,3.62,1.0,QB,3.62,1.0,0.0,0.0,1.0,0.0,True,3.3333333333333335,46.470099667774086,160.0,-43.13676633444075,-43.13676633444075,1.0,0.0,46.470099667774086,0.07173071194518917,-43.13676633444075,1.0,Major Bust
2018,11,3,123,Malle ❤️ 🐸,Marlon Mack,False,marlon mack,Malle ❤️ 🐸,92.0,12.0,RB,3.6,5.0,0.0,0.0,0.0391304347826087,0.0,True,62.66666666666667,45.94594594594595,161.0,16.72072072072072,16.72072072072072,0.0391304347826087,0.0,45.94594594594595,1.3639215686274508,0.6542890716803761,0.0391304347826087,Near Expectation
2018,11,4,124,Big Sack Jack,Vikings,False,vikings,Big Sack Jack,99.0,13.0,DEF,99.0,13.0,75.0,10.0,1.0,0.7575757575757576,False,,,,,,,,,,,,Not Rated
2018,11,5,125,Dillon Panthers,Eagles,False,eagles,Dillon Panthers,60.0,13.0,DEF,60.0,13.0,64.0,11.0,1.0,1.0666666666666667,False,,,,,,,,,,,,Not Rated
2018,11,6,126,Ginger FC,Rishard Matthews,False,rishard matthews,Ginger FC,0.8,2.0,WR,0.8,2.0,0.0,0.0,1.0,0.0,True,4.761904761904762,43.75,164.0,-38.98809523809524,-38.98809523809524,1.0,0.0,43.75,0.10884353741496598,-38.98809523809524,1.0,Bust
2018,11,7,127,Joe Mantegna,George Kittle,False,george kittle,Joe Mantegna,110.3,13.0,TE,110.3,13.0,37.9,5.0,1.0,0.34360834088848596,True,88.88888888888889,41.3006029285099,168.0,47.58828596037898,47.58828596037898,1.0,0.34360834088848596,41.3006029285099,2.1522419186652764,47.58828596037898,1.0,Elite Steal
2018,11,8,128,ThreatLevelMidnight,Justin Tucker,False,justin tucker,ThreatLevelMidnight,119.0,13.0,K,119.0,13.0,119.0,12.0,1.0,1.0,False,,,,,,,,,,,,Not Rated
2018,11,9,129,Voldemort,Matt Breida,False,matt breida,Voldemort,123.3,13.0,RB,123.3,13.0,69.6,6.0,1.0,0.5644768856447688,True,78.66666666666666,40.1219512195122,166.0,38.54471544715446,38.54471544715446,1.0,0.5644768856447688,40.1219512195122,1.960688956433637,38.54471544715446,1.0,Steal
2018,11,10,130,malle_dips_pouches,Rams,False,rams,malle_dips_pouches,118.0,13.0,DEF,118.0,13.0,118.0,12.0,1.0,1.0,False,,,,,,,,,,,,Not Rated
2018,11,11,131,Pop Lockett Drop it,Texans,False,texans,Pop Lockett Drop it,119.0,13.0,DEF,119.0,13.0,119.0,12.0,1.0,1.0,False,,,,,,,,,,,,Not Rated
2018,11,12,132,The Big Gronkowski,Chargers,False,chargers,The Big Gronkowski,67.0,10.0,DEF,38.0,6.0,27.0,5.0,0.5671641791044776,0.7105263157894737,False,,,,,,,,,,,,Not Rated
2018,12,1,133,The Big Gronkowski,Matt Bryant,False,matt bryant,The Big Gronkowski,79.0,13.0,K,79.0,13.0,74.0,8.0,1.0,0.9367088607594937,False,,,,,,,,,,,,Not Rated
2018,12,2,134,Pop Lockett Drop it,Jake Elliott,False,jake elliott,Pop Lockett Drop it,87.0,13.0,K,87.0,13.0,87.0,12.0,1.0,1.0,False,,,,,,,,,,,,Not Rated
2018,12,3,135,malle_dips_pouches,Matt Prater,False,matt prater,malle_dips_pouches,99.0,12.0,K,42.0,5.0,42.0,5.0,0.42424242424242425,1.0,False,,,,,,,,,,,,Not Rated
2018,12,4,136,Voldemort,C.J. Anderson,False,cj anderson,Voldemort,0.0,0.0,,0.0,0.0,0.0,0.0,,,False,,,,,,,,,,,,Not Rated
2018,12,5,137,ThreatLevelMidnight,Broncos,False,broncos,ThreatLevelMidnight,78.0,8.0,DEF,64.0,7.0,63.0,6.0,0.8205128205128205,0.984375,False,,,,,,,,,,,,Not Rated
2018,12,6,138,Joe Mantegna,O.J. Howard,False,oj howard,Joe Mantegna,86.5,11.0,TE,40.4,6.0,0.0,0.0,0.46705202312138727,0.0,True,81.48148148148148,41.44305307096005,148.0,40.03842841052143,40.03842841052143,0.46705202312138727,0.0,41.44305307096005,1.9661071143085531,18.700028991734865,0.46705202312138727,Elite Steal
2018,12,7,139,Ginger FC,Steelers,False,steelers,Ginger FC,74.0,11.0,DEF,63.0,9.0,38.0,5.0,0.8513513513513513,0.6031746031746031,False,,,,,,,,,,,,Not Rated
2018,12,8,140,Dillon Panthers,Daniel Carlson,False,daniel carlson,Dillon Panthers,10.0,2.0,K,10.0,2.0,10.0,2.0,1.0,1.0,False,,,,,,,,,,,,Not Rated
2018,12,9,141,Big Sack Jack,Mike Williams,False,mike williams,Big Sack Jack,56.4,7.0,WR,56.4,7.0,0.0,0.0,1.0,0.0,True,48.80952380952381,41.02564102564102,141.0,7.783882783882788,7.783882783882788,1.0,0.0,41.02564102564102,1.189732142857143,7.783882783882788,1.0,Near Expectation
2018,12,10,142,Malle ❤️ 🐸,Harrison Butker,False,harrison butker,Malle ❤️ 🐸,116.0,13.0,K,116.0,13.0,116.0,12.0,1.0,1.0,False,,,,,,,,,,,,Not Rated
2018,12,11,143,Post Mahomes,Kenny Golladay,False,kenny golladay,Post Mahomes,116.2,13.0,WR,60.800000000000004,6.0,34.5,3.0,0.5232358003442341,0.5674342105263157,True,80.95238095238095,41.02564102564102,139.0,39.92673992673993,39.92673992673993,0.5232358003442341,0.5674342105263157,41.02564102564102,1.9732142857142858,20.891099720703853,0.5232358003442341,Steal
2018,12,12,144,Uncle Rico,Nick Chubb,False,nick chubb,Uncle Rico,114.2,12.0,RB,4.1,3.0,0.0,0.0,0.03590192644483362,0.0,True,73.33333333333333,41.02564102564102,137.0,32.30769230769231,32.30769230769231,0.03590192644483362,0.0,41.02564102564102,1.7875,1.1599083928330862,0.03590192644483362,Steal
2018,13,1,145,Uncle Rico,Blake Bortles,False,blake bortles,Uncle Rico,201.38,13.0,QB,201.38,13.0,1.44,1.0,1.0,0.007150660442943688,True,46.666666666666664,41.02564102564102,135.0,5.641025641025642,5.641025641025642,1.0,0.007150660442943688,41.02564102564102,1.1375,5.641025641025642,1.0,Near Expectation
2018,13,2,146,Post Mahomes,Ravens,False,ravens,Post Mahomes,94.0,13.0,DEF,94.0,13.0,73.0,10.0,1.0,0.776595744680851,False,,,,,,,,,,,,Not Rated
2018,13,3,147,Malle ❤️ 🐸,Saints,False,saints,Malle ❤️ 🐸,50.0,9.0,DEF,35.0,8.0,10.0,3.0,0.7,0.2857142857142857,False,,,,,,,,,,,,Not Rated
2018,13,4,148,Big Sack Jack,LeGarrette Blount,False,legarrette blount,Big Sack Jack,68.6,13.0,RB,68.6,13.0,0.0,0.0,1.0,0.0,True,49.333333333333336,39.53330619997287,120.0,9.800027133360466,9.800027133360466,1.0,0.0,39.53330619997287,1.2478929306794784,9.800027133360466,1.0,Near Expectation
2018,13,5,149,Dillon Panthers,Tyler Lockett,False,tyler lockett,Dillon Panthers,131.1,13.0,WR,131.1,13.0,40.4,4.0,1.0,0.30816170861937453,True,85.71428571428571,40.0,118.0,45.71428571428571,45.71428571428571,1.0,0.30816170861937453,40.0,2.142857142857143,45.71428571428571,1.0,Elite Steal
2018,13,6,150,Ginger FC,DJ Moore,False,dj moore,Ginger FC,33.5,6.0,WR,28.700000000000003,5.0,16.3,2.0,0.8567164179104478,0.5679442508710801,True,39.285714285714285,40.0,116.0,-0.7142857142857153,-0.7142857142857153,0.8567164179104478,0.5679442508710801,40.0,0.9821428571428571,-0.6119402985074636,0.8567164179104478,Near Expectation
2018,13,7,151,Joe Mantegna,Keelan Cole Sr.,False,keelan cole,Joe Mantegna,41.1,13.0,WR,41.1,13.0,16.5,6.0,1.0,0.40145985401459855,True,42.857142857142854,41.46341463414634,115.0,1.3937282229965149,1.3937282229965149,1.0,0.40145985401459855,41.46341463414634,1.0336134453781511,1.3937282229965149,1.0,Near Expectation
2018,13,8,152,ThreatLevelMidnight,Kelvin Benjamin,False,kelvin benjamin,ThreatLevelMidnight,8.9,2.0,WR,8.9,2.0,0.0,0.0,1.0,0.0,True,13.690476190476192,41.02564102564102,113.0,-27.335164835164832,-27.335164835164832,1.0,0.0,41.02564102564102,0.3337053571428572,-27.335164835164832,1.0,Bust
2018,13,9,153,Voldemort,Josh Doctson,False,josh doctson,Voldemort,1.1,1.0,WR,1.1,1.0,0.0,0.0,1.0,0.0,True,6.547619047619048,42.42424242424242,111.0,-35.87662337662337,-35.87662337662337,1.0,0.0,42.42424242424242,0.15433673469387757,-35.87662337662337,1.0,Bust
2018,13,10,154,malle_dips_pouches,Randall Cobb,False,randall cobb,malle_dips_pouches,29.8,11.0,WR,29.8,11.0,4.0,1.0,1.0,0.1342281879194631,True,35.714285714285715,42.42424242424242,109.0,-6.709956709956707,-6.709956709956707,1.0,0.1342281879194631,42.42424242424242,0.8418367346938777,-6.709956709956707,1.0,Near Expectation
2018,13,11,155,Pop Lockett Drop it,Danny Amendola,False,danny amendola,Pop Lockett Drop it,34.2,10.0,WR,21.0,6.0,0.0,0.0,0.6140350877192982,0.0,True,40.476190476190474,41.46341463414634,111.0,-0.9872241579558647,-0.9872241579558647,0.6140350877192982,0.0,41.46341463414634,0.9761904761904762,-0.6061902724290397,0.6140350877192982,Near Expectation
2018,13,12,156,The Big Gronkowski,Tyrell Williams,False,tyrell williams,The Big Gronkowski,31.7,9.0,WR,15.2,3.0,0.0,0.0,0.4794952681388012,0.0,True,36.904761904761905,41.46341463414634,111.0,-4.558652729384434,-4.558652729384434,0.4794952681388012,0.0,41.46341463414634,0.8900560224089636,-2.185852412827867,0.4794952681388012,Near Expectation
2018,14,1,157,The Big Gronkowski,Corey Clement,False,corey clement,The Big Gronkowski,47.6,8.0,RB,40.2,7.0,10.2,3.0,0.8445378151260504,0.25373134328358204,True,41.333333333333336,41.94382852919438,106.0,-0.6104951958610414,-0.6104951958610414,0.8445378151260504,0.25373134328358204,41.94382852919438,0.9854449339207051,-0.5155862788574341,0.8445378151260504,Near Expectation
2018,14,2,158,Pop Lockett Drop it,James White,False,james white,Pop Lockett Drop it,158.79999999999998,13.0,RB,139.2,11.0,108.1,7.0,0.8765743073047859,0.7765804597701149,True,89.33333333333333,42.42424242424242,105.0,46.90909090909091,46.90909090909091,0.8765743073047859,0.7765804597701149,42.42424242424242,2.105714285714286,41.11930386993359,0.8765743073047859,Elite Steal
2018,14,3,159,malle_dips_pouches,Tyler Eifert,False,tyler eifert,malle_dips_pouches,23.900000000000002,4.0,TE,23.900000000000002,4.0,0.0,0.0,1.0,0.0,True,29.629629629629626,42.42424242424242,105.0,-12.794612794612796,-12.794612794612796,1.0,0.0,42.42424242424242,0.6984126984126984,-12.794612794612796,1.0,Near Expectation
2018,14,4,160,Voldemort,Wil Lutz,False,wil lutz,Voldemort,126.0,12.0,K,53.0,5.0,53.0,5.0,0.42063492063492064,1.0,False,,,,,,,,,,,,Not Rated
2018,14,5,161,ThreatLevelMidnight,Ben Watson,False,ben watson,ThreatLevelMidnight,21.0,9.0,TE,6.300000000000001,2.0,0.0,0.0,0.30000000000000004,0.0,True,25.925925925925924,42.42424242424242,105.0,-16.4983164983165,-16.4983164983165,0.30000000000000004,0.0,42.42424242424242,0.611111111111111,-4.94949494949495,0.30000000000000004,Near Expectation
2018,14,6,162,Joe Mantegna,Bears,False,bears,Joe Mantegna,144.0,13.0,DEF,144.0,13.0,90.0,6.0,1.0,0.625,False,,,,,,,,,,,,Not Rated
2018,14,7,163,Ginger FC,DeVante Parker,False,devante parker,Ginger FC,17.4,5.0,WR,4.0,3.0,0.0,0.0,0.2298850574712644,0.0,True,25.0,41.31994261119081,104.0,-16.31994261119081,-16.31994261119081,0.2298850574712644,0.0,41.31994261119081,0.6050347222222223,-3.7517109451013364,0.2298850574712644,Near Expectation
2018,14,8,164,Dillon Panthers,Austin Hooper,False,austin hooper,Dillon Panthers,78.0,13.0,TE,78.0,13.0,24.1,3.0,1.0,0.308974358974359,True,77.77777777777779,41.31994261119081,100.0,36.457835166586975,36.457835166586975,1.0,0.308974358974359,41.31994261119081,1.8823302469135808,36.457835166586975,1.0,Steal
2018,14,9,165,Big Sack Jack,Chris Boswell,False,chris boswell,Big Sack Jack,41.08,7.0,K,12.0,3.0,12.0,3.0,0.2921129503407984,1.0,False,,,,,,,,,,,,Not Rated
2018,14,10,166,Malle ❤️ 🐸,Ricky Seals-Jones,False,ricky seals jones,Malle ❤️ 🐸,34.7,13.0,TE,34.7,13.0,9.3,4.0,1.0,0.2680115273775216,True,40.74074074074074,41.8526031102096,96.0,-1.1118623694688594,-1.1118623694688594,1.0,0.2680115273775216,41.8526031102096,0.9734338538861964,-1.1118623694688594,1.0,Near Expectation
2018,14,11,167,Post Mahomes,Jordan Wilkins,False,jordan wilkins,Post Mahomes,8.1,2.0,RB,6.1,1.0,0.0,0.0,0.7530864197530864,0.0,True,14.666666666666666,40.74074074074074,93.0,-26.074074074074076,-26.074074074074076,0.7530864197530864,0.0,40.74074074074074,0.36,-19.636031092821217,0.7530864197530864,Bust
2018,14,12,168,Uncle Rico,Patriots,False,patriots,Uncle Rico,93.0,13.0,DEF,75.0,10.0,75.0,10.0,0.8064516129032258,1.0,False,,,,,,,,,,,,Not Rated
2018,15,1,169,Uncle Rico,Robbie Gould,False,robbie gould,Uncle Rico,95.0,11.0,K,92.0,10.0,92.0,10.0,0.968421052631579,1.0,False,,,,,,,,,,,,Not Rated
2018,15,2,170,Post Mahomes,Ryan Succop,False,ryan succop,Post Mahomes,20.0,2.0,K,20.0,2.0,20.0,2.0,1.0,1.0,False,,,,,,,,,,,,Not Rated
2018,15,3,171,Malle ❤️ 🐸,Falcons,False,falcons,Malle ❤️ 🐸,12.0,7.0,DEF,9.0,5.0,0.0,2.0,0.75,0.0,False,,,,,,,,,,,,Not Rated
2018,15,4,172,Big Sack Jack,Derek Carr,False,derek carr,Big Sack Jack,217.57999999999998,13.0,QB,217.57999999999998,13.0,4.78,1.0,1.0,0.02196893096791985,True,53.333333333333336,41.8526031102096,76.0,11.480730223123736,11.480730223123736,1.0,0.02196893096791985,41.8526031102096,1.274313408723748,11.480730223123736,1.0,Near Expectation
2018,15,5,173,Dillon Panthers,Mohamed Sanu,False,mohamed sanu,Dillon Panthers,76.5,13.0,WR,76.5,13.0,0.0,0.0,1.0,0.0,True,60.71428571428571,42.66666666666667,71.0,18.047619047619037,18.047619047619037,1.0,0.0,42.66666666666667,1.4229910714285712,18.047619047619037,1.0,Near Expectation
2018,15,6,174,Ginger FC,Vance McDonald,False,vance mcdonald,Ginger FC,28.299999999999997,8.0,TE,0.0,1.0,0.0,0.0,0.0,,True,33.33333333333333,42.66666666666667,67.0,-9.333333333333343,-9.333333333333343,0.0,,42.66666666666667,0.7812499999999998,-0.0,0.0,Near Expectation
2018,15,7,175,Joe Mantegna,Giovani Bernard,False,giovani bernard,Joe Mantegna,50.6,9.0,RB,41.3,6.0,36.2,2.0,0.8162055335968379,0.8765133171912834,True,44.0,42.93827160493827,62.0,1.0617283950617278,1.0617283950617278,0.8162055335968379,0.8765133171912834,42.93827160493827,1.0247268545140886,0.8665885912262719,0.8162055335968379,Near Expectation
2018,15,8,176,ThreatLevelMidnight,Chris Godwin Jr.,False,chris godwin,ThreatLevelMidnight,54.6,8.0,WR,35.3,4.0,0.0,0.0,0.6465201465201464,0.0,True,46.42857142857143,41.17647058823529,57.0,5.252100840336141,5.252100840336141,0.6465201465201464,0.0,41.17647058823529,1.1275510204081634,3.395589004832706,0.6465201465201464,Near Expectation
2018,15,9,177,Voldemort,Panthers,False,panthers,Voldemort,41.0,7.0,DEF,0.0,0.0,0.0,0.0,0.0,,False,,,,,,,,,,,,Not Rated
2018,15,10,178,malle_dips_pouches,Theo Riddick,False,theo riddick,malle_dips_pouches,26.3,6.0,RB,14.5,4.0,0.0,0.0,0.5513307984790874,0.0,True,26.666666666666668,43.20987654320987,49.0,-16.543209876543205,-16.543209876543205,0.5513307984790874,0.0,43.20987654320987,0.6171428571428572,-9.12078111064169,0.5513307984790874,Near Expectation
2018,15,11,179,Pop Lockett Drop it,Cameron Meredith,False,cameron meredith,Pop Lockett Drop it,15.399999999999999,6.0,WR,15.399999999999999,6.0,0.0,0.0,1.0,0.0,True,22.61904761904762,44.938271604938265,46.0,-22.319223985890645,-22.319223985890645,1.0,0.0,44.938271604938265,0.5033359497645213,-22.319223985890645,1.0,Near Expectation
2018,15,12,180,The Big Gronkowski,Calvin Ridley,False,calvin ridley,The Big Gronkowski,113.4,13.0,WR,113.4,13.0,67.2,9.0,1.0,0.5925925925925926,True,78.57142857142857,44.938271604938265,40.0,33.633156966490304,33.633156966490304,1.0,0.5925925925925926,44.938271604938265,1.7484301412872842,33.633156966490304,1.0,Steal
2019,1,1,1,Pop Lockett Drop it,Saquon Barkley,False,saquon barkley,Pop Lockett Drop it,101.5,13.0,RB,101.5,13.0,101.5,9.0,1.0,1.0,True,71.7948717948718,90.66666666666666,103.0,-18.87179487179486,-18.87179487179486,1.0,1.0,90.66666666666666,0.7918552036199096,-18.87179487179486,1.0,Near Expectation
2019,1,2,2,The Big Gronkowski,Alvin Kamara,False,alvin kamara,The Big Gronkowski,115.62,13.0,RB,115.62,13.0,115.62,11.0,1.0,1.0,True,80.76923076923077,90.58823529411765,111.0,-9.819004524886878,-9.819004524886878,1.0,1.0,90.58823529411765,0.8916083916083916,-9.819004524886878,1.0,Near Expectation
2019,1,3,3,malle_dips_pouches,Ezekiel Elliott,False,ezekiel elliott,malle_dips_pouches,175.6,13.0,RB,175.6,13.0,175.6,12.0,1.0,1.0,True,93.58974358974359,90.73563218390804,118.0,2.8541114058355532,2.8541114058355532,1.0,1.0,90.73563218390804,1.031455243515036,2.8541114058355532,1.0,Near Expectation
2019,1,4,4,Voldemort,Christian McCaffrey,False,christian mccaffrey,Voldemort,279.1,13.0,RB,279.1,13.0,279.1,12.0,1.0,1.0,True,100.0,90.58823529411765,125.0,9.411764705882348,9.411764705882348,1.0,1.0,90.58823529411765,1.103896103896104,9.411764705882348,1.0,Near Expectation
2019,1,5,5,Patty Primetimes,Nick Chubb,False,nick chubb,Patty Primetimes,178.0,13.0,RB,178.0,13.0,178.0,12.0,1.0,1.0,True,94.87179487179486,89.41176470588236,133.0,5.4600301659124995,5.4600301659124995,1.0,1.0,89.41176470588236,1.0610661268556003,5.4600301659124995,1.0,Near Expectation
2019,1,6,6,Ginger FC,Todd Gurley,False,todd gurley,Ginger FC,127.6,13.0,RB,127.6,13.0,127.6,11.0,1.0,1.0,True,85.8974358974359,89.65517241379311,141.0,-3.7577365163572125,-3.7577365163572125,1.0,1.0,89.65517241379311,0.9580867850098619,-3.7577365163572125,1.0,Near Expectation
2019,1,7,7,ThreatLevelMidnight,James Conner,False,james conner,ThreatLevelMidnight,97.2,13.0,RB,74.6,7.0,74.6,6.0,0.7674897119341563,1.0,True,67.94871794871796,87.95180722891565,149.0,-20.0030892801977,-20.0030892801977,0.7674897119341563,1.0,87.95180722891565,0.7725676150333686,-15.352165229452142,0.7674897119341563,Near Expectation
2019,1,8,8,Post Mahomes,David Johnson,False,david johnson,Post Mahomes,92.89999999999999,13.0,RB,92.89999999999999,13.0,90.5,9.0,1.0,0.9741657696447794,True,64.1025641025641,87.05882352941177,157.0,-22.956259426847666,-22.956259426847666,1.0,0.9741657696447794,87.05882352941177,0.7363132363132363,-22.956259426847666,1.0,Near Expectation
2019,1,9,9,Malle ❤️ 🐸,Le'Veon Bell,False,leveon bell,Malle ❤️ 🐸,123.2,13.0,RB,62.1,7.0,62.1,6.0,0.5040584415584416,1.0,True,83.33333333333334,86.90476190476191,165.0,-3.5714285714285694,-3.5714285714285694,0.5040584415584416,1.0,86.90476190476191,0.9589041095890412,-1.8002087198515762,0.5040584415584416,Near Expectation
2019,1,10,10,Joe Mantegna,DeAndre Hopkins,False,deandre hopkins,Joe Mantegna,134.14000000000001,13.0,WR,134.14000000000001,13.0,134.14000000000001,12.0,1.0,1.0,True,93.33333333333333,86.73992673992674,172.0,6.593406593406584,6.593406593406584,1.0,1.0,86.73992673992674,1.0760135135135134,6.593406593406584,1.0,Near Expectation
2019,1,11,11,Uncle Rico,Julio Jones,False,julio jones,Uncle Rico,118.7,13.0,WR,118.7,13.0,118.7,11.0,1.0,1.0,True,81.33333333333333,86.6260162601626,180.0,-5.292682926829272,-5.292682926829272,1.0,1.0,86.6260162601626,0.9389019239793523,-5.292682926829272,1.0,Near Expectation
2019,1,12,12,Big Sack Jack,Tyreek Hill,False,tyreek hill,Big Sack Jack,91.2,13.0,WR,91.2,13.0,91.2,8.0,1.0,1.0,True,68.0,85.71428571428571,187.0,-17.714285714285708,-17.714285714285708,1.0,1.0,85.71428571428571,0.7933333333333333,-17.714285714285708,1.0,Near Expectation
2019,2,1,13,Big Sack Jack,Sony Michel,False,sony michel,Big Sack Jack,105.9,13.0,RB,105.9,13.0,101.5,11.0,1.0,0.9584513692162416,True,75.0,85.54006968641114,194.0,-10.540069686411144,-10.540069686411144,1.0,0.9584513692162416,85.54006968641114,0.8767820773930755,-10.540069686411144,1.0,Near Expectation
2019,2,2,14,Uncle Rico,Davante Adams,False,davante adams,Uncle Rico,84.4,13.0,WR,84.4,13.0,84.4,9.0,1.0,1.0,True,64.0,86.66666666666667,193.0,-22.66666666666667,-22.66666666666667,1.0,1.0,86.66666666666667,0.7384615384615384,-22.66666666666667,1.0,Near Expectation
2019,2,3,15,Joe Mantegna,Odell Beckham Jr.,False,odell beckham,Joe Mantegna,92.3,13.0,WR,92.3,13.0,92.3,12.0,1.0,1.0,True,70.66666666666667,85.36585365853658,193.0,-14.699186991869908,-14.699186991869908,1.0,1.0,85.36585365853658,0.8278095238095239,-14.699186991869908,1.0,Near Expectation
2019,2,4,16,Malle ❤️ 🐸,Devonta Freeman,False,devonta freeman,Malle ❤️ 🐸,85.7,13.0,RB,85.7,13.0,85.7,11.0,1.0,1.0,True,60.256410256410255,84.74955277280858,192.0,-24.49314251639833,-24.49314251639833,1.0,1.0,84.74955277280858,0.7109938434476694,-24.49314251639833,1.0,Near Expectation
2019,2,5,17,Post Mahomes,Dalvin Cook,False,dalvin cook,Post Mahomes,221.6,13.0,RB,221.6,13.0,221.6,12.0,1.0,1.0,True,98.71794871794873,84.74955277280858,192.0,13.968395945140145,13.968395945140145,1.0,1.0,84.74955277280858,1.1648197009674583,13.968395945140145,1.0,Near Expectation
2019,2,6,18,ThreatLevelMidnight,Aaron Jones Sr.,False,aaron jones,ThreatLevelMidnight,183.20000000000002,13.0,RB,183.20000000000002,13.0,162.20000000000002,11.0,1.0,0.8853711790393013,True,96.15384615384616,83.75235700817097,192.0,12.401489145675185,12.401489145675185,1.0,0.8853711790393013,83.75235700817097,1.148073315052677,12.401489145675185,1.0,Near Expectation
2019,2,7,19,Ginger FC,Michael Thomas,False,michael thomas,Ginger FC,164.1,13.0,WR,164.1,13.0,164.1,12.0,1.0,1.0,True,98.66666666666667,83.33333333333334,191.0,15.333333333333329,15.333333333333329,1.0,1.0,83.33333333333334,1.184,15.333333333333329,1.0,Near Expectation
2019,2,8,20,Patty Primetimes,Travis Kelce,False,travis kelce,Patty Primetimes,116.3,13.0,TE,116.3,13.0,116.3,12.0,1.0,1.0,True,100.0,83.02967969438731,192.0,16.970320305612688,16.970320305612688,1.0,1.0,83.02967969438731,1.2043886037869402,16.970320305612688,1.0,Near Expectation
2019,2,9,21,Voldemort,Patrick Mahomes,False,patrick mahomes,Voldemort,255.92000000000002,13.0,QB,255.92000000000002,13.0,255.92000000000002,10.0,1.0,1.0,True,79.41176470588235,82.14285714285714,191.0,-2.731092436974791,-2.731092436974791,1.0,1.0,82.14285714285714,0.9667519181585678,-2.731092436974791,1.0,Near Expectation
2019,2,10,22,malle_dips_pouches,Joe Mixon,False,joe mixon,malle_dips_pouches,113.3,13.0,RB,113.3,13.0,113.3,12.0,1.0,1.0,True,79.48717948717949,81.86813186813187,191.0,-2.3809523809523796,-2.3809523809523796,1.0,1.0,81.86813186813187,0.970917225950783,-2.3809523809523796,1.0,Near Expectation
2019,2,11,23,The Big Gronkowski,JuJu Smith-Schuster,False,juju smith schuster,The Big Gronkowski,68.4,13.0,WR,68.4,13.0,68.4,10.0,1.0,1.0,True,48.0,81.25,191.0,-33.25,-33.25,1.0,1.0,81.25,0.5907692307692308,-33.25,1.0,Bust
2019,2,12,24,Pop Lockett Drop it,Mike Evans,False,mike evans,Pop Lockett Drop it,153.6,13.0,WR,153.6,13.0,121.8,11.0,1.0,0.79296875,True,97.33333333333334,80.66399733066399,190.0,16.669336002669354,16.669336002669354,1.0,0.79296875,80.66399733066399,1.2066514994829372,16.669336002669354,1.0,Near Expectation
2019,3,1,25,Pop Lockett Drop it,George Kittle,False,george kittle,Pop Lockett Drop it,88.2,13.0,TE,10.8,2.0,10.8,2.0,0.12244897959183675,1.0,True,85.29411764705883,79.53612479474549,190.0,5.757992852313336,5.757992852313336,0.12244897959183675,1.0,79.53612479474549,1.0723946869070209,0.7050603492628575,0.12244897959183675,Near Expectation
2019,3,2,26,The Big Gronkowski,Antonio Brown,False,antonio brown,The Big Gronkowski,12.1,13.0,WR,12.1,13.0,12.1,1.0,1.0,1.0,True,21.333333333333336,79.51807228915662,189.0,-58.184738955823285,-58.184738955823285,1.0,1.0,79.51807228915662,0.26828282828282835,-58.184738955823285,1.0,Major Bust
2019,3,3,27,malle_dips_pouches,Brandin Cooks,False,brandin cooks,malle_dips_pouches,57.0,13.0,WR,57.0,13.0,51.3,8.0,1.0,0.8999999999999999,True,41.333333333333336,80.0,189.0,-38.666666666666664,-38.666666666666664,1.0,0.8999999999999999,80.0,0.5166666666666667,-38.666666666666664,1.0,Bust
2019,3,4,28,Voldemort,Keenan Allen,False,keenan allen,Voldemort,118.5,13.0,WR,118.5,13.0,113.2,11.0,1.0,0.9552742616033756,True,78.66666666666666,79.6399885255307,190.0,-0.9733218588640398,-0.9733218588640398,1.0,0.9552742616033756,79.6399885255307,0.9877784781629895,-0.9733218588640398,1.0,Near Expectation
2019,3,5,29,Patty Primetimes,Kerryon Johnson,False,kerryon johnson,Patty Primetimes,59.4,7.0,RB,59.4,7.0,59.4,6.0,1.0,1.0,True,46.15384615384615,79.3103448275862,191.0,-33.15649867374005,-33.15649867374005,1.0,1.0,79.3103448275862,0.5819397993311036,-33.15649867374005,1.0,Bust
2019,3,6,30,Ginger FC,Baker Mayfield,False,baker mayfield,Ginger FC,129.96,8.0,QB,88.34,6.0,32.4,2.0,0.6797476146506617,0.3667647724700022,True,47.05882352941176,79.3103448275862,191.0,-32.251521298174445,-32.251521298174445,0.6797476146506617,0.3667647724700022,79.3103448275862,0.5933503836317136,-21.92289467128909,0.6797476146506617,Bust
2019,3,7,31,ThreatLevelMidnight,Leonard Fournette,False,leonard fournette,ThreatLevelMidnight,159.29999999999998,13.0,RB,159.29999999999998,13.0,159.29999999999998,12.0,1.0,1.0,True,88.46153846153845,79.06976744186046,189.0,9.39177101967799,9.39177101967799,1.0,1.0,79.06976744186046,1.1187782805429864,9.39177101967799,1.0,Near Expectation
2019,3,8,32,Post Mahomes,Adam Thielen,False,adam thielen,Post Mahomes,81.2,13.0,WR,81.2,13.0,81.2,8.0,1.0,1.0,True,62.66666666666667,80.0,188.0,-17.33333333333333,-17.33333333333333,1.0,1.0,80.0,0.7833333333333334,-17.33333333333333,1.0,Near Expectation
2019,3,9,33,Malle ❤️ 🐸,Amari Cooper,False,amari cooper,Malle ❤️ 🐸,139.1,13.0,WR,139.1,13.0,139.1,12.0,1.0,1.0,True,94.66666666666667,79.88095238095238,188.0,14.785714285714292,14.785714285714292,1.0,1.0,79.88095238095238,1.185096870342772,14.785714285714292,1.0,Near Expectation
2019,3,10,34,Joe Mantegna,Stefon Diggs,False,stefon diggs,Joe Mantegna,120.2,13.0,WR,120.2,13.0,68.2,8.0,1.0,0.56738768718802,True,82.66666666666667,79.41420855837141,188.0,3.252458108295258,3.252458108295258,1.0,0.56738768718802,79.41420855837141,1.040955619496033,3.252458108295258,1.0,Near Expectation
2019,3,11,35,Uncle Rico,Damien Williams,False,damien williams,Uncle Rico,68.5,13.0,RB,68.5,13.0,32.7,6.0,1.0,0.4773722627737227,True,50.0,79.76190476190477,189.0,-29.761904761904773,-29.761904761904773,1.0,0.4773722627737227,79.76190476190477,0.626865671641791,-29.761904761904773,1.0,Bust
2019,3,12,36,Big Sack Jack,Zach Ertz,False,zach ertz,Big Sack Jack,91.6,13.0,TE,91.6,13.0,91.6,12.0,1.0,1.0,True,88.23529411764706,79.3103448275862,189.0,8.924949290060852,8.924949290060852,1.0,1.0,79.3103448275862,1.1125319693094629,8.924949290060852,1.0,Near Expectation
2019,4,1,37,Big Sack Jack,Chris Godwin Jr.,False,chris godwin,Big Sack Jack,168.9,13.0,WR,168.9,13.0,168.9,12.0,1.0,1.0,True,100.0,77.5,189.0,22.5,22.5,1.0,1.0,77.5,1.2903225806451613,22.5,1.0,Near Expectation
2019,4,2,38,Uncle Rico,Derrick Henry,False,derrick henry,Uncle Rico,206.0,13.0,RB,206.0,13.0,206.0,12.0,1.0,1.0,True,97.43589743589743,77.41666666666666,190.0,20.019230769230774,20.019230769230774,1.0,1.0,77.41666666666666,1.2585907096133147,20.019230769230774,1.0,Near Expectation
2019,4,3,39,Joe Mantegna,David Montgomery,False,david montgomery,Joe Mantegna,110.7,13.0,RB,110.7,13.0,92.89999999999999,10.0,1.0,0.8392050587172537,True,78.2051282051282,76.05603448275862,190.0,2.149093722369585,2.149093722369585,1.0,0.8392050587172537,76.05603448275862,1.0282567154202178,2.149093722369585,1.0,Near Expectation
2019,4,4,40,Malle ❤️ 🐸,Allen Robinson,False,allen robinson,Malle ❤️ 🐸,115.0,13.0,WR,115.0,13.0,100.3,11.0,1.0,0.8721739130434782,True,77.33333333333333,75.7359125315391,190.0,1.5974208017942289,1.5974208017942289,1.0,0.8721739130434782,75.7359125315391,1.0210919859337406,1.5974208017942289,1.0,Near Expectation
2019,4,5,41,Post Mahomes,Deshaun Watson,False,deshaun watson,Post Mahomes,318.92,13.0,QB,318.92,13.0,285.06,11.0,1.0,0.8938291734604289,True,94.11764705882352,75.60975609756098,191.0,18.507890961262547,18.507890961262547,1.0,0.8938291734604289,75.60975609756098,1.2447817836812143,18.507890961262547,1.0,Near Expectation
2019,4,6,42,ThreatLevelMidnight,Robert Woods,False,robert woods,ThreatLevelMidnight,96.6,13.0,WR,96.6,13.0,74.4,9.0,1.0,0.7701863354037268,True,72.0,75.0,191.0,-3.0,-3.0,1.0,0.7701863354037268,75.0,0.96,-3.0,1.0,Near Expectation
2019,4,7,43,Ginger FC,Phillip Lindsay,False,phillip lindsay,Ginger FC,124.9,13.0,RB,124.9,13.0,124.9,12.0,1.0,1.0,True,84.61538461538461,75.5813953488372,191.0,9.033989266547408,9.033989266547408,1.0,1.0,75.5813953488372,1.119526627218935,9.033989266547408,1.0,Near Expectation
2019,4,8,44,Patty Primetimes,Tyler Lockett,False,tyler lockett,Patty Primetimes,118.6,13.0,WR,118.6,13.0,118.6,12.0,1.0,1.0,True,80.0,74.37146448774357,192.0,5.628535512256434,5.628535512256434,1.0,1.0,74.37146448774357,1.0756813860130994,5.628535512256434,1.0,Near Expectation
2019,4,9,45,Voldemort,Chris Carson,False,chris carson,Voldemort,154.8,13.0,RB,154.8,13.0,154.8,12.0,1.0,1.0,True,87.17948717948718,74.1991991991992,192.0,12.980287980287983,12.980287980287983,1.0,1.0,74.1991991991992,1.174938383707355,12.980287980287983,1.0,Near Expectation
2019,4,10,46,malle_dips_pouches,Julian Edelman,False,julian edelman,malle_dips_pouches,129.28,13.0,WR,129.28,13.0,129.28,12.0,1.0,1.0,True,90.66666666666666,72.97297297297297,193.0,17.69369369369369,17.69369369369369,1.0,1.0,72.97297297297297,1.242469135802469,17.69369369369369,1.0,Near Expectation
2019,4,11,47,The Big Gronkowski,Marlon Mack,False,marlon mack,The Big Gronkowski,119.8,13.0,RB,70.8,7.0,70.8,6.0,0.5909849749582637,1.0,True,82.05128205128204,72.72727272727273,193.0,9.32400932400931,9.32400932400931,0.5909849749582637,1.0,72.72727272727273,1.128205128205128,5.51034941686026,0.5909849749582637,Near Expectation
2019,4,12,48,Pop Lockett Drop it,Josh Jacobs,False,josh jacobs,Pop Lockett Drop it,160.70000000000002,13.0,RB,160.70000000000002,13.0,160.70000000000002,12.0,1.0,1.0,True,89.74358974358975,72.9570747217806,190.0,16.78651502180915,16.78651502180915,1.0,1.0,72.9570747217806,1.2300875560845055,16.78651502180915,1.0,Near Expectation
2019,5,1,49,Pop Lockett Drop it,Kenny Golladay,False,kenny golladay,Pop Lockett Drop it,147.0,13.0,WR,147.0,13.0,125.19999999999999,11.0,1.0,0.8517006802721088,True,96.0,72.72727272727273,191.0,23.272727272727266,23.272727272727266,1.0,0.8517006802721088,72.72727272727273,1.3199999999999998,23.272727272727266,1.0,Near Expectation
2019,5,2,50,The Big Gronkowski,Mark Ingram II,False,mark ingram,The Big Gronkowski,170.9,13.0,RB,170.9,13.0,170.9,12.0,1.0,1.0,True,92.3076923076923,72.17444717444718,190.0,20.133245133245126,20.133245133245126,1.0,1.0,72.17444717444718,1.278952536824877,20.133245133245126,1.0,Near Expectation
2019,5,3,51,malle_dips_pouches,Aaron Rodgers,False,aaron rodgers,malle_dips_pouches,271.2,13.0,QB,271.2,13.0,259.74,11.0,1.0,0.9577433628318585,True,85.29411764705883,71.42857142857143,191.0,13.865546218487395,13.865546218487395,1.0,0.9577433628318585,71.42857142857143,1.1941176470588235,13.865546218487395,1.0,Near Expectation
2019,5,4,52,Voldemort,O.J. Howard,False,oj howard,Voldemort,22.7,9.0,TE,15.6,6.0,15.6,6.0,0.6872246696035242,1.0,True,41.17647058823529,70.83333333333334,191.0,-29.656862745098053,-29.656862745098053,0.6872246696035242,1.0,70.83333333333334,0.5813148788927335,-20.380927701477077,0.6872246696035242,Bust
2019,5,5,53,Patty Primetimes,Austin Ekeler,False,austin ekeler,Patty Primetimes,165.8,13.0,RB,165.8,13.0,157.6,11.0,1.0,0.9505428226779251,True,91.02564102564102,70.58823529411765,191.0,20.43740573152337,20.43740573152337,1.0,0.9505428226779251,70.58823529411765,1.2895299145299144,20.43740573152337,1.0,Near Expectation
2019,5,6,54,Ginger FC,Mike Williams,False,mike williams,Ginger FC,78.0,13.0,WR,78.0,13.0,45.9,8.0,1.0,0.5884615384615385,True,57.333333333333336,70.77798861480076,190.0,-13.444655281467426,-13.444655281467426,1.0,0.5884615384615385,70.77798861480076,0.8100446827524576,-13.444655281467426,1.0,Near Expectation
2019,5,7,55,ThreatLevelMidnight,Robbie Chosen,False,robbie chosen,ThreatLevelMidnight,52.5,10.0,WR,11.5,3.0,0.0,0.0,0.21904761904761905,0.0,True,36.0,71.25645438898451,190.0,-35.25645438898451,-35.25645438898451,0.21904761904761905,0.0,71.25645438898451,0.5052173913043478,-7.722842389968035,0.21904761904761905,Bust
2019,5,8,56,Post Mahomes,T.Y. Hilton,False,ty hilton,Post Mahomes,67.8,13.0,WR,67.8,13.0,67.8,7.0,1.0,1.0,True,46.666666666666664,70.41316526610643,192.0,-23.746498599439768,-23.746498599439768,1.0,1.0,70.41316526610643,0.6627548483341622,-23.746498599439768,1.0,Near Expectation
2019,5,9,57,Malle ❤️ 🐸,Matt Ryan,False,matt ryan,Malle ❤️ 🐸,248.44,13.0,QB,248.44,13.0,52.66,2.0,1.0,0.21196264691676056,True,73.52941176470588,68.17411924119241,192.0,5.355292523513469,5.355292523513469,1.0,0.21196264691676056,68.17411924119241,1.0785531603945926,5.355292523513469,1.0,Near Expectation
2019,5,10,58,Joe Mantegna,Miles Sanders,False,miles sanders,Joe Mantegna,105.9,13.0,RB,105.9,13.0,91.6,10.0,1.0,0.8649669499527856,True,75.0,68.6058009228741,190.0,6.394199077125904,6.394199077125904,1.0,0.8649669499527856,68.6058009228741,1.0932020177756425,6.394199077125904,1.0,Near Expectation
2019,5,11,59,Uncle Rico,Tyler Boyd,False,tyler boyd,Uncle Rico,91.4,13.0,WR,58.199999999999996,8.0,29.6,4.0,0.636761487964989,0.5085910652920963,True,69.33333333333334,68.05555555555556,189.0,1.2777777777777857,1.2777777777777857,0.636761487964989,0.5085910652920963,68.05555555555556,1.0187755102040819,0.8136396790663799,0.636761487964989,Near Expectation
2019,5,12,60,Big Sack Jack,Cooper Kupp,False,cooper kupp,Big Sack Jack,130.9,13.0,WR,130.9,13.0,113.8,10.0,1.0,0.8693659281894576,True,92.0,67.44186046511628,189.0,24.558139534883722,24.558139534883722,1.0,0.8693659281894576,67.44186046511628,1.3641379310344828,24.558139534883722,1.0,Near Expectation
2019,6,1,61,Big Sack Jack,Melvin Gordon III,False,melvin gordon,Big Sack Jack,87.1,13.0,RB,87.1,13.0,66.0,5.0,1.0,0.7577497129735936,True,61.53846153846154,66.66666666666666,188.0,-5.128205128205117,-5.128205128205117,1.0,0.7577497129735936,66.66666666666666,0.9230769230769232,-5.128205128205117,1.0,Near Expectation
2019,6,2,62,Uncle Rico,Evan Engram,False,evan engram,Uncle Rico,65.4,13.0,TE,65.4,13.0,65.4,8.0,1.0,1.0,True,79.41176470588235,66.66666666666666,189.0,12.74509803921569,12.74509803921569,1.0,1.0,66.66666666666666,1.1911764705882353,12.74509803921569,1.0,Near Expectation
2019,6,3,63,Joe Mantegna,Duke Johnson,False,duke johnson,Joe Mantegna,91.9,13.0,RB,91.9,13.0,21.3,4.0,1.0,0.23177366702937977,True,62.82051282051282,66.66666666666666,189.0,-3.8461538461538396,-3.8461538461538396,1.0,0.23177366702937977,66.66666666666666,0.9423076923076924,-3.8461538461538396,1.0,Near Expectation
2019,6,4,64,Malle ❤️ 🐸,Calvin Ridley,False,calvin ridley,Malle ❤️ 🐸,120.4,13.0,WR,120.4,13.0,61.4,7.0,1.0,0.5099667774086378,True,84.0,66.66666666666666,190.0,17.333333333333343,17.333333333333343,1.0,0.5099667774086378,66.66666666666666,1.2600000000000002,17.333333333333343,1.0,Near Expectation
2019,6,5,65,Post Mahomes,James White,False,james white,Post Mahomes,98.0,13.0,RB,40.5,7.0,13.4,2.0,0.413265306122449,0.3308641975308642,True,69.23076923076923,66.66666666666666,189.0,2.564102564102569,2.564102564102569,0.413265306122449,0.3308641975308642,66.66666666666666,1.0384615384615385,1.0596546310832047,0.413265306122449,Near Expectation
2019,6,6,66,ThreatLevelMidnight,Josh Gordon,False,josh gordon,ThreatLevelMidnight,36.800000000000004,12.0,WR,34.800000000000004,9.0,34.800000000000004,6.0,0.9456521739130435,1.0,True,32.0,64.51612903225806,189.0,-32.516129032258064,-32.516129032258064,0.9456521739130435,1.0,64.51612903225806,0.496,-30.748948106591865,0.9456521739130435,Bust
2019,6,7,67,Ginger FC,Kenyan Drake,False,kenyan drake,Ginger FC,74.2,13.0,RB,74.2,13.0,40.4,4.0,1.0,0.5444743935309972,True,52.56410256410257,63.63636363636363,189.0,-11.072261072261064,-11.072261072261064,1.0,0.5444743935309972,63.63636363636363,0.8260073260073262,-11.072261072261064,1.0,Near Expectation
2019,6,8,68,Patty Primetimes,Will Fuller V,False,will fuller,Patty Primetimes,77.8,13.0,WR,63.0,8.0,48.7,4.0,0.8097686375321337,0.773015873015873,True,56.00000000000001,63.51351351351351,189.0,-7.513513513513502,-7.513513513513502,0.8097686375321337,0.773015873015873,63.51351351351351,0.8817021276595747,-6.084207600917103,0.8097686375321337,Near Expectation
2019,6,9,69,Voldemort,Tevin Coleman,False,tevin coleman,Voldemort,104.7,13.0,RB,104.7,13.0,89.0,9.0,1.0,0.8500477554918815,True,73.07692307692307,63.63636363636363,189.0,9.440559440559433,9.440559440559433,1.0,0.8500477554918815,63.63636363636363,1.1483516483516483,9.440559440559433,1.0,Near Expectation
2019,6,10,70,malle_dips_pouches,DJ Moore,False,dj moore,malle_dips_pouches,123.0,13.0,WR,52.8,8.0,8.9,1.0,0.4292682926829268,0.16856060606060608,True,86.66666666666667,63.36595215905561,188.0,23.300714507611062,23.300714507611062,0.4292682926829268,0.16856060606060608,63.36595215905561,1.3677166319401888,10.002257934974505,0.4292682926829268,Near Expectation
2019,6,11,71,The Big Gronkowski,Hunter Henry,False,hunter henry,The Big Gronkowski,69.7,12.0,TE,6.0,2.0,6.0,1.0,0.0860832137733142,1.0,True,82.35294117647058,63.73350094280327,188.0,18.619440233667312,18.619440233667312,0.0860832137733142,1.0,63.73350094280327,1.2921452604710522,1.6028212539742304,0.0860832137733142,Near Expectation
2019,6,12,72,Pop Lockett Drop it,Alshon Jeffery,False,alshon jeffery,Pop Lockett Drop it,79.2,13.0,WR,79.2,13.0,46.1,5.0,1.0,0.5820707070707071,True,60.0,64.83516483516483,187.0,-4.835164835164832,-4.835164835164832,1.0,0.5820707070707071,64.83516483516483,0.9254237288135594,-4.835164835164832,1.0,Near Expectation
2019,7,1,73,Pop Lockett Drop it,Russell Wilson,False,russell wilson,Pop Lockett Drop it,323.48,13.0,QB,323.48,13.0,323.48,12.0,1.0,1.0,True,97.05882352941177,64.51612903225806,189.0,32.542694497153704,32.542694497153704,1.0,1.0,64.51612903225806,1.5044117647058823,32.542694497153704,1.0,Steal
2019,7,2,74,The Big Gronkowski,Jarvis Landry,False,jarvis landry,The Big Gronkowski,122.9,13.0,WR,122.9,13.0,80.2,7.0,1.0,0.6525630593978845,True,85.33333333333334,64.40092165898618,188.0,20.932411674347165,20.932411674347165,1.0,0.6525630593978845,64.40092165898618,1.3250327966607036,20.932411674347165,1.0,Near Expectation
2019,7,3,75,malle_dips_pouches,Tarik Cohen,False,tarik cohen,malle_dips_pouches,63.6,13.0,RB,63.6,13.0,14.6,2.0,1.0,0.22955974842767293,True,48.717948717948715,63.52941176470588,189.0,-14.811463046757162,-14.811463046757162,1.0,0.22955974842767293,63.52941176470588,0.7668566001899335,-14.811463046757162,1.0,Near Expectation
2019,7,4,76,Voldemort,Latavius Murray,False,latavius murray,Voldemort,75.8,6.0,RB,13.2,3.0,0.0,0.0,0.17414248021108178,0.0,True,53.84615384615385,63.52941176470588,187.0,-9.68325791855203,-9.68325791855203,0.17414248021108178,0.0,63.52941176470588,0.8475783475783477,-1.6862665504602479,0.17414248021108178,Near Expectation
2019,7,5,77,Patty Primetimes,Drew Brees,False,drew brees,Patty Primetimes,139.54,13.0,QB,26.32,4.0,25.8,1.0,0.18861975060914435,0.9802431610942249,True,50.0,63.52941176470588,187.0,-13.529411764705877,-13.529411764705877,0.18861975060914435,0.9802431610942249,63.52941176470588,0.7870370370370371,-2.551914272947246,0.18861975060914435,Near Expectation
2019,7,6,78,Ginger FC,Jared Cook,False,jared cook,Ginger FC,42.0,6.0,TE,6.2,2.0,6.2,2.0,0.14761904761904762,1.0,True,64.70588235294117,63.09067688378033,184.0,1.6152054691608413,1.6152054691608413,0.14761904761904762,1.0,63.09067688378033,1.0256013336508691,0.23843509306660038,0.14761904761904762,Near Expectation
2019,7,7,79,ThreatLevelMidnight,Vance McDonald,False,vance mcdonald,ThreatLevelMidnight,40.300000000000004,11.0,TE,24.7,6.0,24.7,5.0,0.6129032258064515,1.0,True,61.76470588235294,62.5,185.0,-0.735294117647058,-0.735294117647058,0.6129032258064515,1.0,62.5,0.9882352941176471,-0.4506641366223903,0.6129032258064515,Near Expectation
2019,7,8,80,Post Mahomes,Derrius Guice,False,derrius guice,Post Mahomes,20.5,6.0,RB,20.5,5.0,3.8,1.0,1.0,0.18536585365853658,True,28.846153846153843,62.5,183.0,-33.65384615384616,-33.65384615384616,1.0,0.18536585365853658,62.5,0.4615384615384615,-33.65384615384616,1.0,Bust
2019,7,9,81,Malle ❤️ 🐸,David Njoku,False,david njoku,Malle ❤️ 🐸,9.7,4.0,TE,9.7,4.0,9.7,2.0,1.0,1.0,True,32.35294117647059,62.34756097560975,182.0,-29.994619799139166,-29.994619799139166,1.0,1.0,62.34756097560975,0.5189126995541493,-29.994619799139166,1.0,Bust
2019,7,10,82,Joe Mantegna,Carson Wentz,False,carson wentz,Joe Mantegna,245.39999999999998,13.0,QB,245.39999999999998,13.0,211.95999999999998,10.0,1.0,0.8637326813365933,True,70.58823529411765,63.2183908045977,183.0,7.369844489519949,7.369844489519949,1.0,0.8637326813365933,63.2183908045977,1.116577540106952,7.369844489519949,1.0,Near Expectation
2019,7,11,83,Uncle Rico,Cam Newton,False,cam newton,Uncle Rico,17.68,9.0,QB,17.68,9.0,17.68,2.0,1.0,1.0,True,14.705882352941178,63.36595215905561,182.0,-48.660069806114436,-48.660069806114436,1.0,1.0,63.36595215905561,0.23207861401700036,-48.660069806114436,1.0,Major Bust
2019,7,12,84,Big Sack Jack,Dede Westbrook,False,dede westbrook,Big Sack Jack,70.4,13.0,WR,46.3,9.0,9.2,1.0,0.6576704545454545,0.19870410367170627,True,49.333333333333336,62.57530120481928,182.0,-13.241967871485947,-13.241967871485947,0.6576704545454545,0.19870410367170627,62.57530120481928,0.788383473726434,-8.708851029116467,0.6576704545454545,Near Expectation
2019,8,1,85,Big Sack Jack,Tom Brady,False,tom brady,Big Sack Jack,249.92000000000002,13.0,QB,249.92000000000002,13.0,249.92000000000002,12.0,1.0,1.0,True,76.47058823529412,60.0,181.0,16.470588235294116,16.470588235294116,1.0,1.0,60.0,1.2745098039215685,16.470588235294116,1.0,Near Expectation
2019,8,2,86,Uncle Rico,Christian Kirk,False,christian kirk,Uncle Rico,77.7,13.0,WR,77.7,13.0,59.900000000000006,7.0,1.0,0.770913770913771,True,54.666666666666664,61.53846153846154,179.0,-6.871794871794876,-6.871794871794876,1.0,0.770913770913771,61.53846153846154,0.8883333333333333,-6.871794871794876,1.0,Near Expectation
2019,8,3,87,Joe Mantegna,Austin Hooper,False,austin hooper,Joe Mantegna,98.8,13.0,TE,98.8,13.0,91.1,8.0,1.0,0.9220647773279352,True,91.17647058823529,61.1764705882353,177.0,29.999999999999993,29.999999999999993,1.0,0.9220647773279352,61.1764705882353,1.4903846153846152,29.999999999999993,1.0,Steal
2019,8,4,88,Malle ❤️ 🐸,Kareem Hunt,False,kareem hunt,Malle ❤️ 🐸,36.3,13.0,RB,36.3,13.0,28.9,3.0,1.0,0.7961432506887053,True,38.46153846153847,59.62301587301587,176.0,-21.161477411477406,-21.161477411477406,1.0,0.7961432506887053,59.62301587301587,0.6450787149622424,-21.161477411477406,1.0,Near Expectation
2019,8,5,89,Post Mahomes,A.J. Green,False,aj green,Post Mahomes,0.0,12.0,WR,0.0,12.0,0.0,0.0,,,True,1.3333333333333335,58.4349593495935,174.0,-57.10162601626016,-57.10162601626016,,,58.4349593495935,0.022817391304347828,-0.0,,Major Bust
2019,8,6,90,ThreatLevelMidnight,Jared Goff,False,jared goff,ThreatLevelMidnight,206.56,12.0,QB,159.28,8.0,110.7,6.0,0.7711076684740511,0.6950025113008539,True,61.76470588235294,55.952380952380956,173.0,5.812324929971986,5.812324929971986,0.7711076684740511,0.6950025113008539,55.952380952380956,1.1038798498122653,4.481928325164301,0.7711076684740511,Near Expectation
2019,8,7,91,Ginger FC,Sammy Watkins,False,sammy watkins,Ginger FC,71.0,13.0,WR,71.0,13.0,58.8,6.0,1.0,0.828169014084507,True,50.66666666666667,56.30952380952381,170.0,-5.642857142857139,-5.642857142857139,1.0,0.828169014084507,56.30952380952381,0.8997885835095139,-5.642857142857139,1.0,Near Expectation
2019,8,8,92,Patty Primetimes,Marvin Jones Jr.,False,marvin jones,Patty Primetimes,128.1,13.0,WR,128.1,13.0,88.8,9.0,1.0,0.6932084309133489,True,89.33333333333333,55.41521486643438,168.0,33.918118466898946,33.918118466898946,1.0,0.6932084309133489,55.41521486643438,1.6120723080953627,33.918118466898946,1.0,Steal
2019,8,9,93,Voldemort,Curtis Samuel,False,curtis samuel,Voldemort,86.2,12.0,WR,86.2,12.0,45.9,7.0,1.0,0.5324825986078886,True,65.33333333333333,55.41521486643438,166.0,9.918118466898946,9.918118466898946,1.0,0.5324825986078886,55.41521486643438,1.1789782551742205,9.918118466898946,1.0,Near Expectation
2019,8,10,94,malle_dips_pouches,Sterling Shepard,False,sterling shepard,malle_dips_pouches,52.6,13.0,WR,52.6,13.0,0.0,1.0,1.0,0.0,True,37.333333333333336,54.87804878048781,165.0,-17.544715447154474,-17.544715447154474,1.0,0.0,54.87804878048781,0.6802962962962963,-17.544715447154474,1.0,Near Expectation
2019,8,11,95,The Big Gronkowski,Philip Rivers,False,philip rivers,The Big Gronkowski,224.76,13.0,QB,224.76,13.0,129.58,7.0,1.0,0.5765260722548496,True,64.70588235294117,54.03852127990059,166.0,10.667361073040581,10.667361073040581,1.0,0.5765260722548496,54.03852127990059,1.1974029048239012,10.667361073040581,1.0,Near Expectation
2019,8,12,96,Pop Lockett Drop it,Devin Singletary,False,devin singletary,Pop Lockett Drop it,95.4,13.0,RB,95.4,13.0,40.7,4.0,1.0,0.42662473794549266,True,65.38461538461539,54.03852127990059,166.0,11.346094104714794,11.346094104714794,1.0,0.42662473794549266,54.03852127990059,1.209963075154222,11.346094104714794,1.0,Near Expectation
2019,9,1,97,Pop Lockett Drop it,Tyrell Williams,False,tyrell williams,Pop Lockett Drop it,78.9,13.0,WR,78.9,13.0,9.6,1.0,1.0,0.12167300380228135,True,58.666666666666664,52.81040798282178,164.0,5.856258683844885,5.856258683844885,1.0,0.12167300380228135,52.81040798282178,1.1108921310691222,5.856258683844885,1.0,Near Expectation
2019,9,2,98,The Big Gronkowski,Greg Zuerlein,False,greg zuerlein,The Big Gronkowski,107.0,13.0,K,107.0,13.0,107.0,12.0,1.0,1.0,False,,,,,,,,,,,,Not Rated
2019,9,3,99,malle_dips_pouches,LeSean McCoy,False,lesean mccoy,malle_dips_pouches,84.7,13.0,RB,63.1,8.0,39.5,4.0,0.7449822904368358,0.6259904912836767,True,58.97435897435898,52.38095238095239,162.0,6.593406593406591,6.593406593406591,0.7449822904368358,0.6259904912836767,52.38095238095239,1.1258741258741258,4.911971145737377,0.7449822904368358,Near Expectation
2019,9,4,100,Voldemort,Royce Freeman,False,royce freeman,Voldemort,77.3,13.0,RB,77.3,13.0,6.7,1.0,1.0,0.08667529107373868,True,56.41025641025641,52.38095238095239,161.0,4.029304029304022,4.029304029304022,1.0,0.08667529107373868,52.38095238095239,1.0769230769230769,4.029304029304022,1.0,Near Expectation
2019,9,5,101,Patty Primetimes,Lamar Jackson,False,lamar jackson,Patty Primetimes,383.98,13.0,QB,383.98,13.0,340.42,11.0,1.0,0.88655659148914,True,100.0,51.515151515151516,159.0,48.484848484848484,48.484848484848484,1.0,0.88655659148914,51.515151515151516,1.9411764705882353,48.484848484848484,1.0,Elite Steal
2019,9,6,102,Ginger FC,Justin Tucker,False,justin tucker,Ginger FC,119.0,13.0,K,119.0,13.0,119.0,12.0,1.0,1.0,False,,,,,,,,,,,,Not Rated
2019,9,7,103,ThreatLevelMidnight,Corey Davis,False,corey davis,ThreatLevelMidnight,9.5,4.0,WR,3.8,2.0,0.0,0.0,0.39999999999999997,0.0,True,20.0,51.85185185185185,155.0,-31.851851851851848,-31.851851851851848,0.39999999999999997,0.0,51.85185185185185,0.38571428571428573,-12.740740740740739,0.39999999999999997,Bust
2019,9,8,104,Post Mahomes,Rashaad Penny,False,rashaad penny,Post Mahomes,41.9,6.0,RB,14.3,2.0,0.0,0.0,0.34128878281622915,0.0,True,42.30769230769231,52.40998838559814,154.0,-10.102296077905834,-10.102296077905834,0.34128878281622915,0.0,52.40998838559814,0.8072448327295972,-3.4478003320776476,0.34128878281622915,Near Expectation
2019,9,9,105,Malle ❤️ 🐸,Larry Fitzgerald,False,larry fitzgerald,Malle ❤️ 🐸,80.9,13.0,WR,80.9,13.0,38.0,9.0,1.0,0.46971569839307786,True,61.33333333333333,52.4390243902439,155.0,8.894308943089428,8.894308943089428,1.0,0.46971569839307786,52.4390243902439,1.169612403100775,8.894308943089428,1.0,Near Expectation
2019,9,10,106,Joe Mantegna,Bears,False,bears,Joe Mantegna,92.0,13.0,DEF,92.0,13.0,92.0,12.0,1.0,1.0,False,,,,,,,,,,,,Not Rated
2019,9,11,107,Uncle Rico,Matt Breida,False,matt breida,Uncle Rico,77.2,13.0,RB,77.2,13.0,18.6,4.0,1.0,0.24093264248704666,True,55.12820512820513,52.99928160919541,152.0,2.1289235190097244,2.1289235190097244,1.0,0.24093264248704666,52.99928160919541,1.0401689127544769,2.1289235190097244,1.0,Near Expectation
2019,9,12,108,Big Sack Jack,Rams,False,rams,Big Sack Jack,116.0,13.0,DEF,116.0,13.0,116.0,12.0,1.0,1.0,False,,,,,,,,,,,,Not Rated
2019,10,1,109,Big Sack Jack,Jordan Howard,False,jordan howard,Big Sack Jack,101.4,13.0,RB,101.4,13.0,101.4,9.0,1.0,1.0,True,70.51282051282051,52.38095238095239,153.0,18.131868131868124,18.131868131868124,1.0,1.0,52.38095238095239,1.346153846153846,18.131868131868124,1.0,Near Expectation
2019,10,2,110,Uncle Rico,Michael Gallup,False,michael gallup,Uncle Rico,97.60000000000001,12.0,WR,22.6,3.0,6.8,1.0,0.23155737704918034,0.30088495575221236,True,73.33333333333333,49.12448700410397,154.0,24.20884632922936,24.20884632922936,0.23155737704918034,0.30088495575221236,49.12448700410397,1.4928060892973172,5.605736957383028,0.23155737704918034,Near Expectation
2019,10,3,111,Joe Mantegna,Harrison Butker,False,harrison butker,Joe Mantegna,125.0,13.0,K,125.0,13.0,125.0,13.0,1.0,1.0,False,,,,,,,,,,,,Not Rated
2019,10,4,112,Malle ❤️ 🐸,Darrell Henderson Jr.,False,darrell henderson,Malle ❤️ 🐸,0.4,4.0,RB,0.0,3.0,0.0,0.0,0.0,,True,4.487179487179487,47.947454844006565,156.0,-43.460275356827076,-43.460275356827076,0.0,,47.947454844006565,0.09358535300316123,-0.0,0.0,Major Bust
2019,10,5,113,Post Mahomes,Kyler Murray,False,kyler murray,Post Mahomes,267.24,13.0,QB,267.24,13.0,48.08,2.0,1.0,0.17991318664870526,True,82.35294117647058,46.51162790697674,155.0,35.84131326949384,35.84131326949384,1.0,0.17991318664870526,46.51162790697674,1.7705882352941176,35.84131326949384,1.0,Steal
2019,10,6,114,ThreatLevelMidnight,Stephen Gostkowski,False,stephen gostkowski,ThreatLevelMidnight,33.0,4.0,K,33.0,4.0,33.0,4.0,1.0,1.0,False,,,,,,,,,,,,Not Rated
2019,10,7,115,Ginger FC,Browns,False,browns,Ginger FC,30.0,5.0,DEF,0.0,1.0,0.0,1.0,0.0,,False,,,,,,,,,,,,Not Rated
2019,10,8,116,Patty Primetimes,Donte Moncrief,False,donte moncrief,Patty Primetimes,0.7,3.0,WR,0.7,3.0,0.0,0.0,1.0,0.0,True,5.333333333333334,48.31375521030694,158.0,-42.9804218769736,-42.9804218769736,1.0,0.0,48.31375521030694,0.11038954248366013,-42.9804218769736,1.0,Major Bust
2019,10,9,117,Voldemort,Dante Pettis,False,dante pettis,Voldemort,0.7,1.0,WR,0.7,1.0,0.0,0.0,1.0,0.0,True,5.333333333333334,48.550824175824175,160.0,-43.21749084249084,-43.21749084249084,1.0,0.0,48.550824175824175,0.10985052105436885,-43.21749084249084,1.0,Major Bust
2019,10,10,118,malle_dips_pouches,Delanie Walker,False,delanie walker,malle_dips_pouches,33.5,12.0,TE,33.5,12.0,33.5,8.0,1.0,1.0,True,55.88235294117647,48.35164835164835,159.0,7.530704589528121,7.530704589528121,1.0,1.0,48.35164835164835,1.1557486631016043,7.530704589528121,1.0,Near Expectation
2019,10,11,119,The Big Gronkowski,Jaguars,False,jaguars,The Big Gronkowski,82.0,13.0,DEF,82.0,13.0,69.0,9.0,1.0,0.8414634146341463,False,,,,,,,,,,,,Not Rated
2019,10,12,120,Pop Lockett Drop it,DK Metcalf,False,dk metcalf,Pop Lockett Drop it,97.6,13.0,,97.6,13.0,6.7,1.0,1.0,0.06864754098360656,False,,,,,,,,,,,,Not Rated
2019,11,1,121,Pop Lockett Drop it,Mark Andrews,False,mark andrews,Pop Lockett Drop it,109.3,13.0,TE,109.3,13.0,75.3,10.0,1.0,0.6889295516925892,True,97.05882352941177,46.785225718194255,156.0,50.27359781121751,50.27359781121751,1.0,0.6889295516925892,46.785225718194255,2.074561403508772,50.27359781121751,1.0,Elite Steal
2019,11,2,122,The Big Gronkowski,Eric Ebron,False,eric ebron,The Big Gronkowski,42.5,12.0,TE,25.6,6.0,4.7,1.0,0.6023529411764706,0.18359375,True,67.64705882352942,47.155785391079505,158.0,20.491273432449916,20.491273432449916,0.6023529411764706,0.18359375,47.155785391079505,1.434544208361892,12.34297882048748,0.6023529411764706,Near Expectation
2019,11,3,123,malle_dips_pouches,Carlos Hyde,False,carlos hyde,malle_dips_pouches,108.0,13.0,RB,108.0,13.0,64.2,7.0,1.0,0.5944444444444444,True,76.92307692307693,46.51162790697674,159.0,30.411449016100192,30.411449016100192,1.0,0.5944444444444444,46.51162790697674,1.6538461538461542,30.411449016100192,1.0,Steal
2019,11,4,124,Voldemort,Justin Jackson,False,justin jackson,Voldemort,12.5,2.0,RB,12.5,2.0,0.0,0.0,1.0,0.0,True,19.230769230769234,46.785225718194255,158.0,-27.55445648742502,-27.55445648742502,1.0,0.0,46.785225718194255,0.41104363472784533,-27.55445648742502,1.0,Bust
2019,11,5,125,Patty Primetimes,Tony Pollard,False,tony pollard,Patty Primetimes,29.3,8.0,RB,29.7,7.0,0.0,0.0,1.0136518771331058,0.0,True,35.8974358974359,46.51162790697674,157.0,-10.614192009540844,-10.614192009540844,1.0136518771331058,0.0,46.51162790697674,0.7717948717948718,-10.75909565472229,1.0136518771331058,Near Expectation
2019,11,6,126,Ginger FC,John Brown,False,john brown,Ginger FC,125.72,13.0,WR,125.72,13.0,95.02,9.0,1.0,0.7558065542475342,True,88.0,47.05882352941176,159.0,40.94117647058824,40.94117647058824,1.0,0.7558065542475342,47.05882352941176,1.87,40.94117647058824,1.0,Elite Steal
2019,11,7,127,ThreatLevelMidnight,DeSean Jackson,False,desean jackson,ThreatLevelMidnight,27.4,8.0,WR,27.4,8.0,0.0,1.0,1.0,0.0,True,28.000000000000004,45.1219512195122,161.0,-17.121951219512194,-17.121951219512194,1.0,0.0,45.1219512195122,0.6205405405405405,-17.121951219512194,1.0,Near Expectation
2019,11,8,128,Post Mahomes,Courtland Sutton,False,courtland sutton,Post Mahomes,111.62,12.0,WR,24.7,3.0,0.0,0.0,0.2212865077943021,0.0,True,76.0,43.75,161.0,32.25,32.25,0.2212865077943021,0.0,43.75,1.737142857142857,7.136489876366243,0.2212865077943021,Steal
2019,11,9,129,Malle ❤️ 🐸,Wil Lutz,False,wil lutz,Malle ❤️ 🐸,125.0,13.0,K,125.0,13.0,125.0,13.0,1.0,1.0,False,,,,,,,,,,,,Not Rated
2019,11,10,130,Joe Mantegna,Jameis Winston,False,jameis winston,Joe Mantegna,190.34,10.0,QB,12.06,1.0,0.0,0.0,0.06336030261637071,0.0,True,55.88235294117647,40.74074074074074,155.0,15.14161220043573,15.14161220043573,0.06336030261637071,0.0,40.74074074074074,1.3716577540106951,0.9593771311193388,0.06336030261637071,Near Expectation
2019,11,11,131,Uncle Rico,Trey Burton,False,trey burton,Uncle Rico,0.5,2.0,TE,0.5,2.0,0.0,0.0,1.0,0.0,True,5.88235294117647,40.74074074074074,154.0,-34.85838779956427,-34.85838779956427,1.0,0.0,40.74074074074074,0.1443850267379679,-34.85838779956427,1.0,Bust
2019,11,12,132,Big Sack Jack,Ka'imi Fairbairn,False,kaimi fairbairn,Big Sack Jack,83.0,13.0,K,83.0,13.0,70.0,9.0,1.0,0.8433734939759037,False,,,,,,,,,,,,Not Rated
2019,12,1,133,Big Sack Jack,Mohamed Sanu,False,mohamed sanu,Big Sack Jack,55.2,11.0,WR,55.2,11.0,0.3,1.0,1.0,0.005434782608695652,True,40.0,40.1219512195122,152.0,-0.1219512195121979,-0.1219512195121979,1.0,0.005434782608695652,40.1219512195122,0.9969604863221884,-0.1219512195121979,1.0,Near Expectation
2019,12,2,134,Uncle Rico,Peyton Barber,False,peyton barber,Uncle Rico,59.7,10.0,RB,47.5,8.0,22.5,3.0,0.795644891122278,0.47368421052631576,True,47.43589743589743,40.0,151.0,7.435897435897431,7.435897435897431,0.795644891122278,0.47368421052631576,40.0,1.1858974358974357,5.916333805781037,0.795644891122278,Near Expectation
2019,12,3,135,Joe Mantegna,Marquez Valdes-Scantling,False,marquez valdes scantling,Joe Mantegna,0.0,0.0,,0.0,0.0,0.0,0.0,,,False,,,,,,,,,,,,Not Rated
2019,12,4,136,Malle ❤️ 🐸,Geronimo Allison,False,geronimo allison,Malle ❤️ 🐸,29.1,8.0,WR,29.1,8.0,0.0,0.0,1.0,0.0,True,30.666666666666664,41.86046511627907,143.0,-11.193798449612409,-11.193798449612409,1.0,0.0,41.86046511627907,0.7325925925925925,-11.193798449612409,1.0,Near Expectation
2019,12,5,137,Post Mahomes,Greg Olsen,False,greg olsen,Post Mahomes,56.2,12.0,TE,3.6,1.0,3.6,1.0,0.06405693950177936,1.0,True,76.47058823529412,42.94019933554817,142.0,33.530388899745944,33.530388899745944,0.06405693950177936,1.0,42.94019933554817,1.7808624416884742,2.1478540932221604,0.06405693950177936,Steal
2019,12,6,138,ThreatLevelMidnight,Darwin Thompson,False,darwin thompson,ThreatLevelMidnight,0.3,1.0,RB,0.3,1.0,0.0,0.0,1.0,0.0,True,2.564102564102564,43.02325581395349,141.0,-40.45915324985093,-40.45915324985093,1.0,0.0,43.02325581395349,0.05959805959805959,-40.45915324985093,1.0,Major Bust
2019,12,7,139,Ginger FC,Ben Roethlisberger,False,ben roethlisberger,Ginger FC,13.74,2.0,QB,13.74,2.0,0.0,0.0,1.0,0.0,True,8.823529411764707,42.94019933554817,140.0,-34.11666992378346,-34.11666992378346,1.0,0.0,42.94019933554817,0.20548412788713166,-34.11666992378346,1.0,Bust
2019,12,8,140,Patty Primetimes,Ravens,False,ravens,Patty Primetimes,116.0,13.0,DEF,116.0,13.0,103.0,11.0,1.0,0.8879310344827587,False,,,,,,,,,,,,Not Rated
2019,12,9,141,Voldemort,Jaylen Samuels,False,jaylen samuels,Voldemort,24.96,10.0,RB,3.7,3.0,0.0,0.0,0.1482371794871795,0.0,True,34.61538461538461,42.640692640692635,136.0,-8.025308025308021,-8.025308025308021,0.1482371794871795,0.0,42.640692640692635,0.8117922686450606,-1.1896490261874872,0.1482371794871795,Near Expectation
2019,12,10,142,malle_dips_pouches,Emmanuel Sanders,False,emmanuel sanders,malle_dips_pouches,87.7,13.0,WR,87.7,13.0,21.099999999999998,3.0,1.0,0.2405929304446978,True,66.66666666666666,42.42424242424242,133.0,24.242424242424235,24.242424242424235,1.0,0.2405929304446978,42.42424242424242,1.5714285714285712,24.242424242424235,1.0,Near Expectation
2019,12,11,143,The Big Gronkowski,Jimmy Garoppolo,False,jimmy garoppolo,The Big Gronkowski,236.44,13.0,QB,236.44,13.0,108.62,6.0,1.0,0.45939773304009474,True,67.64705882352942,42.14235377026075,134.0,25.504705053268673,25.504705053268673,1.0,0.45939773304009474,42.14235377026075,1.6052036199095023,25.504705053268673,1.0,Steal
2019,12,12,144,Pop Lockett Drop it,Chris Thompson,False,chris thompson,Pop Lockett Drop it,38.4,13.0,RB,38.4,13.0,11.8,3.0,1.0,0.3072916666666667,True,41.02564102564102,41.86046511627907,133.0,-0.8348240906380511,-0.8348240906380511,1.0,0.3072916666666667,41.86046511627907,0.9800569800569799,-0.8348240906380511,1.0,Near Expectation
2019,13,1,145,Pop Lockett Drop it,Kirk Cousins,False,kirk cousins,Pop Lockett Drop it,201.42,11.0,QB,51.1,4.0,0.0,0.0,0.25369873895343065,0.0,True,58.82352941176471,41.86046511627907,131.0,16.963064295485637,16.963064295485637,0.25369873895343065,0.0,41.86046511627907,1.4052287581699345,4.30350802055067,0.25369873895343065,Near Expectation
2019,13,2,146,The Big Gronkowski,Dion Lewis,False,dion lewis,The Big Gronkowski,11.6,6.0,RB,11.6,6.0,0.0,0.0,1.0,0.0,True,17.94871794871795,41.86046511627907,125.0,-23.911747167561124,-23.911747167561124,1.0,0.0,41.86046511627907,0.42877492877492873,-23.911747167561124,1.0,Near Expectation
2019,13,3,147,malle_dips_pouches,Matt Bryant,False,matt bryant,malle_dips_pouches,48.0,8.0,K,48.0,8.0,48.0,8.0,1.0,1.0,False,,,,,,,,,,,,Not Rated
2019,13,4,148,Voldemort,Damien Harris,False,damien harris,Voldemort,0.0,0.0,,0.0,0.0,0.0,0.0,,,False,,,,,,,,,,,,Not Rated
2019,13,5,149,Patty Primetimes,Michael Badgley,False,michael badgley,Patty Primetimes,0.0,0.0,,0.0,0.0,0.0,0.0,,,False,,,,,,,,,,,,Not Rated
2019,13,6,150,Ginger FC,Kyle Rudolph,False,kyle rudolph,Ginger FC,32.6,9.0,TE,7.2,6.0,0.0,0.0,0.22085889570552147,0.0,True,52.94117647058824,41.39837398373984,118.0,11.542802486848402,11.542802486848402,0.22085889570552147,0.0,41.39837398373984,1.2788226052400538,2.549330610592285,0.22085889570552147,Near Expectation
2019,13,7,151,ThreatLevelMidnight,Patriots,False,patriots,ThreatLevelMidnight,198.0,13.0,DEF,198.0,13.0,167.0,8.0,1.0,0.8434343434343434,False,,,,,,,,,,,,Not Rated
2019,13,8,152,Post Mahomes,Kalen Ballage,False,kalen ballage,Post Mahomes,19.9,6.0,RB,5.1,3.0,0.0,0.0,0.2562814070351759,0.0,True,25.64102564102564,41.39837398373984,116.0,-15.757348342714199,-15.757348342714199,0.2562814070351759,0.0,41.39837398373984,0.6193727717686869,-4.038315404414192,0.2562814070351759,Near Expectation
2019,13,9,153,Malle ❤️ 🐸,Dak Prescott,False,dak prescott,Malle ❤️ 🐸,318.71999999999997,13.0,QB,318.71999999999997,13.0,214.18,9.0,1.0,0.6720005020080322,True,91.17647058823529,42.476489028213166,114.0,48.699981560022124,48.699981560022124,1.0,0.6720005020080322,42.476489028213166,2.1465161710440634,48.699981560022124,1.0,Elite Steal
2019,13,10,154,Joe Mantegna,Jordan Reed,False,jordan reed,Joe Mantegna,0.0,1.0,TE,0.0,1.0,0.0,0.0,,,True,2.941176470588235,41.46341463414634,113.0,-38.52223816355811,-38.52223816355811,,,41.46341463414634,0.07093425605536333,-0.0,,Bust
2019,13,11,155,Uncle Rico,Josh Allen,False,josh allen,Uncle Rico,280.64,13.0,QB,280.64,13.0,215.20000000000002,9.0,1.0,0.7668187001140252,True,88.23529411764706,41.03703703703704,116.0,47.19825708061002,47.19825708061002,1.0,0.7668187001140252,41.03703703703704,2.1501380335527713,47.19825708061002,1.0,Elite Steal
2019,13,12,156,Big Sack Jack,Ty Montgomery II,False,ty montgomery,Big Sack Jack,0.4,1.0,RB,0.4,1.0,0.0,0.0,1.0,0.0,True,4.487179487179487,41.03703703703704,116.0,-36.54985754985755,-36.54985754985755,1.0,0.0,41.03703703703704,0.10934462649264093,-36.54985754985755,1.0,Bust
2019,14,1,157,Big Sack Jack,Anthony Miller,False,anthony miller,Big Sack Jack,0.2,2.0,WR,0.2,2.0,0.0,0.0,1.0,0.0,True,2.666666666666667,40.74074074074074,111.0,-38.074074074074076,-38.074074074074076,1.0,0.0,40.74074074074074,0.06545454545454546,-38.074074074074076,1.0,Bust
2019,14,2,158,Uncle Rico,Texans,False,texans,Uncle Rico,22.0,3.0,DEF,0.0,0.0,0.0,0.0,0.0,,False,,,,,,,,,,,,Not Rated
2019,14,3,159,Joe Mantegna,Vikings,False,vikings,Joe Mantegna,68.0,8.0,DEF,52.0,6.0,9.0,1.0,0.7647058823529411,0.17307692307692307,False,,,,,,,,,,,,Not Rated
2019,14,4,160,Malle ❤️ 🐸,Chargers,False,chargers,Malle ❤️ 🐸,68.0,11.0,DEF,66.0,10.0,66.0,10.0,0.9705882352941176,1.0,False,,,,,,,,,,,,Not Rated
2019,14,5,161,Post Mahomes,Saints,False,saints,Post Mahomes,85.0,10.0,DEF,26.0,3.0,0.0,0.0,0.3058823529411765,0.0,False,,,,,,,,,,,,Not Rated
2019,14,6,162,ThreatLevelMidnight,Nyheim Miller-Hines,False,nyheim miller hines,ThreatLevelMidnight,36.0,7.0,RB,0.0,0.0,0.0,0.0,0.0,,True,37.17948717948718,40.23809523809524,108.0,-3.0586080586080584,-3.0586080586080584,0.0,,40.23809523809524,0.9239872553482021,-0.0,0.0,Near Expectation
2019,14,7,163,Ginger FC,Hollywood Brown,False,hollywood brown,Ginger FC,61.3,12.0,WR,0.0,0.0,0.0,0.0,0.0,,True,42.66666666666667,40.353037766830866,108.0,2.3136288998358054,2.3136288998358054,0.0,,40.353037766830866,1.0573346897253308,0.0,0.0,Near Expectation
2019,14,8,164,Patty Primetimes,Keke Coutee,False,keke coutee,Patty Primetimes,0.7,3.0,WR,0.7,3.0,0.0,0.0,1.0,0.0,True,5.333333333333334,40.353037766830866,104.0,-35.01970443349753,-35.01970443349753,1.0,0.0,40.353037766830866,0.13216683621566636,-35.01970443349753,1.0,Bust
2019,14,9,165,Voldemort,Seahawks,False,seahawks,Voldemort,72.0,8.0,DEF,12.0,1.0,12.0,1.0,0.16666666666666666,1.0,False,,,,,,,,,,,,Not Rated
2019,14,10,166,malle_dips_pouches,Chiefs,False,chiefs,malle_dips_pouches,42.0,4.0,DEF,18.0,3.0,18.0,3.0,0.42857142857142855,1.0,False,,,,,,,,,,,,Not Rated
2019,14,11,167,The Big Gronkowski,Jamison Crowder,False,jamison crowder,The Big Gronkowski,77.2,13.0,WR,77.2,13.0,19.3,4.0,1.0,0.25,True,53.333333333333336,40.229885057471265,97.0,13.103448275862071,13.103448275862071,1.0,0.25,40.229885057471265,1.3257142857142858,13.103448275862071,1.0,Near Expectation
2019,14,12,168,Pop Lockett Drop it,Bills,False,bills,Pop Lockett Drop it,100.0,12.0,DEF,27.0,3.0,27.0,3.0,0.27,1.0,False,,,,,,,,,,,,Not Rated
2019,15,1,169,Pop Lockett Drop it,Robbie Gould,False,robbie gould,Pop Lockett Drop it,67.0,8.0,K,29.0,3.0,29.0,3.0,0.43283582089552236,1.0,False,,,,,,,,,,,,Not Rated
2019,15,2,170,The Big Gronkowski,Ronald Jones,False,ronald jones,The Big Gronkowski,70.8,10.0,RB,9.3,1.0,0.0,0.0,0.13135593220338984,0.0,True,51.28205128205128,40.229885057471265,83.0,11.052166224580013,11.052166224580013,0.13135593220338984,0.0,40.229885057471265,1.2747252747252746,1.4517675972965272,0.13135593220338984,Near Expectation
2019,15,3,171,malle_dips_pouches,Jack Doyle,False,jack doyle,malle_dips_pouches,47.4,11.0,TE,20.9,7.0,0.0,0.0,0.4409282700421941,0.0,True,70.58823529411765,40.11494252873563,82.0,30.47329276538202,30.47329276538202,0.4409282700421941,0.0,40.11494252873563,1.7596494185066578,13.436536261529202,0.4409282700421941,Steal
2019,15,4,172,Voldemort,Jake Elliott,False,jake elliott,Voldemort,20.0,3.0,K,13.0,2.0,13.0,2.0,0.65,1.0,False,,,,,,,,,,,,Not Rated
2019,15,5,173,Patty Primetimes,Darren Waller,False,darren waller,Patty Primetimes,99.2,13.0,TE,99.2,13.0,66.5,8.0,1.0,0.6703629032258064,True,94.11764705882352,40.74074074074074,73.0,53.37690631808278,53.37690631808278,1.0,0.6703629032258064,40.74074074074074,2.3101604278074865,53.37690631808278,1.0,Elite Steal
2019,15,6,174,Ginger FC,Tre'Quan Smith,False,trequan smith,Ginger FC,0.0,0.0,,0.0,0.0,0.0,0.0,,,False,,,,,,,,,,,,Not Rated
2019,15,7,175,ThreatLevelMidnight,Jamaal Williams,False,jamaal williams,ThreatLevelMidnight,96.4,12.0,RB,96.4,12.0,0.0,0.0,1.0,0.0,True,66.66666666666666,40.95860566448802,64.0,25.70806100217864,25.70806100217864,1.0,0.0,40.95860566448802,1.6276595744680848,25.70806100217864,1.0,Steal
2019,15,8,176,Post Mahomes,Mason Crosby,False,mason crosby,Post Mahomes,82.0,11.0,K,75.0,10.0,75.0,10.0,0.9146341463414634,1.0,False,,,,,,,,,,,,Not Rated
2019,15,9,177,Malle ❤️ 🐸,T.J. Hockenson,False,tj hockenson,Malle ❤️ 🐸,48.7,13.0,TE,48.7,13.0,21.5,7.0,1.0,0.4414784394250513,True,73.52941176470588,40.95860566448802,54.0,32.570806100217865,32.570806100217865,1.0,0.4414784394250513,40.95860566448802,1.7952127659574468,32.570806100217865,1.0,Steal
2019,15,10,178,Joe Mantegna,Justice Hill,False,justice hill,Joe Mantegna,2.7,1.0,RB,2.7,1.0,0.0,0.0,1.0,0.0,True,8.974358974358974,40.74074074074074,51.0,-31.766381766381766,-31.766381766381766,1.0,0.0,40.74074074074074,0.2202797202797203,-31.766381766381766,1.0,Bust
2019,15,11,179,Uncle Rico,Matt Prater,False,matt prater,Uncle Rico,68.0,8.0,K,36.0,4.0,36.0,4.0,0.5294117647058824,1.0,False,,,,,,,,,,,,Not Rated
2019,15,12,180,Big Sack Jack,Mitchell Trubisky,False,mitchell trubisky,Big Sack Jack,9.22,1.0,QB,9.22,1.0,0.0,0.0,1.0,0.0,True,5.88235294117647,43.20987654320987,41.0,-37.3275236020334,-37.3275236020334,1.0,0.0,43.20987654320987,0.1361344537815126,-37.3275236020334,1.0,Bust
2020,1,1,1,Ginger FC,Christian McCaffrey,False,christian mccaffrey,Ginger FC,81.9,13.0,RB,81.9,13.0,81.9,3.0,1.0,1.0,True,60.71428571428571,90.58823529411765,103.0,-29.873949579831944,-29.873949579831944,1.0,1.0,90.58823529411765,0.6702226345083487,-29.873949579831944,1.0,Bust
2020,1,2,2,Post Mahomes,Saquon Barkley,False,saquon barkley,Post Mahomes,12.399999999999999,7.0,RB,12.399999999999999,7.0,12.399999999999999,2.0,1.0,1.0,True,17.857142857142858,90.54054054054053,111.0,-72.68339768339767,-72.68339768339767,1.0,1.0,90.54054054054053,0.19722814498933905,-72.68339768339767,1.0,Major Bust
2020,1,3,3,Big Sack Jack,Ezekiel Elliott,False,ezekiel elliott,Big Sack Jack,161.3,13.0,RB,161.3,13.0,161.3,12.0,1.0,1.0,True,92.85714285714286,90.5643879173291,118.0,2.2927549398137614,2.2927549398137614,1.0,1.0,90.5643879173291,1.0253162969743326,2.2927549398137614,1.0,Near Expectation
2020,1,4,4,Uncle Rico,Michael Thomas,False,michael thomas,Uncle Rico,51.5,13.0,WR,51.5,13.0,51.5,7.0,1.0,1.0,True,32.5,89.65517241379311,125.0,-57.15517241379311,-57.15517241379311,1.0,1.0,89.65517241379311,0.3625,-57.15517241379311,1.0,Major Bust
2020,1,5,5,Malle ❤️ 🐸,Alvin Kamara,False,alvin kamara,Malle ❤️ 🐸,245.8,13.0,RB,245.8,13.0,245.8,12.0,1.0,1.0,True,98.80952380952381,88.0,133.0,10.80952380952381,10.80952380952381,1.0,1.0,88.0,1.1228354978354977,10.80952380952381,1.0,Near Expectation
2020,1,6,6,The Big Gronkowski,Dalvin Cook,False,dalvin cook,The Big Gronkowski,257.9,13.0,RB,257.9,13.0,257.9,11.0,1.0,1.0,True,100.0,89.41176470588236,141.0,10.588235294117638,10.588235294117638,1.0,1.0,89.41176470588236,1.1184210526315788,10.588235294117638,1.0,Near Expectation
2020,1,7,7,Joe Mantegna,Clyde Edwards-Helaire,False,clyde edwards helaire,Joe Mantegna,137.6,13.0,RB,137.6,13.0,137.6,12.0,1.0,1.0,True,85.71428571428571,87.95180722891565,149.0,-2.2375215146299468,-2.2375215146299468,1.0,1.0,87.95180722891565,0.9745596868884541,-2.2375215146299468,1.0,Near Expectation
2020,1,8,8,Voldemort,Tyreek Hill,False,tyreek hill,Voldemort,237.9,13.0,WR,237.9,13.0,237.9,12.0,1.0,1.0,True,100.0,87.05882352941177,157.0,12.941176470588232,12.941176470588232,1.0,1.0,87.05882352941177,1.1486486486486487,12.941176470588232,1.0,Near Expectation
2020,1,9,9,ThreatLevelMidnight,Joe Mixon,False,joe mixon,ThreatLevelMidnight,89.10000000000001,13.0,RB,89.10000000000001,13.0,75.2,5.0,1.0,0.8439955106621773,True,64.28571428571429,86.81318681318682,165.0,-22.527472527472526,-22.527472527472526,1.0,0.8439955106621773,86.81318681318682,0.7405063291139241,-22.527472527472526,1.0,Near Expectation
2020,1,10,10,malle_dips_pouches,Aaron Jones Sr.,False,aaron jones,malle_dips_pouches,175.3,13.0,RB,175.3,13.0,175.3,10.0,1.0,1.0,True,95.23809523809523,86.24140087554721,172.0,8.996694362548013,8.996694362548013,1.0,1.0,86.24140087554721,1.104319900549052,8.996694362548013,1.0,Near Expectation
2020,1,11,11,Patty Primetimes,Nick Chubb,False,nick chubb,Patty Primetimes,130.9,13.0,RB,58.7,4.0,58.7,4.0,0.4484339190221543,1.0,True,83.33333333333334,85.63164477798624,180.0,-2.298311444652896,-2.298311444652896,0.4484339190221543,1.0,85.63164477798624,0.9731604893189704,-1.0306408082591672,0.4484339190221543,Near Expectation
2020,1,12,12,Pop Lockett Drop it,David Johnson,False,david johnson,Pop Lockett Drop it,97.3,13.0,RB,97.3,13.0,81.3,7.0,1.0,0.8355601233299075,True,69.04761904761905,85.36585365853658,187.0,-16.31823461091753,-16.31823461091753,1.0,0.8355601233299075,85.36585365853658,0.8088435374149661,-16.31823461091753,1.0,Near Expectation
2020,2,1,13,Pop Lockett Drop it,Julio Jones,False,julio jones,Pop Lockett Drop it,120.6,13.0,WR,120.6,13.0,85.7,7.0,1.0,0.7106135986733002,True,71.25,85.3299856527977,194.0,-14.079985652797703,-14.079985652797703,1.0,0.7106135986733002,85.3299856527977,0.8349936948297604,-14.079985652797703,1.0,Near Expectation
2020,2,2,14,Patty Primetimes,Austin Ekeler,False,austin ekeler,Patty Primetimes,80.9,13.0,RB,53.7,7.0,53.7,4.0,0.6637824474660075,1.0,True,59.523809523809526,85.8974358974359,193.0,-26.373626373626372,-26.373626373626372,0.6637824474660075,1.0,85.8974358974359,0.6929637526652452,-17.506350262839756,0.6637824474660075,Bust
2020,2,3,15,malle_dips_pouches,DeAndre Hopkins,False,deandre hopkins,malle_dips_pouches,172.4,13.0,WR,172.4,13.0,172.4,12.0,1.0,1.0,True,91.25,85.29411764705883,193.0,5.955882352941174,5.955882352941174,1.0,1.0,85.29411764705883,1.0698275862068964,5.955882352941174,1.0,Near Expectation
2020,2,4,16,ThreatLevelMidnight,Davante Adams,False,davante adams,ThreatLevelMidnight,220.9,13.0,WR,220.9,13.0,220.9,10.0,1.0,1.0,True,98.75,84.33734939759037,193.0,14.412650602409627,14.412650602409627,1.0,1.0,84.33734939759037,1.170892857142857,14.412650602409627,1.0,Near Expectation
2020,2,5,17,Voldemort,Kenyan Drake,False,kenyan drake,Voldemort,140.6,13.0,RB,140.6,13.0,117.2,9.0,1.0,0.833570412517781,True,86.90476190476191,83.9506172839506,193.0,2.954144620811306,2.954144620811306,1.0,0.833570412517781,83.9506172839506,1.0351890756302524,2.954144620811306,1.0,Near Expectation
2020,2,6,18,Joe Mantegna,George Kittle,False,george kittle,Joe Mantegna,79.6,13.0,TE,79.6,13.0,79.6,6.0,1.0,1.0,True,55.172413793103445,82.75862068965517,193.0,-27.58620689655173,-27.58620689655173,1.0,1.0,82.75862068965517,0.6666666666666666,-27.58620689655173,1.0,Bust
2020,2,7,19,The Big Gronkowski,James Conner,False,james conner,The Big Gronkowski,121.5,13.0,RB,121.5,13.0,102.4,9.0,1.0,0.8427983539094651,True,77.38095238095238,82.20458830923948,192.0,-4.8236359282871035,-4.8236359282871035,1.0,0.8427983539094651,82.20458830923948,0.9413215730715491,-4.8236359282871035,1.0,Near Expectation
2020,2,8,20,Malle ❤️ 🐸,Travis Kelce,False,travis kelce,Malle ❤️ 🐸,198.56,13.0,TE,198.56,13.0,198.56,12.0,1.0,1.0,True,100.0,81.97674418604652,193.0,18.023255813953483,18.023255813953483,1.0,1.0,81.97674418604652,1.2198581560283688,18.023255813953483,1.0,Near Expectation
2020,2,9,21,Uncle Rico,Chris Godwin Jr.,False,chris godwin,Uncle Rico,98.7,13.0,WR,98.7,13.0,93.1,7.0,1.0,0.9432624113475176,True,55.00000000000001,81.89792135575269,192.0,-26.89792135575268,-26.89792135575268,1.0,0.9432624113475176,81.89792135575269,0.6715677161217315,-26.89792135575268,1.0,Bust
2020,2,10,22,Big Sack Jack,Patrick Mahomes,False,patrick mahomes,Big Sack Jack,374.1,13.0,QB,374.1,13.0,349.86,11.0,1.0,0.9352044907778668,True,100.0,81.5943992773261,192.0,18.405600722673896,18.405600722673896,1.0,0.9352044907778668,81.5943992773261,1.2255743149737062,18.405600722673896,1.0,Near Expectation
2020,2,11,23,Post Mahomes,Kenny Golladay,False,kenny golladay,Post Mahomes,55.8,13.0,WR,55.8,13.0,55.8,5.0,1.0,1.0,True,38.75,79.8670465337132,192.0,-41.11704653371319,-41.11704653371319,1.0,1.0,79.8670465337132,0.48518133174791916,-41.11704653371319,1.0,Major Bust
2020,2,12,24,Ginger FC,Mike Evans,False,mike evans,Ginger FC,151.3,13.0,WR,151.3,13.0,127.9,10.0,1.0,0.8453403833443489,True,81.25,79.36105476673427,192.0,1.88894523326573,1.88894523326573,1.0,0.8453403833443489,79.36105476673427,1.0238019169329076,1.88894523326573,1.0,Near Expectation
2020,3,1,25,Ginger FC,Russell Wilson,False,russell wilson,Ginger FC,362.56,13.0,QB,362.56,13.0,362.56,12.0,1.0,1.0,True,96.875,78.86821705426357,192.0,18.006782945736433,18.006782945736433,1.0,1.0,78.86821705426357,1.2283148220955376,18.006782945736433,1.0,Near Expectation
2020,3,2,26,Post Mahomes,Chris Carson,False,chris carson,Post Mahomes,125.4,13.0,RB,125.4,13.0,125.4,8.0,1.0,1.0,True,79.76190476190477,79.06976744186046,191.0,0.69213732004431,0.69213732004431,1.0,1.0,79.06976744186046,1.0087535014005604,0.69213732004431,1.0,Near Expectation
2020,3,3,27,Big Sack Jack,Odell Beckham Jr.,False,odell beckham,Big Sack Jack,75.32,7.0,WR,3.7,1.0,3.7,1.0,0.04912373871481679,1.0,True,46.25,79.3103448275862,191.0,-33.060344827586206,-33.060344827586206,0.04912373871481679,1.0,79.3103448275862,0.5831521739130435,-1.6240477411320895,0.04912373871481679,Bust
2020,3,4,28,Uncle Rico,Derrick Henry,True,derrick henry,Uncle Rico,219.4,13.0,RB,219.4,13.0,219.4,12.0,1.0,1.0,False,97.61904761904762,,,,,,,,,,,Not Rated
2020,3,5,29,Malle ❤️ 🐸,Adam Thielen,False,adam thielen,Malle ❤️ 🐸,176.1,13.0,WR,176.1,13.0,176.1,11.0,1.0,1.0,True,93.75,79.3103448275862,193.0,14.439655172413794,14.439655172413794,1.0,1.0,79.3103448275862,1.1820652173913044,14.439655172413794,1.0,Near Expectation
2020,3,6,30,The Big Gronkowski,Allen Robinson,False,allen robinson,The Big Gronkowski,158.8,13.0,WR,158.8,13.0,158.8,12.0,1.0,1.0,True,85.0,79.3103448275862,193.0,5.689655172413794,5.689655172413794,1.0,1.0,79.3103448275862,1.0717391304347825,5.689655172413794,1.0,Near Expectation
2020,3,7,31,Joe Mantegna,Todd Gurley,False,todd gurley,Joe Mantegna,133.7,13.0,RB,133.7,13.0,131.2,10.0,1.0,0.981301421091997,True,84.52380952380952,79.06976744186046,191.0,5.454042081949055,5.454042081949055,1.0,0.981301421091997,79.06976744186046,1.0689775910364145,5.454042081949055,1.0,Near Expectation
2020,3,8,32,Voldemort,Jonathan Taylor,False,jonathan taylor,Voldemort,130.5,13.0,RB,130.5,13.0,104.0,8.0,1.0,0.7969348659003831,True,82.14285714285714,79.50262588816805,190.0,2.640231254689084,2.640231254689084,1.0,0.7969348659003831,79.50262588816805,1.0332093591273697,2.640231254689084,1.0,Near Expectation
2020,3,9,33,ThreatLevelMidnight,A.J. Brown,False,aj brown,ThreatLevelMidnight,146.3,13.0,WR,146.3,13.0,128.6,9.0,1.0,0.8790157211209841,True,80.0,79.50262588816805,190.0,0.49737411183194524,0.49737411183194524,1.0,0.8790157211209841,79.50262588816805,1.00625607149796,0.49737411183194524,1.0,Near Expectation
2020,3,10,34,malle_dips_pouches,Le'Veon Bell,False,leveon bell,malle_dips_pouches,37.1,12.0,RB,37.1,12.0,22.0,4.0,1.0,0.5929919137466307,True,39.285714285714285,79.39876215738285,190.0,-40.11304787166856,-40.11304787166856,1.0,0.5929919137466307,79.39876215738285,0.49479000954502067,-40.11304787166856,1.0,Major Bust
2020,3,11,35,Patty Primetimes,Mark Andrews,False,mark andrews,Patty Primetimes,100.4,13.0,TE,64.3,6.0,64.3,6.0,0.6404382470119522,1.0,True,89.65517241379311,80.0,191.0,9.65517241379311,9.65517241379311,0.6404382470119522,1.0,80.0,1.120689655172414,6.183541695287818,0.6404382470119522,Near Expectation
2020,3,12,36,Pop Lockett Drop it,Josh Jacobs,True,josh jacobs,Pop Lockett Drop it,159.2,13.0,RB,159.2,13.0,159.2,11.0,1.0,1.0,False,91.66666666666666,,,,,,,,,,,Not Rated
2020,4,1,37,Pop Lockett Drop it,Courtland Sutton,False,courtland sutton,Pop Lockett Drop it,8.1,3.0,WR,8.1,3.0,0.0,0.0,1.0,0.0,True,8.75,79.06976744186046,191.0,-70.31976744186046,-70.31976744186046,1.0,0.0,79.06976744186046,0.11066176470588235,-70.31976744186046,1.0,Major Bust
2020,4,2,38,Patty Primetimes,Tyler Lockett,False,tyler lockett,Patty Primetimes,169.4,13.0,WR,169.4,13.0,169.4,12.0,1.0,1.0,True,90.0,78.86821705426357,192.0,11.131782945736433,11.131782945736433,1.0,1.0,78.86821705426357,1.1411440927855316,11.131782945736433,1.0,Near Expectation
2020,4,3,39,malle_dips_pouches,Amari Cooper,False,amari cooper,malle_dips_pouches,155.2,13.0,WR,155.2,13.0,131.4,10.0,1.0,0.8466494845360826,True,83.75,77.33333333333333,193.0,6.416666666666671,6.416666666666671,1.0,0.8466494845360826,77.33333333333333,1.0829741379310345,6.416666666666671,1.0,Near Expectation
2020,4,4,40,ThreatLevelMidnight,Raheem Mostert,False,raheem mostert,ThreatLevelMidnight,76.9,13.0,RB,76.9,13.0,76.9,6.0,1.0,1.0,True,58.333333333333336,77.10843373493977,193.0,-18.77510040160643,-18.77510040160643,1.0,1.0,77.10843373493977,0.7565104166666666,-18.77510040160643,1.0,Near Expectation
2020,4,5,41,Voldemort,Mark Ingram II,False,mark ingram,Voldemort,46.0,11.0,RB,38.5,6.0,2.9,1.0,0.8369565217391305,0.07532467532467532,True,44.047619047619044,76.5432098765432,193.0,-32.49559082892416,-32.49559082892416,0.8369565217391305,0.07532467532467532,76.5432098765432,0.5754608294930875,-27.19739667203435,0.8369565217391305,Bust
2020,4,6,42,Joe Mantegna,JuJu Smith-Schuster,False,juju smith schuster,Joe Mantegna,134.5,13.0,WR,134.5,13.0,134.5,12.0,1.0,1.0,True,76.25,75.60975609756098,193.0,0.6402439024390247,0.6402439024390247,1.0,1.0,75.60975609756098,1.008467741935484,0.6402439024390247,1.0,Near Expectation
2020,4,7,43,The Big Gronkowski,Cooper Kupp,False,cooper kupp,The Big Gronkowski,133.9,13.0,WR,133.9,13.0,133.9,12.0,1.0,1.0,True,75.0,76.5432098765432,193.0,-1.5432098765432016,-1.5432098765432016,1.0,1.0,76.5432098765432,0.9798387096774195,-1.5432098765432016,1.0,Near Expectation
2020,4,8,44,Malle ❤️ 🐸,Calvin Ridley,False,calvin ridley,Malle ❤️ 🐸,165.4,13.0,WR,165.4,13.0,165.4,11.0,1.0,1.0,True,88.75,75.2906976744186,194.0,13.459302325581405,13.459302325581405,1.0,1.0,75.2906976744186,1.1787644787644789,13.459302325581405,1.0,Near Expectation
2020,4,9,45,Uncle Rico,Zach Ertz,False,zach ertz,Uncle Rico,37.8,6.0,TE,37.8,6.0,32.5,5.0,1.0,0.8597883597883599,True,31.03448275862069,75.0,194.0,-43.96551724137931,-43.96551724137931,1.0,0.8597883597883599,75.0,0.41379310344827586,-43.96551724137931,1.0,Major Bust
2020,4,10,46,Big Sack Jack,Hollywood Brown,False,hollywood brown,Big Sack Jack,100.1,13.0,WR,100.1,13.0,68.9,9.0,1.0,0.6883116883116884,True,56.25,74.07407407407408,195.0,-17.824074074074076,-17.824074074074076,1.0,0.6883116883116884,74.07407407407408,0.759375,-17.824074074074076,1.0,Near Expectation
2020,4,11,47,Post Mahomes,DJ Moore,False,dj moore,Post Mahomes,143.5,13.0,WR,66.9,6.0,66.9,6.0,0.46620209059233453,1.0,True,77.5,73.25581395348837,195.0,4.244186046511629,4.244186046511629,0.46620209059233453,1.0,73.25581395348837,1.057936507936508,1.9786484077465367,0.46620209059233453,Near Expectation
2020,4,12,48,Ginger FC,Cam Akers,False,cam akers,Ginger FC,28.1,7.0,RB,12.2,5.0,1.3,1.0,0.4341637010676156,0.10655737704918034,True,33.33333333333333,73.80174291938998,192.0,-40.46840958605665,-40.46840958605665,0.4341637010676156,0.10655737704918034,73.80174291938998,0.451660516605166,-17.56991448220253,0.4341637010676156,Major Bust
2020,5,1,49,Ginger FC,DK Metcalf,False,dk metcalf,Ginger FC,195.4,13.0,WR,195.4,13.0,195.4,12.0,1.0,1.0,True,97.5,73.29457364341084,192.0,24.205426356589157,24.205426356589157,1.0,1.0,73.29457364341084,1.3302485457429933,24.205426356589157,1.0,Near Expectation
2020,5,2,50,Post Mahomes,David Montgomery,False,david montgomery,Post Mahomes,143.3,13.0,RB,143.3,13.0,112.6,9.0,1.0,0.7857641311933007,True,88.09523809523809,73.25581395348837,191.0,14.839424141749717,14.839424141749717,1.0,0.7857641311933007,73.25581395348837,1.202569916855631,14.839424141749717,1.0,Near Expectation
2020,5,3,51,Big Sack Jack,Melvin Gordon III,True,melvin gordon,Big Sack Jack,122.8,13.0,RB,122.8,13.0,122.8,11.0,1.0,1.0,False,78.57142857142857,,,,,,,,,,,Not Rated
2020,5,4,52,Uncle Rico,D'Andre Swift,False,dandre swift,Uncle Rico,112.1,13.0,RB,73.7,7.0,26.0,2.0,0.6574487065120429,0.35278154681139756,True,76.19047619047619,71.80246913580247,192.0,4.3880070546737215,4.3880070546737215,0.6574487065120429,0.35278154681139756,71.80246913580247,1.0611122027903321,2.884889562260957,0.6574487065120429,Near Expectation
2020,5,5,53,Malle ❤️ 🐸,Tom Brady,False,tom brady,Malle ❤️ 🐸,305.7,13.0,QB,305.7,13.0,257.36,10.0,1.0,0.8418711154726857,True,81.25,71.42857142857143,192.0,9.82142857142857,9.82142857142857,1.0,0.8418711154726857,71.42857142857143,1.1375,9.82142857142857,1.0,Near Expectation
2020,5,6,54,The Big Gronkowski,Keenan Allen,False,keenan allen,The Big Gronkowski,177.29999999999998,13.0,WR,5.7,1.0,5.7,1.0,0.03214890016920474,1.0,True,95.0,71.42857142857143,191.0,23.57142857142857,23.57142857142857,0.03214890016920474,1.0,71.42857142857143,1.33,0.7577955039883975,0.03214890016920474,Near Expectation
2020,5,7,55,Joe Mantegna,DJ Chark,False,dj chark,Joe Mantegna,103.0,13.0,WR,103.0,13.0,70.89999999999999,8.0,1.0,0.6883495145631067,True,60.0,71.42857142857143,191.0,-11.42857142857143,-11.42857142857143,1.0,0.6883495145631067,71.42857142857143,0.84,-11.42857142857143,1.0,Near Expectation
2020,5,8,56,Voldemort,Dak Prescott,False,dak prescott,Voldemort,157.14,5.0,QB,157.14,5.0,157.14,5.0,1.0,1.0,True,50.0,70.96774193548387,193.0,-20.967741935483872,-20.967741935483872,1.0,1.0,70.96774193548387,0.7045454545454546,-20.967741935483872,1.0,Near Expectation
2020,5,9,57,ThreatLevelMidnight,Michael Gallup,False,michael gallup,ThreatLevelMidnight,52.6,7.0,WR,52.6,7.0,49.300000000000004,5.0,1.0,0.9372623574144487,True,33.75,69.23076923076923,193.0,-35.480769230769226,-35.480769230769226,1.0,0.9372623574144487,69.23076923076923,0.48750000000000004,-35.480769230769226,1.0,Bust
2020,5,10,58,malle_dips_pouches,Hunter Henry,False,hunter henry,malle_dips_pouches,93.2,13.0,TE,93.2,13.0,93.2,12.0,1.0,1.0,True,79.3103448275862,69.33333333333334,191.0,9.977011494252864,9.977011494252864,1.0,1.0,69.33333333333334,1.1438992042440317,9.977011494252864,1.0,Near Expectation
2020,5,11,59,Patty Primetimes,T.Y. Hilton,False,ty hilton,Patty Primetimes,34.2,7.0,WR,34.2,6.0,34.2,6.0,1.0,1.0,True,23.75,69.18328584995251,190.0,-45.43328584995251,-45.43328584995251,1.0,1.0,69.18328584995251,0.3432910089224434,-45.43328584995251,1.0,Major Bust
2020,5,12,60,Pop Lockett Drop it,Stefon Diggs,False,stefon diggs,Pop Lockett Drop it,172.7,13.0,WR,172.7,13.0,172.7,12.0,1.0,1.0,True,92.5,67.64950166112956,190.0,24.850498338870437,24.850498338870437,1.0,1.0,67.64950166112956,1.3673419275629222,24.850498338870437,1.0,Near Expectation
2020,6,1,61,Pop Lockett Drop it,Austin Hooper,False,austin hooper,Pop Lockett Drop it,55.6,13.0,TE,55.6,13.0,55.6,10.0,1.0,1.0,True,41.37931034482759,66.66666666666666,189.0,-25.28735632183907,-25.28735632183907,1.0,1.0,66.66666666666666,0.6206896551724139,-25.28735632183907,1.0,Bust
2020,6,2,62,Patty Primetimes,J.K. Dobbins,False,jk dobbins,Patty Primetimes,89.89999999999999,13.0,RB,89.89999999999999,13.0,28.5,4.0,1.0,0.3170189098998888,True,65.47619047619048,67.64950166112956,190.0,-2.173311184939081,-2.173311184939081,1.0,0.3170189098998888,67.64950166112956,0.9678739512993658,-2.173311184939081,1.0,Near Expectation
2020,6,3,63,malle_dips_pouches,Devin Singletary,False,devin singletary,malle_dips_pouches,96.8,13.0,RB,75.8,9.0,61.1,7.0,0.7830578512396694,0.8060686015831136,True,67.85714285714286,66.869918699187,190.0,0.9872241579558647,0.9872241579558647,0.7830578512396694,0.8060686015831136,66.869918699187,1.0147633521493704,0.7730536278208114,0.7830578512396694,Near Expectation
2020,6,4,64,ThreatLevelMidnight,Tyler Boyd,False,tyler boyd,ThreatLevelMidnight,144.64,13.0,WR,144.64,13.0,78.04,6.0,1.0,0.5395464601769913,True,78.75,66.66666666666666,190.0,12.083333333333343,12.083333333333343,1.0,0.5395464601769913,66.66666666666666,1.1812500000000001,12.083333333333343,1.0,Near Expectation
2020,6,5,65,Voldemort,Leonard Fournette,False,leonard fournette,Voldemort,76.2,13.0,RB,76.2,13.0,19.7,3.0,1.0,0.2585301837270341,True,55.952380952380956,66.66666666666666,190.0,-10.714285714285701,-10.714285714285701,1.0,0.2585301837270341,66.66666666666666,0.8392857142857144,-10.714285714285701,1.0,Near Expectation
2020,6,6,66,Joe Mantegna,Deshaun Watson,False,deshaun watson,Joe Mantegna,330.78,13.0,QB,330.78,13.0,330.78,12.0,1.0,1.0,True,84.375,64.11960132890366,190.0,20.255398671096344,20.255398671096344,1.0,1.0,64.11960132890366,1.3159002590673574,20.255398671096344,1.0,Near Expectation
2020,6,7,67,The Big Gronkowski,Darren Waller,False,darren waller,The Big Gronkowski,152.7,13.0,TE,152.7,13.0,150.8,11.0,1.0,0.9875573018991488,True,96.55172413793103,63.36595215905561,190.0,33.18577197887542,33.18577197887542,1.0,0.9875573018991488,63.36595215905561,1.52371614168403,33.18577197887542,1.0,Steal
2020,6,8,68,Malle ❤️ 🐸,Jordan Howard,False,jordan howard,Malle ❤️ 🐸,29.400000000000002,13.0,RB,29.400000000000002,13.0,6.7,1.0,1.0,0.22789115646258504,True,34.523809523809526,63.09067688378033,190.0,-28.566867359970807,-28.566867359970807,1.0,0.22789115646258504,63.09067688378033,0.5472093695777906,-28.566867359970807,1.0,Bust
2020,6,9,69,Uncle Rico,Antonio Gibson,False,antonio gibson,Uncle Rico,167.2,13.0,RB,167.2,13.0,148.4,11.0,1.0,0.8875598086124403,True,94.04761904761905,63.09067688378033,190.0,30.95694216383872,30.95694216383872,1.0,0.8875598086124403,63.09067688378033,1.4906737998843262,30.95694216383872,1.0,Steal
2020,6,10,70,Big Sack Jack,Julian Edelman,False,julian edelman,Big Sack Jack,45.72,9.0,WR,45.72,9.0,18.82,4.0,1.0,0.4116360454943132,True,28.749999999999996,62.82051282051282,189.0,-34.07051282051282,-34.07051282051282,1.0,0.4116360454943132,62.82051282051282,0.4576530612244898,-34.07051282051282,1.0,Bust
2020,6,11,71,Post Mahomes,Robert Woods,False,robert woods,Post Mahomes,163.4,13.0,WR,163.4,13.0,163.4,12.0,1.0,1.0,True,87.5,62.82051282051282,189.0,24.679487179487182,24.679487179487182,1.0,1.0,62.82051282051282,1.392857142857143,24.679487179487182,1.0,Near Expectation
2020,6,12,72,Ginger FC,DeVante Parker,False,devante parker,Ginger FC,119.7,13.0,WR,119.7,13.0,54.6,6.0,1.0,0.45614035087719296,True,68.75,63.09067688378033,188.0,5.659323116219667,5.659323116219667,1.0,0.45614035087719296,63.09067688378033,1.0897014170040487,5.659323116219667,1.0,Near Expectation
2020,7,1,73,Ginger FC,Sony Michel,False,sony michel,Ginger FC,26.6,7.0,RB,26.6,5.0,0.0,0.0,1.0,0.0,True,32.142857142857146,62.89173789173789,190.0,-30.748880748880744,-30.748880748880744,1.0,0.0,62.89173789173789,0.5110823491344443,-30.748880748880744,1.0,Bust
2020,7,2,74,Post Mahomes,A.J. Green,False,aj green,Post Mahomes,47.1,9.0,WR,47.1,9.0,10.5,2.0,1.0,0.2229299363057325,True,30.0,62.73555761507569,190.0,-32.73555761507569,-32.73555761507569,1.0,0.2229299363057325,62.73555761507569,0.47819771020558904,-32.73555761507569,1.0,Bust
2020,7,3,75,Big Sack Jack,Evan Engram,False,evan engram,Big Sack Jack,86.9,13.0,TE,86.9,13.0,42.6,6.0,1.0,0.49021864211737626,True,72.41379310344827,62.65060240963856,191.0,9.763190693809712,9.763190693809712,1.0,0.49021864211737626,62.65060240963856,1.1558355437665782,9.763190693809712,1.0,Near Expectation
2020,7,4,76,Uncle Rico,Josh Allen,False,josh allen,Uncle Rico,348.02,13.0,QB,203.12,7.0,203.12,7.0,0.5836446181253951,1.0,True,87.5,62.65060240963856,189.0,24.84939759036144,24.84939759036144,0.5836446181253951,1.0,62.65060240963856,1.3966346153846152,14.503217167272618,0.5836446181253951,Near Expectation
2020,7,5,77,Malle ❤️ 🐸,Kareem Hunt,True,kareem hunt,Malle ❤️ 🐸,151.9,13.0,RB,151.9,13.0,151.9,12.0,1.0,1.0,False,90.47619047619048,,,,,,,,,,,Not Rated
2020,7,6,78,The Big Gronkowski,Ronald Jones,False,ronald jones,The Big Gronkowski,143.6,13.0,RB,143.6,13.0,112.1,9.0,1.0,0.7806406685236769,True,89.28571428571429,61.96343402225755,186.0,27.32228026345674,27.32228026345674,1.0,0.7806406685236769,61.96343402225755,1.440941995784844,27.32228026345674,1.0,Steal
2020,7,7,79,Joe Mantegna,Jarvis Landry,False,jarvis landry,Joe Mantegna,115.78,13.0,WR,115.78,13.0,86.68,8.0,1.0,0.7486612541026084,True,65.0,61.76470588235294,187.0,3.235294117647058,3.235294117647058,1.0,0.7486612541026084,61.76470588235294,1.0523809523809524,3.235294117647058,1.0,Near Expectation
2020,7,8,80,Voldemort,Tyler Higbee,False,tyler higbee,Voldemort,51.199999999999996,6.0,TE,44.1,5.0,18.2,4.0,0.8613281250000001,0.4126984126984127,True,37.93103448275862,61.76470588235294,185.0,-23.833671399594323,-23.833671399594323,0.8613281250000001,0.4126984126984127,61.76470588235294,0.6141215106732347,-20.528611498478707,0.8613281250000001,Near Expectation
2020,7,9,81,ThreatLevelMidnight,Matt Ryan,False,matt ryan,ThreatLevelMidnight,229.84,12.0,QB,214.92,11.0,148.4,7.0,0.9350852767142359,0.6904894844593338,True,65.625,61.76470588235294,184.0,3.860294117647058,3.860294117647058,0.9350852767142359,0.6904894844593338,61.76470588235294,1.0625,3.6097041931983362,0.9350852767142359,Near Expectation
2020,7,10,82,malle_dips_pouches,Deebo Samuel Sr.,False,deebo samuel,malle_dips_pouches,63.3,13.0,WR,63.3,13.0,10.6,1.0,1.0,0.1674565560821485,True,40.0,62.19512195121951,185.0,-22.195121951219512,-22.195121951219512,1.0,0.1674565560821485,62.19512195121951,0.6431372549019608,-22.195121951219512,1.0,Near Expectation
2020,7,11,83,Patty Primetimes,Rob Gronkowski,False,rob gronkowski,Patty Primetimes,93.0,13.0,TE,93.0,13.0,44.099999999999994,6.0,1.0,0.4741935483870967,True,75.86206896551724,62.34756097560975,184.0,13.514507989907486,13.514507989907486,1.0,0.4741935483870967,62.34756097560975,1.2167608127476603,13.514507989907486,1.0,Near Expectation
2020,7,12,84,Pop Lockett Drop it,Aaron Rodgers,False,aaron rodgers,Pop Lockett Drop it,358.4,13.0,QB,358.4,13.0,358.4,12.0,1.0,1.0,True,90.625,62.17864205669083,184.0,28.446357943309167,28.446357943309167,1.0,1.0,62.17864205669083,1.4574940365756692,28.446357943309167,1.0,Steal
2020,8,1,85,Pop Lockett Drop it,Will Fuller V,False,will fuller,Pop Lockett Drop it,162.4,13.0,WR,162.4,13.0,119.3,8.0,1.0,0.7346059113300493,True,86.25,61.53846153846154,183.0,24.71153846153846,24.71153846153846,1.0,0.7346059113300493,61.53846153846154,1.4015625,24.71153846153846,1.0,Near Expectation
2020,8,2,86,Patty Primetimes,Lamar Jackson,True,lamar jackson,Patty Primetimes,264.1,13.0,QB,148.0,7.0,148.0,6.0,0.560393790230973,1.0,False,75.0,,,,,,,,,,,Not Rated
2020,8,3,87,malle_dips_pouches,Mecole Hardman Jr.,False,mecole hardman,malle_dips_pouches,40.400000000000006,8.0,WR,1.1,1.0,0.0,0.0,0.027227722772277228,0.0,True,26.25,59.72222222222222,179.0,-33.47222222222222,-33.47222222222222,0.027227722772277228,0.0,59.72222222222222,0.43953488372093025,-0.9113723872387238,0.027227722772277228,Bust
2020,8,4,88,ThreatLevelMidnight,Marvin Jones Jr.,False,marvin jones,ThreatLevelMidnight,93.7,10.0,WR,25.8,5.0,16.9,2.0,0.2753468516542156,0.6550387596899224,True,53.75,59.39153439153439,178.0,-5.6415343915343925,-5.6415343915343925,0.2753468516542156,0.6550387596899224,59.39153439153439,0.905011135857461,-1.5533787332079756,0.2753468516542156,Near Expectation
2020,8,5,89,Voldemort,Brandin Cooks,False,brandin cooks,Voldemort,81.5,10.0,WR,18.8,3.0,0.0,0.0,0.23067484662576687,0.0,True,47.5,58.97435897435898,177.0,-11.474358974358978,-11.474358974358978,0.23067484662576687,0.0,58.97435897435898,0.8054347826086956,-2.646845996539249,0.23067484662576687,Near Expectation
2020,8,6,90,Joe Mantegna,Zack Moss,False,zack moss,Joe Mantegna,67.4,13.0,RB,67.4,13.0,44.300000000000004,4.0,1.0,0.6572700296735905,True,52.38095238095239,57.73809523809524,174.0,-5.357142857142854,-5.357142857142854,1.0,0.6572700296735905,57.73809523809524,0.9072164948453609,-5.357142857142854,1.0,Near Expectation
2020,8,7,91,The Big Gronkowski,Sterling Shepard,False,sterling shepard,The Big Gronkowski,54.9,10.0,WR,54.9,10.0,0.0,0.0,1.0,0.0,True,37.5,58.139534883720934,171.0,-20.639534883720934,-20.639534883720934,1.0,0.0,58.139534883720934,0.6449999999999999,-20.639534883720934,1.0,Near Expectation
2020,8,8,92,Malle ❤️ 🐸,Latavius Murray,False,latavius murray,Malle ❤️ 🐸,102.5,13.0,RB,102.5,13.0,25.9,5.0,1.0,0.2526829268292683,True,72.61904761904762,57.14285714285714,169.0,15.476190476190482,15.476190476190482,1.0,0.2526829268292683,57.14285714285714,1.2708333333333335,15.476190476190482,1.0,Near Expectation
2020,8,9,93,Uncle Rico,Diontae Johnson,False,diontae johnson,Uncle Rico,127.2,13.0,WR,127.2,13.0,118.6,10.0,1.0,0.9323899371069182,True,72.5,58.139534883720934,167.0,14.360465116279066,14.360465116279066,1.0,0.9323899371069182,58.139534883720934,1.2469999999999999,14.360465116279066,1.0,Near Expectation
2020,8,10,94,Big Sack Jack,James White,False,james white,Big Sack Jack,66.0,13.0,RB,66.0,13.0,40.2,5.0,1.0,0.6090909090909091,True,51.19047619047619,58.333333333333336,165.0,-7.142857142857146,-7.142857142857146,1.0,0.6090909090909091,58.333333333333336,0.8775510204081632,-7.142857142857146,1.0,Near Expectation
2020,8,11,95,Post Mahomes,Phillip Lindsay,False,phillip lindsay,Post Mahomes,52.4,13.0,RB,14.1,6.0,0.0,0.0,0.26908396946564883,0.0,True,47.61904761904761,57.05980066445183,166.0,-9.440753045404215,-9.440753045404215,0.26908396946564883,0.0,57.05980066445183,0.8345463367297428,-2.540355304202279,0.26908396946564883,Near Expectation
2020,8,12,96,Ginger FC,Matt Breida,False,matt breida,Ginger FC,2.2,1.0,RB,2.2,1.0,2.2,1.0,1.0,1.0,True,4.761904761904762,58.139534883720934,165.0,-53.377630121816175,-53.377630121816175,1.0,1.0,58.139534883720934,0.0819047619047619,-53.377630121816175,1.0,Major Bust
2020,9,1,97,Ginger FC,Jared Cook,False,jared cook,Ginger FC,61.5,11.0,TE,61.5,11.0,61.5,10.0,1.0,1.0,True,44.827586206896555,56.41025641025641,163.0,-11.582670203359854,-11.582670203359854,1.0,1.0,56.41025641025641,0.7946708463949844,-11.582670203359854,1.0,Near Expectation
2020,9,2,98,Post Mahomes,Kyler Murray,True,kyler murray,Post Mahomes,361.98,13.0,QB,361.98,13.0,332.68,11.0,1.0,0.9190563014531189,False,93.75,,,,,,,,,,,Not Rated
2020,9,3,99,Big Sack Jack,CeeDee Lamb,False,ceedee lamb,Big Sack Jack,127.6,13.0,WR,127.6,13.0,68.8,8.0,1.0,0.5391849529780565,True,73.75,54.65116279069767,159.0,19.09883720930233,19.09883720930233,1.0,0.5391849529780565,54.65116279069767,1.3494680851063832,19.09883720930233,1.0,Near Expectation
2020,9,4,100,Uncle Rico,Tevin Coleman,False,tevin coleman,Uncle Rico,4.9,3.0,RB,2.9,1.0,0.0,0.0,0.5918367346938775,0.0,True,10.714285714285714,54.187520854187525,158.0,-43.47323513990181,-43.47323513990181,0.5918367346938775,0.0,54.187520854187525,0.1977260731878958,-25.729057531778622,0.5918367346938775,Major Bust
2020,9,5,101,Malle ❤️ 🐸,Justin Tucker,False,justin tucker,Malle ❤️ 🐸,110.0,13.0,K,110.0,13.0,110.0,12.0,1.0,1.0,False,,,,,,,,,,,,Not Rated
2020,9,6,102,The Big Gronkowski,Drew Brees,False,drew brees,The Big Gronkowski,200.94,13.0,QB,200.94,13.0,129.12,6.0,1.0,0.6425798745894297,True,53.125,52.94117647058824,153.0,0.18382352941176094,0.18382352941176094,1.0,0.6425798745894297,52.94117647058824,1.003472222222222,0.18382352941176094,1.0,Near Expectation
2020,9,7,103,Joe Mantegna,Tarik Cohen,False,tarik cohen,Joe Mantegna,14.5,3.0,RB,14.5,3.0,0.0,0.0,1.0,0.0,True,21.428571428571427,53.771213073538654,152.0,-32.34264164496723,-32.34264164496723,1.0,0.0,53.771213073538654,0.3985138181514569,-32.34264164496723,1.0,Bust
2020,9,8,104,Voldemort,John Brown,False,john brown,Voldemort,65.1,13.0,WR,65.1,13.0,0.0,0.0,1.0,0.0,True,42.5,55.12820512820513,151.0,-12.628205128205131,-12.628205128205131,1.0,0.0,55.12820512820513,0.7709302325581395,-12.628205128205131,1.0,Near Expectation
2020,9,9,105,ThreatLevelMidnight,Kerryon Johnson,False,kerryon johnson,ThreatLevelMidnight,3.5,2.0,RB,1.4,1.0,0.0,0.0,0.39999999999999997,0.0,True,7.142857142857142,54.8896839594514,152.0,-47.746826816594265,-47.746826816594265,0.39999999999999997,0.0,54.8896839594514,0.13013113990843483,-19.098730726637704,0.39999999999999997,Major Bust
2020,9,10,106,malle_dips_pouches,Jerry Jeudy,False,jerry jeudy,malle_dips_pouches,90.4,13.0,WR,90.4,13.0,8.8,1.0,1.0,0.09734513274336283,True,51.24999999999999,55.88235294117647,151.0,-4.632352941176478,-4.632352941176478,1.0,0.09734513274336283,55.88235294117647,0.9171052631578946,-4.632352941176478,1.0,Near Expectation
2020,9,11,107,Patty Primetimes,Matthew Stafford,False,matthew stafford,Patty Primetimes,258.62,13.0,QB,258.62,13.0,40.46,3.0,1.0,0.15644575052200138,True,71.875,55.94117647058824,148.0,15.933823529411761,15.933823529411761,1.0,0.15644575052200138,55.94117647058824,1.284831756046267,15.933823529411761,1.0,Near Expectation
2020,9,12,108,Pop Lockett Drop it,Henry Ruggs III,False,henry ruggs,Pop Lockett Drop it,63.8,13.0,WR,63.8,13.0,13.9,1.0,1.0,0.21786833855799376,True,41.25,55.81395348837209,149.0,-14.563953488372093,-14.563953488372093,1.0,0.21786833855799376,55.81395348837209,0.7390625,-14.563953488372093,1.0,Near Expectation
2020,10,1,109,Pop Lockett Drop it,Emmanuel Sanders,False,emmanuel sanders,Pop Lockett Drop it,84.1,13.0,WR,84.1,13.0,2.3,1.0,1.0,0.027348394768133173,True,48.75,54.32098765432099,149.0,-5.570987654320987,-5.570987654320987,1.0,0.027348394768133173,54.32098765432099,0.8974431818181818,-5.570987654320987,1.0,Near Expectation
2020,10,2,110,Patty Primetimes,Christian Kirk,False,christian kirk,Patty Primetimes,103.60000000000001,13.0,WR,67.0,7.0,21.6,1.0,0.6467181467181466,0.32238805970149254,True,61.25000000000001,52.65629380431736,150.0,8.59370619568265,8.59370619568265,0.6467181467181466,0.32238805970149254,52.65629380431736,1.1632037801144683,5.557705744312138,0.6467181467181466,Near Expectation
2020,10,3,111,malle_dips_pouches,Marlon Mack,False,marlon mack,malle_dips_pouches,7.1,1.0,RB,7.1,1.0,0.0,0.0,1.0,0.0,True,13.095238095238097,52.4390243902439,153.0,-39.343786295005806,-39.343786295005806,1.0,0.0,52.4390243902439,0.24972314507198232,-39.343786295005806,1.0,Bust
2020,10,4,112,ThreatLevelMidnight,Joe Burrow,False,joe burrow,ThreatLevelMidnight,109.44,8.0,QB,0.0,0.0,0.0,0.0,0.0,,True,37.5,50.6318082788671,152.0,-13.131808278867098,-13.131808278867098,0.0,,50.6318082788671,0.7406411359724614,-0.0,0.0,Near Expectation
2020,10,5,113,Voldemort,Terry McLaurin,True,terry mclaurin,Voldemort,152.2,13.0,WR,152.2,13.0,135.4,11.0,1.0,0.8896189224704337,False,82.5,,,,,,,,,,,Not Rated
2020,10,6,114,Joe Mantegna,Miles Sanders,True,miles sanders,Joe Mantegna,102.89999999999999,13.0,RB,102.89999999999999,13.0,102.89999999999999,9.0,1.0,1.0,False,73.80952380952381,,,,,,,,,,,Not Rated
2020,10,7,115,The Big Gronkowski,Darius Slayton,False,darius slayton,The Big Gronkowski,93.3,12.0,WR,93.3,12.0,9.6,3.0,1.0,0.10289389067524116,True,52.5,50.46345811051694,154.0,2.036541889483061,2.036541889483061,1.0,0.10289389067524116,50.46345811051694,1.0403567643942069,2.036541889483061,1.0,Near Expectation
2020,10,8,116,Malle ❤️ 🐸,Ben Roethlisberger,False,ben roethlisberger,Malle ❤️ 🐸,282.5,13.0,QB,282.5,13.0,60.42,3.0,1.0,0.21387610619469027,True,78.125,51.515151515151516,155.0,26.609848484848484,26.609848484848484,1.0,0.21387610619469027,51.515151515151516,1.5165441176470589,26.609848484848484,1.0,Steal
2020,10,9,117,Uncle Rico,Jamison Crowder,False,jamison crowder,Uncle Rico,100.3,13.0,WR,100.3,13.0,8.3,1.0,1.0,0.0827517447657029,True,58.75,52.6272577996716,156.0,6.122742200328403,6.122742200328403,1.0,0.0827517447657029,52.6272577996716,1.1163416536661466,6.122742200328403,1.0,Near Expectation
2020,10,10,118,Big Sack Jack,Sammy Watkins,False,sammy watkins,Big Sack Jack,54.3,12.0,WR,43.0,9.0,4.3,1.0,0.7918968692449356,0.09999999999999999,True,36.25,51.948051948051955,156.0,-15.698051948051955,-15.698051948051955,0.7918968692449356,0.09999999999999999,51.948051948051955,0.6978125,-12.431238190906706,0.7918968692449356,Near Expectation
2020,10,11,119,Post Mahomes,Hayden Hurst,False,hayden hurst,Post Mahomes,85.8,13.0,TE,85.8,13.0,54.5,7.0,1.0,0.6351981351981352,True,68.96551724137932,52.38095238095239,157.0,16.58456486042693,16.58456486042693,1.0,0.6351981351981352,52.38095238095239,1.316614420062696,16.58456486042693,1.0,Near Expectation
2020,10,12,120,Ginger FC,Allen Lazard,False,allen lazard,Ginger FC,65.2,13.0,WR,65.2,13.0,22.2,2.0,1.0,0.34049079754601225,True,43.75,51.515151515151516,155.0,-7.765151515151516,-7.765151515151516,1.0,0.34049079754601225,51.515151515151516,0.8492647058823529,-7.765151515151516,1.0,Near Expectation
2020,11,1,121,Ginger FC,Harrison Butker,False,harrison butker,Ginger FC,110.0,13.0,K,110.0,13.0,110.0,12.0,1.0,1.0,False,,,,,,,,,,,,Not Rated
2020,11,2,122,Post Mahomes,Carson Wentz,False,carson wentz,Post Mahomes,119.94,7.0,QB,58.88,3.0,19.0,1.0,0.4909121227280307,0.3226902173913043,True,40.625,48.837209302325576,157.0,-8.212209302325576,-8.212209302325576,0.4909121227280307,0.3226902173913043,48.837209302325576,0.8318452380952381,-4.031473100891528,0.4909121227280307,Near Expectation
2020,11,3,123,Big Sack Jack,Anthony Miller,False,anthony miller,Big Sack Jack,41.3,7.0,WR,41.3,7.0,0.0,0.0,1.0,0.0,True,27.500000000000004,47.25274725274725,157.0,-19.752747252747245,-19.752747252747245,1.0,0.0,47.25274725274725,0.5819767441860466,-19.752747252747245,1.0,Near Expectation
2020,11,4,124,Uncle Rico,Cam Newton,False,cam newton,Uncle Rico,127.42,9.0,QB,100.26,7.0,0.0,0.0,0.7868466488777273,0.0,True,43.75,47.25274725274725,157.0,-3.5027472527472483,-3.5027472527472483,0.7868466488777273,0.0,47.25274725274725,0.9258720930232559,-2.756124937689838,0.7868466488777273,Near Expectation
2020,11,5,125,Malle ❤️ 🐸,DeSean Jackson,False,desean jackson,Malle ❤️ 🐸,23.2,13.0,WR,23.2,13.0,8.2,2.0,1.0,0.35344827586206895,True,17.5,47.155785391079505,156.0,-29.655785391079505,-29.655785391079505,1.0,0.35344827586206895,47.155785391079505,0.3711103495544894,-29.655785391079505,1.0,Bust
2020,11,6,126,The Big Gronkowski,49ers,False,49ers,The Big Gronkowski,69.0,12.0,DEF,69.0,12.0,42.0,6.0,1.0,0.6086956521739131,False,,,,,,,,,,,,Not Rated
2020,11,7,127,Joe Mantegna,Cole Beasley,False,cole beasley,Joe Mantegna,100.2,9.0,WR,7.8,1.0,0.0,0.0,0.0778443113772455,0.0,True,57.49999999999999,44.51219512195122,160.0,12.98780487804877,12.98780487804877,0.0778443113772455,0.0,44.51219512195122,1.291780821917808,1.0110267270337365,0.0778443113772455,Near Expectation
2020,11,8,128,Voldemort,Alexander Mattison,False,alexander mattison,Voldemort,26.0,5.0,RB,22.5,4.0,0.0,0.0,0.8653846153846154,0.0,True,30.952380952380953,41.3006029285099,160.0,-10.34822197612895,-10.34822197612895,0.8653846153846154,0.0,41.3006029285099,0.749441382392373,-8.955192094726977,0.8653846153846154,Near Expectation
2020,11,9,129,ThreatLevelMidnight,Tony Pollard,False,tony pollard,ThreatLevelMidnight,11.9,3.0,RB,5.6,2.0,0.0,0.0,0.4705882352941176,0.0,True,16.666666666666664,40.492321589882565,158.0,-23.8256549232159,-23.8256549232159,0.4705882352941176,0.0,40.492321589882565,0.4116006692693809,-11.212072905042776,0.4705882352941176,Near Expectation
2020,11,10,130,malle_dips_pouches,Bills,False,bills,malle_dips_pouches,42.0,7.0,DEF,21.0,4.0,21.0,4.0,0.5,1.0,False,,,,,,,,,,,,Not Rated
2020,11,11,131,Patty Primetimes,Golden Tate,False,golden tate,Patty Primetimes,0.0,1.0,WR,0.0,1.0,0.0,0.0,,,True,1.25,40.1219512195122,154.0,-38.8719512195122,-38.8719512195122,,,40.1219512195122,0.031155015197568386,-0.0,,Bust
2020,11,12,132,Pop Lockett Drop it,Ryquell Armstead,False,ryquell armstead,Pop Lockett Drop it,0.0,0.0,,0.0,0.0,0.0,0.0,,,False,,,,,,,,,,,,Not Rated
2020,12,1,133,Pop Lockett Drop it,Justin Jefferson,False,justin jefferson,Pop Lockett Drop it,178.6,13.0,WR,48.8,4.0,0.0,0.0,0.2732362821948488,0.0,True,96.25,40.0,155.0,56.25,56.25,0.2732362821948488,0.0,40.0,2.40625,15.369540873460245,0.2732362821948488,Elite Steal
2020,12,2,134,Patty Primetimes,Adrian Peterson,False,adrian peterson,Patty Primetimes,99.4,13.0,RB,99.4,13.0,17.6,3.0,1.0,0.17706237424547283,True,70.23809523809523,40.0,153.0,30.238095238095227,30.238095238095227,1.0,0.17706237424547283,40.0,1.7559523809523807,30.238095238095227,1.0,Steal
2020,12,3,135,malle_dips_pouches,Ryan Tannehill,False,ryan tannehill,malle_dips_pouches,226.86,10.0,QB,71.36,4.0,71.36,3.0,0.31455523230186017,1.0,True,59.375,40.74074074074074,148.0,18.63425925925926,18.63425925925926,0.31455523230186017,1.0,40.74074074074074,1.4573863636363635,5.861503750069385,0.31455523230186017,Near Expectation
2020,12,4,136,ThreatLevelMidnight,Mike Williams,False,mike williams,ThreatLevelMidnight,53.2,9.0,WR,11.3,2.0,0.0,0.0,0.212406015037594,0.0,True,35.0,40.0,144.0,-5.0,-5.0,0.212406015037594,0.0,40.0,0.875,-1.0620300751879699,0.212406015037594,Near Expectation
2020,12,5,137,Voldemort,T.J. Hockenson,False,tj hockenson,Voldemort,119.4,13.0,TE,119.4,13.0,78.1,8.0,1.0,0.6541038525963149,True,93.10344827586206,41.02564102564102,143.0,52.07780725022104,52.07780725022104,1.0,0.6541038525963149,41.02564102564102,2.269396551724138,52.07780725022104,1.0,Elite Steal
2020,12,6,138,Joe Mantegna,Curtis Samuel,False,curtis samuel,Joe Mantegna,120.4,13.0,WR,120.4,13.0,32.5,2.0,1.0,0.2699335548172757,True,70.0,42.14235377026075,142.0,27.857646229739252,27.857646229739252,1.0,0.2699335548172757,42.14235377026075,1.6610367892976587,27.857646229739252,1.0,Steal
2020,12,7,139,The Big Gronkowski,Wil Lutz,False,wil lutz,The Big Gronkowski,109.0,13.0,K,109.0,13.0,109.0,12.0,1.0,1.0,False,,,,,,,,,,,,Not Rated
2020,12,8,140,Malle ❤️ 🐸,Preston Williams,False,preston williams,Malle ❤️ 🐸,65.8,13.0,WR,65.8,13.0,45.400000000000006,4.0,1.0,0.689969604863222,True,45.0,41.46341463414634,137.0,3.536585365853661,3.536585365853661,1.0,0.689969604863222,41.46341463414634,1.085294117647059,3.536585365853661,1.0,Near Expectation
2020,12,9,141,Uncle Rico,Mike Gesicki,False,mike gesicki,Uncle Rico,79.9,10.0,TE,37.5,4.0,10.0,2.0,0.46933667083854813,0.26666666666666666,True,58.620689655172406,41.244527829893684,136.0,17.37616182527872,17.37616182527872,0.46933667083854813,0.26666666666666666,41.244527829893684,1.4212961752633917,8.155269943028186,0.46933667083854813,Near Expectation
2020,12,10,142,Big Sack Jack,Ravens,False,ravens,Big Sack Jack,110.0,13.0,DEF,110.0,13.0,110.0,12.0,1.0,1.0,False,,,,,,,,,,,,Not Rated
2020,12,11,143,Post Mahomes,Noah Fant,False,noah fant,Post Mahomes,85.2,13.0,TE,45.4,6.0,13.1,2.0,0.5328638497652581,0.28854625550660795,True,65.51724137931035,40.23809523809524,134.0,25.279146141215108,25.279146141215108,0.5328638497652581,0.28854625550660795,40.23809523809524,1.6282391348704346,13.470343131586452,0.5328638497652581,Steal
2020,12,12,144,Ginger FC,Steelers,False,steelers,Ginger FC,127.0,13.0,DEF,127.0,13.0,127.0,12.0,1.0,1.0,False,,,,,,,,,,,,Not Rated
2020,13,1,145,Ginger FC,Jimmy Garoppolo,False,jimmy garoppolo,Ginger FC,43.26,4.0,QB,40.5,3.0,0.0,0.0,0.9361997226074896,0.0,True,21.875,40.23809523809524,132.0,-18.36309523809524,-18.36309523809524,0.9361997226074896,0.0,40.23809523809524,0.5436390532544378,-17.19152466811968,0.9361997226074896,Near Expectation
2020,13,2,146,Post Mahomes,Darrell Henderson Jr.,False,darrell henderson,Post Mahomes,95.7,12.0,RB,0.6,1.0,0.0,0.0,0.006269592476489028,0.0,True,66.66666666666666,40.23809523809524,126.0,26.428571428571416,26.428571428571416,0.006269592476489028,0.0,40.23809523809524,1.6568047337278102,0.16569637259292425,0.006269592476489028,Steal
2020,13,3,147,Big Sack Jack,Greg Zuerlein,False,greg zuerlein,Big Sack Jack,49.0,7.0,K,49.0,7.0,49.0,7.0,1.0,1.0,False,,,,,,,,,,,,Not Rated
2020,13,4,148,Uncle Rico,Darrynton Evans,False,darrynton evans,Uncle Rico,0.0,1.0,RB,0.0,1.0,0.0,0.0,,,True,1.1904761904761905,39.53330619997287,122.0,-38.34283000949668,-38.34283000949668,,,39.53330619997287,0.030113246396705557,-0.0,,Bust
2020,13,5,149,Malle ❤️ 🐸,Bears,False,bears,Malle ❤️ 🐸,69.0,11.0,DEF,66.0,10.0,66.0,10.0,0.9565217391304348,1.0,False,,,,,,,,,,,,Not Rated
2020,13,6,150,The Big Gronkowski,Jared Goff,False,jared goff,The Big Gronkowski,244.48,13.0,QB,244.48,13.0,73.74,5.0,1.0,0.3016197643979058,True,68.75,40.0,121.0,28.75,28.75,1.0,0.3016197643979058,40.0,1.71875,28.75,1.0,Steal
2020,13,7,151,Joe Mantegna,Patriots,False,patriots,Joe Mantegna,96.0,13.0,DEF,96.0,13.0,92.0,11.0,1.0,0.9583333333333334,False,,,,,,,,,,,,Not Rated
2020,13,8,152,Voldemort,Duke Johnson,False,duke johnson,Voldemort,48.800000000000004,10.0,RB,32.1,4.0,25.9,3.0,0.6577868852459016,0.806853582554517,True,45.23809523809524,40.23809523809524,118.0,5.0,5.0,0.6577868852459016,0.806853582554517,40.23809523809524,1.1242603550295858,3.288934426229508,0.6577868852459016,Near Expectation
2020,13,9,153,ThreatLevelMidnight,Chris Herndon,False,chris herndon,ThreatLevelMidnight,5.7,2.0,TE,5.7,2.0,5.7,2.0,1.0,1.0,True,17.24137931034483,41.333333333333336,117.0,-24.091954022988507,-24.091954022988507,1.0,1.0,41.333333333333336,0.4171301446051168,-24.091954022988507,1.0,Near Expectation
2020,13,10,154,malle_dips_pouches,Eric Ebron,False,eric ebron,malle_dips_pouches,94.6,13.0,TE,94.6,13.0,0.0,0.0,1.0,0.0,True,82.75862068965517,41.333333333333336,115.0,41.42528735632184,41.42528735632184,1.0,0.0,41.333333333333336,2.0022246941045605,41.42528735632184,1.0,Elite Steal
2020,13,11,155,Patty Primetimes,Chase Edmonds,False,chase edmonds,Patty Primetimes,102.3,12.0,RB,19.2,3.0,0.0,0.0,0.187683284457478,0.0,True,71.42857142857143,40.88319088319088,118.0,30.545380545380553,30.545380545380553,0.187683284457478,0.0,40.88319088319088,1.747137879542061,5.732857345760573,0.187683284457478,Steal
2020,13,12,156,Pop Lockett Drop it,Vikings,False,vikings,Pop Lockett Drop it,27.0,5.0,DEF,0.0,2.0,0.0,2.0,0.0,,False,,,,,,,,,,,,Not Rated
2020,14,1,157,Pop Lockett Drop it,Daniel Jones,False,daniel jones,Pop Lockett Drop it,41.16,3.0,QB,41.16,3.0,0.0,0.0,1.0,0.0,True,18.75,40.60846560846561,110.0,-21.858465608465607,-21.858465608465607,1.0,0.0,40.60846560846561,0.4617263843648209,-21.858465608465607,1.0,Near Expectation
2020,14,2,158,Patty Primetimes,Colts,False,colts,Patty Primetimes,76.0,8.0,DEF,67.0,6.0,67.0,6.0,0.881578947368421,1.0,False,,,,,,,,,,,,Not Rated
2020,14,3,159,malle_dips_pouches,Robbie Gould,False,robbie gould,malle_dips_pouches,79.0,11.0,K,79.0,11.0,79.0,11.0,1.0,1.0,False,,,,,,,,,,,,Not Rated
2020,14,4,160,ThreatLevelMidnight,Saints,False,saints,ThreatLevelMidnight,70.0,9.0,DEF,21.0,2.0,21.0,2.0,0.3,1.0,False,,,,,,,,,,,,Not Rated
2020,14,5,161,Voldemort,Chiefs,False,chiefs,Voldemort,54.0,10.0,DEF,12.0,2.0,12.0,2.0,0.2222222222222222,1.0,False,,,,,,,,,,,,Not Rated
2020,14,6,162,Joe Mantegna,Zane Gonzalez,False,zane gonzalez,Joe Mantegna,98.0,13.0,K,98.0,13.0,98.0,12.0,1.0,1.0,False,,,,,,,,,,,,Not Rated
2020,14,7,163,The Big Gronkowski,Boston Scott,False,boston scott,The Big Gronkowski,59.1,10.0,RB,13.1,5.0,0.0,0.0,0.22165820642978,0.0,True,48.80952380952381,40.11494252873563,108.0,8.694581280788178,8.694581280788178,0.22165820642978,0.0,40.11494252873563,1.216741711011052,1.927225292357447,0.22165820642978,Near Expectation
2020,14,8,164,Malle ❤️ 🐸,Blake Jarwin,False,blake jarwin,Malle ❤️ 🐸,1.7,6.0,TE,1.7,6.0,0.0,0.0,1.0,0.0,True,5.172413793103448,40.11494252873563,104.0,-34.94252873563218,-34.94252873563218,1.0,0.0,40.11494252873563,0.12893982808022922,-34.94252873563218,1.0,Bust
2020,14,9,165,Uncle Rico,Rams,False,rams,Uncle Rico,78.0,10.0,DEF,58.0,8.0,58.0,8.0,0.7435897435897436,1.0,False,,,,,,,,,,,,Not Rated
2020,14,10,166,Big Sack Jack,Baker Mayfield,False,baker mayfield,Big Sack Jack,53.34,6.0,QB,33.120000000000005,2.0,0.0,0.0,0.6209223847019123,0.0,True,25.0,40.11494252873563,100.0,-15.114942528735632,-15.114942528735632,0.6209223847019123,0.0,40.11494252873563,0.6232091690544412,-9.385206159574881,0.6209223847019123,Near Expectation
2020,14,11,167,Post Mahomes,Broncos,False,broncos,Post Mahomes,6.0,1.0,DEF,0.0,0.0,0.0,0.0,0.0,,False,,,,,,,,,,,,Not Rated
2020,14,12,168,Ginger FC,Brandon Aiyuk,False,brandon aiyuk,Ginger FC,116.2,13.0,WR,116.2,13.0,43.5,3.0,1.0,0.374354561101549,True,66.25,40.0,95.0,26.25,26.25,1.0,0.374354561101549,40.0,1.65625,26.25,1.0,Steal
2020,15,1,169,Ginger FC,Chris Thompson,False,chris thompson,Ginger FC,23.799999999999997,5.0,RB,18.099999999999998,4.0,6.3,2.0,0.7605042016806722,0.3480662983425415,True,27.380952380952383,40.11494252873563,88.0,-12.73399014778325,-12.73399014778325,0.7605042016806722,0.3480662983425415,40.11494252873563,0.6825624232501024,-9.684253011549446,0.7605042016806722,Near Expectation
2020,15,2,170,Post Mahomes,Matt Prater,False,matt prater,Post Mahomes,81.0,10.0,K,81.0,10.0,81.0,10.0,1.0,1.0,False,,,,,,,,,,,,Not Rated
2020,15,3,171,Big Sack Jack,Dallas Goedert,False,dallas goedert,Big Sack Jack,75.9,13.0,TE,75.9,13.0,55.8,7.0,1.0,0.7351778656126481,True,51.724137931034484,40.0,83.0,11.724137931034484,11.724137931034484,1.0,0.7351778656126481,40.0,1.293103448275862,11.724137931034484,1.0,Near Expectation
2020,15,4,172,Uncle Rico,Jake Elliott,False,jake elliott,Uncle Rico,39.0,8.0,K,34.0,6.0,34.0,6.0,0.8717948717948718,1.0,False,,,,,,,,,,,,Not Rated
2020,15,5,173,Malle ❤️ 🐸,Damien Harris,False,damien harris,Malle ❤️ 🐸,83.3,13.0,RB,83.3,13.0,27.5,4.0,1.0,0.33013205282112845,True,61.904761904761905,40.74074074074074,74.0,21.164021164021165,21.164021164021165,1.0,0.33013205282112845,40.74074074074074,1.5194805194805194,21.164021164021165,1.0,Near Expectation
2020,15,6,174,The Big Gronkowski,Jonnu Smith,False,jonnu smith,The Big Gronkowski,96.9,13.0,TE,96.9,13.0,10.4,2.0,1.0,0.10732714138286893,True,86.20689655172413,40.74074074074074,69.0,45.46615581098339,45.46615581098339,1.0,0.10732714138286893,40.74074074074074,2.1159874608150466,45.46615581098339,1.0,Elite Steal
2020,15,7,175,Joe Mantegna,Kirk Cousins,False,kirk cousins,Joe Mantegna,229.22,11.0,QB,28.28,2.0,0.0,0.0,0.12337492365413141,0.0,True,62.5,40.95860566448802,64.0,21.54139433551198,21.54139433551198,0.12337492365413141,0.0,40.95860566448802,1.5259308510638296,2.6576678815473294,0.12337492365413141,Near Expectation
2020,15,8,176,Voldemort,Ka'imi Fairbairn,False,kaimi fairbairn,Voldemort,26.0,2.0,K,26.0,2.0,26.0,2.0,1.0,1.0,False,,,,,,,,,,,,Not Rated
2020,15,9,177,ThreatLevelMidnight,Jason Myers,False,jason myers,ThreatLevelMidnight,49.0,7.0,K,34.0,5.0,22.0,4.0,0.6938775510204082,0.6470588235294118,False,,,,,,,,,,,,Not Rated
2020,15,10,178,malle_dips_pouches,Derek Carr,False,derek carr,malle_dips_pouches,134.22,7.0,QB,118.08000000000001,5.0,55.42,2.0,0.8797496647295486,0.46934281842818426,True,46.875,40.74074074074074,51.0,6.1342592592592595,6.1342592592592595,0.8797496647295486,0.46934281842818426,40.74074074074074,1.1505681818181819,5.396612526697463,0.8797496647295486,Near Expectation
2020,15,11,179,Patty Primetimes,Michael Badgley,False,michael badgley,Patty Primetimes,81.0,9.0,K,37.0,5.0,37.0,5.0,0.4567901234567901,1.0,False,,,,,,,,,,,,Not Rated
2020,15,12,180,Pop Lockett Drop it,Mason Crosby,False,mason crosby,Pop Lockett Drop it,55.0,6.0,K,46.0,4.0,46.0,4.0,0.8363636363636363,1.0,False,,,,,,,,,,,,Not Rated
2021,1,1,1,Uncle Rico,Christian McCaffrey,False,christian mccaffrey,Uncle Rico,109.0,12.0,RB,109.0,12.0,109.0,7.0,1.0,1.0,True,68.96551724137932,89.88660524450745,104.0,-20.921088003128133,-20.921088003128133,1.0,1.0,89.88660524450745,0.7672502154662636,-20.921088003128133,1.0,Near Expectation
2021,1,2,2,Joe Mantegna,Dalvin Cook,False,dalvin cook,Joe Mantegna,167.7,14.0,RB,167.7,14.0,146.4,9.0,1.0,0.8729874776386405,True,90.80459770114942,87.97590361445782,112.0,2.8286940866915984,2.8286940866915984,1.0,0.8729874776386405,87.97590361445782,1.032153055217119,2.8286940866915984,1.0,Near Expectation
2021,1,3,3,Patty Primetimes,Alvin Kamara,False,alvin kamara,Patty Primetimes,164.5,14.0,RB,164.5,14.0,164.5,9.0,1.0,1.0,True,88.50574712643679,88.0,119.0,0.5057471264367877,0.5057471264367877,1.0,1.0,88.0,1.0057471264367817,0.5057471264367877,1.0,Near Expectation
2021,1,4,4,malle_dips_pouches,Aaron Jones Sr.,False,aaron jones,malle_dips_pouches,164.70000000000002,14.0,RB,164.70000000000002,14.0,144.70000000000002,11.0,1.0,0.8785670916818458,True,89.65517241379311,87.89482253337675,126.0,1.7603498804163564,1.7603498804163564,1.0,0.8785670916818458,87.89482253337675,1.020027913245378,1.7603498804163564,1.0,Near Expectation
2021,1,5,5,Malle ❤️ 🐸,Tyreek Hill,False,tyreek hill,Malle ❤️ 🐸,203.4,14.0,WR,203.4,14.0,203.4,13.0,1.0,1.0,True,95.34883720930233,86.85897435897436,134.0,8.489862850327967,8.489862850327967,1.0,1.0,86.85897435897436,1.0977430704539604,8.489862850327967,1.0,Near Expectation
2021,1,6,6,Ginger FC,Ezekiel Elliott,False,ezekiel elliott,Ginger FC,184.16,14.0,RB,184.16,14.0,175.66,12.0,1.0,0.9538444830582102,True,91.95402298850574,87.4483306836248,142.0,4.505692304880938,4.505692304880938,1.0,0.9538444830582102,87.4483306836248,1.0515240516274904,4.505692304880938,1.0,Near Expectation
2021,1,7,7,Big Sack Jack,Patrick Mahomes,True,patrick mahomes,Big Sack Jack,328.68,14.0,QB,328.68,14.0,328.68,13.0,1.0,1.0,False,88.23529411764706,,,,,,,,,,,Not Rated
2021,1,8,8,Voldemort,Nick Chubb,False,nick chubb,Voldemort,151.3,14.0,RB,151.3,14.0,151.3,10.0,1.0,1.0,True,82.75862068965517,86.24140087554721,158.0,-3.4827801858920395,-3.4827801858920395,1.0,1.0,86.24140087554721,0.9596159135805556,-3.4827801858920395,1.0,Near Expectation
2021,1,9,9,Post Mahomes,Jonathan Taylor,False,jonathan taylor,Post Mahomes,290.4,14.0,RB,290.4,14.0,290.4,13.0,1.0,1.0,True,100.0,86.24140087554721,166.0,13.758599124452786,13.758599124452786,1.0,1.0,86.24140087554721,1.1595358955765047,13.758599124452786,1.0,Near Expectation
2021,1,10,10,ThreatLevelMidnight,Davante Adams,False,davante adams,ThreatLevelMidnight,207.4,14.0,WR,207.4,14.0,207.4,12.0,1.0,1.0,True,96.51162790697676,85.71428571428571,173.0,10.797342192691048,10.797342192691048,1.0,1.0,85.71428571428571,1.1259689922480622,10.797342192691048,1.0,Near Expectation
2021,1,11,11,Pop Lockett Drop it,Austin Ekeler,False,austin ekeler,Pop Lockett Drop it,247.5,14.0,RB,247.5,14.0,247.5,13.0,1.0,1.0,True,98.85057471264368,85.36585365853658,181.0,13.484721054107098,13.484721054107098,1.0,1.0,85.36585365853658,1.1579638752052546,13.484721054107098,1.0,Near Expectation
2021,1,12,12,The Big Gronkowski,Antonio Gibson,False,antonio gibson,The Big Gronkowski,158.2,14.0,RB,158.2,14.0,158.2,13.0,1.0,1.0,True,85.0574712643678,85.36585365853658,189.0,-0.308382394168774,-0.308382394168774,1.0,1.0,85.36585365853658,0.9963875205254515,-0.308382394168774,1.0,Near Expectation
2021,2,1,13,The Big Gronkowski,Najee Harris,False,najee harris,The Big Gronkowski,211.0,14.0,RB,211.0,14.0,211.0,13.0,1.0,1.0,True,96.55172413793103,85.3299856527977,196.0,11.22173848513333,11.22173848513333,1.0,1.0,85.3299856527977,1.1315099070893304,11.22173848513333,1.0,Near Expectation
2021,2,2,14,Pop Lockett Drop it,Travis Kelce,False,travis kelce,Pop Lockett Drop it,158.4,14.0,TE,158.4,14.0,158.4,13.0,1.0,1.0,True,96.29629629629629,85.36585365853658,195.0,10.930442637759711,10.930442637759711,1.0,1.0,85.36585365853658,1.128042328042328,10.930442637759711,1.0,Near Expectation
2021,2,3,15,ThreatLevelMidnight,Joe Mixon,False,joe mixon,ThreatLevelMidnight,219.8,14.0,RB,219.8,14.0,209.8,12.0,1.0,0.9545040946314832,True,97.70114942528735,85.29411764705883,195.0,12.407031778228529,12.407031778228529,1.0,0.9545040946314832,85.29411764705883,1.1454617518826793,12.407031778228529,1.0,Near Expectation
2021,2,4,16,Post Mahomes,Saquon Barkley,False,saquon barkley,Post Mahomes,100.8,14.0,RB,100.8,14.0,100.8,9.0,1.0,1.0,True,67.81609195402298,83.86720053386719,194.0,-16.05110857984421,-16.05110857984421,1.0,1.0,83.86720053386719,0.8086128012182491,-16.05110857984421,1.0,Near Expectation
2021,2,5,17,Voldemort,Calvin Ridley,False,calvin ridley,Voldemort,55.6,14.0,WR,55.6,14.0,55.6,5.0,1.0,1.0,True,41.86046511627907,83.75235700817097,194.0,-41.8918918918919,-41.8918918918919,1.0,1.0,83.75235700817097,0.49981238273921197,-41.8918918918919,1.0,Major Bust
2021,2,6,18,Big Sack Jack,Josh Jacobs,False,josh jacobs,Big Sack Jack,139.8,14.0,RB,139.8,14.0,131.6,10.0,1.0,0.9413447782546494,True,77.01149425287356,82.67963085036256,194.0,-5.668136597488996,-5.668136597488996,1.0,0.9413447782546494,82.67963085036256,0.9314445826717894,-5.668136597488996,1.0,Near Expectation
2021,2,7,19,Ginger FC,DeAndre Hopkins,False,deandre hopkins,Ginger FC,126.2,14.0,WR,126.2,14.0,116.0,9.0,1.0,0.919175911251981,True,72.09302325581395,82.43243243243244,193.0,-10.339409176618489,-10.339409176618489,1.0,0.919175911251981,82.43243243243244,0.8745711017918413,-10.339409176618489,1.0,Near Expectation
2021,2,8,20,Malle ❤️ 🐸,Keenan Allen,False,keenan allen,Malle ❤️ 🐸,161.9,14.0,WR,161.9,14.0,161.9,12.0,1.0,1.0,True,84.88372093023256,82.14285714285714,193.0,2.7408637873754174,2.7408637873754174,1.0,1.0,82.14285714285714,1.033367037411527,2.7408637873754174,1.0,Near Expectation
2021,2,9,21,malle_dips_pouches,A.J. Brown,False,aj brown,malle_dips_pouches,103.5,14.0,WR,103.5,14.0,103.5,10.0,1.0,1.0,True,62.7906976744186,81.89792135575269,192.0,-19.107223681334084,-19.107223681334084,1.0,1.0,81.89792135575269,0.7666946441981711,-19.107223681334084,1.0,Near Expectation
2021,2,10,22,Patty Primetimes,Clyde Edwards-Helaire,False,clyde edwards helaire,Patty Primetimes,90.5,14.0,RB,90.5,14.0,74.6,7.0,1.0,0.8243093922651933,True,59.77011494252874,81.5943992773261,192.0,-21.824284334797362,-21.824284334797362,1.0,0.8243093922651933,81.5943992773261,0.7325271767658934,-21.824284334797362,1.0,Near Expectation
2021,2,11,23,Joe Mantegna,Terry McLaurin,False,terry mclaurin,Joe Mantegna,142.5,14.0,WR,142.5,14.0,142.5,13.0,1.0,1.0,True,76.74418604651163,81.12877583465819,192.0,-4.384589788146556,-4.384589788146556,1.0,1.0,81.12877583465819,0.945955183681282,-4.384589788146556,1.0,Near Expectation
2021,2,12,24,Uncle Rico,Derrick Henry,True,derrick henry,Uncle Rico,186.3,14.0,RB,186.3,14.0,186.3,8.0,1.0,1.0,False,93.10344827586206,,,,,,,,,,,Not Rated
2021,3,1,25,Uncle Rico,Allen Robinson,False,allen robinson,Uncle Rico,57.300000000000004,14.0,WR,57.300000000000004,14.0,46.1,8.0,1.0,0.8045375218150087,True,43.02325581395349,79.48717948717949,191.0,-36.463923673226,-36.463923673226,1.0,0.8045375218150087,79.48717948717949,0.5412603150787697,-36.463923673226,1.0,Bust
2021,3,2,26,Joe Mantegna,George Kittle,False,george kittle,Joe Mantegna,139.60000000000002,14.0,TE,139.60000000000002,14.0,122.5,9.0,1.0,0.8775071633237821,True,92.5925925925926,79.76190476190477,191.0,12.830687830687822,12.830687830687822,1.0,0.8775071633237821,79.76190476190477,1.1608623548922055,12.830687830687822,1.0,Near Expectation
2021,3,3,27,Patty Primetimes,Chris Carson,False,chris carson,Patty Primetimes,45.1,11.0,RB,45.1,11.0,45.1,4.0,1.0,1.0,True,39.08045977011494,80.0,191.0,-40.91954022988506,-40.91954022988506,1.0,1.0,80.0,0.4885057471264368,-40.91954022988506,1.0,Major Bust
2021,3,4,28,malle_dips_pouches,D'Andre Swift,False,dandre swift,malle_dips_pouches,160.4,14.0,RB,160.4,14.0,160.4,13.0,1.0,1.0,True,86.20689655172413,80.0,192.0,6.206896551724128,6.206896551724128,1.0,1.0,80.0,1.0775862068965516,6.206896551724128,1.0,Near Expectation
2021,3,5,29,Malle ❤️ 🐸,Mike Evans,False,mike evans,Malle ❤️ 🐸,187.0,14.0,WR,187.0,14.0,187.0,13.0,1.0,1.0,True,93.02325581395348,80.0,193.0,13.023255813953483,13.023255813953483,1.0,1.0,80.0,1.1627906976744184,13.023255813953483,1.0,Near Expectation
2021,3,6,30,Ginger FC,Amari Cooper,False,amari cooper,Ginger FC,129.0,14.0,WR,129.0,14.0,106.8,10.0,1.0,0.827906976744186,True,73.25581395348837,79.76190476190477,193.0,-6.506090808416403,-6.506090808416403,1.0,0.827906976744186,79.76190476190477,0.9184311003123914,-6.506090808416403,1.0,Near Expectation
2021,3,7,31,Big Sack Jack,James Robinson,False,james robinson,Big Sack Jack,141.1,14.0,RB,141.1,14.0,141.1,12.0,1.0,1.0,True,79.3103448275862,79.50262588816805,192.0,-0.19228106058184835,-0.19228106058184835,1.0,1.0,79.50262588816805,0.9975814501919431,-0.19228106058184835,1.0,Near Expectation
2021,3,8,32,Voldemort,David Montgomery,False,david montgomery,Voldemort,117.10000000000001,14.0,RB,117.10000000000001,14.0,108.10000000000001,8.0,1.0,0.9231426131511529,True,71.26436781609196,80.0,191.0,-8.735632183908038,-8.735632183908038,1.0,0.9231426131511529,80.0,0.8908045977011495,-8.735632183908038,1.0,Near Expectation
2021,3,9,33,Post Mahomes,CeeDee Lamb,False,ceedee lamb,Post Mahomes,164.8,14.0,WR,164.8,14.0,164.8,12.0,1.0,1.0,True,86.04651162790698,80.0,191.0,6.04651162790698,6.04651162790698,1.0,1.0,80.0,1.0755813953488373,6.04651162790698,1.0,Near Expectation
2021,3,10,34,ThreatLevelMidnight,Chris Godwin Jr.,False,chris godwin,ThreatLevelMidnight,185.5,14.0,WR,185.5,14.0,185.5,13.0,1.0,1.0,True,91.86046511627907,80.0,191.0,11.860465116279073,11.860465116279073,1.0,1.0,80.0,1.1482558139534884,11.860465116279073,1.0,Near Expectation
2021,3,11,35,Pop Lockett Drop it,Robbie Chosen,False,robbie chosen,Pop Lockett Drop it,79.5,14.0,WR,79.5,14.0,26.2,4.0,1.0,0.32955974842767294,True,52.32558139534884,80.0,192.0,-27.67441860465116,-27.67441860465116,1.0,0.32955974842767294,80.0,0.6540697674418605,-27.67441860465116,1.0,Bust
2021,3,12,36,The Big Gronkowski,Cooper Kupp,False,cooper kupp,The Big Gronkowski,278.9,14.0,WR,278.9,14.0,278.9,13.0,1.0,1.0,True,100.0,79.88095238095238,192.0,20.11904761904762,20.11904761904762,1.0,1.0,79.88095238095238,1.2518628912071534,20.11904761904762,1.0,Near Expectation
2021,4,1,37,The Big Gronkowski,Tyler Lockett,False,tyler lockett,The Big Gronkowski,165.3,14.0,WR,165.3,14.0,156.4,11.0,1.0,0.9461584996975196,True,87.20930232558139,78.66666666666666,191.0,8.542635658914733,8.542635658914733,1.0,0.9461584996975196,78.66666666666666,1.108592826172645,8.542635658914733,1.0,Near Expectation
2021,4,2,38,Pop Lockett Drop it,Stefon Diggs,True,stefon diggs,Pop Lockett Drop it,178.2,14.0,WR,178.2,14.0,178.2,13.0,1.0,1.0,False,89.53488372093024,,,,,,,,,,,Not Rated
2021,4,3,39,ThreatLevelMidnight,Darrell Henderson Jr.,False,darrell henderson,ThreatLevelMidnight,143.5,14.0,RB,143.5,14.0,143.5,10.0,1.0,1.0,True,80.45977011494253,77.41666666666666,192.0,3.043103448275872,3.043103448275872,1.0,1.0,77.41666666666666,1.0393081177387626,3.043103448275872,1.0,Near Expectation
2021,4,4,40,Post Mahomes,Gus Edwards,False,gus edwards,Post Mahomes,0.0,1.0,RB,0.0,1.0,0.0,0.0,,,True,4.022988505747127,77.22088353413655,192.0,-73.19789502838942,-73.19789502838942,,,77.22088353413655,0.05209715716304528,-0.0,,Major Bust
2021,4,5,41,Voldemort,Robert Woods,False,robert woods,Voldemort,114.7,9.0,WR,114.7,9.0,67.9,5.0,1.0,0.5919790758500436,True,68.6046511627907,77.33333333333333,193.0,-8.728682170542626,-8.728682170542626,1.0,0.5919790758500436,77.33333333333333,0.8871291098636729,-8.728682170542626,1.0,Near Expectation
2021,4,6,42,Big Sack Jack,DJ Moore,False,dj moore,Big Sack Jack,155.3,14.0,WR,155.3,14.0,143.9,12.0,1.0,0.9265936896329684,True,79.06976744186046,76.38888888888889,193.0,2.6808785529715777,2.6808785529715777,1.0,0.9265936896329684,76.38888888888889,1.035095137420719,2.6808785529715777,1.0,Near Expectation
2021,4,7,43,Ginger FC,DK Metcalf,True,dk metcalf,Ginger FC,151.3,14.0,WR,151.3,14.0,151.3,13.0,1.0,1.0,False,77.90697674418605,,,,,,,,,,,Not Rated
2021,4,8,44,Malle ❤️ 🐸,Adam Thielen,False,adam thielen,Malle ❤️ 🐸,160.8,14.0,WR,160.8,14.0,28.299999999999997,2.0,1.0,0.17599502487562185,True,83.72093023255815,75.90011614401858,194.0,7.820814088539564,7.820814088539564,1.0,0.17599502487562185,75.90011614401858,1.1030408711588762,7.820814088539564,1.0,Near Expectation
2021,4,9,45,malle_dips_pouches,Kareem Hunt,False,kareem hunt,malle_dips_pouches,99.0,14.0,RB,99.0,14.0,45.9,3.0,1.0,0.4636363636363636,True,65.51724137931035,75.0,194.0,-9.482758620689651,-9.482758620689651,1.0,0.4636363636363636,75.0,0.8735632183908046,-9.482758620689651,1.0,Near Expectation
2021,4,10,46,Patty Primetimes,Julio Jones,False,julio jones,Patty Primetimes,49.4,12.0,WR,44.1,10.0,28.3,5.0,0.8927125506072875,0.6417233560090703,True,36.04651162790697,74.32432432432432,195.0,-38.27781269641735,-38.27781269641735,0.8927125506072875,0.6417233560090703,74.32432432432432,0.48498942917547566,-34.171083803886745,0.8927125506072875,Bust
2021,4,11,47,Joe Mantegna,Diontae Johnson,False,diontae johnson,Joe Mantegna,179.8,14.0,WR,179.8,14.0,179.8,12.0,1.0,1.0,True,90.69767441860465,73.33333333333333,195.0,17.36434108527132,17.36434108527132,1.0,1.0,73.33333333333333,1.236786469344609,17.36434108527132,1.0,Near Expectation
2021,4,12,48,Uncle Rico,Lamar Jackson,False,lamar jackson,Uncle Rico,284.98,14.0,QB,284.98,14.0,284.98,12.0,1.0,1.0,True,73.52941176470588,74.32432432432432,193.0,-0.7949125596184388,-0.7949125596184388,1.0,1.0,74.32432432432432,0.9893048128342247,-0.7949125596184388,1.0,Near Expectation
2021,5,1,49,Uncle Rico,Mark Andrews,False,mark andrews,Uncle Rico,170.1,14.0,TE,170.1,14.0,170.1,13.0,1.0,1.0,True,100.0,73.43137254901961,194.0,26.568627450980387,26.568627450980387,1.0,1.0,73.43137254901961,1.3618157543391187,26.568627450980387,1.0,Steal
2021,5,2,50,Joe Mantegna,Myles Gaskin,False,myles gaskin,Joe Mantegna,136.79999999999998,14.0,RB,136.79999999999998,14.0,109.89999999999999,12.0,1.0,0.8033625730994153,True,75.86206896551724,73.52941176470588,193.0,2.3326572008113544,2.3326572008113544,1.0,0.8033625730994153,73.52941176470588,1.0317241379310345,2.3326572008113544,1.0,Near Expectation
2021,5,3,51,Patty Primetimes,Tee Higgins,False,tee higgins,Patty Primetimes,133.7,14.0,WR,133.7,14.0,133.7,11.0,1.0,1.0,True,74.4186046511628,72.94117647058823,193.0,1.477428180574563,1.477428180574563,1.0,1.0,72.94117647058823,1.0202550637659416,1.477428180574563,1.0,Near Expectation
2021,5,4,52,malle_dips_pouches,Tyler Boyd,False,tyler boyd,malle_dips_pouches,104.64,14.0,WR,104.64,14.0,63.0,7.0,1.0,0.6020642201834863,True,65.11627906976744,72.8395061728395,193.0,-7.7232271030720625,-7.7232271030720625,1.0,0.6020642201834863,72.8395061728395,0.8939692550256209,-7.7232271030720625,1.0,Near Expectation
2021,5,5,53,Malle ❤️ 🐸,Raheem Mostert,False,raheem mostert,Malle ❤️ 🐸,2.0,1.0,RB,2.0,1.0,2.0,1.0,1.0,1.0,True,12.643678160919542,72.0,193.0,-59.35632183908046,-59.35632183908046,1.0,1.0,72.0,0.17560664112388252,-59.35632183908046,1.0,Major Bust
2021,5,6,54,Ginger FC,Aaron Rodgers,False,aaron rodgers,Ginger FC,312.46,14.0,QB,312.46,14.0,300.98,11.0,1.0,0.9632592971900404,True,85.29411764705883,72.36363636363637,192.0,12.930481283422452,12.930481283422452,1.0,0.9632592971900404,72.36363636363637,1.1786875554241796,12.930481283422452,1.0,Near Expectation
2021,5,7,55,Big Sack Jack,Robert Tonyan,False,robert tonyan,Big Sack Jack,27.1,7.0,TE,20.7,6.0,17.4,4.0,0.7638376383763837,0.8405797101449275,True,29.629629629629626,72.8395061728395,192.0,-43.20987654320988,-43.20987654320988,0.7638376383763837,0.8405797101449275,72.8395061728395,0.4067796610169491,-33.00533005330053,0.7638376383763837,Major Bust
2021,5,8,56,Voldemort,Dak Prescott,False,dak prescott,Voldemort,281.84000000000003,14.0,QB,281.84000000000003,14.0,281.84000000000003,12.0,1.0,1.0,True,70.58823529411765,71.42857142857143,193.0,-0.8403361344537785,-0.8403361344537785,1.0,1.0,71.42857142857143,0.9882352941176471,-0.8403361344537785,1.0,Near Expectation
2021,5,9,57,Post Mahomes,Kyle Pitts Sr.,False,kyle pitts,Post Mahomes,110.0,14.0,TE,110.0,14.0,110.0,13.0,1.0,1.0,True,85.18518518518519,69.76744186046511,193.0,15.417743324720078,15.417743324720078,1.0,1.0,69.76744186046511,1.2209876543209879,15.417743324720078,1.0,Near Expectation
2021,5,10,58,ThreatLevelMidnight,Trey Sermon,False,trey sermon,ThreatLevelMidnight,20.8,5.0,RB,20.8,5.0,10.4,1.0,1.0,0.5,True,28.735632183908045,69.88372093023256,192.0,-41.14808874632451,-41.14808874632451,1.0,0.5,69.88372093023256,0.41119207451182893,-41.14808874632451,1.0,Major Bust
2021,5,11,59,Pop Lockett Drop it,Jamaal Williams,False,jamaal williams,Pop Lockett Drop it,81.5,14.0,RB,81.5,14.0,50.2,7.0,1.0,0.6159509202453988,True,55.172413793103445,69.33333333333334,191.0,-14.160919540229898,-14.160919540229898,1.0,0.6159509202453988,69.33333333333334,0.7957559681697611,-14.160919540229898,1.0,Near Expectation
2021,5,12,60,The Big Gronkowski,Darren Waller,True,darren waller,The Big Gronkowski,102.8,14.0,TE,102.8,14.0,102.8,11.0,1.0,1.0,False,70.37037037037037,,,,,,,,,,,Not Rated
2021,6,1,61,The Big Gronkowski,Chase Claypool,False,chase claypool,The Big Gronkowski,110.39999999999999,14.0,WR,110.39999999999999,14.0,39.3,5.0,1.0,0.35597826086956524,True,67.44186046511628,67.95634920634922,190.0,-0.5144887412329382,-0.5144887412329382,1.0,0.35597826086956524,67.95634920634922,0.9924291291801051,-0.5144887412329382,1.0,Near Expectation
2021,6,2,62,Pop Lockett Drop it,Courtland Sutton,False,courtland sutton,Pop Lockett Drop it,103.8,14.0,WR,103.8,14.0,97.19999999999999,10.0,1.0,0.9364161849710981,True,63.95348837209303,68.75,191.0,-4.796511627906973,-4.796511627906973,1.0,0.9364161849710981,68.75,0.930232558139535,-4.796511627906973,1.0,Near Expectation
2021,6,3,63,ThreatLevelMidnight,Russell Wilson,False,russell wilson,ThreatLevelMidnight,206.18,14.0,QB,206.18,14.0,159.24,8.0,1.0,0.7723348530410321,True,61.76470588235294,67.85714285714286,191.0,-6.092436974789919,-6.092436974789919,1.0,0.7723348530410321,67.85714285714286,0.9102167182662538,-6.092436974789919,1.0,Near Expectation
2021,6,4,64,Post Mahomes,Brandon Aiyuk,False,brandon aiyuk,Post Mahomes,92.6,13.0,WR,15.6,4.0,0.0,1.0,0.16846652267818576,0.0,True,56.97674418604651,67.4651567944251,192.0,-10.488412608378589,-10.488412608378589,0.16846652267818576,0.0,67.4651567944251,0.8445358595943367,-1.766946400547581,0.16846652267818576,Near Expectation
2021,6,5,65,Voldemort,Chase Edmonds,False,chase edmonds,Voldemort,83.1,14.0,RB,83.1,14.0,16.0,2.0,1.0,0.19253910950661854,True,56.32183908045977,66.66666666666666,191.0,-10.34482758620689,-10.34482758620689,1.0,0.19253910950661854,66.66666666666666,0.8448275862068967,-10.34482758620689,1.0,Near Expectation
2021,6,6,66,Big Sack Jack,JuJu Smith-Schuster,False,juju smith schuster,Big Sack Jack,27.3,6.0,WR,27.3,6.0,26.7,4.0,1.0,0.978021978021978,True,26.744186046511626,64.70588235294117,191.0,-37.961696306429545,-37.961696306429545,1.0,0.978021978021978,64.70588235294117,0.4133192389006342,-37.961696306429545,1.0,Bust
2021,6,7,67,Ginger FC,Javonte Williams,False,javonte williams,Ginger FC,153.2,14.0,RB,153.2,14.0,97.4,6.0,1.0,0.6357702349869453,True,83.9080459770115,63.63636363636363,191.0,20.271682340647864,20.271682340647864,1.0,0.6357702349869453,63.63636363636363,1.3185550082101807,20.271682340647864,1.0,Near Expectation
2021,6,8,68,Malle ❤️ 🐸,Tom Brady,False,tom brady,Malle ❤️ 🐸,386.16,14.0,QB,386.16,14.0,386.16,13.0,1.0,1.0,True,100.0,63.51351351351351,191.0,36.48648648648649,36.48648648648649,1.0,1.0,63.51351351351351,1.574468085106383,36.48648648648649,1.0,Steal
2021,6,9,69,malle_dips_pouches,Logan Thomas,False,logan thomas,malle_dips_pouches,44.6,14.0,TE,44.6,14.0,44.6,7.0,1.0,1.0,True,33.33333333333333,64.28571428571429,191.0,-30.952380952380963,-30.952380952380963,1.0,1.0,64.28571428571429,0.5185185185185184,-30.952380952380963,1.0,Bust
2021,6,10,70,Patty Primetimes,Josh Allen,True,josh allen,Patty Primetimes,373.06,14.0,QB,373.06,14.0,373.06,13.0,1.0,1.0,False,97.05882352941177,,,,,,,,,,,Not Rated
2021,6,11,71,Joe Mantegna,Justin Herbert,False,justin herbert,Joe Mantegna,366.68,14.0,QB,366.68,14.0,366.68,13.0,1.0,1.0,True,94.11764705882352,63.8996138996139,190.0,30.218033159209625,30.218033159209625,1.0,1.0,63.8996138996139,1.4728985249689,30.218033159209625,1.0,Steal
2021,6,12,72,Uncle Rico,Odell Beckham Jr.,False,odell beckham,Uncle Rico,79.0,14.0,WR,15.299999999999999,4.0,4.1,1.0,0.19367088607594934,0.2679738562091503,True,51.162790697674424,64.51612903225806,189.0,-13.35333833458364,-13.35333833458364,0.19367088607594934,0.2679738562091503,64.51612903225806,0.7930232558139536,-2.5861528673307554,0.19367088607594934,Near Expectation
2021,7,1,73,Uncle Rico,Ja'Marr Chase,False,jamarr chase,Uncle Rico,193.6,14.0,WR,193.6,14.0,193.6,13.0,1.0,1.0,True,94.18604651162791,63.8996138996139,190.0,30.28643261201401,30.28643261201401,1.0,1.0,63.8996138996139,1.4739689454085576,30.28643261201401,1.0,Steal
2021,7,2,74,Joe Mantegna,Ronald Jones,False,ronald jones,Joe Mantegna,27.299999999999997,8.0,RB,27.299999999999997,8.0,4.1,1.0,1.0,0.15018315018315018,True,34.48275862068966,64.28571428571429,189.0,-29.802955665024633,-29.802955665024633,1.0,0.15018315018315018,64.28571428571429,0.5363984674329502,-29.802955665024633,1.0,Bust
2021,7,3,75,Patty Primetimes,DeVonta Smith,False,devonta smith,Patty Primetimes,119.10000000000001,14.0,WR,119.10000000000001,14.0,103.0,12.0,1.0,0.8648194794290511,True,69.76744186046511,63.52146263910969,190.0,6.2459792213554195,6.2459792213554195,1.0,0.8648194794290511,63.52146263910969,1.0983286429791654,6.2459792213554195,1.0,Near Expectation
2021,7,4,76,malle_dips_pouches,James Conner,False,james conner,malle_dips_pouches,206.9,14.0,RB,206.9,14.0,70.1,3.0,1.0,0.3388110198163364,True,94.25287356321839,63.51351351351351,189.0,30.739360049704878,30.739360049704878,1.0,0.3388110198163364,63.51351351351351,1.483981413548545,30.739360049704878,1.0,Steal
2021,7,5,77,Malle ❤️ 🐸,T.J. Hockenson,False,tj hockenson,Malle ❤️ 🐸,114.8,14.0,TE,114.8,14.0,114.8,12.0,1.0,1.0,True,88.88888888888889,62.65060240963856,189.0,26.238286479250327,26.238286479250327,1.0,1.0,62.65060240963856,1.4188034188034186,26.238286479250327,1.0,Steal
2021,7,6,78,Ginger FC,Devin Singletary,False,devin singletary,Ginger FC,98.2,14.0,RB,98.2,14.0,5.8,1.0,1.0,0.05906313645621181,True,63.2183908045977,61.96343402225755,186.0,1.2549567823401517,1.2549567823401517,1.0,0.05906313645621181,61.96343402225755,1.0202531832223722,1.2549567823401517,1.0,Near Expectation
2021,7,7,79,Big Sack Jack,Melvin Gordon III,False,melvin gordon,Big Sack Jack,149.2,14.0,RB,149.2,14.0,149.2,12.0,1.0,1.0,True,81.60919540229885,60.0,187.0,21.60919540229885,21.60919540229885,1.0,1.0,60.0,1.3601532567049808,21.60919540229885,1.0,Near Expectation
2021,7,8,80,Voldemort,Tyler Higbee,False,tyler higbee,Voldemort,79.5,14.0,TE,79.5,14.0,61.9,9.0,1.0,0.7786163522012578,True,59.25925925925925,61.65158371040724,186.0,-2.392324451147985,-2.392324451147985,1.0,0.7786163522012578,61.65158371040724,0.9611960584437648,-2.392324451147985,1.0,Near Expectation
2021,7,9,81,Post Mahomes,Kenny Golladay,False,kenny golladay,Post Mahomes,53.9,13.0,WR,42.2,11.0,19.9,2.0,0.7829313543599259,0.47156398104265396,True,39.53488372093023,61.76470588235294,186.0,-22.22982216142271,-22.22982216142271,0.7829313543599259,0.47156398104265396,61.76470588235294,0.6400885935769657,-17.404424772022978,0.7829313543599259,Near Expectation
2021,7,10,82,ThreatLevelMidnight,Noah Fant,False,noah fant,ThreatLevelMidnight,92.0,14.0,TE,92.0,14.0,92.0,12.0,1.0,1.0,True,66.66666666666666,61.76470588235294,187.0,4.901960784313715,4.901960784313715,1.0,1.0,61.76470588235294,1.0793650793650793,4.901960784313715,1.0,Near Expectation
2021,7,11,83,Pop Lockett Drop it,Michael Gallup,False,michael gallup,Pop Lockett Drop it,51.9,14.0,WR,51.9,14.0,28.5,3.0,1.0,0.5491329479768786,True,37.2093023255814,61.96343402225755,186.0,-24.754131696676154,-24.754131696676154,1.0,0.5491329479768786,61.96343402225755,0.6005041991735908,-24.754131696676154,1.0,Near Expectation
2021,7,12,84,The Big Gronkowski,Matthew Stafford,False,matthew stafford,The Big Gronkowski,350.82,14.0,QB,350.82,14.0,350.82,13.0,1.0,1.0,True,91.17647058823529,61.76470588235294,186.0,29.411764705882348,29.411764705882348,1.0,1.0,61.76470588235294,1.476190476190476,29.411764705882348,1.0,Steal
2021,8,1,85,The Big Gronkowski,AJ Dillon,False,aj dillon,The Big Gronkowski,123.0,14.0,RB,123.0,14.0,47.6,5.0,1.0,0.3869918699186992,True,73.5632183908046,59.25925925925925,185.0,14.30395913154534,14.30395913154534,1.0,0.3869918699186992,59.25925925925925,1.2413793103448276,14.30395913154534,1.0,Near Expectation
2021,8,2,86,Pop Lockett Drop it,Sony Michel,False,sony michel,Pop Lockett Drop it,80.5,13.0,RB,49.2,10.0,19.4,3.0,0.6111801242236026,0.3943089430894308,True,54.02298850574713,59.72222222222222,183.0,-5.699233716475092,-5.699233716475092,0.6111801242236026,0.3943089430894308,59.72222222222222,0.9045709703287892,-3.4832583708145908,0.6111801242236026,Near Expectation
2021,8,3,87,ThreatLevelMidnight,Corey Davis,False,corey davis,ThreatLevelMidnight,69.1,13.0,WR,32.6,3.0,0.0,0.0,0.47178002894356014,0.0,True,45.348837209302324,59.25925925925925,181.0,-13.910422049956928,-13.910422049956928,0.47178002894356014,0.0,59.25925925925925,0.7652616279069768,-6.562659317345816,0.47178002894356014,Near Expectation
2021,8,4,88,Post Mahomes,Kyler Murray,True,kyler murray,Post Mahomes,272.98,14.0,QB,272.98,14.0,272.98,10.0,1.0,1.0,False,67.64705882352942,,,,,,,,,,,Not Rated
2021,8,5,89,Voldemort,Deebo Samuel Sr.,False,deebo samuel,Voldemort,217.3,14.0,WR,217.3,14.0,189.9,11.0,1.0,0.873907040957202,True,97.67441860465115,58.333333333333336,179.0,39.341085271317816,39.341085271317816,1.0,0.873907040957202,58.333333333333336,1.6744186046511624,39.341085271317816,1.0,Steal
2021,8,6,90,Big Sack Jack,Mecole Hardman Jr.,False,mecole hardman,Big Sack Jack,77.6,14.0,WR,77.6,14.0,3.5,1.0,1.0,0.04510309278350516,True,50.0,55.952380952380956,177.0,-5.952380952380956,-5.952380952380956,1.0,0.04510309278350516,55.952380952380956,0.8936170212765957,-5.952380952380956,1.0,Near Expectation
2021,8,7,91,Ginger FC,Leonard Fournette,False,leonard fournette,Ginger FC,210.9,14.0,RB,210.9,14.0,210.9,13.0,1.0,1.0,True,95.40229885057471,55.41521486643438,174.0,39.98708398414033,39.98708398414033,1.0,1.0,55.41521486643438,1.7215903444662262,39.98708398414033,1.0,Steal
2021,8,8,92,Malle ❤️ 🐸,Rams,False,rams,Malle ❤️ 🐸,81.0,13.0,DEF,61.0,10.0,60.0,9.0,0.7530864197530864,0.9836065573770492,False,,,,,,,,,,,,Not Rated
2021,8,9,93,malle_dips_pouches,Jerry Jeudy,True,jerry jeudy,malle_dips_pouches,54.5,14.0,WR,54.5,14.0,36.2,5.0,1.0,0.6642201834862386,False,40.69767441860465,,,,,,,,,,,Not Rated
2021,8,10,94,Patty Primetimes,Dallas Goedert,False,dallas goedert,Patty Primetimes,106.1,13.0,TE,41.1,5.0,37.3,4.0,0.3873704052780396,0.9075425790754257,True,77.77777777777779,54.77235772357724,168.0,23.00542005420055,23.00542005420055,0.3873704052780396,0.9075425790754257,54.77235772357724,1.42001880164267,8.911618889987206,0.3873704052780396,Near Expectation
2021,8,11,95,Joe Mantegna,Commanders,False,commanders,Joe Mantegna,6.0,3.0,DEF,6.0,3.0,3.0,1.0,1.0,0.5,False,,,,,,,,,,,,Not Rated
2021,8,12,96,Uncle Rico,Antonio Brown,False,antonio brown,Uncle Rico,80.9,14.0,WR,80.9,14.0,49.9,3.0,1.0,0.6168108776266996,True,53.48837209302325,54.187520854187525,168.0,-0.6991487611642739,-0.6991487611642739,1.0,0.6168108776266996,54.187520854187525,0.9870976056822086,-0.6991487611642739,1.0,Near Expectation
2021,9,1,97,Uncle Rico,Michael Carter,False,michael carter,Uncle Rico,98.5,12.0,RB,26.1,4.0,0.0,0.0,0.26497461928934013,0.0,True,64.36781609195403,52.844214608920495,166.0,11.52360148303353,11.52360148303353,0.26497461928934013,0.0,52.844214608920495,1.2180674188899434,3.053461915808885,0.26497461928934013,Near Expectation
2021,9,2,98,Joe Mantegna,Miles Sanders,True,miles sanders,Joe Mantegna,83.3,14.0,RB,83.3,14.0,69.0,8.0,1.0,0.8283313325330133,False,57.47126436781609,,,,,,,,,,,Not Rated
2021,9,3,99,Patty Primetimes,Kenyan Drake,False,kenyan drake,Patty Primetimes,63.2,12.0,RB,26.0,5.0,7.2,1.0,0.4113924050632911,0.27692307692307694,True,47.12643678160919,52.40998838559814,164.0,-5.283551603988947,-5.283551603988947,0.4113924050632911,0.27692307692307694,52.40998838559814,0.8991880790906486,-2.1736130016410224,0.4113924050632911,Near Expectation
2021,9,4,100,malle_dips_pouches,Ryan Tannehill,False,ryan tannehill,malle_dips_pouches,244.1,14.0,QB,244.1,14.0,195.62,10.0,1.0,0.8013928717738632,True,64.70588235294117,51.85185185185185,163.0,12.854030501089326,12.854030501089326,1.0,0.8013928717738632,51.85185185185185,1.2478991596638656,12.854030501089326,1.0,Near Expectation
2021,9,5,101,Malle ❤️ 🐸,Justin Tucker,False,justin tucker,Malle ❤️ 🐸,130.0,14.0,K,130.0,14.0,130.0,13.0,1.0,1.0,False,,,,,,,,,,,,Not Rated
2021,9,6,102,Ginger FC,Rob Gronkowski,False,rob gronkowski,Ginger FC,104.8,14.0,TE,104.8,14.0,104.8,7.0,1.0,1.0,True,74.07407407407408,51.68350168350168,156.0,22.390572390572395,22.390572390572395,1.0,1.0,51.68350168350168,1.433224755700326,22.390572390572395,1.0,Near Expectation
2021,9,7,103,Big Sack Jack,Marquez Callaway,False,marquez callaway,Big Sack Jack,95.3,14.0,WR,95.3,14.0,15.4,4.0,1.0,0.161594963273872,True,58.139534883720934,51.85185185185185,155.0,6.287683031869086,6.287683031869086,1.0,0.161594963273872,51.85185185185185,1.121262458471761,6.287683031869086,1.0,Near Expectation
2021,9,8,104,Voldemort,Zack Moss,False,zack moss,Voldemort,65.7,9.0,RB,0.0,0.0,0.0,0.0,0.0,,True,48.275862068965516,52.46951219512195,154.0,-4.1936501261564345,-4.1936501261564345,0.0,,52.46951219512195,0.920074535654892,-0.0,0.0,Near Expectation
2021,9,9,105,Post Mahomes,Brandin Cooks,False,brandin cooks,Post Mahomes,140.9,14.0,WR,140.9,14.0,140.9,13.0,1.0,1.0,True,75.5813953488372,52.40998838559814,154.0,23.171406963239065,23.171406963239065,1.0,1.0,52.40998838559814,1.4421181472653481,23.171406963239065,1.0,Near Expectation
2021,9,10,106,ThreatLevelMidnight,Jakobi Meyers,False,jakobi meyers,ThreatLevelMidnight,97.4,13.0,WR,85.10000000000001,10.0,0.0,0.0,0.8737166324435318,0.0,True,59.30232558139535,52.46951219512195,152.0,6.832813386273401,6.832813386273401,0.8737166324435318,0.0,52.46951219512195,1.1302244503601206,5.969942701969881,0.8737166324435318,Near Expectation
2021,9,11,107,Pop Lockett Drop it,David Johnson,False,david johnson,Pop Lockett Drop it,38.1,8.0,RB,31.6,6.0,0.0,0.0,0.8293963254593176,0.0,True,37.93103448275862,53.58952702702703,150.0,-15.658492544268412,-15.658492544268412,0.8293963254593176,0.0,53.58952702702703,0.7078068530746446,-12.987096178448343,0.8293963254593176,Near Expectation
2021,9,12,108,The Big Gronkowski,Michael Pittman Jr.,False,michael pittman,The Big Gronkowski,155.8,14.0,WR,155.8,14.0,99.6,8.0,1.0,0.6392811296534017,True,80.23255813953489,52.8125,150.0,27.420058139534888,27.420058139534888,1.0,0.6392811296534017,52.8125,1.5191963671391222,27.420058139534888,1.0,Steal
2021,10,1,109,The Big Gronkowski,Nyheim Miller-Hines,False,nyheim miller hines,The Big Gronkowski,76.3,13.0,RB,69.2,12.0,0.0,0.0,0.90694626474443,0.0,True,52.87356321839081,52.4390243902439,149.0,0.4345388281469056,0.4345388281469056,0.90694626474443,0.0,52.4390243902439,1.0082865543972201,0.3941033670742578,0.90694626474443,Near Expectation
2021,10,2,110,Pop Lockett Drop it,Henry Ruggs III,False,henry ruggs,Pop Lockett Drop it,72.5,10.0,WR,72.5,10.0,5.1,1.0,1.0,0.07034482758620689,True,48.837209302325576,51.550925925925924,150.0,-2.713716623600348,-2.713716623600348,1.0,0.07034482758620689,51.550925925925924,0.9473585280020049,-2.713716623600348,1.0,Near Expectation
2021,10,3,111,ThreatLevelMidnight,Mike Davis,True,mike davis,ThreatLevelMidnight,95.3,13.0,RB,58.3,8.0,17.7,2.0,0.6117523609653724,0.30360205831903947,False,62.06896551724138,,,,,,,,,,,Not Rated
2021,10,4,112,Post Mahomes,Tony Pollard,False,tony pollard,Post Mahomes,119.60000000000001,14.0,RB,119.60000000000001,14.0,14.4,1.0,1.0,0.12040133779264213,True,72.41379310344827,46.88218757986199,152.0,25.53160552358628,25.53160552358628,1.0,0.12040133779264213,46.88218757986199,1.5445907463275723,25.53160552358628,1.0,Steal
2021,10,5,113,Voldemort,Michael Thomas,False,michael thomas,Voldemort,0.0,13.0,WR,0.0,8.0,0.0,0.0,,,True,1.744186046511628,46.34146341463415,151.0,-44.59727736812252,-44.59727736812252,,,46.34146341463415,0.03763769889840881,-0.0,,Major Bust
2021,10,6,114,Big Sack Jack,Steelers,False,steelers,Big Sack Jack,63.0,11.0,DEF,33.0,7.0,23.0,5.0,0.5238095238095238,0.696969696969697,False,,,,,,,,,,,,Not Rated
2021,10,7,115,Ginger FC,Laviska Shenault Jr.,False,laviska shenault,Ginger FC,45.6,6.0,WR,45.6,6.0,0.0,0.0,1.0,0.0,True,34.883720930232556,48.35164835164835,153.0,-13.467927421415794,-13.467927421415794,1.0,0.0,48.35164835164835,0.7214587737843552,-13.467927421415794,1.0,Near Expectation
2021,10,8,116,Malle ❤️ 🐸,Jalen Hurts,False,jalen hurts,Malle ❤️ 🐸,288.7,13.0,QB,288.7,13.0,18.68,1.0,1.0,0.06470384482161413,True,76.47058823529412,48.75,155.0,27.720588235294116,27.720588235294116,1.0,0.06470384482161413,48.75,1.5686274509803921,27.720588235294116,1.0,Steal
2021,10,9,117,malle_dips_pouches,Mike Williams,False,mike williams,malle_dips_pouches,166.0,14.0,WR,166.0,14.0,67.0,9.0,1.0,0.4036144578313253,True,88.37209302325581,49.080882352941174,156.0,39.29121067031464,39.29121067031464,1.0,0.4036144578313253,49.080882352941174,1.800540022646111,39.29121067031464,1.0,Steal
2021,10,10,118,Patty Primetimes,Matt Ryan,False,matt ryan,Patty Primetimes,145.46,7.0,QB,112.88,5.0,0.0,0.0,0.7760208992162794,0.0,True,58.82352941176471,48.75,155.0,10.07352941176471,10.07352941176471,0.7760208992162794,0.0,48.75,1.206636500754148,7.817269352399288,0.7760208992162794,Near Expectation
2021,10,11,119,Joe Mantegna,Harrison Butker,False,harrison butker,Joe Mantegna,115.0,14.0,K,115.0,14.0,115.0,13.0,1.0,1.0,False,,,,,,,,,,,,Not Rated
2021,10,12,120,Uncle Rico,DJ Chark,False,dj chark,Uncle Rico,30.900000000000002,4.0,WR,30.900000000000002,4.0,12.4,1.0,1.0,0.40129449838187703,True,29.069767441860467,47.25274725274725,153.0,-18.18297981088678,-18.18297981088678,1.0,0.40129449838187703,47.25274725274725,0.6151974040021634,-18.18297981088678,1.0,Near Expectation
2021,11,1,121,Uncle Rico,James White,False,james white,Uncle Rico,25.2,3.0,RB,25.2,3.0,0.0,0.0,1.0,0.0,True,32.18390804597701,46.42857142857143,153.0,-14.244663382594418,-14.244663382594418,1.0,0.0,46.42857142857143,0.6931918656056587,-14.244663382594418,1.0,Near Expectation
2021,11,2,122,Joe Mantegna,Will Fuller V,False,will fuller,Joe Mantegna,6.6,6.0,WR,6.6,6.0,5.5,1.0,1.0,0.8333333333333334,True,10.465116279069768,47.25274725274725,155.0,-36.78763097367748,-36.78763097367748,1.0,0.8333333333333334,47.25274725274725,0.22147106544077882,-36.78763097367748,1.0,Bust
2021,11,3,123,Patty Primetimes,Mike Gesicki,False,mike gesicki,Patty Primetimes,107.7,14.0,TE,107.7,14.0,74.3,9.0,1.0,0.6898792943361188,True,81.48148148148148,47.05882352941176,155.0,34.42265795206972,34.42265795206972,1.0,0.6898792943361188,47.05882352941176,1.7314814814814816,34.42265795206972,1.0,Steal
2021,11,4,124,malle_dips_pouches,Marvin Jones Jr.,False,marvin jones,malle_dips_pouches,106.0,14.0,WR,106.0,14.0,38.5,5.0,1.0,0.3632075471698113,True,66.27906976744185,47.155785391079505,154.0,19.12328437636235,19.12328437636235,1.0,0.3632075471698113,47.155785391079505,1.405534214259528,19.12328437636235,1.0,Near Expectation
2021,11,5,125,Malle ❤️ 🐸,Phillip Lindsay,False,phillip lindsay,Malle ❤️ 🐸,26.900000000000002,7.0,RB,26.900000000000002,7.0,0.0,0.0,1.0,0.0,True,33.33333333333333,47.344322344322336,154.0,-14.010989010989007,-14.010989010989007,1.0,0.0,47.344322344322336,0.7040618955512573,-14.010989010989007,1.0,Near Expectation
2021,11,6,126,Ginger FC,Jarvis Landry,False,jarvis landry,Ginger FC,69.89999999999999,13.0,WR,18.299999999999997,6.0,0.0,0.0,0.26180257510729615,0.0,True,46.51162790697674,47.25274725274725,157.0,-0.7411193457705068,-0.7411193457705068,0.26180257510729615,0.0,47.25274725274725,0.9843158464034614,-0.1940269531845533,0.26180257510729615,Near Expectation
2021,11,7,127,Big Sack Jack,Amon-Ra St. Brown,False,amon ra st brown,Big Sack Jack,0.0,1.0,WR,0.0,0.0,0.0,0.0,,,True,1.744186046511628,45.1219512195122,159.0,-43.37776517300057,-43.37776517300057,,,45.1219512195122,0.03865493400377121,-0.0,,Major Bust
2021,11,8,128,Voldemort,Justin Jefferson,True,justin jefferson,Voldemort,219.7,14.0,WR,219.7,14.0,219.7,13.0,1.0,1.0,False,98.83720930232558,,,,,,,,,,,Not Rated
2021,11,9,129,Post Mahomes,J.D. McKissic,False,jd mckissic,Post Mahomes,100.5,13.0,RB,74.9,9.0,7.6,1.0,0.7452736318407961,0.1014686248331108,True,66.66666666666666,43.75,157.0,22.916666666666657,22.916666666666657,0.7452736318407961,0.1014686248331108,43.75,1.5238095238095235,17.07918739635157,0.7452736318407961,Near Expectation
2021,11,10,130,ThreatLevelMidnight,Jaylen Waddle,False,jaylen waddle,ThreatLevelMidnight,156.2,14.0,WR,156.2,14.0,54.800000000000004,5.0,1.0,0.35083226632522413,True,81.3953488372093,41.86046511627907,153.0,39.534883720930225,39.534883720930225,1.0,0.35083226632522413,41.86046511627907,1.9444444444444442,39.534883720930225,1.0,Steal
2021,11,11,131,Pop Lockett Drop it,Hollywood Brown,False,hollywood brown,Pop Lockett Drop it,158.1,14.0,WR,158.1,14.0,88.4,7.0,1.0,0.5591397849462366,True,82.55813953488372,43.75,153.0,38.80813953488372,38.80813953488372,1.0,0.5591397849462366,43.75,1.8870431893687707,38.80813953488372,1.0,Steal
2021,11,12,132,The Big Gronkowski,Gerald Everett,False,gerald everett,The Big Gronkowski,26.5,7.0,TE,26.5,7.0,0.0,0.0,1.0,0.0,True,25.925925925925924,40.88319088319088,154.0,-14.957264957264954,-14.957264957264954,1.0,0.0,40.88319088319088,0.6341463414634146,-14.957264957264954,1.0,Near Expectation
2021,12,1,133,The Big Gronkowski,Joe Burrow,False,joe burrow,The Big Gronkowski,292.52,14.0,QB,292.52,14.0,11.02,1.0,1.0,0.03767263776835772,True,79.41176470588235,40.88319088319088,152.0,38.52857382269147,38.52857382269147,1.0,0.03767263776835772,40.88319088319088,1.942406230784997,38.52857382269147,1.0,Steal
2021,12,2,134,Pop Lockett Drop it,Tevin Coleman,False,tevin coleman,Pop Lockett Drop it,19.6,3.0,RB,17.2,2.0,8.0,1.0,0.8775510204081631,0.46511627906976744,True,26.436781609195403,40.74074074074074,151.0,-14.303959131545337,-14.303959131545337,0.8775510204081631,0.46511627906976744,40.74074074074074,0.6489028213166145,-12.552453931764273,0.8775510204081631,Near Expectation
2021,12,3,135,ThreatLevelMidnight,Cam Akers,False,cam akers,ThreatLevelMidnight,0.0,1.0,RB,0.0,1.0,0.0,0.0,,,True,4.022988505747127,42.44186046511628,146.0,-38.41887195936915,-38.41887195936915,,,42.44186046511628,0.09478822232719257,-0.0,,Bust
2021,12,4,136,Post Mahomes,Curtis Samuel,False,curtis samuel,Post Mahomes,4.7,5.0,WR,4.7,5.0,0.0,0.0,1.0,0.0,True,9.30232558139535,41.44305307096005,142.0,-32.140727489564696,-32.140727489564696,1.0,0.0,41.44305307096005,0.22446043165467627,-32.140727489564696,1.0,Bust
2021,12,5,137,Voldemort,Younghoe Koo,False,younghoe koo,Voldemort,88.0,13.0,K,34.0,5.0,34.0,5.0,0.38636363636363635,1.0,False,,,,,,,,,,,,Not Rated
2021,12,6,138,Big Sack Jack,Greg Zuerlein,False,greg zuerlein,Big Sack Jack,91.0,11.0,K,60.0,6.0,60.0,6.0,0.6593406593406593,1.0,False,,,,,,,,,,,,Not Rated
2021,12,7,139,Ginger FC,Tyrell Williams,False,tyrell williams,Ginger FC,2.4,3.0,WR,2.4,3.0,0.0,0.0,1.0,0.0,True,6.976744186046512,43.02325581395349,139.0,-36.04651162790698,-36.04651162790698,1.0,0.0,43.02325581395349,0.16216216216216214,-36.04651162790698,1.0,Bust
2021,12,8,140,Malle ❤️ 🐸,Jonnu Smith,False,jonnu smith,Malle ❤️ 🐸,48.9,14.0,TE,48.9,14.0,8.0,2.0,1.0,0.16359918200409,True,37.03703703703704,42.857142857142854,137.0,-5.820105820105816,-5.820105820105816,1.0,0.16359918200409,42.857142857142854,0.8641975308641976,-5.820105820105816,1.0,Near Expectation
2021,12,9,141,malle_dips_pouches,Evan Engram,False,evan engram,malle_dips_pouches,17.4,6.0,TE,17.4,6.0,11.4,2.0,1.0,0.6551724137931035,True,14.814814814814813,42.640692640692635,136.0,-27.82587782587782,-27.82587782587782,1.0,0.6551724137931035,42.640692640692635,0.34743372814438805,-27.82587782587782,1.0,Bust
2021,12,10,142,Patty Primetimes,Darnell Mooney,False,darnell mooney,Patty Primetimes,85.2,10.0,WR,37.099999999999994,5.0,0.0,0.0,0.43544600938967126,0.0,True,54.65116279069767,42.42424242424242,135.0,12.226920366455246,12.226920366455246,0.43544600938967126,0.0,42.42424242424242,1.2882059800664452,5.324163680698234,0.43544600938967126,Near Expectation
2021,12,11,143,Joe Mantegna,Irv Smith Jr.,False,irv smith,Joe Mantegna,0.0,0.0,,0.0,0.0,0.0,0.0,,,False,,,,,,,,,,,,Not Rated
2021,12,12,144,Uncle Rico,Trevor Lawrence,False,trevor lawrence,Uncle Rico,68.12,4.0,QB,68.12,4.0,0.0,0.0,1.0,0.0,True,38.23529411764706,42.14235377026075,136.0,-3.9070596526136896,-3.9070596526136896,1.0,0.0,42.14235377026075,0.9072890025575447,-3.9070596526136896,1.0,Near Expectation
2021,13,1,145,Uncle Rico,Giovani Bernard,False,giovani bernard,Uncle Rico,1.4,1.0,RB,0.0,0.0,0.0,0.0,0.0,,True,10.344827586206897,41.66193987521271,136.0,-31.317112289005813,-31.317112289005813,0.0,,41.66193987521271,0.24830403042182106,-0.0,0.0,Bust
2021,13,2,146,Joe Mantegna,Kirk Cousins,False,kirk cousins,Joe Mantegna,310.65999999999997,14.0,QB,310.65999999999997,14.0,0.0,0.0,1.0,0.0,True,82.35294117647058,42.14235377026075,130.0,40.21058740620983,40.21058740620983,1.0,0.0,42.14235377026075,1.9541609285854808,40.21058740620983,1.0,Elite Steal
2021,13,3,147,Patty Primetimes,Matt Gay,False,matt gay,Patty Primetimes,120.0,12.0,K,91.0,10.0,91.0,10.0,0.7583333333333333,1.0,False,,,,,,,,,,,,Not Rated
2021,13,4,148,malle_dips_pouches,Darrel Williams,False,darrel williams,malle_dips_pouches,124.9,13.0,RB,23.900000000000002,4.0,0.0,0.0,0.1913530824659728,0.0,True,74.71264367816092,40.0,125.0,34.712643678160916,34.712643678160916,0.1913530824659728,0.0,40.0,1.867816091954023,6.642371368359055,0.1913530824659728,Steal
2021,13,5,149,Malle ❤️ 🐸,Alexander Mattison,False,alexander mattison,Malle ❤️ 🐸,84.5,12.0,RB,52.1,9.0,0.0,0.0,0.6165680473372781,0.0,True,58.620689655172406,40.23809523809524,124.0,18.382594417077165,18.382594417077165,0.6165680473372781,0.0,40.23809523809524,1.456845541726178,11.334120344730417,0.6165680473372781,Near Expectation
2021,13,6,150,Ginger FC,Buccaneers,False,buccaneers,Ginger FC,109.0,14.0,DEF,63.0,8.0,63.0,8.0,0.5779816513761468,1.0,False,,,,,,,,,,,,Not Rated
2021,13,7,151,Big Sack Jack,Austin Hooper,False,austin hooper,Big Sack Jack,0.0,0.0,,0.0,0.0,0.0,0.0,,,False,,,,,,,,,,,,Not Rated
2021,13,8,152,Voldemort,49ers,False,49ers,Voldemort,40.0,6.0,DEF,18.0,3.0,18.0,3.0,0.45,1.0,False,,,,,,,,,,,,Not Rated
2021,13,9,153,Post Mahomes,Ravens,False,ravens,Post Mahomes,61.0,12.0,DEF,37.0,7.0,30.0,5.0,0.6065573770491803,0.8108108108108109,False,,,,,,,,,,,,Not Rated
2021,13,10,154,ThreatLevelMidnight,Browns,False,browns,ThreatLevelMidnight,56.0,11.0,DEF,42.0,10.0,41.0,9.0,0.75,0.9761904761904762,False,,,,,,,,,,,,Not Rated
2021,13,11,155,Pop Lockett Drop it,Baker Mayfield,False,baker mayfield,Pop Lockett Drop it,93.84,6.0,QB,79.56,5.0,79.56,5.0,0.8478260869565217,1.0,True,50.0,40.74074074074074,121.0,9.25925925925926,9.25925925925926,0.8478260869565217,1.0,40.74074074074074,1.2272727272727273,7.85024154589372,0.8478260869565217,Near Expectation
2021,13,12,156,The Big Gronkowski,Robbie Gould,False,robbie gould,The Big Gronkowski,78.0,14.0,K,78.0,14.0,64.0,8.0,1.0,0.8205128205128205,False,,,,,,,,,,,,Not Rated
2021,14,1,157,The Big Gronkowski,Chiefs,False,chiefs,The Big Gronkowski,55.0,6.0,DEF,55.0,6.0,55.0,6.0,1.0,1.0,False,,,,,,,,,,,,Not Rated
2021,14,2,158,Pop Lockett Drop it,Rodrigo Blankenship,False,rodrigo blankenship,Pop Lockett Drop it,45.0,5.0,K,45.0,5.0,45.0,5.0,1.0,1.0,False,,,,,,,,,,,,Not Rated
2021,14,3,159,ThreatLevelMidnight,Tyler Bass,False,tyler bass,ThreatLevelMidnight,114.0,14.0,K,114.0,14.0,114.0,13.0,1.0,1.0,False,,,,,,,,,,,,Not Rated
2021,14,4,160,Post Mahomes,Devontae Booker,False,devontae booker,Post Mahomes,46.7,8.0,RB,3.4000000000000004,2.0,0.0,0.0,0.07280513918629551,0.0,True,42.5287356321839,39.78021978021978,114.0,2.7485158519641217,2.7485158519641217,0.07280513918629551,0.0,39.78021978021978,1.069092525560424,0.20010607915798748,0.07280513918629551,Near Expectation
2021,14,5,161,Voldemort,Latavius Murray,False,latavius murray,Voldemort,66.0,14.0,RB,0.0,0.0,0.0,0.0,0.0,,True,49.42528735632184,40.74074074074074,115.0,8.684546615581098,8.684546615581098,0.0,,40.74074074074074,1.213166144200627,0.0,0.0,Near Expectation
2021,14,6,162,Big Sack Jack,Jalen Reagor,False,jalen reagor,Big Sack Jack,25.8,4.0,WR,25.8,4.0,0.0,0.0,1.0,0.0,True,24.418604651162788,40.60846560846561,114.0,-16.18986095730282,-16.18986095730282,1.0,0.0,40.60846560846561,0.6013180819634876,-16.18986095730282,1.0,Near Expectation
2021,14,7,163,Ginger FC,Ryan Succop,False,ryan succop,Ginger FC,95.0,12.0,K,59.0,8.0,59.0,8.0,0.6210526315789474,1.0,False,,,,,,,,,,,,Not Rated
2021,14,8,164,Malle ❤️ 🐸,Damien Harris,True,damien harris,Malle ❤️ 🐸,140.3,14.0,RB,140.3,14.0,140.3,12.0,1.0,1.0,False,78.16091954022988,,,,,,,,,,,Not Rated
2021,14,9,165,malle_dips_pouches,Bills,False,bills,malle_dips_pouches,115.0,14.0,DEF,115.0,14.0,115.0,13.0,1.0,1.0,False,,,,,,,,,,,,Not Rated
2021,14,10,166,Patty Primetimes,Patriots,False,patriots,Patty Primetimes,143.0,14.0,DEF,143.0,14.0,143.0,13.0,1.0,1.0,False,,,,,,,,,,,,Not Rated
2021,14,11,167,Joe Mantegna,Rashaad Penny,False,rashaad penny,Joe Mantegna,1.7000000000000002,4.0,RB,0.8,3.0,0.0,0.0,0.47058823529411764,0.0,True,11.494252873563218,40.60846560846561,100.0,-29.114212734902388,-29.114212734902388,0.47058823529411764,0.0,40.60846560846561,0.2830506570818825,-13.70080599289524,0.47058823529411764,Bust
2021,14,12,168,Uncle Rico,Colts,False,colts,Uncle Rico,78.0,7.0,DEF,15.0,2.0,15.0,2.0,0.19230769230769232,1.0,False,,,,,,,,,,,,Not Rated
2021,15,1,169,Uncle Rico,Jason Sanders,False,jason sanders,Uncle Rico,73.0,12.0,K,22.0,4.0,22.0,4.0,0.3013698630136986,1.0,False,,,,,,,,,,,,Not Rated
2021,15,2,170,Joe Mantegna,Broncos,False,broncos,Joe Mantegna,84.0,11.0,DEF,84.0,11.0,75.0,10.0,1.0,0.8928571428571429,False,,,,,,,,,,,,Not Rated
2021,15,3,171,Patty Primetimes,Travis Etienne Jr.,False,travis etienne,Patty Primetimes,0.0,14.0,RB,0.0,14.0,0.0,0.0,,,True,4.022988505747127,40.74074074074074,83.0,-36.71775223499361,-36.71775223499361,,,40.74074074074074,0.0987460815047022,-0.0,,Bust
2021,15,4,172,malle_dips_pouches,Chris Boswell,False,chris boswell,malle_dips_pouches,84.0,10.0,K,54.0,6.0,54.0,6.0,0.6428571428571429,1.0,False,,,,,,,,,,,,Not Rated
2021,15,5,173,Malle ❤️ 🐸,Ryan Fitzpatrick,False,ryan fitzpatrick,Malle ❤️ 🐸,0.72,13.0,QB,0.72,13.0,0.0,0.0,1.0,0.0,True,5.88235294117647,43.20987654320987,75.0,-37.3275236020334,-37.3275236020334,1.0,0.0,43.20987654320987,0.1361344537815126,-37.3275236020334,1.0,Bust
2021,15,6,174,Ginger FC,Jameis Winston,False,jameis winston,Ginger FC,68.84,3.0,QB,49.959999999999994,2.0,0.0,0.0,0.7257408483439859,0.0,True,41.17647058823529,44.0,71.0,-2.82352941176471,-2.82352941176471,0.7257408483439859,0.0,44.0,0.9358288770053474,-2.0491506306183163,0.7257408483439859,Near Expectation
2021,15,7,175,Big Sack Jack,Rhamondre Stevenson,False,rhamondre stevenson,Big Sack Jack,45.8,4.0,RB,0.0,0.0,0.0,0.0,0.0,,True,40.229885057471265,44.0,67.0,-3.7701149425287355,-3.7701149425287355,0.0,,44.0,0.9143155694879833,-0.0,0.0,Near Expectation
2021,15,8,176,Voldemort,Ben Roethlisberger,False,ben roethlisberger,Voldemort,0.0,0.0,,0.0,0.0,0.0,0.0,,,False,,,,,,,,,,,,Not Rated
2021,15,9,177,Post Mahomes,Matt Prater,False,matt prater,Post Mahomes,116.0,14.0,K,84.0,10.0,84.0,10.0,0.7241379310344828,1.0,False,,,,,,,,,,,,Not Rated
2021,15,10,178,ThreatLevelMidnight,Chuba Hubbard,False,chuba hubbard,ThreatLevelMidnight,92.7,14.0,RB,92.7,14.0,67.5,6.0,1.0,0.7281553398058253,True,60.91954022988506,45.214285714285715,52.0,15.705254515599343,15.705254515599343,1.0,0.7281553398058253,45.214285714285715,1.347351600660965,15.705254515599343,1.0,Near Expectation
2021,15,11,179,Pop Lockett Drop it,Vikings,False,vikings,Pop Lockett Drop it,20.0,3.0,DEF,11.0,2.0,11.0,2.0,0.55,1.0,False,,,,,,,,,,,,Not Rated
2021,15,12,180,The Big Gronkowski,Cole Beasley,False,cole beasley,The Big Gronkowski,102.5,14.0,WR,102.5,14.0,3.6,2.0,1.0,0.0351219512195122,True,60.46511627906976,46.54761904761905,42.0,13.91749723145071,13.91749723145071,1.0,0.0351219512195122,46.54761904761905,1.2989948254327006,13.91749723145071,1.0,Near Expectation
2022,1,1,1,Post Mahomes,Jonathan Taylor,False,jonathan taylor,Post Mahomes,130.6,14.0,RB,130.6,14.0,130.6,10.0,1.0,1.0,True,76.47058823529412,89.65517241379311,103.0,-13.184584178498994,-13.184584178498994,1.0,1.0,89.65517241379311,0.8529411764705882,-13.184584178498994,1.0,Near Expectation
2022,1,2,2,malle_dips_pouches,Christian McCaffrey,False,christian mccaffrey,malle_dips_pouches,236.56,14.0,RB,236.56,14.0,236.56,13.0,1.0,1.0,True,97.6470588235294,88.0,111.0,9.647058823529406,9.647058823529406,1.0,1.0,88.0,1.1096256684491979,9.647058823529406,1.0,Near Expectation
2022,1,3,3,The Big Gronkowski,Austin Ekeler,False,austin ekeler,The Big Gronkowski,246.2,14.0,RB,246.2,14.0,246.2,13.0,1.0,1.0,True,98.82352941176471,88.2528735632184,118.0,10.57065584854631,10.57065584854631,1.0,1.0,88.2528735632184,1.119776902686055,10.57065584854631,1.0,Near Expectation
2022,1,4,4,Patty Primetimes,Derrick Henry,False,derrick henry,Patty Primetimes,233.06,14.0,RB,233.06,14.0,233.06,13.0,1.0,1.0,True,96.47058823529412,87.95180722891565,125.0,8.518781006378461,8.518781006378461,1.0,1.0,87.95180722891565,1.0968573730862208,8.518781006378461,1.0,Near Expectation
2022,1,5,5,Voldemort,Joe Mixon,False,joe mixon,Voldemort,172.0,14.0,RB,172.0,14.0,172.0,11.0,1.0,1.0,True,87.05882352941177,86.81318681318682,133.0,0.24563671622495065,0.24563671622495065,1.0,1.0,86.81318681318682,1.0028294862248697,0.24563671622495065,1.0,Near Expectation
2022,1,6,6,Pop Lockett Drop it,Najee Harris,False,najee harris,Pop Lockett Drop it,143.06,14.0,RB,40.0,4.0,40.0,4.0,0.2796029637914162,1.0,True,82.35294117647058,86.90476190476191,141.0,-4.551820728291332,-4.551820728291332,0.2796029637914162,1.0,86.90476190476191,0.9476228847703463,-1.2727025662774591,0.2796029637914162,Near Expectation
2022,1,7,7,Big Sack Jack,Dalvin Cook,False,dalvin cook,Big Sack Jack,176.5,14.0,RB,176.5,14.0,176.5,13.0,1.0,1.0,True,89.41176470588236,85.8974358974359,149.0,3.5143288084464643,3.5143288084464643,1.0,1.0,85.8974358974359,1.0409130816505707,3.5143288084464643,1.0,Near Expectation
2022,1,8,8,ThreatLevelMidnight,Stefon Diggs,False,stefon diggs,ThreatLevelMidnight,230.9,14.0,WR,230.9,14.0,230.9,13.0,1.0,1.0,True,96.51162790697676,85.71428571428571,157.0,10.797342192691048,10.797342192691048,1.0,1.0,85.71428571428571,1.1259689922480622,10.797342192691048,1.0,Near Expectation
2022,1,9,9,Malle ❤️ 🐸,CeeDee Lamb,False,ceedee lamb,Malle ❤️ 🐸,173.7,14.0,WR,70.9,6.0,70.9,6.0,0.40817501439263104,1.0,True,93.02325581395348,85.71428571428571,165.0,7.308970099667775,7.308970099667775,0.40817501439263104,1.0,85.71428571428571,1.0852713178294573,2.9833389756272037,0.40817501439263104,Near Expectation
2022,1,10,10,Ginger FC,Alvin Kamara,False,alvin kamara,Ginger FC,133.79999999999998,14.0,RB,133.79999999999998,14.0,133.79999999999998,12.0,1.0,1.0,True,77.64705882352942,85.18518518518519,173.0,-7.53812636165577,-7.53812636165577,1.0,1.0,85.18518518518519,0.9115089514066497,-7.53812636165577,1.0,Near Expectation
2022,1,11,11,Uncle Rico,Saquon Barkley,False,saquon barkley,Uncle Rico,205.4,14.0,RB,205.4,14.0,205.4,13.0,1.0,1.0,True,94.11764705882352,85.0574712643678,181.0,9.060175794455716,9.060175794455716,1.0,1.0,85.0574712643678,1.1065182829888713,9.060175794455716,1.0,Near Expectation
2022,1,12,12,Joe Mantegna,Davante Adams,False,davante adams,Joe Mantegna,237.6,14.0,WR,237.6,14.0,237.6,13.0,1.0,1.0,True,97.67441860465115,84.97059609730019,188.0,12.703822507350964,12.703822507350964,1.0,1.0,84.97059609730019,1.149508454581203,12.703822507350964,1.0,Near Expectation
2022,2,1,13,Joe Mantegna,Aaron Jones Sr.,False,aaron jones,Joe Mantegna,177.5,14.0,RB,177.5,14.0,177.5,13.0,1.0,1.0,True,90.58823529411765,85.0574712643678,195.0,5.530764029749847,5.530764029749847,1.0,1.0,85.0574712643678,1.0650238473767888,5.530764029749847,1.0,Near Expectation
2022,2,2,14,Uncle Rico,Nick Chubb,False,nick chubb,Uncle Rico,214.5,14.0,RB,82.6,4.0,82.6,4.0,0.3850815850815851,1.0,True,95.29411764705881,85.16016016016016,194.0,10.133957486898652,10.133957486898652,0.3850815850815851,1.0,85.16016016016016,1.1189988072807728,3.9024004122043294,0.3850815850815851,Near Expectation
2022,2,3,15,Ginger FC,Travis Kelce,False,travis kelce,Ginger FC,216.9,14.0,TE,216.9,14.0,216.9,13.0,1.0,1.0,True,100.0,84.61053516391146,194.0,15.389464836088536,15.389464836088536,1.0,1.0,84.61053516391146,1.1818859177084196,15.389464836088536,1.0,Near Expectation
2022,2,4,16,Malle ❤️ 🐸,D'Andre Swift,False,dandre swift,Malle ❤️ 🐸,116.3,14.0,RB,40.7,2.0,40.7,2.0,0.3499570077386071,1.0,True,69.41176470588235,83.78378378378379,193.0,-14.372019077901442,-14.372019077901442,0.3499570077386071,1.0,83.78378378378379,0.8284629981024667,-5.029588791664564,0.3499570077386071,Near Expectation
2022,2,5,17,ThreatLevelMidnight,Mike Evans,False,mike evans,ThreatLevelMidnight,128.0,14.0,WR,128.0,14.0,121.6,11.0,1.0,0.95,True,76.74418604651163,83.33333333333334,193.0,-6.589147286821714,-6.589147286821714,1.0,0.95,83.33333333333334,0.9209302325581394,-6.589147286821714,1.0,Near Expectation
2022,2,6,18,Big Sack Jack,Tyreek Hill,False,tyreek hill,Big Sack Jack,241.0,14.0,WR,241.0,14.0,229.0,12.0,1.0,0.950207468879668,True,98.83720930232558,82.43243243243244,193.0,16.40477686989314,16.40477686989314,1.0,0.950207468879668,82.43243243243244,1.1990087685855888,16.40477686989314,1.0,Near Expectation
2022,2,7,19,Pop Lockett Drop it,Michael Pittman Jr.,False,michael pittman,Pop Lockett Drop it,123.5,14.0,WR,123.5,14.0,112.3,11.0,1.0,0.9093117408906882,True,74.4186046511628,81.70731707317073,193.0,-7.288712422007933,-7.288712422007933,1.0,0.9093117408906882,81.70731707317073,0.9107948628948282,-7.288712422007933,1.0,Near Expectation
2022,2,8,20,Voldemort,Deebo Samuel Sr.,False,deebo samuel,Voldemort,137.0,14.0,WR,137.0,14.0,127.69999999999999,11.0,1.0,0.9321167883211678,True,79.06976744186046,81.7877244706513,194.0,-2.717957028790835,-2.717957028790835,1.0,0.9321167883211678,81.7877244706513,0.9667681544341518,-2.717957028790835,1.0,Near Expectation
2022,2,9,21,Patty Primetimes,Javonte Williams,False,javonte williams,Patty Primetimes,34.0,4.0,RB,34.0,4.0,34.0,4.0,1.0,1.0,True,35.294117647058826,81.5943992773261,194.0,-46.30028163026728,-46.30028163026728,1.0,1.0,81.5943992773261,0.4325556405789551,-46.30028163026728,1.0,Major Bust
2022,2,10,22,The Big Gronkowski,Cooper Kupp,True,cooper kupp,The Big Gronkowski,163.9,14.0,WR,163.9,14.0,163.9,9.0,1.0,1.0,False,89.53488372093024,,,,,,,,,,,Not Rated
2022,2,11,23,malle_dips_pouches,Mark Andrews,False,mark andrews,malle_dips_pouches,128.9,14.0,TE,128.9,14.0,128.9,12.0,1.0,1.0,True,96.7741935483871,79.88095238095238,194.0,16.893241167434724,16.893241167434724,1.0,1.0,79.88095238095238,1.2114802172972454,16.893241167434724,1.0,Near Expectation
2022,2,12,24,Post Mahomes,A.J. Brown,False,aj brown,Post Mahomes,190.5,14.0,WR,190.5,14.0,190.5,13.0,1.0,1.0,True,95.34883720930233,79.48717948717949,193.0,15.861657722122843,15.861657722122843,1.0,1.0,79.48717948717949,1.199549887471868,15.861657722122843,1.0,Near Expectation
2022,3,1,25,Post Mahomes,Ezekiel Elliott,False,ezekiel elliott,Post Mahomes,139.9,14.0,RB,56.8,6.0,35.0,4.0,0.40600428877769834,0.6161971830985916,True,81.17647058823529,79.41176470588235,193.0,1.764705882352942,1.764705882352942,0.40600428877769834,0.6161971830985916,79.41176470588235,1.0222222222222221,0.7164781566665268,0.40600428877769834,Near Expectation
2022,3,2,26,malle_dips_pouches,Josh Jacobs,False,josh jacobs,malle_dips_pouches,260.8,14.0,RB,260.8,14.0,260.8,13.0,1.0,1.0,True,100.0,79.50262588816805,192.0,20.497374111831945,20.497374111831945,1.0,1.0,79.50262588816805,1.25782008937245,20.497374111831945,1.0,Near Expectation
2022,3,3,27,The Big Gronkowski,Tee Higgins,False,tee higgins,The Big Gronkowski,146.1,14.0,WR,146.1,14.0,146.1,13.0,1.0,1.0,True,83.72093023255815,80.0,192.0,3.720930232558146,3.720930232558146,1.0,1.0,80.0,1.0465116279069768,3.720930232558146,1.0,Near Expectation
2022,3,4,28,Patty Primetimes,Terry McLaurin,False,terry mclaurin,Patty Primetimes,145.2,13.0,WR,145.2,13.0,145.2,13.0,1.0,1.0,True,81.97674418604652,80.0,193.0,1.976744186046517,1.976744186046517,1.0,1.0,80.0,1.0247093023255816,1.976744186046517,1.0,Near Expectation
2022,3,5,29,Voldemort,Josh Allen,False,josh allen,Voldemort,377.92,14.0,QB,377.92,14.0,377.92,13.0,1.0,1.0,True,93.54838709677419,79.88095238095238,194.0,13.667434715821813,13.667434715821813,1.0,1.0,79.88095238095238,1.1710975433873372,13.667434715821813,1.0,Near Expectation
2022,3,6,30,Pop Lockett Drop it,Keenan Allen,False,keenan allen,Pop Lockett Drop it,67.0,14.0,WR,67.0,14.0,57.099999999999994,5.0,1.0,0.8522388059701491,True,45.348837209302324,79.6399885255307,194.0,-34.29115131622837,-34.29115131622837,1.0,0.8522388059701491,79.6399885255307,0.5694229500643958,-34.29115131622837,1.0,Bust
2022,3,7,31,Big Sack Jack,DJ Moore,True,dj moore,Big Sack Jack,112.0,14.0,WR,112.0,14.0,103.3,12.0,1.0,0.9223214285714285,False,66.27906976744185,,,,,,,,,,,Not Rated
2022,3,8,32,ThreatLevelMidnight,Allen Robinson,False,allen robinson,ThreatLevelMidnight,32.7,8.0,WR,20.0,4.0,5.0,2.0,0.6116207951070336,0.25,True,30.23255813953488,80.0,191.0,-49.76744186046512,-49.76744186046512,0.6116207951070336,0.25,80.0,0.377906976744186,-30.438802361140745,0.6116207951070336,Major Bust
2022,3,9,33,Malle ❤️ 🐸,Adam Thielen,True,adam thielen,Malle ❤️ 🐸,122.0,14.0,WR,122.0,14.0,122.0,13.0,1.0,1.0,False,72.09302325581395,,,,,,,,,,,Not Rated
2022,3,10,34,Ginger FC,Mike Williams,False,mike williams,Ginger FC,108.6,14.0,WR,108.6,14.0,64.7,6.0,1.0,0.5957642725598528,True,63.95348837209303,79.76190476190477,191.0,-15.808416389811747,-15.808416389811747,1.0,0.5957642725598528,79.76190476190477,0.8018049288441512,-15.808416389811747,1.0,Near Expectation
2022,3,11,35,Uncle Rico,Kyle Pitts Sr.,False,kyle pitts,Uncle Rico,55.8,10.0,TE,55.8,10.0,26.1,6.0,1.0,0.467741935483871,True,54.83870967741935,80.0,191.0,-25.161290322580648,-25.161290322580648,1.0,0.467741935483871,80.0,0.6854838709677419,-25.161290322580648,1.0,Bust
2022,3,12,36,Joe Mantegna,Breece Hall,False,breece hall,Joe Mantegna,105.6,14.0,RB,105.6,14.0,80.9,5.0,1.0,0.766098484848485,True,67.05882352941175,80.0,191.0,-12.941176470588246,-12.941176470588246,1.0,0.766098484848485,80.0,0.838235294117647,-12.941176470588246,1.0,Near Expectation
2022,4,1,37,Joe Mantegna,Courtland Sutton,False,courtland sutton,Joe Mantegna,101.3,14.0,WR,101.3,14.0,81.2,10.0,1.0,0.8015794669299112,True,60.46511627906976,79.76190476190477,191.0,-19.296788482835012,-19.296788482835012,1.0,0.8015794669299112,79.76190476190477,0.7580701145435611,-19.296788482835012,1.0,Near Expectation
2022,4,2,38,Uncle Rico,Patrick Mahomes,False,patrick mahomes,Uncle Rico,397.4,14.0,QB,397.4,14.0,397.4,13.0,1.0,1.0,True,100.0,79.41420855837141,192.0,20.585791441628587,20.585791441628587,1.0,1.0,79.41420855837141,1.2592205074548783,20.585791441628587,1.0,Near Expectation
2022,4,3,39,Ginger FC,Kyler Murray,False,kyler murray,Ginger FC,235.51999999999998,14.0,QB,235.51999999999998,14.0,235.51999999999998,11.0,1.0,1.0,True,67.74193548387096,78.86821705426357,192.0,-11.126281570392607,-11.126281570392607,1.0,1.0,78.86821705426357,0.8589256612364217,-11.126281570392607,1.0,Near Expectation
2022,4,4,40,Malle ❤️ 🐸,Diontae Johnson,False,diontae johnson,Malle ❤️ 🐸,102.5,14.0,WR,102.5,14.0,78.1,10.0,1.0,0.761951219512195,True,61.627906976744185,78.43589743589743,192.0,-16.807990459153245,-16.807990459153245,1.0,0.761951219512195,78.43589743589743,0.7857104845024594,-16.807990459153245,1.0,Near Expectation
2022,4,5,41,ThreatLevelMidnight,Chase Edmonds,False,chase edmonds,ThreatLevelMidnight,39.1,6.0,RB,37.4,5.0,13.2,3.0,0.9565217391304347,0.3529411764705882,True,37.64705882352941,78.2051282051282,193.0,-40.55806938159879,-40.55806938159879,0.9565217391304347,0.3529411764705882,78.2051282051282,0.4813886210221794,-38.79467506065971,0.9565217391304347,Major Bust
2022,4,6,42,Big Sack Jack,AJ Dillon,False,aj dillon,Big Sack Jack,107.8,14.0,RB,107.8,14.0,107.8,13.0,1.0,1.0,True,68.23529411764706,77.5,193.0,-9.264705882352942,-9.264705882352942,1.0,1.0,77.5,0.8804554079696395,-9.264705882352942,1.0,Near Expectation
2022,4,7,43,Pop Lockett Drop it,Dameon Pierce,False,dameon pierce,Pop Lockett Drop it,151.4,14.0,RB,29.700000000000003,3.0,4.4,1.0,0.19616908850726553,0.14814814814814814,True,83.52941176470588,77.5,193.0,6.029411764705884,6.029411764705884,0.19616908850726553,0.14814814814814814,77.5,1.077798861480076,1.1827842101173367,0.19616908850726553,Near Expectation
2022,4,8,44,Voldemort,David Montgomery,False,david montgomery,Voldemort,123.0,14.0,RB,123.0,14.0,99.8,10.0,1.0,0.8113821138211382,True,72.94117647058823,76.38888888888889,193.0,-3.447712418300654,-3.447712418300654,1.0,0.8113821138211382,76.38888888888889,0.9548663101604278,-3.447712418300654,1.0,Near Expectation
2022,4,9,45,Patty Primetimes,Darren Waller,False,darren waller,Patty Primetimes,31.5,14.0,TE,31.5,14.0,31.5,5.0,1.0,1.0,True,35.483870967741936,76.19047619047619,193.0,-40.706605222734254,-40.706605222734254,1.0,1.0,76.19047619047619,0.46572580645161293,-40.706605222734254,1.0,Major Bust
2022,4,10,46,The Big Gronkowski,George Kittle,False,george kittle,The Big Gronkowski,93.0,14.0,TE,93.0,14.0,93.0,11.0,1.0,1.0,True,87.09677419354838,75.0,193.0,12.096774193548384,12.096774193548384,1.0,1.0,75.0,1.161290322580645,12.096774193548384,1.0,Near Expectation
2022,4,11,47,malle_dips_pouches,Lamar Jackson,False,lamar jackson,malle_dips_pouches,277.08,14.0,QB,277.08,14.0,277.08,12.0,1.0,1.0,True,80.64516129032258,74.07407407407408,193.0,6.5710872162485,6.5710872162485,1.0,1.0,74.07407407407408,1.0887096774193548,6.5710872162485,1.0,Near Expectation
2022,4,12,48,Post Mahomes,Gabe Davis,False,gabe davis,Post Mahomes,124.60000000000001,14.0,WR,22.0,3.0,22.0,2.0,0.17656500802568217,1.0,True,75.5813953488372,75.0,191.0,0.581395348837205,0.581395348837205,0.17656500802568217,1.0,75.0,1.0077519379844961,0.10265407443353539,0.17656500802568217,Near Expectation
2022,5,1,49,Post Mahomes,Brandin Cooks,False,brandin cooks,Post Mahomes,80.7,13.0,WR,41.5,5.0,14.600000000000001,3.0,0.5142503097893433,0.3518072289156627,True,52.32558139534884,73.52941176470588,192.0,-21.203830369357043,-21.203830369357043,0.5142503097893433,0.3518072289156627,73.52941176470588,0.7116279069767443,-10.904076336162545,0.5142503097893433,Near Expectation
2022,5,2,50,malle_dips_pouches,Jaylen Waddle,False,jaylen waddle,malle_dips_pouches,165.5,14.0,WR,165.5,14.0,165.5,13.0,1.0,1.0,True,90.69767441860465,73.43137254901961,192.0,17.266301869585035,17.266301869585035,1.0,1.0,73.43137254901961,1.2351352190517588,17.266301869585035,1.0,Near Expectation
2022,5,3,51,The Big Gronkowski,JuJu Smith-Schuster,False,juju smith schuster,The Big Gronkowski,122.69999999999999,14.0,WR,122.69999999999999,14.0,88.6,9.0,1.0,0.7220863895680522,True,73.25581395348837,72.72727272727273,193.0,0.528541226215637,0.528541226215637,1.0,0.7220863895680522,72.72727272727273,1.007267441860465,0.528541226215637,1.0,Near Expectation
2022,5,4,52,Patty Primetimes,DK Metcalf,False,dk metcalf,Patty Primetimes,154.9,14.0,WR,154.9,14.0,129.79999999999998,10.0,1.0,0.8379599741768882,True,85.46511627906976,71.42857142857143,193.0,14.03654485049833,14.03654485049833,1.0,0.8379599741768882,71.42857142857143,1.1965116279069765,14.03654485049833,1.0,Near Expectation
2022,5,5,53,Voldemort,Antonio Gibson,False,antonio gibson,Voldemort,135.1,14.0,RB,27.6,2.0,27.6,2.0,0.20429311621021468,1.0,True,80.0,70.83333333333334,193.0,9.166666666666657,9.166666666666657,0.20429311621021468,1.0,70.83333333333334,1.1294117647058821,1.8726868985936327,0.20429311621021468,Near Expectation
2022,5,6,54,Pop Lockett Drop it,Dalton Schultz,False,dalton schultz,Pop Lockett Drop it,72.1,12.0,TE,10.5,5.0,10.5,4.0,0.14563106796116507,1.0,True,70.96774193548387,70.41316526610643,192.0,0.5545766693774397,0.5545766693774397,0.14563106796116507,1.0,70.41316526610643,1.0078760366372053,0.08076359262778249,0.14563106796116507,Near Expectation
2022,5,7,55,Big Sack Jack,Amon-Ra St. Brown,False,amon ra st brown,Big Sack Jack,175.7,14.0,WR,175.7,14.0,175.7,12.0,1.0,1.0,True,94.18604651162791,70.83628632175763,192.0,23.34976018987028,23.34976018987028,1.0,1.0,70.83628632175763,1.329629931244692,23.34976018987028,1.0,Near Expectation
2022,5,8,56,ThreatLevelMidnight,Rashaad Penny,False,rashaad penny,ThreatLevelMidnight,50.2,5.0,RB,50.2,5.0,42.5,4.0,1.0,0.846613545816733,True,45.88235294117647,69.66666666666667,194.0,-23.7843137254902,-23.7843137254902,1.0,0.846613545816733,69.66666666666667,0.6585983675766958,-23.7843137254902,1.0,Near Expectation
2022,5,9,57,Malle ❤️ 🐸,J.K. Dobbins,False,jk dobbins,Malle ❤️ 🐸,49.2,14.0,RB,49.2,14.0,5.9,2.0,1.0,0.11991869918699187,True,43.529411764705884,68.17411924119241,194.0,-24.64470747648653,-24.64470747648653,1.0,0.11991869918699187,68.17411924119241,0.6385034709535988,-24.64470747648653,1.0,Near Expectation
2022,5,10,58,Ginger FC,Jerry Jeudy,False,jerry jeudy,Ginger FC,115.8,14.0,WR,115.8,14.0,67.2,6.0,1.0,0.5803108808290156,True,69.76744186046511,68.6058009228741,192.0,1.1616409375910166,1.1616409375910166,1.0,0.5803108808290156,68.6058009228741,1.0169321095587371,1.1616409375910166,1.0,Near Expectation
2022,5,11,59,Uncle Rico,Brandon Aiyuk,False,brandon aiyuk,Uncle Rico,145.2,14.0,WR,145.2,14.0,82.10000000000001,8.0,1.0,0.5654269972451792,True,81.97674418604652,68.17411924119241,192.0,13.802624944854102,13.802624944854102,1.0,0.5654269972451792,68.17411924119241,1.2024613606817853,13.802624944854102,1.0,Near Expectation
2022,5,12,60,Joe Mantegna,Justin Herbert,True,justin herbert,Joe Mantegna,279.54,14.0,QB,279.54,14.0,279.54,13.0,1.0,1.0,False,83.87096774193549,,,,,,,,,,,Not Rated
2022,6,1,61,Joe Mantegna,Dallas Goedert,False,dallas goedert,Joe Mantegna,91.89999999999999,14.0,TE,91.89999999999999,14.0,91.89999999999999,9.0,1.0,1.0,True,80.64516129032258,67.44186046511628,191.0,13.203300825206298,13.203300825206298,1.0,1.0,67.44186046511628,1.1957730812013347,13.203300825206298,1.0,Near Expectation
2022,6,2,62,Uncle Rico,Ja'Marr Chase,True,jamarr chase,Uncle Rico,154.9,14.0,WR,154.9,14.0,154.9,9.0,1.0,1.0,False,85.46511627906976,,,,,,,,,,,Not Rated
2022,6,3,63,Ginger FC,Rhamondre Stevenson,False,rhamondre stevenson,Ginger FC,171.70000000000002,14.0,RB,171.70000000000002,14.0,144.3,10.0,1.0,0.8404193360512522,True,85.88235294117646,66.66666666666666,192.0,19.215686274509807,19.215686274509807,1.0,0.8404193360512522,66.66666666666666,1.2882352941176471,19.215686274509807,1.0,Near Expectation
2022,6,4,64,Malle ❤️ 🐸,Jalen Hurts,False,jalen hurts,Malle ❤️ 🐸,381.88,14.0,QB,381.88,14.0,381.88,13.0,1.0,1.0,True,96.7741935483871,66.66666666666666,193.0,30.107526881720446,30.107526881720446,1.0,1.0,66.66666666666666,1.4516129032258067,30.107526881720446,1.0,Steal
2022,6,5,65,ThreatLevelMidnight,Rashod Bateman,False,rashod bateman,ThreatLevelMidnight,46.0,7.0,WR,46.0,7.0,14.3,3.0,1.0,0.31086956521739134,True,37.7906976744186,66.66666666666666,192.0,-28.875968992248055,-28.875968992248055,1.0,0.31086956521739134,66.66666666666666,0.5668604651162791,-28.875968992248055,1.0,Bust
2022,6,6,66,Big Sack Jack,Joe Burrow,False,joe burrow,Big Sack Jack,353.8,14.0,QB,353.8,14.0,353.8,13.0,1.0,1.0,True,90.32258064516128,64.11960132890366,192.0,26.202979316257625,26.202979316257625,1.0,1.0,64.11960132890366,1.408657863947852,26.202979316257625,1.0,Steal
2022,6,7,67,Pop Lockett Drop it,Russell Wilson,False,russell wilson,Pop Lockett Drop it,86.68,5.0,QB,33.86,2.0,33.86,2.0,0.3906322104291647,1.0,True,32.25806451612903,63.36595215905561,192.0,-31.107887642926578,-31.107887642926578,0.3906322104291647,1.0,63.36595215905561,0.509075669456646,-12.151742911738507,0.3906322104291647,Bust
2022,6,8,68,Voldemort,Darnell Mooney,False,darnell mooney,Voldemort,81.5,11.0,WR,81.5,11.0,0.0,0.0,1.0,0.0,True,53.48837209302325,63.09067688378033,192.0,-9.602304790757081,-9.602304790757081,1.0,0.0,63.09067688378033,0.8478015252801053,-9.602304790757081,1.0,Near Expectation
2022,6,9,69,Patty Primetimes,Hunter Renfrow,False,hunter renfrow,Patty Primetimes,23.6,7.0,WR,15.5,5.0,0.0,0.0,0.6567796610169491,0.0,True,22.093023255813954,63.09067688378033,192.0,-40.99765362796638,-40.99765362796638,0.6567796610169491,0.0,63.09067688378033,0.3501788908765653,-26.92642505226605,0.6567796610169491,Major Bust
2022,6,10,70,The Big Gronkowski,Damien Harris,False,damien harris,The Big Gronkowski,70.3,14.0,RB,70.3,14.0,38.1,6.0,1.0,0.5419630156472263,True,51.76470588235295,62.73555761507569,192.0,-10.970851732722743,-10.970851732722743,1.0,0.5419630156472263,62.73555761507569,0.8251254607468989,-10.970851732722743,1.0,Near Expectation
2022,6,11,71,malle_dips_pouches,James Conner,True,james conner,malle_dips_pouches,126.6,13.0,RB,126.6,13.0,126.6,10.0,1.0,1.0,False,74.11764705882354,,,,,,,,,,,Not Rated
2022,6,12,72,Post Mahomes,Tom Brady,False,tom brady,Post Mahomes,216.68,12.0,QB,158.38,9.0,141.18,8.0,0.7309396344840317,0.8914004293471398,True,64.51612903225806,63.51351351351351,191.0,1.0026155187445553,1.0026155187445553,0.7309396344840317,0.8914004293471398,63.51351351351351,1.0157858613589568,0.7328514207991631,0.7309396344840317,Near Expectation
2022,7,1,73,Post Mahomes,Clyde Edwards-Helaire,False,clyde edwards helaire,Post Mahomes,88.9,10.0,RB,86.5,8.0,31.200000000000003,3.0,0.9730033745781776,0.36069364161849715,True,58.82352941176471,63.36595215905561,192.0,-4.5424227472909,-4.5424227472909,0.9730033745781776,0.36069364161849715,63.36595215905561,0.9283144560680014,-4.419792661874722,0.9730033745781776,Near Expectation
2022,7,2,74,malle_dips_pouches,Amari Cooper,False,amari cooper,malle_dips_pouches,159.9,14.0,WR,159.9,14.0,159.9,13.0,1.0,1.0,True,87.20930232558139,63.2183908045977,191.0,23.990911520983687,23.990911520983687,1.0,1.0,63.2183908045977,1.379492600422833,23.990911520983687,1.0,Near Expectation
2022,7,3,75,The Big Gronkowski,Tony Pollard,False,tony pollard,The Big Gronkowski,203.8,14.0,RB,203.8,14.0,150.2,7.0,1.0,0.7369970559371932,True,92.94117647058823,62.82051282051282,191.0,30.120663650075414,30.120663650075414,1.0,0.7369970559371932,62.82051282051282,1.4794717887154862,30.120663650075414,1.0,Steal
2022,7,4,76,Patty Primetimes,Michael Thomas,False,michael thomas,Patty Primetimes,43.1,13.0,WR,43.1,13.0,43.1,3.0,1.0,1.0,True,36.04651162790697,62.806782686300764,190.0,-26.76027105839379,-26.76027105839379,1.0,1.0,62.806782686300764,0.5739270519228385,-26.76027105839379,1.0,Bust
2022,7,5,77,Voldemort,Chris Godwin Jr.,False,chris godwin,Voldemort,119.2,14.0,WR,119.2,14.0,104.8,9.0,1.0,0.8791946308724832,True,70.93023255813954,62.806782686300764,190.0,8.123449871838773,8.123449871838773,1.0,0.8791946308724832,62.806782686300764,1.1293403279771985,8.123449871838773,1.0,Near Expectation
2022,7,6,78,Pop Lockett Drop it,Christian Kirk,False,christian kirk,Pop Lockett Drop it,161.6,14.0,WR,61.0,4.0,46.3,3.0,0.3774752475247525,0.759016393442623,True,88.37209302325581,61.96343402225755,188.0,26.408659000998263,26.408659000998263,0.3774752475247525,0.759016393442623,61.96343402225755,1.426197473037278,9.968615093198602,0.3774752475247525,Steal
2022,7,7,79,Big Sack Jack,Dawson Knox,False,dawson knox,Big Sack Jack,73.3,14.0,TE,73.3,14.0,73.3,12.0,1.0,1.0,True,74.19354838709677,61.76470588235294,189.0,12.428842504743827,12.428842504743827,1.0,1.0,61.76470588235294,1.2012288786482335,12.428842504743827,1.0,Near Expectation
2022,7,8,80,ThreatLevelMidnight,Miles Sanders,False,miles sanders,ThreatLevelMidnight,190.3,14.0,RB,190.3,14.0,172.8,12.0,1.0,0.9080399369416711,True,91.76470588235294,61.76470588235294,187.0,30.0,30.0,1.0,0.9080399369416711,61.76470588235294,1.4857142857142858,30.0,1.0,Steal
2022,7,9,81,Malle ❤️ 🐸,T.J. Hockenson,False,tj hockenson,Malle ❤️ 🐸,124.7,14.0,TE,124.7,14.0,124.7,13.0,1.0,1.0,True,93.54838709677419,61.76470588235294,186.0,31.78368121442125,31.78368121442125,1.0,1.0,61.76470588235294,1.5145929339477726,31.78368121442125,1.0,Steal
2022,7,10,82,Ginger FC,Leonard Fournette,True,leonard fournette,Ginger FC,152.9,14.0,RB,152.9,14.0,152.9,12.0,1.0,1.0,False,84.70588235294117,,,,,,,,,,,Not Rated
2022,7,11,83,Uncle Rico,Robert Woods,False,robert woods,Uncle Rico,12.8,5.0,WR,1.8,1.0,1.8,1.0,0.140625,1.0,True,15.11627906976744,61.96343402225755,186.0,-46.847154952490115,-46.847154952490115,0.140625,1.0,61.96343402225755,0.2439548309142712,-6.587881165193922,0.140625,Major Bust
2022,7,12,84,Joe Mantegna,Devin Singletary,False,devin singletary,Joe Mantegna,129.2,14.0,RB,129.2,14.0,116.5,12.0,1.0,0.9017027863777091,True,75.29411764705883,61.53846153846154,185.0,13.755656108597286,13.755656108597286,1.0,0.9017027863777091,61.53846153846154,1.223529411764706,13.755656108597286,1.0,Near Expectation
2022,8,1,85,Joe Mantegna,Elijah Moore,False,elijah moore,Joe Mantegna,27.900000000000002,6.0,WR,27.900000000000002,6.0,0.0,0.0,1.0,0.0,True,26.744186046511626,59.39153439153439,184.0,-32.64734834502276,-32.64734834502276,1.0,0.0,59.39153439153439,0.45030299891231157,-32.64734834502276,1.0,Bust
2022,8,2,86,Uncle Rico,Cordarrelle Patterson,False,cordarrelle patterson,Uncle Rico,102.6,14.0,RB,102.6,14.0,75.5,7.0,1.0,0.7358674463937622,True,64.70588235294117,59.523809523809526,181.0,5.1820728291316485,5.1820728291316485,1.0,0.7358674463937622,59.523809523809526,1.0870588235294116,5.1820728291316485,1.0,Near Expectation
2022,8,3,87,Ginger FC,Kareem Hunt,False,kareem hunt,Ginger FC,97.7,14.0,RB,97.7,14.0,39.4,4.0,1.0,0.4032753326509723,True,63.52941176470588,59.25925925925925,179.0,4.2701525054466245,4.2701525054466245,1.0,0.4032753326509723,59.25925925925925,1.0720588235294117,4.2701525054466245,1.0,Near Expectation
2022,8,4,88,Malle ❤️ 🐸,Bills,False,bills,Malle ❤️ 🐸,118.0,14.0,DEF,62.0,5.0,62.0,5.0,0.5254237288135594,1.0,False,,,,,,,,,,,,Not Rated
2022,8,5,89,ThreatLevelMidnight,Dak Prescott,False,dak prescott,ThreatLevelMidnight,133.88,12.0,QB,119.6,10.0,119.6,6.0,0.8933373170002987,1.0,True,41.935483870967744,57.73809523809524,176.0,-15.802611367127497,-15.802611367127497,0.8933373170002987,1.0,57.73809523809524,0.7263052876621218,-14.1170624403081,0.8933373170002987,Near Expectation
2022,8,6,90,Big Sack Jack,49ers,False,49ers,Big Sack Jack,130.0,14.0,DEF,130.0,14.0,123.0,11.0,1.0,0.9461538461538461,False,,,,,,,,,,,,Not Rated
2022,8,7,91,Pop Lockett Drop it,Melvin Gordon III,False,melvin gordon,Pop Lockett Drop it,74.6,11.0,RB,74.6,11.0,51.1,6.0,1.0,0.6849865951742629,True,52.94117647058824,55.41521486643438,172.0,-2.4740383958461436,-2.4740383958461436,1.0,0.6849865951742629,55.41521486643438,0.9553545285025197,-2.4740383958461436,1.0,Near Expectation
2022,8,8,92,Voldemort,Zach Ertz,False,zach ertz,Voldemort,92.1,11.0,TE,92.1,11.0,92.1,10.0,1.0,1.0,True,83.87096774193549,54.49382716049382,170.0,29.377140581441665,29.377140581441665,1.0,1.0,54.49382716049382,1.5390911615534153,29.377140581441665,1.0,Steal
2022,8,9,93,Patty Primetimes,Matthew Stafford,False,matthew stafford,Patty Primetimes,123.88,12.0,QB,105.12,8.0,69.22,4.0,0.8485631256054247,0.6584855403348554,True,38.70967741935484,54.87804878048781,169.0,-16.16837136113297,-16.16837136113297,0.8485631256054247,0.6584855403348554,54.87804878048781,0.7053763440860215,-13.719883738152227,0.8485631256054247,Near Expectation
2022,8,10,94,The Big Gronkowski,Trey Lance,False,trey lance,The Big Gronkowski,13.46,14.0,QB,13.46,14.0,0.0,0.0,1.0,0.0,True,6.451612903225806,54.87804878048781,167.0,-48.426435877262,-48.426435877262,1.0,0.0,54.87804878048781,0.1175627240143369,-48.426435877262,1.0,Major Bust
2022,8,11,95,malle_dips_pouches,DeVonta Smith,False,devonta smith,malle_dips_pouches,138.5,14.0,WR,138.5,14.0,21.9,2.0,1.0,0.15812274368231047,True,80.23255813953489,54.32098765432099,167.0,25.9115704852139,25.9115704852139,1.0,0.15812274368231047,54.32098765432099,1.4770084566596196,25.9115704852139,1.0,Steal
2022,8,12,96,Post Mahomes,Allen Lazard,False,allen lazard,Post Mahomes,114.5,14.0,WR,62.5,6.0,15.6,1.0,0.5458515283842795,0.2496,True,67.44186046511628,54.49382716049382,166.0,12.948033304622456,12.948033304622456,0.5458515283842795,0.2496,54.49382716049382,1.2376055046838286,7.067703768898721,0.5458515283842795,Near Expectation
2022,9,1,97,Post Mahomes,Drake London,False,drake london,Post Mahomes,100.8,14.0,WR,100.8,14.0,9.6,3.0,1.0,0.09523809523809523,True,56.97674418604651,53.61918604651163,164.0,3.3575581395348806,3.3575581395348806,1.0,0.09523809523809523,53.61918604651163,1.0626185958254268,3.3575581395348806,1.0,Near Expectation
2022,9,2,98,malle_dips_pouches,Michael Carter,False,michael carter,malle_dips_pouches,91.4,14.0,RB,91.4,14.0,13.3,2.0,1.0,0.14551422319474835,True,61.1764705882353,52.87356321839081,163.0,8.30290736984449,8.30290736984449,1.0,0.14551422319474835,52.87356321839081,1.1570332480818415,8.30290736984449,1.0,Near Expectation
2022,9,3,99,The Big Gronkowski,Kirk Cousins,False,kirk cousins,The Big Gronkowski,263.12,14.0,QB,263.12,14.0,263.12,13.0,1.0,1.0,True,77.41935483870968,52.4390243902439,161.0,24.98033044846578,24.98033044846578,1.0,1.0,52.4390243902439,1.4763690922730683,24.98033044846578,1.0,Near Expectation
2022,9,4,100,Patty Primetimes,Chris Olave,False,chris olave,Patty Primetimes,136.7,13.0,WR,136.7,13.0,101.4,9.0,1.0,0.7417702999268472,True,77.90697674418605,52.40998838559814,160.0,25.496988358587913,25.496988358587913,1.0,0.7417702999268472,52.40998838559814,1.4864910133350513,25.496988358587913,1.0,Steal
2022,9,5,101,Voldemort,James Cook III,False,james cook,Voldemort,0.19999999999999996,2.0,RB,-1.8,1.0,0.0,0.0,-9.000000000000002,,True,5.88235294117647,52.116402116402114,158.0,-46.23404917522564,-46.23404917522564,-9.000000000000002,,52.116402116402114,0.11286951328754852,416.10644257703086,-9.000000000000002,Major Bust
2022,9,6,102,Pop Lockett Drop it,Rondale Moore,False,rondale moore,Pop Lockett Drop it,67.4,14.0,WR,67.4,14.0,27.8,4.0,1.0,0.4124629080118694,True,46.51162790697674,51.85185185185185,153.0,-5.340223944875106,-5.340223944875106,1.0,0.4124629080118694,51.85185185185185,0.8970099667774086,-5.340223944875106,1.0,Near Expectation
2022,9,7,103,Big Sack Jack,Justin Tucker,False,justin tucker,Big Sack Jack,129.0,14.0,K,129.0,14.0,129.0,13.0,1.0,1.0,False,,,,,,,,,,,,Not Rated
2022,9,8,104,ThreatLevelMidnight,DeAndre Hopkins,False,deandre hopkins,ThreatLevelMidnight,109.3,14.0,WR,109.3,14.0,109.3,7.0,1.0,1.0,True,65.11627906976744,52.99928160919541,152.0,12.116997460572037,12.116997460572037,1.0,1.0,52.99928160919541,1.2286256925125894,12.116997460572037,1.0,Near Expectation
2022,9,9,105,Malle ❤️ 🐸,Evan McPherson,False,evan mcpherson,Malle ❤️ 🐸,109.0,13.0,K,68.0,9.0,68.0,9.0,0.6238532110091743,1.0,False,,,,,,,,,,,,Not Rated
2022,9,10,106,Ginger FC,Tyler Lockett,False,tyler lockett,Ginger FC,169.1,14.0,WR,169.1,14.0,137.5,10.0,1.0,0.8131283264340627,True,91.86046511627907,53.125,153.0,38.73546511627907,38.73546511627907,1.0,0.8131283264340627,53.125,1.7291381668946648,38.73546511627907,1.0,Steal
2022,9,11,107,Uncle Rico,Kadarius Toney,False,kadarius toney,Uncle Rico,22.5,7.0,WR,3.3,2.0,0.0,0.0,0.14666666666666667,0.0,True,19.767441860465116,53.30668604651163,150.0,-33.53924418604652,-33.53924418604652,0.14666666666666667,0.0,53.30668604651163,0.3708248125426039,-4.919089147286822,0.14666666666666667,Bust
2022,9,12,108,Joe Mantegna,Darrell Henderson Jr.,False,darrell henderson,Joe Mantegna,65.0,13.0,RB,65.0,13.0,44.8,7.0,1.0,0.6892307692307692,True,49.411764705882355,52.87356321839081,151.0,-3.4617985125084516,-3.4617985125084516,1.0,0.6892307692307692,52.87356321839081,0.9345268542199489,-3.4617985125084516,1.0,Near Expectation
2022,10,1,109,Joe Mantegna,Russell Gage Jr.,False,russell gage,Joe Mantegna,34.7,5.0,WR,34.7,5.0,0.0,0.0,1.0,0.0,True,32.55813953488372,52.4390243902439,151.0,-19.88088485536018,-19.88088485536018,1.0,0.0,52.4390243902439,0.6208761492698757,-19.88088485536018,1.0,Near Expectation
2022,10,2,110,Uncle Rico,George Pickens,False,george pickens,Uncle Rico,82.8,12.0,WR,3.5999999999999996,2.0,0.0,0.0,0.043478260869565216,0.0,True,54.65116279069767,50.04360465116278,152.0,4.607558139534888,4.607558139534888,0.043478260869565216,0.0,50.04360465116278,1.092070868428696,0.20032861476238642,0.043478260869565216,Near Expectation
2022,10,3,111,Ginger FC,Devin Duvernay,False,devin duvernay,Ginger FC,86.4,13.0,WR,86.4,13.0,13.399999999999999,3.0,1.0,0.15509259259259256,True,55.81395348837209,48.79360465116279,156.0,7.020348837209305,7.020348837209305,1.0,0.15509259259259256,48.79360465116279,1.1438784629133156,7.020348837209305,1.0,Near Expectation
2022,10,4,112,Malle ❤️ 🐸,Cole Kmet,False,cole kmet,Malle ❤️ 🐸,34.0,8.0,TE,14.6,5.0,0.0,0.0,0.4294117647058823,0.0,True,38.70967741935484,47.947454844006565,156.0,-9.237777424651725,-9.237777424651725,0.4294117647058823,0.0,47.947454844006565,0.8073353954927088,-3.966810305879858,0.4294117647058823,Near Expectation
2022,10,5,113,ThreatLevelMidnight,Elijah Mitchell,True,elijah mitchell,ThreatLevelMidnight,24.6,12.0,RB,24.6,12.0,10.0,2.0,1.0,0.4065040650406504,False,28.235294117647058,,,,,,,,,,,Not Rated
2022,10,6,114,Big Sack Jack,Nyheim Miller-Hines,False,nyheim miller hines,Big Sack Jack,45.3,14.0,RB,45.3,14.0,1.7999999999999998,3.0,1.0,0.039735099337748346,True,41.17647058823529,47.25274725274725,155.0,-6.076276664511958,-6.076276664511958,1.0,0.039735099337748346,47.25274725274725,0.8714090287277702,-6.076276664511958,1.0,Near Expectation
2022,10,7,115,Pop Lockett Drop it,Hollywood Brown,True,hollywood brown,Pop Lockett Drop it,101.0,14.0,WR,101.0,14.0,75.60000000000001,6.0,1.0,0.7485148514851486,False,58.139534883720934,,,,,,,,,,,Not Rated
2022,10,8,116,Voldemort,Justin Jefferson,True,justin jefferson,Voldemort,247.26,14.0,WR,247.26,14.0,247.26,13.0,1.0,1.0,False,100.0,,,,,,,,,,,Not Rated
2022,10,9,117,Patty Primetimes,Aaron Rodgers,False,aaron rodgers,Patty Primetimes,240.26,14.0,QB,240.26,13.0,109.76,6.0,1.0,0.45683842503954053,True,70.96774193548387,47.25274725274725,159.0,23.714994682736624,23.714994682736624,1.0,0.45683842503954053,47.25274725274725,1.501875468867217,23.714994682736624,1.0,Near Expectation
2022,10,10,118,The Big Gronkowski,Buccaneers,False,buccaneers,The Big Gronkowski,82.0,14.0,DEF,82.0,14.0,42.0,7.0,1.0,0.5121951219512195,False,,,,,,,,,,,,Not Rated
2022,10,11,119,malle_dips_pouches,Tyler Boyd,False,tyler boyd,malle_dips_pouches,114.92,14.0,WR,114.92,14.0,12.100000000000001,2.0,1.0,0.10529063696484513,True,68.6046511627907,46.51162790697674,159.0,22.09302325581396,22.09302325581396,1.0,0.10529063696484513,46.51162790697674,1.475,22.09302325581396,1.0,Near Expectation
2022,10,12,120,Post Mahomes,Kenneth Walker III,False,kenneth walker,Post Mahomes,117.5,11.0,RB,117.5,11.0,115.0,7.0,1.0,0.9787234042553191,True,70.58823529411765,46.38501742160279,156.0,24.203217872514863,24.203217872514863,1.0,0.9787234042553191,46.38501742160279,1.5217895608947805,24.203217872514863,1.0,Near Expectation
2022,11,1,121,Post Mahomes,Cam Akers,True,cam akers,Post Mahomes,52.9,9.0,RB,52.9,9.0,8.8,2.0,1.0,0.166351606805293,False,47.05882352941176,,,,,,,,,,,Not Rated
2022,11,2,122,malle_dips_pouches,Pat Freiermuth,False,pat freiermuth,malle_dips_pouches,101.5,14.0,TE,101.5,14.0,5.6,1.0,1.0,0.05517241379310345,True,90.32258064516128,46.14370468029005,158.0,44.17887596487123,44.17887596487123,1.0,0.05517241379310345,46.14370468029005,1.9574193548387093,44.17887596487123,1.0,Elite Steal
2022,11,3,123,The Big Gronkowski,David Njoku,False,david njoku,The Big Gronkowski,67.4,10.0,TE,1.2,1.0,1.2,1.0,0.01780415430267062,1.0,True,64.51612903225806,45.533948582729074,158.0,18.98218044952899,18.98218044952899,0.01780415430267062,1.0,45.533948582729074,1.416879735677676,0.3379616697245517,0.01780415430267062,Near Expectation
2022,11,4,124,Patty Primetimes,Colts,False,colts,Patty Primetimes,50.0,9.0,DEF,42.0,7.0,42.0,7.0,0.84,1.0,False,,,,,,,,,,,,Not Rated
2022,11,5,125,Voldemort,James Robinson,False,james robinson,Voldemort,83.1,14.0,RB,34.2,2.0,0.0,0.0,0.4115523465703972,0.0,True,55.294117647058826,43.75,157.0,11.544117647058826,11.544117647058826,0.4115523465703972,0.0,43.75,1.2638655462184873,4.751008706731792,0.4115523465703972,Near Expectation
2022,11,6,126,Pop Lockett Drop it,Alexander Mattison,False,alexander mattison,Pop Lockett Drop it,31.5,7.0,RB,31.5,7.0,8.3,1.0,1.0,0.2634920634920635,True,31.76470588235294,43.75,158.0,-11.985294117647062,-11.985294117647062,1.0,0.2634920634920635,43.75,0.7260504201680672,-11.985294117647062,1.0,Near Expectation
2022,11,7,127,Big Sack Jack,Derek Carr,False,derek carr,Big Sack Jack,243.48000000000002,14.0,QB,243.48000000000002,14.0,21.92,1.0,1.0,0.0900279283719402,True,74.19354838709677,40.74074074074074,161.0,33.45280764635603,33.45280764635603,1.0,0.0900279283719402,40.74074074074074,1.8211143695014662,33.45280764635603,1.0,Steal
2022,11,8,128,ThreatLevelMidnight,Raheem Mostert,False,raheem mostert,ThreatLevelMidnight,97.2,13.0,RB,3.7,1.0,0.0,0.0,0.03806584362139918,0.0,True,62.35294117647059,40.4344512195122,160.0,21.91848995695839,21.91848995695839,0.03806584362139918,0.0,40.4344512195122,1.5420746243832122,0.8343458111187865,0.03806584362139918,Near Expectation
2022,11,9,129,Malle ❤️ 🐸,Trevor Lawrence,False,trevor lawrence,Malle ❤️ 🐸,281.88,14.0,QB,281.88,14.0,18.7,1.0,1.0,0.06634028664680006,True,87.09677419354838,40.0,157.0,47.096774193548384,47.096774193548384,1.0,0.06634028664680006,40.0,2.1774193548387095,47.096774193548384,1.0,Elite Steal
2022,11,10,130,Ginger FC,Rams,False,rams,Ginger FC,52.0,11.0,DEF,52.0,11.0,52.0,10.0,1.0,1.0,False,,,,,,,,,,,,Not Rated
2022,11,11,131,Uncle Rico,Jakobi Meyers,False,jakobi meyers,Uncle Rico,101.2,14.0,WR,101.2,14.0,40.7,4.0,1.0,0.40217391304347827,True,59.30232558139535,40.0,152.0,19.30232558139535,19.30232558139535,1.0,0.40217391304347827,40.0,1.4825581395348837,19.30232558139535,1.0,Near Expectation
2022,11,12,132,Joe Mantegna,Julio Jones,False,julio jones,Joe Mantegna,10.1,2.0,WR,10.1,2.0,0.0,0.0,1.0,0.0,True,10.465116279069768,40.0,154.0,-29.53488372093023,-29.53488372093023,1.0,0.0,40.0,0.2616279069767442,-29.53488372093023,1.0,Bust
2022,12,1,133,Joe Mantegna,Chase Claypool,False,chase claypool,Joe Mantegna,80.14,14.0,WR,80.14,14.0,10.0,3.0,1.0,0.12478163214374843,True,51.162790697674424,40.0,153.0,11.162790697674424,11.162790697674424,1.0,0.12478163214374843,40.0,1.2790697674418605,11.162790697674424,1.0,Near Expectation
2022,12,2,134,Uncle Rico,Isiah Pacheco,False,isiah pacheco,Uncle Rico,86.5,14.0,RB,86.5,14.0,36.7,3.0,1.0,0.42427745664739885,True,57.647058823529406,39.75308641975309,152.0,17.893972403776317,17.893972403776317,1.0,0.42427745664739885,39.75308641975309,1.4501278772378514,17.893972403776317,1.0,Near Expectation
2022,12,3,135,Ginger FC,DJ Chark,False,dj chark,Ginger FC,37.699999999999996,6.0,WR,19.299999999999997,5.0,0.0,1.0,0.5119363395225464,0.0,True,34.883720930232556,40.37037037037037,146.0,-5.4866494401378105,-5.4866494401378105,0.5119363395225464,0.0,40.37037037037037,0.8640921698314488,-2.808815230627579,0.5119363395225464,Near Expectation
2022,12,4,136,Malle ❤️ 🐸,Jamaal Williams,False,jamaal williams,Malle ❤️ 🐸,172.79999999999998,14.0,RB,172.79999999999998,14.0,110.2,10.0,1.0,0.6377314814814815,True,88.23529411764706,40.0,142.0,48.23529411764706,48.23529411764706,1.0,0.6377314814814815,40.0,2.2058823529411766,48.23529411764706,1.0,Elite Steal
2022,12,5,137,ThreatLevelMidnight,Treylon Burks,False,treylon burks,ThreatLevelMidnight,33.8,5.0,WR,31.0,4.0,0.0,0.0,0.9171597633136096,0.0,True,31.3953488372093,40.88319088319088,140.0,-9.487842045981576,-9.487842045981576,0.9171597633136096,0.0,40.88319088319088,0.7679280447289524,-8.701866965249376,0.9171597633136096,Near Expectation
2022,12,6,138,Big Sack Jack,Khalil Herbert,False,khalil herbert,Big Sack Jack,103.5,14.0,RB,103.5,14.0,34.3,4.0,1.0,0.33140096618357484,True,65.88235294117646,43.92857142857143,140.0,21.953781512605033,21.953781512605033,1.0,0.33140096618357484,43.92857142857143,1.4997608799617406,21.953781512605033,1.0,Near Expectation
2022,12,7,139,Pop Lockett Drop it,Romeo Doubs,False,romeo doubs,Pop Lockett Drop it,64.0,10.0,WR,64.0,10.0,4.4,1.0,1.0,0.06875,True,41.86046511627907,42.640692640692635,138.0,-0.7802275244135615,-0.7802275244135615,1.0,0.06875,42.640692640692635,0.9817022783614687,-0.7802275244135615,1.0,Near Expectation
2022,12,8,140,Voldemort,Kenny Gainwell,False,kenny gainwell,Voldemort,11.899999999999999,2.0,RB,10.2,1.0,0.0,0.0,0.8571428571428572,0.0,True,24.705882352941178,42.42424242424242,135.0,-17.718360071301245,-17.718360071301245,0.8571428571428572,0.0,42.42424242424242,0.5823529411764706,-15.187165775401068,0.8571428571428572,Near Expectation
2022,12,9,141,Patty Primetimes,Rachaad White,False,rachaad white,Patty Primetimes,84.1,13.0,RB,0.0,0.0,0.0,0.0,0.0,,True,56.470588235294116,42.640692640692635,134.0,13.829895594601481,13.829895594601481,0.0,,42.640692640692635,1.324335622573903,0.0,0.0,Near Expectation
2022,12,10,142,The Big Gronkowski,Tyler Bass,False,tyler bass,The Big Gronkowski,129.0,14.0,K,129.0,14.0,129.0,13.0,1.0,1.0,False,,,,,,,,,,,,Not Rated
2022,12,11,143,malle_dips_pouches,DeVante Parker,False,devante parker,malle_dips_pouches,1.4,2.0,WR,1.4,2.0,0.0,0.0,1.0,0.0,True,3.488372093023256,41.46341463414634,133.0,-37.97504254112308,-37.97504254112308,1.0,0.0,41.46341463414634,0.08413132694938441,-37.97504254112308,1.0,Bust
2022,12,12,144,Post Mahomes,Irv Smith Jr.,False,irv smith,Post Mahomes,17.7,6.0,TE,0.0,1.0,0.0,1.0,0.0,,True,25.806451612903224,41.94382852919438,132.0,-16.137376916291153,-16.137376916291153,0.0,,41.94382852919438,0.6152621855904505,-0.0,0.0,Near Expectation
2022,13,1,145,Post Mahomes,Saints,False,saints,Post Mahomes,29.0,6.0,DEF,22.0,5.0,18.0,4.0,0.7586206896551724,0.8181818181818182,False,,,,,,,,,,,,Not Rated
2022,13,2,146,malle_dips_pouches,Matt Gay,False,matt gay,malle_dips_pouches,70.0,12.0,K,70.0,12.0,68.0,10.0,1.0,0.9714285714285714,False,,,,,,,,,,,,Not Rated
2022,13,3,147,The Big Gronkowski,Isaiah McKenzie,False,isaiah mckenzie,The Big Gronkowski,65.7,11.0,WR,61.4,10.0,7.5,1.0,0.9345509893455098,0.12214983713355049,True,43.02325581395349,40.75091575091575,122.0,2.2723400630377384,2.2723400630377384,0.9345509893455098,0.12214983713355049,40.75091575091575,1.0557616932322968,2.1236176540413565,0.9345509893455098,Near Expectation
2022,13,4,148,Patty Primetimes,Skyy Moore,False,skyy moore,Patty Primetimes,6.0,3.0,WR,3.5,2.0,0.0,0.0,0.5833333333333334,0.0,True,5.813953488372093,40.75091575091575,120.0,-34.93696226254366,-34.93696226254366,0.5833333333333334,0.0,40.75091575091575,0.14267049908544552,-20.37989465315047,0.5833333333333334,Bust
2022,13,5,149,Voldemort,Marquez Valdes-Scantling,False,marquez valdes scantling,Voldemort,0.0,0.0,,0.0,0.0,0.0,0.0,,,False,,,,,,,,,,,,Not Rated
2022,13,6,150,Pop Lockett Drop it,Chargers,False,chargers,Pop Lockett Drop it,12.0,3.0,DEF,12.0,1.0,12.0,1.0,1.0,1.0,False,,,,,,,,,,,,Not Rated
2022,13,7,151,Big Sack Jack,Nico Collins,False,nico collins,Big Sack Jack,78.6,14.0,WR,78.6,14.0,0.0,0.0,1.0,0.0,True,50.0,41.39837398373984,116.0,8.601626016260163,8.601626016260163,1.0,0.0,41.39837398373984,1.2077769049489395,8.601626016260163,1.0,Near Expectation
2022,13,8,152,ThreatLevelMidnight,Albert Okwuegbunam Jr.,False,albert okwuegbunam,ThreatLevelMidnight,5.8,2.0,TE,5.8,2.0,5.8,2.0,1.0,1.0,True,16.129032258064516,41.39837398373984,116.0,-25.26934172567532,-25.26934172567532,1.0,1.0,41.39837398373984,0.3896054532093353,-25.26934172567532,1.0,Bust
2022,13,9,153,Malle ❤️ 🐸,Jarvis Landry,False,jarvis landry,Malle ❤️ 🐸,26.3,6.0,WR,26.3,6.0,0.0,0.0,1.0,0.0,True,25.581395348837212,42.42424242424242,115.0,-16.84284707540521,-16.84284707540521,1.0,0.0,42.42424242424242,0.6029900332225915,-16.84284707540521,1.0,Near Expectation
2022,13,10,154,Ginger FC,Daniel Carlson,False,daniel carlson,Ginger FC,129.0,14.0,K,129.0,14.0,129.0,13.0,1.0,1.0,False,,,,,,,,,,,,Not Rated
2022,13,11,155,Uncle Rico,Tyler Allgeier,False,tyler allgeier,Uncle Rico,68.7,10.0,RB,0.0,1.0,0.0,0.0,0.0,,True,50.588235294117645,41.17948717948718,116.0,9.408748114630463,9.408748114630463,0.0,,41.17948717948718,1.228481429931873,0.0,0.0,Near Expectation
2022,13,12,156,Joe Mantegna,Ronald Jones,False,ronald jones,Joe Mantegna,0.0,1.0,RB,0.0,1.0,0.0,0.0,,,True,2.941176470588235,40.88319088319088,116.0,-37.942014412602646,-37.942014412602646,,,40.88319088319088,0.07194097151055545,-0.0,,Bust
2022,14,1,157,Joe Mantegna,Broncos,False,broncos,Joe Mantegna,60.0,8.0,DEF,28.0,3.0,28.0,3.0,0.4666666666666667,1.0,False,,,,,,,,,,,,Not Rated
2022,14,2,158,Uncle Rico,Browns,False,browns,Uncle Rico,39.0,4.0,DEF,9.0,2.0,9.0,2.0,0.23076923076923078,1.0,False,,,,,,,,,,,,Not Rated
2022,14,3,159,Ginger FC,Sammy Watkins,False,sammy watkins,Ginger FC,14.100000000000001,2.0,WR,14.100000000000001,2.0,0.0,0.0,1.0,0.0,True,17.441860465116278,40.476190476190474,107.0,-23.034330011074196,-23.034330011074196,1.0,0.0,40.476190476190474,0.43091655266757867,-23.034330011074196,1.0,Near Expectation
2022,14,4,160,Malle ❤️ 🐸,J.D. McKissic,False,jd mckissic,Malle ❤️ 🐸,42.300000000000004,14.0,RB,42.300000000000004,14.0,6.3,1.0,1.0,0.14893617021276595,True,40.0,40.01831501831502,108.0,-0.018315018315021803,-0.018315018315021803,1.0,0.14893617021276595,40.01831501831502,0.9995423340961097,-0.018315018315021803,1.0,Near Expectation
2022,14,5,161,ThreatLevelMidnight,Brian Robinson,False,brian robinson,ThreatLevelMidnight,82.5,14.0,RB,25.799999999999997,8.0,21.6,2.0,0.3127272727272727,0.8372093023255816,True,54.11764705882353,40.60846560846561,110.0,13.509181450357922,13.509181450357922,0.3127272727272727,0.8372093023255816,40.60846560846561,1.3326690936961103,4.224689471748295,0.3127272727272727,Near Expectation
2022,14,6,162,Big Sack Jack,Hunter Henry,False,hunter henry,Big Sack Jack,39.5,9.0,TE,39.5,9.0,9.1,2.0,1.0,0.23037974683544302,True,45.16129032258064,40.476190476190474,109.0,4.685099846390166,4.685099846390166,1.0,0.23037974683544302,40.476190476190474,1.1157495256166983,4.685099846390166,1.0,Near Expectation
2022,14,7,163,Pop Lockett Drop it,Tua Tagovailoa,False,tua tagovailoa,Pop Lockett Drop it,195.2,10.0,QB,16.8,1.0,0.0,0.0,0.08606557377049182,0.0,True,61.29032258064516,40.476190476190474,109.0,20.814132104454686,20.814132104454686,0.08606557377049182,0.0,40.476190476190474,1.5142314990512333,1.7913802221047068,0.08606557377049182,Near Expectation
2022,14,8,164,Voldemort,Patriots,False,patriots,Voldemort,108.0,11.0,DEF,12.0,2.0,12.0,2.0,0.1111111111111111,1.0,False,,,,,,,,,,,,Not Rated
2022,14,9,165,Patty Primetimes,Travis Etienne Jr.,True,travis etienne,Patty Primetimes,134.1,13.0,RB,134.1,13.0,109.0,9.0,1.0,0.8128262490678598,False,78.82352941176471,,,,,,,,,,,Not Rated
2022,14,10,166,The Big Gronkowski,Jeff Wilson Jr.,False,jeff wilson,The Big Gronkowski,119.5,14.0,RB,119.5,14.0,105.6,10.0,1.0,0.8836820083682008,True,71.76470588235294,40.60846560846561,102.0,31.156240273887335,31.156240273887335,1.0,0.8836820083682008,40.60846560846561,1.7672351025100594,31.156240273887335,1.0,Steal
2022,14,11,167,malle_dips_pouches,Ravens,False,ravens,malle_dips_pouches,112.0,13.0,DEF,73.0,9.0,73.0,9.0,0.6517857142857143,1.0,False,,,,,,,,,,,,Not Rated
2022,14,12,168,Post Mahomes,Harrison Butker,False,harrison butker,Post Mahomes,80.0,13.0,K,26.0,6.0,26.0,3.0,0.325,1.0,False,,,,,,,,,,,,Not Rated
2022,15,1,169,Post Mahomes,Zamir White,False,zamir white,Post Mahomes,0.0,1.0,RB,0.0,1.0,0.0,0.0,,,True,2.941176470588235,40.485312899106006,90.0,-37.544136428517774,-37.544136428517774,,,40.485312899106006,0.07264798663945073,-0.0,,Bust
2022,15,2,170,malle_dips_pouches,Justin Fields,False,justin fields,malle_dips_pouches,185.52,10.0,QB,45.540000000000006,4.0,0.0,0.0,0.24547218628719278,0.0,True,51.61290322580645,40.74074074074074,85.0,10.872162485065708,10.872162485065708,0.24547218628719278,0.0,40.74074074074074,1.2668621700879765,2.668813494878678,0.24547218628719278,Near Expectation
2022,15,3,171,The Big Gronkowski,Packers,False,packers,The Big Gronkowski,51.0,8.0,DEF,33.0,6.0,19.0,3.0,0.6470588235294118,0.5757575757575758,False,,,,,,,,,,,,Not Rated
2022,15,4,172,Patty Primetimes,Greg Joseph,False,greg joseph,Patty Primetimes,43.0,6.0,K,43.0,6.0,43.0,6.0,1.0,1.0,False,,,,,,,,,,,,Not Rated
2022,15,5,173,Voldemort,Ryan Succop,False,ryan succop,Voldemort,91.0,10.0,K,91.0,10.0,91.0,10.0,1.0,1.0,False,,,,,,,,,,,,Not Rated
2022,15,6,174,Pop Lockett Drop it,Robbie Gould,False,robbie gould,Pop Lockett Drop it,94.0,12.0,K,55.0,8.0,55.0,8.0,0.5851063829787234,1.0,False,,,,,,,,,,,,Not Rated
2022,15,7,175,Big Sack Jack,Chiefs,False,chiefs,Big Sack Jack,88.0,14.0,DEF,88.0,14.0,23.0,3.0,1.0,0.26136363636363635,False,,,,,,,,,,,,Not Rated
2022,15,8,176,ThreatLevelMidnight,Cowboys,False,cowboys,ThreatLevelMidnight,129.0,12.0,DEF,0.0,0.0,0.0,0.0,0.0,,False,,,,,,,,,,,,Not Rated
2022,15,9,177,Malle ❤️ 🐸,Eagles,False,eagles,Malle ❤️ 🐸,104.0,13.0,DEF,17.0,2.0,0.0,0.0,0.16346153846153846,0.0,False,,,,,,,,,,,,Not Rated
2022,15,10,178,Ginger FC,Mark Ingram II,False,mark ingram,Ginger FC,33.699999999999996,10.0,RB,33.699999999999996,10.0,0.0,0.0,1.0,0.0,True,34.11764705882353,43.20987654320987,55.0,-9.092229484386344,-9.092229484386344,1.0,0.0,43.20987654320987,0.7895798319327731,-9.092229484386344,1.0,Near Expectation
2022,15,11,179,Uncle Rico,Jake Elliott,False,jake elliott,Uncle Rico,58.0,10.0,K,25.0,4.0,25.0,4.0,0.43103448275862066,1.0,False,,,,,,,,,,,,Not Rated
2022,15,12,180,Joe Mantegna,Younghoe Koo,False,younghoe koo,Joe Mantegna,116.0,13.0,K,116.0,13.0,116.0,13.0,1.0,1.0,False,,,,,,,,,,,,Not Rated
2023,1,1,1,Malle ❤️ 🐸,Justin Jefferson,False,justin jefferson,Malle ❤️ 🐸,94.8,14.0,WR,94.8,14.0,94.8,6.0,1.0,1.0,True,59.34065934065934,90.58823529411765,103.0,-31.24757595345831,-31.24757595345831,1.0,1.0,90.58823529411765,0.6550592264877979,-31.24757595345831,1.0,Bust
2023,1,2,2,Post Mahomes,Christian McCaffrey,False,christian mccaffrey,Post Mahomes,285.4,14.0,RB,285.4,14.0,285.4,13.0,1.0,1.0,True,100.0,90.54054054054053,111.0,9.459459459459467,9.459459459459467,1.0,1.0,90.54054054054053,1.1044776119402986,9.459459459459467,1.0,Near Expectation
2023,1,3,3,Ginger FC,Bijan Robinson,False,bijan robinson,Ginger FC,169.0,14.0,RB,169.0,14.0,169.0,13.0,1.0,1.0,True,92.6829268292683,90.5643879173291,118.0,2.118538911939197,2.118538911939197,1.0,1.0,90.5643879173291,1.0233926266235365,2.118538911939197,1.0,Near Expectation
2023,1,4,4,The Big Gronkowski,Austin Ekeler,False,austin ekeler,The Big Gronkowski,132.1,14.0,RB,132.1,14.0,132.1,10.0,1.0,1.0,True,74.39024390243902,90.36144578313254,125.0,-15.971201880693513,-15.971201880693513,1.0,1.0,90.36144578313254,0.8232520325203251,-15.971201880693513,1.0,Near Expectation
2023,1,5,5,Joe Mantegna,Tyreek Hill,False,tyreek hill,Joe Mantegna,274.2,14.0,WR,274.2,14.0,274.2,13.0,1.0,1.0,True,100.0,88.50574712643679,133.0,11.494252873563212,11.494252873563212,1.0,1.0,88.50574712643679,1.1298701298701297,11.494252873563212,1.0,Near Expectation
2023,1,6,6,Buttermilk Puuump,Travis Kelce,False,travis kelce,Buttermilk Puuump,157.6,14.0,TE,157.6,14.0,157.6,12.0,1.0,1.0,True,100.0,89.41176470588236,141.0,10.588235294117638,10.588235294117638,1.0,1.0,89.41176470588236,1.1184210526315788,10.588235294117638,1.0,Near Expectation
2023,1,7,7,malle_dips_pouches,Cooper Kupp,False,cooper kupp,malle_dips_pouches,76.1,11.0,WR,76.1,11.0,76.1,7.0,1.0,1.0,True,50.54945054945055,87.95180722891565,149.0,-37.40235667946511,-37.40235667946511,1.0,1.0,87.95180722891565,0.5747403281649858,-37.40235667946511,1.0,Bust
2023,1,8,8,Pop Lockett Drop it,CeeDee Lamb,False,ceedee lamb,Pop Lockett Drop it,235.70000000000002,14.0,WR,235.70000000000002,14.0,235.70000000000002,13.0,1.0,1.0,True,98.9010989010989,87.83783783783784,157.0,11.063261063261066,11.063261063261066,1.0,1.0,87.83783783783784,1.1259509721048182,11.063261063261066,1.0,Near Expectation
2023,1,9,9,Patty Primetimes,Stefon Diggs,False,stefon diggs,Patty Primetimes,151.2,11.0,WR,151.2,11.0,151.2,10.0,1.0,1.0,True,80.21978021978022,86.90476190476191,165.0,-6.684981684981693,-6.684981684981693,1.0,1.0,86.90476190476191,0.923076923076923,-6.684981684981693,1.0,Near Expectation
2023,1,10,10,ThreatLevelMidnight,Saquon Barkley,False,saquon barkley,ThreatLevelMidnight,150.1,14.0,RB,150.1,14.0,138.3,9.0,1.0,0.921385742838108,True,81.70731707317073,86.6260162601626,172.0,-4.918699186991873,-4.918699186991873,1.0,0.921385742838108,86.6260162601626,0.9432191459408727,-4.918699186991873,1.0,Near Expectation
2023,1,11,11,Voldemort,Nick Chubb,False,nick chubb,Voldemort,21.1,2.0,RB,21.1,2.0,21.1,2.0,1.0,1.0,True,26.82926829268293,86.24140087554721,180.0,-59.41213258286429,-59.41213258286429,1.0,1.0,86.24140087554721,0.31109499637418425,-59.41213258286429,1.0,Major Bust
2023,1,12,12,Uncle Rico,Josh Jacobs,False,josh jacobs,Uncle Rico,118.5,10.0,RB,118.5,10.0,118.5,9.0,1.0,1.0,True,67.07317073170732,85.8974358974359,187.0,-18.824265165728576,-18.824265165728576,1.0,1.0,85.8974358974359,0.78085183836913,-18.824265165728576,1.0,Near Expectation
2023,2,1,13,Uncle Rico,A.J. Brown,False,aj brown,Uncle Rico,157.7,10.0,WR,157.7,10.0,157.7,9.0,1.0,1.0,True,86.81318681318682,85.54006968641114,194.0,1.2731171267756736,1.2731171267756736,1.0,1.0,85.54006968641114,1.0148832837223878,1.2731171267756736,1.0,Near Expectation
2023,2,2,14,Voldemort,Davante Adams,False,davante adams,Voldemort,148.7,14.0,WR,148.7,14.0,148.7,13.0,1.0,1.0,True,78.02197802197803,85.8974358974359,193.0,-7.875457875457869,-7.875457875457869,1.0,1.0,85.8974358974359,0.9083155650319831,-7.875457875457869,1.0,Near Expectation
2023,2,3,15,ThreatLevelMidnight,Derrick Henry,False,derrick henry,ThreatLevelMidnight,185.28,14.0,RB,185.28,14.0,185.28,13.0,1.0,1.0,True,97.5609756097561,85.36585365853658,193.0,12.19512195121952,12.19512195121952,1.0,1.0,85.36585365853658,1.142857142857143,12.19512195121952,1.0,Near Expectation
2023,2,4,16,Patty Primetimes,Jaylen Waddle,False,jaylen waddle,Patty Primetimes,109.80000000000001,11.0,WR,109.80000000000001,11.0,109.80000000000001,10.0,1.0,1.0,True,62.637362637362635,84.61053516391146,192.0,-21.97317252654883,-21.97317252654883,1.0,1.0,84.61053516391146,0.7403021682349441,-21.97317252654883,1.0,Near Expectation
2023,2,5,17,Pop Lockett Drop it,Chris Olave,False,chris olave,Pop Lockett Drop it,151.8,14.0,WR,41.2,3.0,41.2,3.0,0.27140974967061926,1.0,True,81.86813186813187,83.9753086419753,192.0,-2.1071767738434346,-2.1071767738434346,0.27140974967061926,1.0,83.9753086419753,0.9749071863155957,-0.5719083207005897,0.27140974967061926,Near Expectation
2023,2,6,18,malle_dips_pouches,Joe Mixon,False,joe mixon,malle_dips_pouches,178.5,14.0,RB,178.5,14.0,178.5,13.0,1.0,1.0,True,95.1219512195122,83.23293172690764,192.0,11.889019492604561,11.889019492604561,1.0,1.0,83.23293172690764,1.1428403306952248,11.889019492604561,1.0,Near Expectation
2023,2,7,19,Buttermilk Puuump,Najee Harris,False,najee harris,Buttermilk Puuump,119.9,14.0,RB,119.9,14.0,105.6,12.0,1.0,0.8807339449541284,True,69.51219512195121,82.92682926829268,191.0,-13.41463414634147,-13.41463414634147,1.0,0.8807339449541284,82.92682926829268,0.838235294117647,-13.41463414634147,1.0,Near Expectation
2023,2,8,20,Joe Mantegna,Rhamondre Stevenson,False,rhamondre stevenson,Joe Mantegna,126.7,14.0,RB,126.7,14.0,70.2,7.0,1.0,0.5540647198105761,True,71.95121951219512,82.59552656104381,192.0,-10.644307048848688,-10.644307048848688,1.0,0.5540647198105761,82.59552656104381,0.8711273177611888,-10.644307048848688,1.0,Near Expectation
2023,2,9,21,The Big Gronkowski,DeVonta Smith,False,devonta smith,The Big Gronkowski,159.20000000000002,14.0,WR,159.20000000000002,14.0,159.20000000000002,13.0,1.0,1.0,True,87.91208791208791,82.14285714285714,191.0,5.769230769230774,5.769230769230774,1.0,1.0,82.14285714285714,1.0702341137123745,5.769230769230774,1.0,Near Expectation
2023,2,10,22,Ginger FC,Tee Higgins,False,tee higgins,Ginger FC,71.6,14.0,WR,71.6,14.0,66.5,9.0,1.0,0.9287709497206704,True,49.45054945054945,81.48148148148148,191.0,-32.03093203093203,-32.03093203093203,1.0,0.9287709497206704,81.48148148148148,0.6068931068931069,-32.03093203093203,1.0,Bust
2023,2,11,23,Post Mahomes,Aaron Jones Sr.,False,aaron jones,Post Mahomes,66.9,14.0,RB,66.9,14.0,66.9,7.0,1.0,1.0,True,50.0,80.24691358024691,191.0,-30.24691358024691,-30.24691358024691,1.0,1.0,80.24691358024691,0.6230769230769231,-30.24691358024691,1.0,Bust
2023,2,12,24,Malle ❤️ 🐸,Jahmyr Gibbs,False,jahmyr gibbs,Malle ❤️ 🐸,156.5,14.0,RB,156.5,14.0,156.5,11.0,1.0,1.0,True,85.36585365853658,79.62454212454213,190.0,5.741311533994448,5.741311533994448,1.0,1.0,79.62454212454213,1.0721047981037601,5.741311533994448,1.0,Near Expectation
2023,3,1,25,Malle ❤️ 🐸,Deebo Samuel Sr.,False,deebo samuel,Malle ❤️ 🐸,166.5,14.0,WR,166.5,14.0,126.0,8.0,1.0,0.7567567567567568,True,91.20879120879121,79.36105476673427,190.0,11.847736442056942,11.847736442056942,1.0,0.7567567567567568,79.36105476673427,1.1492890496085386,11.847736442056942,1.0,Near Expectation
2023,3,2,26,Post Mahomes,Patrick Mahomes,False,patrick mahomes,Post Mahomes,292.82,14.0,QB,292.82,14.0,292.82,13.0,1.0,1.0,True,94.11764705882352,79.51807228915662,189.0,14.599574769666901,14.599574769666901,1.0,1.0,79.51807228915662,1.1836007130124777,14.599574769666901,1.0,Near Expectation
2023,3,3,27,Ginger FC,J.K. Dobbins,False,jk dobbins,Ginger FC,10.7,5.0,RB,10.7,5.0,10.7,1.0,1.0,1.0,True,14.634146341463413,79.76190476190477,189.0,-65.12775842044135,-65.12775842044135,1.0,1.0,79.76190476190477,0.18347287950491442,-65.12775842044135,1.0,Major Bust
2023,3,4,28,The Big Gronkowski,DK Metcalf,False,dk metcalf,The Big Gronkowski,153.9,14.0,WR,153.9,14.0,141.7,11.0,1.0,0.9207277452891487,True,84.61538461538461,79.50262588816805,190.0,5.112758727216558,5.112758727216558,1.0,0.9207277452891487,79.50262588816805,1.064309306392073,5.112758727216558,1.0,Near Expectation
2023,3,5,29,Joe Mantegna,Breece Hall,False,breece hall,Joe Mantegna,162.0,14.0,RB,162.0,14.0,134.3,9.0,1.0,0.8290123456790124,True,90.2439024390244,79.41176470588235,191.0,10.832137733142048,10.832137733142048,1.0,0.8290123456790124,79.41176470588235,1.1364046973803072,10.832137733142048,1.0,Near Expectation
2023,3,6,30,Buttermilk Puuump,Kenneth Walker III,False,kenneth walker,Buttermilk Puuump,136.5,14.0,RB,136.5,14.0,129.1,10.0,1.0,0.9457875457875458,True,75.60975609756098,79.41176470588235,191.0,-3.8020086083213727,-3.8020086083213727,1.0,0.9457875457875458,79.41176470588235,0.9521228545618791,-3.8020086083213727,1.0,Near Expectation
2023,3,7,31,malle_dips_pouches,Josh Allen,False,josh allen,malle_dips_pouches,279.82,11.0,QB,279.82,11.0,279.82,10.0,1.0,1.0,True,85.29411764705883,79.36105476673427,190.0,5.933062880324556,5.933062880324556,1.0,1.0,79.36105476673427,1.0747603833865815,5.933062880324556,1.0,Near Expectation
2023,3,8,32,Pop Lockett Drop it,Cam Akers,False,cam akers,Pop Lockett Drop it,35.9,8.0,RB,8.9,2.0,8.9,1.0,0.24791086350974934,1.0,True,35.36585365853659,79.76190476190477,189.0,-44.39605110336819,-44.39605110336819,0.24791086350974934,1.0,79.76190476190477,0.44339279213687655,-11.006263365458967,0.24791086350974934,Major Bust
2023,3,9,33,Patty Primetimes,Dameon Pierce,False,dameon pierce,Patty Primetimes,65.2,14.0,RB,65.2,14.0,45.9,6.0,1.0,0.7039877300613496,True,47.5609756097561,79.48717948717949,189.0,-31.92620387742339,-31.92620387742339,1.0,0.7039877300613496,79.48717948717949,0.5983477576711251,-31.92620387742339,1.0,Bust
2023,3,10,34,ThreatLevelMidnight,Mark Andrews,False,mark andrews,ThreatLevelMidnight,112.9,14.0,TE,112.9,14.0,90.4,9.0,1.0,0.8007085916740478,True,81.81818181818183,79.48717948717949,189.0,2.3310023310023382,2.3310023310023382,1.0,0.8007085916740478,79.48717948717949,1.0293255131964811,2.3310023310023382,1.0,Near Expectation
2023,3,11,35,Voldemort,Lamar Jackson,False,lamar jackson,Voldemort,291.76,14.0,QB,291.76,14.0,291.76,13.0,1.0,1.0,True,91.17647058823529,79.88095238095238,190.0,11.29551820728291,11.29551820728291,1.0,1.0,79.88095238095238,1.1414044008065223,11.29551820728291,1.0,Near Expectation
2023,3,12,36,Uncle Rico,Alexander Mattison,False,alexander mattison,Uncle Rico,110.9,14.0,RB,110.9,14.0,73.1,10.0,1.0,0.6591523895401261,True,65.85365853658537,79.6399885255307,190.0,-13.786329988945326,-13.786329988945326,1.0,0.6591523895401261,79.6399885255307,0.8268918636957644,-13.786329988945326,1.0,Near Expectation
2023,4,1,37,Uncle Rico,Diontae Johnson,False,diontae johnson,Uncle Rico,84.0,12.0,WR,6.3,3.0,0.0,0.0,0.075,0.0,True,57.14285714285714,79.06976744186046,191.0,-21.926910299003325,-21.926910299003325,0.075,0.0,79.06976744186046,0.7226890756302521,-1.6445182724252494,0.075,Near Expectation
2023,4,2,38,Voldemort,Miles Sanders,False,miles sanders,Voldemort,55.0,11.0,RB,44.2,9.0,36.6,5.0,0.8036363636363637,0.8280542986425339,True,42.68292682926829,78.86821705426357,192.0,-36.18529022499528,-36.18529022499528,0.8036363636363637,0.8280542986425339,78.86821705426357,0.5411929979335177,-29.07981505354166,0.8036363636363637,Bust
2023,4,3,39,ThreatLevelMidnight,Brandon Aiyuk,False,brandon aiyuk,ThreatLevelMidnight,167.3,14.0,WR,167.3,14.0,167.3,12.0,1.0,1.0,True,92.3076923076923,77.77439024390245,192.0,14.533302063789861,14.533302063789861,1.0,1.0,77.77439024390245,1.1868648795344208,14.533302063789861,1.0,Near Expectation
2023,4,4,40,Patty Primetimes,DeAndre Hopkins,False,deandre hopkins,Patty Primetimes,155.2,14.0,WR,155.2,14.0,61.8,7.0,1.0,0.3981958762886598,True,85.71428571428571,77.41666666666666,192.0,8.297619047619051,8.297619047619051,1.0,0.3981958762886598,77.41666666666666,1.1071813009380287,8.297619047619051,1.0,Near Expectation
2023,4,5,41,Pop Lockett Drop it,T.J. Hockenson,False,tj hockenson,Pop Lockett Drop it,154.4,14.0,TE,154.4,14.0,154.4,13.0,1.0,1.0,True,96.96969696969697,77.33333333333333,193.0,19.63636363636364,19.63636363636364,1.0,1.0,77.33333333333333,1.2539184952978057,19.63636363636364,1.0,Near Expectation
2023,4,6,42,malle_dips_pouches,James Conner,False,james conner,malle_dips_pouches,78.4,11.0,RB,78.4,11.0,78.4,6.0,1.0,1.0,True,54.87804878048781,76.5432098765432,193.0,-21.665161096055392,-21.665161096055392,1.0,1.0,76.5432098765432,0.7169551534225022,-21.665161096055392,1.0,Near Expectation
2023,4,7,43,Buttermilk Puuump,Amon-Ra St. Brown,True,amon ra st brown,Buttermilk Puuump,185.1,14.0,WR,185.1,14.0,185.1,12.0,1.0,1.0,False,94.5054945054945,,,,,,,,,,,Not Rated
2023,4,8,44,Joe Mantegna,Keenan Allen,False,keenan allen,Joe Mantegna,226.86,14.0,WR,226.86,14.0,226.86,13.0,1.0,1.0,True,97.8021978021978,76.0262725779967,194.0,21.77592522420109,21.77592522420109,1.0,1.0,76.0262725779967,1.2864263166638976,21.77592522420109,1.0,Near Expectation
2023,4,9,45,The Big Gronkowski,DJ Moore,False,dj moore,The Big Gronkowski,193.2,14.0,WR,193.2,14.0,193.2,13.0,1.0,1.0,True,96.7032967032967,75.59557572319909,194.0,21.10772098009761,21.10772098009761,1.0,1.0,75.59557572319909,1.2792189989713907,21.10772098009761,1.0,Near Expectation
2023,4,10,46,Ginger FC,Jahan Dotson,False,jahan dotson,Ginger FC,91.8,14.0,WR,91.8,14.0,41.6,8.0,1.0,0.45315904139433555,True,58.24175824175825,74.4186046511628,195.0,-16.176846409404547,-16.176846409404547,1.0,0.45315904139433555,74.4186046511628,0.7826236263736264,-16.176846409404547,1.0,Near Expectation
2023,4,11,47,Post Mahomes,Jonathan Taylor,False,jonathan taylor,Post Mahomes,93.1,14.0,RB,93.1,14.0,89.2,6.0,1.0,0.9581095596133191,True,60.97560975609756,73.52941176470588,195.0,-12.553802008608322,-12.553802008608322,1.0,0.9581095596133191,73.52941176470588,0.8292682926829268,-12.553802008608322,1.0,Near Expectation
2023,4,12,48,Malle ❤️ 🐸,Javonte Williams,False,javonte williams,Malle ❤️ 🐸,119.0,14.0,RB,119.0,14.0,119.0,12.0,1.0,1.0,True,68.29268292682927,75.0,193.0,-6.707317073170728,-6.707317073170728,1.0,1.0,75.0,0.910569105691057,-6.707317073170728,1.0,Near Expectation
2023,5,1,49,Malle ❤️ 🐸,Jalen Hurts,True,jalen hurts,Malle ❤️ 🐸,339.68,14.0,QB,339.68,14.0,339.68,13.0,1.0,1.0,False,100.0,,,,,,,,,,,Not Rated
2023,5,2,50,Post Mahomes,George Kittle,False,george kittle,Post Mahomes,143.8,14.0,TE,143.8,14.0,143.8,13.0,1.0,1.0,True,93.93939393939394,73.52941176470588,193.0,20.409982174688054,20.409982174688054,1.0,1.0,73.52941176470588,1.2775757575757576,20.409982174688054,1.0,Near Expectation
2023,5,3,51,Ginger FC,Dalvin Cook,False,dalvin cook,Ginger FC,18.0,7.0,RB,18.0,7.0,6.0,3.0,1.0,0.3333333333333333,True,21.341463414634145,72.8395061728395,194.0,-51.49804275820536,-51.49804275820536,1.0,0.3333333333333333,72.8395061728395,0.29299297230260435,-51.49804275820536,1.0,Major Bust
2023,5,4,52,The Big Gronkowski,Dallas Goedert,False,dallas goedert,The Big Gronkowski,77.0,14.0,TE,77.0,14.0,77.0,10.0,1.0,1.0,True,72.72727272727273,71.51675485008818,194.0,1.2105178771845573,1.2105178771845573,1.0,1.0,71.51675485008818,1.0169263535478088,1.2105178771845573,1.0,Near Expectation
2023,5,5,53,Joe Mantegna,David Montgomery,False,david montgomery,Joe Mantegna,153.6,14.0,RB,153.6,14.0,153.6,10.0,1.0,1.0,True,82.92682926829268,71.02603964244074,194.0,11.900789625851942,11.900789625851942,1.0,1.0,71.02603964244074,1.1675553034600112,11.900789625851942,1.0,Near Expectation
2023,5,6,54,Buttermilk Puuump,Chris Godwin Jr.,False,chris godwin,Buttermilk Puuump,112.2,14.0,WR,112.2,14.0,112.2,13.0,1.0,1.0,True,63.73626373626373,71.25645438898451,194.0,-7.520190652720778,-7.520190652720778,1.0,1.0,71.25645438898451,0.8944630248978074,-7.520190652720778,1.0,Near Expectation
2023,5,7,55,malle_dips_pouches,Terry McLaurin,False,terry mclaurin,malle_dips_pouches,99.4,11.0,WR,99.4,11.0,87.4,9.0,1.0,0.8792756539235412,True,60.43956043956044,71.25645438898451,194.0,-10.81689394942407,-10.81689394942407,1.0,0.8792756539235412,71.25645438898451,0.8481976960237829,-10.81689394942407,1.0,Near Expectation
2023,5,8,56,Pop Lockett Drop it,Isiah Pacheco,False,isiah pacheco,Pop Lockett Drop it,157.3,14.0,RB,104.5,10.0,104.5,9.0,0.6643356643356643,1.0,True,86.58536585365853,70.0,195.0,16.58536585365853,16.58536585365853,0.6643356643356643,1.0,70.0,1.2369337979094075,11.01825004264028,0.6643356643356643,Near Expectation
2023,5,9,57,Patty Primetimes,Darren Waller,False,darren waller,Patty Primetimes,62.4,10.0,TE,62.4,9.0,62.4,8.0,1.0,1.0,True,63.63636363636363,68.48723723723724,196.0,-4.850873600873605,-4.850873600873605,1.0,1.0,68.48723723723724,0.9291711303221305,-4.850873600873605,1.0,Near Expectation
2023,5,10,58,ThreatLevelMidnight,Trevor Lawrence,False,trevor lawrence,ThreatLevelMidnight,266.34,14.0,QB,266.34,14.0,215.79999999999998,10.0,1.0,0.8102425471202223,True,79.41176470588235,69.18328584995251,194.0,10.228478855929836,10.228478855929836,1.0,0.8102425471202223,69.18328584995251,1.147846097945012,10.228478855929836,1.0,Near Expectation
2023,5,11,59,Voldemort,Tyler Lockett,False,tyler lockett,Voldemort,129.6,14.0,WR,98.4,10.0,75.6,7.0,0.7592592592592593,0.7682926829268292,True,71.42857142857143,69.1358024691358,193.0,2.2927689594356337,2.2927689594356337,0.7592592592592593,0.7682926829268292,69.1358024691358,1.0331632653061225,1.740806061793722,0.7592592592592593,Near Expectation
2023,5,12,60,Uncle Rico,Ja'Marr Chase,True,jamarr chase,Uncle Rico,153.62,10.0,WR,153.62,10.0,153.62,9.0,1.0,1.0,False,83.51648351648352,,,,,,,,,,,Not Rated
2023,6,1,61,Uncle Rico,Joe Burrow,False,joe burrow,Uncle Rico,170.82,9.0,QB,170.82,9.0,135.74,6.0,1.0,0.7946376302540687,True,50.0,66.66666666666666,192.0,-16.666666666666657,-16.666666666666657,1.0,0.7946376302540687,66.66666666666666,0.7500000000000001,-16.666666666666657,1.0,Near Expectation
2023,6,2,62,Voldemort,Rachaad White,False,rachaad white,Voldemort,180.4,14.0,RB,180.4,14.0,166.0,12.0,1.0,0.9201773835920177,True,96.34146341463415,66.66666666666666,192.0,29.67479674796749,29.67479674796749,1.0,0.9201773835920177,66.66666666666666,1.4451219512195124,29.67479674796749,1.0,Steal
2023,6,3,63,ThreatLevelMidnight,Alvin Kamara,False,alvin kamara,ThreatLevelMidnight,170.1,14.0,RB,170.1,14.0,170.1,10.0,1.0,1.0,True,93.90243902439023,66.66666666666666,192.0,27.235772357723576,27.235772357723576,1.0,1.0,66.66666666666666,1.4085365853658538,27.235772357723576,1.0,Steal
2023,6,4,64,Patty Primetimes,Michael Pittman Jr.,False,michael pittman,Patty Primetimes,173.9,14.0,WR,173.9,14.0,128.4,10.0,1.0,0.738355376653249,True,93.4065934065934,65.47619047619048,193.0,27.93040293040292,27.93040293040292,1.0,0.738355376653249,65.47619047619048,1.4265734265734265,27.93040293040292,1.0,Steal
2023,6,5,65,Pop Lockett Drop it,Brian Robinson,False,brian robinson,Pop Lockett Drop it,161.5,14.0,RB,161.5,14.0,81.39999999999999,7.0,1.0,0.5040247678018576,True,89.02439024390245,64.99615975422427,192.0,24.02823048967818,24.02823048967818,1.0,0.5040247678018576,64.99615975422427,1.369686925820514,24.02823048967818,1.0,Near Expectation
2023,6,6,66,malle_dips_pouches,Amari Cooper,True,amari cooper,malle_dips_pouches,126.1,14.0,WR,126.1,14.0,113.3,12.0,1.0,0.8984932593180016,False,70.32967032967034,,,,,,,,,,,Not Rated
2023,6,7,67,Buttermilk Puuump,D'Andre Swift,False,dandre swift,Buttermilk Puuump,149.0,14.0,RB,149.0,14.0,108.3,10.0,1.0,0.7268456375838926,True,80.48780487804879,62.89173789173789,192.0,17.596066986310902,17.596066986310902,1.0,0.7268456375838926,62.89173789173789,1.2797834433610475,17.596066986310902,1.0,Near Expectation
2023,6,8,68,Joe Mantegna,Kyle Pitts Sr.,False,kyle pitts,Joe Mantegna,88.5,14.0,TE,88.5,14.0,65.0,10.0,1.0,0.7344632768361582,True,75.75757575757575,62.57530120481928,192.0,13.182274552756468,13.182274552756468,1.0,0.7344632768361582,62.57530120481928,1.2106625825037376,13.182274552756468,1.0,Near Expectation
2023,6,9,69,The Big Gronkowski,Tony Pollard,True,tony pollard,The Big Gronkowski,162.6,14.0,RB,162.6,14.0,162.6,13.0,1.0,1.0,False,91.46341463414635,,,,,,,,,,,Not Rated
2023,6,10,70,Ginger FC,Khalil Herbert,False,khalil herbert,Ginger FC,57.199999999999996,14.0,RB,57.199999999999996,14.0,33.7,5.0,1.0,0.5891608391608393,True,43.90243902439025,62.65060240963856,191.0,-18.74816338524831,-18.74816338524831,1.0,0.5891608391608393,62.65060240963856,0.700750469043152,-18.74816338524831,1.0,Near Expectation
2023,6,11,71,Post Mahomes,Drake London,False,drake london,Post Mahomes,117.38,14.0,WR,117.38,14.0,52.4,5.0,1.0,0.4464133583233941,True,65.93406593406593,62.65060240963856,191.0,3.2834635244273684,3.2834635244273684,1.0,0.4464133583233941,62.65060240963856,1.052409129332206,3.2834635244273684,1.0,Near Expectation
2023,6,12,72,Malle ❤️ 🐸,Mike Evans,False,mike evans,Malle ❤️ 🐸,193.0,14.0,WR,193.0,14.0,193.0,13.0,1.0,1.0,True,95.6043956043956,63.09067688378033,190.0,32.51371872061527,32.51371872061527,1.0,1.0,63.09067688378033,1.5153490234461895,32.51371872061527,1.0,Steal
2023,7,1,73,Malle ❤️ 🐸,Pat Freiermuth,False,pat freiermuth,Malle ❤️ 🐸,48.7,12.0,TE,48.7,12.0,48.7,8.0,1.0,1.0,True,54.54545454545454,62.96296296296296,191.0,-8.417508417508422,-8.417508417508422,1.0,1.0,62.96296296296296,0.8663101604278074,-8.417508417508422,1.0,Near Expectation
2023,7,2,74,Post Mahomes,Christian Kirk,False,christian kirk,Post Mahomes,121.76,13.0,WR,121.76,13.0,121.76,12.0,1.0,1.0,True,69.23076923076923,62.89173789173789,190.0,6.339031339031337,6.339031339031337,1.0,1.0,62.89173789173789,1.1007927519818799,6.339031339031337,1.0,Near Expectation
2023,7,3,75,Ginger FC,David Njoku,False,david njoku,Ginger FC,64.6,8.0,TE,19.8,4.0,19.8,4.0,0.30650154798761614,1.0,True,66.66666666666666,62.82051282051282,191.0,3.8461538461538396,3.8461538461538396,0.30650154798761614,1.0,62.82051282051282,1.0612244897959182,1.1788521076446754,0.30650154798761614,Near Expectation
2023,7,4,76,The Big Gronkowski,Justin Herbert,False,justin herbert,The Big Gronkowski,280.65999999999997,14.0,QB,280.65999999999997,14.0,280.65999999999997,13.0,1.0,1.0,True,88.23529411764706,62.96296296296296,189.0,25.272331154684096,25.272331154684096,1.0,1.0,62.96296296296296,1.4013840830449826,25.272331154684096,1.0,Steal
2023,7,5,77,Joe Mantegna,Hollywood Brown,False,hollywood brown,Joe Mantegna,109.2,14.0,WR,109.2,14.0,7.7,2.0,1.0,0.07051282051282051,True,61.53846153846154,62.96296296296296,189.0,-1.4245014245014218,-1.4245014245014218,1.0,0.07051282051282051,62.96296296296296,0.9773755656108598,-1.4245014245014218,1.0,Near Expectation
2023,7,6,78,Buttermilk Puuump,Mike Williams,False,mike williams,Buttermilk Puuump,40.7,8.0,WR,40.7,8.0,40.7,3.0,1.0,1.0,True,34.065934065934066,62.33108108108108,186.0,-28.265147015147015,-28.265147015147015,1.0,1.0,62.33108108108108,0.5465320587271807,-28.265147015147015,1.0,Bust
2023,7,7,79,malle_dips_pouches,Damien Harris,False,damien harris,malle_dips_pouches,18.0,6.0,RB,18.0,6.0,0.0,0.0,1.0,0.0,True,21.341463414634145,61.76470588235294,186.0,-40.423242467718794,-40.423242467718794,1.0,0.0,61.76470588235294,0.34552845528455284,-40.423242467718794,1.0,Major Bust
2023,7,8,80,Pop Lockett Drop it,Jordan Addison,False,jordan addison,Pop Lockett Drop it,141.5,14.0,WR,141.5,14.0,112.0,11.0,1.0,0.7915194346289752,True,76.92307692307693,62.16216216216216,185.0,14.760914760914773,14.760914760914773,1.0,0.7915194346289752,62.16216216216216,1.2374581939799334,14.760914760914773,1.0,Near Expectation
2023,7,9,81,Patty Primetimes,Antonio Gibson,False,antonio gibson,Patty Primetimes,78.0,14.0,RB,78.0,14.0,0.0,0.0,1.0,0.0,True,53.65853658536586,62.57530120481928,184.0,-8.916764619453424,-8.916764619453424,1.0,0.0,62.57530120481928,0.8575034486806962,-8.916764619453424,1.0,Near Expectation
2023,7,10,82,ThreatLevelMidnight,George Pickens,False,george pickens,ThreatLevelMidnight,120.7,14.0,WR,120.7,14.0,19.099999999999998,3.0,1.0,0.15824357912178955,True,68.13186813186813,63.36595215905561,184.0,4.765915972812522,4.765915972812522,1.0,0.15824357912178955,63.36595215905561,1.0752125677974433,4.765915972812522,1.0,Near Expectation
2023,7,11,83,Voldemort,Evan Engram,False,evan engram,Voldemort,128.1,14.0,TE,128.1,14.0,115.8,11.0,1.0,0.9039812646370023,True,87.87878787878788,63.51351351351351,183.0,24.365274365274367,24.365274365274367,1.0,0.9039812646370023,63.51351351351351,1.3836234687298519,24.365274365274367,1.0,Near Expectation
2023,7,12,84,Uncle Rico,Gabe Davis,False,gabe davis,Uncle Rico,114.8,14.0,WR,114.8,14.0,44.5,8.0,1.0,0.38763066202090596,True,64.83516483516483,62.934496607118135,184.0,1.9006682280466975,1.9006682280466975,1.0,0.38763066202090596,62.934496607118135,1.030200737759325,1.9006682280466975,1.0,Near Expectation
2023,8,1,85,Uncle Rico,AJ Dillon,False,aj dillon,Uncle Rico,96.7,14.0,RB,4.6,1.0,0.0,0.0,0.04756980351602895,0.0,True,62.19512195121951,61.76470588235294,184.0,0.43041606886657036,0.43041606886657036,0.04756980351602895,0.0,61.76470588235294,1.0069686411149825,0.020474807826124337,0.04756980351602895,Near Expectation
2023,8,2,86,Voldemort,Jerick McKinnon,False,jerick mckinnon,Voldemort,24.1,6.0,RB,5.2,2.0,0.0,0.0,0.21576763485477177,0.0,True,30.48780487804878,61.76470588235294,181.0,-31.27690100430416,-31.27690100430416,0.21576763485477177,0.0,61.76470588235294,0.49361207897793263,-6.7485429552855445,0.21576763485477177,Bust
2023,8,3,87,ThreatLevelMidnight,Zach Charbonnet,False,zach charbonnet,ThreatLevelMidnight,61.4,10.0,RB,22.0,6.0,0.0,0.0,0.3583061889250814,0.0,True,46.34146341463415,60.58823529411765,180.0,-14.246771879483504,-14.246771879483504,0.3583061889250814,0.0,60.58823529411765,0.7648591049017286,-5.1047065366227535,0.3583061889250814,Near Expectation
2023,8,4,88,Patty Primetimes,Jamaal Williams,False,jamaal williams,Patty Primetimes,9.1,3.0,RB,9.1,3.0,6.2,1.0,1.0,0.6813186813186813,True,13.414634146341465,59.523809523809526,179.0,-46.10917537746806,-46.10917537746806,1.0,0.6813186813186813,59.523809523809526,0.2253658536585366,-46.10917537746806,1.0,Major Bust
2023,8,5,89,Pop Lockett Drop it,Jaxon Smith-Njigba,False,jaxon smith njigba,Pop Lockett Drop it,27.3,7.0,WR,12.2,4.0,0.0,0.0,0.44688644688644685,0.0,True,24.175824175824175,59.25925925925925,177.0,-35.08343508343508,-35.08343508343508,0.44688644688644685,0.0,59.25925925925925,0.407967032967033,-15.678311649007616,0.44688644688644685,Bust
2023,8,6,90,malle_dips_pouches,Tyler Higbee,False,tyler higbee,malle_dips_pouches,48.3,12.0,TE,43.8,11.0,41.6,9.0,0.906832298136646,0.949771689497717,True,51.515151515151516,58.536585365853654,175.0,-7.021433850702138,-7.021433850702138,0.906832298136646,0.949771689497717,58.536585365853654,0.8800505050505051,-6.3672629950466595,0.906832298136646,Near Expectation
2023,8,7,91,Buttermilk Puuump,Jerry Jeudy,False,jerry jeudy,Buttermilk Puuump,77.7,14.0,WR,77.7,14.0,24.8,4.0,1.0,0.31917631917631917,True,52.74725274725275,58.236434108527135,172.0,-5.489181361274383,-5.489181361274383,1.0,0.31917631917631917,58.236434108527135,0.9057431752939241,-5.489181361274383,1.0,Near Expectation
2023,8,8,92,Joe Mantegna,James Cook III,True,james cook,Joe Mantegna,159.0,14.0,RB,159.0,14.0,146.0,12.0,1.0,0.9182389937106918,False,87.8048780487805,,,,,,,,,,,Not Rated
2023,8,9,93,The Big Gronkowski,Samaje Perine,False,samaje perine,The Big Gronkowski,40.2,8.0,RB,31.700000000000003,6.0,16.8,3.0,0.7885572139303483,0.529968454258675,True,39.02439024390244,57.64119601328903,168.0,-18.616805769386595,-18.616805769386595,0.7885572139303483,0.529968454258675,57.64119601328903,0.677022562732832,-14.680416489789927,0.7885572139303483,Near Expectation
2023,8,10,94,Ginger FC,Rashod Bateman,False,rashod bateman,Ginger FC,9.4,3.0,WR,9.4,3.0,0.0,0.0,1.0,0.0,True,12.087912087912088,57.64119601328903,166.0,-45.553283925376945,-45.553283925376945,1.0,0.0,57.64119601328903,0.20970959875859013,-45.553283925376945,1.0,Major Bust
2023,8,11,95,Post Mahomes,Brandin Cooks,False,brandin cooks,Post Mahomes,40.3,6.0,WR,5.9,3.0,0.0,0.0,0.14640198511166255,0.0,True,32.967032967032964,56.97674418604651,167.0,-24.009711219013546,-24.009711219013546,0.14640198511166255,0.0,56.97674418604651,0.5786050684009867,-3.5150693844213388,0.14640198511166255,Near Expectation
2023,8,12,96,Malle ❤️ 🐸,49ers,False,49ers,Malle ❤️ 🐸,97.0,13.0,DEF,28.0,4.0,28.0,4.0,0.28865979381443296,1.0,False,,,,,,,,,,,,Not Rated
2023,9,1,97,Malle ❤️ 🐸,Justin Tucker,False,justin tucker,Malle ❤️ 🐸,120.0,14.0,K,120.0,14.0,120.0,13.0,1.0,1.0,False,,,,,,,,,,,,Not Rated
2023,9,2,98,Post Mahomes,Jaylen Warren,False,jaylen warren,Post Mahomes,106.60000000000001,12.0,RB,54.9,8.0,0.0,0.0,0.5150093808630394,0.0,True,64.63414634146342,54.65891472868216,164.0,9.975231612781258,9.975231612781258,0.5150093808630394,0.0,54.65891472868216,1.1824996281447713,5.137337856863893,0.5150093808630394,Near Expectation
2023,9,3,99,Ginger FC,Aaron Rodgers,True,aaron rodgers,Ginger FC,0.0,1.0,QB,0.0,1.0,0.0,0.0,,,False,2.941176470588235,,,,,,,,,,,Not Rated
2023,9,4,100,The Big Gronkowski,Courtland Sutton,False,courtland sutton,The Big Gronkowski,150.4,14.0,WR,150.4,14.0,60.1,5.0,1.0,0.3996010638297872,True,79.12087912087912,53.90202702702703,162.0,25.218852093852092,25.218852093852092,1.0,0.3996010638297872,53.90202702702703,1.467864633016623,25.218852093852092,1.0,Steal
2023,9,5,101,Joe Mantegna,Deshaun Watson,False,deshaun watson,Joe Mantegna,104.8,10.0,QB,104.8,10.0,63.42,3.0,1.0,0.6051526717557252,True,41.17647058823529,53.30668604651163,160.0,-12.13021545827634,-12.13021545827634,1.0,0.6051526717557252,53.30668604651163,0.7724447652271541,-12.13021545827634,1.0,Near Expectation
2023,9,6,102,Buttermilk Puuump,JuJu Smith-Schuster,False,juju smith schuster,Buttermilk Puuump,46.5,14.0,WR,46.5,14.0,2.1,1.0,1.0,0.04516129032258065,True,40.65934065934066,53.125,155.0,-12.465659340659343,-12.465659340659343,1.0,0.04516129032258065,53.125,0.7653522947640594,-12.465659340659343,1.0,Near Expectation
2023,9,7,103,malle_dips_pouches,Rashaad Penny,False,rashaad penny,malle_dips_pouches,1.9,4.0,RB,1.9,4.0,0.0,0.0,1.0,0.0,True,6.097560975609756,53.30668604651163,154.0,-47.20912507090188,-47.20912507090188,1.0,0.0,53.30668604651163,0.114386419937819,-47.20912507090188,1.0,Major Bust
2023,9,8,104,Pop Lockett Drop it,Tyler Allgeier,False,tyler allgeier,Pop Lockett Drop it,77.5,13.0,RB,70.9,11.0,9.1,2.0,0.9148387096774194,0.12834978843441466,True,52.4390243902439,54.65116279069767,153.0,-2.2121384004537674,-2.2121384004537674,0.9148387096774194,0.12834978843441466,54.65116279069767,0.9595225739491439,-2.0237498398989953,0.9148387096774194,Near Expectation
2023,9,9,105,Patty Primetimes,Tua Tagovailoa,False,tua tagovailoa,Patty Primetimes,209.0,11.0,QB,209.0,11.0,209.0,10.0,1.0,1.0,True,61.76470588235294,54.65116279069767,153.0,7.1135430916552735,7.1135430916552735,1.0,1.0,54.65116279069767,1.130162703379224,7.1135430916552735,1.0,Near Expectation
2023,9,10,106,ThreatLevelMidnight,Quentin Johnston,False,quentin johnston,ThreatLevelMidnight,1.9,1.0,WR,1.9,1.0,0.0,0.0,1.0,0.0,True,4.395604395604396,55.47107930828861,152.0,-51.075474912684214,-51.075474912684214,1.0,0.0,55.47107930828861,0.07924137136714401,-51.075474912684214,1.0,Major Bust
2023,9,11,107,Voldemort,Zay Flowers,False,zay flowers,Voldemort,130.9,14.0,WR,130.9,14.0,43.7,4.0,1.0,0.33384262796027503,True,72.52747252747253,55.848153214774285,150.0,16.67931931269824,16.67931931269824,1.0,0.33384262796027503,55.848153214774285,1.2986548050846887,16.67931931269824,1.0,Near Expectation
2023,9,12,108,Uncle Rico,Jeff Wilson Jr.,False,jeff wilson,Uncle Rico,10.9,9.0,RB,10.9,9.0,0.0,0.0,1.0,0.0,True,16.463414634146343,55.12820512820513,151.0,-38.66479049405879,-38.66479049405879,1.0,0.0,55.12820512820513,0.2986386840612592,-38.66479049405879,1.0,Bust
2023,10,1,109,Uncle Rico,Elijah Moore,False,elijah moore,Uncle Rico,70.4,11.0,WR,13.3,2.0,0.0,0.0,0.18892045454545453,0.0,True,48.35164835164835,54.32098765432099,149.0,-5.969339302672637,-5.969339302672637,0.18892045454545453,0.0,54.32098765432099,0.8901098901098901,-1.1277302943969612,0.18892045454545453,Near Expectation
2023,10,2,110,Voldemort,Christian Watson,True,christian watson,Voldemort,60.2,12.0,WR,60.2,12.0,10.1,1.0,1.0,0.16777408637873753,False,43.956043956043956,,,,,,,,,,,Not Rated
2023,10,3,111,ThreatLevelMidnight,Calvin Ridley,True,calvin ridley,ThreatLevelMidnight,137.2,14.0,WR,137.2,14.0,85.4,8.0,1.0,0.6224489795918369,False,74.72527472527473,,,,,,,,,,,Not Rated
2023,10,4,112,Patty Primetimes,Kadarius Toney,False,kadarius toney,Patty Primetimes,26.6,10.0,WR,0.5,1.0,0.0,0.0,0.018796992481203006,0.0,True,23.076923076923077,51.85185185185185,151.0,-28.77492877492877,-28.77492877492877,0.018796992481203006,0.0,51.85185185185185,0.4450549450549451,-0.5408821198294882,0.018796992481203006,Bust
2023,10,5,113,Pop Lockett Drop it,Marvin Mims Jr.,False,marvin mims,Pop Lockett Drop it,40.9,6.0,WR,40.9,6.0,5.7,1.0,1.0,0.1393643031784841,True,35.16483516483517,49.12448700410397,150.0,-13.959651839268801,-13.959651839268801,1.0,0.1393643031784841,49.12448700410397,0.7158310917709414,-13.959651839268801,1.0,Near Expectation
2023,10,6,114,malle_dips_pouches,Michael Thomas,False,michael thomas,malle_dips_pouches,70.3,14.0,WR,70.3,14.0,61.5,8.0,1.0,0.8748221906116643,True,47.25274725274725,50.330882352941174,150.0,-3.0781351001939257,-3.0781351001939257,1.0,0.8748221906116643,50.330882352941174,0.938842019923101,-3.0781351001939257,1.0,Near Expectation
2023,10,7,115,Buttermilk Puuump,Dak Prescott,False,dak prescott,Buttermilk Puuump,334.7,14.0,QB,334.7,14.0,297.64,12.0,1.0,0.8892739766955482,True,97.05882352941177,51.24999999999999,153.0,45.808823529411775,45.808823529411775,1.0,0.8892739766955482,51.24999999999999,1.893830703012913,45.808823529411775,1.0,Elite Steal
2023,10,8,116,Joe Mantegna,Nico Collins,False,nico collins,Joe Mantegna,166.4,14.0,WR,166.4,14.0,9.8,2.0,1.0,0.05889423076923077,True,90.10989010989012,51.38257575757575,154.0,38.727314352314366,38.727314352314366,1.0,0.05889423076923077,51.38257575757575,1.753705196388573,38.727314352314366,1.0,Steal
2023,10,9,117,The Big Gronkowski,Skyy Moore,False,skyy moore,The Big Gronkowski,32.1,8.0,WR,32.1,8.0,0.0,0.0,1.0,0.0,True,26.373626373626376,52.5,155.0,-26.126373626373624,-26.126373626373624,1.0,0.0,52.5,0.5023547880690739,-26.126373626373624,1.0,Bust
2023,10,10,118,Ginger FC,Treylon Burks,False,treylon burks,Ginger FC,13.799999999999999,5.0,WR,13.799999999999999,5.0,0.0,0.0,1.0,0.0,True,14.285714285714285,52.44047619047619,154.0,-38.154761904761905,-38.154761904761905,1.0,0.0,52.44047619047619,0.2724177071509648,-38.154761904761905,1.0,Bust
2023,10,11,119,Post Mahomes,Garrett Wilson,True,garrett wilson,Post Mahomes,138.2,14.0,WR,138.2,14.0,124.3,12.0,1.0,0.8994211287988423,False,75.82417582417582,,,,,,,,,,,Not Rated
2023,10,12,120,Malle ❤️ 🐸,Daniel Jones,False,daniel jones,Malle ❤️ 🐸,66.96000000000001,9.0,QB,66.96000000000001,9.0,0.0,0.0,1.0,0.0,True,17.647058823529413,52.68678160919541,152.0,-35.039722785665994,-35.039722785665994,1.0,0.0,52.68678160919541,0.33494281268547776,-35.039722785665994,1.0,Bust
2023,11,1,121,Malle ❤️ 🐸,Kenny Gainwell,False,kenny gainwell,Malle ❤️ 🐸,60.0,14.0,RB,60.0,14.0,19.3,3.0,1.0,0.32166666666666666,True,45.1219512195122,51.33897110641297,152.0,-6.217019886900772,-6.217019886900772,1.0,0.32166666666666666,51.33897110641297,0.8789025227246096,-6.217019886900772,1.0,Near Expectation
2023,11,2,122,Post Mahomes,Elijah Mitchell,False,elijah mitchell,Post Mahomes,5.999999999999999,7.0,RB,1.0,1.0,0.0,0.0,0.16666666666666669,0.0,True,7.317073170731707,52.00757575757576,154.0,-44.69050258684405,-44.69050258684405,0.16666666666666669,0.0,52.00757575757576,0.1406924484394152,-7.448417097807342,0.16666666666666669,Major Bust
2023,11,3,123,Ginger FC,Ezekiel Elliott,False,ezekiel elliott,Ginger FC,80.0,10.0,RB,0.0,0.0,0.0,0.0,0.0,,True,57.3170731707317,51.162790697674424,153.0,6.154282473057279,6.154282473057279,0.0,,51.162790697674424,1.1202882483370287,0.0,0.0,Near Expectation
2023,11,4,124,The Big Gronkowski,Tank Bigsby,False,tank bigsby,The Big Gronkowski,12.3,3.0,RB,12.3,3.0,0.0,0.0,1.0,0.0,True,18.29268292682927,51.162790697674424,153.0,-32.87010777084515,-32.87010777084515,1.0,0.0,51.162790697674424,0.35753880266075383,-32.87010777084515,1.0,Bust
2023,11,5,125,Joe Mantegna,Jakobi Meyers,False,jakobi meyers,Joe Mantegna,134.0,14.0,WR,134.0,14.0,16.9,2.0,1.0,0.12611940298507462,True,73.62637362637363,51.33897110641297,152.0,22.287402519960665,22.287402519960665,1.0,0.12611940298507462,51.33897110641297,1.4341225006976552,22.287402519960665,1.0,Near Expectation
2023,11,6,126,Buttermilk Puuump,De'Von Achane,False,devon achane,Buttermilk Puuump,131.6,14.0,RB,0.0,0.0,0.0,0.0,0.0,,True,73.17073170731707,51.162790697674424,155.0,22.00794100964265,22.00794100964265,0.0,,51.162790697674424,1.4301552106430153,0.0,0.0,Near Expectation
2023,11,7,127,malle_dips_pouches,Allen Lazard,False,allen lazard,malle_dips_pouches,34.0,6.0,WR,34.0,6.0,0.0,0.0,1.0,0.0,True,27.472527472527474,45.207033465683494,158.0,-17.73450599315602,-17.73450599315602,1.0,0.0,45.207033465683494,0.6077047168640645,-17.73450599315602,1.0,Near Expectation
2023,11,8,128,Pop Lockett Drop it,Zay Jones,False,zay jones,Pop Lockett Drop it,41.0,8.0,WR,23.8,5.0,0.0,0.0,0.5804878048780489,0.0,True,36.26373626373626,43.826219512195124,158.0,-7.562483248458861,-7.562483248458861,0.5804878048780489,0.0,43.826219512195124,0.8274438604873386,-4.3899293003249005,0.5804878048780489,Near Expectation
2023,11,9,129,Patty Primetimes,Anthony Richardson Sr.,False,anthony richardson,Patty Primetimes,79.68,14.0,QB,79.68,14.0,4.42,1.0,1.0,0.0554718875502008,True,35.294117647058826,43.75,157.0,-8.455882352941174,-8.455882352941174,1.0,0.0554718875502008,43.75,0.8067226890756303,-8.455882352941174,1.0,Near Expectation
2023,11,10,130,ThreatLevelMidnight,Raheem Mostert,False,raheem mostert,ThreatLevelMidnight,226.4,14.0,RB,78.9,3.0,53.7,2.0,0.34849823321554774,0.6806083650190113,True,98.78048780487805,40.74074074074074,153.0,58.03974706413731,58.03974706413731,0.34849823321554774,0.6806083650190113,40.74074074074074,2.4246119733924614,20.226749308129126,0.34849823321554774,Elite Steal
2023,11,11,131,Voldemort,DJ Chark,False,dj chark,Voldemort,2.0,2.0,WR,2.0,2.0,0.0,0.0,1.0,0.0,True,5.4945054945054945,40.74074074074074,153.0,-35.246235246235244,-35.246235246235244,1.0,0.0,40.74074074074074,0.13486513486513488,-35.246235246235244,1.0,Bust
2023,11,12,132,Uncle Rico,Chig Okonkwo,False,chig okonkwo,Uncle Rico,7.9,1.0,TE,7.9,1.0,7.9,1.0,1.0,1.0,True,18.181818181818183,40.4344512195122,154.0,-22.252633037694014,-22.252633037694014,1.0,1.0,40.4344512195122,0.44966155427983895,-22.252633037694014,1.0,Near Expectation
2023,12,1,133,Uncle Rico,Geno Smith,False,geno smith,Uncle Rico,147.14,11.0,QB,11.08,1.0,0.0,0.0,0.07530243305695257,0.0,True,47.05882352941176,40.1219512195122,152.0,6.936872309899563,6.936872309899563,0.07530243305695257,0.0,40.1219512195122,1.1728946897908097,0.5223633627408398,0.07530243305695257,Near Expectation
2023,12,2,134,Voldemort,Devin Singletary,False,devin singletary,Voldemort,76.6,8.0,RB,4.4,2.0,0.0,0.0,0.05744125326370758,0.0,True,51.21951219512195,40.0,151.0,11.21951219512195,11.21951219512195,0.05744125326370758,0.0,40.0,1.2804878048780488,0.6444628414952558,0.05744125326370758,Near Expectation
2023,12,3,135,ThreatLevelMidnight,Rashee Rice,False,rashee rice,ThreatLevelMidnight,119.4,13.0,WR,0.0,0.0,0.0,0.0,0.0,,True,67.03296703296702,40.88319088319088,146.0,26.149776149776145,26.149776149776145,0.0,,40.88319088319088,1.6396217023394724,0.0,0.0,Steal
2023,12,4,136,Patty Primetimes,Eagles,False,eagles,Patty Primetimes,84.0,14.0,DEF,84.0,14.0,72.0,10.0,1.0,0.8571428571428571,False,,,,,,,,,,,,Not Rated
2023,12,5,137,Pop Lockett Drop it,Rondale Moore,False,rondale moore,Pop Lockett Drop it,6.0,1.0,WR,6.0,1.0,0.0,0.0,1.0,0.0,True,10.989010989010989,41.02564102564102,141.0,-30.036630036630033,-30.036630036630033,1.0,0.0,41.02564102564102,0.2678571428571429,-30.036630036630033,1.0,Bust
2023,12,6,138,malle_dips_pouches,Jets,False,jets,malle_dips_pouches,117.0,14.0,DEF,117.0,14.0,87.0,9.0,1.0,0.7435897435897436,False,,,,,,,,,,,,Not Rated
2023,12,7,139,Buttermilk Puuump,Odell Beckham Jr.,False,odell beckham,Buttermilk Puuump,82.0,14.0,WR,82.0,14.0,14.399999999999999,2.0,1.0,0.17560975609756097,True,54.94505494505495,42.857142857142854,139.0,12.087912087912095,12.087912087912095,1.0,0.17560975609756097,42.857142857142854,1.2820512820512822,12.087912087912095,1.0,Near Expectation
2023,12,8,140,Joe Mantegna,Kendre Miller,False,kendre miller,Joe Mantegna,0.0,1.0,RB,0.0,1.0,0.0,0.0,,,True,3.048780487804878,41.86046511627907,137.0,-38.8116846284742,-38.8116846284742,,,41.86046511627907,0.07283197831978319,-0.0,,Bust
2023,12,9,141,The Big Gronkowski,Cowboys,False,cowboys,The Big Gronkowski,155.0,14.0,DEF,155.0,14.0,155.0,13.0,1.0,1.0,False,,,,,,,,,,,,Not Rated
2023,12,10,142,Ginger FC,Kirk Cousins,False,kirk cousins,Ginger FC,190.74,8.0,QB,190.74,8.0,153.98000000000002,6.0,1.0,0.8072769214637727,True,55.88235294117647,40.74074074074074,135.0,15.14161220043573,15.14161220043573,1.0,0.8072769214637727,40.74074074074074,1.3716577540106951,15.14161220043573,1.0,Near Expectation
2023,12,11,143,Post Mahomes,Bills,False,bills,Post Mahomes,116.0,14.0,DEF,116.0,14.0,108.0,11.0,1.0,0.9310344827586207,False,,,,,,,,,,,,Not Rated
2023,12,12,144,Malle ❤️ 🐸,Dalton Kincaid,False,dalton kincaid,Malle ❤️ 🐸,67.6,10.0,TE,20.3,5.0,2.9,1.0,0.3002958579881657,0.14285714285714285,True,69.6969696969697,40.476190476190474,135.0,29.220779220779228,29.220779220779228,0.3002958579881657,0.14285714285714285,40.476190476190474,1.7219251336898398,8.774878967186662,0.3002958579881657,Steal
2023,13,1,145,Malle ❤️ 🐸,Adam Thielen,False,adam thielen,Malle ❤️ 🐸,151.8,14.0,WR,151.8,14.0,81.1,7.0,1.0,0.5342555994729907,True,81.86813186813187,40.476190476190474,135.0,41.391941391941394,41.391941391941394,1.0,0.5342555994729907,40.476190476190474,2.02262443438914,41.391941391941394,1.0,Elite Steal
2023,13,2,146,Post Mahomes,Roschon Johnson,False,roschon johnson,Post Mahomes,36.1,9.0,RB,36.1,9.0,0.0,0.0,1.0,0.0,True,36.58536585365854,40.476190476190474,129.0,-3.8908246225319374,-3.8908246225319374,1.0,0.0,40.476190476190474,0.9038737446197992,-3.8908246225319374,1.0,Near Expectation
2023,13,3,147,Ginger FC,Daniel Carlson,False,daniel carlson,Ginger FC,73.0,13.0,K,46.0,8.0,44.0,7.0,0.6301369863013698,0.9565217391304348,False,,,,,,,,,,,,Not Rated
2023,13,4,148,The Big Gronkowski,Tyler Bass,False,tyler bass,The Big Gronkowski,108.0,14.0,K,108.0,14.0,108.0,13.0,1.0,1.0,False,,,,,,,,,,,,Not Rated
2023,13,5,149,Joe Mantegna,Tyler Boyd,False,tyler boyd,Joe Mantegna,55.9,9.0,WR,16.6,3.0,0.0,0.0,0.29695885509839004,0.0,True,42.857142857142854,40.0,123.0,2.857142857142854,2.857142857142854,0.29695885509839004,0.0,40.0,1.0714285714285714,0.8484538717096849,0.29695885509839004,Near Expectation
2023,13,6,150,Buttermilk Puuump,Jared Goff,False,jared goff,Buttermilk Puuump,264.06,14.0,QB,264.06,14.0,26.04,2.0,1.0,0.09861395137468756,True,76.47058823529412,40.0,121.0,36.470588235294116,36.470588235294116,1.0,0.09861395137468756,40.0,1.9117647058823528,36.470588235294116,1.0,Steal
2023,13,7,151,malle_dips_pouches,Evan McPherson,False,evan mcpherson,malle_dips_pouches,115.0,14.0,K,115.0,14.0,115.0,13.0,1.0,1.0,False,,,,,,,,,,,,Not Rated
2023,13,8,152,Pop Lockett Drop it,Harrison Butker,False,harrison butker,Pop Lockett Drop it,109.0,13.0,K,84.0,9.0,84.0,9.0,0.7706422018348624,1.0,False,,,,,,,,,,,,Not Rated
2023,13,9,153,Patty Primetimes,Travis Etienne Jr.,True,travis etienne,Patty Primetimes,139.5,11.0,RB,139.5,11.0,139.5,10.0,1.0,1.0,False,76.82926829268293,,,,,,,,,,,Not Rated
2023,13,10,154,ThreatLevelMidnight,D'Onta Foreman,False,donta foreman,ThreatLevelMidnight,86.3,9.0,RB,3.4,1.0,0.0,0.0,0.039397450753186555,0.0,True,59.756097560975604,40.60846560846561,116.0,19.147631952509997,19.147631952509997,0.039397450753186555,0.0,40.60846560846561,1.4715182330976404,0.7543678868891539,0.039397450753186555,Near Expectation
2023,13,11,155,Voldemort,Deon Jackson,False,deon jackson,Voldemort,1.3,1.0,RB,1.3,1.0,0.0,0.0,1.0,0.0,True,4.878048780487805,40.476190476190474,119.0,-35.59814169570267,-35.59814169570267,1.0,0.0,40.476190476190474,0.12051649928263988,-35.59814169570267,1.0,Bust
2023,13,12,156,Uncle Rico,Romeo Doubs,False,romeo doubs,Uncle Rico,77.4,10.0,WR,77.4,10.0,10.9,2.0,1.0,0.1408268733850129,True,51.64835164835166,40.0,117.0,11.648351648351657,11.648351648351657,1.0,0.1408268733850129,40.0,1.2912087912087915,11.648351648351657,1.0,Near Expectation
2023,14,1,157,Uncle Rico,Patriots,False,patriots,Uncle Rico,50.0,9.0,DEF,23.0,4.0,23.0,4.0,0.46,1.0,False,,,,,,,,,,,,Not Rated
2023,14,2,158,Voldemort,Ravens,False,ravens,Voldemort,118.0,13.0,DEF,118.0,13.0,118.0,12.0,1.0,1.0,False,,,,,,,,,,,,Not Rated
2023,14,3,159,ThreatLevelMidnight,Younghoe Koo,False,younghoe koo,ThreatLevelMidnight,108.0,14.0,K,108.0,14.0,108.0,13.0,1.0,1.0,False,,,,,,,,,,,,Not Rated
2023,14,4,160,Patty Primetimes,Jameson Williams,False,jameson williams,Patty Primetimes,46.3,12.0,WR,0.0,2.0,0.0,0.0,0.0,,True,39.56043956043956,38.919965576592084,110.0,0.6404739838474782,0.6404739838474782,0.0,,38.919965576592084,1.0164561806352852,0.0,0.0,Near Expectation
2023,14,5,161,Pop Lockett Drop it,Justin Fields,True,justin fields,Pop Lockett Drop it,194.2,14.0,QB,156.89999999999998,11.0,79.1,4.0,0.8079299691040164,0.504142766093053,False,58.82352941176471,,,,,,,,,,,Not Rated
2023,14,6,162,malle_dips_pouches,Russell Wilson,False,russell wilson,malle_dips_pouches,269.86,14.0,QB,269.86,14.0,20.84,1.0,1.0,0.07722522789594605,True,82.35294117647058,40.0,111.0,42.35294117647058,42.35294117647058,1.0,0.07722522789594605,40.0,2.0588235294117645,42.35294117647058,1.0,Elite Steal
2023,14,7,163,Buttermilk Puuump,Jason Sanders,False,jason sanders,Buttermilk Puuump,103.0,13.0,K,61.0,9.0,61.0,9.0,0.5922330097087378,1.0,False,,,,,,,,,,,,Not Rated
2023,14,8,164,Joe Mantegna,Broncos,False,broncos,Joe Mantegna,11.0,3.0,DEF,3.0,2.0,3.0,2.0,0.2727272727272727,1.0,False,,,,,,,,,,,,Not Rated
2023,14,9,165,The Big Gronkowski,Matthew Stafford,False,matthew stafford,The Big Gronkowski,238.28,14.0,QB,238.28,14.0,20.88,1.0,1.0,0.08762800067147893,True,67.64705882352942,40.476190476190474,103.0,27.170868347338946,27.170868347338946,1.0,0.08762800067147893,40.476190476190474,1.6712802768166093,27.170868347338946,1.0,Steal
2023,14,10,166,Ginger FC,Saints,False,saints,Ginger FC,84.0,8.0,DEF,3.0,1.0,3.0,1.0,0.03571428571428571,1.0,False,,,,,,,,,,,,Not Rated
2023,14,11,167,Post Mahomes,Darnell Mooney,False,darnell mooney,Post Mahomes,13.3,2.0,WR,13.3,2.0,0.0,0.0,1.0,0.0,True,13.186813186813188,40.60846560846561,100.0,-27.421652421652418,-27.421652421652418,1.0,0.0,40.60846560846561,0.324730643948885,-27.421652421652418,1.0,Bust
2023,14,12,168,Malle ❤️ 🐸,Tyjae Spears,False,tyjae spears,Malle ❤️ 🐸,78.6,12.0,RB,41.7,6.0,0.0,0.0,0.5305343511450382,0.0,True,56.09756097560976,40.229885057471265,97.0,15.867675918138495,15.867675918138495,0.5305343511450382,0.0,40.229885057471265,1.394425087108014,8.418347147409355,0.5305343511450382,Near Expectation
2023,15,1,169,Malle ❤️ 🐸,Dolphins,False,dolphins,Malle ❤️ 🐸,113.0,14.0,DEF,113.0,14.0,46.0,5.0,1.0,0.40707964601769914,False,,,,,,,,,,,,Not Rated
2023,15,2,170,Post Mahomes,Jake Elliott,False,jake elliott,Post Mahomes,110.0,12.0,K,93.0,10.0,93.0,9.0,0.8454545454545455,1.0,False,,,,,,,,,,,,Not Rated
2023,15,3,171,Ginger FC,Michael Gallup,False,michael gallup,Ginger FC,25.5,5.0,WR,25.5,5.0,0.0,0.0,1.0,0.0,True,21.978021978021978,40.74074074074074,85.0,-18.762718762718762,-18.762718762718762,1.0,0.0,40.74074074074074,0.5394605394605395,-18.762718762718762,1.0,Near Expectation
2023,15,4,172,The Big Gronkowski,Dalton Schultz,False,dalton schultz,The Big Gronkowski,93.5,14.0,TE,93.5,14.0,20.0,3.0,1.0,0.21390374331550802,True,78.78787878787878,41.17647058823529,81.0,37.61140819964349,37.61140819964349,1.0,0.21390374331550802,41.17647058823529,1.9134199134199135,37.61140819964349,1.0,Steal
2023,15,5,173,Joe Mantegna,Cameron Dicker,False,cameron dicker,Joe Mantegna,32.0,4.0,K,32.0,4.0,32.0,4.0,1.0,1.0,False,,,,,,,,,,,,Not Rated
2023,15,6,174,Buttermilk Puuump,Packers,False,packers,Buttermilk Puuump,69.0,10.0,DEF,23.0,3.0,23.0,3.0,0.3333333333333333,1.0,False,,,,,,,,,,,,Not Rated
2023,15,7,175,malle_dips_pouches,Dawson Knox,False,dawson knox,malle_dips_pouches,15.0,4.0,TE,15.0,4.0,0.0,0.0,1.0,0.0,True,27.27272727272727,42.93827160493827,68.0,-15.665544332211002,-15.665544332211002,1.0,0.0,42.93827160493827,0.6351612734591457,-15.665544332211002,1.0,Near Expectation
2023,15,8,176,Pop Lockett Drop it,Steelers,False,steelers,Pop Lockett Drop it,56.0,10.0,DEF,33.0,6.0,33.0,6.0,0.5892857142857143,1.0,False,,,,,,,,,,,,Not Rated
2023,15,9,177,Patty Primetimes,Riley Patterson,False,riley patterson,Patty Primetimes,84.0,13.0,K,59.0,8.0,42.0,7.0,0.7023809523809523,0.711864406779661,False,,,,,,,,,,,,Not Rated
2023,15,10,178,ThreatLevelMidnight,Chiefs,False,chiefs,ThreatLevelMidnight,69.0,10.0,DEF,16.0,2.0,16.0,2.0,0.2318840579710145,1.0,False,,,,,,,,,,,,Not Rated
2023,15,11,179,Voldemort,Jason Myers,False,jason myers,Voldemort,48.0,6.0,K,33.0,5.0,33.0,5.0,0.6875,1.0,False,,,,,,,,,,,,Not Rated
2023,15,12,180,Uncle Rico,Chris Boswell,False,chris boswell,Uncle Rico,44.0,6.0,K,34.0,4.0,34.0,4.0,0.7727272727272727,1.0,False,,,,,,,,,,,,Not Rated
2024,1,1,1,Ginger FC,Christian McCaffrey,False,christian mccaffrey,Ginger FC,40.3,14.0,RB,26.6,11.0,26.6,3.0,0.6600496277915634,1.0,True,37.5,89.65517241379311,103.0,-52.15517241379311,-52.15517241379311,0.6600496277915634,1.0,89.65517241379311,0.4182692307692307,-34.42500213912896,0.6600496277915634,Major Bust
2024,1,2,2,Buttermilk Puuump,Tyreek Hill,False,tyreek hill,Buttermilk Puuump,144.7,14.0,WR,55.4,5.0,55.4,4.0,0.3828610919143055,1.0,True,84.5679012345679,89.41176470588236,111.0,-4.843863471314464,-4.843863471314464,0.3828610919143055,1.0,89.41176470588236,0.9458252111760882,-1.854526857711274,0.3828610919143055,Near Expectation
2024,1,3,3,Patty Primetimes,CeeDee Lamb,False,ceedee lamb,Patty Primetimes,176.8,14.0,WR,36.5,3.0,36.5,3.0,0.20644796380090497,1.0,True,96.29629629629629,89.65517241379311,119.0,6.64112388250318,6.64112388250318,0.20644796380090497,1.0,89.65517241379311,1.074074074074074,1.371046502892342,0.20644796380090497,Near Expectation
2024,1,4,4,ThreatLevelMidnight,Ja'Marr Chase,False,jamarr chase,ThreatLevelMidnight,270.9,14.0,WR,121.7,6.0,121.7,6.0,0.4492432631967516,1.0,True,100.0,88.95875591615957,126.0,11.041244083840425,11.041244083840425,0.4492432631967516,1.0,88.95875591615957,1.1241164399179142,4.9602045219763005,0.4492432631967516,Near Expectation
2024,1,5,5,The Big Gronkowski,Justin Jefferson,False,justin jefferson,The Big Gronkowski,197.68,14.0,WR,77.97999999999999,5.0,77.97999999999999,5.0,0.3944759206798866,1.0,True,98.76543209876543,87.89482253337675,134.0,10.870609565388676,10.870609565388676,0.3944759206798866,1.0,87.89482253337675,1.1236774732807582,4.28819371665828,0.3944759206798866,Near Expectation
2024,1,6,6,Pop Lockett Drop it,Bijan Robinson,False,bijan robinson,Pop Lockett Drop it,220.3,14.0,RB,100.9,7.0,100.9,6.0,0.45801180208806175,1.0,True,97.22222222222221,87.97590361445782,142.0,9.246318607764394,9.246318607764394,0.45801180208806175,1.0,87.97590361445782,1.1051005812714934,4.234923048222548,0.45801180208806175,Near Expectation
2024,1,7,7,malle_dips_pouches,A.J. Brown,False,aj brown,malle_dips_pouches,131.6,14.0,WR,13.7,3.0,13.7,2.0,0.10410334346504559,1.0,True,75.30864197530865,86.98179271708685,150.0,-11.673150741778201,-11.673150741778201,0.10410334346504559,1.0,86.98179271708685,0.865797767818539,-1.2152140209905877,0.10410334346504559,Near Expectation
2024,1,8,8,Voldemort,Jonathan Taylor,False,jonathan taylor,Voldemort,135.2,14.0,RB,56.2,4.0,56.2,4.0,0.41568047337278113,1.0,True,66.66666666666666,86.85897435897436,158.0,-20.192307692307708,-20.192307692307708,0.41568047337278113,1.0,86.85897435897436,0.7675276752767526,-8.393548020027318,0.41568047337278113,Near Expectation
2024,1,9,9,Uncle Rico,Derrick Henry,False,derrick henry,Uncle Rico,247.7,14.0,RB,25.8,1.0,25.8,1.0,0.10415825595478402,1.0,True,98.61111111111111,86.6260162601626,166.0,11.985094850948514,11.985094850948514,0.10415825595478402,1.0,86.6260162601626,1.1383544501798843,1.2483465771274593,0.10415825595478402,Near Expectation
2024,1,10,10,Joe Mantegna,Garrett Wilson,False,garrett wilson,Joe Mantegna,158.7,14.0,WR,63.5,6.0,63.5,5.0,0.4001260239445495,1.0,True,91.35802469135803,85.8974358974359,173.0,5.460588793922128,5.460588793922128,0.4001260239445495,1.0,85.8974358974359,1.0635710337202875,2.1849236825082237,0.4001260239445495,Near Expectation
2024,1,11,11,Post Mahomes,Jahmyr Gibbs,False,jahmyr gibbs,Post Mahomes,219.8,14.0,RB,177.6,10.0,177.6,10.0,0.8080072793448589,1.0,True,95.83333333333334,85.71428571428571,181.0,10.119047619047635,10.119047619047635,0.8080072793448589,1.0,85.71428571428571,1.1180555555555558,8.176264136227752,0.8080072793448589,Near Expectation
2024,1,12,12,Malle ❤️ 🐸,Saquon Barkley,False,saquon barkley,Malle ❤️ 🐸,285.5,14.0,RB,154.8,7.0,154.8,6.0,0.5422066549912434,1.0,True,100.0,85.54006968641114,188.0,14.459930313588856,14.459930313588856,0.5422066549912434,1.0,85.54006968641114,1.169042769857434,7.840270446737495,0.5422066549912434,Near Expectation
2024,2,1,13,Malle ❤️ 🐸,Marvin Harrison Jr.,False,marvin harrison,Malle ❤️ 🐸,128.0,14.0,WR,49.300000000000004,7.0,45.7,5.0,0.38515625000000003,0.9269776876267748,True,74.07407407407408,85.36585365853658,195.0,-11.291779584462503,-11.291779584462503,0.38515625000000003,0.9269776876267748,85.36585365853658,0.8677248677248678,-4.349099480578136,0.38515625000000003,Near Expectation
2024,2,2,14,Post Mahomes,Isiah Pacheco,False,isiah pacheco,Post Mahomes,40.9,14.0,RB,40.9,10.0,40.9,4.0,1.0,1.0,True,38.88888888888889,85.8974358974359,195.0,-47.008547008547005,-47.008547008547005,1.0,1.0,85.8974358974359,0.45273631840796025,-47.008547008547005,1.0,Major Bust
2024,2,3,15,Joe Mantegna,Breece Hall,True,breece hall,Joe Mantegna,166.3,14.0,RB,53.5,5.0,53.5,5.0,0.32170775706554416,1.0,False,79.16666666666666,,,,,,,,,,,Not Rated
2024,2,4,16,Uncle Rico,Davante Adams,False,davante adams,Uncle Rico,119.19999999999999,14.0,WR,18.6,1.0,18.6,1.0,0.15604026845637586,1.0,True,62.96296296296296,84.4763670064875,194.0,-21.51340404352453,-21.51340404352453,0.15604026845637586,1.0,84.4763670064875,0.7453322768736921,-3.35695734236205,0.15604026845637586,Near Expectation
2024,2,5,17,Voldemort,Travis Etienne Jr.,False,travis etienne,Voldemort,80.0,14.0,RB,16.1,4.0,6.5,1.0,0.20125,0.40372670807453415,True,51.388888888888886,84.4763670064875,194.0,-33.08747811759861,-33.08747811759861,0.20125,0.40372670807453415,84.4763670064875,0.6083226671542633,-6.65885497116672,0.20125,Bust
2024,2,6,18,malle_dips_pouches,Drake London,False,drake london,malle_dips_pouches,159.8,14.0,WR,36.9,3.0,36.9,3.0,0.23091364205256568,1.0,True,92.5925925925926,83.52713178294574,194.0,9.06546080964685,9.06546080964685,0.23091364205256568,1.0,83.52713178294574,1.108533127094612,2.0933385724403553,0.23091364205256568,Near Expectation
2024,2,7,19,Pop Lockett Drop it,Mike Evans,False,mike evans,Pop Lockett Drop it,122.5,14.0,WR,59.6,7.0,59.6,4.0,0.48653061224489796,1.0,True,66.66666666666666,83.33333333333334,193.0,-16.666666666666686,-16.666666666666686,0.48653061224489796,1.0,83.33333333333334,0.7999999999999998,-8.108843537414975,0.48653061224489796,Near Expectation
2024,2,8,20,The Big Gronkowski,Chris Olave,False,chris olave,The Big Gronkowski,60.699999999999996,14.0,WR,12.600000000000001,5.0,12.600000000000001,2.0,0.20757825370675456,1.0,True,34.5679012345679,83.02967969438731,194.0,-48.46177845981941,-48.46177845981941,0.20757825370675456,1.0,83.02967969438731,0.4163318630374608,-10.059611344212927,0.20757825370675456,Major Bust
2024,2,9,21,ThreatLevelMidnight,Josh Jacobs,False,josh jacobs,ThreatLevelMidnight,214.8,14.0,RB,74.5,6.0,74.5,5.0,0.3468342644320298,1.0,True,93.05555555555556,82.14285714285714,193.0,10.912698412698418,10.912698412698418,0.3468342644320298,1.0,82.14285714285714,1.1328502415458939,3.784897726936835,0.3468342644320298,Near Expectation
2024,2,10,22,Patty Primetimes,Cooper Kupp,False,cooper kupp,Patty Primetimes,134.2,14.0,WR,34.5,3.0,34.5,3.0,0.2570789865871833,1.0,True,77.77777777777779,81.97674418604652,193.0,-4.198966408268731,-4.198966408268731,0.2570789865871833,1.0,81.97674418604652,0.9487785657998424,-1.0794660289513505,0.2570789865871833,Near Expectation
2024,2,11,23,Buttermilk Puuump,Rachaad White,False,rachaad white,Buttermilk Puuump,149.6,14.0,RB,35.8,5.0,35.8,4.0,0.23930481283422458,1.0,True,72.22222222222221,81.81818181818183,193.0,-9.595959595959613,-9.595959595959613,0.23930481283422458,1.0,81.81818181818183,0.8827160493827159,-2.2963593150758967,0.23930481283422458,Near Expectation
2024,2,12,24,Ginger FC,Brandon Aiyuk,False,brandon aiyuk,Ginger FC,49.9,7.0,WR,46.6,6.0,27.9,5.0,0.9338677354709419,0.5987124463519313,True,28.39506172839506,81.36574074074073,192.0,-52.97067901234567,-52.97067901234567,0.9338677354709419,0.5987124463519313,81.36574074074073,0.3489805595068753,-49.467608055617404,0.9338677354709419,Major Bust
2024,3,1,25,Ginger FC,Deebo Samuel Sr.,False,deebo samuel,Ginger FC,94.5,14.0,WR,41.4,5.0,32.7,3.0,0.4380952380952381,0.7898550724637682,True,48.148148148148145,81.12877583465819,192.0,-32.98062768651004,-32.98062768651004,0.4380952380952381,0.7898550724637682,81.12877583465819,0.5934780557551477,-14.448655938852017,0.4380952380952381,Bust
2024,3,2,26,Buttermilk Puuump,Amon-Ra St. Brown,True,amon ra st brown,Buttermilk Puuump,187.68,14.0,WR,72.0,5.0,72.0,5.0,0.3836317135549872,1.0,False,97.53086419753086,,,,,,,,,,,Not Rated
2024,3,3,27,Patty Primetimes,Travis Kelce,False,travis kelce,Patty Primetimes,118.3,14.0,TE,13.200000000000001,3.0,13.200000000000001,3.0,0.11158072696534237,1.0,True,90.0,80.45977011494253,191.0,9.540229885057471,9.540229885057471,0.11158072696534237,1.0,80.45977011494253,1.1185714285714285,1.0645057859911973,0.11158072696534237,Near Expectation
2024,3,4,28,ThreatLevelMidnight,DK Metcalf,False,dk metcalf,ThreatLevelMidnight,122.19999999999999,14.0,WR,61.199999999999996,6.0,25.4,3.0,0.5008183306055647,0.4150326797385621,True,65.4320987654321,80.0,191.0,-14.567901234567898,-14.567901234567898,0.5008183306055647,0.4150326797385621,80.0,0.8179012345679013,-7.295871976723039,0.5008183306055647,Near Expectation
2024,3,5,29,The Big Gronkowski,DJ Moore,False,dj moore,The Big Gronkowski,140.79999999999998,14.0,WR,37.5,5.0,37.5,4.0,0.2663352272727273,1.0,True,80.24691358024691,79.88095238095238,192.0,0.3659611992945315,0.3659611992945315,0.2663352272727273,1.0,79.88095238095238,1.0045813324501849,0.0974683591871089,0.2663352272727273,Near Expectation
2024,3,6,30,Pop Lockett Drop it,DeVonta Smith,False,devonta smith,Pop Lockett Drop it,107.8,14.0,WR,37.0,7.0,37.0,5.0,0.3432282003710575,1.0,True,55.55555555555556,79.50262588816805,192.0,-23.947070332612498,-23.947070332612498,0.3432282003710575,1.0,79.50262588816805,0.69878893854025,-8.219309854421729,0.3432282003710575,Near Expectation
2024,3,7,31,malle_dips_pouches,Jaylen Waddle,False,jaylen waddle,malle_dips_pouches,113.6,14.0,WR,22.4,3.0,6.5,1.0,0.19718309859154928,0.29017857142857145,True,60.49382716049383,79.44947209653091,190.0,-18.955644936037082,-18.955644936037082,0.19718309859154928,0.29017857142857145,79.44947209653091,0.7614125753660639,-3.737732804289002,0.19718309859154928,Near Expectation
2024,3,8,32,Voldemort,Josh Allen,False,josh allen,Voldemort,354.62,14.0,QB,79.3,4.0,79.3,4.0,0.22361964920196264,1.0,True,92.85714285714286,80.0,189.0,12.857142857142861,12.857142857142861,0.22361964920196264,1.0,80.0,1.1607142857142858,2.875109775453806,0.22361964920196264,Near Expectation
2024,3,9,33,Uncle Rico,Patrick Mahomes,False,patrick mahomes,Uncle Rico,268.06,14.0,QB,30.54,1.0,30.54,1.0,0.11392971722748638,1.0,True,75.0,79.51807228915662,189.0,-4.5180722891566205,-4.5180722891566205,0.11392971722748638,1.0,79.51807228915662,0.9431818181818182,-0.5147426983169558,0.11392971722748638,Near Expectation
2024,3,10,34,Joe Mantegna,Nico Collins,False,nico collins,Joe Mantegna,131.7,14.0,WR,74.3,6.0,74.3,4.0,0.5641609719058467,1.0,True,76.5432098765432,79.48717948717949,189.0,-2.9439696106362874,-2.9439696106362874,0.5641609719058467,1.0,79.48717948717949,0.9629629629629628,-1.660872756797845,0.5641609719058467,Near Expectation
2024,3,11,35,Post Mahomes,Michael Pittman Jr.,False,michael pittman,Post Mahomes,90.0,14.0,WR,52.5,10.0,16.2,4.0,0.5833333333333334,0.30857142857142855,True,44.44444444444444,79.88095238095238,190.0,-35.43650793650794,-35.43650793650794,0.5833333333333334,0.30857142857142855,79.88095238095238,0.5563835072031793,-20.671296296296298,0.5833333333333334,Bust
2024,3,12,36,Malle ❤️ 🐸,Jalen Hurts,False,jalen hurts,Malle ❤️ 🐸,319.48,14.0,QB,154.8,7.0,154.8,6.0,0.4845373732315012,1.0,True,89.28571428571429,79.6399885255307,190.0,9.645725760183595,9.645725760183595,0.4845373732315012,1.0,79.6399885255307,1.1211166141377757,4.673714622750784,0.4845373732315012,Near Expectation
2024,4,1,37,Malle ❤️ 🐸,Malik Nabers,False,malik nabers,Malle ❤️ 🐸,142.1,14.0,WR,33.6,5.0,33.6,4.0,0.23645320197044337,1.0,True,81.48148148148148,78.86821705426357,190.0,2.6132644272179135,2.6132644272179135,0.23645320197044337,1.0,78.86821705426357,1.0331345696000698,0.6179147414111323,0.23645320197044337,Near Expectation
2024,4,2,38,Post Mahomes,Lamar Jackson,False,lamar jackson,Post Mahomes,382.4,14.0,QB,250.52,10.0,250.52,9.0,0.6551255230125523,1.0,True,100.0,78.66666666666666,191.0,21.333333333333343,21.333333333333343,0.6551255230125523,1.0,78.66666666666666,1.2711864406779663,13.976011157601123,0.6551255230125523,Near Expectation
2024,4,3,39,Joe Mantegna,James Cook III,False,james cook,Joe Mantegna,178.7,14.0,RB,49.0,6.0,49.0,4.0,0.2742025741466145,1.0,True,83.33333333333334,77.33333333333333,190.0,6.000000000000014,6.000000000000014,0.2742025741466145,1.0,77.33333333333333,1.0775862068965518,1.6452154448796907,0.2742025741466145,Near Expectation
2024,4,4,40,Uncle Rico,Mark Andrews,False,mark andrews,Uncle Rico,112.9,14.0,TE,3.6,1.0,3.6,1.0,0.03188662533215235,1.0,True,86.66666666666667,77.22088353413655,190.0,9.445783132530124,9.445783132530124,0.03188662533215235,1.0,77.22088353413655,1.122321614312461,0.3011941477157524,0.03188662533215235,Near Expectation
2024,4,5,41,Voldemort,Kenneth Walker III,False,kenneth walker,Voldemort,148.3,14.0,RB,51.0,4.0,19.4,2.0,0.3438975050573162,0.3803921568627451,True,70.83333333333334,76.25,191.0,-5.416666666666657,-5.416666666666657,0.3438975050573162,0.3803921568627451,76.25,0.9289617486338799,-1.8627781523937927,0.3438975050573162,Near Expectation
2024,4,6,42,malle_dips_pouches,Joe Mixon,False,joe mixon,malle_dips_pouches,198.6,14.0,RB,43.0,3.0,43.0,3.0,0.216515609264854,1.0,True,87.5,75.60975609756098,191.0,11.890243902439025,11.890243902439025,0.216515609264854,1.0,75.60975609756098,1.157258064516129,2.5744234028443005,0.216515609264854,Near Expectation
2024,4,7,43,Pop Lockett Drop it,David Montgomery,False,david montgomery,Pop Lockett Drop it,200.22,14.0,RB,88.62,7.0,88.62,6.0,0.442613125561882,1.0,True,90.27777777777779,76.19047619047619,191.0,14.087301587301596,14.087301587301596,0.442613125561882,1.0,76.19047619047619,1.1848958333333335,6.235224586288421,0.442613125561882,Near Expectation
2024,4,8,44,The Big Gronkowski,Alvin Kamara,False,alvin kamara,The Big Gronkowski,216.3,14.0,RB,100.2,5.0,100.2,5.0,0.463245492371706,1.0,True,94.44444444444444,74.7093023255814,192.0,19.73514211886304,19.73514211886304,0.463245492371706,1.0,74.7093023255814,1.264159100734976,9.1422156278783,0.463245492371706,Near Expectation
2024,4,9,45,ThreatLevelMidnight,James Conner,False,james conner,ThreatLevelMidnight,175.6,14.0,RB,70.7,6.0,70.7,5.0,0.40261958997722097,1.0,True,81.94444444444444,74.37146448774357,192.0,7.572979956700877,7.572979956700877,0.40261958997722097,1.0,74.37146448774357,1.1018264197009178,3.0490300850726197,0.40261958997722097,Near Expectation
2024,4,10,46,Patty Primetimes,Aaron Jones Sr.,False,aaron jones,Patty Primetimes,168.0,14.0,RB,20.4,3.0,20.4,3.0,0.12142857142857141,1.0,True,80.55555555555556,73.52941176470588,193.0,7.026143790849673,7.026143790849673,0.12142857142857141,1.0,73.52941176470588,1.0955555555555556,0.853174603174603,0.12142857142857141,Near Expectation
2024,4,11,47,Buttermilk Puuump,Najee Harris,False,najee harris,Buttermilk Puuump,157.1,14.0,RB,45.3,5.0,45.3,4.0,0.28835136855506044,1.0,True,76.38888888888889,72.97297297297297,193.0,3.4159159159159174,3.4159159159159174,0.28835136855506044,1.0,72.97297297297297,1.0468106995884774,0.9849840292233676,0.28835136855506044,Near Expectation
2024,4,12,48,Ginger FC,Stefon Diggs,False,stefon diggs,Ginger FC,98.42,14.0,WR,83.42,11.0,83.42,6.0,0.8475919528551108,1.0,True,50.617283950617285,73.43137254901961,190.0,-22.81408859840233,-22.81408859840233,0.8475919528551108,1.0,73.43137254901961,0.6893141472580725,-19.337037907729346,0.8475919528551108,Near Expectation
2024,5,1,49,Ginger FC,Amari Cooper,False,amari cooper,Ginger FC,86.1,14.0,WR,42.8,5.0,37.6,3.0,0.49709639953542395,0.8785046728971964,True,41.9753086419753,72.97297297297297,191.0,-30.997664330997665,-30.997664330997665,0.49709639953542395,0.8785046728971964,72.97297297297297,0.5752171925011431,-15.408827332946576,0.49709639953542395,Bust
2024,5,2,50,Buttermilk Puuump,Raheem Mostert,False,raheem mostert,Buttermilk Puuump,49.300000000000004,14.0,RB,11.2,5.0,10.7,2.0,0.2271805273833671,0.9553571428571429,True,41.66666666666667,73.11439346323067,190.0,-31.447726796563998,-31.447726796563998,0.2271805273833671,0.9553571428571429,73.11439346323067,0.5698832294576976,-7.144311158651455,0.2271805273833671,Bust
2024,5,3,51,Patty Primetimes,Terry McLaurin,False,terry mclaurin,Patty Primetimes,172.3,14.0,WR,30.0,3.0,24.8,2.0,0.17411491584445732,0.8266666666666667,True,95.06172839506173,72.72727272727273,191.0,22.334455667789,22.334455667789,0.17411491584445732,0.8266666666666667,72.72727272727273,1.3070987654320987,3.8887618690288446,0.17411491584445732,Near Expectation
2024,5,4,52,ThreatLevelMidnight,Kyler Murray,False,kyler murray,ThreatLevelMidnight,260.88,14.0,QB,110.42,6.0,60.480000000000004,3.0,0.4232597362772156,0.5477268610758921,True,71.42857142857143,71.42857142857143,191.0,0.0,0.0,0.4232597362772156,0.5477268610758921,71.42857142857143,1.0,0.0,0.4232597362772156,Near Expectation
2024,5,5,53,The Big Gronkowski,Joe Burrow,False,joe burrow,The Big Gronkowski,356.04,14.0,QB,148.28,5.0,127.06,4.0,0.41647005954387145,0.856892365794443,True,96.42857142857143,71.08433734939759,191.0,25.344234079173845,25.344234079173845,0.41647005954387145,0.856892365794443,71.08433734939759,1.3565375302663438,10.555114676047348,0.41647005954387145,Steal
2024,5,6,54,Pop Lockett Drop it,Trey McBride,False,trey mcbride,Pop Lockett Drop it,137.29999999999998,14.0,TE,66.69999999999999,7.0,66.69999999999999,6.0,0.4857975236707939,1.0,True,93.33333333333333,71.25645438898451,190.0,22.07687894434882,22.07687894434882,0.4857975236707939,1.0,71.25645438898451,1.3098228663446054,10.724893121544547,0.4857975236707939,Near Expectation
2024,5,7,55,malle_dips_pouches,Rhamondre Stevenson,False,rhamondre stevenson,malle_dips_pouches,138.5,14.0,RB,46.8,3.0,35.9,2.0,0.3379061371841155,0.7670940170940171,True,68.05555555555556,71.51675485008818,190.0,-3.4611992945326193,-3.4611992945326193,0.3379061371841155,0.7670940170940171,71.51675485008818,0.9516029593094946,-1.169560483639903,0.3379061371841155,Near Expectation
2024,5,8,56,Voldemort,Dalton Kincaid,False,dalton kincaid,Voldemort,64.6,14.0,TE,21.7,4.0,21.7,3.0,0.33591331269349844,1.0,True,53.333333333333336,70.77798861480076,192.0,-17.444655281467426,-17.444655281467426,0.33591331269349844,1.0,70.77798861480076,0.7535299374441465,-5.859891944393857,0.33591331269349844,Near Expectation
2024,5,9,57,Uncle Rico,D'Andre Swift,False,dandre swift,Uncle Rico,154.7,14.0,RB,11.2,1.0,11.2,1.0,0.07239819004524888,1.0,True,75.0,69.07484407484407,192.0,5.925155925155934,5.925155925155934,0.07239819004524888,1.0,69.07484407484407,1.0857787810383748,0.42897056471717177,0.07239819004524888,Near Expectation
2024,5,10,58,Joe Mantegna,Dak Prescott,False,dak prescott,Joe Mantegna,146.52,14.0,QB,61.8,6.0,61.8,4.0,0.4217854217854217,1.0,True,28.57142857142857,69.28205128205128,190.0,-40.710622710622715,-40.710622710622715,0.4217854217854217,1.0,69.28205128205128,0.412392936449191,-17.17114717114717,0.4217854217854217,Major Bust
2024,5,11,59,Post Mahomes,Rashee Rice,False,rashee rice,Post Mahomes,52.900000000000006,5.0,WR,52.900000000000006,3.0,52.900000000000006,3.0,1.0,1.0,True,32.098765432098766,69.33333333333334,189.0,-37.23456790123458,-37.23456790123458,1.0,1.0,69.33333333333334,0.4629629629629629,-37.23456790123458,1.0,Bust
2024,5,12,60,Malle ❤️ 🐸,George Kittle,False,george kittle,Malle ❤️ 🐸,156.0,14.0,TE,86.8,7.0,86.8,6.0,0.5564102564102564,1.0,True,96.66666666666667,67.85714285714286,189.0,28.80952380952381,28.80952380952381,0.5564102564102564,1.0,67.85714285714286,1.424561403508772,16.02991452991453,0.5564102564102564,Steal
2024,6,1,61,Malle ❤️ 🐸,Zamir White,False,zamir white,Malle ❤️ 🐸,26.3,13.0,RB,7.6000000000000005,7.0,4.5,2.0,0.2889733840304183,0.5921052631578947,True,30.555555555555557,67.44186046511628,189.0,-36.88630490956072,-36.88630490956072,0.2889733840304183,0.5921052631578947,67.44186046511628,0.4530651340996169,-10.659160354093594,0.2889733840304183,Bust
2024,6,2,62,Post Mahomes,Tee Higgins,False,tee higgins,Post Mahomes,110.6,14.0,WR,65.6,10.0,65.6,5.0,0.593128390596745,1.0,True,56.79012345679012,67.05426356589146,190.0,-10.26414010910134,-10.26414010910134,0.593128390596745,1.0,67.05426356589146,0.8469278527081996,-6.087952903770777,0.593128390596745,Near Expectation
2024,6,3,63,Joe Mantegna,George Pickens,False,george pickens,Joe Mantegna,127.9,14.0,WR,59.0,6.0,59.0,6.0,0.4612978889757623,1.0,True,72.8395061728395,66.66666666666666,190.0,6.172839506172849,6.172839506172849,0.4612978889757623,1.0,66.66666666666666,1.0925925925925928,2.8475178331837223,0.4612978889757623,Near Expectation
2024,6,4,64,Uncle Rico,Zay Flowers,False,zay flowers,Uncle Rico,144.7,14.0,WR,27.2,1.0,27.2,1.0,0.18797512093987562,1.0,True,84.5679012345679,66.66666666666666,191.0,17.90123456790124,17.90123456790124,0.18797512093987562,1.0,66.66666666666666,1.2685185185185186,3.3649867328743177,0.18797512093987562,Near Expectation
2024,6,5,65,Voldemort,Calvin Ridley,False,calvin ridley,Voldemort,124.0,14.0,WR,50.3,4.0,7.8,1.0,0.4056451612903226,0.1550695825049702,True,69.1358024691358,66.66666666666666,190.0,2.4691358024691397,2.4691358024691397,0.4056451612903226,0.1550695825049702,66.66666666666666,1.0370370370370372,1.0015929908403043,0.4056451612903226,Near Expectation
2024,6,6,66,malle_dips_pouches,Kyle Pitts Sr.,False,kyle pitts,malle_dips_pouches,86.8,14.0,TE,5.1,3.0,5.1,2.0,0.05875576036866359,1.0,True,70.0,65.09103641456582,190.0,4.908963585434179,4.908963585434179,0.05875576036866359,1.0,65.09103641456582,1.0754168908015063,0.2884298880842663,0.05875576036866359,Near Expectation
2024,6,7,67,Pop Lockett Drop it,Jayden Reed,False,jayden reed,Pop Lockett Drop it,146.1,14.0,WR,64.2,7.0,64.2,6.0,0.4394250513347023,1.0,True,86.41975308641975,64.23480870217554,190.0,22.184944384244204,22.184944384244204,0.4394250513347023,1.0,64.23480870217554,1.345372623231504,9.748620324904024,0.4394250513347023,Near Expectation
2024,6,8,68,The Big Gronkowski,Jake Ferguson,False,jake ferguson,The Big Gronkowski,61.1,14.0,TE,13.0,5.0,13.0,3.0,0.2127659574468085,1.0,True,50.0,64.23480870217554,190.0,-14.234808702175542,-14.234808702175542,0.2127659574468085,1.0,64.23480870217554,0.7783941605839416,-3.0286827025905407,0.2127659574468085,Near Expectation
2024,6,9,69,ThreatLevelMidnight,Christian Kirk,False,christian kirk,ThreatLevelMidnight,50.5,7.0,WR,21.4,3.0,0.0,0.0,0.42376237623762375,0.0,True,30.864197530864196,64.61100569259962,190.0,-33.74680816173542,-33.74680816173542,0.42376237623762375,0.0,64.61100569259962,0.47769257265096715,-14.300627617052239,0.42376237623762375,Bust
2024,6,10,70,Patty Primetimes,Tony Pollard,False,tony pollard,Patty Primetimes,158.5,14.0,RB,23.4,3.0,16.599999999999998,2.0,0.1476340694006309,0.7094017094017093,True,77.77777777777779,64.70588235294117,189.0,13.071895424836612,13.071895424836612,0.1476340694006309,0.7094017094017093,64.70588235294117,1.2020202020202022,1.9298571163481177,0.1476340694006309,Near Expectation
2024,6,11,71,Buttermilk Puuump,Keenan Allen,False,keenan allen,Buttermilk Puuump,100.60000000000001,14.0,WR,54.3,5.0,18.6,1.0,0.5397614314115308,0.34254143646408847,True,53.086419753086425,64.70588235294117,189.0,-11.61946259985475,-11.61946259985475,0.5397614314115308,0.34254143646408847,64.70588235294117,0.8204264870931539,-6.2717377651303465,0.5397614314115308,Near Expectation
2024,6,12,72,Ginger FC,Jordan Love,False,jordan love,Ginger FC,241.06,14.0,QB,209.51999999999998,11.0,197.6,8.0,0.8691612046793329,0.9431080565101184,True,64.28571428571429,65.0,189.0,-0.7142857142857082,-0.7142857142857082,0.8691612046793329,0.9431080565101184,65.0,0.989010989010989,-0.6208294319138039,0.8691612046793329,Near Expectation
2024,7,1,73,Ginger FC,49ers,False,49ers,Ginger FC,85.0,14.0,DEF,71.0,11.0,70.0,7.0,0.8352941176470589,0.9859154929577465,False,,,,,,,,,,,,Not Rated
2024,7,2,74,Buttermilk Puuump,Jared Goff,False,jared goff,Buttermilk Puuump,282.5,14.0,QB,110.42,5.0,110.42,5.0,0.39086725663716815,1.0,True,78.57142857142857,64.70588235294117,191.0,13.865546218487395,13.865546218487395,0.39086725663716815,1.0,64.70588235294117,1.2142857142857142,5.419588012196029,0.39086725663716815,Near Expectation
2024,7,3,75,Patty Primetimes,Xavier Worthy,False,xavier worthy,Patty Primetimes,105.2,14.0,WR,25.9,3.0,3.2,1.0,0.24619771863117867,0.12355212355212357,True,54.32098765432099,64.61100569259962,192.0,-10.290018038278632,-10.290018038278632,0.24619771863117867,0.12355212355212357,64.61100569259962,0.8407389278657023,-2.533378965697876,0.24619771863117867,Near Expectation
2024,7,4,76,ThreatLevelMidnight,Chris Godwin Jr.,False,chris godwin,ThreatLevelMidnight,112.8,14.0,WR,61.1,6.0,31.1,2.0,0.5416666666666667,0.5090016366612111,True,59.25925925925925,64.70588235294117,190.0,-5.4466230936819215,-5.4466230936819215,0.5416666666666667,0.5090016366612111,64.70588235294117,0.9158249158249158,-2.9502541757443748,0.5416666666666667,Near Expectation
2024,7,5,77,The Big Gronkowski,Javonte Williams,False,javonte williams,The Big Gronkowski,109.5,14.0,RB,51.6,5.0,51.6,5.0,0.4712328767123288,1.0,True,58.333333333333336,64.61100569259962,190.0,-6.277672359266283,-6.277672359266283,0.4712328767123288,1.0,64.61100569259962,0.902838962310328,-2.9582456049145227,0.4712328767123288,Near Expectation
2024,7,6,78,Pop Lockett Drop it,Zack Moss,False,zack moss,Pop Lockett Drop it,70.4,14.0,RB,31.2,7.0,6.7,1.0,0.4431818181818181,0.21474358974358976,True,48.61111111111111,63.51351351351351,187.0,-14.902402402402402,-14.902402402402402,0.4431818181818181,0.21474358974358976,63.51351351351351,0.7653664302600472,-6.604473791973791,0.4431818181818181,Near Expectation
2024,7,7,79,malle_dips_pouches,Brian Robinson,False,brian robinson,malle_dips_pouches,128.5,14.0,RB,31.5,3.0,17.4,1.0,0.245136186770428,0.5523809523809523,True,62.5,62.806782686300764,188.0,-0.3067826863007639,-0.3067826863007639,0.245136186770428,0.5523809523809523,62.806782686300764,0.9951154529307281,-0.07520353788695767,0.245136186770428,Near Expectation
2024,7,8,80,Voldemort,Diontae Johnson,False,diontae johnson,Voldemort,70.4,11.0,WR,18.900000000000002,4.0,17.8,1.0,0.2684659090909091,0.9417989417989417,True,38.2716049382716,63.09067688378033,186.0,-24.819071945508732,-24.819071945508732,0.2684659090909091,0.9417989417989417,63.09067688378033,0.6066126855600539,-6.66307471264368,0.2684659090909091,Near Expectation
2024,7,9,81,Uncle Rico,Devin Singletary,False,devin singletary,Uncle Rico,51.5,9.0,RB,3.3,1.0,0.0,0.0,0.06407766990291262,0.0,True,43.05555555555556,63.51351351351351,185.0,-20.45795795795795,-20.45795795795795,0.06407766990291262,0.0,63.51351351351351,0.6778959810874705,-1.310898276917694,0.06407766990291262,Near Expectation
2024,7,10,82,Joe Mantegna,Evan Engram,False,evan engram,Joe Mantegna,66.0,14.0,TE,21.2,6.0,21.2,3.0,0.3212121212121212,1.0,True,56.666666666666664,63.52146263910969,186.0,-6.8547959724430285,-6.8547959724430285,0.3212121212121212,1.0,63.52146263910969,0.8920869311308556,-2.2018435547847304,0.3212121212121212,Near Expectation
2024,7,11,83,Post Mahomes,Tyjae Spears,False,tyjae spears,Post Mahomes,34.4,13.0,RB,20.2,3.0,10.9,1.0,0.5872093023255814,0.5396039603960396,True,34.72222222222222,63.52941176470588,185.0,-28.807189542483655,-28.807189542483655,0.5872093023255814,0.5396039603960396,63.52941176470588,0.5465534979423868,-16.91584967320261,0.5872093023255814,Bust
2024,7,12,84,Malle ❤️ 🐸,Ravens,False,ravens,Malle ❤️ 🐸,42.0,7.0,DEF,4.0,1.0,4.0,1.0,0.09523809523809523,1.0,False,,,,,,,,,,,,Not Rated
2024,8,1,85,Malle ❤️ 🐸,Justin Tucker,False,justin tucker,Malle ❤️ 🐸,112.0,14.0,K,57.0,7.0,57.0,7.0,0.5089285714285714,1.0,False,,,,,,,,,,,,Not Rated
2024,8,2,86,Post Mahomes,Jaylen Warren,False,jaylen warren,Post Mahomes,56.6,9.0,RB,17.6,5.0,0.0,0.0,0.3109540636042403,0.0,True,44.44444444444444,61.96343402225755,180.0,-17.51898957781311,-17.51898957781311,0.3109540636042403,0.0,61.96343402225755,0.7172689045684555,-5.447600999461321,0.3109540636042403,Near Expectation
2024,8,3,87,Joe Mantegna,DeAndre Hopkins,False,deandre hopkins,Joe Mantegna,97.8,12.0,WR,16.4,4.0,0.0,0.0,0.16768916155419222,0.0,True,49.382716049382715,61.65158371040724,178.0,-12.268867661024522,-12.268867661024522,0.16768916155419222,0.0,61.65158371040724,0.8009967153698041,-2.0573561312965456,0.16768916155419222,Near Expectation
2024,8,4,88,Uncle Rico,Austin Ekeler,False,austin ekeler,Uncle Rico,110.6,13.0,RB,15.8,1.0,0.0,0.0,0.14285714285714288,0.0,True,59.72222222222222,59.523809523809526,177.0,0.19841269841269593,0.19841269841269593,0.14285714285714288,0.0,59.523809523809526,1.0033333333333332,0.02834467120181371,0.14285714285714288,Near Expectation
2024,8,5,89,Voldemort,Chase Brown,False,chase brown,Voldemort,179.7,14.0,RB,67.3,4.0,34.7,2.0,0.3745130773511408,0.5156017830609213,True,84.72222222222221,58.97435897435898,175.0,25.747863247863236,25.747863247863236,0.3745130773511408,0.5156017830609213,58.97435897435898,1.4365942028985506,9.6429115001736,0.3745130773511408,Steal
2024,8,6,90,malle_dips_pouches,Christian Watson,False,christian watson,malle_dips_pouches,67.1,13.0,WR,5.9,2.0,0.0,0.0,0.08792846497764532,0.0,True,35.80246913580247,57.14285714285714,173.0,-21.34038800705467,-21.34038800705467,0.08792846497764532,0.0,57.14285714285714,0.6265432098765432,-1.876427559487669,0.08792846497764532,Near Expectation
2024,8,7,91,Pop Lockett Drop it,Rico Dowdle,False,rico dowdle,Pop Lockett Drop it,132.1,14.0,RB,42.9,7.0,20.8,4.0,0.32475397426192276,0.48484848484848486,True,63.888888888888886,56.69350029815146,170.0,7.195388590737423,7.195388590737423,0.32475397426192276,0.48484848484848486,56.69350029815146,1.1269173459549477,2.3367310412008737,0.32475397426192276,Near Expectation
2024,8,8,92,The Big Gronkowski,Jaxon Smith-Njigba,False,jaxon smith njigba,The Big Gronkowski,161.7,14.0,WR,64.9,5.0,13.7,2.0,0.40136054421768713,0.21109399075500768,True,93.82716049382715,55.41521486643438,168.0,38.41194562739277,38.41194562739277,0.40136054421768713,0.21109399075500768,55.41521486643438,1.6931660505147534,15.41703940147057,0.40136054421768713,Steal
2024,8,9,93,ThreatLevelMidnight,Jerome Ford,False,jerome ford,ThreatLevelMidnight,71.7,9.0,RB,18.9,2.0,0.0,0.0,0.2635983263598326,0.0,True,50.0,56.181318681318686,166.0,-6.181318681318686,-6.181318681318686,0.2635983263598326,0.0,56.181318681318686,0.8899755501222493,-1.6293852590923732,0.2635983263598326,Near Expectation
2024,8,10,94,Patty Primetimes,Jayden Daniels,False,jayden daniels,Patty Primetimes,297.76,14.0,QB,64.52000000000001,3.0,51.08,2.0,0.2166845781837722,0.7916924984500928,True,85.71428571428571,56.181318681318686,164.0,29.532967032967022,29.532967032967022,0.2166845781837722,0.7916924984500928,56.181318681318686,1.5256723716381415,6.39933850405371,0.2166845781837722,Steal
2024,8,11,95,Buttermilk Puuump,David Njoku,False,david njoku,Buttermilk Puuump,105.9,14.0,TE,35.4,5.0,29.8,4.0,0.3342776203966005,0.8418079096045198,True,83.33333333333334,54.87804878048781,165.0,28.455284552845534,28.455284552845534,0.3342776203966005,0.8418079096045198,54.87804878048781,1.5185185185185186,9.51196480803335,0.3342776203966005,Steal
2024,8,12,96,Ginger FC,Dallas Goedert,False,dallas goedert,Ginger FC,75.1,13.0,TE,65.6,10.0,54.599999999999994,7.0,0.8735019973368842,0.8323170731707317,True,60.0,54.77235772357724,164.0,5.227642276422763,5.227642276422763,0.8735019973368842,0.8323170731707317,54.77235772357724,1.0954430755529168,4.566355969818019,0.8735019973368842,Near Expectation
2024,9,1,97,Ginger FC,Nick Chubb,False,nick chubb,Ginger FC,58.699999999999996,14.0,RB,43.8,11.0,38.8,4.0,0.7461669505962522,0.8858447488584474,True,45.83333333333333,53.61918604651163,162.0,-7.785852713178301,-7.785852713178301,0.7461669505962522,0.8858447488584474,53.61918604651163,0.8547935303153519,-5.8095459767838085,0.7461669505962522,Near Expectation
2024,9,2,98,Buttermilk Puuump,Jordan Addison,False,jordan addison,Buttermilk Puuump,142.8,14.0,WR,58.4,5.0,39.8,2.0,0.4089635854341736,0.6815068493150684,True,82.71604938271605,53.125,161.0,29.59104938271605,29.59104938271605,0.4089635854341736,0.6815068493150684,53.125,1.5570079883805374,12.101661652315245,0.4089635854341736,Steal
2024,9,3,99,Patty Primetimes,Ladd McConkey,False,ladd mcconkey,Patty Primetimes,134.5,14.0,WR,35.099999999999994,3.0,0.0,0.0,0.26096654275092934,0.0,True,79.01234567901234,52.87356321839081,159.0,26.138782460621535,26.138782460621535,0.26096654275092934,0.0,52.87356321839081,1.4943639291465376,6.821347690467031,0.26096654275092934,Steal
2024,9,4,100,ThreatLevelMidnight,Trey Benson,False,trey benson,ThreatLevelMidnight,41.8,14.0,RB,21.5,6.0,0.0,0.0,0.514354066985646,0.0,True,40.27777777777778,52.4390243902439,159.0,-12.161246612466122,-12.161246612466122,0.514354066985646,0.0,52.4390243902439,0.7680878552971576,-6.2551866547373605,0.514354066985646,Near Expectation
2024,9,5,101,The Big Gronkowski,Gus Edwards,False,gus edwards,The Big Gronkowski,25.4,8.0,RB,5.9,1.0,0.0,0.0,0.23228346456692917,0.0,True,27.77777777777778,52.38095238095239,158.0,-24.603174603174608,-24.603174603174608,0.23228346456692917,0.0,52.38095238095239,0.5303030303030303,-5.7149106361704805,0.23228346456692917,Near Expectation
2024,9,6,102,Pop Lockett Drop it,Rome Odunze,False,rome odunze,Pop Lockett Drop it,100.5,14.0,WR,34.7,7.0,6.5,1.0,0.34527363184079607,0.18731988472622477,True,51.85185185185185,52.38095238095239,154.0,-0.5291005291005391,-0.5291005291005391,0.34527363184079607,0.18731988472622477,52.38095238095239,0.9898989898989897,-0.18268446129142993,0.34527363184079607,Near Expectation
2024,9,7,103,malle_dips_pouches,Courtland Sutton,False,courtland sutton,malle_dips_pouches,151.3,14.0,WR,38.08,3.0,16.3,2.0,0.2516853932584269,0.428046218487395,True,87.65432098765432,52.46951219512195,154.0,35.184808792532365,35.184808792532365,0.2516853932584269,0.428046218487395,52.46951219512195,1.6705762512464042,8.855502437671065,0.2516853932584269,Steal
2024,9,8,104,Voldemort,Khalil Shakir,False,khalil shakir,Voldemort,124.4,14.0,WR,43.4,4.0,8.2,1.0,0.3488745980707395,0.1889400921658986,True,70.37037037037037,53.125,153.0,17.245370370370367,17.245370370370367,0.3488745980707395,0.1889400921658986,53.125,1.3246187363834423,6.0164716565440015,0.3488745980707395,Near Expectation
2024,9,9,105,Uncle Rico,Jonathon Brooks,False,jonathon brooks,Uncle Rico,6.0,14.0,RB,0.0,1.0,0.0,0.0,0.0,,True,11.11111111111111,53.125,155.0,-42.013888888888886,-42.013888888888886,0.0,,53.125,0.20915032679738563,-0.0,0.0,Major Bust
2024,9,10,106,Joe Mantegna,Hollywood Brown,False,hollywood brown,Joe Mantegna,0.0,4.0,WR,0.0,1.0,0.0,0.0,,,True,2.4691358024691357,53.48837209302325,155.0,-51.01923629055412,-51.01923629055412,,,53.48837209302325,0.04616210413311863,-0.0,,Major Bust
2024,9,11,107,Post Mahomes,Ezekiel Elliott,False,ezekiel elliott,Post Mahomes,17.8,3.0,RB,17.8,3.0,0.0,0.0,1.0,0.0,True,19.444444444444446,54.48607522250933,152.0,-35.041630778064885,-35.041630778064885,1.0,0.0,54.48607522250933,0.3568699776050587,-35.041630778064885,1.0,Bust
2024,9,12,108,Malle ❤️ 🐸,Brock Purdy,False,brock purdy,Malle ❤️ 🐸,249.48000000000002,14.0,QB,103.4,5.0,17.06,1.0,0.4144620811287478,0.16499032882011602,True,67.85714285714286,54.187520854187525,154.0,13.669622002955336,13.669622002955336,0.4144620811287478,0.16499032882011602,54.187520854187525,1.252265130190007,5.66553998358819,0.4144620811287478,Near Expectation
2024,10,1,109,Malle ❤️ 🐸,Adam Thielen,True,adam thielen,Malle ❤️ 🐸,35.6,7.0,WR,6.4,2.0,6.4,1.0,0.1797752808988764,1.0,False,24.691358024691358,,,,,,,,,,,Not Rated
2024,10,2,110,Post Mahomes,Kyren Williams,True,kyren williams,Post Mahomes,208.8,14.0,RB,166.70000000000002,10.0,166.70000000000002,10.0,0.7983716475095786,1.0,False,91.66666666666666,,,,,,,,,,,Not Rated
2024,10,3,111,Joe Mantegna,Tua Tagovailoa,False,tua tagovailoa,Joe Mantegna,203.24,9.0,QB,68.28,3.0,47.66,2.0,0.33595748868333003,0.6980082015231399,True,46.42857142857143,52.40998838559814,158.0,-5.98141695702671,-5.98141695702671,0.33595748868333003,0.6980082015231399,52.40998838559814,0.8858725761772854,-2.009501819650579,0.33595748868333003,Near Expectation
2024,10,4,112,Uncle Rico,Tank Dell,True,tank dell,Uncle Rico,90.6,14.0,WR,15.6,1.0,15.6,1.0,0.17218543046357618,1.0,False,45.67901234567901,,,,,,,,,,,Not Rated
2024,10,5,113,Voldemort,Puka Nacua,True,puka nacua,Voldemort,125.3,14.0,WR,50.7,4.0,50.7,3.0,0.40462889066241026,1.0,False,71.60493827160494,,,,,,,,,,,Not Rated
2024,10,6,114,malle_dips_pouches,Harrison Butker,False,harrison butker,malle_dips_pouches,82.0,10.0,K,17.0,2.0,17.0,2.0,0.2073170731707317,1.0,False,,,,,,,,,,,,Not Rated
2024,10,7,115,Pop Lockett Drop it,C.J. Stroud,True,cj stroud,Pop Lockett Drop it,219.58,14.0,QB,108.68,7.0,108.68,7.0,0.49494489479916204,1.0,False,53.57142857142857,,,,,,,,,,,Not Rated
2024,10,8,116,The Big Gronkowski,Matthew Stafford,False,matthew stafford,The Big Gronkowski,236.22,14.0,QB,64.86000000000001,5.0,6.64,1.0,0.27457454914909835,0.10237434474252233,True,57.14285714285714,49.411764705882355,161.0,7.731092436974784,7.731092436974784,0.27457454914909835,0.10237434474252233,49.411764705882355,1.1564625850340136,2.122761220312355,0.27457454914909835,Near Expectation
2024,10,9,117,ThreatLevelMidnight,Sam LaPorta,True,sam laporta,ThreatLevelMidnight,92.5,13.0,TE,35.4,4.0,35.4,4.0,0.3827027027027027,1.0,False,76.66666666666667,,,,,,,,,,,Not Rated
2024,10,10,118,Patty Primetimes,Anthony Richardson Sr.,True,anthony richardson,Patty Primetimes,151.74,14.0,QB,72.1,3.0,14.86,1.0,0.4751548701726637,0.20610263522884884,False,32.142857142857146,,,,,,,,,,,Not Rated
2024,10,11,119,Buttermilk Puuump,Joshua Palmer,False,joshua palmer,Buttermilk Puuump,5.4,3.0,WR,2.5,1.0,0.0,0.0,0.4629629629629629,0.0,True,7.4074074074074066,49.12448700410397,162.0,-41.717079596696564,-41.717079596696564,0.4629629629629629,0.0,49.12448700410397,0.15078849386841586,-19.313462776248407,0.4629629629629629,Major Bust
2024,10,12,120,Ginger FC,De'Von Achane,True,devon achane,Ginger FC,198.9,14.0,RB,158.0,11.0,158.0,10.0,0.7943690296631473,1.0,False,88.88888888888889,,,,,,,,,,,Not Rated
2024,11,1,121,Ginger FC,Brian Thomas Jr.,False,brian thomas,Ginger FC,155.1,14.0,WR,119.8,11.0,49.8,5.0,0.7724049000644746,0.41569282136894825,True,90.12345679012346,48.35164835164835,159.0,41.771808438475105,41.771808438475105,0.7724049000644746,0.41569282136894825,48.35164835164835,1.8639169472502806,32.26474952243274,0.7724049000644746,Elite Steal
2024,11,2,122,Buttermilk Puuump,Blake Corum,False,blake corum,Buttermilk Puuump,0.0,1.0,RB,0.0,1.0,0.0,0.0,,,True,2.083333333333333,50.0,160.0,-47.916666666666664,-47.916666666666664,,,50.0,0.04166666666666666,-0.0,,Major Bust
2024,11,3,123,Patty Primetimes,Khalil Herbert,False,khalil herbert,Patty Primetimes,8.1,2.0,RB,7.7,1.0,0.0,0.0,0.9506172839506174,0.0,True,13.88888888888889,47.25274725274725,159.0,-33.363858363858355,-33.363858363858355,0.9506172839506174,0.0,47.25274725274725,0.29392764857881143,-31.71626041996412,0.9506172839506174,Bust
2024,11,4,124,ThreatLevelMidnight,Curtis Samuel,False,curtis samuel,ThreatLevelMidnight,2.5,1.0,WR,0.0,0.0,0.0,0.0,0.0,,True,4.938271604938271,47.25274725274725,159.0,-42.314475647808976,-42.314475647808976,0.0,,47.25274725274725,0.10450760838357738,-0.0,0.0,Major Bust
2024,11,5,125,The Big Gronkowski,Cowboys,False,cowboys,The Big Gronkowski,48.0,10.0,DEF,5.0,3.0,1.0,1.0,0.10416666666666667,0.2,False,,,,,,,,,,,,Not Rated
2024,11,6,126,Pop Lockett Drop it,Jameson Williams,False,jameson williams,Pop Lockett Drop it,120.1,14.0,WR,58.7,7.0,16.1,2.0,0.48875936719400503,0.27427597955706984,True,64.19753086419753,47.344322344322336,158.0,16.853208519875196,16.853208519875196,0.48875936719400503,0.27427597955706984,47.344322344322336,1.3559710580987179,8.237163531362816,0.48875936719400503,Near Expectation
2024,11,7,127,malle_dips_pouches,Justin Herbert,False,justin herbert,malle_dips_pouches,113.28,8.0,QB,16.0,1.0,16.0,1.0,0.14124293785310735,1.0,True,21.428571428571427,46.785225718194255,160.0,-25.356654289622828,-25.356654289622828,0.14124293785310735,1.0,46.785225718194255,0.45802005012531327,-3.581448345991925,0.14124293785310735,Bust
2024,11,8,128,Voldemort,Chuba Hubbard,False,chuba hubbard,Voldemort,182.7,14.0,RB,51.1,4.0,20.1,1.0,0.27969348659003834,0.39334637964774954,True,86.11111111111111,44.451219512195124,160.0,41.65989159891599,41.65989159891599,0.27969348659003834,0.39334637964774954,44.451219512195124,1.9372046944063406,11.65200033226386,0.27969348659003834,Elite Steal
2024,11,9,129,Uncle Rico,Zach Charbonnet,False,zach charbonnet,Uncle Rico,132.3,14.0,RB,4.3,1.0,0.0,0.0,0.03250188964474678,0.0,True,65.27777777777779,43.75,159.0,21.527777777777786,21.527777777777786,0.03250188964474678,0.0,43.75,1.4920634920634923,0.6996934576299657,0.03250188964474678,Near Expectation
2024,11,10,130,Joe Mantegna,Ty Chandler,False,ty chandler,Joe Mantegna,22.299999999999997,9.0,RB,12.4,4.0,0.0,0.0,0.5560538116591929,0.0,True,26.38888888888889,43.75,154.0,-17.36111111111111,-17.36111111111111,0.5560538116591929,0.0,43.75,0.6031746031746031,-9.653712007972098,0.5560538116591929,Near Expectation
2024,11,11,131,Post Mahomes,Brock Bowers,False,brock bowers,Post Mahomes,162.2,14.0,TE,126.8,10.0,126.8,10.0,0.781750924784217,1.0,True,100.0,43.75,153.0,56.25,56.25,0.781750924784217,1.0,43.75,2.2857142857142856,43.973489519112206,0.781750924784217,Elite Steal
2024,11,12,132,Malle ❤️ 🐸,Rashid Shaheed,False,rashid shaheed,Malle ❤️ 🐸,69.8,14.0,WR,31.400000000000002,7.0,16.6,1.0,0.44985673352435535,0.5286624203821656,True,37.03703703703704,41.02564102564102,155.0,-3.988603988603984,-3.988603988603984,0.44985673352435535,0.5286624203821656,41.02564102564102,0.9027777777777779,-1.7943003616356032,0.44985673352435535,Near Expectation
2024,12,1,133,Malle ❤️ 🐸,Tyler Lockett,False,tyler lockett,Malle ❤️ 🐸,83.6,14.0,WR,34.0,7.0,23.3,5.0,0.40669856459330145,0.6852941176470588,True,40.74074074074074,41.02564102564102,153.0,-0.2849002849002815,-0.2849002849002815,0.40669856459330145,0.6852941176470588,41.02564102564102,0.9930555555555557,-0.11586853692116712,0.40669856459330145,Near Expectation
2024,12,2,134,Post Mahomes,Keon Coleman,False,keon coleman,Post Mahomes,38.6,11.0,WR,16.0,3.0,0.0,0.0,0.41450777202072536,0.0,True,25.925925925925924,40.88319088319088,152.0,-14.957264957264954,-14.957264957264954,0.41450777202072536,0.0,40.88319088319088,0.6341463414634146,-6.199902572959566,0.41450777202072536,Near Expectation
2024,12,3,135,Joe Mantegna,Jakobi Meyers,False,jakobi meyers,Joe Mantegna,123.6,14.0,WR,42.6,6.0,0.0,0.0,0.3446601941747573,0.0,True,67.90123456790124,43.75,147.0,24.15123456790124,24.15123456790124,0.3446601941747573,0.0,43.75,1.5520282186948855,8.323969195732952,0.3446601941747573,Near Expectation
2024,12,4,136,Uncle Rico,Romeo Doubs,False,romeo doubs,Uncle Rico,77.3,13.0,WR,4.8,1.0,0.0,0.0,0.062095730918499355,0.0,True,39.50617283950617,42.44186046511628,144.0,-2.9356876256101074,-2.9356876256101074,0.062095730918499355,0.0,42.44186046511628,0.9308303737527481,-0.1822936688606535,0.062095730918499355,Near Expectation
2024,12,5,137,Voldemort,J.K. Dobbins,False,jk dobbins,Voldemort,152.0,14.0,RB,47.9,4.0,21.8,2.0,0.31513157894736843,0.4551148225469729,True,73.61111111111111,44.01162790697674,142.0,29.599483204134373,29.599483204134373,0.31513157894736843,0.4551148225469729,44.01162790697674,1.6725377953911642,9.327731878144977,0.31513157894736843,Steal
2024,12,6,138,malle_dips_pouches,Caleb Williams,False,caleb williams,malle_dips_pouches,160.24,11.0,QB,18.54,2.0,9.18,1.0,0.1157014478282576,0.49514563106796117,True,39.285714285714285,46.51162790697674,141.0,-7.225913621262457,-7.225913621262457,0.1157014478282576,0.49514563106796117,46.51162790697674,0.8446428571428571,-0.836048667861994,0.1157014478282576,Near Expectation
2024,12,7,139,Pop Lockett Drop it,Trevor Lawrence,False,trevor lawrence,Pop Lockett Drop it,57.760000000000005,4.0,QB,13.28,1.0,0.0,0.0,0.22991689750692518,0.0,True,17.857142857142858,45.0,139.0,-27.142857142857142,-27.142857142857142,0.22991689750692518,0.0,45.0,0.39682539682539686,-6.240601503759398,0.22991689750692518,Bust
2024,12,8,140,The Big Gronkowski,Brandon Aubrey,False,brandon aubrey,The Big Gronkowski,140.0,14.0,K,42.0,5.0,42.0,4.0,0.3,1.0,False,,,,,,,,,,,,Not Rated
2024,12,9,141,ThreatLevelMidnight,Deshaun Watson,False,deshaun watson,ThreatLevelMidnight,0.0,0.0,,0.0,0.0,0.0,0.0,,,False,,,,,,,,,,,,Not Rated
2024,12,10,142,Patty Primetimes,Dalton Schultz,False,dalton schultz,Patty Primetimes,46.7,10.0,TE,3.1,1.0,0.0,0.0,0.06638115631691649,0.0,True,36.666666666666664,42.857142857142854,136.0,-6.19047619047619,-6.19047619047619,0.06638115631691649,0.0,42.857142857142854,0.8555555555555555,-0.41093096767614967,0.06638115631691649,Near Expectation
2024,12,11,143,Buttermilk Puuump,Younghoe Koo,False,younghoe koo,Buttermilk Puuump,103.0,12.0,K,28.0,4.0,28.0,4.0,0.27184466019417475,1.0,False,,,,,,,,,,,,Not Rated
2024,12,12,144,Ginger FC,Antonio Gibson,False,antonio gibson,Ginger FC,38.3,10.0,RB,1.8,1.0,0.0,0.0,0.046997389033942565,0.0,True,36.11111111111111,42.42424242424242,137.0,-6.313131313131315,-6.313131313131315,0.046997389033942565,0.0,42.42424242424242,0.8511904761904762,-0.2967006883455971,0.046997389033942565,Near Expectation
2024,13,1,145,Ginger FC,Jake Elliott,False,jake elliott,Ginger FC,93.0,13.0,K,20.0,4.0,20.0,4.0,0.21505376344086022,1.0,False,,,,,,,,,,,,Not Rated
2024,13,2,146,Buttermilk Puuump,Jerry Jeudy,False,jerry jeudy,Buttermilk Puuump,151.9,14.0,WR,59.5,5.0,10.8,1.0,0.39170506912442393,0.18151260504201683,True,88.88888888888889,41.66193987521271,130.0,47.226949013676176,47.226949013676176,0.39170506912442393,0.18151260504201683,41.66193987521271,2.1335753725134254,18.499035327937673,0.39170506912442393,Elite Steal
2024,13,3,147,Patty Primetimes,Evan McPherson,False,evan mcpherson,Patty Primetimes,86.0,11.0,K,25.0,2.0,25.0,2.0,0.29069767441860467,1.0,False,,,,,,,,,,,,Not Rated
2024,13,4,148,ThreatLevelMidnight,Cameron Dicker,False,cameron dicker,ThreatLevelMidnight,110.0,11.0,K,16.0,2.0,16.0,2.0,0.14545454545454545,1.0,False,,,,,,,,,,,,Not Rated
2024,13,5,149,The Big Gronkowski,Luke Musgrave,False,luke musgrave,The Big Gronkowski,0.0,1.0,TE,0.0,0.0,0.0,0.0,,,True,3.3333333333333335,41.333333333333336,123.0,-38.0,-38.0,,,41.333333333333336,0.08064516129032258,-0.0,,Bust
2024,13,6,150,Pop Lockett Drop it,Ka'imi Fairbairn,False,kaimi fairbairn,Pop Lockett Drop it,151.0,14.0,K,90.0,7.0,90.0,7.0,0.5960264900662252,1.0,False,,,,,,,,,,,,Not Rated
2024,13,7,151,malle_dips_pouches,Pat Freiermuth,False,pat freiermuth,malle_dips_pouches,84.7,13.0,TE,21.700000000000003,3.0,0.0,0.0,0.25619834710743805,0.0,True,63.33333333333333,41.46341463414634,121.0,21.86991869918699,21.86991869918699,0.25619834710743805,0.0,41.46341463414634,1.5274509803921568,5.603037022105759,0.25619834710743805,Near Expectation
2024,13,8,152,Voldemort,Jets,False,jets,Voldemort,62.0,11.0,DEF,11.0,4.0,11.0,4.0,0.1774193548387097,1.0,False,,,,,,,,,,,,Not Rated
2024,13,9,153,Uncle Rico,Browns,False,browns,Uncle Rico,59.0,10.0,DEF,0.0,0.0,0.0,0.0,0.0,,False,,,,,,,,,,,,Not Rated
2024,13,10,154,Joe Mantegna,Jason Sanders,False,jason sanders,Joe Mantegna,67.0,8.0,K,31.0,3.0,31.0,3.0,0.4626865671641791,1.0,False,,,,,,,,,,,,Not Rated
2024,13,11,155,Post Mahomes,Chiefs,False,chiefs,Post Mahomes,69.0,14.0,DEF,51.0,10.0,35.0,7.0,0.7391304347826086,0.6862745098039216,False,,,,,,,,,,,,Not Rated
2024,13,12,156,Malle ❤️ 🐸,Jaleel McLaughlin,False,jaleel mclaughlin,Malle ❤️ 🐸,65.9,14.0,RB,36.4,7.0,31.2,5.0,0.5523520485584218,0.8571428571428572,True,47.22222222222222,41.02564102564102,117.0,6.196581196581199,6.196581196581199,0.5523520485584218,0.8571428571428572,41.02564102564102,1.1510416666666667,3.422694317990222,0.5523520485584218,Near Expectation
2024,14,1,157,Malle ❤️ 🐸,Cole Kmet,False,cole kmet,Malle ❤️ 🐸,85.8,14.0,TE,29.9,7.0,17.9,3.0,0.34848484848484845,0.5986622073578595,True,66.66666666666666,40.60846560846561,112.0,26.05820105820105,26.05820105820105,0.34848484848484845,0.5986622073578595,40.60846560846561,1.6416938110749184,9.08088824755491,0.34848484848484845,Steal
2024,14,2,158,Post Mahomes,Jake Moody,False,jake moody,Post Mahomes,92.0,10.0,K,37.0,3.0,37.0,3.0,0.40217391304347827,1.0,False,,,,,,,,,,,,Not Rated
2024,14,3,159,Joe Mantegna,Mike Williams,False,mike williams,Joe Mantegna,0.0,1.0,WR,0.0,1.0,0.0,0.0,,,True,2.4691358024691357,40.60846560846561,110.0,-38.139329805996475,-38.139329805996475,,,40.60846560846561,0.06080347448425624,-0.0,,Bust
2024,14,4,160,Uncle Rico,Brandin Cooks,False,brandin cooks,Uncle Rico,19.8,5.0,WR,0.0,0.0,0.0,0.0,0.0,,True,14.814814814814813,40.23809523809524,110.0,-25.423280423280428,-25.423280423280428,0.0,,40.23809523809524,0.3681788297172912,-0.0,0.0,Bust
2024,14,5,161,Voldemort,Tyler Allgeier,False,tyler allgeier,Voldemort,32.3,5.0,RB,0.0,0.0,0.0,0.0,0.0,,True,33.33333333333333,41.03703703703704,110.0,-7.7037037037037095,-7.7037037037037095,0.0,,41.03703703703704,0.8122743682310468,-0.0,0.0,Near Expectation
2024,14,6,162,malle_dips_pouches,Steelers,False,steelers,malle_dips_pouches,129.0,14.0,DEF,28.0,3.0,28.0,2.0,0.21705426356589147,1.0,False,,,,,,,,,,,,Not Rated
2024,14,7,163,Pop Lockett Drop it,Kirk Cousins,False,kirk cousins,Pop Lockett Drop it,218.84,14.0,QB,0.0,0.0,0.0,0.0,0.0,,True,50.0,40.476190476190474,109.0,9.523809523809526,9.523809523809526,0.0,,40.476190476190474,1.2352941176470589,0.0,0.0,Near Expectation
2024,14,8,164,The Big Gronkowski,Adonai Mitchell,False,adonai mitchell,The Big Gronkowski,14.26,6.0,WR,3.5,1.0,0.0,0.0,0.24544179523141654,0.0,True,12.345679012345679,40.60846560846561,106.0,-28.26278659611993,-28.26278659611993,0.24544179523141654,0.0,40.60846560846561,0.30401737242128124,-6.936869080394092,0.24544179523141654,Bust
2024,14,9,165,ThreatLevelMidnight,Ja'Lynn Polk,False,jalynn polk,ThreatLevelMidnight,0.0,0.0,,0.0,0.0,0.0,0.0,,,False,,,,,,,,,,,,Not Rated
2024,14,10,166,Patty Primetimes,Bears,False,bears,Patty Primetimes,88.0,12.0,DEF,10.0,2.0,10.0,2.0,0.11363636363636363,1.0,False,,,,,,,,,,,,Not Rated
2024,14,11,167,Buttermilk Puuump,Aaron Rodgers,False,aaron rodgers,Buttermilk Puuump,236.24,14.0,QB,80.74,5.0,0.0,0.0,0.34177108025736536,0.0,True,60.71428571428571,40.74074074074074,97.0,19.973544973544968,19.973544973544968,0.34177108025736536,0.0,40.74074074074074,1.4902597402597402,6.826380042177534,0.34177108025736536,Near Expectation
2024,14,12,168,Ginger FC,Gabe Davis,False,gabe davis,Ginger FC,19.9,5.0,WR,19.9,5.0,0.0,0.0,1.0,0.0,True,16.666666666666664,40.74074074074074,93.0,-24.074074074074076,-24.074074074074076,1.0,0.0,40.74074074074074,0.40909090909090906,-24.074074074074076,1.0,Near Expectation
2024,15,1,169,Ginger FC,Dameon Pierce,False,dameon pierce,Ginger FC,0.0,0.0,,0.0,0.0,0.0,0.0,,,False,,,,,,,,,,,,Not Rated
2024,15,2,170,Buttermilk Puuump,Bills,False,bills,Buttermilk Puuump,99.0,13.0,DEF,7.0,3.0,7.0,3.0,0.0707070707070707,1.0,False,,,,,,,,,,,,Not Rated
2024,15,3,171,Patty Primetimes,Tank Bigsby,False,tank bigsby,Patty Primetimes,97.69999999999999,14.0,RB,16.7,4.0,12.7,1.0,0.17093142272262027,0.7604790419161677,True,54.166666666666664,40.95860566448802,82.0,13.208061002178646,13.208061002178646,0.17093142272262027,0.7604790419161677,40.95860566448802,1.322473404255319,2.2576726585095535,0.17093142272262027,Near Expectation
2024,15,4,172,ThreatLevelMidnight,Dolphins,False,dolphins,ThreatLevelMidnight,8.0,2.0,DEF,2.0,1.0,2.0,1.0,0.25,1.0,False,,,,,,,,,,,,Not Rated
2024,15,5,173,The Big Gronkowski,MarShawn Lloyd,False,marshawn lloyd,The Big Gronkowski,2.3,6.0,RB,2.3,1.0,0.0,0.0,1.0,0.0,True,4.166666666666666,42.66666666666667,75.0,-38.50000000000001,-38.50000000000001,1.0,0.0,42.66666666666667,0.09765624999999997,-38.50000000000001,1.0,Bust
2024,15,6,174,Pop Lockett Drop it,Texans,False,texans,Pop Lockett Drop it,87.0,9.0,DEF,4.0,1.0,4.0,1.0,0.04597701149425287,1.0,False,,,,,,,,,,,,Not Rated
2024,15,7,175,malle_dips_pouches,Josh Downs,False,josh downs,malle_dips_pouches,111.1,14.0,WR,9.0,3.0,9.0,1.0,0.08100810081008102,1.0,True,58.0246913580247,42.93827160493827,66.0,15.086419753086425,15.086419753086425,0.08100810081008102,1.0,42.93827160493827,1.3513513513513515,1.2221222122212225,0.08100810081008102,Near Expectation
2024,15,8,176,Voldemort,Matt Gay,False,matt gay,Voldemort,0.0,0.0,,0.0,0.0,0.0,0.0,,,False,,,,,,,,,,,,Not Rated
2024,15,9,177,Uncle Rico,Tyler Bass,False,tyler bass,Uncle Rico,105.0,12.0,K,14.0,1.0,14.0,1.0,0.13333333333333333,1.0,False,,,,,,,,,,,,Not Rated
2024,15,10,178,Joe Mantegna,Eagles,False,eagles,Joe Mantegna,74.0,8.0,DEF,3.0,1.0,3.0,1.0,0.04054054054054054,1.0,False,,,,,,,,,,,,Not Rated
2024,15,11,179,Post Mahomes,T.J. Hockenson,False,tj hockenson,Post Mahomes,43.4,14.0,TE,32.2,10.0,14.9,1.0,0.7419354838709679,0.46273291925465837,True,33.33333333333333,44.0,49.0,-10.666666666666671,-10.666666666666671,0.7419354838709679,0.46273291925465837,44.0,0.7575757575757575,-7.91397849462366,0.7419354838709679,Near Expectation
2024,15,12,180,Malle ❤️ 🐸,Vikings,False,vikings,Malle ❤️ 🐸,138.0,14.0,DEF,81.0,7.0,46.0,5.0,0.5869565217391305,0.5679012345679012,False,,,,,,,,,,,,Not Rated
2025,1,1,1,Joe Mantegna,Ja'Marr Chase,False,jamarr chase,Joe Mantegna,176.4,14.0,WR,102.30000000000001,7.0,102.30000000000001,6.0,0.5799319727891157,1.0,True,93.90243902439023,90.58823529411765,103.0,3.314203730272581,3.314203730272581,0.5799319727891157,1.0,90.58823529411765,1.0365853658536583,1.9220127075220241,0.5799319727891157,Near Expectation
2025,1,2,2,Patty Primetimes,Saquon Barkley,False,saquon barkley,Patty Primetimes,169.6,14.0,RB,11.6,2.0,11.6,1.0,0.06839622641509434,1.0,True,85.13513513513513,90.36144578313254,111.0,-5.226310647997408,-5.226310647997408,0.06839622641509434,1.0,90.36144578313254,0.942162162162162,-0.3574599263960492,0.06839622641509434,Near Expectation
2025,1,3,3,ThreatLevelMidnight,Bijan Robinson,False,bijan robinson,ThreatLevelMidnight,236.29999999999998,14.0,RB,86.8,6.0,86.8,5.0,0.3673296656792213,1.0,True,94.5945945945946,90.62745098039215,118.0,3.967143614202442,3.967143614202442,0.3673296656792213,1.0,90.62745098039215,1.0437741939256435,1.4572495375064407,0.3673296656792213,Near Expectation
2025,1,4,4,Post Mahomes,Jahmyr Gibbs,False,jahmyr gibbs,Post Mahomes,278.6,14.0,RB,192.6,9.0,192.6,8.0,0.6913137114142138,1.0,True,97.2972972972973,90.00830909846283,126.0,7.288988198834474,7.288988198834474,0.6913137114142138,1.0,90.00830909846283,1.080981281304383,5.038977484190665,0.6913137114142138,Near Expectation
2025,1,5,5,Pop Lockett Drop it,CeeDee Lamb,False,ceedee lamb,Pop Lockett Drop it,133.2,14.0,WR,34.6,7.0,34.6,3.0,0.2597597597597598,1.0,True,76.82926829268293,88.2528735632184,134.0,-11.423605270535475,-11.423605270535475,0.2597597597597598,1.0,88.2528735632184,0.8705582627589755,-2.9673929606646205,0.2597597597597598,Near Expectation
2025,1,6,6,Voldemort,Justin Jefferson,False,justin jefferson,Voldemort,125.4,14.0,WR,34.0,6.0,34.0,5.0,0.2711323763955343,1.0,True,71.95121951219512,88.95875591615957,142.0,-17.00753640396445,-17.00753640396445,0.2711323763955343,1.0,88.95875591615957,0.8088154872580116,-4.611293761840441,0.2711323763955343,Near Expectation
2025,1,7,7,Uncle Rico,Christian McCaffrey,False,christian mccaffrey,Uncle Rico,286.0,14.0,RB,23.9,1.0,23.9,1.0,0.08356643356643356,1.0,True,98.64864864864865,87.5053153791637,150.0,11.143333269484941,11.143333269484941,0.08356643356643356,1.0,87.5053153791637,1.1273446443933202,0.9312086193730422,0.08356643356643356,Near Expectation
2025,1,8,8,Ginger FC,Derrick Henry,False,derrick henry,Ginger FC,181.0,14.0,RB,96.1,9.0,96.1,8.0,0.530939226519337,1.0,True,87.83783783783784,86.98179271708685,158.0,0.8560451207509914,0.8560451207509914,0.530939226519337,1.0,86.98179271708685,1.0098416587427133,0.45450793427718383,0.530939226519337,Near Expectation
2025,1,9,9,Buttermilk Puuump,Josh Jacobs,False,josh jacobs,Buttermilk Puuump,192.3,14.0,RB,90.0,5.0,90.0,5.0,0.46801872074882994,1.0,True,90.54054054054053,86.85897435897436,166.0,3.6815661815661684,3.6815661815661684,0.46801872074882994,1.0,86.85897435897436,1.042385558990725,1.7230418946487527,0.46801872074882994,Near Expectation
2025,1,10,10,malle_dips_pouches,Ashton Jeanty,False,ashton jeanty,malle_dips_pouches,160.9,14.0,RB,28.8,3.0,28.8,3.0,0.17899316345556246,1.0,True,83.78378378378379,85.8974358974359,173.0,-2.1136521136521083,-2.1136521136521083,0.17899316345556246,1.0,85.8974358974359,0.9753933037515128,-0.37832927826712687,0.17899316345556246,Near Expectation
2025,1,11,11,The Big Gronkowski,Nico Collins,False,nico collins,The Big Gronkowski,153.6,14.0,WR,25.6,5.0,25.6,4.0,0.16666666666666669,1.0,True,92.6829268292683,85.18518518518519,181.0,7.497741644083106,7.497741644083106,0.16666666666666669,1.0,85.18518518518519,1.088016967126193,1.2496236073471845,0.16666666666666669,Near Expectation
2025,1,12,12,Malle ❤️ 🐸,Drake London,False,drake london,Malle ❤️ 🐸,147.0,14.0,WR,73.9,8.0,73.9,6.0,0.5027210884353742,1.0,True,86.58536585365853,85.27551942186088,188.0,1.3098464317976521,1.3098464317976521,0.5027210884353742,1.0,85.27551942186088,1.0153601694915255,0.6584874238765068,0.5027210884353742,Near Expectation
2025,2,1,13,Malle ❤️ 🐸,Brian Thomas Jr.,False,brian thomas,Malle ❤️ 🐸,84.6,14.0,WR,47.099999999999994,8.0,40.099999999999994,6.0,0.5567375886524822,0.851380042462845,True,52.4390243902439,85.239651416122,196.0,-32.8006270258781,-32.8006270258781,0.5567375886524822,0.851380042462845,85.239651416122,0.6151951998753215,-18.261341996676812,0.5567375886524822,Bust
2025,2,2,14,The Big Gronkowski,A.J. Brown,False,aj brown,The Big Gronkowski,146.9,14.0,WR,61.1,5.0,61.1,5.0,0.415929203539823,1.0,True,85.36585365853658,85.71428571428571,195.0,-0.3484320557491287,-0.3484320557491287,0.415929203539823,1.0,85.71428571428571,0.9959349593495935,-0.1449230674354783,0.415929203539823,Near Expectation
2025,2,3,15,malle_dips_pouches,Bucky Irving,False,bucky irving,malle_dips_pouches,92.7,14.0,RB,30.2,3.0,30.2,2.0,0.325782092772384,1.0,True,55.4054054054054,85.18518518518519,195.0,-29.779779779779787,-29.779779779779787,0.325782092772384,1.0,85.18518518518519,0.6504112808460634,-9.701718978957384,0.325782092772384,Bust
2025,2,4,16,Buttermilk Puuump,Amon-Ra St. Brown,True,amon ra st brown,Buttermilk Puuump,193.0,14.0,WR,89.0,5.0,89.0,5.0,0.46113989637305697,1.0,False,96.34146341463415,,,,,,,,,,,Not Rated
2025,2,5,17,Ginger FC,Tyreek Hill,False,tyreek hill,Ginger FC,43.0,9.0,WR,23.6,6.0,23.6,2.0,0.5488372093023256,1.0,True,31.70731707317073,84.16867469879519,194.0,-52.46135762562446,-52.46135762562446,0.5488372093023256,1.0,84.16867469879519,0.3767116113760622,-28.792745115459006,0.5488372093023256,Major Bust
2025,2,6,18,Uncle Rico,Jonathan Taylor,False,jonathan taylor,Uncle Rico,291.5,14.0,RB,30.1,1.0,30.1,1.0,0.1032590051457976,1.0,True,100.0,82.55578093306288,194.0,17.444219066937123,17.444219066937123,0.1032590051457976,1.0,82.55578093306288,1.2113022113022114,1.8012727063972809,0.1032590051457976,Near Expectation
2025,2,7,19,Voldemort,Chase Brown,False,chase brown,Voldemort,160.1,14.0,RB,75.2,6.0,75.2,6.0,0.4697064334790756,1.0,True,82.43243243243244,81.86813186813187,193.0,0.5643005643005665,0.5643005643005665,0.4697064334790756,1.0,81.86813186813187,1.0068927988391077,0.26505560546784884,0.4697064334790756,Near Expectation
2025,2,8,20,Pop Lockett Drop it,Kenneth Walker III,False,kenneth walker,Pop Lockett Drop it,128.1,14.0,RB,59.7,7.0,59.7,7.0,0.46604215456674475,1.0,True,70.27027027027027,81.7877244706513,194.0,-11.517454200381025,-11.517454200381025,0.46604215456674475,1.0,81.7877244706513,0.8591786936863129,-5.367619170669377,0.46604215456674475,Near Expectation
2025,2,9,21,Post Mahomes,Brock Bowers,False,brock bowers,Post Mahomes,126.6,14.0,TE,100.0,9.0,100.0,8.0,0.7898894154818326,1.0,True,86.66666666666667,81.70731707317073,193.0,4.9593495934959435,4.9593495934959435,0.7898894154818326,1.0,81.70731707317073,1.0606965174129355,3.9173377515765746,0.7898894154818326,Near Expectation
2025,2,10,22,ThreatLevelMidnight,James Conner,False,james conner,ThreatLevelMidnight,29.3,3.0,RB,12.4,1.0,12.4,1.0,0.4232081911262799,1.0,True,33.78378378378378,81.48148148148148,193.0,-47.6976976976977,-47.6976976976977,0.4232081911262799,1.0,81.48148148148148,0.4146191646191646,-20.186056363530767,0.4232081911262799,Major Bust
2025,2,11,23,Patty Primetimes,Josh Allen,False,josh allen,Patty Primetimes,364.02,14.0,QB,55.16,2.0,55.16,2.0,0.1515301357068293,1.0,True,100.0,80.24691358024691,193.0,19.75308641975309,19.75308641975309,0.1515301357068293,1.0,80.24691358024691,1.2461538461538462,2.9931878658139124,0.1515301357068293,Near Expectation
2025,2,12,24,Joe Mantegna,Omarion Hampton,False,omarion hampton,Joe Mantegna,80.7,14.0,RB,10.1,7.0,10.1,2.0,0.12515489467162327,1.0,True,50.67567567567568,79.88095238095238,192.0,-29.205276705276702,-29.205276705276702,0.12515489467162327,1.0,79.88095238095238,0.6343899786522738,-3.6551833299045184,0.12515489467162327,Bust
2025,3,1,25,Joe Mantegna,Malik Nabers,True,malik nabers,Joe Mantegna,48.1,5.0,WR,42.800000000000004,2.0,42.800000000000004,2.0,0.8898128898128899,1.0,False,35.36585365853659,,,,,,,,,,,Not Rated
2025,3,2,26,Patty Primetimes,James Cook III,False,james cook,Patty Primetimes,220.0,14.0,RB,21.2,2.0,21.2,2.0,0.09636363636363636,1.0,True,93.24324324324324,79.76190476190477,191.0,13.481338481338469,13.481338481338469,0.09636363636363636,1.0,79.76190476190477,1.1690197660346913,1.2991107991107977,0.09636363636363636,Near Expectation
2025,3,3,27,ThreatLevelMidnight,Marvin Harrison Jr.,False,marvin harrison,ThreatLevelMidnight,105.4,14.0,WR,59.3,6.0,59.3,4.0,0.5626185958254268,1.0,True,62.19512195121951,80.0,191.0,-17.804878048780488,-17.804878048780488,0.5626185958254268,1.0,80.0,0.7774390243902439,-10.017355486647844,0.5626185958254268,Near Expectation
2025,3,4,28,Post Mahomes,Tee Higgins,False,tee higgins,Post Mahomes,145.7,14.0,WR,11.5,3.0,6.8,2.0,0.07892930679478381,0.591304347826087,True,82.92682926829268,79.6399885255307,192.0,3.2868407427619815,3.2868407427619815,0.07892930679478381,0.591304347826087,79.6399885255307,1.0412712357650364,0.25942806137105556,0.07892930679478381,Near Expectation
2025,3,5,29,Pop Lockett Drop it,Lamar Jackson,False,lamar jackson,Pop Lockett Drop it,212.1,14.0,QB,89.4,7.0,65.34,3.0,0.42149929278642156,0.7308724832214765,True,56.666666666666664,79.6399885255307,192.0,-22.973321858864033,-22.973321858864033,0.42149929278642156,0.7308724832214765,79.6399885255307,0.7115353444394417,-9.68323891646603,0.42149929278642156,Near Expectation
2025,3,6,30,Voldemort,Jaxon Smith-Njigba,False,jaxon smith njigba,Voldemort,242.9,14.0,WR,86.5,6.0,86.5,5.0,0.3561136270069988,1.0,True,100.0,79.50262588816805,192.0,20.497374111831945,20.497374111831945,0.3561136270069988,1.0,79.50262588816805,1.25782008937245,7.299394239083834,0.3561136270069988,Near Expectation
2025,3,7,31,Uncle Rico,Terry McLaurin,False,terry mclaurin,Uncle Rico,57.5,14.0,WR,0.0,1.0,0.0,0.0,0.0,,True,39.02439024390244,79.50262588816805,190.0,-40.47823564426562,-40.47823564426562,0.0,,79.50262588816805,0.4908566202429073,-0.0,0.0,Major Bust
2025,3,8,32,Ginger FC,Davante Adams,False,davante adams,Ginger FC,183.8,14.0,WR,132.1,9.0,132.1,8.0,0.7187159956474428,1.0,True,95.1219512195122,80.12345679012346,190.0,14.998494429388742,14.998494429388742,0.7187159956474428,1.0,80.12345679012346,1.1871923033560075,10.779657857030754,0.7187159956474428,Near Expectation
2025,3,9,33,Buttermilk Puuump,Breece Hall,False,breece hall,Buttermilk Puuump,159.76,14.0,RB,39.2,5.0,39.2,4.0,0.2453680520781172,1.0,True,81.08108108108108,80.0,190.0,1.0810810810810807,1.0810810810810807,0.2453680520781172,1.0,80.0,1.0135135135135136,0.2652627590033699,0.2453680520781172,Near Expectation
2025,3,10,34,malle_dips_pouches,Mike Evans,False,mike evans,malle_dips_pouches,27.0,14.0,WR,8.1,3.0,8.1,1.0,0.3,1.0,True,19.51219512195122,80.0,190.0,-60.48780487804878,-60.48780487804878,0.3,1.0,80.0,0.24390243902439024,-18.146341463414632,0.3,Major Bust
2025,3,11,35,The Big Gronkowski,Chuba Hubbard,False,chuba hubbard,The Big Gronkowski,98.19999999999999,14.0,RB,37.6,5.0,31.299999999999997,3.0,0.38289205702647666,0.8324468085106382,True,56.75675675675676,80.24691358024691,191.0,-23.490156823490153,-23.490156823490153,0.38289205702647666,0.8324468085106382,80.24691358024691,0.7072765072765073,-8.994194466020671,0.38289205702647666,Near Expectation
2025,3,12,36,Malle ❤️ 🐸,George Kittle,False,george kittle,Malle ❤️ 🐸,87.8,14.0,TE,25.9,8.0,25.9,3.0,0.2949886104783599,1.0,True,60.0,80.0,191.0,-20.0,-20.0,0.2949886104783599,1.0,80.0,0.75,-5.899772209567198,0.2949886104783599,Near Expectation
2025,4,1,37,Malle ❤️ 🐸,Jayden Daniels,False,jayden daniels,Malle ❤️ 🐸,133.28,12.0,QB,59.66,6.0,59.66,3.0,0.44762905162064826,1.0,True,53.333333333333336,79.76190476190477,191.0,-26.428571428571438,-26.428571428571438,0.44762905162064826,1.0,79.76190476190477,0.6686567164179104,-11.830196364259994,0.44762905162064826,Bust
2025,4,2,38,The Big Gronkowski,TreVeyon Henderson,False,treveyon henderson,The Big Gronkowski,132.4,14.0,RB,33.9,5.0,33.9,5.0,0.25604229607250756,1.0,True,71.62162162162163,79.76190476190477,191.0,-8.140283140283145,-8.140283140283145,0.25604229607250756,1.0,79.76190476190477,0.8979427188382412,-2.0842567859184187,0.25604229607250756,Near Expectation
2025,4,3,39,malle_dips_pouches,Jalen Hurts,False,jalen hurts,malle_dips_pouches,291.86,14.0,QB,46.86,3.0,46.86,3.0,0.16055643116562734,1.0,True,86.66666666666667,79.06976744186046,191.0,7.596899224806208,7.596899224806208,0.16055643116562734,1.0,79.06976744186046,1.0960784313725491,1.2197310274598057,0.16055643116562734,Near Expectation
2025,4,4,40,Buttermilk Puuump,George Pickens,False,george pickens,Buttermilk Puuump,206.9,14.0,WR,79.6,5.0,79.6,5.0,0.3847269212179797,1.0,True,97.5609756097561,78.2051282051282,191.0,19.355847404627895,19.355847404627895,0.3847269212179797,1.0,78.2051282051282,1.24750099960016,7.446715579547512,0.3847269212179797,Near Expectation
2025,4,5,41,Ginger FC,DeVonta Smith,False,devonta smith,Ginger FC,133.9,14.0,WR,90.3,9.0,56.1,5.0,0.6743838685586258,0.6212624584717609,True,78.04878048780488,77.8525641025641,192.0,0.19621638524077412,0.19621638524077412,0.6743838685586258,0.6212624584717609,77.8525641025641,1.0025203586741507,0.13232516495326288,0.6743838685586258,Near Expectation
2025,4,6,42,Uncle Rico,Joe Burrow,False,joe burrow,Uncle Rico,76.46,14.0,QB,0.0,1.0,0.0,0.0,0.0,,True,20.0,76.82582180574148,192.0,-56.825821805741484,-56.825821805741484,0.0,,76.82582180574148,0.2603291384317522,-0.0,0.0,Major Bust
2025,4,7,43,Voldemort,Alvin Kamara,False,alvin kamara,Voldemort,84.2,14.0,RB,34.7,6.0,24.6,3.0,0.4121140142517815,0.7089337175792507,True,52.702702702702695,77.35714285714286,192.0,-24.654440154440167,-24.654440154440167,0.4121140142517815,0.7089337175792507,77.35714285714286,0.6812907089915399,-10.16044030117665,0.4121140142517815,Near Expectation
2025,4,8,44,Pop Lockett Drop it,Trey McBride,True,trey mcbride,Pop Lockett Drop it,188.2,14.0,TE,101.19999999999999,7.0,101.19999999999999,7.0,0.5377258235919234,1.0,False,100.0,,,,,,,,,,,Not Rated
2025,4,9,45,Post Mahomes,Garrett Wilson,False,garrett wilson,Post Mahomes,81.5,14.0,WR,55.599999999999994,9.0,55.599999999999994,4.0,0.6822085889570552,1.0,True,51.21951219512195,75.86206896551724,193.0,-24.642556770395288,-24.642556770395288,0.6822085889570552,1.0,75.86206896551724,0.6751662971175166,-16.811363882625496,0.6822085889570552,Near Expectation
2025,4,10,46,ThreatLevelMidnight,Tony Pollard,False,tony pollard,ThreatLevelMidnight,122.9,14.0,RB,32.1,5.0,13.3,1.0,0.2611879576891782,0.4143302180685358,True,68.91891891891892,75.0,194.0,-6.081081081081081,-6.081081081081081,0.2611879576891782,0.4143302180685358,75.0,0.918918918918919,-1.5883051481098673,0.2611879576891782,Near Expectation
2025,4,11,47,Patty Primetimes,DK Metcalf,False,dk metcalf,Patty Primetimes,138.5,14.0,WR,6.6,2.0,6.6,2.0,0.047653429602888084,1.0,True,80.48780487804879,73.80174291938998,194.0,6.6860619586588115,6.6860619586588115,0.047653429602888084,1.0,73.80174291938998,1.0905949059490596,0.3186137828674957,0.047653429602888084,Near Expectation
2025,4,12,48,Joe Mantegna,RJ Harvey,False,rj harvey,Joe Mantegna,132.6,14.0,RB,47.7,7.0,44.8,5.0,0.35972850678733037,0.9392033542976939,True,72.97297297297297,75.0,191.0,-2.0270270270270316,-2.0270270270270316,0.35972850678733037,0.9392033542976939,75.0,0.9729729729729729,-0.7291794056499956,0.35972850678733037,Near Expectation
2025,5,1,49,Joe Mantegna,Zay Flowers,False,zay flowers,Joe Mantegna,129.5,14.0,WR,60.400000000000006,7.0,60.400000000000006,6.0,0.46640926640926644,1.0,True,75.60975609756098,73.52941176470588,192.0,2.0803443328550912,2.0803443328550912,0.46640926640926644,1.0,73.52941176470588,1.0282926829268293,0.9702918741656179,0.46640926640926644,Near Expectation
2025,5,2,50,Patty Primetimes,Courtland Sutton,False,courtland sutton,Patty Primetimes,137.3,14.0,WR,13.4,2.0,13.4,2.0,0.09759650400582665,1.0,True,79.26829268292683,73.33333333333333,191.0,5.934959349593498,5.934959349593498,0.09759650400582665,1.0,73.33333333333333,1.0809312638580932,0.5792312839370202,0.09759650400582665,Near Expectation
2025,5,3,51,ThreatLevelMidnight,DJ Moore,False,dj moore,ThreatLevelMidnight,104.08,14.0,WR,53.58,6.0,30.080000000000002,3.0,0.5147963105303612,0.5614035087719299,True,59.756097560975604,72.78338945005612,192.0,-13.027291889080516,-13.027291889080516,0.5147963105303612,0.5614035087719299,72.78338945005612,0.8210128438986779,-6.70640180070075,0.5147963105303612,Near Expectation
2025,5,4,52,Post Mahomes,Patrick Mahomes,False,patrick mahomes,Post Mahomes,326.12,14.0,QB,164.16,9.0,164.16,8.0,0.5033729915368576,1.0,True,96.66666666666667,71.80246913580247,192.0,24.864197530864203,24.864197530864203,0.5033729915368576,1.0,71.80246913580247,1.346286107290234,12.51596549327446,0.5033729915368576,Near Expectation
2025,5,5,53,Pop Lockett Drop it,Tetairoa McMillan,False,tetairoa mcmillan,Pop Lockett Drop it,147.1,14.0,WR,14.5,2.0,14.5,2.0,0.09857239972807615,1.0,True,87.8048780487805,71.42857142857143,192.0,16.376306620209064,16.376306620209064,0.09857239972807615,1.0,71.42857142857143,1.2292682926829268,1.6142518422367875,0.09857239972807615,Near Expectation
2025,5,6,54,Voldemort,David Montgomery,False,david montgomery,Voldemort,135.32,14.0,RB,74.2,6.0,0.0,0.0,0.5483298847177063,0.0,True,74.32432432432432,71.42857142857143,191.0,2.895752895752892,2.895752895752892,0.5483298847177063,0.0,71.42857142857143,1.0405405405405406,1.5878278514991475,0.5483298847177063,Near Expectation
2025,5,7,55,Uncle Rico,Jaylen Waddle,False,jaylen waddle,Uncle Rico,148.12,14.0,WR,20.0,1.0,20.0,1.0,0.13502565487442614,1.0,True,90.2439024390244,71.42857142857143,191.0,18.815331010452965,18.815331010452965,0.13502565487442614,1.0,71.42857142857143,1.2634146341463415,2.5405523913655097,0.13502565487442614,Near Expectation
2025,5,8,56,Ginger FC,Mark Andrews,False,mark andrews,Ginger FC,93.6,14.0,TE,60.9,9.0,25.0,4.0,0.6506410256410257,0.41050903119868637,True,66.66666666666666,70.58823529411765,193.0,-3.921568627450995,-3.921568627450995,0.6506410256410257,0.41050903119868637,70.58823529411765,0.9444444444444442,-2.5515334338863846,0.6506410256410257,Near Expectation
2025,5,9,57,Buttermilk Puuump,Travis Hunter,False,travis hunter,Buttermilk Puuump,49.800000000000004,9.0,WR,29.5,4.0,20.1,1.0,0.5923694779116465,0.6813559322033899,True,36.58536585365854,69.18328584995251,192.0,-32.597919996293975,-32.597919996293975,0.5923694779116465,0.6813559322033899,69.18328584995251,0.5288179855031221,-19.310012849210285,0.5923694779116465,Bust
2025,5,10,58,malle_dips_pouches,Calvin Ridley,False,calvin ridley,malle_dips_pouches,38.8,11.0,WR,7.2,2.0,7.2,1.0,0.18556701030927836,1.0,True,29.268292682926827,69.23076923076923,191.0,-39.9624765478424,-39.9624765478424,0.18556701030927836,1.0,69.23076923076923,0.4227642276422764,-7.415717297537765,0.18556701030927836,Bust
2025,5,11,59,The Big Gronkowski,T.J. Hockenson,False,tj hockenson,The Big Gronkowski,78.0,14.0,TE,20.1,5.0,3.0,1.0,0.2576923076923077,0.14925373134328357,True,46.666666666666664,68.71424269798254,190.0,-22.047576031315877,-22.047576031315877,0.2576923076923077,0.14925373134328357,68.71424269798254,0.6791411042944784,-5.6814907465313995,0.2576923076923077,Near Expectation
2025,5,12,60,Malle ❤️ 🐸,D'Andre Swift,False,dandre swift,Malle ❤️ 🐸,155.3,14.0,RB,100.1,8.0,100.1,7.0,0.6445589182227945,1.0,True,79.72972972972973,67.64950166112956,190.0,12.080228068600164,12.080228068600164,0.6445589182227945,1.0,67.64950166112956,1.1785708360293996,7.78641873578156,0.6445589182227945,Near Expectation
2025,6,1,61,Malle ❤️ 🐸,Isiah Pacheco,False,isiah pacheco,Malle ❤️ 🐸,62.0,14.0,RB,45.5,8.0,41.2,6.0,0.7338709677419355,0.9054945054945056,True,40.54054054054054,66.66666666666666,189.0,-26.126126126126117,-26.126126126126117,0.7338709677419355,0.9054945054945056,66.66666666666666,0.6081081081081082,-19.17320546352804,0.7338709677419355,Bust
2025,6,2,62,The Big Gronkowski,Jameson Williams,False,jameson williams,The Big Gronkowski,139.9,14.0,WR,24.9,5.0,24.9,5.0,0.17798427448177268,1.0,True,81.70731707317073,67.64950166112956,190.0,14.057815412041165,14.057815412041165,0.17798427448177268,1.0,67.64950166112956,1.2078036802467473,2.502070076910829,0.17798427448177268,Near Expectation
2025,6,3,63,malle_dips_pouches,Tyrone Tracy Jr.,False,tyrone tracy,malle_dips_pouches,80.7,14.0,RB,18.5,3.0,3.8,1.0,0.2292441140024783,0.2054054054054054,True,50.67567567567568,67.05426356589146,190.0,-16.378587890215783,-16.378587890215783,0.2292441140024783,0.2054054054054054,67.05426356589146,0.7557412904233715,-3.7546948695042373,0.2292441140024783,Near Expectation
2025,6,4,64,Buttermilk Puuump,Aaron Jones Sr.,False,aaron jones,Buttermilk Puuump,72.6,14.0,RB,15.600000000000001,5.0,13.100000000000001,2.0,0.21487603305785127,0.8397435897435898,True,44.5945945945946,66.66666666666666,191.0,-22.07207207207206,-22.07207207207206,0.21487603305785127,0.8397435897435898,66.66666666666666,0.6689189189189191,-4.742759288213832,0.21487603305785127,Near Expectation
2025,6,5,65,Ginger FC,Chris Olave,False,chris olave,Ginger FC,147.8,14.0,WR,99.4,9.0,69.8,5.0,0.6725304465493911,0.7022132796780683,True,89.02439024390245,66.30036630036629,190.0,22.724023943536153,22.724023943536153,0.6725304465493911,0.7022132796780683,66.30036630036629,1.3427435655572029,15.282597970145424,0.6725304465493911,Near Expectation
2025,6,6,66,Uncle Rico,Emeka Egbuka,False,emeka egbuka,Uncle Rico,146.5,14.0,WR,27.8,1.0,27.8,1.0,0.18976109215017065,1.0,True,84.14634146341463,64.40092165898618,190.0,19.74541980442845,19.74541980442845,0.18976109215017065,1.0,64.40092165898618,1.3066015096644703,3.7469124270519516,0.18976109215017065,Near Expectation
2025,6,7,67,Voldemort,Jaylen Warren,False,jaylen warren,Voldemort,143.9,14.0,RB,66.7,6.0,40.7,4.0,0.46351633078526755,0.6101949025487257,True,75.67567567567568,63.79492600422833,190.0,11.880749671447347,11.880749671447347,0.46351633078526755,0.6101949025487257,63.79492600422833,1.1862334579815939,5.506921494687547,0.46351633078526755,Near Expectation
2025,6,8,68,Pop Lockett Drop it,Kaleb Johnson,False,kaleb johnson,Pop Lockett Drop it,-0.1,3.0,RB,0.0,1.0,0.0,0.0,,,True,1.3513513513513513,63.427377220480665,190.0,-62.07602586912931,-62.07602586912931,,,63.427377220480665,0.0213054900040073,-0.0,,Major Bust
2025,6,9,69,Post Mahomes,Ricky Pearsall,False,ricky pearsall,Post Mahomes,47.0,14.0,WR,37.4,9.0,21.2,3.0,0.7957446808510638,0.5668449197860963,True,34.146341463414636,64.11960132890366,190.0,-29.97325986548902,-29.97325986548902,0.7957446808510638,0.5668449197860963,64.11960132890366,0.5325413875900418,-23.851062105729557,0.7957446808510638,Bust
2025,6,10,70,ThreatLevelMidnight,Xavier Worthy,True,xavier worthy,ThreatLevelMidnight,79.2,14.0,WR,24.5,6.0,8.1,2.0,0.3093434343434343,0.33061224489795915,False,48.78048780487805,,,,,,,,,,,Not Rated
2025,6,11,71,Patty Primetimes,Travis Kelce,False,travis kelce,Patty Primetimes,134.8,14.0,TE,10.6,2.0,10.6,1.0,0.07863501483679525,1.0,True,96.66666666666667,62.96296296296296,189.0,33.70370370370371,33.70370370370371,0.07863501483679525,1.0,62.96296296296296,1.535294117647059,2.650291240795692,0.07863501483679525,Steal
2025,6,12,72,Joe Mantegna,Tucker Kraft,False,tucker kraft,Joe Mantegna,101.2,9.0,TE,55.9,4.0,30.299999999999997,2.0,0.5523715415019762,0.5420393559928444,True,73.33333333333333,64.11960132890366,188.0,9.213732004429673,9.213732004429673,0.5523715415019762,0.5420393559928444,64.11960132890366,1.1436960276338515,5.089403350272911,0.5523715415019762,Near Expectation
2025,7,1,73,Joe Mantegna,Bo Nix,False,bo nix,Joe Mantegna,277.56,14.0,QB,129.44,7.0,129.44,6.0,0.46634961810059083,1.0,True,73.33333333333333,64.11960132890366,190.0,9.213732004429673,9.213732004429673,0.46634961810059083,1.0,64.11960132890366,1.1436960276338515,4.296820401546969,0.46634961810059083,Near Expectation
2025,7,2,74,Patty Primetimes,J.K. Dobbins,False,jk dobbins,Patty Primetimes,110.4,14.0,RB,15.3,2.0,6.4,1.0,0.13858695652173914,0.41830065359477125,True,63.51351351351351,63.95348837209303,189.0,-0.439974858579518,-0.439974858579518,0.13858695652173914,0.41830065359477125,63.95348837209303,0.993120393120393,-0.060974776596617986,0.13858695652173914,Near Expectation
2025,7,3,75,ThreatLevelMidnight,Rashee Rice,False,rashee rice,ThreatLevelMidnight,115.0,14.0,WR,43.5,6.0,43.5,3.0,0.3782608695652174,1.0,True,67.07317073170732,63.09067688378033,190.0,3.982493847926989,3.982493847926989,0.3782608695652174,1.0,63.09067688378033,1.0631233336624866,1.5064215859549914,0.3782608695652174,Near Expectation
2025,7,4,76,Post Mahomes,Jordan Mason,False,jordan mason,Post Mahomes,108.0,14.0,RB,40.3,3.0,32.3,2.0,0.3731481481481481,0.8014888337468983,True,62.16216216216216,62.806782686300764,188.0,-0.6446205241386025,-0.6446205241386025,0.3731481481481481,0.8014888337468983,62.806782686300764,0.989736450482454,-0.24053895484060814,0.3731481481481481,Near Expectation
2025,7,5,77,Pop Lockett Drop it,Rome Odunze,False,rome odunze,Pop Lockett Drop it,124.10000000000001,14.0,WR,54.5,7.0,54.5,5.0,0.4391619661563255,1.0,True,70.73170731707317,62.34756097560975,188.0,8.38414634146342,8.38414634146342,0.4391619661563255,1.0,62.34756097560975,1.134474327628362,3.681998191859439,0.4391619661563255,Near Expectation
2025,7,6,78,Voldemort,David Njoku,False,david njoku,Voldemort,42.4,10.0,TE,20.5,4.0,20.5,4.0,0.4834905660377359,1.0,True,36.666666666666664,61.76470588235294,185.0,-25.098039215686278,-25.098039215686278,0.4834905660377359,1.0,61.76470588235294,0.5936507936507937,-12.134665186829451,0.4834905660377359,Bust
2025,7,7,79,Uncle Rico,Jerry Jeudy,False,jerry jeudy,Uncle Rico,78.7,14.0,WR,2.5,1.0,2.5,1.0,0.03176620076238882,1.0,True,47.5609756097561,60.769230769230774,186.0,-13.208255159474675,-13.208255159474675,0.03176620076238882,1.0,60.769230769230774,0.7826489657301636,-0.4195760851167305,0.03176620076238882,Near Expectation
2025,7,8,80,Ginger FC,Travis Etienne Jr.,False,travis etienne,Ginger FC,176.8,14.0,RB,100.8,9.0,56.2,5.0,0.5701357466063348,0.5575396825396826,True,86.48648648648648,61.65158371040724,184.0,24.834902776079247,24.834902776079247,0.5701357466063348,0.5575396825396826,61.65158371040724,1.4028266798909002,14.159265836135678,0.5701357466063348,Near Expectation
2025,7,9,81,Buttermilk Puuump,Evan Engram,False,evan engram,Buttermilk Puuump,61.4,14.0,TE,24.200000000000003,5.0,1.7,1.0,0.39413680781758964,0.07024793388429751,True,43.333333333333336,61.76470588235294,183.0,-18.431372549019606,-18.431372549019606,0.39413680781758964,0.07024793388429751,61.76470588235294,0.7015873015873016,-7.264482340167338,0.39413680781758964,Near Expectation
2025,7,10,82,malle_dips_pouches,Stefon Diggs,False,stefon diggs,malle_dips_pouches,120.5,14.0,WR,22.4,3.0,17.2,2.0,0.1858921161825726,0.7678571428571429,True,69.51219512195121,61.76470588235294,184.0,7.747489239598266,7.747489239598266,0.1858921161825726,0.7678571428571429,61.76470588235294,1.1254355400696863,1.440197169850632,0.1858921161825726,Near Expectation
2025,7,11,83,The Big Gronkowski,Dak Prescott,False,dak prescott,The Big Gronkowski,321.28000000000003,14.0,QB,134.44,5.0,57.6,2.0,0.41845119521912344,0.4284439155013389,True,93.33333333333333,61.76470588235294,183.0,31.568627450980387,31.568627450980387,0.41845119521912344,0.4284439155013389,61.76470588235294,1.511111111111111,13.209929888289972,0.41845119521912344,Steal
2025,7,12,84,Malle ❤️ 🐸,Jordan Addison,False,jordan addison,Malle ❤️ 🐸,89.1,14.0,WR,62.5,8.0,6.1,1.0,0.7014590347923682,0.09759999999999999,True,54.87804878048781,61.76470588235294,183.0,-6.886657101865133,-6.886657101865133,0.7014590347923682,0.09759999999999999,61.76470588235294,0.8885017421602788,-4.830707843620323,0.7014590347923682,Near Expectation
2025,8,1,85,Malle ❤️ 🐸,Brock Purdy,False,brock purdy,Malle ❤️ 🐸,77.88,7.0,QB,23.66,3.0,23.66,1.0,0.30380071905495637,1.0,True,23.333333333333332,59.62301587301587,182.0,-36.289682539682545,-36.289682539682545,0.30380071905495637,1.0,59.62301587301587,0.39134775374376035,-11.024831649831652,0.30380071905495637,Bust
2025,8,2,86,The Big Gronkowski,Braelon Allen,False,braelon allen,The Big Gronkowski,14.3,4.0,RB,7.5,2.0,0.0,0.0,0.5244755244755245,0.0,True,21.62162162162162,61.1764705882353,179.0,-39.554848966613676,-39.554848966613676,0.5244755244755245,0.0,61.1764705882353,0.3534303534303534,-20.745550157314867,0.5244755244755245,Bust
2025,8,3,87,malle_dips_pouches,Jakobi Meyers,False,jakobi meyers,malle_dips_pouches,110.3,14.0,WR,33.7,3.0,9.8,1.0,0.30553037171350866,0.29080118694362017,True,65.85365853658537,60.0,177.0,5.853658536585371,5.853658536585371,0.30553037171350866,0.29080118694362017,60.0,1.0975609756097562,1.7884704685668815,0.30553037171350866,Near Expectation
2025,8,4,88,Buttermilk Puuump,Deebo Samuel Sr.,False,deebo samuel,Buttermilk Puuump,128.0,14.0,WR,46.5,5.0,15.5,2.0,0.36328125,0.3333333333333333,True,73.17073170731707,59.523809523809526,177.0,13.646922183507549,13.646922183507549,0.36328125,0.3333333333333333,59.523809523809526,1.2292682926829268,4.957670949477352,0.36328125,Near Expectation
2025,8,5,89,Ginger FC,Michael Pittman Jr.,False,michael pittman,Ginger FC,148.4,14.0,WR,88.5,9.0,38.4,3.0,0.5963611859838275,0.43389830508474575,True,91.46341463414635,59.25925925925925,175.0,32.204155374887094,32.204155374887094,0.5963611859838275,0.43389830508474575,59.25925925925925,1.5434451219512197,19.20530829297512,0.5963611859838275,Steal
2025,8,6,90,Uncle Rico,Matthew Golden,False,matthew golden,Uncle Rico,43.2,13.0,WR,0.0,2.0,0.0,0.0,0.0,,True,32.926829268292686,57.73809523809524,174.0,-24.811265969802555,-24.811265969802555,0.0,,57.73809523809524,0.5702791048529042,-0.0,0.0,Near Expectation
2025,8,7,91,Voldemort,Kyler Murray,False,kyler murray,Voldemort,92.78,14.0,QB,33.06,6.0,33.06,2.0,0.3563267945677948,1.0,True,33.33333333333333,57.14285714285714,171.0,-23.80952380952381,-23.80952380952381,0.3563267945677948,1.0,57.14285714285714,0.5833333333333333,-8.48397129923321,0.3563267945677948,Near Expectation
2025,8,8,92,Pop Lockett Drop it,Javonte Williams,False,javonte williams,Pop Lockett Drop it,193.5,14.0,RB,91.5,7.0,91.5,6.0,0.4728682170542636,1.0,True,91.8918918918919,56.53846153846153,170.0,35.35343035343037,35.35343035343037,0.4728682170542636,1.0,56.53846153846153,1.6252987681559115,16.717513577978703,0.4728682170542636,Steal
2025,8,9,93,Post Mahomes,Austin Ekeler,False,austin ekeler,Post Mahomes,7.2,1.0,RB,7.2,1.0,0.0,0.0,1.0,0.0,True,14.864864864864865,56.82170542635659,168.0,-41.956840561491724,-41.956840561491724,1.0,0.0,56.82170542635659,0.26160539803104604,-41.956840561491724,1.0,Major Bust
2025,8,10,94,ThreatLevelMidnight,Baker Mayfield,False,baker mayfield,ThreatLevelMidnight,255.38,14.0,QB,115.52,6.0,107.98,4.0,0.4523455243167045,0.934729916897507,True,66.66666666666666,56.666666666666664,167.0,9.999999999999993,9.999999999999993,0.4523455243167045,0.934729916897507,56.666666666666664,1.176470588235294,4.523455243167041,0.4523455243167045,Near Expectation
2025,8,11,95,Patty Primetimes,Ladd McConkey,True,ladd mcconkey,Patty Primetimes,129.0,14.0,WR,26.299999999999997,2.0,26.299999999999997,2.0,0.20387596899224805,1.0,False,74.39024390243902,,,,,,,,,,,Not Rated
2025,8,12,96,Joe Mantegna,Jauan Jennings,False,jauan jennings,Joe Mantegna,96.3,14.0,WR,58.2,7.0,21.200000000000003,3.0,0.604361370716511,0.36426116838487976,True,58.536585365853654,55.12820512820513,167.0,3.4083802376485224,3.4083802376485224,0.604361370716511,0.36426116838487976,55.12820512820513,1.0618264322178104,2.0598933523483285,0.604361370716511,Near Expectation
2025,9,1,97,Joe Mantegna,Jacory Croskey-Merritt,False,jacory croskey merritt,Joe Mantegna,86.3,14.0,RB,30.7,7.0,14.5,4.0,0.35573580533024335,0.4723127035830619,True,54.054054054054056,53.61918604651163,166.0,0.43486800754242694,0.43486800754242694,0.35573580533024335,0.4723127035830619,53.61918604651163,1.0081103060230194,0.15469812087546359,0.35573580533024335,Near Expectation
2025,9,2,98,Patty Primetimes,Tank Bigsby,False,tank bigsby,Patty Primetimes,17.599999999999998,13.0,RB,0.7,2.0,0.0,0.0,0.03977272727272727,0.0,True,24.324324324324326,53.125,165.0,-28.800675675675674,-28.800675675675674,0.03977272727272727,0.0,53.125,0.4578696343402226,-1.1454814189189189,0.03977272727272727,Bust
2025,9,3,99,ThreatLevelMidnight,Rhamondre Stevenson,False,rhamondre stevenson,ThreatLevelMidnight,77.8,14.0,RB,18.9,6.0,0.0,0.0,0.2429305912596401,0.0,True,47.2972972972973,52.87356321839081,163.0,-5.576265921093508,-5.576265921093508,0.2429305912596401,0.0,52.87356321839081,0.8945358401880141,-1.3546455772322274,0.2429305912596401,Near Expectation
2025,9,4,100,Post Mahomes,Kyren Williams,True,kyren williams,Post Mahomes,189.9,14.0,RB,117.4,9.0,117.4,8.0,0.6182201158504476,1.0,False,89.1891891891892,,,,,,,,,,,Not Rated
2025,9,5,101,Pop Lockett Drop it,Jayden Reed,False,jayden reed,Pop Lockett Drop it,19.3,3.0,WR,0.0,0.0,0.0,0.0,0.0,,True,15.853658536585366,52.40998838559814,160.0,-36.556329849012776,-36.556329849012776,0.0,,52.40998838559814,0.3024930747922438,-0.0,0.0,Bust
2025,9,6,102,Voldemort,Puka Nacua,True,puka nacua,Voldemort,212.4,14.0,WR,87.10000000000001,6.0,87.10000000000001,5.0,0.410075329566855,1.0,False,98.78048780487805,,,,,,,,,,,Not Rated
2025,9,7,103,Uncle Rico,Bhayshul Tuten,False,bhayshul tuten,Uncle Rico,66.5,14.0,RB,1.6,1.0,0.0,0.0,0.02406015037593985,0.0,True,41.891891891891895,52.5,155.0,-10.608108108108105,-10.608108108108105,0.02406015037593985,0.0,52.5,0.797940797940798,-0.2552326762853078,0.02406015037593985,Near Expectation
2025,9,8,104,Ginger FC,De'Von Achane,True,devon achane,Ginger FC,244.4,14.0,RB,170.8,9.0,170.8,9.0,0.6988543371522096,1.0,False,95.94594594594594,,,,,,,,,,,Not Rated
2025,9,9,105,Buttermilk Puuump,Jared Goff,False,jared goff,Buttermilk Puuump,284.76,14.0,QB,123.02,5.0,99.66,4.0,0.43201292316336565,0.8101121768818078,True,80.0,53.125,155.0,26.875,26.875,0.43201292316336565,0.8101121768818078,53.125,1.5058823529411764,11.610347310015452,0.43201292316336565,Steal
2025,9,10,106,malle_dips_pouches,Sam LaPorta,True,sam laporta,malle_dips_pouches,86.89999999999999,13.0,TE,11.899999999999999,3.0,11.899999999999999,2.0,0.13693901035673187,1.0,False,56.666666666666664,,,,,,,,,,,Not Rated
2025,9,11,107,The Big Gronkowski,Drake Maye,False,drake maye,The Big Gronkowski,311.08,14.0,QB,124.78,5.0,64.46000000000001,3.0,0.40111868329690115,0.5165891969866967,True,90.0,54.65116279069767,151.0,35.34883720930233,35.34883720930233,0.40111868329690115,0.5165891969866967,54.65116279069767,1.6468085106382981,14.179079037471856,0.40111868329690115,Steal
2025,9,12,108,Malle ❤️ 🐸,Khalil Shakir,False,khalil shakir,Malle ❤️ 🐸,109.5,14.0,WR,64.8,8.0,35.2,4.0,0.5917808219178082,0.54320987654321,True,64.63414634146342,53.48837209302325,151.0,11.14577424844017,11.14577424844017,0.5917808219178082,0.54320987654321,53.48837209302325,1.2083775185577945,6.595855445652265,0.5917808219178082,Near Expectation
2025,10,1,109,Malle ❤️ 🐸,Rashid Shaheed,True,rashid shaheed,Malle ❤️ 🐸,106.4,14.0,WR,68.7,8.0,51.9,6.0,0.6456766917293233,0.7554585152838428,False,63.41463414634146,,,,,,,,,,,Not Rated
2025,10,2,110,The Big Gronkowski,Dylan Sampson,False,dylan sampson,The Big Gronkowski,29.0,7.0,RB,18.7,4.0,0.0,0.0,0.6448275862068965,0.0,True,32.432432432432435,52.4390243902439,151.0,-20.006591957811466,-20.006591957811466,0.6448275862068965,0.0,52.4390243902439,0.6184789440603394,-12.900802400381876,0.6448275862068965,Near Expectation
2025,10,3,111,malle_dips_pouches,Josh Downs,False,josh downs,malle_dips_pouches,77.3,14.0,WR,14.3,3.0,0.8,1.0,0.184993531694696,0.055944055944055944,True,46.34146341463415,52.38095238095239,155.0,-6.039488966318238,-6.039488966318238,0.184993531694696,0.055944055944055944,52.38095238095239,0.88470066518847,-1.11726639351036,0.184993531694696,Near Expectation
2025,10,4,112,Buttermilk Puuump,Nick Chubb,False,nick chubb,Buttermilk Puuump,77.0,14.0,RB,35.8,5.0,7.2,1.0,0.4649350649350649,0.2011173184357542,True,45.94594594594595,49.12448700410397,154.0,-3.178541058158018,-3.178541058158018,0.4649350649350649,0.2011173184357542,49.12448700410397,0.9352961984540933,-1.477815193273468,0.4649350649350649,Near Expectation
2025,10,5,113,Ginger FC,Justin Herbert,False,justin herbert,Ginger FC,286.14,14.0,QB,196.70000000000002,9.0,196.70000000000002,9.0,0.6874257356538758,1.0,True,83.33333333333334,48.550824175824175,152.0,34.78250915750917,34.78250915750917,0.6874257356538758,1.0,48.550824175824175,1.7164143914745134,23.91039194548841,0.6874257356538758,Steal
2025,10,6,114,Uncle Rico,Zach Charbonnet,True,zach charbonnet,Uncle Rico,110.5,14.0,RB,11.3,1.0,0.0,0.0,0.10226244343891404,0.0,False,64.86486486486487,,,,,,,,,,,Not Rated
2025,10,7,115,Voldemort,Keenan Allen,False,keenan allen,Voldemort,119.89999999999999,14.0,WR,50.400000000000006,6.0,11.100000000000001,2.0,0.420350291909925,0.22023809523809523,True,68.29268292682927,49.12448700410397,154.0,19.168195922725303,19.168195922725303,0.420350291909925,0.22023809523809523,49.12448700410397,1.390196358103932,8.057356751504216,0.420350291909925,Near Expectation
2025,10,8,116,Pop Lockett Drop it,Brian Robinson,False,brian robinson,Pop Lockett Drop it,10.9,4.0,RB,4.300000000000001,2.0,0.0,0.0,0.3944954128440368,0.0,True,20.27027027027027,49.411764705882355,155.0,-29.141494435612085,-29.141494435612085,0.3944954128440368,0.0,49.411764705882355,0.4102316602316602,-11.49618587826899,0.3944954128440368,Bust
2025,10,9,117,Post Mahomes,Cam Skattebo,False,cam skattebo,Post Mahomes,115.7,14.0,RB,44.5,9.0,9.5,1.0,0.3846153846153846,0.21348314606741572,True,66.21621621621621,51.515151515151516,155.0,14.701064701064695,14.701064701064695,0.3846153846153846,0.21348314606741572,51.515151515151516,1.2853736089030205,5.6542556542556515,0.3846153846153846,Near Expectation
2025,10,10,118,ThreatLevelMidnight,Jake Ferguson,False,jake ferguson,ThreatLevelMidnight,133.0,14.0,TE,48.9,6.0,40.3,4.0,0.3676691729323308,0.8241308793456033,True,93.33333333333333,51.38257575757575,154.0,41.95075757575758,41.95075757575758,0.3676691729323308,0.8241308793456033,51.38257575757575,1.8164393660154812,15.4240003417635,0.3676691729323308,Elite Steal
2025,10,11,119,Patty Primetimes,Keon Coleman,False,keon coleman,Patty Primetimes,65.0,11.0,WR,14.8,2.0,0.0,0.0,0.2276923076923077,0.0,True,43.90243902439025,51.948051948051955,154.0,-8.045612923661707,-8.045612923661707,0.2276923076923077,0.0,51.948051948051955,0.8451219512195122,-1.8319241733875888,0.2276923076923077,Near Expectation
2025,10,12,120,Joe Mantegna,Tyler Warren,False,tyler warren,Joe Mantegna,130.70000000000002,14.0,TE,68.2,7.0,46.9,4.0,0.521805661820964,0.687683284457478,True,90.0,49.411764705882355,151.0,40.588235294117645,40.588235294117645,0.521805661820964,0.687683284457478,49.411764705882355,1.8214285714285714,21.179170979792065,0.521805661820964,Elite Steal
2025,11,1,121,Joe Mantegna,Cooper Kupp,False,cooper kupp,Joe Mantegna,58.5,11.0,WR,32.5,5.0,0.0,0.0,0.5555555555555556,0.0,True,40.243902439024396,48.837209302325576,151.0,-8.59330686330118,-8.59330686330118,0.5555555555555556,0.0,48.837209302325576,0.8240418118466901,-4.774059368500656,0.5555555555555556,Near Expectation
2025,11,2,122,Patty Primetimes,Colston Loveland,False,colston loveland,Patty Primetimes,46.900000000000006,9.0,TE,7.5,1.0,7.5,1.0,0.1599147121535181,1.0,True,40.0,51.19115144639819,152.0,-11.191151446398187,-11.191151446398187,0.1599147121535181,1.0,51.19115144639819,0.7813850415512466,-1.789629762217194,0.1599147121535181,Near Expectation
2025,11,3,123,ThreatLevelMidnight,Darnell Mooney,False,darnell mooney,ThreatLevelMidnight,41.6,11.0,WR,3.5,2.0,0.0,0.0,0.08413461538461538,0.0,True,30.48780487804878,49.29934406678593,152.0,-18.811539188737147,-18.811539188737147,0.08413461538461538,0.0,49.29934406678593,0.6184221201147603,-1.5827016144370194,0.08413461538461538,Near Expectation
2025,11,4,124,Post Mahomes,Chris Godwin Jr.,False,chris godwin,Post Mahomes,27.4,14.0,WR,14.0,9.0,8.0,1.0,0.5109489051094891,0.5714285714285714,True,20.73170731707317,49.29934406678593,152.0,-28.567636749712758,-28.567636749712758,0.5109489051094891,0.5714285714285714,49.29934406678593,0.42052704167803695,-14.596602718831337,0.5109489051094891,Bust
2025,11,5,125,Pop Lockett Drop it,Cedric Tillman,False,cedric tillman,Pop Lockett Drop it,28.099999999999998,4.0,WR,5.199999999999999,2.0,1.1,1.0,0.18505338078291814,0.2115384615384616,True,21.951219512195124,51.162790697674424,151.0,-29.2115711854793,-29.2115711854793,0.18505338078291814,0.2115384615384616,51.162790697674424,0.42904656319290463,-5.40570000585382,0.18505338078291814,Bust
2025,11,6,126,Voldemort,Tyler Allgeier,False,tyler allgeier,Voldemort,60.300000000000004,10.0,RB,11.1,1.0,0.0,0.0,0.18407960199004975,0.0,True,39.189189189189186,51.21951219512195,153.0,-12.030323005932765,-12.030323005932765,0.18407960199004975,0.0,51.21951219512195,0.7651222651222651,-2.2145370707438423,0.18407960199004975,Near Expectation
2025,11,7,127,Uncle Rico,Dalton Kincaid,False,dalton kincaid,Uncle Rico,95.4,14.0,TE,13.8,1.0,13.8,1.0,0.14465408805031446,1.0,True,70.0,51.162790697674424,155.0,18.837209302325576,18.837209302325576,0.14465408805031446,1.0,51.162790697674424,1.368181818181818,2.7248793330408065,0.14465408805031446,Near Expectation
2025,11,8,128,Ginger FC,Trey Benson,False,trey benson,Ginger FC,28.9,14.0,RB,14.3,9.0,0.0,0.0,0.4948096885813149,0.0,True,31.08108108108108,47.05882352941176,155.0,-15.97774244833068,-15.97774244833068,0.4948096885813149,0.0,47.05882352941176,0.660472972972973,-7.90594176509096,0.4948096885813149,Near Expectation
2025,11,9,129,Buttermilk Puuump,Luther Burden III,False,luther burden,Buttermilk Puuump,1.2,2.0,WR,1.0,1.0,0.0,0.0,0.8333333333333334,0.0,True,6.097560975609756,45.0609756097561,154.0,-38.963414634146346,-38.963414634146346,0.8333333333333334,0.0,45.0609756097561,0.13531799729364005,-32.46951219512196,0.8333333333333334,Bust
2025,11,10,130,malle_dips_pouches,Rachaad White,False,rachaad white,malle_dips_pouches,105.10000000000001,14.0,RB,25.9,3.0,7.9,1.0,0.24643196955280683,0.3050193050193051,True,59.45945945945946,45.0,151.0,14.45945945945946,14.45945945945946,0.24643196955280683,0.3050193050193051,45.0,1.3213213213213213,3.5632730732635585,0.24643196955280683,Near Expectation
2025,11,11,131,The Big Gronkowski,Rashod Bateman,False,rashod bateman,The Big Gronkowski,22.2,5.0,WR,4.9,2.0,0.0,0.0,0.22072072072072074,0.0,True,17.073170731707318,45.0609756097561,150.0,-27.98780487804878,-27.98780487804878,0.22072072072072074,0.0,45.0609756097561,0.37889039242219213,-6.17748846407383,0.22072072072072074,Bust
2025,11,12,132,Malle ❤️ 🐸,Dallas Goedert,False,dallas goedert,Malle ❤️ 🐸,114.1,14.0,TE,62.6,8.0,31.400000000000002,3.0,0.5486415425065733,0.501597444089457,True,83.33333333333334,43.75,152.0,39.58333333333334,39.58333333333334,0.5486415425065733,0.501597444089457,43.75,1.9047619047619049,21.717061057551863,0.5486415425065733,Steal
2025,12,1,133,Malle ❤️ 🐸,Jerome Ford,False,jerome ford,Malle ❤️ 🐸,8.9,2.0,RB,7.9,1.0,0.0,0.0,0.8876404494382023,0.0,True,17.56756756756757,45.0,151.0,-27.43243243243243,-27.43243243243243,0.8876404494382023,0.0,45.0,0.3903903903903904,-24.35013665350744,0.8876404494382023,Bust
2025,12,2,134,The Big Gronkowski,Hunter Henry,False,hunter henry,The Big Gronkowski,113.5,14.0,TE,50.0,5.0,41.4,4.0,0.44052863436123346,0.828,True,80.0,43.75,151.0,36.25,36.25,0.44052863436123346,0.828,43.75,1.8285714285714285,15.969162995594713,0.44052863436123346,Steal
2025,12,3,135,malle_dips_pouches,Christian Kirk,False,christian kirk,malle_dips_pouches,36.3,13.0,WR,0.8,3.0,0.0,0.0,0.022038567493112952,0.0,True,26.82926829268293,46.51162790697674,145.0,-19.682359614293812,-19.682359614293812,0.022038567493112952,0.0,46.51162790697674,0.576829268292683,-0.4337710107833348,0.022038567493112952,Near Expectation
2025,12,4,136,Buttermilk Puuump,Najee Harris,False,najee harris,Buttermilk Puuump,10.1,6.0,RB,5.8,2.0,0.0,0.0,0.5742574257425742,0.0,True,18.91891891891892,45.0,141.0,-26.08108108108108,-26.08108108108108,0.5742574257425742,0.0,45.0,0.42042042042042044,-14.977254482204977,0.5742574257425742,Bust
2025,12,5,137,Ginger FC,Ray Davis,False,ray davis,Ginger FC,3.0,2.0,RB,2.4,1.0,0.0,0.0,0.7999999999999999,0.0,True,9.45945945945946,46.5891472868217,140.0,-37.12968782736224,-37.12968782736224,0.7999999999999999,0.0,46.5891472868217,0.20303997841435448,-29.70375026188979,0.7999999999999999,Bust
2025,12,6,138,Uncle Rico,J.J. McCarthy,False,jj mccarthy,Uncle Rico,50.76,3.0,QB,0.0,0.0,0.0,0.0,0.0,,True,13.333333333333334,47.05882352941176,139.0,-33.725490196078425,-33.725490196078425,0.0,,47.05882352941176,0.2833333333333334,-0.0,0.0,Bust
2025,12,7,139,Voldemort,Justin Fields,False,justin fields,Voldemort,103.5,7.0,QB,8.88,3.0,4.9,1.0,0.08579710144927537,0.5518018018018018,True,40.0,47.05882352941176,137.0,-7.058823529411761,-7.058823529411761,0.08579710144927537,0.5518018018018018,47.05882352941176,0.8500000000000001,-0.6056265984654728,0.08579710144927537,Near Expectation
2025,12,8,140,Pop Lockett Drop it,Brandon Aiyuk,False,brandon aiyuk,Pop Lockett Drop it,0.0,4.0,WR,0.0,2.0,0.0,0.0,,,True,3.048780487804878,45.95238095238095,134.0,-42.90360046457607,-42.90360046457607,,,45.95238095238095,0.06634651838746368,-0.0,,Major Bust
2025,12,9,141,Post Mahomes,Broncos,False,broncos,Post Mahomes,106.0,14.0,DEF,77.0,9.0,62.0,6.0,0.7264150943396226,0.8051948051948052,False,,,,,,,,,,,,Not Rated
2025,12,10,142,ThreatLevelMidnight,Jaydon Blue,False,jaydon blue,ThreatLevelMidnight,0.0,0.0,,0.0,0.0,0.0,0.0,,,False,,,,,,,,,,,,Not Rated
2025,12,11,143,Patty Primetimes,Caleb Williams,False,caleb williams,Patty Primetimes,281.62,14.0,QB,70.80000000000001,2.0,0.0,0.0,0.2514025992472126,0.0,True,76.66666666666667,42.94019933554817,132.0,33.7264673311185,33.7264673311185,0.2514025992472126,0.0,42.94019933554817,1.7854287556415218,8.478921550469392,0.2514025992472126,Steal
2025,12,12,144,Joe Mantegna,Jayden Higgins,False,jayden higgins,Joe Mantegna,16.5,3.0,WR,4.2,1.0,0.0,0.0,0.2545454545454546,0.0,True,14.634146341463413,42.857142857142854,131.0,-28.22299651567944,-28.22299651567944,0.2545454545454546,0.0,42.857142857142854,0.3414634146341463,-7.184035476718404,0.2545454545454546,Bust
2025,13,1,145,Joe Mantegna,Brandon Aubrey,False,brandon aubrey,Joe Mantegna,144.0,14.0,K,87.0,7.0,78.0,6.0,0.6041666666666666,0.896551724137931,False,,,,,,,,,,,,Not Rated
2025,13,2,146,Patty Primetimes,Cameron Dicker,False,cameron dicker,Patty Primetimes,141.0,14.0,K,25.0,2.0,25.0,2.0,0.1773049645390071,1.0,False,,,,,,,,,,,,Not Rated
2025,13,3,147,ThreatLevelMidnight,Quinshon Judkins,False,quinshon judkins,ThreatLevelMidnight,146.0,14.0,RB,45.4,6.0,45.4,4.0,0.31095890410958904,1.0,True,77.02702702702703,41.59689922480621,122.0,35.430127802220824,35.430127802220824,0.31095890410958904,1.0,41.59689922480621,1.8517492520474255,11.01731371384127,0.31095890410958904,Steal
2025,13,4,148,Post Mahomes,Joe Mixon,False,joe mixon,Post Mahomes,0.0,7.0,RB,0.0,3.0,0.0,0.0,,,True,3.3783783783783785,41.333333333333336,121.0,-37.95495495495496,-37.95495495495496,,,41.333333333333336,0.08173496076721883,-0.0,,Bust
2025,13,5,149,Pop Lockett Drop it,Jake Bates,False,jake bates,Pop Lockett Drop it,116.0,13.0,K,40.0,5.0,40.0,5.0,0.3448275862068966,1.0,False,,,,,,,,,,,,Not Rated
2025,13,6,150,Voldemort,Chig Okonkwo,False,chig okonkwo,Voldemort,3.4,1.0,TE,0.0,0.0,0.0,0.0,0.0,,True,10.0,41.59689922480621,120.0,-31.596899224806208,-31.596899224806208,0.0,,41.59689922480621,0.24040253447633242,-0.0,0.0,Bust
2025,13,7,151,Uncle Rico,Joshua Palmer,False,joshua palmer,Uncle Rico,30.4,6.0,WR,4.6,1.0,0.0,0.0,0.1513157894736842,0.0,True,24.390243902439025,42.14235377026075,120.0,-17.752109867821723,-17.752109867821723,0.1513157894736842,0.0,42.14235377026075,0.578758463169916,-2.686174519473024,0.1513157894736842,Near Expectation
2025,13,8,152,Ginger FC,Marvin Mims Jr.,False,marvin mims,Ginger FC,59.9,14.0,WR,47.3,9.0,0.0,0.0,0.7896494156928213,0.0,True,41.46341463414634,42.42424242424242,119.0,-0.9608277900960829,-0.9608277900960829,0.7896494156928213,0.0,42.42424242424242,0.9773519163763066,-0.7587171030307966,0.7896494156928213,Near Expectation
2025,13,9,153,Buttermilk Puuump,Jordan Love,False,jordan love,Buttermilk Puuump,265.42,14.0,QB,116.3,5.0,10.02,1.0,0.438173460929847,0.08615649183147034,True,70.0,42.66666666666667,117.0,27.33333333333333,27.33333333333333,0.438173460929847,0.08615649183147034,42.66666666666667,1.6406249999999998,11.976741265415816,0.438173460929847,Steal
2025,13,10,154,malle_dips_pouches,Zach Ertz,False,zach ertz,malle_dips_pouches,101.39999999999999,14.0,TE,38.4,3.0,0.0,0.0,0.378698224852071,0.0,True,76.66666666666667,42.5287356321839,115.0,34.13793103448277,34.13793103448277,0.378698224852071,0.0,42.5287356321839,1.802702702702703,12.927973882881048,0.378698224852071,Steal
2025,13,11,155,The Big Gronkowski,C.J. Stroud,False,cj stroud,The Big Gronkowski,100.24,5.0,QB,32.14,2.0,0.0,0.0,0.32063048683160417,0.0,True,36.666666666666664,42.42424242424242,117.0,-5.757575757575758,-5.757575757575758,0.32063048683160417,0.0,42.42424242424242,0.8642857142857143,-1.8460543181213573,0.32063048683160417,Near Expectation
2025,13,12,156,Malle ❤️ 🐸,Tyjae Spears,False,tyjae spears,Malle ❤️ 🐸,41.7,9.0,RB,4.5,1.0,0.0,0.0,0.1079136690647482,0.0,True,37.83783783783784,41.878787878787875,116.0,-4.040950040950037,-4.040950040950037,0.1079136690647482,0.0,41.878787878787875,0.903508428834044,-0.4360737454262629,0.1079136690647482,Near Expectation
2025,14,1,157,Malle ❤️ 🐸,Eagles,False,eagles,Malle ❤️ 🐸,56.0,8.0,DEF,50.0,5.0,50.0,5.0,0.8928571428571429,1.0,False,,,,,,,,,,,,Not Rated
2025,14,2,158,The Big Gronkowski,Ka'imi Fairbairn,False,kaimi fairbairn,The Big Gronkowski,124.0,14.0,K,44.0,5.0,32.0,3.0,0.3548387096774194,0.7272727272727273,False,,,,,,,,,,,,Not Rated
2025,14,3,159,malle_dips_pouches,Ravens,False,ravens,malle_dips_pouches,57.0,14.0,DEF,25.0,3.0,25.0,3.0,0.43859649122807015,1.0,False,,,,,,,,,,,,Not Rated
2025,14,4,160,Buttermilk Puuump,Tyler Bass,False,tyler bass,Buttermilk Puuump,0.0,0.0,,0.0,0.0,0.0,0.0,,,False,,,,,,,,,,,,Not Rated
2025,14,5,161,Ginger FC,Chiefs,False,chiefs,Ginger FC,58.0,8.0,DEF,18.0,3.0,18.0,3.0,0.3103448275862069,1.0,False,,,,,,,,,,,,Not Rated
2025,14,6,162,Uncle Rico,Steelers,False,steelers,Uncle Rico,65.0,8.0,DEF,0.0,0.0,0.0,0.0,0.0,,False,,,,,,,,,,,,Not Rated
2025,14,7,163,Voldemort,Vikings,False,vikings,Voldemort,8.0,3.0,DEF,0.0,0.0,0.0,0.0,0.0,,False,,,,,,,,,,,,Not Rated
2025,14,8,164,Pop Lockett Drop it,Ollie Gordon II,False,ollie gordon,Pop Lockett Drop it,1.8,2.0,RB,0.0,0.0,0.0,0.0,0.0,,True,8.108108108108109,40.74074074074074,109.0,-32.632632632632635,-32.632632632632635,0.0,,40.74074074074074,0.19901719901719903,-0.0,0.0,Bust
2025,14,9,165,Post Mahomes,DeMario Douglas,False,demario douglas,Post Mahomes,7.2,1.0,WR,7.2,1.0,0.0,0.0,1.0,0.0,True,9.75609756097561,40.95860566448802,106.0,-31.202508103512407,-31.202508103512407,1.0,0.0,40.95860566448802,0.23819408406850023,-31.202508103512407,1.0,Bust
2025,14,10,166,ThreatLevelMidnight,Bills,False,bills,ThreatLevelMidnight,52.0,8.0,DEF,0.0,1.0,0.0,0.0,0.0,,False,,,,,,,,,,,,Not Rated
2025,14,11,167,Patty Primetimes,Will Shipley,False,will shipley,Patty Primetimes,3.5,5.0,RB,0.0,0.0,0.0,0.0,0.0,,True,10.81081081081081,40.95860566448802,104.0,-30.14779485367721,-30.14779485367721,0.0,,40.95860566448802,0.26394479585968944,-0.0,0.0,Bust
2025,14,12,168,Joe Mantegna,Trevor Lawrence,False,trevor lawrence,Joe Mantegna,115.72,5.0,QB,40.56,2.0,0.0,0.0,0.3505012098167992,0.0,True,46.666666666666664,40.74074074074074,101.0,5.925925925925924,5.925925925925924,0.3505012098167992,0.0,40.74074074074074,1.1454545454545455,2.0770442063217724,0.3505012098167992,Near Expectation
2025,15,1,169,Joe Mantegna,Lions,False,lions,Joe Mantegna,49.0,7.0,DEF,18.0,3.0,18.0,3.0,0.3673469387755102,1.0,False,,,,,,,,,,,,Not Rated
2025,15,2,170,Patty Primetimes,Texans,False,texans,Patty Primetimes,126.0,14.0,DEF,22.0,2.0,22.0,2.0,0.1746031746031746,1.0,False,,,,,,,,,,,,Not Rated
2025,15,3,171,ThreatLevelMidnight,Chase McLaughlin,False,chase mclaughlin,ThreatLevelMidnight,119.0,13.0,K,18.0,2.0,18.0,2.0,0.15126050420168066,1.0,False,,,,,,,,,,,,Not Rated
2025,15,4,172,Post Mahomes,Harrison Butker,False,harrison butker,Post Mahomes,104.0,14.0,K,49.0,6.0,41.0,4.0,0.47115384615384615,0.8367346938775511,False,,,,,,,,,,,,Not Rated
2025,15,5,173,Pop Lockett Drop it,Packers,False,packers,Pop Lockett Drop it,71.0,12.0,DEF,0.0,0.0,0.0,0.0,0.0,,False,,,,,,,,,,,,Not Rated
2025,15,6,174,Voldemort,Chris Boswell,False,chris boswell,Voldemort,103.0,12.0,K,21.0,3.0,21.0,3.0,0.20388349514563106,1.0,False,,,,,,,,,,,,Not Rated
2025,15,7,175,Uncle Rico,Wil Lutz,False,wil lutz,Uncle Rico,83.0,11.0,K,9.0,1.0,9.0,1.0,0.10843373493975904,1.0,False,,,,,,,,,,,,Not Rated
2025,15,8,176,Ginger FC,Evan McPherson,False,evan mcpherson,Ginger FC,113.0,13.0,K,86.0,9.0,54.0,6.0,0.7610619469026548,0.627906976744186,False,,,,,,,,,,,,Not Rated
2025,15,9,177,Buttermilk Puuump,49ers,False,49ers,Buttermilk Puuump,61.0,13.0,DEF,26.0,5.0,26.0,5.0,0.4262295081967213,1.0,False,,,,,,,,,,,,Not Rated
2025,15,10,178,malle_dips_pouches,Jake Elliott,False,jake elliott,malle_dips_pouches,57.0,9.0,K,12.0,1.0,12.0,1.0,0.21052631578947367,1.0,False,,,,,,,,,,,,Not Rated
2025,15,11,179,The Big Gronkowski,Jets,False,jets,The Big Gronkowski,3.0,1.0,DEF,3.0,1.0,3.0,1.0,1.0,1.0,False,,,,,,,,,,,,Not Rated
2025,15,12,180,Malle ❤️ 🐸,Jason Sanders,False,jason sanders,Malle ❤️ 🐸,0.0,0.0,,0.0,0.0,0.0,0.0,,,False,,,,,,,,,,,,Not Rated
