year,round,pick_in_round,overall_pick,team,player,keeper,name_key,canonical_team,season_points,roster_weeks,position,captured_points,captured_weeks,started_points,starts,retention_rate,starter_capture_rate,draft_value_eligible,position_percentile,expected_position_percentile,comparison_sample,draft_value,value_above_expected,capture_rate,starter_utilization_rate,expected_points,value_ratio,captured_value_above_expected,captured_value_ratio,draft_result
2023,11,10,130,ThreatLevelMidnight,Raheem Mostert,False,raheem mostert,ThreatLevelMidnight,226.4,14.0,RB,78.9,3.0,53.7,2.0,0.34849823321554774,0.6806083650190113,True,98.78048780487805,40.74074074074074,153.0,58.03974706413731,58.03974706413731,0.34849823321554774,0.6806083650190113,40.74074074074074,2.4246119733924614,20.226749308129126,0.34849823321554774,Elite Steal
2020,12,1,133,Pop Lockett Drop it,Justin Jefferson,False,justin jefferson,Pop Lockett Drop it,178.6,13.0,WR,48.8,4.0,0.0,0.0,0.2732362821948488,0.0,True,96.25,40.0,155.0,56.25,56.25,0.2732362821948488,0.0,40.0,2.40625,15.369540873460245,0.2732362821948488,Elite Steal
2024,11,11,131,Post Mahomes,Brock Bowers,False,brock bowers,Post Mahomes,162.2,14.0,TE,126.8,10.0,126.8,10.0,0.781750924784217,1.0,True,100.0,43.75,153.0,56.25,56.25,0.781750924784217,1.0,43.75,2.2857142857142856,43.973489519112206,0.781750924784217,Elite Steal
2019,15,5,173,Patty Primetimes,Darren Waller,False,darren waller,Patty Primetimes,99.2,13.0,TE,99.2,13.0,66.5,8.0,1.0,0.6703629032258064,True,94.11764705882352,40.74074074074074,73.0,53.37690631808278,53.37690631808278,1.0,0.6703629032258064,40.74074074074074,2.3101604278074865,53.37690631808278,1.0,Elite Steal
2017,12,7,139,Malle ❤️ 🐸,Carson Wentz,False,carson wentz,Malle ❤️ 🐸,318.5,13.0,QB,318.5,13.0,190.88,7.0,1.0,0.599309262166405,True,96.29629629629629,42.94019933554817,138.0,53.35609696074812,53.35609696074812,1.0,0.599309262166405,42.94019933554817,2.2425675191632637,53.35609696074812,1.0,Elite Steal
2017,11,12,132,Big Sack Jack,Marvin Jones Jr.,False,marvin jones,Big Sack Jack,130.1,13.0,WR,130.1,13.0,65.5,5.0,1.0,0.5034588777863183,True,93.82716049382715,40.74074074074074,155.0,53.08641975308641,53.08641975308641,1.0,0.5034588777863183,40.74074074074074,2.3030303030303028,53.08641975308641,1.0,Elite Steal
2020,12,5,137,Voldemort,T.J. Hockenson,False,tj hockenson,Voldemort,119.4,13.0,TE,119.4,13.0,78.1,8.0,1.0,0.6541038525963149,True,93.10344827586206,41.02564102564102,143.0,52.07780725022104,52.07780725022104,1.0,0.6541038525963149,41.02564102564102,2.269396551724138,52.07780725022104,1.0,Elite Steal
2018,10,6,114,Joe Mantegna,Patrick Mahomes,False,patrick mahomes,Joe Mantegna,424.72,13.0,QB,424.72,13.0,337.54,11.0,1.0,0.7947353550574496,True,100.0,48.275862068965516,151.0,51.724137931034484,51.724137931034484,1.0,0.7947353550574496,48.275862068965516,2.0714285714285716,51.724137931034484,1.0,Elite Steal
2019,11,1,121,Pop Lockett Drop it,Mark Andrews,False,mark andrews,Pop Lockett Drop it,109.3,13.0,TE,109.3,13.0,75.3,10.0,1.0,0.6889295516925892,True,97.05882352941177,46.785225718194255,156.0,50.27359781121751,50.27359781121751,1.0,0.6889295516925892,46.785225718194255,2.074561403508772,50.27359781121751,1.0,Elite Steal
2019,13,9,153,Malle ❤️ 🐸,Dak Prescott,False,dak prescott,Malle ❤️ 🐸,318.71999999999997,13.0,QB,318.71999999999997,13.0,214.18,9.0,1.0,0.6720005020080322,True,91.17647058823529,42.476489028213166,114.0,48.699981560022124,48.699981560022124,1.0,0.6720005020080322,42.476489028213166,2.1465161710440634,48.699981560022124,1.0,Elite Steal
2019,9,5,101,Patty Primetimes,Lamar Jackson,False,lamar jackson,Patty Primetimes,383.98,13.0,QB,383.98,13.0,340.42,11.0,1.0,0.88655659148914,True,100.0,51.515151515151516,159.0,48.484848484848484,48.484848484848484,1.0,0.88655659148914,51.515151515151516,1.9411764705882353,48.484848484848484,1.0,Elite Steal
2022,12,4,136,Malle ❤️ 🐸,Jamaal Williams,False,jamaal williams,Malle ❤️ 🐸,172.79999999999998,14.0,RB,172.79999999999998,14.0,110.2,10.0,1.0,0.6377314814814815,True,88.23529411764706,40.0,142.0,48.23529411764706,48.23529411764706,1.0,0.6377314814814815,40.0,2.2058823529411766,48.23529411764706,1.0,Elite Steal
2018,11,7,127,Joe Mantegna,George Kittle,False,george kittle,Joe Mantegna,110.3,13.0,TE,110.3,13.0,37.9,5.0,1.0,0.34360834088848596,True,88.88888888888889,41.3006029285099,168.0,47.58828596037898,47.58828596037898,1.0,0.34360834088848596,41.3006029285099,2.1522419186652764,47.58828596037898,1.0,Elite Steal
2024,13,2,146,Buttermilk Puuump,Jerry Jeudy,False,jerry jeudy,Buttermilk Puuump,151.9,14.0,WR,59.5,5.0,10.8,1.0,0.39170506912442393,0.18151260504201683,True,88.88888888888889,41.66193987521271,130.0,47.226949013676176,47.226949013676176,0.39170506912442393,0.18151260504201683,41.66193987521271,2.1335753725134254,18.499035327937673,0.39170506912442393,Elite Steal
2019,13,11,155,Uncle Rico,Josh Allen,False,josh allen,Uncle Rico,280.64,13.0,QB,280.64,13.0,215.20000000000002,9.0,1.0,0.7668187001140252,True,88.23529411764706,41.03703703703704,116.0,47.19825708061002,47.19825708061002,1.0,0.7668187001140252,41.03703703703704,2.1501380335527713,47.19825708061002,1.0,Elite Steal
2022,11,9,129,Malle ❤️ 🐸,Trevor Lawrence,False,trevor lawrence,Malle ❤️ 🐸,281.88,14.0,QB,281.88,14.0,18.7,1.0,1.0,0.06634028664680006,True,87.09677419354838,40.0,157.0,47.096774193548384,47.096774193548384,1.0,0.06634028664680006,40.0,2.1774193548387095,47.096774193548384,1.0,Elite Steal
2018,14,2,158,Pop Lockett Drop it,James White,False,james white,Pop Lockett Drop it,158.79999999999998,13.0,RB,139.2,11.0,108.1,7.0,0.8765743073047859,0.7765804597701149,True,89.33333333333333,42.42424242424242,105.0,46.90909090909091,46.90909090909091,0.8765743073047859,0.7765804597701149,42.42424242424242,2.105714285714286,41.11930386993359,0.8765743073047859,Elite Steal
2017,11,11,131,Hello Harvard,Adam Thielen,False,adam thielen,Hello Harvard,120.7,13.0,WR,120.7,13.0,87.2,8.0,1.0,0.7224523612261806,True,90.12345679012346,43.75,153.0,46.373456790123456,46.373456790123456,1.0,0.7224523612261806,43.75,2.059964726631393,46.373456790123456,1.0,Elite Steal
2023,10,7,115,Buttermilk Puuump,Dak Prescott,False,dak prescott,Buttermilk Puuump,334.7,14.0,QB,334.7,14.0,297.64,12.0,1.0,0.8892739766955482,True,97.05882352941177,51.24999999999999,153.0,45.808823529411775,45.808823529411775,1.0,0.8892739766955482,51.24999999999999,1.893830703012913,45.808823529411775,1.0,Elite Steal
2018,13,5,149,Dillon Panthers,Tyler Lockett,False,tyler lockett,Dillon Panthers,131.1,13.0,WR,131.1,13.0,40.4,4.0,1.0,0.30816170861937453,True,85.71428571428571,40.0,118.0,45.71428571428571,45.71428571428571,1.0,0.30816170861937453,40.0,2.142857142857143,45.71428571428571,1.0,Elite Steal
2020,15,6,174,The Big Gronkowski,Jonnu Smith,False,jonnu smith,The Big Gronkowski,96.9,13.0,TE,96.9,13.0,10.4,2.0,1.0,0.10732714138286893,True,86.20689655172413,40.74074074074074,69.0,45.46615581098339,45.46615581098339,1.0,0.10732714138286893,40.74074074074074,2.1159874608150466,45.46615581098339,1.0,Elite Steal
2017,10,6,114,Ginger FC,Zach Ertz,False,zach ertz,Ginger FC,106.3,13.0,TE,106.3,13.0,96.60000000000001,11.0,1.0,0.9087488240827847,True,93.93939393939394,48.75,155.0,45.18939393939394,45.18939393939394,1.0,0.9087488240827847,48.75,1.926961926961927,45.18939393939394,1.0,Elite Steal
2022,11,2,122,malle_dips_pouches,Pat Freiermuth,False,pat freiermuth,malle_dips_pouches,101.5,14.0,TE,101.5,14.0,5.6,1.0,1.0,0.05517241379310345,True,90.32258064516128,46.14370468029005,158.0,44.17887596487123,44.17887596487123,1.0,0.05517241379310345,46.14370468029005,1.9574193548387093,44.17887596487123,1.0,Elite Steal
2023,14,6,162,malle_dips_pouches,Russell Wilson,False,russell wilson,malle_dips_pouches,269.86,14.0,QB,269.86,14.0,20.84,1.0,1.0,0.07722522789594605,True,82.35294117647058,40.0,111.0,42.35294117647058,42.35294117647058,1.0,0.07722522789594605,40.0,2.0588235294117645,42.35294117647058,1.0,Elite Steal
2025,10,10,118,ThreatLevelMidnight,Jake Ferguson,False,jake ferguson,ThreatLevelMidnight,133.0,14.0,TE,48.9,6.0,40.3,4.0,0.3676691729323308,0.8241308793456033,True,93.33333333333333,51.38257575757575,154.0,41.95075757575758,41.95075757575758,0.3676691729323308,0.8241308793456033,51.38257575757575,1.8164393660154812,15.4240003417635,0.3676691729323308,Elite Steal
2024,11,1,121,Ginger FC,Brian Thomas Jr.,False,brian thomas,Ginger FC,155.1,14.0,WR,119.8,11.0,49.8,5.0,0.7724049000644746,0.41569282136894825,True,90.12345679012346,48.35164835164835,159.0,41.771808438475105,41.771808438475105,0.7724049000644746,0.41569282136894825,48.35164835164835,1.8639169472502806,32.26474952243274,0.7724049000644746,Elite Steal
2024,11,8,128,Voldemort,Chuba Hubbard,False,chuba hubbard,Voldemort,182.7,14.0,RB,51.1,4.0,20.1,1.0,0.27969348659003834,0.39334637964774954,True,86.11111111111111,44.451219512195124,160.0,41.65989159891599,41.65989159891599,0.27969348659003834,0.39334637964774954,44.451219512195124,1.9372046944063406,11.65200033226386,0.27969348659003834,Elite Steal
2020,13,10,154,malle_dips_pouches,Eric Ebron,False,eric ebron,malle_dips_pouches,94.6,13.0,TE,94.6,13.0,0.0,0.0,1.0,0.0,True,82.75862068965517,41.333333333333336,115.0,41.42528735632184,41.42528735632184,1.0,0.0,41.333333333333336,2.0022246941045605,41.42528735632184,1.0,Elite Steal
2023,13,1,145,Malle ❤️ 🐸,Adam Thielen,False,adam thielen,Malle ❤️ 🐸,151.8,14.0,WR,151.8,14.0,81.1,7.0,1.0,0.5342555994729907,True,81.86813186813187,40.476190476190474,135.0,41.391941391941394,41.391941391941394,1.0,0.5342555994729907,40.476190476190474,2.02262443438914,41.391941391941394,1.0,Elite Steal
2019,11,6,126,Ginger FC,John Brown,False,john brown,Ginger FC,125.72,13.0,WR,125.72,13.0,95.02,9.0,1.0,0.7558065542475342,True,88.0,47.05882352941176,159.0,40.94117647058824,40.94117647058824,1.0,0.7558065542475342,47.05882352941176,1.87,40.94117647058824,1.0,Elite Steal
2025,10,12,120,Joe Mantegna,Tyler Warren,False,tyler warren,Joe Mantegna,130.70000000000002,14.0,TE,68.2,7.0,46.9,4.0,0.521805661820964,0.687683284457478,True,90.0,49.411764705882355,151.0,40.588235294117645,40.588235294117645,0.521805661820964,0.687683284457478,49.411764705882355,1.8214285714285714,21.179170979792065,0.521805661820964,Elite Steal
2021,13,2,146,Joe Mantegna,Kirk Cousins,False,kirk cousins,Joe Mantegna,310.65999999999997,14.0,QB,310.65999999999997,14.0,0.0,0.0,1.0,0.0,True,82.35294117647058,42.14235377026075,130.0,40.21058740620983,40.21058740620983,1.0,0.0,42.14235377026075,1.9541609285854808,40.21058740620983,1.0,Elite Steal
2018,12,6,138,Joe Mantegna,O.J. Howard,False,oj howard,Joe Mantegna,86.5,11.0,TE,40.4,6.0,0.0,0.0,0.46705202312138727,0.0,True,81.48148148148148,41.44305307096005,148.0,40.03842841052143,40.03842841052143,0.46705202312138727,0.0,41.44305307096005,1.9661071143085531,18.700028991734865,0.46705202312138727,Elite Steal
2021,8,7,91,Ginger FC,Leonard Fournette,False,leonard fournette,Ginger FC,210.9,14.0,RB,210.9,14.0,210.9,13.0,1.0,1.0,True,95.40229885057471,55.41521486643438,174.0,39.98708398414033,39.98708398414033,1.0,1.0,55.41521486643438,1.7215903444662262,39.98708398414033,1.0,Steal
2018,12,11,143,Post Mahomes,Kenny Golladay,False,kenny golladay,Post Mahomes,116.2,13.0,WR,60.800000000000004,6.0,34.5,3.0,0.5232358003442341,0.5674342105263157,True,80.95238095238095,41.02564102564102,139.0,39.92673992673993,39.92673992673993,0.5232358003442341,0.5674342105263157,41.02564102564102,1.9732142857142858,20.891099720703853,0.5232358003442341,Steal
2025,11,12,132,Malle ❤️ 🐸,Dallas Goedert,False,dallas goedert,Malle ❤️ 🐸,114.1,14.0,TE,62.6,8.0,31.400000000000002,3.0,0.5486415425065733,0.501597444089457,True,83.33333333333334,43.75,152.0,39.58333333333334,39.58333333333334,0.5486415425065733,0.501597444089457,43.75,1.9047619047619049,21.717061057551863,0.5486415425065733,Steal
2021,11,10,130,ThreatLevelMidnight,Jaylen Waddle,False,jaylen waddle,ThreatLevelMidnight,156.2,14.0,WR,156.2,14.0,54.800000000000004,5.0,1.0,0.35083226632522413,True,81.3953488372093,41.86046511627907,153.0,39.534883720930225,39.534883720930225,1.0,0.35083226632522413,41.86046511627907,1.9444444444444442,39.534883720930225,1.0,Steal
2021,8,5,89,Voldemort,Deebo Samuel Sr.,False,deebo samuel,Voldemort,217.3,14.0,WR,217.3,14.0,189.9,11.0,1.0,0.873907040957202,True,97.67441860465115,58.333333333333336,179.0,39.341085271317816,39.341085271317816,1.0,0.873907040957202,58.333333333333336,1.6744186046511624,39.341085271317816,1.0,Steal
2021,10,9,117,malle_dips_pouches,Mike Williams,False,mike williams,malle_dips_pouches,166.0,14.0,WR,166.0,14.0,67.0,9.0,1.0,0.4036144578313253,True,88.37209302325581,49.080882352941174,156.0,39.29121067031464,39.29121067031464,1.0,0.4036144578313253,49.080882352941174,1.800540022646111,39.29121067031464,1.0,Steal
2021,11,11,131,Pop Lockett Drop it,Hollywood Brown,False,hollywood brown,Pop Lockett Drop it,158.1,14.0,WR,158.1,14.0,88.4,7.0,1.0,0.5591397849462366,True,82.55813953488372,43.75,153.0,38.80813953488372,38.80813953488372,1.0,0.5591397849462366,43.75,1.8870431893687707,38.80813953488372,1.0,Steal
2022,9,10,106,Ginger FC,Tyler Lockett,False,tyler lockett,Ginger FC,169.1,14.0,WR,169.1,14.0,137.5,10.0,1.0,0.8131283264340627,True,91.86046511627907,53.125,153.0,38.73546511627907,38.73546511627907,1.0,0.8131283264340627,53.125,1.7291381668946648,38.73546511627907,1.0,Steal
2023,10,8,116,Joe Mantegna,Nico Collins,False,nico collins,Joe Mantegna,166.4,14.0,WR,166.4,14.0,9.8,2.0,1.0,0.05889423076923077,True,90.10989010989012,51.38257575757575,154.0,38.727314352314366,38.727314352314366,1.0,0.05889423076923077,51.38257575757575,1.753705196388573,38.727314352314366,1.0,Steal
2018,11,9,129,Voldemort,Matt Breida,False,matt breida,Voldemort,123.3,13.0,RB,123.3,13.0,69.6,6.0,1.0,0.5644768856447688,True,78.66666666666666,40.1219512195122,166.0,38.54471544715446,38.54471544715446,1.0,0.5644768856447688,40.1219512195122,1.960688956433637,38.54471544715446,1.0,Steal
2021,12,1,133,The Big Gronkowski,Joe Burrow,False,joe burrow,The Big Gronkowski,292.52,14.0,QB,292.52,14.0,11.02,1.0,1.0,0.03767263776835772,True,79.41176470588235,40.88319088319088,152.0,38.52857382269147,38.52857382269147,1.0,0.03767263776835772,40.88319088319088,1.942406230784997,38.52857382269147,1.0,Steal
2024,8,8,92,The Big Gronkowski,Jaxon Smith-Njigba,False,jaxon smith njigba,The Big Gronkowski,161.7,14.0,WR,64.9,5.0,13.7,2.0,0.40136054421768713,0.21109399075500768,True,93.82716049382715,55.41521486643438,168.0,38.41194562739277,38.41194562739277,0.40136054421768713,0.21109399075500768,55.41521486643438,1.6931660505147534,15.41703940147057,0.40136054421768713,Steal
2023,15,4,172,The Big Gronkowski,Dalton Schultz,False,dalton schultz,The Big Gronkowski,93.5,14.0,TE,93.5,14.0,20.0,3.0,1.0,0.21390374331550802,True,78.78787878787878,41.17647058823529,81.0,37.61140819964349,37.61140819964349,1.0,0.21390374331550802,41.17647058823529,1.9134199134199135,37.61140819964349,1.0,Steal
2023,13,6,150,Buttermilk Puuump,Jared Goff,False,jared goff,Buttermilk Puuump,264.06,14.0,QB,264.06,14.0,26.04,2.0,1.0,0.09861395137468756,True,76.47058823529412,40.0,121.0,36.470588235294116,36.470588235294116,1.0,0.09861395137468756,40.0,1.9117647058823528,36.470588235294116,1.0,Steal
2018,14,8,164,Dillon Panthers,Austin Hooper,False,austin hooper,Dillon Panthers,78.0,13.0,TE,78.0,13.0,24.1,3.0,1.0,0.308974358974359,True,77.77777777777779,41.31994261119081,100.0,36.457835166586975,36.457835166586975,1.0,0.308974358974359,41.31994261119081,1.8823302469135808,36.457835166586975,1.0,Steal
2025,12,2,134,The Big Gronkowski,Hunter Henry,False,hunter henry,The Big Gronkowski,113.5,14.0,TE,50.0,5.0,41.4,4.0,0.44052863436123346,0.828,True,80.0,43.75,151.0,36.25,36.25,0.44052863436123346,0.828,43.75,1.8285714285714285,15.969162995594713,0.44052863436123346,Steal
2019,10,5,113,Post Mahomes,Kyler Murray,False,kyler murray,Post Mahomes,267.24,13.0,QB,267.24,13.0,48.08,2.0,1.0,0.17991318664870526,True,82.35294117647058,46.51162790697674,155.0,35.84131326949384,35.84131326949384,1.0,0.17991318664870526,46.51162790697674,1.7705882352941176,35.84131326949384,1.0,Steal
2025,13,3,147,ThreatLevelMidnight,Quinshon Judkins,False,quinshon judkins,ThreatLevelMidnight,146.0,14.0,RB,45.4,6.0,45.4,4.0,0.31095890410958904,1.0,True,77.02702702702703,41.59689922480621,122.0,35.430127802220824,35.430127802220824,0.31095890410958904,1.0,41.59689922480621,1.8517492520474255,11.01731371384127,0.31095890410958904,Steal
2025,8,8,92,Pop Lockett Drop it,Javonte Williams,False,javonte williams,Pop Lockett Drop it,193.5,14.0,RB,91.5,7.0,91.5,6.0,0.4728682170542636,1.0,True,91.8918918918919,56.53846153846153,170.0,35.35343035343037,35.35343035343037,0.4728682170542636,1.0,56.53846153846153,1.6252987681559115,16.717513577978703,0.4728682170542636,Steal
2025,9,11,107,The Big Gronkowski,Drake Maye,False,drake maye,The Big Gronkowski,311.08,14.0,QB,124.78,5.0,64.46000000000001,3.0,0.40111868329690115,0.5165891969866967,True,90.0,54.65116279069767,151.0,35.34883720930233,35.34883720930233,0.40111868329690115,0.5165891969866967,54.65116279069767,1.6468085106382981,14.179079037471856,0.40111868329690115,Steal
2024,9,7,103,malle_dips_pouches,Courtland Sutton,False,courtland sutton,malle_dips_pouches,151.3,14.0,WR,38.08,3.0,16.3,2.0,0.2516853932584269,0.428046218487395,True,87.65432098765432,52.46951219512195,154.0,35.184808792532365,35.184808792532365,0.2516853932584269,0.428046218487395,52.46951219512195,1.6705762512464042,8.855502437671065,0.2516853932584269,Steal
2017,12,2,134,Hello Harvard,Austin Hooper,False,austin hooper,Hello Harvard,61.8,13.0,TE,55.9,11.0,50.9,9.0,0.9045307443365695,0.9105545617173524,True,75.75757575757575,40.625,153.0,35.13257575757575,35.13257575757575,0.9045307443365695,0.9105545617173524,40.625,1.8648018648018647,31.778494900460913,0.9045307443365695,Steal
2025,10,5,113,Ginger FC,Justin Herbert,False,justin herbert,Ginger FC,286.14,14.0,QB,196.70000000000002,9.0,196.70000000000002,9.0,0.6874257356538758,1.0,True,83.33333333333334,48.550824175824175,152.0,34.78250915750917,34.78250915750917,0.6874257356538758,1.0,48.550824175824175,1.7164143914745134,23.91039194548841,0.6874257356538758,Steal
2021,13,4,148,malle_dips_pouches,Darrel Williams,False,darrel williams,malle_dips_pouches,124.9,13.0,RB,23.900000000000002,4.0,0.0,0.0,0.1913530824659728,0.0,True,74.71264367816092,40.0,125.0,34.712643678160916,34.712643678160916,0.1913530824659728,0.0,40.0,1.867816091954023,6.642371368359055,0.1913530824659728,Steal
2018,10,12,120,Uncle Rico,Aaron Jones Sr.,False,aaron jones,Uncle Rico,128.0,13.0,RB,128.0,13.0,99.2,8.0,1.0,0.775,True,81.33333333333333,46.88218757986199,156.0,34.45114575347134,34.45114575347134,1.0,0.775,46.88218757986199,1.7348450985736352,34.45114575347134,1.0,Steal
2021,11,3,123,Patty Primetimes,Mike Gesicki,False,mike gesicki,Patty Primetimes,107.7,14.0,TE,107.7,14.0,74.3,9.0,1.0,0.6898792943361188,True,81.48148148148148,47.05882352941176,155.0,34.42265795206972,34.42265795206972,1.0,0.6898792943361188,47.05882352941176,1.7314814814814816,34.42265795206972,1.0,Steal
2018,10,8,116,Dillon Panthers,Tarik Cohen,False,tarik cohen,Dillon Panthers,135.44,13.0,RB,135.44,13.0,82.54,7.0,1.0,0.6094211458948613,True,82.66666666666667,48.275862068965516,155.0,34.390804597701155,34.390804597701155,1.0,0.6094211458948613,48.275862068965516,1.7123809523809526,34.390804597701155,1.0,Steal
2025,13,10,154,malle_dips_pouches,Zach Ertz,False,zach ertz,malle_dips_pouches,101.39999999999999,14.0,TE,38.4,3.0,0.0,0.0,0.378698224852071,0.0,True,76.66666666666667,42.5287356321839,115.0,34.13793103448277,34.13793103448277,0.378698224852071,0.0,42.5287356321839,1.802702702702703,12.927973882881048,0.378698224852071,Steal
2019,8,8,92,Patty Primetimes,Marvin Jones Jr.,False,marvin jones,Patty Primetimes,128.1,13.0,WR,128.1,13.0,88.8,9.0,1.0,0.6932084309133489,True,89.33333333333333,55.41521486643438,168.0,33.918118466898946,33.918118466898946,1.0,0.6932084309133489,55.41521486643438,1.6120723080953627,33.918118466898946,1.0,Steal
2025,12,11,143,Patty Primetimes,Caleb Williams,False,caleb williams,Patty Primetimes,281.62,14.0,QB,70.80000000000001,2.0,0.0,0.0,0.2514025992472126,0.0,True,76.66666666666667,42.94019933554817,132.0,33.7264673311185,33.7264673311185,0.2514025992472126,0.0,42.94019933554817,1.7854287556415218,8.478921550469392,0.2514025992472126,Steal
2018,15,12,180,The Big Gronkowski,Calvin Ridley,False,calvin ridley,The Big Gronkowski,113.4,13.0,WR,113.4,13.0,67.2,9.0,1.0,0.5925925925925926,True,78.57142857142857,44.938271604938265,40.0,33.633156966490304,33.633156966490304,1.0,0.5925925925925926,44.938271604938265,1.7484301412872842,33.633156966490304,1.0,Steal
2019,12,5,137,Post Mahomes,Greg Olsen,False,greg olsen,Post Mahomes,56.2,12.0,TE,3.6,1.0,3.6,1.0,0.06405693950177936,1.0,True,76.47058823529412,42.94019933554817,142.0,33.530388899745944,33.530388899745944,0.06405693950177936,1.0,42.94019933554817,1.7808624416884742,2.1478540932221604,0.06405693950177936,Steal
2022,11,7,127,Big Sack Jack,Derek Carr,False,derek carr,Big Sack Jack,243.48000000000002,14.0,QB,243.48000000000002,14.0,21.92,1.0,1.0,0.0900279283719402,True,74.19354838709677,40.74074074074074,161.0,33.45280764635603,33.45280764635603,1.0,0.0900279283719402,40.74074074074074,1.8211143695014662,33.45280764635603,1.0,Steal
2018,9,2,98,Post Mahomes,Andrew Luck,False,andrew luck,Post Mahomes,325.0,13.0,QB,131.94,5.0,131.94,5.0,0.40596923076923075,1.0,True,86.66666666666667,53.48837209302325,161.0,33.17829457364342,33.17829457364342,0.40596923076923075,1.0,53.48837209302325,1.620289855072464,13.469366726296961,0.40596923076923075,Steal
2019,15,9,177,Malle ❤️ 🐸,T.J. Hockenson,False,tj hockenson,Malle ❤️ 🐸,48.7,13.0,TE,48.7,13.0,21.5,7.0,1.0,0.4414784394250513,True,73.52941176470588,40.95860566448802,54.0,32.570806100217865,32.570806100217865,1.0,0.4414784394250513,40.95860566448802,1.7952127659574468,32.570806100217865,1.0,Steal
2018,12,12,144,Uncle Rico,Nick Chubb,False,nick chubb,Uncle Rico,114.2,12.0,RB,4.1,3.0,0.0,0.0,0.03590192644483362,0.0,True,73.33333333333333,41.02564102564102,137.0,32.30769230769231,32.30769230769231,0.03590192644483362,0.0,41.02564102564102,1.7875,1.1599083928330862,0.03590192644483362,Steal
2019,11,8,128,Post Mahomes,Courtland Sutton,False,courtland sutton,Post Mahomes,111.62,12.0,WR,24.7,3.0,0.0,0.0,0.2212865077943021,0.0,True,76.0,43.75,161.0,32.25,32.25,0.2212865077943021,0.0,43.75,1.737142857142857,7.136489876366243,0.2212865077943021,Steal
2025,8,5,89,Ginger FC,Michael Pittman Jr.,False,michael pittman,Ginger FC,148.4,14.0,WR,88.5,9.0,38.4,3.0,0.5963611859838275,0.43389830508474575,True,91.46341463414635,59.25925925925925,175.0,32.204155374887094,32.204155374887094,0.5963611859838275,0.43389830508474575,59.25925925925925,1.5434451219512197,19.20530829297512,0.5963611859838275,Steal
2022,14,10,166,The Big Gronkowski,Jeff Wilson Jr.,False,jeff wilson,The Big Gronkowski,119.5,14.0,RB,119.5,14.0,105.6,10.0,1.0,0.8836820083682008,True,71.76470588235294,40.60846560846561,102.0,31.156240273887335,31.156240273887335,1.0,0.8836820083682008,40.60846560846561,1.7672351025100594,31.156240273887335,1.0,Steal
2020,13,11,155,Patty Primetimes,Chase Edmonds,False,chase edmonds,Patty Primetimes,102.3,12.0,RB,19.2,3.0,0.0,0.0,0.187683284457478,0.0,True,71.42857142857143,40.88319088319088,118.0,30.545380545380553,30.545380545380553,0.187683284457478,0.0,40.88319088319088,1.747137879542061,5.732857345760573,0.187683284457478,Steal
2019,15,3,171,malle_dips_pouches,Jack Doyle,False,jack doyle,malle_dips_pouches,47.4,11.0,TE,20.9,7.0,0.0,0.0,0.4409282700421941,0.0,True,70.58823529411765,40.11494252873563,82.0,30.47329276538202,30.47329276538202,0.4409282700421941,0.0,40.11494252873563,1.7596494185066578,13.436536261529202,0.4409282700421941,Steal
2019,11,3,123,malle_dips_pouches,Carlos Hyde,False,carlos hyde,malle_dips_pouches,108.0,13.0,RB,108.0,13.0,64.2,7.0,1.0,0.5944444444444444,True,76.92307692307693,46.51162790697674,159.0,30.411449016100192,30.411449016100192,1.0,0.5944444444444444,46.51162790697674,1.6538461538461542,30.411449016100192,1.0,Steal
2020,12,2,134,Patty Primetimes,Adrian Peterson,False,adrian peterson,Patty Primetimes,99.4,13.0,RB,99.4,13.0,17.6,3.0,1.0,0.17706237424547283,True,70.23809523809523,40.0,153.0,30.238095238095227,30.238095238095227,1.0,0.17706237424547283,40.0,1.7559523809523807,30.238095238095227,1.0,Steal
2019,8,3,87,Joe Mantegna,Austin Hooper,False,austin hooper,Joe Mantegna,98.8,13.0,TE,98.8,13.0,91.1,8.0,1.0,0.9220647773279352,True,91.17647058823529,61.1764705882353,177.0,29.999999999999993,29.999999999999993,1.0,0.9220647773279352,61.1764705882353,1.4903846153846152,29.999999999999993,1.0,Steal
2017,10,2,110,Hello Harvard,Matthew Stafford,False,matthew stafford,Hello Harvard,254.08,13.0,QB,254.08,13.0,254.08,12.0,1.0,1.0,True,81.48148148148148,51.85185185185185,153.0,29.629629629629633,29.629629629629633,1.0,1.0,51.85185185185185,1.5714285714285716,29.629629629629633,1.0,Steal
2024,12,5,137,Voldemort,J.K. Dobbins,False,jk dobbins,Voldemort,152.0,14.0,RB,47.9,4.0,21.8,2.0,0.31513157894736843,0.4551148225469729,True,73.61111111111111,44.01162790697674,142.0,29.599483204134373,29.599483204134373,0.31513157894736843,0.4551148225469729,44.01162790697674,1.6725377953911642,9.327731878144977,0.31513157894736843,Steal
2024,9,2,98,Buttermilk Puuump,Jordan Addison,False,jordan addison,Buttermilk Puuump,142.8,14.0,WR,58.4,5.0,39.8,2.0,0.4089635854341736,0.6815068493150684,True,82.71604938271605,53.125,161.0,29.59104938271605,29.59104938271605,0.4089635854341736,0.6815068493150684,53.125,1.5570079883805374,12.101661652315245,0.4089635854341736,Steal
2024,8,10,94,Patty Primetimes,Jayden Daniels,False,jayden daniels,Patty Primetimes,297.76,14.0,QB,64.52000000000001,3.0,51.08,2.0,0.2166845781837722,0.7916924984500928,True,85.71428571428571,56.181318681318686,164.0,29.532967032967022,29.532967032967022,0.2166845781837722,0.7916924984500928,56.181318681318686,1.5256723716381415,6.39933850405371,0.2166845781837722,Steal
2017,10,11,119,Pop Lockett Drop it,Duke Johnson,False,duke johnson,Pop Lockett Drop it,97.3,13.0,RB,97.3,13.0,50.1,7.0,1.0,0.5149023638232272,True,78.3132530120482,48.79360465116279,156.0,29.519648360885405,29.519648360885405,1.0,0.5149023638232272,48.79360465116279,1.6049901123708419,29.519648360885405,1.0,Steal
2022,8,8,92,Voldemort,Zach Ertz,False,zach ertz,Voldemort,92.1,11.0,TE,92.1,11.0,92.1,10.0,1.0,1.0,True,83.87096774193549,54.49382716049382,170.0,29.377140581441665,29.377140581441665,1.0,1.0,54.49382716049382,1.5390911615534153,29.377140581441665,1.0,Steal
2017,8,1,85,Big Sack Jack,Kirk Cousins,False,kirk cousins,Big Sack Jack,272.65999999999997,13.0,QB,272.65999999999997,13.0,182.76,8.0,1.0,0.6702853370498056,True,88.88888888888889,59.523809523809526,183.0,29.36507936507936,29.36507936507936,1.0,0.6702853370498056,59.523809523809526,1.4933333333333332,29.36507936507936,1.0,Steal
2023,12,12,144,Malle ❤️ 🐸,Dalton Kincaid,False,dalton kincaid,Malle ❤️ 🐸,67.6,10.0,TE,20.3,5.0,2.9,1.0,0.3002958579881657,0.14285714285714285,True,69.6969696969697,40.476190476190474,135.0,29.220779220779228,29.220779220779228,0.3002958579881657,0.14285714285714285,40.476190476190474,1.7219251336898398,8.774878967186662,0.3002958579881657,Steal
2018,9,10,106,malle_dips_pouches,Jared Goff,False,jared goff,malle_dips_pouches,319.76,13.0,QB,319.76,13.0,319.76,12.0,1.0,1.0,True,83.33333333333334,54.32098765432099,149.0,29.012345679012356,29.012345679012356,1.0,1.0,54.32098765432099,1.5340909090909092,29.012345679012356,1.0,Steal
2020,13,6,150,The Big Gronkowski,Jared Goff,False,jared goff,The Big Gronkowski,244.48,13.0,QB,244.48,13.0,73.74,5.0,1.0,0.3016197643979058,True,68.75,40.0,121.0,28.75,28.75,1.0,0.3016197643979058,40.0,1.71875,28.75,1.0,Steal
2024,8,11,95,Buttermilk Puuump,David Njoku,False,david njoku,Buttermilk Puuump,105.9,14.0,TE,35.4,5.0,29.8,4.0,0.3342776203966005,0.8418079096045198,True,83.33333333333334,54.87804878048781,165.0,28.455284552845534,28.455284552845534,0.3342776203966005,0.8418079096045198,54.87804878048781,1.5185185185185186,9.51196480803335,0.3342776203966005,Steal
2017,14,9,165,Joe Mantegna,Julius Thomas,False,julius thomas,Joe Mantegna,54.2,13.0,TE,54.2,13.0,0.0,0.0,1.0,0.0,True,69.6969696969697,41.333333333333336,95.0,28.363636363636367,28.363636363636367,1.0,0.0,41.333333333333336,1.686217008797654,28.363636363636367,1.0,Steal
2020,12,6,138,Joe Mantegna,Curtis Samuel,False,curtis samuel,Joe Mantegna,120.4,13.0,WR,120.4,13.0,32.5,2.0,1.0,0.2699335548172757,True,70.0,42.14235377026075,142.0,27.857646229739252,27.857646229739252,1.0,0.2699335548172757,42.14235377026075,1.6610367892976587,27.857646229739252,1.0,Steal
2021,10,8,116,Malle ❤️ 🐸,Jalen Hurts,False,jalen hurts,Malle ❤️ 🐸,288.7,13.0,QB,288.7,13.0,18.68,1.0,1.0,0.06470384482161413,True,76.47058823529412,48.75,155.0,27.720588235294116,27.720588235294116,1.0,0.06470384482161413,48.75,1.5686274509803921,27.720588235294116,1.0,Steal
2021,9,12,108,The Big Gronkowski,Michael Pittman Jr.,False,michael pittman,The Big Gronkowski,155.8,14.0,WR,155.8,14.0,99.6,8.0,1.0,0.6392811296534017,True,80.23255813953489,52.8125,150.0,27.420058139534888,27.420058139534888,1.0,0.6392811296534017,52.8125,1.5191963671391222,27.420058139534888,1.0,Steal
2025,13,9,153,Buttermilk Puuump,Jordan Love,False,jordan love,Buttermilk Puuump,265.42,14.0,QB,116.3,5.0,10.02,1.0,0.438173460929847,0.08615649183147034,True,70.0,42.66666666666667,117.0,27.33333333333333,27.33333333333333,0.438173460929847,0.08615649183147034,42.66666666666667,1.6406249999999998,11.976741265415816,0.438173460929847,Steal
2023,14,9,165,The Big Gronkowski,Matthew Stafford,False,matthew stafford,The Big Gronkowski,238.28,14.0,QB,238.28,14.0,20.88,1.0,1.0,0.08762800067147893,True,67.64705882352942,40.476190476190474,103.0,27.170868347338946,27.170868347338946,1.0,0.08762800067147893,40.476190476190474,1.6712802768166093,27.170868347338946,1.0,Steal
2025,9,9,105,Buttermilk Puuump,Jared Goff,False,jared goff,Buttermilk Puuump,284.76,14.0,QB,123.02,5.0,99.66,4.0,0.43201292316336565,0.8101121768818078,True,80.0,53.125,155.0,26.875,26.875,0.43201292316336565,0.8101121768818078,53.125,1.5058823529411764,11.610347310015452,0.43201292316336565,Steal
2018,10,11,119,Post Mahomes,Isaiah Crowell,False,isaiah crowell,Post Mahomes,119.0,13.0,RB,72.6,5.0,3.9,1.0,0.6100840336134453,0.05371900826446281,True,74.66666666666667,47.802197802197796,158.0,26.864468864468876,26.864468864468876,0.6100840336134453,0.05371900826446281,47.802197802197796,1.5619923371647513,16.389583525717985,0.6100840336134453,Steal
2017,8,5,89,Dillon Panthers,Cam Newton,False,cam newton,Dillon Panthers,269.82,13.0,QB,269.82,13.0,88.74,4.0,1.0,0.3288859239492995,True,85.18518518518519,58.536585365853654,177.0,26.648599819331537,26.648599819331537,1.0,0.3288859239492995,58.536585365853654,1.455246913580247,26.648599819331537,1.0,Steal
2020,10,8,116,Malle ❤️ 🐸,Ben Roethlisberger,False,ben roethlisberger,Malle ❤️ 🐸,282.5,13.0,QB,282.5,13.0,60.42,3.0,1.0,0.21387610619469027,True,78.125,51.515151515151516,155.0,26.609848484848484,26.609848484848484,1.0,0.21387610619469027,51.515151515151516,1.5165441176470589,26.609848484848484,1.0,Steal
2020,13,2,146,Post Mahomes,Darrell Henderson Jr.,False,darrell henderson,Post Mahomes,95.7,12.0,RB,0.6,1.0,0.0,0.0,0.006269592476489028,0.0,True,66.66666666666666,40.23809523809524,126.0,26.428571428571416,26.428571428571416,0.006269592476489028,0.0,40.23809523809524,1.6568047337278102,0.16569637259292425,0.006269592476489028,Steal
2020,14,12,168,Ginger FC,Brandon Aiyuk,False,brandon aiyuk,Ginger FC,116.2,13.0,WR,116.2,13.0,43.5,3.0,1.0,0.374354561101549,True,66.25,40.0,95.0,26.25,26.25,1.0,0.374354561101549,40.0,1.65625,26.25,1.0,Steal
2023,12,3,135,ThreatLevelMidnight,Rashee Rice,False,rashee rice,ThreatLevelMidnight,119.4,13.0,WR,0.0,0.0,0.0,0.0,0.0,,True,67.03296703296702,40.88319088319088,146.0,26.149776149776145,26.149776149776145,0.0,,40.88319088319088,1.6396217023394724,0.0,0.0,Steal
2024,9,3,99,Patty Primetimes,Ladd McConkey,False,ladd mcconkey,Patty Primetimes,134.5,14.0,WR,35.099999999999994,3.0,0.0,0.0,0.26096654275092934,0.0,True,79.01234567901234,52.87356321839081,159.0,26.138782460621535,26.138782460621535,0.26096654275092934,0.0,52.87356321839081,1.4943639291465376,6.821347690467031,0.26096654275092934,Steal
2024,14,1,157,Malle ❤️ 🐸,Cole Kmet,False,cole kmet,Malle ❤️ 🐸,85.8,14.0,TE,29.9,7.0,17.9,3.0,0.34848484848484845,0.5986622073578595,True,66.66666666666666,40.60846560846561,112.0,26.05820105820105,26.05820105820105,0.34848484848484845,0.5986622073578595,40.60846560846561,1.6416938110749184,9.08088824755491,0.34848484848484845,Steal
2022,8,11,95,malle_dips_pouches,DeVonta Smith,False,devonta smith,malle_dips_pouches,138.5,14.0,WR,138.5,14.0,21.9,2.0,1.0,0.15812274368231047,True,80.23255813953489,54.32098765432099,167.0,25.9115704852139,25.9115704852139,1.0,0.15812274368231047,54.32098765432099,1.4770084566596196,25.9115704852139,1.0,Steal
2024,8,5,89,Voldemort,Chase Brown,False,chase brown,Voldemort,179.7,14.0,RB,67.3,4.0,34.7,2.0,0.3745130773511408,0.5156017830609213,True,84.72222222222221,58.97435897435898,175.0,25.747863247863236,25.747863247863236,0.3745130773511408,0.5156017830609213,58.97435897435898,1.4365942028985506,9.6429115001736,0.3745130773511408,Steal
2019,15,7,175,ThreatLevelMidnight,Jamaal Williams,False,jamaal williams,ThreatLevelMidnight,96.4,12.0,RB,96.4,12.0,0.0,0.0,1.0,0.0,True,66.66666666666666,40.95860566448802,64.0,25.70806100217864,25.70806100217864,1.0,0.0,40.95860566448802,1.6276595744680848,25.70806100217864,1.0,Steal
2021,10,4,112,Post Mahomes,Tony Pollard,False,tony pollard,Post Mahomes,119.60000000000001,14.0,RB,119.60000000000001,14.0,14.4,1.0,1.0,0.12040133779264213,True,72.41379310344827,46.88218757986199,152.0,25.53160552358628,25.53160552358628,1.0,0.12040133779264213,46.88218757986199,1.5445907463275723,25.53160552358628,1.0,Steal
2019,12,11,143,The Big Gronkowski,Jimmy Garoppolo,False,jimmy garoppolo,The Big Gronkowski,236.44,13.0,QB,236.44,13.0,108.62,6.0,1.0,0.45939773304009474,True,67.64705882352942,42.14235377026075,134.0,25.504705053268673,25.504705053268673,1.0,0.45939773304009474,42.14235377026075,1.6052036199095023,25.504705053268673,1.0,Steal
2022,9,4,100,Patty Primetimes,Chris Olave,False,chris olave,Patty Primetimes,136.7,13.0,WR,136.7,13.0,101.4,9.0,1.0,0.7417702999268472,True,77.90697674418605,52.40998838559814,160.0,25.496988358587913,25.496988358587913,1.0,0.7417702999268472,52.40998838559814,1.4864910133350513,25.496988358587913,1.0,Steal
2017,14,8,164,malle_dips_pouches,Charles Clay,False,charles clay,malle_dips_pouches,49.8,13.0,TE,49.8,13.0,3.1,1.0,1.0,0.06224899598393575,True,66.66666666666666,41.17647058823529,99.0,25.490196078431367,25.490196078431367,1.0,0.06224899598393575,41.17647058823529,1.619047619047619,25.490196078431367,1.0,Steal
2020,12,11,143,Post Mahomes,Noah Fant,False,noah fant,Post Mahomes,85.2,13.0,TE,45.4,6.0,13.1,2.0,0.5328638497652581,0.28854625550660795,True,65.51724137931035,40.23809523809524,134.0,25.279146141215108,25.279146141215108,0.5328638497652581,0.28854625550660795,40.23809523809524,1.6282391348704346,13.470343131586452,0.5328638497652581,Steal
2023,9,4,100,The Big Gronkowski,Courtland Sutton,False,courtland sutton,The Big Gronkowski,150.4,14.0,WR,150.4,14.0,60.1,5.0,1.0,0.3996010638297872,True,79.12087912087912,53.90202702702703,162.0,25.218852093852092,25.218852093852092,1.0,0.3996010638297872,53.90202702702703,1.467864633016623,25.218852093852092,1.0,Steal
2022,9,3,99,The Big Gronkowski,Kirk Cousins,False,kirk cousins,The Big Gronkowski,263.12,14.0,QB,263.12,14.0,263.12,13.0,1.0,1.0,True,77.41935483870968,52.4390243902439,161.0,24.98033044846578,24.98033044846578,1.0,1.0,52.4390243902439,1.4763690922730683,24.98033044846578,1.0,Near Expectation
2020,8,1,85,Pop Lockett Drop it,Will Fuller V,False,will fuller,Pop Lockett Drop it,162.4,13.0,WR,162.4,13.0,119.3,8.0,1.0,0.7346059113300493,True,86.25,61.53846153846154,183.0,24.71153846153846,24.71153846153846,1.0,0.7346059113300493,61.53846153846154,1.4015625,24.71153846153846,1.0,Near Expectation
2019,12,10,142,malle_dips_pouches,Emmanuel Sanders,False,emmanuel sanders,malle_dips_pouches,87.7,13.0,WR,87.7,13.0,21.099999999999998,3.0,1.0,0.2405929304446978,True,66.66666666666666,42.42424242424242,133.0,24.242424242424235,24.242424242424235,1.0,0.2405929304446978,42.42424242424242,1.5714285714285712,24.242424242424235,1.0,Near Expectation
2019,10,2,110,Uncle Rico,Michael Gallup,False,michael gallup,Uncle Rico,97.60000000000001,12.0,WR,22.6,3.0,6.8,1.0,0.23155737704918034,0.30088495575221236,True,73.33333333333333,49.12448700410397,154.0,24.20884632922936,24.20884632922936,0.23155737704918034,0.30088495575221236,49.12448700410397,1.4928060892973172,5.605736957383028,0.23155737704918034,Near Expectation
2022,10,12,120,Post Mahomes,Kenneth Walker III,False,kenneth walker,Post Mahomes,117.5,11.0,RB,117.5,11.0,115.0,7.0,1.0,0.9787234042553191,True,70.58823529411765,46.38501742160279,156.0,24.203217872514863,24.203217872514863,1.0,0.9787234042553191,46.38501742160279,1.5217895608947805,24.203217872514863,1.0,Near Expectation
2024,12,3,135,Joe Mantegna,Jakobi Meyers,False,jakobi meyers,Joe Mantegna,123.6,14.0,WR,42.6,6.0,0.0,0.0,0.3446601941747573,0.0,True,67.90123456790124,43.75,147.0,24.15123456790124,24.15123456790124,0.3446601941747573,0.0,43.75,1.5520282186948855,8.323969195732952,0.3446601941747573,Near Expectation
2022,10,9,117,Patty Primetimes,Aaron Rodgers,False,aaron rodgers,Patty Primetimes,240.26,14.0,QB,240.26,13.0,109.76,6.0,1.0,0.45683842503954053,True,70.96774193548387,47.25274725274725,159.0,23.714994682736624,23.714994682736624,1.0,0.45683842503954053,47.25274725274725,1.501875468867217,23.714994682736624,1.0,Near Expectation
2017,8,12,96,Post Mahomes,Stefon Diggs,False,stefon diggs,Post Mahomes,94.10000000000001,13.0,WR,53.1,3.0,0.0,0.0,0.5642933049946864,0.0,True,77.77777777777779,54.36036036036036,170.0,23.417417417417425,23.417417417417425,0.5642933049946864,0.0,54.36036036036036,1.4307811291569994,13.214291868914614,0.5642933049946864,Near Expectation
2017,14,12,168,Post Mahomes,Robbie Chosen,False,robbie chosen,Post Mahomes,68.3,7.0,WR,5.0,2.0,0.0,0.0,0.07320644216691069,0.0,True,64.19753086419753,40.95860566448802,88.0,23.238925199709513,23.238925199709513,0.07320644216691069,0.0,40.95860566448802,1.5673758865248226,1.701239033653698,0.07320644216691069,Near Expectation
2021,9,9,105,Post Mahomes,Brandin Cooks,False,brandin cooks,Post Mahomes,140.9,14.0,WR,140.9,14.0,140.9,13.0,1.0,1.0,True,75.5813953488372,52.40998838559814,154.0,23.171406963239065,23.171406963239065,1.0,1.0,52.40998838559814,1.4421181472653481,23.171406963239065,1.0,Near Expectation
2021,8,10,94,Patty Primetimes,Dallas Goedert,False,dallas goedert,Patty Primetimes,106.1,13.0,TE,41.1,5.0,37.3,4.0,0.3873704052780396,0.9075425790754257,True,77.77777777777779,54.77235772357724,168.0,23.00542005420055,23.00542005420055,0.3873704052780396,0.9075425790754257,54.77235772357724,1.42001880164267,8.911618889987206,0.3873704052780396,Near Expectation
2021,11,9,129,Post Mahomes,J.D. McKissic,False,jd mckissic,Post Mahomes,100.5,13.0,RB,74.9,9.0,7.6,1.0,0.7452736318407961,0.1014686248331108,True,66.66666666666666,43.75,157.0,22.916666666666657,22.916666666666657,0.7452736318407961,0.1014686248331108,43.75,1.5238095238095235,17.07918739635157,0.7452736318407961,Near Expectation
2021,9,6,102,Ginger FC,Rob Gronkowski,False,rob gronkowski,Ginger FC,104.8,14.0,TE,104.8,14.0,104.8,7.0,1.0,1.0,True,74.07407407407408,51.68350168350168,156.0,22.390572390572395,22.390572390572395,1.0,1.0,51.68350168350168,1.433224755700326,22.390572390572395,1.0,Near Expectation
2023,11,5,125,Joe Mantegna,Jakobi Meyers,False,jakobi meyers,Joe Mantegna,134.0,14.0,WR,134.0,14.0,16.9,2.0,1.0,0.12611940298507462,True,73.62637362637363,51.33897110641297,152.0,22.287402519960665,22.287402519960665,1.0,0.12611940298507462,51.33897110641297,1.4341225006976552,22.287402519960665,1.0,Near Expectation
2022,10,11,119,malle_dips_pouches,Tyler Boyd,False,tyler boyd,malle_dips_pouches,114.92,14.0,WR,114.92,14.0,12.100000000000001,2.0,1.0,0.10529063696484513,True,68.6046511627907,46.51162790697674,159.0,22.09302325581396,22.09302325581396,1.0,0.10529063696484513,46.51162790697674,1.475,22.09302325581396,1.0,Near Expectation
2023,11,6,126,Buttermilk Puuump,De'Von Achane,False,devon achane,Buttermilk Puuump,131.6,14.0,RB,0.0,0.0,0.0,0.0,0.0,,True,73.17073170731707,51.162790697674424,155.0,22.00794100964265,22.00794100964265,0.0,,51.162790697674424,1.4301552106430153,0.0,0.0,Near Expectation
2022,12,6,138,Big Sack Jack,Khalil Herbert,False,khalil herbert,Big Sack Jack,103.5,14.0,RB,103.5,14.0,34.3,4.0,1.0,0.33140096618357484,True,65.88235294117646,43.92857142857143,140.0,21.953781512605033,21.953781512605033,1.0,0.33140096618357484,43.92857142857143,1.4997608799617406,21.953781512605033,1.0,Near Expectation
2022,11,8,128,ThreatLevelMidnight,Raheem Mostert,False,raheem mostert,ThreatLevelMidnight,97.2,13.0,RB,3.7,1.0,0.0,0.0,0.03806584362139918,0.0,True,62.35294117647059,40.4344512195122,160.0,21.91848995695839,21.91848995695839,0.03806584362139918,0.0,40.4344512195122,1.5420746243832122,0.8343458111187865,0.03806584362139918,Near Expectation
2024,13,7,151,malle_dips_pouches,Pat Freiermuth,False,pat freiermuth,malle_dips_pouches,84.7,13.0,TE,21.700000000000003,3.0,0.0,0.0,0.25619834710743805,0.0,True,63.33333333333333,41.46341463414634,121.0,21.86991869918699,21.86991869918699,0.25619834710743805,0.0,41.46341463414634,1.5274509803921568,5.603037022105759,0.25619834710743805,Near Expectation
2020,15,7,175,Joe Mantegna,Kirk Cousins,False,kirk cousins,Joe Mantegna,229.22,11.0,QB,28.28,2.0,0.0,0.0,0.12337492365413141,0.0,True,62.5,40.95860566448802,64.0,21.54139433551198,21.54139433551198,0.12337492365413141,0.0,40.95860566448802,1.5259308510638296,2.6576678815473294,0.12337492365413141,Near Expectation
2024,11,9,129,Uncle Rico,Zach Charbonnet,False,zach charbonnet,Uncle Rico,132.3,14.0,RB,4.3,1.0,0.0,0.0,0.03250188964474678,0.0,True,65.27777777777779,43.75,159.0,21.527777777777786,21.527777777777786,0.03250188964474678,0.0,43.75,1.4920634920634923,0.6996934576299657,0.03250188964474678,Near Expectation
2018,10,10,118,Malle ❤️ 🐸,Sterling Shepard,False,sterling shepard,Malle ❤️ 🐸,86.5,13.0,WR,86.5,13.0,40.0,7.0,1.0,0.4624277456647399,True,69.04761904761905,47.802197802197796,156.0,21.245421245421255,21.245421245421255,1.0,0.4624277456647399,47.802197802197796,1.4444444444444446,21.245421245421255,1.0,Near Expectation
2017,9,12,108,Big Sack Jack,Philip Rivers,False,philip rivers,Big Sack Jack,247.98,13.0,QB,247.98,13.0,96.97999999999999,5.0,1.0,0.39107992580046774,True,74.07407407407408,52.87356321839081,153.0,21.20051085568327,21.20051085568327,1.0,0.39107992580046774,52.87356321839081,1.4009661835748792,21.20051085568327,1.0,Near Expectation
2020,15,5,173,Malle ❤️ 🐸,Damien Harris,False,damien harris,Malle ❤️ 🐸,83.3,13.0,RB,83.3,13.0,27.5,4.0,1.0,0.33013205282112845,True,61.904761904761905,40.74074074074074,74.0,21.164021164021165,21.164021164021165,1.0,0.33013205282112845,40.74074074074074,1.5194805194805194,21.164021164021165,1.0,Near Expectation
2022,14,7,163,Pop Lockett Drop it,Tua Tagovailoa,False,tua tagovailoa,Pop Lockett Drop it,195.2,10.0,QB,16.8,1.0,0.0,0.0,0.08606557377049182,0.0,True,61.29032258064516,40.476190476190474,109.0,20.814132104454686,20.814132104454686,0.08606557377049182,0.0,40.476190476190474,1.5142314990512333,1.7913802221047068,0.08606557377049182,Near Expectation
2019,11,2,122,The Big Gronkowski,Eric Ebron,False,eric ebron,The Big Gronkowski,42.5,12.0,TE,25.6,6.0,4.7,1.0,0.6023529411764706,0.18359375,True,67.64705882352942,47.155785391079505,158.0,20.491273432449916,20.491273432449916,0.6023529411764706,0.18359375,47.155785391079505,1.434544208361892,12.34297882048748,0.6023529411764706,Near Expectation
2017,10,10,118,ThreatLevelMidnight,Rishard Matthews,False,rishard matthews,ThreatLevelMidnight,80.3,13.0,WR,80.3,13.0,17.0,4.0,1.0,0.21170610211706103,True,69.75308641975309,49.411764705882355,155.0,20.341321713870734,20.341321713870734,1.0,0.21170610211706103,49.411764705882355,1.4116696061140506,20.341321713870734,1.0,Near Expectation
2017,13,8,152,Dillon Panthers,James White,False,james white,Dillon Panthers,70.1,13.0,RB,70.1,13.0,27.0,6.0,1.0,0.38516405135520687,True,61.44578313253012,41.39837398373984,114.0,20.04740914879028,20.04740914879028,1.0,0.38516405135520687,41.39837398373984,1.4842559554794195,20.04740914879028,1.0,Near Expectation
2018,8,2,86,Pop Lockett Drop it,Matt Ryan,False,matt ryan,Pop Lockett Drop it,315.65999999999997,13.0,QB,280.34,11.0,280.34,10.0,0.8881074573908636,1.0,True,80.0,60.0,179.0,20.0,20.0,0.8881074573908636,1.0,60.0,1.3333333333333333,17.762149147817272,0.8881074573908636,Near Expectation
2024,14,11,167,Buttermilk Puuump,Aaron Rodgers,False,aaron rodgers,Buttermilk Puuump,236.24,14.0,QB,80.74,5.0,0.0,0.0,0.34177108025736536,0.0,True,60.71428571428571,40.74074074074074,97.0,19.973544973544968,19.973544973544968,0.34177108025736536,0.0,40.74074074074074,1.4902597402597402,6.826380042177534,0.34177108025736536,Near Expectation
2017,8,9,93,Joe Mantegna,Sammy Watkins,False,sammy watkins,Joe Mantegna,88.8,13.0,WR,88.8,13.0,80.0,11.0,1.0,0.9009009009009009,True,75.30864197530865,55.41521486643438,172.0,19.893427108874263,19.893427108874263,1.0,0.9009009009009009,55.41521486643438,1.3589885405447364,19.893427108874263,1.0,Near Expectation
2017,13,12,156,Big Sack Jack,Latavius Murray,False,latavius murray,Big Sack Jack,69.2,10.0,RB,1.7,3.0,0.0,0.0,0.024566473988439304,0.0,True,60.24096385542169,40.88319088319088,110.0,19.357772972230812,19.357772972230812,0.024566473988439304,0.0,40.88319088319088,1.4734897779270395,0.4755522261964216,0.024566473988439304,Near Expectation
2022,11,11,131,Uncle Rico,Jakobi Meyers,False,jakobi meyers,Uncle Rico,101.2,14.0,WR,101.2,14.0,40.7,4.0,1.0,0.40217391304347827,True,59.30232558139535,40.0,152.0,19.30232558139535,19.30232558139535,1.0,0.40217391304347827,40.0,1.4825581395348837,19.30232558139535,1.0,Near Expectation
2017,10,9,117,Joe Mantegna,Rex Burkhead,False,rex burkhead,Joe Mantegna,80.80000000000001,13.0,RB,80.80000000000001,13.0,0.0,0.0,1.0,0.0,True,68.67469879518072,49.411764705882355,157.0,19.262934089298362,19.262934089298362,1.0,0.0,49.411764705882355,1.3898450946643717,19.262934089298362,1.0,Near Expectation
2025,10,7,115,Voldemort,Keenan Allen,False,keenan allen,Voldemort,119.89999999999999,14.0,WR,50.400000000000006,6.0,11.100000000000001,2.0,0.420350291909925,0.22023809523809523,True,68.29268292682927,49.12448700410397,154.0,19.168195922725303,19.168195922725303,0.420350291909925,0.22023809523809523,49.12448700410397,1.390196358103932,8.057356751504216,0.420350291909925,Near Expectation
2017,9,1,97,Post Mahomes,Frank Gore,False,frank gore,Post Mahomes,88.0,12.0,RB,54.199999999999996,7.0,11.7,1.0,0.6159090909090909,0.2158671586715867,True,72.28915662650603,53.125,169.0,19.164156626506028,19.164156626506028,0.6159090909090909,0.2158671586715867,53.125,1.3607370659107016,11.803378285870757,0.6159090909090909,Near Expectation
2023,13,10,154,ThreatLevelMidnight,D'Onta Foreman,False,donta foreman,ThreatLevelMidnight,86.3,9.0,RB,3.4,1.0,0.0,0.0,0.039397450753186555,0.0,True,59.756097560975604,40.60846560846561,116.0,19.147631952509997,19.147631952509997,0.039397450753186555,0.0,40.60846560846561,1.4715182330976404,0.7543678868891539,0.039397450753186555,Near Expectation
2017,12,12,144,Post Mahomes,Coby Fleener,False,coby fleener,Post Mahomes,41.5,11.0,TE,24.900000000000002,4.0,24.900000000000002,4.0,0.6000000000000001,1.0,True,60.60606060606061,41.46341463414634,133.0,19.14264597191427,19.14264597191427,0.6000000000000001,1.0,41.46341463414634,1.4616755793226384,11.485587583148563,0.6000000000000001,Near Expectation
2021,11,4,124,malle_dips_pouches,Marvin Jones Jr.,False,marvin jones,malle_dips_pouches,106.0,14.0,WR,106.0,14.0,38.5,5.0,1.0,0.3632075471698113,True,66.27906976744185,47.155785391079505,154.0,19.12328437636235,19.12328437636235,1.0,0.3632075471698113,47.155785391079505,1.405534214259528,19.12328437636235,1.0,Near Expectation
2020,9,3,99,Big Sack Jack,CeeDee Lamb,False,ceedee lamb,Big Sack Jack,127.6,13.0,WR,127.6,13.0,68.8,8.0,1.0,0.5391849529780565,True,73.75,54.65116279069767,159.0,19.09883720930233,19.09883720930233,1.0,0.5391849529780565,54.65116279069767,1.3494680851063832,19.09883720930233,1.0,Near Expectation
2022,11,3,123,The Big Gronkowski,David Njoku,False,david njoku,The Big Gronkowski,67.4,10.0,TE,1.2,1.0,1.2,1.0,0.01780415430267062,1.0,True,64.51612903225806,45.533948582729074,158.0,18.98218044952899,18.98218044952899,0.01780415430267062,1.0,45.533948582729074,1.416879735677676,0.3379616697245517,0.01780415430267062,Near Expectation
2025,11,7,127,Uncle Rico,Dalton Kincaid,False,dalton kincaid,Uncle Rico,95.4,14.0,TE,13.8,1.0,13.8,1.0,0.14465408805031446,1.0,True,70.0,51.162790697674424,155.0,18.837209302325576,18.837209302325576,0.14465408805031446,1.0,51.162790697674424,1.368181818181818,2.7248793330408065,0.14465408805031446,Near Expectation
2020,12,3,135,malle_dips_pouches,Ryan Tannehill,False,ryan tannehill,malle_dips_pouches,226.86,10.0,QB,71.36,4.0,71.36,3.0,0.31455523230186017,1.0,True,59.375,40.74074074074074,148.0,18.63425925925926,18.63425925925926,0.31455523230186017,1.0,40.74074074074074,1.4573863636363635,5.861503750069385,0.31455523230186017,Near Expectation
2017,8,4,88,The Big Gronkowski,Ben Roethlisberger,False,ben roethlisberger,The Big Gronkowski,253.82,13.0,QB,253.82,13.0,253.82,12.0,1.0,1.0,True,77.77777777777779,59.25925925925925,179.0,18.518518518518533,18.518518518518533,1.0,1.0,59.25925925925925,1.3125000000000002,18.518518518518533,1.0,Near Expectation
2021,13,5,149,Malle ❤️ 🐸,Alexander Mattison,False,alexander mattison,Malle ❤️ 🐸,84.5,12.0,RB,52.1,9.0,0.0,0.0,0.6165680473372781,0.0,True,58.620689655172406,40.23809523809524,124.0,18.382594417077165,18.382594417077165,0.6165680473372781,0.0,40.23809523809524,1.456845541726178,11.334120344730417,0.6165680473372781,Near Expectation
2019,10,1,109,Big Sack Jack,Jordan Howard,False,jordan howard,Big Sack Jack,101.4,13.0,RB,101.4,13.0,101.4,9.0,1.0,1.0,True,70.51282051282051,52.38095238095239,153.0,18.131868131868124,18.131868131868124,1.0,1.0,52.38095238095239,1.346153846153846,18.131868131868124,1.0,Near Expectation
2018,15,5,173,Dillon Panthers,Mohamed Sanu,False,mohamed sanu,Dillon Panthers,76.5,13.0,WR,76.5,13.0,0.0,0.0,1.0,0.0,True,60.71428571428571,42.66666666666667,71.0,18.047619047619037,18.047619047619037,1.0,0.0,42.66666666666667,1.4229910714285712,18.047619047619037,1.0,Near Expectation
2022,12,2,134,Uncle Rico,Isiah Pacheco,False,isiah pacheco,Uncle Rico,86.5,14.0,RB,86.5,14.0,36.7,3.0,1.0,0.42427745664739885,True,57.647058823529406,39.75308641975309,152.0,17.893972403776317,17.893972403776317,1.0,0.42427745664739885,39.75308641975309,1.4501278772378514,17.893972403776317,1.0,Near Expectation
2018,8,8,92,Dillon Panthers,Kerryon Johnson,False,kerryon johnson,Dillon Panthers,107.39999999999999,13.0,RB,107.39999999999999,13.0,74.5,6.0,1.0,0.6936685288640596,True,72.0,54.187520854187525,168.0,17.812479145812475,17.812479145812475,1.0,0.6936685288640596,54.187520854187525,1.32871921182266,17.812479145812475,1.0,Near Expectation
2020,12,9,141,Uncle Rico,Mike Gesicki,False,mike gesicki,Uncle Rico,79.9,10.0,TE,37.5,4.0,10.0,2.0,0.46933667083854813,0.26666666666666666,True,58.620689655172406,41.244527829893684,136.0,17.37616182527872,17.37616182527872,0.46933667083854813,0.26666666666666666,41.244527829893684,1.4212961752633917,8.155269943028186,0.46933667083854813,Near Expectation
2024,9,8,104,Voldemort,Khalil Shakir,False,khalil shakir,Voldemort,124.4,14.0,WR,43.4,4.0,8.2,1.0,0.3488745980707395,0.1889400921658986,True,70.37037037037037,53.125,153.0,17.245370370370367,17.245370370370367,0.3488745980707395,0.1889400921658986,53.125,1.3246187363834423,6.0164716565440015,0.3488745980707395,Near Expectation
2019,13,1,145,Pop Lockett Drop it,Kirk Cousins,False,kirk cousins,Pop Lockett Drop it,201.42,11.0,QB,51.1,4.0,0.0,0.0,0.25369873895343065,0.0,True,58.82352941176471,41.86046511627907,131.0,16.963064295485637,16.963064295485637,0.25369873895343065,0.0,41.86046511627907,1.4052287581699345,4.30350802055067,0.25369873895343065,Near Expectation
2024,11,6,126,Pop Lockett Drop it,Jameson Williams,False,jameson williams,Pop Lockett Drop it,120.1,14.0,WR,58.7,7.0,16.1,2.0,0.48875936719400503,0.27427597955706984,True,64.19753086419753,47.344322344322336,158.0,16.853208519875196,16.853208519875196,0.48875936719400503,0.27427597955706984,47.344322344322336,1.3559710580987179,8.237163531362816,0.48875936719400503,Near Expectation
2017,13,3,147,ThreatLevelMidnight,Jason Witten,False,jason witten,ThreatLevelMidnight,38.1,11.0,TE,0.0,0.0,0.0,0.0,0.0,,True,57.57575757575758,40.75091575091575,122.0,16.824841824841826,16.824841824841826,0.0,,40.75091575091575,1.412870275791624,0.0,0.0,Near Expectation
2018,11,3,123,Malle ❤️ 🐸,Marlon Mack,False,marlon mack,Malle ❤️ 🐸,92.0,12.0,RB,3.6,5.0,0.0,0.0,0.0391304347826087,0.0,True,62.66666666666667,45.94594594594595,161.0,16.72072072072072,16.72072072072072,0.0391304347826087,0.0,45.94594594594595,1.3639215686274508,0.6542890716803761,0.0391304347826087,Near Expectation
2023,9,11,107,Voldemort,Zay Flowers,False,zay flowers,Voldemort,130.9,14.0,WR,130.9,14.0,43.7,4.0,1.0,0.33384262796027503,True,72.52747252747253,55.848153214774285,150.0,16.67931931269824,16.67931931269824,1.0,0.33384262796027503,55.848153214774285,1.2986548050846887,16.67931931269824,1.0,Near Expectation
2020,10,11,119,Post Mahomes,Hayden Hurst,False,hayden hurst,Post Mahomes,85.8,13.0,TE,85.8,13.0,54.5,7.0,1.0,0.6351981351981352,True,68.96551724137932,52.38095238095239,157.0,16.58456486042693,16.58456486042693,1.0,0.6351981351981352,52.38095238095239,1.316614420062696,16.58456486042693,1.0,Near Expectation
2019,8,1,85,Big Sack Jack,Tom Brady,False,tom brady,Big Sack Jack,249.92000000000002,13.0,QB,249.92000000000002,13.0,249.92000000000002,12.0,1.0,1.0,True,76.47058823529412,60.0,181.0,16.470588235294116,16.470588235294116,1.0,1.0,60.0,1.2745098039215685,16.470588235294116,1.0,Near Expectation
2017,10,8,116,malle_dips_pouches,Jonathan Stewart,False,jonathan stewart,malle_dips_pouches,75.5,13.0,RB,75.5,13.0,4.199999999999999,2.0,1.0,0.05562913907284767,True,65.06024096385542,48.837209302325576,157.0,16.223031661529845,16.223031661529845,1.0,0.05562913907284767,48.837209302325576,1.332185886402754,16.223031661529845,1.0,Near Expectation
2018,10,9,117,Big Sack Jack,Latavius Murray,False,latavius murray,Big Sack Jack,92.1,13.0,RB,92.1,13.0,51.6,5.0,1.0,0.5602605863192183,True,64.0,47.802197802197796,156.0,16.197802197802204,16.197802197802204,1.0,0.5602605863192183,47.802197802197796,1.3388505747126438,16.197802197802204,1.0,Near Expectation
2020,9,11,107,Patty Primetimes,Matthew Stafford,False,matthew stafford,Patty Primetimes,258.62,13.0,QB,258.62,13.0,40.46,3.0,1.0,0.15644575052200138,True,71.875,55.94117647058824,148.0,15.933823529411761,15.933823529411761,1.0,0.15644575052200138,55.94117647058824,1.284831756046267,15.933823529411761,1.0,Near Expectation
2023,14,12,168,Malle ❤️ 🐸,Tyjae Spears,False,tyjae spears,Malle ❤️ 🐸,78.6,12.0,RB,41.7,6.0,0.0,0.0,0.5305343511450382,0.0,True,56.09756097560976,40.229885057471265,97.0,15.867675918138495,15.867675918138495,0.5305343511450382,0.0,40.229885057471265,1.394425087108014,8.418347147409355,0.5305343511450382,Near Expectation
2021,15,10,178,ThreatLevelMidnight,Chuba Hubbard,False,chuba hubbard,ThreatLevelMidnight,92.7,14.0,RB,92.7,14.0,67.5,6.0,1.0,0.7281553398058253,True,60.91954022988506,45.214285714285715,52.0,15.705254515599343,15.705254515599343,1.0,0.7281553398058253,45.214285714285715,1.347351600660965,15.705254515599343,1.0,Near Expectation
2020,8,8,92,Malle ❤️ 🐸,Latavius Murray,False,latavius murray,Malle ❤️ 🐸,102.5,13.0,RB,102.5,13.0,25.9,5.0,1.0,0.2526829268292683,True,72.61904761904762,57.14285714285714,169.0,15.476190476190482,15.476190476190482,1.0,0.2526829268292683,57.14285714285714,1.2708333333333335,15.476190476190482,1.0,Near Expectation
2023,12,10,142,Ginger FC,Kirk Cousins,False,kirk cousins,Ginger FC,190.74,8.0,QB,190.74,8.0,153.98000000000002,6.0,1.0,0.8072769214637727,True,55.88235294117647,40.74074074074074,135.0,15.14161220043573,15.14161220043573,1.0,0.8072769214637727,40.74074074074074,1.3716577540106951,15.14161220043573,1.0,Near Expectation
2019,11,10,130,Joe Mantegna,Jameis Winston,False,jameis winston,Joe Mantegna,190.34,10.0,QB,12.06,1.0,0.0,0.0,0.06336030261637071,0.0,True,55.88235294117647,40.74074074074074,155.0,15.14161220043573,15.14161220043573,0.06336030261637071,0.0,40.74074074074074,1.3716577540106951,0.9593771311193388,0.06336030261637071,Near Expectation
2017,12,11,143,Pop Lockett Drop it,Danny Amendola,False,danny amendola,Pop Lockett Drop it,60.9,13.0,WR,60.9,13.0,0.0,0.0,1.0,0.0,True,56.79012345679012,41.66193987521271,134.0,15.12818358157741,15.12818358157741,1.0,0.0,41.66193987521271,1.3631175991057995,15.12818358157741,1.0,Near Expectation
2024,15,7,175,malle_dips_pouches,Josh Downs,False,josh downs,malle_dips_pouches,111.1,14.0,WR,9.0,3.0,9.0,1.0,0.08100810081008102,1.0,True,58.0246913580247,42.93827160493827,66.0,15.086419753086425,15.086419753086425,0.08100810081008102,1.0,42.93827160493827,1.3513513513513515,1.2221222122212225,0.08100810081008102,Near Expectation
2025,10,9,117,Post Mahomes,Cam Skattebo,False,cam skattebo,Post Mahomes,115.7,14.0,RB,44.5,9.0,9.5,1.0,0.3846153846153846,0.21348314606741572,True,66.21621621621621,51.515151515151516,155.0,14.701064701064695,14.701064701064695,0.3846153846153846,0.21348314606741572,51.515151515151516,1.2853736089030205,5.6542556542556515,0.3846153846153846,Near Expectation
2018,8,3,87,malle_dips_pouches,Cooper Kupp,False,cooper kupp,malle_dips_pouches,95.1,13.0,WR,95.1,13.0,35.0,4.0,1.0,0.3680336487907466,True,73.80952380952381,59.25925925925925,177.0,14.550264550264558,14.550264550264558,1.0,0.3680336487907466,59.25925925925925,1.2455357142857144,14.550264550264558,1.0,Near Expectation
2025,11,10,130,malle_dips_pouches,Rachaad White,False,rachaad white,malle_dips_pouches,105.10000000000001,14.0,RB,25.9,3.0,7.9,1.0,0.24643196955280683,0.3050193050193051,True,59.45945945945946,45.0,151.0,14.45945945945946,14.45945945945946,0.24643196955280683,0.3050193050193051,45.0,1.3213213213213213,3.5632730732635585,0.24643196955280683,Near Expectation
2020,8,9,93,Uncle Rico,Diontae Johnson,False,diontae johnson,Uncle Rico,127.2,13.0,WR,127.2,13.0,118.6,10.0,1.0,0.9323899371069182,True,72.5,58.139534883720934,167.0,14.360465116279066,14.360465116279066,1.0,0.9323899371069182,58.139534883720934,1.2469999999999999,14.360465116279066,1.0,Near Expectation
2021,8,1,85,The Big Gronkowski,AJ Dillon,False,aj dillon,The Big Gronkowski,123.0,14.0,RB,123.0,14.0,47.6,5.0,1.0,0.3869918699186992,True,73.5632183908046,59.25925925925925,185.0,14.30395913154534,14.30395913154534,1.0,0.3869918699186992,59.25925925925925,1.2413793103448276,14.30395913154534,1.0,Near Expectation
2017,8,10,94,ThreatLevelMidnight,Dak Prescott,False,dak prescott,ThreatLevelMidnight,247.3,13.0,QB,247.3,13.0,240.34,10.0,1.0,0.9718560452891225,True,70.37037037037037,56.181318681318686,170.0,14.18905168905168,14.18905168905168,1.0,0.9718560452891225,56.181318681318686,1.252558181653536,14.18905168905168,1.0,Near Expectation
2021,15,12,180,The Big Gronkowski,Cole Beasley,False,cole beasley,The Big Gronkowski,102.5,14.0,WR,102.5,14.0,3.6,2.0,1.0,0.0351219512195122,True,60.46511627906976,46.54761904761905,42.0,13.91749723145071,13.91749723145071,1.0,0.0351219512195122,46.54761904761905,1.2989948254327006,13.91749723145071,1.0,Near Expectation
2022,12,9,141,Patty Primetimes,Rachaad White,False,rachaad white,Patty Primetimes,84.1,13.0,RB,0.0,0.0,0.0,0.0,0.0,,True,56.470588235294116,42.640692640692635,134.0,13.829895594601481,13.829895594601481,0.0,,42.640692640692635,1.324335622573903,0.0,0.0,Near Expectation
2024,9,12,108,Malle ❤️ 🐸,Brock Purdy,False,brock purdy,Malle ❤️ 🐸,249.48000000000002,14.0,QB,103.4,5.0,17.06,1.0,0.4144620811287478,0.16499032882011602,True,67.85714285714286,54.187520854187525,154.0,13.669622002955336,13.669622002955336,0.4144620811287478,0.16499032882011602,54.187520854187525,1.252265130190007,5.66553998358819,0.4144620811287478,Near Expectation
2025,8,4,88,Buttermilk Puuump,Deebo Samuel Sr.,False,deebo samuel,Buttermilk Puuump,128.0,14.0,WR,46.5,5.0,15.5,2.0,0.36328125,0.3333333333333333,True,73.17073170731707,59.523809523809526,177.0,13.646922183507549,13.646922183507549,0.36328125,0.3333333333333333,59.523809523809526,1.2292682926829268,4.957670949477352,0.36328125,Near Expectation
2022,14,5,161,ThreatLevelMidnight,Brian Robinson,False,brian robinson,ThreatLevelMidnight,82.5,14.0,RB,25.799999999999997,8.0,21.6,2.0,0.3127272727272727,0.8372093023255816,True,54.11764705882353,40.60846560846561,110.0,13.509181450357922,13.509181450357922,0.3127272727272727,0.8372093023255816,40.60846560846561,1.3326690936961103,4.224689471748295,0.3127272727272727,Near Expectation
2018,8,9,93,Big Sack Jack,Sony Michel,False,sony michel,Big Sack Jack,97.9,13.0,RB,97.9,13.0,88.9,7.0,1.0,0.9080694586312564,True,68.0,54.49382716049382,166.0,13.506172839506178,13.506172839506178,1.0,0.9080694586312564,54.49382716049382,1.2478477571363844,13.506172839506178,1.0,Near Expectation
2024,15,3,171,Patty Primetimes,Tank Bigsby,False,tank bigsby,Patty Primetimes,97.69999999999999,14.0,RB,16.7,4.0,12.7,1.0,0.17093142272262027,0.7604790419161677,True,54.166666666666664,40.95860566448802,82.0,13.208061002178646,13.208061002178646,0.17093142272262027,0.7604790419161677,40.95860566448802,1.322473404255319,2.2576726585095535,0.17093142272262027,Near Expectation
2019,14,11,167,The Big Gronkowski,Jamison Crowder,False,jamison crowder,The Big Gronkowski,77.2,13.0,WR,77.2,13.0,19.3,4.0,1.0,0.25,True,53.333333333333336,40.229885057471265,97.0,13.103448275862071,13.103448275862071,1.0,0.25,40.229885057471265,1.3257142857142858,13.103448275862071,1.0,Near Expectation
2020,11,7,127,Joe Mantegna,Cole Beasley,False,cole beasley,Joe Mantegna,100.2,9.0,WR,7.8,1.0,0.0,0.0,0.0778443113772455,0.0,True,57.49999999999999,44.51219512195122,160.0,12.98780487804877,12.98780487804877,0.0778443113772455,0.0,44.51219512195122,1.291780821917808,1.0110267270337365,0.0778443113772455,Near Expectation
2022,8,12,96,Post Mahomes,Allen Lazard,False,allen lazard,Post Mahomes,114.5,14.0,WR,62.5,6.0,15.6,1.0,0.5458515283842795,0.2496,True,67.44186046511628,54.49382716049382,166.0,12.948033304622456,12.948033304622456,0.5458515283842795,0.2496,54.49382716049382,1.2376055046838286,7.067703768898721,0.5458515283842795,Near Expectation
2021,9,4,100,malle_dips_pouches,Ryan Tannehill,False,ryan tannehill,malle_dips_pouches,244.1,14.0,QB,244.1,14.0,195.62,10.0,1.0,0.8013928717738632,True,64.70588235294117,51.85185185185185,163.0,12.854030501089326,12.854030501089326,1.0,0.8013928717738632,51.85185185185185,1.2478991596638656,12.854030501089326,1.0,Near Expectation
2021,12,10,142,Patty Primetimes,Darnell Mooney,False,darnell mooney,Patty Primetimes,85.2,10.0,WR,37.099999999999994,5.0,0.0,0.0,0.43544600938967126,0.0,True,54.65116279069767,42.42424242424242,135.0,12.226920366455246,12.226920366455246,0.43544600938967126,0.0,42.42424242424242,1.2882059800664452,5.324163680698234,0.43544600938967126,Near Expectation
2022,9,8,104,ThreatLevelMidnight,DeAndre Hopkins,False,deandre hopkins,ThreatLevelMidnight,109.3,14.0,WR,109.3,14.0,109.3,7.0,1.0,1.0,True,65.11627906976744,52.99928160919541,152.0,12.116997460572037,12.116997460572037,1.0,1.0,52.99928160919541,1.2286256925125894,12.116997460572037,1.0,Near Expectation
2023,12,7,139,Buttermilk Puuump,Odell Beckham Jr.,False,odell beckham,Buttermilk Puuump,82.0,14.0,WR,82.0,14.0,14.399999999999999,2.0,1.0,0.17560975609756097,True,54.94505494505495,42.857142857142854,139.0,12.087912087912095,12.087912087912095,1.0,0.17560975609756097,42.857142857142854,1.2820512820512822,12.087912087912095,1.0,Near Expectation
2017,11,9,129,The Big Gronkowski,Ted Ginn Jr.,False,ted ginn,The Big Gronkowski,60.4,11.0,WR,30.299999999999997,6.0,6.8,1.0,0.5016556291390728,0.22442244224422445,True,55.55555555555556,43.75,157.0,11.805555555555557,11.805555555555557,0.5016556291390728,0.22442244224422445,43.75,1.2698412698412698,5.922323399558499,0.5016556291390728,Near Expectation
2020,15,3,171,Big Sack Jack,Dallas Goedert,False,dallas goedert,Big Sack Jack,75.9,13.0,TE,75.9,13.0,55.8,7.0,1.0,0.7351778656126481,True,51.724137931034484,40.0,83.0,11.724137931034484,11.724137931034484,1.0,0.7351778656126481,40.0,1.293103448275862,11.724137931034484,1.0,Near Expectation
2023,13,12,156,Uncle Rico,Romeo Doubs,False,romeo doubs,Uncle Rico,77.4,10.0,WR,77.4,10.0,10.9,2.0,1.0,0.1408268733850129,True,51.64835164835166,40.0,117.0,11.648351648351657,11.648351648351657,1.0,0.1408268733850129,40.0,1.2912087912087915,11.648351648351657,1.0,Near Expectation
2022,11,5,125,Voldemort,James Robinson,False,james robinson,Voldemort,83.1,14.0,RB,34.2,2.0,0.0,0.0,0.4115523465703972,0.0,True,55.294117647058826,43.75,157.0,11.544117647058826,11.544117647058826,0.4115523465703972,0.0,43.75,1.2638655462184873,4.751008706731792,0.4115523465703972,Near Expectation
2019,13,6,150,Ginger FC,Kyle Rudolph,False,kyle rudolph,Ginger FC,32.6,9.0,TE,7.2,6.0,0.0,0.0,0.22085889570552147,0.0,True,52.94117647058824,41.39837398373984,118.0,11.542802486848402,11.542802486848402,0.22085889570552147,0.0,41.39837398373984,1.2788226052400538,2.549330610592285,0.22085889570552147,Near Expectation
2021,9,1,97,Uncle Rico,Michael Carter,False,michael carter,Uncle Rico,98.5,12.0,RB,26.1,4.0,0.0,0.0,0.26497461928934013,0.0,True,64.36781609195403,52.844214608920495,166.0,11.52360148303353,11.52360148303353,0.26497461928934013,0.0,52.844214608920495,1.2180674188899434,3.053461915808885,0.26497461928934013,Near Expectation
2018,15,4,172,Big Sack Jack,Derek Carr,False,derek carr,Big Sack Jack,217.57999999999998,13.0,QB,217.57999999999998,13.0,4.78,1.0,1.0,0.02196893096791985,True,53.333333333333336,41.8526031102096,76.0,11.480730223123736,11.480730223123736,1.0,0.02196893096791985,41.8526031102096,1.274313408723748,11.480730223123736,1.0,Near Expectation
2019,8,12,96,Pop Lockett Drop it,Devin Singletary,False,devin singletary,Pop Lockett Drop it,95.4,13.0,RB,95.4,13.0,40.7,4.0,1.0,0.42662473794549266,True,65.38461538461539,54.03852127990059,166.0,11.346094104714794,11.346094104714794,1.0,0.42662473794549266,54.03852127990059,1.209963075154222,11.346094104714794,1.0,Near Expectation
2018,8,4,88,Voldemort,Jordan Reed,False,jordan reed,Voldemort,65.8,13.0,TE,20.8,4.0,20.8,3.0,0.31610942249240126,1.0,True,70.37037037037037,59.116809116809115,176.0,11.253561253561251,11.253561253561251,0.31610942249240126,1.0,59.116809116809115,1.1903614457831324,3.5573567488461104,0.31610942249240126,Near Expectation
2023,12,2,134,Voldemort,Devin Singletary,False,devin singletary,Voldemort,76.6,8.0,RB,4.4,2.0,0.0,0.0,0.05744125326370758,0.0,True,51.21951219512195,40.0,151.0,11.21951219512195,11.21951219512195,0.05744125326370758,0.0,40.0,1.2804878048780488,0.6444628414952558,0.05744125326370758,Near Expectation
2022,12,1,133,Joe Mantegna,Chase Claypool,False,chase claypool,Joe Mantegna,80.14,14.0,WR,80.14,14.0,10.0,3.0,1.0,0.12478163214374843,True,51.162790697674424,40.0,153.0,11.162790697674424,11.162790697674424,1.0,0.12478163214374843,40.0,1.2790697674418605,11.162790697674424,1.0,Near Expectation
2025,9,12,108,Malle ❤️ 🐸,Khalil Shakir,False,khalil shakir,Malle ❤️ 🐸,109.5,14.0,WR,64.8,8.0,35.2,4.0,0.5917808219178082,0.54320987654321,True,64.63414634146342,53.48837209302325,151.0,11.14577424844017,11.14577424844017,0.5917808219178082,0.54320987654321,53.48837209302325,1.2083775185577945,6.595855445652265,0.5917808219178082,Near Expectation
2019,15,2,170,The Big Gronkowski,Ronald Jones,False,ronald jones,The Big Gronkowski,70.8,10.0,RB,9.3,1.0,0.0,0.0,0.13135593220338984,0.0,True,51.28205128205128,40.229885057471265,83.0,11.052166224580013,11.052166224580013,0.13135593220338984,0.0,40.229885057471265,1.2747252747252746,1.4517675972965272,0.13135593220338984,Near Expectation
2022,15,2,170,malle_dips_pouches,Justin Fields,False,justin fields,malle_dips_pouches,185.52,10.0,QB,45.540000000000006,4.0,0.0,0.0,0.24547218628719278,0.0,True,51.61290322580645,40.74074074074074,85.0,10.872162485065708,10.872162485065708,0.24547218628719278,0.0,40.74074074074074,1.2668621700879765,2.668813494878678,0.24547218628719278,Near Expectation
2019,8,11,95,The Big Gronkowski,Philip Rivers,False,philip rivers,The Big Gronkowski,224.76,13.0,QB,224.76,13.0,129.58,7.0,1.0,0.5765260722548496,True,64.70588235294117,54.03852127990059,166.0,10.667361073040581,10.667361073040581,1.0,0.5765260722548496,54.03852127990059,1.1974029048239012,10.667361073040581,1.0,Near Expectation
2018,9,9,105,Voldemort,Julian Edelman,False,julian edelman,Voldemort,81.52,13.0,WR,81.52,13.0,81.52,8.0,1.0,1.0,True,64.28571428571429,53.771213073538654,150.0,10.514501212175638,10.514501212175638,1.0,1.0,53.771213073538654,1.195541454454371,10.514501212175638,1.0,Near Expectation
2017,10,4,112,The Big Gronkowski,Andy Dalton,False,andy dalton,The Big Gronkowski,218.44,13.0,QB,218.44,13.0,5.34,1.0,1.0,0.02444607214795825,True,59.25925925925925,48.75,155.0,10.509259259259252,10.509259259259252,1.0,0.02444607214795825,48.75,1.2155745489078822,10.509259259259252,1.0,Near Expectation
2021,10,10,118,Patty Primetimes,Matt Ryan,False,matt ryan,Patty Primetimes,145.46,7.0,QB,112.88,5.0,0.0,0.0,0.7760208992162794,0.0,True,58.82352941176471,48.75,155.0,10.07352941176471,10.07352941176471,0.7760208992162794,0.0,48.75,1.206636500754148,7.817269352399288,0.7760208992162794,Near Expectation
2025,8,10,94,ThreatLevelMidnight,Baker Mayfield,False,baker mayfield,ThreatLevelMidnight,255.38,14.0,QB,115.52,6.0,107.98,4.0,0.4523455243167045,0.934729916897507,True,66.66666666666666,56.666666666666664,167.0,9.999999999999993,9.999999999999993,0.4523455243167045,0.934729916897507,56.666666666666664,1.176470588235294,4.523455243167041,0.4523455243167045,Near Expectation
2023,9,2,98,Post Mahomes,Jaylen Warren,False,jaylen warren,Post Mahomes,106.60000000000001,12.0,RB,54.9,8.0,0.0,0.0,0.5150093808630394,0.0,True,64.63414634146342,54.65891472868216,164.0,9.975231612781258,9.975231612781258,0.5150093808630394,0.0,54.65891472868216,1.1824996281447713,5.137337856863893,0.5150093808630394,Near Expectation
2019,8,9,93,Voldemort,Curtis Samuel,False,curtis samuel,Voldemort,86.2,12.0,WR,86.2,12.0,45.9,7.0,1.0,0.5324825986078886,True,65.33333333333333,55.41521486643438,166.0,9.918118466898946,9.918118466898946,1.0,0.5324825986078886,55.41521486643438,1.1789782551742205,9.918118466898946,1.0,Near Expectation
2018,13,4,148,Big Sack Jack,LeGarrette Blount,False,legarrette blount,Big Sack Jack,68.6,13.0,RB,68.6,13.0,0.0,0.0,1.0,0.0,True,49.333333333333336,39.53330619997287,120.0,9.800027133360466,9.800027133360466,1.0,0.0,39.53330619997287,1.2478929306794784,9.800027133360466,1.0,Near Expectation
2017,14,11,167,Pop Lockett Drop it,Samaje Perine,False,samaje perine,Pop Lockett Drop it,55.4,8.0,RB,0.0,0.0,0.0,0.0,0.0,,True,50.602409638554214,40.95860566448802,92.0,9.643803974066195,9.643803974066195,0.0,,40.95860566448802,1.2354524480902331,0.0,0.0,Near Expectation
2017,14,4,160,The Big Gronkowski,Kenny Stills,False,kenny stills,The Big Gronkowski,56.1,10.0,WR,28.299999999999997,6.0,0.0,0.0,0.5044563279857397,0.0,True,50.617283950617285,41.03703703703704,102.0,9.580246913580247,9.580246913580247,0.5044563279857397,0.0,41.03703703703704,1.2334536702767749,4.832816179221408,0.5044563279857397,Near Expectation
2024,14,7,163,Pop Lockett Drop it,Kirk Cousins,False,kirk cousins,Pop Lockett Drop it,218.84,14.0,QB,0.0,0.0,0.0,0.0,0.0,,True,50.0,40.476190476190474,109.0,9.523809523809526,9.523809523809526,0.0,,40.476190476190474,1.2352941176470589,0.0,0.0,Near Expectation
2022,13,11,155,Uncle Rico,Tyler Allgeier,False,tyler allgeier,Uncle Rico,68.7,10.0,RB,0.0,1.0,0.0,0.0,0.0,,True,50.588235294117645,41.17948717948718,116.0,9.408748114630463,9.408748114630463,0.0,,41.17948717948718,1.228481429931873,0.0,0.0,Near Expectation
2021,13,11,155,Pop Lockett Drop it,Baker Mayfield,False,baker mayfield,Pop Lockett Drop it,93.84,6.0,QB,79.56,5.0,79.56,5.0,0.8478260869565217,1.0,True,50.0,40.74074074074074,121.0,9.25925925925926,9.25925925925926,0.8478260869565217,1.0,40.74074074074074,1.2272727272727273,7.85024154589372,0.8478260869565217,Near Expectation
2019,9,9,105,Malle ❤️ 🐸,Larry Fitzgerald,False,larry fitzgerald,Malle ❤️ 🐸,80.9,13.0,WR,80.9,13.0,38.0,9.0,1.0,0.46971569839307786,True,61.33333333333333,52.4390243902439,155.0,8.894308943089428,8.894308943089428,1.0,0.46971569839307786,52.4390243902439,1.169612403100775,8.894308943089428,1.0,Near Expectation
2020,14,7,163,The Big Gronkowski,Boston Scott,False,boston scott,The Big Gronkowski,59.1,10.0,RB,13.1,5.0,0.0,0.0,0.22165820642978,0.0,True,48.80952380952381,40.11494252873563,108.0,8.694581280788178,8.694581280788178,0.22165820642978,0.0,40.11494252873563,1.216741711011052,1.927225292357447,0.22165820642978,Near Expectation
2021,14,5,161,Voldemort,Latavius Murray,False,latavius murray,Voldemort,66.0,14.0,RB,0.0,0.0,0.0,0.0,0.0,,True,49.42528735632184,40.74074074074074,115.0,8.684546615581098,8.684546615581098,0.0,,40.74074074074074,1.213166144200627,0.0,0.0,Near Expectation
2022,13,7,151,Big Sack Jack,Nico Collins,False,nico collins,Big Sack Jack,78.6,14.0,WR,78.6,14.0,0.0,0.0,1.0,0.0,True,50.0,41.39837398373984,116.0,8.601626016260163,8.601626016260163,1.0,0.0,41.39837398373984,1.2077769049489395,8.601626016260163,1.0,Near Expectation
2020,10,2,110,Patty Primetimes,Christian Kirk,False,christian kirk,Patty Primetimes,103.60000000000001,13.0,WR,67.0,7.0,21.6,1.0,0.6467181467181466,0.32238805970149254,True,61.25000000000001,52.65629380431736,150.0,8.59370619568265,8.59370619568265,0.6467181467181466,0.32238805970149254,52.65629380431736,1.1632037801144683,5.557705744312138,0.6467181467181466,Near Expectation
2022,9,2,98,malle_dips_pouches,Michael Carter,False,michael carter,malle_dips_pouches,91.4,14.0,RB,91.4,14.0,13.3,2.0,1.0,0.14551422319474835,True,61.1764705882353,52.87356321839081,163.0,8.30290736984449,8.30290736984449,1.0,0.14551422319474835,52.87356321839081,1.1570332480818415,8.30290736984449,1.0,Near Expectation
2018,12,9,141,Big Sack Jack,Mike Williams,False,mike williams,Big Sack Jack,56.4,7.0,WR,56.4,7.0,0.0,0.0,1.0,0.0,True,48.80952380952381,41.02564102564102,141.0,7.783882783882788,7.783882783882788,1.0,0.0,41.02564102564102,1.189732142857143,7.783882783882788,1.0,Near Expectation
2024,10,8,116,The Big Gronkowski,Matthew Stafford,False,matthew stafford,The Big Gronkowski,236.22,14.0,QB,64.86000000000001,5.0,6.64,1.0,0.27457454914909835,0.10237434474252233,True,57.14285714285714,49.411764705882355,161.0,7.731092436974784,7.731092436974784,0.27457454914909835,0.10237434474252233,49.411764705882355,1.1564625850340136,2.122761220312355,0.27457454914909835,Near Expectation
2018,10,4,112,Voldemort,Peyton Barber,False,peyton barber,Voldemort,82.0,12.0,RB,9.8,2.0,0.0,0.0,0.11951219512195123,0.0,True,56.00000000000001,48.35164835164835,151.0,7.648351648351657,7.648351648351657,0.11951219512195123,0.0,48.35164835164835,1.1581818181818184,0.9140712945591005,0.11951219512195123,Near Expectation
2019,10,10,118,malle_dips_pouches,Delanie Walker,False,delanie walker,malle_dips_pouches,33.5,12.0,TE,33.5,12.0,33.5,8.0,1.0,1.0,True,55.88235294117647,48.35164835164835,159.0,7.530704589528121,7.530704589528121,1.0,1.0,48.35164835164835,1.1557486631016043,7.530704589528121,1.0,Near Expectation
2019,12,2,134,Uncle Rico,Peyton Barber,False,peyton barber,Uncle Rico,59.7,10.0,RB,47.5,8.0,22.5,3.0,0.795644891122278,0.47368421052631576,True,47.43589743589743,40.0,151.0,7.435897435897431,7.435897435897431,0.795644891122278,0.47368421052631576,40.0,1.1858974358974357,5.916333805781037,0.795644891122278,Near Expectation
2024,8,7,91,Pop Lockett Drop it,Rico Dowdle,False,rico dowdle,Pop Lockett Drop it,132.1,14.0,RB,42.9,7.0,20.8,4.0,0.32475397426192276,0.48484848484848486,True,63.888888888888886,56.69350029815146,170.0,7.195388590737423,7.195388590737423,0.32475397426192276,0.48484848484848486,56.69350029815146,1.1269173459549477,2.3367310412008737,0.32475397426192276,Near Expectation
2018,11,1,121,Uncle Rico,Kenny Stills,False,kenny stills,Uncle Rico,68.9,13.0,WR,68.9,13.0,17.799999999999997,3.0,1.0,0.2583454281567488,True,53.57142857142857,46.42857142857143,157.0,7.142857142857139,7.142857142857139,1.0,0.2583454281567488,46.42857142857143,1.1538461538461537,7.142857142857139,1.0,Near Expectation
2023,9,9,105,Patty Primetimes,Tua Tagovailoa,False,tua tagovailoa,Patty Primetimes,209.0,11.0,QB,209.0,11.0,209.0,10.0,1.0,1.0,True,61.76470588235294,54.65116279069767,153.0,7.1135430916552735,7.1135430916552735,1.0,1.0,54.65116279069767,1.130162703379224,7.1135430916552735,1.0,Near Expectation
2017,8,3,87,Voldemort,Chris Hogan,False,chris hogan,Voldemort,75.5,13.0,WR,75.5,9.0,73.0,7.0,1.0,0.9668874172185431,True,66.66666666666666,59.62301587301587,180.0,7.043650793650784,7.043650793650784,1.0,0.9668874172185431,59.62301587301587,1.1181364392678868,7.043650793650784,1.0,Near Expectation
2022,10,3,111,Ginger FC,Devin Duvernay,False,devin duvernay,Ginger FC,86.4,13.0,WR,86.4,13.0,13.399999999999999,3.0,1.0,0.15509259259259256,True,55.81395348837209,48.79360465116279,156.0,7.020348837209305,7.020348837209305,1.0,0.15509259259259256,48.79360465116279,1.1438784629133156,7.020348837209305,1.0,Near Expectation
2023,12,1,133,Uncle Rico,Geno Smith,False,geno smith,Uncle Rico,147.14,11.0,QB,11.08,1.0,0.0,0.0,0.07530243305695257,0.0,True,47.05882352941176,40.1219512195122,152.0,6.936872309899563,6.936872309899563,0.07530243305695257,0.0,40.1219512195122,1.1728946897908097,0.5223633627408398,0.07530243305695257,Near Expectation
2021,9,10,106,ThreatLevelMidnight,Jakobi Meyers,False,jakobi meyers,ThreatLevelMidnight,97.4,13.0,WR,85.10000000000001,10.0,0.0,0.0,0.8737166324435318,0.0,True,59.30232558139535,52.46951219512195,152.0,6.832813386273401,6.832813386273401,0.8737166324435318,0.0,52.46951219512195,1.1302244503601206,5.969942701969881,0.8737166324435318,Near Expectation
2019,9,3,99,malle_dips_pouches,LeSean McCoy,False,lesean mccoy,malle_dips_pouches,84.7,13.0,RB,63.1,8.0,39.5,4.0,0.7449822904368358,0.6259904912836767,True,58.97435897435898,52.38095238095239,162.0,6.593406593406591,6.593406593406591,0.7449822904368358,0.6259904912836767,52.38095238095239,1.1258741258741258,4.911971145737377,0.7449822904368358,Near Expectation
2021,9,7,103,Big Sack Jack,Marquez Callaway,False,marquez callaway,Big Sack Jack,95.3,14.0,WR,95.3,14.0,15.4,4.0,1.0,0.161594963273872,True,58.139534883720934,51.85185185185185,155.0,6.287683031869086,6.287683031869086,1.0,0.161594963273872,51.85185185185185,1.121262458471761,6.287683031869086,1.0,Near Expectation
2024,13,12,156,Malle ❤️ 🐸,Jaleel McLaughlin,False,jaleel mclaughlin,Malle ❤️ 🐸,65.9,14.0,RB,36.4,7.0,31.2,5.0,0.5523520485584218,0.8571428571428572,True,47.22222222222222,41.02564102564102,117.0,6.196581196581199,6.196581196581199,0.5523520485584218,0.8571428571428572,41.02564102564102,1.1510416666666667,3.422694317990222,0.5523520485584218,Near Expectation
2023,11,3,123,Ginger FC,Ezekiel Elliott,False,ezekiel elliott,Ginger FC,80.0,10.0,RB,0.0,0.0,0.0,0.0,0.0,,True,57.3170731707317,51.162790697674424,153.0,6.154282473057279,6.154282473057279,0.0,,51.162790697674424,1.1202882483370287,0.0,0.0,Near Expectation
2020,15,10,178,malle_dips_pouches,Derek Carr,False,derek carr,malle_dips_pouches,134.22,7.0,QB,118.08000000000001,5.0,55.42,2.0,0.8797496647295486,0.46934281842818426,True,46.875,40.74074074074074,51.0,6.1342592592592595,6.1342592592592595,0.8797496647295486,0.46934281842818426,40.74074074074074,1.1505681818181819,5.396612526697463,0.8797496647295486,Near Expectation
2020,10,9,117,Uncle Rico,Jamison Crowder,False,jamison crowder,Uncle Rico,100.3,13.0,WR,100.3,13.0,8.3,1.0,1.0,0.0827517447657029,True,58.75,52.6272577996716,156.0,6.122742200328403,6.122742200328403,1.0,0.0827517447657029,52.6272577996716,1.1163416536661466,6.122742200328403,1.0,Near Expectation
2025,14,12,168,Joe Mantegna,Trevor Lawrence,False,trevor lawrence,Joe Mantegna,115.72,5.0,QB,40.56,2.0,0.0,0.0,0.3505012098167992,0.0,True,46.666666666666664,40.74074074074074,101.0,5.925925925925924,5.925925925925924,0.3505012098167992,0.0,40.74074074074074,1.1454545454545455,2.0770442063217724,0.3505012098167992,Near Expectation
2019,9,1,97,Pop Lockett Drop it,Tyrell Williams,False,tyrell williams,Pop Lockett Drop it,78.9,13.0,WR,78.9,13.0,9.6,1.0,1.0,0.12167300380228135,True,58.666666666666664,52.81040798282178,164.0,5.856258683844885,5.856258683844885,1.0,0.12167300380228135,52.81040798282178,1.1108921310691222,5.856258683844885,1.0,Near Expectation
2025,8,3,87,malle_dips_pouches,Jakobi Meyers,False,jakobi meyers,malle_dips_pouches,110.3,14.0,WR,33.7,3.0,9.8,1.0,0.30553037171350866,0.29080118694362017,True,65.85365853658537,60.0,177.0,5.853658536585371,5.853658536585371,0.30553037171350866,0.29080118694362017,60.0,1.0975609756097562,1.7884704685668815,0.30553037171350866,Near Expectation
2019,8,6,90,ThreatLevelMidnight,Jared Goff,False,jared goff,ThreatLevelMidnight,206.56,12.0,QB,159.28,8.0,110.7,6.0,0.7711076684740511,0.6950025113008539,True,61.76470588235294,55.952380952380956,173.0,5.812324929971986,5.812324929971986,0.7711076684740511,0.6950025113008539,55.952380952380956,1.1038798498122653,4.481928325164301,0.7711076684740511,Near Expectation
2017,11,7,127,Ginger FC,Jack Doyle,False,jack doyle,Ginger FC,32.5,8.0,TE,14.3,4.0,0.0,0.0,0.44,0.0,True,51.515151515151516,45.81678956324447,158.0,5.698361951907046,5.698361951907046,0.44,0.0,45.81678956324447,1.1243727901109517,2.5072792588391004,0.44,Near Expectation
2018,13,1,145,Uncle Rico,Blake Bortles,False,blake bortles,Uncle Rico,201.38,13.0,QB,201.38,13.0,1.44,1.0,1.0,0.007150660442943688,True,46.666666666666664,41.02564102564102,135.0,5.641025641025642,5.641025641025642,1.0,0.007150660442943688,41.02564102564102,1.1375,5.641025641025642,1.0,Near Expectation
2018,8,11,95,Post Mahomes,Sammy Watkins,False,sammy watkins,Post Mahomes,75.1,13.0,WR,75.1,13.0,30.799999999999997,3.0,1.0,0.41011984021304926,True,59.523809523809526,54.054054054054056,165.0,5.469755469755469,5.469755469755469,1.0,0.41011984021304926,54.054054054054056,1.1011904761904763,5.469755469755469,1.0,Near Expectation
2018,15,8,176,ThreatLevelMidnight,Chris Godwin Jr.,False,chris godwin,ThreatLevelMidnight,54.6,8.0,WR,35.3,4.0,0.0,0.0,0.6465201465201464,0.0,True,46.42857142857143,41.17647058823529,57.0,5.252100840336141,5.252100840336141,0.6465201465201464,0.0,41.17647058823529,1.1275510204081634,3.395589004832706,0.6465201465201464,Near Expectation
2024,8,12,96,Ginger FC,Dallas Goedert,False,dallas goedert,Ginger FC,75.1,13.0,TE,65.6,10.0,54.599999999999994,7.0,0.8735019973368842,0.8323170731707317,True,60.0,54.77235772357724,164.0,5.227642276422763,5.227642276422763,0.8735019973368842,0.8323170731707317,54.77235772357724,1.0954430755529168,4.566355969818019,0.8735019973368842,Near Expectation
2022,8,2,86,Uncle Rico,Cordarrelle Patterson,False,cordarrelle patterson,Uncle Rico,102.6,14.0,RB,102.6,14.0,75.5,7.0,1.0,0.7358674463937622,True,64.70588235294117,59.523809523809526,181.0,5.1820728291316485,5.1820728291316485,1.0,0.7358674463937622,59.523809523809526,1.0870588235294116,5.1820728291316485,1.0,Near Expectation
2020,13,8,152,Voldemort,Duke Johnson,False,duke johnson,Voldemort,48.800000000000004,10.0,RB,32.1,4.0,25.9,3.0,0.6577868852459016,0.806853582554517,True,45.23809523809524,40.23809523809524,118.0,5.0,5.0,0.6577868852459016,0.806853582554517,40.23809523809524,1.1242603550295858,3.288934426229508,0.6577868852459016,Near Expectation
2022,14,6,162,Big Sack Jack,Hunter Henry,False,hunter henry,Big Sack Jack,39.5,9.0,TE,39.5,9.0,9.1,2.0,1.0,0.23037974683544302,True,45.16129032258064,40.476190476190474,109.0,4.685099846390166,4.685099846390166,1.0,0.23037974683544302,40.476190476190474,1.1157495256166983,4.685099846390166,1.0,Near Expectation
2022,10,2,110,Uncle Rico,George Pickens,False,george pickens,Uncle Rico,82.8,12.0,WR,3.5999999999999996,2.0,0.0,0.0,0.043478260869565216,0.0,True,54.65116279069767,50.04360465116278,152.0,4.607558139534888,4.607558139534888,0.043478260869565216,0.0,50.04360465116278,1.092070868428696,0.20032861476238642,0.043478260869565216,Near Expectation
2022,8,3,87,Ginger FC,Kareem Hunt,False,kareem hunt,Ginger FC,97.7,14.0,RB,97.7,14.0,39.4,4.0,1.0,0.4032753326509723,True,63.52941176470588,59.25925925925925,179.0,4.2701525054466245,4.2701525054466245,1.0,0.4032753326509723,59.25925925925925,1.0720588235294117,4.2701525054466245,1.0,Near Expectation
2019,9,4,100,Voldemort,Royce Freeman,False,royce freeman,Voldemort,77.3,13.0,RB,77.3,13.0,6.7,1.0,1.0,0.08667529107373868,True,56.41025641025641,52.38095238095239,161.0,4.029304029304022,4.029304029304022,1.0,0.08667529107373868,52.38095238095239,1.0769230769230769,4.029304029304022,1.0,Near Expectation
2018,9,3,99,Malle ❤️ 🐸,Alshon Jeffery,False,alshon jeffery,Malle ❤️ 🐸,73.2,13.0,WR,73.2,13.0,48.4,6.0,1.0,0.6612021857923497,True,57.14285714285714,53.125,159.0,4.017857142857139,4.017857142857139,1.0,0.6612021857923497,53.125,1.0756302521008403,4.017857142857139,1.0,Near Expectation
2020,12,8,140,Malle ❤️ 🐸,Preston Williams,False,preston williams,Malle ❤️ 🐸,65.8,13.0,WR,65.8,13.0,45.400000000000006,4.0,1.0,0.689969604863222,True,45.0,41.46341463414634,137.0,3.536585365853661,3.536585365853661,1.0,0.689969604863222,41.46341463414634,1.085294117647059,3.536585365853661,1.0,Near Expectation
2025,8,12,96,Joe Mantegna,Jauan Jennings,False,jauan jennings,Joe Mantegna,96.3,14.0,WR,58.2,7.0,21.200000000000003,3.0,0.604361370716511,0.36426116838487976,True,58.536585365853654,55.12820512820513,167.0,3.4083802376485224,3.4083802376485224,0.604361370716511,0.36426116838487976,55.12820512820513,1.0618264322178104,2.0598933523483285,0.604361370716511,Near Expectation
2022,9,1,97,Post Mahomes,Drake London,False,drake london,Post Mahomes,100.8,14.0,WR,100.8,14.0,9.6,3.0,1.0,0.09523809523809523,True,56.97674418604651,53.61918604651163,164.0,3.3575581395348806,3.3575581395348806,1.0,0.09523809523809523,53.61918604651163,1.0626185958254268,3.3575581395348806,1.0,Near Expectation
2023,13,5,149,Joe Mantegna,Tyler Boyd,False,tyler boyd,Joe Mantegna,55.9,9.0,WR,16.6,3.0,0.0,0.0,0.29695885509839004,0.0,True,42.857142857142854,40.0,123.0,2.857142857142854,2.857142857142854,0.29695885509839004,0.0,40.0,1.0714285714285714,0.8484538717096849,0.29695885509839004,Near Expectation
2021,14,4,160,Post Mahomes,Devontae Booker,False,devontae booker,Post Mahomes,46.7,8.0,RB,3.4000000000000004,2.0,0.0,0.0,0.07280513918629551,0.0,True,42.5287356321839,39.78021978021978,114.0,2.7485158519641217,2.7485158519641217,0.07280513918629551,0.0,39.78021978021978,1.069092525560424,0.20010607915798748,0.07280513918629551,Near Expectation
2019,14,7,163,Ginger FC,Hollywood Brown,False,hollywood brown,Ginger FC,61.3,12.0,WR,0.0,0.0,0.0,0.0,0.0,,True,42.66666666666667,40.353037766830866,108.0,2.3136288998358054,2.3136288998358054,0.0,,40.353037766830866,1.0573346897253308,0.0,0.0,Near Expectation
2022,13,3,147,The Big Gronkowski,Isaiah McKenzie,False,isaiah mckenzie,The Big Gronkowski,65.7,11.0,WR,61.4,10.0,7.5,1.0,0.9345509893455098,0.12214983713355049,True,43.02325581395349,40.75091575091575,122.0,2.2723400630377384,2.2723400630377384,0.9345509893455098,0.12214983713355049,40.75091575091575,1.0557616932322968,2.1236176540413565,0.9345509893455098,Near Expectation
2019,9,11,107,Uncle Rico,Matt Breida,False,matt breida,Uncle Rico,77.2,13.0,RB,77.2,13.0,18.6,4.0,1.0,0.24093264248704666,True,55.12820512820513,52.99928160919541,152.0,2.1289235190097244,2.1289235190097244,1.0,0.24093264248704666,52.99928160919541,1.0401689127544769,2.1289235190097244,1.0,Near Expectation
2020,10,7,115,The Big Gronkowski,Darius Slayton,False,darius slayton,The Big Gronkowski,93.3,12.0,WR,93.3,12.0,9.6,3.0,1.0,0.10289389067524116,True,52.5,50.46345811051694,154.0,2.036541889483061,2.036541889483061,1.0,0.10289389067524116,50.46345811051694,1.0403567643942069,2.036541889483061,1.0,Near Expectation
2017,9,4,100,Joe Mantegna,Randall Cobb,False,randall cobb,Joe Mantegna,60.2,13.0,WR,60.2,13.0,0.0,0.0,1.0,0.0,True,54.32098765432099,52.38095238095239,165.0,1.9400352733686006,1.9400352733686006,1.0,0.0,52.38095238095239,1.037037037037037,1.9400352733686006,1.0,Near Expectation
2018,13,7,151,Joe Mantegna,Keelan Cole Sr.,False,keelan cole,Joe Mantegna,41.1,13.0,WR,41.1,13.0,16.5,6.0,1.0,0.40145985401459855,True,42.857142857142854,41.46341463414634,115.0,1.3937282229965149,1.3937282229965149,1.0,0.40145985401459855,41.46341463414634,1.0336134453781511,1.3937282229965149,1.0,Near Expectation
2017,13,6,150,Malle ❤️ 🐸,Antonio Gates,False,antonio gates,Malle ❤️ 🐸,23.9,13.0,TE,23.9,13.0,2.5,1.0,1.0,0.10460251046025106,True,42.42424242424242,41.17948717948718,116.0,1.2447552447552397,1.2447552447552397,1.0,0.10460251046025106,41.17948717948718,1.0302275557568208,1.2447552447552397,1.0,Near Expectation
2018,15,7,175,Joe Mantegna,Giovani Bernard,False,giovani bernard,Joe Mantegna,50.6,9.0,RB,41.3,6.0,36.2,2.0,0.8162055335968379,0.8765133171912834,True,44.0,42.93827160493827,62.0,1.0617283950617278,1.0617283950617278,0.8162055335968379,0.8765133171912834,42.93827160493827,1.0247268545140886,0.8665885912262719,0.8162055335968379,Near Expectation
2023,14,4,160,Patty Primetimes,Jameson Williams,False,jameson williams,Patty Primetimes,46.3,12.0,WR,0.0,2.0,0.0,0.0,0.0,,True,39.56043956043956,38.919965576592084,110.0,0.6404739838474782,0.6404739838474782,0.0,,38.919965576592084,1.0164561806352852,0.0,0.0,Near Expectation
2025,9,1,97,Joe Mantegna,Jacory Croskey-Merritt,False,jacory croskey merritt,Joe Mantegna,86.3,14.0,RB,30.7,7.0,14.5,4.0,0.35573580533024335,0.4723127035830619,True,54.054054054054056,53.61918604651163,166.0,0.43486800754242694,0.43486800754242694,0.35573580533024335,0.4723127035830619,53.61918604651163,1.0081103060230194,0.15469812087546359,0.35573580533024335,Near Expectation
2021,10,1,109,The Big Gronkowski,Nyheim Miller-Hines,False,nyheim miller hines,The Big Gronkowski,76.3,13.0,RB,69.2,12.0,0.0,0.0,0.90694626474443,0.0,True,52.87356321839081,52.4390243902439,149.0,0.4345388281469056,0.4345388281469056,0.90694626474443,0.0,52.4390243902439,1.0082865543972201,0.3941033670742578,0.90694626474443,Near Expectation
2023,8,1,85,Uncle Rico,AJ Dillon,False,aj dillon,Uncle Rico,96.7,14.0,RB,4.6,1.0,0.0,0.0,0.04756980351602895,0.0,True,62.19512195121951,61.76470588235294,184.0,0.43041606886657036,0.43041606886657036,0.04756980351602895,0.0,61.76470588235294,1.0069686411149825,0.020474807826124337,0.04756980351602895,Near Expectation
2024,8,4,88,Uncle Rico,Austin Ekeler,False,austin ekeler,Uncle Rico,110.6,13.0,RB,15.8,1.0,0.0,0.0,0.14285714285714288,0.0,True,59.72222222222222,59.523809523809526,177.0,0.19841269841269593,0.19841269841269593,0.14285714285714288,0.0,59.523809523809526,1.0033333333333332,0.02834467120181371,0.14285714285714288,Near Expectation
2020,9,6,102,The Big Gronkowski,Drew Brees,False,drew brees,The Big Gronkowski,200.94,13.0,QB,200.94,13.0,129.12,6.0,1.0,0.6425798745894297,True,53.125,52.94117647058824,153.0,0.18382352941176094,0.18382352941176094,1.0,0.6425798745894297,52.94117647058824,1.003472222222222,0.18382352941176094,1.0,Near Expectation
2022,14,4,160,Malle ❤️ 🐸,J.D. McKissic,False,jd mckissic,Malle ❤️ 🐸,42.300000000000004,14.0,RB,42.300000000000004,14.0,6.3,1.0,1.0,0.14893617021276595,True,40.0,40.01831501831502,108.0,-0.018315018315021803,-0.018315018315021803,1.0,0.14893617021276595,40.01831501831502,0.9995423340961097,-0.018315018315021803,1.0,Near Expectation
2018,8,5,89,ThreatLevelMidnight,Will Fuller V,False,will fuller,ThreatLevelMidnight,74.3,8.0,WR,74.3,8.0,50.2,5.0,1.0,0.6756393001345896,True,58.333333333333336,58.4349593495935,174.0,-0.10162601626016254,-0.10162601626016254,1.0,0.6756393001345896,58.4349593495935,0.9982608695652174,-0.10162601626016254,1.0,Near Expectation
2019,12,1,133,Big Sack Jack,Mohamed Sanu,False,mohamed sanu,Big Sack Jack,55.2,11.0,WR,55.2,11.0,0.3,1.0,1.0,0.005434782608695652,True,40.0,40.1219512195122,152.0,-0.1219512195121979,-0.1219512195121979,1.0,0.005434782608695652,40.1219512195122,0.9969604863221884,-0.1219512195121979,1.0,Near Expectation
2024,12,1,133,Malle ❤️ 🐸,Tyler Lockett,False,tyler lockett,Malle ❤️ 🐸,83.6,14.0,WR,34.0,7.0,23.3,5.0,0.40669856459330145,0.6852941176470588,True,40.74074074074074,41.02564102564102,153.0,-0.2849002849002815,-0.2849002849002815,0.40669856459330145,0.6852941176470588,41.02564102564102,0.9930555555555557,-0.11586853692116712,0.40669856459330145,Near Expectation
2024,9,6,102,Pop Lockett Drop it,Rome Odunze,False,rome odunze,Pop Lockett Drop it,100.5,14.0,WR,34.7,7.0,6.5,1.0,0.34527363184079607,0.18731988472622477,True,51.85185185185185,52.38095238095239,154.0,-0.5291005291005391,-0.5291005291005391,0.34527363184079607,0.18731988472622477,52.38095238095239,0.9898989898989897,-0.18268446129142993,0.34527363184079607,Near Expectation
2018,8,1,85,The Big Gronkowski,David Njoku,False,david njoku,The Big Gronkowski,61.9,13.0,TE,61.9,13.0,61.9,12.0,1.0,1.0,True,59.25925925925925,59.861111111111114,182.0,-0.6018518518518619,-0.6018518518518619,1.0,1.0,59.861111111111114,0.9899458623356534,-0.6018518518518619,1.0,Near Expectation
2018,14,1,157,The Big Gronkowski,Corey Clement,False,corey clement,The Big Gronkowski,47.6,8.0,RB,40.2,7.0,10.2,3.0,0.8445378151260504,0.25373134328358204,True,41.333333333333336,41.94382852919438,106.0,-0.6104951958610414,-0.6104951958610414,0.8445378151260504,0.25373134328358204,41.94382852919438,0.9854449339207051,-0.5155862788574341,0.8445378151260504,Near Expectation
2021,8,12,96,Uncle Rico,Antonio Brown,False,antonio brown,Uncle Rico,80.9,14.0,WR,80.9,14.0,49.9,3.0,1.0,0.6168108776266996,True,53.48837209302325,54.187520854187525,168.0,-0.6991487611642739,-0.6991487611642739,1.0,0.6168108776266996,54.187520854187525,0.9870976056822086,-0.6991487611642739,1.0,Near Expectation
2018,13,6,150,Ginger FC,DJ Moore,False,dj moore,Ginger FC,33.5,6.0,WR,28.700000000000003,5.0,16.3,2.0,0.8567164179104478,0.5679442508710801,True,39.285714285714285,40.0,116.0,-0.7142857142857153,-0.7142857142857153,0.8567164179104478,0.5679442508710801,40.0,0.9821428571428571,-0.6119402985074636,0.8567164179104478,Near Expectation
2021,11,6,126,Ginger FC,Jarvis Landry,False,jarvis landry,Ginger FC,69.89999999999999,13.0,WR,18.299999999999997,6.0,0.0,0.0,0.26180257510729615,0.0,True,46.51162790697674,47.25274725274725,157.0,-0.7411193457705068,-0.7411193457705068,0.26180257510729615,0.0,47.25274725274725,0.9843158464034614,-0.1940269531845533,0.26180257510729615,Near Expectation
2022,12,7,139,Pop Lockett Drop it,Romeo Doubs,False,romeo doubs,Pop Lockett Drop it,64.0,10.0,WR,64.0,10.0,4.4,1.0,1.0,0.06875,True,41.86046511627907,42.640692640692635,138.0,-0.7802275244135615,-0.7802275244135615,1.0,0.06875,42.640692640692635,0.9817022783614687,-0.7802275244135615,1.0,Near Expectation
2019,12,12,144,Pop Lockett Drop it,Chris Thompson,False,chris thompson,Pop Lockett Drop it,38.4,13.0,RB,38.4,13.0,11.8,3.0,1.0,0.3072916666666667,True,41.02564102564102,41.86046511627907,133.0,-0.8348240906380511,-0.8348240906380511,1.0,0.3072916666666667,41.86046511627907,0.9800569800569799,-0.8348240906380511,1.0,Near Expectation
2025,13,8,152,Ginger FC,Marvin Mims Jr.,False,marvin mims,Ginger FC,59.9,14.0,WR,47.3,9.0,0.0,0.0,0.7896494156928213,0.0,True,41.46341463414634,42.42424242424242,119.0,-0.9608277900960829,-0.9608277900960829,0.7896494156928213,0.0,42.42424242424242,0.9773519163763066,-0.7587171030307966,0.7896494156928213,Near Expectation
2018,13,11,155,Pop Lockett Drop it,Danny Amendola,False,danny amendola,Pop Lockett Drop it,34.2,10.0,WR,21.0,6.0,0.0,0.0,0.6140350877192982,0.0,True,40.476190476190474,41.46341463414634,111.0,-0.9872241579558647,-0.9872241579558647,0.6140350877192982,0.0,41.46341463414634,0.9761904761904762,-0.6061902724290397,0.6140350877192982,Near Expectation
2018,14,10,166,Malle ❤️ 🐸,Ricky Seals-Jones,False,ricky seals jones,Malle ❤️ 🐸,34.7,13.0,TE,34.7,13.0,9.3,4.0,1.0,0.2680115273775216,True,40.74074074074074,41.8526031102096,96.0,-1.1118623694688594,-1.1118623694688594,1.0,0.2680115273775216,41.8526031102096,0.9734338538861964,-1.1118623694688594,1.0,Near Expectation
2017,15,5,173,malle_dips_pouches,Allen Hurns,False,allen hurns,malle_dips_pouches,46.5,8.0,WR,46.5,8.0,6.300000000000001,2.0,1.0,0.13548387096774195,True,43.20987654320987,44.58064516129032,70.0,-1.3707686180804473,-1.3707686180804473,1.0,0.13548387096774195,44.58064516129032,0.9692519340372693,-1.3707686180804473,1.0,Near Expectation
2018,9,11,107,Pop Lockett Drop it,Nelson Agholor,False,nelson agholor,Pop Lockett Drop it,62.1,13.0,WR,62.1,13.0,17.4,2.0,1.0,0.2801932367149758,True,52.38095238095239,54.48607522250933,146.0,-2.105122841556941,-2.105122841556941,1.0,0.2801932367149758,54.48607522250933,0.9613640213034234,-2.105122841556941,1.0,Near Expectation
2023,9,8,104,Pop Lockett Drop it,Tyler Allgeier,False,tyler allgeier,Pop Lockett Drop it,77.5,13.0,RB,70.9,11.0,9.1,2.0,0.9148387096774194,0.12834978843441466,True,52.4390243902439,54.65116279069767,153.0,-2.2121384004537674,-2.2121384004537674,0.9148387096774194,0.12834978843441466,54.65116279069767,0.9595225739491439,-2.0237498398989953,0.9148387096774194,Near Expectation
2022,8,7,91,Pop Lockett Drop it,Melvin Gordon III,False,melvin gordon,Pop Lockett Drop it,74.6,11.0,RB,74.6,11.0,51.1,6.0,1.0,0.6849865951742629,True,52.94117647058824,55.41521486643438,172.0,-2.4740383958461436,-2.4740383958461436,1.0,0.6849865951742629,55.41521486643438,0.9553545285025197,-2.4740383958461436,1.0,Near Expectation
2021,10,2,110,Pop Lockett Drop it,Henry Ruggs III,False,henry ruggs,Pop Lockett Drop it,72.5,10.0,WR,72.5,10.0,5.1,1.0,1.0,0.07034482758620689,True,48.837209302325576,51.550925925925924,150.0,-2.713716623600348,-2.713716623600348,1.0,0.07034482758620689,51.550925925925924,0.9473585280020049,-2.713716623600348,1.0,Near Expectation
2021,15,6,174,Ginger FC,Jameis Winston,False,jameis winston,Ginger FC,68.84,3.0,QB,49.959999999999994,2.0,0.0,0.0,0.7257408483439859,0.0,True,41.17647058823529,44.0,71.0,-2.82352941176471,-2.82352941176471,0.7257408483439859,0.0,44.0,0.9358288770053474,-2.0491506306183163,0.7257408483439859,Near Expectation
2017,13,7,151,Ginger FC,Jacquizz Rodgers,False,jacquizz rodgers,Ginger FC,26.5,5.0,RB,26.5,5.0,13.8,3.0,1.0,0.5207547169811321,True,38.55421686746988,41.46341463414634,115.0,-2.9091977666764564,-2.9091977666764564,1.0,0.5207547169811321,41.46341463414634,0.9298369950389795,-2.9091977666764564,1.0,Near Expectation
2024,12,4,136,Uncle Rico,Romeo Doubs,False,romeo doubs,Uncle Rico,77.3,13.0,WR,4.8,1.0,0.0,0.0,0.062095730918499355,0.0,True,39.50617283950617,42.44186046511628,144.0,-2.9356876256101074,-2.9356876256101074,0.062095730918499355,0.0,42.44186046511628,0.9308303737527481,-0.1822936688606535,0.062095730918499355,Near Expectation
2018,9,1,97,Uncle Rico,Duke Johnson,False,duke johnson,Uncle Rico,71.3,13.0,RB,71.3,13.0,0.0,0.0,1.0,0.0,True,50.66666666666667,53.61918604651163,162.0,-2.952519379844958,-2.952519379844958,1.0,0.0,53.61918604651163,0.9449353935122436,-2.952519379844958,1.0,Near Expectation
2017,8,8,92,malle_dips_pouches,Derek Carr,False,derek carr,malle_dips_pouches,204.74,13.0,QB,204.74,13.0,204.74,11.0,1.0,1.0,True,51.85185185185185,54.87804878048781,173.0,-3.0261969286359616,-3.0261969286359616,1.0,1.0,54.87804878048781,0.9448559670781892,-3.0261969286359616,1.0,Near Expectation
2019,14,6,162,ThreatLevelMidnight,Nyheim Miller-Hines,False,nyheim miller hines,ThreatLevelMidnight,36.0,7.0,RB,0.0,0.0,0.0,0.0,0.0,,True,37.17948717948718,40.23809523809524,108.0,-3.0586080586080584,-3.0586080586080584,0.0,,40.23809523809524,0.9239872553482021,-0.0,0.0,Near Expectation
2023,10,6,114,malle_dips_pouches,Michael Thomas,False,michael thomas,malle_dips_pouches,70.3,14.0,WR,70.3,14.0,61.5,8.0,1.0,0.8748221906116643,True,47.25274725274725,50.330882352941174,150.0,-3.0781351001939257,-3.0781351001939257,1.0,0.8748221906116643,50.330882352941174,0.938842019923101,-3.0781351001939257,1.0,Near Expectation
2025,10,4,112,Buttermilk Puuump,Nick Chubb,False,nick chubb,Buttermilk Puuump,77.0,14.0,RB,35.8,5.0,7.2,1.0,0.4649350649350649,0.2011173184357542,True,45.94594594594595,49.12448700410397,154.0,-3.178541058158018,-3.178541058158018,0.4649350649350649,0.2011173184357542,49.12448700410397,0.9352961984540933,-1.477815193273468,0.4649350649350649,Near Expectation
2022,9,12,108,Joe Mantegna,Darrell Henderson Jr.,False,darrell henderson,Joe Mantegna,65.0,13.0,RB,65.0,13.0,44.8,7.0,1.0,0.6892307692307692,True,49.411764705882355,52.87356321839081,151.0,-3.4617985125084516,-3.4617985125084516,1.0,0.6892307692307692,52.87356321839081,0.9345268542199489,-3.4617985125084516,1.0,Near Expectation
2020,11,4,124,Uncle Rico,Cam Newton,False,cam newton,Uncle Rico,127.42,9.0,QB,100.26,7.0,0.0,0.0,0.7868466488777273,0.0,True,43.75,47.25274725274725,157.0,-3.5027472527472483,-3.5027472527472483,0.7868466488777273,0.0,47.25274725274725,0.9258720930232559,-2.756124937689838,0.7868466488777273,Near Expectation
2021,15,7,175,Big Sack Jack,Rhamondre Stevenson,False,rhamondre stevenson,Big Sack Jack,45.8,4.0,RB,0.0,0.0,0.0,0.0,0.0,,True,40.229885057471265,44.0,67.0,-3.7701149425287355,-3.7701149425287355,0.0,,44.0,0.9143155694879833,-0.0,0.0,Near Expectation
2023,13,2,146,Post Mahomes,Roschon Johnson,False,roschon johnson,Post Mahomes,36.1,9.0,RB,36.1,9.0,0.0,0.0,1.0,0.0,True,36.58536585365854,40.476190476190474,129.0,-3.8908246225319374,-3.8908246225319374,1.0,0.0,40.476190476190474,0.9038737446197992,-3.8908246225319374,1.0,Near Expectation
2021,12,12,144,Uncle Rico,Trevor Lawrence,False,trevor lawrence,Uncle Rico,68.12,4.0,QB,68.12,4.0,0.0,0.0,1.0,0.0,True,38.23529411764706,42.14235377026075,136.0,-3.9070596526136896,-3.9070596526136896,1.0,0.0,42.14235377026075,0.9072890025575447,-3.9070596526136896,1.0,Near Expectation
2024,11,12,132,Malle ❤️ 🐸,Rashid Shaheed,False,rashid shaheed,Malle ❤️ 🐸,69.8,14.0,WR,31.400000000000002,7.0,16.6,1.0,0.44985673352435535,0.5286624203821656,True,37.03703703703704,41.02564102564102,155.0,-3.988603988603984,-3.988603988603984,0.44985673352435535,0.5286624203821656,41.02564102564102,0.9027777777777779,-1.7943003616356032,0.44985673352435535,Near Expectation
2025,13,12,156,Malle ❤️ 🐸,Tyjae Spears,False,tyjae spears,Malle ❤️ 🐸,41.7,9.0,RB,4.5,1.0,0.0,0.0,0.1079136690647482,0.0,True,37.83783783783784,41.878787878787875,116.0,-4.040950040950037,-4.040950040950037,0.1079136690647482,0.0,41.878787878787875,0.903508428834044,-0.4360737454262629,0.1079136690647482,Near Expectation
2021,9,8,104,Voldemort,Zack Moss,False,zack moss,Voldemort,65.7,9.0,RB,0.0,0.0,0.0,0.0,0.0,,True,48.275862068965516,52.46951219512195,154.0,-4.1936501261564345,-4.1936501261564345,0.0,,52.46951219512195,0.920074535654892,-0.0,0.0,Near Expectation
2017,13,10,154,Voldemort,Tyrod Taylor,False,tyrod taylor,Voldemort,152.2,10.0,QB,23.76,1.0,0.0,0.0,0.1561103810775296,0.0,True,37.03703703703704,41.46341463414634,109.0,-4.426377597109301,-4.426377597109301,0.1561103810775296,0.0,41.46341463414634,0.8932461873638345,-0.6910034934777727,0.1561103810775296,Near Expectation
2018,13,12,156,The Big Gronkowski,Tyrell Williams,False,tyrell williams,The Big Gronkowski,31.7,9.0,WR,15.2,3.0,0.0,0.0,0.4794952681388012,0.0,True,36.904761904761905,41.46341463414634,111.0,-4.558652729384434,-4.558652729384434,0.4794952681388012,0.0,41.46341463414634,0.8900560224089636,-2.185852412827867,0.4794952681388012,Near Expectation
2020,9,10,106,malle_dips_pouches,Jerry Jeudy,False,jerry jeudy,malle_dips_pouches,90.4,13.0,WR,90.4,13.0,8.8,1.0,1.0,0.09734513274336283,True,51.24999999999999,55.88235294117647,151.0,-4.632352941176478,-4.632352941176478,1.0,0.09734513274336283,55.88235294117647,0.9171052631578946,-4.632352941176478,1.0,Near Expectation
2020,12,4,136,ThreatLevelMidnight,Mike Williams,False,mike williams,ThreatLevelMidnight,53.2,9.0,WR,11.3,2.0,0.0,0.0,0.212406015037594,0.0,True,35.0,40.0,144.0,-5.0,-5.0,0.212406015037594,0.0,40.0,0.875,-1.0620300751879699,0.212406015037594,Near Expectation
2021,9,3,99,Patty Primetimes,Kenyan Drake,False,kenyan drake,Patty Primetimes,63.2,12.0,RB,26.0,5.0,7.2,1.0,0.4113924050632911,0.27692307692307694,True,47.12643678160919,52.40998838559814,164.0,-5.283551603988947,-5.283551603988947,0.4113924050632911,0.27692307692307694,52.40998838559814,0.8991880790906486,-2.1736130016410224,0.4113924050632911,Near Expectation
2018,9,4,100,Big Sack Jack,Jordy Nelson,False,jordy nelson,Big Sack Jack,55.300000000000004,11.0,WR,55.300000000000004,11.0,0.0,0.0,1.0,0.0,True,47.61904761904761,52.90736984448952,158.0,-5.2883222254419096,-5.2883222254419096,1.0,0.0,52.90736984448952,0.9000456412596987,-5.2883222254419096,1.0,Near Expectation
2022,9,6,102,Pop Lockett Drop it,Rondale Moore,False,rondale moore,Pop Lockett Drop it,67.4,14.0,WR,67.4,14.0,27.8,4.0,1.0,0.4124629080118694,True,46.51162790697674,51.85185185185185,153.0,-5.340223944875106,-5.340223944875106,1.0,0.4124629080118694,51.85185185185185,0.8970099667774086,-5.340223944875106,1.0,Near Expectation
2020,8,6,90,Joe Mantegna,Zack Moss,False,zack moss,Joe Mantegna,67.4,13.0,RB,67.4,13.0,44.300000000000004,4.0,1.0,0.6572700296735905,True,52.38095238095239,57.73809523809524,174.0,-5.357142857142854,-5.357142857142854,1.0,0.6572700296735905,57.73809523809524,0.9072164948453609,-5.357142857142854,1.0,Near Expectation
2022,12,3,135,Ginger FC,DJ Chark,False,dj chark,Ginger FC,37.699999999999996,6.0,WR,19.299999999999997,5.0,0.0,1.0,0.5119363395225464,0.0,True,34.883720930232556,40.37037037037037,146.0,-5.4866494401378105,-5.4866494401378105,0.5119363395225464,0.0,40.37037037037037,0.8640921698314488,-2.808815230627579,0.5119363395225464,Near Expectation
2023,8,7,91,Buttermilk Puuump,Jerry Jeudy,False,jerry jeudy,Buttermilk Puuump,77.7,14.0,WR,77.7,14.0,24.8,4.0,1.0,0.31917631917631917,True,52.74725274725275,58.236434108527135,172.0,-5.489181361274383,-5.489181361274383,1.0,0.31917631917631917,58.236434108527135,0.9057431752939241,-5.489181361274383,1.0,Near Expectation
2020,10,1,109,Pop Lockett Drop it,Emmanuel Sanders,False,emmanuel sanders,Pop Lockett Drop it,84.1,13.0,WR,84.1,13.0,2.3,1.0,1.0,0.027348394768133173,True,48.75,54.32098765432099,149.0,-5.570987654320987,-5.570987654320987,1.0,0.027348394768133173,54.32098765432099,0.8974431818181818,-5.570987654320987,1.0,Near Expectation
2025,9,3,99,ThreatLevelMidnight,Rhamondre Stevenson,False,rhamondre stevenson,ThreatLevelMidnight,77.8,14.0,RB,18.9,6.0,0.0,0.0,0.2429305912596401,0.0,True,47.2972972972973,52.87356321839081,163.0,-5.576265921093508,-5.576265921093508,0.2429305912596401,0.0,52.87356321839081,0.8945358401880141,-1.3546455772322274,0.2429305912596401,Near Expectation
2020,8,4,88,ThreatLevelMidnight,Marvin Jones Jr.,False,marvin jones,ThreatLevelMidnight,93.7,10.0,WR,25.8,5.0,16.9,2.0,0.2753468516542156,0.6550387596899224,True,53.75,59.39153439153439,178.0,-5.6415343915343925,-5.6415343915343925,0.2753468516542156,0.6550387596899224,59.39153439153439,0.905011135857461,-1.5533787332079756,0.2753468516542156,Near Expectation
2019,8,7,91,Ginger FC,Sammy Watkins,False,sammy watkins,Ginger FC,71.0,13.0,WR,71.0,13.0,58.8,6.0,1.0,0.828169014084507,True,50.66666666666667,56.30952380952381,170.0,-5.642857142857139,-5.642857142857139,1.0,0.828169014084507,56.30952380952381,0.8997885835095139,-5.642857142857139,1.0,Near Expectation
2021,8,2,86,Pop Lockett Drop it,Sony Michel,False,sony michel,Pop Lockett Drop it,80.5,13.0,RB,49.2,10.0,19.4,3.0,0.6111801242236026,0.3943089430894308,True,54.02298850574713,59.72222222222222,183.0,-5.699233716475092,-5.699233716475092,0.6111801242236026,0.3943089430894308,59.72222222222222,0.9045709703287892,-3.4832583708145908,0.6111801242236026,Near Expectation
2025,13,11,155,The Big Gronkowski,C.J. Stroud,False,cj stroud,The Big Gronkowski,100.24,5.0,QB,32.14,2.0,0.0,0.0,0.32063048683160417,0.0,True,36.666666666666664,42.42424242424242,117.0,-5.757575757575758,-5.757575757575758,0.32063048683160417,0.0,42.42424242424242,0.8642857142857143,-1.8460543181213573,0.32063048683160417,Near Expectation
2021,12,8,140,Malle ❤️ 🐸,Jonnu Smith,False,jonnu smith,Malle ❤️ 🐸,48.9,14.0,TE,48.9,14.0,8.0,2.0,1.0,0.16359918200409,True,37.03703703703704,42.857142857142854,137.0,-5.820105820105816,-5.820105820105816,1.0,0.16359918200409,42.857142857142854,0.8641975308641976,-5.820105820105816,1.0,Near Expectation
2017,15,11,179,Hello Harvard,Tyler Lockett,False,tyler lockett,Hello Harvard,43.800000000000004,9.0,WR,19.3,4.0,0.0,0.0,0.44063926940639264,0.0,True,40.74074074074074,46.666666666666664,47.0,-5.925925925925924,-5.925925925925924,0.44063926940639264,0.0,46.666666666666664,0.873015873015873,-2.6111956705564,0.44063926940639264,Near Expectation
2021,8,6,90,Big Sack Jack,Mecole Hardman Jr.,False,mecole hardman,Big Sack Jack,77.6,14.0,WR,77.6,14.0,3.5,1.0,1.0,0.04510309278350516,True,50.0,55.952380952380956,177.0,-5.952380952380956,-5.952380952380956,1.0,0.04510309278350516,55.952380952380956,0.8936170212765957,-5.952380952380956,1.0,Near Expectation
2023,10,1,109,Uncle Rico,Elijah Moore,False,elijah moore,Uncle Rico,70.4,11.0,WR,13.3,2.0,0.0,0.0,0.18892045454545453,0.0,True,48.35164835164835,54.32098765432099,149.0,-5.969339302672637,-5.969339302672637,0.18892045454545453,0.0,54.32098765432099,0.8901098901098901,-1.1277302943969612,0.18892045454545453,Near Expectation
2024,10,3,111,Joe Mantegna,Tua Tagovailoa,False,tua tagovailoa,Joe Mantegna,203.24,9.0,QB,68.28,3.0,47.66,2.0,0.33595748868333003,0.6980082015231399,True,46.42857142857143,52.40998838559814,158.0,-5.98141695702671,-5.98141695702671,0.33595748868333003,0.6980082015231399,52.40998838559814,0.8858725761772854,-2.009501819650579,0.33595748868333003,Near Expectation
2025,10,3,111,malle_dips_pouches,Josh Downs,False,josh downs,malle_dips_pouches,77.3,14.0,WR,14.3,3.0,0.8,1.0,0.184993531694696,0.055944055944055944,True,46.34146341463415,52.38095238095239,155.0,-6.039488966318238,-6.039488966318238,0.184993531694696,0.055944055944055944,52.38095238095239,0.88470066518847,-1.11726639351036,0.184993531694696,Near Expectation
2017,11,3,123,ThreatLevelMidnight,Eli Manning,False,eli manning,ThreatLevelMidnight,153.46,9.0,QB,102.62,5.0,0.0,0.0,0.6687084582301577,0.0,True,40.74074074074074,46.785225718194255,154.0,-6.044484977453514,-6.044484977453514,0.6687084582301577,0.0,46.785225718194255,0.8708035520901017,-4.041998230068289,0.6687084582301577,Near Expectation
2022,10,6,114,Big Sack Jack,Nyheim Miller-Hines,False,nyheim miller hines,Big Sack Jack,45.3,14.0,RB,45.3,14.0,1.7999999999999998,3.0,1.0,0.039735099337748346,True,41.17647058823529,47.25274725274725,155.0,-6.076276664511958,-6.076276664511958,1.0,0.039735099337748346,47.25274725274725,0.8714090287277702,-6.076276664511958,1.0,Near Expectation
2024,8,9,93,ThreatLevelMidnight,Jerome Ford,False,jerome ford,ThreatLevelMidnight,71.7,9.0,RB,18.9,2.0,0.0,0.0,0.2635983263598326,0.0,True,50.0,56.181318681318686,166.0,-6.181318681318686,-6.181318681318686,0.2635983263598326,0.0,56.181318681318686,0.8899755501222493,-1.6293852590923732,0.2635983263598326,Near Expectation
2024,12,10,142,Patty Primetimes,Dalton Schultz,False,dalton schultz,Patty Primetimes,46.7,10.0,TE,3.1,1.0,0.0,0.0,0.06638115631691649,0.0,True,36.666666666666664,42.857142857142854,136.0,-6.19047619047619,-6.19047619047619,0.06638115631691649,0.0,42.857142857142854,0.8555555555555555,-0.41093096767614967,0.06638115631691649,Near Expectation
2023,11,1,121,Malle ❤️ 🐸,Kenny Gainwell,False,kenny gainwell,Malle ❤️ 🐸,60.0,14.0,RB,60.0,14.0,19.3,3.0,1.0,0.32166666666666666,True,45.1219512195122,51.33897110641297,152.0,-6.217019886900772,-6.217019886900772,1.0,0.32166666666666666,51.33897110641297,0.8789025227246096,-6.217019886900772,1.0,Near Expectation
2024,12,12,144,Ginger FC,Antonio Gibson,False,antonio gibson,Ginger FC,38.3,10.0,RB,1.8,1.0,0.0,0.0,0.046997389033942565,0.0,True,36.11111111111111,42.42424242424242,137.0,-6.313131313131315,-6.313131313131315,0.046997389033942565,0.0,42.42424242424242,0.8511904761904762,-0.2967006883455971,0.046997389033942565,Near Expectation
2018,8,10,94,Malle ❤️ 🐸,Cameron Brate,False,cameron brate,Malle ❤️ 🐸,44.1,13.0,TE,44.1,13.0,21.2,6.0,1.0,0.4807256235827664,True,48.148148148148145,54.49382716049382,164.0,-6.345679012345677,-6.345679012345677,1.0,0.4807256235827664,54.49382716049382,0.8835523334843679,-6.345679012345677,1.0,Near Expectation
2018,13,10,154,malle_dips_pouches,Randall Cobb,False,randall cobb,malle_dips_pouches,29.8,11.0,WR,29.8,11.0,4.0,1.0,1.0,0.1342281879194631,True,35.714285714285715,42.42424242424242,109.0,-6.709956709956707,-6.709956709956707,1.0,0.1342281879194631,42.42424242424242,0.8418367346938777,-6.709956709956707,1.0,Near Expectation
2018,10,3,111,malle_dips_pouches,Bilal Powell,False,bilal powell,malle_dips_pouches,49.3,7.0,RB,49.3,7.0,37.6,5.0,1.0,0.7626774847870184,True,42.66666666666667,49.411764705882355,151.0,-6.745098039215684,-6.745098039215684,1.0,0.7626774847870184,49.411764705882355,0.8634920634920635,-6.745098039215684,1.0,Near Expectation
2017,14,10,166,ThreatLevelMidnight,Sterling Shepard,False,sterling shepard,ThreatLevelMidnight,41.1,12.0,WR,8.0,2.0,0.0,0.0,0.194647201946472,0.0,True,34.5679012345679,41.333333333333336,95.0,-6.765432098765437,-6.765432098765437,0.194647201946472,0.0,41.333333333333336,0.8363201911589008,-1.31687242798354,0.194647201946472,Near Expectation
2019,8,2,86,Uncle Rico,Christian Kirk,False,christian kirk,Uncle Rico,77.7,13.0,WR,77.7,13.0,59.900000000000006,7.0,1.0,0.770913770913771,True,54.666666666666664,61.53846153846154,179.0,-6.871794871794876,-6.871794871794876,1.0,0.770913770913771,61.53846153846154,0.8883333333333333,-6.871794871794876,1.0,Near Expectation
2023,8,6,90,malle_dips_pouches,Tyler Higbee,False,tyler higbee,malle_dips_pouches,48.3,12.0,TE,43.8,11.0,41.6,9.0,0.906832298136646,0.949771689497717,True,51.515151515151516,58.536585365853654,175.0,-7.021433850702138,-7.021433850702138,0.906832298136646,0.949771689497717,58.536585365853654,0.8800505050505051,-6.3672629950466595,0.906832298136646,Near Expectation
2025,12,7,139,Voldemort,Justin Fields,False,justin fields,Voldemort,103.5,7.0,QB,8.88,3.0,4.9,1.0,0.08579710144927537,0.5518018018018018,True,40.0,47.05882352941176,137.0,-7.058823529411761,-7.058823529411761,0.08579710144927537,0.5518018018018018,47.05882352941176,0.8500000000000001,-0.6056265984654728,0.08579710144927537,Near Expectation
2020,8,10,94,Big Sack Jack,James White,False,james white,Big Sack Jack,66.0,13.0,RB,66.0,13.0,40.2,5.0,1.0,0.6090909090909091,True,51.19047619047619,58.333333333333336,165.0,-7.142857142857146,-7.142857142857146,1.0,0.6090909090909091,58.333333333333336,0.8775510204081632,-7.142857142857146,1.0,Near Expectation
2024,12,6,138,malle_dips_pouches,Caleb Williams,False,caleb williams,malle_dips_pouches,160.24,11.0,QB,18.54,2.0,9.18,1.0,0.1157014478282576,0.49514563106796117,True,39.285714285714285,46.51162790697674,141.0,-7.225913621262457,-7.225913621262457,0.1157014478282576,0.49514563106796117,46.51162790697674,0.8446428571428571,-0.836048667861994,0.1157014478282576,Near Expectation
2023,11,8,128,Pop Lockett Drop it,Zay Jones,False,zay jones,Pop Lockett Drop it,41.0,8.0,WR,23.8,5.0,0.0,0.0,0.5804878048780489,0.0,True,36.26373626373626,43.826219512195124,158.0,-7.562483248458861,-7.562483248458861,0.5804878048780489,0.0,43.826219512195124,0.8274438604873386,-4.3899293003249005,0.5804878048780489,Near Expectation
2024,14,5,161,Voldemort,Tyler Allgeier,False,tyler allgeier,Voldemort,32.3,5.0,RB,0.0,0.0,0.0,0.0,0.0,,True,33.33333333333333,41.03703703703704,110.0,-7.7037037037037095,-7.7037037037037095,0.0,,41.03703703703704,0.8122743682310468,-0.0,0.0,Near Expectation
2020,10,12,120,Ginger FC,Allen Lazard,False,allen lazard,Ginger FC,65.2,13.0,WR,65.2,13.0,22.2,2.0,1.0,0.34049079754601225,True,43.75,51.515151515151516,155.0,-7.765151515151516,-7.765151515151516,1.0,0.34049079754601225,51.515151515151516,0.8492647058823529,-7.765151515151516,1.0,Near Expectation
2024,9,1,97,Ginger FC,Nick Chubb,False,nick chubb,Ginger FC,58.699999999999996,14.0,RB,43.8,11.0,38.8,4.0,0.7461669505962522,0.8858447488584474,True,45.83333333333333,53.61918604651163,162.0,-7.785852713178301,-7.785852713178301,0.7461669505962522,0.8858447488584474,53.61918604651163,0.8547935303153519,-5.8095459767838085,0.7461669505962522,Near Expectation
2019,12,9,141,Voldemort,Jaylen Samuels,False,jaylen samuels,Voldemort,24.96,10.0,RB,3.7,3.0,0.0,0.0,0.1482371794871795,0.0,True,34.61538461538461,42.640692640692635,136.0,-8.025308025308021,-8.025308025308021,0.1482371794871795,0.0,42.640692640692635,0.8117922686450606,-1.1896490261874872,0.1482371794871795,Near Expectation
2025,10,11,119,Patty Primetimes,Keon Coleman,False,keon coleman,Patty Primetimes,65.0,11.0,WR,14.8,2.0,0.0,0.0,0.2276923076923077,0.0,True,43.90243902439025,51.948051948051955,154.0,-8.045612923661707,-8.045612923661707,0.2276923076923077,0.0,51.948051948051955,0.8451219512195122,-1.8319241733875888,0.2276923076923077,Near Expectation
2020,11,2,122,Post Mahomes,Carson Wentz,False,carson wentz,Post Mahomes,119.94,7.0,QB,58.88,3.0,19.0,1.0,0.4909121227280307,0.3226902173913043,True,40.625,48.837209302325576,157.0,-8.212209302325576,-8.212209302325576,0.4909121227280307,0.3226902173913043,48.837209302325576,0.8318452380952381,-4.031473100891528,0.4909121227280307,Near Expectation
2023,11,9,129,Patty Primetimes,Anthony Richardson Sr.,False,anthony richardson,Patty Primetimes,79.68,14.0,QB,79.68,14.0,4.42,1.0,1.0,0.0554718875502008,True,35.294117647058826,43.75,157.0,-8.455882352941174,-8.455882352941174,1.0,0.0554718875502008,43.75,0.8067226890756303,-8.455882352941174,1.0,Near Expectation
2025,11,1,121,Joe Mantegna,Cooper Kupp,False,cooper kupp,Joe Mantegna,58.5,11.0,WR,32.5,5.0,0.0,0.0,0.5555555555555556,0.0,True,40.243902439024396,48.837209302325576,151.0,-8.59330686330118,-8.59330686330118,0.5555555555555556,0.0,48.837209302325576,0.8240418118466901,-4.774059368500656,0.5555555555555556,Near Expectation
2017,12,5,137,Dillon Panthers,Eric Ebron,False,eric ebron,Dillon Panthers,15.299999999999999,5.0,TE,15.299999999999999,5.0,0.9,1.0,1.0,0.05882352941176471,True,33.33333333333333,42.35880398671097,142.0,-9.025470653377639,-9.025470653377639,1.0,0.05882352941176471,42.35880398671097,0.7869281045751633,-9.025470653377639,1.0,Near Expectation
2022,15,10,178,Ginger FC,Mark Ingram II,False,mark ingram,Ginger FC,33.699999999999996,10.0,RB,33.699999999999996,10.0,0.0,0.0,1.0,0.0,True,34.11764705882353,43.20987654320987,55.0,-9.092229484386344,-9.092229484386344,1.0,0.0,43.20987654320987,0.7895798319327731,-9.092229484386344,1.0,Near Expectation
2022,10,4,112,Malle ❤️ 🐸,Cole Kmet,False,cole kmet,Malle ❤️ 🐸,34.0,8.0,TE,14.6,5.0,0.0,0.0,0.4294117647058823,0.0,True,38.70967741935484,47.947454844006565,156.0,-9.237777424651725,-9.237777424651725,0.4294117647058823,0.0,47.947454844006565,0.8073353954927088,-3.966810305879858,0.4294117647058823,Near Expectation
2018,15,6,174,Ginger FC,Vance McDonald,False,vance mcdonald,Ginger FC,28.299999999999997,8.0,TE,0.0,1.0,0.0,0.0,0.0,,True,33.33333333333333,42.66666666666667,67.0,-9.333333333333343,-9.333333333333343,0.0,,42.66666666666667,0.7812499999999998,-0.0,0.0,Near Expectation
2020,8,11,95,Post Mahomes,Phillip Lindsay,False,phillip lindsay,Post Mahomes,52.4,13.0,RB,14.1,6.0,0.0,0.0,0.26908396946564883,0.0,True,47.61904761904761,57.05980066445183,166.0,-9.440753045404215,-9.440753045404215,0.26908396946564883,0.0,57.05980066445183,0.8345463367297428,-2.540355304202279,0.26908396946564883,Near Expectation
2022,12,5,137,ThreatLevelMidnight,Treylon Burks,False,treylon burks,ThreatLevelMidnight,33.8,5.0,WR,31.0,4.0,0.0,0.0,0.9171597633136096,0.0,True,31.3953488372093,40.88319088319088,140.0,-9.487842045981576,-9.487842045981576,0.9171597633136096,0.0,40.88319088319088,0.7679280447289524,-8.701866965249376,0.9171597633136096,Near Expectation
2019,9,8,104,Post Mahomes,Rashaad Penny,False,rashaad penny,Post Mahomes,41.9,6.0,RB,14.3,2.0,0.0,0.0,0.34128878281622915,0.0,True,42.30769230769231,52.40998838559814,154.0,-10.102296077905834,-10.102296077905834,0.34128878281622915,0.0,52.40998838559814,0.8072448327295972,-3.4478003320776476,0.34128878281622915,Near Expectation
2020,11,8,128,Voldemort,Alexander Mattison,False,alexander mattison,Voldemort,26.0,5.0,RB,22.5,4.0,0.0,0.0,0.8653846153846154,0.0,True,30.952380952380953,41.3006029285099,160.0,-10.34822197612895,-10.34822197612895,0.8653846153846154,0.0,41.3006029285099,0.749441382392373,-8.955192094726977,0.8653846153846154,Near Expectation
2025,9,7,103,Uncle Rico,Bhayshul Tuten,False,bhayshul tuten,Uncle Rico,66.5,14.0,RB,1.6,1.0,0.0,0.0,0.02406015037593985,0.0,True,41.891891891891895,52.5,155.0,-10.608108108108105,-10.608108108108105,0.02406015037593985,0.0,52.5,0.797940797940798,-0.2552326762853078,0.02406015037593985,Near Expectation
2019,11,5,125,Patty Primetimes,Tony Pollard,False,tony pollard,Patty Primetimes,29.3,8.0,RB,29.7,7.0,0.0,0.0,1.0136518771331058,0.0,True,35.8974358974359,46.51162790697674,157.0,-10.614192009540844,-10.614192009540844,1.0136518771331058,0.0,46.51162790697674,0.7717948717948718,-10.75909565472229,1.0136518771331058,Near Expectation
2024,15,11,179,Post Mahomes,T.J. Hockenson,False,tj hockenson,Post Mahomes,43.4,14.0,TE,32.2,10.0,14.9,1.0,0.7419354838709679,0.46273291925465837,True,33.33333333333333,44.0,49.0,-10.666666666666671,-10.666666666666671,0.7419354838709679,0.46273291925465837,44.0,0.7575757575757575,-7.91397849462366,0.7419354838709679,Near Expectation
2025,11,2,122,Patty Primetimes,Colston Loveland,False,colston loveland,Patty Primetimes,46.900000000000006,9.0,TE,7.5,1.0,7.5,1.0,0.1599147121535181,1.0,True,40.0,51.19115144639819,152.0,-11.191151446398187,-11.191151446398187,0.1599147121535181,1.0,51.19115144639819,0.7813850415512466,-1.789629762217194,0.1599147121535181,Near Expectation
2019,12,4,136,Malle ❤️ 🐸,Geronimo Allison,False,geronimo allison,Malle ❤️ 🐸,29.1,8.0,WR,29.1,8.0,0.0,0.0,1.0,0.0,True,30.666666666666664,41.86046511627907,143.0,-11.193798449612409,-11.193798449612409,1.0,0.0,41.86046511627907,0.7325925925925925,-11.193798449612409,1.0,Near Expectation
2017,11,8,128,Dillon Panthers,Theo Riddick,False,theo riddick,Dillon Panthers,17.3,4.0,RB,17.3,4.0,0.0,0.0,1.0,0.0,True,32.53012048192771,43.75,159.0,-11.21987951807229,-11.21987951807229,1.0,0.0,43.75,0.7435456110154905,-11.21987951807229,1.0,Near Expectation
2020,8,5,89,Voldemort,Brandin Cooks,False,brandin cooks,Voldemort,81.5,10.0,WR,18.8,3.0,0.0,0.0,0.23067484662576687,0.0,True,47.5,58.97435897435898,177.0,-11.474358974358978,-11.474358974358978,0.23067484662576687,0.0,58.97435897435898,0.8054347826086956,-2.646845996539249,0.23067484662576687,Near Expectation
2020,9,1,97,Ginger FC,Jared Cook,False,jared cook,Ginger FC,61.5,11.0,TE,61.5,11.0,61.5,10.0,1.0,1.0,True,44.827586206896555,56.41025641025641,163.0,-11.582670203359854,-11.582670203359854,1.0,1.0,56.41025641025641,0.7946708463949844,-11.582670203359854,1.0,Near Expectation
2017,10,7,115,Malle ❤️ 🐸,Eric Decker,False,eric decker,Malle ❤️ 🐸,41.300000000000004,13.0,WR,41.300000000000004,13.0,38.1,11.0,1.0,0.9225181598062954,True,37.03703703703704,48.75,157.0,-11.712962962962962,-11.712962962962962,1.0,0.9225181598062954,48.75,0.7597340930674265,-11.712962962962962,1.0,Near Expectation
2022,11,6,126,Pop Lockett Drop it,Alexander Mattison,False,alexander mattison,Pop Lockett Drop it,31.5,7.0,RB,31.5,7.0,8.3,1.0,1.0,0.2634920634920635,True,31.76470588235294,43.75,158.0,-11.985294117647062,-11.985294117647062,1.0,0.2634920634920635,43.75,0.7260504201680672,-11.985294117647062,1.0,Near Expectation
2025,11,6,126,Voldemort,Tyler Allgeier,False,tyler allgeier,Voldemort,60.300000000000004,10.0,RB,11.1,1.0,0.0,0.0,0.18407960199004975,0.0,True,39.189189189189186,51.21951219512195,153.0,-12.030323005932765,-12.030323005932765,0.18407960199004975,0.0,51.21951219512195,0.7651222651222651,-2.2145370707438423,0.18407960199004975,Near Expectation
2023,9,5,101,Joe Mantegna,Deshaun Watson,False,deshaun watson,Joe Mantegna,104.8,10.0,QB,104.8,10.0,63.42,3.0,1.0,0.6051526717557252,True,41.17647058823529,53.30668604651163,160.0,-12.13021545827634,-12.13021545827634,1.0,0.6051526717557252,53.30668604651163,0.7724447652271541,-12.13021545827634,1.0,Near Expectation
2024,9,4,100,ThreatLevelMidnight,Trey Benson,False,trey benson,ThreatLevelMidnight,41.8,14.0,RB,21.5,6.0,0.0,0.0,0.514354066985646,0.0,True,40.27777777777778,52.4390243902439,159.0,-12.161246612466122,-12.161246612466122,0.514354066985646,0.0,52.4390243902439,0.7680878552971576,-6.2551866547373605,0.514354066985646,Near Expectation
2024,8,3,87,Joe Mantegna,DeAndre Hopkins,False,deandre hopkins,Joe Mantegna,97.8,12.0,WR,16.4,4.0,0.0,0.0,0.16768916155419222,0.0,True,49.382716049382715,61.65158371040724,178.0,-12.268867661024522,-12.268867661024522,0.16768916155419222,0.0,61.65158371040724,0.8009967153698041,-2.0573561312965456,0.16768916155419222,Near Expectation
2017,12,1,133,Big Sack Jack,John Brown,False,john brown,Big Sack Jack,30.400000000000002,8.0,WR,30.400000000000002,8.0,0.0,0.0,1.0,0.0,True,28.39506172839506,40.68287037037037,154.0,-12.287808641975307,-12.287808641975307,1.0,0.0,40.68287037037037,0.6979611190137506,-12.287808641975307,1.0,Near Expectation
2023,9,6,102,Buttermilk Puuump,JuJu Smith-Schuster,False,juju smith schuster,Buttermilk Puuump,46.5,14.0,WR,46.5,14.0,2.1,1.0,1.0,0.04516129032258065,True,40.65934065934066,53.125,155.0,-12.465659340659343,-12.465659340659343,1.0,0.04516129032258065,53.125,0.7653522947640594,-12.465659340659343,1.0,Near Expectation
2020,9,8,104,Voldemort,John Brown,False,john brown,Voldemort,65.1,13.0,WR,65.1,13.0,0.0,0.0,1.0,0.0,True,42.5,55.12820512820513,151.0,-12.628205128205131,-12.628205128205131,1.0,0.0,55.12820512820513,0.7709302325581395,-12.628205128205131,1.0,Near Expectation
2020,15,1,169,Ginger FC,Chris Thompson,False,chris thompson,Ginger FC,23.799999999999997,5.0,RB,18.099999999999998,4.0,6.3,2.0,0.7605042016806722,0.3480662983425415,True,27.380952380952383,40.11494252873563,88.0,-12.73399014778325,-12.73399014778325,0.7605042016806722,0.3480662983425415,40.11494252873563,0.6825624232501024,-9.684253011549446,0.7605042016806722,Near Expectation
2018,14,3,159,malle_dips_pouches,Tyler Eifert,False,tyler eifert,malle_dips_pouches,23.900000000000002,4.0,TE,23.900000000000002,4.0,0.0,0.0,1.0,0.0,True,29.629629629629626,42.42424242424242,105.0,-12.794612794612796,-12.794612794612796,1.0,0.0,42.42424242424242,0.6984126984126984,-12.794612794612796,1.0,Near Expectation
2020,10,4,112,ThreatLevelMidnight,Joe Burrow,False,joe burrow,ThreatLevelMidnight,109.44,8.0,QB,0.0,0.0,0.0,0.0,0.0,,True,37.5,50.6318082788671,152.0,-13.131808278867098,-13.131808278867098,0.0,,50.6318082788671,0.7406411359724614,-0.0,0.0,Near Expectation
2017,12,6,138,Ginger FC,Jordan Matthews,False,jordan matthews,Ginger FC,32.2,13.0,WR,32.2,13.0,8.2,2.0,1.0,0.2546583850931677,True,29.629629629629626,43.02325581395349,141.0,-13.393626184323864,-13.393626184323864,1.0,0.2546583850931677,43.02325581395349,0.6886886886886886,-13.393626184323864,1.0,Near Expectation
2021,10,7,115,Ginger FC,Laviska Shenault Jr.,False,laviska shenault,Ginger FC,45.6,6.0,WR,45.6,6.0,0.0,0.0,1.0,0.0,True,34.883720930232556,48.35164835164835,153.0,-13.467927421415794,-13.467927421415794,1.0,0.0,48.35164835164835,0.7214587737843552,-13.467927421415794,1.0,Near Expectation
2017,14,1,157,Big Sack Jack,C.J. Fiedorowicz,False,cj fiedorowicz,Big Sack Jack,11.7,5.0,TE,4.6,2.0,0.0,0.0,0.39316239316239315,0.0,True,27.27272727272727,40.74074074074074,105.0,-13.46801346801347,-13.46801346801347,0.39316239316239315,0.0,40.74074074074074,0.6694214876033057,-5.2951164062275184,0.39316239316239315,Near Expectation
2021,8,3,87,ThreatLevelMidnight,Corey Davis,False,corey davis,ThreatLevelMidnight,69.1,13.0,WR,32.6,3.0,0.0,0.0,0.47178002894356014,0.0,True,45.348837209302324,59.25925925925925,181.0,-13.910422049956928,-13.910422049956928,0.47178002894356014,0.0,59.25925925925925,0.7652616279069768,-6.562659317345816,0.47178002894356014,Near Expectation
2023,10,5,113,Pop Lockett Drop it,Marvin Mims Jr.,False,marvin mims,Pop Lockett Drop it,40.9,6.0,WR,40.9,6.0,5.7,1.0,1.0,0.1393643031784841,True,35.16483516483517,49.12448700410397,150.0,-13.959651839268801,-13.959651839268801,1.0,0.1393643031784841,49.12448700410397,0.7158310917709414,-13.959651839268801,1.0,Near Expectation
2021,11,5,125,Malle ❤️ 🐸,Phillip Lindsay,False,phillip lindsay,Malle ❤️ 🐸,26.900000000000002,7.0,RB,26.900000000000002,7.0,0.0,0.0,1.0,0.0,True,33.33333333333333,47.344322344322336,154.0,-14.010989010989007,-14.010989010989007,1.0,0.0,47.344322344322336,0.7040618955512573,-14.010989010989007,1.0,Near Expectation
2021,11,1,121,Uncle Rico,James White,False,james white,Uncle Rico,25.2,3.0,RB,25.2,3.0,0.0,0.0,1.0,0.0,True,32.18390804597701,46.42857142857143,153.0,-14.244663382594418,-14.244663382594418,1.0,0.0,46.42857142857143,0.6931918656056587,-14.244663382594418,1.0,Near Expectation
2023,8,3,87,ThreatLevelMidnight,Zach Charbonnet,False,zach charbonnet,ThreatLevelMidnight,61.4,10.0,RB,22.0,6.0,0.0,0.0,0.3583061889250814,0.0,True,46.34146341463415,60.58823529411765,180.0,-14.246771879483504,-14.246771879483504,0.3583061889250814,0.0,60.58823529411765,0.7648591049017286,-5.1047065366227535,0.3583061889250814,Near Expectation
2021,12,2,134,Pop Lockett Drop it,Tevin Coleman,False,tevin coleman,Pop Lockett Drop it,19.6,3.0,RB,17.2,2.0,8.0,1.0,0.8775510204081631,0.46511627906976744,True,26.436781609195403,40.74074074074074,151.0,-14.303959131545337,-14.303959131545337,0.8775510204081631,0.46511627906976744,40.74074074074074,0.6489028213166145,-12.552453931764273,0.8775510204081631,Near Expectation
2020,9,12,108,Pop Lockett Drop it,Henry Ruggs III,False,henry ruggs,Pop Lockett Drop it,63.8,13.0,WR,63.8,13.0,13.9,1.0,1.0,0.21786833855799376,True,41.25,55.81395348837209,149.0,-14.563953488372093,-14.563953488372093,1.0,0.21786833855799376,55.81395348837209,0.7390625,-14.563953488372093,1.0,Near Expectation
2024,12,2,134,Post Mahomes,Keon Coleman,False,keon coleman,Post Mahomes,38.6,11.0,WR,16.0,3.0,0.0,0.0,0.41450777202072536,0.0,True,25.925925925925924,40.88319088319088,152.0,-14.957264957264954,-14.957264957264954,0.41450777202072536,0.0,40.88319088319088,0.6341463414634146,-6.199902572959566,0.41450777202072536,Near Expectation
2021,11,12,132,The Big Gronkowski,Gerald Everett,False,gerald everett,The Big Gronkowski,26.5,7.0,TE,26.5,7.0,0.0,0.0,1.0,0.0,True,25.925925925925924,40.88319088319088,154.0,-14.957264957264954,-14.957264957264954,1.0,0.0,40.88319088319088,0.6341463414634146,-14.957264957264954,1.0,Near Expectation
2020,14,10,166,Big Sack Jack,Baker Mayfield,False,baker mayfield,Big Sack Jack,53.34,6.0,QB,33.120000000000005,2.0,0.0,0.0,0.6209223847019123,0.0,True,25.0,40.11494252873563,100.0,-15.114942528735632,-15.114942528735632,0.6209223847019123,0.0,40.11494252873563,0.6232091690544412,-9.385206159574881,0.6209223847019123,Near Expectation
2017,14,7,163,Malle ❤️ 🐸,Corey Davis,False,corey davis,Malle ❤️ 🐸,20.7,13.0,WR,20.7,13.0,17.9,6.0,1.0,0.8647342995169082,True,25.925925925925924,41.25490196078431,102.0,-15.328976034858385,-15.328976034858385,1.0,0.8647342995169082,41.25490196078431,0.6284326151246303,-15.328976034858385,1.0,Near Expectation
2021,9,11,107,Pop Lockett Drop it,David Johnson,False,david johnson,Pop Lockett Drop it,38.1,8.0,RB,31.6,6.0,0.0,0.0,0.8293963254593176,0.0,True,37.93103448275862,53.58952702702703,150.0,-15.658492544268412,-15.658492544268412,0.8293963254593176,0.0,53.58952702702703,0.7078068530746446,-12.987096178448343,0.8293963254593176,Near Expectation
2023,15,7,175,malle_dips_pouches,Dawson Knox,False,dawson knox,malle_dips_pouches,15.0,4.0,TE,15.0,4.0,0.0,0.0,1.0,0.0,True,27.27272727272727,42.93827160493827,68.0,-15.665544332211002,-15.665544332211002,1.0,0.0,42.93827160493827,0.6351612734591457,-15.665544332211002,1.0,Near Expectation
2020,10,10,118,Big Sack Jack,Sammy Watkins,False,sammy watkins,Big Sack Jack,54.3,12.0,WR,43.0,9.0,4.3,1.0,0.7918968692449356,0.09999999999999999,True,36.25,51.948051948051955,156.0,-15.698051948051955,-15.698051948051955,0.7918968692449356,0.09999999999999999,51.948051948051955,0.6978125,-12.431238190906706,0.7918968692449356,Near Expectation
2017,10,3,111,Voldemort,Donte Moncrief,False,donte moncrief,Voldemort,41.199999999999996,11.0,WR,20.2,4.0,0.0,0.0,0.4902912621359224,0.0,True,35.80246913580247,51.550925925925924,156.0,-15.748456790123456,-15.748456790123456,0.4902912621359224,0.0,51.550925925925924,0.6945068103577309,-7.721330756322666,0.4902912621359224,Near Expectation
2019,13,8,152,Post Mahomes,Kalen Ballage,False,kalen ballage,Post Mahomes,19.9,6.0,RB,5.1,3.0,0.0,0.0,0.2562814070351759,0.0,True,25.64102564102564,41.39837398373984,116.0,-15.757348342714199,-15.757348342714199,0.2562814070351759,0.0,41.39837398373984,0.6193727717686869,-4.038315404414192,0.2562814070351759,Near Expectation
2022,8,5,89,ThreatLevelMidnight,Dak Prescott,False,dak prescott,ThreatLevelMidnight,133.88,12.0,QB,119.6,10.0,119.6,6.0,0.8933373170002987,1.0,True,41.935483870967744,57.73809523809524,176.0,-15.802611367127497,-15.802611367127497,0.8933373170002987,1.0,57.73809523809524,0.7263052876621218,-14.1170624403081,0.8933373170002987,Near Expectation
2025,11,8,128,Ginger FC,Trey Benson,False,trey benson,Ginger FC,28.9,14.0,RB,14.3,9.0,0.0,0.0,0.4948096885813149,0.0,True,31.08108108108108,47.05882352941176,155.0,-15.97774244833068,-15.97774244833068,0.4948096885813149,0.0,47.05882352941176,0.660472972972973,-7.90594176509096,0.4948096885813149,Near Expectation
2017,15,4,172,Joe Mantegna,Darren Sproles,False,darren sproles,Joe Mantegna,11.4,6.0,RB,11.4,6.0,0.0,0.0,1.0,0.0,True,26.506024096385545,42.59770114942529,74.0,-16.091677053039746,-16.091677053039746,1.0,0.0,42.59770114942529,0.622240716779693,-16.091677053039746,1.0,Near Expectation
2022,12,12,144,Post Mahomes,Irv Smith Jr.,False,irv smith,Post Mahomes,17.7,6.0,TE,0.0,1.0,0.0,1.0,0.0,,True,25.806451612903224,41.94382852919438,132.0,-16.137376916291153,-16.137376916291153,0.0,,41.94382852919438,0.6152621855904505,-0.0,0.0,Near Expectation
2022,8,9,93,Patty Primetimes,Matthew Stafford,False,matthew stafford,Patty Primetimes,123.88,12.0,QB,105.12,8.0,69.22,4.0,0.8485631256054247,0.6584855403348554,True,38.70967741935484,54.87804878048781,169.0,-16.16837136113297,-16.16837136113297,0.8485631256054247,0.6584855403348554,54.87804878048781,0.7053763440860215,-13.719883738152227,0.8485631256054247,Near Expectation
2021,14,6,162,Big Sack Jack,Jalen Reagor,False,jalen reagor,Big Sack Jack,25.8,4.0,WR,25.8,4.0,0.0,0.0,1.0,0.0,True,24.418604651162788,40.60846560846561,114.0,-16.18986095730282,-16.18986095730282,1.0,0.0,40.60846560846561,0.6013180819634876,-16.18986095730282,1.0,Near Expectation
2018,14,7,163,Ginger FC,DeVante Parker,False,devante parker,Ginger FC,17.4,5.0,WR,4.0,3.0,0.0,0.0,0.2298850574712644,0.0,True,25.0,41.31994261119081,104.0,-16.31994261119081,-16.31994261119081,0.2298850574712644,0.0,41.31994261119081,0.6050347222222223,-3.7517109451013364,0.2298850574712644,Near Expectation
2017,12,9,141,Joe Mantegna,Carson Palmer,False,carson palmer,Joe Mantegna,127.32000000000001,13.0,QB,127.32000000000001,13.0,32.8,2.0,1.0,0.2576185988061577,True,25.925925925925924,42.35880398671097,134.0,-16.432878060785043,-16.432878060785043,1.0,0.2576185988061577,42.35880398671097,0.6120551924473492,-16.432878060785043,1.0,Near Expectation
2018,14,5,161,ThreatLevelMidnight,Ben Watson,False,ben watson,ThreatLevelMidnight,21.0,9.0,TE,6.300000000000001,2.0,0.0,0.0,0.30000000000000004,0.0,True,25.925925925925924,42.42424242424242,105.0,-16.4983164983165,-16.4983164983165,0.30000000000000004,0.0,42.42424242424242,0.611111111111111,-4.94949494949495,0.30000000000000004,Near Expectation
2018,15,10,178,malle_dips_pouches,Theo Riddick,False,theo riddick,malle_dips_pouches,26.3,6.0,RB,14.5,4.0,0.0,0.0,0.5513307984790874,0.0,True,26.666666666666668,43.20987654320987,49.0,-16.543209876543205,-16.543209876543205,0.5513307984790874,0.0,43.20987654320987,0.6171428571428572,-9.12078111064169,0.5513307984790874,Near Expectation
2022,13,9,153,Malle ❤️ 🐸,Jarvis Landry,False,jarvis landry,Malle ❤️ 🐸,26.3,6.0,WR,26.3,6.0,0.0,0.0,1.0,0.0,True,25.581395348837212,42.42424242424242,115.0,-16.84284707540521,-16.84284707540521,1.0,0.0,42.42424242424242,0.6029900332225915,-16.84284707540521,1.0,Near Expectation
2018,9,12,108,The Big Gronkowski,Jack Doyle,False,jack doyle,The Big Gronkowski,34.5,12.0,TE,6.0,7.0,0.0,0.0,0.17391304347826086,0.0,True,37.03703703703704,54.054054054054056,147.0,-17.017017017017018,-17.017017017017018,0.17391304347826086,0.0,54.054054054054056,0.6851851851851852,-2.959481220350786,0.17391304347826086,Near Expectation
2017,15,3,171,ThreatLevelMidnight,C.J. Prosise,False,cj prosise,ThreatLevelMidnight,10.700000000000001,4.0,RB,10.700000000000001,4.0,0.0,0.0,1.0,0.0,True,24.096385542168676,41.17647058823529,77.0,-17.080085046066614,-17.080085046066614,1.0,0.0,41.17647058823529,0.585197934595525,-17.080085046066614,1.0,Near Expectation
2019,11,7,127,ThreatLevelMidnight,DeSean Jackson,False,desean jackson,ThreatLevelMidnight,27.4,8.0,WR,27.4,8.0,0.0,1.0,1.0,0.0,True,28.000000000000004,45.1219512195122,161.0,-17.121951219512194,-17.121951219512194,1.0,0.0,45.1219512195122,0.6205405405405405,-17.121951219512194,1.0,Near Expectation
2024,11,10,130,Joe Mantegna,Ty Chandler,False,ty chandler,Joe Mantegna,22.299999999999997,9.0,RB,12.4,4.0,0.0,0.0,0.5560538116591929,0.0,True,26.38888888888889,43.75,154.0,-17.36111111111111,-17.36111111111111,0.5560538116591929,0.0,43.75,0.6031746031746031,-9.653712007972098,0.5560538116591929,Near Expectation
2024,8,2,86,Post Mahomes,Jaylen Warren,False,jaylen warren,Post Mahomes,56.6,9.0,RB,17.6,5.0,0.0,0.0,0.3109540636042403,0.0,True,44.44444444444444,61.96343402225755,180.0,-17.51898957781311,-17.51898957781311,0.3109540636042403,0.0,61.96343402225755,0.7172689045684555,-5.447600999461321,0.3109540636042403,Near Expectation
2019,8,10,94,malle_dips_pouches,Sterling Shepard,False,sterling shepard,malle_dips_pouches,52.6,13.0,WR,52.6,13.0,0.0,1.0,1.0,0.0,True,37.333333333333336,54.87804878048781,165.0,-17.544715447154474,-17.544715447154474,1.0,0.0,54.87804878048781,0.6802962962962963,-17.544715447154474,1.0,Near Expectation
2017,15,9,177,The Big Gronkowski,Robert Turbin,False,robert turbin,The Big Gronkowski,12.9,5.0,RB,12.9,5.0,0.0,0.0,1.0,0.0,True,28.915662650602407,46.54761904761905,52.0,-17.631956397016644,-17.631956397016644,1.0,0.0,46.54761904761905,0.6212060518287985,-17.631956397016644,1.0,Near Expectation
2022,12,8,140,Voldemort,Kenny Gainwell,False,kenny gainwell,Voldemort,11.899999999999999,2.0,RB,10.2,1.0,0.0,0.0,0.8571428571428572,0.0,True,24.705882352941178,42.42424242424242,135.0,-17.718360071301245,-17.718360071301245,0.8571428571428572,0.0,42.42424242424242,0.5823529411764706,-15.187165775401068,0.8571428571428572,Near Expectation
2023,11,7,127,malle_dips_pouches,Allen Lazard,False,allen lazard,malle_dips_pouches,34.0,6.0,WR,34.0,6.0,0.0,0.0,1.0,0.0,True,27.472527472527474,45.207033465683494,158.0,-17.73450599315602,-17.73450599315602,1.0,0.0,45.207033465683494,0.6077047168640645,-17.73450599315602,1.0,Near Expectation
2025,13,7,151,Uncle Rico,Joshua Palmer,False,joshua palmer,Uncle Rico,30.4,6.0,WR,4.6,1.0,0.0,0.0,0.1513157894736842,0.0,True,24.390243902439025,42.14235377026075,120.0,-17.752109867821723,-17.752109867821723,0.1513157894736842,0.0,42.14235377026075,0.578758463169916,-2.686174519473024,0.1513157894736842,Near Expectation
2021,10,12,120,Uncle Rico,DJ Chark,False,dj chark,Uncle Rico,30.900000000000002,4.0,WR,30.900000000000002,4.0,12.4,1.0,1.0,0.40129449838187703,True,29.069767441860467,47.25274725274725,153.0,-18.18297981088678,-18.18297981088678,1.0,0.40129449838187703,47.25274725274725,0.6151974040021634,-18.18297981088678,1.0,Near Expectation
2020,13,1,145,Ginger FC,Jimmy Garoppolo,False,jimmy garoppolo,Ginger FC,43.26,4.0,QB,40.5,3.0,0.0,0.0,0.9361997226074896,0.0,True,21.875,40.23809523809524,132.0,-18.36309523809524,-18.36309523809524,0.9361997226074896,0.0,40.23809523809524,0.5436390532544378,-17.19152466811968,0.9361997226074896,Near Expectation
2023,8,9,93,The Big Gronkowski,Samaje Perine,False,samaje perine,The Big Gronkowski,40.2,8.0,RB,31.700000000000003,6.0,16.8,3.0,0.7885572139303483,0.529968454258675,True,39.02439024390244,57.64119601328903,168.0,-18.616805769386595,-18.616805769386595,0.7885572139303483,0.529968454258675,57.64119601328903,0.677022562732832,-14.680416489789927,0.7885572139303483,Near Expectation
2023,15,3,171,Ginger FC,Michael Gallup,False,michael gallup,Ginger FC,25.5,5.0,WR,25.5,5.0,0.0,0.0,1.0,0.0,True,21.978021978021978,40.74074074074074,85.0,-18.762718762718762,-18.762718762718762,1.0,0.0,40.74074074074074,0.5394605394605395,-18.762718762718762,1.0,Near Expectation
2025,11,3,123,ThreatLevelMidnight,Darnell Mooney,False,darnell mooney,ThreatLevelMidnight,41.6,11.0,WR,3.5,2.0,0.0,0.0,0.08413461538461538,0.0,True,30.48780487804878,49.29934406678593,152.0,-18.811539188737147,-18.811539188737147,0.08413461538461538,0.0,49.29934406678593,0.6184221201147603,-1.5827016144370194,0.08413461538461538,Near Expectation
2017,12,3,135,Voldemort,Matt Forte,False,matt forte,Voldemort,8.8,2.0,RB,3.6,1.0,0.0,0.0,0.40909090909090906,0.0,True,22.89156626506024,41.86046511627907,147.0,-18.96889885121883,-18.96889885121883,0.40909090909090906,0.0,41.86046511627907,0.5468540829986612,-7.760004075498612,0.40909090909090906,Near Expectation
2017,8,7,91,Malle ❤️ 🐸,Terrance West,False,terrance west,Malle ❤️ 🐸,26.1,5.0,RB,26.1,5.0,1.7,1.0,1.0,0.06513409961685823,True,37.34939759036144,56.53846153846153,174.0,-19.18906394810009,-19.18906394810009,1.0,0.06513409961685823,56.53846153846153,0.6606015900336037,-19.18906394810009,1.0,Near Expectation
2025,12,3,135,malle_dips_pouches,Christian Kirk,False,christian kirk,malle_dips_pouches,36.3,13.0,WR,0.8,3.0,0.0,0.0,0.022038567493112952,0.0,True,26.82926829268293,46.51162790697674,145.0,-19.682359614293812,-19.682359614293812,0.022038567493112952,0.0,46.51162790697674,0.576829268292683,-0.4337710107833348,0.022038567493112952,Near Expectation
2020,11,3,123,Big Sack Jack,Anthony Miller,False,anthony miller,Big Sack Jack,41.3,7.0,WR,41.3,7.0,0.0,0.0,1.0,0.0,True,27.500000000000004,47.25274725274725,157.0,-19.752747252747245,-19.752747252747245,1.0,0.0,47.25274725274725,0.5819767441860466,-19.752747252747245,1.0,Near Expectation
2022,10,1,109,Joe Mantegna,Russell Gage Jr.,False,russell gage,Joe Mantegna,34.7,5.0,WR,34.7,5.0,0.0,0.0,1.0,0.0,True,32.55813953488372,52.4390243902439,151.0,-19.88088485536018,-19.88088485536018,1.0,0.0,52.4390243902439,0.6208761492698757,-19.88088485536018,1.0,Near Expectation
2025,10,2,110,The Big Gronkowski,Dylan Sampson,False,dylan sampson,The Big Gronkowski,29.0,7.0,RB,18.7,4.0,0.0,0.0,0.6448275862068965,0.0,True,32.432432432432435,52.4390243902439,151.0,-20.006591957811466,-20.006591957811466,0.6448275862068965,0.0,52.4390243902439,0.6184789440603394,-12.900802400381876,0.6448275862068965,Near Expectation
2018,8,7,91,Ginger FC,Chris Thompson,False,chris thompson,Ginger FC,38.2,9.0,RB,36.0,6.0,29.8,4.0,0.9424083769633507,0.8277777777777778,True,34.66666666666667,54.77235772357724,170.0,-20.105691056910565,-20.105691056910565,0.9424083769633507,0.8277777777777778,54.77235772357724,0.6329226658750187,-18.94777167666964,0.9424083769633507,Near Expectation
2020,8,7,91,The Big Gronkowski,Sterling Shepard,False,sterling shepard,The Big Gronkowski,54.9,10.0,WR,54.9,10.0,0.0,0.0,1.0,0.0,True,37.5,58.139534883720934,171.0,-20.639534883720934,-20.639534883720934,1.0,0.0,58.139534883720934,0.6449999999999999,-20.639534883720934,1.0,Near Expectation
2019,8,4,88,Malle ❤️ 🐸,Kareem Hunt,False,kareem hunt,Malle ❤️ 🐸,36.3,13.0,RB,36.3,13.0,28.9,3.0,1.0,0.7961432506887053,True,38.46153846153847,59.62301587301587,176.0,-21.161477411477406,-21.161477411477406,1.0,0.7961432506887053,59.62301587301587,0.6450787149622424,-21.161477411477406,1.0,Near Expectation
2017,9,5,101,malle_dips_pouches,Tyrell Williams,False,tyrell williams,malle_dips_pouches,36.2,9.0,WR,36.2,9.0,26.599999999999998,4.0,1.0,0.734806629834254,True,30.864197530864196,52.116402116402114,164.0,-21.252204585537918,-21.252204585537918,1.0,0.734806629834254,52.116402116402114,0.5922165820642978,-21.252204585537918,1.0,Near Expectation
2024,8,6,90,malle_dips_pouches,Christian Watson,False,christian watson,malle_dips_pouches,67.1,13.0,WR,5.9,2.0,0.0,0.0,0.08792846497764532,0.0,True,35.80246913580247,57.14285714285714,173.0,-21.34038800705467,-21.34038800705467,0.08792846497764532,0.0,57.14285714285714,0.6265432098765432,-1.876427559487669,0.08792846497764532,Near Expectation
2020,14,1,157,Pop Lockett Drop it,Daniel Jones,False,daniel jones,Pop Lockett Drop it,41.16,3.0,QB,41.16,3.0,0.0,0.0,1.0,0.0,True,18.75,40.60846560846561,110.0,-21.858465608465607,-21.858465608465607,1.0,0.0,40.60846560846561,0.4617263843648209,-21.858465608465607,1.0,Near Expectation
2023,11,12,132,Uncle Rico,Chig Okonkwo,False,chig okonkwo,Uncle Rico,7.9,1.0,TE,7.9,1.0,7.9,1.0,1.0,1.0,True,18.181818181818183,40.4344512195122,154.0,-22.252633037694014,-22.252633037694014,1.0,1.0,40.4344512195122,0.44966155427983895,-22.252633037694014,1.0,Near Expectation
2018,15,11,179,Pop Lockett Drop it,Cameron Meredith,False,cameron meredith,Pop Lockett Drop it,15.399999999999999,6.0,WR,15.399999999999999,6.0,0.0,0.0,1.0,0.0,True,22.61904761904762,44.938271604938265,46.0,-22.319223985890645,-22.319223985890645,1.0,0.0,44.938271604938265,0.5033359497645213,-22.319223985890645,1.0,Near Expectation
2017,14,3,159,Voldemort,Blake Bortles,False,blake bortles,Voldemort,85.22,6.0,QB,0.0,0.0,0.0,0.0,0.0,,True,18.51851851851852,41.03703703703704,102.0,-22.51851851851852,-22.51851851851852,0.0,,41.03703703703704,0.45126353790613716,-0.0,0.0,Near Expectation
2022,14,3,159,Ginger FC,Sammy Watkins,False,sammy watkins,Ginger FC,14.100000000000001,2.0,WR,14.100000000000001,2.0,0.0,0.0,1.0,0.0,True,17.441860465116278,40.476190476190474,107.0,-23.034330011074196,-23.034330011074196,1.0,0.0,40.476190476190474,0.43091655266757867,-23.034330011074196,1.0,Near Expectation
2025,8,7,91,Voldemort,Kyler Murray,False,kyler murray,Voldemort,92.78,14.0,QB,33.06,6.0,33.06,2.0,0.3563267945677948,1.0,True,33.33333333333333,57.14285714285714,171.0,-23.80952380952381,-23.80952380952381,0.3563267945677948,1.0,57.14285714285714,0.5833333333333333,-8.48397129923321,0.3563267945677948,Near Expectation
2020,11,9,129,ThreatLevelMidnight,Tony Pollard,False,tony pollard,ThreatLevelMidnight,11.9,3.0,RB,5.6,2.0,0.0,0.0,0.4705882352941176,0.0,True,16.666666666666664,40.492321589882565,158.0,-23.8256549232159,-23.8256549232159,0.4705882352941176,0.0,40.492321589882565,0.4116006692693809,-11.212072905042776,0.4705882352941176,Near Expectation
2019,13,2,146,The Big Gronkowski,Dion Lewis,False,dion lewis,The Big Gronkowski,11.6,6.0,RB,11.6,6.0,0.0,0.0,1.0,0.0,True,17.94871794871795,41.86046511627907,125.0,-23.911747167561124,-23.911747167561124,1.0,0.0,41.86046511627907,0.42877492877492873,-23.911747167561124,1.0,Near Expectation
2023,8,11,95,Post Mahomes,Brandin Cooks,False,brandin cooks,Post Mahomes,40.3,6.0,WR,5.9,3.0,0.0,0.0,0.14640198511166255,0.0,True,32.967032967032964,56.97674418604651,167.0,-24.009711219013546,-24.009711219013546,0.14640198511166255,0.0,56.97674418604651,0.5786050684009867,-3.5150693844213388,0.14640198511166255,Near Expectation
2024,14,12,168,Ginger FC,Gabe Davis,False,gabe davis,Ginger FC,19.9,5.0,WR,19.9,5.0,0.0,0.0,1.0,0.0,True,16.666666666666664,40.74074074074074,93.0,-24.074074074074076,-24.074074074074076,1.0,0.0,40.74074074074074,0.40909090909090906,-24.074074074074076,1.0,Near Expectation
2020,13,9,153,ThreatLevelMidnight,Chris Herndon,False,chris herndon,ThreatLevelMidnight,5.7,2.0,TE,5.7,2.0,5.7,2.0,1.0,1.0,True,17.24137931034483,41.333333333333336,117.0,-24.091954022988507,-24.091954022988507,1.0,1.0,41.333333333333336,0.4171301446051168,-24.091954022988507,1.0,Near Expectation
2024,9,5,101,The Big Gronkowski,Gus Edwards,False,gus edwards,The Big Gronkowski,25.4,8.0,RB,5.9,1.0,0.0,0.0,0.23228346456692917,0.0,True,27.77777777777778,52.38095238095239,158.0,-24.603174603174608,-24.603174603174608,0.23228346456692917,0.0,52.38095238095239,0.5303030303030303,-5.7149106361704805,0.23228346456692917,Near Expectation
2025,8,6,90,Uncle Rico,Matthew Golden,False,matthew golden,Uncle Rico,43.2,13.0,WR,0.0,2.0,0.0,0.0,0.0,,True,32.926829268292686,57.73809523809524,174.0,-24.811265969802555,-24.811265969802555,0.0,,57.73809523809524,0.5702791048529042,-0.0,0.0,Near Expectation
2022,13,8,152,ThreatLevelMidnight,Albert Okwuegbunam Jr.,False,albert okwuegbunam,ThreatLevelMidnight,5.8,2.0,TE,5.8,2.0,5.8,2.0,1.0,1.0,True,16.129032258064516,41.39837398373984,116.0,-25.26934172567532,-25.26934172567532,1.0,1.0,41.39837398373984,0.3896054532093353,-25.26934172567532,1.0,Bust
2024,11,7,127,malle_dips_pouches,Justin Herbert,False,justin herbert,malle_dips_pouches,113.28,8.0,QB,16.0,1.0,16.0,1.0,0.14124293785310735,1.0,True,21.428571428571427,46.785225718194255,160.0,-25.356654289622828,-25.356654289622828,0.14124293785310735,1.0,46.785225718194255,0.45802005012531327,-3.581448345991925,0.14124293785310735,Bust
2024,14,4,160,Uncle Rico,Brandin Cooks,False,brandin cooks,Uncle Rico,19.8,5.0,WR,0.0,0.0,0.0,0.0,0.0,,True,14.814814814814813,40.23809523809524,110.0,-25.423280423280428,-25.423280423280428,0.0,,40.23809523809524,0.3681788297172912,-0.0,0.0,Bust
2018,8,12,96,Uncle Rico,Robbie Chosen,False,robbie chosen,Uncle Rico,21.7,9.0,WR,10.1,3.0,0.0,0.0,0.46543778801843316,0.0,True,28.57142857142857,54.49382716049382,164.0,-25.922398589065253,-25.922398589065253,0.46543778801843316,0.0,54.49382716049382,0.5243057803094051,-12.065263859426684,0.46543778801843316,Bust
2018,14,11,167,Post Mahomes,Jordan Wilkins,False,jordan wilkins,Post Mahomes,8.1,2.0,RB,6.1,1.0,0.0,0.0,0.7530864197530864,0.0,True,14.666666666666666,40.74074074074074,93.0,-26.074074074074076,-26.074074074074076,0.7530864197530864,0.0,40.74074074074074,0.36,-19.636031092821217,0.7530864197530864,Bust
2025,12,4,136,Buttermilk Puuump,Najee Harris,False,najee harris,Buttermilk Puuump,10.1,6.0,RB,5.8,2.0,0.0,0.0,0.5742574257425742,0.0,True,18.91891891891892,45.0,141.0,-26.08108108108108,-26.08108108108108,0.5742574257425742,0.0,45.0,0.42042042042042044,-14.977254482204977,0.5742574257425742,Bust
2023,10,9,117,The Big Gronkowski,Skyy Moore,False,skyy moore,The Big Gronkowski,32.1,8.0,WR,32.1,8.0,0.0,0.0,1.0,0.0,True,26.373626373626376,52.5,155.0,-26.126373626373624,-26.126373626373624,1.0,0.0,52.5,0.5023547880690739,-26.126373626373624,1.0,Bust
2018,9,5,101,Dillon Panthers,Jimmy Garoppolo,False,jimmy garoppolo,Dillon Panthers,61.019999999999996,3.0,QB,61.019999999999996,3.0,0.0,0.0,1.0,0.0,True,26.666666666666668,52.81040798282178,156.0,-26.14374131615511,-26.14374131615511,1.0,0.0,52.81040798282178,0.5049509686677828,-26.14374131615511,1.0,Bust
2018,10,5,113,ThreatLevelMidnight,Dak Prescott,False,dak prescott,ThreatLevelMidnight,54.879999999999995,3.0,QB,8.7,1.0,0.0,0.0,0.1585276967930029,0.0,True,20.0,46.51162790697674,151.0,-26.51162790697674,-26.51162790697674,0.1585276967930029,0.0,46.51162790697674,0.43000000000000005,-4.202827310326123,0.1585276967930029,Bust
2024,12,7,139,Pop Lockett Drop it,Trevor Lawrence,False,trevor lawrence,Pop Lockett Drop it,57.760000000000005,4.0,QB,13.28,1.0,0.0,0.0,0.22991689750692518,0.0,True,17.857142857142858,45.0,139.0,-27.142857142857142,-27.142857142857142,0.22991689750692518,0.0,45.0,0.39682539682539686,-6.240601503759398,0.22991689750692518,Bust
2018,13,8,152,ThreatLevelMidnight,Kelvin Benjamin,False,kelvin benjamin,ThreatLevelMidnight,8.9,2.0,WR,8.9,2.0,0.0,0.0,1.0,0.0,True,13.690476190476192,41.02564102564102,113.0,-27.335164835164832,-27.335164835164832,1.0,0.0,41.02564102564102,0.3337053571428572,-27.335164835164832,1.0,Bust
2023,14,11,167,Post Mahomes,Darnell Mooney,False,darnell mooney,Post Mahomes,13.3,2.0,WR,13.3,2.0,0.0,0.0,1.0,0.0,True,13.186813186813188,40.60846560846561,100.0,-27.421652421652418,-27.421652421652418,1.0,0.0,40.60846560846561,0.324730643948885,-27.421652421652418,1.0,Bust
2025,12,1,133,Malle ❤️ 🐸,Jerome Ford,False,jerome ford,Malle ❤️ 🐸,8.9,2.0,RB,7.9,1.0,0.0,0.0,0.8876404494382023,0.0,True,17.56756756756757,45.0,151.0,-27.43243243243243,-27.43243243243243,0.8876404494382023,0.0,45.0,0.3903903903903904,-24.35013665350744,0.8876404494382023,Bust
2019,11,4,124,Voldemort,Justin Jackson,False,justin jackson,Voldemort,12.5,2.0,RB,12.5,2.0,0.0,0.0,1.0,0.0,True,19.230769230769234,46.785225718194255,158.0,-27.55445648742502,-27.55445648742502,1.0,0.0,46.785225718194255,0.41104363472784533,-27.55445648742502,1.0,Bust
2021,12,9,141,malle_dips_pouches,Evan Engram,False,evan engram,malle_dips_pouches,17.4,6.0,TE,17.4,6.0,11.4,2.0,1.0,0.6551724137931035,True,14.814814814814813,42.640692640692635,136.0,-27.82587782587782,-27.82587782587782,1.0,0.6551724137931035,42.640692640692635,0.34743372814438805,-27.82587782587782,1.0,Bust
2025,11,11,131,The Big Gronkowski,Rashod Bateman,False,rashod bateman,The Big Gronkowski,22.2,5.0,WR,4.9,2.0,0.0,0.0,0.22072072072072074,0.0,True,17.073170731707318,45.0609756097561,150.0,-27.98780487804878,-27.98780487804878,0.22072072072072074,0.0,45.0609756097561,0.37889039242219213,-6.17748846407383,0.22072072072072074,Bust
2025,12,12,144,Joe Mantegna,Jayden Higgins,False,jayden higgins,Joe Mantegna,16.5,3.0,WR,4.2,1.0,0.0,0.0,0.2545454545454546,0.0,True,14.634146341463413,42.857142857142854,131.0,-28.22299651567944,-28.22299651567944,0.2545454545454546,0.0,42.857142857142854,0.3414634146341463,-7.184035476718404,0.2545454545454546,Bust
2024,14,8,164,The Big Gronkowski,Adonai Mitchell,False,adonai mitchell,The Big Gronkowski,14.26,6.0,WR,3.5,1.0,0.0,0.0,0.24544179523141654,0.0,True,12.345679012345679,40.60846560846561,106.0,-28.26278659611993,-28.26278659611993,0.24544179523141654,0.0,40.60846560846561,0.30401737242128124,-6.936869080394092,0.24544179523141654,Bust
2025,11,4,124,Post Mahomes,Chris Godwin Jr.,False,chris godwin,Post Mahomes,27.4,14.0,WR,14.0,9.0,8.0,1.0,0.5109489051094891,0.5714285714285714,True,20.73170731707317,49.29934406678593,152.0,-28.567636749712758,-28.567636749712758,0.5109489051094891,0.5714285714285714,49.29934406678593,0.42052704167803695,-14.596602718831337,0.5109489051094891,Bust
2023,10,4,112,Patty Primetimes,Kadarius Toney,False,kadarius toney,Patty Primetimes,26.6,10.0,WR,0.5,1.0,0.0,0.0,0.018796992481203006,0.0,True,23.076923076923077,51.85185185185185,151.0,-28.77492877492877,-28.77492877492877,0.018796992481203006,0.0,51.85185185185185,0.4450549450549451,-0.5408821198294882,0.018796992481203006,Bust
2025,9,2,98,Patty Primetimes,Tank Bigsby,False,tank bigsby,Patty Primetimes,17.599999999999998,13.0,RB,0.7,2.0,0.0,0.0,0.03977272727272727,0.0,True,24.324324324324326,53.125,165.0,-28.800675675675674,-28.800675675675674,0.03977272727272727,0.0,53.125,0.4578696343402226,-1.1454814189189189,0.03977272727272727,Bust
2017,13,9,153,The Big Gronkowski,O.J. Howard,False,oj howard,The Big Gronkowski,4.5,4.0,TE,4.5,4.0,1.6,1.0,1.0,0.35555555555555557,True,13.636363636363635,42.5287356321839,111.0,-28.89237199582027,-28.89237199582027,1.0,0.35555555555555557,42.5287356321839,0.32063882063882065,-28.89237199582027,1.0,Bust
2021,14,11,167,Joe Mantegna,Rashaad Penny,False,rashaad penny,Joe Mantegna,1.7000000000000002,4.0,RB,0.8,3.0,0.0,0.0,0.47058823529411764,0.0,True,11.494252873563218,40.60846560846561,100.0,-29.114212734902388,-29.114212734902388,0.47058823529411764,0.0,40.60846560846561,0.2830506570818825,-13.70080599289524,0.47058823529411764,Bust
2025,10,8,116,Pop Lockett Drop it,Brian Robinson,False,brian robinson,Pop Lockett Drop it,10.9,4.0,RB,4.300000000000001,2.0,0.0,0.0,0.3944954128440368,0.0,True,20.27027027027027,49.411764705882355,155.0,-29.141494435612085,-29.141494435612085,0.3944954128440368,0.0,49.411764705882355,0.4102316602316602,-11.49618587826899,0.3944954128440368,Bust
2025,11,5,125,Pop Lockett Drop it,Cedric Tillman,False,cedric tillman,Pop Lockett Drop it,28.099999999999998,4.0,WR,5.199999999999999,2.0,1.1,1.0,0.18505338078291814,0.2115384615384616,True,21.951219512195124,51.162790697674424,151.0,-29.2115711854793,-29.2115711854793,0.18505338078291814,0.2115384615384616,51.162790697674424,0.42904656319290463,-5.40570000585382,0.18505338078291814,Bust
2018,10,1,109,The Big Gronkowski,Alex Smith,False,alex smith,The Big Gronkowski,58.480000000000004,3.0,QB,58.480000000000004,3.0,0.0,0.0,1.0,0.0,True,23.333333333333332,52.68678160919541,146.0,-29.353448275862075,-29.353448275862075,1.0,0.0,52.68678160919541,0.4428688301063539,-29.353448275862075,1.0,Bust
2017,15,2,170,Pop Lockett Drop it,Cole Beasley,False,cole beasley,Pop Lockett Drop it,6.9,3.0,WR,6.9,3.0,0.0,0.0,1.0,0.0,True,12.345679012345679,41.8526031102096,78.0,-29.506924097863923,-29.506924097863923,1.0,0.0,41.8526031102096,0.2949799557230898,-29.506924097863923,1.0,Bust
2022,11,12,132,Joe Mantegna,Julio Jones,False,julio jones,Joe Mantegna,10.1,2.0,WR,10.1,2.0,0.0,0.0,1.0,0.0,True,10.465116279069768,40.0,154.0,-29.53488372093023,-29.53488372093023,1.0,0.0,40.0,0.2616279069767442,-29.53488372093023,1.0,Bust
2020,11,5,125,Malle ❤️ 🐸,DeSean Jackson,False,desean jackson,Malle ❤️ 🐸,23.2,13.0,WR,23.2,13.0,8.2,2.0,1.0,0.35344827586206895,True,17.5,47.155785391079505,156.0,-29.655785391079505,-29.655785391079505,1.0,0.35344827586206895,47.155785391079505,0.3711103495544894,-29.655785391079505,1.0,Bust
2023,12,5,137,Pop Lockett Drop it,Rondale Moore,False,rondale moore,Pop Lockett Drop it,6.0,1.0,WR,6.0,1.0,0.0,0.0,1.0,0.0,True,10.989010989010989,41.02564102564102,141.0,-30.036630036630033,-30.036630036630033,1.0,0.0,41.02564102564102,0.2678571428571429,-30.036630036630033,1.0,Bust
2025,14,11,167,Patty Primetimes,Will Shipley,False,will shipley,Patty Primetimes,3.5,5.0,RB,0.0,0.0,0.0,0.0,0.0,,True,10.81081081081081,40.95860566448802,104.0,-30.14779485367721,-30.14779485367721,0.0,,40.95860566448802,0.26394479585968944,-0.0,0.0,Bust
2017,11,5,125,malle_dips_pouches,Corey Coleman,False,corey coleman,malle_dips_pouches,12.200000000000001,5.0,WR,12.200000000000001,5.0,0.0,0.0,1.0,0.0,True,16.049382716049383,47.155785391079505,154.0,-31.10640267503012,-31.10640267503012,1.0,0.0,47.155785391079505,0.34034811599353526,-31.10640267503012,1.0,Bust
2025,14,9,165,Post Mahomes,DeMario Douglas,False,demario douglas,Post Mahomes,7.2,1.0,WR,7.2,1.0,0.0,0.0,1.0,0.0,True,9.75609756097561,40.95860566448802,106.0,-31.202508103512407,-31.202508103512407,1.0,0.0,40.95860566448802,0.23819408406850023,-31.202508103512407,1.0,Bust
2023,8,2,86,Voldemort,Jerick McKinnon,False,jerick mckinnon,Voldemort,24.1,6.0,RB,5.2,2.0,0.0,0.0,0.21576763485477177,0.0,True,30.48780487804878,61.76470588235294,181.0,-31.27690100430416,-31.27690100430416,0.21576763485477177,0.0,61.76470588235294,0.49361207897793263,-6.7485429552855445,0.21576763485477177,Bust
2021,13,1,145,Uncle Rico,Giovani Bernard,False,giovani bernard,Uncle Rico,1.4,1.0,RB,0.0,0.0,0.0,0.0,0.0,,True,10.344827586206897,41.66193987521271,136.0,-31.317112289005813,-31.317112289005813,0.0,,41.66193987521271,0.24830403042182106,-0.0,0.0,Bust
2017,14,5,161,Dillon Panthers,Zay Jones,False,zay jones,Dillon Panthers,3.9000000000000004,2.0,WR,3.9000000000000004,2.0,0.0,0.0,1.0,0.0,True,9.876543209876543,41.39837398373984,102.0,-31.521830773863293,-31.521830773863293,1.0,0.0,41.39837398373984,0.2385732157923831,-31.521830773863293,1.0,Bust
2025,13,6,150,Voldemort,Chig Okonkwo,False,chig okonkwo,Voldemort,3.4,1.0,TE,0.0,0.0,0.0,0.0,0.0,,True,10.0,41.59689922480621,120.0,-31.596899224806208,-31.596899224806208,0.0,,41.59689922480621,0.24040253447633242,-0.0,0.0,Bust
2019,15,10,178,Joe Mantegna,Justice Hill,False,justice hill,Joe Mantegna,2.7,1.0,RB,2.7,1.0,0.0,0.0,1.0,0.0,True,8.974358974358974,40.74074074074074,51.0,-31.766381766381766,-31.766381766381766,1.0,0.0,40.74074074074074,0.2202797202797203,-31.766381766381766,1.0,Bust
2019,9,7,103,ThreatLevelMidnight,Corey Davis,False,corey davis,ThreatLevelMidnight,9.5,4.0,WR,3.8,2.0,0.0,0.0,0.39999999999999997,0.0,True,20.0,51.85185185185185,155.0,-31.851851851851848,-31.851851851851848,0.39999999999999997,0.0,51.85185185185185,0.38571428571428573,-12.740740740740739,0.39999999999999997,Bust
2021,12,4,136,Post Mahomes,Curtis Samuel,False,curtis samuel,Post Mahomes,4.7,5.0,WR,4.7,5.0,0.0,0.0,1.0,0.0,True,9.30232558139535,41.44305307096005,142.0,-32.140727489564696,-32.140727489564696,1.0,0.0,41.44305307096005,0.22446043165467627,-32.140727489564696,1.0,Bust
2020,9,7,103,Joe Mantegna,Tarik Cohen,False,tarik cohen,Joe Mantegna,14.5,3.0,RB,14.5,3.0,0.0,0.0,1.0,0.0,True,21.428571428571427,53.771213073538654,152.0,-32.34264164496723,-32.34264164496723,1.0,0.0,53.771213073538654,0.3985138181514569,-32.34264164496723,1.0,Bust
2025,14,8,164,Pop Lockett Drop it,Ollie Gordon II,False,ollie gordon,Pop Lockett Drop it,1.8,2.0,RB,0.0,0.0,0.0,0.0,0.0,,True,8.108108108108109,40.74074074074074,109.0,-32.632632632632635,-32.632632632632635,0.0,,40.74074074074074,0.19901719901719903,-0.0,0.0,Bust
2022,8,1,85,Joe Mantegna,Elijah Moore,False,elijah moore,Joe Mantegna,27.900000000000002,6.0,WR,27.900000000000002,6.0,0.0,0.0,1.0,0.0,True,26.744186046511626,59.39153439153439,184.0,-32.64734834502276,-32.64734834502276,1.0,0.0,59.39153439153439,0.45030299891231157,-32.64734834502276,1.0,Bust
2023,11,4,124,The Big Gronkowski,Tank Bigsby,False,tank bigsby,The Big Gronkowski,12.3,3.0,RB,12.3,3.0,0.0,0.0,1.0,0.0,True,18.29268292682927,51.162790697674424,153.0,-32.87010777084515,-32.87010777084515,1.0,0.0,51.162790697674424,0.35753880266075383,-32.87010777084515,1.0,Bust
2024,11,3,123,Patty Primetimes,Khalil Herbert,False,khalil herbert,Patty Primetimes,8.1,2.0,RB,7.7,1.0,0.0,0.0,0.9506172839506174,0.0,True,13.88888888888889,47.25274725274725,159.0,-33.363858363858355,-33.363858363858355,0.9506172839506174,0.0,47.25274725274725,0.29392764857881143,-31.71626041996412,0.9506172839506174,Bust
2020,8,3,87,malle_dips_pouches,Mecole Hardman Jr.,False,mecole hardman,malle_dips_pouches,40.400000000000006,8.0,WR,1.1,1.0,0.0,0.0,0.027227722772277228,0.0,True,26.25,59.72222222222222,179.0,-33.47222222222222,-33.47222222222222,0.027227722772277228,0.0,59.72222222222222,0.43953488372093025,-0.9113723872387238,0.027227722772277228,Bust
2022,9,11,107,Uncle Rico,Kadarius Toney,False,kadarius toney,Uncle Rico,22.5,7.0,WR,3.3,2.0,0.0,0.0,0.14666666666666667,0.0,True,19.767441860465116,53.30668604651163,150.0,-33.53924418604652,-33.53924418604652,0.14666666666666667,0.0,53.30668604651163,0.3708248125426039,-4.919089147286822,0.14666666666666667,Bust
2025,12,6,138,Uncle Rico,J.J. McCarthy,False,jj mccarthy,Uncle Rico,50.76,3.0,QB,0.0,0.0,0.0,0.0,0.0,,True,13.333333333333334,47.05882352941176,139.0,-33.725490196078425,-33.725490196078425,0.0,,47.05882352941176,0.2833333333333334,-0.0,0.0,Bust
2017,14,6,162,Ginger FC,Jay Cutler,False,jay cutler,Ginger FC,15.1,2.0,QB,15.1,2.0,0.0,0.0,1.0,0.0,True,7.4074074074074066,41.17647058823529,101.0,-33.769063180827885,-33.769063180827885,1.0,0.0,41.17647058823529,0.17989417989417988,-33.769063180827885,1.0,Bust
2019,12,7,139,Ginger FC,Ben Roethlisberger,False,ben roethlisberger,Ginger FC,13.74,2.0,QB,13.74,2.0,0.0,0.0,1.0,0.0,True,8.823529411764707,42.94019933554817,140.0,-34.11666992378346,-34.11666992378346,1.0,0.0,42.94019933554817,0.20548412788713166,-34.11666992378346,1.0,Bust
2019,11,11,131,Uncle Rico,Trey Burton,False,trey burton,Uncle Rico,0.5,2.0,TE,0.5,2.0,0.0,0.0,1.0,0.0,True,5.88235294117647,40.74074074074074,154.0,-34.85838779956427,-34.85838779956427,1.0,0.0,40.74074074074074,0.1443850267379679,-34.85838779956427,1.0,Bust
2022,13,4,148,Patty Primetimes,Skyy Moore,False,skyy moore,Patty Primetimes,6.0,3.0,WR,3.5,2.0,0.0,0.0,0.5833333333333334,0.0,True,5.813953488372093,40.75091575091575,120.0,-34.93696226254366,-34.93696226254366,0.5833333333333334,0.0,40.75091575091575,0.14267049908544552,-20.37989465315047,0.5833333333333334,Bust
2020,14,8,164,Malle ❤️ 🐸,Blake Jarwin,False,blake jarwin,Malle ❤️ 🐸,1.7,6.0,TE,1.7,6.0,0.0,0.0,1.0,0.0,True,5.172413793103448,40.11494252873563,104.0,-34.94252873563218,-34.94252873563218,1.0,0.0,40.11494252873563,0.12893982808022922,-34.94252873563218,1.0,Bust
2019,14,8,164,Patty Primetimes,Keke Coutee,False,keke coutee,Patty Primetimes,0.7,3.0,WR,0.7,3.0,0.0,0.0,1.0,0.0,True,5.333333333333334,40.353037766830866,104.0,-35.01970443349753,-35.01970443349753,1.0,0.0,40.353037766830866,0.13216683621566636,-35.01970443349753,1.0,Bust
2023,10,12,120,Malle ❤️ 🐸,Daniel Jones,False,daniel jones,Malle ❤️ 🐸,66.96000000000001,9.0,QB,66.96000000000001,9.0,0.0,0.0,1.0,0.0,True,17.647058823529413,52.68678160919541,152.0,-35.039722785665994,-35.039722785665994,1.0,0.0,52.68678160919541,0.33494281268547776,-35.039722785665994,1.0,Bust
2024,9,11,107,Post Mahomes,Ezekiel Elliott,False,ezekiel elliott,Post Mahomes,17.8,3.0,RB,17.8,3.0,0.0,0.0,1.0,0.0,True,19.444444444444446,54.48607522250933,152.0,-35.041630778064885,-35.041630778064885,1.0,0.0,54.48607522250933,0.3568699776050587,-35.041630778064885,1.0,Bust
2023,8,5,89,Pop Lockett Drop it,Jaxon Smith-Njigba,False,jaxon smith njigba,Pop Lockett Drop it,27.3,7.0,WR,12.2,4.0,0.0,0.0,0.44688644688644685,0.0,True,24.175824175824175,59.25925925925925,177.0,-35.08343508343508,-35.08343508343508,0.44688644688644685,0.0,59.25925925925925,0.407967032967033,-15.678311649007616,0.44688644688644685,Bust
2023,11,11,131,Voldemort,DJ Chark,False,dj chark,Voldemort,2.0,2.0,WR,2.0,2.0,0.0,0.0,1.0,0.0,True,5.4945054945054945,40.74074074074074,153.0,-35.246235246235244,-35.246235246235244,1.0,0.0,40.74074074074074,0.13486513486513488,-35.246235246235244,1.0,Bust
2023,13,11,155,Voldemort,Deon Jackson,False,deon jackson,Voldemort,1.3,1.0,RB,1.3,1.0,0.0,0.0,1.0,0.0,True,4.878048780487805,40.476190476190474,119.0,-35.59814169570267,-35.59814169570267,1.0,0.0,40.476190476190474,0.12051649928263988,-35.59814169570267,1.0,Bust
2018,13,9,153,Voldemort,Josh Doctson,False,josh doctson,Voldemort,1.1,1.0,WR,1.1,1.0,0.0,0.0,1.0,0.0,True,6.547619047619048,42.42424242424242,111.0,-35.87662337662337,-35.87662337662337,1.0,0.0,42.42424242424242,0.15433673469387757,-35.87662337662337,1.0,Bust
2017,11,1,121,Post Mahomes,Mike Wallace,False,mike wallace,Post Mahomes,5.4,4.0,WR,1.5,2.0,0.0,0.0,0.27777777777777773,0.0,True,11.11111111111111,47.05882352941176,153.0,-35.947712418300654,-35.947712418300654,0.27777777777777773,0.0,47.05882352941176,0.23611111111111113,-9.98547567175018,0.27777777777777773,Bust
2021,12,7,139,Ginger FC,Tyrell Williams,False,tyrell williams,Ginger FC,2.4,3.0,WR,2.4,3.0,0.0,0.0,1.0,0.0,True,6.976744186046512,43.02325581395349,139.0,-36.04651162790698,-36.04651162790698,1.0,0.0,43.02325581395349,0.16216216216216214,-36.04651162790698,1.0,Bust
2025,8,1,85,Malle ❤️ 🐸,Brock Purdy,False,brock purdy,Malle ❤️ 🐸,77.88,7.0,QB,23.66,3.0,23.66,1.0,0.30380071905495637,1.0,True,23.333333333333332,59.62301587301587,182.0,-36.289682539682545,-36.289682539682545,0.30380071905495637,1.0,59.62301587301587,0.39134775374376035,-11.024831649831652,0.30380071905495637,Bust
2019,13,12,156,Big Sack Jack,Ty Montgomery II,False,ty montgomery,Big Sack Jack,0.4,1.0,RB,0.4,1.0,0.0,0.0,1.0,0.0,True,4.487179487179487,41.03703703703704,116.0,-36.54985754985755,-36.54985754985755,1.0,0.0,41.03703703703704,0.10934462649264093,-36.54985754985755,1.0,Bust
2025,9,5,101,Pop Lockett Drop it,Jayden Reed,False,jayden reed,Pop Lockett Drop it,19.3,3.0,WR,0.0,0.0,0.0,0.0,0.0,,True,15.853658536585366,52.40998838559814,160.0,-36.556329849012776,-36.556329849012776,0.0,,52.40998838559814,0.3024930747922438,-0.0,0.0,Bust
2021,15,3,171,Patty Primetimes,Travis Etienne Jr.,False,travis etienne,Patty Primetimes,0.0,14.0,RB,0.0,14.0,0.0,0.0,,,True,4.022988505747127,40.74074074074074,83.0,-36.71775223499361,-36.71775223499361,,,40.74074074074074,0.0987460815047022,-0.0,,Bust
2021,11,2,122,Joe Mantegna,Will Fuller V,False,will fuller,Joe Mantegna,6.6,6.0,WR,6.6,6.0,5.5,1.0,1.0,0.8333333333333334,True,10.465116279069768,47.25274725274725,155.0,-36.78763097367748,-36.78763097367748,1.0,0.8333333333333334,47.25274725274725,0.22147106544077882,-36.78763097367748,1.0,Bust
2025,12,5,137,Ginger FC,Ray Davis,False,ray davis,Ginger FC,3.0,2.0,RB,2.4,1.0,0.0,0.0,0.7999999999999999,0.0,True,9.45945945945946,46.5891472868217,140.0,-37.12968782736224,-37.12968782736224,0.7999999999999999,0.0,46.5891472868217,0.20303997841435448,-29.70375026188979,0.7999999999999999,Bust
2019,15,12,180,Big Sack Jack,Mitchell Trubisky,False,mitchell trubisky,Big Sack Jack,9.22,1.0,QB,9.22,1.0,0.0,0.0,1.0,0.0,True,5.88235294117647,43.20987654320987,41.0,-37.3275236020334,-37.3275236020334,1.0,0.0,43.20987654320987,0.1361344537815126,-37.3275236020334,1.0,Bust
2021,15,5,173,Malle ❤️ 🐸,Ryan Fitzpatrick,False,ryan fitzpatrick,Malle ❤️ 🐸,0.72,13.0,QB,0.72,13.0,0.0,0.0,1.0,0.0,True,5.88235294117647,43.20987654320987,75.0,-37.3275236020334,-37.3275236020334,1.0,0.0,43.20987654320987,0.1361344537815126,-37.3275236020334,1.0,Bust
2022,15,1,169,Post Mahomes,Zamir White,False,zamir white,Post Mahomes,0.0,1.0,RB,0.0,1.0,0.0,0.0,,,True,2.941176470588235,40.485312899106006,90.0,-37.544136428517774,-37.544136428517774,,,40.485312899106006,0.07264798663945073,-0.0,,Bust
2022,13,12,156,Joe Mantegna,Ronald Jones,False,ronald jones,Joe Mantegna,0.0,1.0,RB,0.0,1.0,0.0,0.0,,,True,2.941176470588235,40.88319088319088,116.0,-37.942014412602646,-37.942014412602646,,,40.88319088319088,0.07194097151055545,-0.0,,Bust
2025,13,4,148,Post Mahomes,Joe Mixon,False,joe mixon,Post Mahomes,0.0,7.0,RB,0.0,3.0,0.0,0.0,,,True,3.3783783783783785,41.333333333333336,121.0,-37.95495495495496,-37.95495495495496,,,41.333333333333336,0.08173496076721883,-0.0,,Bust
2022,12,11,143,malle_dips_pouches,DeVante Parker,False,devante parker,malle_dips_pouches,1.4,2.0,WR,1.4,2.0,0.0,0.0,1.0,0.0,True,3.488372093023256,41.46341463414634,133.0,-37.97504254112308,-37.97504254112308,1.0,0.0,41.46341463414634,0.08413132694938441,-37.97504254112308,1.0,Bust
2017,11,10,130,Voldemort,Jeremy Hill,False,jeremy hill,Voldemort,2.4,1.0,RB,2.4,1.0,0.0,0.0,1.0,0.0,True,4.819277108433735,42.80523255813954,154.0,-37.9859554497058,-37.9859554497058,1.0,0.0,42.80523255813954,0.1125861681019494,-37.9859554497058,1.0,Bust
2024,13,5,149,The Big Gronkowski,Luke Musgrave,False,luke musgrave,The Big Gronkowski,0.0,1.0,TE,0.0,0.0,0.0,0.0,,,True,3.3333333333333335,41.333333333333336,123.0,-38.0,-38.0,,,41.333333333333336,0.08064516129032258,-0.0,,Bust
2019,14,1,157,Big Sack Jack,Anthony Miller,False,anthony miller,Big Sack Jack,0.2,2.0,WR,0.2,2.0,0.0,0.0,1.0,0.0,True,2.666666666666667,40.74074074074074,111.0,-38.074074074074076,-38.074074074074076,1.0,0.0,40.74074074074074,0.06545454545454546,-38.074074074074076,1.0,Bust
2024,14,3,159,Joe Mantegna,Mike Williams,False,mike williams,Joe Mantegna,0.0,1.0,WR,0.0,1.0,0.0,0.0,,,True,2.4691358024691357,40.60846560846561,110.0,-38.139329805996475,-38.139329805996475,,,40.60846560846561,0.06080347448425624,-0.0,,Bust
2023,10,10,118,Ginger FC,Treylon Burks,False,treylon burks,Ginger FC,13.799999999999999,5.0,WR,13.799999999999999,5.0,0.0,0.0,1.0,0.0,True,14.285714285714285,52.44047619047619,154.0,-38.154761904761905,-38.154761904761905,1.0,0.0,52.44047619047619,0.2724177071509648,-38.154761904761905,1.0,Bust
2017,9,10,106,Voldemort,Paul Perkins,False,paul perkins,Voldemort,4.7,2.0,RB,4.7,2.0,2.5,1.0,1.0,0.5319148936170213,True,14.457831325301203,52.68678160919541,156.0,-38.22895028389421,-38.22895028389421,1.0,0.5319148936170213,52.68678160919541,0.2744109790676203,-38.22895028389421,1.0,Bust
2020,13,4,148,Uncle Rico,Darrynton Evans,False,darrynton evans,Uncle Rico,0.0,1.0,RB,0.0,1.0,0.0,0.0,,,True,1.1904761904761905,39.53330619997287,122.0,-38.34283000949668,-38.34283000949668,,,39.53330619997287,0.030113246396705557,-0.0,,Bust
2021,12,3,135,ThreatLevelMidnight,Cam Akers,False,cam akers,ThreatLevelMidnight,0.0,1.0,RB,0.0,1.0,0.0,0.0,,,True,4.022988505747127,42.44186046511628,146.0,-38.41887195936915,-38.41887195936915,,,42.44186046511628,0.09478822232719257,-0.0,,Bust
2024,15,5,173,The Big Gronkowski,MarShawn Lloyd,False,marshawn lloyd,The Big Gronkowski,2.3,6.0,RB,2.3,1.0,0.0,0.0,1.0,0.0,True,4.166666666666666,42.66666666666667,75.0,-38.50000000000001,-38.50000000000001,1.0,0.0,42.66666666666667,0.09765624999999997,-38.50000000000001,1.0,Bust
2019,13,10,154,Joe Mantegna,Jordan Reed,False,jordan reed,Joe Mantegna,0.0,1.0,TE,0.0,1.0,0.0,0.0,,,True,2.941176470588235,41.46341463414634,113.0,-38.52223816355811,-38.52223816355811,,,41.46341463414634,0.07093425605536333,-0.0,,Bust
2023,9,12,108,Uncle Rico,Jeff Wilson Jr.,False,jeff wilson,Uncle Rico,10.9,9.0,RB,10.9,9.0,0.0,0.0,1.0,0.0,True,16.463414634146343,55.12820512820513,151.0,-38.66479049405879,-38.66479049405879,1.0,0.0,55.12820512820513,0.2986386840612592,-38.66479049405879,1.0,Bust
2023,12,8,140,Joe Mantegna,Kendre Miller,False,kendre miller,Joe Mantegna,0.0,1.0,RB,0.0,1.0,0.0,0.0,,,True,3.048780487804878,41.86046511627907,137.0,-38.8116846284742,-38.8116846284742,,,41.86046511627907,0.07283197831978319,-0.0,,Bust
2020,11,11,131,Patty Primetimes,Golden Tate,False,golden tate,Patty Primetimes,0.0,1.0,WR,0.0,1.0,0.0,0.0,,,True,1.25,40.1219512195122,154.0,-38.8719512195122,-38.8719512195122,,,40.1219512195122,0.031155015197568386,-0.0,,Bust
2025,11,9,129,Buttermilk Puuump,Luther Burden III,False,luther burden,Buttermilk Puuump,1.2,2.0,WR,1.0,1.0,0.0,0.0,0.8333333333333334,0.0,True,6.097560975609756,45.0609756097561,154.0,-38.963414634146346,-38.963414634146346,0.8333333333333334,0.0,45.0609756097561,0.13531799729364005,-32.46951219512196,0.8333333333333334,Bust
2018,11,6,126,Ginger FC,Rishard Matthews,False,rishard matthews,Ginger FC,0.8,2.0,WR,0.8,2.0,0.0,0.0,1.0,0.0,True,4.761904761904762,43.75,164.0,-38.98809523809524,-38.98809523809524,1.0,0.0,43.75,0.10884353741496598,-38.98809523809524,1.0,Bust
2018,9,6,102,Ginger FC,Pierre Garcon,False,pierre garcon,Ginger FC,8.9,3.0,WR,8.9,3.0,1.1,1.0,1.0,0.12359550561797754,True,13.690476190476192,52.74725274725275,151.0,-39.05677655677656,-39.05677655677656,1.0,0.12359550561797754,52.74725274725275,0.2595486111111111,-39.05677655677656,1.0,Bust
2017,13,2,146,Pop Lockett Drop it,Kevin White,False,kevin white,Pop Lockett Drop it,0.6,1.0,WR,0.6,1.0,0.6,1.0,1.0,1.0,True,2.4691358024691357,41.66193987521271,126.0,-39.19280407274358,-39.19280407274358,1.0,1.0,41.66193987521271,0.05926598256981737,-39.19280407274358,1.0,Bust
2020,10,3,111,malle_dips_pouches,Marlon Mack,False,marlon mack,malle_dips_pouches,7.1,1.0,RB,7.1,1.0,0.0,0.0,1.0,0.0,True,13.095238095238097,52.4390243902439,153.0,-39.343786295005806,-39.343786295005806,1.0,0.0,52.4390243902439,0.24972314507198232,-39.343786295005806,1.0,Bust
2025,8,2,86,The Big Gronkowski,Braelon Allen,False,braelon allen,The Big Gronkowski,14.3,4.0,RB,7.5,2.0,0.0,0.0,0.5244755244755245,0.0,True,21.62162162162162,61.1764705882353,179.0,-39.554848966613676,-39.554848966613676,0.5244755244755245,0.0,61.1764705882353,0.3534303534303534,-20.745550157314867,0.5244755244755245,Bust
2019,12,6,138,ThreatLevelMidnight,Darwin Thompson,False,darwin thompson,ThreatLevelMidnight,0.3,1.0,RB,0.3,1.0,0.0,0.0,1.0,0.0,True,2.564102564102564,43.02325581395349,141.0,-40.45915324985093,-40.45915324985093,1.0,0.0,43.02325581395349,0.05959805959805959,-40.45915324985093,1.0,Major Bust
2018,10,2,110,Pop Lockett Drop it,Ronald Jones,False,ronald jones,Pop Lockett Drop it,2.9,6.0,RB,2.8,5.0,0.0,0.0,0.9655172413793103,0.0,True,10.666666666666668,51.24999999999999,147.0,-40.58333333333333,-40.58333333333333,0.9655172413793103,0.0,51.24999999999999,0.20813008130081306,-39.183908045977006,0.9655172413793103,Major Bust
2018,9,8,104,ThreatLevelMidnight,Rashaad Penny,False,rashaad penny,ThreatLevelMidnight,7.8,3.0,RB,7.8,3.0,0.0,0.0,1.0,0.0,True,13.333333333333334,54.054054054054056,149.0,-40.72072072072072,-40.72072072072072,1.0,0.0,54.054054054054056,0.24666666666666667,-40.72072072072072,1.0,Major Bust
2017,8,2,86,Hello Harvard,Thomas Rawls,False,thomas rawls,Hello Harvard,8.2,7.0,RB,0.4,2.0,0.4,1.0,0.04878048780487806,1.0,True,19.27710843373494,60.0,181.0,-40.72289156626506,-40.72289156626506,0.04878048780487806,1.0,60.0,0.32128514056224905,-1.9864825154275643,0.04878048780487806,Major Bust
2024,10,11,119,Buttermilk Puuump,Joshua Palmer,False,joshua palmer,Buttermilk Puuump,5.4,3.0,WR,2.5,1.0,0.0,0.0,0.4629629629629629,0.0,True,7.4074074074074066,49.12448700410397,162.0,-41.717079596696564,-41.717079596696564,0.4629629629629629,0.0,49.12448700410397,0.15078849386841586,-19.313462776248407,0.4629629629629629,Major Bust
2025,8,9,93,Post Mahomes,Austin Ekeler,False,austin ekeler,Post Mahomes,7.2,1.0,RB,7.2,1.0,0.0,0.0,1.0,0.0,True,14.864864864864865,56.82170542635659,168.0,-41.956840561491724,-41.956840561491724,1.0,0.0,56.82170542635659,0.26160539803104604,-41.956840561491724,1.0,Major Bust
2024,9,9,105,Uncle Rico,Jonathon Brooks,False,jonathon brooks,Uncle Rico,6.0,14.0,RB,0.0,1.0,0.0,0.0,0.0,,True,11.11111111111111,53.125,155.0,-42.013888888888886,-42.013888888888886,0.0,,53.125,0.20915032679738563,-0.0,0.0,Major Bust
2024,11,4,124,ThreatLevelMidnight,Curtis Samuel,False,curtis samuel,ThreatLevelMidnight,2.5,1.0,WR,0.0,0.0,0.0,0.0,0.0,,True,4.938271604938271,47.25274725274725,159.0,-42.314475647808976,-42.314475647808976,0.0,,47.25274725274725,0.10450760838357738,-0.0,0.0,Major Bust
2017,10,12,120,Post Mahomes,Kenny Britt,False,kenny britt,Post Mahomes,1.5,2.0,WR,1.5,2.0,0.0,0.0,1.0,0.0,True,4.938271604938271,47.25274725274725,153.0,-42.314475647808976,-42.314475647808976,1.0,0.0,47.25274725274725,0.10450760838357738,-42.314475647808976,1.0,Major Bust
2025,12,8,140,Pop Lockett Drop it,Brandon Aiyuk,False,brandon aiyuk,Pop Lockett Drop it,0.0,4.0,WR,0.0,2.0,0.0,0.0,,,True,3.048780487804878,45.95238095238095,134.0,-42.90360046457607,-42.90360046457607,,,45.95238095238095,0.06634651838746368,-0.0,,Major Bust
2019,10,8,116,Patty Primetimes,Donte Moncrief,False,donte moncrief,Patty Primetimes,0.7,3.0,WR,0.7,3.0,0.0,0.0,1.0,0.0,True,5.333333333333334,48.31375521030694,158.0,-42.9804218769736,-42.9804218769736,1.0,0.0,48.31375521030694,0.11038954248366013,-42.9804218769736,1.0,Major Bust
2018,11,2,122,Post Mahomes,Marcus Mariota,False,marcus mariota,Post Mahomes,3.62,1.0,QB,3.62,1.0,0.0,0.0,1.0,0.0,True,3.3333333333333335,46.470099667774086,160.0,-43.13676633444075,-43.13676633444075,1.0,0.0,46.470099667774086,0.07173071194518917,-43.13676633444075,1.0,Major Bust
2019,10,9,117,Voldemort,Dante Pettis,False,dante pettis,Voldemort,0.7,1.0,WR,0.7,1.0,0.0,0.0,1.0,0.0,True,5.333333333333334,48.550824175824175,160.0,-43.21749084249084,-43.21749084249084,1.0,0.0,48.550824175824175,0.10985052105436885,-43.21749084249084,1.0,Major Bust
2021,11,7,127,Big Sack Jack,Amon-Ra St. Brown,False,amon ra st brown,Big Sack Jack,0.0,1.0,WR,0.0,0.0,0.0,0.0,,,True,1.744186046511628,45.1219512195122,159.0,-43.37776517300057,-43.37776517300057,,,45.1219512195122,0.03865493400377121,-0.0,,Major Bust
2017,11,2,122,Pop Lockett Drop it,Andrew Luck,False,andrew luck,Pop Lockett Drop it,0.0,2.0,QB,0.0,2.0,0.0,0.0,,,True,3.7037037037037033,47.155785391079505,154.0,-43.4520816873758,-43.4520816873758,,,47.155785391079505,0.07854187292158506,-0.0,,Major Bust
2019,10,4,112,Malle ❤️ 🐸,Darrell Henderson Jr.,False,darrell henderson,Malle ❤️ 🐸,0.4,4.0,RB,0.0,3.0,0.0,0.0,0.0,,True,4.487179487179487,47.947454844006565,156.0,-43.460275356827076,-43.460275356827076,0.0,,47.947454844006565,0.09358535300316123,-0.0,0.0,Major Bust
2020,9,4,100,Uncle Rico,Tevin Coleman,False,tevin coleman,Uncle Rico,4.9,3.0,RB,2.9,1.0,0.0,0.0,0.5918367346938775,0.0,True,10.714285714285714,54.187520854187525,158.0,-43.47323513990181,-43.47323513990181,0.5918367346938775,0.0,54.187520854187525,0.1977260731878958,-25.729057531778622,0.5918367346938775,Major Bust
2021,10,5,113,Voldemort,Michael Thomas,False,michael thomas,Voldemort,0.0,13.0,WR,0.0,8.0,0.0,0.0,,,True,1.744186046511628,46.34146341463415,151.0,-44.59727736812252,-44.59727736812252,,,46.34146341463415,0.03763769889840881,-0.0,,Major Bust
2023,11,2,122,Post Mahomes,Elijah Mitchell,False,elijah mitchell,Post Mahomes,5.999999999999999,7.0,RB,1.0,1.0,0.0,0.0,0.16666666666666669,0.0,True,7.317073170731707,52.00757575757576,154.0,-44.69050258684405,-44.69050258684405,0.16666666666666669,0.0,52.00757575757576,0.1406924484394152,-7.448417097807342,0.16666666666666669,Major Bust
2023,8,10,94,Ginger FC,Rashod Bateman,False,rashod bateman,Ginger FC,9.4,3.0,WR,9.4,3.0,0.0,0.0,1.0,0.0,True,12.087912087912088,57.64119601328903,166.0,-45.553283925376945,-45.553283925376945,1.0,0.0,57.64119601328903,0.20970959875859013,-45.553283925376945,1.0,Major Bust
2023,8,4,88,Patty Primetimes,Jamaal Williams,False,jamaal williams,Patty Primetimes,9.1,3.0,RB,9.1,3.0,6.2,1.0,1.0,0.6813186813186813,True,13.414634146341465,59.523809523809526,179.0,-46.10917537746806,-46.10917537746806,1.0,0.6813186813186813,59.523809523809526,0.2253658536585366,-46.10917537746806,1.0,Major Bust
2022,9,5,101,Voldemort,James Cook III,False,james cook,Voldemort,0.19999999999999996,2.0,RB,-1.8,1.0,0.0,0.0,-9.000000000000002,,True,5.88235294117647,52.116402116402114,158.0,-46.23404917522564,-46.23404917522564,-9.000000000000002,,52.116402116402114,0.11286951328754852,416.10644257703086,-9.000000000000002,Major Bust
2023,9,7,103,malle_dips_pouches,Rashaad Penny,False,rashaad penny,malle_dips_pouches,1.9,4.0,RB,1.9,4.0,0.0,0.0,1.0,0.0,True,6.097560975609756,53.30668604651163,154.0,-47.20912507090188,-47.20912507090188,1.0,0.0,53.30668604651163,0.114386419937819,-47.20912507090188,1.0,Major Bust
2020,9,9,105,ThreatLevelMidnight,Kerryon Johnson,False,kerryon johnson,ThreatLevelMidnight,3.5,2.0,RB,1.4,1.0,0.0,0.0,0.39999999999999997,0.0,True,7.142857142857142,54.8896839594514,152.0,-47.746826816594265,-47.746826816594265,0.39999999999999997,0.0,54.8896839594514,0.13013113990843483,-19.098730726637704,0.39999999999999997,Major Bust
2024,11,2,122,Buttermilk Puuump,Blake Corum,False,blake corum,Buttermilk Puuump,0.0,1.0,RB,0.0,1.0,0.0,0.0,,,True,2.083333333333333,50.0,160.0,-47.916666666666664,-47.916666666666664,,,50.0,0.04166666666666666,-0.0,,Major Bust
2022,8,10,94,The Big Gronkowski,Trey Lance,False,trey lance,The Big Gronkowski,13.46,14.0,QB,13.46,14.0,0.0,0.0,1.0,0.0,True,6.451612903225806,54.87804878048781,167.0,-48.426435877262,-48.426435877262,1.0,0.0,54.87804878048781,0.1175627240143369,-48.426435877262,1.0,Major Bust
2024,9,10,106,Joe Mantegna,Hollywood Brown,False,hollywood brown,Joe Mantegna,0.0,4.0,WR,0.0,1.0,0.0,0.0,,,True,2.4691358024691357,53.48837209302325,155.0,-51.01923629055412,-51.01923629055412,,,53.48837209302325,0.04616210413311863,-0.0,,Major Bust
2023,9,10,106,ThreatLevelMidnight,Quentin Johnston,False,quentin johnston,ThreatLevelMidnight,1.9,1.0,WR,1.9,1.0,0.0,0.0,1.0,0.0,True,4.395604395604396,55.47107930828861,152.0,-51.075474912684214,-51.075474912684214,1.0,0.0,55.47107930828861,0.07924137136714401,-51.075474912684214,1.0,Major Bust
2017,9,11,107,Hello Harvard,Darren McFadden,False,darren mcfadden,Hello Harvard,0.0,3.0,RB,0.0,2.0,0.0,0.0,,,True,1.8072289156626504,53.125,153.0,-51.31777108433735,-51.31777108433735,,,53.125,0.03401842664776754,-0.0,,Major Bust
2020,8,12,96,Ginger FC,Matt Breida,False,matt breida,Ginger FC,2.2,1.0,RB,2.2,1.0,2.2,1.0,1.0,1.0,True,4.761904761904762,58.139534883720934,165.0,-53.377630121816175,-53.377630121816175,1.0,1.0,58.139534883720934,0.0819047619047619,-53.377630121816175,1.0,Major Bust
2019,8,5,89,Post Mahomes,A.J. Green,False,aj green,Post Mahomes,0.0,12.0,WR,0.0,12.0,0.0,0.0,,,True,1.3333333333333335,58.4349593495935,174.0,-57.10162601626016,-57.10162601626016,,,58.4349593495935,0.022817391304347828,-0.0,,Major Bust
