year,fantasy_team,edge_position,player,starts,starter_points,player_edge_contribution,team_position_points,team_positional_edge,share_of_position_points,edge_contribution_per_start
2018,Big Sack Jack,QB,Derek Carr,1,4.78,-19.554545454545455,223.82,-99.86000000000001,0.021356447145027255,-19.554545454545455
2018,Big Sack Jack,QB,Matthew Stafford,12,219.04,-80.30545454545455,223.82,-99.86000000000001,0.9786435528549727,-6.692121212121212
2018,Big Sack Jack,RB,Latavius Murray,5,51.6,12.936978801240194,380.72,-8.101818181818178,0.13553267493170834,2.5873957602480386
2018,Big Sack Jack,RB,Sony Michel,7,88.9,-1.7524428341858789,380.72,-8.101818181818178,0.23350493801218744,-0.25034897631226843
2018,Big Sack Jack,RB,Derrick Henry,4,16.52,-4.711689277709098,380.72,-8.101818181818178,0.04339146879596553,-1.1779223194272745
2018,Big Sack Jack,RB,Alvin Kamara,12,223.70000000000002,-14.574664871163394,380.72,-8.101818181818178,0.5875709182601387,-1.2145554059302828
2018,Big Sack Jack,TE,Travis Kelce,12,160.2,86.0,162.39999999999998,80.64545454545454,0.9864532019704434,7.166666666666667
2018,Big Sack Jack,TE,Nick Vannett,1,2.2,-5.354545454545454,162.39999999999998,80.64545454545454,0.013546798029556653,-5.354545454545454
2018,Big Sack Jack,WR,Tyreek Hill,12,195.7,69.40295946051548,426.5,111.82000000000001,0.4588511137162954,5.783579955042956
2018,Big Sack Jack,WR,Robert Woods,12,139.3,38.95053210367516,426.5,111.82000000000001,0.3266119577960141,3.245877675306263
2018,Big Sack Jack,WR,Jarvis Landry,12,87.3,14.761962981263924,426.5,111.82000000000001,0.20468933177022275,1.2301635817719936
2018,Big Sack Jack,WR,Chris Godwin Jr.,1,4.2,-11.295454545454547,426.5,111.82000000000001,0.00984759671746776,-11.295454545454547
2018,Dillon Panthers,QB,Drew Brees,12,330.18,40.938181818181825,345.1,32.44545454545455,0.9567661547377572,3.411515151515152
2018,Dillon Panthers,QB,Joe Flacco,1,14.92,-8.49272727272727,345.1,32.44545454545455,0.043233845262242825,-8.49272727272727
2018,Dillon Panthers,RB,Alex Collins,8,73.39999999999999,-16.823385797039958,306.53999999999996,-89.02545454545456,0.2394467279963463,-2.1029232246299947
2018,Dillon Panthers,RB,Carlos Hyde,8,76.1,-21.1416145458878,306.53999999999996,-89.02545454545456,0.24825471390356887,-2.642701818235975
2018,Dillon Panthers,RB,Tarik Cohen,7,82.54,-24.586569349186416,306.53999999999996,-89.02545454545456,0.269263391400796,-3.512367049883774
2018,Dillon Panthers,RB,Kerryon Johnson,6,74.5,-26.473884853340394,306.53999999999996,-89.02545454545456,0.24303516669928887,-4.412314142223399
2018,Dillon Panthers,TE,Austin Hooper,3,24.1,6.594834710743802,80.5,-8.700000000000003,0.29937888198757767,2.1982782369146006
2018,Dillon Panthers,TE,Trey Burton,11,56.4,-15.294834710743805,80.5,-8.700000000000003,0.7006211180124223,-1.3904395191585277
2018,Dillon Panthers,WR,Antonio Brown,12,174.79999999999998,39.11144054883878,434.41999999999996,120.46,0.40237558123474976,3.2592867124032314
2018,Dillon Panthers,WR,Emmanuel Sanders,10,115.82,38.121286740833035,434.41999999999996,120.46,0.26660835136503847,3.8121286740833034
2018,Dillon Panthers,WR,A.J. Green,9,103.39999999999999,35.2394371326936,434.41999999999996,120.46,0.23801850743520095,3.9154930147437335
2018,Dillon Panthers,WR,Tyler Lockett,4,40.4,7.987835577634578,434.41999999999996,120.46,0.09299755996501083,1.9969588944086445
2018,Ginger FC 🏆🏆,QB,Russell Wilson,6,159.3,22.065454545454543,305.54,-10.710909090909091,0.5213719971198534,3.6775757575757573
2018,Ginger FC 🏆🏆,QB,Carson Wentz,7,146.24,-32.776363636363634,305.54,-10.710909090909091,0.4786280028801466,-4.682337662337662
2018,Ginger FC 🏆🏆,RB,Jay Ajayi,4,38.4,4.639445912479735,312.3,-82.74181818181818,0.12295869356388088,1.1598614781199337
2018,Ginger FC 🏆🏆,RB,Chris Thompson,4,29.8,-0.7715801234688913,312.3,-82.74181818181818,0.09542106948447006,-0.19289503086722282
2018,Ginger FC 🏆🏆,RB,Phillip Lindsay,5,93.1,-4.876142544560176,312.3,-82.74181818181818,0.2981107909061799,-0.9752285089120353
2018,Ginger FC 🏆🏆,RB,Marshawn Lynch,2,10.0,-9.159160043175351,312.3,-82.74181818181818,0.032020493115593976,-4.579580021587676
2018,Ginger FC 🏆🏆,RB,Jamaal Williams,3,16.3,-15.166910026602755,312.3,-82.74181818181818,0.05219340377841819,-5.0556366755342514
2018,Ginger FC 🏆🏆,RB,Peyton Barber,6,51.400000000000006,-16.29685452576171,312.3,-82.74181818181818,0.16458533461415306,-2.716142420960285
2018,Ginger FC 🏆🏆,RB,T.J. Yeldon,6,73.3,-41.11061683072903,312.3,-82.74181818181818,0.23471021453730387,-6.851769471788171
2018,Ginger FC 🏆🏆,TE,Rob Gronkowski,4,27.3,-0.009090909090909705,72.3,-17.645454545454548,0.37759336099585067,-0.002272727272727426
2018,Ginger FC 🏆🏆,TE,Jordan Reed,9,45.0,-17.636363636363637,72.3,-17.645454545454548,0.6224066390041494,-1.9595959595959596
2018,Ginger FC 🏆🏆,WR,Antonio Callaway,1,5.4,0.9831705484598049,261.70000000000005,-67.96181818181819,0.020634314100114633,0.9831705484598049
2018,Ginger FC 🏆🏆,WR,Pierre Garcon,1,1.1,-0.020982142857142966,261.70000000000005,-67.96181818181819,0.004203286205578907,-0.020982142857142966
2018,Ginger FC 🏆🏆,WR,Tyrell Williams,2,6.8,-0.8034680134680141,261.70000000000005,-67.96181818181819,0.025983951089033237,-0.40173400673400705
2018,Ginger FC 🏆🏆,WR,DJ Moore,2,16.3,-1.8573733208372385,261.70000000000005,-67.96181818181819,0.062285059228123794,-0.9286866604186192
2018,Ginger FC 🏆🏆,WR,Allen Robinson,4,15.9,-2.204938648390171,261.70000000000005,-67.96181818181819,0.060756591517004195,-0.5512346620975428
2018,Ginger FC 🏆🏆,WR,Danny Amendola,1,4.7,-3.2584702194357367,261.70000000000005,-67.96181818181819,0.017959495605655327,-3.2584702194357367
2018,Ginger FC 🏆🏆,WR,Geronimo Allison,2,9.4,-4.042593406385702,261.70000000000005,-67.96181818181819,0.035918991211310654,-2.021296703192851
2018,Ginger FC 🏆🏆,WR,DeAndre Hopkins,6,81.0,-11.456048039037407,261.70000000000005,-67.96181818181819,0.3095147115017195,-1.9093413398395678
2018,Ginger FC 🏆🏆,WR,Kenny Golladay,7,55.400000000000006,-16.39286816529818,261.70000000000005,-67.96181818181819,0.21169277799006495,-2.341838309328311
2018,Ginger FC 🏆🏆,WR,Devin Funchess,9,65.7,-28.9082467745684,261.70000000000005,-67.96181818181819,0.2510508215513947,-3.212027419396489
2018,Joe Mantegna,QB,Patrick Mahomes,11,337.54,79.27454545454546,379.38,69.84181818181818,0.8897147978280353,7.206776859504132
2018,Joe Mantegna,QB,Deshaun Watson,2,41.84,-9.432727272727274,379.38,69.84181818181818,0.11028520217196479,-4.716363636363637
2018,Joe Mantegna,RB,Giovani Bernard,2,36.2,10.935942402750916,345.0,-47.0690909090909,0.10492753623188407,5.467971201375458
2018,Joe Mantegna,RB,Alfred Morris,5,31.6,2.054026055910087,345.0,-47.0690909090909,0.09159420289855073,0.4108052111820174
2018,Joe Mantegna,RB,Jordan Howard,1,8.0,-0.9307917888563053,345.0,-47.0690909090909,0.02318840579710145,-0.9307917888563053
2018,Joe Mantegna,RB,Frank Gore,3,15.0,-8.850157639754112,345.0,-47.0690909090909,0.043478260869565216,-2.950052546584704
2018,Joe Mantegna,RB,Ito Smith,6,24.6,-12.329812496746916,345.0,-47.0690909090909,0.07130434782608697,-2.0549687494578195
2018,Joe Mantegna,RB,Saquon Barkley,12,229.6,-37.948297442394576,345.0,-47.0690909090909,0.6655072463768116,-3.162358120199548
2018,Joe Mantegna,TE,Zach Ertz,9,108.9,57.27848627339223,162.2,80.42727272727274,0.6713933415536376,6.3642762525991365
2018,Joe Mantegna,TE,George Kittle,5,37.9,12.038710842837768,162.2,80.42727272727274,0.2336621454993835,2.4077421685675535
2018,Joe Mantegna,TE,Jared Cook,2,15.4,11.11007561104273,162.2,80.42727272727274,0.09494451294697905,5.555037805521365
2018,Joe Mantegna,WR,Martavis Bryant,1,0.0,0.0,232.4,-99.92545454545451,0.0,0.0
2018,Joe Mantegna,WR,Corey Davis,5,41.1,-0.11791799571943173,232.4,-99.92545454545451,0.17685025817555938,-0.023583599143886348
2018,Joe Mantegna,WR,Jamison Crowder,2,6.9,-2.8345460500569972,232.4,-99.92545454545451,0.029690189328743545,-1.4172730250284986
2018,Joe Mantegna,WR,Marquez Valdes-Scantling,5,20.4,-11.120876244537971,232.4,-99.92545454545451,0.08777969018932874,-2.2241752489075943
2018,Joe Mantegna,WR,Keelan Cole Sr.,6,16.5,-35.03615421808769,232.4,-99.92545454545451,0.07099827882960413,-5.839359036347948
2018,Joe Mantegna,WR,Julio Jones,12,147.5,-50.81596003705243,232.4,-99.92545454545451,0.6346815834767642,-4.234663336421035
2018,Malle ❤️ 🐸,QB,Ben Roethlisberger,7,195.98,24.512727272727282,353.03999999999996,41.10727272727274,0.5551212327215047,3.5018181818181833
2018,Malle ❤️ 🐸,QB,Cam Newton,3,86.44,10.570909090909097,353.03999999999996,41.10727272727274,0.24484477679583053,3.5236363636363657
2018,Malle ❤️ 🐸,QB,Andrew Luck,3,70.62,6.0236363636363635,353.03999999999996,41.10727272727274,0.20003399048266488,2.007878787878788
2018,Malle ❤️ 🐸,RB,Kenyan Drake,8,52.8,2.222586606825178,325.9,-67.90545454545455,0.16201288738876957,0.27782332585314723
2018,Malle ❤️ 🐸,RB,Isaiah Crowell,2,9.8,-3.6656492263547222,325.9,-67.90545454545455,0.03007057379564284,-1.8328246131773611
2018,Malle ❤️ 🐸,RB,Tevin Coleman,11,110.4,-11.481634866995039,325.9,-67.90545454545455,0.3387542190856091,-1.0437849879086398
2018,Malle ❤️ 🐸,RB,David Johnson,12,152.9,-54.98075705892997,325.9,-67.90545454545455,0.46916231972997857,-4.581729754910831
2018,Malle ❤️ 🐸,TE,Eric Ebron,3,21.7,4.836363636363637,52.2,-39.57272727272726,0.41570881226053635,1.6121212121212123
2018,Malle ❤️ 🐸,TE,Ricky Seals-Jones,4,9.3,-20.66363636363636,52.2,-39.57272727272726,0.1781609195402299,-5.16590909090909
2018,Malle ❤️ 🐸,TE,Cameron Brate,6,21.2,-23.745454545454542,52.2,-39.57272727272726,0.4061302681992337,-3.957575757575757
2018,Malle ❤️ 🐸,WR,T.Y. Hilton,1,3.4,0.7631625703286941,271.4,-57.38000000000001,0.012527634487840826,0.7631625703286941
2018,Malle ❤️ 🐸,WR,Alshon Jeffery,6,48.4,0.5637375164767846,271.4,-57.38000000000001,0.17833456153279292,0.09395625274613077
2018,Malle ❤️ 🐸,WR,Sterling Shepard,7,40.0,-3.075185763786883,271.4,-57.38000000000001,0.14738393515106854,-0.4393122519695547
2018,Malle ❤️ 🐸,WR,Allen Robinson,4,27.700000000000003,-12.534919259288227,271.4,-57.38000000000001,0.10206337509211498,-3.1337298148220567
2018,Malle ❤️ 🐸,WR,Quincy Enunwa,2,5.8,-18.79321287408244,271.4,-57.38000000000001,0.02137067059690494,-9.39660643704122
2018,Malle ❤️ 🐸,WR,Mike Evans,12,146.1,-24.30358218964794,271.4,-57.38000000000001,0.5383198231392778,-2.025298515803995
2018,Pop Lockett Drop it,QB,Matt Ryan,10,280.34,31.598181818181807,340.26,27.165454545454534,0.8238993710691823,3.1598181818181805
2018,Pop Lockett Drop it,QB,Kirk Cousins,2,45.42,4.378181818181819,340.26,27.165454545454534,0.13348615764415447,2.1890909090909094
2018,Pop Lockett Drop it,QB,C.J. Beathard,1,14.5,-8.810909090909092,340.26,27.165454545454534,0.04261447128666314,-8.810909090909092
2018,Pop Lockett Drop it,RB,Kareem Hunt,11,204.2,61.19192665681547,491.2,112.42181818181817,0.4157166123778501,5.562902423346861
2018,Pop Lockett Drop it,RB,James White,7,108.1,48.32503264871933,491.2,112.42181818181817,0.22007328990228012,6.90357609267419
2018,Pop Lockett Drop it,RB,Adrian Peterson,12,147.3,11.719407755034705,491.2,112.42181818181817,0.2998778501628665,0.9766173129195588
2018,Pop Lockett Drop it,RB,Royce Freeman,2,19.799999999999997,7.05321724401479,491.2,112.42181818181817,0.04030944625407166,3.526608622007395
2018,Pop Lockett Drop it,RB,Theo Riddick,2,11.8,-15.867766122766122,491.2,112.42181818181817,0.0240228013029316,-7.933883061383061
2018,Pop Lockett Drop it,TE,Zach Ertz,2,23.4,12.327272727272728,90.9,2.645454545454541,0.2574257425742574,6.163636363636364
2018,Pop Lockett Drop it,TE,Ben Watson,1,10.3,4.363636363636364,90.9,2.645454545454541,0.11331133113311331,4.363636363636364
2018,Pop Lockett Drop it,TE,Jimmy Graham,10,57.2,-14.04545454545455,90.9,2.645454545454541,0.6292629262926293,-1.404545454545455
2018,Pop Lockett Drop it,WR,Golden Tate,9,94.4,11.678022963727631,346.84,24.918181818181807,0.2721716065044401,1.297558107080848
2018,Pop Lockett Drop it,WR,Odell Beckham Jr.,12,157.34,9.739767807452088,346.84,24.918181818181807,0.4536385653327183,0.811647317287674
2018,Pop Lockett Drop it,WR,Adam Thielen,2,27.3,7.2703736065512885,346.84,24.918181818181807,0.07871064467766117,3.6351868032756443
2018,Pop Lockett Drop it,WR,Josh Reynolds,1,14.0,2.4436363636363634,346.84,24.918181818181807,0.04036443316803137,2.4436363636363634
2018,Pop Lockett Drop it,WR,Nelson Agholor,2,17.4,2.0964033080424027,346.84,24.918181818181807,0.05016722408026756,1.0482016540212014
2018,Pop Lockett Drop it,WR,Josh Gordon,2,27.1,0.6660569516170926,346.84,24.918181818181807,0.07813400991811788,0.3330284758085463
2018,Pop Lockett Drop it,WR,Courtland Sutton,1,1.4,0.1855313700384122,346.84,24.918181818181807,0.004036443316803137,0.1855313700384122
2018,Pop Lockett Drop it,WR,Chris Godwin Jr.,1,4.0,-0.13565217391304304,346.84,24.918181818181807,0.011532695190866107,-0.13565217391304304
2018,Pop Lockett Drop it,WR,Robbie Chosen,1,3.9,-9.025958378970428,346.84,24.918181818181807,0.011244377811094454,-9.025958378970428
2018,Post Mahomes,QB,Cam Newton,7,185.18,24.601818181818192,331.96,18.1109090909091,0.5578382937703338,3.514545454545456
2018,Post Mahomes,QB,Andrew Luck,5,131.94,1.9490909090909128,331.96,18.1109090909091,0.3974575250030124,0.38981818181818256
2018,Post Mahomes,QB,Jameis Winston,1,14.84,-8.440000000000005,331.96,18.1109090909091,0.044704181226653816,-8.440000000000005
2018,Post Mahomes,RB,Joe Mixon,10,137.1,25.174292342399077,460.9,79.3672727272727,0.297461488392276,2.517429234239908
2018,Post Mahomes,RB,Ezekiel Elliott,12,209.2,25.114887731757268,460.9,79.3672727272727,0.4538945541332176,2.0929073109797725
2018,Post Mahomes,RB,Mark Ingram II,8,88.2,24.394317888488295,460.9,79.3672727272727,0.19136472119765677,3.049289736061037
2018,Post Mahomes,RB,Phillip Lindsay,3,22.5,4.498320219173522,460.9,79.3672727272727,0.04881753091776958,1.4994400730578406
2018,Post Mahomes,RB,Isaiah Crowell,1,3.9,0.18545454545454532,460.9,79.3672727272727,0.00846170535908006,0.18545454545454532
2018,Post Mahomes,TE,Kyle Rudolph,1,3.8,-1.3000000000000007,56.6,-34.77272727272728,0.06713780918727914,-1.3000000000000007
2018,Post Mahomes,TE,Evan Engram,8,38.7,-12.663636363636366,56.6,-34.77272727272728,0.6837455830388693,-1.5829545454545457
2018,Post Mahomes,TE,Vance McDonald,4,14.1,-20.809090909090912,56.6,-34.77272727272728,0.24911660777385158,-5.202272727272728
2018,Post Mahomes,WR,Michael Thomas,12,156.0,24.81172639534814,358.8,37.96545454545455,0.43478260869565216,2.0676438662790115
2018,Post Mahomes,WR,Sammy Watkins,3,30.799999999999997,15.041243323851784,358.8,37.96545454545455,0.0858416945373467,5.013747774617261
2018,Post Mahomes,WR,DeAndre Hopkins,6,73.8,3.592047142304735,358.8,37.96545454545455,0.20568561872909696,0.5986745237174559
2018,Post Mahomes,WR,T.Y. Hilton,4,41.4,2.7843344185751766,358.8,37.96545454545455,0.11538461538461538,0.6960836046437942
2018,Post Mahomes,WR,John Ross,1,9.9,2.0790311418685117,358.8,37.96545454545455,0.027591973244147156,2.0790311418685117
2018,Post Mahomes,WR,Kenny Golladay,3,34.5,0.985763290495246,358.8,37.96545454545455,0.09615384615384615,0.32858776349841534
2018,Post Mahomes,WR,Marquise Goodwin,1,0.0,0.0,358.8,37.96545454545455,0.0,0.0
2018,Post Mahomes,WR,Allen Robinson,1,12.4,-11.328691166989042,358.8,37.96545454545455,0.03455964325529543,-11.328691166989042
2018,The Big Gronkowski,QB,Philip Rivers,11,283.5,16.574545454545454,320.4,5.4999999999999964,0.8848314606741574,1.5067768595041322
2018,The Big Gronkowski,QB,Mitchell Trubisky,2,36.9,-11.074545454545458,320.4,5.4999999999999964,0.1151685393258427,-5.537272727272729
2018,The Big Gronkowski,RB,Jalen Richard,1,5.9,0.18353026284060756,329.6,-63.869090909090914,0.017900485436893203,0.18353026284060756
2018,The Big Gronkowski,RB,Corey Clement,3,10.2,-1.3899919613001404,329.6,-63.869090909090914,0.03094660194174757,-0.46333065376671345
2018,The Big Gronkowski,RB,Rex Burkhead,3,11.700000000000001,-3.084242827327162,329.6,-63.869090909090914,0.03549757281553398,-1.0280809424423873
2018,The Big Gronkowski,RB,Chris Ivory,2,7.0,-11.500340322328274,329.6,-63.869090909090914,0.0212378640776699,-5.750170161164137
2018,The Big Gronkowski,RB,Dalvin Cook,6,41.7,-11.540767107992684,329.6,-63.869090909090914,0.12651699029126215,-1.9234611846654472
2018,The Big Gronkowski,RB,Wendell Smallwood,4,36.5,-12.40213782869971,329.6,-63.869090909090914,0.11074029126213591,-3.1005344571749274
2018,The Big Gronkowski,RB,Christian McCaffrey,12,216.6,-24.13514112428355,329.6,-63.869090909090914,0.6571601941747572,-2.0112617603569625
2018,The Big Gronkowski,TE,Vance McDonald,1,8.7,3.8545454545454545,70.6,-19.500000000000004,0.12322946175637393,3.8545454545454545
2018,The Big Gronkowski,TE,David Njoku,12,61.9,-23.35454545454546,70.6,-19.500000000000004,0.8767705382436262,-1.9462121212121215
2018,The Big Gronkowski,WR,Calvin Ridley,9,67.2,12.440779900364456,329.79999999999995,6.329090909090926,0.20375985445724684,1.3823088778182728
2018,The Big Gronkowski,WR,Larry Fitzgerald,3,19.4,0.8755737628683886,329.79999999999995,6.329090909090926,0.05882352941176471,0.29185792095612956
2018,The Big Gronkowski,WR,Brandin Cooks,10,105.5,-2.628028087538998,329.79999999999995,6.329090909090926,0.3198908429351122,-0.2628028087538998
2018,The Big Gronkowski,WR,JuJu Smith-Schuster,12,137.7,-4.359234666602922,329.79999999999995,6.329090909090926,0.4175257731958763,-0.3632695555502435
2018,ThreatLevelMidnight,QB,Matt Ryan,2,35.32,-6.640000000000001,279.62,-38.98727272727272,0.12631428367069594,-3.3200000000000003
2018,ThreatLevelMidnight,QB,Andy Dalton,1,10.92,-14.516363636363637,279.62,-38.98727272727272,0.039053000500679495,-14.516363636363637
2018,ThreatLevelMidnight,QB,Kirk Cousins,10,233.38,-17.83090909090908,279.62,-38.98727272727272,0.8346327158286245,-1.7830909090909082
2018,ThreatLevelMidnight,RB,Melvin Gordon III,10,207.5,27.466178118627376,405.8,19.258181818181807,0.5113356333169049,2.7466178118627376
2018,ThreatLevelMidnight,RB,LeSean McCoy,5,39.2,6.054144890249939,405.8,19.258181818181807,0.09659931000492854,1.2108289780499877
2018,ThreatLevelMidnight,RB,James White,1,7.8,1.9698810535259135,405.8,19.258181818181807,0.01922129127649088,1.9698810535259135
2018,ThreatLevelMidnight,RB,Josh Adams,3,38.099999999999994,-1.3401590378079868,405.8,19.258181818181807,0.09388861508132083,-0.44671967926932893
2018,ThreatLevelMidnight,RB,Jalen Richard,1,6.4,-3.862705099778271,405.8,19.258181818181807,0.015771315919172007,-3.862705099778271
2018,ThreatLevelMidnight,RB,Jordan Howard,9,83.8,-4.967271647555675,405.8,19.258181818181807,0.20650566781665844,-0.5519190719506306
2018,ThreatLevelMidnight,RB,Austin Ekeler,3,23.0,-6.061886459079487,405.8,19.258181818181807,0.056678166584524396,-2.020628819693162
2018,ThreatLevelMidnight,TE,O.J. Howard,4,38.3,10.190909090909093,84.3,-4.554545454545453,0.4543297746144721,2.5477272727272733
2018,ThreatLevelMidnight,TE,Greg Olsen,1,3.3,-1.2636363636363637,84.3,-4.554545454545453,0.03914590747330961,-1.2636363636363637
2018,ThreatLevelMidnight,TE,Zach Ertz,1,1.5,-4.0,84.3,-4.554545454545453,0.017793594306049824,-4.0
2018,ThreatLevelMidnight,TE,Jared Cook,5,34.0,-4.136363636363637,84.3,-4.554545454545453,0.40332147093712933,-0.8272727272727274
2018,ThreatLevelMidnight,TE,C.J. Uzomah,2,7.199999999999999,-5.345454545454546,84.3,-4.554545454545453,0.08540925266903913,-2.672727272727273
2018,ThreatLevelMidnight,WR,Will Fuller V,5,50.2,17.419751566021255,337.1,14.292727272727292,0.14891723524176803,3.483950313204251
2018,ThreatLevelMidnight,WR,John Brown,8,61.1,15.720240055111322,337.1,14.292727272727292,0.18125185404924354,1.9650300068889153
2018,ThreatLevelMidnight,WR,Adam Thielen,10,145.3,4.738899707638453,337.1,14.292727272727292,0.4310293681400178,0.47388997076384526
2018,ThreatLevelMidnight,WR,Josh Gordon,2,18.8,1.5027367362630872,337.1,14.292727272727292,0.05576980124592109,0.7513683681315436
2018,ThreatLevelMidnight,WR,Corey Davis,3,33.8,-0.8303256690694092,337.1,14.292727272727292,0.10026698309107088,-0.2767752230231364
2018,ThreatLevelMidnight,WR,Christian Kirk,1,0.8,-2.3600577200577204,337.1,14.292727272727292,0.002373183031741323,-2.3600577200577204
2018,ThreatLevelMidnight,WR,DJ Moore,1,4.8,-3.0423272727272717,337.1,14.292727272727292,0.014239098190447937,-3.0423272727272717
2018,ThreatLevelMidnight,WR,Marvin Jones Jr.,3,22.3,-18.856190130452422,337.1,14.292727272727292,0.06615247700978938,-6.285396710150807
2018,Uncle Rico,QB,Aaron Rodgers,12,277.96,-14.905454545454548,279.4,-39.22727272727273,0.9948460987831067,-1.2421212121212124
2018,Uncle Rico,QB,Blake Bortles,1,1.44,-24.32181818181818,279.4,-39.22727272727273,0.005153901216893343,-24.32181818181818
2018,Uncle Rico,RB,Todd Gurley,12,282.9,35.0178070866532,445.9,63.003636363636375,0.6344471854675936,2.918150590554433
2018,Uncle Rico,RB,Aaron Jones Sr.,8,99.2,19.235568585408174,445.9,63.003636363636375,0.22247140614487554,2.4044460731760218
2018,Uncle Rico,RB,Chris Carson,9,53.6,7.662332232420596,445.9,63.003636363636375,0.12020632428795695,0.8513702480467329
2018,Uncle Rico,RB,Javorius Allen,2,10.2,1.0879284591544038,445.9,63.003636363636375,0.022875084099573895,0.5439642295772019
2018,Uncle Rico,TE,Kyle Rudolph,9,46.9,-19.2,49.0,-43.06363636363636,0.9571428571428571,-2.1333333333333333
2018,Uncle Rico,TE,Ben Watson,4,2.1,-23.863636363636367,49.0,-43.06363636363636,0.04285714285714286,-5.965909090909092
2018,Uncle Rico,WR,Tyler Boyd,8,86.2,-0.608979774681147,290.9,-36.10727272727271,0.29632176005500177,-0.07612247183514337
2018,Uncle Rico,WR,Doug Baldwin,6,18.2,-1.295174482237245,290.9,-36.10727272727271,0.0625644551392231,-0.2158624137062075
2018,Uncle Rico,WR,Kenny Stills,3,17.799999999999997,-6.223653079818973,290.9,-36.10727272727271,0.06118941216913028,-2.0745510266063243
2018,Uncle Rico,WR,Chris Hogan,5,31.6,-6.284376210681744,290.9,-36.10727272727271,0.10862839463733243,-1.2568752421363487
2018,Uncle Rico,WR,Keenan Allen,12,137.1,-21.695089179853596,290.9,-36.10727272727271,0.4712959779993125,-1.807924098321133
2018,Voldemort,QB,Lamar Jackson,1,16.5,-2.494545454545456,272.1,-47.19090909090909,0.060639470782800436,-2.494545454545456
2018,Voldemort,QB,Tom Brady,10,228.78,-19.07454545454545,272.1,-47.19090909090909,0.8407938257993384,-1.907454545454545
2018,Voldemort,QB,Ryan Fitzpatrick,2,26.82,-25.621818181818178,272.1,-47.19090909090909,0.09856670341786107,-12.810909090909089
2018,Voldemort,RB,James Conner,12,215.6,51.13651496141533,475.2,94.96727272727271,0.4537037037037037,4.261376246784611
2018,Voldemort,RB,Marlon Mack,5,85.1,12.969861556033353,475.2,94.96727272727271,0.17908249158249157,2.5939723112066706
2018,Voldemort,RB,Matt Breida,6,69.6,11.136101187415083,475.2,94.96727272727271,0.14646464646464646,1.8560168645691804
2018,Voldemort,RB,Marshawn Lynch,4,54.0,10.274709395248728,475.2,94.96727272727271,0.11363636363636363,2.568677348812182
2018,Voldemort,RB,Spencer Ware,1,11.2,3.5757075913776935,475.2,94.96727272727271,0.02356902356902357,3.5757075913776935
2018,Voldemort,RB,Devonta Freeman,2,9.1,3.1634578405351896,475.2,94.96727272727271,0.01914983164983165,1.5817289202675948
2018,Voldemort,RB,Gus Edwards,1,8.2,2.617928772258668,475.2,94.96727272727271,0.017255892255892254,2.617928772258668
2018,Voldemort,RB,T.J. Yeldon,1,7.1,1.8665644820295975,475.2,94.96727272727271,0.01494107744107744,1.8665644820295975
2018,Voldemort,RB,Mike Davis,1,2.6,-0.10142148760330591,475.2,94.96727272727271,0.005471380471380472,-0.10142148760330591
2018,Voldemort,RB,Doug Martin,2,12.7,-1.6721515714376172,475.2,94.96727272727271,0.026725589225589225,-0.8360757857188086
2018,Voldemort,TE,Greg Olsen,4,31.0,4.227272727272727,89.8,1.4454545454545396,0.3452115812917595,1.0568181818181817
2018,Voldemort,TE,Jordan Reed,3,20.8,3.0272727272727264,89.8,1.4454545454545396,0.2316258351893096,1.0090909090909088
2018,Voldemort,TE,Rob Gronkowski,5,35.699999999999996,1.8090909090909064,89.8,1.4454545454545396,0.3975501113585746,0.36181818181818126
2018,Voldemort,TE,Ben Watson,1,2.3,-7.61818181818182,89.8,1.4454545454545396,0.025612472160356347,-7.61818181818182
2018,Voldemort,WR,Taylor Gabriel,2,7.800000000000001,-0.11974949871501606,271.21999999999997,-57.57636363636364,0.028758941081041225,-0.05987474935750803
2018,Voldemort,WR,Courtland Sutton,1,5.7,-1.0532275416890788,271.21999999999997,-57.57636363636364,0.021016149251530124,-1.0532275416890788
2018,Voldemort,WR,Adam Humphries,1,12.1,-2.3312707182320445,271.21999999999997,-57.57636363636364,0.04461322911289728,-2.3312707182320445
2018,Voldemort,WR,Demaryius Thomas,3,16.5,-4.25386790909439,271.21999999999997,-57.57636363636364,0.060836221517587205,-1.4179559696981299
2018,Voldemort,WR,Julian Edelman,8,81.52,-10.331084553586994,271.21999999999997,-57.57636363636364,0.30056780473416417,-1.2913855691983742
2018,Voldemort,WR,DeSean Jackson,5,25.8,-17.4739161690183,271.21999999999997,-57.57636363636364,0.09512572819113636,-3.49478323380366
2018,Voldemort,WR,Stefon Diggs,10,121.8,-22.013247246027817,271.21999999999997,-57.57636363636364,0.4490819261116437,-2.201324724602782
2018,malle_dips_pouches,QB,Jared Goff,12,319.76,29.478181818181824,353.68,41.80545454545455,0.90409409635829,2.456515151515152
2018,malle_dips_pouches,QB,Baker Mayfield,1,33.92,12.327272727272732,353.68,41.80545454545455,0.09590590364171002,12.327272727272732
2018,malle_dips_pouches,RB,Nick Chubb,6,107.4,20.285225270061424,378.7,-10.305454545454559,0.28360179561658305,3.3808708783435706
2018,malle_dips_pouches,RB,Leonard Fournette,6,74.8,19.73882692640327,378.7,-10.305454545454559,0.19751782413519936,3.2898044877338783
2018,malle_dips_pouches,RB,Dion Lewis,7,50.8,-10.409152386018755,378.7,-10.305454545454559,0.13414312120411936,-1.4870217694312509
2018,malle_dips_pouches,RB,Lamar Miller,10,108.1,-12.209006473228555,378.7,-10.305454545454559,0.28545022445207285,-1.2209006473228556
2018,malle_dips_pouches,RB,Bilal Powell,5,37.6,-27.71134788267194,378.7,-10.305454545454559,0.09928703459202536,-5.542269576534388
2018,malle_dips_pouches,TE,Eric Ebron,7,70.2,20.845454545454544,90.9,2.645454545454543,0.7722772277227723,2.9779220779220776
2018,malle_dips_pouches,TE,Delanie Walker,1,5.2,0.8090909090909095,90.9,2.645454545454543,0.0572057205720572,0.8090909090909095
2018,malle_dips_pouches,TE,Jack Doyle,3,15.5,-3.800000000000001,90.9,2.645454545454543,0.1705170517051705,-1.266666666666667
2018,malle_dips_pouches,TE,Matt LaCosse,1,0.0,-5.445454545454546,90.9,2.645454545454543,0.0,-5.445454545454546
2018,malle_dips_pouches,TE,Ed Dickson,1,0.0,-9.763636363636364,90.9,2.645454545454543,0.0,-9.763636363636364
2018,malle_dips_pouches,WR,T.Y. Hilton,2,40.0,11.670160548113303,326.9,3.165454545454539,0.1223615784643622,5.835080274056652
2018,malle_dips_pouches,WR,Cooper Kupp,4,35.0,9.559583877207576,326.9,3.165454545454539,0.10706638115631692,2.389895969301894
2018,malle_dips_pouches,WR,Josh Reynolds,1,1.9,0.13666666666666671,326.9,3.165454545454539,0.005812174977057204,0.13666666666666671
2018,malle_dips_pouches,WR,Randall Cobb,1,4.0,-0.8520499108734408,326.9,3.165454545454539,0.01223615784643622,-0.8520499108734408
2018,malle_dips_pouches,WR,Davante Adams,12,177.5,-1.897394602504704,326.9,3.165454545454539,0.5429795044356073,-0.15811621687539198
2018,malle_dips_pouches,WR,Amari Cooper,7,48.0,-4.334110912887924,326.9,3.165454545454539,0.14683389415723463,-0.6191587018411321
2018,malle_dips_pouches,WR,Michael Crabtree,3,12.9,-5.229104065209318,326.9,3.165454545454539,0.03946160905475681,-1.743034688403106
2018,malle_dips_pouches,WR,Donte Moncrief,1,7.6,-5.888297055057619,326.9,3.165454545454539,0.023248699908228816,-5.888297055057619
2019,Big Sack Jack,QB,Jared Goff,1,5.72,-19.656363636363636,255.64000000000001,-41.019999999999996,0.02237521514629948,-19.656363636363636
2019,Big Sack Jack,QB,Tom Brady,12,249.92000000000002,-21.36363636363636,255.64000000000001,-41.019999999999996,0.9776247848537005,-1.78030303030303
2019,Big Sack Jack,RB,Ronald Jones,4,29.5,2.299235839654364,303.9,-62.59272727272728,0.0970714050674564,0.574808959913591
2019,Big Sack Jack,RB,Gus Edwards,1,5.5,0.3314606741573034,303.9,-62.59272727272728,0.018098058571898654,0.3314606741573034
2019,Big Sack Jack,RB,Melvin Gordon III,5,66.0,-4.190098008280798,303.9,-62.59272727272728,0.21717670286278382,-0.8380196016561596
2019,Big Sack Jack,RB,Sony Michel,11,101.5,-28.13034214267605,303.9,-62.59272727272728,0.33399144455412966,-2.557303831152368
2019,Big Sack Jack,RB,Jordan Howard,9,101.4,-32.9029836355821,303.9,-62.59272727272728,0.3336623889437315,-3.6558870706202335
2019,Big Sack Jack,TE,Zach Ertz,12,91.6,17.70909090909091,102.0,20.74545454545455,0.8980392156862744,1.4757575757575758
2019,Big Sack Jack,TE,Jack Doyle,1,10.4,3.036363636363637,102.0,20.74545454545455,0.10196078431372549,3.036363636363637
2019,Big Sack Jack,WR,Chris Godwin Jr.,12,168.9,48.459158242243234,404.4,112.72181818181818,0.4176557863501484,4.0382631868536025
2019,Big Sack Jack,WR,Cooper Kupp,10,113.8,36.68337630655147,404.4,112.72181818181818,0.28140454995054404,3.6683376306551474
2019,Big Sack Jack,WR,Tyreek Hill,8,91.2,17.663340661839904,404.4,112.72181818181818,0.2255192878338279,2.207917582729988
2019,Big Sack Jack,WR,John Ross,3,21.0,11.41990251360509,404.4,112.72181818181818,0.05192878338278932,3.8066341712016967
2019,Big Sack Jack,WR,Mohamed Sanu,1,0.3,0.008896451142440392,404.4,112.72181818181818,0.000741839762611276,0.008896451142440392
2019,Big Sack Jack,WR,Dede Westbrook,1,9.2,-1.512855993563956,404.4,112.72181818181818,0.02274975272007913,-1.512855993563956
2019,Ginger FC 🏆🏆,QB,Kirk Cousins,3,76.12,5.889090909090909,255.12,-41.587272727272726,0.29836939479460645,1.963030303030303
2019,Ginger FC 🏆🏆,QB,Jameis Winston,2,40.56,-5.087272727272726,255.12,-41.587272727272726,0.1589840075258702,-2.543636363636363
2019,Ginger FC 🏆🏆,QB,Drew Brees,4,81.3,-7.8963636363636365,255.12,-41.587272727272726,0.31867356538099717,-1.9740909090909091
2019,Ginger FC 🏆🏆,QB,Baker Mayfield,2,32.4,-15.589090909090908,255.12,-41.587272727272726,0.12699905926622765,-7.794545454545454
2019,Ginger FC 🏆🏆,QB,Andy Dalton,2,24.740000000000002,-18.903636363636362,255.12,-41.587272727272726,0.09697397303229853,-9.451818181818181
2019,Ginger FC 🏆🏆,RB,Kenyan Drake,4,40.4,3.7265493398631517,317.5,-47.75636363636364,0.12724409448818896,0.9316373349657879
2019,Ginger FC 🏆🏆,RB,Adrian Peterson,3,24.6,-2.707832221344175,317.5,-47.75636363636364,0.07748031496062993,-0.9026107404480582
2019,Ginger FC 🏆🏆,RB,Phillip Lindsay,12,124.9,-14.386569203500704,317.5,-47.75636363636364,0.39338582677165357,-1.198880766958392
2019,Ginger FC 🏆🏆,RB,Todd Gurley,11,127.6,-34.38851155138191,317.5,-47.75636363636364,0.40188976377952756,-3.126228322852901
2019,Ginger FC 🏆🏆,TE,Jonnu Smith,1,0.0,-5.7272727272727275,47.8,-38.38181818181818,0.0,-5.7272727272727275
2019,Ginger FC 🏆🏆,TE,Jared Cook,2,6.2,-7.345454545454544,47.8,-38.38181818181818,0.1297071129707113,-3.672727272727272
2019,Ginger FC 🏆🏆,TE,Jason Witten,4,17.1,-9.536363636363637,47.8,-38.38181818181818,0.35774058577405865,-2.3840909090909093
2019,Ginger FC 🏆🏆,TE,Gerald Everett,6,24.5,-15.772727272727273,47.8,-38.38181818181818,0.5125523012552301,-2.628787878787879
2019,Ginger FC 🏆🏆,WR,Michael Thomas,12,164.1,24.54494583474662,363.82,68.45272727272726,0.4510472211533176,2.0454121528955516
2019,Ginger FC 🏆🏆,WR,John Brown,9,95.02,19.37709088011168,363.82,68.45272727272726,0.26117310758067175,2.1530100977901867
2019,Ginger FC 🏆🏆,WR,Sammy Watkins,6,58.8,17.05609706429984,363.82,68.45272727272726,0.16161838271672804,2.8426828440499734
2019,Ginger FC 🏆🏆,WR,Mike Williams,8,45.9,7.474593493569123,363.82,68.45272727272726,0.1261612885492826,0.9343241866961404
2019,Joe Mantegna,QB,Daniel Jones,1,38.32,15.907272727272726,312.5,21.0090909090909,0.122624,15.907272727272726
2019,Joe Mantegna,QB,Matthew Stafford,2,62.22,15.279999999999998,312.5,21.0090909090909,0.199104,7.639999999999999
2019,Joe Mantegna,QB,Carson Wentz,10,211.95999999999998,-10.178181818181821,312.5,21.0090909090909,0.678272,-1.0178181818181822
2019,Joe Mantegna,RB,Nyheim Miller-Hines,1,4.4,-7.296153846153848,214.89999999999998,-159.68363636363634,0.020474639367147513,-7.296153846153848
2019,Joe Mantegna,RB,Malcolm Brown,1,4.7,-10.857109557109554,214.89999999999998,-159.68363636363634,0.02187063750581666,-10.857109557109554
2019,Joe Mantegna,RB,Duke Johnson,4,21.3,-20.398554778554775,214.89999999999998,-159.68363636363634,0.09911586784550955,-5.099638694638694
2019,Joe Mantegna,RB,Miles Sanders,10,91.6,-59.767009835494996,214.89999999999998,-159.68363636363634,0.42624476500698,-5.9767009835495
2019,Joe Mantegna,RB,David Montgomery,10,92.89999999999999,-61.36480834632318,214.89999999999998,-159.68363636363634,0.4322940902745463,-6.136480834632318
2019,Joe Mantegna,TE,Austin Hooper,8,91.1,44.3,105.8,24.890909090909087,0.8610586011342155,5.5375
2019,Joe Mantegna,TE,Jimmy Graham,2,7.6000000000000005,-7.527272727272727,105.8,24.890909090909087,0.07183364839319471,-3.7636363636363637
2019,Joe Mantegna,TE,O.J. Howard,3,7.1,-11.881818181818183,105.8,24.890909090909087,0.0671077504725898,-3.960606060606061
2019,Joe Mantegna,WR,Stefon Diggs,8,68.2,15.720809261353818,344.24,47.09272727272729,0.1981175923774111,1.9651011576692272
2019,Joe Mantegna,WR,DeAndre Hopkins,12,134.14000000000001,12.496800170771184,344.24,47.09272727272729,0.38966999767604,1.041400014230932
2019,Joe Mantegna,WR,Odell Beckham Jr.,12,92.3,11.043545988261332,344.24,47.09272727272729,0.2681268882175226,0.9202954990217777
2019,Joe Mantegna,WR,Auden Tate,1,6.5,3.6418327661643173,344.24,47.09272727272729,0.0188821752265861,3.6418327661643173
2019,Joe Mantegna,WR,Hollywood Brown,5,37.4,2.610730112317875,344.24,47.09272727272729,0.10864513130374157,0.522146022463575
2019,Joe Mantegna,WR,Marquez Valdes-Scantling,1,5.7,1.5790089738587598,344.24,47.09272727272729,0.016558215198698583,1.5790089738587598
2019,Malle ❤️ 🐸,QB,Dak Prescott,9,214.18,17.281818181818174,319.3,28.427272727272722,0.6707798308800501,1.9202020202020194
2019,Malle ❤️ 🐸,QB,Matt Ryan,2,52.66,6.512727272727272,319.3,28.427272727272722,0.16492326965236453,3.256363636363636
2019,Malle ❤️ 🐸,QB,Ryan Tannehill,2,52.46,4.632727272727276,319.3,28.427272727272722,0.16429689946758533,2.316363636363638
2019,Malle ❤️ 🐸,RB,Gus Edwards,1,3.6,-5.561229946524062,202.9,-172.77454545454543,0.017742730409068506,-5.561229946524062
2019,Malle ❤️ 🐸,RB,James Conner,5,22.6,-19.530076402679143,202.9,-172.77454545454543,0.11138491867915229,-3.9060152805358284
2019,Malle ❤️ 🐸,RB,Kareem Hunt,3,28.9,-32.168545168545165,202.9,-172.77454545454543,0.14243469689502217,-10.722848389515056
2019,Malle ❤️ 🐸,RB,Le'Veon Bell,6,62.1,-37.81562849957305,202.9,-172.77454545454543,0.30606209955643177,-6.302604749928842
2019,Malle ❤️ 🐸,RB,Devonta Freeman,11,85.7,-77.69906543722401,202.9,-172.77454545454543,0.42237555446032526,-7.063551403384
2019,Malle ❤️ 🐸,TE,David Njoku,2,9.7,-3.5272727272727264,42.3,-44.38181818181819,0.2293144208037825,-1.7636363636363632
2019,Malle ❤️ 🐸,TE,Tyler Eifert,4,11.100000000000001,-14.790909090909091,42.3,-44.38181818181819,0.26241134751773054,-3.6977272727272728
2019,Malle ❤️ 🐸,TE,T.J. Hockenson,7,21.5,-26.06363636363637,42.3,-44.38181818181819,0.5082742316784871,-3.723376623376624
2019,Malle ❤️ 🐸,WR,Amari Cooper,12,139.1,23.553081325907375,338.8,41.15818181818181,0.41056670602125145,1.9627567771589478
2019,Malle ❤️ 🐸,WR,Allen Robinson,11,100.3,14.004429952348268,338.8,41.15818181818181,0.2960448642266824,1.2731299956680244
2019,Malle ❤️ 🐸,WR,Calvin Ridley,7,61.4,6.701621492959769,338.8,41.15818181818181,0.18122786304604485,0.9573744989942528
2019,Malle ❤️ 🐸,WR,Larry Fitzgerald,9,38.0,-3.1009509530335997,338.8,41.15818181818181,0.11216056670602124,-0.3445501058926222
2019,Patty Primetimes,QB,Lamar Jackson,11,340.42,100.93272727272728,396.18,112.29636363636365,0.859255893785653,9.175702479338844
2019,Patty Primetimes,QB,Gardner Minshew II,1,29.96,9.009090909090908,396.18,112.29636363636365,0.07562219193295977,9.009090909090908
2019,Patty Primetimes,QB,Drew Brees,1,25.8,2.354545454545459,396.18,112.29636363636365,0.06512191428138725,2.354545454545459
2019,Patty Primetimes,RB,Kerryon Johnson,6,59.4,21.85836550940665,401.4,43.770909090909086,0.14798206278026907,3.6430609182344416
2019,Patty Primetimes,RB,Austin Ekeler,11,157.6,20.35981795502745,401.4,43.770909090909086,0.39262580966616845,1.8508925413661317
2019,Patty Primetimes,RB,Nick Chubb,12,178.0,6.76007108102044,401.4,43.770909090909086,0.44344793223716994,0.5633392567517034
2019,Patty Primetimes,RB,Kalen Ballage,1,2.6,-0.02552727272727279,401.4,43.770909090909086,0.0064773293472845045,-0.02552727272727279
2019,Patty Primetimes,RB,Ty Johnson,1,3.8,-5.181818181818179,401.4,43.770909090909086,0.009466865969108122,-5.181818181818179
2019,Patty Primetimes,TE,Travis Kelce,12,116.3,64.96303213005953,182.8,108.89090909090908,0.636214442013129,5.413586010838294
2019,Patty Primetimes,TE,Darren Waller,8,66.5,43.92787696084955,182.8,108.89090909090908,0.3637855579868709,5.490984620106194
2019,Patty Primetimes,WR,Will Fuller V,4,48.7,12.119339248880648,263.7,-40.76909090909092,0.18467956010618128,3.029834812220162
2019,Patty Primetimes,WR,Hunter Renfrow,1,6.6,-0.5738666666666659,263.7,-40.76909090909092,0.02502844141069397,-0.5738666666666659
2019,Patty Primetimes,WR,Josh Gordon,1,1.0,-1.7572533849129601,263.7,-40.76909090909092,0.0037921880925293897,-1.7572533849129601
2019,Patty Primetimes,WR,Tyler Lockett,12,118.6,-23.05503116536109,263.7,-40.76909090909092,0.4497535077739856,-1.9212525971134242
2019,Patty Primetimes,WR,Marvin Jones Jr.,9,88.8,-27.502278941030852,263.7,-40.76909090909092,0.33674630261660976,-3.0558087712256503
2019,Pop Lockett Drop it,QB,Russell Wilson,12,323.48,56.620000000000005,333.18,43.56909090909091,0.9708866078396062,4.718333333333334
2019,Pop Lockett Drop it,QB,Kyle Allen,1,9.7,-13.050909090909094,333.18,43.56909090909091,0.02911339216039378,-13.050909090909094
2019,Pop Lockett Drop it,RB,Devin Singletary,4,40.7,9.418717987611377,322.6,-42.19272727272725,0.12616243025418475,2.354679496902844
2019,Pop Lockett Drop it,RB,Saquon Barkley,9,101.5,-2.863265513413679,322.6,-42.19272727272725,0.314631122132672,-0.3181406126015199
2019,Pop Lockett Drop it,RB,Chris Thompson,3,11.8,-11.424444352922151,322.6,-42.19272727272725,0.0365778053316801,-3.8081481176407173
2019,Pop Lockett Drop it,RB,Latavius Murray,1,7.9,-17.642607897153354,322.6,-42.19272727272725,0.02448853068815871,-17.642607897153354
2019,Pop Lockett Drop it,RB,Josh Jacobs,12,160.70000000000002,-19.681127496849438,322.6,-42.19272727272725,0.4981401115933044,-1.6400939580707865
2019,Pop Lockett Drop it,TE,Mark Andrews,10,75.3,13.318181818181815,87.8,5.254545454545454,0.857630979498861,1.3318181818181816
2019,Pop Lockett Drop it,TE,George Kittle,2,10.8,-2.3272727272727254,87.8,5.254545454545454,0.12300683371298407,-1.1636363636363627
2019,Pop Lockett Drop it,TE,Kyle Rudolph,1,1.7,-5.736363636363636,87.8,5.254545454545454,0.0193621867881549,-5.736363636363636
2019,Pop Lockett Drop it,WR,Mike Evans,11,121.8,41.094423930740035,388.71999999999997,95.61636363636364,0.31333607738217745,3.7358567209763667
2019,Pop Lockett Drop it,WR,Kenny Golladay,11,125.19999999999999,32.8606128895169,388.71999999999997,95.61636363636364,0.3220827330726487,2.9873284445015362
2019,Pop Lockett Drop it,WR,Alshon Jeffery,5,46.1,9.946148870475273,388.71999999999997,95.61636363636364,0.11859436097962545,1.9892297740950546
2019,Pop Lockett Drop it,WR,Tyrell Williams,1,9.6,6.096969696969698,388.71999999999997,95.61636363636364,0.02469643959662482,6.096969696969698
2019,Pop Lockett Drop it,WR,Courtland Sutton,7,79.32,2.9497460940762306,388.71999999999997,95.61636363636364,0.20405433216711258,0.4213922991537472
2019,Pop Lockett Drop it,WR,DK Metcalf,1,6.7,2.6684621545855034,388.71999999999997,95.61636363636364,0.017236056801811075,2.6684621545855034
2019,Post Mahomes,QB,Deshaun Watson,11,285.06,42.08545454545454,333.14,43.52545454545454,0.8556762922495047,3.82595041322314
2019,Post Mahomes,QB,Kyler Murray,2,48.08,1.4399999999999977,333.14,43.52545454545454,0.1443237077504953,0.7199999999999989
2019,Post Mahomes,RB,Dalvin Cook,12,221.6,54.151827689905886,460.59999999999997,108.3527272727273,0.48111159357359967,4.512652307492157
2019,Post Mahomes,RB,David Johnson,9,90.5,25.810587962774676,460.59999999999997,108.3527272727273,0.19648284845853237,2.867843106974964
2019,Post Mahomes,RB,Marlon Mack,4,49.0,9.144479101844261,460.59999999999997,108.3527272727273,0.10638297872340427,2.2861197754610654
2019,Post Mahomes,RB,Wayne Gallman,2,23.2,7.802688802136176,460.59999999999997,108.3527272727273,0.05036908380373426,3.901344401068088
2019,Post Mahomes,RB,Frank Gore,2,18.3,6.795616726482834,460.59999999999997,108.3527272727273,0.03973078593139384,3.397808363241417
2019,Post Mahomes,RB,James White,2,13.4,5.02855843612434,460.59999999999997,108.3527272727273,0.02909248805905341,2.51427921806217
2019,Post Mahomes,RB,Derrius Guice,1,3.8,1.3512727272727272,460.59999999999997,108.3527272727273,0.008250108554059922,1.3512727272727272
2019,Post Mahomes,RB,Jonathan Williams,2,20.6,0.0729206540527308,460.59999999999997,108.3527272727273,0.04472427268779853,0.0364603270263654
2019,Post Mahomes,RB,Mark Walton,1,4.1,-0.5606060606060599,460.59999999999997,108.3527272727273,0.008901432913590968,-0.5606060606060599
2019,Post Mahomes,RB,Bo Scarbrough,2,16.1,-1.2446187672602764,460.59999999999997,108.3527272727273,0.03495440729483283,-0.6223093836301382
2019,Post Mahomes,TE,George Kittle,8,77.4,30.163636363636357,87.3,4.709090909090903,0.88659793814433,3.7704545454545446
2019,Post Mahomes,TE,Jared Cook,1,2.1,-4.272727272727273,87.3,4.709090909090903,0.024054982817869417,-4.272727272727273
2019,Post Mahomes,TE,Greg Olsen,1,3.6,-4.309090909090909,87.3,4.709090909090903,0.041237113402061855,-4.309090909090909
2019,Post Mahomes,TE,Darren Fells,1,1.8,-5.3090909090909095,87.3,4.709090909090903,0.020618556701030927,-5.3090909090909095
2019,Post Mahomes,TE,Ross Dwelley,1,2.4,-5.690909090909091,87.3,4.709090909090903,0.027491408934707903,-5.690909090909091
2019,Post Mahomes,TE,Jimmy Graham,1,0.0,-5.872727272727272,87.3,4.709090909090903,0.0,-5.872727272727272
2019,Post Mahomes,WR,Adam Thielen,8,81.2,0.8868407353803671,253.8,-51.56909090909092,0.3199369582348306,0.11085509192254589
2019,Post Mahomes,WR,Phillip Dorsett II,1,1.5,0.4482374768089052,253.8,-51.56909090909092,0.00591016548463357,0.4482374768089052
2019,Post Mahomes,WR,Deebo Samuel Sr.,2,24.4,-0.03095597210584633,253.8,-51.56909090909092,0.09613869188337272,-0.015477986052923165
2019,Post Mahomes,WR,Corey Davis,1,0.9,-2.5818181818181816,253.8,-51.56909090909092,0.0035460992907801418,-2.5818181818181816
2019,Post Mahomes,WR,A.J. Brown,1,1.7,-3.2885835095137415,253.8,-51.56909090909092,0.006698187549251378,-3.2885835095137415
2019,Post Mahomes,WR,DeVante Parker,4,57.4,-4.780927135911618,253.8,-51.56909090909092,0.22616233254531126,-1.1952317839779045
2019,Post Mahomes,WR,DJ Chark,3,16.0,-9.931295454545454,253.8,-51.56909090909092,0.06304176516942474,-3.310431818181818
2019,Post Mahomes,WR,T.Y. Hilton,7,67.8,-10.49967977647625,253.8,-51.56909090909092,0.26713947990543735,-1.4999542537823216
2019,Post Mahomes,WR,Danny Amendola,1,2.9,-21.790909090909093,253.8,-51.56909090909092,0.011426319936958234,-21.790909090909093
2019,The Big Gronkowski,QB,Philip Rivers,7,129.58,-27.069090909090903,238.20000000000002,-60.04545454545453,0.5439966414777498,-3.8670129870129863
2019,The Big Gronkowski,QB,Jimmy Garoppolo,6,108.62,-32.97636363636363,238.20000000000002,-60.04545454545453,0.4560033585222502,-5.496060606060605
2019,The Big Gronkowski,RB,Mark Ingram II,12,170.9,17.52023846996355,379.62,20.0109090909091,0.45018702913439756,1.4600198724969626
2019,The Big Gronkowski,RB,Marlon Mack,6,70.8,14.706128831725819,379.62,20.0109090909091,0.18650229176544966,2.451021471954303
2019,The Big Gronkowski,RB,Alvin Kamara,11,115.62,13.065952915406976,379.62,20.0109090909091,0.3045677256203572,1.1878139014006341
2019,The Big Gronkowski,RB,James White,2,22.3,-25.281411126187248,379.62,20.0109090909091,0.058742953479795586,-12.640705563093624
2019,The Big Gronkowski,TE,Will Dissly,3,20.5,3.663636363636363,59.599999999999994,-25.50909090909091,0.3439597315436242,1.221212121212121
2019,The Big Gronkowski,TE,Dallas Goedert,1,6.6,1.4727272727272727,59.599999999999994,-25.50909090909091,0.11073825503355705,1.4727272727272727
2019,The Big Gronkowski,TE,Hunter Henry,1,6.0,-1.6909090909090905,59.599999999999994,-25.50909090909091,0.10067114093959732,-1.6909090909090905
2019,The Big Gronkowski,TE,Eric Ebron,1,4.7,-2.381818181818182,59.599999999999994,-25.50909090909091,0.07885906040268457,-2.381818181818182
2019,The Big Gronkowski,TE,Vernon Davis,1,2.9,-2.7090909090909085,59.599999999999994,-25.50909090909091,0.048657718120805375,-2.7090909090909085
2019,The Big Gronkowski,TE,Jason Witten,1,3.3,-3.572727272727274,59.599999999999994,-25.50909090909091,0.05536912751677853,-3.572727272727274
2019,The Big Gronkowski,TE,Vance McDonald,5,15.6,-20.290909090909093,59.599999999999994,-25.50909090909091,0.26174496644295303,-4.058181818181819
2019,The Big Gronkowski,WR,Golden Tate,1,19.5,7.921291866028709,272.0,-31.714545454545465,0.07169117647058823,7.921291866028709
2019,The Big Gronkowski,WR,DJ Chark,5,50.0,4.708757561234659,272.0,-31.714545454545465,0.18382352941176472,0.9417515122469318
2019,The Big Gronkowski,WR,Jamison Crowder,4,19.3,3.97042805711485,272.0,-31.714545454545465,0.07095588235294117,0.9926070142787125
2019,The Big Gronkowski,WR,Antonio Brown,1,12.1,-2.994146341463415,272.0,-31.714545454545465,0.04448529411764706,-2.994146341463415
2019,The Big Gronkowski,WR,Cole Beasley,1,7.6,-5.175649350649352,272.0,-31.714545454545465,0.027941176470588233,-5.175649350649352
2019,The Big Gronkowski,WR,Robbie Chosen,3,8.6,-5.665907679277243,272.0,-31.714545454545465,0.03161764705882353,-1.8886358930924143
2019,The Big Gronkowski,WR,Deebo Samuel Sr.,2,6.300000000000001,-6.417628596338274,272.0,-31.714545454545465,0.023161764705882354,-3.208814298169137
2019,The Big Gronkowski,WR,Jarvis Landry,7,80.2,-9.818768049731968,272.0,-31.714545454545465,0.2948529411764706,-1.4026811499617098
2019,The Big Gronkowski,WR,JuJu Smith-Schuster,10,68.4,-18.242922921463432,272.0,-31.714545454545465,0.2514705882352941,-1.8242922921463431
2019,ThreatLevelMidnight,QB,Daniel Jones,1,16.3,-0.8490909090909078,223.36,-76.23454545454547,0.07297636103151862,-0.8490909090909078
2019,ThreatLevelMidnight,QB,Ryan Tannehill,1,17.78,-5.718181818181819,223.36,-76.23454545454547,0.07960243553008596,-5.718181818181819
2019,ThreatLevelMidnight,QB,Jacoby Brissett,1,11.94,-11.816363636363635,223.36,-76.23454545454547,0.053456303724928364,-11.816363636363635
2019,ThreatLevelMidnight,QB,Derek Carr,4,66.64,-27.696363636363643,223.36,-76.23454545454547,0.29835243553008595,-6.924090909090911
2019,ThreatLevelMidnight,QB,Jared Goff,6,110.7,-30.15454545454546,223.36,-76.23454545454547,0.49561246418338106,-5.025757575757576
2019,ThreatLevelMidnight,RB,Aaron Jones Sr.,11,162.20000000000002,57.45777027762506,465.7,113.91636363636364,0.34829289242001293,5.223433661602278
2019,ThreatLevelMidnight,RB,Leonard Fournette,12,159.29999999999998,34.12236951756637,465.7,113.91636363636364,0.34206570753704096,2.843530793130531
2019,ThreatLevelMidnight,RB,James Conner,6,74.6,11.648901504202216,465.7,113.91636363636364,0.1601889628516212,1.9414835840337028
2019,ThreatLevelMidnight,RB,Le'Veon Bell,6,61.1,7.992749721072075,465.7,113.91636363636364,0.13120034356882113,1.3321249535120125
2019,ThreatLevelMidnight,RB,Jaylen Samuels,1,4.0,1.770356627499485,465.7,113.91636363636364,0.008589220528237063,1.770356627499485
2019,ThreatLevelMidnight,RB,Alexander Mattison,1,1.8,0.6652406417112299,465.7,113.91636363636364,0.003865149237706678,0.6652406417112299
2019,ThreatLevelMidnight,RB,Raheem Mostert,1,2.7,0.2589753466872109,465.7,113.91636363636364,0.005797723856560018,0.2589753466872109
2019,ThreatLevelMidnight,TE,Jared Cook,3,33.7,17.136363636363637,77.4,-6.090909090909092,0.4354005167958656,5.712121212121212
2019,ThreatLevelMidnight,TE,Jonnu Smith,2,15.600000000000001,1.918181818181817,77.4,-6.090909090909092,0.20155038759689922,0.9590909090909085
2019,ThreatLevelMidnight,TE,Dawson Knox,1,2.2,-4.7727272727272725,77.4,-6.090909090909092,0.028423772609819122,-4.7727272727272725
2019,ThreatLevelMidnight,TE,Vernon Davis,1,0.5,-6.0181818181818185,77.4,-6.090909090909092,0.006459948320413436,-6.0181818181818185
2019,ThreatLevelMidnight,TE,Vance McDonald,5,24.7,-6.809090909090909,77.4,-6.090909090909092,0.31912144702842377,-1.3618181818181818
2019,ThreatLevelMidnight,TE,Chris Herndon,1,0.7,-7.545454545454546,77.4,-6.090909090909092,0.00904392764857881,-7.545454545454546
2019,ThreatLevelMidnight,WR,Mecole Hardman Jr.,2,15.299999999999999,2.0849057394218673,189.5,-121.71454545454546,0.08073878627968337,1.0424528697109336
2019,ThreatLevelMidnight,WR,DeSean Jackson,1,0.0,0.0,189.5,-121.71454545454546,0.0,0.0
2019,ThreatLevelMidnight,WR,Chris Conley,1,3.2,-1.2623376623376619,189.5,-121.71454545454546,0.016886543535620052,-1.2623376623376619
2019,ThreatLevelMidnight,WR,Dede Westbrook,3,24.1,-5.629103889547615,189.5,-121.71454545454546,0.12717678100263852,-1.8763679631825383
2019,ThreatLevelMidnight,WR,Zach Pascal,2,16.2,-8.119255125040246,189.5,-121.71454545454546,0.08548812664907651,-4.059627562520123
2019,ThreatLevelMidnight,WR,Golden Tate,2,16.5,-8.259851144017732,189.5,-121.71454545454546,0.0870712401055409,-4.129925572008866
2019,ThreatLevelMidnight,WR,Josh Reynolds,1,5.0,-10.70509977827051,189.5,-121.71454545454546,0.026385224274406333,-10.70509977827051
2019,ThreatLevelMidnight,WR,Josh Gordon,6,34.800000000000004,-42.59899005069802,189.5,-121.71454545454546,0.1836411609498681,-7.099831675116337
2019,ThreatLevelMidnight,WR,Robert Woods,9,74.4,-47.224813544055536,189.5,-121.71454545454546,0.39261213720316623,-5.2472015048950595
2019,Uncle Rico,QB,Josh Allen,9,215.20000000000002,13.96545454545455,248.28000000000003,-49.0490909090909,0.8667633317222491,1.5517171717171723
2019,Uncle Rico,QB,Teddy Bridgewater,2,15.4,-31.367272727272727,248.28000000000003,-49.0490909090909,0.06202674399871113,-15.683636363636364
2019,Uncle Rico,QB,Cam Newton,2,17.68,-31.647272727272725,248.28000000000003,-49.0490909090909,0.07120992427903979,-15.823636363636362
2019,Uncle Rico,RB,LeSean McCoy,2,9.9,1.4371330660804342,300.7,-66.08363636363634,0.03292317924842036,0.7185665330402171
2019,Uncle Rico,RB,Damien Williams,6,32.7,0.9793410273775724,300.7,-66.08363636363634,0.10874625872963087,0.16322350456292875
2019,Uncle Rico,RB,Frank Gore,2,11.0,-11.4794809146229,300.7,-66.08363636363634,0.03658131027602261,-5.73974045731145
2019,Uncle Rico,RB,Peyton Barber,3,22.5,-15.092911965934594,300.7,-66.08363636363634,0.07482540738277353,-5.030970655311531
2019,Uncle Rico,RB,Derrick Henry,12,206.0,-19.1370175429702,300.7,-66.08363636363634,0.6850681742600598,-1.5947514619141832
2019,Uncle Rico,RB,Matt Breida,4,18.6,-22.79070003356665,300.7,-66.08363636363634,0.06185567010309279,-5.697675008391663
2019,Uncle Rico,TE,Evan Engram,8,65.4,14.281818181818181,92.7,10.600000000000001,0.7055016181229774,1.7852272727272727
2019,Uncle Rico,TE,Greg Olsen,5,27.3,-3.68181818181818,92.7,10.600000000000001,0.29449838187702265,-0.736363636363636
2019,Uncle Rico,WR,Davante Adams,9,84.4,25.62954916065719,357.6,61.66727272727273,0.2360178970917226,2.8477276845174657
2019,Uncle Rico,WR,Christian Kirk,7,59.900000000000006,23.32534106307601,357.6,61.66727272727273,0.16750559284116331,3.33219158043943
2019,Uncle Rico,WR,DJ Moore,4,58.2,11.950220063572862,357.6,61.66727272727273,0.16275167785234898,2.9875550158932156
2019,Uncle Rico,WR,Michael Gallup,1,6.8,2.7539999999999996,357.6,61.66727272727273,0.01901565995525727,2.7539999999999996
2019,Uncle Rico,WR,Julio Jones,11,118.7,2.6551414016130304,357.6,61.66727272727273,0.33193512304250555,0.24137649105573003
2019,Uncle Rico,WR,Tyler Boyd,4,29.6,-4.646978961646365,357.6,61.66727272727273,0.08277404921700224,-1.1617447404115913
2019,Voldemort,QB,Patrick Mahomes,10,255.92000000000002,33.82545454545454,312.98,21.532727272727264,0.8176880311841013,3.382545454545454
2019,Voldemort,QB,Baker Mayfield,1,30.58,11.416363636363634,312.98,21.532727272727264,0.09770592370119495,11.416363636363634
2019,Voldemort,QB,Matt Moore,1,17.0,-10.376363636363635,312.98,21.532727272727264,0.05431656974886574,-10.376363636363635
2019,Voldemort,QB,Jacoby Brissett,1,9.48,-13.332727272727276,312.98,21.532727272727264,0.03028947536583807,-13.332727272727276
2019,Voldemort,RB,Christian McCaffrey,12,279.1,114.56612133435367,558.3000000000001,214.93454545454549,0.49991044241447247,9.547176777862806
2019,Voldemort,RB,Chris Carson,12,154.8,53.84895877416936,558.3000000000001,214.93454545454549,0.277270284793122,4.48741323118078
2019,Voldemort,RB,Tevin Coleman,9,89.0,39.35835358595321,558.3000000000001,214.93454545454549,0.15941250223893963,4.373150398439246
2019,Voldemort,RB,Rex Burkhead,1,12.9,3.4864864864864877,558.3000000000001,214.93454545454549,0.023105857066093496,3.4864864864864877
2019,Voldemort,RB,Royce Freeman,1,6.7,3.452550088592068,558.3000000000001,214.93454545454549,0.012000716460684218,3.452550088592068
2019,Voldemort,RB,Brian Hill,1,3.8,1.0791002811621364,558.3000000000001,214.93454545454549,0.006806376500089557,1.0791002811621364
2019,Voldemort,RB,Adrian Peterson,2,12.0,-0.8570250961714607,558.3000000000001,214.93454545454549,0.021493820526598602,-0.42851254808573036
2019,Voldemort,TE,Hunter Henry,6,41.7,1.9090909090909092,59.5,-25.618181818181817,0.7008403361344538,0.3181818181818182
2019,Voldemort,TE,Jacob Hollister,1,2.2,-4.2272727272727275,59.5,-25.618181818181817,0.03697478991596639,-4.2272727272727275
2019,Voldemort,TE,O.J. Howard,6,15.6,-23.3,59.5,-25.618181818181817,0.26218487394957984,-3.8833333333333333
2019,Voldemort,WR,Kenny Stills,1,2.2,-6.59672131147541,206.60000000000002,-103.05999999999999,0.010648596321393998,-6.59672131147541
2019,Voldemort,WR,Michael Gallup,4,32.3,-13.874601113282601,206.60000000000002,-103.05999999999999,0.15634075508228457,-3.4686502783206503
2019,Voldemort,WR,Terry McLaurin,4,13.0,-21.12706762493467,206.60000000000002,-103.05999999999999,0.06292352371732816,-5.281766906233668
2019,Voldemort,WR,Curtis Samuel,7,45.9,-29.948235070702296,206.60000000000002,-103.05999999999999,0.2221684414327202,-4.2783192958146135
2019,Voldemort,WR,Keenan Allen,11,113.2,-31.513374879605013,206.60000000000002,-103.05999999999999,0.5479186834462729,-2.864852261782274
2019,malle_dips_pouches,QB,Aaron Rodgers,11,259.74,9.029090909090902,291.02,-2.423636363636371,0.8925159782832796,0.8208264462809911
2019,malle_dips_pouches,QB,Jacoby Brissett,2,31.28,-11.452727272727273,291.02,-2.423636363636371,0.10748402171672052,-5.7263636363636365
2019,malle_dips_pouches,RB,Joe Mixon,12,113.3,16.217553605645215,407.2,50.09818181818182,0.2782416502946955,1.3514628004704345
2019,malle_dips_pouches,RB,Ezekiel Elliott,12,175.6,15.75479835162853,407.2,50.09818181818182,0.431237721021611,1.312899862635711
2019,malle_dips_pouches,RB,Carlos Hyde,7,64.2,13.374282516616548,407.2,50.09818181818182,0.1576620825147348,1.9106117880880782
2019,malle_dips_pouches,RB,LeSean McCoy,4,39.5,6.79691527872699,407.2,50.09818181818182,0.09700392927308449,1.6992288196817475
2019,malle_dips_pouches,RB,Tarik Cohen,2,14.6,-2.0453679344354576,407.2,50.09818181818182,0.03585461689587426,-1.0226839672177288
2019,malle_dips_pouches,TE,Ryan Griffin,1,3.0,-2.454545454545454,50.8,-35.10909090909091,0.05905511811023623,-2.454545454545454
2019,malle_dips_pouches,TE,Eric Ebron,4,14.3,-14.11818181818182,50.8,-35.10909090909091,0.28149606299212604,-3.529545454545455
2019,malle_dips_pouches,TE,Delanie Walker,8,33.5,-18.536363636363635,50.8,-35.10909090909091,0.6594488188976378,-2.3170454545454544
2019,malle_dips_pouches,WR,DJ Moore,1,8.9,0.893797177551689,229.68,-77.88181818181818,0.03874956461163358,0.893797177551689
2019,malle_dips_pouches,WR,Sterling Shepard,1,0.0,0.0,229.68,-77.88181818181818,0.0,0.0
2019,malle_dips_pouches,WR,Emmanuel Sanders,3,21.099999999999998,-5.771023537507663,229.68,-77.88181818181818,0.09186694531522116,-1.9236745125025543
2019,malle_dips_pouches,WR,Tyler Boyd,3,19.1,-9.943627744738668,229.68,-77.88181818181818,0.0831591779867642,-3.314542581579556
2019,malle_dips_pouches,WR,Brandin Cooks,8,51.3,-15.653423627238421,229.68,-77.88181818181818,0.2233542319749216,-1.9566779534048027
2019,malle_dips_pouches,WR,Julian Edelman,12,129.28,-47.40754044988511,229.68,-77.88181818181818,0.5628700801114594,-3.9506283708237593
2020,Big Sack Jack,QB,Patrick Mahomes,11,349.86,71.86727272727272,385.08,55.87090909090908,0.9085384855095046,6.5333884297520655
2020,Big Sack Jack,QB,Philip Rivers,1,18.32,-4.058181818181819,385.08,55.87090909090908,0.0475745299677989,-4.058181818181819
2020,Big Sack Jack,QB,Kirk Cousins,1,16.9,-11.938181818181821,385.08,55.87090909090908,0.04388698452269658,-11.938181818181821
2020,Big Sack Jack,RB,Chris Thompson,1,5.7,-0.529014887551473,332.8,-48.08181818181818,0.017127403846153848,-0.529014887551473
2020,Big Sack Jack,RB,Jordan Wilkins,1,2.8,-5.7383399209486186,332.8,-48.08181818181818,0.008413461538461538,-5.7383399209486186
2020,Big Sack Jack,RB,James White,5,40.2,-10.244567263136846,332.8,-48.08181818181818,0.12079326923076923,-2.048913452627369
2020,Big Sack Jack,RB,Melvin Gordon III,11,122.8,-11.482519628779924,332.8,-48.08181818181818,0.3689903846153846,-1.043865420798175
2020,Big Sack Jack,RB,Ezekiel Elliott,12,161.3,-20.08737648140132,332.8,-48.08181818181818,0.4846754807692308,-1.6739480401167768
2020,Big Sack Jack,TE,Dallas Goedert,7,55.8,-4.852727272727274,98.4,-13.316363636363636,0.5670731707317073,-0.6932467532467534
2020,Big Sack Jack,TE,Evan Engram,6,42.6,-8.463636363636361,98.4,-13.316363636363636,0.4329268292682927,-1.4106060606060602
2020,Big Sack Jack,WR,Mecole Hardman Jr.,1,6.3,0.35353535353535254,342.42,-78.09090909090908,0.01839845803399334,0.35353535353535254
2020,Big Sack Jack,WR,Odell Beckham Jr.,1,3.7,-1.004070556309362,342.42,-78.09090909090908,0.01080544360726593,-1.004070556309362
2020,Big Sack Jack,WR,Sammy Watkins,1,4.3,-1.2066787395871053,342.42,-78.09090909090908,0.012557677705741486,-1.2066787395871053
2020,Big Sack Jack,WR,Hollywood Brown,9,68.9,-4.938133036052768,342.42,-78.09090909090908,0.2012148823082764,-0.5486814484503076
2020,Big Sack Jack,WR,Julian Edelman,4,18.82,-5.182382205414786,342.42,-78.09090909090908,0.054961742888849946,-1.2955955513536965
2020,Big Sack Jack,WR,CeeDee Lamb,8,68.8,-8.443662559294943,342.42,-78.09090909090908,0.20092284329186377,-1.0554578199118678
2020,Big Sack Jack,WR,Keenan Allen,11,171.6,-57.669517347785465,342.42,-78.09090909090908,0.501138952164009,-5.242683395253224
2020,Ginger FC 🏆🏆,QB,Russell Wilson,12,362.56,58.7181818181818,386.6,57.52909090909089,0.9378168649767201,4.893181818181817
2020,Ginger FC 🏆🏆,QB,Ryan Fitzpatrick,1,24.04,-1.1890909090909076,386.6,57.52909090909089,0.06218313502327987,-1.1890909090909076
2020,Ginger FC 🏆🏆,RB,Christian McCaffrey,3,81.9,1.237933201397059,260.5,-126.95454545454547,0.3143953934740883,0.41264440046568635
2020,Ginger FC 🏆🏆,RB,Matt Breida,1,2.2,-0.18904109589041115,260.5,-126.95454545454547,0.008445297504798464,-0.18904109589041115
2020,Ginger FC 🏆🏆,RB,Cam Akers,1,1.3,-0.5972840437570727,260.5,-126.95454545454547,0.0049904030710172746,-0.5972840437570727
2020,Ginger FC 🏆🏆,RB,Malcolm Brown,1,6.7,-1.4357142857142873,260.5,-126.95454545454547,0.025719769673704415,-1.4357142857142873
2020,Ginger FC 🏆🏆,RB,La'Mical Perine,1,9.3,-2.0488943488943474,260.5,-126.95454545454547,0.03570057581573897,-2.0488943488943474
2020,Ginger FC 🏆🏆,RB,Justin Jackson,2,15.7,-3.3642857142857174,260.5,-126.95454545454547,0.06026871401151631,-1.6821428571428587
2020,Ginger FC 🏆🏆,RB,DeeJay Dallas,1,4.1,-4.433492822966508,260.5,-126.95454545454547,0.015738963531669863,-4.433492822966508
2020,Ginger FC 🏆🏆,RB,Chris Thompson,2,6.3,-5.349006342494715,260.5,-126.95454545454547,0.02418426103646833,-2.6745031712473577
2020,Ginger FC 🏆🏆,RB,Frank Gore,2,10.299999999999999,-8.930569441644833,260.5,-126.95454545454547,0.03953934740882917,-4.4652847208224165
2020,Ginger FC 🏆🏆,RB,Jerick McKinnon,5,39.6,-41.32863873608438,260.5,-126.95454545454547,0.15201535508637237,-8.265727747216875
2020,Ginger FC 🏆🏆,RB,Chase Edmonds,8,83.1,-60.515551824210256,260.5,-126.95454545454547,0.31900191938579653,-7.564443978026282
2020,Ginger FC 🏆🏆,TE,Mike Gesicki,1,0.0,-8.636363636363637,66.2,-48.443636363636365,0.0,-8.636363636363637
2020,Ginger FC 🏆🏆,TE,Jimmy Graham,2,4.7,-16.574545454545454,66.2,-48.443636363636365,0.07099697885196375,-8.287272727272727
2020,Ginger FC 🏆🏆,TE,Jared Cook,10,61.5,-23.232727272727274,66.2,-48.443636363636365,0.9290030211480362,-2.3232727272727276
2020,Ginger FC 🏆🏆,WR,DK Metcalf,12,195.4,47.021760029059024,490.5,83.45090909090906,0.3983690112130479,3.9184800024215853
2020,Ginger FC 🏆🏆,WR,Mike Evans,10,127.9,30.91088512373952,490.5,83.45090909090906,0.26075433231396533,3.0910885123739518
2020,Ginger FC 🏆🏆,WR,DeVante Parker,6,54.6,8.907799385421821,490.5,83.45090909090906,0.11131498470948012,1.484633230903637
2020,Ginger FC 🏆🏆,WR,Allen Lazard,2,22.2,4.96924365290357,490.5,83.45090909090906,0.04525993883792049,2.484621826451785
2020,Ginger FC 🏆🏆,WR,Brandon Aiyuk,3,43.5,1.8690023360645371,490.5,83.45090909090906,0.08868501529051988,0.623000778688179
2020,Ginger FC 🏆🏆,WR,Brandin Cooks,5,46.9,-10.227781436279402,490.5,83.45090909090906,0.09561671763506625,-2.0455562872558803
2020,Joe Mantegna,QB,Deshaun Watson,12,330.78,20.949090909090888,333.53999999999996,-0.3545454545454767,0.9917251304191401,1.745757575757574
2020,Joe Mantegna,QB,Jimmy Garoppolo,1,2.76,-21.303636363636365,333.53999999999996,-0.3545454545454767,0.008274869580859868,-21.303636363636365
2020,Joe Mantegna,RB,Todd Gurley,10,131.2,37.39531488815776,416.0,42.68181818181817,0.3153846153846154,3.7395314888157762
2020,Joe Mantegna,RB,Clyde Edwards-Helaire,12,137.6,23.22073850267882,416.0,42.68181818181817,0.33076923076923076,1.9350615418899018
2020,Joe Mantegna,RB,Zack Moss,4,44.300000000000004,9.855594357241007,416.0,42.68181818181817,0.10649038461538463,2.4638985893102516
2020,Joe Mantegna,RB,Miles Sanders,9,102.89999999999999,-27.78982956625942,416.0,42.68181818181817,0.2473557692307692,-3.087758840695491
2020,Joe Mantegna,TE,George Kittle,6,79.6,32.345454545454544,117.02,6.996363636363631,0.6802256024611177,5.390909090909091
2020,Joe Mantegna,TE,Trey Burton,1,1.6,-9.236363636363636,117.02,6.996363636363631,0.013672876431379252,-9.236363636363636
2020,Joe Mantegna,TE,Logan Thomas,6,35.82,-16.112727272727277,117.02,6.996363636363631,0.306101521107503,-2.685454545454546
2020,Joe Mantegna,WR,Curtis Samuel,2,32.5,8.887784031678724,324.58,-97.55272727272727,0.10012939799125023,4.443892015839362
2020,Joe Mantegna,WR,Jarvis Landry,8,86.68,-22.798892700739145,324.58,-97.55272727272727,0.26705280670404835,-2.849861587592393
2020,Joe Mantegna,WR,DJ Chark,8,70.89999999999999,-29.44994259680788,324.58,-97.55272727272727,0.21843613284860433,-3.681242824600985
2020,Joe Mantegna,WR,JuJu Smith-Schuster,12,134.5,-54.19167600685897,324.58,-97.55272727272727,0.41438166245609714,-4.515973000571581
2020,Malle ❤️ 🐸,QB,Ben Roethlisberger,3,60.42,-6.8490909090909184,317.78000000000003,-17.547272727272745,0.1901315375416955,-2.2830303030303063
2020,Malle ❤️ 🐸,QB,Tom Brady,10,257.36,-10.698181818181826,317.78000000000003,-17.547272727272745,0.8098684624583045,-1.0698181818181827
2020,Malle ❤️ 🐸,RB,Alvin Kamara,12,245.8,62.24086096478377,457.8,88.28181818181818,0.5369156837046746,5.186738413731981
2020,Malle ❤️ 🐸,RB,Kareem Hunt,12,151.9,23.755302250978307,457.8,88.28181818181818,0.3318042813455658,1.9796085209148588
2020,Malle ❤️ 🐸,RB,Latavius Murray,5,25.9,9.542827521468073,457.8,88.28181818181818,0.05657492354740061,1.9085655042936147
2020,Malle ❤️ 🐸,RB,Jordan Howard,1,6.7,1.2502392344497606,457.8,88.28181818181818,0.014635211882918305,1.2502392344497606
2020,Malle ❤️ 🐸,RB,Damien Harris,4,27.5,-8.50741178986173,457.8,88.28181818181818,0.0600698995194408,-2.1268529474654323
2020,Malle ❤️ 🐸,TE,Travis Kelce,12,198.56,102.69454545454545,203.56,101.40363636363635,0.9754372175280016,8.557878787878787
2020,Malle ❤️ 🐸,TE,Mike Gesicki,1,5.0,-1.290909090909091,203.56,101.40363636363635,0.024562782471998428,-1.290909090909091
2020,Malle ❤️ 🐸,WR,Adam Thielen,11,176.1,17.308884278998516,420.66,7.261818181818171,0.41862787048923117,1.5735349344544105
2020,Malle ❤️ 🐸,WR,Preston Williams,4,45.400000000000006,2.7629758947648,420.66,7.261818181818171,0.10792564065991538,0.6907439736912
2020,Malle ❤️ 🐸,WR,Jakobi Meyers,3,25.56,-3.29627581193564,420.66,7.261818181818171,0.06076166024818142,-1.0987586039785466
2020,Malle ❤️ 🐸,WR,DeSean Jackson,2,8.2,-4.105539052295746,420.66,7.261818181818171,0.019493177387914225,-2.052769526147873
2020,Malle ❤️ 🐸,WR,Calvin Ridley,11,165.4,-5.408227127713759,420.66,7.261818181818171,0.39319165121475774,-0.4916570116103417
2020,Patty Primetimes,QB,Josh Allen,4,102.9,15.07454545454545,291.36,-46.36909090909093,0.35317133443163096,3.7686363636363627
2020,Patty Primetimes,QB,Lamar Jackson,6,148.0,-18.514545454545466,291.36,-46.36909090909093,0.5079626578802855,-3.0857575757575777
2020,Patty Primetimes,QB,Matthew Stafford,3,40.46,-42.92909090909092,291.36,-46.36909090909093,0.13886600768808346,-14.309696969696972
2020,Patty Primetimes,RB,Phillip Lindsay,2,10.2,1.6628368096549913,300.8,-82.99090909090911,0.0339095744680851,0.8314184048274956
2020,Patty Primetimes,RB,Jamaal Williams,3,41.599999999999994,0.7959414030945114,300.8,-82.99090909090911,0.1382978723404255,0.2653138010315038
2020,Patty Primetimes,RB,Carlos Hyde,1,0.0,0.0,300.8,-82.99090909090911,0.0,0.0
2020,Patty Primetimes,RB,D'Andre Swift,5,38.4,-3.441629452418931,300.8,-82.99090909090911,0.1276595744680851,-0.6883258904837862
2020,Patty Primetimes,RB,Malcolm Brown,1,2.9,-3.924198822759974,300.8,-82.99090909090911,0.00964095744680851,-3.924198822759974
2020,Patty Primetimes,RB,Adrian Peterson,3,17.6,-6.78045861391972,300.8,-82.99090909090911,0.05851063829787234,-2.2601528713065733
2020,Patty Primetimes,RB,Austin Ekeler,4,53.7,-7.9392718376976585,300.8,-82.99090909090911,0.17852393617021278,-1.9848179594244146
2020,Patty Primetimes,RB,Nick Chubb,4,58.7,-12.883727954772283,300.8,-82.99090909090911,0.19514627659574468,-3.2209319886930707
2020,Patty Primetimes,RB,J.K. Dobbins,4,28.5,-13.767835842062235,300.8,-82.99090909090911,0.09474734042553191,-3.4419589605155587
2020,Patty Primetimes,RB,Nyheim Miller-Hines,7,49.2,-36.71256478002781,300.8,-82.99090909090911,0.16356382978723405,-5.244652111432544
2020,Patty Primetimes,TE,Mark Andrews,6,64.3,14.921875,121.39999999999999,11.774545454545455,0.5296540362438221,2.4869791666666665
2020,Patty Primetimes,TE,Rob Gronkowski,6,44.099999999999994,1.9708522727272735,121.39999999999999,11.774545454545455,0.36326194398682043,0.3284753787878789
2020,Patty Primetimes,TE,Noah Fant,2,13.0,-5.118181818181818,121.39999999999999,11.774545454545455,0.1070840197693575,-2.559090909090909
2020,Patty Primetimes,WR,Christian Kirk,1,21.6,-3.184137931034481,323.8,-98.40363636363634,0.06670784434836319,-3.184137931034481
2020,Patty Primetimes,WR,Travis Fulgham,5,22.0,-6.113270432579551,323.8,-98.40363636363634,0.0679431747992588,-1.2226540865159101
2020,Patty Primetimes,WR,DJ Moore,6,76.60000000000001,-9.285511907537074,323.8,-98.40363636363634,0.2365657813465102,-1.5475853179228458
2020,Patty Primetimes,WR,T.Y. Hilton,6,34.2,-26.45623904130763,323.8,-98.40363636363634,0.10562075355157505,-4.409373173551272
2020,Patty Primetimes,WR,Tyler Lockett,12,169.4,-53.36447705117761,323.8,-98.40363636363634,0.5231624459542927,-4.447039754264801
2020,Pop Lockett Drop it,QB,Aaron Rodgers,12,358.4,54.307272727272704,382.23999999999995,52.772727272727245,0.9376308078694015,4.525606060606059
2020,Pop Lockett Drop it,QB,Gardner Minshew II,1,23.84,-1.5345454545454587,382.23999999999995,52.772727272727245,0.062369192130598584,-1.5345454545454587
2020,Pop Lockett Drop it,RB,James Robinson,9,144.1,18.422784497826836,408.69999999999993,34.71818181818181,0.35258135551749453,2.0469760553140928
2020,Pop Lockett Drop it,RB,David Johnson,7,81.3,11.781789192315646,408.69999999999993,34.71818181818181,0.19892341570834354,1.683112741759378
2020,Pop Lockett Drop it,RB,Josh Jacobs,11,159.2,10.55729908931069,408.69999999999993,34.71818181818181,0.3895277709811598,0.9597544626646083
2020,Pop Lockett Drop it,RB,Darrell Henderson Jr.,3,24.099999999999998,-6.0436909612713645,408.69999999999993,34.71818181818181,0.058967457793002206,-2.0145636537571217
2020,Pop Lockett Drop it,TE,Jimmy Graham,3,22.4,0.2727272727272716,78.0,-35.57090909090909,0.28717948717948716,0.09090909090909054
2020,Pop Lockett Drop it,TE,Austin Hooper,10,55.6,-35.843636363636364,78.0,-35.57090909090909,0.7128205128205128,-3.584363636363636
2020,Pop Lockett Drop it,WR,Stefon Diggs,12,172.7,19.22241949767783,451.9,41.341818181818184,0.3821641956184997,1.6018682914731526
2020,Pop Lockett Drop it,WR,Will Fuller V,8,119.3,15.091637521383529,451.9,41.341818181818184,0.26399645939367117,1.886454690172941
2020,Pop Lockett Drop it,WR,Julio Jones,7,85.7,12.288299726793353,451.9,41.341818181818184,0.1896437264881611,1.7554713895419076
2020,Pop Lockett Drop it,WR,Henry Ruggs III,1,13.9,3.393409652076319,451.9,41.341818181818184,0.030759017481743752,3.393409652076319
2020,Pop Lockett Drop it,WR,Emmanuel Sanders,1,2.3,0.052609970674486924,451.9,41.341818181818184,0.005089621597698606,0.052609970674486924
2020,Pop Lockett Drop it,WR,Tee Higgins,3,28.4,-0.942270860878207,451.9,41.341818181818184,0.06284576233680017,-0.31409028695940233
2020,Pop Lockett Drop it,WR,Robbie Chosen,3,29.599999999999998,-7.764287325909131,451.9,41.341818181818184,0.06550121708342553,-2.5880957753030436
2020,Post Mahomes,QB,Kyler Murray,11,332.68,53.04363636363636,366.22,35.29636363636363,0.9084157064059855,4.822148760330578
2020,Post Mahomes,QB,Derek Carr,1,14.54,-8.452727272727273,366.22,35.29636363636363,0.039702910818633606,-8.452727272727273
2020,Post Mahomes,QB,Carson Wentz,1,19.0,-9.294545454545457,366.22,35.29636363636363,0.051881382775380916,-9.294545454545457
2020,Post Mahomes,RB,Nick Chubb,4,72.2,24.764108992872835,388.5,12.681818181818166,0.18584298584298586,6.191027248218209
2020,Post Mahomes,RB,Rex Burkhead,1,20.6,7.290259740259741,388.5,12.681818181818166,0.05302445302445303,7.290259740259741
2020,Post Mahomes,RB,Chris Carson,8,125.4,3.699082856654817,388.5,12.681818181818166,0.3227799227799228,0.46238535708185213
2020,Post Mahomes,RB,Carlos Hyde,1,16.5,0.7849462365591382,388.5,12.681818181818166,0.04247104247104247,0.7849462365591382
2020,Post Mahomes,RB,Saquon Barkley,2,12.399999999999999,0.42071826478606206,388.5,12.681818181818166,0.03191763191763192,0.21035913239303103
2020,Post Mahomes,RB,Joshua Kelley,2,12.7,-3.91387034571146,388.5,12.681818181818166,0.032689832689832686,-1.95693517285573
2020,Post Mahomes,RB,Devonta Freeman,2,7.0,-4.015450290310627,388.5,12.681818181818166,0.018018018018018018,-2.0077251451553133
2020,Post Mahomes,RB,La'Mical Perine,2,9.1,-5.902078836450795,388.5,12.681818181818166,0.023423423423423424,-2.9510394182253976
2020,Post Mahomes,RB,David Montgomery,9,112.6,-10.445898436841546,388.5,12.681818181818166,0.28983268983268984,-1.1606553818712828
2020,Post Mahomes,TE,Mark Andrews,4,36.1,4.821818181818182,103.7,-7.534545454545455,0.3481195756991321,1.2054545454545456
2020,Post Mahomes,TE,Noah Fant,2,13.1,-4.872727272727274,103.7,-7.534545454545455,0.12632594021215043,-2.436363636363637
2020,Post Mahomes,TE,Hayden Hurst,7,54.5,-7.483636363636363,103.7,-7.534545454545455,0.5255544840887174,-1.069090909090909
2020,Post Mahomes,WR,DJ Moore,6,66.9,2.3375992659521265,394.32000000000005,-21.47272727272729,0.1696591600730371,0.38959987765868775
2020,Post Mahomes,WR,Kendall Hinton,1,-0.78,0.7042461885940148,394.32000000000005,-21.47272727272729,-0.0019780888618381007,0.7042461885940148
2020,Post Mahomes,WR,Mike Williams,3,30.599999999999998,0.11410746777078629,394.32000000000005,-21.47272727272729,0.07760194765672548,0.03803582259026209
2020,Post Mahomes,WR,A.J. Green,2,10.5,-1.4394514306463029,394.32000000000005,-21.47272727272729,0.026628119293974434,-0.7197257153231514
2020,Post Mahomes,WR,Robert Woods,12,163.4,-5.868381733641557,394.32000000000005,-21.47272727272729,0.4143842564414688,-0.4890318111367964
2020,Post Mahomes,WR,Marvin Jones Jr.,5,67.9,-7.002039346404813,394.32000000000005,-21.47272727272729,0.17219517143436802,-1.4004078692809627
2020,Post Mahomes,WR,Kenny Golladay,5,55.8,-10.318807684351546,394.32000000000005,-21.47272727272729,0.14150943396226412,-2.063761536870309
2020,The Big Gronkowski,QB,Cam Newton,1,21.2,-0.8127272727272761,238.98,-103.5109090909091,0.08871035233073897,-0.8127272727272761
2020,The Big Gronkowski,QB,Matt Ryan,1,14.92,-9.98909090909091,238.98,-103.5109090909091,0.062432002678048375,-9.98909090909091
2020,The Big Gronkowski,QB,Drew Brees,6,129.12,-35.06727272727274,238.98,-103.5109090909091,0.5402962591011801,-5.8445454545454565
2020,The Big Gronkowski,QB,Jared Goff,5,73.74,-57.64181818181818,238.98,-103.5109090909091,0.3085613858900326,-11.528363636363636
2020,The Big Gronkowski,RB,Dalvin Cook,11,257.9,56.17912699133882,474.5,106.5,0.5435194942044257,5.107193362848983
2020,The Big Gronkowski,RB,James Conner,9,102.4,27.129933178504565,474.5,106.5,0.21580611169652267,3.0144370198338404
2020,The Big Gronkowski,RB,Ronald Jones,9,112.1,23.445761964543962,474.5,106.5,0.23624868282402528,2.6050846627271067
2020,The Big Gronkowski,RB,Kerryon Johnson,1,2.1,-0.25482213438735163,474.5,106.5,0.004425711275026343,-0.25482213438735163
2020,The Big Gronkowski,TE,Darren Waller,11,150.8,60.14727272727273,161.20000000000002,55.192727272727275,0.9354838709677419,5.467933884297521
2020,The Big Gronkowski,TE,Jonnu Smith,2,10.4,-4.954545454545455,161.20000000000002,55.192727272727275,0.06451612903225806,-2.4772727272727275
2020,The Big Gronkowski,WR,Odell Beckham Jr.,4,48.32,19.078248608005712,377.82000000000005,-39.47272727272728,0.12789158858715788,4.769562152001428
2020,The Big Gronkowski,WR,Michael Pittman Jr.,1,7.1,-0.6798490091223669,377.82000000000005,-39.47272727272728,0.018792017362765336,-0.6798490091223669
2020,The Big Gronkowski,WR,Darius Slayton,3,9.6,-0.910668490481392,377.82000000000005,-39.47272727272728,0.025408924884865805,-0.3035561634937973
2020,The Big Gronkowski,WR,Keenan Allen,1,5.7,-3.4609725158562368,377.82000000000005,-39.47272727272728,0.015086549150389072,-3.4609725158562368
2020,The Big Gronkowski,WR,Antonio Brown,2,14.4,-6.241871360887021,377.82000000000005,-39.47272727272728,0.03811338732729871,-3.1209356804435107
2020,The Big Gronkowski,WR,Cooper Kupp,12,133.9,-17.31463414035532,377.82000000000005,-39.47272727272728,0.3544015668837012,-1.4428861783629434
2020,The Big Gronkowski,WR,Allen Robinson,12,158.8,-29.942980364030653,377.82000000000005,-39.47272727272728,0.4203059658038219,-2.495248363669221
2020,ThreatLevelMidnight,QB,Ryan Tannehill,1,34.56,11.436363636363637,247.76,-93.93272727272729,0.13948982886664515,11.436363636363637
2020,ThreatLevelMidnight,QB,Teddy Bridgewater,1,24.82,-0.46545454545454845,247.76,-93.93272727272729,0.10017759121730707,-0.46545454545454845
2020,ThreatLevelMidnight,QB,Andy Dalton,1,15.04,-11.007272727272728,247.76,-93.93272727272729,0.06070390700678075,-11.007272727272728
2020,ThreatLevelMidnight,QB,Derek Carr,1,1.6,-20.81090909090909,247.76,-93.93272727272729,0.006457862447529868,-20.81090909090909
2020,ThreatLevelMidnight,QB,Carson Wentz,2,23.34,-22.89636363636364,247.76,-93.93272727272729,0.09420406845334195,-11.44818181818182
2020,ThreatLevelMidnight,QB,Matt Ryan,7,148.4,-50.18909090909093,247.76,-93.93272727272729,0.5989667420083953,-7.169870129870133
2020,ThreatLevelMidnight,RB,Joe Mixon,5,75.2,22.031323251910795,403.3,28.82727272727273,0.18646169104884702,4.406264650382159
2020,ThreatLevelMidnight,RB,Mike Davis,9,119.6,10.596850767685986,403.3,28.82727272727273,0.29655343416811303,1.1774278630762207
2020,ThreatLevelMidnight,RB,Jeff Wilson Jr.,1,20.4,4.151025145067697,403.3,28.82727272727273,0.05058269278452764,4.151025145067697
2020,ThreatLevelMidnight,RB,Wayne Gallman,3,44.3,4.142736867588215,403.3,28.82727272727273,0.1098437887428713,1.3809122891960717
2020,ThreatLevelMidnight,RB,Jerick McKinnon,1,14.3,1.6922807017543853,403.3,28.82727272727273,0.035457475824448303,1.6922807017543853
2020,ThreatLevelMidnight,RB,Devontae Booker,1,5.6,-0.423887409661469,403.3,28.82727272727273,0.013885445078105628,-0.423887409661469
2020,ThreatLevelMidnight,RB,Alexander Mattison,1,3.5,-0.833467417538213,403.3,28.82727272727273,0.008678403173816018,-0.833467417538213
2020,ThreatLevelMidnight,RB,Raheem Mostert,6,76.9,-1.2506501251254267,403.3,28.82727272727273,0.19067691544755766,-0.20844168752090445
2020,ThreatLevelMidnight,RB,Justin Jackson,1,8.0,-4.373952288845906,403.3,28.82727272727273,0.01983635011157947,-4.373952288845906
2020,ThreatLevelMidnight,RB,Giovani Bernard,3,35.5,-6.90498676556333,403.3,28.82727272727273,0.08802380362013389,-2.3016622551877766
2020,ThreatLevelMidnight,TE,Mike Gesicki,1,1.3,-6.281818181818182,72.3,-41.789090909090916,0.01798063623789765,-6.281818181818182
2020,ThreatLevelMidnight,TE,Dalton Schultz,6,42.3,-11.123636363636365,72.3,-41.789090909090916,0.5850622406639004,-1.8539393939393942
2020,ThreatLevelMidnight,TE,Jordan Reed,4,23.0,-11.501818181818184,72.3,-41.789090909090916,0.31811894882434305,-2.875454545454546
2020,ThreatLevelMidnight,TE,Chris Herndon,2,5.7,-12.881818181818183,72.3,-41.789090909090916,0.07883817427385893,-6.440909090909091
2020,ThreatLevelMidnight,WR,Davante Adams,10,220.9,69.09403789748724,507.64,102.1490909090909,0.43515089433456783,6.909403789748724
2020,ThreatLevelMidnight,WR,A.J. Brown,9,128.6,40.62277396695823,507.64,102.1490909090909,0.2533291308801513,4.513641551884247
2020,ThreatLevelMidnight,WR,Tyler Boyd,6,78.04,8.84501870215706,507.64,102.1490909090909,0.15373099046568436,1.4741697836928431
2020,ThreatLevelMidnight,WR,Tim Patrick,1,10.9,5.5131207361573855,507.64,102.1490909090909,0.021471909227011268,5.5131207361573855
2020,ThreatLevelMidnight,WR,Russell Gage Jr.,1,3.0,-1.943250688705234,507.64,102.1490909090909,0.005909699787250808,-1.943250688705234
2020,ThreatLevelMidnight,WR,Marvin Jones Jr.,2,16.9,-4.941387955673669,507.64,102.1490909090909,0.03329130880151288,-2.4706939778368344
2020,ThreatLevelMidnight,WR,Michael Gallup,5,49.300000000000004,-15.0412217492901,507.64,102.1490909090909,0.09711606650382161,-3.0082443498580203
2020,Uncle Rico,QB,Josh Allen,7,203.12,8.190909090909084,337.74,4.227272727272716,0.6014093681530172,1.1701298701298692
2020,Uncle Rico,QB,Lamar Jackson,5,116.1,-1.6109090909090966,337.74,4.227272727272716,0.34375555160774557,-0.32218181818181935
2020,Uncle Rico,QB,Taysom Hill,1,18.52,-2.3527272727272717,337.74,4.227272727272716,0.05483508023923728,-2.3527272727272717
2020,Uncle Rico,RB,Derrick Henry,12,219.4,34.92256358109031,440.4,69.29999999999997,0.4981834695731154,2.9102136317575256
2020,Uncle Rico,RB,Antonio Gibson,11,148.4,17.969733984588668,440.4,69.29999999999997,0.33696639418710267,1.6336121804171517
2020,Uncle Rico,RB,Austin Ekeler,2,27.2,7.586299922299922,440.4,69.29999999999997,0.061762034514078114,3.793149961149961
2020,Uncle Rico,RB,D'Andre Swift,2,26.0,3.1827173697761943,440.4,69.29999999999997,0.05903723887375114,1.5913586848880972
2020,Uncle Rico,RB,Boston Scott,1,8.9,2.420473644003055,440.4,69.29999999999997,0.02020890099909174,2.420473644003055
2020,Uncle Rico,RB,JaMycal Hasty,2,11.899999999999999,1.948206636793116,440.4,69.29999999999997,0.02702089009990917,0.974103318396558
2020,Uncle Rico,RB,Benny Snell Jr.,1,-1.4,1.2700048614487116,440.4,69.29999999999997,-0.003178928247048138,1.2700048614487116
2020,Uncle Rico,TE,Mike Gesicki,2,10.0,4.261752661752663,106.9,-4.04363636363636,0.09354536950420954,2.1308763308763314
2020,Uncle Rico,TE,Robert Tonyan,8,64.4,-2.9618181818181792,106.9,-4.04363636363636,0.6024321796071095,-0.3702272727272724
2020,Uncle Rico,TE,Zach Ertz,5,32.5,-5.343570843570844,106.9,-4.04363636363636,0.304022450888681,-1.0687141687141688
2020,Uncle Rico,WR,Travis Fulgham,2,26.3,6.679996576167593,327.8,-94.03999999999999,0.08023184868822453,3.3399982880837964
2020,Uncle Rico,WR,Jamison Crowder,1,8.3,1.6261512319456255,327.8,-94.03999999999999,0.025320317266625994,1.6261512319456255
2020,Uncle Rico,WR,Nelson Agholor,1,0.0,0.0,327.8,-94.03999999999999,0.0,0.0
2020,Uncle Rico,WR,Scotty Miller,1,0.0,0.0,327.8,-94.03999999999999,0.0,0.0
2020,Uncle Rico,WR,Corey Davis,1,11.1,-0.019981998199820033,327.8,-94.03999999999999,0.03386211104331909,-0.019981998199820033
2020,Uncle Rico,WR,Hunter Renfrow,1,8.2,-5.990456950456952,327.8,-94.03999999999999,0.025015253203172664,-5.990456950456952
2020,Uncle Rico,WR,Michael Thomas,7,51.5,-7.587892240691613,327.8,-94.03999999999999,0.15710799267846248,-1.0839846058130875
2020,Uncle Rico,WR,Cole Beasley,1,10.7,-7.81681577681578,327.8,-94.03999999999999,0.03264185478950579,-7.81681577681578
2020,Uncle Rico,WR,Chris Godwin Jr.,7,93.1,-20.308463539594513,327.8,-94.03999999999999,0.28401464307504576,-2.9012090770849306
2020,Uncle Rico,WR,Diontae Johnson,10,118.6,-60.62253730235453,327.8,-94.03999999999999,0.3618059792556437,-6.062253730235453
2020,Voldemort,QB,Dak Prescott,5,157.14,18.87090909090908,380.86,51.26727272727271,0.41259255369427084,3.774181818181816
2020,Voldemort,QB,Justin Herbert,7,186.16,18.836363636363632,380.86,51.26727272727271,0.48878853121882054,2.6909090909090905
2020,Voldemort,QB,Ryan Tannehill,1,37.56,13.560000000000002,380.86,51.26727272727271,0.09861891508690858,13.560000000000002
2020,Voldemort,RB,Kenyan Drake,9,117.2,5.599568433590679,320.0,-62.04545454545455,0.36625,0.6221742703989643
2020,Voldemort,RB,Mark Ingram II,1,2.9,-0.35772566655958854,320.0,-62.04545454545455,0.0090625,-0.35772566655958854
2020,Voldemort,RB,Darrell Henderson Jr.,2,22.7,-4.286098135505248,320.0,-62.04545454545455,0.0709375,-2.143049067752624
2020,Voldemort,RB,DeeJay Dallas,1,10.9,-4.8939898989899016,320.0,-62.04545454545455,0.0340625,-4.8939898989899016
2020,Voldemort,RB,J.D. McKissic,1,6.1,-6.5094307561597295,320.0,-62.04545454545455,0.0190625,-6.5094307561597295
2020,Voldemort,RB,Kalen Ballage,1,10.6,-8.215617715617714,320.0,-62.04545454545455,0.033125,-8.215617715617714
2020,Voldemort,RB,Duke Johnson,3,25.9,-10.258358477624078,320.0,-62.04545454545455,0.0809375,-3.419452825874693
2020,Voldemort,RB,Jonathan Taylor,8,104.0,-11.589572181583641,320.0,-62.04545454545455,0.325,-1.4486965226979551
2020,Voldemort,RB,Leonard Fournette,3,19.7,-21.534230147005324,320.0,-62.04545454545455,0.0615625,-7.178076715668442
2020,Voldemort,TE,T.J. Hockenson,8,78.1,9.73818181818182,98.3,-13.425454545454542,0.7945066124109867,1.2172727272727275
2020,Voldemort,TE,Harrison Bryant,1,2.0,-5.5181818181818185,98.3,-13.425454545454542,0.02034587995930824,-5.5181818181818185
2020,Voldemort,TE,Tyler Higbee,4,18.2,-17.645454545454545,98.3,-13.425454545454542,0.18514750762970497,-4.411363636363636
2020,Voldemort,WR,Tyreek Hill,12,237.9,45.09123340325754,524.3,120.32363636363635,0.45374785428189973,3.757602783604795
2020,Voldemort,WR,Terry McLaurin,11,135.4,28.936360467871776,524.3,120.32363636363635,0.25824909403013546,2.6305782243519795
2020,Voldemort,WR,Justin Jefferson,5,70.7,26.03719879379632,524.3,120.32363636363635,0.1348464619492657,5.207439758759264
2020,Voldemort,WR,Chase Claypool,6,71.60000000000001,23.148898445152206,524.3,120.32363636363635,0.1365630364295251,3.858149740858701
2020,Voldemort,WR,Scotty Miller,1,2.2,0.7255172413793105,524.3,120.32363636363635,0.004196070951745185,0.7255172413793105
2020,Voldemort,WR,Marquez Valdes-Scantling,1,6.5,-3.6155719878207937,524.3,120.32363636363635,0.012397482357428954,-3.6155719878207937
2020,malle_dips_pouches,QB,Kirk Cousins,4,120.1,25.079999999999995,338.22,4.750909090909072,0.35509431730826085,6.269999999999999
2020,malle_dips_pouches,QB,Derek Carr,2,55.42,2.541818181818183,338.22,4.750909090909072,0.16385784400685943,1.2709090909090914
2020,malle_dips_pouches,QB,Joe Burrow,4,91.34,-6.080000000000005,338.22,4.750909090909072,0.27006090710188635,-1.5200000000000014
2020,malle_dips_pouches,QB,Ryan Tannehill,3,71.36,-16.7909090909091,338.22,4.750909090909072,0.2109869315829933,-5.5969696969697
2020,malle_dips_pouches,RB,Myles Gaskin,4,47.2,-2.229445533426793,319.20000000000005,-62.91818181818181,0.14786967418546365,-0.5573613833566983
2020,malle_dips_pouches,RB,Darrell Henderson Jr.,3,13.600000000000001,-6.587995061243847,319.20000000000005,-62.91818181818181,0.042606516290726815,-2.195998353747949
2020,malle_dips_pouches,RB,Aaron Jones Sr.,10,175.3,-14.263628294675076,319.20000000000005,-62.91818181818181,0.5491854636591478,-1.4263628294675077
2020,malle_dips_pouches,RB,Devin Singletary,7,61.1,-16.522437220257153,319.20000000000005,-62.91818181818181,0.1914160401002506,-2.3603481743224504
2020,malle_dips_pouches,RB,Le'Veon Bell,4,22.0,-23.31467570857894,319.20000000000005,-62.91818181818181,0.06892230576441102,-5.828668927144735
2020,malle_dips_pouches,TE,Tyler Higbee,1,7.1,-0.8909090909090915,100.3,-11.243636363636362,0.0707876370887338,-0.8909090909090915
2020,malle_dips_pouches,TE,Hunter Henry,12,93.2,-10.352727272727272,100.3,-11.243636363636362,0.9292123629112663,-0.8627272727272727
2020,malle_dips_pouches,WR,DeAndre Hopkins,12,172.4,30.997027433846647,482.3,74.50545454545455,0.35745386688782915,2.5830856194872207
2020,malle_dips_pouches,WR,Amari Cooper,10,131.4,17.904409429280975,482.3,74.50545454545455,0.27244453659548,1.7904409429280974
2020,malle_dips_pouches,WR,Corey Davis,6,84.0,15.421848094658321,482.3,74.50545454545455,0.1741654571843251,2.5703080157763867
2020,malle_dips_pouches,WR,Deebo Samuel Sr.,1,10.6,5.013687141687141,482.3,74.50545454545455,0.021978021978021976,5.013687141687141
2020,malle_dips_pouches,WR,Robbie Chosen,7,75.1,2.733855580309827,482.3,74.50545454545455,0.1557122123159859,0.39055079718711816
2020,malle_dips_pouches,WR,Jerry Jeudy,1,8.8,2.4346268656716425,482.3,74.50545454545455,0.01824590503835787,2.4346268656716425
2021,Big Sack Jack,QB,Patrick Mahomes,13,328.68,19.058181818181822,342.96,10.429090909090911,0.9583624912526243,1.4660139860139862
2021,Big Sack Jack,QB,Baker Mayfield,1,14.28,-8.62909090909091,342.96,10.429090909090911,0.04163750874737579,-8.62909090909091
2021,Big Sack Jack,RB,James Robinson,12,141.1,14.797672209002606,450.9,30.485454545454537,0.3129296961632291,1.233139350750217
2021,Big Sack Jack,RB,Melvin Gordon III,12,149.2,11.657570015220552,450.9,30.485454545454537,0.33089376801951653,0.971464167935046
2021,Big Sack Jack,RB,Kenny Gainwell,3,29.0,6.056842126502566,450.9,30.485454545454537,0.06431581281880683,2.0189473755008556
2021,Big Sack Jack,RB,Josh Jacobs,10,131.6,-2.0266298052711855,450.9,30.485454545454537,0.29186072299844756,-0.20266298052711856
2021,Big Sack Jack,TE,Dallas Goedert,4,50.5,23.241239242978615,130.7,-3.09090909090909,0.3863810252486611,5.810309810744654
2021,Big Sack Jack,TE,Dalton Schultz,9,62.800000000000004,-2.659421061160433,130.7,-3.09090909090909,0.4804896710022954,-0.29549122901782593
2021,Big Sack Jack,TE,Robert Tonyan,4,17.4,-23.672727272727272,130.7,-3.09090909090909,0.1331293037490436,-5.918181818181818
2021,Big Sack Jack,WR,Mecole Hardman Jr.,1,3.5,-6.121685606060606,255.3,-188.9690909090909,0.013709361535448491,-6.121685606060606
2021,Big Sack Jack,WR,JuJu Smith-Schuster,4,26.7,-8.581525953858232,255.3,-188.9690909090909,0.10458284371327849,-2.145381488464558
2021,Big Sack Jack,WR,Emmanuel Sanders,1,3.0,-10.34152334152334,255.3,-188.9690909090909,0.011750881316098707,-10.34152334152334
2021,Big Sack Jack,WR,Sterling Shepard,2,17.1,-11.744830554061323,255.3,-188.9690909090909,0.06698002350176263,-5.872415277030662
2021,Big Sack Jack,WR,Kenny Golladay,2,11.7,-19.14902873722023,255.3,-188.9690909090909,0.045828437132784956,-9.574514368610116
2021,Big Sack Jack,WR,Marquez Callaway,4,15.4,-26.321024873937958,255.3,-188.9690909090909,0.060321190755973364,-6.5802562184844895
2021,Big Sack Jack,WR,Corey Davis,4,34.0,-30.501401752395285,255.3,-188.9690909090909,0.13317665491578534,-7.625350438098821
2021,Big Sack Jack,WR,DJ Moore,12,143.9,-76.20807009003393,255.3,-188.9690909090909,0.5636506071288679,-6.350672507502828
2021,Ginger FC 🏆🏆,QB,Aaron Rodgers,11,300.98,30.992727272727272,330.54,-3.120000000000001,0.9105705814727416,2.8175206611570247
2021,Ginger FC 🏆🏆,QB,Derek Carr,1,12.36,-9.98363636363636,330.54,-3.120000000000001,0.03739335632601198,-9.98363636363636
2021,Ginger FC 🏆🏆,QB,Daniel Jones,1,10.1,-10.140000000000002,330.54,-3.120000000000001,0.03055605978096448,-10.140000000000002
2021,Ginger FC 🏆🏆,QB,Carson Wentz,1,7.1,-13.98909090909091,330.54,-3.120000000000001,0.02148000242028196,-13.98909090909091
2021,Ginger FC 🏆🏆,RB,Leonard Fournette,13,210.9,44.68016994260628,518.46,104.18727272727274,0.40678162249739613,3.436936149431252
2021,Ginger FC 🏆🏆,RB,Javonte Williams,6,97.4,36.36502228520994,518.46,104.18727272727274,0.18786405894379507,6.0608370475349895
2021,Ginger FC 🏆🏆,RB,Ezekiel Elliott,12,175.66,20.671108674106257,518.46,104.18727272727274,0.33881109439493884,1.7225923895088548
2021,Ginger FC 🏆🏆,RB,Devontae Booker,2,28.7,4.243419377797821,518.46,104.18727272727274,0.05535624734791497,2.1217096888989104
2021,Ginger FC 🏆🏆,RB,Devin Singletary,1,5.8,-1.7724475524475523,518.46,104.18727272727274,0.011186976815954942,-1.7724475524475523
2021,Ginger FC 🏆🏆,TE,Rob Gronkowski,7,104.8,35.54545454545455,179.7,50.36363636363637,0.5831942125765165,5.077922077922078
2021,Ginger FC 🏆🏆,TE,Dawson Knox,3,43.4,13.372727272727275,179.7,50.36363636363637,0.24151363383416807,4.457575757575758
2021,Ginger FC 🏆🏆,TE,Zach Ertz,4,31.5,1.4454545454545435,179.7,50.36363636363637,0.17529215358931555,0.3613636363636359
2021,Ginger FC 🏆🏆,WR,DeAndre Hopkins,9,116.0,17.430903069452263,390.70000000000005,-41.25999999999999,0.29690299462503195,1.9367670077169181
2021,Ginger FC 🏆🏆,WR,Darnell Mooney,1,4.9,0.49085900325569803,390.70000000000005,-41.25999999999999,0.012541592014333247,0.49085900325569803
2021,Ginger FC 🏆🏆,WR,Amari Cooper,10,106.8,-0.22660477515711208,390.70000000000005,-41.25999999999999,0.2733555157409777,-0.022660477515711208
2021,Ginger FC 🏆🏆,WR,Deonte Harty,3,11.7,-25.62215380549683,390.70000000000005,-41.25999999999999,0.029946250319938566,-8.54071793516561
2021,Ginger FC 🏆🏆,WR,DK Metcalf,13,151.3,-33.333003492054004,390.70000000000005,-41.25999999999999,0.38725364729971845,-2.564077191696462
2021,Joe Mantegna,QB,Justin Herbert,13,366.68,64.39454545454544,392.86,64.86545454545453,0.9333604846510207,4.953426573426572
2021,Joe Mantegna,QB,Mac Jones,1,26.18,0.47090909090908895,392.86,64.86545454545453,0.06663951534897927,0.47090909090908895
2021,Joe Mantegna,RB,Ty Johnson,1,7.7,2.9667452830188683,337.1,-93.66000000000001,0.022841886680510234,2.9667452830188683
2021,Joe Mantegna,RB,Dalvin Cook,9,146.4,-2.6036728726577127,337.1,-93.66000000000001,0.4342924948086621,-0.28929698585085695
2021,Joe Mantegna,RB,Ronald Jones,1,4.1,-8.384770784770783,337.1,-93.66000000000001,0.012162563037674278,-8.384770784770783
2021,Joe Mantegna,RB,Myles Gaskin,12,109.89999999999999,-31.575852310778636,337.1,-93.66000000000001,0.32601601898546423,-2.63132102589822
2021,Joe Mantegna,RB,Miles Sanders,8,69.0,-54.062449314811744,337.1,-93.66000000000001,0.2046870364876891,-6.757806164351468
2021,Joe Mantegna,TE,George Kittle,9,122.5,38.82727272727273,156.8,25.381818181818183,0.7812499999999999,4.314141414141414
2021,Joe Mantegna,TE,Ricky Seals-Jones,1,8.1,-2.5454545454545467,156.8,25.381818181818183,0.05165816326530612,-2.5454545454545467
2021,Joe Mantegna,TE,Jared Cook,4,26.200000000000003,-10.9,156.8,25.381818181818183,0.16709183673469388,-2.725
2021,Joe Mantegna,WR,Terry McLaurin,13,142.5,11.057075991663122,465.0,39.79454545454548,0.3064516129032258,0.8505443070510095
2021,Joe Mantegna,WR,Diontae Johnson,12,179.8,11.039257247162567,465.0,39.79454545454548,0.3866666666666667,0.9199381039302139
2021,Joe Mantegna,WR,Brandon Aiyuk,4,49.3,9.600940168446328,465.0,39.79454545454548,0.10602150537634408,2.400235042111582
2021,Joe Mantegna,WR,Hunter Renfrow,3,37.8,8.713771036672487,465.0,39.79454545454548,0.08129032258064516,2.9045903455574957
2021,Joe Mantegna,WR,Jarvis Landry,1,12.2,5.486273805246138,465.0,39.79454545454548,0.026236559139784944,5.486273805246138
2021,Joe Mantegna,WR,A.J. Green,4,33.8,-0.34669516441022763,465.0,39.79454545454548,0.07268817204301074,-0.08667379110255691
2021,Joe Mantegna,WR,Zach Pascal,1,4.1,-2.4583248212461704,465.0,39.79454545454548,0.008817204301075268,-2.4583248212461704
2021,Joe Mantegna,WR,Will Fuller V,1,5.5,-3.2977528089887653,465.0,39.79454545454548,0.011827956989247311,-3.2977528089887653
2021,Malle ❤️ 🐸,QB,Tom Brady,13,386.16,78.71454545454544,404.84000000000003,77.93454545454544,0.9538583143958107,6.054965034965035
2021,Malle ❤️ 🐸,QB,Jalen Hurts,1,18.68,-0.7800000000000011,404.84000000000003,77.93454545454544,0.046141685604189304,-0.7800000000000011
2021,Malle ❤️ 🐸,RB,Raheem Mostert,1,2.0,-3.145311381531855,248.70000000000002,-190.09636363636366,0.008041817450743867,-3.145311381531855
2021,Malle ❤️ 🐸,RB,Mike Davis,4,33.4,-23.066373957956017,248.70000000000002,-190.09636363636366,0.13429835142742258,-5.766593489489004
2021,Malle ❤️ 🐸,RB,Mark Ingram II,11,73.0,-63.12105397840843,248.70000000000002,-190.09636363636366,0.2935263369521512,-5.738277634400767
2021,Malle ❤️ 🐸,RB,Damien Harris,12,140.3,-100.76362431846735,248.70000000000002,-190.09636363636366,0.5641334941696824,-8.396968693205613
2021,Malle ❤️ 🐸,TE,T.J. Hockenson,12,114.8,4.1864576802507845,130.6,-3.2,0.879019908116386,0.348871473354232
2021,Malle ❤️ 🐸,TE,Jared Cook,1,7.8,-2.090909090909091,130.6,-3.2,0.05972434915773354,-2.090909090909091
2021,Malle ❤️ 🐸,TE,Jonnu Smith,2,8.0,-5.295548589341694,130.6,-3.2,0.06125574272588055,-2.647774294670847
2021,Malle ❤️ 🐸,WR,Tyreek Hill,13,203.4,65.17128125597159,584.1,169.72181818181818,0.34822804314329736,5.0131754812285845
2021,Malle ❤️ 🐸,WR,Keenan Allen,12,161.9,48.121133909120815,584.1,169.72181818181818,0.2771785653141585,4.0100944924267345
2021,Malle ❤️ 🐸,WR,Mike Evans,13,187.0,47.89800463910731,584.1,169.72181818181818,0.32015065913371,3.6844618953159474
2021,Malle ❤️ 🐸,WR,Adam Thielen,2,28.299999999999997,8.48040770162779,584.1,169.72181818181818,0.048450607772641666,4.240203850813895
2021,Malle ❤️ 🐸,WR,Marquez Valdes-Scantling,1,3.5,0.05099067599067624,584.1,169.72181818181818,0.005992124636192433,0.05099067599067624
2021,Patty Primetimes,QB,Josh Allen,13,373.06,71.35454545454544,397.08,69.4690909090909,0.9395084114032437,5.488811188811188
2021,Patty Primetimes,QB,Derek Carr,1,24.02,-1.8854545454545502,397.08,69.4690909090909,0.060491588596756324,-1.8854545454545502
2021,Patty Primetimes,RB,Alvin Kamara,9,164.5,21.201914174235235,366.6,-61.47818181818183,0.4487179487179487,2.3557682415816927
2021,Patty Primetimes,RB,Damien Williams,1,15.4,4.243555555555557,366.6,-61.47818181818183,0.042007637752318604,4.243555555555557
2021,Patty Primetimes,RB,Kenyan Drake,1,7.2,2.2697187704381947,366.6,-61.47818181818183,0.019639934533551555,2.2697187704381947
2021,Patty Primetimes,RB,Chris Carson,4,45.1,2.112480980713105,366.6,-61.47818181818183,0.12302236770321877,0.5281202451782763
2021,Patty Primetimes,RB,Rex Burkhead,2,13.6,-1.2400607784097248,366.6,-61.47818181818183,0.03709765411893071,-0.6200303892048624
2021,Patty Primetimes,RB,Giovani Bernard,1,1.4,-1.2827940421160762,366.6,-61.47818181818183,0.003818876159301691,-1.2827940421160762
2021,Patty Primetimes,RB,Jeremy McNichols,2,6.3,-6.276035440513053,366.6,-61.47818181818183,0.01718494271685761,-3.1380177202565265
2021,Patty Primetimes,RB,Clyde Edwards-Helaire,7,74.6,-11.222465982005035,366.6,-61.47818181818183,0.2034915439170758,-1.6032094260007193
2021,Patty Primetimes,RB,Tony Jones,1,2.7,-22.827272727272728,366.6,-61.47818181818183,0.007364975450081833,-22.827272727272728
2021,Patty Primetimes,RB,Alex Collins,6,35.800000000000004,-48.457222328807305,366.6,-61.47818181818183,0.09765411893071468,-8.076203721467884
2021,Patty Primetimes,TE,Hunter Henry,4,9.9,1.2375631493043873,131.7,-1.9999999999999982,0.07517084282460137,0.3093907873260968
2021,Patty Primetimes,TE,Pat Freiermuth,1,10.2,0.5272727272727273,131.7,-1.9999999999999982,0.0774487471526196,0.5272727272727273
2021,Patty Primetimes,TE,Mike Gesicki,9,74.3,-1.801199512940748,131.7,-1.9999999999999982,0.5641609719058467,-0.20013327921563867
2021,Patty Primetimes,TE,Dallas Goedert,4,37.3,-1.9636363636363647,131.7,-1.9999999999999982,0.2832194381169324,-0.4909090909090912
2021,Patty Primetimes,WR,Rondale Moore,1,2.1,-0.3155100624566271,282.79999999999995,-158.96909090909088,0.007425742574257427,-0.3155100624566271
2021,Patty Primetimes,WR,Chester Rogers,1,8.8,-3.2555102040816326,282.79999999999995,-158.96909090909088,0.031117397454031123,-3.2555102040816326
2021,Patty Primetimes,WR,Jamison Crowder,2,6.9,-3.416654097788545,282.79999999999995,-158.96909090909088,0.024398868458274405,-1.7083270488942726
2021,Patty Primetimes,WR,Julio Jones,5,28.3,-22.354137800548457,282.79999999999995,-158.96909090909088,0.10007072135785008,-4.470827560109692
2021,Patty Primetimes,WR,DeVonta Smith,12,103.0,-50.92846810203826,282.79999999999995,-158.96909090909088,0.3642149929278643,-4.244039008503188
2021,Patty Primetimes,WR,Tee Higgins,11,133.7,-78.69881064217738,282.79999999999995,-158.96909090909088,0.4727722772277228,-7.154437331107034
2021,Pop Lockett Drop it,QB,Teddy Bridgewater,1,19.16,-5.221818181818179,213.76,-130.51636363636362,0.08963323353293413,-5.221818181818179
2021,Pop Lockett Drop it,QB,Matt Ryan,2,32.58,-16.630909090909093,213.76,-130.51636363636362,0.1524139221556886,-8.315454545454546
2021,Pop Lockett Drop it,QB,Derek Carr,1,8.24,-21.90363636363636,213.76,-130.51636363636362,0.03854790419161677,-21.90363636363636
2021,Pop Lockett Drop it,QB,Mac Jones,5,74.22,-30.74727272727273,213.76,-130.51636363636362,0.3472118263473054,-6.149454545454546
2021,Pop Lockett Drop it,QB,Baker Mayfield,5,79.56,-56.01272727272727,213.76,-130.51636363636362,0.3721931137724551,-11.202545454545454
2021,Pop Lockett Drop it,RB,Jermar Jefferson,1,0.0,0.0,348.0,-81.76909090909092,0.0,0.0
2021,Pop Lockett Drop it,RB,Tevin Coleman,1,8.0,-2.344035147009125,348.0,-81.76909090909092,0.022988505747126436,-2.344035147009125
2021,Pop Lockett Drop it,RB,Jamaal Williams,7,50.2,-4.7694031293689,348.0,-81.76909090909092,0.1442528735632184,-0.6813433041955571
2021,Pop Lockett Drop it,RB,Sony Michel,3,19.4,-6.458562788851053,348.0,-81.76909090909092,0.055747126436781605,-2.152854262950351
2021,Pop Lockett Drop it,RB,Kenyan Drake,3,22.9,-14.208429530869116,348.0,-81.76909090909092,0.06580459770114942,-4.736143176956372
2021,Pop Lockett Drop it,RB,Austin Ekeler,13,247.5,-53.98866031299272,348.0,-81.76909090909092,0.7112068965517241,-4.152973870230209
2021,Pop Lockett Drop it,TE,Travis Kelce,13,158.4,36.845454545454544,170.4,40.21818181818182,0.9295774647887324,2.8342657342657342
2021,Pop Lockett Drop it,TE,Pat Freiermuth,1,12.0,3.372727272727273,170.4,40.21818181818182,0.07042253521126761,3.372727272727273
2021,Pop Lockett Drop it,WR,Stefon Diggs,13,178.2,14.448412813008675,476.9,52.77636363636364,0.37366324176976307,1.1114163702314366
2021,Pop Lockett Drop it,WR,Hollywood Brown,7,88.4,12.714213958817698,476.9,52.77636363636364,0.18536380792619,1.8163162798310997
2021,Pop Lockett Drop it,WR,Darnell Mooney,3,40.800000000000004,12.571825604721214,476.9,52.77636363636364,0.08555252673516461,4.190608534907072
2021,Pop Lockett Drop it,WR,Courtland Sutton,10,97.19999999999999,12.328457122455996,476.9,52.77636363636364,0.203816313692598,1.2328457122455996
2021,Pop Lockett Drop it,WR,Michael Gallup,3,28.5,7.287581667039203,476.9,52.77636363636364,0.05976095617529881,2.4291938890130678
2021,Pop Lockett Drop it,WR,Henry Ruggs III,1,5.1,-0.37210944395410467,476.9,52.77636363636364,0.010694065841895575,-0.37210944395410467
2021,Pop Lockett Drop it,WR,DeVante Parker,1,12.5,-0.7219696969696976,476.9,52.77636363636364,0.02621094569092053,-0.7219696969696976
2021,Pop Lockett Drop it,WR,Robbie Chosen,4,26.2,-5.480048388755346,476.9,52.77636363636364,0.05493814216816943,-1.3700120971888365
2021,Post Mahomes,QB,Kyler Murray,10,272.98,22.33454545454547,327.62,-6.3054545454545305,0.833221415054026,2.233454545454547
2021,Post Mahomes,QB,Tua Tagovailoa,1,22.52,3.4200000000000017,327.62,-6.3054545454545305,0.06873817227275501,3.4200000000000017
2021,Post Mahomes,QB,Jordan Love,1,14.9,-4.903636363636364,327.62,-6.3054545454545305,0.045479518954886756,-4.903636363636364
2021,Post Mahomes,QB,Teddy Bridgewater,1,9.04,-11.872727272727275,327.62,-6.3054545454545305,0.02759294304377022,-11.872727272727275
2021,Post Mahomes,QB,Cam Newton,1,8.18,-15.283636363636365,327.62,-6.3054545454545305,0.024967950674561992,-15.283636363636365
2021,Post Mahomes,RB,Jonathan Taylor,13,290.4,64.60572115262103,531.6999999999999,118.6309090909091,0.5461726537521159,4.9696708578939255
2021,Post Mahomes,RB,Darrel Williams,4,67.8,31.321236763269578,531.6999999999999,118.6309090909091,0.12751551626857252,7.8303091908173945
2021,Post Mahomes,RB,Michael Carter,3,32.3,16.753012098658033,531.6999999999999,118.6309090909091,0.0607485424111341,5.584337366219344
2021,Post Mahomes,RB,Zack Moss,3,17.1,7.045899152054041,531.6999999999999,118.6309090909091,0.03216099304118865,2.3486330506846804
2021,Post Mahomes,RB,Tony Pollard,1,14.4,6.39348268839104,531.6999999999999,118.6309090909091,0.027082941508369384,6.39348268839104
2021,Post Mahomes,RB,J.D. McKissic,1,7.6,0.9302436125965547,531.6999999999999,118.6309090909091,0.01429377468497273,0.9302436125965547
2021,Post Mahomes,RB,Dontrell Hilliard,1,1.3,-0.7071535022354694,531.6999999999999,118.6309090909091,0.002444987775061125,-0.7071535022354694
2021,Post Mahomes,RB,Saquon Barkley,9,100.8,-7.711532874445711,531.6999999999999,118.6309090909091,0.1895805905585857,-0.8568369860495234
2021,Post Mahomes,TE,Zach Ertz,1,10.9,-0.15454545454545432,120.9,-13.781818181818183,0.09015715467328371,-0.15454545454545432
2021,Post Mahomes,TE,Kyle Pitts Sr.,13,110.0,-13.627272727272729,120.9,-13.781818181818183,0.9098428453267162,-1.0482517482517484
2021,Post Mahomes,WR,Rashod Bateman,2,16.1,3.4313331410348877,376.70000000000005,-56.532727272727264,0.042739580568091316,1.7156665705174439
2021,Post Mahomes,WR,Cedrick Wilson Jr.,1,13.9,3.2830087976539604,376.70000000000005,-56.532727272727264,0.03689938943456331,3.2830087976539604
2021,Post Mahomes,WR,Odell Beckham Jr.,2,19.7,3.126686365291196,376.70000000000005,-56.532727272727264,0.052296256968409865,1.563343182645598
2021,Post Mahomes,WR,Amon-Ra St. Brown,1,0.0,0.0,376.70000000000005,-56.532727272727264,0.0,0.0
2021,Post Mahomes,WR,Brandon Aiyuk,1,0.0,0.0,376.70000000000005,-56.532727272727264,0.0,0.0
2021,Post Mahomes,WR,Rondale Moore,1,1.4,-0.11832386363636366,376.70000000000005,-56.532727272727264,0.0037164852667905487,-0.11832386363636366
2021,Post Mahomes,WR,Kenny Golladay,2,19.9,-5.302017188822163,376.70000000000005,-56.532727272727264,0.05282718343509423,-2.6510085944110817
2021,Post Mahomes,WR,CeeDee Lamb,12,164.8,-12.154972108275778,376.70000000000005,-56.532727272727264,0.43748340854791606,-1.012914342356315
2021,Post Mahomes,WR,Brandin Cooks,13,140.9,-48.798442415973,376.70000000000005,-56.532727272727264,0.37403769577913454,-3.753726339690231
2021,The Big Gronkowski,QB,Matthew Stafford,13,350.82,40.150909090909074,361.84,31.02545454545453,0.9695445500773823,3.088531468531467
2021,The Big Gronkowski,QB,Joe Burrow,1,11.02,-9.125454545454545,361.84,31.02545454545453,0.03045544992261773,-9.125454545454545
2021,The Big Gronkowski,RB,AJ Dillon,5,47.6,6.8555097969348955,416.79999999999995,-6.714545454545456,0.1142034548944338,1.371101959386979
2021,The Big Gronkowski,RB,Najee Harris,13,211.0,4.172778833637426,416.79999999999995,-6.714545454545456,0.5062380038387716,0.32098298720287893
2021,The Big Gronkowski,RB,Antonio Gibson,13,158.2,-17.742834085117778,416.79999999999995,-6.714545454545456,0.3795585412667946,-1.364833391162906
2021,The Big Gronkowski,TE,Darren Waller,11,102.8,-3.0636363636363626,123.1,-11.381818181818183,0.8350934199837531,-0.2785123966942148
2021,The Big Gronkowski,TE,Tyler Conklin,3,20.299999999999997,-8.31818181818182,123.1,-11.381818181818183,0.16490658001624695,-2.7727272727272734
2021,The Big Gronkowski,WR,Cooper Kupp,13,278.9,80.3863409960199,577.8,162.84909090909093,0.482692973347179,6.18356469200153
2021,The Big Gronkowski,WR,Tyler Lockett,11,156.4,41.982648689186504,577.8,162.84909090909093,0.2706818968501212,3.816604426289682
2021,The Big Gronkowski,WR,Michael Pittman Jr.,8,99.6,26.74832810147946,577.8,162.84909090909093,0.17237798546209762,3.3435410126849323
2021,The Big Gronkowski,WR,Chase Claypool,5,39.3,16.15479585578235,577.8,162.84909090909093,0.0680166147455867,3.23095917115647
2021,The Big Gronkowski,WR,Cole Beasley,2,3.6,-2.423022733377286,577.8,162.84909090909093,0.006230529595015577,-1.211511366688643
2021,ThreatLevelMidnight,QB,Tua Tagovailoa,1,36.54,11.772727272727273,313.22,-22.014545454545463,0.11665921716365493,11.772727272727273
2021,ThreatLevelMidnight,QB,Taysom Hill,2,54.96,10.365454545454547,313.22,-22.014545454545463,0.1754677223676649,5.1827272727272735
2021,ThreatLevelMidnight,QB,Teddy Bridgewater,1,23.86,4.870909090909091,313.22,-22.014545454545463,0.07617648936849498,4.870909090909091
2021,ThreatLevelMidnight,QB,Carson Wentz,1,26.34,4.650909090909089,313.22,-22.014545454545463,0.08409424685524551,4.650909090909089
2021,ThreatLevelMidnight,QB,Taylor Heinicke,1,12.28,-12.998181818181818,313.22,-22.014545454545463,0.039205670136006635,-12.998181818181818
2021,ThreatLevelMidnight,QB,Russell Wilson,8,159.24,-40.67636363636365,313.22,-22.014545454545463,0.508396654108933,-5.084545454545456
2021,ThreatLevelMidnight,RB,Joe Mixon,12,209.8,55.54022756072174,538.8,126.37636363636364,0.3893838158871567,4.628352296726812
2021,ThreatLevelMidnight,RB,Darrell Henderson Jr.,10,143.5,35.647323913536994,538.8,126.37636363636364,0.26633259094283596,3.5647323913536995
2021,ThreatLevelMidnight,RB,Chuba Hubbard,6,67.5,14.427206034301237,538.8,126.37636363636364,0.12527839643652564,2.404534339050206
2021,ThreatLevelMidnight,RB,Elijah Mitchell,4,56.6,11.611147966869822,538.8,126.37636363636364,0.10504825538233112,2.9027869917174556
2021,ThreatLevelMidnight,RB,Alexander Mattison,1,19.9,7.724658085277554,538.8,126.37636363636364,0.03693392724573125,7.724658085277554
2021,ThreatLevelMidnight,RB,Mike Davis,2,17.7,3.098631901438685,538.8,126.37636363636364,0.03285077951002227,1.5493159507193426
2021,ThreatLevelMidnight,RB,Trey Sermon,1,10.4,-0.13552590753955973,538.8,126.37636363636364,0.019302152932442466,-0.13552590753955973
2021,ThreatLevelMidnight,RB,J.D. McKissic,1,5.5,-0.7013422818791933,538.8,126.37636363636364,0.010207869339272459,-0.7013422818791933
2021,ThreatLevelMidnight,RB,Sony Michel,1,7.9,-0.8359636363636372,538.8,126.37636363636364,0.014662212323682259,-0.8359636363636372
2021,ThreatLevelMidnight,TE,Dan Arnold,2,8.0,-10.727272727272727,100.0,-36.58181818181818,0.08,-5.363636363636363
2021,ThreatLevelMidnight,TE,Noah Fant,12,92.0,-25.854545454545455,100.0,-36.58181818181818,0.92,-2.1545454545454548
2021,ThreatLevelMidnight,WR,Davante Adams,12,207.4,11.291059609739392,454.26,28.078181818181847,0.4565667239026109,0.9409216341449493
2021,ThreatLevelMidnight,WR,Jaylen Waddle,5,54.800000000000004,10.352091484273528,454.26,28.078181818181847,0.12063575925681329,2.0704182968547054
2021,ThreatLevelMidnight,WR,Chris Godwin Jr.,13,185.5,7.150230416866545,454.26,28.078181818181847,0.40835644784924935,0.5500177243743496
2021,ThreatLevelMidnight,WR,Kadarius Toney,2,6.5600000000000005,-0.715199692697619,454.26,28.078181818181847,0.014441068991326555,-0.3575998463488095
2021,Uncle Rico,QB,Jimmy Garoppolo,1,19.64,0.2781818181818174,316.38,-18.56727272727273,0.062077248877931604,0.2781818181818174
2021,Uncle Rico,QB,Lamar Jackson,12,284.98,-7.5909090909090935,316.38,-18.56727272727273,0.9007522599405778,-0.6325757575757578
2021,Uncle Rico,QB,Sam Darnold,1,11.76,-11.254545454545456,316.38,-18.56727272727273,0.037170491181490614,-11.254545454545456
2021,Uncle Rico,RB,Derrick Henry,8,186.3,29.526600622195573,414.1,-9.660000000000007,0.4498913305964743,3.6908250777744467
2021,Uncle Rico,RB,Khalil Herbert,4,43.1,2.762296435548818,414.1,-9.660000000000007,0.1040811398212992,0.6905741088872045
2021,Uncle Rico,RB,Christian McCaffrey,7,109.0,1.2198251134659772,414.1,-9.660000000000007,0.2632214440956291,0.1742607304951396
2021,Uncle Rico,RB,Brandon Bolden,1,8.5,0.25426904176904314,414.1,-9.660000000000007,0.020526442888191256,0.25426904176904314
2021,Uncle Rico,RB,Peyton Barber,1,0.0,0.0,414.1,-9.660000000000007,0.0,0.0
2021,Uncle Rico,RB,David Johnson,1,6.5,-0.9482029598308668,414.1,-9.660000000000007,0.01569669162038155,-0.9482029598308668
2021,Uncle Rico,RB,J.D. McKissic,1,20.1,-2.9321353065539113,414.1,-9.660000000000007,0.048539000241487565,-2.9321353065539113
2021,Uncle Rico,RB,Boston Scott,2,4.0,-3.014728288471306,414.1,-9.660000000000007,0.009659502535619416,-1.507364144235653
2021,Uncle Rico,RB,D'Onta Foreman,2,17.7,-6.563380259722438,414.1,-9.660000000000007,0.04274329872011591,-3.281690129861219
2021,Uncle Rico,RB,Latavius Murray,4,18.9,-29.964544398400896,414.1,-9.660000000000007,0.04564114948080173,-7.491136099600224
2021,Uncle Rico,TE,Mark Andrews,13,170.1,45.63636363636364,176.5,46.872727272727275,0.9637393767705382,3.510489510489511
2021,Uncle Rico,TE,Robert Tonyan,1,6.4,1.2363636363636363,176.5,46.872727272727275,0.03626062322946176,1.2363636363636363
2021,Uncle Rico,WR,Antonio Brown,3,49.9,14.13190010664771,398.0,-33.29636363636361,0.12537688442211056,4.7106333688825694
2021,Uncle Rico,WR,DJ Chark,1,12.4,3.3325384997516156,398.0,-33.29636363636361,0.031155778894472363,3.3325384997516156
2021,Uncle Rico,WR,Sammy Watkins,1,11.6,1.0562789539227886,398.0,-33.29636363636361,0.02914572864321608,1.0562789539227886
2021,Uncle Rico,WR,Tim Patrick,3,8.6,0.4909274303685853,398.0,-33.29636363636361,0.021608040201005024,0.16364247678952845
2021,Uncle Rico,WR,A.J. Green,2,15.6,-0.6614181588613381,398.0,-33.29636363636361,0.03919597989949749,-0.3307090794306691
2021,Uncle Rico,WR,Randall Cobb,1,15.0,-0.7522576760987363,398.0,-33.29636363636361,0.03768844221105527,-0.7522576760987363
2021,Uncle Rico,WR,Odell Beckham Jr.,1,4.1,-2.0203137570394207,398.0,-33.29636363636361,0.010301507537688442,-2.0203137570394207
2021,Uncle Rico,WR,Bryan Edwards,2,16.3,-2.526471612678505,398.0,-33.29636363636361,0.04095477386934673,-1.2632358063392526
2021,Uncle Rico,WR,Allen Robinson,8,46.1,-3.096621330821354,398.0,-33.29636363636361,0.11582914572864322,-0.38707766635266927
2021,Uncle Rico,WR,Jakobi Meyers,2,12.3,-4.9945454545454515,398.0,-33.29636363636361,0.030904522613065328,-2.4972727272727258
2021,Uncle Rico,WR,Van Jefferson,2,12.5,-8.236602607787011,398.0,-33.29636363636361,0.031407035175879394,-4.118301303893506
2021,Uncle Rico,WR,Ja'Marr Chase,13,193.6,-30.01977802922249,398.0,-33.29636363636361,0.4864321608040201,-2.3092136945555763
2021,Voldemort,QB,Daniel Jones,1,21.08,-1.0872727272727332,321.8,-12.654545454545463,0.06550652579241764,-1.0872727272727332
2021,Voldemort,QB,Dak Prescott,12,281.84000000000003,-4.074545454545454,321.8,-12.654545454545463,0.8758234928527036,-0.33954545454545454
2021,Voldemort,QB,Jameis Winston,1,18.88,-7.492727272727276,321.8,-12.654545454545463,0.0586699813548788,-7.492727272727276
2021,Voldemort,RB,Nick Chubb,10,151.3,10.508008940633083,425.0,2.2309090909091207,0.35600000000000004,1.0508008940633082
2021,Voldemort,RB,Cordarrelle Patterson,8,115.2,10.17571379837246,425.0,2.2309090909091207,0.2710588235294118,1.2719642247965575
2021,Voldemort,RB,David Montgomery,8,108.10000000000001,6.654967796381757,425.0,2.2309090909091207,0.2543529411764706,0.8318709745477196
2021,Voldemort,RB,Jeff Wilson Jr.,1,6.3,0.318364157332639,425.0,2.2309090909091207,0.014823529411764706,0.318364157332639
2021,Voldemort,RB,D'Ernest Johnson,1,19.2,-4.604745762711858,425.0,2.2309090909091207,0.04517647058823529,-4.604745762711858
2021,Voldemort,RB,Chase Edmonds,2,16.0,-9.99849547074004,425.0,2.2309090909091207,0.03764705882352941,-4.99924773537002
2021,Voldemort,RB,Devontae Booker,1,8.9,-10.822904368358918,425.0,2.2309090909091207,0.020941176470588237,-10.822904368358918
2021,Voldemort,TE,Dawson Knox,5,47.8,-0.009090909090907928,109.69999999999999,-26.0,0.4357338195077484,-0.0018181818181815857
2021,Voldemort,TE,Tyler Higbee,9,61.9,-25.990909090909092,109.69999999999999,-26.0,0.5642661804922516,-2.887878787878788
2021,Voldemort,WR,Justin Jefferson,13,219.7,67.35808424952717,572.5,157.06727272727272,0.3837554585152838,5.1813910961174745
2021,Voldemort,WR,Deebo Samuel Sr.,11,189.9,50.74951280883136,572.5,157.06727272727272,0.33170305676855893,4.613592073530124
2021,Voldemort,WR,Calvin Ridley,5,55.6,13.820860090919398,572.5,157.06727272727272,0.097117903930131,2.7641720181838796
2021,Voldemort,WR,Robert Woods,5,67.9,12.2084830592606,572.5,157.06727272727272,0.11860262008733626,2.44169661185212
2021,Voldemort,WR,Elijah Moore,1,17.6,8.108641975308641,572.5,157.06727272727272,0.030742358078602622,8.108641975308641
2021,Voldemort,WR,Christian Kirk,2,10.200000000000001,5.111108381108381,572.5,157.06727272727272,0.017816593886462884,2.5555541905541905
2021,Voldemort,WR,Emmanuel Sanders,2,11.6,-0.2894178376828226,572.5,157.06727272727272,0.020262008733624454,-0.1447089188414113
2021,malle_dips_pouches,QB,Sam Darnold,1,37.54,12.318181818181817,277.9,-60.54545454545456,0.13508456279237135,12.318181818181817
2021,malle_dips_pouches,QB,Taylor Heinicke,3,44.739999999999995,-24.990909090909092,277.9,-60.54545454545456,0.16099316300827635,-8.33030303030303
2021,malle_dips_pouches,QB,Ryan Tannehill,10,195.62,-47.87272727272728,277.9,-60.54545454545456,0.7039222741993524,-4.787272727272728
2021,malle_dips_pouches,RB,D'Andre Swift,13,160.4,30.550718912475773,479.3,61.46727272727272,0.33465470477780096,2.3500553009596747
2021,malle_dips_pouches,RB,Aaron Jones Sr.,11,144.70000000000002,23.860968892401356,479.3,61.46727272727272,0.3018986021281035,2.169178990218305
2021,malle_dips_pouches,RB,Kareem Hunt,3,45.9,20.220378199940008,479.3,61.46727272727272,0.09576465679115376,6.74012606664667
2021,malle_dips_pouches,RB,James Conner,3,70.1,19.549644368143234,479.3,61.46727272727272,0.14625495514291673,6.516548122714411
2021,malle_dips_pouches,RB,D'Ernest Johnson,1,23.8,13.045221445221445,479.3,61.46727272727272,0.04965574796578343,13.045221445221445
2021,malle_dips_pouches,RB,Devonta Freeman,3,34.4,-45.759659090909096,479.3,61.46727272727272,0.0717713331942416,-15.2532196969697
2021,malle_dips_pouches,TE,C.J. Uzomah,1,1.9,-8.618181818181817,72.3,-66.8,0.02627939142461964,-8.618181818181817
2021,malle_dips_pouches,TE,Evan Engram,2,11.4,-12.536363636363633,72.3,-66.8,0.15767634854771787,-6.268181818181817
2021,malle_dips_pouches,TE,Mo Alie-Cox,4,14.4,-17.20909090909091,72.3,-66.8,0.19917012448132781,-4.302272727272728
2021,malle_dips_pouches,TE,Logan Thomas,7,44.6,-28.436363636363637,72.3,-66.8,0.6168741355463347,-4.062337662337662
2021,malle_dips_pouches,WR,Marvin Jones Jr.,5,38.5,-8.234565445548428,308.2,-131.26,0.12491888384166126,-1.6469130891096857
2021,malle_dips_pouches,WR,Jerry Jeudy,5,36.2,-8.604950712384031,308.2,-131.26,0.11745619727449709,-1.7209901424768064
2021,malle_dips_pouches,WR,Mike Williams,9,67.0,-26.784350082609215,308.2,-131.26,0.2173913043478261,-2.9760388980676904
2021,malle_dips_pouches,WR,A.J. Brown,10,103.5,-36.81284032355921,308.2,-131.26,0.3358208955223881,-3.681284032355921
2021,malle_dips_pouches,WR,Tyler Boyd,7,63.0,-50.8232934358991,308.2,-131.26,0.2044127190136275,-7.260470490842729
2022,Big Sack Jack,QB,Joe Burrow,13,353.8,57.507272727272735,375.72,53.58909090909092,0.9416586819972319,4.423636363636364
2022,Big Sack Jack,QB,Derek Carr,1,21.92,-3.9181818181818144,375.72,53.58909090909092,0.05834131800276802,-3.9181818181818144
2022,Big Sack Jack,RB,Nyheim Miller-Hines,3,1.7999999999999998,2.236005706814187,337.8,-105.35272727272726,0.005328596802841918,0.745335235604729
2022,Big Sack Jack,RB,Chuba Hubbard,1,17.4,-0.41561497326203223,337.8,-105.35272727272726,0.051509769094138534,-0.41561497326203223
2022,Big Sack Jack,RB,Khalil Herbert,4,34.3,-18.381463281725534,337.8,-105.35272727272726,0.10153937240970988,-4.595365820431383
2022,Big Sack Jack,RB,AJ Dillon,13,107.8,-30.687503339387632,337.8,-105.35272727272726,0.3191237418590882,-2.360577179952895
2022,Big Sack Jack,RB,Dalvin Cook,13,176.5,-58.10415138516626,337.8,-105.35272727272726,0.5224985198342215,-4.469550106551251
2022,Big Sack Jack,TE,Hunter Henry,2,9.1,-8.047272727272727,82.39999999999999,-33.583636363636366,0.1104368932038835,-4.0236363636363635
2022,Big Sack Jack,TE,Dawson Knox,12,73.3,-25.53636363636364,82.39999999999999,-33.583636363636366,0.8895631067961166,-2.1280303030303034
2022,Big Sack Jack,WR,Tyreek Hill,12,229.0,40.47230848045797,508.0,99.98545454545456,0.4507874015748031,3.3726923733714975
2022,Big Sack Jack,WR,Amon-Ra St. Brown,12,175.7,33.86976895589299,508.0,99.98545454545456,0.3458661417322834,2.8224807463244157
2022,Big Sack Jack,WR,DJ Moore,12,103.3,25.643377109103607,508.0,99.98545454545456,0.20334645669291337,2.1369480924253006
2022,Ginger FC 🏆🏆,QB,Daniel Jones,3,70.02000000000001,3.7709090909090897,305.53999999999996,-22.970909090909092,0.2291680303724554,1.2569696969696966
2022,Ginger FC 🏆🏆,QB,Kyler Murray,11,235.51999999999998,-26.741818181818182,305.53999999999996,-22.970909090909092,0.7708319696275447,-2.431074380165289
2022,Ginger FC 🏆🏆,RB,Alvin Kamara,12,133.79999999999998,27.87483886554815,470.4,39.30181818181819,0.2844387755102041,2.322903238795679
2022,Ginger FC 🏆🏆,RB,Rhamondre Stevenson,10,144.3,9.169871701388981,470.4,39.30181818181819,0.3067602040816327,0.9169871701388981
2022,Ginger FC 🏆🏆,RB,Leonard Fournette,12,152.9,3.5351793425095366,470.4,39.30181818181819,0.32504251700680276,0.2945982785424614
2022,Ginger FC 🏆🏆,RB,Kareem Hunt,4,39.4,-1.2780717276284754,470.4,39.30181818181819,0.08375850340136054,-0.31951793190711886
2022,Ginger FC 🏆🏆,TE,Travis Kelce,13,216.9,123.04363636363637,227.3,124.48909090909092,0.954245490541135,9.464895104895104
2022,Ginger FC 🏆🏆,TE,Dalton Schultz,1,10.4,1.4454545454545453,227.3,124.48909090909092,0.04575450945886494,1.4454545454545453
2022,Ginger FC 🏆🏆,WR,Donovan Peoples-Jones,4,44.5,5.976972641041825,337.9,-85.57818181818182,0.13169576797869192,1.4942431602604562
2022,Ginger FC 🏆🏆,WR,DJ Chark,1,0.0,0.0,337.9,-85.57818181818182,0.0,0.0
2022,Ginger FC 🏆🏆,WR,Curtis Samuel,2,10.600000000000001,-0.9862948207171292,337.9,-85.57818181818182,0.03137022787807044,-0.4931474103585646
2022,Ginger FC 🏆🏆,WR,Jerry Jeudy,6,67.2,-7.114580369036496,337.9,-85.57818181818182,0.19887540692512579,-1.185763394839416
2022,Ginger FC 🏆🏆,WR,Devin Duvernay,3,13.399999999999999,-20.877058518724418,337.9,-85.57818181818182,0.03965670316661734,-6.959019506241472
2022,Ginger FC 🏆🏆,WR,Mike Williams,6,64.7,-21.361655860533304,337.9,-85.57818181818182,0.1914767682746375,-3.5602759767555505
2022,Ginger FC 🏆🏆,WR,Tyler Lockett,10,137.5,-41.21556489021229,337.9,-85.57818181818182,0.4069251257768571,-4.121556489021229
2022,Joe Mantegna,QB,Marcus Mariota,1,30.42,5.990909090909096,309.96000000000004,-18.149090909090898,0.09814169570267131,5.990909090909096
2022,Joe Mantegna,QB,Justin Herbert,13,279.54,-24.139999999999993,309.96000000000004,-18.149090909090898,0.9018583042973286,-1.8569230769230765
2022,Joe Mantegna,RB,Breece Hall,5,80.9,10.151397159574799,420.4,-15.243636363636375,0.19243577545195054,2.03027943191496
2022,Joe Mantegna,RB,Darrell Henderson Jr.,7,44.8,5.602228107759828,420.4,-15.243636363636375,0.1065651760228354,0.8003183011085468
2022,Joe Mantegna,RB,Aaron Jones Sr.,13,177.5,3.9491030537741363,420.4,-15.243636363636375,0.4222169362511894,0.3037771579826259
2022,Joe Mantegna,RB,Tony Jones,1,0.7,-2.8543801652892555,420.4,-15.243636363636375,0.001665080875356803,-2.8543801652892555
2022,Joe Mantegna,RB,Devin Singletary,12,116.5,-32.091984519455885,420.4,-15.243636363636375,0.27711703139866795,-2.6743320432879902
2022,Joe Mantegna,TE,Dallas Goedert,9,91.89999999999999,19.78545454545454,124.6,12.45272727272727,0.7375601926163724,2.198383838383838
2022,Joe Mantegna,TE,Cade Otton,1,8.4,0.9709090909090916,124.6,12.45272727272727,0.06741573033707866,0.9709090909090916
2022,Joe Mantegna,TE,Greg Dulcich,4,24.3,-8.303636363636365,124.6,12.45272727272727,0.19502407704654898,-2.075909090909091
2022,Joe Mantegna,WR,DJ Chark,1,18.4,6.324181411429732,377.79999999999995,-42.0509090909091,0.048703017469560614,6.324181411429732
2022,Joe Mantegna,WR,Zay Jones,2,20.3,6.127865038986011,377.79999999999995,-42.0509090909091,0.05373213340391742,3.0639325194930054
2022,Joe Mantegna,WR,Davante Adams,13,237.6,2.246311009437952,377.79999999999995,-42.0509090909091,0.628904182106935,0.17279315457215016
2022,Joe Mantegna,WR,Marquez Valdes-Scantling,2,1.7,0.268714168714169,377.79999999999995,-42.0509090909091,0.004499735309687666,0.1343570843570845
2022,Joe Mantegna,WR,Brandin Cooks,1,8.6,0.056290909090909835,377.79999999999995,-42.0509090909091,0.022763366860772898,0.056290909090909835
2022,Joe Mantegna,WR,Chase Claypool,3,10.0,-0.11693259352794366,377.79999999999995,-42.0509090909091,0.02646903123345686,-0.03897753117598122
2022,Joe Mantegna,WR,Courtland Sutton,10,81.2,-56.95733903503993,377.79999999999995,-42.0509090909091,0.2149285336156697,-5.695733903503993
2022,Malle ❤️ 🐸,QB,Jalen Hurts,13,381.88,82.03818181818181,400.58,80.7090909090909,0.9533176893504419,6.31062937062937
2022,Malle ❤️ 🐸,QB,Trevor Lawrence,1,18.7,-1.3290909090909118,400.58,80.7090909090909,0.04668231064955814,-1.3290909090909118
2022,Malle ❤️ 🐸,RB,J.D. McKissic,1,6.3,0.4391519024106879,356.0,-85.49818181818182,0.017696629213483146,0.4391519024106879
2022,Malle ❤️ 🐸,RB,D'Andre Swift,2,40.7,-1.3947620580208462,356.0,-85.49818181818182,0.11432584269662922,-0.6973810290104231
2022,Malle ❤️ 🐸,RB,Ezekiel Elliott,4,65.9,-10.771578583625981,356.0,-85.49818181818182,0.18511235955056182,-2.6928946459064953
2022,Malle ❤️ 🐸,RB,J.K. Dobbins,2,5.9,-10.995350823672974,356.0,-85.49818181818182,0.01657303370786517,-5.497675411836487
2022,Malle ❤️ 🐸,RB,Jamaal Williams,10,110.2,-12.209884578505955,356.0,-85.49818181818182,0.3095505617977528,-1.2209884578505954
2022,Malle ❤️ 🐸,RB,Antonio Gibson,8,80.1,-19.520134751475197,356.0,-85.49818181818182,0.22499999999999998,-2.4400168439343997
2022,Malle ❤️ 🐸,RB,James Robinson,7,46.900000000000006,-31.04562292529156,356.0,-85.49818181818182,0.13174157303370787,-4.435088989327366
2022,Malle ❤️ 🐸,TE,T.J. Hockenson,13,124.7,23.04727272727272,133.4,22.052727272727264,0.9347826086956521,1.7728671328671324
2022,Malle ❤️ 🐸,TE,Irv Smith Jr.,1,8.7,-0.994545454545456,133.4,22.052727272727264,0.06521739130434782,-0.994545454545456
2022,Malle ❤️ 🐸,WR,Robert Woods,1,7.4,0.9293746715712046,330.4,-93.76000000000002,0.022397094430992737,0.9293746715712046
2022,Malle ❤️ 🐸,WR,CeeDee Lamb,6,70.9,-5.096566916038916,330.4,-93.76000000000002,0.21458837772397096,-0.8494278193398194
2022,Malle ❤️ 🐸,WR,Diontae Johnson,10,78.1,-19.344407509033733,330.4,-93.76000000000002,0.23638014527845036,-1.9344407509033732
2022,Malle ❤️ 🐸,WR,Adam Thielen,13,122.0,-34.892921691711834,330.4,-93.76000000000002,0.3692493946731235,-2.6840708993624487
2022,Malle ❤️ 🐸,WR,Allen Lazard,6,52.0,-35.35547855478674,330.4,-93.76000000000002,0.15738498789346247,-5.892579759131124
2022,Patty Primetimes,QB,Jared Goff,3,55.44,-13.674545454545456,240.76,-93.64,0.2302708091045024,-4.558181818181819
2022,Patty Primetimes,QB,Deshaun Watson,1,6.34,-15.150909090909092,240.76,-93.64,0.026333277953148364,-15.150909090909092
2022,Patty Primetimes,QB,Matthew Stafford,4,69.22,-31.580000000000002,240.76,-93.64,0.2875062302708091,-7.8950000000000005
2022,Patty Primetimes,QB,Aaron Rodgers,6,109.76,-33.234545454545454,240.76,-93.64,0.4558896826715402,-5.539090909090909
2022,Patty Primetimes,RB,Tyler Allgeier,4,32.5,4.424596297834105,411.76,-24.669090909090926,0.07892947347969691,1.1061490744585263
2022,Patty Primetimes,RB,Javonte Williams,4,34.0,-0.7298253930379908,411.76,-24.669090909090926,0.08257237225568292,-0.1824563482594977
2022,Patty Primetimes,RB,Travis Etienne Jr.,10,112.2,-7.454471777774261,411.76,-24.669090909090926,0.27248882844375366,-0.7454471777774261
2022,Patty Primetimes,RB,Derrick Henry,13,233.06,-20.90939003611278,411.76,-24.669090909090926,0.5660093258208665,-1.6084146181625214
2022,Patty Primetimes,TE,Tyler Conklin,1,5.3,-4.800000000000002,75.1,-41.54727272727273,0.07057256990679095,-4.800000000000002
2022,Patty Primetimes,TE,Darren Waller,5,31.5,-11.436363636363634,75.1,-41.54727272727273,0.4194407456724368,-2.2872727272727267
2022,Patty Primetimes,TE,Robert Tonyan,8,38.3,-25.310909090909092,75.1,-41.54727272727273,0.5099866844207723,-3.1638636363636365
2022,Patty Primetimes,WR,DK Metcalf,10,129.79999999999998,16.564631187463025,436.49999999999994,21.98545454545454,0.29736540664375716,1.6564631187463026
2022,Patty Primetimes,WR,Chris Olave,9,101.4,10.238589406740596,436.49999999999994,21.98545454545454,0.23230240549828182,1.1376210451933995
2022,Patty Primetimes,WR,Van Jefferson,1,11.4,0.271507406331689,436.49999999999994,21.98545454545454,0.026116838487972513,0.271507406331689
2022,Patty Primetimes,WR,Isaiah McKenzie,1,4.3,0.10241068835318091,436.49999999999994,21.98545454545454,0.009851088201603667,0.10241068835318091
2022,Patty Primetimes,WR,Kadarius Toney,1,0.0,0.0,436.49999999999994,21.98545454545454,0.0,0.0
2022,Patty Primetimes,WR,Terry McLaurin,13,145.2,-0.02958192137120541,436.49999999999994,21.98545454545454,0.3326460481099657,-0.002275532413169647
2022,Patty Primetimes,WR,Garrett Wilson,1,1.3,-1.766055718475074,436.49999999999994,21.98545454545454,0.0029782359679266903,-1.766055718475074
2022,Patty Primetimes,WR,Michael Thomas,3,43.1,-3.3960465035876695,436.49999999999994,21.98545454545454,0.09873997709049256,-1.13201550119589
2022,Pop Lockett Drop it,QB,Justin Fields,4,139.98000000000002,51.78545454545455,318.6,-8.723636363636349,0.4393596986817326,12.946363636363637
2022,Pop Lockett Drop it,QB,Jimmy Garoppolo,1,22.94,2.529090909090911,318.6,-8.723636363636349,0.07200251098556183,2.529090909090911
2022,Pop Lockett Drop it,QB,Ryan Tannehill,1,22.76,1.2218181818181826,318.6,-8.723636363636349,0.0714375392341494,1.2218181818181826
2022,Pop Lockett Drop it,QB,Tom Brady,1,22.04,-3.7199999999999953,318.6,-8.723636363636349,0.06917765222849968,-3.7199999999999953
2022,Pop Lockett Drop it,QB,Russell Wilson,2,33.86,-18.827272727272728,318.6,-8.723636363636349,0.10627746390458254,-9.413636363636364
2022,Pop Lockett Drop it,QB,Sam Ehlinger,1,7.54,-18.969090909090905,318.6,-8.723636363636349,0.023666038920276206,-18.969090909090905
2022,Pop Lockett Drop it,QB,Jared Goff,4,69.47999999999999,-22.743636363636362,318.6,-8.723636363636349,0.21807909604519768,-5.685909090909091
2022,Pop Lockett Drop it,RB,Dameon Pierce,1,4.4,-5.245714285714286,302.4,-143.97090909090912,0.014550264550264553,-5.245714285714286
2022,Pop Lockett Drop it,RB,Gus Edwards,1,6.6,-6.697777777777778,302.4,-143.97090909090912,0.021825396825396824,-6.697777777777778
2022,Pop Lockett Drop it,RB,Caleb Huntley,1,3.4,-9.676053215077607,302.4,-143.97090909090912,0.011243386243386244,-9.676053215077607
2022,Pop Lockett Drop it,RB,Melvin Gordon III,6,51.1,-9.868391064053755,302.4,-143.97090909090912,0.1689814814814815,-1.644731844008959
2022,Pop Lockett Drop it,RB,Alexander Mattison,1,8.3,-10.664562825709321,302.4,-143.97090909090912,0.027447089947089953,-10.664562825709321
2022,Pop Lockett Drop it,RB,Brian Robinson,5,56.7,-25.236285285601216,302.4,-143.97090909090912,0.18750000000000003,-5.047257057120243
2022,Pop Lockett Drop it,RB,Najee Harris,4,40.0,-28.16805269830155,302.4,-143.97090909090912,0.1322751322751323,-7.042013174575388
2022,Pop Lockett Drop it,RB,Nick Chubb,9,131.9,-48.41407193867359,302.4,-143.97090909090912,0.4361772486772487,-5.379341326519287
2022,Pop Lockett Drop it,TE,Mike Gesicki,1,11.3,2.4272727272727277,67.7,-49.620000000000005,0.1669128508124077,2.4272727272727277
2022,Pop Lockett Drop it,TE,Dalton Schultz,4,10.5,-24.563636363636363,67.7,-49.620000000000005,0.155096011816839,-6.140909090909091
2022,Pop Lockett Drop it,TE,Gerald Everett,9,45.9,-27.483636363636368,67.7,-49.620000000000005,0.6779911373707532,-3.0537373737373743
2022,Pop Lockett Drop it,WR,Hollywood Brown,6,75.60000000000001,12.68923069749341,426.9,11.51272727272725,0.17709065354884052,2.1148717829155683
2022,Pop Lockett Drop it,WR,Gabe Davis,9,100.8,8.630245622162265,426.9,11.51272727272725,0.23612087139845397,0.9589161802402517
2022,Pop Lockett Drop it,WR,Christian Kirk,3,46.3,4.695260298283686,426.9,11.51272727272725,0.10845631295385336,1.565086766094562
2022,Pop Lockett Drop it,WR,Romeo Doubs,1,4.4,1.5795391705069126,426.9,11.51272727272725,0.0103068634340595,1.5795391705069126
2022,Pop Lockett Drop it,WR,Donovan Peoples-Jones,2,1.5,0.5408738548273432,426.9,11.51272727272725,0.0035137034434293748,0.2704369274136716
2022,Pop Lockett Drop it,WR,Hunter Renfrow,1,1.1,-1.509722222222223,426.9,11.51272727272725,0.002576715858514875,-1.509722222222223
2022,Pop Lockett Drop it,WR,Michael Pittman Jr.,11,112.3,-3.696714852426995,426.9,11.51272727272725,0.26305926446474587,-0.33606498658427225
2022,Pop Lockett Drop it,WR,Rondale Moore,4,27.8,-5.316081494386377,426.9,11.51272727272725,0.06512063715155775,-1.3290203735965942
2022,Pop Lockett Drop it,WR,Keenan Allen,5,57.099999999999994,-6.099903801510774,426.9,11.51272727272725,0.13375497774654485,-1.2199807603021546
2022,Post Mahomes,QB,Tua Tagovailoa,5,111.84,-7.567272727272732,263.70000000000005,-68.61454545454546,0.42411831626848684,-1.5134545454545463
2022,Post Mahomes,QB,Russell Wilson,1,10.68,-11.065454545454546,263.70000000000005,-68.61454545454546,0.04050056882821387,-11.065454545454546
2022,Post Mahomes,QB,Tom Brady,8,141.18,-49.981818181818184,263.70000000000005,-68.61454545454546,0.5353811149032991,-6.247727272727273
2022,Post Mahomes,RB,Kenneth Walker III,7,115.0,18.488008609447476,431.3,-3.3527272727272788,0.26663575237653603,2.641144087063925
2022,Post Mahomes,RB,Ezekiel Elliott,4,35.0,2.95209512404253,431.3,-3.3527272727272788,0.0811500115928588,0.7380237810106325
2022,Post Mahomes,RB,Cam Akers,2,8.8,-2.5436893203883475,431.3,-3.3527272727272788,0.0204034314862045,-1.2718446601941737
2022,Post Mahomes,RB,Clyde Edwards-Helaire,3,31.200000000000003,-5.067077730453688,431.3,-3.3527272727272788,0.07233943890563413,-1.6890259101512293
2022,Post Mahomes,RB,Dameon Pierce,9,110.7,-6.814949843620979,431.3,-3.3527272727272788,0.2566658938094134,-0.7572166492912199
2022,Post Mahomes,RB,Jonathan Taylor,10,130.6,-10.367114111754272,431.3,-3.3527272727272788,0.3028054718293531,-1.0367114111754272
2022,Post Mahomes,TE,Gerald Everett,1,10.1,2.4818181818181806,89.82,-25.489090909090915,0.11244711645513249,2.4818181818181806
2022,Post Mahomes,TE,Taysom Hill,4,27.619999999999997,-0.8970098194488436,89.82,-25.489090909090915,0.30750389668225336,-0.2242524548622109
2022,Post Mahomes,TE,Irv Smith Jr.,1,0.0,-7.636363636363637,89.82,-25.489090909090915,0.0,-7.636363636363637
2022,Post Mahomes,TE,Tyler Higbee,10,52.1,-19.437535635096616,89.82,-25.489090909090915,0.5800489868626142,-1.9437535635096617
2022,Post Mahomes,WR,Garrett Wilson,3,33.2,9.004677123125592,402.9,-14.669090909090922,0.08240258128567884,3.001559041041864
2022,Post Mahomes,WR,Gabe Davis,2,22.0,1.9419426154475006,402.9,-14.669090909090922,0.054604120129064286,0.9709713077237503
2022,Post Mahomes,WR,Allen Lazard,1,15.6,1.6345926800472235,402.9,-14.669090909090922,0.038719285182427406,1.6345926800472235
2022,Post Mahomes,WR,Joshua Palmer,1,14.6,0.013971291866028742,402.9,-14.669090909090922,0.03623727972201539,0.013971291866028742
2022,Post Mahomes,WR,CeeDee Lamb,7,102.8,-0.6859335905720007,402.9,-14.669090909090922,0.25515016133035495,-0.09799051293885723
2022,Post Mahomes,WR,A.J. Brown,13,190.5,-2.0188174756457054,402.9,-14.669090909090922,0.4728220402084885,-0.15529365197274655
2022,Post Mahomes,WR,Drake London,3,9.6,-11.612315189840341,402.9,-14.669090909090922,0.023827252419955324,-3.8707717299467803
2022,Post Mahomes,WR,Brandin Cooks,3,14.600000000000001,-12.94720836351922,402.9,-14.669090909090922,0.036237279722015396,-4.315736121173074
2022,The Big Gronkowski,QB,Jimmy Garoppolo,1,21.32,1.5290909090909075,284.44,-45.989090909090905,0.07495429616087751,1.5290909090909075
2022,The Big Gronkowski,QB,Kirk Cousins,13,263.12,-47.518181818181816,284.44,-45.989090909090905,0.9250457038391225,-3.655244755244755
2022,The Big Gronkowski,RB,Austin Ekeler,13,246.2,44.592393746151025,540.0999999999999,115.33818181818182,0.45584151083132757,3.4301841343193096
2022,The Big Gronkowski,RB,Tony Pollard,7,150.2,42.81356026387343,540.0999999999999,115.33818181818182,0.27809664876874657,6.116222894839061
2022,The Big Gronkowski,RB,Jeff Wilson Jr.,10,105.6,25.77310482550498,540.0999999999999,115.33818181818182,0.19551934826883913,2.577310482550498
2022,The Big Gronkowski,RB,Damien Harris,6,38.1,2.1591229826523914,540.0999999999999,115.33818181818182,0.07054249213108685,0.35985383044206526
2022,The Big Gronkowski,TE,George Kittle,11,93.0,1.9909090909090894,105.10000000000001,-8.820000000000002,0.884871550903901,0.18099173553718995
2022,The Big Gronkowski,TE,Hayden Hurst,2,10.9,-4.483636363636364,105.10000000000001,-8.820000000000002,0.10371075166508087,-2.241818181818182
2022,The Big Gronkowski,TE,David Njoku,1,1.2,-6.327272727272727,105.10000000000001,-8.820000000000002,0.011417697431018076,-6.327272727272727
2022,The Big Gronkowski,WR,Cooper Kupp,9,163.9,22.36969244775847,422.4,6.603636363636351,0.38802083333333337,2.4855213830842744
2022,The Big Gronkowski,WR,Tee Higgins,13,146.1,11.74515775663206,422.4,6.603636363636351,0.3458806818181818,0.9034736735870816
2022,The Big Gronkowski,WR,Isaiah McKenzie,1,7.5,1.3249765698219296,422.4,6.603636363636351,0.01775568181818182,1.3249765698219296
2022,The Big Gronkowski,WR,JuJu Smith-Schuster,9,88.6,-3.1403770134469204,422.4,6.603636363636351,0.20975378787878787,-0.34893077927188004
2022,The Big Gronkowski,WR,Darius Slayton,2,16.3,-25.69581339712919,422.4,6.603636363636351,0.03858901515151515,-12.847906698564595
2022,ThreatLevelMidnight,QB,Carson Wentz,2,43.42,-6.081818181818186,284.82,-45.57454545454546,0.152447159609578,-3.040909090909093
2022,ThreatLevelMidnight,QB,Russell Wilson,2,42.14,-6.70727272727272,284.82,-45.57454545454546,0.14795309318165858,-3.35363636363636
2022,ThreatLevelMidnight,QB,Geno Smith,4,79.66,-12.823636363636368,284.82,-45.57454545454546,0.27968541535004565,-3.205909090909092
2022,ThreatLevelMidnight,QB,Dak Prescott,6,119.6,-19.961818181818185,284.82,-45.57454545454546,0.4199143318587178,-3.3269696969696976
2022,ThreatLevelMidnight,RB,Deon Jackson,1,23.1,10.736680327868852,390.20000000000005,-48.18909090909092,0.059200410046130185,10.736680327868852
2022,ThreatLevelMidnight,RB,Latavius Murray,1,4.6,1.797357814599194,390.20000000000005,-48.18909090909092,0.01178882624295233,1.797357814599194
2022,ThreatLevelMidnight,RB,Gus Edwards,1,1.2,-0.128887328887329,390.20000000000005,-48.18909090909092,0.0030753459764223472,-0.128887328887329
2022,ThreatLevelMidnight,RB,D'Onta Foreman,4,61.900000000000006,-3.3488136030003925,390.20000000000005,-48.18909090909092,0.15863659661711943,-0.8372034007500981
2022,ThreatLevelMidnight,RB,Rachaad White,3,33.0,-3.556745211721185,390.20000000000005,-48.18909090909092,0.08457201435161454,-1.185581737240395
2022,ThreatLevelMidnight,RB,Kenyan Drake,1,6.3,-4.155054545454547,390.20000000000005,-48.18909090909092,0.01614556637621732,-4.155054545454547
2022,ThreatLevelMidnight,RB,Miles Sanders,12,172.8,-5.3877368916169175,390.20000000000005,-48.18909090909092,0.44284982060481803,-0.4489780743014098
2022,ThreatLevelMidnight,RB,Rashaad Penny,4,42.5,-8.532870611450855,390.20000000000005,-48.18909090909092,0.1089185033316248,-2.133217652862714
2022,ThreatLevelMidnight,RB,Elijah Mitchell,2,10.0,-9.819380086580088,390.20000000000005,-48.18909090909092,0.025627883136852894,-4.909690043290044
2022,ThreatLevelMidnight,RB,Brian Robinson,2,21.6,-10.197213226807705,390.20000000000005,-48.18909090909092,0.055356227575602254,-5.098606613403852
2022,ThreatLevelMidnight,RB,Chase Edmonds,3,13.2,-15.596427546039951,390.20000000000005,-48.18909090909092,0.03382880574064582,-5.198809182013317
2022,ThreatLevelMidnight,TE,David Njoku,7,66.2,5.0309090909090886,93.1,-21.910909090909097,0.7110633727175081,0.7187012987012984
2022,ThreatLevelMidnight,TE,Tyler Conklin,1,1.9,-4.630909090909091,93.1,-21.910909090909097,0.020408163265306124,-4.630909090909091
2022,ThreatLevelMidnight,TE,Evan Engram,3,17.7,-4.874545454545455,93.1,-21.910909090909097,0.19011815252416756,-1.624848484848485
2022,ThreatLevelMidnight,TE,Logan Thomas,1,1.5,-7.590909090909092,93.1,-21.910909090909097,0.01611170784103115,-7.590909090909092
2022,ThreatLevelMidnight,TE,Albert Okwuegbunam Jr.,2,5.8,-9.845454545454547,93.1,-21.910909090909097,0.06229860365198711,-4.922727272727274
2022,ThreatLevelMidnight,WR,Stefon Diggs,13,230.9,26.219353381368673,481.1,70.64000000000001,0.4799418000415714,2.0168733370283594
2022,ThreatLevelMidnight,WR,Mike Evans,11,121.6,25.911568459661677,481.1,70.64000000000001,0.2527541051756391,2.355597132696516
2022,ThreatLevelMidnight,WR,DeAndre Hopkins,7,109.3,18.639123373343438,481.1,70.64000000000001,0.2271876948659322,2.662731910477634
2022,ThreatLevelMidnight,WR,Rashod Bateman,3,14.3,0.853500053401063,481.1,70.64000000000001,0.029723550197464144,0.28450001780035433
2022,ThreatLevelMidnight,WR,Allen Robinson,2,5.0,-0.9835452677748384,481.1,70.64000000000001,0.010392849719393056,-0.4917726338874192
2022,Uncle Rico,QB,Patrick Mahomes,13,397.4,104.43454545454544,432.58,115.61818181818181,0.918674002496648,8.033426573426572
2022,Uncle Rico,QB,Tua Tagovailoa,1,35.18,11.183636363636364,432.58,115.61818181818181,0.08132599750335198,11.183636363636364
2022,Uncle Rico,RB,Nick Chubb,4,82.6,35.868439034113905,485.86,56.16727272727273,0.17000782118305682,8.967109758528476
2022,Uncle Rico,RB,Saquon Barkley,13,205.4,15.615361045125459,485.86,56.16727272727273,0.4227555262832915,1.2011816188558044
2022,Uncle Rico,RB,Cordarrelle Patterson,7,75.5,11.357044836413428,485.86,56.16727272727273,0.15539455810315728,1.6224349766304897
2022,Uncle Rico,RB,Isiah Pacheco,3,36.7,5.3758092087313685,485.86,56.16727272727273,0.07553616268060759,1.791936402910456
2022,Uncle Rico,RB,Clyde Edwards-Helaire,1,2.4,-0.6927738927738927,485.86,56.16727272727273,0.004939694562219569,-0.6927738927738927
2022,Uncle Rico,RB,Eno Benjamin,3,17.7,-5.15943963855075,485.86,56.16727272727273,0.036430247396369325,-1.71981321285025
2022,Uncle Rico,RB,Najee Harris,7,65.56,-6.197167865786785,485.86,56.16727272727273,0.1349359897912979,-0.8853096951123979
2022,Uncle Rico,TE,Evan Engram,1,33.7,26.181818181818183,96.3,-18.42,0.3499480789200416,26.181818181818183
2022,Uncle Rico,TE,Greg Dulcich,2,12.299999999999999,-2.9272727272727295,96.3,-18.42,0.1277258566978193,-1.4636363636363647
2022,Uncle Rico,TE,Cole Kmet,3,19.4,-3.0672727272727274,96.3,-18.42,0.20145379023883697,-1.0224242424242425
2022,Uncle Rico,TE,Will Dissly,2,4.8,-15.030909090909091,96.3,-18.42,0.04984423676012461,-7.515454545454546
2022,Uncle Rico,TE,Kyle Pitts Sr.,6,26.1,-23.576363636363638,96.3,-18.42,0.2710280373831776,-3.9293939393939397
2022,Uncle Rico,WR,Alec Pierce,1,5.2,2.7157093952073033,385.3,-33.86909090909089,0.013495977160654036,2.7157093952073033
2022,Uncle Rico,WR,Jakobi Meyers,4,40.7,2.0284887998112793,385.3,-33.86909090909089,0.10563197508434986,0.5071221999528198
2022,Uncle Rico,WR,Ja'Marr Chase,9,154.9,0.13477050023176154,385.3,-33.86909090909089,0.4020243965740981,0.014974500025751283
2022,Uncle Rico,WR,Robert Woods,1,1.8,-0.1073537927041113,385.3,-33.86909090909089,0.004671684401764859,-0.1073537927041113
2022,Uncle Rico,WR,Christian Kirk,9,100.6,-2.441617962569545,385.3,-33.86909090909089,0.2610952504541915,-0.27129088472994944
2022,Uncle Rico,WR,Brandon Aiyuk,8,82.10000000000001,-36.19908784906758,385.3,-33.86909090909089,0.21308071632494163,-4.524885981133448
2022,Voldemort,QB,Josh Allen,13,377.92,77.71818181818182,392.2,71.56727272727272,0.9635900050994392,5.978321678321678
2022,Voldemort,QB,Dak Prescott,1,14.28,-6.150909090909094,392.2,71.56727272727272,0.03640999490056094,-6.150909090909094
2022,Voldemort,RB,Joe Mixon,11,172.0,9.943679728301017,424.3,-10.989090909090894,0.4053735564459109,0.9039708843910016
2022,Voldemort,RB,Antonio Gibson,2,27.6,8.286086006058524,424.3,-10.989090909090894,0.06504831487155315,4.143043003029262
2022,Voldemort,RB,Raheem Mostert,4,53.4,3.2696593911132026,424.3,-10.989090909090894,0.12585434833843978,0.8174148477783006
2022,Voldemort,RB,David Montgomery,10,99.8,1.2011901418689401,424.3,-10.989090909090894,0.23521093565873202,0.12011901418689401
2022,Voldemort,RB,Samaje Perine,2,35.8,0.3376552419281498,424.3,-10.989090909090894,0.08437426349281169,0.1688276209640749
2022,Voldemort,RB,Craig Reynolds,1,4.7,-3.594617819990953,424.3,-10.989090909090894,0.011077068112184774,-3.594617819990953
2022,Voldemort,RB,D'Andre Swift,4,31.0,-30.432743598369775,424.3,-10.989090909090894,0.07306151308036767,-7.608185899592444
2022,Voldemort,TE,Zach Ertz,10,92.1,11.810909090909089,128.89999999999998,17.14363636363636,0.7145073700543058,1.181090909090909
2022,Voldemort,TE,Dalton Schultz,4,36.8,5.332727272727274,128.89999999999998,17.14363636363636,0.28549262994569435,1.3331818181818185
2022,Voldemort,WR,Justin Jefferson,13,247.26,66.61145534422967,527.56,121.32363636363635,0.4686860262339829,5.123958103402282
2022,Voldemort,WR,Chris Godwin Jr.,9,104.8,22.053393757916446,527.56,121.32363636363635,0.1986503904769126,2.4503770842129384
2022,Voldemort,WR,Christian Watson,2,42.0,15.019296523603716,527.56,121.32363636363635,0.07961179771021307,7.509648261801858
2022,Voldemort,WR,Deebo Samuel Sr.,11,127.69999999999999,14.906711517107311,527.56,121.32363636363635,0.2420577754189097,1.355155592464301
2022,Voldemort,WR,Curtis Samuel,1,5.8,2.732779220779221,527.56,121.32363636363635,0.010994010159981804,2.732779220779221
2022,malle_dips_pouches,QB,Lamar Jackson,12,277.08,-2.5800000000000054,310.26,-17.821818181818188,0.893057435699091,-0.21500000000000044
2022,malle_dips_pouches,QB,Kenny Pickett,1,19.06,-7.038181818181819,310.26,-17.821818181818188,0.06143234706375298,-7.038181818181819
2022,malle_dips_pouches,QB,Tom Brady,1,14.12,-8.203636363636365,310.26,-17.821818181818188,0.04551021723715593,-8.203636363636365
2022,malle_dips_pouches,RB,Josh Jacobs,13,260.8,96.66587983723937,641.96,226.45818181818183,0.4062558414854508,7.4358369105568745
2022,malle_dips_pouches,RB,Christian McCaffrey,13,236.56,81.06368962668392,641.96,226.45818181818183,0.36849647953143494,6.23566843282184
2022,malle_dips_pouches,RB,James Conner,10,126.6,46.5292952794528,641.96,226.45818181818183,0.19720854881924105,4.652929527945281
2022,malle_dips_pouches,RB,Michael Carter,2,13.3,1.9900704994632523,641.96,226.45818181818183,0.020717801732195153,0.9950352497316262
2022,malle_dips_pouches,RB,Phillip Lindsay,1,4.7,0.20924657534246585,641.96,226.45818181818183,0.007321328431677986,0.20924657534246585
2022,malle_dips_pouches,TE,Mark Andrews,12,128.9,31.427272727272726,134.5,23.25272727272727,0.9583643122676581,2.6189393939393937
2022,malle_dips_pouches,TE,Pat Freiermuth,1,5.6,-0.33636363636363775,134.5,23.25272727272727,0.041635687732342004,-0.33636363636363775
2022,malle_dips_pouches,TE,Logan Thomas,1,0.0,-7.838181818181818,134.5,23.25272727272727,0.0,-7.838181818181818
2022,malle_dips_pouches,WR,Tyler Boyd,2,12.100000000000001,0.8748084535390814,359.40000000000003,-62.12363636363636,0.033667223149693934,0.4374042267695407
2022,malle_dips_pouches,WR,Michael Gallup,1,0.0,0.0,359.40000000000003,-62.12363636363636,0.0,0.0
2022,malle_dips_pouches,WR,DeVonta Smith,2,21.9,-7.706623686926527,359.40000000000003,-62.12363636363636,0.060934891485809675,-3.8533118434632634
2022,malle_dips_pouches,WR,Amari Cooper,13,159.9,-17.38670656640163,359.40000000000003,-62.12363636363636,0.44490818030050083,-1.3374389666462794
2022,malle_dips_pouches,WR,Jaylen Waddle,13,165.5,-37.90511456384728,359.40000000000003,-62.12363636363636,0.4604897050639955,-2.9157780433728675
2023,Buttermilk Puuump,QB,Dak Prescott,12,297.64,38.48363636363637,323.68,15.269090909090917,0.9195501730103806,3.2069696969696975
2023,Buttermilk Puuump,QB,Jared Goff,2,26.04,-23.214545454545455,323.68,15.269090909090917,0.08044982698961937,-11.607272727272727
2023,Buttermilk Puuump,RB,Kenneth Walker III,10,129.1,-0.458667823035692,383.9,-20.180000000000003,0.3362854910132847,-0.0458667823035692
2023,Buttermilk Puuump,RB,Ezekiel Elliott,3,40.9,-3.638371993031004,383.9,-20.180000000000003,0.10653816097942173,-1.212790664343668
2023,Buttermilk Puuump,RB,Najee Harris,12,105.6,-7.215531537500397,383.9,-20.180000000000003,0.27507163323782235,-0.6012942947916998
2023,Buttermilk Puuump,RB,D'Andre Swift,10,108.3,-8.867428646432911,383.9,-20.180000000000003,0.28210471476947124,-0.8867428646432911
2023,Buttermilk Puuump,TE,Travis Kelce,12,157.6,55.85272727272727,171.6,56.78,0.9184149184149184,4.654393939393939
2023,Buttermilk Puuump,TE,Cole Kmet,2,14.0,0.9272727272727268,171.6,56.78,0.08158508158508158,0.4636363636363634
2023,Buttermilk Puuump,WR,Mike Williams,3,40.7,2.0546964991276564,379.3,-68.26727272727271,0.10730292644344847,0.6848988330425522
2023,Buttermilk Puuump,WR,JuJu Smith-Schuster,1,2.1,-3.462536656891496,379.3,-68.26727272727271,0.005536514632217242,-3.462536656891496
2023,Buttermilk Puuump,WR,Jerry Jeudy,4,24.8,-10.727766204888098,379.3,-68.26727272727271,0.06538360137094648,-2.6819415512220246
2023,Buttermilk Puuump,WR,Odell Beckham Jr.,2,14.399999999999999,-11.746723821493408,379.3,-68.26727272727271,0.03796467176377537,-5.873361910746704
2023,Buttermilk Puuump,WR,Amon-Ra St. Brown,12,185.1,-18.20422686951374,379.3,-68.26727272727271,0.48800421829686264,-1.5170189057928116
2023,Buttermilk Puuump,WR,Chris Godwin Jr.,13,112.2,-26.180715673613633,379.3,-68.26727272727271,0.2958080674927498,-2.013901205662587
2023,Ginger FC 🏆🏆,QB,Kirk Cousins,6,153.98000000000002,20.82181818181818,315.3,6.127272727272732,0.48836029178560103,3.4703030303030302
2023,Ginger FC 🏆🏆,QB,Brock Purdy,5,121.2,17.103636363636365,315.3,6.127272727272732,0.38439581351094193,3.420727272727273
2023,Ginger FC 🏆🏆,QB,Will Levis,1,9.68,-11.734545454545454,315.3,6.127272727272732,0.030700919758959718,-11.734545454545454
2023,Ginger FC 🏆🏆,QB,Joshua Dobbs,2,30.44,-20.06363636363636,315.3,6.127272727272732,0.0965429749444973,-10.03181818181818
2023,Ginger FC 🏆🏆,RB,De'Von Achane,5,80.9,13.936918986959977,341.1,-66.87090909090911,0.23717384931105248,2.7873837973919953
2023,Ginger FC 🏆🏆,RB,J.K. Dobbins,1,10.7,2.6692252338690317,341.1,-66.87090909090911,0.03136909997068308,2.6692252338690317
2023,Ginger FC 🏆🏆,RB,Dalvin Cook,3,6.0,-7.288315179444211,341.1,-66.87090909090911,0.017590149516270887,-2.4294383931480703
2023,Ginger FC 🏆🏆,RB,Khalil Herbert,5,33.7,-16.997329761084764,341.1,-66.87090909090911,0.09879800644972149,-3.3994659522169526
2023,Ginger FC 🏆🏆,RB,AJ Dillon,5,40.8,-27.008236318760297,341.1,-66.87090909090911,0.11961301671064202,-5.401647263752059
2023,Ginger FC 🏆🏆,RB,Bijan Robinson,13,169.0,-32.183172052448846,341.1,-66.87090909090911,0.49545587804163,-2.475628619419142
2023,Ginger FC 🏆🏆,TE,Luke Musgrave,1,4.8,-3.1545454545454543,71.10000000000001,-52.85636363636364,0.06751054852320675,-3.1545454545454543
2023,Ginger FC 🏆🏆,TE,David Njoku,4,19.8,-7.327272727272727,71.10000000000001,-52.85636363636364,0.27848101265822783,-1.8318181818181818
2023,Ginger FC 🏆🏆,TE,Jake Ferguson,2,6.3,-11.772727272727273,71.10000000000001,-52.85636363636364,0.08860759493670885,-5.886363636363637
2023,Ginger FC 🏆🏆,TE,Jonnu Smith,4,25.1,-15.001818181818184,71.10000000000001,-52.85636363636364,0.3530239099859353,-3.750454545454546
2023,Ginger FC 🏆🏆,TE,Cade Otton,3,15.1,-15.600000000000001,71.10000000000001,-52.85636363636364,0.21237693389592122,-5.2
2023,Ginger FC 🏆🏆,WR,Josh Reynolds,1,0.0,0.0,302.6,-151.94,0.0,0.0
2023,Ginger FC 🏆🏆,WR,Joshua Palmer,4,36.9,-8.957265624980797,302.6,-151.94,0.12194315928618638,-2.2393164062451993
2023,Ginger FC 🏆🏆,WR,Rashee Rice,5,61.599999999999994,-11.548649865959069,302.6,-151.94,0.20356906807666883,-2.3097299731918137
2023,Ginger FC 🏆🏆,WR,Curtis Samuel,3,18.3,-17.284850907736597,302.6,-151.94,0.06047587574355585,-5.761616969245533
2023,Ginger FC 🏆🏆,WR,Tee Higgins,9,66.5,-20.952657149822823,302.6,-151.94,0.21976206212822205,-2.3280730166469805
2023,Ginger FC 🏆🏆,WR,Diontae Johnson,8,77.7,-30.16560003521346,302.6,-151.94,0.2567746199603437,-3.7707000044016823
2023,Ginger FC 🏆🏆,WR,Jahan Dotson,8,41.6,-63.03097641628724,302.6,-151.94,0.13747521480502312,-7.878872052035905
2023,Joe Mantegna,QB,Sam Howell,5,134.01999999999998,24.77090909090909,290.44,-20.992727272727272,0.46143781848230264,4.954181818181818
2023,Joe Mantegna,QB,Deshaun Watson,3,63.42,-4.652727272727271,290.44,-20.992727272727272,0.2183583528439609,-1.5509090909090901
2023,Joe Mantegna,QB,Geno Smith,4,70.56,-19.70545454545455,290.44,-20.992727272727272,0.24294174356149292,-4.926363636363638
2023,Joe Mantegna,QB,Kyler Murray,2,22.44,-21.405454545454543,290.44,-20.992727272727272,0.0772620851122435,-10.702727272727271
2023,Joe Mantegna,RB,David Montgomery,10,153.6,44.552039396185116,504.1,110.94727272727272,0.3047014481253719,4.455203939618512
2023,Joe Mantegna,RB,James Cook III,12,146.0,29.393430814158098,504.1,110.94727272727272,0.28962507439000196,2.449452567846508
2023,Joe Mantegna,RB,Breece Hall,9,134.3,25.068841700177735,504.1,110.94727272727272,0.2664153937710772,2.785426855575304
2023,Joe Mantegna,RB,Rhamondre Stevenson,7,70.2,11.932960816751763,504.1,110.94727272727272,0.1392580837135489,1.7047086881073947
2023,Joe Mantegna,TE,David Njoku,4,44.8,8.409090909090912,109.8,-10.638181818181812,0.40801457194899815,2.102272727272728
2023,Joe Mantegna,TE,Kyle Pitts Sr.,10,65.0,-19.047272727272723,109.8,-10.638181818181812,0.5919854280510018,-1.9047272727272724
2023,Joe Mantegna,WR,Tyreek Hill,13,274.2,54.00847592606637,535.46,102.08909090909091,0.5120830687633062,4.154498148158951
2023,Joe Mantegna,WR,Keenan Allen,13,226.86,40.88903664756109,535.46,102.08909090909091,0.4236731034997946,3.145310511350853
2023,Joe Mantegna,WR,Jakobi Meyers,2,16.9,3.704382586269728,535.46,102.08909090909091,0.03156164792888357,1.852191293134864
2023,Joe Mantegna,WR,Nico Collins,2,9.8,2.605614734950161,535.46,102.08909090909091,0.0183020206924887,1.3028073674750804
2023,Joe Mantegna,WR,Hollywood Brown,2,7.7,0.8815810142435634,535.46,102.08909090909091,0.014380159115526836,0.4407905071217817
2023,Malle ❤️ 🐸,QB,Jalen Hurts,13,339.68,57.52181818181818,351.28000000000003,45.37818181818182,0.9669779093600546,4.424755244755245
2023,Malle ❤️ 🐸,QB,Taylor Heinicke,1,11.6,-12.14363636363636,351.28000000000003,45.37818181818182,0.03302209063994534,-12.14363636363636
2023,Malle ❤️ 🐸,RB,Devin Singletary,5,59.7,10.442021976059314,361.5,-44.616363636363644,0.16514522821576763,2.088404395211863
2023,Malle ❤️ 🐸,RB,Jahmyr Gibbs,11,156.5,-3.3522116964163278,361.5,-44.616363636363644,0.43291839557399725,-0.3047465178560298
2023,Malle ❤️ 🐸,RB,Kenny Gainwell,3,19.3,-16.497247817248734,361.5,-44.616363636363644,0.053388658367911485,-5.499082605749578
2023,Malle ❤️ 🐸,RB,Jerick McKinnon,2,7.0,-17.489359866185218,361.5,-44.616363636363644,0.019363762102351315,-8.744679933092609
2023,Malle ❤️ 🐸,RB,Javonte Williams,12,119.0,-17.719566232572678,361.5,-44.616363636363644,0.32918395573997233,-1.4766305193810565
2023,Malle ❤️ 🐸,TE,Dalton Kincaid,1,2.9,-7.972727272727273,73.8,-49.91090909090909,0.03929539295392954,-7.972727272727273
2023,Malle ❤️ 🐸,TE,Pat Freiermuth,8,48.7,-16.263636363636362,73.8,-49.91090909090909,0.6598915989159893,-2.0329545454545452
2023,Malle ❤️ 🐸,TE,Gerald Everett,5,22.2,-25.674545454545456,73.8,-49.91090909090909,0.3008130081300813,-5.134909090909091
2023,Malle ❤️ 🐸,WR,Deebo Samuel Sr.,8,126.0,44.37575050654451,509.2,73.44181818181819,0.2474469756480754,5.546968813318064
2023,Malle ❤️ 🐸,WR,Justin Jefferson,6,94.8,27.28390701399178,509.2,73.44181818181819,0.1861743912018853,4.547317835665297
2023,Malle ❤️ 🐸,WR,Mike Evans,13,193.0,12.172122249123616,509.2,73.44181818181819,0.37902592301649646,0.936317096086432
2023,Malle ❤️ 🐸,WR,Elijah Moore,3,14.3,-4.5366982959518065,509.2,73.44181818181819,0.028083267871170464,-1.512232765317269
2023,Malle ❤️ 🐸,WR,Adam Thielen,7,81.1,-5.853263291889908,509.2,73.44181818181819,0.15926944226237233,-0.8361804702699869
2023,Patty Primetimes,QB,Tua Tagovailoa,12,254.46,-14.718181818181813,265.84,-47.82909090909091,0.9571922961179659,-1.2265151515151511
2023,Patty Primetimes,QB,Anthony Richardson Sr.,1,4.42,-15.905454545454548,265.84,-47.82909090909091,0.016626542281071324,-15.905454545454548
2023,Patty Primetimes,QB,Will Levis,1,6.96,-17.205454545454543,265.84,-47.82909090909091,0.02618116160096299,-17.205454545454543
2023,Patty Primetimes,RB,Jamaal Williams,1,6.2,-1.113799348062297,329.2,-79.8527272727273,0.018833535844471446,-1.113799348062297
2023,Patty Primetimes,RB,Royce Freeman,2,9.8,-6.777347650073267,329.2,-79.8527272727273,0.029769137302551645,-3.3886738250366335
2023,Patty Primetimes,RB,Dameon Pierce,6,45.9,-10.741287004291099,329.2,-79.8527272727273,0.13942891859052248,-1.790214500715183
2023,Patty Primetimes,RB,Ezekiel Elliott,1,4.7,-10.746720368239354,329.2,-79.8527272727273,0.014277035236938032,-10.746720368239354
2023,Patty Primetimes,RB,Jaylen Warren,5,57.7,-19.775083749035474,329.2,-79.8527272727273,0.175273390036452,-3.9550167498070947
2023,Patty Primetimes,RB,Travis Etienne Jr.,13,204.9,-30.698489153025807,329.2,-79.8527272727273,0.6224179829890645,-2.3614222425404465
2023,Patty Primetimes,TE,Jake Ferguson,6,64.3,9.69818181818182,126.69999999999999,7.798181818181819,0.5074980268350434,1.6163636363636364
2023,Patty Primetimes,TE,Darren Waller,8,62.4,-1.9000000000000004,126.69999999999999,7.798181818181819,0.49250197316495664,-0.23750000000000004
2023,Patty Primetimes,WR,Stefon Diggs,13,190.8,35.33514339421572,513.7,78.35090909090911,0.3714230095386412,2.7180879534012092
2023,Patty Primetimes,WR,Jaylen Waddle,12,132.70000000000002,24.149062543262264,513.7,78.35090909090911,0.2583219778080592,2.012421878605189
2023,Patty Primetimes,WR,Michael Pittman Jr.,10,128.4,13.557560204442092,513.7,78.35090909090911,0.24995133346311074,1.3557560204442092
2023,Patty Primetimes,WR,DeAndre Hopkins,7,61.8,5.309142948989042,513.7,78.35090909090911,0.1203036791901888,0.7584489927127203
2023,Pop Lockett Drop it,QB,Derek Carr,2,41.18,-2.310909090909096,274.88,-37.96727272727273,0.14981082654249128,-1.155454545454548
2023,Pop Lockett Drop it,QB,Justin Fields,4,79.1,-5.021818181818189,274.88,-37.96727272727273,0.28776193247962745,-1.2554545454545472
2023,Pop Lockett Drop it,QB,C.J. Stroud,8,154.6,-30.634545454545446,274.88,-37.96727272727273,0.5624272409778812,-3.8293181818181807
2023,Pop Lockett Drop it,RB,Cam Akers,1,8.9,0.05504019789733909,357.1,-49.416363636363634,0.024922990758891067,0.05504019789733909
2023,Pop Lockett Drop it,RB,Gus Edwards,2,5.7,-1.955184659090909,357.1,-49.416363636363634,0.01596191542985158,-0.9775923295454545
2023,Pop Lockett Drop it,RB,Tyler Allgeier,2,9.1,-6.273933786986773,357.1,-49.416363636363634,0.025483057966956033,-3.1369668934933865
2023,Pop Lockett Drop it,RB,Brian Robinson,7,81.39999999999999,-8.797945637728851,357.1,-49.416363636363634,0.22794735368244184,-1.2568493768184072
2023,Pop Lockett Drop it,RB,Isiah Pacheco,9,104.5,-12.445788757665996,357.1,-49.416363636363634,0.29263511621394567,-1.382865417518444
2023,Pop Lockett Drop it,RB,Raheem Mostert,10,147.5,-19.998550992788445,357.1,-49.416363636363634,0.4130495659479137,-1.9998550992788444
2023,Pop Lockett Drop it,TE,T.J. Hockenson,13,154.4,48.443636363636365,158.9,42.92545454545455,0.9716803020767778,3.7264335664335664
2023,Pop Lockett Drop it,TE,Tyler Higbee,1,4.5,-5.518181818181818,158.9,42.92545454545455,0.028319697923222153,-5.518181818181818
2023,Pop Lockett Drop it,WR,Jordan Addison,11,112.0,26.17420891532351,481.3,43.00545454545455,0.2327030957822564,2.3794735377566827
2023,Pop Lockett Drop it,WR,Josh Downs,6,51.7,17.22367352050041,481.3,43.00545454545455,0.10741741117805943,2.8706122534167346
2023,Pop Lockett Drop it,WR,CeeDee Lamb,13,235.70000000000002,15.340523379879375,481.3,43.00545454545455,0.4897153542489092,1.1800402599907212
2023,Pop Lockett Drop it,WR,Tyler Lockett,4,31.2,-0.6963680263054991,481.3,43.00545454545455,0.06482443382505713,-0.17409200657637477
2023,Pop Lockett Drop it,WR,Chris Olave,3,41.2,-2.9098809086427813,481.3,43.00545454545455,0.08560149594847288,-0.969960302880927
2023,Pop Lockett Drop it,WR,Marvin Mims Jr.,1,5.7,-4.207076167076168,481.3,43.00545454545455,0.011842925410346978,-4.207076167076168
2023,Pop Lockett Drop it,WR,Rashid Shaheed,1,3.8,-7.9196261682242985,481.3,43.00545454545455,0.007895283606897984,-7.9196261682242985
2023,Post Mahomes,QB,Patrick Mahomes,13,292.82,6.401818181818179,298.21999999999997,-12.505454545454548,0.981892562537724,0.49244755244755223
2023,Post Mahomes,QB,Derek Carr,1,5.4,-18.907272727272726,298.21999999999997,-12.505454545454548,0.018107437462276176,-18.907272727272726
2023,Post Mahomes,RB,Christian McCaffrey,13,285.4,97.64812147570619,626.6999999999999,244.69272727272727,0.4554013084410404,7.511393959669707
2023,Post Mahomes,RB,Kyren Williams,7,129.1,63.07421210338267,626.6999999999999,244.69272727272727,0.20599968086803894,9.010601729054667
2023,Post Mahomes,RB,Jonathan Taylor,6,89.2,41.03051216872079,626.6999999999999,244.69272727272727,0.14233285463539175,6.838418694786799
2023,Post Mahomes,RB,Aaron Jones Sr.,7,66.9,26.09409672063332,626.6999999999999,244.69272727272727,0.10674964097654382,3.727728102947617
2023,Post Mahomes,RB,Zach Charbonnet,1,16.4,8.035973328996583,626.6999999999999,244.69272727272727,0.02616882080740386,8.035973328996583
2023,Post Mahomes,RB,Chuba Hubbard,2,19.299999999999997,5.732882653061224,626.6999999999999,244.69272727272727,0.030796234242859422,2.866441326530612
2023,Post Mahomes,RB,AJ Dillon,2,20.4,3.076928822226484,626.6999999999999,244.69272727272727,0.032551460028721876,1.538464411113242
2023,Post Mahomes,TE,George Kittle,13,143.8,36.92727272727273,164.42000000000002,48.94727272727273,0.874589466001703,2.8405594405594408
2023,Post Mahomes,TE,Taysom Hill,1,20.62,12.020000000000001,164.42000000000002,48.94727272727273,0.12541053399829705,12.020000000000001
2023,Post Mahomes,WR,Drake London,5,52.4,5.345501337177513,331.36,-120.56545454545456,0.15813616610333173,1.0691002674355026
2023,Post Mahomes,WR,K.J. Osborn,1,2.7,-2.7422503725782414,331.36,-120.56545454545456,0.008148237566393046,-2.7422503725782414
2023,Post Mahomes,WR,Jayden Reed,2,30.2,-9.903440585448958,331.36,-120.56545454545456,0.09113954611298888,-4.951720292724479
2023,Post Mahomes,WR,Christian Kirk,12,121.76,-48.67619650174122,331.36,-120.56545454545456,0.3674553355866731,-4.056349708478435
2023,Post Mahomes,WR,Garrett Wilson,12,124.3,-64.58906842286365,331.36,-120.56545454545456,0.3751207146306132,-5.38242236857197
2023,The Big Gronkowski,QB,Matthew Stafford,1,20.88,2.050909090909091,301.53999999999996,-8.883636363636366,0.06924454467069047,2.050909090909091
2023,The Big Gronkowski,QB,Justin Herbert,13,280.65999999999997,-10.934545454545457,301.53999999999996,-8.883636363636366,0.9307554553293096,-0.8411188811188813
2023,The Big Gronkowski,RB,DeeJay Dallas,1,-1.5,10.053030303030303,316.5,-93.70727272727271,-0.004739336492890996,10.053030303030303
2023,The Big Gronkowski,RB,Joshua Kelley,1,6.5,-9.407272727272726,316.5,-93.70727272727271,0.020537124802527645,-9.407272727272726
2023,The Big Gronkowski,RB,Samaje Perine,3,16.8,-10.59099955780502,316.5,-93.70727272727271,0.05308056872037915,-3.5303331859350067
2023,The Big Gronkowski,RB,Austin Ekeler,10,132.1,-38.34021806215698,316.5,-93.70727272727271,0.4173775671406003,-3.8340218062156977
2023,The Big Gronkowski,RB,Tony Pollard,13,162.6,-45.421812683068296,316.5,-93.70727272727271,0.5137440758293839,-3.4939855910052535
2023,The Big Gronkowski,TE,Taysom Hill,1,14.4,5.281818181818183,111.4,-8.89272727272727,0.12926391382405744,5.281818181818183
2023,The Big Gronkowski,TE,Dalton Schultz,3,20.0,-5.090909090909092,111.4,-8.89272727272727,0.17953321364452424,-1.6969696969696972
2023,The Big Gronkowski,TE,Dallas Goedert,10,77.0,-9.083636363636362,111.4,-8.89272727272727,0.6912028725314183,-0.9083636363636363
2023,The Big Gronkowski,WR,DJ Moore,13,193.2,45.62260148959562,554.2,122.53272727272727,0.348610609888127,3.5094308838150474
2023,The Big Gronkowski,WR,DeVonta Smith,13,159.20000000000002,31.6153266924373,554.2,122.53272727272727,0.2872609166365933,2.4319482071105614
2023,The Big Gronkowski,WR,DK Metcalf,11,141.7,29.521298966827416,554.2,122.53272727272727,0.2556838686394803,2.683754451529765
2023,The Big Gronkowski,WR,Courtland Sutton,5,60.1,15.773500123866947,554.2,122.53272727272727,0.10844460483579935,3.1547000247733896
2023,ThreatLevelMidnight,QB,Baker Mayfield,4,89.58,7.290909090909086,305.38,-4.694545454545457,0.29333944593621064,1.8227272727272714
2023,ThreatLevelMidnight,QB,Trevor Lawrence,10,215.79999999999998,-11.985454545454543,305.38,-4.694545454545457,0.7066605540637894,-1.1985454545454544
2023,ThreatLevelMidnight,RB,Derrick Henry,13,185.28,63.29877581197679,607.48,223.72545454545454,0.3049976953973793,4.8691366009212915
2023,ThreatLevelMidnight,RB,Saquon Barkley,9,138.3,52.7015857554658,607.48,223.72545454545454,0.22766181602686508,5.855731750607311
2023,ThreatLevelMidnight,RB,Alvin Kamara,10,170.1,45.97819619468618,607.48,223.72545454545454,0.28000921841048265,4.597819619468618
2023,ThreatLevelMidnight,RB,Zack Moss,3,49.2,29.081294652328072,607.48,223.72545454545454,0.08099032066899323,9.693764884109358
2023,ThreatLevelMidnight,RB,Raheem Mostert,2,53.7,28.778885651130544,607.48,223.72545454545454,0.08839797194969382,14.389442825565272
2023,ThreatLevelMidnight,RB,Jerome Ford,1,10.9,3.886716479867164,607.48,223.72545454545454,0.017942977546585897,3.886716479867164
2023,ThreatLevelMidnight,TE,Sam LaPorta,4,51.0,17.490909090909085,142.3,24.816363636363633,0.35839775122979617,4.372727272727271
2023,ThreatLevelMidnight,TE,Mark Andrews,9,90.4,11.180000000000003,142.3,24.816363636363633,0.6352775825720309,1.2422222222222226
2023,ThreatLevelMidnight,TE,Isaiah Likely,1,0.9,-3.854545454545455,142.3,24.816363636363633,0.0063246661981728736,-3.854545454545455
2023,ThreatLevelMidnight,WR,Calvin Ridley,8,85.4,-0.3216834033190341,375.3,-72.6309090909091,0.22755129229949375,-0.040210425414879264
2023,ThreatLevelMidnight,WR,George Pickens,3,19.099999999999998,-21.603557714766637,375.3,-72.6309090909091,0.05089261923794297,-7.201185904922212
2023,ThreatLevelMidnight,WR,Chris Olave,9,103.5,-23.890265189804452,375.3,-72.6309090909091,0.27577937649880097,-2.6544739099782726
2023,ThreatLevelMidnight,WR,Brandon Aiyuk,12,167.3,-26.81540278301897,375.3,-72.6309090909091,0.44577671196376234,-2.2346168985849144
2023,Uncle Rico,QB,Justin Fields,2,37.3,-5.194545454545455,283.08,-29.021818181818183,0.1317648721209552,-2.5972727272727276
2023,Uncle Rico,QB,Jordan Love,5,106.86,-10.412727272727274,283.08,-29.021818181818183,0.37749046206019504,-2.0825454545454547
2023,Uncle Rico,QB,Joe Burrow,7,138.92,-13.414545454545452,283.08,-29.021818181818183,0.4907446658188498,-1.916363636363636
2023,Uncle Rico,RB,Joshua Kelley,1,3.9,-3.2536178107606686,296.2,-115.85272727272726,0.013166779203241054,-3.2536178107606686
2023,Uncle Rico,RB,Gus Edwards,4,51.6,-3.533096042085768,296.2,-115.85272727272726,0.17420661715057395,-0.883274010521442
2023,Uncle Rico,RB,Samaje Perine,1,1.6,-9.003636363636362,296.2,-115.85272727272726,0.0054017555705604325,-9.003636363636362
2023,Uncle Rico,RB,Miles Sanders,1,3.4,-19.13272727272727,296.2,-115.85272727272726,0.011478730587440918,-19.13272727272727
2023,Uncle Rico,RB,Alexander Mattison,10,73.1,-35.40345609828934,296.2,-115.85272727272726,0.24679270762997974,-3.540345609828934
2023,Uncle Rico,RB,Josh Jacobs,13,162.6,-45.52619368522785,296.2,-115.85272727272726,0.548953409858204,-3.502014898863681
2023,Uncle Rico,TE,Dalton Kincaid,6,58.199999999999996,3.9163636363636343,93.1,-28.856363636363632,0.6251342642320086,0.6527272727272724
2023,Uncle Rico,TE,Chig Okonkwo,2,7.9,-6.6454545454545455,93.1,-28.856363636363632,0.08485499462943073,-3.3227272727272728
2023,Uncle Rico,TE,Logan Thomas,1,0.7,-6.745454545454544,93.1,-28.856363636363632,0.007518796992481203,-6.745454545454544
2023,Uncle Rico,TE,Hunter Henry,4,24.0,-9.045454545454543,93.1,-28.856363636363632,0.2577873254564984,-2.261363636363636
2023,Uncle Rico,TE,Michael Mayer,1,2.3,-10.336363636363636,93.1,-28.856363636363632,0.024704618689581095,-10.336363636363636
2023,Uncle Rico,WR,Ja'Marr Chase,13,194.82,28.595845569082453,504.02,67.7909090909091,0.3865322804650609,2.199680428390958
2023,Uncle Rico,WR,A.J. Brown,13,210.8,20.03941153895232,504.02,67.7909090909091,0.4182373715328757,1.5414931953040245
2023,Uncle Rico,WR,Gabe Davis,8,44.5,10.783444067901097,504.02,67.7909090909091,0.0882901472163803,1.3479305084876372
2023,Uncle Rico,WR,Tank Dell,4,43.0,6.837878583583009,504.02,67.7909090909091,0.08531407483830007,1.7094696458957523
2023,Uncle Rico,WR,Romeo Doubs,2,10.9,1.5343293313902195,504.02,67.7909090909091,0.021626125947383043,0.7671646656951098
2023,Voldemort,QB,Lamar Jackson,13,291.76,6.390909090909098,314.44,5.189090909090918,0.9278717720391807,0.49160839160839215
2023,Voldemort,QB,Gardner Minshew II,1,22.68,-1.2018181818181795,314.44,5.189090909090918,0.07212822796081923,-1.2018181818181795
2023,Voldemort,RB,Isiah Pacheco,3,52.8,9.873366503009247,404.6,2.4018181818181663,0.13049925852694017,3.2911221676697493
2023,Voldemort,RB,Rachaad White,12,166.0,6.832672074125338,404.6,2.4018181818181663,0.41028175976272857,0.5693893395104449
2023,Voldemort,RB,D'Onta Foreman,4,59.0,4.446862072945722,404.6,2.4018181818181663,0.1458230350963915,1.1117155182364304
2023,Voldemort,RB,Darrell Henderson Jr.,2,15.4,3.8816815356644536,404.6,2.4018181818181663,0.03806228373702422,1.9408407678322268
2023,Voldemort,RB,Nick Chubb,2,21.1,1.8290959375857114,404.6,2.4018181818181663,0.052150271873455264,0.9145479687928557
2023,Voldemort,RB,Zack Moss,2,14.3,1.0335473448881702,404.6,2.4018181818181663,0.03534354918437963,0.5167736724440851
2023,Voldemort,RB,Kareem Hunt,2,23.0,-5.295694674290138,404.6,2.4018181818181663,0.056846267918932276,-2.647847337145069
2023,Voldemort,RB,Jaleel McLaughlin,1,16.4,-9.902685950413222,404.6,2.4018181818181663,0.04053386060306475,-9.902685950413222
2023,Voldemort,RB,Miles Sanders,5,36.6,-10.297026661697117,404.6,2.4018181818181663,0.09045971329708354,-2.0594053323394235
2023,Voldemort,TE,Evan Engram,11,115.8,23.78181818181818,135.8,17.725454545454546,0.8527245949926361,2.16198347107438
2023,Voldemort,TE,Trey McBride,3,20.0,-6.056363636363636,135.8,17.725454545454546,0.14727540500736375,-2.0187878787878786
2023,Voldemort,WR,Noah Brown,2,20.7,8.952338923212709,435.99999999999994,-6.412727272727283,0.04747706422018349,4.4761694616063545
2023,Voldemort,WR,Tyler Lockett,7,75.6,5.859224318359447,435.99999999999994,-6.412727272727283,0.17339449541284405,0.8370320454799209
2023,Voldemort,WR,Christian Watson,1,10.1,0.6831051478641852,435.99999999999994,-6.412727272727283,0.0231651376146789,0.6831051478641852
2023,Voldemort,WR,Zay Flowers,4,43.7,-6.494599211221514,435.99999999999994,-6.412727272727283,0.10022935779816516,-1.6236498028053785
2023,Voldemort,WR,Davante Adams,13,148.7,-6.81437540174744,435.99999999999994,-6.412727272727283,0.34105504587155966,-0.5241827232113415
2023,Voldemort,WR,Puka Nacua,10,137.2,-8.59842104919467,435.99999999999994,-6.412727272727283,0.3146788990825688,-0.859842104919467
2023,malle_dips_pouches,QB,Josh Allen,13,371.28,93.14,392.11999999999995,89.9309090909091,0.9468530041823932,7.164615384615384
2023,malle_dips_pouches,QB,Russell Wilson,1,20.84,-3.2090909090909108,392.11999999999995,89.9309090909091,0.05314699581760686,-3.2090909090909108
2023,malle_dips_pouches,RB,Jerick McKinnon,1,11.2,-0.41771561771561916,300.4,-111.27090909090909,0.037283621837549935,-0.41771561771561916
2023,malle_dips_pouches,RB,Keaontay Ingram,2,6.1,-5.256126482213436,300.4,-111.27090909090909,0.02030625832223702,-2.628063241106718
2023,malle_dips_pouches,RB,James Conner,9,97.7,-20.416627864705724,300.4,-111.27090909090909,0.32523302263648474,-2.268514207189525
2023,malle_dips_pouches,RB,Latavius Murray,3,6.9,-25.401120210635135,300.4,-111.27090909090909,0.0229693741677763,-8.467040070211711
2023,malle_dips_pouches,RB,Joe Mixon,13,178.5,-59.779318915639166,300.4,-111.27090909090909,0.5942077230359522,-4.598409147356859
2023,malle_dips_pouches,TE,Isaiah Likely,1,16.8,5.690909090909091,75.7,-47.83818181818182,0.22192866578599735,5.690909090909091
2023,malle_dips_pouches,TE,Logan Thomas,4,17.3,-18.463636363636365,75.7,-47.83818181818182,0.2285336856010568,-4.615909090909091
2023,malle_dips_pouches,TE,Tyler Higbee,9,41.6,-35.06545454545455,75.7,-47.83818181818182,0.5495376486129459,-3.8961616161616166
2023,malle_dips_pouches,WR,Brandin Cooks,1,4.7,0.7591936312275291,380.1,-67.39454545454544,0.012365167061299658,0.7591936312275291
2023,malle_dips_pouches,WR,Cooper Kupp,9,95.2,-10.86135692273314,380.1,-67.39454545454544,0.2504604051565377,-1.2068174358592378
2023,malle_dips_pouches,WR,Michael Thomas,8,61.5,-12.695448748279176,380.1,-67.39454545454544,0.1617995264404104,-1.586931093534897
2023,malle_dips_pouches,WR,Amari Cooper,12,113.3,-21.727118636009667,380.1,-67.39454545454544,0.29807945277558534,-1.8105932196674723
2023,malle_dips_pouches,WR,Terry McLaurin,12,105.4,-22.86981477875099,380.1,-67.39454545454544,0.2772954485661668,-1.905817898229249
2024,Buttermilk Puuump,QB,Aaron Rodgers,1,18.76,-6.1490909090909085,301.26,-12.801818181818188,0.062271791807740826,-6.1490909090909085
2024,Buttermilk Puuump,QB,Jared Goff,13,282.5,-6.6527272727272795,301.26,-12.801818181818188,0.9377282081922592,-0.5117482517482522
2024,Buttermilk Puuump,RB,Raheem Mostert,5,33.6,-7.769919485868536,308.90000000000003,-136.06545454545454,0.10877306571706052,-1.5539838971737072
2024,Buttermilk Puuump,RB,Tyjae Spears,3,15.4,-8.70897582934457,308.90000000000003,-136.06545454545454,0.049854321786986074,-2.902991943114857
2024,Buttermilk Puuump,RB,Rachaad White,11,114.1,-40.750889004960136,308.90000000000003,-136.06545454545454,0.36937520233085136,-3.704626273178194
2024,Buttermilk Puuump,RB,Najee Harris,12,145.8,-78.8356702252813,308.90000000000003,-136.06545454545454,0.47199741016510194,-6.569639185440109
2024,Buttermilk Puuump,TE,David Njoku,8,81.7,7.563636363636365,113.4,-10.236363636363635,0.7204585537918872,0.9454545454545457
2024,Buttermilk Puuump,TE,Noah Fant,3,21.4,-3.1545454545454557,113.4,-10.236363636363635,0.18871252204585537,-1.051515151515152
2024,Buttermilk Puuump,TE,Mike Gesicki,1,5.0,-5.4,113.4,-10.236363636363635,0.04409171075837742,-5.4
2024,Buttermilk Puuump,TE,Colby Parkinson,2,5.3,-9.245454545454544,113.4,-10.236363636363635,0.04673721340388007,-4.622727272727272
2024,Buttermilk Puuump,WR,Amon-Ra St. Brown,13,187.68,38.16425720404171,487.68,79.52545454545454,0.38484251968503935,2.9357120926185933
2024,Buttermilk Puuump,WR,Jordan Addison,6,78.3,25.62282396515537,487.68,79.52545454545454,0.16055610236220472,4.270470660859228
2024,Buttermilk Puuump,WR,Tyreek Hill,13,144.7,7.949979614733539,487.68,79.52545454545454,0.2967109580052493,0.6115368934410415
2024,Buttermilk Puuump,WR,Keenan Allen,4,49.7,6.62980295198359,487.68,79.52545454545454,0.10191108923884515,1.6574507379958976
2024,Buttermilk Puuump,WR,Jerry Jeudy,3,27.3,1.1585908095403257,487.68,79.52545454545454,0.055979330708661415,0.3861969365134419
2024,Ginger FC 🏆🏆,QB,Jordan Love,10,229.14,-2.7618181818181977,299.79999999999995,-14.394545454545467,0.7643095396931289,-0.27618181818181975
2024,Ginger FC 🏆🏆,QB,Kirk Cousins,4,70.66,-11.63272727272727,299.79999999999995,-14.394545454545467,0.23569046030687127,-2.9081818181818173
2024,Ginger FC 🏆🏆,RB,Kareem Hunt,6,75.2,10.089026124549964,415.8,-19.447272727272694,0.18085618085618085,1.6815043540916605
2024,Ginger FC 🏆🏆,RB,Christian McCaffrey,4,40.3,9.433204454039952,415.8,-19.447272727272694,0.09692159692159691,2.358301113509988
2024,Ginger FC 🏆🏆,RB,Nick Chubb,5,44.0,8.319672491301256,415.8,-19.447272727272694,0.10582010582010581,1.6639344982602513
2024,Ginger FC 🏆🏆,RB,Kyle Juszczyk,1,5.0,-1.879406307977737,415.8,-19.447272727272694,0.012025012025012025,-1.879406307977737
2024,Ginger FC 🏆🏆,RB,Roschon Johnson,1,4.3,-1.9606217616580304,415.8,-19.447272727272694,0.01034151034151034,-1.9606217616580304
2024,Ginger FC 🏆🏆,RB,De'Von Achane,13,198.9,-4.014605738549697,415.8,-19.447272727272694,0.47835497835497837,-0.3088158260422844
2024,Ginger FC 🏆🏆,RB,Alexander Mattison,5,48.1,-39.4345419889784,415.8,-19.447272727272694,0.11568061568061568,-7.886908397795681
2024,Ginger FC 🏆🏆,TE,Cade Otton,7,80.7,9.5,135.3,13.654545454545453,0.5964523281596452,1.3571428571428572
2024,Ginger FC 🏆🏆,TE,Dallas Goedert,7,54.599999999999994,4.154545454545453,135.3,13.654545454545453,0.40354767184035467,0.5935064935064933
2024,Ginger FC 🏆🏆,WR,Amari Cooper,3,37.6,3.355570084548022,332.32,-89.95818181818184,0.11314395763119885,1.1185233615160073
2024,Ginger FC 🏆🏆,WR,Brandon Aiyuk,6,31.2,0.30877515599042893,332.32,-89.95818181818184,0.09388541165142032,0.05146252599840482
2024,Ginger FC 🏆🏆,WR,Dontayvion Wicks,1,0.0,0.0,332.32,-89.95818181818184,0.0,0.0
2024,Ginger FC 🏆🏆,WR,Deebo Samuel Sr.,3,32.7,-1.8703417239531357,332.32,-89.95818181818184,0.09839913336543092,-0.6234472413177119
2024,Ginger FC 🏆🏆,WR,Stefon Diggs,8,98.42,-5.56839561682502,332.32,-89.95818181818184,0.29616032739528164,-0.6960494521031275
2024,Ginger FC 🏆🏆,WR,DeMario Douglas,2,12.8,-19.28155467720685,332.32,-89.95818181818184,0.038517091959557055,-9.640777338603424
2024,Ginger FC 🏆🏆,WR,Quentin Johnston,4,34.5,-20.66056078186029,332.32,-89.95818181818184,0.10381559942224362,-5.165140195465073
2024,Ginger FC 🏆🏆,WR,Brian Thomas Jr.,8,85.1,-46.241674258874994,332.32,-89.95818181818184,0.2560784785748676,-5.780209282359374
2024,Joe Mantegna,QB,Tua Tagovailoa,5,121.06,5.372727272727264,284.08000000000004,-31.543636363636374,0.4261475640664601,1.074545454545453
2024,Joe Mantegna,QB,Brock Purdy,1,21.36,-3.4254545454545458,284.08000000000004,-31.543636363636374,0.07519008729935228,-3.4254545454545458
2024,Joe Mantegna,QB,Justin Herbert,1,14.76,-7.027272727272729,284.08000000000004,-31.543636363636374,0.051957195156293996,-7.027272727272729
2024,Joe Mantegna,QB,Dak Prescott,7,126.9,-26.46363636363636,284.08000000000004,-31.543636363636374,0.4467051534778935,-3.78051948051948
2024,Joe Mantegna,RB,Bucky Irving,4,70.0,-0.6173564919096854,390.5,-47.04727272727272,0.1792573623559539,-0.15433912297742136
2024,Joe Mantegna,RB,Jerome Ford,2,9.100000000000001,-1.9444859056007024,390.5,-47.04727272727272,0.02330345710627401,-0.9722429528003512
2024,Joe Mantegna,RB,Breece Hall,10,132.7,-7.972310450239713,390.5,-47.04727272727272,0.339820742637644,-0.7972310450239714
2024,Joe Mantegna,RB,James Cook III,12,178.7,-36.51311987952262,390.5,-47.04727272727272,0.457618437900128,-3.0427599899602185
2024,Joe Mantegna,TE,Jonnu Smith,1,6.0,1.5356643356643354,84.8,-41.43636363636364,0.07075471698113207,1.5356643356643354
2024,Joe Mantegna,TE,Jordan Akins,1,1.5,-5.5,84.8,-41.43636363636364,0.01768867924528302,-5.5
2024,Joe Mantegna,TE,Dalton Schultz,1,3.0,-7.581818181818182,84.8,-41.43636363636364,0.03537735849056604,-7.581818181818182
2024,Joe Mantegna,TE,Evan Engram,9,66.0,-13.608391608391612,84.8,-41.43636363636364,0.7783018867924528,-1.5120435120435125
2024,Joe Mantegna,TE,Hunter Henry,3,8.3,-16.28181818181818,84.8,-41.43636363636364,0.09787735849056604,-5.427272727272727
2024,Joe Mantegna,WR,Garrett Wilson,11,137.20000000000002,22.53596169324074,465.2,55.00181818181819,0.294926913155632,2.0487237902946127
2024,Joe Mantegna,WR,Nico Collins,8,131.7,22.284178992713677,465.2,55.00181818181819,0.28310404127257094,2.7855223740892097
2024,Joe Mantegna,WR,George Pickens,13,127.9,17.263252200413014,465.2,55.00181818181819,0.2749355116079106,1.3279424769548471
2024,Joe Mantegna,WR,Jakobi Meyers,1,14.5,4.497946524064171,465.2,55.00181818181819,0.03116938950988822,4.497946524064171
2024,Joe Mantegna,WR,Wan'Dale Robinson,4,20.8,4.229400243905063,465.2,55.00181818181819,0.04471195184866724,1.0573500609762658
2024,Joe Mantegna,WR,Demarcus Robinson,1,0.0,0.0,465.2,55.00181818181819,0.0,0.0
2024,Joe Mantegna,WR,Malik Nabers,3,33.1,-15.808921472518477,465.2,55.00181818181819,0.07115219260533104,-5.2696404908394925
2024,Malle ❤️ 🐸,QB,Jalen Hurts,13,319.48,33.68909090909091,336.54,25.685454545454544,0.9493076603078386,2.5914685314685313
2024,Malle ❤️ 🐸,QB,Brock Purdy,1,17.06,-8.003636363636364,336.54,25.685454545454544,0.0506923396921614,-8.003636363636364
2024,Malle ❤️ 🐸,RB,Breece Hall,2,33.6,13.393680656082994,397.9,-38.97454545454545,0.08444332746921338,6.696840328041497
2024,Malle ❤️ 🐸,RB,Cam Akers,1,11.7,-2.097863426895685,397.9,-38.97454545454545,0.029404372958029657,-2.097863426895685
2024,Malle ❤️ 🐸,RB,Tank Bigsby,1,12.7,-3.757598121435758,397.9,-38.97454545454545,0.03191756722794672,-3.757598121435758
2024,Malle ❤️ 🐸,RB,Zamir White,5,16.2,-5.246213140933247,397.9,-38.97454545454545,0.040713747172656446,-1.0492426281866494
2024,Malle ❤️ 🐸,RB,Jaleel McLaughlin,7,38.2,-15.054365829671635,397.9,-38.97454545454545,0.09600402111083188,-2.1506236899530906
2024,Malle ❤️ 🐸,RB,Saquon Barkley,13,285.5,-26.21218559169212,397.9,-38.97454545454545,0.7175169640613219,-2.0163219685917015
2024,Malle ❤️ 🐸,TE,George Kittle,11,156.0,74.78079088436544,198.7,82.81818181818183,0.7851031706089583,6.798253716760495
2024,Malle ❤️ 🐸,TE,Cole Kmet,7,42.7,8.037390933816383,198.7,82.81818181818183,0.2148968293910418,1.148198704830912
2024,Malle ❤️ 🐸,WR,Malik Nabers,8,109.0,7.92722932808406,354.6,-65.65272727272729,0.3073886068809926,0.9909036660105075
2024,Malle ❤️ 🐸,WR,Rashid Shaheed,5,55.0,7.741912041097049,354.6,-65.65272727272729,0.1551043429216018,1.5483824082194098
2024,Malle ❤️ 🐸,WR,Adam Thielen,1,6.4,-5.651441241685148,354.6,-65.65272727272729,0.018048505358150026,-5.651441241685148
2024,Malle ❤️ 🐸,WR,Ray-Ray McCloud III,2,9.5,-17.139707419017768,354.6,-65.65272727272729,0.026790750141003947,-8.569853709508884
2024,Malle ❤️ 🐸,WR,Tyler Lockett,10,63.3,-24.767247341441724,354.6,-65.65272727272729,0.1785109983079526,-2.4767247341441725
2024,Malle ❤️ 🐸,WR,Marvin Harrison Jr.,11,111.4,-33.76347263976376,354.6,-65.65272727272729,0.3141567963902989,-3.0694066036148873
2024,Patty Primetimes,QB,Jayden Daniels,10,224.1,-2.510909090909097,298.4,-15.92181818181819,0.751005361930295,-0.2510909090909097
2024,Patty Primetimes,QB,Jameis Winston,1,21.28,-6.490909090909092,298.4,-15.92181818181819,0.07131367292225202,-6.490909090909092
2024,Patty Primetimes,QB,Anthony Richardson Sr.,3,53.019999999999996,-6.920000000000002,298.4,-15.92181818181819,0.17768096514745307,-2.306666666666667
2024,Patty Primetimes,RB,Isaac Guerendo,1,25.8,10.387012987012987,405.7,-30.46545454545453,0.06359378851368007,10.387012987012987
2024,Patty Primetimes,RB,Tank Bigsby,4,61.199999999999996,5.171863397508306,405.7,-30.46545454545453,0.15085038205570617,1.2929658493770766
2024,Patty Primetimes,RB,Samaje Perine,1,5.5,0.3147590361445786,405.7,-30.46545454545453,0.013556815380823269,0.3147590361445786
2024,Patty Primetimes,RB,Tyrone Tracy Jr.,3,35.4,-9.116826095236842,405.7,-30.46545454545453,0.08725659354202613,-3.038942031745614
2024,Patty Primetimes,RB,Aaron Jones Sr.,13,168.0,-17.126634963998637,405.7,-30.46545454545453,0.4140990879960562,-1.3174334587691259
2024,Patty Primetimes,RB,Tony Pollard,9,109.8,-20.095628906884926,405.7,-30.46545454545453,0.27064333251170813,-2.2328476563205473
2024,Patty Primetimes,TE,Travis Kelce,13,118.3,5.809090909090908,123.0,0.23636363636363455,0.9617886178861789,0.44685314685314675
2024,Patty Primetimes,TE,Dalton Schultz,1,4.7,-5.572727272727273,123.0,0.23636363636363455,0.03821138211382114,-5.572727272727273
2024,Patty Primetimes,WR,CeeDee Lamb,13,176.8,44.85374825921586,533.7,129.72909090909087,0.3312722503278996,3.4502883276319896
2024,Patty Primetimes,WR,Cooper Kupp,9,134.2,43.47260264218637,533.7,129.72909090909087,0.2514521266629192,4.830289182465152
2024,Patty Primetimes,WR,Terry McLaurin,11,164.4,27.825491566492374,533.7,129.72909090909087,0.30803822372119166,2.5295901424083977
2024,Patty Primetimes,WR,Xavier Worthy,5,52.0,11.829845843793672,533.7,129.72909090909087,0.0974330148023234,2.3659691687587343
2024,Patty Primetimes,WR,Ladd McConkey,1,6.3,1.7474025974025975,533.7,129.72909090909087,0.011804384485666104,1.7474025974025975
2024,Pop Lockett Drop it,QB,Will Levis,1,7.02,-22.047272727272727,226.60000000000002,-94.24909090909091,0.030979699911738743,-22.047272727272727
2024,Pop Lockett Drop it,QB,C.J. Stroud,13,219.58,-72.20181818181818,226.60000000000002,-94.24909090909091,0.9690203000882612,-5.553986013986014
2024,Pop Lockett Drop it,RB,Bijan Robinson,13,220.3,32.12250039507119,501.62,74.17454545454545,0.4391770663051713,2.47096156885163
2024,Pop Lockett Drop it,RB,David Montgomery,13,200.22,23.517763554273174,501.62,74.17454545454545,0.39914676448307485,1.8090587349440903
2024,Pop Lockett Drop it,RB,Rico Dowdle,7,74.4,22.840056233617332,501.62,74.17454545454545,0.14831944499820582,3.2628651762310477
2024,Pop Lockett Drop it,RB,Zack Moss,1,6.7,-4.305774728416241,501.62,74.17454545454545,0.013356724213548105,-4.305774728416241
2024,Pop Lockett Drop it,TE,Trey McBride,12,137.29999999999998,29.090909090909086,142.7,21.72727272727272,0.9621583742116327,2.424242424242424
2024,Pop Lockett Drop it,TE,Dalton Schultz,1,5.8,-0.8363636363636369,142.7,21.72727272727272,0.04064470918009811,-0.8363636363636369
2024,Pop Lockett Drop it,TE,Mike Gesicki,1,-0.4,-6.527272727272728,142.7,21.72727272727272,-0.0028030833917309043,-6.527272727272728
2024,Pop Lockett Drop it,WR,Jayden Reed,11,131.6,20.287164532174856,400.4,-15.68909090909091,0.3286713286713287,1.8442876847431686
2024,Pop Lockett Drop it,WR,Rome Odunze,1,6.5,0.9964945080626312,400.4,-15.68909090909091,0.016233766233766236,0.9964945080626312
2024,Pop Lockett Drop it,WR,Jameson Williams,5,43.7,-7.6448428799813755,400.4,-15.68909090909091,0.10914085914085915,-1.528968575996275
2024,Pop Lockett Drop it,WR,Mike Evans,10,122.5,-9.246489453002035,400.4,-15.68909090909091,0.30594405594405594,-0.9246489453002035
2024,Pop Lockett Drop it,WR,DeVonta Smith,9,96.1,-20.081417616344986,400.4,-15.68909090909091,0.24000999000999002,-2.2312686240383317
2024,Post Mahomes,QB,Lamar Jackson,13,382.4,105.41999999999999,402.41999999999996,97.55454545454543,0.9502509815615526,8.109230769230768
2024,Post Mahomes,QB,Russell Wilson,1,20.02,-7.865454545454547,402.41999999999996,97.55454545454543,0.049749018438447395,-7.865454545454547
2024,Post Mahomes,RB,Kyren Williams,13,208.8,39.0928313919229,496.1,68.15272727272729,0.4208828865148156,3.0071408763017615
2024,Post Mahomes,RB,Jahmyr Gibbs,13,219.8,16.904525865550752,496.1,68.15272727272729,0.44305583551703287,1.300348143503904
2024,Post Mahomes,RB,Isiah Pacheco,4,40.9,8.104351267985018,496.1,68.15272727272729,0.08244305583551703,2.0260878169962546
2024,Post Mahomes,RB,Kareem Hunt,1,18.2,4.744359255202629,496.1,68.15272727272729,0.036686151985486797,4.744359255202629
2024,Post Mahomes,RB,Jaylen Warren,1,8.5,0.7514106583072107,496.1,68.15272727272729,0.017133642410804274,0.7514106583072107
2024,Post Mahomes,RB,Carson Steele,1,-0.9,-0.22242261759688037,496.1,68.15272727272729,-0.0018141503729086877,-0.22242261759688037
2024,Post Mahomes,RB,Braelon Allen,1,0.8,-1.2223285486443378,496.1,68.15272727272729,0.001612578109252167,-1.2223285486443378
2024,Post Mahomes,TE,Brock Bowers,13,162.2,61.66772068511199,188.29999999999998,71.47272727272727,0.8613913967073819,4.743670821931691
2024,Post Mahomes,TE,T.J. Hockenson,2,26.1,9.805006587615283,188.29999999999998,71.47272727272727,0.13860860329261818,4.902503293807642
2024,Post Mahomes,WR,Darnell Mooney,7,102.6,4.482453521605178,368.4,-50.598181818181835,0.2785016286644951,0.640350503086454
2024,Post Mahomes,WR,Michael Pittman Jr.,5,28.4,1.4205496710814416,368.4,-50.598181818181835,0.07709011943539631,0.28410993421628833
2024,Post Mahomes,WR,Amari Cooper,1,0.8,-0.021298701298701317,368.4,-50.598181818181835,0.002171552660152009,-0.021298701298701317
2024,Post Mahomes,WR,Cedric Tillman,3,24.5,-5.453169500690981,368.4,-50.598181818181835,0.06650380021715527,-1.8177231668969938
2024,Post Mahomes,WR,Deebo Samuel Sr.,7,48.6,-12.262305461999954,368.4,-50.598181818181835,0.13192182410423453,-1.7517579231428506
2024,Post Mahomes,WR,Rashee Rice,4,52.900000000000006,-18.03463083767231,368.4,-50.598181818181835,0.1435939196525516,-4.5086577094180775
2024,Post Mahomes,WR,Tee Higgins,8,110.6,-20.72978050920651,368.4,-50.598181818181835,0.3002171552660152,-2.5912225636508137
2024,The Big Gronkowski,QB,Joe Burrow,12,334.82,69.83454545454546,364.68,56.38363636363637,0.9181199956125918,5.819545454545455
2024,The Big Gronkowski,QB,Matthew Stafford,2,29.86,-13.450909090909096,364.68,56.38363636363637,0.08188000438740814,-6.725454545454548
2024,The Big Gronkowski,RB,Braelon Allen,1,0.6,-1.0216600790513832,330.90000000000003,-112.06545454545454,0.0018132366273798729,-1.0216600790513832
2024,The Big Gronkowski,RB,Tyler Allgeier,1,5.9,-1.7316883116883108,330.90000000000003,-112.06545454545454,0.01783016016923542,-1.7316883116883108
2024,The Big Gronkowski,RB,Ameer Abdullah,2,15.3,-13.073984085210439,330.90000000000003,-112.06545454545454,0.04623753399818676,-6.5369920426052195
2024,The Big Gronkowski,RB,Javonte Williams,12,92.80000000000001,-17.58384132354464,330.90000000000003,-112.06545454545454,0.2804472650347537,-1.4653201102953866
2024,The Big Gronkowski,RB,Alvin Kamara,13,216.3,-78.65428074595977,330.90000000000003,-112.06545454545454,0.6536718041704442,-6.050329288150751
2024,The Big Gronkowski,TE,Isaiah Likely,4,7.2,-27.736363636363638,55.800000000000004,-73.07272727272728,0.12903225806451613,-6.9340909090909095
2024,The Big Gronkowski,TE,Jake Ferguson,10,48.6,-45.336363636363636,55.800000000000004,-73.07272727272728,0.8709677419354839,-4.533636363636363
2024,The Big Gronkowski,WR,Justin Jefferson,13,197.68,19.020602862519787,467.48,57.48909090909091,0.4228630101822538,1.4631232971169068
2024,The Big Gronkowski,WR,DJ Moore,13,140.79999999999998,18.384578197868482,467.48,57.48909090909091,0.3011893556943612,1.4141983229129602
2024,The Big Gronkowski,WR,Chris Olave,7,46.0,12.132321995709852,467.48,57.48909090909091,0.0983999315478737,1.733188856529979
2024,The Big Gronkowski,WR,Jaxon Smith-Njigba,7,82.0,7.9463816054957945,467.48,57.48909090909091,0.17540857362881834,1.135197372213685
2024,The Big Gronkowski,WR,Christian Watson,1,1.0,0.005206247496996199,467.48,57.48909090909091,0.0021391289466929065,0.005206247496996199
2024,ThreatLevelMidnight,QB,Justin Herbert,2,46.0,-3.072727272727274,285.62,-29.863636363636374,0.16105314753868777,-1.536363636363637
2024,ThreatLevelMidnight,QB,Baker Mayfield,4,87.14,-5.612727272727275,285.62,-29.863636363636374,0.30509067992437505,-1.4031818181818188
2024,ThreatLevelMidnight,QB,Kyler Murray,8,152.48,-21.178181818181823,285.62,-29.863636363636374,0.5338561725369372,-2.647272727272728
2024,ThreatLevelMidnight,RB,Josh Jacobs,13,214.8,31.068690980779575,508.6,81.78909090909093,0.4223358238301219,2.3898993062138136
2024,ThreatLevelMidnight,RB,James Conner,13,175.6,27.463676610574897,508.6,81.78909090909093,0.3452615021627998,2.1125905085057615
2024,ThreatLevelMidnight,RB,Jordan Mason,6,68.5,10.267076633095614,508.6,81.78909090909093,0.13468344475029492,1.7111794388492692
2024,ThreatLevelMidnight,RB,Jaylen Warren,2,22.1,9.550384405173988,508.6,81.78909090909093,0.043452615021628,4.775192202586994
2024,ThreatLevelMidnight,RB,Jerome Ford,1,15.9,4.676093529530337,508.6,81.78909090909093,0.03126228863546992,4.676093529530337
2024,ThreatLevelMidnight,RB,Gus Edwards,1,3.8,-0.011480362537763697,508.6,81.78909090909093,0.0074714903657097905,-0.011480362537763697
2024,ThreatLevelMidnight,RB,Braelon Allen,1,3.9,-0.5295742232451088,508.6,81.78909090909093,0.00766810853322847,-0.5295742232451088
2024,ThreatLevelMidnight,RB,Audric Estime,1,4.0,-0.6957766642806013,508.6,81.78909090909093,0.007864726700747149,-0.6957766642806013
2024,ThreatLevelMidnight,TE,Tucker Kraft,6,70.1,9.218181818181819,123.39999999999999,0.6727272727272684,0.5680713128038898,1.5363636363636364
2024,ThreatLevelMidnight,TE,Sam LaPorta,8,53.3,-8.54545454545455,123.39999999999999,0.6727272727272684,0.4319286871961102,-1.0681818181818188
2024,ThreatLevelMidnight,WR,Ja'Marr Chase,13,270.9,35.5142212172443,438.79999999999995,26.20181818181815,0.6173655423883319,2.731863170557254
2024,ThreatLevelMidnight,WR,Ricky Pearsall,3,15.3,10.625601131541725,438.79999999999995,26.20181818181815,0.034867821330902465,3.5418670438472417
2024,ThreatLevelMidnight,WR,Xavier Legette,2,17.4,0.5528367439918584,438.79999999999995,26.20181818181815,0.03965360072926162,0.2764183719959292
2024,ThreatLevelMidnight,WR,Chris Godwin Jr.,4,55.4,0.2329990257330561,438.79999999999995,26.20181818181815,0.12625341841385598,0.05824975643326402
2024,ThreatLevelMidnight,WR,Keon Coleman,1,4.6,-1.2628058361391694,438.79999999999995,26.20181818181815,0.010483135824977211,-1.2628058361391694
2024,ThreatLevelMidnight,WR,Jalen McMillan,1,7.2,-1.8984651711924425,438.79999999999995,26.20181818181815,0.016408386508659983,-1.8984651711924425
2024,ThreatLevelMidnight,WR,DK Metcalf,8,68.0,-17.562568929361174,438.79999999999995,26.20181818181815,0.15496809480401094,-2.1953211161701467
2024,Uncle Rico,QB,Geno Smith,1,16.48,-7.963636363636361,284.54,-31.04181818181819,0.057918043157376815,-7.963636363636361
2024,Uncle Rico,QB,Patrick Mahomes,13,268.06,-23.07818181818183,284.54,-31.04181818181819,0.9420819568426231,-1.7752447552447561
2024,Uncle Rico,RB,Zach Charbonnet,3,66.9,22.65407511542262,483.4,54.29818181818183,0.13839470417873398,7.551358371807541
2024,Uncle Rico,RB,Derrick Henry,13,247.7,21.794965943874665,483.4,54.29818181818183,0.5124120810922631,1.6765358418365126
2024,Uncle Rico,RB,Devin Singletary,4,42.3,9.393037385036553,483.4,54.29818181818183,0.0875051717004551,2.3482593462591383
2024,Uncle Rico,RB,D'Andre Swift,11,123.5,1.2349021923579961,483.4,54.29818181818183,0.2554820024824162,0.11226383566890874
2024,Uncle Rico,RB,Austin Ekeler,1,3.0,-0.7787988185100099,483.4,54.29818181818183,0.006206040546131568,-0.7787988185100099
2024,Uncle Rico,TE,Mark Andrews,13,112.9,-1.5545454545454565,117.5,-5.763636363636367,0.9608510638297872,-0.11958041958041973
2024,Uncle Rico,TE,Noah Gray,1,4.6,-4.209090909090911,117.5,-5.763636363636367,0.03914893617021276,-4.209090909090911
2024,Uncle Rico,WR,Tank Dell,9,72.7,5.505343316230658,380.79999999999995,-37.0709090909091,0.19091386554621853,0.6117048129145176
2024,Uncle Rico,WR,Xavier Legette,1,4.9,1.9072118826055833,380.79999999999995,-37.0709090909091,0.012867647058823532,1.9072118826055833
2024,Uncle Rico,WR,Davante Adams,9,104.1,-10.053553923209087,380.79999999999995,-37.0709090909091,0.2733718487394958,-1.117061547023232
2024,Uncle Rico,WR,Jauan Jennings,6,54.4,-15.975310481206172,380.79999999999995,-37.0709090909091,0.14285714285714288,-2.6625517468676954
2024,Uncle Rico,WR,Zay Flowers,13,144.7,-18.454599885330083,380.79999999999995,-37.0709090909091,0.37998949579831937,-1.4195846065638524
2024,Voldemort,QB,Josh Allen,13,354.62,71.93636363636364,378.04,70.95818181818183,0.9380488837160088,5.533566433566434
2024,Voldemort,QB,Bo Nix,1,23.42,-0.9781818181818167,378.04,70.95818181818183,0.061951116283991116,-0.9781818181818167
2024,Voldemort,RB,Jonathan Taylor,10,135.2,33.16548750514853,555.1,132.51636363636365,0.243559718969555,3.3165487505148534
2024,Voldemort,RB,Chuba Hubbard,6,98.5,27.359293646159514,555.1,132.51636363636365,0.17744550531435777,4.559882274359919
2024,Voldemort,RB,Kenneth Walker III,9,116.7,22.06603539100508,555.1,132.51636363636365,0.2102323905602594,2.4517817101116757
2024,Voldemort,RB,J.K. Dobbins,7,81.0,19.614486744501434,555.1,132.51636363636365,0.14591965411637542,2.8020695349287763
2024,Voldemort,RB,Chase Brown,4,73.5,15.719584879124177,555.1,132.51636363636365,0.13240857503152584,3.9298962197810443
2024,Voldemort,RB,Travis Etienne Jr.,5,50.2,14.591475470424918,555.1,132.51636363636365,0.0904341560079265,2.9182950940849834
2024,Voldemort,TE,Dawson Knox,1,6.0,-0.6181818181818182,80.19999999999999,-46.45454545454545,0.0748129675810474,-0.6181818181818182
2024,Voldemort,TE,Will Dissly,3,9.6,-21.472727272727273,80.19999999999999,-46.45454545454545,0.11970074812967582,-7.157575757575757
2024,Voldemort,TE,Dalton Kincaid,10,64.6,-24.363636363636367,80.19999999999999,-46.45454545454545,0.8054862842892768,-2.4363636363636365
2024,Voldemort,WR,DeAndre Hopkins,2,11.5,-3.777366856270967,311.3,-112.88909090909092,0.03694185672984259,-1.8886834281354834
2024,Voldemort,WR,Khalil Shakir,4,51.6,-5.347537373625951,311.3,-112.88909090909092,0.1657565049791198,-1.3368843434064877
2024,Voldemort,WR,DeMario Douglas,1,2.4,-10.240316205533595,311.3,-112.88909090909092,0.007709604882749759,-10.240316205533595
2024,Voldemort,WR,Puka Nacua,8,125.3,-10.8139113063189,311.3,-112.88909090909092,0.4025056215868936,-1.3517389132898625
2024,Voldemort,WR,Dontayvion Wicks,2,4.4,-12.43938763938764,311.3,-112.88909090909092,0.014134275618374558,-6.21969381969382
2024,Voldemort,WR,Calvin Ridley,8,74.9,-27.42963201623175,311.3,-112.88909090909092,0.24060391904914874,-3.4287040020289687
2024,Voldemort,WR,Diontae Johnson,4,41.2,-42.84093951172213,311.3,-112.88909090909092,0.13234821715387088,-10.710234877930532
2024,malle_dips_pouches,QB,Sam Darnold,6,149.62,9.292727272727275,293.96000000000004,-20.765454545454553,0.5089808137161518,1.548787878787879
2024,malle_dips_pouches,QB,Justin Herbert,1,16.0,-2.043636363636363,293.96000000000004,-20.765454545454553,0.05442917403728398,-2.043636363636363
2024,malle_dips_pouches,QB,Caleb Williams,7,128.34,-28.014545454545463,293.96000000000004,-20.765454545454553,0.43659001224656413,-4.002077922077923
2024,malle_dips_pouches,RB,Joe Mixon,10,198.6,15.459678092371348,409.0,-26.865454545454536,0.48557457212713934,1.5459678092371347
2024,malle_dips_pouches,RB,Antonio Gibson,2,11.899999999999999,-0.8784730470534486,409.0,-26.865454545454536,0.029095354523227382,-0.4392365235267243
2024,malle_dips_pouches,RB,Tyler Allgeier,1,12.3,-4.025454545454545,409.0,-26.865454545454536,0.030073349633251836,-4.025454545454545
2024,malle_dips_pouches,RB,Isaiah Davis,1,14.2,-4.6472727272727266,409.0,-26.865454545454536,0.034718826405867965,-4.6472727272727266
2024,malle_dips_pouches,RB,Rhamondre Stevenson,7,74.0,-7.727493489691252,409.0,-26.865454545454536,0.18092909535452323,-1.1039276413844645
2024,malle_dips_pouches,RB,Brian Robinson,8,98.0,-25.046438828353914,409.0,-26.865454545454536,0.2396088019559902,-3.130804853544239
2024,malle_dips_pouches,TE,Sam LaPorta,3,25.4,-4.2363636363636346,110.30000000000001,-13.618181818181814,0.23028105167724383,-1.4121212121212114
2024,malle_dips_pouches,TE,Kyle Pitts Sr.,11,84.9,-9.38181818181818,110.30000000000001,-13.618181818181814,0.7697189483227561,-0.8528925619834709
2024,malle_dips_pouches,WR,A.J. Brown,10,131.6,19.38217630767217,436.7,23.910909090909076,0.30135104190519807,1.9382176307672172
2024,malle_dips_pouches,WR,Drake London,13,159.8,5.650041589661802,436.7,23.910909090909076,0.3659262651705977,0.4346185838201386
2024,malle_dips_pouches,WR,Josh Downs,5,39.0,2.431526577639464,436.7,23.910909090909076,0.08930615983512709,0.4863053155278928
2024,malle_dips_pouches,WR,Christian Watson,1,0.0,0.0,436.7,23.910909090909076,0.0,0.0
2024,malle_dips_pouches,WR,Courtland Sutton,7,58.6,-0.18294348700979768,436.7,23.910909090909076,0.13418822990611404,-0.026134783858542527
2024,malle_dips_pouches,WR,Jaylen Waddle,5,47.699999999999996,-3.369891897054565,436.7,23.910909090909076,0.10922830318296313,-0.673978379410913
2025,Buttermilk Puuump,QB,Jordan Love,4,73.82,-6.939999999999998,289.32,-15.932727272727268,0.25515000691276096,-1.7349999999999994
2025,Buttermilk Puuump,QB,Jared Goff,10,215.5,-8.99272727272727,289.32,-15.932727272727268,0.7448499930872391,-0.899272727272727
2025,Buttermilk Puuump,RB,Josh Jacobs,12,192.3,5.200786605217378,428.86,6.869090909090912,0.4483980786270578,0.43339888376811486
2025,Buttermilk Puuump,RB,Breece Hall,13,159.76,1.8856727007013894,428.86,6.869090909090912,0.3725225015156461,0.14505174620779918
2025,Buttermilk Puuump,RB,Nick Chubb,4,32.7,1.7093276396824955,428.86,6.869090909090912,0.07624865923611436,0.42733190992062386
2025,Buttermilk Puuump,RB,Aaron Jones Sr.,5,44.1,-1.9266960365103518,428.86,6.869090909090912,0.10283076062118174,-0.3853392073020704
2025,Buttermilk Puuump,TE,Evan Engram,3,16.6,-10.31818181818182,101.6,-30.03636363636363,0.16338582677165356,-3.43939393939394
2025,Buttermilk Puuump,TE,Kyle Pitts Sr.,11,85.0,-19.71818181818181,101.6,-30.03636363636363,0.8366141732283465,-1.7925619834710738
2025,Buttermilk Puuump,WR,Amon-Ra St. Brown,13,193.0,26.27971090496365,471.40000000000003,52.390909090909076,0.4094187526516758,2.0215162234587423
2025,Buttermilk Puuump,WR,George Pickens,11,166.70000000000002,20.31270433318107,471.40000000000003,52.390909090909076,0.3536274925753076,1.8466094848346428
2025,Buttermilk Puuump,WR,Travis Hunter,1,20.1,6.717802239514143,471.40000000000003,52.390909090909076,0.04263894781501909,6.717802239514143
2025,Buttermilk Puuump,WR,Darius Slayton,2,13.7,3.097158196171776,471.40000000000003,52.390909090909076,0.02906236741620704,1.548579098085888
2025,Buttermilk Puuump,WR,Deebo Samuel Sr.,9,77.9,-4.016466582921559,471.40000000000003,52.390909090909076,0.16525243954179042,-0.4462740647690622
2025,Ginger FC 🏆🏆,QB,Justin Herbert,13,286.14,2.9036363636363767,298.76,-5.6345454545454405,0.9577587361092516,0.22335664335664435
2025,Ginger FC 🏆🏆,QB,Joe Flacco,1,12.62,-8.538181818181817,298.76,-5.6345454545454405,0.04224126389074843,-8.538181818181817
2025,Ginger FC 🏆🏆,RB,Derrick Henry,13,181.0,51.312114700602585,540.5,128.6581818181818,0.3348751156336725,3.947085746200199
2025,Ginger FC 🏆🏆,RB,De'Von Achane,13,244.4,49.248568786608026,540.5,128.6581818181818,0.45217391304347826,3.7883514451236944
2025,Ginger FC 🏆🏆,RB,Travis Etienne Jr.,9,115.1,28.097498330971188,540.5,128.6581818181818,0.2129509713228492,3.1219442589967987
2025,Ginger FC 🏆🏆,TE,Juwan Johnson,6,58.4,0.018181818181815856,92.0,-40.509090909090915,0.6347826086956522,0.0030303030303026426
2025,Ginger FC 🏆🏆,TE,Mark Andrews,8,33.6,-40.52727272727273,92.0,-40.509090909090915,0.3652173913043478,-5.065909090909091
2025,Ginger FC 🏆🏆,WR,Chris Olave,7,94.1,14.538785112572196,436.1,13.881818181818186,0.21577619811969728,2.076969301796028
2025,Ginger FC 🏆🏆,WR,Michael Pittman Jr.,3,38.4,10.780312727820725,436.1,13.881818181818186,0.08805319880761292,3.5934375759402415
2025,Ginger FC 🏆🏆,WR,DeVonta Smith,8,76.8,10.024473123060373,436.1,13.881818181818186,0.17610639761522584,1.2530591403825466
2025,Ginger FC 🏆🏆,WR,Tyreek Hill,4,43.0,-6.0689890437787755,436.1,13.881818181818186,0.09860123824810822,-1.5172472609446939
2025,Ginger FC 🏆🏆,WR,Davante Adams,13,183.8,-15.392763737856331,436.1,13.881818181818186,0.42146296720935567,-1.1840587490658716
2025,Joe Mantegna,QB,Bo Nix,13,277.56,-6.456363636363635,289.88,-15.321818181818179,0.9574996550296675,-0.49664335664335657
2025,Joe Mantegna,QB,Brock Purdy,1,12.32,-8.865454545454543,289.88,-15.321818181818179,0.04250034497033255,-8.865454545454543
2025,Joe Mantegna,RB,Tony Pollard,3,39.0,-2.0853926543917414,273.5,-162.61454545454544,0.1425959780621572,-0.6951308847972472
2025,Joe Mantegna,RB,Bam Knight,1,5.7,-8.039364518976168,273.5,-162.61454545454544,0.020840950639853747,-8.039364518976168
2025,Joe Mantegna,RB,Devin Singletary,1,4.7,-9.249663299663299,273.5,-162.61454545454544,0.017184643510054845,-9.249663299663299
2025,Joe Mantegna,RB,Omarion Hampton,5,67.0,-22.62235476954824,273.5,-162.61454545454544,0.2449725776965265,-4.524470953909648
2025,Joe Mantegna,RB,Jacory Croskey-Merritt,10,66.9,-56.59742549810339,273.5,-162.61454545454544,0.24460694698354665,-5.659742549810339
2025,Joe Mantegna,RB,RJ Harvey,8,90.2,-64.0203447138626,273.5,-162.61454545454544,0.3297989031078611,-8.002543089232825
2025,Joe Mantegna,TE,Tucker Kraft,4,42.8,12.109090909090908,136.1,7.600000000000001,0.3144746509919177,3.027272727272727
2025,Joe Mantegna,TE,Tyler Warren,9,88.3,0.6909090909090949,136.1,7.600000000000001,0.6487876561351947,0.0767676767676772
2025,Joe Mantegna,TE,Mason Taylor,1,5.0,-5.200000000000001,136.1,7.600000000000001,0.036737692872887584,-5.200000000000001
2025,Joe Mantegna,WR,Ja'Marr Chase,12,176.4,17.091947218488844,479.0,60.68181818181817,0.3682672233820459,1.4243289348740704
2025,Joe Mantegna,WR,Wan'Dale Robinson,5,63.2,16.555601113788015,479.0,60.68181818181817,0.13194154488517745,3.311120222757603
2025,Joe Mantegna,WR,Malik Nabers,4,48.1,16.272679123422158,479.0,60.68181818181817,0.10041753653444677,4.0681697808555395
2025,Joe Mantegna,WR,Jauan Jennings,4,35.3,3.9128393736611713,479.0,60.68181818181817,0.07369519832985386,0.9782098434152928
2025,Joe Mantegna,WR,Quentin Johnston,4,26.5,3.7700914395780063,479.0,60.68181818181817,0.055323590814196244,0.9425228598945016
2025,Joe Mantegna,WR,Zay Flowers,13,129.5,3.078659912879979,479.0,60.68181818181817,0.27035490605427975,0.23681999329845993
2025,Malle ❤️ 🐸,QB,Trevor Lawrence,3,75.16,12.949090909090913,307.12,3.485454545454548,0.24472518885126335,4.316363636363637
2025,Malle ❤️ 🐸,QB,Brock Purdy,1,23.66,0.49818181818181984,307.12,3.485454545454548,0.07703829122167231,0.49818181818181984
2025,Malle ❤️ 🐸,QB,Marcus Mariota,4,78.74000000000001,-1.6145454545454534,307.12,3.485454545454548,0.25638187027871845,-0.40363636363636335
2025,Malle ❤️ 🐸,QB,Jayden Daniels,6,129.56,-8.347272727272731,307.12,3.485454545454548,0.4218546496483459,-1.3912121212121218
2025,Malle ❤️ 🐸,RB,Samaje Perine,1,0.5,-0.796401515151515,248.3,-190.1054545454545,0.0020136931131695527,-0.796401515151515
2025,Malle ❤️ 🐸,RB,Chris Rodriguez Jr.,1,0.7,-2.422261072261072,248.3,-190.1054545454545,0.0028191703584373737,-2.422261072261072
2025,Malle ❤️ 🐸,RB,Bhayshul Tuten,5,34.1,-39.0543715393177,248.3,-190.1054545454545,0.13733387031816352,-7.81087430786354
2025,Malle ❤️ 🐸,RB,Isiah Pacheco,9,57.7,-50.756642710772894,248.3,-190.1054545454545,0.23238018525976642,-5.639626967863655
2025,Malle ❤️ 🐸,RB,D'Andre Swift,12,155.3,-97.07577770795135,248.3,-190.1054545454545,0.6254530809504631,-8.08964814232928
2025,Malle ❤️ 🐸,TE,George Kittle,7,87.8,28.739415130324222,166.39999999999998,40.654545454545456,0.5276442307692308,4.10563073290346
2025,Malle ❤️ 🐸,TE,Dallas Goedert,5,62.3,20.14240305149396,166.39999999999998,40.654545454545456,0.3743990384615385,4.028480610298792
2025,Malle ❤️ 🐸,TE,Dalton Schultz,3,16.3,-8.227272727272727,166.39999999999998,40.654545454545456,0.09795673076923078,-2.742424242424242
2025,Malle ❤️ 🐸,WR,Drake London,10,147.0,16.532836745744905,397.9,-27.79090909090909,0.3694395576778085,1.6532836745744905
2025,Malle ❤️ 🐸,WR,Rashid Shaheed,10,82.9,-5.450628876184717,397.9,-27.79090909090909,0.20834380497612467,-0.5450628876184717
2025,Malle ❤️ 🐸,WR,Jordan Addison,5,32.7,-7.136302923293042,397.9,-27.79090909090909,0.08218145262628802,-1.4272605846586084
2025,Malle ❤️ 🐸,WR,Brian Thomas Jr.,9,77.6,-11.15057863864283,397.9,-27.79090909090909,0.1950238753455642,-1.2389531820714257
2025,Malle ❤️ 🐸,WR,Khalil Shakir,7,57.7,-20.586235398533407,397.9,-27.79090909090909,0.14501130937421464,-2.9408907712190584
2025,Patty Primetimes,QB,Josh Allen,13,364.02,92.09636363636365,369.7,71.75454545454546,0.984636191506627,7.084335664335665
2025,Patty Primetimes,QB,Caleb Williams,1,5.68,-20.341818181818184,369.7,71.75454545454546,0.015363808493373005,-20.341818181818184
2025,Patty Primetimes,RB,James Cook III,13,220.0,16.58568131323209,434.0,12.476363636363594,0.5069124423963134,1.2758216394793915
2025,Patty Primetimes,RB,Emanuel Wilson,1,25.5,12.445421366954214,434.0,12.476363636363594,0.0587557603686636,12.445421366954214
2025,Patty Primetimes,RB,Saquon Barkley,13,169.6,-0.8773323761202677,434.0,12.476363636363594,0.39078341013824885,-0.06748710585540521
2025,Patty Primetimes,RB,J.K. Dobbins,3,18.9,-15.677406667702442,434.0,12.476363636363594,0.043548387096774194,-5.225802222567481
2025,Patty Primetimes,TE,Travis Kelce,13,134.8,17.336363636363632,142.3,14.363636363636362,0.9472944483485594,1.3335664335664332
2025,Patty Primetimes,TE,Colston Loveland,1,7.5,-2.972727272727271,142.3,14.363636363636362,0.05270555165144061,-2.972727272727271
2025,Patty Primetimes,WR,DK Metcalf,13,138.5,2.227730549332439,420.8,-2.8090909090909024,0.3291349809885932,0.1713638884101876
2025,Patty Primetimes,WR,Courtland Sutton,12,135.1,0.6912663275733053,420.8,-2.8090909090909024,0.3210551330798479,0.05760552729777544
2025,Patty Primetimes,WR,Darius Slayton,1,2.6,-0.5005347593582894,420.8,-2.8090909090909024,0.006178707224334601,-0.5005347593582894
2025,Patty Primetimes,WR,Parker Washington,1,15.6,-1.5213223140495877,420.8,-2.8090909090909024,0.0370722433460076,-1.5213223140495877
2025,Patty Primetimes,WR,Ladd McConkey,13,129.0,-3.706230712588769,420.8,-2.8090909090909024,0.3065589353612167,-0.2850946701991361
2025,Pop Lockett Drop it,QB,Matthew Stafford,8,208.1,40.60000000000001,362.52,63.92181818181821,0.5740372944940969,5.075000000000001
2025,Pop Lockett Drop it,QB,Lamar Jackson,5,133.0,26.16181818181819,362.52,63.92181818181821,0.3668763102725367,5.2323636363636385
2025,Pop Lockett Drop it,QB,Jaxson Dart,1,21.42,-2.8399999999999928,362.52,63.92181818181821,0.059086395233366444,-2.8399999999999928
2025,Pop Lockett Drop it,RB,Devin Neal,2,23.3,1.5348859031480009,361.4,-66.72363636363639,0.06447149972329828,0.7674429515740004
2025,Pop Lockett Drop it,RB,Brian Robinson,1,2.4,-0.1564828614008948,361.4,-66.72363636363639,0.006640841173215274,-0.1564828614008948
2025,Pop Lockett Drop it,RB,Jordan Mason,4,27.5,-2.9031420271195145,361.4,-66.72363636363639,0.07609297177642502,-0.7257855067798786
2025,Pop Lockett Drop it,RB,Kareem Hunt,1,12.0,-3.3539651837524147,361.4,-66.72363636363639,0.03320420586607637,-3.3539651837524147
2025,Pop Lockett Drop it,RB,Javonte Williams,13,193.5,-30.172715349539935,361.4,-66.72363636363639,0.5354178195904815,-2.320978103810764
2025,Pop Lockett Drop it,RB,Kenneth Walker III,11,102.7,-31.672216844971626,361.4,-66.72363636363639,0.2841726618705036,-2.879292440451966
2025,Pop Lockett Drop it,TE,Trey McBride,13,188.2,75.39999999999999,200.1,77.41818181818181,0.9405297351324338,5.799999999999999
2025,Pop Lockett Drop it,TE,Mason Taylor,1,11.9,2.0181818181818176,200.1,77.41818181818181,0.05947026486756622,2.0181818181818176
2025,Pop Lockett Drop it,WR,Alec Pierce,1,16.4,6.056617790811338,413.7,-10.554545454545442,0.03964225284022238,6.056617790811338
2025,Pop Lockett Drop it,WR,Troy Franklin,1,12.5,4.616324535679374,413.7,-10.554545454545442,0.03021513173797438,4.616324535679374
2025,Pop Lockett Drop it,WR,CeeDee Lamb,10,133.2,1.1886531435156567,413.7,-10.554545454545442,0.32197244379985496,0.11886531435156567
2025,Pop Lockett Drop it,WR,Cedric Tillman,2,10.299999999999999,0.4871900826446281,413.7,-10.554545454545442,0.024897268552090884,0.24359504132231405
2025,Pop Lockett Drop it,WR,Tetairoa McMillan,4,36.8,-1.2518024813972377,413.7,-10.554545454545442,0.08895334783659656,-0.3129506203493094
2025,Pop Lockett Drop it,WR,Rome Odunze,11,95.8,-2.9401533104360826,413.7,-10.554545454545442,0.23156876963983564,-0.2672866645850984
2025,Pop Lockett Drop it,WR,Elic Ayomanor,1,4.2,-2.9768421052631564,413.7,-10.554545454545442,0.010152284263959392,-2.9768421052631564
2025,Pop Lockett Drop it,WR,Malik Washington,1,2.0,-4.158508158508159,413.7,-10.554545454545442,0.0048344210780759,-4.158508158508159
2025,Pop Lockett Drop it,WR,Tee Higgins,7,102.5,-11.576024951591805,413.7,-10.554545454545442,0.2477640802513899,-1.6537178502274006
2025,Post Mahomes,QB,Patrick Mahomes,13,326.12,43.41454545454545,344.84000000000003,44.634545454545446,0.9457139542976453,3.339580419580419
2025,Post Mahomes,QB,J.J. McCarthy,1,18.72,1.2199999999999989,344.84000000000003,44.634545454545446,0.05428604570235471,1.2199999999999989
2025,Post Mahomes,RB,Jahmyr Gibbs,13,278.6,112.70945769728439,638.7,235.7854545454545,0.4361985282605292,8.669958284406492
2025,Post Mahomes,RB,Kyren Williams,13,189.9,63.30521156304477,638.7,235.7854545454545,0.29732268670737433,4.869631658695751
2025,Post Mahomes,RB,Cam Skattebo,4,67.8,26.586411263150254,638.7,235.7854545454545,0.10615312353217472,6.646602815787563
2025,Post Mahomes,RB,Kimani Vidal,5,61.9,14.8036996794973,638.7,235.7854545454545,0.0969156098324722,2.96073993589946
2025,Post Mahomes,RB,Jordan Mason,2,32.3,13.953899747210064,638.7,235.7854545454545,0.05057147330515108,6.976949873605032
2025,Post Mahomes,RB,Kyle Monangai,1,8.2,4.426774595267746,638.7,235.7854545454545,0.012838578362298417,4.426774595267746
2025,Post Mahomes,TE,Brock Bowers,10,126.6,41.027272727272724,155.4,28.654545454545445,0.8146718146718146,4.102727272727273
2025,Post Mahomes,TE,Oronde Gadsden,1,16.2,6.709090909090907,155.4,28.654545454545445,0.10424710424710423,6.709090909090907
2025,Post Mahomes,TE,Harold Fannin Jr.,1,5.6,-4.063636363636364,155.4,28.654545454545445,0.036036036036036036,-4.063636363636364
2025,Post Mahomes,TE,David Njoku,1,4.3,-5.690909090909092,155.4,28.654545454545445,0.02767052767052767,-5.690909090909092
2025,Post Mahomes,TE,Brenton Strange,1,2.7,-9.327272727272728,155.4,28.654545454545445,0.017374517374517374,-9.327272727272728
2025,Post Mahomes,WR,Tez Johnson,1,6.8,-0.0703979294726613,301.6,-132.84545454545454,0.022546419098143235,-0.0703979294726613
2025,Post Mahomes,WR,Ricky Pearsall,4,28.400000000000002,-2.820029713134822,301.6,-132.84545454545454,0.09416445623342175,-0.7050074282837056
2025,Post Mahomes,WR,Tee Higgins,3,19.9,-3.157487459172766,301.6,-132.84545454545454,0.06598143236074269,-1.0524958197242553
2025,Post Mahomes,WR,Adonai Mitchell,1,2.9,-5.5291075896580475,301.6,-132.84545454545454,0.009615384615384614,-5.5291075896580475
2025,Post Mahomes,WR,Garrett Wilson,7,81.5,-14.555796559415233,301.6,-132.84545454545454,0.2702254641909814,-2.0793995084878905
2025,Post Mahomes,WR,Chris Godwin Jr.,1,8.0,-15.252710592160131,301.6,-132.84545454545454,0.02652519893899204,-15.252710592160131
2025,Post Mahomes,WR,Tetairoa McMillan,8,101.8,-30.21689958366438,301.6,-132.84545454545454,0.3375331564986737,-3.7771124479580473
2025,Post Mahomes,WR,Romeo Doubs,7,52.3,-61.24302511877651,301.6,-132.84545454545454,0.17340848806366047,-8.749003588396643
2025,The Big Gronkowski,QB,Drake Maye,7,141.6,-5.734545454545449,291.84000000000003,-13.183636363636362,0.48519736842105254,-0.8192207792207784
2025,The Big Gronkowski,QB,Dak Prescott,7,150.24,-7.449090909090913,291.84000000000003,-13.183636363636362,0.5148026315789473,-1.0641558441558447
2025,The Big Gronkowski,RB,Emari Demercado,1,0.1,-0.6922077922077924,264.8,-172.10545454545456,0.00037764350453172205,-0.6922077922077924
2025,The Big Gronkowski,RB,Chris Rodriguez Jr.,1,5.2,-2.7790633608815423,264.8,-172.10545454545456,0.019637462235649546,-2.7790633608815423
2025,The Big Gronkowski,RB,Sean Tucker,1,1.4,-8.217825311942958,264.8,-172.10545454545456,0.005287009063444108,-8.217825311942958
2025,The Big Gronkowski,RB,Woody Marks,7,65.7,-24.28683564022668,264.8,-172.10545454545456,0.2481117824773414,-3.4695479486038114
2025,The Big Gronkowski,RB,Chuba Hubbard,6,65.5,-50.226747700590295,264.8,-172.10545454545456,0.24735649546827793,-8.37112461676505
2025,The Big Gronkowski,RB,TreVeyon Henderson,12,126.9,-85.90277473960529,264.8,-172.10545454545456,0.4792296072507553,-7.158564561633774
2025,The Big Gronkowski,TE,T.J. Hockenson,4,26.299999999999997,-5.754545454545453,104.8,-26.545454545454543,0.25095419847328243,-1.4386363636363633
2025,The Big Gronkowski,TE,Hunter Henry,10,78.5,-20.79090909090909,104.8,-26.545454545454543,0.7490458015267176,-2.079090909090909
2025,The Big Gronkowski,WR,A.J. Brown,12,146.9,30.38285010635105,476.6,58.06363636363638,0.3082249265631557,2.531904175529254
2025,The Big Gronkowski,WR,Jameson Williams,13,139.9,24.632608234576626,476.6,58.06363636363638,0.29353755770037765,1.8948160180443558
2025,The Big Gronkowski,WR,Nico Collins,12,153.6,9.863450773352117,476.6,58.06363636363638,0.32228283676038605,0.8219542311126764
2025,The Big Gronkowski,WR,Hollywood Brown,1,18.5,7.558113283612176,476.6,58.06363636363638,0.03881661770877046,7.558113283612176
2025,The Big Gronkowski,WR,Darnell Mooney,2,3.6,-1.9634265669712907,476.6,58.06363636363638,0.007553503986571548,-0.9817132834856453
2025,The Big Gronkowski,WR,Xavier Legette,1,2.7,-2.3763752171395476,476.6,58.06363636363638,0.0056651279899286614,-2.3763752171395476
2025,The Big Gronkowski,WR,Jayden Higgins,1,11.4,-10.033584250144756,476.6,58.06363636363638,0.023919429290809903,-10.033584250144756
2025,ThreatLevelMidnight,QB,Sam Darnold,1,36.2,16.63636363636364,312.9,9.790909090909095,0.11569191434963248,16.63636363636364
2025,ThreatLevelMidnight,QB,Jacoby Brissett,2,45.32,3.8581818181818193,312.9,9.790909090909095,0.14483860658357303,1.9290909090909096
2025,ThreatLevelMidnight,QB,Baker Mayfield,11,231.38,-10.703636363636365,312.9,9.790909090909095,0.7394694790667945,-0.9730578512396696
2025,ThreatLevelMidnight,RB,Bijan Robinson,13,236.29999999999998,68.99396785900609,581.4,173.27636363636364,0.4064327485380117,5.307228296846622
2025,ThreatLevelMidnight,RB,Rico Dowdle,7,112.8,35.93808826191405,581.4,173.27636363636364,0.19401444788441694,5.134012608844864
2025,ThreatLevelMidnight,RB,Quinshon Judkins,10,121.4,30.645687256552343,581.4,173.27636363636364,0.20880632954936362,3.064568725655234
2025,ThreatLevelMidnight,RB,Tony Pollard,4,44.5,14.271598225336728,581.4,173.27636363636364,0.07653938768489853,3.567899556334182
2025,ThreatLevelMidnight,RB,Rhamondre Stevenson,1,15.8,8.625316074653822,581.4,173.27636363636364,0.02717578259373925,8.625316074653822
2025,ThreatLevelMidnight,RB,Kyle Monangai,1,21.3,7.512425110705912,581.4,173.27636363636364,0.03663570691434469,7.512425110705912
2025,ThreatLevelMidnight,RB,James Conner,3,29.3,7.289280848194685,581.4,173.27636363636364,0.05039559683522532,2.4297602827315616
2025,ThreatLevelMidnight,TE,Jake Ferguson,12,124.4,14.84545454545454,144.6,16.872727272727268,0.8603042876901799,1.2371212121212116
2025,ThreatLevelMidnight,TE,Theo Johnson,2,20.2,2.0272727272727273,144.6,16.872727272727268,0.1396957123098202,1.0136363636363637
2025,ThreatLevelMidnight,WR,Michael Wilson,4,79.6,21.10050840371771,390.48,-35.88545454545452,0.2038516697398074,5.275127100929428
2025,ThreatLevelMidnight,WR,Rashee Rice,7,115.0,15.303514429491042,390.48,-35.88545454545452,0.2945093218602745,2.186216347070149
2025,ThreatLevelMidnight,WR,Alec Pierce,1,10.5,4.247326203208558,390.48,-35.88545454545452,0.0268899815611555,4.247326203208558
2025,ThreatLevelMidnight,WR,DJ Moore,6,57.58,-14.827337246730963,390.48,-35.88545454545452,0.147459536980127,-2.4712228744551603
2025,ThreatLevelMidnight,WR,Xavier Worthy,4,32.3,-17.745961093586665,390.48,-35.88545454545452,0.08271870518336405,-4.436490273396666
2025,ThreatLevelMidnight,WR,Marvin Harrison Jr.,9,95.5,-43.9635052415542,390.48,-35.88545454545452,0.24457078467527146,-4.884833915728245
2025,Uncle Rico,QB,Daniel Jones,10,214.32,-3.563636363636368,274.38,-32.230909090909094,0.7811064946424666,-0.35636363636363677
2025,Uncle Rico,QB,Tua Tagovailoa,1,6.84,-11.745454545454546,274.38,-32.230909090909094,0.024928930680078724,-11.745454545454546
2025,Uncle Rico,QB,Joe Burrow,3,53.22,-16.92181818181818,274.38,-32.230909090909094,0.19396457467745462,-5.64060606060606
2025,Uncle Rico,RB,Jonathan Taylor,13,291.5,111.49585215836241,630.9,227.27636363636367,0.4620383579014107,8.576604012181724
2025,Uncle Rico,RB,Christian McCaffrey,13,286.0,102.50233113341959,630.9,227.27636363636367,0.45332065303534635,7.884794702570738
2025,Uncle Rico,RB,Zach Charbonnet,6,53.4,13.278180344581656,630.9,227.27636363636367,0.08464098906324298,2.213030057430276
2025,Uncle Rico,TE,Dalton Kincaid,9,92.60000000000001,10.90909090909091,118.4,-11.70909090909091,0.7820945945945946,1.2121212121212122
2025,Uncle Rico,TE,Cade Otton,5,25.8,-22.61818181818182,118.4,-11.70909090909091,0.2179054054054054,-4.523636363636364
2025,Uncle Rico,WR,Terry McLaurin,5,38.4,0.6711241393080505,356.22,-73.25999999999999,0.10779855145696478,0.1342248278616101
2025,Uncle Rico,WR,Kayshon Boutte,1,0.0,0.0,356.22,-73.25999999999999,0.0,0.0
2025,Uncle Rico,WR,Emeka Egbuka,12,138.70000000000002,-12.24956984056044,356.22,-73.25999999999999,0.3893661220594015,-1.02079748671337
2025,Uncle Rico,WR,Tre Tucker,2,18.5,-14.933267813267816,356.22,-73.25999999999999,0.05193419796754814,-7.466633906633908
2025,Uncle Rico,WR,Jerry Jeudy,6,27.8,-18.60446019341586,356.22,-73.25999999999999,0.0780416596485318,-3.10074336556931
2025,Uncle Rico,WR,Jaylen Waddle,12,132.82,-28.14382629206393,356.22,-73.25999999999999,0.3728594688675537,-2.345318857671994
2025,Voldemort,QB,Aaron Rodgers,3,46.32,-17.738181818181815,210.0,-102.46363636363637,0.22057142857142858,-5.912727272727271
2025,Voldemort,QB,Sam Darnold,4,61.96000000000001,-20.652727272727276,210.0,-102.46363636363637,0.29504761904761906,-5.163181818181819
2025,Voldemort,QB,Kyler Murray,5,92.78,-23.125454545454545,210.0,-102.46363636363637,0.4418095238095238,-4.625090909090909
2025,Voldemort,QB,Justin Fields,2,8.940000000000001,-40.947272727272725,210.0,-102.46363636363637,0.04257142857142858,-20.473636363636363
2025,Voldemort,RB,David Montgomery,2,14.8,-10.6374269343178,314.5,-117.88727272727274,0.047058823529411764,-5.3187134671589
2025,Voldemort,RB,Jaylen Warren,8,92.2,-21.689455638436872,314.5,-117.88727272727274,0.2931637519872814,-2.711181954804609
2025,Voldemort,RB,Alvin Kamara,7,58.4,-37.506926168275086,314.5,-117.88727272727274,0.18569157392686805,-5.358132309753584
2025,Voldemort,RB,Chase Brown,12,149.1,-48.05346398624298,314.5,-117.88727272727274,0.47408585055643876,-4.004455332186915
2025,Voldemort,TE,Darren Waller,3,24.5,-6.1,69.3,-65.27272727272728,0.35353535353535354,-2.033333333333333
2025,Voldemort,TE,Jonnu Smith,2,6.7,-16.627272727272725,69.3,-65.27272727272728,0.09668109668109669,-8.313636363636363
2025,Voldemort,TE,David Njoku,9,38.1,-42.54545454545455,69.3,-65.27272727272728,0.5497835497835498,-4.7272727272727275
2025,Voldemort,WR,Jaxon Smith-Njigba,13,242.9,90.27016755387841,615.2,209.26363636363638,0.3948309492847854,6.943859042606031
2025,Voldemort,WR,Puka Nacua,12,212.4,74.93161368847191,615.2,209.26363636363638,0.3452535760728218,6.244301140705993
2025,Voldemort,WR,Justin Jefferson,13,125.4,37.16025599400968,615.2,209.26363636363638,0.20383615084525358,2.858481230308437
2025,Voldemort,WR,Keenan Allen,3,34.5,6.901599127276383,615.2,209.26363636363638,0.05607932379713914,2.300533042425461
2025,malle_dips_pouches,QB,Jalen Hurts,13,291.86,9.692727272727286,295.84000000000003,-8.81999999999999,0.9865467820443482,0.7455944055944066
2025,malle_dips_pouches,QB,Bryce Young,1,3.98,-18.512727272727275,295.84000000000003,-8.81999999999999,0.013453217955651702,-18.512727272727275
2025,malle_dips_pouches,RB,Tyrone Tracy Jr.,4,29.8,-6.32509650203185,353.90000000000003,-74.90545454545455,0.08420457756428369,-1.5812741255079625
2025,malle_dips_pouches,RB,Bucky Irving,6,92.7,-15.28351950706436,353.90000000000003,-74.90545454545455,0.26193840067815766,-2.5472532511773935
2025,malle_dips_pouches,RB,Ashton Jeanty,13,160.9,-18.07472151805122,353.90000000000003,-74.90545454545455,0.45464820570782705,-1.3903631936962477
2025,malle_dips_pouches,RB,Rachaad White,7,70.5,-35.22211701830712,353.90000000000003,-74.90545454545455,0.19920881604973154,-5.031731002615302
2025,malle_dips_pouches,TE,Colston Loveland,3,28.1,2.9363636363636383,118.59999999999998,-11.490909090909092,0.23693086003372688,0.9787878787878794
2025,malle_dips_pouches,TE,Zach Ertz,1,3.6,-7.036363636363639,118.59999999999998,-11.490909090909092,0.03035413153456999,-7.036363636363639
2025,malle_dips_pouches,TE,Sam LaPorta,10,86.89999999999999,-7.390909090909091,118.59999999999998,-11.490909090909092,0.7327150084317032,-0.739090909090909
2025,malle_dips_pouches,WR,Jayden Reed,1,7.3,0.09198919891989306,321.5,-111.13636363636364,0.02270606531881804,0.09198919891989306
2025,malle_dips_pouches,WR,DJ Moore,1,0.1,0.001260126012601275,321.5,-111.13636363636364,0.0003110419906687403,0.001260126012601275
2025,malle_dips_pouches,WR,Calvin Ridley,8,37.0,-6.29495401355399,321.5,-111.13636363636364,0.1150855365474339,-0.7868692516942487
2025,malle_dips_pouches,WR,Mike Evans,3,27.0,-6.322099411317069,321.5,-111.13636363636364,0.08398133748055987,-2.107366470439023
2025,malle_dips_pouches,WR,Josh Downs,4,24.9,-8.548487742430702,321.5,-111.13636363636364,0.07744945567651633,-2.1371219356076754
2025,malle_dips_pouches,WR,Jakobi Meyers,8,51.7,-17.24041967058846,321.5,-111.13636363636364,0.16080870917573872,-2.1550524588235573
2025,malle_dips_pouches,WR,Christian Watson,5,70.7,-19.818356055679008,321.5,-111.13636363636364,0.2199066874027994,-3.9636712111358015
2025,malle_dips_pouches,WR,Stefon Diggs,10,102.8,-53.0052960677269,321.5,-111.13636363636364,0.319751166407465,-5.30052960677269
2026,Buttermilk Puuump,QB,Dak Prescott,2,57.16,9.039999999999992,57.16,9.039999999999992,1.0,4.519999999999996
2026,Buttermilk Puuump,RB,De'Von Achane,2,19.4,-5.851378898473791,49.9,-15.981818181818188,0.38877755511022044,-2.9256894492368954
2026,Buttermilk Puuump,RB,Breece Hall,2,30.5,-10.130439283344398,49.9,-15.981818181818188,0.6112224448897796,-5.065219641672199
2026,Buttermilk Puuump,TE,Mark Andrews,2,14.8,-5.190909090909088,14.8,-5.190909090909088,1.0,-2.595454545454544
2026,Buttermilk Puuump,WR,Terry McLaurin,2,8.4,-9.119768762723112,31.4,-37.07272727272728,0.267515923566879,-4.559884381361556
2026,Buttermilk Puuump,WR,George Pickens,2,11.3,-12.943977071219432,31.4,-37.07272727272728,0.3598726114649682,-6.471988535609716
2026,Buttermilk Puuump,WR,Luther Burden III,2,11.7,-15.00898143878473,31.4,-37.07272727272728,0.37261146496815284,-7.504490719392365
2026,Ginger FC 🏆🏆,QB,C.J. Stroud,1,17.02,-8.396363636363642,25.46,-25.54181818181819,0.6684996072270227,-8.396363636363642
2026,Ginger FC 🏆🏆,QB,Bo Nix,1,8.44,-17.145454545454548,25.46,-25.54181818181819,0.3315003927729772,-17.145454545454548
2026,Ginger FC 🏆🏆,RB,David Montgomery,2,30.799999999999997,10.477023367078484,81.8,18.818181818181806,0.37652811735941316,5.238511683539242
2026,Ginger FC 🏆🏆,RB,Derrick Henry,2,51.0,8.341158451103324,81.8,18.818181818181806,0.6234718826405868,4.170579225551662
2026,Ginger FC 🏆🏆,TE,Dalton Kincaid,2,34.5,16.300000000000004,34.5,16.300000000000004,1.0,8.150000000000002
2026,Ginger FC 🏆🏆,WR,Chris Olave,2,41.8,14.0965776244841,96.6,34.05454545454545,0.432712215320911,7.04828881224205
2026,Ginger FC 🏆🏆,WR,Justin Jefferson,2,34.2,14.070951862452972,96.6,34.05454545454545,0.3540372670807454,7.035475931226486
2026,Ginger FC 🏆🏆,WR,Tetairoa McMillan,2,20.6,5.887015967608379,96.6,34.05454545454545,0.2132505175983437,2.9435079838041895
2026,Joe Mantegna,QB,Caleb Williams,2,49.98,1.2072727272727235,49.98,1.2072727272727235,1.0,0.6036363636363618
2026,Joe Mantegna,RB,Jadarian Price,2,11.3,-19.95678255115545,26.4,-41.61818181818181,0.4280303030303031,-9.978391275577724
2026,Joe Mantegna,RB,Rhamondre Stevenson,2,15.1,-21.66139926702636,26.4,-41.61818181818181,0.571969696969697,-10.83069963351318
2026,Joe Mantegna,TE,Tyler Warren,2,20.200000000000003,0.7000000000000028,20.200000000000003,0.7000000000000028,1.0,0.3500000000000014
2026,Joe Mantegna,WR,Ja'Marr Chase,2,25.2,8.582005503421149,75.5,11.036363636363639,0.3337748344370861,4.291002751710574
2026,Joe Mantegna,WR,DeVonta Smith,2,29.5,6.244837863416741,75.5,11.036363636363639,0.39072847682119205,3.1224189317083706
2026,Joe Mantegna,WR,Mike Evans,2,20.8,-3.7904797304742504,75.5,11.036363636363639,0.27549668874172184,-1.8952398652371252
2026,Malle ❤️ 🐸,QB,Jalen Hurts,2,52.879999999999995,4.370909090909091,52.879999999999995,4.370909090909091,1.0,2.1854545454545455
2026,Malle ❤️ 🐸,RB,D'Andre Swift,2,42.3,11.836125694636332,85.1,22.418181818181814,0.4970622796709753,5.918062847318166
2026,Malle ❤️ 🐸,RB,Omarion Hampton,2,24.8,5.728654694942294,85.1,22.418181818181814,0.29142185663924797,2.864327347471147
2026,Malle ❤️ 🐸,RB,Jeremiyah Love,2,18.0,4.853401428603188,85.1,22.418181818181814,0.21151586368977673,2.426700714301594
2026,Malle ❤️ 🐸,TE,Travis Kelce,2,29.200000000000003,10.51818181818182,29.200000000000003,10.51818181818182,1.0,5.25909090909091
2026,Malle ❤️ 🐸,WR,Davante Adams,2,39.6,-2.6765584415584414,49.5,-17.327272727272728,0.8,-1.3382792207792207
2026,Malle ❤️ 🐸,WR,Puka Nacua,2,9.9,-14.650714285714287,49.5,-17.327272727272728,0.2,-7.325357142857143
2026,Patty Primetimes,QB,Josh Allen,2,86.47999999999999,41.02545454545454,86.47999999999999,41.02545454545454,1.0,20.51272727272727
2026,Patty Primetimes,RB,James Cook III,2,28.799999999999997,1.698032085561496,65.69999999999999,1.254545454545454,0.4383561643835617,0.849016042780748
2026,Patty Primetimes,RB,Bijan Robinson,2,36.9,-0.44348663101604213,65.69999999999999,1.254545454545454,0.5616438356164384,-0.22174331550802107
2026,Patty Primetimes,TE,Isaiah Likely,2,29.6,10.954545454545457,29.6,10.954545454545457,1.0,5.477272727272728
2026,Patty Primetimes,WR,Josh Downs,1,4.7,-0.5682583409856136,37.9,-29.981818181818188,0.12401055408970978,-0.5682583409856136
2026,Patty Primetimes,WR,DJ Moore,2,18.4,-1.9149212001761884,37.9,-29.981818181818188,0.4854881266490765,-0.9574606000880942
2026,Patty Primetimes,WR,Courtland Sutton,1,4.0,-12.873614190687364,37.9,-29.981818181818188,0.10554089709762533,-12.873614190687364
2026,Patty Primetimes,WR,Jameson Williams,2,10.8,-14.62502444996902,37.9,-29.981818181818188,0.2849604221635884,-7.31251222498451
2026,Pop Lockett Drop it,QB,Justin Herbert,2,28.14,-22.618181818181817,28.14,-22.618181818181817,1.0,-11.309090909090909
2026,Pop Lockett Drop it,RB,Kenneth Walker III,2,53.400000000000006,11.200626629355913,81.60000000000001,18.6,0.6544117647058824,5.6003133146779565
2026,Pop Lockett Drop it,RB,Javonte Williams,2,28.2,7.399373370644089,81.60000000000001,18.6,0.3455882352941176,3.6996866853220447
2026,Pop Lockett Drop it,TE,Trey McBride,2,34.1,15.863636363636363,34.1,15.863636363636363,1.0,7.931818181818182
2026,Pop Lockett Drop it,WR,Amon-Ra St. Brown,2,54.4,24.60810990711724,113.8,52.81818181818183,0.4780316344463972,12.30405495355862
2026,Pop Lockett Drop it,WR,Christian Watson,2,41.8,20.128389915002867,113.8,52.81818181818183,0.367311072056239,10.064194957501433
2026,Pop Lockett Drop it,WR,Emeka Egbuka,2,17.6,8.081681996061718,113.8,52.81818181818183,0.15465729349736382,4.040840998030859
2026,Post Mahomes,QB,Patrick Mahomes,2,61.64,13.927272727272726,61.64,13.927272727272726,1.0,6.963636363636363
2026,Post Mahomes,RB,Jaylen Warren,1,8.7,-0.44278694278694464,56.3,-9.000000000000012,0.15452930728241562,-0.44278694278694464
2026,Post Mahomes,RB,Cam Skattebo,2,21.6,-3.9446614463061875,56.3,-9.000000000000012,0.38365896980461817,-1.9723307231530938
2026,Post Mahomes,RB,Chase Brown,2,26.0,-4.61255161090688,56.3,-9.000000000000012,0.4618117229129663,-2.30627580545344
2026,Post Mahomes,TE,Harold Fannin Jr.,2,11.0,-9.336363636363636,11.0,-9.336363636363636,1.0,-4.668181818181818
2026,Post Mahomes,WR,A.J. Brown,1,4.1,-0.7599935525467444,45.2,-22.01818181818182,0.0907079646017699,-0.7599935525467444
2026,Post Mahomes,WR,Ladd McConkey,2,21.7,-8.034086168316458,45.2,-22.01818181818182,0.4800884955752212,-4.017043084158229
2026,Post Mahomes,WR,Tee Higgins,2,19.4,-13.224102097318617,45.2,-22.01818181818182,0.4292035398230088,-6.612051048659309
2026,The Big Gronkowski,QB,Drake Maye,2,23.84,-27.309090909090912,23.84,-27.309090909090912,1.0,-13.654545454545456
2026,The Big Gronkowski,RB,Aaron Jones Sr.,1,10.5,-7.251095290251915,37.2,-29.83636363636363,0.282258064516129,-7.251095290251915
2026,The Big Gronkowski,RB,Bhayshul Tuten,1,9.3,-8.294483671668136,37.2,-29.83636363636363,0.25,-8.294483671668136
2026,The Big Gronkowski,RB,Travis Etienne Jr.,2,17.4,-14.290784674443579,37.2,-29.83636363636363,0.4677419354838709,-7.145392337221789
2026,The Big Gronkowski,TE,Sam LaPorta,2,21.5,2.118181818181818,21.5,2.118181818181818,1.0,1.059090909090909
2026,The Big Gronkowski,WR,CeeDee Lamb,2,44.2,1.8779045578738245,65.4,0.01818181818182607,0.6758409785932722,0.9389522789369122
2026,The Big Gronkowski,WR,DK Metcalf,2,10.7,-0.36310854446100194,65.4,0.01818181818182607,0.16360856269113147,-0.18155427223050097
2026,The Big Gronkowski,WR,Malik Nabers,2,10.5,-1.4966141952309966,65.4,0.01818181818182607,0.1605504587155963,-0.7483070976154983
2026,ThreatLevelMidnight,QB,Joe Burrow,2,37.34,-12.581818181818178,37.34,-12.581818181818178,1.0,-6.290909090909089
2026,ThreatLevelMidnight,RB,Christian McCaffrey,2,31.900000000000002,7.544674520394025,80.0,16.854545454545452,0.39875000000000005,3.7723372601970127
2026,ThreatLevelMidnight,RB,Chuba Hubbard,1,13.4,6.4811274967332455,80.0,16.854545454545452,0.1675,6.4811274967332455
2026,ThreatLevelMidnight,RB,Kyren Williams,2,28.7,4.113088485341505,80.0,16.854545454545452,0.35875,2.0565442426707525
2026,ThreatLevelMidnight,RB,Quinshon Judkins,1,6.0,-1.2843450479233225,80.0,16.854545454545452,0.075,-1.2843450479233225
2026,ThreatLevelMidnight,TE,Jake Ferguson,2,19.900000000000002,0.372727272727273,19.900000000000002,0.372727272727273,1.0,0.1863636363636365
2026,ThreatLevelMidnight,WR,Zay Flowers,1,23.5,-0.46815375982042845,63.1,-2.4909090909090956,0.3724247226624406,-0.46815375982042845
2026,ThreatLevelMidnight,WR,Rashee Rice,2,19.200000000000003,-0.796459802513007,63.1,-2.4909090909090956,0.30427892234548337,-0.3982299012565035
2026,ThreatLevelMidnight,WR,Tre Tucker,1,20.4,-1.22629552857566,63.1,-2.4909090909090956,0.32329635499207604,-1.22629552857566
2026,Uncle Rico,QB,Lamar Jackson,2,44.760000000000005,-4.487272727272728,44.760000000000005,-4.487272727272728,1.0,-2.243636363636364
2026,Uncle Rico,RB,Blake Corum,1,9.7,3.1310271546635176,68.8,4.636363636363633,0.14098837209302326,3.1310271546635176
2026,Uncle Rico,RB,Jonathan Taylor,2,50.8,2.7116206685603608,68.8,4.636363636363633,0.7383720930232558,1.3558103342801804
2026,Uncle Rico,RB,Jonathon Brooks,2,8.3,-1.206284186860245,68.8,4.636363636363633,0.12063953488372095,-0.6031420934301225
2026,Uncle Rico,TE,Colston Loveland,2,0.8,-20.46363636363636,0.8,-20.46363636363636,1.0,-10.23181818181818
2026,Uncle Rico,WR,Nico Collins,1,17.7,-1.7849187236604442,43.3,-24.090909090909086,0.40877598152424943,-1.7849187236604442
2026,Uncle Rico,WR,Rome Odunze,2,12.0,-9.943060604528677,43.3,-24.090909090909086,0.2771362586605081,-4.9715303022643385
2026,Uncle Rico,WR,Chris Godwin Jr.,2,13.6,-12.362929762719963,43.3,-24.090909090909086,0.3140877598152425,-6.1814648813599815
2026,Voldemort,QB,Brock Purdy,2,60.58,12.77090909090909,60.58,12.77090909090909,1.0,6.385454545454545
2026,Voldemort,RB,TreVeyon Henderson,1,13.6,-0.004562227440455639,52.4,-13.254545454545454,0.2595419847328244,-0.004562227440455639
2026,Voldemort,RB,Saquon Barkley,2,11.0,-4.450892543420583,52.4,-13.254545454545454,0.20992366412213742,-2.2254462717102914
2026,Voldemort,RB,Bucky Irving,2,27.8,-8.799090683684415,52.4,-13.254545454545454,0.5305343511450382,-4.399545341842208
2026,Voldemort,TE,Juwan Johnson,1,8.6,-2.536363636363637,8.6,-11.954545454545455,1.0,-2.536363636363637
2026,Voldemort,TE,Kyle Pitts Sr.,1,0.0,-9.418181818181818,8.6,-11.954545454545455,0.0,-9.418181818181818
2026,Voldemort,WR,Jaxon Smith-Njigba,2,60.2,15.151643545042392,86.0,22.490909090909092,0.7000000000000001,7.575821772521196
2026,Voldemort,WR,Jaylen Waddle,2,18.5,8.075418465794455,86.0,22.490909090909092,0.21511627906976744,4.037709232897227
2026,Voldemort,WR,Michael Pittman Jr.,1,7.3,-0.7361529199277539,86.0,22.490909090909092,0.08488372093023255,-0.7361529199277539
2026,malle_dips_pouches,QB,Jared Goff,2,58.22,10.196363636363632,58.22,10.196363636363632,1.0,5.098181818181816
2026,malle_dips_pouches,RB,Jahmyr Gibbs,2,51.400000000000006,14.189307537558134,89.4,27.109090909090906,0.5749440715883669,7.094653768779067
2026,malle_dips_pouches,RB,Ashton Jeanty,2,38.0,12.919783371532771,89.4,27.109090909090906,0.4250559284116331,6.459891685766386
2026,malle_dips_pouches,TE,Tucker Kraft,2,10.5,-9.88181818181818,10.5,-9.88181818181818,1.0,-4.94090909090909
2026,malle_dips_pouches,WR,Jalen Coker,2,40.4,8.528262624006745,76.9,12.56363636363637,0.5253576072821846,4.264131312003372
2026,malle_dips_pouches,WR,Garrett Wilson,2,25.1,2.873687159132151,76.9,12.56363636363637,0.32639791937581275,1.4368435795660754
2026,malle_dips_pouches,WR,Drake London,2,11.4,1.161686580497474,76.9,12.56363636363637,0.14824447334200258,0.580843290248737
