stint_id,year,team,player,name_key,acquisition_type,acquisition_datetime,drop_datetime,acquisition_week,drop_week,player_position,primary_eligible,first_eligible_week,eligibility_reason,eligible_weeks,transaction_owned_weeks,bye_weeks,owned_weeks,score_rows_observed,resolved_owned_weeks,unresolved_owned_weeks,production_points,weeks_with_points,production_resolution_rate,scoring_opportunity_weeks,scoring_production_points,avg_points_per_week,max_week_points,rate_score,sustained_score,waiver_score,waiver_value,meaningful_acquisition,waiver_category,positive_pickup,good_pickup,great_pickup,elite_find,waiver_bust,team_canonical
W00607,2020,Pop Lockett Drop it,James Robinson,jamesrobinson,Waiver,2020-09-10 02:19:00,,1,,RB,True,1,BEFORE_GAME_DATE,13.0,13.0,1.0,12.0,12.0,12.0,0.0,202.8,12.0,1.0,12.0,202.8,16.900000000000002,29.700000000000003,100.0,100.0,100.0,50.0,True,Elite Find,True,True,True,True,False,Pop Lockett Drop it
W00192,2017,Voldemort,Alvin Kamara,alvinkamara,Free Agent,2017-09-28 22:35:00,,4,,RB,True,4,BEFORE_GAME_DATE,10.0,10.0,1.0,9.0,9.0,9.0,0.0,168.60000000000002,9.0,1.0,9.0,168.60000000000002,18.733333333333334,30.8,100.0,100.0,100.0,50.0,True,Elite Find,True,True,True,True,False,Voldemort
W01602,2023,Voldemort,Puka Nacua,pukanacua,Waiver,2023-09-13 03:04:00,,2,,WR,True,2,BEFORE_GAME_DATE,13.0,13.0,1.0,12.0,12.0,12.0,0.0,164.5,12.0,1.0,12.0,164.5,13.708333333333334,26.8,100.0,100.0,100.0,50.0,True,Elite Find,True,True,True,True,False,Voldemort
W01969,2025,ThreatLevelMidnight,Rico Dowdle,ricodowdle,Free Agent,2025-10-03 09:33:00,,5,,RB,True,5,BEFORE_GAME_DATE,10.0,10.0,1.0,9.0,9.0,9.0,0.0,150.0,9.0,1.0,9.0,150.0,16.666666666666668,31.900000000000002,100.0,100.0,100.0,50.0,True,Elite Find,True,True,True,True,False,ThreatLevelMidnight
W01698,2024,Post Mahomes,Darnell Mooney,darnellmooney,Free Agent,2024-09-25 16:03:00,,4,,WR,True,4,BEFORE_GAME_DATE,11.0,11.0,1.0,10.0,10.0,10.0,0.0,116.9,10.0,1.0,10.0,116.9,11.690000000000001,27.0,100.0,100.0,100.0,50.0,True,Elite Find,True,True,True,True,False,Post Mahomes
W01631,2024,Ginger FC,Cade Otton,cadeotton,Waiver,2024-10-02 02:17:00,,5,,TE,True,5,BEFORE_GAME_DATE,10.0,10.0,1.0,9.0,9.0,9.0,0.0,92.7,9.0,1.0,9.0,92.7,10.3,24.6,100.0,100.0,100.0,50.0,True,Elite Find,True,True,True,True,False,Ginger FC
W00113,2017,Post Mahomes,Jimmy Graham,jimmygraham,Waiver,2017-10-07 02:21:00,,5,,TE,True,5,BEFORE_GAME_DATE,9.0,9.0,1.0,8.0,8.0,8.0,0.0,89.1,8.0,1.0,8.0,89.1,11.1375,15.9,100.0,100.0,100.0,50.0,True,Elite Find,True,True,True,True,False,Post Mahomes
W01042,2021,Voldemort,Cordarrelle Patterson,cordarrellepatterson,Waiver,2021-09-22 02:18:00,,3,,RB,True,3,BEFORE_GAME_DATE,12.0,12.0,1.0,11.0,10.0,11.0,0.0,160.5,10.0,1.0,11.0,160.5,14.590909090909092,32.1,97.87234042553192,100.0,99.25531914893617,49.25531914893617,True,Elite Find,True,True,True,True,False,Voldemort
W01544,2023,ThreatLevelMidnight,Sam LaPorta,samlaporta,Free Agent,2023-09-16 08:59:00,,2,,TE,True,2,BEFORE_GAME_DATE,13.0,13.0,1.0,12.0,12.0,12.0,0.0,137.2,12.0,1.0,12.0,137.2,11.433333333333332,24.5,95.83333333333334,100.0,98.54166666666667,48.54166666666667,True,Elite Find,True,True,True,True,False,ThreatLevelMidnight
W00769,2020,Voldemort,Justin Herbert,justinherbert,Free Agent,2020-10-11 18:37:00,,5,,QB,True,5,BEFORE_GAME_DATE,9.0,9.0,1.0,8.0,8.0,8.0,0.0,221.52,8.0,1.0,8.0,221.52,27.69,44.480000000000004,95.65217391304348,100.0,98.47826086956522,48.47826086956522,True,Elite Find,True,True,True,True,False,Voldemort
W01884,2025,Pop Lockett Drop it,Matthew Stafford,matthewstafford,Waiver,2025-10-01 05:01:00,,5,,QB,True,5,BEFORE_GAME_DATE,10.0,10.0,1.0,9.0,9.0,9.0,0.0,243.0,9.0,1.0,9.0,243.0,27.0,37.38,94.11764705882352,100.0,97.94117647058823,47.94117647058823,True,Elite Find,True,True,True,True,False,Pop Lockett Drop it
W00022,2017,Dillon Panthers,Robbie Chosen,robbiechosen,Free Agent,2017-11-01 22:49:00,,9,,WR,True,9,BEFORE_GAME_DATE,5.0,5.0,1.0,4.0,4.0,4.0,0.0,63.300000000000004,4.0,1.0,4.0,63.300000000000004,15.825000000000001,26.6,100.0,96.66666666666667,97.83333333333334,47.83333333333334,True,Elite Find,True,True,True,True,False,Dillon Panthers
W01500,2023,Post Mahomes,Kyren Williams,kyrenwilliams,Waiver,2023-09-13 03:04:00,,2,,RB,True,2,BEFORE_GAME_DATE,13.0,13.0,1.0,12.0,8.0,12.0,0.0,154.10000000000002,8.0,1.0,12.0,154.10000000000002,12.841666666666669,35.400000000000006,93.18181818181817,100.0,97.61363636363636,47.61363636363636,True,Elite Find,True,True,True,True,False,Post Mahomes
W01259,2022,ThreatLevelMidnight,Geno Smith,genosmith,Waiver,2022-10-12 02:44:00,,6,,QB,True,6,BEFORE_GAME_DATE,9.0,9.0,1.0,8.0,8.0,8.0,0.0,185.72,8.0,1.0,8.0,185.72,23.215,29.98,92.3076923076923,100.0,97.3076923076923,47.30769230769231,True,Elite Find,True,True,True,True,False,ThreatLevelMidnight
W00145,2017,ThreatLevelMidnight,Alex Smith,alexsmith,Free Agent,2017-09-20 17:42:00,,3,,QB,True,3,BEFORE_GAME_DATE,11.0,11.0,1.0,10.0,10.0,10.0,0.0,240.9,10.0,1.0,10.0,240.9,24.09,45.64,90.9090909090909,100.0,96.81818181818181,46.81818181818181,True,Elite Find,True,True,True,True,False,ThreatLevelMidnight
W00852,2021,Joe Mantegna,Hunter Renfrow,hunterrenfrow,Waiver,2021-09-29 02:20:00,,4,,WR,True,4,BEFORE_GAME_DATE,11.0,11.0,1.0,10.0,10.0,10.0,0.0,125.0,10.0,1.0,10.0,125.0,12.5,22.200000000000003,90.9090909090909,100.0,96.81818181818181,46.81818181818181,True,Elite Find,True,True,True,True,False,Joe Mantegna
W01216,2022,Post Mahomes,Kenneth Walker III,kennethwalker,Waiver,2022-10-12 02:44:00,,6,,RB,True,6,BEFORE_GAME_DATE,9.0,9.0,1.0,8.0,7.0,8.0,0.0,115.0,7.0,1.0,8.0,115.0,14.375,28.7,90.9090909090909,100.0,96.81818181818181,46.81818181818181,True,Elite Find,True,True,True,True,False,Post Mahomes
W00365,2019,Post Mahomes,DJ Chark,djchark,Free Agent,2019-09-18 03:19:00,,3,,WR,True,3,BEFORE_GAME_DATE,11.0,11.0,1.0,10.0,10.0,10.0,0.0,108.0,10.0,1.0,10.0,108.0,10.8,28.400000000000002,90.9090909090909,100.0,96.81818181818181,46.81818181818181,True,Elite Find,True,True,True,True,False,Post Mahomes
W00494,2019,Voldemort,Hunter Henry,hunterhenry,Free Agent,2019-09-27 20:57:00,,4,,TE,True,4,BEFORE_GAME_DATE,10.0,10.0,1.0,9.0,7.0,9.0,0.0,63.7,7.0,1.0,9.0,63.7,7.077777777777778,22.0,90.0,100.0,96.5,46.5,True,Elite Find,True,True,True,True,False,Voldemort
W00329,2019,Pop Lockett Drop it,Courtland Sutton,courtlandsutton,Waiver,2019-10-02 03:50:00,,5,,WR,True,5,BEFORE_GAME_DATE,9.0,9.0,1.0,8.0,8.0,8.0,0.0,86.92,8.0,1.0,8.0,86.92,10.865,19.4,93.93939393939394,96.96969696969697,95.9090909090909,45.90909090909091,True,Elite Find,True,True,True,True,False,Pop Lockett Drop it
W00929,2021,Post Mahomes,Darrel Williams,darrelwilliams,Waiver,2021-10-13 02:21:00,2021-12-30 11:48:00,6,,RB,True,6,BEFORE_GAME_DATE,9.0,9.0,1.0,8.0,8.0,8.0,0.0,101.0,8.0,1.0,8.0,101.0,12.625,24.9,95.74468085106383,95.74468085106383,95.74468085106383,45.74468085106383,True,Elite Find,True,True,True,True,False,Post Mahomes
W01328,2022,Voldemort,Christian Watson,christianwatson,Waiver,2022-11-16 02:37:00,,11,,WR,True,11,BEFORE_GAME_DATE,4.0,4.0,1.0,3.0,3.0,3.0,0.0,61.0,3.0,1.0,3.0,61.0,20.333333333333332,22.9,100.0,93.33333333333333,95.66666666666666,45.66666666666666,True,Elite Find,True,True,True,True,False,Voldemort
W00513,2019,Voldemort,Ronald Jones,ronaldjones,Free Agent,2019-09-25 06:27:00,2019-11-03 08:25:00,4,9,RB,True,4,BEFORE_GAME_DATE,6.0,6.0,1.0,5.0,5.0,5.0,0.0,46.2,5.0,1.0,5.0,46.2,9.24,14.200000000000001,86.36363636363636,100.0,95.22727272727272,45.22727272727272,True,Elite Find,True,True,True,True,False,Voldemort
W00133,2017,The Big Gronkowski,Evan Engram,evanengram,Waiver,2017-09-30 02:25:00,,4,,TE,True,4,BEFORE_GAME_DATE,10.0,10.0,1.0,9.0,9.0,9.0,0.0,73.1,8.0,1.0,9.0,73.1,8.122222222222222,15.9,91.42857142857143,97.14285714285714,95.14285714285714,45.14285714285714,True,Elite Find,True,True,True,True,False,The Big Gronkowski
W00431,2019,ThreatLevelMidnight,Jared Cook,jaredcook,Free Agent,2019-11-13 04:32:00,,11,,TE,True,11,BEFORE_GAME_DATE,3.0,3.0,0.0,3.0,3.0,3.0,0.0,33.7,3.0,1.0,3.0,33.7,11.233333333333334,15.9,96.66666666666667,93.33333333333333,94.5,44.5,True,Elite Find,True,True,True,True,False,ThreatLevelMidnight
W00796,2020,malle_dips_pouches,Kirk Cousins,kirkcousins,Free Agent,2020-10-15 22:37:00,,6,,QB,True,6,BEFORE_GAME_DATE,8.0,8.0,1.0,7.0,7.0,7.0,0.0,184.04,7.0,1.0,7.0,184.04,26.291428571428572,32.72,91.30434782608695,95.65217391304348,94.13043478260869,44.13043478260869,True,Elite Find,True,True,True,True,False,malle_dips_pouches
W01314,2022,Uncle Rico,Tua Tagovailoa,tuatagovailoa,Free Agent,2022-10-19 06:09:00,,7,,QB,True,7,BEFORE_GAME_DATE,8.0,8.0,1.0,7.0,7.0,7.0,0.0,164.96,7.0,1.0,7.0,164.96,23.565714285714286,35.18,96.15384615384616,92.3076923076923,93.65384615384616,43.65384615384616,True,Elite Find,True,True,True,True,False,Uncle Rico
W01672,2024,Patty Primetimes,Tyrone Tracy Jr.,tyronetracy,Waiver,2024-10-09 02:16:00,,6,,RB,True,6,BEFORE_GAME_DATE,9.0,9.0,1.0,8.0,8.0,8.0,0.0,106.0,8.0,1.0,8.0,106.0,13.25,22.0,93.54838709677419,93.54838709677419,93.54838709677419,43.54838709677419,True,Elite Find,True,True,True,True,False,Patty Primetimes
W01773,2024,ThreatLevelMidnight,Tucker Kraft,tuckerkraft,Waiver,2024-10-02 02:17:00,,5,,TE,True,5,BEFORE_GAME_DATE,10.0,10.0,1.0,9.0,9.0,9.0,0.0,89.0,8.0,1.0,9.0,89.0,9.88888888888889,22.8,93.33333333333333,93.33333333333333,93.33333333333333,43.33333333333333,True,Elite Find,True,True,True,True,False,ThreatLevelMidnight
W01643,2024,Joe Mantegna,Bucky Irving,buckyirving,Waiver,2024-09-11 02:10:00,,2,,RB,True,2,BEFORE_GAME_DATE,13.0,13.0,1.0,12.0,12.0,12.0,0.0,146.9,12.0,1.0,12.0,146.9,12.241666666666667,26.0,80.64516129032258,100.0,93.2258064516129,43.2258064516129,True,Elite Find,True,True,True,True,False,Joe Mantegna
W01393,2023,Ginger FC,Brock Purdy,brockpurdy,Free Agent,2023-10-01 14:09:00,,4,,QB,True,4,SAME_DAY_AS_GAME,11.0,11.0,1.0,10.0,10.0,10.0,0.0,247.07999999999998,10.0,1.0,10.0,247.07999999999998,24.708,37.46,100.0,88.88888888888889,92.77777777777777,42.77777777777777,True,Elite Find,True,True,True,True,False,Ginger FC
W00697,2020,ThreatLevelMidnight,Mike Davis,mikedavis,Waiver,2020-09-23 04:25:00,,3,,RB,True,3,BEFORE_GAME_DATE,11.0,11.0,1.0,10.0,10.0,10.0,0.0,125.8,10.0,1.0,10.0,125.8,12.58,25.4,82.6923076923077,98.07692307692307,92.69230769230768,42.69230769230768,True,Elite Find,True,True,True,True,False,ThreatLevelMidnight
W01461,2023,Pop Lockett Drop it,C.J. Stroud,cjstroud,Free Agent,2023-09-21 15:09:00,,3,,QB,True,3,BEFORE_GAME_DATE,12.0,12.0,1.0,11.0,11.0,11.0,0.0,251.4,11.0,1.0,11.0,251.4,22.854545454545455,51.8,88.88888888888889,94.44444444444444,92.5,42.5,True,Elite Find,True,True,True,True,False,Pop Lockett Drop it
W01183,2022,Pop Lockett Drop it,Justin Fields,justinfields,Waiver,2022-11-02 02:34:00,,9,,QB,True,9,BEFORE_GAME_DATE,6.0,6.0,1.0,5.0,4.0,5.0,0.0,139.98000000000002,4.0,1.0,5.0,139.98000000000002,27.996000000000002,48.72,100.0,88.46153846153845,92.5,42.5,True,Elite Find,True,True,True,True,False,Pop Lockett Drop it
W01551,2023,ThreatLevelMidnight,Zack Moss,zackmoss,Free Agent,2023-09-13 08:15:00,2023-11-12 20:46:00,2,10,RB,True,2,BEFORE_GAME_DATE,9.0,9.0,0.0,9.0,9.0,9.0,0.0,120.0,9.0,1.0,9.0,120.0,13.333333333333334,32.5,95.45454545454545,90.9090909090909,92.5,42.5,True,Elite Find,True,True,True,True,False,ThreatLevelMidnight
W00577,2020,Joe Mantegna,Logan Thomas,loganthomas,Waiver,2020-09-16 04:08:00,,2,,TE,True,2,BEFORE_GAME_DATE,12.0,12.0,1.0,11.0,11.0,11.0,0.0,84.02000000000001,11.0,1.0,11.0,84.02000000000001,7.6381818181818195,20.3,78.57142857142857,100.0,92.5,42.5,True,Elite Find,True,True,True,True,False,Joe Mantegna
W00337,2019,Pop Lockett Drop it,Latavius Murray,lataviusmurray,Free Agent,2019-10-13 10:49:00,2019-10-23 13:57:00,6,8,RB,True,6,SAME_DAY_AS_GAME,3.0,2.0,0.0,2.0,3.0,2.0,0.0,34.9,2.0,1.0,2.0,34.9,17.45,27.0,95.45454545454545,90.9090909090909,92.5,42.5,True,Elite Find,True,True,True,True,False,Pop Lockett Drop it
W01840,2025,Joe Mantegna,Wan'Dale Robinson,wandalerobinson,Waiver,2025-09-17 04:40:00,,3,,WR,True,3,BEFORE_GAME_DATE,12.0,12.0,1.0,11.0,11.0,11.0,0.0,104.80000000000001,11.0,1.0,11.0,104.80000000000001,9.52727272727273,26.1,78.26086956521739,100.0,92.3913043478261,42.39130434782609,True,Elite Find,True,True,True,True,False,Joe Mantegna
W01077,2021,malle_dips_pouches,Devonta Freeman,devontafreeman,Free Agent,2021-11-06 11:20:00,,9,,RB,True,9,BEFORE_GAME_DATE,6.0,6.0,0.0,6.0,6.0,6.0,0.0,74.0,6.0,1.0,6.0,74.0,12.333333333333334,18.200000000000003,93.61702127659575,91.48936170212765,92.2340425531915,42.2340425531915,True,Elite Find,True,True,True,True,False,malle_dips_pouches
W01565,2023,Uncle Rico,Jordan Love,jordanlove,Free Agent,2023-09-13 08:16:00,,2,,QB,True,2,BEFORE_GAME_DATE,13.0,13.0,1.0,12.0,12.0,12.0,0.0,258.66,12.0,1.0,12.0,258.66,21.555000000000003,32.62,77.77777777777779,100.0,92.22222222222223,42.22222222222223,True,Elite Find,True,True,True,True,False,Uncle Rico
W00811,2021,Big Sack Jack,Dallas Goedert,dallasgoedert,Free Agent,2021-10-21 11:56:00,,7,,TE,True,7,BEFORE_GAME_DATE,8.0,8.0,1.0,7.0,7.0,7.0,0.0,65.0,7.0,1.0,7.0,65.0,9.285714285714286,25.5,77.77777777777779,100.0,92.22222222222223,42.22222222222223,True,Elite Find,True,True,True,True,False,Big Sack Jack
W00024,2017,Ginger FC,Alex Collins,alexcollins,Waiver,2017-10-11 02:28:00,,6,,RB,True,6,BEFORE_GAME_DATE,8.0,8.0,1.0,7.0,7.0,7.0,0.0,75.9,7.0,1.0,7.0,75.9,10.842857142857143,21.8,87.17948717948718,94.87179487179486,92.17948717948718,42.17948717948718,True,Elite Find,True,True,True,True,False,Ginger FC
W01792,2024,Voldemort,DeAndre Hopkins,deandrehopkins,Waiver,2024-10-24 02:13:00,,8,,WR,True,8,BEFORE_GAME_DATE,7.0,7.0,0.0,7.0,7.0,7.0,0.0,74.7,7.0,1.0,7.0,74.7,10.671428571428573,24.6,95.23809523809523,90.47619047619048,92.14285714285714,42.14285714285714,True,Elite Find,True,True,True,True,False,Voldemort
W00362,2019,Post Mahomes,DeVante Parker,devanteparker,Free Agent,2019-11-06 03:46:00,,10,,WR,True,10,BEFORE_GAME_DATE,4.0,4.0,0.0,4.0,4.0,4.0,0.0,57.4,4.0,1.0,4.0,57.4,14.35,27.9,100.0,87.87878787878788,92.12121212121212,42.121212121212125,True,Elite Find,True,True,True,True,False,Post Mahomes
W00973,2021,ThreatLevelMidnight,Elijah Mitchell,elijahmitchell,Waiver,2021-09-15 02:20:00,,2,,RB,True,2,BEFORE_GAME_DATE,13.0,13.0,1.0,12.0,8.0,12.0,0.0,110.60000000000001,8.0,1.0,12.0,110.60000000000001,9.216666666666667,25.3,80.85106382978722,97.87234042553192,91.91489361702128,41.91489361702128,True,Great Pickup,True,True,True,False,False,ThreatLevelMidnight
W01782,2024,Uncle Rico,Jauan Jennings,jauanjennings,Waiver,2024-09-25 02:17:00,,4,,WR,True,4,BEFORE_GAME_DATE,11.0,11.0,1.0,10.0,8.0,10.0,0.0,87.30000000000001,8.0,1.0,10.0,87.30000000000001,8.73,24.5,85.71428571428571,95.23809523809523,91.9047619047619,41.9047619047619,True,Great Pickup,True,True,True,False,False,Uncle Rico
W00846,2021,Joe Mantegna,Brandon Aiyuk,brandonaiyuk,Free Agent,2021-11-04 19:43:00,,9,,WR,True,9,BEFORE_GAME_DATE,6.0,6.0,0.0,6.0,6.0,6.0,0.0,71.4,6.0,1.0,6.0,71.4,11.9,18.0,87.87878787878788,93.93939393939394,91.81818181818181,41.81818181818181,True,Great Pickup,True,True,True,False,False,Joe Mantegna
W00800,2020,malle_dips_pouches,Robbie Chosen,robbiechosen,Waiver,2020-09-16 04:08:00,,2,,WR,True,2,BEFORE_GAME_DATE,12.0,12.0,1.0,11.0,11.0,11.0,0.0,118.6,11.0,1.0,11.0,118.6,10.781818181818181,17.4,76.47058823529412,100.0,91.76470588235294,41.76470588235294,True,Great Pickup,True,True,True,False,False,malle_dips_pouches
W00251,2017,malle_dips_pouches,Latavius Murray,lataviusmurray,Waiver,2017-10-25 02:38:00,,8,,RB,True,8,BEFORE_GAME_DATE,6.0,6.0,1.0,5.0,5.0,5.0,0.0,63.2,5.0,1.0,5.0,63.2,12.64,21.6,94.87179487179486,89.74358974358975,91.53846153846155,41.53846153846155,True,Great Pickup,True,True,True,False,False,malle_dips_pouches
W01562,2023,Uncle Rico,Gus Edwards,gusedwards,Waiver,2023-09-02 02:12:00,,1,,RB,True,1,BEFORE_GAME_DATE,14.0,14.0,1.0,13.0,13.0,13.0,0.0,140.5,13.0,1.0,13.0,140.5,10.807692307692308,28.4,79.54545454545455,97.72727272727273,91.36363636363637,41.363636363636374,True,Great Pickup,True,True,True,False,False,Uncle Rico
W01735,2024,ThreatLevelMidnight,Baker Mayfield,bakermayfield,Waiver,2024-09-11 02:10:00,,2,,QB,True,2,BEFORE_GAME_DATE,13.0,13.0,1.0,12.0,12.0,12.0,0.0,290.6,12.0,1.0,12.0,290.6,24.21666666666667,36.9,75.0,100.0,91.25,41.25,True,Great Pickup,True,True,True,False,False,ThreatLevelMidnight
W01018,2021,Uncle Rico,Jimmy Garoppolo,jimmygaroppolo,Free Agent,2021-11-21 10:55:00,,11,,QB,True,11,SAME_DAY_AS_GAME,4.0,4.0,0.0,4.0,4.0,4.0,0.0,79.94,4.0,1.0,4.0,79.94,19.985,24.14,75.0,100.0,91.25,41.25,True,Great Pickup,True,True,True,False,False,Uncle Rico
W00279,2019,Ginger FC,Kirk Cousins,kirkcousins,Free Agent,2019-10-17 08:01:00,,7,,QB,True,7,BEFORE_GAME_DATE,7.0,7.0,1.0,6.0,6.0,6.0,0.0,150.32,6.0,1.0,6.0,150.32,25.05333333333333,37.22,90.9090909090909,90.9090909090909,90.9090909090909,40.90909090909091,True,Great Pickup,True,True,True,False,False,Ginger FC
W00468,2019,Uncle Rico,Greg Olsen,gregolsen,Waiver,2019-09-18 04:32:00,,3,,TE,True,3,BEFORE_GAME_DATE,11.0,11.0,1.0,10.0,10.0,10.0,0.0,52.6,9.0,1.0,10.0,52.6,5.26,19.5,80.0,96.66666666666667,90.83333333333334,40.83333333333334,True,Great Pickup,True,True,True,False,False,Uncle Rico
W01359,2022,Voldemort,Samaje Perine,samajeperine,Free Agent,2022-09-28 03:19:00,2022-12-21 07:44:00,4,,RB,True,4,NO_NFL_TEAM_MATCH,11.0,11.0,1.0,10.0,10.0,10.0,0.0,94.0,9.0,1.0,10.0,94.0,9.4,28.200000000000003,78.78787878787878,96.96969696969697,90.6060606060606,40.606060606060595,True,Great Pickup,True,True,True,False,False,Voldemort
W00275,2019,Ginger FC,Jameis Winston,jameiswinston,Waiver,2019-10-02 03:50:00,,5,,QB,True,5,BEFORE_GAME_DATE,9.0,9.0,1.0,8.0,8.0,8.0,0.0,178.28,8.0,1.0,8.0,178.28,22.285,32.32,72.72727272727273,100.0,90.45454545454545,40.45454545454545,True,Great Pickup,True,True,True,False,False,Ginger FC
W01083,2021,malle_dips_pouches,Sam Darnold,samdarnold,Free Agent,2021-10-03 11:38:00,2021-10-20 02:20:00,4,7,QB,True,4,SAME_DAY_AS_GAME,4.0,3.0,0.0,3.0,4.0,3.0,0.0,66.69999999999999,3.0,1.0,3.0,66.69999999999999,22.23333333333333,37.54,85.71428571428571,92.85714285714286,90.35714285714286,40.35714285714286,True,Great Pickup,True,True,True,False,False,malle_dips_pouches
W00742,2020,Uncle Rico,Robert Tonyan,roberttonyan,Waiver,2020-10-07 03:52:00,,5,,TE,True,6,BYE_ACQUISITION_WEEK,8.0,8.0,0.0,8.0,8.0,8.0,0.0,64.4,8.0,1.0,8.0,64.4,8.05,15.2,85.71428571428571,92.85714285714286,90.35714285714286,40.35714285714286,True,Great Pickup,True,True,True,False,False,Uncle Rico
W01844,2025,Malle ❤️ 🐸,Dalton Schultz,daltonschultz,Free Agent,2025-09-12 14:59:00,,2,,TE,True,2,BEFORE_GAME_DATE,13.0,13.0,1.0,12.0,12.0,12.0,0.0,90.10000000000001,12.0,1.0,12.0,90.10000000000001,7.508333333333334,14.8,72.22222222222221,100.0,90.27777777777777,40.27777777777777,True,Great Pickup,True,True,True,False,False,Malle ❤️ 🐸
W01536,2023,ThreatLevelMidnight,Jerome Ford,jeromeford,Waiver,2023-09-20 03:01:00,,3,,RB,True,3,BEFORE_GAME_DATE,12.0,12.0,1.0,11.0,11.0,11.0,0.0,121.8,11.0,1.0,11.0,121.8,11.072727272727272,18.1,84.0909090909091,93.18181818181817,90.0,40.0,True,Great Pickup,True,True,True,False,False,ThreatLevelMidnight
W00617,2020,Pop Lockett Drop it,Tee Higgins,teehiggins,Waiver,2020-09-30 03:46:00,,4,,WR,True,4,BEFORE_GAME_DATE,10.0,10.0,1.0,9.0,9.0,9.0,0.0,106.7,9.0,1.0,9.0,106.7,11.855555555555556,19.0,82.35294117647058,94.11764705882352,89.99999999999999,39.999999999999986,True,Great Pickup,True,True,True,False,False,Pop Lockett Drop it
W01255,2022,ThreatLevelMidnight,D'Onta Foreman,dontaforeman,Free Agent,2022-10-20 22:36:00,,7,,RB,True,7,BEFORE_GAME_DATE,8.0,8.0,1.0,7.0,7.0,7.0,0.0,91.10000000000001,7.0,1.0,7.0,91.10000000000001,13.014285714285716,31.8,87.87878787878788,90.9090909090909,89.84848484848484,39.848484848484844,True,Great Pickup,True,True,True,False,False,ThreatLevelMidnight
W01207,2022,Post Mahomes,Gerald Everett,geraldeverett,Free Agent,2022-09-14 09:44:00,,2,,TE,True,2,BEFORE_GAME_DATE,13.0,13.0,1.0,12.0,11.0,12.0,0.0,74.10000000000001,11.0,1.0,12.0,74.10000000000001,6.175000000000001,14.600000000000001,70.96774193548387,100.0,89.83870967741936,39.83870967741936,True,Great Pickup,True,True,True,False,False,Post Mahomes
W00112,2017,Post Mahomes,Jermaine Kearse,jermainekearse,Free Agent,2017-09-20 09:12:00,,3,,WR,True,3,BEFORE_GAME_DATE,11.0,11.0,1.0,10.0,10.0,10.0,0.0,73.4,10.0,1.0,10.0,73.4,7.340000000000001,16.5,70.0,100.0,89.5,39.5,True,Great Pickup,True,True,True,False,False,Post Mahomes
W01709,2024,Post Mahomes,Kareem Hunt,kareemhunt,Free Agent,2024-09-18 07:22:00,,3,,RB,True,3,BEFORE_GAME_DATE,12.0,12.0,1.0,11.0,10.0,11.0,0.0,115.60000000000001,10.0,1.0,11.0,115.60000000000001,10.50909090909091,21.3,74.19354838709677,96.7741935483871,88.87096774193549,38.87096774193549,True,Great Pickup,True,True,True,False,False,Post Mahomes
W00505,2019,Voldemort,Michael Gallup,michaelgallup,Free Agent,2019-10-02 07:10:00,,5,,WR,True,5,BEFORE_GAME_DATE,9.0,9.0,1.0,8.0,8.0,8.0,0.0,75.0,8.0,1.0,8.0,75.0,9.375,17.3,84.84848484848484,90.9090909090909,88.78787878787878,38.78787878787878,True,Great Pickup,True,True,True,False,False,Voldemort
W01964,2025,ThreatLevelMidnight,Michael Wilson,michaelwilson,Free Agent,2025-11-12 11:37:00,,11,,WR,True,11,BEFORE_GAME_DATE,4.0,4.0,0.0,4.0,4.0,4.0,0.0,79.6,4.0,1.0,4.0,79.6,19.9,31.700000000000003,100.0,82.6086956521739,88.69565217391303,38.69565217391303,True,Great Pickup,True,True,True,False,False,ThreatLevelMidnight
W01814,2025,Buttermilk Puuump,Kyle Pitts Sr.,kylepitts,Free Agent,2025-09-17 19:35:00,,3,,TE,True,3,BEFORE_GAME_DATE,12.0,12.0,1.0,11.0,11.0,11.0,0.0,85.0,11.0,1.0,11.0,85.0,7.7272727272727275,15.5,77.77777777777779,94.44444444444444,88.61111111111111,38.611111111111114,True,Great Pickup,True,True,True,False,False,Buttermilk Puuump
W00789,2020,malle_dips_pouches,Corey Davis,coreydavis,Free Agent,2020-10-28 17:14:00,,8,,WR,True,8,BEFORE_GAME_DATE,6.0,6.0,0.0,6.0,6.0,6.0,0.0,84.0,5.0,1.0,6.0,84.0,14.0,29.7,100.0,82.35294117647058,88.52941176470588,38.529411764705884,True,Great Pickup,True,True,True,False,False,malle_dips_pouches
W00002,2017,Big Sack Jack,Chris Thompson,christhompson,Waiver,2017-09-20 02:23:00,2017-12-07 18:21:00,3,,RB,True,3,BEFORE_GAME_DATE,11.0,11.0,0.0,11.0,8.0,11.0,0.0,82.2,8.0,1.0,11.0,82.2,7.472727272727273,24.8,71.7948717948718,97.43589743589743,88.46153846153847,38.46153846153847,True,Great Pickup,True,True,True,False,False,Big Sack Jack
W01333,2022,Voldemort,Curtis Samuel,curtissamuel,Waiver,2022-09-14 02:40:00,,2,,WR,True,2,BEFORE_GAME_DATE,13.0,13.0,1.0,12.0,12.0,12.0,0.0,108.2,12.0,1.0,12.0,108.2,9.016666666666667,19.4,66.66666666666666,100.0,88.33333333333333,38.33333333333333,True,Great Pickup,True,True,True,False,False,Voldemort
W01402,2023,Ginger FC,De'Von Achane,devonachane,Free Agent,2023-09-10 14:33:00,,1,,RB,True,1,SAME_DAY_AS_GAME,14.0,14.0,1.0,13.0,7.0,13.0,0.0,131.6,7.0,1.0,13.0,131.6,10.123076923076923,49.3,75.0,95.45454545454545,88.29545454545455,38.29545454545455,True,Great Pickup,True,True,True,False,False,Ginger FC
W00147,2017,ThreatLevelMidnight,Cameron Brate,cameronbrate,Waiver,2017-09-27 02:24:00,2017-11-24 10:59:00,4,12,TE,True,4,BEFORE_GAME_DATE,9.0,8.0,0.0,8.0,9.0,8.0,0.0,55.900000000000006,8.0,1.0,8.0,55.900000000000006,6.987500000000001,14.0,77.14285714285715,94.28571428571428,88.28571428571429,38.28571428571429,True,Great Pickup,True,True,True,False,False,ThreatLevelMidnight
W01096,2022,Ginger FC,Dalton Schultz,daltonschultz,Waiver,2022-10-26 02:36:00,,8,,TE,True,8,BEFORE_GAME_DATE,7.0,7.0,1.0,6.0,6.0,6.0,0.0,61.6,6.0,1.0,6.0,61.6,10.266666666666667,17.1,90.32258064516128,87.09677419354838,88.2258064516129,38.2258064516129,True,Great Pickup,True,True,True,False,False,Ginger FC
W00585,2020,Malle ❤️ 🐸,Mike Gesicki,mikegesicki,Free Agent,2020-11-12 18:30:00,,10,,TE,True,10,BEFORE_GAME_DATE,4.0,4.0,0.0,4.0,4.0,4.0,0.0,41.1,4.0,1.0,4.0,41.1,10.275,19.3,92.85714285714286,85.71428571428571,88.21428571428572,38.21428571428572,True,Great Pickup,True,True,True,False,False,Malle ❤️ 🐸
W00215,2017,Voldemort,Jared Goff,jaredgoff,Free Agent,2017-11-01 04:03:00,,9,,QB,True,9,BEFORE_GAME_DATE,5.0,5.0,0.0,5.0,5.0,5.0,0.0,123.6,5.0,1.0,5.0,123.6,24.72,36.44,100.0,81.81818181818183,88.18181818181819,38.18181818181819,True,Great Pickup,True,True,True,False,False,Voldemort
W00396,2019,The Big Gronkowski,Latavius Murray,lataviusmurray,Waiver,2019-10-26 03:01:00,2019-10-30 04:08:00,8,9,RB,True,8,BEFORE_GAME_DATE,2.0,1.0,0.0,1.0,1.0,1.0,0.0,27.700000000000003,1.0,1.0,1.0,27.700000000000003,27.700000000000003,27.700000000000003,100.0,81.81818181818183,88.18181818181819,38.18181818181819,True,Great Pickup,True,True,True,False,False,The Big Gronkowski
W01761,2024,ThreatLevelMidnight,Jordan Mason,jordanmason,Free Agent,2024-09-08 07:13:00,2024-11-03 09:28:00,1,9,RB,True,1,BEFORE_GAME_DATE,9.0,8.0,0.0,8.0,8.0,8.0,0.0,98.10000000000001,8.0,1.0,8.0,98.10000000000001,12.262500000000001,23.0,83.87096774193549,90.32258064516128,88.06451612903226,38.064516129032256,True,Great Pickup,True,True,True,False,False,ThreatLevelMidnight
W00718,2020,ThreatLevelMidnight,Wayne Gallman,waynegallman,Free Agent,2020-11-08 11:55:00,,9,,RB,True,9,SAME_DAY_AS_GAME,5.0,5.0,1.0,4.0,4.0,4.0,0.0,62.8,4.0,1.0,4.0,62.8,15.7,18.5,94.23076923076923,84.61538461538461,87.98076923076923,37.980769230769226,True,Great Pickup,True,True,True,False,False,ThreatLevelMidnight
W01415,2023,Ginger FC,Rashee Rice,rasheerice,Free Agent,2023-09-13 06:20:00,,2,,WR,True,2,BEFORE_GAME_DATE,13.0,13.0,1.0,12.0,12.0,12.0,0.0,119.4,12.0,1.0,12.0,119.4,9.950000000000001,20.700000000000003,78.57142857142857,92.85714285714286,87.85714285714286,37.85714285714286,True,Great Pickup,True,True,True,False,False,Ginger FC
W00547,2020,Ginger FC,Chase Edmonds,chaseedmonds,Waiver,2020-10-07 03:52:00,,5,,RB,True,5,BEFORE_GAME_DATE,9.0,9.0,1.0,8.0,8.0,8.0,0.0,83.1,8.0,1.0,8.0,83.1,10.3875,18.0,75.0,94.23076923076923,87.5,37.5,True,Great Pickup,True,True,True,False,False,Ginger FC
W01300,2022,Uncle Rico,Evan Engram,evanengram,Free Agent,2022-12-07 09:40:00,,14,,TE,True,14,BEFORE_GAME_DATE,1.0,1.0,0.0,1.0,1.0,1.0,0.0,33.7,1.0,1.0,1.0,33.7,33.7,33.7,100.0,80.64516129032258,87.41935483870968,37.41935483870968,True,Great Pickup,True,True,True,False,False,Uncle Rico
W01449,2023,Patty Primetimes,Jake Ferguson,jakeferguson,Free Agent,2023-11-01 10:13:00,,9,,TE,True,9,BEFORE_GAME_DATE,6.0,6.0,0.0,6.0,6.0,6.0,0.0,64.3,6.0,1.0,6.0,64.3,10.716666666666667,18.6,79.16666666666666,91.66666666666666,87.29166666666666,37.29166666666666,True,Great Pickup,True,True,True,False,False,Patty Primetimes
W01434,2023,Joe Mantegna,Sam Howell,samhowell,Waiver,2023-10-04 02:50:00,2023-12-28 05:40:00,5,,QB,True,5,BEFORE_GAME_DATE,10.0,10.0,1.0,9.0,9.0,9.0,0.0,217.3,9.0,1.0,9.0,217.3,24.144444444444446,39.980000000000004,94.44444444444444,83.33333333333334,87.22222222222223,37.22222222222223,True,Great Pickup,True,True,True,False,False,Joe Mantegna
W01912,2025,Post Mahomes,Kimani Vidal,kimanividal,Free Agent,2025-10-08 02:34:00,,6,,RB,True,6,BEFORE_GAME_DATE,9.0,9.0,1.0,8.0,8.0,8.0,0.0,99.60000000000001,8.0,1.0,8.0,99.60000000000001,12.450000000000001,21.3,80.95238095238095,90.47619047619048,87.14285714285714,37.14285714285714,True,Great Pickup,True,True,True,False,False,Post Mahomes
W00359,2019,Post Mahomes,Deebo Samuel Sr.,deebosamuel,Free Agent,2019-11-13 10:36:00,,11,,WR,True,11,BEFORE_GAME_DATE,3.0,3.0,0.0,3.0,3.0,3.0,0.0,36.5,3.0,1.0,3.0,36.5,12.166666666666666,13.4,96.96969696969697,81.81818181818183,87.12121212121212,37.121212121212125,True,Great Pickup,True,True,True,False,False,Post Mahomes
W01384,2023,Buttermilk Puuump,Cole Kmet,colekmet,Free Agent,2023-09-07 16:06:00,,1,,TE,True,1,BEFORE_GAME_DATE,14.0,14.0,1.0,13.0,13.0,13.0,0.0,115.5,12.0,1.0,13.0,115.5,8.884615384615385,24.1,70.83333333333334,95.83333333333334,87.08333333333334,37.08333333333334,True,Great Pickup,True,True,True,False,False,Buttermilk Puuump
W00336,2019,Pop Lockett Drop it,Kyle Rudolph,kylerudolph,Free Agent,2019-10-23 13:57:00,2019-11-13 03:57:00,8,11,TE,True,8,BEFORE_GAME_DATE,4.0,3.0,0.0,3.0,4.0,3.0,0.0,25.4,3.0,1.0,3.0,25.4,8.466666666666667,15.4,93.33333333333333,83.33333333333334,86.83333333333334,36.83333333333334,True,Good Pickup,True,True,False,False,False,Pop Lockett Drop it
W00757,2020,Voldemort,Darrell Henderson Jr.,darrellhenderson,Waiver,2020-09-23 04:25:00,,3,,RB,True,3,BEFORE_GAME_DATE,11.0,11.0,1.0,10.0,10.0,10.0,0.0,95.10000000000001,10.0,1.0,10.0,95.10000000000001,9.510000000000002,20.3,69.23076923076923,96.15384615384616,86.73076923076923,36.730769230769226,True,Good Pickup,True,True,False,False,False,Voldemort
W00842,2021,Ginger FC,Zach Ertz,zachertz,Waiver,2021-10-23 02:14:00,,7,,TE,True,7,BEFORE_GAME_DATE,8.0,8.0,1.0,7.0,7.0,7.0,0.0,64.5,7.0,1.0,7.0,64.5,9.214285714285714,24.8,72.22222222222221,94.44444444444444,86.66666666666667,36.66666666666667,True,Good Pickup,True,True,False,False,False,Ginger FC
W01206,2022,Post Mahomes,Garrett Wilson,garrettwilson,Waiver,2022-11-09 02:35:00,,10,,WR,True,11,BYE_ACQUISITION_WEEK,4.0,4.0,0.0,4.0,4.0,4.0,0.0,57.099999999999994,4.0,1.0,4.0,57.099999999999994,14.274999999999999,23.9,86.66666666666667,86.66666666666667,86.66666666666667,36.66666666666667,True,Good Pickup,True,True,False,False,False,Post Mahomes
W00260,2019,Big Sack Jack,Jack Doyle,jackdoyle,Waiver,2019-11-06 04:16:00,,10,,TE,True,10,BEFORE_GAME_DATE,4.0,4.0,0.0,4.0,4.0,4.0,0.0,26.5,3.0,1.0,4.0,26.5,6.625,13.3,86.66666666666667,86.66666666666667,86.66666666666667,36.66666666666667,True,Good Pickup,True,True,False,False,False,Big Sack Jack
W00300,2019,Malle ❤️ 🐸,Ryan Tannehill,ryantannehill,Free Agent,2019-10-26 15:02:00,2019-11-14 17:19:00,8,11,QB,True,8,BEFORE_GAME_DATE,4.0,3.0,0.0,3.0,3.0,3.0,0.0,75.4,3.0,1.0,3.0,75.4,25.133333333333336,27.040000000000003,95.45454545454545,81.81818181818183,86.5909090909091,36.59090909090909,True,Good Pickup,True,True,False,False,False,Malle ❤️ 🐸
W01355,2022,Voldemort,Raheem Mostert,raheemmostert,Free Agent,2022-09-21 03:32:00,,3,,RB,True,3,BEFORE_GAME_DATE,12.0,12.0,1.0,11.0,10.0,11.0,0.0,93.5,10.0,1.0,11.0,93.5,8.5,18.9,72.72727272727273,93.93939393939394,86.51515151515152,36.515151515151516,True,Good Pickup,True,True,False,False,False,Voldemort
W00039,2017,Ginger FC,Marqise Lee,marqiselee,Free Agent,2017-10-18 10:53:00,,7,,WR,True,7,BEFORE_GAME_DATE,7.0,7.0,1.0,6.0,6.0,6.0,0.0,54.6,6.0,1.0,6.0,54.6,9.1,14.6,80.0,90.0,86.5,36.5,True,Good Pickup,True,True,False,False,False,Ginger FC
W00106,2017,Post Mahomes,Dion Lewis,dionlewis,Waiver,2017-10-25 02:38:00,,8,,RB,True,8,BEFORE_GAME_DATE,6.0,6.0,1.0,5.0,5.0,5.0,0.0,58.2,5.0,1.0,5.0,58.2,11.64,17.5,89.74358974358975,84.61538461538461,86.41025641025641,36.41025641025641,True,Good Pickup,True,True,False,False,False,Post Mahomes
W00019,2017,Dillon Panthers,Nelson Agholor,nelsonagholor,Waiver,2017-10-11 02:28:00,,6,,WR,True,6,BEFORE_GAME_DATE,8.0,8.0,1.0,7.0,7.0,7.0,0.0,57.3,6.0,1.0,7.0,57.3,8.185714285714285,20.1,73.33333333333333,93.33333333333333,86.33333333333333,36.33333333333333,True,Good Pickup,True,True,False,False,False,Dillon Panthers
W01487,2023,Post Mahomes,Chuba Hubbard,chubahubbard,Free Agent,2023-10-04 04:36:00,,5,,RB,True,5,BEFORE_GAME_DATE,10.0,10.0,1.0,9.0,9.0,9.0,0.0,97.7,9.0,1.0,9.0,97.7,10.855555555555556,22.4,81.81818181818183,88.63636363636364,86.25,36.25,True,Good Pickup,True,True,False,False,False,Post Mahomes
W00101,2017,Post Mahomes,Bilal Powell,bilalpowell,Free Agent,2017-09-29 12:39:00,2017-12-06 02:20:00,4,,RB,True,4,BEFORE_GAME_DATE,10.0,10.0,1.0,9.0,8.0,9.0,0.0,67.3,8.0,1.0,9.0,67.3,7.477777777777778,25.0,74.35897435897436,92.3076923076923,86.02564102564102,36.02564102564102,True,Good Pickup,True,True,False,False,False,Post Mahomes
W00367,2019,Post Mahomes,Frank Gore,frankgore,Free Agent,2019-09-18 14:50:00,2019-11-06 09:03:00,3,10,RB,True,3,BEFORE_GAME_DATE,8.0,7.0,1.0,6.0,7.0,6.0,0.0,44.2,6.0,1.0,6.0,44.2,7.366666666666667,14.9,68.18181818181817,95.45454545454545,85.9090909090909,35.90909090909091,True,Good Pickup,True,True,False,False,False,Post Mahomes
W01980,2025,Uncle Rico,Daniel Jones,danieljones,Waiver,2025-09-17 04:40:00,,3,,QB,True,3,BEFORE_GAME_DATE,12.0,12.0,1.0,11.0,11.0,11.0,0.0,216.12,11.0,1.0,11.0,216.12,19.64727272727273,29.180000000000003,70.58823529411765,94.11764705882352,85.88235294117646,35.882352941176464,True,Good Pickup,True,True,False,False,False,Uncle Rico
W00706,2020,ThreatLevelMidnight,Ryan Tannehill,ryantannehill,Waiver,2020-11-25 03:19:00,,12,,QB,True,12,BEFORE_GAME_DATE,2.0,2.0,0.0,2.0,2.0,2.0,0.0,55.7,2.0,1.0,2.0,55.7,27.85,34.56,100.0,78.26086956521739,85.86956521739131,35.86956521739131,True,Good Pickup,True,True,False,False,False,ThreatLevelMidnight
W00083,2017,Pop Lockett Drop it,Jared Cook,jaredcook,Waiver,2017-10-14 02:19:00,2017-11-08 16:33:00,6,10,TE,True,6,BEFORE_GAME_DATE,5.0,4.0,0.0,4.0,4.0,4.0,0.0,30.400000000000002,4.0,1.0,4.0,30.400000000000002,7.6000000000000005,12.600000000000001,85.71428571428571,85.71428571428571,85.71428571428571,35.71428571428571,True,Good Pickup,True,True,False,False,False,Pop Lockett Drop it
W00167,2017,ThreatLevelMidnight,JuJu Smith-Schuster,jujusmithschuster,Waiver,2017-10-25 02:38:00,,8,,WR,True,8,BEFORE_GAME_DATE,6.0,6.0,1.0,5.0,4.0,5.0,0.0,47.400000000000006,4.0,1.0,5.0,47.400000000000006,9.48,25.3,90.0,83.33333333333334,85.66666666666667,35.66666666666667,True,Good Pickup,True,True,False,False,False,ThreatLevelMidnight
W00878,2021,Patty Primetimes,Derek Carr,derekcarr,Free Agent,2021-10-20 08:04:00,2021-11-14 10:19:00,7,10,QB,True,7,BEFORE_GAME_DATE,4.0,4.0,1.0,3.0,3.0,3.0,0.0,61.6,3.0,1.0,3.0,61.6,20.533333333333335,24.020000000000003,78.57142857142857,89.28571428571429,85.53571428571429,35.53571428571429,True,Good Pickup,True,True,False,False,False,Patty Primetimes
W01667,2024,Patty Primetimes,Isaac Guerendo,isaacguerendo,Waiver,2024-12-04 02:39:00,,14,,RB,True,14,BEFORE_GAME_DATE,1.0,1.0,0.0,1.0,1.0,1.0,0.0,25.8,1.0,1.0,1.0,25.8,25.8,25.8,100.0,77.41935483870968,85.3225806451613,35.322580645161295,True,Good Pickup,True,True,False,False,False,Patty Primetimes
W01034,2021,Uncle Rico,Tim Patrick,timpatrick,Waiver,2021-09-15 02:20:00,,2,,WR,True,2,BEFORE_GAME_DATE,13.0,13.0,1.0,12.0,12.0,12.0,0.0,91.0,12.0,1.0,12.0,91.0,7.583333333333333,16.5,63.63636363636363,96.96969696969697,85.3030303030303,35.3030303030303,True,Good Pickup,True,True,False,False,False,Uncle Rico
W01881,2025,Pop Lockett Drop it,Kareem Hunt,kareemhunt,Free Agent,2025-09-11 14:20:00,,2,,RB,True,2,BEFORE_GAME_DATE,13.0,13.0,1.0,12.0,12.0,12.0,0.0,121.3,12.0,1.0,12.0,121.3,10.108333333333333,18.5,66.66666666666666,95.23809523809523,85.23809523809523,35.23809523809523,True,Good Pickup,True,True,False,False,False,Pop Lockett Drop it
W01920,2025,Post Mahomes,Romeo Doubs,romeodoubs,Free Agent,2025-09-17 09:28:00,2025-12-14 18:44:00,3,,WR,True,3,BEFORE_GAME_DATE,12.0,12.0,1.0,11.0,11.0,11.0,0.0,90.6,10.0,1.0,11.0,90.6,8.236363636363636,26.8,73.91304347826086,91.30434782608695,85.21739130434783,35.21739130434783,True,Good Pickup,True,True,False,False,False,Post Mahomes
W01439,2023,Malle ❤️ 🐸,Devin Singletary,devinsingletary,Free Agent,2023-11-01 08:53:00,,9,,RB,True,9,BEFORE_GAME_DATE,6.0,6.0,0.0,6.0,6.0,6.0,0.0,72.2,6.0,1.0,6.0,72.2,12.033333333333333,22.6,90.9090909090909,81.81818181818183,85.0,35.0,True,Good Pickup,True,True,False,False,False,Malle ❤️ 🐸
W01248,2022,ThreatLevelMidnight,David Njoku,davidnjoku,Free Agent,2022-10-01 08:38:00,2022-10-25 09:05:00,4,8,TE,True,4,BEFORE_GAME_DATE,5.0,4.0,0.0,4.0,4.0,4.0,0.0,36.900000000000006,4.0,1.0,4.0,36.900000000000006,9.225000000000001,11.8,87.09677419354838,83.87096774193549,85.0,35.0,True,Good Pickup,True,True,False,False,False,ThreatLevelMidnight
W00515,2019,Voldemort,Terry McLaurin,terrymclaurin,Waiver,2019-09-11 04:42:00,,2,,WR,True,2,BEFORE_GAME_DATE,12.0,12.0,1.0,11.0,10.0,11.0,0.0,76.10000000000001,10.0,1.0,11.0,76.10000000000001,6.918181818181819,22.0,66.66666666666666,93.93939393939394,84.39393939393939,34.39393939393939,True,Good Pickup,True,True,False,False,False,Voldemort
W00142,2017,The Big Gronkowski,Samaje Perine,samajeperine,Free Agent,2017-11-15 19:46:00,,11,,RB,True,11,BEFORE_GAME_DATE,3.0,3.0,0.0,3.0,3.0,3.0,0.0,38.5,3.0,1.0,3.0,38.5,12.833333333333334,18.6,97.43589743589743,76.92307692307693,84.1025641025641,34.1025641025641,True,Good Pickup,True,True,False,False,False,The Big Gronkowski
W00884,2021,Patty Primetimes,Michael Carter,michaelcarter,Free Agent,2021-10-14 15:42:00,,6,,RB,True,6,NO_NFL_TEAM_MATCH,9.0,9.0,1.0,8.0,5.0,8.0,0.0,72.4,5.0,1.0,8.0,72.4,9.05,27.7,75.53191489361703,88.29787234042553,83.82978723404256,33.829787234042556,True,Good Pickup,True,True,False,False,False,Patty Primetimes
W00944,2021,Post Mahomes,Michael Carter,michaelcarter,Free Agent,2021-10-20 07:09:00,,7,,RB,True,7,BEFORE_GAME_DATE,8.0,8.0,0.0,8.0,5.0,8.0,0.0,72.4,5.0,1.0,8.0,72.4,9.05,27.7,75.53191489361703,88.29787234042553,83.82978723404256,33.829787234042556,True,Good Pickup,True,True,False,False,False,Post Mahomes
W00445,2019,ThreatLevelMidnight,Mecole Hardman Jr.,mecolehardman,Waiver,2019-09-11 04:42:00,2019-10-18 10:22:00,2,7,WR,True,2,BEFORE_GAME_DATE,6.0,6.0,0.0,6.0,6.0,6.0,0.0,50.0,6.0,1.0,6.0,50.0,8.333333333333334,16.4,81.81818181818183,84.84848484848484,83.78787878787878,33.78787878787878,True,Good Pickup,True,True,False,False,False,ThreatLevelMidnight
W01386,2023,Buttermilk Puuump,Ezekiel Elliott,ezekielelliott,Waiver,2023-11-22 02:41:00,,12,,RB,True,12,BEFORE_GAME_DATE,3.0,3.0,0.0,3.0,3.0,3.0,0.0,40.900000000000006,3.0,1.0,3.0,40.900000000000006,13.633333333333335,23.5,100.0,75.0,83.75,33.75,True,Good Pickup,True,True,False,False,False,Buttermilk Puuump
W00999,2021,ThreatLevelMidnight,Tua Tagovailoa,tuatagovailoa,Free Agent,2021-10-20 07:18:00,2021-10-27 06:34:00,7,8,QB,True,7,BEFORE_GAME_DATE,2.0,1.0,0.0,1.0,2.0,1.0,0.0,36.54,1.0,1.0,1.0,36.54,36.54,36.54,100.0,75.0,83.75,33.75,True,Good Pickup,True,True,False,False,False,ThreatLevelMidnight
W00780,2020,Voldemort,Ryan Tannehill,ryantannehill,Free Agent,2020-10-15 05:23:00,2020-11-16 09:41:00,6,10,QB,True,6,BEFORE_GAME_DATE,5.0,5.0,0.0,5.0,5.0,5.0,0.0,112.66,5.0,1.0,5.0,112.66,22.532,37.64,69.56521739130434,91.30434782608695,83.69565217391305,33.69565217391305,True,Good Pickup,True,True,False,False,False,Voldemort
W01283,2022,ThreatLevelMidnight,Rachaad White,rachaadwhite,Free Agent,2022-10-02 19:13:00,,4,,RB,True,4,SAME_DAY_AS_GAME,11.0,11.0,1.0,10.0,10.0,10.0,0.0,86.0,10.0,1.0,10.0,86.0,8.6,15.4,75.75757575757575,87.87878787878788,83.63636363636363,33.636363636363626,True,Good Pickup,True,True,False,False,False,ThreatLevelMidnight
W01657,2024,Joe Mantegna,Tua Tagovailoa,tuatagovailoa,Free Agent,2024-10-27 08:30:00,,8,,QB,True,8,SAME_DAY_AS_GAME,7.0,7.0,0.0,7.0,7.0,7.0,0.0,172.12,7.0,1.0,7.0,172.12,24.58857142857143,36.480000000000004,83.33333333333334,83.33333333333334,83.33333333333334,33.33333333333334,True,Good Pickup,True,True,False,False,False,Joe Mantegna
W01605,2023,Voldemort,Trey McBride,treymcbride,Free Agent,2023-11-01 05:32:00,,9,,TE,True,9,BEFORE_GAME_DATE,6.0,6.0,1.0,5.0,5.0,5.0,0.0,56.0,5.0,1.0,5.0,56.0,11.2,18.9,83.33333333333334,83.33333333333334,83.33333333333334,33.33333333333334,True,Good Pickup,True,True,False,False,False,Voldemort
W00679,2020,ThreatLevelMidnight,Giovani Bernard,giovanibernard,Waiver,2020-10-21 03:40:00,2020-12-13 18:47:00,7,,RB,True,7,BEFORE_GAME_DATE,7.0,7.0,1.0,6.0,6.0,6.0,0.0,63.400000000000006,6.0,1.0,6.0,63.400000000000006,10.566666666666668,21.3,76.92307692307693,86.53846153846155,83.17307692307693,33.173076923076934,True,Good Pickup,True,True,False,False,False,ThreatLevelMidnight
W01558,2023,Uncle Rico,Dalton Kincaid,daltonkincaid,Free Agent,2023-10-25 08:07:00,,8,,TE,True,8,BEFORE_GAME_DATE,7.0,7.0,1.0,6.0,6.0,6.0,0.0,58.2,6.0,1.0,6.0,58.2,9.700000000000001,15.0,75.0,87.5,83.125,33.125,True,Good Pickup,True,True,False,False,False,Uncle Rico
W00289,2019,Joe Mantegna,Jimmy Graham,jimmygraham,Waiver,2019-10-02 03:50:00,2019-11-14 17:49:00,5,11,TE,True,5,BEFORE_GAME_DATE,7.0,6.0,0.0,6.0,6.0,6.0,0.0,27.900000000000002,6.0,1.0,6.0,27.900000000000002,4.65,12.5,70.0,90.0,83.0,33.0,True,Good Pickup,True,True,False,False,False,Joe Mantegna
W00093,2017,Post Mahomes,Aaron Jones Sr.,aaronjones,Free Agent,2017-10-04 03:16:00,2017-11-18 02:17:00,5,11,RB,True,5,BEFORE_GAME_DATE,7.0,6.0,1.0,5.0,5.0,5.0,0.0,45.699999999999996,5.0,1.0,5.0,45.699999999999996,9.139999999999999,19.8,84.61538461538461,82.05128205128204,82.94871794871794,32.94871794871794,True,Good Pickup,True,True,False,False,False,Post Mahomes
W01165,2022,Pop Lockett Drop it,Brian Robinson,brianrobinson,Waiver,2022-11-05 02:17:00,,9,,RB,True,9,BEFORE_GAME_DATE,6.0,6.0,1.0,5.0,5.0,5.0,0.0,56.7,5.0,1.0,5.0,56.7,11.34,19.5,84.84848484848484,81.81818181818183,82.87878787878788,32.878787878787875,True,Good Pickup,True,True,False,False,False,Pop Lockett Drop it
W02005,2025,malle_dips_pouches,Christian Watson,christianwatson,Free Agent,2025-11-06 17:16:00,,10,,WR,True,10,BEFORE_GAME_DATE,5.0,5.0,0.0,5.0,5.0,5.0,0.0,70.7,5.0,1.0,5.0,70.7,14.14,22.9,91.30434782608695,78.26086956521739,82.82608695652173,32.826086956521735,True,Good Pickup,True,True,False,False,False,malle_dips_pouches
W00548,2020,Ginger FC,Cole Beasley,colebeasley,Free Agent,2020-10-22 13:41:00,,7,,WR,True,7,BEFORE_GAME_DATE,7.0,7.0,1.0,6.0,6.0,6.0,0.0,81.7,6.0,1.0,6.0,81.7,13.616666666666667,23.5,94.11764705882352,76.47058823529412,82.6470588235294,32.647058823529406,True,Good Pickup,True,True,False,False,False,Ginger FC
W00009,2017,Dillon Panthers,Austin Seferian-Jenkins,austinseferianjenkins,Free Agent,2017-10-11 18:58:00,,6,,TE,True,6,BEFORE_GAME_DATE,8.0,8.0,1.0,7.0,7.0,7.0,0.0,31.6,7.0,1.0,7.0,31.6,4.514285714285714,8.600000000000001,71.42857142857143,88.57142857142857,82.57142857142857,32.57142857142857,True,Good Pickup,True,True,False,False,False,Dillon Panthers
W00250,2017,malle_dips_pouches,Jermaine Kearse,jermainekearse,Free Agent,2017-11-08 18:09:00,,10,,WR,True,10,BEFORE_GAME_DATE,4.0,4.0,1.0,3.0,3.0,3.0,0.0,35.7,3.0,1.0,3.0,35.7,11.9,16.5,93.33333333333333,76.66666666666667,82.5,32.5,True,Good Pickup,True,True,False,False,False,malle_dips_pouches
W00543,2020,Big Sack Jack,Philip Rivers,philiprivers,Free Agent,2020-11-12 19:14:00,,10,,QB,True,10,SAME_DAY_AS_GAME,4.0,4.0,0.0,4.0,4.0,4.0,0.0,92.74,4.0,1.0,4.0,92.74,23.185,28.419999999999998,73.91304347826086,86.95652173913044,82.3913043478261,32.39130434782609,True,Good Pickup,True,True,False,False,False,Big Sack Jack
W01247,2022,ThreatLevelMidnight,Dak Prescott,dakprescott,Free Agent,2022-11-02 10:17:00,,9,,QB,True,10,BYE_ACQUISITION_WEEK,5.0,5.0,0.0,5.0,5.0,5.0,0.0,114.14,5.0,1.0,5.0,114.14,22.828,27.200000000000003,84.61538461538461,80.76923076923077,82.11538461538461,32.11538461538461,True,Good Pickup,True,True,False,False,False,ThreatLevelMidnight
W01233,2022,The Big Gronkowski,Hayden Hurst,haydenhurst,Free Agent,2022-09-18 08:07:00,,2,,TE,True,2,SAME_DAY_AS_GAME,13.0,13.0,1.0,12.0,11.0,12.0,0.0,68.9,11.0,1.0,12.0,68.9,5.741666666666667,14.3,54.83870967741935,96.7741935483871,82.0967741935484,32.0967741935484,True,Good Pickup,True,True,False,False,False,The Big Gronkowski
W00371,2019,Post Mahomes,Jonathan Williams,jonathanwilliams,Waiver,2019-11-20 06:07:00,2019-12-04 08:09:00,12,,RB,True,12,BEFORE_GAME_DATE,2.0,2.0,0.0,2.0,2.0,2.0,0.0,20.6,2.0,1.0,2.0,20.6,10.3,18.1,90.9090909090909,77.27272727272727,82.04545454545455,32.04545454545455,True,Good Pickup,True,True,False,False,False,Post Mahomes
W01835,2025,Joe Mantegna,Quentin Johnston,quentinjohnston,Waiver,2025-09-10 04:49:00,,2,,WR,True,2,BEFORE_GAME_DATE,13.0,13.0,1.0,12.0,10.0,12.0,0.0,92.60000000000001,9.0,1.0,12.0,92.60000000000001,7.716666666666668,19.8,56.52173913043478,95.65217391304348,81.95652173913044,31.956521739130437,True,Good Pickup,True,True,False,False,False,Joe Mantegna
W00899,2021,Pop Lockett Drop it,Darnell Mooney,darnellmooney,Waiver,2021-11-17 02:40:00,2021-12-29 02:14:00,11,,WR,True,11,BEFORE_GAME_DATE,4.0,4.0,0.0,4.0,4.0,4.0,0.0,43.2,4.0,1.0,4.0,43.2,10.8,20.6,81.81818181818183,81.81818181818183,81.81818181818183,31.818181818181827,True,Good Pickup,True,True,False,False,False,Pop Lockett Drop it
W01584,2023,Voldemort,D'Onta Foreman,dontaforeman,Waiver,2023-10-11 02:50:00,2023-11-29 02:49:00,6,13,RB,True,6,BEFORE_GAME_DATE,8.0,7.0,0.0,7.0,6.0,7.0,0.0,74.7,6.0,1.0,7.0,74.7,10.671428571428573,31.5,77.27272727272727,84.0909090909091,81.70454545454545,31.704545454545453,True,Good Pickup,True,True,False,False,False,Voldemort
W00639,2020,Post Mahomes,Nick Chubb,nickchubb,Waiver,2020-10-10 02:37:00,,5,,RB,True,5,BEFORE_GAME_DATE,9.0,9.0,1.0,8.0,4.0,8.0,0.0,72.2,4.0,1.0,8.0,72.2,9.025,25.1,65.38461538461539,90.38461538461539,81.63461538461539,31.634615384615387,True,Good Pickup,True,True,False,False,False,Post Mahomes
W00959,2021,Post Mahomes,Zack Moss,zackmoss,Free Agent,2021-09-22 20:54:00,2021-11-10 03:03:00,3,10,RB,True,3,BEFORE_GAME_DATE,8.0,7.0,1.0,6.0,7.0,6.0,0.0,56.50000000000001,6.0,1.0,6.0,56.50000000000001,9.416666666666668,16.6,82.97872340425532,80.85106382978722,81.59574468085106,31.595744680851055,True,Good Pickup,True,True,False,False,False,Post Mahomes
W00265,2019,Big Sack Jack,Ronald Jones,ronaldjones,Waiver,2019-11-06 04:16:00,,10,,RB,True,10,BEFORE_GAME_DATE,4.0,4.0,0.0,4.0,4.0,4.0,0.0,29.5,4.0,1.0,4.0,29.5,7.375,14.600000000000001,72.72727272727273,86.36363636363636,81.5909090909091,31.590909090909093,True,Good Pickup,True,True,False,False,False,Big Sack Jack
W01119,2022,Joe Mantegna,Marcus Mariota,marcusmariota,Waiver,2022-09-28 02:35:00,2022-12-10 03:48:00,4,14,QB,True,4,BEFORE_GAME_DATE,11.0,10.0,0.0,10.0,10.0,10.0,0.0,177.76000000000002,10.0,1.0,10.0,177.76000000000002,17.776000000000003,30.42,53.84615384615385,96.15384615384616,81.34615384615385,31.346153846153854,True,Good Pickup,True,True,False,False,False,Joe Mantegna
W01450,2023,Patty Primetimes,Jaylen Warren,jaylenwarren,Free Agent,2023-11-08 08:17:00,,10,,RB,True,10,BEFORE_GAME_DATE,5.0,5.0,0.0,5.0,5.0,5.0,0.0,57.7,5.0,1.0,5.0,57.7,11.540000000000001,22.0,88.63636363636364,77.27272727272727,81.25,31.25,True,Good Pickup,True,True,False,False,False,Patty Primetimes
W01961,2025,ThreatLevelMidnight,Kyle Monangai,kylemonangai,Free Agent,2025-10-31 15:07:00,2025-11-19 07:03:00,9,12,RB,True,9,BEFORE_GAME_DATE,4.0,3.0,0.0,3.0,4.0,3.0,0.0,40.3,3.0,1.0,3.0,40.3,13.433333333333332,21.3,90.47619047619048,76.19047619047619,81.19047619047619,31.19047619047619,True,Good Pickup,True,True,False,False,False,ThreatLevelMidnight
W00006,2017,Big Sack Jack,Robert Woods,robertwoods,Waiver,2017-11-08 02:58:00,,10,,WR,True,10,BEFORE_GAME_DATE,4.0,4.0,0.0,4.0,2.0,4.0,0.0,37.2,2.0,1.0,4.0,37.2,9.3,29.1,83.33333333333334,80.0,81.16666666666667,31.16666666666667,True,Good Pickup,True,True,False,False,False,Big Sack Jack
W01822,2025,Ginger FC,Juwan Johnson,juwanjohnson,Waiver,2025-09-17 04:40:00,,3,,TE,True,3,BEFORE_GAME_DATE,12.0,12.0,1.0,11.0,11.0,11.0,0.0,81.4,11.0,1.0,11.0,81.4,7.4,17.200000000000003,66.66666666666666,88.88888888888889,81.11111111111111,31.111111111111114,True,Good Pickup,True,True,False,False,False,Ginger FC
W00076,2017,Malle ❤️ 🐸,Vernon Davis,vernondavis,Free Agent,2017-11-02 18:11:00,2017-11-17 08:04:00,9,11,TE,True,9,BEFORE_GAME_DATE,3.0,2.0,0.0,2.0,3.0,2.0,0.0,14.8,2.0,1.0,2.0,14.8,7.4,7.6000000000000005,82.85714285714286,80.0,81.0,31.0,True,Good Pickup,True,True,False,False,False,Malle ❤️ 🐸
W01020,2021,Uncle Rico,Khalil Herbert,khalilherbert,Free Agent,2021-10-06 07:49:00,2021-11-10 08:30:00,5,10,RB,True,5,BEFORE_GAME_DATE,6.0,5.0,0.0,5.0,5.0,5.0,0.0,50.6,5.0,1.0,5.0,50.6,10.120000000000001,18.200000000000003,85.1063829787234,78.72340425531915,80.95744680851064,30.95744680851064,True,Good Pickup,True,True,False,False,False,Uncle Rico
W01668,2024,Patty Primetimes,Jameis Winston,jameiswinston,Waiver,2024-10-23 02:19:00,,8,,QB,True,8,BEFORE_GAME_DATE,7.0,7.0,1.0,6.0,6.0,6.0,0.0,154.98000000000002,6.0,1.0,6.0,154.98000000000002,25.830000000000002,43.98,91.66666666666666,75.0,80.83333333333333,30.83333333333333,True,Good Pickup,True,True,False,False,False,Patty Primetimes
W01663,2024,Malle ❤️ 🐸,Ray-Ray McCloud III,rayraymccloud,Free Agent,2024-10-17 10:48:00,,7,,WR,True,7,BEFORE_GAME_DATE,8.0,8.0,1.0,7.0,7.0,7.0,0.0,55.1,7.0,1.0,7.0,55.1,7.871428571428572,14.100000000000001,71.42857142857143,85.71428571428571,80.71428571428572,30.714285714285722,True,Good Pickup,True,True,False,False,False,Malle ❤️ 🐸
W01853,2025,Malle ❤️ 🐸,Trevor Lawrence,trevorlawrence,Free Agent,2025-11-22 13:15:00,,12,,QB,True,12,BEFORE_GAME_DATE,3.0,3.0,0.0,3.0,3.0,3.0,0.0,75.16,3.0,1.0,3.0,75.16,25.05333333333333,26.14,88.23529411764706,76.47058823529412,80.58823529411764,30.588235294117638,True,Good Pickup,True,True,False,False,False,Malle ❤️ 🐸
W00287,2019,Joe Mantegna,Daniel Jones,danieljones,Free Agent,2019-11-10 10:48:00,,10,,QB,True,10,SAME_DAY_AS_GAME,4.0,4.0,1.0,3.0,3.0,3.0,0.0,70.22,3.0,1.0,3.0,70.22,23.406666666666666,38.32,86.36363636363636,77.27272727272727,80.45454545454545,30.454545454545453,True,Good Pickup,True,True,False,False,False,Joe Mantegna
W00213,2017,Voldemort,Jared Cook,jaredcook,Free Agent,2017-09-23 19:12:00,2017-09-28 15:08:00,3,4,TE,True,3,BEFORE_GAME_DATE,2.0,1.0,0.0,1.0,2.0,1.0,0.0,10.3,1.0,1.0,1.0,10.3,10.3,10.3,97.14285714285714,71.42857142857143,80.42857142857142,30.428571428571416,True,Good Pickup,True,True,False,False,False,Voldemort
W01050,2021,Voldemort,Emmanuel Sanders,emmanuelsanders,Waiver,2021-09-29 02:20:00,2021-12-09 05:03:00,4,14,WR,True,4,BEFORE_GAME_DATE,11.0,10.0,1.0,9.0,10.0,9.0,0.0,67.8,8.0,1.0,9.0,67.8,7.533333333333333,18.9,60.60606060606061,90.9090909090909,80.30303030303031,30.30303030303031,True,Good Pickup,True,True,False,False,False,Voldemort
W01879,2025,Pop Lockett Drop it,Jaxson Dart,jaxsondart,Waiver,2025-10-22 03:19:00,2025-11-19 10:20:00,8,12,QB,True,8,BEFORE_GAME_DATE,5.0,4.0,0.0,4.0,3.0,4.0,0.0,78.94,3.0,1.0,4.0,78.94,19.735,31.240000000000002,76.47058823529412,82.35294117647058,80.29411764705881,30.294117647058812,True,Good Pickup,True,True,False,False,False,Pop Lockett Drop it
W00870,2021,Malle ❤️ 🐸,Mark Ingram II,markingram,Waiver,2021-09-15 02:20:00,,2,,RB,True,2,BEFORE_GAME_DATE,13.0,13.0,0.0,13.0,11.0,13.0,0.0,76.10000000000001,11.0,1.0,13.0,76.10000000000001,5.853846153846154,18.8,55.319148936170215,93.61702127659575,80.2127659574468,30.212765957446805,True,Good Pickup,True,True,False,False,False,Malle ❤️ 🐸
W00756,2020,Voldemort,Chase Claypool,chaseclaypool,Waiver,2020-10-15 05:17:00,,6,,WR,True,6,BEFORE_GAME_DATE,8.0,8.0,0.0,8.0,8.0,8.0,0.0,84.60000000000001,8.0,1.0,8.0,84.60000000000001,10.575000000000001,19.3,64.70588235294117,88.23529411764706,80.0,30.0,True,Good Pickup,True,True,False,False,False,Voldemort
W00124,2017,Post Mahomes,Samaje Perine,samajeperine,Waiver,2017-09-20 02:23:00,,3,,RB,True,3,BEFORE_GAME_DATE,11.0,11.0,1.0,10.0,8.0,10.0,0.0,62.3,8.0,1.0,10.0,62.3,6.2299999999999995,18.6,66.66666666666666,87.17948717948718,80.0,30.0,True,Good Pickup,True,True,False,False,False,Post Mahomes
W01100,2022,Ginger FC,Donovan Peoples-Jones,donovanpeoplesjones,Waiver,2022-11-16 02:37:00,,11,,WR,True,11,BEFORE_GAME_DATE,4.0,4.0,0.0,4.0,4.0,4.0,0.0,44.5,4.0,1.0,4.0,44.5,11.125,15.4,80.0,80.0,80.0,30.0,True,Good Pickup,True,True,False,False,False,Ginger FC
W02006,2025,malle_dips_pouches,Colston Loveland,colstonloveland,Free Agent,2025-11-23 11:20:00,,12,,TE,True,12,SAME_DAY_AS_GAME,3.0,3.0,0.0,3.0,3.0,3.0,0.0,28.1,3.0,1.0,3.0,28.1,9.366666666666667,12.9,94.44444444444444,72.22222222222221,80.0,30.0,True,Good Pickup,True,True,False,False,False,malle_dips_pouches
W00758,2020,Voldemort,DeeJay Dallas,deejaydallas,Free Agent,2020-10-28 07:59:00,2020-11-11 05:04:00,8,10,RB,True,8,BEFORE_GAME_DATE,3.0,2.0,0.0,2.0,3.0,2.0,0.0,31.200000000000003,2.0,1.0,2.0,31.200000000000003,15.600000000000001,20.3,92.3076923076923,73.07692307692307,79.80769230769229,29.807692307692292,True,Good Pickup,True,True,False,False,False,Voldemort
W00591,2020,Patty Primetimes,Jamaal Williams,jamaalwilliams,Free Agent,2020-10-15 08:05:00,,6,,RB,True,6,BEFORE_GAME_DATE,8.0,8.0,0.0,8.0,7.0,8.0,0.0,71.0,7.0,1.0,8.0,71.0,8.875,19.4,63.46153846153846,88.46153846153845,79.71153846153845,29.711538461538453,True,Good Pickup,True,True,False,False,False,Patty Primetimes
W01423,2023,Joe Mantegna,David Njoku,davidnjoku,Waiver,2023-11-15 02:42:00,,11,,TE,True,11,BEFORE_GAME_DATE,4.0,4.0,0.0,4.0,4.0,4.0,0.0,44.800000000000004,4.0,1.0,4.0,44.800000000000004,11.200000000000001,24.1,87.5,75.0,79.375,29.375,True,Good Pickup,True,True,False,False,False,Joe Mantegna
W01889,2025,Pop Lockett Drop it,Troy Franklin,troyfranklin,Waiver,2025-09-17 04:40:00,,3,,WR,True,3,BEFORE_GAME_DATE,12.0,12.0,1.0,11.0,11.0,11.0,0.0,88.1,11.0,1.0,11.0,88.1,8.009090909090908,23.9,65.21739130434783,86.95652173913044,79.34782608695653,29.34782608695653,True,Good Pickup,True,True,False,False,False,Pop Lockett Drop it
W01075,2021,malle_dips_pouches,D'Ernest Johnson,dernestjohnson,Waiver,2021-10-20 02:20:00,2021-11-06 11:20:00,7,9,RB,True,7,BEFORE_GAME_DATE,3.0,2.0,0.0,2.0,3.0,2.0,0.0,33.2,2.0,1.0,2.0,33.2,16.6,23.8,100.0,68.08510638297872,79.25531914893617,29.255319148936167,True,Good Pickup,True,True,False,False,False,malle_dips_pouches
W01109,2022,Joe Mantegna,Cade Otton,cadeotton,Free Agent,2022-10-19 13:51:00,2022-11-17 18:17:00,7,11,TE,True,7,BEFORE_GAME_DATE,5.0,4.0,0.0,4.0,4.0,4.0,0.0,31.200000000000003,4.0,1.0,4.0,31.200000000000003,7.800000000000001,15.3,80.64516129032258,77.41935483870968,78.54838709677419,28.548387096774192,True,Good Pickup,True,True,False,False,False,Joe Mantegna
W00013,2017,Dillon Panthers,Cooper Kupp,cooperkupp,Free Agent,2017-10-05 13:22:00,,5,,WR,True,5,BEFORE_GAME_DATE,9.0,9.0,1.0,8.0,8.0,8.0,0.0,51.900000000000006,8.0,1.0,8.0,51.900000000000006,6.487500000000001,11.600000000000001,63.33333333333333,86.66666666666667,78.5,28.5,True,Good Pickup,True,True,False,False,False,Dillon Panthers
W01159,2022,Patty Primetimes,Tyler Allgeier,tylerallgeier,Waiver,2022-10-05 02:37:00,2022-12-07 08:25:00,5,14,RB,True,5,BEFORE_GAME_DATE,10.0,9.0,0.0,9.0,9.0,9.0,0.0,68.7,9.0,1.0,9.0,68.7,7.633333333333334,16.0,66.66666666666666,84.84848484848484,78.48484848484847,28.48484848484847,True,Good Pickup,True,True,False,False,False,Patty Primetimes
W00017,2017,Dillon Panthers,Jason Witten,jasonwitten,Waiver,2017-09-20 02:23:00,,3,,TE,True,3,BEFORE_GAME_DATE,11.0,11.0,1.0,10.0,10.0,10.0,0.0,40.1,10.0,1.0,10.0,40.1,4.01,11.4,54.285714285714285,91.42857142857143,78.42857142857143,28.42857142857143,True,Good Pickup,True,True,False,False,False,Dillon Panthers
W01597,2023,Voldemort,Kareem Hunt,kareemhunt,Waiver,2023-09-20 03:01:00,2023-11-29 05:28:00,3,13,RB,True,3,BEFORE_GAME_DATE,11.0,10.0,1.0,9.0,10.0,9.0,0.0,75.0,9.0,1.0,9.0,75.0,8.333333333333334,15.1,63.63636363636363,86.36363636363636,78.4090909090909,28.409090909090907,True,Good Pickup,True,True,False,False,False,Voldemort
W00254,2017,malle_dips_pouches,Tyrod Taylor,tyrodtaylor,Free Agent,2017-10-05 18:56:00,,5,,QB,True,5,BEFORE_GAME_DATE,9.0,9.0,1.0,8.0,8.0,8.0,0.0,128.44,8.0,1.0,8.0,128.44,16.055,30.9,54.54545454545454,90.9090909090909,78.18181818181819,28.181818181818187,True,Good Pickup,True,True,False,False,False,malle_dips_pouches
W01274,2022,ThreatLevelMidnight,Kenyan Drake,kenyandrake,Free Agent,2022-11-02 06:44:00,2022-11-23 04:14:00,9,12,RB,True,9,BEFORE_GAME_DATE,4.0,3.0,1.0,2.0,3.0,2.0,0.0,30.2,2.0,1.0,2.0,30.2,15.1,23.9,93.93939393939394,69.6969696969697,78.18181818181819,28.181818181818187,True,Good Pickup,True,True,False,False,False,ThreatLevelMidnight
W00798,2020,malle_dips_pouches,Myles Gaskin,mylesgaskin,Waiver,2020-09-23 04:25:00,,3,,RB,True,3,BEFORE_GAME_DATE,11.0,11.0,1.0,10.0,6.0,10.0,0.0,76.80000000000001,6.0,1.0,10.0,76.80000000000001,7.6800000000000015,17.6,51.92307692307693,92.3076923076923,78.17307692307692,28.17307692307692,True,Good Pickup,True,True,False,False,False,malle_dips_pouches
W00393,2019,The Big Gronkowski,Golden Tate,goldentate,Waiver,2019-11-06 04:16:00,,10,,WR,True,10,BEFORE_GAME_DATE,4.0,4.0,1.0,3.0,2.0,3.0,0.0,30.8,2.0,1.0,3.0,30.8,10.266666666666667,21.5,87.87878787878788,72.72727272727273,78.03030303030303,28.03030303030303,True,Good Pickup,True,True,False,False,False,The Big Gronkowski
W01150,2022,Patty Primetimes,Jared Goff,jaredgoff,Free Agent,2022-11-02 06:09:00,,9,,QB,True,9,BEFORE_GAME_DATE,6.0,6.0,0.0,6.0,6.0,6.0,0.0,119.02000000000001,6.0,1.0,6.0,119.02000000000001,19.83666666666667,32.1,65.38461538461539,84.61538461538461,77.88461538461539,27.884615384615387,True,Good Pickup,True,True,False,False,False,Patty Primetimes
W01648,2024,Joe Mantegna,Hunter Henry,hunterhenry,Waiver,2024-09-18 06:15:00,2024-11-15 11:43:00,3,11,TE,True,3,BEFORE_GAME_DATE,9.0,8.0,0.0,8.0,9.0,8.0,0.0,51.1,8.0,1.0,8.0,51.1,6.3875,13.200000000000001,73.33333333333333,80.0,77.66666666666666,27.666666666666657,True,Good Pickup,True,True,False,False,False,Joe Mantegna
W01939,2025,The Big Gronkowski,Woody Marks,woodymarks,Waiver,2025-10-25 02:45:00,,8,,RB,True,8,BEFORE_GAME_DATE,7.0,7.0,0.0,7.0,7.0,7.0,0.0,65.7,7.0,1.0,7.0,65.7,9.385714285714286,15.1,61.904761904761905,85.71428571428571,77.38095238095238,27.38095238095238,True,Good Pickup,True,True,False,False,False,The Big Gronkowski
W01760,2024,ThreatLevelMidnight,Jaylen Warren,jaylenwarren,Waiver,2024-11-20 02:32:00,2024-12-21 09:02:00,12,,RB,True,12,BEFORE_GAME_DATE,3.0,3.0,0.0,3.0,3.0,3.0,0.0,30.5,3.0,1.0,3.0,30.5,10.166666666666666,13.9,70.96774193548387,80.64516129032258,77.25806451612902,27.258064516129025,True,Good Pickup,True,True,False,False,False,ThreatLevelMidnight
W00204,2017,Voldemort,Frank Gore,frankgore,Free Agent,2017-11-03 09:36:00,,9,,RB,True,9,BEFORE_GAME_DATE,5.0,5.0,1.0,4.0,4.0,4.0,0.0,33.800000000000004,4.0,1.0,4.0,33.800000000000004,8.450000000000001,13.9,82.05128205128204,74.35897435897436,77.05128205128204,27.051282051282044,True,Good Pickup,True,True,False,False,False,Voldemort
W01629,2024,Ginger FC,Alexander Mattison,alexandermattison,Waiver,2024-09-11 02:10:00,,2,,RB,True,2,BEFORE_GAME_DATE,13.0,13.0,1.0,12.0,9.0,12.0,0.0,80.8,9.0,1.0,12.0,80.8,6.733333333333333,15.0,58.06451612903226,87.09677419354838,76.93548387096774,26.935483870967744,True,Good Pickup,True,True,False,False,False,Ginger FC
W01088,2022,Big Sack Jack,Chuba Hubbard,chubahubbard,Free Agent,2022-12-11 11:52:00,,14,,RB,True,14,SAME_DAY_AS_GAME,1.0,1.0,0.0,1.0,1.0,1.0,0.0,17.4,1.0,1.0,1.0,17.4,17.4,17.4,98.48484848484848,65.15151515151516,76.81818181818181,26.818181818181813,True,Good Pickup,True,True,False,False,False,Big Sack Jack
W01171,2022,Pop Lockett Drop it,Chuba Hubbard,chubahubbard,Free Agent,2022-12-11 09:26:00,,14,,RB,True,14,SAME_DAY_AS_GAME,1.0,1.0,0.0,1.0,1.0,1.0,0.0,17.4,1.0,1.0,1.0,17.4,17.4,17.4,98.48484848484848,65.15151515151516,76.81818181818181,26.818181818181813,True,Good Pickup,True,True,False,False,False,Pop Lockett Drop it
W01228,2022,Post Mahomes,Tyler Higbee,tylerhigbee,Free Agent,2022-09-14 07:29:00,,2,,TE,True,2,BEFORE_GAME_DATE,13.0,13.0,1.0,12.0,11.0,12.0,0.0,65.10000000000001,10.0,1.0,12.0,65.10000000000001,5.425000000000001,12.3,51.61290322580645,90.32258064516128,76.77419354838709,26.77419354838709,True,Good Pickup,True,True,False,False,False,Post Mahomes
W00635,2020,Post Mahomes,Marvin Jones Jr.,marvinjones,Free Agent,2020-11-04 06:06:00,,9,,WR,True,9,BEFORE_GAME_DATE,5.0,5.0,0.0,5.0,5.0,5.0,0.0,67.9,5.0,1.0,5.0,67.9,13.580000000000002,21.6,88.23529411764706,70.58823529411765,76.76470588235294,26.764705882352942,True,Good Pickup,True,True,False,False,False,Post Mahomes
W01156,2022,Patty Primetimes,Robert Tonyan,roberttonyan,Waiver,2022-09-08 02:13:00,2022-12-09 02:25:00,1,14,TE,True,1,BEFORE_GAME_DATE,14.0,13.0,0.0,13.0,13.0,13.0,0.0,65.7,13.0,1.0,13.0,65.7,5.053846153846154,14.0,45.16129032258064,93.54838709677419,76.61290322580645,26.61290322580645,True,Good Pickup,True,True,False,False,False,Patty Primetimes
W00907,2021,Pop Lockett Drop it,Mac Jones,macjones,Free Agent,2021-11-04 12:44:00,2021-12-08 02:16:00,9,14,QB,True,9,BEFORE_GAME_DATE,6.0,5.0,0.0,5.0,5.0,5.0,0.0,74.22,5.0,1.0,5.0,74.22,14.844,25.92,39.285714285714285,96.42857142857143,76.42857142857143,26.42857142857143,True,Good Pickup,True,True,False,False,False,Pop Lockett Drop it
W01838,2025,Joe Mantegna,Tony Pollard,tonypollard,Waiver,2025-11-22 02:53:00,,12,,RB,True,12,BEFORE_GAME_DATE,3.0,3.0,0.0,3.0,3.0,3.0,0.0,39.0,3.0,1.0,3.0,39.0,13.0,28.1,85.71428571428571,71.42857142857143,76.42857142857143,26.42857142857143,True,Good Pickup,True,True,False,False,False,Joe Mantegna
W00291,2019,Joe Mantegna,Matthew Stafford,matthewstafford,Waiver,2019-09-11 04:42:00,,2,,QB,True,2,BEFORE_GAME_DATE,12.0,12.0,1.0,11.0,7.0,11.0,0.0,175.96,7.0,1.0,11.0,175.96,15.996363636363638,37.56,40.909090909090914,95.45454545454545,76.36363636363636,26.36363636363636,True,Good Pickup,True,True,False,False,False,Joe Mantegna
W00767,2020,Voldemort,J.D. McKissic,jdmckissic,Free Agent,2020-11-11 05:05:00,,10,,RB,True,10,BEFORE_GAME_DATE,4.0,4.0,0.0,4.0,4.0,4.0,0.0,39.3,4.0,1.0,4.0,39.3,9.825,14.4,71.15384615384616,78.84615384615384,76.15384615384616,26.15384615384616,True,Good Pickup,True,True,False,False,False,Voldemort
W01403,2023,Ginger FC,Diontae Johnson,diontaejohnson,Free Agent,2023-10-12 19:26:00,,6,,WR,True,7,BYE_ACQUISITION_WEEK,8.0,8.0,0.0,8.0,8.0,8.0,0.0,77.7,8.0,1.0,8.0,77.7,9.7125,18.5,71.42857142857143,78.57142857142857,76.07142857142857,26.07142857142857,True,Good Pickup,True,True,False,False,False,Ginger FC
W00768,2020,Voldemort,Jerick McKinnon,jerickmckinnon,Free Agent,2020-09-13 12:57:00,2020-09-20 08:27:00,1,2,RB,True,1,SAME_DAY_AS_GAME,2.0,2.0,0.0,2.0,2.0,2.0,0.0,25.6,2.0,1.0,2.0,25.6,12.8,13.7,88.46153846153845,69.23076923076923,75.96153846153845,25.961538461538453,True,Good Pickup,True,True,False,False,False,Voldemort
W01201,2022,Post Mahomes,Cam Akers,camakers,Free Agent,2022-11-23 10:30:00,,12,,RB,True,12,BEFORE_GAME_DATE,3.0,3.0,0.0,3.0,3.0,3.0,0.0,31.0,3.0,1.0,3.0,31.0,10.333333333333334,18.5,81.81818181818183,72.72727272727273,75.90909090909092,25.90909090909092,True,Good Pickup,True,True,False,False,False,Post Mahomes
W00360,2019,Post Mahomes,Derrius Guice,derriusguice,Free Agent,2019-11-06 03:47:00,2019-11-27 03:36:00,10,13,RB,True,11,BYE_ACQUISITION_WEEK,3.0,2.0,0.0,2.0,3.0,2.0,0.0,16.7,2.0,1.0,2.0,16.7,8.35,12.9,81.81818181818183,72.72727272727273,75.90909090909092,25.90909090909092,True,Good Pickup,True,True,False,False,False,Post Mahomes
W00473,2019,Uncle Rico,Robbie Chosen,robbiechosen,Waiver,2019-11-09 03:03:00,,10,,WR,True,10,BEFORE_GAME_DATE,4.0,4.0,0.0,4.0,4.0,4.0,0.0,32.4,4.0,1.0,4.0,32.4,8.1,14.6,75.75757575757575,75.75757575757575,75.75757575757575,25.75757575757575,True,Good Pickup,True,True,False,False,False,Uncle Rico
W01299,2022,Uncle Rico,Eno Benjamin,enobenjamin,Waiver,2022-10-12 02:44:00,2022-11-16 02:37:00,6,11,RB,True,6,BEFORE_GAME_DATE,6.0,5.0,0.0,5.0,5.0,5.0,0.0,39.0,4.0,1.0,5.0,39.0,7.8,21.3,69.6969696969697,78.78787878787878,75.60606060606061,25.60606060606061,True,Good Pickup,True,True,False,False,False,Uncle Rico
W00277,2019,Ginger FC,Jason Witten,jasonwitten,Free Agent,2019-10-30 17:48:00,,9,,TE,True,9,BEFORE_GAME_DATE,5.0,5.0,0.0,5.0,5.0,5.0,0.0,23.5,5.0,1.0,5.0,23.5,4.7,12.2,73.33333333333333,76.66666666666667,75.5,25.5,True,Good Pickup,True,True,False,False,False,Ginger FC
W00665,2020,ThreatLevelMidnight,Carson Wentz,carsonwentz,Free Agent,2020-10-21 10:26:00,2020-11-04 06:48:00,7,9,QB,True,7,BEFORE_GAME_DATE,3.0,2.0,0.0,2.0,2.0,2.0,0.0,47.379999999999995,2.0,1.0,2.0,47.379999999999995,23.689999999999998,32.76,78.26086956521739,73.91304347826086,75.43478260869566,25.434782608695656,True,Good Pickup,True,True,False,False,False,ThreatLevelMidnight
W00555,2020,Ginger FC,Jerick McKinnon,jerickmckinnon,Waiver,2020-09-23 04:25:00,2020-11-01 10:52:00,3,8,RB,True,3,BEFORE_GAME_DATE,6.0,6.0,0.0,6.0,6.0,6.0,0.0,51.5,5.0,1.0,6.0,51.5,8.583333333333334,19.200000000000003,61.53846153846154,82.6923076923077,75.28846153846153,25.288461538461533,True,Good Pickup,True,True,False,False,False,Ginger FC
W00812,2021,Big Sack Jack,Dalton Schultz,daltonschultz,Free Agent,2021-10-06 13:00:00,,5,,TE,True,5,BEFORE_GAME_DATE,10.0,10.0,1.0,9.0,9.0,9.0,0.0,62.800000000000004,9.0,1.0,9.0,62.800000000000004,6.977777777777778,14.100000000000001,50.0,88.88888888888889,75.27777777777777,25.27777777777777,True,Good Pickup,True,True,False,False,False,Big Sack Jack
W01389,2023,Ginger FC,AJ Dillon,ajdillon,Waiver,2023-10-13 02:21:00,,6,,RB,True,7,BYE_ACQUISITION_WEEK,8.0,8.0,0.0,8.0,8.0,8.0,0.0,67.3,8.0,1.0,8.0,67.3,8.4125,10.5,65.9090909090909,79.54545454545455,74.77272727272728,24.77272727272728,True,Good Pickup,True,True,False,False,False,Ginger FC
W01973,2025,ThreatLevelMidnight,Theo Johnson,theojohnson,Free Agent,2025-11-06 15:28:00,2025-11-26 09:54:00,10,13,TE,True,10,BEFORE_GAME_DATE,4.0,3.0,0.0,3.0,4.0,3.0,0.0,25.299999999999997,3.0,1.0,3.0,25.299999999999997,8.433333333333332,11.0,88.88888888888889,66.66666666666666,74.44444444444443,24.44444444444443,True,Good Pickup,True,True,False,False,False,ThreatLevelMidnight
W00933,2021,Post Mahomes,Elijah Moore,elijahmoore,Free Agent,2021-11-17 08:44:00,2021-11-21 10:40:00,11,11,WR,True,11,NO_NFL_TEAM_MATCH,1.0,1.0,0.0,1.0,1.0,1.0,0.0,25.6,1.0,1.0,1.0,25.6,25.6,25.6,100.0,60.60606060606061,74.3939393939394,24.393939393939405,True,Good Pickup,True,True,False,False,False,Post Mahomes
W00211,2017,Voldemort,Jack Doyle,jackdoyle,Free Agent,2017-11-22 06:08:00,,12,,TE,True,12,BEFORE_GAME_DATE,2.0,2.0,0.0,2.0,2.0,2.0,0.0,11.0,2.0,1.0,2.0,11.0,5.5,9.4,74.28571428571429,74.28571428571429,74.28571428571429,24.285714285714292,True,Good Pickup,True,True,False,False,False,Voldemort
W01726,2024,The Big Gronkowski,Christian Watson,christianwatson,Free Agent,2024-10-17 10:17:00,,7,,WR,True,7,BEFORE_GAME_DATE,8.0,8.0,1.0,7.0,7.0,7.0,0.0,50.6,7.0,1.0,7.0,50.6,7.228571428571429,17.0,61.904761904761905,80.95238095238095,74.28571428571428,24.285714285714278,True,Good Pickup,True,True,False,False,False,The Big Gronkowski
W00845,2021,Joe Mantegna,A.J. Green,ajgreen,Free Agent,2021-10-07 19:42:00,2021-11-23 05:37:00,5,12,WR,True,5,BEFORE_GAME_DATE,8.0,7.0,0.0,7.0,6.0,7.0,0.0,44.5,6.0,1.0,7.0,44.5,6.357142857142857,16.4,54.54545454545454,84.84848484848484,74.24242424242424,24.242424242424235,True,Good Pickup,True,True,False,False,False,Joe Mantegna
W00841,2021,Ginger FC,Van Jefferson,vanjefferson,Waiver,2021-12-01 03:25:00,,13,,WR,True,13,BEFORE_GAME_DATE,2.0,2.0,0.0,2.0,2.0,2.0,0.0,26.900000000000002,2.0,1.0,2.0,26.900000000000002,13.450000000000001,13.8,93.93939393939394,63.63636363636363,74.24242424242424,24.242424242424235,True,Good Pickup,True,True,False,False,False,Ginger FC
W00273,2019,Ginger FC,Gerald Everett,geraldeverett,Waiver,2019-10-09 03:55:00,2019-12-01 11:15:00,6,13,TE,True,6,BEFORE_GAME_DATE,8.0,8.0,1.0,7.0,6.0,7.0,0.0,24.5,6.0,1.0,7.0,24.5,3.5,11.0,63.33333333333333,80.0,74.16666666666666,24.166666666666657,True,Good Pickup,True,True,False,False,False,Ginger FC
W00965,2021,ThreatLevelMidnight,Alexander Mattison,alexandermattison,Free Agent,2021-11-24 13:34:00,,12,,RB,True,12,BEFORE_GAME_DATE,3.0,3.0,0.0,3.0,3.0,3.0,0.0,32.4,3.0,1.0,3.0,32.4,10.799999999999999,19.9,89.36170212765957,65.95744680851064,74.14893617021276,24.148936170212764,True,Good Pickup,True,True,False,False,False,ThreatLevelMidnight
W00438,2019,ThreatLevelMidnight,Jonnu Smith,jonnusmith,Free Agent,2019-10-25 21:22:00,2019-10-30 04:25:00,8,9,TE,True,8,BEFORE_GAME_DATE,2.0,1.0,0.0,1.0,2.0,1.0,0.0,13.8,1.0,1.0,1.0,13.8,13.8,13.8,100.0,60.0,74.0,24.0,True,Good Pickup,True,True,False,False,False,ThreatLevelMidnight
W01522,2023,ThreatLevelMidnight,Baker Mayfield,bakermayfield,Free Agent,2023-11-01 06:26:00,,9,,QB,True,9,BEFORE_GAME_DATE,6.0,6.0,0.0,6.0,6.0,6.0,0.0,114.96000000000001,6.0,1.0,6.0,114.96000000000001,19.16,24.060000000000002,66.66666666666666,77.77777777777779,73.88888888888889,23.888888888888886,True,Ordinary,True,False,False,False,False,ThreatLevelMidnight
W00957,2021,Post Mahomes,Tua Tagovailoa,tuatagovailoa,Free Agent,2021-11-21 10:40:00,2021-11-28 09:49:00,11,12,QB,True,11,SAME_DAY_AS_GAME,2.0,2.0,0.0,2.0,2.0,2.0,0.0,37.720000000000006,2.0,1.0,2.0,37.720000000000006,18.860000000000003,22.520000000000003,64.28571428571429,78.57142857142857,73.57142857142857,23.57142857142857,True,Ordinary,True,False,False,False,False,Post Mahomes
W00424,2019,ThreatLevelMidnight,Golden Tate,goldentate,Free Agent,2019-09-25 07:51:00,2019-11-02 09:45:00,4,9,WR,True,4,BEFORE_GAME_DATE,6.0,5.0,0.0,5.0,5.0,5.0,0.0,34.0,4.0,1.0,5.0,34.0,6.8,16.200000000000003,63.63636363636363,78.78787878787878,73.48484848484848,23.484848484848484,True,Ordinary,True,False,False,False,False,ThreatLevelMidnight
W00830,2021,Ginger FC,Derek Carr,derekcarr,Waiver,2021-11-17 02:40:00,,11,,QB,True,11,BEFORE_GAME_DATE,4.0,4.0,0.0,4.0,4.0,4.0,0.0,60.50000000000001,4.0,1.0,4.0,60.50000000000001,15.125000000000002,23.020000000000003,50.0,85.71428571428571,73.21428571428572,23.214285714285722,True,Ordinary,True,False,False,False,False,Ginger FC
W00970,2021,ThreatLevelMidnight,Carson Wentz,carsonwentz,Free Agent,2021-10-27 06:34:00,2021-11-03 08:17:00,8,9,QB,True,8,BEFORE_GAME_DATE,2.0,1.0,0.0,1.0,2.0,1.0,0.0,26.340000000000003,1.0,1.0,1.0,26.340000000000003,26.340000000000003,26.340000000000003,96.42857142857143,60.71428571428571,73.21428571428571,23.214285714285708,True,Ordinary,True,False,False,False,False,ThreatLevelMidnight
W00622,2020,Post Mahomes,Carlos Hyde,carloshyde,Free Agent,2020-11-18 09:49:00,2020-11-28 17:59:00,11,12,RB,True,11,BEFORE_GAME_DATE,2.0,1.0,0.0,1.0,2.0,1.0,0.0,16.5,1.0,1.0,1.0,16.5,16.5,16.5,98.07692307692307,59.61538461538461,73.07692307692307,23.076923076923066,True,Ordinary,True,False,False,False,False,Post Mahomes
W00294,2019,Malle ❤️ 🐸,Baker Mayfield,bakermayfield,Free Agent,2019-11-14 17:20:00,,11,,QB,True,11,NO_NFL_TEAM_MATCH,3.0,3.0,0.0,3.0,3.0,3.0,0.0,67.44,3.0,1.0,3.0,67.44,22.48,30.58,81.81818181818183,68.18181818181817,72.95454545454545,22.954545454545453,True,Ordinary,True,False,False,False,False,Malle ❤️ 🐸
W01808,2024,malle_dips_pouches,Sam Darnold,samdarnold,Free Agent,2024-11-10 10:20:00,,10,,QB,True,10,SAME_DAY_AS_GAME,5.0,5.0,0.0,5.0,5.0,5.0,0.0,130.36,5.0,1.0,5.0,130.36,26.072000000000003,44.580000000000005,100.0,58.333333333333336,72.91666666666667,22.91666666666667,True,Ordinary,True,False,False,False,False,malle_dips_pouches
W01509,2023,Post Mahomes,Taysom Hill,taysomhill,Free Agent,2023-11-01 03:04:00,2023-11-15 02:42:00,9,11,TE,True,9,BEFORE_GAME_DATE,3.0,2.0,0.0,2.0,2.0,2.0,0.0,23.92,2.0,1.0,2.0,23.92,11.96,20.62,100.0,58.333333333333336,72.91666666666667,22.91666666666667,True,Ordinary,True,False,False,False,False,Post Mahomes
W01639,2024,Ginger FC,Quentin Johnston,quentinjohnston,Waiver,2024-11-06 02:24:00,,10,,WR,True,10,BEFORE_GAME_DATE,5.0,5.0,0.0,5.0,5.0,5.0,0.0,36.7,4.0,1.0,5.0,36.7,7.340000000000001,13.3,66.66666666666666,76.19047619047619,72.85714285714286,22.85714285714286,True,Ordinary,True,False,False,False,False,Ginger FC
W01513,2023,Post Mahomes,Zach Charbonnet,zachcharbonnet,Waiver,2023-11-15 02:42:00,,11,,RB,True,11,BEFORE_GAME_DATE,4.0,4.0,0.0,4.0,4.0,4.0,0.0,39.400000000000006,4.0,1.0,4.0,39.400000000000006,9.850000000000001,16.4,72.72727272727273,72.72727272727273,72.72727272727273,22.727272727272734,True,Ordinary,True,False,False,False,False,Post Mahomes
W01727,2024,The Big Gronkowski,Isaiah Likely,isaiahlikely,Waiver,2024-09-11 02:10:00,,2,,TE,True,2,BEFORE_GAME_DATE,13.0,13.0,1.0,12.0,10.0,12.0,0.0,55.3,9.0,1.0,12.0,55.3,4.608333333333333,14.8,46.666666666666664,86.66666666666667,72.66666666666667,22.66666666666667,True,Ordinary,True,False,False,False,False,The Big Gronkowski
W01045,2021,Voldemort,Dawson Knox,dawsonknox,Waiver,2021-11-10 02:18:00,,10,,TE,True,10,BEFORE_GAME_DATE,5.0,5.0,0.0,5.0,5.0,5.0,0.0,47.8,5.0,1.0,5.0,47.8,9.559999999999999,16.7,83.33333333333334,66.66666666666666,72.5,22.5,True,Ordinary,True,False,False,False,False,Voldemort
W00400,2019,The Big Gronkowski,Will Dissly,willdissly,Waiver,2019-09-25 04:21:00,2019-10-20 08:30:00,4,7,TE,True,4,BEFORE_GAME_DATE,4.0,4.0,0.0,4.0,3.0,4.0,0.0,20.5,2.0,1.0,4.0,20.5,5.125,11.7,76.66666666666667,70.0,72.33333333333333,22.33333333333333,True,Ordinary,True,False,False,False,False,The Big Gronkowski
W00905,2021,Pop Lockett Drop it,Kenyan Drake,kenyandrake,Waiver,2021-10-20 02:20:00,2021-11-25 09:40:00,7,12,RB,True,7,BEFORE_GAME_DATE,6.0,6.0,1.0,5.0,5.0,5.0,0.0,39.9,5.0,1.0,5.0,39.9,7.9799999999999995,15.4,68.08510638297872,74.46808510638297,72.23404255319149,22.234042553191486,True,Ordinary,True,False,False,False,False,Pop Lockett Drop it
W00993,2021,ThreatLevelMidnight,Sony Michel,sonymichel,Free Agent,2021-11-24 13:34:00,,12,,RB,True,12,BEFORE_GAME_DATE,3.0,3.0,0.0,3.0,3.0,3.0,0.0,31.299999999999997,3.0,1.0,3.0,31.299999999999997,10.433333333333332,20.4,87.2340425531915,63.829787234042556,72.02127659574468,22.02127659574468,True,Ordinary,True,False,False,False,False,ThreatLevelMidnight
W00794,2020,malle_dips_pouches,Joe Burrow,joeburrow,Waiver,2020-10-21 03:40:00,2020-12-13 11:09:00,7,,QB,True,7,BEFORE_GAME_DATE,7.0,7.0,1.0,6.0,4.0,6.0,0.0,91.34,4.0,1.0,6.0,91.34,15.223333333333334,40.64,52.17391304347826,82.6086956521739,71.95652173913044,21.956521739130437,True,Ordinary,True,False,False,False,False,malle_dips_pouches
W01918,2025,Post Mahomes,Oronde Gadsden,orondegadsden,Free Agent,2025-10-22 07:19:00,2025-12-03 06:41:00,8,14,TE,True,8,BEFORE_GAME_DATE,7.0,6.0,1.0,5.0,6.0,5.0,0.0,36.6,5.0,1.0,5.0,36.6,7.32,16.2,61.111111111111114,77.77777777777779,71.94444444444446,21.944444444444457,True,Ordinary,True,False,False,False,False,Post Mahomes
W00696,2020,ThreatLevelMidnight,Malcolm Brown,malcolmbrown,Free Agent,2020-09-13 17:44:00,2020-10-03 10:06:00,1,4,RB,True,1,SAME_DAY_AS_GAME,4.0,3.0,0.0,3.0,4.0,3.0,0.0,31.1,3.0,1.0,3.0,31.1,10.366666666666667,24.5,73.07692307692307,71.15384615384616,71.82692307692308,21.82692307692308,True,Ordinary,True,False,False,False,False,ThreatLevelMidnight
W01979,2025,Uncle Rico,Cade Otton,cadeotton,Free Agent,2025-10-16 07:08:00,,7,,TE,True,7,BEFORE_GAME_DATE,8.0,8.0,1.0,7.0,7.0,7.0,0.0,41.9,7.0,1.0,7.0,41.9,5.985714285714286,12.700000000000001,50.0,83.33333333333334,71.66666666666667,21.66666666666667,True,Ordinary,True,False,False,False,False,Uncle Rico
W01111,2022,Joe Mantegna,DJ Chark,djchark,Free Agent,2022-12-08 20:32:00,,14,,WR,True,14,BEFORE_GAME_DATE,1.0,1.0,0.0,1.0,1.0,1.0,0.0,18.4,1.0,1.0,1.0,18.4,18.4,18.4,93.33333333333333,60.0,71.66666666666666,21.666666666666657,True,Ordinary,True,False,False,False,False,Joe Mantegna
W01805,2024,malle_dips_pouches,Isaiah Davis,isaiahdavis,Free Agent,2024-12-08 11:47:00,,14,,RB,True,14,SAME_DAY_AS_GAME,1.0,1.0,0.0,1.0,1.0,1.0,0.0,14.2,1.0,1.0,1.0,14.2,14.2,14.2,96.7741935483871,58.06451612903226,71.61290322580646,21.612903225806463,True,Ordinary,True,False,False,False,False,malle_dips_pouches
W00349,2019,Post Mahomes,Bo Scarbrough,boscarbrough,Free Agent,2019-11-20 05:08:00,2019-12-21 03:59:00,12,,RB,True,12,BEFORE_GAME_DATE,2.0,2.0,0.0,2.0,2.0,2.0,0.0,16.1,2.0,1.0,2.0,16.1,8.05,8.3,77.27272727272727,68.18181818181817,71.36363636363636,21.36363636363636,True,Ordinary,True,False,False,False,False,Post Mahomes
W01809,2024,malle_dips_pouches,Sam LaPorta,samlaporta,Free Agent,2024-11-24 10:49:00,,12,,TE,True,12,SAME_DAY_AS_GAME,3.0,3.0,0.0,3.0,3.0,3.0,0.0,25.4,3.0,1.0,3.0,25.4,8.466666666666667,14.1,80.0,66.66666666666666,71.33333333333333,21.33333333333333,True,Ordinary,True,False,False,False,False,malle_dips_pouches
W00621,2020,Post Mahomes,Cam Akers,camakers,Waiver,2020-12-04 03:35:00,2020-12-22 13:05:00,13,,RB,True,13,BEFORE_GAME_DATE,1.0,1.0,0.0,1.0,1.0,1.0,0.0,15.9,1.0,1.0,1.0,15.9,15.9,15.9,96.15384615384616,57.692307692307686,71.15384615384616,21.15384615384616,True,Ordinary,True,False,False,False,False,Post Mahomes
W00031,2017,Ginger FC,Ed Dickson,eddickson,Waiver,2017-11-11 02:17:00,,10,,TE,True,10,BEFORE_GAME_DATE,4.0,4.0,1.0,3.0,3.0,3.0,0.0,12.600000000000001,3.0,1.0,3.0,12.600000000000001,4.2,9.3,60.0,77.14285714285715,71.14285714285715,21.142857142857153,True,Ordinary,True,False,False,False,False,Ginger FC
W00671,2020,ThreatLevelMidnight,Dalton Schultz,daltonschultz,Free Agent,2020-09-23 19:16:00,2020-10-30 21:24:00,3,8,TE,True,3,BEFORE_GAME_DATE,6.0,5.0,0.0,5.0,6.0,5.0,0.0,31.8,5.0,1.0,5.0,31.8,6.36,15.2,57.14285714285714,78.57142857142857,71.07142857142857,21.07142857142857,True,Ordinary,True,False,False,False,False,ThreatLevelMidnight
W00814,2021,Big Sack Jack,Kenny Gainwell,kennygainwell,Free Agent,2021-09-19 03:20:00,2021-11-28 11:52:00,2,12,RB,True,2,SAME_DAY_AS_GAME,11.0,11.0,0.0,11.0,10.0,11.0,0.0,60.2,10.0,1.0,11.0,60.2,5.472727272727273,17.9,48.93617021276596,82.97872340425532,71.06382978723404,21.06382978723404,True,Ordinary,True,False,False,False,False,Big Sack Jack
W00940,2021,Post Mahomes,Latavius Murray,lataviusmurray,Waiver,2021-09-10 02:11:00,,1,,RB,True,1,BEFORE_GAME_DATE,14.0,14.0,1.0,13.0,10.0,13.0,0.0,66.0,10.0,1.0,13.0,66.0,5.076923076923077,12.600000000000001,44.680851063829785,85.1063829787234,70.95744680851064,20.95744680851064,True,Ordinary,True,False,False,False,False,Post Mahomes
W01955,2025,ThreatLevelMidnight,Jacoby Brissett,jacobybrissett,Free Agent,2025-11-19 11:32:00,,12,,QB,True,12,BEFORE_GAME_DATE,3.0,3.0,0.0,3.0,3.0,3.0,0.0,69.36,3.0,1.0,3.0,69.36,23.12,24.64,82.35294117647058,64.70588235294117,70.88235294117646,20.882352941176464,True,Ordinary,True,False,False,False,False,ThreatLevelMidnight
W00419,2019,ThreatLevelMidnight,Dede Westbrook,dedewestbrook,Free Agent,2019-11-11 15:33:00,2019-12-18 10:56:00,10,,WR,True,11,BYE_ACQUISITION_WEEK,3.0,3.0,0.0,3.0,3.0,3.0,0.0,24.1,3.0,1.0,3.0,24.1,8.033333333333333,14.0,72.72727272727273,69.6969696969697,70.75757575757576,20.757575757575765,True,Ordinary,True,False,False,False,False,ThreatLevelMidnight
W01046,2021,Voldemort,D'Ernest Johnson,dernestjohnson,Waiver,2021-11-10 02:18:00,2021-11-24 02:21:00,10,12,RB,True,10,BEFORE_GAME_DATE,3.0,2.0,0.0,2.0,2.0,2.0,0.0,21.800000000000004,2.0,1.0,2.0,21.800000000000004,10.900000000000002,19.200000000000003,91.48936170212765,59.57446808510638,70.74468085106383,20.744680851063833,True,Ordinary,True,False,False,False,False,Voldemort
W01473,2023,Pop Lockett Drop it,Rashid Shaheed,rashidshaheed,Waiver,2023-09-13 03:04:00,,2,,WR,True,2,BEFORE_GAME_DATE,13.0,13.0,1.0,12.0,10.0,12.0,0.0,78.7,10.0,1.0,12.0,78.7,6.558333333333334,22.8,42.857142857142854,85.71428571428571,70.71428571428571,20.714285714285708,True,Ordinary,True,False,False,False,False,Pop Lockett Drop it
W00131,2017,The Big Gronkowski,Damien Williams,damienwilliams,Free Agent,2017-11-01 07:36:00,2017-11-11 02:17:00,9,10,RB,True,9,BEFORE_GAME_DATE,2.0,1.0,0.0,1.0,2.0,1.0,0.0,12.100000000000001,1.0,1.0,1.0,12.100000000000001,12.100000000000001,12.100000000000001,92.3076923076923,58.97435897435898,70.64102564102564,20.641025641025635,True,Ordinary,True,False,False,False,False,The Big Gronkowski
W01914,2025,Post Mahomes,Kyle Monangai,kylemonangai,Waiver,2025-11-26 03:41:00,2025-12-17 05:59:00,13,,RB,True,13,BEFORE_GAME_DATE,2.0,2.0,0.0,2.0,2.0,2.0,0.0,27.2,2.0,1.0,2.0,27.2,13.6,19.0,95.23809523809523,57.14285714285714,70.47619047619047,20.476190476190467,True,Ordinary,True,False,False,False,False,Post Mahomes
W00452,2019,ThreatLevelMidnight,Ryan Tannehill,ryantannehill,Free Agent,2019-11-20 07:18:00,,12,,QB,True,12,BEFORE_GAME_DATE,2.0,2.0,0.0,2.0,2.0,2.0,0.0,54.14,2.0,1.0,2.0,54.14,27.07,36.36,100.0,54.54545454545454,70.45454545454545,20.454545454545453,True,Ordinary,True,False,False,False,False,ThreatLevelMidnight
W01583,2023,Voldemort,Darrell Henderson Jr.,darrellhenderson,Free Agent,2023-10-21 17:29:00,2023-11-22 05:43:00,7,12,RB,True,7,BEFORE_GAME_DATE,6.0,5.0,1.0,4.0,4.0,4.0,0.0,38.5,4.0,1.0,4.0,38.5,9.625,13.100000000000001,70.45454545454545,70.45454545454545,70.45454545454545,20.454545454545453,True,Ordinary,True,False,False,False,False,Voldemort
W01262,2022,ThreatLevelMidnight,Gus Edwards,gusedwards,Free Agent,2022-10-19 08:08:00,2022-12-06 17:55:00,7,14,RB,True,7,BEFORE_GAME_DATE,8.0,7.0,1.0,6.0,5.0,6.0,0.0,35.5,4.0,1.0,6.0,35.5,5.916666666666667,18.6,60.60606060606061,75.75757575757575,70.45454545454545,20.454545454545453,True,Ordinary,True,False,False,False,False,ThreatLevelMidnight
W01803,2024,malle_dips_pouches,Antonio Gibson,antoniogibson,Free Agent,2024-10-03 22:38:00,,5,,RB,True,5,BEFORE_GAME_DATE,10.0,10.0,1.0,9.0,9.0,9.0,0.0,38.3,9.0,1.0,9.0,38.3,4.2555555555555555,12.2,45.16129032258064,83.87096774193549,70.3225806451613,20.322580645161295,True,Ordinary,True,False,False,False,False,malle_dips_pouches
W00831,2021,Ginger FC,Devontae Booker,devontaebooker,Free Agent,2021-10-27 11:24:00,2021-12-01 03:25:00,8,13,RB,True,8,BEFORE_GAME_DATE,6.0,5.0,1.0,4.0,5.0,4.0,0.0,34.4,4.0,1.0,4.0,34.4,8.6,15.0,70.2127659574468,70.2127659574468,70.2127659574468,20.212765957446805,True,Ordinary,True,False,False,False,False,Ginger FC
W00120,2017,Post Mahomes,Mohamed Sanu,mohamedsanu,Free Agent,2017-10-26 09:09:00,2017-11-16 10:48:00,8,11,WR,True,8,BEFORE_GAME_DATE,4.0,3.0,0.0,3.0,4.0,3.0,0.0,24.6,3.0,1.0,3.0,24.6,8.200000000000001,13.4,76.66666666666667,66.66666666666666,70.16666666666666,20.166666666666657,True,Ordinary,True,False,False,False,False,Post Mahomes
W00641,2020,Post Mahomes,Rex Burkhead,rexburkhead,Free Agent,2020-11-15 11:06:00,2020-11-24 11:11:00,10,12,RB,True,10,SAME_DAY_AS_GAME,3.0,2.0,0.0,2.0,2.0,2.0,0.0,22.8,2.0,1.0,2.0,22.8,11.4,20.6,78.84615384615384,65.38461538461539,70.09615384615384,20.09615384615384,True,Ordinary,True,False,False,False,False,Post Mahomes
W00011,2017,Dillon Panthers,Blake Bortles,blakebortles,Waiver,2017-11-15 02:36:00,,11,,QB,True,11,BEFORE_GAME_DATE,3.0,3.0,0.0,3.0,3.0,3.0,0.0,63.22,3.0,1.0,3.0,63.22,21.073333333333334,29.06,81.81818181818183,63.63636363636363,70.0,20.0,True,Ordinary,True,False,False,False,False,Dillon Panthers
W01695,2024,Post Mahomes,Cedric Tillman,cedrictillman,Waiver,2024-10-30 02:19:00,2024-11-27 10:31:00,9,13,WR,True,9,BEFORE_GAME_DATE,5.0,4.0,1.0,3.0,3.0,3.0,0.0,24.5,3.0,1.0,3.0,24.5,8.166666666666666,16.5,76.19047619047619,66.66666666666666,70.0,20.0,True,Ordinary,True,False,False,False,False,Post Mahomes
W01988,2025,Voldemort,Aaron Rodgers,aaronrodgers,Free Agent,2025-10-23 07:23:00,,8,,QB,True,8,BEFORE_GAME_DATE,7.0,7.0,0.0,7.0,6.0,7.0,0.0,82.4,6.0,1.0,7.0,82.4,11.771428571428572,22.96,35.294117647058826,88.23529411764706,69.70588235294117,19.705882352941174,True,Ordinary,True,False,False,False,False,Voldemort
W01249,2022,ThreatLevelMidnight,David Njoku,davidnjoku,Free Agent,2022-11-09 07:26:00,,10,,TE,True,10,BEFORE_GAME_DATE,5.0,5.0,0.0,5.0,3.0,5.0,0.0,29.299999999999997,3.0,1.0,5.0,29.299999999999997,5.859999999999999,15.2,61.29032258064516,74.19354838709677,69.6774193548387,19.677419354838705,True,Ordinary,True,False,False,False,False,ThreatLevelMidnight
W01497,2023,Post Mahomes,Jayden Reed,jaydenreed,Free Agent,2023-11-16 23:22:00,,11,,WR,True,11,BEFORE_GAME_DATE,4.0,4.0,0.0,4.0,4.0,4.0,0.0,50.300000000000004,4.0,1.0,4.0,50.300000000000004,12.575000000000001,17.200000000000003,92.85714285714286,57.14285714285714,69.64285714285714,19.64285714285714,True,Ordinary,True,False,False,False,False,Post Mahomes
W01084,2021,malle_dips_pouches,Taylor Heinicke,taylorheinicke,Free Agent,2021-11-28 10:49:00,2021-12-19 12:17:00,12,,QB,True,12,BEFORE_GAME_DATE,3.0,3.0,0.0,3.0,3.0,3.0,0.0,44.739999999999995,3.0,1.0,3.0,44.739999999999995,14.913333333333332,19.84,46.42857142857143,82.14285714285714,69.64285714285714,19.64285714285714,True,Ordinary,True,False,False,False,False,malle_dips_pouches
W00855,2021,Joe Mantegna,Mac Jones,macjones,Waiver,2021-10-20 02:20:00,2021-10-27 02:20:00,7,8,QB,True,7,BEFORE_GAME_DATE,2.0,1.0,0.0,1.0,2.0,1.0,0.0,26.18,1.0,1.0,1.0,26.18,26.18,26.18,92.85714285714286,57.14285714285714,69.64285714285714,19.64285714285714,True,Ordinary,True,False,False,False,False,Joe Mantegna
W00759,2020,Voldemort,Duke Johnson,dukejohnson,Waiver,2020-11-11 05:04:00,2020-12-19 22:52:00,10,,RB,True,10,BEFORE_GAME_DATE,4.0,4.0,0.0,4.0,4.0,4.0,0.0,32.1,4.0,1.0,4.0,32.1,8.025,15.5,59.61538461538461,75.0,69.61538461538461,19.615384615384613,True,Ordinary,True,False,False,False,False,Voldemort
W01227,2022,Post Mahomes,Taysom Hill,taysomhill,Free Agent,2022-12-03 05:25:00,,13,,TE,True,13,BEFORE_GAME_DATE,2.0,2.0,1.0,1.0,1.0,1.0,0.0,12.34,1.0,1.0,1.0,12.34,12.34,12.34,96.7741935483871,54.83870967741935,69.51612903225806,19.516129032258064,True,Ordinary,True,False,False,False,False,Post Mahomes
W01193,2022,Pop Lockett Drop it,Tom Brady,tombrady,Free Agent,2022-11-27 10:44:00,2022-12-08 12:08:00,12,14,QB,True,12,SAME_DAY_AS_GAME,3.0,2.0,0.0,2.0,3.0,2.0,0.0,44.18,2.0,1.0,2.0,44.18,22.09,22.14,76.92307692307693,65.38461538461539,69.42307692307693,19.423076923076934,True,Ordinary,True,False,False,False,False,Pop Lockett Drop it
W00829,2021,Ginger FC,Deonte Harty,deonteharty,Free Agent,2021-11-07 10:38:00,,9,,WR,True,9,SAME_DAY_AS_GAME,6.0,6.0,0.0,6.0,5.0,6.0,0.0,40.099999999999994,5.0,1.0,6.0,40.099999999999994,6.683333333333333,17.9,57.57575757575758,75.75757575757575,69.39393939393939,19.39393939393939,True,Ordinary,True,False,False,False,False,Ginger FC
W00872,2021,Malle ❤️ 🐸,Mike Davis,mikedavis,Free Agent,2021-11-12 08:01:00,,10,,RB,True,10,BEFORE_GAME_DATE,5.0,5.0,0.0,5.0,5.0,5.0,0.0,37.0,5.0,1.0,5.0,37.0,7.4,14.9,63.829787234042556,72.3404255319149,69.36170212765958,19.361702127659584,True,Ordinary,True,False,False,False,False,Malle ❤️ 🐸
W00139,2017,The Big Gronkowski,Mohamed Sanu,mohamedsanu,Waiver,2017-11-22 02:21:00,,12,,WR,True,12,BEFORE_GAME_DATE,2.0,2.0,0.0,2.0,2.0,2.0,0.0,18.740000000000002,2.0,1.0,2.0,18.740000000000002,9.370000000000001,14.440000000000001,86.66666666666667,60.0,69.33333333333333,19.33333333333333,True,Ordinary,True,False,False,False,False,The Big Gronkowski
W01645,2024,Joe Mantegna,Dalton Schultz,daltonschultz,Waiver,2024-11-23 02:11:00,,12,,TE,True,12,BEFORE_GAME_DATE,3.0,3.0,1.0,2.0,2.0,2.0,0.0,17.6,2.0,1.0,2.0,17.6,8.8,14.600000000000001,86.66666666666667,60.0,69.33333333333333,19.33333333333333,True,Ordinary,True,False,False,False,False,Joe Mantegna
W01097,2022,Ginger FC,Daniel Jones,danieljones,Waiver,2022-10-26 02:36:00,2022-12-10 03:48:00,8,14,QB,True,8,BEFORE_GAME_DATE,7.0,6.0,1.0,5.0,6.0,5.0,0.0,95.58000000000001,5.0,1.0,5.0,95.58000000000001,19.116000000000003,28.64,61.53846153846154,73.07692307692307,69.03846153846153,19.038461538461533,True,Ordinary,True,False,False,False,False,Ginger FC
W01231,2022,The Big Gronkowski,Darius Slayton,dariusslayton,Free Agent,2022-11-20 08:00:00,,11,,WR,True,11,SAME_DAY_AS_GAME,4.0,4.0,0.0,4.0,4.0,4.0,0.0,36.1,4.0,1.0,4.0,36.1,9.025,12.0,73.33333333333333,66.66666666666666,69.0,19.0,True,Ordinary,True,False,False,False,False,The Big Gronkowski
W01469,2023,Pop Lockett Drop it,Josh Downs,joshdowns,Free Agent,2023-10-11 13:27:00,,6,,WR,True,6,BEFORE_GAME_DATE,9.0,9.0,1.0,8.0,8.0,8.0,0.0,63.2,8.0,1.0,8.0,63.2,7.9,21.0,64.28571428571429,71.42857142857143,68.92857142857143,18.92857142857143,True,Ordinary,True,False,False,False,False,Pop Lockett Drop it
W01992,2025,Voldemort,Darren Waller,darrenwaller,Free Agent,2025-10-01 17:48:00,2025-10-23 07:23:00,5,8,TE,True,5,BEFORE_GAME_DATE,4.0,3.0,0.0,3.0,3.0,3.0,0.0,24.5,2.0,1.0,3.0,24.5,8.166666666666666,16.3,83.33333333333334,61.111111111111114,68.8888888888889,18.8888888888889,True,Ordinary,True,False,False,False,False,Voldemort
W00082,2017,Pop Lockett Drop it,Jamaal Charles,jamaalcharles,Free Agent,2017-09-07 10:01:00,2017-12-06 21:34:00,1,,RB,True,1,BEFORE_GAME_DATE,13.0,13.0,1.0,12.0,12.0,12.0,0.0,43.3,12.0,1.0,12.0,43.3,3.608333333333333,11.7,48.717948717948715,79.48717948717949,68.71794871794872,18.717948717948715,True,Ordinary,True,False,False,False,False,Pop Lockett Drop it
W01114,2022,Joe Mantegna,Greg Dulcich,gregdulcich,Waiver,2022-11-19 02:17:00,,11,,TE,True,11,BEFORE_GAME_DATE,4.0,4.0,0.0,4.0,4.0,4.0,0.0,24.3,4.0,1.0,4.0,24.3,6.075,11.5,64.51612903225806,70.96774193548387,68.70967741935485,18.709677419354847,True,Ordinary,True,False,False,False,False,Joe Mantegna
W01775,2024,ThreatLevelMidnight,Xavier Legette,xavierlegette,Free Agent,2024-11-03 09:32:00,2024-11-13 02:25:00,9,11,WR,True,9,SAME_DAY_AS_GAME,3.0,2.0,0.0,2.0,2.0,2.0,0.0,17.4,2.0,1.0,2.0,17.4,8.7,11.9,80.95238095238095,61.904761904761905,68.57142857142857,18.57142857142857,True,Ordinary,True,False,False,False,False,ThreatLevelMidnight
W01870,2025,Pop Lockett Drop it,Alec Pierce,alecpierce,Free Agent,2025-11-05 08:03:00,2025-11-26 03:41:00,10,13,WR,True,10,BEFORE_GAME_DATE,4.0,3.0,1.0,2.0,3.0,2.0,0.0,19.5,2.0,1.0,2.0,19.5,9.75,16.4,82.6086956521739,60.86956521739131,68.47826086956522,18.47826086956522,True,Ordinary,True,False,False,False,False,Pop Lockett Drop it
W00335,2019,Pop Lockett Drop it,Kyle Allen,kyleallen,Waiver,2019-11-13 03:57:00,2019-12-08 14:06:00,11,,QB,True,11,BEFORE_GAME_DATE,3.0,3.0,0.0,3.0,3.0,3.0,0.0,67.16,3.0,1.0,3.0,67.16,22.386666666666667,29.14,77.27272727272727,63.63636363636363,68.4090909090909,18.409090909090907,True,Ordinary,True,False,False,False,False,Pop Lockett Drop it
W01427,2023,Joe Mantegna,Geno Smith,genosmith,Waiver,2023-09-20 03:01:00,2023-11-14 18:21:00,3,11,QB,True,3,BEFORE_GAME_DATE,9.0,8.0,1.0,7.0,8.0,7.0,0.0,112.53999999999999,7.0,1.0,7.0,112.53999999999999,16.077142857142857,28.06,61.111111111111114,72.22222222222221,68.33333333333333,18.33333333333333,True,Ordinary,True,False,False,False,False,Joe Mantegna
W00604,2020,Pop Lockett Drop it,Gardner Minshew II,gardnerminshew,Waiver,2020-10-07 03:52:00,2020-10-23 17:07:00,5,7,QB,True,5,BEFORE_GAME_DATE,3.0,2.0,0.0,2.0,3.0,2.0,0.0,44.46,2.0,1.0,2.0,44.46,22.23,23.84,65.21739130434783,69.56521739130434,68.04347826086956,18.043478260869563,True,Ordinary,True,False,False,False,False,Pop Lockett Drop it
W00632,2020,Post Mahomes,Joshua Kelley,joshuakelley,Free Agent,2020-09-16 10:00:00,2020-11-10 09:43:00,2,10,RB,True,2,BEFORE_GAME_DATE,9.0,8.0,1.0,7.0,8.0,7.0,0.0,42.800000000000004,7.0,1.0,7.0,42.800000000000004,6.114285714285715,12.3,44.230769230769226,80.76923076923077,67.98076923076924,17.98076923076924,True,Ordinary,True,False,False,False,False,Post Mahomes
W00308,2019,Patty Primetimes,Gardner Minshew II,gardnerminshew,Free Agent,2019-10-09 06:36:00,2019-11-06 04:16:00,6,10,QB,True,6,BEFORE_GAME_DATE,5.0,4.0,0.0,4.0,4.0,4.0,0.0,68.34,4.0,1.0,4.0,68.34,17.085,29.96,59.09090909090909,72.72727272727273,67.95454545454547,17.954545454545467,True,Ordinary,True,False,False,False,False,Patty Primetimes
W01295,2022,Uncle Rico,Cole Kmet,colekmet,Waiver,2022-11-16 02:37:00,,11,,TE,True,11,BEFORE_GAME_DATE,4.0,4.0,1.0,3.0,3.0,3.0,0.0,19.4,3.0,1.0,3.0,19.4,6.466666666666666,10.2,74.19354838709677,64.51612903225806,67.90322580645162,17.903225806451616,True,Ordinary,True,False,False,False,False,Uncle Rico
W00853,2021,Joe Mantegna,Jared Cook,jaredcook,Free Agent,2021-10-01 21:42:00,2021-12-08 02:16:00,4,14,TE,True,4,BEFORE_GAME_DATE,11.0,10.0,1.0,9.0,10.0,9.0,0.0,61.900000000000006,9.0,1.0,9.0,61.900000000000006,6.877777777777778,16.0,38.88888888888889,83.33333333333334,67.77777777777779,17.777777777777786,True,Ordinary,True,False,False,False,False,Joe Mantegna
W00818,2021,Big Sack Jack,Sterling Shepard,sterlingshepard,Waiver,2021-09-05 02:09:00,2021-11-28 11:54:00,1,12,WR,True,1,BEFORE_GAME_DATE,12.0,12.0,1.0,11.0,5.0,11.0,0.0,53.5,5.0,1.0,11.0,53.5,4.863636363636363,20.8,30.303030303030305,87.87878787878788,67.72727272727272,17.72727272727272,True,Ordinary,True,False,False,False,False,Big Sack Jack
W00263,2019,Big Sack Jack,John Ross,johnross,Waiver,2019-09-11 04:42:00,2019-10-03 10:57:00,2,5,WR,True,2,BEFORE_GAME_DATE,4.0,3.0,0.0,3.0,3.0,3.0,0.0,21.000000000000004,3.0,1.0,3.0,21.000000000000004,7.000000000000001,17.200000000000003,69.6969696969697,66.66666666666666,67.72727272727272,17.72727272727272,True,Ordinary,True,False,False,False,False,Big Sack Jack
W01014,2021,Uncle Rico,D'Onta Foreman,dontaforeman,Waiver,2021-11-17 02:40:00,,11,,RB,True,11,BEFORE_GAME_DATE,4.0,4.0,1.0,3.0,3.0,3.0,0.0,27.4,3.0,1.0,3.0,27.4,9.133333333333333,13.2,78.72340425531915,61.702127659574465,67.65957446808511,17.65957446808511,True,Ordinary,True,False,False,False,False,Uncle Rico
W01441,2023,Malle ❤️ 🐸,Gerald Everett,geraldeverett,Free Agent,2023-10-15 18:03:00,,6,,TE,True,6,BEFORE_GAME_DATE,9.0,9.0,0.0,9.0,7.0,9.0,0.0,47.3,6.0,1.0,9.0,47.3,5.2555555555555555,12.3,45.83333333333333,79.16666666666666,67.5,17.5,True,Ordinary,True,False,False,False,False,Malle ❤️ 🐸
W01485,2023,Post Mahomes,AJ Dillon,ajdillon,Free Agent,2023-10-09 16:36:00,2023-10-10 14:47:00,5,6,RB,True,5,SAME_DAY_AS_GAME,2.0,1.0,0.0,1.0,1.0,1.0,0.0,13.600000000000001,1.0,1.0,1.0,13.600000000000001,13.600000000000001,13.600000000000001,97.72727272727273,51.13636363636363,67.44318181818181,17.443181818181813,True,Ordinary,True,False,False,False,False,Post Mahomes
W01966,2025,ThreatLevelMidnight,Parker Washington,parkerwashington,Free Agent,2025-11-07 15:06:00,2025-11-11 10:16:00,10,11,WR,True,10,BEFORE_GAME_DATE,2.0,1.0,0.0,1.0,2.0,1.0,0.0,16.4,1.0,1.0,1.0,16.4,16.4,16.4,95.65217391304348,52.17391304347826,67.3913043478261,17.391304347826093,True,Ordinary,True,False,False,False,False,ThreatLevelMidnight
W01610,2023,malle_dips_pouches,Isaiah Likely,isaiahlikely,Free Agent,2023-11-23 11:50:00,,12,,TE,True,12,NO_NFL_TEAM_MATCH,3.0,3.0,1.0,2.0,2.0,2.0,0.0,22.8,2.0,1.0,2.0,22.8,11.4,16.8,91.66666666666666,54.166666666666664,67.29166666666666,17.291666666666657,True,Ordinary,True,False,False,False,False,malle_dips_pouches
W00271,2019,Ginger FC,Drew Brees,drewbrees,Waiver,2019-10-05 02:56:00,,5,,QB,True,5,BEFORE_GAME_DATE,9.0,9.0,1.0,8.0,5.0,8.0,0.0,113.22,5.0,1.0,8.0,113.22,14.1525,31.92,31.818181818181817,86.36363636363636,67.27272727272727,17.272727272727266,True,Ordinary,True,False,False,False,False,Ginger FC
W01664,2024,Malle ❤️ 🐸,Tank Bigsby,tankbigsby,Free Agent,2024-12-08 08:57:00,,14,,RB,True,14,SAME_DAY_AS_GAME,1.0,1.0,0.0,1.0,1.0,1.0,0.0,12.7,1.0,1.0,1.0,12.7,12.7,12.7,90.32258064516128,54.83870967741935,67.25806451612902,17.258064516129025,True,Ordinary,True,False,False,False,False,Malle ❤️ 🐸
W00711,2020,ThreatLevelMidnight,Teddy Bridgewater,teddybridgewater,Free Agent,2020-10-07 07:50:00,2020-10-15 13:50:00,5,6,QB,True,5,BEFORE_GAME_DATE,2.0,1.0,0.0,1.0,2.0,1.0,0.0,24.82,1.0,1.0,1.0,24.82,24.82,24.82,86.95652173913044,56.52173913043478,67.17391304347827,17.173913043478265,True,Ordinary,True,False,False,False,False,ThreatLevelMidnight
W00457,2019,ThreatLevelMidnight,Zach Pascal,zachpascal,Free Agent,2019-11-02 09:45:00,2019-11-13 16:27:00,9,11,WR,True,9,BEFORE_GAME_DATE,3.0,2.0,0.0,2.0,3.0,2.0,0.0,16.200000000000003,2.0,1.0,2.0,16.200000000000003,8.100000000000001,13.600000000000001,78.78787878787878,60.60606060606061,66.96969696969697,16.96969696969697,True,Ordinary,True,False,False,False,False,ThreatLevelMidnight
W01257,2022,ThreatLevelMidnight,Evan Engram,evanengram,Free Agent,2022-10-26 07:05:00,2022-11-09 07:26:00,8,10,TE,True,8,BEFORE_GAME_DATE,3.0,2.0,0.0,2.0,3.0,2.0,0.0,14.8,2.0,1.0,2.0,14.8,7.4,13.5,77.41935483870968,61.29032258064516,66.93548387096774,16.935483870967744,True,Ordinary,True,False,False,False,False,ThreatLevelMidnight
W00056,2017,Hello Harvard,Marlon Mack,marlonmack,Waiver,2017-10-28 02:17:00,2017-11-05 10:43:00,8,9,RB,True,8,BEFORE_GAME_DATE,2.0,2.0,0.0,2.0,2.0,2.0,0.0,15.200000000000001,2.0,1.0,2.0,15.200000000000001,7.6000000000000005,12.3,76.92307692307693,61.53846153846154,66.92307692307693,16.923076923076934,True,Ordinary,True,False,False,False,False,Hello Harvard
W01721,2024,The Big Gronkowski,Ameer Abdullah,ameerabdullah,Free Agent,2024-11-24 08:29:00,2024-12-11 02:31:00,12,,RB,True,12,SAME_DAY_AS_GAME,3.0,3.0,0.0,3.0,3.0,3.0,0.0,21.6,3.0,1.0,3.0,21.6,7.2,15.0,64.51612903225806,67.74193548387096,66.61290322580645,16.61290322580645,True,Ordinary,True,False,False,False,False,The Big Gronkowski
W01444,2023,Malle ❤️ 🐸,Pat Freiermuth,patfreiermuth,Free Agent,2023-11-19 11:11:00,,11,,TE,True,11,SAME_DAY_AS_GAME,4.0,4.0,0.0,4.0,4.0,4.0,0.0,27.4,4.0,1.0,4.0,27.4,6.85,16.5,58.333333333333336,70.83333333333334,66.45833333333334,16.458333333333343,True,Ordinary,True,False,False,False,False,Malle ❤️ 🐸
W00956,2021,Post Mahomes,Teddy Bridgewater,teddybridgewater,Free Agent,2021-11-05 18:33:00,2021-11-16 07:22:00,9,11,QB,True,9,BEFORE_GAME_DATE,3.0,2.0,0.0,2.0,2.0,2.0,0.0,32.9,2.0,1.0,2.0,32.9,16.45,23.86,57.14285714285714,71.42857142857143,66.42857142857143,16.42857142857143,True,Ordinary,True,False,False,False,False,Post Mahomes
W00963,2021,The Big Gronkowski,Tyler Conklin,tylerconklin,Free Agent,2021-10-31 08:11:00,,8,,TE,True,8,SAME_DAY_AS_GAME,7.0,7.0,0.0,7.0,7.0,7.0,0.0,50.4,7.0,1.0,7.0,50.4,7.2,14.6,55.55555555555556,72.22222222222221,66.38888888888889,16.388888888888886,True,Ordinary,True,False,False,False,False,The Big Gronkowski
W00169,2017,ThreatLevelMidnight,Kenny Stills,kennystills,Free Agent,2017-12-03 11:31:00,2017-12-21 14:28:00,13,,WR,True,13,SAME_DAY_AS_GAME,1.0,1.0,0.0,1.0,1.0,1.0,0.0,13.8,1.0,1.0,1.0,13.8,13.8,13.8,96.66666666666667,50.0,66.33333333333334,16.333333333333343,True,Ordinary,True,False,False,False,False,ThreatLevelMidnight
W01108,2022,Joe Mantegna,Brandin Cooks,brandincooks,Free Agent,2022-10-19 13:53:00,,7,,WR,True,7,BEFORE_GAME_DATE,8.0,8.0,0.0,8.0,5.0,8.0,0.0,39.2,5.0,1.0,8.0,39.2,4.9,9.3,53.333333333333336,73.33333333333333,66.33333333333333,16.33333333333333,True,Ordinary,True,False,False,False,False,Joe Mantegna
W00064,2017,Hello Harvard,Ted Ginn Jr.,tedginn,Waiver,2017-11-04 02:31:00,,9,,WR,True,9,BEFORE_GAME_DATE,5.0,5.0,0.0,5.0,5.0,5.0,0.0,30.1,5.0,1.0,5.0,30.1,6.0200000000000005,11.9,53.333333333333336,73.33333333333333,66.33333333333333,16.33333333333333,True,Ordinary,True,False,False,False,False,Hello Harvard
W01625,2024,Buttermilk Puuump,Noah Fant,noahfant,Free Agent,2024-09-29 12:57:00,2024-11-07 18:01:00,4,10,TE,True,4,BEFORE_GAME_DATE,7.0,6.0,0.0,6.0,5.0,6.0,0.0,29.0,5.0,1.0,6.0,29.0,4.833333333333333,9.3,53.333333333333336,73.33333333333333,66.33333333333333,16.33333333333333,True,Ordinary,True,False,False,False,False,Buttermilk Puuump
W00919,2021,Post Mahomes,Alex Collins,alexcollins,Free Agent,2021-10-07 10:36:00,,5,,RB,True,5,SAME_DAY_AS_GAME,10.0,10.0,1.0,9.0,8.0,9.0,0.0,46.2,8.0,1.0,9.0,46.2,5.133333333333334,16.3,46.808510638297875,76.59574468085107,66.17021276595744,16.170212765957444,True,Ordinary,True,False,False,False,False,Post Mahomes
W00880,2021,Patty Primetimes,Hunter Henry,hunterhenry,Free Agent,2021-10-13 07:34:00,2021-12-08 10:18:00,6,14,TE,True,6,BEFORE_GAME_DATE,9.0,8.0,0.0,8.0,7.0,8.0,0.0,55.300000000000004,7.0,1.0,8.0,55.300000000000004,6.9125000000000005,17.7,44.44444444444444,77.77777777777779,66.11111111111111,16.111111111111114,True,Ordinary,True,False,False,False,False,Patty Primetimes
W00997,2021,ThreatLevelMidnight,Teddy Bridgewater,teddybridgewater,Free Agent,2021-11-07 10:39:00,2021-11-10 06:36:00,9,10,QB,True,9,SAME_DAY_AS_GAME,2.0,1.0,0.0,1.0,2.0,1.0,0.0,23.86,1.0,1.0,1.0,23.86,23.86,23.86,89.28571428571429,53.57142857142857,66.07142857142857,16.07142857142857,True,Ordinary,True,False,False,False,False,ThreatLevelMidnight
W00067,2017,Joe Mantegna,Coby Fleener,cobyfleener,Waiver,2017-10-18 02:24:00,,7,,TE,True,7,BEFORE_GAME_DATE,7.0,7.0,0.0,7.0,6.0,7.0,0.0,16.599999999999998,4.0,1.0,7.0,16.599999999999998,2.371428571428571,9.1,34.285714285714285,82.85714285714286,65.85714285714286,15.857142857142861,True,Ordinary,True,False,False,False,False,Joe Mantegna
W01971,2025,ThreatLevelMidnight,Sam Darnold,samdarnold,Waiver,2025-10-29 03:27:00,2025-11-05 03:31:00,9,10,QB,True,9,BEFORE_GAME_DATE,2.0,1.0,0.0,1.0,2.0,1.0,0.0,36.2,1.0,1.0,1.0,36.2,36.2,36.2,100.0,47.05882352941176,65.58823529411765,15.588235294117652,True,Ordinary,True,False,False,False,False,ThreatLevelMidnight
W01244,2022,ThreatLevelMidnight,Carson Wentz,carsonwentz,Free Agent,2022-09-18 09:31:00,2022-09-28 07:03:00,2,4,QB,True,2,SAME_DAY_AS_GAME,3.0,2.0,0.0,2.0,3.0,2.0,0.0,43.42,2.0,1.0,2.0,43.42,21.71,34.78,73.07692307692307,61.53846153846154,65.57692307692307,15.576923076923066,True,Ordinary,True,False,False,False,False,ThreatLevelMidnight
W00191,2017,Voldemort,Alfred Morris,alfredmorris,Free Agent,2017-10-14 03:48:00,2017-11-29 05:54:00,6,13,RB,True,7,BYE_ACQUISITION_WEEK,7.0,6.0,0.0,6.0,7.0,6.0,0.0,23.1,6.0,1.0,6.0,23.1,3.85,9.1,53.84615384615385,71.7948717948718,65.51282051282053,15.512820512820525,True,Ordinary,True,False,False,False,False,Voldemort
W01636,2024,Ginger FC,Kirk Cousins,kirkcousins,Free Agent,2024-09-08 11:54:00,,1,,QB,True,1,SAME_DAY_AS_GAME,14.0,14.0,1.0,13.0,13.0,13.0,0.0,218.84,13.0,1.0,13.0,218.84,16.833846153846153,43.36,16.666666666666664,91.66666666666666,65.41666666666666,15.416666666666657,True,Ordinary,True,False,False,False,False,Ginger FC
W00764,2020,Voldemort,Jamaal Williams,jamaalwilliams,Free Agent,2020-10-04 17:03:00,2020-10-07 08:49:00,4,5,RB,True,4,BEFORE_GAME_DATE,2.0,1.0,0.0,1.0,1.0,1.0,0.0,14.5,1.0,1.0,1.0,14.5,14.5,14.5,90.38461538461539,51.92307692307693,65.38461538461539,15.384615384615387,True,Ordinary,True,False,False,False,False,Voldemort
W01651,2024,Joe Mantegna,Jerome Ford,jeromeford,Free Agent,2024-11-15 11:43:00,,11,,RB,True,11,BEFORE_GAME_DATE,4.0,4.0,0.0,4.0,4.0,4.0,0.0,22.0,4.0,1.0,4.0,22.0,5.5,6.7,54.83870967741935,70.96774193548387,65.3225806451613,15.322580645161295,True,Ordinary,True,False,False,False,False,Joe Mantegna
W01871,2025,Pop Lockett Drop it,Bam Knight,bamknight,Free Agent,2025-11-19 10:20:00,2025-12-12 11:57:00,12,,RB,True,12,BEFORE_GAME_DATE,3.0,3.0,0.0,3.0,3.0,3.0,0.0,31.4,3.0,1.0,3.0,31.4,10.466666666666667,15.3,71.42857142857143,61.904761904761905,65.23809523809524,15.23809523809524,True,Ordinary,True,False,False,False,False,Pop Lockett Drop it
W00069,2017,Malle ❤️ 🐸,Jalen Richard,jalenrichard,Free Agent,2017-10-11 20:21:00,2017-11-09 17:46:00,6,10,RB,True,6,BEFORE_GAME_DATE,5.0,4.0,0.0,4.0,4.0,4.0,0.0,17.2,4.0,1.0,4.0,17.2,4.3,7.6000000000000005,57.692307692307686,69.23076923076923,65.1923076923077,15.192307692307693,True,Ordinary,True,False,False,False,False,Malle ❤️ 🐸
W01235,2022,The Big Gronkowski,Jimmy Garoppolo,jimmygaroppolo,Free Agent,2022-10-23 07:01:00,2022-12-14 03:55:00,7,,QB,True,7,SAME_DAY_AS_GAME,8.0,8.0,1.0,7.0,6.0,7.0,0.0,109.86,6.0,1.0,7.0,109.86,15.694285714285714,33.42,42.30769230769231,76.92307692307693,64.80769230769232,14.80769230769232,True,Ordinary,True,False,False,False,False,The Big Gronkowski
W01226,2022,Post Mahomes,Taysom Hill,taysomhill,Waiver,2022-10-12 02:44:00,2022-11-09 12:11:00,6,10,TE,True,6,BEFORE_GAME_DATE,5.0,4.0,0.0,4.0,5.0,4.0,0.0,23.060000000000002,4.0,1.0,4.0,23.060000000000002,5.765000000000001,9.620000000000001,58.06451612903226,67.74193548387096,64.35483870967742,14.354838709677423,True,Ordinary,True,False,False,False,False,Post Mahomes
W01900,2025,Post Mahomes,Chris Rodriguez Jr.,chrisrodriguez,Free Agent,2025-09-05 09:57:00,2025-12-03 04:06:00,1,14,RB,True,1,NO_NFL_TEAM_MATCH,14.0,13.0,1.0,12.0,10.0,12.0,0.0,57.1,9.0,1.0,12.0,57.1,4.758333333333334,12.5,33.33333333333333,80.95238095238095,64.28571428571428,14.285714285714278,True,Ordinary,True,False,False,False,False,Post Mahomes
W01185,2022,Pop Lockett Drop it,Mike Gesicki,mikegesicki,Free Agent,2022-10-26 14:38:00,2022-11-04 08:20:00,8,9,TE,True,8,BEFORE_GAME_DATE,2.0,1.0,0.0,1.0,2.0,1.0,0.0,11.3,1.0,1.0,1.0,11.3,11.3,11.3,93.54838709677419,48.38709677419355,64.19354838709678,14.193548387096783,True,Ordinary,True,False,False,False,False,Pop Lockett Drop it
W01811,2024,malle_dips_pouches,Tyler Allgeier,tylerallgeier,Free Agent,2024-12-08 11:49:00,,14,,RB,True,14,SAME_DAY_AS_GAME,1.0,1.0,0.0,1.0,1.0,1.0,0.0,12.3,1.0,1.0,1.0,12.3,12.3,12.3,87.09677419354838,51.61290322580645,64.03225806451613,14.032258064516128,True,Ordinary,True,False,False,False,False,malle_dips_pouches
W00302,2019,Malle ❤️ 🐸,Tyler Eifert,tylereifert,Free Agent,2019-10-02 20:01:00,,5,,TE,True,5,BEFORE_GAME_DATE,9.0,9.0,1.0,8.0,8.0,8.0,0.0,23.1,8.0,1.0,8.0,23.1,2.8875,8.0,46.666666666666664,73.33333333333333,64.0,14.0,True,Ordinary,True,False,False,False,False,Malle ❤️ 🐸
W00910,2021,Pop Lockett Drop it,Pat Freiermuth,patfreiermuth,Waiver,2021-11-24 02:21:00,2021-12-01 17:34:00,12,13,TE,True,12,BEFORE_GAME_DATE,2.0,1.0,0.0,1.0,2.0,1.0,0.0,12.0,1.0,1.0,1.0,12.0,12.0,12.0,100.0,44.44444444444444,63.888888888888886,13.888888888888886,True,Ordinary,True,False,False,False,False,Pop Lockett Drop it
W01705,2024,Post Mahomes,Jaylen Warren,jaylenwarren,Free Agent,2024-10-23 02:55:00,2024-11-13 02:29:00,8,11,RB,True,8,BEFORE_GAME_DATE,4.0,3.0,1.0,2.0,3.0,2.0,0.0,15.4,2.0,1.0,2.0,15.4,7.7,8.5,67.74193548387096,61.29032258064516,63.54838709677419,13.548387096774192,True,Ordinary,True,False,False,False,False,Post Mahomes
W00688,2020,ThreatLevelMidnight,Jerick McKinnon,jerickmckinnon,Free Agent,2020-11-04 06:39:00,2020-12-04 03:35:00,9,13,RB,True,9,BEFORE_GAME_DATE,5.0,4.0,1.0,3.0,3.0,3.0,0.0,23.6,3.0,1.0,3.0,23.6,7.866666666666667,14.3,55.769230769230774,67.3076923076923,63.269230769230774,13.269230769230774,True,Ordinary,True,False,False,False,False,ThreatLevelMidnight
W01986,2025,Uncle Rico,Tre Tucker,tretucker,Waiver,2025-09-24 04:37:00,,4,,WR,True,4,BEFORE_GAME_DATE,11.0,11.0,1.0,10.0,10.0,10.0,0.0,61.300000000000004,10.0,1.0,10.0,61.300000000000004,6.130000000000001,12.7,43.47826086956522,73.91304347826086,63.26086956521739,13.26086956521739,True,Ordinary,True,False,False,False,False,Uncle Rico
W00151,2017,ThreatLevelMidnight,Damien Williams,damienwilliams,Waiver,2017-11-15 02:36:00,2017-12-13 02:27:00,11,,RB,True,11,BEFORE_GAME_DATE,3.0,3.0,0.0,3.0,2.0,3.0,0.0,15.400000000000002,2.0,1.0,3.0,15.400000000000002,5.133333333333334,10.200000000000001,61.53846153846154,64.1025641025641,63.205128205128204,13.205128205128204,True,Ordinary,True,False,False,False,False,ThreatLevelMidnight
W00104,2017,Post Mahomes,Deshaun Watson,deshaunwatson,Waiver,2017-10-04 03:02:00,,5,,QB,True,5,BEFORE_GAME_DATE,9.0,9.0,1.0,8.0,3.0,8.0,0.0,119.62,3.0,1.0,8.0,119.62,14.9525,45.54,45.45454545454545,72.72727272727273,63.18181818181819,13.181818181818187,True,Ordinary,True,False,False,False,False,Post Mahomes
W01658,2024,Joe Mantegna,Wan'Dale Robinson,wandalerobinson,Free Agent,2024-10-13 07:15:00,2024-11-23 02:11:00,6,12,WR,True,6,SAME_DAY_AS_GAME,7.0,6.0,1.0,5.0,6.0,5.0,0.0,28.400000000000002,5.0,1.0,5.0,28.400000000000002,5.680000000000001,7.6000000000000005,47.61904761904761,71.42857142857143,63.095238095238095,13.095238095238095,True,Ordinary,True,False,False,False,False,Joe Mantegna
W00828,2021,Ginger FC,Dawson Knox,dawsonknox,Free Agent,2021-10-01 18:39:00,2021-11-07 10:38:00,4,9,TE,True,4,BEFORE_GAME_DATE,6.0,6.0,1.0,5.0,3.0,5.0,0.0,43.400000000000006,3.0,1.0,5.0,43.400000000000006,8.680000000000001,19.200000000000003,66.66666666666666,61.111111111111114,63.05555555555556,13.055555555555557,True,Ordinary,True,False,False,False,False,Ginger FC
W01049,2021,Voldemort,Elijah Moore,elijahmoore,Waiver,2021-11-24 02:21:00,2021-12-12 16:47:00,12,14,WR,True,12,BEFORE_GAME_DATE,3.0,3.0,0.0,3.0,2.0,3.0,0.0,24.900000000000002,2.0,1.0,3.0,24.900000000000002,8.3,17.6,72.72727272727273,57.57575757575758,62.87878787878789,12.87878787878789,True,Ordinary,True,False,False,False,False,Voldemort
W00908,2021,Pop Lockett Drop it,Matt Ryan,mattryan,Free Agent,2021-10-20 09:16:00,2021-11-04 12:44:00,7,9,QB,True,7,BEFORE_GAME_DATE,3.0,2.0,0.0,2.0,3.0,2.0,0.0,32.58,2.0,1.0,2.0,32.58,16.29,22.439999999999998,53.57142857142857,67.85714285714286,62.85714285714286,12.857142857142861,True,Ordinary,True,False,False,False,False,Pop Lockett Drop it
W00672,2020,ThreatLevelMidnight,Dalton Schultz,daltonschultz,Free Agent,2020-11-22 08:21:00,2020-11-25 03:19:00,11,12,TE,True,11,SAME_DAY_AS_GAME,2.0,1.0,0.0,1.0,2.0,1.0,0.0,10.5,1.0,1.0,1.0,10.5,10.5,10.5,100.0,42.857142857142854,62.85714285714286,12.857142857142861,True,Ordinary,True,False,False,False,False,ThreatLevelMidnight
W00564,2020,Ginger FC,Ryan Fitzpatrick,ryanfitzpatrick,Waiver,2020-10-15 05:17:00,2020-10-21 03:40:00,6,7,QB,True,6,BEFORE_GAME_DATE,2.0,1.0,0.0,1.0,1.0,1.0,0.0,24.04,1.0,1.0,1.0,24.04,24.04,24.04,82.6086956521739,52.17391304347826,62.826086956521735,12.826086956521735,True,Ordinary,True,False,False,False,False,Ginger FC
W00085,2017,Pop Lockett Drop it,Jesse James,jessejames,Free Agent,2017-11-08 16:33:00,2017-11-25 02:26:00,10,12,TE,True,10,BEFORE_GAME_DATE,3.0,2.0,0.0,2.0,3.0,2.0,0.0,8.1,1.0,1.0,2.0,8.1,4.05,8.1,57.14285714285714,65.71428571428571,62.71428571428571,12.714285714285708,True,Ordinary,True,False,False,False,False,Pop Lockett Drop it
W01180,2022,Pop Lockett Drop it,Jared Goff,jaredgoff,Free Agent,2022-09-23 11:02:00,2022-10-26 02:36:00,3,8,QB,True,3,BEFORE_GAME_DATE,6.0,5.0,1.0,4.0,5.0,4.0,0.0,69.48,4.0,1.0,4.0,69.48,17.37,42.22,50.0,69.23076923076923,62.5,12.5,True,Ordinary,True,False,False,False,False,Pop Lockett Drop it
W02002,2025,Voldemort,Sam Darnold,samdarnold,Free Agent,2025-11-09 06:49:00,,10,,QB,True,10,SAME_DAY_AS_GAME,5.0,5.0,0.0,5.0,5.0,5.0,0.0,70.22,5.0,1.0,5.0,70.22,14.044,29.26,47.05882352941176,70.58823529411765,62.352941176470594,12.352941176470594,True,Ordinary,True,False,False,False,False,Voldemort
W01407,2023,Ginger FC,Jonnu Smith,jonnusmith,Waiver,2023-10-18 02:45:00,2023-11-15 09:02:00,7,11,TE,True,7,BEFORE_GAME_DATE,5.0,4.0,0.0,4.0,4.0,4.0,0.0,25.1,4.0,1.0,4.0,25.1,6.275,18.5,54.166666666666664,66.66666666666666,62.29166666666666,12.291666666666657,True,Ordinary,True,False,False,False,False,Ginger FC
W00541,2020,Big Sack Jack,Kirk Cousins,kirkcousins,Free Agent,2020-10-04 11:19:00,2020-10-11 11:41:00,4,5,QB,True,4,SAME_DAY_AS_GAME,2.0,2.0,0.0,2.0,2.0,2.0,0.0,36.06,2.0,1.0,2.0,36.06,18.03,19.16,56.52173913043478,65.21739130434783,62.173913043478265,12.173913043478265,True,Ordinary,True,False,False,False,False,Big Sack Jack
W00609,2020,Pop Lockett Drop it,Jimmy Graham,jimmygraham,Free Agent,2020-10-23 17:07:00,2020-11-13 02:25:00,7,10,TE,True,7,BEFORE_GAME_DATE,4.0,3.0,0.0,3.0,4.0,3.0,0.0,22.4,3.0,1.0,3.0,22.4,7.466666666666666,14.5,71.42857142857143,57.14285714285714,62.14285714285714,12.142857142857139,True,Ordinary,True,False,False,False,False,Pop Lockett Drop it
W00766,2020,Voldemort,J.D. McKissic,jdmckissic,Free Agent,2020-11-02 06:29:00,2020-11-08 06:43:00,8,9,RB,True,9,BYE_ACQUISITION_WEEK,1.0,1.0,0.0,1.0,1.0,1.0,0.0,12.700000000000001,1.0,1.0,1.0,12.700000000000001,12.700000000000001,12.700000000000001,86.53846153846155,48.07692307692308,61.53846153846155,11.538461538461547,True,Ordinary,True,False,False,False,False,Voldemort
W01463,2023,Pop Lockett Drop it,Derek Carr,derekcarr,Waiver,2023-10-18 02:45:00,2023-11-08 02:47:00,7,10,QB,True,7,BEFORE_GAME_DATE,4.0,3.0,0.0,3.0,4.0,3.0,0.0,63.47999999999999,3.0,1.0,3.0,63.47999999999999,21.159999999999997,22.299999999999997,72.22222222222221,55.55555555555556,61.388888888888886,11.388888888888886,True,Ordinary,True,False,False,False,False,Pop Lockett Drop it
W01591,2023,Voldemort,Jaleel McLaughlin,jaleelmclaughlin,Free Agent,2023-10-04 06:15:00,2023-11-01 05:29:00,5,9,RB,True,5,BEFORE_GAME_DATE,5.0,4.0,0.0,4.0,4.0,4.0,0.0,31.6,4.0,1.0,4.0,31.6,7.9,16.4,56.81818181818182,63.63636363636363,61.25,11.25,True,Ordinary,True,False,False,False,False,Voldemort
W01043,2021,Voldemort,Daniel Jones,danieljones,Free Agent,2021-10-30 19:06:00,2021-11-03 08:58:00,8,9,QB,True,8,BEFORE_GAME_DATE,2.0,1.0,0.0,1.0,2.0,1.0,0.0,21.080000000000002,1.0,1.0,1.0,21.080000000000002,21.080000000000002,21.080000000000002,82.14285714285714,50.0,61.25,11.25,True,Ordinary,True,False,False,False,False,Voldemort
W00398,2019,The Big Gronkowski,Vance McDonald,vancemcdonald,Waiver,2019-10-23 04:16:00,2019-11-27 04:28:00,8,13,TE,True,8,BEFORE_GAME_DATE,6.0,5.0,0.0,5.0,6.0,5.0,0.0,15.600000000000001,5.0,1.0,5.0,15.600000000000001,3.12,9.0,56.666666666666664,63.33333333333333,61.0,11.0,True,Ordinary,True,False,False,False,False,The Big Gronkowski
W01832,2025,Joe Mantegna,Devin Singletary,devinsingletary,Free Agent,2025-11-19 18:17:00,,12,,RB,True,12,BEFORE_GAME_DATE,3.0,3.0,1.0,2.0,2.0,2.0,0.0,22.400000000000002,2.0,1.0,2.0,22.400000000000002,11.200000000000001,17.700000000000003,76.19047619047619,52.38095238095239,60.714285714285715,10.714285714285715,True,Ordinary,True,False,False,False,False,Joe Mantegna
W00309,2019,Patty Primetimes,Hunter Renfrow,hunterrenfrow,Free Agent,2019-09-25 20:49:00,2019-10-30 04:08:00,4,9,WR,True,4,BEFORE_GAME_DATE,6.0,5.0,1.0,4.0,5.0,4.0,0.0,19.200000000000003,4.0,1.0,4.0,19.200000000000003,4.800000000000001,14.8,54.54545454545454,63.63636363636363,60.454545454545446,10.454545454545446,True,Ordinary,True,False,False,False,False,Patty Primetimes
W01883,2025,Pop Lockett Drop it,Mason Taylor,masontaylor,Waiver,2025-10-22 03:19:00,2025-11-05 08:03:00,8,10,TE,True,8,BEFORE_GAME_DATE,3.0,2.0,1.0,1.0,2.0,1.0,0.0,11.9,1.0,1.0,1.0,11.9,11.9,11.9,100.0,38.88888888888889,60.277777777777786,10.277777777777786,True,Ordinary,True,False,False,False,False,Pop Lockett Drop it
W00276,2019,Ginger FC,Jason Witten,jasonwitten,Free Agent,2019-09-20 15:18:00,2019-10-09 03:55:00,3,6,TE,True,3,BEFORE_GAME_DATE,4.0,3.0,0.0,3.0,4.0,3.0,0.0,11.3,3.0,1.0,3.0,11.3,3.766666666666667,5.4,66.66666666666666,56.666666666666664,60.166666666666664,10.166666666666664,True,Ordinary,True,False,False,False,False,Ginger FC
W00626,2020,Post Mahomes,Devonta Freeman,devontafreeman,Waiver,2020-09-23 04:25:00,2020-11-15 11:06:00,3,10,RB,True,3,BEFORE_GAME_DATE,8.0,8.0,0.0,8.0,5.0,8.0,0.0,32.5,5.0,1.0,8.0,32.5,4.0625,15.700000000000001,28.846153846153843,76.92307692307693,60.096153846153854,10.096153846153854,True,Ordinary,True,False,False,False,False,Post Mahomes
W01841,2025,Malle ❤️ 🐸,Bhayshul Tuten,bhayshultuten,Free Agent,2025-11-02 11:59:00,,9,,RB,True,9,SAME_DAY_AS_GAME,6.0,6.0,0.0,6.0,6.0,6.0,0.0,32.6,5.0,1.0,6.0,32.6,5.433333333333334,13.4,47.61904761904761,66.66666666666666,59.99999999999999,9.999999999999993,True,Ordinary,True,False,False,False,False,Malle ❤️ 🐸
W01611,2023,malle_dips_pouches,Jerick McKinnon,jerickmckinnon,Free Agent,2023-12-10 11:02:00,,14,,RB,True,14,SAME_DAY_AS_GAME,1.0,1.0,0.0,1.0,1.0,1.0,0.0,11.2,1.0,1.0,1.0,11.2,11.2,11.2,86.36363636363636,45.45454545454545,59.772727272727266,9.772727272727266,True,Ordinary,True,False,False,False,False,malle_dips_pouches
W00649,2020,Post Mahomes,Wayne Gallman,waynegallman,Free Agent,2020-11-02 08:38:00,2020-11-03 08:42:00,8,9,RB,True,8,SAME_DAY_AS_GAME,2.0,1.0,0.0,1.0,2.0,1.0,0.0,12.7,1.0,1.0,1.0,12.7,12.7,12.7,84.61538461538461,46.15384615384615,59.61538461538461,9.615384615384613,True,Ordinary,True,False,False,False,False,Post Mahomes
W01202,2022,Post Mahomes,Chuba Hubbard,chubahubbard,Free Agent,2022-10-20 22:25:00,2022-11-09 02:35:00,7,10,RB,True,7,BEFORE_GAME_DATE,4.0,3.0,0.0,3.0,2.0,3.0,0.0,14.3,1.0,1.0,3.0,14.3,4.766666666666667,14.3,57.57575757575758,60.60606060606061,59.54545454545455,9.545454545454547,True,Ordinary,True,False,False,False,False,Post Mahomes
W01448,2023,Patty Primetimes,Ezekiel Elliott,ezekielelliott,Waiver,2023-09-27 02:59:00,2023-11-08 08:30:00,4,10,RB,True,4,BEFORE_GAME_DATE,7.0,6.0,0.0,6.0,7.0,6.0,0.0,37.800000000000004,6.0,1.0,6.0,37.800000000000004,6.300000000000001,11.4,43.18181818181818,68.18181818181817,59.43181818181817,9.431818181818173,True,Ordinary,True,False,False,False,False,Patty Primetimes
W01440,2023,Malle ❤️ 🐸,Elijah Moore,elijahmoore,Free Agent,2023-10-22 08:11:00,,7,,WR,True,7,SAME_DAY_AS_GAME,8.0,8.0,0.0,8.0,8.0,8.0,0.0,56.1,8.0,1.0,8.0,56.1,7.0125,12.9,50.0,64.28571428571429,59.28571428571429,9.285714285714292,True,Ordinary,True,False,False,False,False,Malle ❤️ 🐸
W00881,2021,Patty Primetimes,Jamison Crowder,jamisoncrowder,Free Agent,2021-11-14 10:20:00,,10,,WR,True,10,SAME_DAY_AS_GAME,5.0,5.0,0.0,5.0,5.0,5.0,0.0,29.5,5.0,1.0,5.0,29.5,5.9,13.4,45.45454545454545,66.66666666666666,59.242424242424235,9.242424242424235,True,Ordinary,True,False,False,False,False,Patty Primetimes
W01284,2022,ThreatLevelMidnight,Russell Wilson,russellwilson,Free Agent,2022-09-28 07:03:00,2022-10-11 06:45:00,4,6,QB,True,4,BEFORE_GAME_DATE,3.0,2.0,0.0,2.0,3.0,2.0,0.0,42.14,2.0,1.0,2.0,42.14,21.07,30.98,69.23076923076923,53.84615384615385,59.230769230769226,9.230769230769226,True,Ordinary,True,False,False,False,False,ThreatLevelMidnight
W00188,2017,ThreatLevelMidnight,Wayne Gallman,waynegallman,Free Agent,2017-10-04 07:12:00,2017-10-18 21:58:00,5,7,RB,True,5,BEFORE_GAME_DATE,3.0,2.0,0.0,2.0,3.0,2.0,0.0,11.400000000000002,2.0,1.0,2.0,11.400000000000002,5.700000000000001,8.200000000000001,64.1025641025641,56.41025641025641,59.1025641025641,9.102564102564102,True,Ordinary,True,False,False,False,False,ThreatLevelMidnight
W00887,2021,Patty Primetimes,Rex Burkhead,rexburkhead,Free Agent,2021-11-25 08:35:00,,12,,RB,True,12,BEFORE_GAME_DATE,3.0,3.0,0.0,3.0,3.0,3.0,0.0,20.5,3.0,1.0,3.0,20.5,6.833333333333333,8.600000000000001,61.702127659574465,57.446808510638306,58.936170212765965,8.936170212765965,True,Ordinary,True,False,False,False,False,Patty Primetimes
W00580,2020,Joe Mantegna,Trey Burton,treyburton,Waiver,2020-11-04 03:42:00,,9,,TE,True,9,BEFORE_GAME_DATE,5.0,5.0,0.0,5.0,5.0,5.0,0.0,27.8,5.0,1.0,5.0,27.8,5.5600000000000005,11.7,35.714285714285715,71.42857142857143,58.92857142857143,8.92857142857143,True,Ordinary,True,False,False,False,False,Joe Mantegna
W01743,2024,ThreatLevelMidnight,Cam Akers,camakers,Free Agent,2024-11-17 09:05:00,2024-12-22 18:20:00,11,,RB,True,11,SAME_DAY_AS_GAME,4.0,4.0,0.0,4.0,4.0,4.0,0.0,19.5,4.0,1.0,4.0,19.5,4.875,10.6,48.38709677419355,64.51612903225806,58.87096774193549,8.870967741935488,True,Ordinary,True,False,False,False,False,ThreatLevelMidnight
W01849,2025,Malle ❤️ 🐸,Marcus Mariota,marcusmariota,Free Agent,2025-11-09 08:31:00,,10,,QB,True,10,SAME_DAY_AS_GAME,5.0,5.0,1.0,4.0,4.0,4.0,0.0,68.3,3.0,1.0,4.0,68.3,17.075,28.259999999999998,58.82352941176471,58.82352941176471,58.82352941176471,8.82352941176471,True,Ordinary,True,False,False,False,False,Malle ❤️ 🐸
W01659,2024,Malle ❤️ 🐸,Cam Akers,camakers,Free Agent,2024-10-06 09:17:00,2024-10-10 12:08:00,5,6,RB,True,5,SAME_DAY_AS_GAME,2.0,1.0,0.0,1.0,2.0,1.0,0.0,11.7,1.0,1.0,1.0,11.7,11.7,11.7,77.41935483870968,48.38709677419355,58.5483870967742,8.5483870967742,True,Ordinary,True,False,False,False,False,Malle ❤️ 🐸
W00529,2019,malle_dips_pouches,Eric Ebron,ericebron,Waiver,2019-10-23 04:16:00,,8,,TE,True,8,BEFORE_GAME_DATE,6.0,6.0,0.0,6.0,5.0,6.0,0.0,16.900000000000002,5.0,1.0,6.0,16.900000000000002,2.816666666666667,5.6000000000000005,43.333333333333336,66.66666666666666,58.49999999999999,8.499999999999993,True,Ordinary,True,False,False,False,False,malle_dips_pouches
W01182,2022,Pop Lockett Drop it,Jimmy Garoppolo,jimmygaroppolo,Waiver,2022-10-12 02:44:00,2022-10-19 02:38:00,6,7,QB,True,6,BEFORE_GAME_DATE,2.0,1.0,0.0,1.0,2.0,1.0,0.0,22.94,1.0,1.0,1.0,22.94,22.94,22.94,88.46153846153845,42.30769230769231,58.46153846153845,8.461538461538453,True,Ordinary,True,False,False,False,False,Pop Lockett Drop it
W00958,2021,Post Mahomes,Zach Ertz,zachertz,Free Agent,2021-10-14 13:22:00,2021-10-20 07:09:00,6,7,TE,True,6,SAME_DAY_AS_GAME,2.0,1.0,0.0,1.0,2.0,1.0,0.0,10.9,1.0,1.0,1.0,10.9,10.9,10.9,94.44444444444444,38.88888888888889,58.33333333333333,8.333333333333329,True,Ordinary,True,False,False,False,False,Post Mahomes
W01607,2023,Voldemort,Zack Moss,zackmoss,Free Agent,2023-11-25 10:17:00,,12,,RB,True,12,BEFORE_GAME_DATE,3.0,3.0,0.0,3.0,3.0,3.0,0.0,22.3,3.0,1.0,3.0,22.3,7.433333333333334,8.0,52.27272727272727,61.36363636363637,58.18181818181819,8.181818181818187,True,Ordinary,True,False,False,False,False,Voldemort
W01563,2023,Uncle Rico,Hunter Henry,hunterhenry,Waiver,2023-09-13 03:04:00,2023-10-11 09:01:00,2,6,TE,True,2,BEFORE_GAME_DATE,5.0,4.0,0.0,4.0,5.0,4.0,0.0,24.0,3.0,1.0,4.0,24.0,6.0,14.2,50.0,62.5,58.125,8.125,True,Ordinary,True,False,False,False,False,Uncle Rico
W00691,2020,ThreatLevelMidnight,Jordan Reed,jordanreed,Waiver,2020-11-04 03:42:00,2020-12-24 17:28:00,9,,TE,True,9,BEFORE_GAME_DATE,5.0,5.0,1.0,4.0,4.0,4.0,0.0,23.0,4.0,1.0,4.0,23.0,5.75,10.7,46.42857142857143,64.28571428571429,58.03571428571429,8.035714285714292,True,Ordinary,True,False,False,False,False,ThreatLevelMidnight
W01580,2023,Voldemort,Christian Watson,christianwatson,Free Agent,2023-11-29 05:28:00,,13,,WR,True,13,BEFORE_GAME_DATE,2.0,2.0,0.0,2.0,1.0,2.0,0.0,24.1,1.0,1.0,2.0,24.1,12.05,24.1,85.71428571428571,42.857142857142854,57.857142857142854,7.857142857142854,True,Ordinary,True,False,False,False,False,Voldemort
W00466,2019,Uncle Rico,Frank Gore,frankgore,Free Agent,2019-11-13 11:29:00,,11,,RB,True,11,BEFORE_GAME_DATE,3.0,3.0,0.0,3.0,3.0,3.0,0.0,13.5,3.0,1.0,3.0,13.5,4.5,6.5,63.63636363636363,54.54545454545454,57.72727272727272,7.7272727272727195,True,Ordinary,True,False,False,False,False,Uncle Rico
W00901,2021,Pop Lockett Drop it,DeVante Parker,devanteparker,Waiver,2021-09-22 02:18:00,,3,,WR,True,3,BEFORE_GAME_DATE,12.0,12.0,1.0,11.0,4.0,11.0,0.0,43.099999999999994,4.0,1.0,11.0,43.099999999999994,3.9181818181818175,15.7,18.181818181818183,78.78787878787878,57.57575757575758,7.575757575757578,True,Ordinary,True,False,False,False,False,Pop Lockett Drop it
W00926,2021,Post Mahomes,Cedrick Wilson Jr.,cedrickwilson,Free Agent,2021-11-25 10:24:00,2021-11-30 09:50:00,12,13,WR,True,12,SAME_DAY_AS_GAME,2.0,1.0,0.0,1.0,1.0,1.0,0.0,13.9,1.0,1.0,1.0,13.9,13.9,13.9,96.96969696969697,36.36363636363637,57.57575757575758,7.575757575757578,True,Ordinary,True,False,False,False,False,Post Mahomes
W00016,2017,Dillon Panthers,Jaron Brown,jaronbrown,Waiver,2017-09-27 02:24:00,2017-10-22 23:00:00,4,7,WR,True,4,BEFORE_GAME_DATE,4.0,4.0,0.0,4.0,4.0,4.0,0.0,21.1,4.0,1.0,4.0,21.1,5.275,10.5,46.666666666666664,63.33333333333333,57.5,7.5,True,Ordinary,True,False,False,False,False,Dillon Panthers
W01931,2025,The Big Gronkowski,Darnell Mooney,darnellmooney,Free Agent,2025-10-24 16:27:00,,8,,WR,True,8,BEFORE_GAME_DATE,7.0,7.0,0.0,7.0,7.0,7.0,0.0,30.200000000000003,7.0,1.0,7.0,30.200000000000003,4.314285714285715,14.9,34.78260869565217,69.56521739130434,57.391304347826086,7.391304347826086,True,Ordinary,True,False,False,False,False,The Big Gronkowski
W01302,2022,Uncle Rico,Greg Dulcich,gregdulcich,Free Agent,2022-10-26 08:26:00,2022-11-16 02:37:00,8,11,TE,True,8,BEFORE_GAME_DATE,4.0,3.0,1.0,2.0,3.0,2.0,0.0,12.3,2.0,1.0,2.0,12.3,6.15,10.700000000000001,67.74193548387096,51.61290322580645,57.258064516129025,7.258064516129025,True,Ordinary,True,False,False,False,False,Uncle Rico
W00795,2020,malle_dips_pouches,Justin Jackson,justinjackson,Waiver,2020-10-07 03:52:00,2020-10-18 12:13:00,5,6,RB,True,5,BEFORE_GAME_DATE,2.0,1.0,0.0,1.0,1.0,1.0,0.0,11.9,1.0,1.0,1.0,11.9,11.9,11.9,80.76923076923077,44.230769230769226,57.01923076923077,7.0192307692307665,True,Ordinary,True,False,False,False,False,malle_dips_pouches
W00210,2017,Voldemort,Jack Doyle,jackdoyle,Free Agent,2017-11-01 04:04:00,2017-11-15 02:36:00,9,11,TE,True,9,BEFORE_GAME_DATE,3.0,2.0,0.0,2.0,2.0,2.0,0.0,7.200000000000001,2.0,1.0,2.0,7.200000000000001,3.6000000000000005,6.300000000000001,51.42857142857142,60.0,57.0,7.0,True,Ordinary,True,False,False,False,False,Voldemort
W01017,2021,Uncle Rico,J.D. McKissic,jdmckissic,Free Agent,2021-11-28 10:36:00,,12,,RB,True,12,BEFORE_GAME_DATE,3.0,3.0,0.0,3.0,1.0,3.0,0.0,20.1,1.0,1.0,3.0,20.1,6.7,20.1,59.57446808510638,55.319148936170215,56.808510638297875,6.808510638297875,True,Ordinary,True,False,False,False,False,Uncle Rico
W01579,2023,Voldemort,Cam Akers,camakers,Free Agent,2023-10-23 18:40:00,2023-11-01 05:32:00,7,9,RB,True,7,SAME_DAY_AS_GAME,3.0,2.0,0.0,2.0,3.0,2.0,0.0,16.1,2.0,1.0,2.0,16.1,8.05,9.0,59.09090909090909,54.54545454545454,56.13636363636363,6.136363636363633,True,Ordinary,True,False,False,False,False,Voldemort
W01940,2025,The Big Gronkowski,Xavier Legette,xavierlegette,Free Agent,2025-10-26 07:49:00,2025-12-06 03:02:00,8,14,WR,True,8,SAME_DAY_AS_GAME,7.0,6.0,0.0,6.0,6.0,6.0,0.0,26.0,5.0,1.0,6.0,26.0,4.333333333333333,16.3,39.130434782608695,65.21739130434783,56.08695652173914,6.08695652173914,True,Ordinary,True,False,False,False,False,The Big Gronkowski
W00420,2019,ThreatLevelMidnight,Derek Carr,derekcarr,Free Agent,2019-10-30 04:25:00,2019-11-26 08:30:00,9,13,QB,True,9,BEFORE_GAME_DATE,5.0,4.0,0.0,4.0,5.0,4.0,0.0,66.64,4.0,1.0,4.0,66.64,16.66,23.560000000000002,50.0,59.09090909090909,55.909090909090914,5.909090909090914,True,Ordinary,True,False,False,False,False,ThreatLevelMidnight
W00861,2021,Joe Mantegna,Zach Pascal,zachpascal,Waiver,2021-09-15 02:20:00,2021-10-01 21:42:00,2,4,WR,True,2,BEFORE_GAME_DATE,3.0,2.0,0.0,2.0,3.0,2.0,0.0,16.4,2.0,1.0,2.0,16.4,8.2,12.3,69.6969696969697,48.484848484848484,55.90909090909091,5.9090909090909065,True,Ordinary,True,False,False,False,False,Joe Mantegna
W01942,2025,ThreatLevelMidnight,Alec Pierce,alecpierce,Waiver,2025-12-03 04:06:00,2025-12-11 16:05:00,14,,WR,True,14,BEFORE_GAME_DATE,1.0,1.0,0.0,1.0,1.0,1.0,0.0,10.5,1.0,1.0,1.0,10.5,10.5,10.5,86.95652173913044,39.130434782608695,55.869565217391305,5.869565217391305,True,Ordinary,True,False,False,False,False,ThreatLevelMidnight
W01807,2024,malle_dips_pouches,Sam Darnold,samdarnold,Waiver,2024-10-16 02:17:00,2024-11-03 11:20:00,7,9,QB,True,7,BEFORE_GAME_DATE,3.0,3.0,0.0,3.0,3.0,3.0,0.0,68.46000000000001,3.0,1.0,3.0,68.46000000000001,22.820000000000004,27.0,66.66666666666666,50.0,55.83333333333333,5.833333333333329,True,Ordinary,True,False,False,False,False,malle_dips_pouches
W00637,2020,Post Mahomes,Mike Williams,mikewilliams,Waiver,2020-11-04 03:42:00,,9,,WR,True,9,BEFORE_GAME_DATE,5.0,5.0,0.0,5.0,5.0,5.0,0.0,41.0,5.0,1.0,5.0,41.0,8.2,15.2,50.0,58.82352941176471,55.735294117647065,5.735294117647065,True,Ordinary,True,False,False,False,False,Post Mahomes
W01205,2022,Post Mahomes,Garrett Wilson,garrettwilson,Waiver,2022-09-21 02:36:00,2022-10-12 02:44:00,3,6,WR,True,3,BEFORE_GAME_DATE,4.0,3.0,0.0,3.0,4.0,3.0,0.0,18.3,3.0,1.0,3.0,18.3,6.1000000000000005,9.0,60.0,53.333333333333336,55.66666666666667,5.666666666666671,True,Ordinary,True,False,False,False,False,Post Mahomes
W00792,2020,malle_dips_pouches,Frank Gore,frankgore,Waiver,2020-09-16 04:08:00,2020-10-07 03:52:00,2,5,RB,True,2,BEFORE_GAME_DATE,4.0,3.0,0.0,3.0,4.0,3.0,0.0,17.1,3.0,1.0,3.0,17.1,5.7,6.7,40.38461538461539,63.46153846153846,55.38461538461539,5.384615384615387,True,Ordinary,True,False,False,False,False,malle_dips_pouches
W00913,2021,Pop Lockett Drop it,Teddy Bridgewater,teddybridgewater,Waiver,2021-12-08 02:16:00,2021-12-26 15:24:00,14,,QB,True,14,BEFORE_GAME_DATE,1.0,1.0,0.0,1.0,1.0,1.0,0.0,19.16,1.0,1.0,1.0,19.16,19.16,19.16,71.42857142857143,46.42857142857143,55.17857142857143,5.178571428571431,True,Ordinary,True,False,False,False,False,Pop Lockett Drop it
W01516,2023,The Big Gronkowski,Joshua Kelley,joshuakelley,Free Agent,2023-10-01 08:57:00,2023-10-22 08:29:00,4,7,RB,True,4,SAME_DAY_AS_GAME,4.0,4.0,1.0,3.0,3.0,3.0,0.0,20.9,3.0,1.0,3.0,20.9,6.966666666666666,13.5,47.72727272727273,59.09090909090909,55.11363636363637,5.113636363636367,True,Ordinary,True,False,False,False,False,The Big Gronkowski
W00557,2020,Ginger FC,Justin Jackson,justinjackson,Free Agent,2020-11-01 10:52:00,2020-11-14 13:21:00,8,10,RB,True,8,SAME_DAY_AS_GAME,3.0,2.0,0.0,2.0,1.0,2.0,0.0,15.700000000000001,1.0,1.0,2.0,15.700000000000001,7.8500000000000005,15.700000000000001,53.84615384615385,55.769230769230774,55.096153846153854,5.096153846153854,True,Ordinary,True,False,False,False,False,Ginger FC
W01628,2024,Buttermilk Puuump,Tyjae Spears,tyjaespears,Free Agent,2024-09-30 09:44:00,,4,,RB,True,4,SAME_DAY_AS_GAME,11.0,11.0,1.0,10.0,6.0,10.0,0.0,25.1,6.0,1.0,10.0,25.1,2.5100000000000002,10.9,19.35483870967742,74.19354838709677,55.0,5.0,True,Ordinary,True,False,False,False,False,Buttermilk Puuump
W00091,2017,Pop Lockett Drop it,Sterling Shepard,sterlingshepard,Free Agent,2017-10-08 08:08:00,,5,,WR,True,5,SAME_DAY_AS_GAME,9.0,9.0,1.0,8.0,4.0,8.0,0.0,27.700000000000003,4.0,1.0,8.0,27.700000000000003,3.4625000000000004,14.200000000000001,26.666666666666668,70.0,54.833333333333336,4.833333333333336,True,Ordinary,True,False,False,False,False,Pop Lockett Drop it
W01615,2023,malle_dips_pouches,Latavius Murray,lataviusmurray,Free Agent,2023-10-21 12:47:00,,7,,RB,True,7,BEFORE_GAME_DATE,8.0,8.0,1.0,7.0,7.0,7.0,0.0,34.1,7.0,1.0,7.0,34.1,4.871428571428572,13.9,34.090909090909086,65.9090909090909,54.77272727272727,4.772727272727273,True,Ordinary,True,False,False,False,False,malle_dips_pouches
W00809,2021,Big Sack Jack,Corey Davis,coreydavis,Free Agent,2021-10-06 13:02:00,,5,,WR,True,5,BEFORE_GAME_DATE,10.0,10.0,1.0,9.0,5.0,9.0,0.0,36.5,5.0,1.0,9.0,36.5,4.055555555555555,12.7,21.21212121212121,72.72727272727273,54.6969696969697,4.696969696969703,True,Ordinary,True,False,False,False,False,Big Sack Jack
W01007,2021,Uncle Rico,Brandon Bolden,brandonbolden,Free Agent,2021-11-10 08:30:00,2021-11-28 10:36:00,10,12,RB,True,10,BEFORE_GAME_DATE,3.0,3.0,0.0,3.0,3.0,3.0,0.0,18.5,3.0,1.0,3.0,18.5,6.166666666666667,8.5,57.446808510638306,53.191489361702125,54.68085106382979,4.680851063829792,True,Ordinary,True,False,False,False,False,Uncle Rico
W00746,2020,Uncle Rico,Travis Fulgham,travisfulgham,Free Agent,2020-10-15 08:07:00,,6,,WR,True,6,BEFORE_GAME_DATE,8.0,8.0,1.0,7.0,7.0,7.0,0.0,48.300000000000004,6.0,1.0,7.0,48.300000000000004,6.9,16.8,35.294117647058826,64.70588235294117,54.411764705882355,4.411764705882355,True,Ordinary,True,False,False,False,False,Uncle Rico
W00317,2019,Patty Primetimes,Mecole Hardman Jr.,mecolehardman,Waiver,2019-10-30 04:08:00,,9,,WR,True,9,BEFORE_GAME_DATE,5.0,5.0,1.0,4.0,4.0,4.0,0.0,15.2,4.0,1.0,4.0,15.2,3.8,12.3,48.484848484848484,57.57575757575758,54.3939393939394,4.393939393939398,True,Ordinary,True,False,False,False,False,Patty Primetimes
W00315,2019,Patty Primetimes,Kalen Ballage,kalenballage,Waiver,2019-11-06 04:16:00,2019-12-02 12:33:00,10,13,RB,True,10,BEFORE_GAME_DATE,4.0,4.0,0.0,4.0,4.0,4.0,0.0,14.8,3.0,1.0,4.0,14.8,3.7,7.7,45.45454545454545,59.09090909090909,54.31818181818182,4.31818181818182,True,Ordinary,True,False,False,False,False,Patty Primetimes
W00160,2017,ThreatLevelMidnight,Eddie Lacy,eddielacy,Free Agent,2017-10-04 07:10:00,,5,,RB,True,5,BEFORE_GAME_DATE,9.0,9.0,1.0,8.0,7.0,8.0,0.0,17.1,6.0,1.0,8.0,17.1,2.1375,6.1000000000000005,30.76923076923077,66.66666666666666,54.102564102564095,4.102564102564095,True,Ordinary,True,False,False,False,False,ThreatLevelMidnight
W01769,2024,ThreatLevelMidnight,Quentin Johnston,quentinjohnston,Waiver,2024-09-18 06:15:00,2024-10-01 18:41:00,3,5,WR,True,3,BEFORE_GAME_DATE,3.0,2.0,0.0,2.0,2.0,2.0,0.0,13.200000000000001,2.0,1.0,2.0,13.200000000000001,6.6000000000000005,11.4,57.14285714285714,52.38095238095239,54.04761904761905,4.047619047619051,True,Ordinary,True,False,False,False,False,ThreatLevelMidnight
W00888,2021,Patty Primetimes,Rondale Moore,rondalemoore,Waiver,2021-10-13 02:21:00,,6,,WR,True,6,BEFORE_GAME_DATE,9.0,9.0,1.0,8.0,8.0,8.0,0.0,33.1,8.0,1.0,8.0,33.1,4.1375,10.600000000000001,24.242424242424242,69.6969696969697,53.787878787878796,3.787878787878796,True,Ordinary,True,False,False,False,False,Patty Primetimes
W01865,2025,Patty Primetimes,Parker Washington,parkerwashington,Waiver,2025-11-19 03:47:00,,12,,WR,True,12,BEFORE_GAME_DATE,3.0,3.0,0.0,3.0,2.0,3.0,0.0,18.700000000000003,2.0,1.0,3.0,18.700000000000003,6.233333333333334,15.600000000000001,47.82608695652174,56.52173913043478,53.47826086956522,3.4782608695652186,True,Ordinary,True,False,False,False,False,Patty Primetimes
W01457,2023,Patty Primetimes,Will Levis,willlevis,Waiver,2023-11-10 02:24:00,,10,,QB,True,10,BEFORE_GAME_DATE,5.0,5.0,0.0,5.0,5.0,5.0,0.0,63.620000000000005,5.0,1.0,5.0,63.620000000000005,12.724,19.58,38.88888888888889,61.111111111111114,53.33333333333334,3.333333333333343,True,Ordinary,True,False,False,False,False,Patty Primetimes
W01186,2022,Pop Lockett Drop it,Ryan Tannehill,ryantannehill,Free Agent,2022-12-08 12:08:00,,14,,QB,True,14,BEFORE_GAME_DATE,1.0,1.0,0.0,1.0,1.0,1.0,0.0,22.76,1.0,1.0,1.0,22.76,22.76,22.76,80.76923076923077,38.46153846153847,53.269230769230774,3.2692307692307736,True,Ordinary,True,False,False,False,False,Pop Lockett Drop it
W01456,2023,Patty Primetimes,Royce Freeman,roycefreeman,Free Agent,2023-10-22 08:24:00,2023-11-08 08:17:00,7,10,RB,True,7,SAME_DAY_AS_GAME,4.0,3.0,0.0,3.0,3.0,3.0,0.0,20.200000000000003,3.0,1.0,3.0,20.200000000000003,6.733333333333334,10.4,45.45454545454545,56.81818181818182,52.84090909090909,2.8409090909090935,True,Ordinary,True,False,False,False,False,Patty Primetimes
W01375,2022,malle_dips_pouches,Kenny Pickett,kennypickett,Free Agent,2022-11-13 11:36:00,2022-11-20 11:17:00,10,11,QB,True,10,SAME_DAY_AS_GAME,2.0,2.0,0.0,2.0,2.0,2.0,0.0,37.06,2.0,1.0,2.0,37.06,18.53,19.060000000000002,57.692307692307686,50.0,52.69230769230769,2.6923076923076934,True,Ordinary,True,False,False,False,False,malle_dips_pouches
W01499,2023,Post Mahomes,K.J. Osborn,kjosborn,Free Agent,2023-10-11 04:20:00,2023-11-07 09:43:00,6,10,WR,True,6,BEFORE_GAME_DATE,5.0,4.0,0.0,4.0,4.0,4.0,0.0,30.6,4.0,1.0,4.0,30.6,7.65,13.9,57.14285714285714,50.0,52.5,2.5,True,Ordinary,True,False,False,False,False,Post Mahomes
W00570,2020,Joe Mantegna,Frank Gore,frankgore,Free Agent,2020-10-15 08:43:00,2020-10-28 03:57:00,6,8,RB,True,6,BEFORE_GAME_DATE,3.0,2.0,0.0,2.0,3.0,2.0,0.0,15.0,2.0,1.0,2.0,15.0,7.5,9.0,50.0,53.84615384615385,52.5,2.5,True,Ordinary,True,False,False,False,False,Joe Mantegna
W00321,2019,Patty Primetimes,Ty Johnson,tyjohnson,Waiver,2019-10-23 04:16:00,2019-12-04 03:32:00,8,,RB,True,8,BEFORE_GAME_DATE,6.0,6.0,0.0,6.0,6.0,6.0,0.0,14.900000000000002,6.0,1.0,6.0,14.900000000000002,2.483333333333334,3.8000000000000003,31.818181818181817,63.63636363636363,52.49999999999999,2.499999999999993,True,Ordinary,True,False,False,False,False,Patty Primetimes
W01133,2022,Malle ❤️ 🐸,Irv Smith Jr.,irvsmith,Free Agent,2022-10-13 11:11:00,2022-11-09 02:35:00,6,10,TE,True,6,BEFORE_GAME_DATE,5.0,4.0,1.0,3.0,2.0,3.0,0.0,13.5,2.0,1.0,3.0,13.5,4.5,8.7,41.935483870967744,58.06451612903226,52.41935483870969,2.419354838709687,True,Ordinary,True,False,False,False,False,Malle ❤️ 🐸
W00631,2020,Post Mahomes,Joe Burrow,joeburrow,Free Agent,2020-09-30 09:35:00,2020-10-10 02:37:00,4,5,QB,True,4,BEFORE_GAME_DATE,2.0,1.0,0.0,1.0,2.0,1.0,0.0,18.1,1.0,1.0,1.0,18.1,18.1,18.1,60.86956521739131,47.82608695652174,52.39130434782609,2.391304347826093,True,Ordinary,True,False,False,False,False,Post Mahomes
W01320,2022,Voldemort,Alexander Mattison,alexandermattison,Free Agent,2022-11-20 14:46:00,,11,,RB,True,11,NO_NFL_TEAM_MATCH,4.0,4.0,0.0,4.0,4.0,4.0,0.0,11.100000000000001,3.0,1.0,4.0,11.100000000000001,2.7750000000000004,8.8,42.42424242424242,57.57575757575758,52.27272727272727,2.2727272727272734,True,Ordinary,True,False,False,False,False,Voldemort
W01771,2024,ThreatLevelMidnight,Ricky Pearsall,rickypearsall,Free Agent,2024-11-03 09:29:00,2024-11-26 06:18:00,9,13,WR,True,10,BYE_ACQUISITION_WEEK,4.0,3.0,0.0,3.0,4.0,3.0,0.0,15.3,1.0,1.0,3.0,15.3,5.1000000000000005,15.3,42.857142857142854,57.14285714285714,52.14285714285714,2.142857142857139,True,Ordinary,True,False,False,False,False,ThreatLevelMidnight
W01779,2024,Uncle Rico,Geno Smith,genosmith,Free Agent,2024-10-10 18:29:00,,6,,QB,True,6,SAME_DAY_AS_GAME,9.0,9.0,1.0,8.0,8.0,8.0,0.0,140.32,8.0,1.0,8.0,140.32,17.54,31.12,25.0,66.66666666666666,52.08333333333333,2.0833333333333286,True,Ordinary,True,False,False,False,False,Uncle Rico
W01409,2023,Ginger FC,Joshua Dobbs,joshuadobbs,Waiver,2023-11-08 02:47:00,2023-12-13 11:29:00,10,,QB,True,10,BEFORE_GAME_DATE,5.0,5.0,1.0,4.0,4.0,4.0,0.0,62.18,4.0,1.0,4.0,62.18,15.545,27.12,55.55555555555556,50.0,51.94444444444444,1.9444444444444429,True,Ordinary,True,False,False,False,False,Ginger FC
W00914,2021,Pop Lockett Drop it,Tevin Coleman,tevincoleman,Free Agent,2021-11-25 09:40:00,2021-12-12 09:51:00,12,14,RB,True,12,BEFORE_GAME_DATE,3.0,3.0,0.0,3.0,2.0,3.0,0.0,17.2,2.0,1.0,3.0,17.2,5.733333333333333,9.2,53.191489361702125,51.06382978723404,51.80851063829787,1.808510638297868,True,Ordinary,True,False,False,False,False,Pop Lockett Drop it
W01010,2021,Uncle Rico,Daniel Jones,danieljones,Waiver,2021-10-06 02:20:00,2021-10-24 08:35:00,5,7,QB,True,5,BEFORE_GAME_DATE,3.0,3.0,0.0,3.0,3.0,3.0,0.0,30.92,3.0,1.0,3.0,30.92,10.306666666666667,19.020000000000003,28.57142857142857,64.28571428571429,51.78571428571429,1.7857142857142918,True,Ordinary,True,False,False,False,False,Uncle Rico
W01054,2021,Voldemort,Jameis Winston,jameiswinston,Waiver,2021-10-20 02:20:00,2021-10-27 19:37:00,7,8,QB,True,7,BEFORE_GAME_DATE,2.0,1.0,0.0,1.0,2.0,1.0,0.0,18.880000000000003,1.0,1.0,1.0,18.880000000000003,18.880000000000003,18.880000000000003,67.85714285714286,42.857142857142854,51.60714285714286,1.6071428571428612,True,Ordinary,True,False,False,False,False,Voldemort
W00072,2017,Malle ❤️ 🐸,Samaje Perine,samajeperine,Free Agent,2017-10-12 18:53:00,2017-11-02 18:11:00,6,9,RB,True,6,BEFORE_GAME_DATE,4.0,3.0,0.0,3.0,2.0,3.0,0.0,10.7,1.0,1.0,3.0,10.7,3.5666666666666664,10.7,46.15384615384615,53.84615384615385,51.15384615384615,1.1538461538461533,True,Ordinary,True,False,False,False,False,Malle ❤️ 🐸
W01003,2021,Uncle Rico,A.J. Green,ajgreen,Free Agent,2021-12-05 10:01:00,,13,,WR,True,13,SAME_DAY_AS_GAME,2.0,2.0,0.0,2.0,2.0,2.0,0.0,15.600000000000001,2.0,1.0,2.0,15.600000000000001,7.800000000000001,13.700000000000001,66.66666666666666,42.42424242424242,50.90909090909091,0.9090909090909065,True,Ordinary,True,False,False,False,False,Uncle Rico
W01588,2023,Voldemort,Gardner Minshew II,gardnerminshew,Free Agent,2023-11-29 08:35:00,2023-12-06 05:47:00,13,14,QB,True,13,BEFORE_GAME_DATE,2.0,1.0,0.0,1.0,2.0,1.0,0.0,22.68,1.0,1.0,1.0,22.68,22.68,22.68,83.33333333333334,33.33333333333333,50.83333333333333,0.8333333333333286,True,Ordinary,True,False,False,False,False,Voldemort
W01555,2023,Uncle Rico,Chig Okonkwo,chigokonkwo,Free Agent,2023-11-29 05:30:00,,13,,TE,True,13,NO_NFL_TEAM_MATCH,2.0,2.0,0.0,2.0,2.0,2.0,0.0,15.0,2.0,1.0,2.0,15.0,7.5,7.9,66.66666666666666,41.66666666666667,50.416666666666664,0.4166666666666643,True,Ordinary,True,False,False,False,False,Uncle Rico
W00310,2019,Patty Primetimes,Hunter Renfrow,hunterrenfrow,Waiver,2019-11-13 03:57:00,2019-12-11 03:45:00,11,,WR,True,11,BEFORE_GAME_DATE,3.0,3.0,0.0,3.0,2.0,3.0,0.0,9.700000000000001,2.0,1.0,3.0,9.700000000000001,3.233333333333334,6.6000000000000005,42.42424242424242,54.54545454545454,50.3030303030303,0.30303030303029743,True,Ordinary,True,False,False,False,False,Patty Primetimes
W00651,2020,The Big Gronkowski,Cam Newton,camnewton,Free Agent,2020-11-22 09:19:00,2020-12-04 03:35:00,11,13,QB,True,11,SAME_DAY_AS_GAME,3.0,2.0,0.0,2.0,3.0,2.0,0.0,27.160000000000004,2.0,1.0,2.0,27.160000000000004,13.580000000000002,21.200000000000003,30.434782608695656,60.86956521739131,50.21739130434783,0.21739130434782794,True,Ordinary,True,False,False,False,False,The Big Gronkowski
W00165,2017,ThreatLevelMidnight,Jeremy Maclin,jeremymaclin,Free Agent,2017-11-01 19:21:00,2017-12-06 02:20:00,9,,WR,True,9,BEFORE_GAME_DATE,5.0,5.0,1.0,4.0,4.0,4.0,0.0,17.900000000000002,4.0,1.0,4.0,17.900000000000002,4.4750000000000005,9.8,36.666666666666664,56.666666666666664,49.66666666666667,-0.3333333333333286,True,Ordinary,False,False,False,False,False,ThreatLevelMidnight
W01092,2022,Ginger FC,Carson Wentz,carsonwentz,Free Agent,2022-10-02 11:49:00,2022-10-19 02:38:00,4,7,QB,True,4,SAME_DAY_AS_GAME,4.0,3.0,0.0,3.0,3.0,3.0,0.0,42.32,3.0,1.0,3.0,42.32,14.106666666666667,26.86,34.61538461538461,57.692307692307686,49.61538461538461,-0.3846153846153868,True,Ordinary,False,False,False,False,False,Ginger FC
W00077,2017,Pop Lockett Drop it,Austin Hooper,austinhooper,Waiver,2017-11-25 02:26:00,,12,,TE,True,12,BEFORE_GAME_DATE,2.0,2.0,0.0,2.0,2.0,2.0,0.0,5.9,2.0,1.0,2.0,5.9,2.95,3.8000000000000003,45.714285714285715,51.42857142857142,49.42857142857142,-0.5714285714285765,True,Ordinary,False,False,False,False,False,Pop Lockett Drop it
W01633,2024,Ginger FC,DeMario Douglas,demariodouglas,Waiver,2024-11-20 02:32:00,,12,,WR,True,12,BEFORE_GAME_DATE,3.0,3.0,1.0,2.0,2.0,2.0,0.0,12.8,2.0,1.0,2.0,12.8,6.4,8.8,52.38095238095239,47.61904761904761,49.285714285714285,-0.7142857142857153,True,Ordinary,False,False,False,False,False,Ginger FC
W00187,2017,ThreatLevelMidnight,Tyler Lockett,tylerlockett,Free Agent,2017-10-26 15:56:00,2017-11-08 02:58:00,8,10,WR,True,8,BEFORE_GAME_DATE,3.0,2.0,0.0,2.0,3.0,2.0,0.0,12.9,2.0,1.0,2.0,12.9,6.45,11.9,60.0,43.333333333333336,49.16666666666667,-0.8333333333333286,True,Ordinary,False,False,False,False,False,ThreatLevelMidnight
W00886,2021,Patty Primetimes,Pat Freiermuth,patfreiermuth,Free Agent,2021-12-08 10:18:00,,14,,TE,True,14,BEFORE_GAME_DATE,1.0,1.0,0.0,1.0,1.0,1.0,0.0,10.2,1.0,1.0,1.0,10.2,10.2,10.2,88.88888888888889,27.77777777777778,49.166666666666664,-0.8333333333333357,True,Ordinary,False,False,False,False,False,Patty Primetimes
W01432,2023,Joe Mantegna,Kyler Murray,kylermurray,Free Agent,2023-09-02 10:45:00,,1,,QB,True,1,BEFORE_GAME_DATE,14.0,14.0,1.0,13.0,4.0,13.0,0.0,79.16,4.0,1.0,13.0,79.16,6.089230769230769,24.66,16.666666666666664,66.66666666666666,49.16666666666666,-0.8333333333333428,True,Ordinary,False,False,False,False,False,Joe Mantegna
W00028,2017,Ginger FC,Case Keenum,casekeenum,Waiver,2017-11-29 02:46:00,,13,,QB,True,13,BEFORE_GAME_DATE,1.0,1.0,0.0,1.0,1.0,1.0,0.0,20.979999999999997,1.0,1.0,1.0,20.979999999999997,20.979999999999997,20.979999999999997,72.72727272727273,36.36363636363637,49.09090909090909,-0.9090909090909065,True,Ordinary,False,False,False,False,False,Ginger FC
W00583,2020,Malle ❤️ 🐸,Jakobi Meyers,jakobimeyers,Free Agent,2020-11-12 18:32:00,,10,,WR,True,10,BEFORE_GAME_DATE,4.0,4.0,0.0,4.0,4.0,4.0,0.0,30.86,4.0,1.0,4.0,30.86,7.715,15.36,41.17647058823529,52.94117647058824,48.8235294117647,-1.176470588235297,True,Ordinary,False,False,False,False,False,Malle ❤️ 🐸
W00566,2020,Ginger FC,Tyler Higbee,tylerhigbee,Free Agent,2020-11-27 12:56:00,,12,,TE,True,12,NO_NFL_TEAM_MATCH,2.0,2.0,0.0,2.0,2.0,2.0,0.0,11.5,2.0,1.0,2.0,11.5,5.75,10.4,46.42857142857143,50.0,48.75,-1.25,True,Ordinary,False,False,False,False,False,Ginger FC
W00751,2020,Voldemort,Benny Snell Jr.,bennysnell,Free Agent,2020-11-29 09:31:00,2020-12-20 11:09:00,12,,RB,True,12,BEFORE_GAME_DATE,2.0,2.0,0.0,2.0,2.0,2.0,0.0,12.8,2.0,1.0,2.0,12.8,6.4,10.8,46.15384615384615,50.0,48.65384615384615,-1.3461538461538467,True,Ordinary,False,False,False,False,False,Voldemort
W00259,2019,Big Sack Jack,Gus Edwards,gusedwards,Free Agent,2019-11-24 11:51:00,,12,,RB,True,12,BEFORE_GAME_DATE,2.0,2.0,0.0,2.0,2.0,2.0,0.0,7.7,2.0,1.0,2.0,7.7,3.85,5.5,54.54545454545454,45.45454545454545,48.63636363636363,-1.3636363636363669,True,Ordinary,False,False,False,False,False,Big Sack Jack
W01860,2025,Patty Primetimes,Colston Loveland,colstonloveland,Waiver,2025-11-05 03:31:00,2025-11-19 05:48:00,10,12,TE,True,10,BEFORE_GAME_DATE,3.0,2.0,0.0,2.0,3.0,2.0,0.0,13.0,2.0,1.0,2.0,13.0,6.5,7.5,55.55555555555556,44.44444444444444,48.33333333333333,-1.6666666666666714,True,Ordinary,False,False,False,False,False,Patty Primetimes
W00045,2017,Ginger FC,Trevor Siemian,trevorsiemian,Waiver,2017-09-20 02:23:00,2017-10-25 02:38:00,3,8,QB,True,3,BEFORE_GAME_DATE,6.0,5.0,1.0,4.0,5.0,4.0,0.0,49.44,4.0,1.0,4.0,49.44,12.36,19.939999999999998,36.36363636363637,54.54545454545454,48.18181818181818,-1.8181818181818201,True,Ordinary,False,False,False,False,False,Ginger FC
W00949,2021,Post Mahomes,Rashod Bateman,rashodbateman,Free Agent,2021-11-10 03:03:00,2021-12-08 09:16:00,10,14,WR,True,10,BEFORE_GAME_DATE,5.0,4.0,0.0,4.0,5.0,4.0,0.0,20.5,3.0,1.0,4.0,20.5,5.125,11.0,36.36363636363637,54.54545454545454,48.18181818181818,-1.8181818181818201,True,Ordinary,False,False,False,False,False,Post Mahomes
W00551,2020,Ginger FC,Duke Johnson,dukejohnson,Free Agent,2020-09-17 11:09:00,2020-10-28 03:57:00,2,8,RB,True,2,BEFORE_GAME_DATE,7.0,6.0,0.0,6.0,4.0,6.0,0.0,16.700000000000003,4.0,1.0,6.0,16.700000000000003,2.7833333333333337,6.7,23.076923076923077,61.53846153846154,48.07692307692308,-1.9230769230769198,True,Ordinary,False,False,False,False,False,Ginger FC
W00399,2019,The Big Gronkowski,Vernon Davis,vernondavis,Free Agent,2019-09-14 22:52:00,2019-09-25 04:21:00,2,4,TE,True,2,BEFORE_GAME_DATE,3.0,2.0,0.0,2.0,3.0,2.0,0.0,5.9,2.0,1.0,2.0,5.9,2.95,3.0,50.0,46.666666666666664,47.83333333333333,-2.1666666666666714,True,Ordinary,False,False,False,False,False,The Big Gronkowski
W00727,2020,Uncle Rico,Cole Beasley,colebeasley,Free Agent,2020-10-02 15:13:00,2020-10-07 03:52:00,4,5,WR,True,4,BEFORE_GAME_DATE,2.0,1.0,0.0,1.0,2.0,1.0,0.0,10.7,1.0,1.0,1.0,10.7,10.7,10.7,70.58823529411765,35.294117647058826,47.64705882352942,-2.35294117647058,True,Ordinary,False,False,False,False,False,Uncle Rico
W00482,2019,Voldemort,Baker Mayfield,bakermayfield,Waiver,2019-11-20 06:07:00,2019-12-11 05:10:00,12,,QB,True,12,BEFORE_GAME_DATE,2.0,2.0,0.0,2.0,2.0,2.0,0.0,41.62,2.0,1.0,2.0,41.62,20.81,30.58,68.18181818181817,36.36363636363637,47.5,-2.5,True,Ordinary,False,False,False,False,False,Voldemort
W00293,2019,Joe Mantegna,O.J. Howard,ojhoward,Free Agent,2019-11-14 17:49:00,,11,,TE,True,11,BEFORE_GAME_DATE,3.0,3.0,0.0,3.0,3.0,3.0,0.0,7.1000000000000005,2.0,1.0,3.0,7.1000000000000005,2.3666666666666667,6.1000000000000005,36.666666666666664,53.333333333333336,47.5,-2.5,True,Ordinary,False,False,False,False,False,Joe Mantegna
W01032,2021,Uncle Rico,Sammy Watkins,sammywatkins,Free Agent,2021-09-12 14:08:00,2021-09-15 02:20:00,1,2,WR,True,1,BEFORE_GAME_DATE,2.0,1.0,0.0,1.0,2.0,1.0,0.0,11.600000000000001,1.0,1.0,1.0,11.600000000000001,11.600000000000001,11.600000000000001,84.84848484848484,27.27272727272727,47.42424242424242,-2.575757575757578,True,Ordinary,False,False,False,False,False,Uncle Rico
W00499,2019,Voldemort,Kenny Stills,kennystills,Free Agent,2019-10-23 06:59:00,2019-11-05 16:48:00,8,10,WR,True,8,BEFORE_GAME_DATE,3.0,2.0,0.0,2.0,2.0,2.0,0.0,7.4,2.0,1.0,2.0,7.4,3.7,5.2,45.45454545454545,48.484848484848484,47.42424242424242,-2.575757575757578,True,Ordinary,False,False,False,False,False,Voldemort
W01640,2024,Ginger FC,Roschon Johnson,roschonjohnson,Waiver,2024-10-09 02:16:00,2024-10-30 02:19:00,6,9,RB,True,6,BEFORE_GAME_DATE,4.0,3.0,1.0,2.0,3.0,2.0,0.0,10.9,2.0,1.0,2.0,10.9,5.45,6.6,51.61290322580645,45.16129032258064,47.41935483870967,-2.5806451612903274,True,Ordinary,False,False,False,False,False,Ginger FC
W00728,2020,Uncle Rico,Corey Davis,coreydavis,Free Agent,2020-09-19 14:17:00,2020-10-02 15:13:00,2,4,WR,True,2,BEFORE_GAME_DATE,3.0,2.0,0.0,2.0,2.0,2.0,0.0,20.5,2.0,1.0,2.0,20.5,10.25,11.1,58.82352941176471,41.17647058823529,47.35294117647059,-2.647058823529413,True,Ordinary,False,False,False,False,False,Uncle Rico
W00296,2019,Malle ❤️ 🐸,Gus Edwards,gusedwards,Free Agent,2019-09-26 06:20:00,2019-10-26 15:02:00,4,8,RB,True,4,BEFORE_GAME_DATE,5.0,4.0,0.0,4.0,4.0,4.0,0.0,12.8,4.0,1.0,4.0,12.8,3.2,3.6,40.909090909090914,50.0,46.81818181818182,-3.18181818181818,True,Ordinary,False,False,False,False,False,Malle ❤️ 🐸
W00891,2021,Pop Lockett Drop it,Baker Mayfield,bakermayfield,Free Agent,2021-10-14 14:08:00,2021-10-20 09:16:00,6,7,QB,True,6,BEFORE_GAME_DATE,2.0,1.0,0.0,1.0,1.0,1.0,0.0,17.16,1.0,1.0,1.0,17.16,17.16,17.16,60.71428571428571,39.285714285714285,46.78571428571428,-3.2142857142857224,True,Ordinary,False,False,False,False,False,Pop Lockett Drop it
W00108,2017,Post Mahomes,Ed Dickson,eddickson,Free Agent,2017-10-12 08:40:00,2017-10-26 09:09:00,6,8,TE,True,6,SAME_DAY_AS_GAME,3.0,2.0,0.0,2.0,3.0,2.0,0.0,5.4,2.0,1.0,2.0,5.4,2.7,3.6,42.857142857142854,48.57142857142857,46.57142857142857,-3.4285714285714306,True,Ordinary,False,False,False,False,False,Post Mahomes
W01624,2024,Buttermilk Puuump,Mike Gesicki,mikegesicki,Free Agent,2024-11-07 18:01:00,,10,,TE,True,10,SAME_DAY_AS_GAME,5.0,5.0,1.0,4.0,4.0,4.0,0.0,16.700000000000003,3.0,1.0,4.0,16.700000000000003,4.175000000000001,7.800000000000001,33.33333333333333,53.333333333333336,46.333333333333336,-3.6666666666666643,True,Ordinary,False,False,False,False,False,Buttermilk Puuump
W00079,2017,Pop Lockett Drop it,C.J. Fiedorowicz,cjfiedorowicz,Free Agent,2017-11-16 13:53:00,,11,,TE,True,11,BEFORE_GAME_DATE,3.0,3.0,0.0,3.0,3.0,3.0,0.0,7.1,3.0,1.0,3.0,7.1,2.3666666666666667,3.7,31.428571428571427,54.285714285714285,46.285714285714285,-3.7142857142857153,True,Ordinary,False,False,False,False,False,Pop Lockett Drop it
W00051,2017,Hello Harvard,Corey Clement,coreyclement,Free Agent,2017-11-22 11:33:00,,12,,RB,True,12,BEFORE_GAME_DATE,2.0,2.0,0.0,2.0,2.0,2.0,0.0,7.6000000000000005,2.0,1.0,2.0,7.6000000000000005,3.8000000000000003,3.9000000000000004,51.28205128205128,43.58974358974359,46.282051282051285,-3.7179487179487154,True,Ordinary,False,False,False,False,False,Hello Harvard
W01519,2023,The Big Gronkowski,Taysom Hill,taysomhill,Free Agent,2023-12-03 10:34:00,,13,,TE,True,13,SAME_DAY_AS_GAME,2.0,2.0,0.0,2.0,1.0,2.0,0.0,14.4,1.0,1.0,2.0,14.4,7.2,14.4,62.5,37.5,46.25,-3.75,True,Ordinary,False,False,False,False,False,The Big Gronkowski
W00877,2021,Patty Primetimes,Damien Williams,damienwilliams,Waiver,2021-10-06 02:20:00,2021-11-03 02:21:00,5,9,RB,True,5,BEFORE_GAME_DATE,5.0,4.0,0.0,4.0,3.0,4.0,0.0,16.4,2.0,1.0,4.0,16.4,4.1,15.4,40.42553191489361,48.93617021276596,45.95744680851064,-4.042553191489361,True,Ordinary,False,False,False,False,False,Patty Primetimes
W00972,2021,ThreatLevelMidnight,Dan Arnold,danarnold,Free Agent,2021-11-03 08:24:00,2021-11-24 13:33:00,9,12,TE,True,9,BEFORE_GAME_DATE,4.0,3.0,0.0,3.0,4.0,3.0,0.0,19.2,2.0,1.0,3.0,19.2,6.3999999999999995,11.2,27.77777777777778,55.55555555555556,45.833333333333336,-4.166666666666664,True,Ordinary,False,False,False,False,False,ThreatLevelMidnight
W01910,2025,Post Mahomes,J.J. McCarthy,jjmccarthy,Free Agent,2025-11-05 04:42:00,2025-11-11 09:34:00,10,11,QB,True,10,BEFORE_GAME_DATE,2.0,1.0,0.0,1.0,2.0,1.0,0.0,18.72,1.0,1.0,1.0,18.72,18.72,18.72,64.70588235294117,35.294117647058826,45.58823529411765,-4.411764705882348,True,Ordinary,False,False,False,False,False,Post Mahomes
W00847,2021,Joe Mantegna,Brandon Bolden,brandonbolden,Free Agent,2021-09-29 15:56:00,2021-10-20 02:20:00,4,7,RB,True,4,BEFORE_GAME_DATE,4.0,3.0,0.0,3.0,4.0,3.0,0.0,13.9,3.0,1.0,3.0,13.9,4.633333333333334,8.100000000000001,42.5531914893617,46.808510638297875,45.31914893617021,-4.680851063829792,True,Ordinary,False,False,False,False,False,Joe Mantegna
W01285,2022,ThreatLevelMidnight,Samaje Perine,samajeperine,Free Agent,2022-10-19 08:14:00,2022-11-02 06:45:00,7,9,RB,True,7,BEFORE_GAME_DATE,3.0,2.0,0.0,2.0,3.0,2.0,0.0,5.0,2.0,1.0,2.0,5.0,2.5,3.2,39.39393939393939,48.484848484848484,45.3030303030303,-4.696969696969703,True,Ordinary,False,False,False,False,False,ThreatLevelMidnight
W01827,2025,Joe Mantegna,Brock Purdy,brockpurdy,Free Agent,2025-11-19 18:19:00,,12,,QB,True,12,BEFORE_GAME_DATE,3.0,3.0,1.0,2.0,2.0,2.0,0.0,31.439999999999998,2.0,1.0,2.0,31.439999999999998,15.719999999999999,19.119999999999997,52.94117647058824,41.17647058823529,45.294117647058826,-4.705882352941174,True,Ordinary,False,False,False,False,False,Joe Mantegna
W00530,2019,malle_dips_pouches,Jacoby Brissett,jacobybrissett,Free Agent,2019-11-17 11:53:00,,11,,QB,True,11,SAME_DAY_AS_GAME,3.0,3.0,0.0,3.0,3.0,3.0,0.0,47.94,3.0,1.0,3.0,47.94,15.979999999999999,18.12,36.36363636363637,50.0,45.22727272727273,-4.772727272727273,True,Ordinary,False,False,False,False,False,malle_dips_pouches
W00397,2019,The Big Gronkowski,Robbie Chosen,robbiechosen,Waiver,2019-10-16 04:05:00,2019-11-06 04:16:00,7,10,WR,True,7,BEFORE_GAME_DATE,4.0,3.0,0.0,3.0,4.0,3.0,0.0,8.6,3.0,1.0,3.0,8.6,2.8666666666666667,4.3,33.33333333333333,51.515151515151516,45.15151515151515,-4.848484848484851,True,Ordinary,False,False,False,False,False,The Big Gronkowski
W00659,2020,ThreatLevelMidnight,Andy Dalton,andydalton,Free Agent,2020-10-15 13:50:00,2020-10-20 09:28:00,6,7,QB,True,6,BEFORE_GAME_DATE,2.0,1.0,0.0,1.0,2.0,1.0,0.0,15.040000000000001,1.0,1.0,1.0,15.040000000000001,15.040000000000001,15.040000000000001,47.82608695652174,43.47826086956522,45.0,-5.0,True,Ordinary,False,False,False,False,False,ThreatLevelMidnight
W01925,2025,Post Mahomes,Woody Marks,woodymarks,Waiver,2025-10-01 05:01:00,2025-10-22 11:00:00,5,8,RB,True,5,BEFORE_GAME_DATE,4.0,3.0,1.0,2.0,3.0,2.0,0.0,13.4,2.0,1.0,2.0,13.4,6.7,11.0,57.14285714285714,38.095238095238095,44.76190476190476,-5.238095238095241,True,Ordinary,False,False,False,False,False,Post Mahomes
W01848,2025,Malle ❤️ 🐸,Marcus Mariota,marcusmariota,Free Agent,2025-09-21 11:15:00,2025-11-02 11:59:00,3,9,QB,True,3,SAME_DAY_AS_GAME,7.0,7.0,0.0,7.0,4.0,7.0,0.0,63.760000000000005,4.0,1.0,7.0,63.760000000000005,9.108571428571429,22.28,29.411764705882355,52.94117647058824,44.70588235294118,-5.294117647058819,True,Ordinary,False,False,False,False,False,Malle ❤️ 🐸
W01521,2023,ThreatLevelMidnight,Baker Mayfield,bakermayfield,Free Agent,2023-10-15 15:19:00,2023-10-25 16:02:00,6,8,QB,True,6,SAME_DAY_AS_GAME,3.0,2.0,0.0,2.0,3.0,2.0,0.0,27.04,2.0,1.0,2.0,27.04,13.52,19.2,44.44444444444444,44.44444444444444,44.44444444444444,-5.555555555555557,True,Ordinary,False,False,False,False,False,ThreatLevelMidnight
W01008,2021,Uncle Rico,Bryan Edwards,bryanedwards,Waiver,2021-11-03 02:21:00,2021-11-24 06:20:00,9,12,WR,True,9,BEFORE_GAME_DATE,4.0,3.0,0.0,3.0,4.0,3.0,0.0,16.3,1.0,1.0,3.0,16.3,5.433333333333334,16.3,42.42424242424242,45.45454545454545,44.39393939393939,-5.606060606060609,True,Ordinary,False,False,False,False,False,Uncle Rico
W01396,2023,Ginger FC,Cade Otton,cadeotton,Free Agent,2023-11-22 11:29:00,,12,,TE,True,12,BEFORE_GAME_DATE,3.0,3.0,0.0,3.0,3.0,3.0,0.0,15.1,2.0,1.0,3.0,15.1,5.033333333333333,8.6,41.66666666666667,45.83333333333333,44.375,-5.625,True,Ordinary,False,False,False,False,False,Ginger FC
W01162,2022,Pop Lockett Drop it,Allen Robinson,allenrobinson,Waiver,2022-11-16 02:37:00,,11,,WR,True,11,BEFORE_GAME_DATE,4.0,4.0,0.0,4.0,1.0,4.0,0.0,12.7,1.0,1.0,4.0,12.7,3.175,12.7,40.0,46.666666666666664,44.33333333333333,-5.666666666666671,True,Ordinary,False,False,False,False,False,Pop Lockett Drop it
W01616,2023,malle_dips_pouches,Logan Thomas,loganthomas,Free Agent,2023-11-09 18:24:00,2023-12-07 17:03:00,10,14,TE,True,10,BEFORE_GAME_DATE,5.0,4.0,0.0,4.0,4.0,4.0,0.0,17.3,4.0,1.0,4.0,17.3,4.325,6.5,33.33333333333333,50.0,44.166666666666664,-5.833333333333336,True,Ordinary,False,False,False,False,False,malle_dips_pouches
W01995,2025,Voldemort,Harold Fannin Jr.,haroldfannin,Free Agent,2025-09-10 06:30:00,2025-10-01 17:46:00,2,5,TE,True,2,BEFORE_GAME_DATE,4.0,3.0,0.0,3.0,4.0,3.0,0.0,14.8,3.0,1.0,3.0,14.8,4.933333333333334,7.300000000000001,33.33333333333333,50.0,44.166666666666664,-5.833333333333336,True,Ordinary,False,False,False,False,False,Voldemort
W01238,2022,ThreatLevelMidnight,Alexander Mattison,alexandermattison,Free Agent,2022-11-02 06:45:00,2022-11-30 14:50:00,9,13,RB,True,9,NO_NFL_TEAM_MATCH,5.0,4.0,0.0,4.0,5.0,4.0,0.0,5.4,4.0,1.0,4.0,5.4,1.35,2.4000000000000004,30.303030303030305,51.515151515151516,44.09090909090909,-5.9090909090909065,True,Ordinary,False,False,False,False,False,ThreatLevelMidnight
W01993,2025,Voldemort,David Njoku,davidnjoku,Free Agent,2025-11-09 06:50:00,,10,,TE,True,10,SAME_DAY_AS_GAME,5.0,5.0,0.0,5.0,4.0,5.0,0.0,18.299999999999997,4.0,1.0,5.0,18.299999999999997,3.6599999999999993,9.1,22.22222222222222,55.55555555555556,43.88888888888889,-6.111111111111107,True,Ordinary,False,False,False,False,False,Voldemort
W00052,2017,Hello Harvard,Danny Woodhead,dannywoodhead,Free Agent,2017-11-02 13:17:00,,9,,RB,True,9,BEFORE_GAME_DATE,5.0,5.0,1.0,4.0,3.0,4.0,0.0,9.100000000000001,3.0,1.0,4.0,9.100000000000001,2.2750000000000004,4.5,33.33333333333333,48.717948717948715,43.33333333333333,-6.666666666666671,True,Ordinary,False,False,False,False,False,Hello Harvard
W01178,2022,Pop Lockett Drop it,Hunter Renfrow,hunterrenfrow,Waiver,2022-10-19 02:38:00,2022-11-02 02:34:00,7,9,WR,True,7,BEFORE_GAME_DATE,3.0,2.0,0.0,2.0,3.0,2.0,0.0,8.1,2.0,1.0,2.0,8.1,4.05,7.0,46.666666666666664,40.0,42.33333333333333,-7.666666666666671,True,Ordinary,False,False,False,False,False,Pop Lockett Drop it
W00080,2017,Pop Lockett Drop it,Eddie Lacy,eddielacy,Free Agent,2017-11-05 10:27:00,2017-12-09 14:14:00,9,,RB,True,9,SAME_DAY_AS_GAME,5.0,5.0,0.0,5.0,4.0,5.0,0.0,10.000000000000002,4.0,1.0,5.0,10.000000000000002,2.0000000000000004,6.1000000000000005,25.64102564102564,51.28205128205128,42.3076923076923,-7.6923076923077005,True,Ordinary,False,False,False,False,False,Pop Lockett Drop it
W01654,2024,Joe Mantegna,Justin Herbert,justinherbert,Free Agent,2024-10-16 09:48:00,2024-10-27 08:30:00,7,8,QB,True,7,BEFORE_GAME_DATE,2.0,2.0,0.0,2.0,2.0,2.0,0.0,42.82000000000001,2.0,1.0,2.0,42.82000000000001,21.410000000000004,28.060000000000002,58.333333333333336,33.33333333333333,42.08333333333333,-7.916666666666671,True,Ordinary,False,False,False,False,False,Joe Mantegna
W00087,2017,Pop Lockett Drop it,Marqise Lee,marqiselee,Waiver,2017-09-20 02:23:00,2017-10-08 08:06:00,3,5,WR,True,3,BEFORE_GAME_DATE,3.0,3.0,0.0,3.0,3.0,3.0,0.0,13.2,3.0,1.0,3.0,13.2,4.3999999999999995,6.5,33.33333333333333,46.666666666666664,42.0,-8.0,True,Ordinary,False,False,False,False,False,Pop Lockett Drop it
W01878,2025,Pop Lockett Drop it,Elic Ayomanor,elicayomanor,Waiver,2025-09-24 04:37:00,2025-10-22 03:19:00,4,8,WR,True,4,BEFORE_GAME_DATE,5.0,4.0,0.0,4.0,5.0,4.0,0.0,16.3,4.0,1.0,4.0,16.3,4.075,5.4,30.434782608695656,47.82608695652174,41.73913043478261,-8.26086956521739,True,Ordinary,False,False,False,False,False,Pop Lockett Drop it
W00074,2017,Malle ❤️ 🐸,Torrey Smith,torreysmith,Waiver,2017-10-25 02:38:00,,8,,WR,True,8,BEFORE_GAME_DATE,6.0,6.0,1.0,5.0,5.0,5.0,0.0,15.8,4.0,1.0,5.0,15.8,3.16,8.8,20.0,53.333333333333336,41.66666666666667,-8.333333333333329,True,Ordinary,False,False,False,False,False,Malle ❤️ 🐸
W01484,2023,Post Mahomes,AJ Dillon,ajdillon,Waiver,2023-09-16 02:26:00,2023-10-04 04:36:00,2,5,RB,True,2,BEFORE_GAME_DATE,4.0,3.0,0.0,3.0,4.0,3.0,0.0,11.200000000000001,3.0,1.0,3.0,11.200000000000001,3.733333333333334,6.800000000000001,29.545454545454547,47.72727272727273,41.36363636363636,-8.63636363636364,True,Ordinary,False,False,False,False,False,Post Mahomes
W00771,2020,Voldemort,Kalen Ballage,kalenballage,Waiver,2020-11-18 03:36:00,2020-11-29 09:31:00,11,12,RB,True,11,BEFORE_GAME_DATE,2.0,2.0,0.0,2.0,1.0,2.0,0.0,10.600000000000001,1.0,1.0,2.0,10.600000000000001,5.300000000000001,10.600000000000001,38.46153846153847,42.30769230769231,40.96153846153847,-9.038461538461533,True,Ordinary,False,False,False,False,False,Voldemort
W01570,2023,Uncle Rico,Miles Sanders,milessanders,Free Agent,2023-11-29 05:29:00,,13,,RB,True,13,BEFORE_GAME_DATE,2.0,2.0,0.0,2.0,2.0,2.0,0.0,10.8,2.0,1.0,2.0,10.8,5.4,7.4,40.909090909090914,40.909090909090914,40.909090909090914,-9.090909090909086,True,Ordinary,False,False,False,False,False,Uncle Rico
W00650,2020,The Big Gronkowski,Antonio Brown,antoniobrown,Free Agent,2020-10-21 15:09:00,,7,,WR,True,7,BEFORE_GAME_DATE,7.0,7.0,1.0,6.0,4.0,6.0,0.0,26.6,4.0,1.0,6.0,26.6,4.433333333333334,10.100000000000001,29.411764705882355,47.05882352941176,40.88235294117647,-9.117647058823529,True,Ordinary,False,False,False,False,False,The Big Gronkowski
W00712,2020,ThreatLevelMidnight,Teddy Bridgewater,teddybridgewater,Waiver,2020-10-28 03:57:00,2020-10-29 22:19:00,8,8,QB,True,8,NO_NFL_TEAM_MATCH,1.0,1.0,0.0,1.0,1.0,1.0,0.0,15.04,1.0,1.0,1.0,15.04,15.04,15.04,43.47826086956522,39.130434782608695,40.65217391304348,-9.347826086956523,True,Ordinary,False,False,False,False,False,ThreatLevelMidnight
W01087,2021,malle_dips_pouches,Zack Moss,zackmoss,Waiver,2021-11-13 02:12:00,2021-11-28 10:49:00,10,12,RB,True,10,BEFORE_GAME_DATE,3.0,3.0,0.0,3.0,2.0,3.0,0.0,9.2,2.0,1.0,3.0,9.2,3.0666666666666664,8.7,31.914893617021278,44.680851063829785,40.212765957446805,-9.787234042553195,True,Ordinary,False,False,False,False,False,malle_dips_pouches
W00048,2017,Hello Harvard,Blake Bortles,blakebortles,Waiver,2017-10-18 02:24:00,2017-11-04 02:31:00,7,9,QB,True,7,BEFORE_GAME_DATE,3.0,2.0,1.0,1.0,2.0,1.0,0.0,18.300000000000004,1.0,1.0,1.0,18.300000000000004,18.300000000000004,18.300000000000004,63.63636363636363,27.27272727272727,40.0,-10.0,True,Ordinary,False,False,False,False,False,Hello Harvard
W01718,2024,Post Mahomes,Tyler Allgeier,tylerallgeier,Free Agent,2024-10-16 06:25:00,2024-10-27 18:03:00,7,8,RB,True,7,BEFORE_GAME_DATE,2.0,2.0,0.0,2.0,2.0,2.0,0.0,8.3,2.0,1.0,2.0,8.3,4.15,5.0,41.935483870967744,38.70967741935484,39.83870967741936,-10.16129032258064,True,Ordinary,False,False,False,False,False,Post Mahomes
W01035,2021,Uncle Rico,Van Jefferson,vanjefferson,Waiver,2021-11-03 02:21:00,2021-11-21 10:55:00,9,11,WR,True,9,BEFORE_GAME_DATE,3.0,2.0,0.0,2.0,2.0,2.0,0.0,12.5,2.0,1.0,2.0,12.5,6.25,6.9,51.515151515151516,33.33333333333333,39.69696969696969,-10.303030303030312,True,Ordinary,False,False,False,False,False,Uncle Rico
W01517,2023,The Big Gronkowski,Joshua Kelley,joshuakelley,Free Agent,2023-10-25 17:14:00,2023-12-03 10:34:00,8,13,RB,True,8,BEFORE_GAME_DATE,6.0,6.0,0.0,6.0,6.0,6.0,0.0,13.600000000000001,6.0,1.0,6.0,13.600000000000001,2.266666666666667,3.5,18.181818181818183,51.13636363636363,39.60227272727273,-10.397727272727273,True,Ordinary,False,False,False,False,False,The Big Gronkowski
W00035,2017,Ginger FC,Jared Goff,jaredgoff,Waiver,2017-10-04 03:02:00,2017-10-18 02:24:00,5,7,QB,True,5,BEFORE_GAME_DATE,3.0,2.0,0.0,2.0,3.0,2.0,0.0,21.58,2.0,1.0,2.0,21.58,10.79,11.860000000000001,27.27272727272727,45.45454545454545,39.09090909090909,-10.909090909090907,True,Ordinary,False,False,False,False,False,Ginger FC
W00552,2020,Ginger FC,Frank Gore,frankgore,Waiver,2020-11-25 03:19:00,,12,,RB,True,12,BEFORE_GAME_DATE,2.0,2.0,0.0,2.0,2.0,2.0,0.0,10.299999999999999,2.0,1.0,2.0,10.299999999999999,5.1499999999999995,10.1,36.53846153846153,40.38461538461539,39.03846153846154,-10.96153846153846,True,Ordinary,False,False,False,False,False,Ginger FC
W00979,2021,ThreatLevelMidnight,Kadarius Toney,kadariustoney,Waiver,2021-10-13 02:21:00,2021-12-01 07:55:00,6,13,WR,True,6,BEFORE_GAME_DATE,8.0,7.0,1.0,6.0,4.0,6.0,0.0,19.16,4.0,1.0,6.0,19.16,3.1933333333333334,7.5,15.151515151515152,51.515151515151516,38.78787878787879,-11.212121212121211,True,Ordinary,False,False,False,False,False,ThreatLevelMidnight
W01762,2024,ThreatLevelMidnight,Justin Herbert,justinherbert,Waiver,2024-11-13 02:25:00,2024-12-02 14:40:00,11,13,QB,True,11,BEFORE_GAME_DATE,3.0,3.0,0.0,3.0,3.0,3.0,0.0,53.980000000000004,3.0,1.0,3.0,53.980000000000004,17.993333333333336,28.380000000000003,33.33333333333333,41.66666666666667,38.75,-11.25,True,Ordinary,False,False,False,False,False,ThreatLevelMidnight
W00162,2017,ThreatLevelMidnight,Jared Cook,jaredcook,Waiver,2017-11-15 02:36:00,2017-12-06 11:52:00,11,,TE,True,11,BEFORE_GAME_DATE,3.0,3.0,0.0,3.0,3.0,3.0,0.0,4.7,3.0,1.0,3.0,4.7,1.5666666666666667,3.6,25.71428571428571,45.714285714285715,38.714285714285715,-11.285714285714285,True,Ordinary,False,False,False,False,False,ThreatLevelMidnight
W01481,2023,Pop Lockett Drop it,Tyler Allgeier,tylerallgeier,Waiver,2023-11-08 02:47:00,2023-11-29 09:19:00,10,13,RB,True,10,BEFORE_GAME_DATE,4.0,3.0,1.0,2.0,3.0,2.0,0.0,10.700000000000001,2.0,1.0,2.0,10.700000000000001,5.3500000000000005,6.4,38.63636363636363,38.63636363636363,38.63636363636363,-11.363636363636367,True,Ordinary,False,False,False,False,False,Pop Lockett Drop it
W00392,2019,The Big Gronkowski,Deebo Samuel Sr.,deebosamuel,Free Agent,2019-09-20 15:43:00,2019-10-24 02:29:00,3,8,WR,True,3,BEFORE_GAME_DATE,6.0,5.0,1.0,4.0,4.0,4.0,0.0,6.6000000000000005,3.0,1.0,4.0,6.6000000000000005,1.6500000000000001,4.4,24.242424242424242,45.45454545454545,38.03030303030303,-11.969696969696969,True,Ordinary,False,False,False,False,False,The Big Gronkowski
W00018,2017,Dillon Panthers,Kenny Stills,kennystills,Waiver,2017-10-25 02:38:00,2017-11-11 02:17:00,8,10,WR,True,8,BEFORE_GAME_DATE,3.0,2.0,0.0,2.0,3.0,2.0,0.0,9.3,2.0,1.0,2.0,9.3,4.65,6.5,40.0,36.666666666666664,37.83333333333333,-12.166666666666671,True,Ordinary,False,False,False,False,False,Dillon Panthers
W01843,2025,Malle ❤️ 🐸,Chris Rodriguez Jr.,chrisrodriguez,Free Agent,2025-10-03 10:57:00,2025-11-06 18:28:00,5,10,RB,True,5,BEFORE_GAME_DATE,6.0,5.0,0.0,5.0,5.0,5.0,0.0,20.6,4.0,1.0,5.0,20.6,4.12,12.5,19.047619047619047,47.61904761904761,37.61904761904761,-12.380952380952387,True,Ordinary,False,False,False,False,False,Malle ❤️ 🐸
W01071,2021,Voldemort,Tony Jones,tonyjones,Free Agent,2021-09-09 12:41:00,2021-09-24 10:39:00,1,3,RB,True,1,BEFORE_GAME_DATE,3.0,2.0,0.0,2.0,3.0,2.0,0.0,6.500000000000001,2.0,1.0,2.0,6.500000000000001,3.2500000000000004,5.800000000000001,36.17021276595745,38.297872340425535,37.55319148936171,-12.446808510638292,True,Ordinary,False,False,False,False,False,Voldemort
W01882,2025,Pop Lockett Drop it,Malik Washington,malikwashington,Free Agent,2025-10-01 06:37:00,2025-10-22 03:19:00,5,8,WR,True,5,BEFORE_GAME_DATE,4.0,3.0,0.0,3.0,4.0,3.0,0.0,11.8,3.0,1.0,3.0,11.8,3.9333333333333336,5.5,26.08695652173913,43.47826086956522,37.39130434782609,-12.608695652173907,True,Ordinary,False,False,False,False,False,Pop Lockett Drop it
W00272,2019,Ginger FC,Gardner Minshew II,gardnerminshew,Waiver,2019-09-25 04:21:00,2019-10-02 03:50:00,4,5,QB,True,4,BEFORE_GAME_DATE,2.0,1.0,0.0,1.0,2.0,1.0,0.0,20.72,1.0,1.0,1.0,20.72,20.72,20.72,63.63636363636363,22.727272727272727,37.04545454545455,-12.954545454545453,True,Ordinary,False,False,False,False,False,Ginger FC
W01589,2023,Voldemort,Geno Smith,genosmith,Free Agent,2023-11-17 11:43:00,2023-11-29 08:35:00,11,13,QB,True,11,BEFORE_GAME_DATE,3.0,2.0,0.0,2.0,3.0,2.0,0.0,23.520000000000003,2.0,1.0,2.0,23.520000000000003,11.760000000000002,15.22,33.33333333333333,38.88888888888889,36.94444444444444,-13.055555555555557,True,Ordinary,False,False,False,False,False,Voldemort
W00038,2017,Ginger FC,Marlon Mack,marlonmack,Free Agent,2017-11-11 18:26:00,2017-11-29 02:46:00,10,13,RB,True,10,BEFORE_GAME_DATE,4.0,3.0,1.0,2.0,3.0,2.0,0.0,5.7,2.0,1.0,2.0,5.7,2.85,3.1,38.46153846153847,35.8974358974359,36.794871794871796,-13.205128205128204,True,Ordinary,False,False,False,False,False,Ginger FC
W01016,2021,Uncle Rico,Jakobi Meyers,jakobimeyers,Free Agent,2021-11-24 06:20:00,,12,,WR,True,12,BEFORE_GAME_DATE,3.0,3.0,1.0,2.0,1.0,2.0,0.0,12.3,1.0,1.0,2.0,12.3,6.15,12.3,48.484848484848484,30.303030303030305,36.66666666666667,-13.333333333333329,True,Ordinary,False,False,False,False,False,Uncle Rico
W00075,2017,Malle ❤️ 🐸,Tyler Lockett,tylerlockett,Waiver,2017-11-15 02:36:00,,11,,WR,True,11,BEFORE_GAME_DATE,3.0,3.0,0.0,3.0,3.0,3.0,0.0,11.600000000000001,3.0,1.0,3.0,11.600000000000001,3.866666666666667,7.7,30.0,40.0,36.5,-13.5,True,Ordinary,False,False,False,False,False,Malle ❤️ 🐸
W01757,2024,ThreatLevelMidnight,Jalen McMillan,jalenmcmillan,Waiver,2024-10-23 02:19:00,2024-11-06 02:24:00,8,10,WR,True,8,BEFORE_GAME_DATE,3.0,2.0,0.0,2.0,1.0,2.0,0.0,7.2,1.0,1.0,2.0,7.2,3.6,7.2,33.33333333333333,38.095238095238095,36.42857142857143,-13.57142857142857,True,Ordinary,False,False,False,False,False,ThreatLevelMidnight
W01082,2021,malle_dips_pouches,Mo Alie-Cox,moaliecox,Free Agent,2021-10-21 18:49:00,2021-11-21 11:34:00,7,11,TE,True,7,BEFORE_GAME_DATE,5.0,5.0,0.0,5.0,5.0,5.0,0.0,14.4,3.0,1.0,5.0,14.4,2.88,10.0,11.11111111111111,50.0,36.388888888888886,-13.611111111111114,True,Ordinary,False,False,False,False,False,malle_dips_pouches
W01586,2023,Voldemort,Ezekiel Elliott,ezekielelliott,Free Agent,2023-09-17 11:31:00,2023-09-24 07:53:00,2,3,RB,True,2,SAME_DAY_AS_GAME,2.0,2.0,0.0,2.0,2.0,2.0,0.0,10.500000000000002,2.0,1.0,2.0,10.500000000000002,5.250000000000001,9.200000000000001,36.36363636363637,36.36363636363637,36.36363636363637,-13.636363636363633,True,Ordinary,False,False,False,False,False,Voldemort
W00654,2020,The Big Gronkowski,Matt Ryan,mattryan,Waiver,2020-12-04 03:35:00,,13,,QB,True,13,BEFORE_GAME_DATE,1.0,1.0,0.0,1.0,1.0,1.0,0.0,14.92,1.0,1.0,1.0,14.92,14.92,14.92,39.130434782608695,34.78260869565217,36.30434782608695,-13.695652173913047,True,Ordinary,False,False,False,False,False,The Big Gronkowski
W00356,2019,Post Mahomes,Corey Davis,coreydavis,Free Agent,2019-10-23 08:54:00,2019-11-09 08:20:00,8,10,WR,True,8,BEFORE_GAME_DATE,3.0,2.0,0.0,2.0,2.0,2.0,0.0,5.700000000000001,2.0,1.0,2.0,5.700000000000001,2.8500000000000005,4.800000000000001,30.303030303030305,39.39393939393939,36.21212121212121,-13.787878787878789,True,Ordinary,False,False,False,False,False,Post Mahomes
W01866,2025,Patty Primetimes,Sean Tucker,seantucker,Waiver,2025-11-19 03:47:00,2025-12-10 03:39:00,12,,RB,True,12,BEFORE_GAME_DATE,3.0,3.0,0.0,3.0,3.0,3.0,0.0,14.0,2.0,1.0,3.0,14.0,4.666666666666667,8.9,23.809523809523807,42.857142857142854,36.19047619047619,-13.80952380952381,True,Ordinary,False,False,False,False,False,Patty Primetimes
W01358,2022,Voldemort,Russell Wilson,russellwilson,Free Agent,2022-11-09 10:15:00,2022-11-14 05:51:00,10,10,QB,True,10,NO_NFL_TEAM_MATCH,1.0,1.0,0.0,1.0,1.0,1.0,0.0,17.240000000000002,1.0,1.0,1.0,17.240000000000002,17.240000000000002,17.240000000000002,46.15384615384615,30.76923076923077,36.15384615384615,-13.846153846153847,True,Ordinary,False,False,False,False,False,Voldemort
W00290,2019,Joe Mantegna,Malcolm Brown,malcolmbrown,Waiver,2019-09-11 04:42:00,2019-10-02 03:50:00,2,5,RB,True,2,BEFORE_GAME_DATE,4.0,3.0,0.0,3.0,4.0,3.0,0.0,6.800000000000001,3.0,1.0,3.0,6.800000000000001,2.266666666666667,4.7,27.27272727272727,40.909090909090914,36.13636363636364,-13.86363636363636,True,Ordinary,False,False,False,False,False,Joe Mantegna
W00496,2019,Voldemort,Jacoby Brissett,jacobybrissett,Free Agent,2019-10-17 20:12:00,2019-11-13 14:48:00,7,11,QB,True,7,BEFORE_GAME_DATE,5.0,4.0,0.0,4.0,4.0,4.0,0.0,47.88,3.0,1.0,4.0,47.88,11.97,35.64,18.181818181818183,45.45454545454545,35.909090909090914,-14.090909090909086,True,Ordinary,False,False,False,False,False,Voldemort
W00937,2021,Post Mahomes,Jordan Love,jordanlove,Free Agent,2021-11-05 18:34:00,2021-11-09 10:05:00,9,10,QB,True,9,BEFORE_GAME_DATE,2.0,1.0,0.0,1.0,1.0,1.0,0.0,14.900000000000002,1.0,1.0,1.0,14.900000000000002,14.900000000000002,14.900000000000002,42.857142857142854,32.142857142857146,35.892857142857146,-14.107142857142854,True,Ordinary,False,False,False,False,False,Post Mahomes
W00634,2020,Post Mahomes,La'Mical Perine,lamicalperine,Free Agent,2020-10-28 10:32:00,2020-11-10 09:43:00,8,10,RB,True,8,BEFORE_GAME_DATE,3.0,2.0,0.0,2.0,2.0,2.0,0.0,9.100000000000001,2.0,1.0,2.0,9.100000000000001,4.550000000000001,4.800000000000001,34.61538461538461,36.53846153846153,35.86538461538461,-14.134615384615387,True,Ordinary,False,False,False,False,False,Post Mahomes
W01392,2023,Ginger FC,Brock Purdy,brockpurdy,Free Agent,2023-09-13 06:19:00,2023-09-20 03:01:00,2,3,QB,True,2,BEFORE_GAME_DATE,2.0,1.0,0.0,1.0,2.0,1.0,0.0,14.74,1.0,1.0,1.0,14.74,14.74,14.74,50.0,27.77777777777778,35.55555555555556,-14.444444444444443,True,Ordinary,False,False,False,False,False,Ginger FC
W01011,2021,Uncle Rico,David Johnson,davidjohnson,Free Agent,2021-11-24 06:31:00,2021-12-05 10:02:00,12,13,RB,True,12,BEFORE_GAME_DATE,2.0,2.0,0.0,2.0,1.0,2.0,0.0,6.5,1.0,1.0,2.0,6.5,3.25,6.5,34.04255319148936,36.17021276595745,35.42553191489362,-14.574468085106382,True,Ordinary,False,False,False,False,False,Uncle Rico
W01620,2024,Buttermilk Puuump,Colby Parkinson,colbyparkinson,Free Agent,2024-09-12 17:03:00,2024-10-01 07:58:00,2,5,TE,True,2,BEFORE_GAME_DATE,4.0,3.0,0.0,3.0,4.0,3.0,0.0,10.600000000000001,3.0,1.0,3.0,10.600000000000001,3.5333333333333337,5.300000000000001,26.666666666666668,40.0,35.333333333333336,-14.666666666666664,True,Ordinary,False,False,False,False,False,Buttermilk Puuump
W01317,2022,Uncle Rico,Will Dissly,willdissly,Free Agent,2022-10-06 12:20:00,2022-10-18 08:17:00,5,7,TE,True,5,BEFORE_GAME_DATE,3.0,2.0,0.0,2.0,3.0,2.0,0.0,4.800000000000001,2.0,1.0,2.0,4.800000000000001,2.4000000000000004,3.1,29.03225806451613,38.70967741935484,35.322580645161295,-14.677419354838705,True,Ordinary,False,False,False,False,False,Uncle Rico
W01578,2023,Voldemort,Cam Akers,camakers,Waiver,2023-09-24 02:21:00,2023-10-18 05:39:00,3,7,RB,True,3,SAME_DAY_AS_GAME,5.0,4.0,0.0,4.0,4.0,4.0,0.0,10.9,3.0,1.0,4.0,10.9,2.725,6.1000000000000005,20.454545454545457,43.18181818181818,35.22727272727273,-14.772727272727273,True,Ordinary,False,False,False,False,False,Voldemort
W01691,2024,Post Mahomes,Braelon Allen,braelonallen,Free Agent,2024-09-25 04:59:00,2024-10-16 06:25:00,4,7,RB,True,4,BEFORE_GAME_DATE,4.0,3.0,0.0,3.0,4.0,3.0,0.0,9.200000000000001,3.0,1.0,3.0,9.200000000000001,3.066666666666667,5.1000000000000005,22.58064516129032,41.935483870967744,35.16129032258065,-14.838709677419352,True,Ordinary,False,False,False,False,False,Post Mahomes
W00815,2021,Big Sack Jack,Kenny Golladay,kennygolladay,Free Agent,2021-11-28 11:54:00,2021-12-12 14:54:00,12,14,WR,True,12,SAME_DAY_AS_GAME,3.0,3.0,0.0,3.0,3.0,3.0,0.0,14.2,3.0,1.0,3.0,14.2,4.733333333333333,6.5,27.27272727272727,39.39393939393939,35.15151515151515,-14.848484848484851,True,Ordinary,False,False,False,False,False,Big Sack Jack
W01683,2024,Pop Lockett Drop it,Mike Gesicki,mikegesicki,Free Agent,2024-09-29 09:50:00,2024-10-31 11:45:00,4,9,TE,True,4,SAME_DAY_AS_GAME,6.0,5.0,0.0,5.0,5.0,5.0,0.0,13.2,3.0,1.0,5.0,13.2,2.6399999999999997,8.8,13.333333333333334,46.666666666666664,35.0,-15.0,True,Ordinary,False,False,False,False,False,Pop Lockett Drop it
W01938,2025,The Big Gronkowski,Sean Tucker,seantucker,Free Agent,2025-10-05 08:58:00,2025-10-12 08:22:00,5,6,RB,True,5,SAME_DAY_AS_GAME,2.0,2.0,0.0,2.0,2.0,2.0,0.0,9.9,2.0,1.0,2.0,9.9,4.95,8.5,38.095238095238095,33.33333333333333,35.0,-15.0,True,Ordinary,False,False,False,False,False,The Big Gronkowski
W00046,2017,Hello Harvard,Andre Ellington,andreellington,Waiver,2017-10-04 03:02:00,2017-10-28 02:17:00,5,8,RB,True,5,BEFORE_GAME_DATE,4.0,3.0,0.0,3.0,2.0,3.0,0.0,6.300000000000001,1.0,1.0,3.0,6.300000000000001,2.1,6.300000000000001,28.205128205128204,38.46153846153847,34.871794871794876,-15.128205128205124,True,Ordinary,False,False,False,False,False,Hello Harvard
W01684,2024,Pop Lockett Drop it,Roschon Johnson,roschonjohnson,Free Agent,2024-11-21 11:26:00,2024-12-04 02:39:00,12,14,RB,True,12,BEFORE_GAME_DATE,3.0,2.0,0.0,2.0,2.0,2.0,0.0,7.7,1.0,1.0,2.0,7.7,3.85,7.7,32.25806451612903,35.483870967741936,34.35483870967742,-15.645161290322577,True,Ordinary,False,False,False,False,False,Pop Lockett Drop it
W01143,2022,Patty Primetimes,Deshaun Watson,deshaunwatson,Waiver,2022-11-16 02:37:00,,11,,QB,True,11,BEFORE_GAME_DATE,4.0,4.0,0.0,4.0,2.0,4.0,0.0,25.68,2.0,1.0,4.0,25.68,6.42,19.34,11.538461538461538,46.15384615384615,34.03846153846154,-15.96153846153846,True,Ordinary,False,False,False,False,False,Patty Primetimes
W00536,2020,Big Sack Jack,Chris Thompson,christhompson,Free Agent,2020-10-11 11:41:00,2020-10-18 02:41:00,5,6,RB,True,5,SAME_DAY_AS_GAME,2.0,2.0,0.0,2.0,2.0,2.0,0.0,8.7,2.0,1.0,2.0,8.7,4.35,5.7,32.69230769230769,34.61538461538461,33.94230769230769,-16.057692307692307,True,Ordinary,False,False,False,False,False,Big Sack Jack
W01821,2025,Ginger FC,Joe Flacco,joeflacco,Waiver,2025-11-19 03:47:00,2025-11-25 17:21:00,12,13,QB,True,12,BEFORE_GAME_DATE,2.0,1.0,0.0,1.0,1.0,1.0,0.0,12.620000000000001,1.0,1.0,1.0,12.620000000000001,12.620000000000001,12.620000000000001,41.17647058823529,29.411764705882355,33.529411764705884,-16.470588235294116,True,Ordinary,False,False,False,False,False,Ginger FC
W01399,2023,Ginger FC,Curtis Samuel,curtissamuel,Free Agent,2023-10-11 03:47:00,2023-11-14 10:04:00,6,11,WR,True,6,BEFORE_GAME_DATE,6.0,5.0,0.0,5.0,5.0,5.0,0.0,22.5,4.0,1.0,5.0,22.5,4.5,12.2,28.57142857142857,35.714285714285715,33.214285714285715,-16.785714285714285,True,Ordinary,False,False,False,False,False,Ginger FC
W00625,2020,Post Mahomes,Derek Carr,derekcarr,Free Agent,2020-10-30 09:42:00,2020-11-03 08:44:00,8,9,QB,True,8,BEFORE_GAME_DATE,2.0,1.0,0.0,1.0,2.0,1.0,0.0,14.540000000000003,1.0,1.0,1.0,14.540000000000003,14.540000000000003,14.540000000000003,34.78260869565217,30.434782608695656,31.956521739130437,-18.043478260869563,True,Ordinary,False,False,False,False,False,Post Mahomes
W01405,2023,Ginger FC,Jake Ferguson,jakeferguson,Waiver,2023-10-04 02:50:00,2023-10-18 02:45:00,5,7,TE,True,5,BEFORE_GAME_DATE,3.0,2.0,0.0,2.0,2.0,2.0,0.0,6.300000000000001,2.0,1.0,2.0,6.300000000000001,3.1500000000000004,4.300000000000001,29.166666666666668,33.33333333333333,31.875,-18.125,True,Ordinary,False,False,False,False,False,Ginger FC
W00882,2021,Patty Primetimes,Jeremy McNichols,jeremymcnichols,Waiver,2021-11-03 02:21:00,2021-11-25 18:08:00,9,12,RB,True,9,BEFORE_GAME_DATE,4.0,3.0,0.0,3.0,2.0,3.0,0.0,6.3,2.0,1.0,3.0,6.3,2.1,5.0,27.659574468085108,34.04255319148936,31.808510638297875,-18.191489361702125,True,Ordinary,False,False,False,False,False,Patty Primetimes
W00807,2021,Big Sack Jack,Baker Mayfield,bakermayfield,Free Agent,2021-11-28 11:52:00,2021-12-05 11:45:00,12,13,QB,True,12,SAME_DAY_AS_GAME,2.0,1.0,0.0,1.0,1.0,1.0,0.0,14.280000000000001,1.0,1.0,1.0,14.280000000000001,14.280000000000001,14.280000000000001,35.714285714285715,28.57142857142857,31.07142857142857,-18.92857142857143,True,Ordinary,False,False,False,False,False,Big Sack Jack
W00503,2019,Voldemort,Matt Moore,mattmoore,Free Agent,2019-11-03 08:25:00,2019-11-05 16:48:00,9,10,QB,True,9,SAME_DAY_AS_GAME,2.0,1.0,0.0,1.0,1.0,1.0,0.0,17.0,1.0,1.0,1.0,17.0,17.0,17.0,54.54545454545454,18.181818181818183,30.909090909090907,-19.090909090909093,True,Ordinary,False,False,False,False,False,Voldemort
W01787,2024,Voldemort,Bo Nix,bonix,Free Agent,2024-11-20 07:00:00,,12,,QB,True,12,BEFORE_GAME_DATE,3.0,3.0,1.0,2.0,2.0,2.0,0.0,39.58,2.0,1.0,2.0,39.58,19.79,23.42,41.66666666666667,25.0,30.833333333333336,-19.166666666666664,True,Ordinary,False,False,False,False,False,Voldemort
W01572,2023,Uncle Rico,Samaje Perine,samajeperine,Free Agent,2023-11-29 05:31:00,,13,,RB,True,13,BEFORE_GAME_DATE,2.0,2.0,0.0,2.0,2.0,2.0,0.0,8.5,2.0,1.0,2.0,8.5,4.25,6.9,31.818181818181817,29.545454545454547,30.340909090909093,-19.659090909090907,True,Ordinary,False,False,False,False,False,Uncle Rico
W00476,2019,Uncle Rico,Teddy Bridgewater,teddybridgewater,Free Agent,2019-10-10 10:06:00,2019-11-09 03:03:00,6,10,QB,True,6,BEFORE_GAME_DATE,5.0,4.0,1.0,3.0,3.0,3.0,0.0,39.34,2.0,1.0,3.0,39.34,13.113333333333335,23.94,27.27272727272727,31.818181818181817,30.227272727272723,-19.772727272727277,True,Ordinary,False,False,False,False,False,Uncle Rico
W00819,2021,Big Sack Jack,Tevin Coleman,tevincoleman,Waiver,2021-09-12 02:11:00,2021-09-19 03:20:00,1,2,RB,True,1,SAME_DAY_AS_GAME,2.0,2.0,0.0,2.0,2.0,2.0,0.0,4.800000000000001,2.0,1.0,2.0,4.800000000000001,2.4000000000000004,2.4000000000000004,29.78723404255319,29.78723404255319,29.787234042553195,-20.212765957446805,True,Poor Pickup,False,False,False,False,False,Big Sack Jack
W00261,2019,Big Sack Jack,Jared Goff,jaredgoff,Waiver,2019-11-06 04:16:00,,10,,QB,True,10,BEFORE_GAME_DATE,4.0,4.0,0.0,4.0,4.0,4.0,0.0,47.28,4.0,1.0,4.0,47.28,11.82,28.96,9.090909090909092,40.909090909090914,29.772727272727277,-20.227272727272723,True,Poor Pickup,False,False,False,False,False,Big Sack Jack
W00859,2021,Joe Mantegna,Ricky Seals-Jones,rickysealsjones,Waiver,2021-10-20 02:20:00,2021-11-03 02:21:00,7,9,TE,True,7,BEFORE_GAME_DATE,3.0,2.0,0.0,2.0,2.0,2.0,0.0,10.3,2.0,1.0,2.0,10.3,5.15,8.100000000000001,22.22222222222222,33.33333333333333,29.444444444444443,-20.555555555555557,True,Poor Pickup,False,False,False,False,False,Joe Mantegna
W00004,2017,Big Sack Jack,Giovani Bernard,giovanibernard,Waiver,2017-10-07 02:21:00,2017-11-02 18:45:00,5,9,RB,True,5,BEFORE_GAME_DATE,5.0,4.0,1.0,3.0,4.0,3.0,0.0,4.4,3.0,1.0,3.0,4.4,1.4666666666666668,3.2,20.51282051282051,33.33333333333333,28.846153846153843,-21.153846153846157,True,Poor Pickup,False,False,False,False,False,Big Sack Jack
W01800,2024,Voldemort,Will Dissly,willdissly,Free Agent,2024-11-20 06:59:00,,12,,TE,True,12,BEFORE_GAME_DATE,3.0,3.0,0.0,3.0,3.0,3.0,0.0,9.600000000000001,2.0,1.0,3.0,9.600000000000001,3.2000000000000006,6.7,20.0,33.33333333333333,28.666666666666664,-21.333333333333336,True,Poor Pickup,False,False,False,False,False,Voldemort
W01825,2025,Joe Mantegna,Bam Knight,bamknight,Waiver,2025-10-22 03:19:00,2025-11-12 11:21:00,8,11,RB,True,9,BYE_ACQUISITION_WEEK,3.0,2.0,0.0,2.0,3.0,2.0,0.0,9.5,2.0,1.0,2.0,9.5,4.75,5.7,28.57142857142857,28.57142857142857,28.57142857142857,-21.42857142857143,True,Poor Pickup,False,False,False,False,False,Joe Mantegna
W00556,2020,Ginger FC,Jimmy Graham,jimmygraham,Free Agent,2020-11-27 12:57:00,2020-12-10 10:58:00,12,,TE,True,12,BEFORE_GAME_DATE,2.0,2.0,0.0,2.0,2.0,2.0,0.0,4.7,1.0,1.0,2.0,4.7,2.35,4.7,28.57142857142857,28.57142857142857,28.57142857142857,-21.42857142857143,True,Poor Pickup,False,False,False,False,False,Ginger FC
W01713,2024,Post Mahomes,Russell Wilson,russellwilson,Free Agent,2024-12-04 03:48:00,2024-12-10 10:39:00,14,,QB,True,14,BEFORE_GAME_DATE,1.0,1.0,0.0,1.0,1.0,1.0,0.0,20.02,1.0,1.0,1.0,20.02,20.02,20.02,50.0,16.666666666666664,28.333333333333332,-21.666666666666668,True,Poor Pickup,False,False,False,False,False,Post Mahomes
W01031,2021,Uncle Rico,Sam Darnold,samdarnold,Free Agent,2021-10-24 08:35:00,2021-11-02 07:47:00,7,9,QB,True,7,SAME_DAY_AS_GAME,3.0,2.0,0.0,2.0,3.0,2.0,0.0,15.240000000000002,2.0,1.0,2.0,15.240000000000002,7.620000000000001,11.760000000000002,14.285714285714285,35.714285714285715,28.214285714285715,-21.785714285714285,True,Poor Pickup,False,False,False,False,False,Uncle Rico
W01732,2024,The Big Gronkowski,Tyler Allgeier,tylerallgeier,Free Agent,2024-11-06 19:35:00,2024-11-17 10:17:00,10,11,RB,True,10,BEFORE_GAME_DATE,2.0,2.0,0.0,2.0,2.0,2.0,0.0,6.300000000000001,2.0,1.0,2.0,6.300000000000001,3.1500000000000004,5.9,25.806451612903224,29.03225806451613,27.903225806451616,-22.096774193548384,True,Poor Pickup,False,False,False,False,False,The Big Gronkowski
W00994,2021,ThreatLevelMidnight,Taylor Heinicke,taylorheinicke,Free Agent,2021-10-13 06:53:00,2021-10-19 08:43:00,6,7,QB,True,6,BEFORE_GAME_DATE,2.0,1.0,0.0,1.0,2.0,1.0,0.0,12.280000000000001,1.0,1.0,1.0,12.280000000000001,12.280000000000001,12.280000000000001,32.142857142857146,25.0,27.5,-22.5,True,Poor Pickup,False,False,False,False,False,ThreatLevelMidnight
W01496,2023,Post Mahomes,Jayden Reed,jaydenreed,Free Agent,2023-09-20 02:49:00,2023-10-09 16:36:00,3,5,WR,True,3,BEFORE_GAME_DATE,3.0,3.0,0.0,3.0,3.0,3.0,0.0,18.0,3.0,1.0,3.0,18.0,6.0,9.0,35.714285714285715,21.428571428571427,26.42857142857143,-23.57142857142857,True,Poor Pickup,False,False,False,False,False,Post Mahomes
W00223,2017,Voldemort,Josh Gordon,joshgordon,Free Agent,2017-11-01 18:49:00,,9,,WR,True,10,BYE_ACQUISITION_WEEK,4.0,4.0,0.0,4.0,1.0,4.0,0.0,8.5,1.0,1.0,4.0,8.5,2.125,8.5,13.333333333333334,33.33333333333333,26.333333333333332,-23.666666666666668,True,Poor Pickup,False,False,False,False,False,Voldemort
W00073,2017,Malle ❤️ 🐸,Thomas Rawls,thomasrawls,Free Agent,2017-11-09 17:46:00,,10,,RB,True,10,SAME_DAY_AS_GAME,4.0,4.0,0.0,4.0,2.0,4.0,0.0,4.300000000000001,2.0,1.0,4.0,4.300000000000001,1.0750000000000002,3.9000000000000004,17.94871794871795,30.76923076923077,26.28205128205128,-23.71794871794872,True,Poor Pickup,False,False,False,False,False,Malle ❤️ 🐸
W01412,2023,Ginger FC,Luke Musgrave,lukemusgrave,Waiver,2023-11-15 02:42:00,2023-11-28 07:41:00,11,13,TE,True,11,BEFORE_GAME_DATE,3.0,2.0,0.0,2.0,1.0,2.0,0.0,4.800000000000001,1.0,1.0,2.0,4.800000000000001,2.4000000000000004,4.800000000000001,20.833333333333336,29.166666666666668,26.250000000000004,-23.749999999999996,True,Poor Pickup,False,False,False,False,False,Ginger FC
W01614,2023,malle_dips_pouches,Keaontay Ingram,keaontayingram,Free Agent,2023-10-15 10:30:00,2023-11-09 18:24:00,6,10,RB,True,6,SAME_DAY_AS_GAME,5.0,4.0,0.0,4.0,4.0,4.0,0.0,9.0,3.0,1.0,4.0,9.0,2.25,6.1000000000000005,15.909090909090908,31.818181818181817,26.249999999999996,-23.750000000000004,True,Poor Pickup,False,False,False,False,False,malle_dips_pouches
W00797,2020,malle_dips_pouches,Malcolm Brown,malcolmbrown,Waiver,2020-11-18 03:36:00,,11,,RB,True,11,BEFORE_GAME_DATE,3.0,3.0,0.0,3.0,3.0,3.0,0.0,7.4,3.0,1.0,3.0,7.4,2.466666666666667,3.3000000000000003,21.153846153846153,28.846153846153843,26.153846153846153,-23.846153846153847,True,Poor Pickup,False,False,False,False,False,malle_dips_pouches
W00571,2020,Joe Mantegna,Gardner Minshew II,gardnerminshew,Waiver,2020-09-23 04:25:00,2020-10-03 14:28:00,3,4,QB,True,3,BEFORE_GAME_DATE,2.0,1.0,0.0,1.0,2.0,1.0,0.0,10.2,1.0,1.0,1.0,10.2,10.2,10.2,26.08695652173913,26.08695652173913,26.08695652173913,-23.91304347826087,True,Poor Pickup,False,False,False,False,False,Joe Mantegna
W01601,2023,Voldemort,Noah Brown,noahbrown,Free Agent,2023-11-10 13:55:00,,10,,WR,True,10,BEFORE_GAME_DATE,5.0,5.0,0.0,5.0,3.0,5.0,0.0,20.7,1.0,1.0,5.0,20.7,4.14,20.7,21.428571428571427,28.57142857142857,26.07142857142857,-23.92857142857143,True,Poor Pickup,False,False,False,False,False,Voldemort
W01380,2022,malle_dips_pouches,Tom Brady,tombrady,Free Agent,2022-12-11 11:33:00,,14,,QB,True,14,SAME_DAY_AS_GAME,1.0,1.0,0.0,1.0,1.0,1.0,0.0,14.120000000000001,1.0,1.0,1.0,14.120000000000001,14.120000000000001,14.120000000000001,38.46153846153847,19.230769230769234,25.961538461538467,-24.038461538461533,True,Poor Pickup,False,False,False,False,False,malle_dips_pouches
W00268,2019,Ginger FC,Andy Dalton,andydalton,Waiver,2019-09-18 04:32:00,2019-10-05 02:56:00,3,5,QB,True,3,BEFORE_GAME_DATE,3.0,2.0,0.0,2.0,3.0,2.0,0.0,24.740000000000002,2.0,1.0,2.0,24.740000000000002,12.370000000000001,20.1,22.727272727272727,27.27272727272727,25.68181818181818,-24.31818181818182,True,Poor Pickup,False,False,False,False,False,Ginger FC
W01106,2022,Ginger FC,Tua Tagovailoa,tuatagovailoa,Waiver,2022-09-21 02:36:00,2022-10-02 11:47:00,3,4,QB,True,3,BEFORE_GAME_DATE,2.0,2.0,0.0,2.0,2.0,2.0,0.0,16.840000000000003,2.0,1.0,2.0,16.840000000000003,8.420000000000002,13.440000000000001,23.076923076923077,26.923076923076923,25.576923076923077,-24.423076923076923,True,Poor Pickup,False,False,False,False,False,Ginger FC
W01996,2025,Voldemort,Jonnu Smith,jonnusmith,Free Agent,2025-10-23 07:23:00,2025-11-09 06:50:00,8,10,TE,True,8,BEFORE_GAME_DATE,3.0,3.0,0.0,3.0,3.0,3.0,0.0,7.6000000000000005,3.0,1.0,3.0,7.6000000000000005,2.5333333333333337,4.0,11.11111111111111,33.33333333333333,25.555555555555554,-24.444444444444446,True,Poor Pickup,False,False,False,False,False,Voldemort
W00578,2020,Joe Mantegna,Mark Ingram II,markingram,Free Agent,2020-11-04 18:12:00,2020-12-11 07:30:00,9,,RB,True,9,BEFORE_GAME_DATE,5.0,5.0,0.0,5.0,3.0,5.0,0.0,7.500000000000001,3.0,1.0,5.0,7.500000000000001,1.5000000000000002,3.9000000000000004,15.384615384615385,30.76923076923077,25.384615384615383,-24.615384615384617,True,Poor Pickup,False,False,False,False,False,Joe Mantegna
W01134,2022,Malle ❤️ 🐸,Matthew Stafford,matthewstafford,Free Agent,2022-11-09 16:16:00,2022-12-07 20:25:00,10,14,QB,True,10,BEFORE_GAME_DATE,5.0,4.0,0.0,4.0,1.0,4.0,0.0,18.759999999999998,1.0,1.0,4.0,18.759999999999998,4.6899999999999995,18.759999999999998,7.6923076923076925,34.61538461538461,25.192307692307693,-24.807692307692307,True,Poor Pickup,False,False,False,False,False,Malle ❤️ 🐸
W00593,2020,Patty Primetimes,Malcolm Brown,malcolmbrown,Free Agent,2020-10-07 08:17:00,2020-10-23 14:24:00,5,7,RB,True,5,BEFORE_GAME_DATE,3.0,2.0,0.0,2.0,3.0,2.0,0.0,6.6000000000000005,2.0,1.0,2.0,6.6000000000000005,3.3000000000000003,3.7,25.0,25.0,25.0,-25.0,True,Poor Pickup,False,False,False,False,False,Patty Primetimes
W01173,2022,Pop Lockett Drop it,Donovan Peoples-Jones,donovanpeoplesjones,Free Agent,2022-09-18 08:43:00,2022-09-29 09:18:00,2,4,WR,True,2,SAME_DAY_AS_GAME,3.0,2.0,0.0,2.0,3.0,2.0,0.0,1.5,1.0,1.0,2.0,1.5,0.75,1.5,20.0,26.666666666666668,24.333333333333336,-25.666666666666664,True,Poor Pickup,False,False,False,False,False,Pop Lockett Drop it
W01446,2023,Malle ❤️ 🐸,Taylor Heinicke,taylorheinicke,Free Agent,2023-11-08 15:38:00,2023-11-19 11:11:00,10,11,QB,True,10,BEFORE_GAME_DATE,2.0,1.0,0.0,1.0,1.0,1.0,0.0,11.600000000000001,1.0,1.0,1.0,11.600000000000001,11.600000000000001,11.600000000000001,27.77777777777778,22.22222222222222,24.166666666666664,-25.833333333333336,True,Poor Pickup,False,False,False,False,False,Malle ❤️ 🐸
W00889,2021,Patty Primetimes,Tony Jones,tonyjones,Free Agent,2021-11-25 18:08:00,2021-12-08 10:19:00,12,14,RB,True,12,SAME_DAY_AS_GAME,3.0,2.0,0.0,2.0,2.0,2.0,0.0,2.7,1.0,1.0,2.0,2.7,1.35,2.7,21.27659574468085,25.53191489361702,24.04255319148936,-25.95744680851064,True,Poor Pickup,False,False,False,False,False,Patty Primetimes
W01794,2024,Voldemort,Dontayvion Wicks,dontayvionwicks,Free Agent,2024-10-02 04:58:00,2024-10-16 05:22:00,5,7,WR,True,5,BEFORE_GAME_DATE,3.0,2.0,0.0,2.0,3.0,2.0,0.0,4.4,2.0,1.0,2.0,4.4,2.2,3.0,23.809523809523807,23.809523809523807,23.809523809523807,-26.190476190476193,True,Poor Pickup,False,False,False,False,False,Voldemort
W00066,2017,Hello Harvard,Vernon Davis,vernondavis,Free Agent,2017-11-22 11:37:00,,12,,TE,True,12,BEFORE_GAME_DATE,2.0,2.0,0.0,2.0,2.0,2.0,0.0,1.5,1.0,1.0,2.0,1.5,0.75,1.5,22.857142857142858,22.857142857142858,22.857142857142858,-27.142857142857142,True,Poor Pickup,False,False,False,False,False,Hello Harvard
W01443,2023,Malle ❤️ 🐸,Jerick McKinnon,jerickmckinnon,Free Agent,2023-10-08 14:09:00,2023-10-18 02:45:00,5,7,RB,True,5,SAME_DAY_AS_GAME,3.0,2.0,0.0,2.0,3.0,2.0,0.0,7.0,2.0,1.0,2.0,7.0,3.5,3.5,27.27272727272727,20.454545454545457,22.84090909090909,-27.15909090909091,True,Poor Pickup,False,False,False,False,False,Malle ❤️ 🐸
W00826,2021,Ginger FC,Daniel Jones,danieljones,Free Agent,2021-11-06 23:06:00,2021-11-09 11:16:00,9,10,QB,True,9,BEFORE_GAME_DATE,2.0,1.0,0.0,1.0,1.0,1.0,0.0,10.100000000000001,1.0,1.0,1.0,10.100000000000001,10.100000000000001,10.100000000000001,25.0,21.428571428571427,22.67857142857143,-27.32142857142857,True,Poor Pickup,False,False,False,False,False,Ginger FC
W00313,2019,Patty Primetimes,Josh Gordon,joshgordon,Waiver,2019-11-14 02:44:00,2019-12-04 03:32:00,11,,WR,True,12,BYE_ACQUISITION_WEEK,2.0,2.0,0.0,2.0,2.0,2.0,0.0,2.0,2.0,1.0,2.0,2.0,1.0,1.0,18.181818181818183,24.242424242424242,22.12121212121212,-27.87878787878788,True,Poor Pickup,False,False,False,False,False,Patty Primetimes
W01765,2024,ThreatLevelMidnight,Keon Coleman,keoncoleman,Waiver,2024-10-30 02:19:00,2024-12-21 09:07:00,9,,WR,True,9,BEFORE_GAME_DATE,6.0,6.0,1.0,5.0,1.0,5.0,0.0,4.6,1.0,1.0,5.0,4.6,0.9199999999999999,4.6,9.523809523809524,28.57142857142857,21.9047619047619,-28.0952380952381,True,Poor Pickup,False,False,False,False,False,ThreatLevelMidnight
W00411,2019,ThreatLevelMidnight,Daniel Jones,danieljones,Free Agent,2019-09-25 11:57:00,2019-10-02 03:50:00,4,5,QB,True,4,BEFORE_GAME_DATE,2.0,1.0,0.0,1.0,2.0,1.0,0.0,16.3,1.0,1.0,1.0,16.3,16.3,16.3,45.45454545454545,9.090909090909092,21.81818181818182,-28.18181818181818,True,Poor Pickup,False,False,False,False,False,ThreatLevelMidnight
W01117,2022,Joe Mantegna,Jimmy Garoppolo,jimmygaroppolo,Free Agent,2022-09-25 08:32:00,2022-09-28 02:35:00,3,4,QB,True,3,SAME_DAY_AS_GAME,2.0,1.0,0.0,1.0,2.0,1.0,0.0,11.44,1.0,1.0,1.0,11.44,11.44,11.44,30.76923076923077,15.384615384615385,20.769230769230766,-29.230769230769234,True,Poor Pickup,False,False,False,False,False,Joe Mantegna
W01548,2023,ThreatLevelMidnight,Tyler Allgeier,tylerallgeier,Free Agent,2023-12-02 13:24:00,,13,,RB,True,13,BEFORE_GAME_DATE,2.0,2.0,0.0,2.0,2.0,2.0,0.0,6.6,2.0,1.0,2.0,6.6,3.3,4.0,25.0,18.181818181818183,20.56818181818182,-29.43181818181818,True,Poor Pickup,False,False,False,False,False,ThreatLevelMidnight
W01334,2022,Voldemort,Dak Prescott,dakprescott,Free Agent,2022-10-13 18:50:00,2022-10-26 02:36:00,6,8,QB,True,6,BEFORE_GAME_DATE,3.0,2.0,0.0,2.0,2.0,2.0,0.0,14.28,1.0,1.0,2.0,14.28,7.14,14.28,15.384615384615385,23.076923076923077,20.384615384615383,-29.615384615384617,True,Poor Pickup,False,False,False,False,False,Voldemort
W01052,2021,Voldemort,Hunter Henry,hunterhenry,Free Agent,2021-09-05 09:18:00,2021-09-22 02:18:00,1,3,TE,True,1,BEFORE_GAME_DATE,3.0,2.0,0.0,2.0,3.0,2.0,0.0,9.8,2.0,1.0,2.0,9.8,4.9,5.2,16.666666666666664,22.22222222222222,20.27777777777778,-29.72222222222222,True,Poor Pickup,False,False,False,False,False,Voldemort
W01125,2022,Joe Mantegna,Tyler Conklin,tylerconklin,Waiver,2022-10-05 02:37:00,2022-10-19 13:51:00,5,7,TE,True,5,BEFORE_GAME_DATE,3.0,2.0,0.0,2.0,3.0,2.0,0.0,2.2,1.0,1.0,2.0,2.2,1.1,2.2,12.903225806451612,22.58064516129032,19.193548387096772,-30.806451612903228,True,Poor Pickup,False,False,False,False,False,Joe Mantegna
W00471,2019,Uncle Rico,Phillip Dorsett II,phillipdorsett,Waiver,2019-09-25 04:21:00,2019-10-10 10:06:00,4,6,WR,True,4,BEFORE_GAME_DATE,3.0,3.0,0.0,3.0,1.0,3.0,0.0,1.9000000000000001,1.0,1.0,3.0,1.9000000000000001,0.6333333333333334,1.9000000000000001,15.151515151515152,21.21212121212121,19.09090909090909,-30.90909090909091,True,Poor Pickup,False,False,False,False,False,Uncle Rico
W00208,2017,Voldemort,Greg Olsen,gregolsen,Free Agent,2017-10-18 04:25:00,,7,,TE,True,7,BEFORE_GAME_DATE,7.0,7.0,1.0,6.0,1.0,6.0,0.0,1.0,1.0,1.0,6.0,1.0,0.16666666666666666,1.0,17.142857142857142,20.0,19.0,-31.0,True,Poor Pickup,False,False,False,False,False,Voldemort
W00199,2017,Voldemort,Cooper Kupp,cooperkupp,Waiver,2017-09-13 02:32:00,2017-09-22 09:29:00,2,3,WR,True,2,BEFORE_GAME_DATE,2.0,2.0,0.0,2.0,2.0,2.0,0.0,5.0,2.0,1.0,2.0,5.0,2.5,3.3000000000000003,16.666666666666664,20.0,18.833333333333332,-31.166666666666668,True,Poor Pickup,False,False,False,False,False,Voldemort
W01566,2023,Uncle Rico,Joshua Kelley,joshuakelley,Waiver,2023-09-13 03:04:00,2023-09-27 15:52:00,2,4,RB,True,2,BEFORE_GAME_DATE,3.0,2.0,0.0,2.0,3.0,2.0,0.0,6.1000000000000005,2.0,1.0,2.0,6.1000000000000005,3.0500000000000003,3.9000000000000004,22.727272727272727,15.909090909090908,18.295454545454543,-31.704545454545457,True,Poor Pickup,False,False,False,False,False,Uncle Rico
W00816,2021,Big Sack Jack,Kenyan Drake,kenyandrake,Free Agent,2021-12-05 11:45:00,,13,,RB,True,13,SAME_DAY_AS_GAME,2.0,2.0,0.0,2.0,1.0,2.0,0.0,1.3,1.0,1.0,2.0,1.3,0.65,1.3,17.02127659574468,18.085106382978726,17.71276595744681,-32.287234042553195,True,Poor Pickup,False,False,False,False,False,Big Sack Jack
W01225,2022,Post Mahomes,Russell Wilson,russellwilson,Free Agent,2022-11-17 07:34:00,2022-11-22 08:52:00,11,12,QB,True,11,BEFORE_GAME_DATE,2.0,1.0,0.0,1.0,2.0,1.0,0.0,10.680000000000001,1.0,1.0,1.0,10.680000000000001,10.680000000000001,10.680000000000001,26.923076923076923,11.538461538461538,16.923076923076923,-33.07692307692308,True,Poor Pickup,False,False,False,False,False,Post Mahomes
W00408,2019,ThreatLevelMidnight,Chris Herndon,chrisherndon,Waiver,2019-10-02 03:50:00,2019-11-12 15:24:00,5,11,TE,True,5,BEFORE_GAME_DATE,7.0,6.0,0.0,6.0,1.0,6.0,0.0,0.7000000000000001,1.0,1.0,6.0,0.7000000000000001,0.11666666666666668,0.7000000000000001,13.333333333333334,16.666666666666664,15.5,-34.5,True,Poor Pickup,False,False,False,False,False,ThreatLevelMidnight
W01634,2024,Ginger FC,Dontayvion Wicks,dontayvionwicks,Waiver,2024-10-23 02:19:00,2024-11-06 02:24:00,8,10,WR,True,8,BEFORE_GAME_DATE,3.0,2.0,0.0,2.0,2.0,2.0,0.0,2.1,1.0,1.0,2.0,2.1,1.05,2.1,14.285714285714285,14.285714285714285,14.285714285714285,-35.714285714285715,True,Poor Pickup,False,False,False,False,False,Ginger FC
W00117,2017,Post Mahomes,Marlon Mack,marlonmack,Free Agent,2017-09-13 10:06:00,2017-09-27 02:24:00,2,4,RB,True,2,BEFORE_GAME_DATE,3.0,2.0,0.0,2.0,1.0,2.0,0.0,0.8,1.0,1.0,2.0,0.8,0.4,0.8,12.82051282051282,12.82051282051282,12.820512820512818,-37.17948717948718,True,Poor Pickup,False,False,False,False,False,Post Mahomes
W00086,2017,Pop Lockett Drop it,Kenny Golladay,kennygolladay,Waiver,2017-09-13 02:32:00,2017-10-08 08:08:00,2,5,WR,True,2,BEFORE_GAME_DATE,4.0,4.0,0.0,4.0,2.0,4.0,0.0,3.3,2.0,1.0,4.0,3.3,0.825,2.5,10.0,13.333333333333334,12.166666666666668,-37.83333333333333,True,Poor Pickup,False,False,False,False,False,Pop Lockett Drop it
W00316,2019,Patty Primetimes,Kyle Allen,kyleallen,Free Agent,2019-09-26 21:06:00,2019-10-09 06:36:00,4,6,QB,True,4,BEFORE_GAME_DATE,3.0,2.0,0.0,2.0,3.0,2.0,0.0,16.92,2.0,1.0,2.0,16.92,8.46,13.64,4.545454545454546,13.636363636363635,10.454545454545455,-39.54545454545455,True,Waiver Bust,False,False,False,False,True,Patty Primetimes
W01215,2022,Post Mahomes,Joshua Palmer,joshuapalmer,Free Agent,2022-11-03 11:28:00,,9,,WR,True,9,BEFORE_GAME_DATE,6.0,6.0,0.0,6.0,0.0,6.0,0.0,0.0,0.0,1.0,6.0,0.0,0.0,0.0,10.0,10.0,10.0,-40.0,True,Waiver Bust,False,False,False,False,True,Post Mahomes
W01932,2025,The Big Gronkowski,Emari Demercado,emaridemercado,Free Agent,2025-10-12 08:22:00,2025-10-25 02:45:00,6,8,RB,True,6,SAME_DAY_AS_GAME,3.0,2.0,0.0,2.0,1.0,2.0,0.0,0.1,1.0,1.0,2.0,0.1,0.05,0.1,9.523809523809524,9.523809523809524,9.523809523809524,-40.476190476190474,True,Waiver Bust,False,False,False,False,True,The Big Gronkowski
W00292,2019,Joe Mantegna,Nyheim Miller-Hines,nyheimmillerhines,Free Agent,2019-11-07 17:24:00,,10,,RB,True,10,BEFORE_GAME_DATE,4.0,4.0,0.0,4.0,0.0,4.0,0.0,0.0,0.0,1.0,4.0,0.0,0.0,0.0,9.090909090909092,9.090909090909092,9.090909090909092,-40.90909090909091,True,Waiver Bust,False,False,False,False,True,Joe Mantegna
W00094,2017,Post Mahomes,Aaron Rodgers,aaronrodgers,Free Agent,2017-11-16 10:48:00,,11,,QB,True,11,BEFORE_GAME_DATE,3.0,3.0,0.0,3.0,0.0,3.0,0.0,0.0,0.0,1.0,3.0,0.0,0.0,0.0,9.090909090909092,9.090909090909092,9.090909090909092,-40.90909090909091,True,Waiver Bust,False,False,False,False,True,Post Mahomes
W00283,2019,Ginger FC,Nyheim Miller-Hines,nyheimmillerhines,Waiver,2019-09-06 02:28:00,2019-09-25 04:21:00,1,4,RB,True,1,BEFORE_GAME_DATE,4.0,3.0,0.0,3.0,0.0,3.0,0.0,0.0,0.0,1.0,3.0,0.0,0.0,0.0,9.090909090909092,9.090909090909092,9.090909090909092,-40.90909090909091,True,Waiver Bust,False,False,False,False,True,Ginger FC
W00421,2019,ThreatLevelMidnight,Derrius Guice,derriusguice,Free Agent,2019-10-16 15:04:00,2019-10-26 03:30:00,7,8,RB,True,7,BEFORE_GAME_DATE,2.0,2.0,0.0,2.0,0.0,2.0,0.0,0.0,0.0,1.0,2.0,0.0,0.0,0.0,9.090909090909092,9.090909090909092,9.090909090909092,-40.90909090909091,True,Waiver Bust,False,False,False,False,True,ThreatLevelMidnight
W00743,2020,Uncle Rico,Scotty Miller,scottymiller,Waiver,2020-10-07 03:52:00,2020-10-20 12:15:00,5,7,WR,True,5,BEFORE_GAME_DATE,3.0,2.0,0.0,2.0,0.0,2.0,0.0,0.0,0.0,1.0,2.0,0.0,0.0,0.0,8.823529411764707,8.823529411764707,8.823529411764707,-41.17647058823529,True,Waiver Bust,False,False,False,False,True,Uncle Rico
W00427,2019,ThreatLevelMidnight,Jacoby Brissett,jacobybrissett,Waiver,2019-10-02 03:50:00,2019-10-10 11:36:00,5,6,QB,True,5,BEFORE_GAME_DATE,2.0,1.0,0.0,1.0,1.0,1.0,0.0,11.940000000000001,1.0,1.0,1.0,11.940000000000001,11.940000000000001,11.940000000000001,13.636363636363635,4.545454545454546,7.727272727272727,-42.27272727272727,True,Waiver Bust,False,False,False,False,True,ThreatLevelMidnight
W00594,2020,Patty Primetimes,Nyheim Miller-Hines,nyheimmillerhines,Waiver,2020-09-16 04:08:00,,2,,RB,True,2,BEFORE_GAME_DATE,12.0,12.0,1.0,11.0,0.0,11.0,0.0,0.0,0.0,1.0,11.0,0.0,0.0,0.0,7.6923076923076925,7.6923076923076925,7.692307692307692,-42.30769230769231,True,Waiver Bust,False,False,False,False,True,Patty Primetimes
W00588,2020,Patty Primetimes,Carlos Hyde,carloshyde,Waiver,2020-09-30 03:46:00,2020-10-15 08:05:00,4,6,RB,True,4,BEFORE_GAME_DATE,3.0,2.0,0.0,2.0,0.0,2.0,0.0,0.0,0.0,1.0,2.0,0.0,0.0,0.0,7.6923076923076925,7.6923076923076925,7.692307692307692,-42.30769230769231,True,Waiver Bust,False,False,False,False,True,Patty Primetimes
W00288,2019,Joe Mantegna,Hollywood Brown,hollywoodbrown,Waiver,2019-09-11 04:42:00,,2,,WR,True,2,BEFORE_GAME_DATE,12.0,12.0,1.0,11.0,0.0,11.0,0.0,0.0,0.0,1.0,11.0,0.0,0.0,0.0,7.575757575757576,7.575757575757576,7.575757575757576,-42.42424242424242,True,Waiver Bust,False,False,False,False,True,Joe Mantegna
W00522,2019,Voldemort,Will Fuller V,willfullerv,Free Agent,2019-11-03 07:40:00,,9,,WR,True,9,SAME_DAY_AS_GAME,5.0,5.0,1.0,4.0,0.0,4.0,0.0,0.0,0.0,1.0,4.0,0.0,0.0,0.0,7.575757575757576,7.575757575757576,7.575757575757576,-42.42424242424242,True,Waiver Bust,False,False,False,False,True,Voldemort
W00440,2019,ThreatLevelMidnight,Josh Gordon,joshgordon,Free Agent,2019-10-26 03:30:00,2019-11-11 15:33:00,8,10,WR,True,8,BEFORE_GAME_DATE,3.0,2.0,0.0,2.0,1.0,2.0,0.0,0.0,0.0,1.0,2.0,0.0,0.0,0.0,7.575757575757576,7.575757575757576,7.575757575757576,-42.42424242424242,True,Waiver Bust,False,False,False,False,True,ThreatLevelMidnight
W01023,2021,Uncle Rico,Peyton Barber,peytonbarber,Waiver,2021-09-29 02:20:00,2021-10-20 08:51:00,4,7,RB,True,4,BEFORE_GAME_DATE,4.0,3.0,0.0,3.0,1.0,3.0,0.0,0.0,0.0,1.0,3.0,0.0,0.0,0.0,7.446808510638298,7.446808510638298,7.446808510638299,-42.5531914893617,True,Waiver Bust,False,False,False,False,True,Uncle Rico
W01410,2023,Ginger FC,Joshua Palmer,joshuapalmer,Waiver,2023-09-27 02:59:00,,4,,WR,True,4,BEFORE_GAME_DATE,11.0,11.0,1.0,10.0,0.0,10.0,0.0,0.0,0.0,1.0,10.0,0.0,0.0,0.0,7.142857142857142,7.142857142857142,7.142857142857142,-42.85714285714286,True,Waiver Bust,False,False,False,False,True,Ginger FC
W00201,2017,Voldemort,Danny Woodhead,dannywoodhead,Free Agent,2017-09-30 15:23:00,2017-10-18 04:25:00,4,7,RB,True,4,BEFORE_GAME_DATE,4.0,3.0,0.0,3.0,0.0,3.0,0.0,0.0,0.0,1.0,3.0,0.0,0.0,0.0,6.41025641025641,6.41025641025641,6.410256410256409,-43.58974358974359,True,Waiver Bust,False,False,False,False,True,Voldemort
W01175,2022,Pop Lockett Drop it,Eno Benjamin,enobenjamin,Waiver,2022-11-19 02:17:00,2022-12-11 09:26:00,11,14,RB,True,11,BEFORE_GAME_DATE,4.0,3.0,0.0,3.0,1.0,3.0,0.0,0.0,0.0,1.0,3.0,0.0,0.0,0.0,6.0606060606060606,6.0606060606060606,6.0606060606060606,-43.93939393939394,True,Waiver Bust,False,False,False,False,True,Pop Lockett Drop it
W01073,2021,malle_dips_pouches,C.J. Uzomah,cjuzomah,Free Agent,2021-11-21 11:34:00,2021-11-28 10:49:00,11,12,TE,True,11,SAME_DAY_AS_GAME,2.0,2.0,0.0,2.0,2.0,2.0,0.0,4.3,2.0,1.0,2.0,4.3,2.15,2.4,5.555555555555555,5.555555555555555,5.555555555555555,-44.44444444444444,True,Waiver Bust,False,False,False,False,True,malle_dips_pouches
W00995,2021,ThreatLevelMidnight,Taysom Hill,taysomhill,Free Agent,2021-12-01 07:55:00,2021-12-23 11:59:00,13,,QB,True,13,BEFORE_GAME_DATE,2.0,2.0,0.0,2.0,0.0,2.0,0.0,0.0,0.0,1.0,2.0,0.0,0.0,0.0,5.357142857142857,5.357142857142857,5.357142857142857,-44.642857142857146,True,Waiver Bust,False,False,False,False,True,ThreatLevelMidnight
W00189,2017,ThreatLevelMidnight,Will Fuller V,willfullerv,Waiver,2017-10-04 03:02:00,2017-11-15 02:36:00,5,11,WR,True,5,BEFORE_GAME_DATE,7.0,6.0,1.0,5.0,0.0,5.0,0.0,0.0,0.0,1.0,5.0,0.0,0.0,0.0,5.0,5.0,5.0,-45.0,True,Waiver Bust,False,False,False,False,True,ThreatLevelMidnight
W00745,2020,Uncle Rico,Taysom Hill,taysomhill,Free Agent,2020-11-20 09:26:00,,11,,QB,True,11,BEFORE_GAME_DATE,3.0,3.0,0.0,3.0,0.0,3.0,0.0,0.0,0.0,1.0,3.0,0.0,0.0,0.0,4.3478260869565215,4.3478260869565215,4.3478260869565215,-45.65217391304348,True,Waiver Bust,False,False,False,False,True,Uncle Rico
W01983,2025,Uncle Rico,Kayshon Boutte,kayshonboutte,Waiver,2025-10-29 03:27:00,2025-11-13 10:44:00,9,11,WR,True,9,BEFORE_GAME_DATE,3.0,3.0,0.0,3.0,1.0,3.0,0.0,0.0,0.0,1.0,3.0,0.0,0.0,0.0,4.3478260869565215,4.3478260869565215,4.3478260869565215,-45.65217391304348,True,Waiver Bust,False,False,False,False,True,Uncle Rico
W00724,2020,Uncle Rico,Benny Snell Jr.,bennysnell,Waiver,2020-09-16 04:08:00,2020-10-01 06:57:00,2,4,RB,True,2,BEFORE_GAME_DATE,3.0,2.0,0.0,2.0,2.0,2.0,0.0,-0.2999999999999998,1.0,1.0,2.0,-0.2999999999999998,-0.1499999999999999,1.1,1.9230769230769231,1.9230769230769231,1.923076923076923,-48.07692307692308,True,Waiver Bust,False,False,False,False,True,Uncle Rico
