year,week,table_index,row_index,side,fantasy_team,opponent,matchup_id,matchup_number,team_score,opponent_score,player,player_position,lineup_slot,is_starter,is_bench,is_ir,projected_points,fantasy_points,stat_summary,raw_player_text,raw_position,raw_cells,player_key,player_id,nfl_team,source
2020,1,,1,api,Big Sack Jack,ThreatLevelMidnight,2020-W01-04,4,115.44,135.8,Patrick Mahomes,QB,QB,True,False,False,,26.44,,Patrick Mahomes,QB,,399.p.30123,30123,KC,yahoo_fantasy_api
2020,1,,2,api,Big Sack Jack,ThreatLevelMidnight,2020-W01-04,4,115.44,135.8,Odell Beckham Jr.,WR,WR,True,False,False,,3.7,,Odell Beckham Jr.,WR,,399.p.27540,27540,NYG,yahoo_fantasy_api
2020,1,,3,api,Big Sack Jack,ThreatLevelMidnight,2020-W01-04,4,115.44,135.8,Hollywood Brown,WR,WR,True,False,False,,12.6,,Hollywood Brown,WR,,399.p.31857,31857,Phi,yahoo_fantasy_api
2020,1,,4,api,Big Sack Jack,ThreatLevelMidnight,2020-W01-04,4,115.44,135.8,Ezekiel Elliott,RB,RB,True,False,False,,26.2,,Ezekiel Elliott,RB,,399.p.29238,29238,Dal,yahoo_fantasy_api
2020,1,,5,api,Big Sack Jack,ThreatLevelMidnight,2020-W01-04,4,115.44,135.8,Melvin Gordon III,RB,RB,True,False,False,,14.1,,Melvin Gordon III,RB,,399.p.28403,28403,Bal,yahoo_fantasy_api
2020,1,,6,api,Big Sack Jack,ThreatLevelMidnight,2020-W01-04,4,115.44,135.8,Evan Engram,TE,TE,True,False,False,,1.9,,Evan Engram,TE,,399.p.30136,30136,Den,yahoo_fantasy_api
2020,1,,7,api,Big Sack Jack,ThreatLevelMidnight,2020-W01-04,4,115.44,135.8,Julian Edelman,WR,W/R/T,True,False,False,,10.5,,Julian Edelman,WR,,399.p.9496,9496,NE,yahoo_fantasy_api
2020,1,,8,api,Big Sack Jack,ThreatLevelMidnight,2020-W01-04,4,115.44,135.8,James White,RB,BN,False,True,False,,6.7,,James White,RB,,399.p.27658,27658,NE,yahoo_fantasy_api
2020,1,,9,api,Big Sack Jack,ThreatLevelMidnight,2020-W01-04,4,115.44,135.8,CeeDee Lamb,WR,BN,False,True,False,,8.4,,CeeDee Lamb,WR,,399.p.32687,32687,Dal,yahoo_fantasy_api
2020,1,,10,api,Big Sack Jack,ThreatLevelMidnight,2020-W01-04,4,115.44,135.8,Sammy Watkins,WR,BN,False,True,False,,18.0,,Sammy Watkins,WR,,399.p.27532,27532,Bal,yahoo_fantasy_api
2020,1,,11,api,Big Sack Jack,ThreatLevelMidnight,2020-W01-04,4,115.44,135.8,Anthony Miller,WR,BN,False,True,False,,15.6,,Anthony Miller,WR,,399.p.31021,31021,Bal,yahoo_fantasy_api
2020,1,,12,api,Big Sack Jack,ThreatLevelMidnight,2020-W01-04,4,115.44,135.8,Baker Mayfield,QB,BN,False,True,False,,12.86,,Baker Mayfield,QB,,399.p.30971,30971,TB,yahoo_fantasy_api
2020,1,,13,api,Big Sack Jack,ThreatLevelMidnight,2020-W01-04,4,115.44,135.8,Dallas Goedert,TE,BN,False,True,False,,20.1,,Dallas Goedert,TE,,399.p.31019,31019,Phi,yahoo_fantasy_api
2020,1,,14,api,Big Sack Jack,ThreatLevelMidnight,2020-W01-04,4,115.44,135.8,Greg Zuerlein,K,K,True,False,False,,5.0,,Greg Zuerlein,K,,399.p.25881,25881,NYJ,yahoo_fantasy_api
2020,1,,15,api,Big Sack Jack,ThreatLevelMidnight,2020-W01-04,4,115.44,135.8,Ravens,DEF,DEF,True,False,False,,15.0,,Ravens,DEF,,399.p.100033,100033,Bal,yahoo_fantasy_api
2020,1,,1,api,Ginger FC 🏆🏆,Pop Lockett Drop it,2020-W01-05,5,137.88,149.56,Russell Wilson,QB,QB,True,False,False,,39.78,,Russell Wilson,QB,,399.p.25785,25785,NYG,yahoo_fantasy_api
2020,1,,2,api,Ginger FC 🏆🏆,Pop Lockett Drop it,2020-W01-05,5,137.88,149.56,DK Metcalf,WR,WR,True,False,False,,17.5,,DK Metcalf,WR,,399.p.31896,31896,Pit,yahoo_fantasy_api
2020,1,,3,api,Ginger FC 🏆🏆,Pop Lockett Drop it,2020-W01-05,5,137.88,149.56,DeVante Parker,WR,WR,True,False,False,,6.7,,DeVante Parker,WR,,399.p.28402,28402,NE,yahoo_fantasy_api
2020,1,,4,api,Ginger FC 🏆🏆,Pop Lockett Drop it,2020-W01-05,5,137.88,149.56,Christian McCaffrey,RB,RB,True,False,False,,27.0,,Christian McCaffrey,RB,,399.p.30121,30121,SF,yahoo_fantasy_api
2020,1,,5,api,Ginger FC 🏆🏆,Pop Lockett Drop it,2020-W01-05,5,137.88,149.56,Matt Breida,RB,RB,True,False,False,,2.2,,Matt Breida,RB,,399.p.30552,30552,SF,yahoo_fantasy_api
2020,1,,6,api,Ginger FC 🏆🏆,Pop Lockett Drop it,2020-W01-05,5,137.88,149.56,Jared Cook,TE,TE,True,False,False,,10.5,,Jared Cook,TE,,399.p.9353,9353,LAC,yahoo_fantasy_api
2020,1,,7,api,Ginger FC 🏆🏆,Pop Lockett Drop it,2020-W01-05,5,137.88,149.56,Allen Lazard,WR,W/R/T,True,False,False,,16.2,,Allen Lazard,WR,,399.p.31268,31268,NYJ,yahoo_fantasy_api
2020,1,,8,api,Ginger FC 🏆🏆,Pop Lockett Drop it,2020-W01-05,5,137.88,149.56,Mike Evans,WR,BN,False,True,False,,6.7,,Mike Evans,WR,,399.p.27535,27535,SF,yahoo_fantasy_api
2020,1,,9,api,Ginger FC 🏆🏆,Pop Lockett Drop it,2020-W01-05,5,137.88,149.56,Cam Akers,RB,BN,False,True,False,,4.8,,Cam Akers,RB,,399.p.32722,32722,Sea,yahoo_fantasy_api
2020,1,,10,api,Ginger FC 🏆🏆,Pop Lockett Drop it,2020-W01-05,5,137.88,149.56,Sony Michel,RB,BN,False,True,False,,9.7,,Sony Michel,RB,,399.p.31001,31001,LAC,yahoo_fantasy_api
2020,1,,11,api,Ginger FC 🏆🏆,Pop Lockett Drop it,2020-W01-05,5,137.88,149.56,Jimmy Garoppolo,QB,BN,False,True,False,,23.26,,Jimmy Garoppolo,QB,,399.p.27590,27590,LAR,yahoo_fantasy_api
2020,1,,12,api,Ginger FC 🏆🏆,Pop Lockett Drop it,2020-W01-05,5,137.88,149.56,Brandon Aiyuk,WR,BN,False,True,False,,0.0,,Brandon Aiyuk,WR,,399.p.32695,32695,SF,yahoo_fantasy_api
2020,1,,13,api,Ginger FC 🏆🏆,Pop Lockett Drop it,2020-W01-05,5,137.88,149.56,Chris Thompson,RB,BN,False,True,False,,1.6,,Chris Thompson,RB,,399.p.26777,26777,SF,yahoo_fantasy_api
2020,1,,14,api,Ginger FC 🏆🏆,Pop Lockett Drop it,2020-W01-05,5,137.88,149.56,Harrison Butker,K,K,True,False,False,,10.0,,Harrison Butker,K,,399.p.30346,30346,KC,yahoo_fantasy_api
2020,1,,15,api,Ginger FC 🏆🏆,Pop Lockett Drop it,2020-W01-05,5,137.88,149.56,Steelers,DEF,DEF,True,False,False,,8.0,,Steelers,DEF,,399.p.100023,100023,Pit,yahoo_fantasy_api
2020,1,,1,api,Joe Mantegna,malle_dips_pouches,2020-W01-03,3,124.72,115.36,Deshaun Watson,QB,QB,True,False,False,,23.82,,Deshaun Watson,QB,,399.p.30125,30125,Cle,yahoo_fantasy_api
2020,1,,2,api,Joe Mantegna,malle_dips_pouches,2020-W01-03,3,124.72,115.36,JuJu Smith-Schuster,WR,WR,True,False,False,,21.9,,JuJu Smith-Schuster,WR,,399.p.30175,30175,NYG,yahoo_fantasy_api
2020,1,,3,api,Joe Mantegna,malle_dips_pouches,2020-W01-03,3,124.72,115.36,DJ Chark,WR,WR,True,False,False,,10.0,,DJ Chark,WR,,399.p.31031,31031,Atl,yahoo_fantasy_api
2020,1,,4,api,Joe Mantegna,malle_dips_pouches,2020-W01-03,3,124.72,115.36,Clyde Edwards-Helaire,RB,RB,True,False,False,,19.8,,Clyde Edwards-Helaire,RB,,399.p.32702,32702,KC,yahoo_fantasy_api
2020,1,,5,api,Joe Mantegna,malle_dips_pouches,2020-W01-03,3,124.72,115.36,Todd Gurley,RB,RB,True,False,False,,12.7,,Todd Gurley,RB,,399.p.28398,28398,Atl,yahoo_fantasy_api
2020,1,,6,api,Joe Mantegna,malle_dips_pouches,2020-W01-03,3,124.72,115.36,George Kittle,TE,TE,True,False,False,,7.3,,George Kittle,TE,,399.p.30259,30259,SF,yahoo_fantasy_api
2020,1,,7,api,Joe Mantegna,malle_dips_pouches,2020-W01-03,3,124.72,115.36,Zack Moss,RB,W/R/T,True,False,False,,10.2,,Zack Moss,RB,,399.p.32756,32756,Cin,yahoo_fantasy_api
2020,1,,8,api,Joe Mantegna,malle_dips_pouches,2020-W01-03,3,124.72,115.36,Tarik Cohen,RB,BN,False,True,False,,5.7,,Tarik Cohen,RB,,399.p.30232,30232,Car,yahoo_fantasy_api
2020,1,,9,api,Joe Mantegna,malle_dips_pouches,2020-W01-03,3,124.72,115.36,Miles Sanders,RB,BN,False,True,False,,0.0,,Miles Sanders,RB,,399.p.31885,31885,Dal,yahoo_fantasy_api
2020,1,,10,api,Joe Mantegna,malle_dips_pouches,2020-W01-03,3,124.72,115.36,Jarvis Landry,WR,BN,False,True,False,,8.6,,Jarvis Landry,WR,,399.p.27591,27591,NO,yahoo_fantasy_api
2020,1,,11,api,Joe Mantegna,malle_dips_pouches,2020-W01-03,3,124.72,115.36,Cole Beasley,WR,BN,False,True,False,,7.8,,Cole Beasley,WR,,399.p.26060,26060,NYG,yahoo_fantasy_api
2020,1,,12,api,Joe Mantegna,malle_dips_pouches,2020-W01-03,3,124.72,115.36,Curtis Samuel,WR,BN,False,True,False,,6.8,,Curtis Samuel,WR,,399.p.30153,30153,Buf,yahoo_fantasy_api
2020,1,,13,api,Joe Mantegna,malle_dips_pouches,2020-W01-03,3,124.72,115.36,Kirk Cousins,QB,BN,False,True,False,,26.76,,Kirk Cousins,QB,,399.p.25812,25812,LV,yahoo_fantasy_api
2020,1,,14,api,Joe Mantegna,malle_dips_pouches,2020-W01-03,3,124.72,115.36,Zane Gonzalez,K,K,True,False,False,,8.0,,Zane Gonzalez,K,,399.p.30337,30337,Mia,yahoo_fantasy_api
2020,1,,15,api,Joe Mantegna,malle_dips_pouches,2020-W01-03,3,124.72,115.36,Patriots,DEF,DEF,True,False,False,,11.0,,Patriots,DEF,,399.p.100017,100017,NE,yahoo_fantasy_api
2020,1,,1,api,Malle ❤️ 🐸,The Big Gronkowski,2020-W01-01,1,147.86,85.4,Tom Brady,QB,QB,True,False,False,,26.46,,Tom Brady,QB,,399.p.5228,5228,TB,yahoo_fantasy_api
2020,1,,2,api,Malle ❤️ 🐸,The Big Gronkowski,2020-W01-01,1,147.86,85.4,Adam Thielen,WR,WR,True,False,False,,28.0,,Adam Thielen,WR,,399.p.27277,27277,Pit,yahoo_fantasy_api
2020,1,,3,api,Malle ❤️ 🐸,The Big Gronkowski,2020-W01-01,1,147.86,85.4,Calvin Ridley,WR,WR,True,False,False,,29.4,,Calvin Ridley,WR,,399.p.30996,30996,Ten,yahoo_fantasy_api
2020,1,,4,api,Malle ❤️ 🐸,The Big Gronkowski,2020-W01-01,1,147.86,85.4,Alvin Kamara,RB,RB,True,False,False,,21.2,,Alvin Kamara,RB,,399.p.30180,30180,NO,yahoo_fantasy_api
2020,1,,5,api,Malle ❤️ 🐸,The Big Gronkowski,2020-W01-01,1,147.86,85.4,Jordan Howard,RB,RB,True,False,False,,6.7,,Jordan Howard,RB,,399.p.29384,29384,NO,yahoo_fantasy_api
2020,1,,6,api,Malle ❤️ 🐸,The Big Gronkowski,2020-W01-01,1,147.86,85.4,Travis Kelce,TE,TE,True,False,False,,14.0,,Travis Kelce,TE,,399.p.26686,26686,KC,yahoo_fantasy_api
2020,1,,7,api,Malle ❤️ 🐸,The Big Gronkowski,2020-W01-01,1,147.86,85.4,Kareem Hunt,RB,W/R/T,True,False,False,,10.1,,Kareem Hunt,RB,,399.p.30199,30199,KC,yahoo_fantasy_api
2020,1,,8,api,Malle ❤️ 🐸,The Big Gronkowski,2020-W01-01,1,147.86,85.4,Latavius Murray,RB,BN,False,True,False,,4.8,,Latavius Murray,RB,,399.p.26804,26804,Buf,yahoo_fantasy_api
2020,1,,9,api,Malle ❤️ 🐸,The Big Gronkowski,2020-W01-01,1,147.86,85.4,Ben Roethlisberger,QB,BN,False,True,False,,28.06,,Ben Roethlisberger,QB,,399.p.6770,6770,Pit,yahoo_fantasy_api
2020,1,,10,api,Malle ❤️ 🐸,The Big Gronkowski,2020-W01-01,1,147.86,85.4,DeSean Jackson,WR,BN,False,True,False,,5.6,,DeSean Jackson,WR,,399.p.8826,8826,Bal,yahoo_fantasy_api
2020,1,,11,api,Malle ❤️ 🐸,The Big Gronkowski,2020-W01-01,1,147.86,85.4,Preston Williams,WR,BN,False,True,False,,5.1,,Preston Williams,WR,,399.p.32447,32447,Car,yahoo_fantasy_api
2020,1,,12,api,Malle ❤️ 🐸,The Big Gronkowski,2020-W01-01,1,147.86,85.4,Blake Jarwin,TE,BN,False,True,False,,1.7,,Blake Jarwin,TE,,399.p.30784,30784,Dal,yahoo_fantasy_api
2020,1,,13,api,Malle ❤️ 🐸,The Big Gronkowski,2020-W01-01,1,147.86,85.4,Damien Harris,RB,BN,False,True,False,,0.0,,Damien Harris,RB,,399.p.31919,31919,Buf,yahoo_fantasy_api
2020,1,,14,api,Malle ❤️ 🐸,The Big Gronkowski,2020-W01-01,1,147.86,85.4,Justin Tucker,K,K,True,False,False,,9.0,,Justin Tucker,K,,399.p.26534,26534,Bal,yahoo_fantasy_api
2020,1,,15,api,Malle ❤️ 🐸,The Big Gronkowski,2020-W01-01,1,147.86,85.4,Bears,DEF,DEF,True,False,False,,3.0,,Bears,DEF,,399.p.100003,100003,Chi,yahoo_fantasy_api
2020,1,,1,api,Patty Primetimes,Post Mahomes,2020-W01-06,6,105.7,100.4,Lamar Jackson,QB,QB,True,False,False,,33.5,,Lamar Jackson,QB,,399.p.31002,31002,Bal,yahoo_fantasy_api
2020,1,,2,api,Patty Primetimes,Post Mahomes,2020-W01-06,6,105.7,100.4,Tyler Lockett,WR,WR,True,False,False,,13.2,,Tyler Lockett,WR,,399.p.28457,28457,LV,yahoo_fantasy_api
2020,1,,3,api,Patty Primetimes,Post Mahomes,2020-W01-06,6,105.7,100.4,T.Y. Hilton,WR,WR,True,False,False,,7.3,,T.Y. Hilton,WR,,399.p.25802,25802,Dal,yahoo_fantasy_api
2020,1,,4,api,Patty Primetimes,Post Mahomes,2020-W01-06,6,105.7,100.4,Nick Chubb,RB,RB,True,False,False,,5.1,,Nick Chubb,RB,,399.p.31005,31005,Hou,yahoo_fantasy_api
2020,1,,5,api,Patty Primetimes,Post Mahomes,2020-W01-06,6,105.7,100.4,Austin Ekeler,RB,RB,True,False,False,,9.2,,Austin Ekeler,RB,,399.p.30423,30423,Was,yahoo_fantasy_api
2020,1,,6,api,Patty Primetimes,Post Mahomes,2020-W01-06,6,105.7,100.4,Mark Andrews,TE,TE,True,False,False,,20.3,,Mark Andrews,TE,,399.p.31056,31056,Bal,yahoo_fantasy_api
2020,1,,7,api,Patty Primetimes,Post Mahomes,2020-W01-06,6,105.7,100.4,Rob Gronkowski,TE,W/R/T,True,False,False,,2.1,,Rob Gronkowski,TE,,399.p.24017,24017,TB,yahoo_fantasy_api
2020,1,,8,api,Patty Primetimes,Post Mahomes,2020-W01-06,6,105.7,100.4,Christian Kirk,WR,BN,False,True,False,,0.5,,Christian Kirk,WR,,399.p.31017,31017,SF,yahoo_fantasy_api
2020,1,,9,api,Patty Primetimes,Post Mahomes,2020-W01-06,6,105.7,100.4,J.K. Dobbins,RB,BN,False,True,False,,14.2,,J.K. Dobbins,RB,,399.p.32725,32725,Den,yahoo_fantasy_api
2020,1,,10,api,Patty Primetimes,Post Mahomes,2020-W01-06,6,105.7,100.4,Matthew Stafford,QB,BN,False,True,False,,19.18,,Matthew Stafford,QB,,399.p.9265,9265,LAR,yahoo_fantasy_api
2020,1,,11,api,Patty Primetimes,Post Mahomes,2020-W01-06,6,105.7,100.4,Golden Tate,WR,BN,False,True,False,,0.0,,Golden Tate,WR,,399.p.24035,24035,Ten,yahoo_fantasy_api
2020,1,,12,api,Patty Primetimes,Post Mahomes,2020-W01-06,6,105.7,100.4,Adrian Peterson,RB,BN,False,True,False,,12.9,,Adrian Peterson,RB,,399.p.8261,8261,Sea,yahoo_fantasy_api
2020,1,,13,api,Patty Primetimes,Post Mahomes,2020-W01-06,6,105.7,100.4,Chase Edmonds,RB,BN,False,True,False,,12.0,,Chase Edmonds,RB,,399.p.31104,31104,Was,yahoo_fantasy_api
2020,1,,14,api,Patty Primetimes,Post Mahomes,2020-W01-06,6,105.7,100.4,Michael Badgley,K,K,True,False,False,,11.0,,Michael Badgley,K,,399.p.31366,31366,Ind,yahoo_fantasy_api
2020,1,,15,api,Patty Primetimes,Post Mahomes,2020-W01-06,6,105.7,100.4,Colts,DEF,DEF,True,False,False,,4.0,,Colts,DEF,,399.p.100011,100011,Ind,yahoo_fantasy_api
2020,1,,1,api,Pop Lockett Drop it,Ginger FC 🏆🏆,2020-W01-05,5,149.56,137.88,Aaron Rodgers,QB,QB,True,False,False,,38.76,,Aaron Rodgers,QB,,399.p.7200,7200,Pit,yahoo_fantasy_api
2020,1,,2,api,Pop Lockett Drop it,Ginger FC 🏆🏆,2020-W01-05,5,149.56,137.88,Julio Jones,WR,WR,True,False,False,,20.2,,Julio Jones,WR,,399.p.24793,24793,Phi,yahoo_fantasy_api
2020,1,,3,api,Pop Lockett Drop it,Ginger FC 🏆🏆,2020-W01-05,5,149.56,137.88,Will Fuller V,WR,WR,True,False,False,,15.2,,Will Fuller V,WR,,399.p.29255,29255,Mia,yahoo_fantasy_api
2020,1,,4,api,Pop Lockett Drop it,Ginger FC 🏆🏆,2020-W01-05,5,149.56,137.88,David Johnson,RB,RB,True,False,False,,18.4,,David Johnson,RB,,399.p.28474,28474,NO,yahoo_fantasy_api
2020,1,,5,api,Pop Lockett Drop it,Ginger FC 🏆🏆,2020-W01-05,5,149.56,137.88,Josh Jacobs,RB,RB,True,False,False,,33.9,,Josh Jacobs,RB,,399.p.31856,31856,GB,yahoo_fantasy_api
2020,1,,6,api,Pop Lockett Drop it,Ginger FC 🏆🏆,2020-W01-05,5,149.56,137.88,Austin Hooper,TE,TE,True,False,False,,2.5,,Austin Hooper,TE,,399.p.29315,29315,Atl,yahoo_fantasy_api
2020,1,,7,api,Pop Lockett Drop it,Ginger FC 🏆🏆,2020-W01-05,5,149.56,137.88,Stefon Diggs,WR,W/R/T,True,False,False,,12.6,,Stefon Diggs,WR,,399.p.28534,28534,Was,yahoo_fantasy_api
2020,1,,8,api,Pop Lockett Drop it,Ginger FC 🏆🏆,2020-W01-05,5,149.56,137.88,Courtland Sutton,WR,BN,False,True,False,,0.0,,Courtland Sutton,WR,,399.p.31010,31010,Den,yahoo_fantasy_api
2020,1,,9,api,Pop Lockett Drop it,Ginger FC 🏆🏆,2020-W01-05,5,149.56,137.88,Henry Ruggs III,WR,BN,False,True,False,,8.1,,Henry Ruggs III,WR,,399.p.32682,32682,LV,yahoo_fantasy_api
2020,1,,10,api,Pop Lockett Drop it,Ginger FC 🏆🏆,2020-W01-05,5,149.56,137.88,Emmanuel Sanders,WR,BN,False,True,False,,9.0,,Emmanuel Sanders,WR,,399.p.24057,24057,Buf,yahoo_fantasy_api
2020,1,,11,api,Pop Lockett Drop it,Ginger FC 🏆🏆,2020-W01-05,5,149.56,137.88,Justin Jefferson,WR,BN,False,True,False,,3.6,,Justin Jefferson,WR,,399.p.32692,32692,Min,yahoo_fantasy_api
2020,1,,12,api,Pop Lockett Drop it,Ginger FC 🏆🏆,2020-W01-05,5,149.56,137.88,Daniel Jones,QB,BN,False,True,False,,23.36,,Daniel Jones,QB,,399.p.31838,31838,Ind,yahoo_fantasy_api
2020,1,,13,api,Pop Lockett Drop it,Ginger FC 🏆🏆,2020-W01-05,5,149.56,137.88,James Robinson,RB,BN,False,True,False,,9.5,,James Robinson,RB,,399.p.33138,33138,NO,yahoo_fantasy_api
2020,1,,14,api,Pop Lockett Drop it,Ginger FC 🏆🏆,2020-W01-05,5,149.56,137.88,Mason Crosby,K,K,True,False,False,,12.0,,Mason Crosby,K,,399.p.8447,8447,NYG,yahoo_fantasy_api
2020,1,,15,api,Pop Lockett Drop it,Ginger FC 🏆🏆,2020-W01-05,5,149.56,137.88,Vikings,DEF,DEF,True,False,False,,-4.0,,Vikings,DEF,,399.p.100016,100016,Min,yahoo_fantasy_api
2020,1,,1,api,Post Mahomes,Patty Primetimes,2020-W01-06,6,100.4,105.7,Carson Wentz,QB,QB,True,False,False,,19.0,,Carson Wentz,QB,,399.p.29236,29236,Min,yahoo_fantasy_api
2020,1,,2,api,Post Mahomes,Patty Primetimes,2020-W01-06,6,100.4,105.7,DJ Moore,WR,WR,True,False,False,,7.4,,DJ Moore,WR,,399.p.30994,30994,Buf,yahoo_fantasy_api
2020,1,,3,api,Post Mahomes,Patty Primetimes,2020-W01-06,6,100.4,105.7,A.J. Green,WR,WR,True,False,False,,7.6,,A.J. Green,WR,,399.p.24791,24791,Ari,yahoo_fantasy_api
2020,1,,4,api,Post Mahomes,Patty Primetimes,2020-W01-06,6,100.4,105.7,Chris Carson,RB,RB,True,False,False,,21.6,,Chris Carson,RB,,399.p.30362,30362,Sea,yahoo_fantasy_api
2020,1,,5,api,Post Mahomes,Patty Primetimes,2020-W01-06,6,100.4,105.7,Saquon Barkley,RB,RB,True,False,False,,9.6,,Saquon Barkley,RB,,399.p.30972,30972,Phi,yahoo_fantasy_api
2020,1,,6,api,Post Mahomes,Patty Primetimes,2020-W01-06,6,100.4,105.7,Hayden Hurst,TE,TE,True,False,False,,5.3,,Hayden Hurst,TE,,399.p.30995,30995,LAC,yahoo_fantasy_api
2020,1,,7,api,Post Mahomes,Patty Primetimes,2020-W01-06,6,100.4,105.7,Robert Woods,WR,W/R/T,True,False,False,,14.9,,Robert Woods,WR,,399.p.26664,26664,Pit,yahoo_fantasy_api
2020,1,,8,api,Post Mahomes,Patty Primetimes,2020-W01-06,6,100.4,105.7,David Montgomery,RB,BN,False,True,False,,7.9,,David Montgomery,RB,,399.p.31905,31905,Hou,yahoo_fantasy_api
2020,1,,9,api,Post Mahomes,Patty Primetimes,2020-W01-06,6,100.4,105.7,Kenny Golladay,WR,BN,False,True,False,,0.0,,Kenny Golladay,WR,,399.p.30209,30209,NYG,yahoo_fantasy_api
2020,1,,10,api,Post Mahomes,Patty Primetimes,2020-W01-06,6,100.4,105.7,Kyler Murray,QB,BN,False,True,False,,29.3,,Kyler Murray,QB,,399.p.31833,31833,Min,yahoo_fantasy_api
2020,1,,11,api,Post Mahomes,Patty Primetimes,2020-W01-06,6,100.4,105.7,Phillip Lindsay,RB,BN,False,True,False,,4.0,,Phillip Lindsay,RB,,399.p.31379,31379,Ind,yahoo_fantasy_api
2020,1,,12,api,Post Mahomes,Patty Primetimes,2020-W01-06,6,100.4,105.7,Noah Fant,TE,BN,False,True,False,,16.6,,Noah Fant,TE,,399.p.31852,31852,NO,yahoo_fantasy_api
2020,1,,13,api,Post Mahomes,Patty Primetimes,2020-W01-06,6,100.4,105.7,Darrell Henderson Jr.,RB,BN,False,True,False,,0.6,,Darrell Henderson Jr.,RB,,399.p.31902,31902,LAR,yahoo_fantasy_api
2020,1,,14,api,Post Mahomes,Patty Primetimes,2020-W01-06,6,100.4,105.7,Matt Prater,K,K,True,False,False,,12.0,,Matt Prater,K,,399.p.8565,8565,Buf,yahoo_fantasy_api
2020,1,,15,api,Post Mahomes,Patty Primetimes,2020-W01-06,6,100.4,105.7,Eagles,DEF,DEF,True,False,False,,3.0,,Eagles,DEF,,399.p.100021,100021,Phi,yahoo_fantasy_api
2020,1,,1,api,The Big Gronkowski,Malle ❤️ 🐸,2020-W01-01,1,85.4,147.86,Drew Brees,QB,QB,True,False,False,,18.4,,Drew Brees,QB,,399.p.5479,5479,NO,yahoo_fantasy_api
2020,1,,2,api,The Big Gronkowski,Malle ❤️ 🐸,2020-W01-01,1,85.4,147.86,Allen Robinson,WR,WR,True,False,False,,9.8,,Allen Robinson,WR,,399.p.27589,27589,Det,yahoo_fantasy_api
2020,1,,3,api,The Big Gronkowski,Malle ❤️ 🐸,2020-W01-01,1,85.4,147.86,Cooper Kupp,WR,WR,True,False,False,,6.0,,Cooper Kupp,WR,,399.p.30182,30182,Sea,yahoo_fantasy_api
2020,1,,4,api,The Big Gronkowski,Malle ❤️ 🐸,2020-W01-01,1,85.4,147.86,Dalvin Cook,RB,RB,True,False,False,,21.3,,Dalvin Cook,RB,,399.p.30154,30154,Dal,yahoo_fantasy_api
2020,1,,5,api,The Big Gronkowski,Malle ❤️ 🐸,2020-W01-01,1,85.4,147.86,James Conner,RB,RB,True,False,False,,2.7,,James Conner,RB,,399.p.30218,30218,Ari,yahoo_fantasy_api
2020,1,,6,api,The Big Gronkowski,Malle ❤️ 🐸,2020-W01-01,1,85.4,147.86,Darren Waller,TE,TE,True,False,False,,7.5,,Darren Waller,TE,,399.p.28592,28592,Car,yahoo_fantasy_api
2020,1,,7,api,The Big Gronkowski,Malle ❤️ 🐸,2020-W01-01,1,85.4,147.86,Keenan Allen,WR,W/R/T,True,False,False,,5.7,,Keenan Allen,WR,,399.p.26699,26699,Ind,yahoo_fantasy_api
2020,1,,8,api,The Big Gronkowski,Malle ❤️ 🐸,2020-W01-01,1,85.4,147.86,Ronald Jones,RB,BN,False,True,False,,9.2,,Ronald Jones,RB,,399.p.31008,31008,Dal,yahoo_fantasy_api
2020,1,,9,api,The Big Gronkowski,Malle ❤️ 🐸,2020-W01-01,1,85.4,147.86,Sterling Shepard,WR,BN,False,True,False,,7.7,,Sterling Shepard,WR,,399.p.29274,29274,NYJ,yahoo_fantasy_api
2020,1,,10,api,The Big Gronkowski,Malle ❤️ 🐸,2020-W01-01,1,85.4,147.86,Darius Slayton,WR,BN,False,True,False,,25.2,,Darius Slayton,WR,,399.p.32003,32003,Ind,yahoo_fantasy_api
2020,1,,11,api,The Big Gronkowski,Malle ❤️ 🐸,2020-W01-01,1,85.4,147.86,Jared Goff,QB,BN,False,True,False,,11.5,,Jared Goff,QB,,399.p.29235,29235,Det,yahoo_fantasy_api
2020,1,,12,api,The Big Gronkowski,Malle ❤️ 🐸,2020-W01-01,1,85.4,147.86,Boston Scott,RB,BN,False,True,False,,6.4,,Boston Scott,RB,,399.p.31171,31171,Pit,yahoo_fantasy_api
2020,1,,13,api,The Big Gronkowski,Malle ❤️ 🐸,2020-W01-01,1,85.4,147.86,Jonnu Smith,TE,BN,False,True,False,,11.6,,Jonnu Smith,TE,,399.p.30213,30213,GB,yahoo_fantasy_api
2020,1,,14,api,The Big Gronkowski,Malle ❤️ 🐸,2020-W01-01,1,85.4,147.86,Wil Lutz,K,K,True,False,False,,10.0,,Wil Lutz,K,,399.p.29754,29754,Den,yahoo_fantasy_api
2020,1,,15,api,The Big Gronkowski,Malle ❤️ 🐸,2020-W01-01,1,85.4,147.86,49ers,DEF,DEF,True,False,False,,4.0,,49ers,DEF,,399.p.100025,100025,SF,yahoo_fantasy_api
2020,1,,1,api,ThreatLevelMidnight,Big Sack Jack,2020-W01-04,4,135.8,115.44,Matt Ryan,QB,QB,True,False,False,,28.9,,Matt Ryan,QB,,399.p.8780,8780,Ind,yahoo_fantasy_api
2020,1,,2,api,ThreatLevelMidnight,Big Sack Jack,2020-W01-04,4,135.8,115.44,Davante Adams,WR,WR,True,False,False,,34.6,,Davante Adams,WR,,399.p.27581,27581,LAR,yahoo_fantasy_api
2020,1,,3,api,ThreatLevelMidnight,Big Sack Jack,2020-W01-04,4,135.8,115.44,A.J. Brown,WR,WR,True,False,False,,6.4,,A.J. Brown,WR,,399.p.31883,31883,NE,yahoo_fantasy_api
2020,1,,4,api,ThreatLevelMidnight,Big Sack Jack,2020-W01-04,4,135.8,115.44,Joe Mixon,RB,RB,True,False,False,,5.6,,Joe Mixon,RB,,399.p.30161,30161,Hou,yahoo_fantasy_api
2020,1,,5,api,ThreatLevelMidnight,Big Sack Jack,2020-W01-04,4,135.8,115.44,Raheem Mostert,RB,RB,True,False,False,,23.1,,Raheem Mostert,RB,,399.p.28654,28654,LV,yahoo_fantasy_api
2020,1,,6,api,ThreatLevelMidnight,Big Sack Jack,2020-W01-04,4,135.8,115.44,Chris Herndon,TE,TE,True,False,False,,4.7,,Chris Herndon,TE,,399.p.31077,31077,Min,yahoo_fantasy_api
2020,1,,7,api,ThreatLevelMidnight,Big Sack Jack,2020-W01-04,4,135.8,115.44,Michael Gallup,WR,W/R/T,True,False,False,,6.5,,Michael Gallup,WR,,399.p.31051,31051,Was,yahoo_fantasy_api
2020,1,,8,api,ThreatLevelMidnight,Big Sack Jack,2020-W01-04,4,135.8,115.44,Tyler Boyd,WR,BN,False,True,False,,5.3,,Tyler Boyd,WR,,399.p.29288,29288,Ten,yahoo_fantasy_api
2020,1,,9,api,ThreatLevelMidnight,Big Sack Jack,2020-W01-04,4,135.8,115.44,Marvin Jones Jr.,WR,BN,False,True,False,,7.5,,Marvin Jones Jr.,WR,,399.p.25876,25876,Det,yahoo_fantasy_api
2020,1,,10,api,ThreatLevelMidnight,Big Sack Jack,2020-W01-04,4,135.8,115.44,Kerryon Johnson,RB,BN,False,True,False,,1.4,,Kerryon Johnson,RB,,399.p.31013,31013,SF,yahoo_fantasy_api
2020,1,,11,api,ThreatLevelMidnight,Big Sack Jack,2020-W01-04,4,135.8,115.44,Tony Pollard,RB,BN,False,True,False,,4.2,,Tony Pollard,RB,,399.p.31960,31960,Ten,yahoo_fantasy_api
2020,1,,12,api,ThreatLevelMidnight,Big Sack Jack,2020-W01-04,4,135.8,115.44,Mike Williams,WR,BN,False,True,False,,8.9,,Mike Williams,WR,,399.p.30120,30120,Pit,yahoo_fantasy_api
2020,1,,13,api,ThreatLevelMidnight,Big Sack Jack,2020-W01-04,4,135.8,115.44,Malcolm Brown,RB,BN,False,True,False,,24.5,,Malcolm Brown,RB,,399.p.28990,28990,LAR,yahoo_fantasy_api
2020,1,,14,api,ThreatLevelMidnight,Big Sack Jack,2020-W01-04,4,135.8,115.44,Jason Myers,K,K,True,False,False,,9.0,,Jason Myers,K,,399.p.28378,28378,Sea,yahoo_fantasy_api
2020,1,,15,api,ThreatLevelMidnight,Big Sack Jack,2020-W01-04,4,135.8,115.44,Saints,DEF,DEF,True,False,False,,17.0,,Saints,DEF,,399.p.100018,100018,NO,yahoo_fantasy_api
2020,1,,1,api,Uncle Rico,Voldemort,2020-W01-02,2,91.28,91.14,Josh Allen,QB,QB,True,False,False,,32.18,,Josh Allen,QB,,399.p.30977,30977,Buf,yahoo_fantasy_api
2020,1,,2,api,Uncle Rico,Voldemort,2020-W01-02,2,91.28,91.14,Michael Thomas,WR,WR,True,False,False,,3.2,,Michael Thomas,WR,,399.p.29281,29281,NO,yahoo_fantasy_api
2020,1,,3,api,Uncle Rico,Voldemort,2020-W01-02,2,91.28,91.14,Chris Godwin Jr.,WR,WR,True,False,False,,10.9,,Chris Godwin Jr.,WR,,399.p.30197,30197,TB,yahoo_fantasy_api
2020,1,,4,api,Uncle Rico,Voldemort,2020-W01-02,2,91.28,91.14,Derrick Henry,RB,RB,True,False,False,,14.6,,Derrick Henry,RB,,399.p.29279,29279,Bal,yahoo_fantasy_api
2020,1,,5,api,Uncle Rico,Voldemort,2020-W01-02,2,91.28,91.14,Antonio Gibson,RB,RB,True,False,False,,5.4,,Antonio Gibson,RB,,399.p.32736,32736,NE,yahoo_fantasy_api
2020,1,,6,api,Uncle Rico,Voldemort,2020-W01-02,2,91.28,91.14,Zach Ertz,TE,TE,True,False,False,,9.3,,Zach Ertz,TE,,399.p.26658,26658,Phi,yahoo_fantasy_api
2020,1,,7,api,Uncle Rico,Voldemort,2020-W01-02,2,91.28,91.14,Diontae Johnson,WR,W/R/T,True,False,False,,6.7,,Diontae Johnson,WR,,399.p.31898,31898,Cle,yahoo_fantasy_api
2020,1,,8,api,Uncle Rico,Voldemort,2020-W01-02,2,91.28,91.14,D'Andre Swift,RB,BN,False,True,False,,9.8,,D'Andre Swift,RB,,399.p.32705,32705,Chi,yahoo_fantasy_api
2020,1,,9,api,Uncle Rico,Voldemort,2020-W01-02,2,91.28,91.14,Tevin Coleman,RB,BN,False,True,False,,2.9,,Tevin Coleman,RB,,399.p.28461,28461,SF,yahoo_fantasy_api
2020,1,,10,api,Uncle Rico,Voldemort,2020-W01-02,2,91.28,91.14,Jamison Crowder,WR,BN,False,True,False,,21.0,,Jamison Crowder,WR,,399.p.28493,28493,Was,yahoo_fantasy_api
2020,1,,11,api,Uncle Rico,Voldemort,2020-W01-02,2,91.28,91.14,Cam Newton,QB,BN,False,True,False,,25.7,,Cam Newton,QB,,399.p.24788,24788,Car,yahoo_fantasy_api
2020,1,,12,api,Uncle Rico,Voldemort,2020-W01-02,2,91.28,91.14,Mike Gesicki,TE,BN,False,True,False,,4.5,,Mike Gesicki,TE,,399.p.31012,31012,Cin,yahoo_fantasy_api
2020,1,,13,api,Uncle Rico,Voldemort,2020-W01-02,2,91.28,91.14,Darrynton Evans,RB,BN,False,True,False,,0.0,,Darrynton Evans,RB,,399.p.32763,32763,Buf,yahoo_fantasy_api
2020,1,,14,api,Uncle Rico,Voldemort,2020-W01-02,2,91.28,91.14,Jake Elliott,K,K,True,False,False,,5.0,,Jake Elliott,K,,399.p.30266,30266,Phi,yahoo_fantasy_api
2020,1,,15,api,Uncle Rico,Voldemort,2020-W01-02,2,91.28,91.14,Rams,DEF,DEF,True,False,False,,4.0,,Rams,DEF,,399.p.100014,100014,LAR,yahoo_fantasy_api
2020,1,,1,api,Voldemort,Uncle Rico,2020-W01-02,2,91.14,91.28,Dak Prescott,QB,QB,True,False,False,,19.64,,Dak Prescott,QB,,399.p.29369,29369,Dal,yahoo_fantasy_api
2020,1,,2,api,Voldemort,Uncle Rico,2020-W01-02,2,91.14,91.28,Tyreek Hill,WR,WR,True,False,False,,13.1,,Tyreek Hill,WR,,399.p.29399,29399,Mia,yahoo_fantasy_api
2020,1,,3,api,Voldemort,Uncle Rico,2020-W01-02,2,91.14,91.28,Terry McLaurin,WR,WR,True,False,False,,8.6,,Terry McLaurin,WR,,399.p.31908,31908,Was,yahoo_fantasy_api
2020,1,,4,api,Voldemort,Uncle Rico,2020-W01-02,2,91.14,91.28,Kenyan Drake,RB,RB,True,False,False,,13.5,,Kenyan Drake,RB,,399.p.29307,29307,Bal,yahoo_fantasy_api
2020,1,,5,api,Voldemort,Uncle Rico,2020-W01-02,2,91.14,91.28,Mark Ingram II,RB,RB,True,False,False,,2.9,,Mark Ingram II,RB,,399.p.24815,24815,NO,yahoo_fantasy_api
2020,1,,6,api,Voldemort,Uncle Rico,2020-W01-02,2,91.14,91.28,Tyler Higbee,TE,TE,True,False,False,,5.5,,Tyler Higbee,TE,,399.p.29344,29344,LAR,yahoo_fantasy_api
2020,1,,7,api,Voldemort,Uncle Rico,2020-W01-02,2,91.14,91.28,Jonathan Taylor,RB,W/R/T,True,False,False,,11.9,,Jonathan Taylor,RB,,399.p.32711,32711,Ind,yahoo_fantasy_api
2020,1,,8,api,Voldemort,Uncle Rico,2020-W01-02,2,91.14,91.28,Brandin Cooks,WR,BN,False,True,False,,3.0,,Brandin Cooks,WR,,399.p.27548,27548,SF,yahoo_fantasy_api
2020,1,,9,api,Voldemort,Uncle Rico,2020-W01-02,2,91.14,91.28,Leonard Fournette,RB,BN,False,True,False,,2.4,,Leonard Fournette,RB,,399.p.30117,30117,Buf,yahoo_fantasy_api
2020,1,,10,api,Voldemort,Uncle Rico,2020-W01-02,2,91.14,91.28,John Brown,WR,BN,False,True,False,,16.0,,John Brown,WR,,399.p.27619,27619,Buf,yahoo_fantasy_api
2020,1,,11,api,Voldemort,Uncle Rico,2020-W01-02,2,91.14,91.28,Alexander Mattison,RB,BN,False,True,False,,10.0,,Alexander Mattison,RB,,399.p.31934,31934,Mia,yahoo_fantasy_api
2020,1,,12,api,Voldemort,Uncle Rico,2020-W01-02,2,91.14,91.28,T.J. Hockenson,TE,BN,False,True,False,,14.1,,T.J. Hockenson,TE,,399.p.31840,31840,Min,yahoo_fantasy_api
2020,1,,13,api,Voldemort,Uncle Rico,2020-W01-02,2,91.14,91.28,Jerick McKinnon,RB,BN,False,True,False,,11.9,,Jerick McKinnon,RB,,399.p.27624,27624,KC,yahoo_fantasy_api
2020,1,,14,api,Voldemort,Uncle Rico,2020-W01-02,2,91.14,91.28,Younghoe Koo,K,K,True,False,False,,9.0,,Younghoe Koo,K,,399.p.30426,30426,NYG,yahoo_fantasy_api
2020,1,,15,api,Voldemort,Uncle Rico,2020-W01-02,2,91.14,91.28,Chiefs,DEF,DEF,True,False,False,,7.0,,Chiefs,DEF,,399.p.100012,100012,KC,yahoo_fantasy_api
2020,1,,1,api,malle_dips_pouches,Joe Mantegna,2020-W01-03,3,115.36,124.72,Ryan Tannehill,QB,QB,True,False,False,,23.36,,Ryan Tannehill,QB,,399.p.25718,25718,Ten,yahoo_fantasy_api
2020,1,,2,api,malle_dips_pouches,Joe Mantegna,2020-W01-03,3,115.36,124.72,DeAndre Hopkins,WR,WR,True,False,False,,22.1,,DeAndre Hopkins,WR,,399.p.26650,26650,Bal,yahoo_fantasy_api
2020,1,,3,api,malle_dips_pouches,Joe Mantegna,2020-W01-03,3,115.36,124.72,Amari Cooper,WR,WR,True,False,False,,13.1,,Amari Cooper,WR,,399.p.28392,28392,Buf,yahoo_fantasy_api
2020,1,,4,api,malle_dips_pouches,Joe Mantegna,2020-W01-03,3,115.36,124.72,Aaron Jones Sr.,RB,RB,True,False,False,,15.6,,Aaron Jones Sr.,RB,,399.p.30295,30295,Min,yahoo_fantasy_api
2020,1,,5,api,malle_dips_pouches,Joe Mantegna,2020-W01-03,3,115.36,124.72,Le'Veon Bell,RB,RB,True,False,False,,5.6,,Le'Veon Bell,RB,,399.p.26671,26671,TB,yahoo_fantasy_api
2020,1,,6,api,malle_dips_pouches,Joe Mantegna,2020-W01-03,3,115.36,124.72,Hunter Henry,TE,TE,True,False,False,,9.8,,Hunter Henry,TE,,399.p.29269,29269,NE,yahoo_fantasy_api
2020,1,,7,api,malle_dips_pouches,Joe Mantegna,2020-W01-03,3,115.36,124.72,Devin Singletary,RB,W/R/T,True,False,False,,7.8,,Devin Singletary,RB,,399.p.31906,31906,NYG,yahoo_fantasy_api
2020,1,,8,api,malle_dips_pouches,Joe Mantegna,2020-W01-03,3,115.36,124.72,Deebo Samuel Sr.,WR,BN,False,True,False,,0.0,,Deebo Samuel Sr.,WR,,399.p.31868,31868,SF,yahoo_fantasy_api
2020,1,,9,api,malle_dips_pouches,Joe Mantegna,2020-W01-03,3,115.36,124.72,Mecole Hardman Jr.,WR,BN,False,True,False,,1.1,,Mecole Hardman Jr.,WR,,399.p.31888,31888,Buf,yahoo_fantasy_api
2020,1,,10,api,malle_dips_pouches,Joe Mantegna,2020-W01-03,3,115.36,124.72,Jerry Jeudy,WR,BN,False,True,False,,7.6,,Jerry Jeudy,WR,,399.p.32685,32685,Cle,yahoo_fantasy_api
2020,1,,11,api,malle_dips_pouches,Joe Mantegna,2020-W01-03,3,115.36,124.72,Marlon Mack,RB,BN,False,True,False,,7.1,,Marlon Mack,RB,,399.p.30256,30256,Ari,yahoo_fantasy_api
2020,1,,12,api,malle_dips_pouches,Joe Mantegna,2020-W01-03,3,115.36,124.72,Eric Ebron,TE,BN,False,True,False,,2.3,,Eric Ebron,TE,,399.p.27538,27538,Pit,yahoo_fantasy_api
2020,1,,13,api,malle_dips_pouches,Joe Mantegna,2020-W01-03,3,115.36,124.72,Derek Carr,QB,BN,False,True,False,,15.56,,Derek Carr,QB,,399.p.27564,27564,NO,yahoo_fantasy_api
2020,1,,14,api,malle_dips_pouches,Joe Mantegna,2020-W01-03,3,115.36,124.72,Robbie Gould,K,K,True,False,False,,10.0,,Robbie Gould,K,,399.p.7520,7520,SF,yahoo_fantasy_api
2020,1,,15,api,malle_dips_pouches,Joe Mantegna,2020-W01-03,3,115.36,124.72,Bills,DEF,DEF,True,False,False,,8.0,,Bills,DEF,,399.p.100002,100002,Buf,yahoo_fantasy_api
2020,2,,1,api,Big Sack Jack,Pop Lockett Drop it,2020-W02-05,5,131.38,89.9,Patrick Mahomes,QB,QB,True,False,False,,31.48,,Patrick Mahomes,QB,,399.p.30123,30123,KC,yahoo_fantasy_api
2020,2,,2,api,Big Sack Jack,Pop Lockett Drop it,2020-W02-05,5,131.38,89.9,Hollywood Brown,WR,WR,True,False,False,,6.7,,Hollywood Brown,WR,,399.p.31857,31857,Phi,yahoo_fantasy_api
2020,2,,3,api,Big Sack Jack,Pop Lockett Drop it,2020-W02-05,5,131.38,89.9,Keenan Allen,WR,WR,True,False,False,,13.1,,Keenan Allen,WR,,399.p.26699,26699,Ind,yahoo_fantasy_api
2020,2,,4,api,Big Sack Jack,Pop Lockett Drop it,2020-W02-05,5,131.38,89.9,Ezekiel Elliott,RB,RB,True,False,False,,19.2,,Ezekiel Elliott,RB,,399.p.29238,29238,Dal,yahoo_fantasy_api
2020,2,,5,api,Big Sack Jack,Pop Lockett Drop it,2020-W02-05,5,131.38,89.9,Melvin Gordon III,RB,RB,True,False,False,,15.4,,Melvin Gordon III,RB,,399.p.28403,28403,Bal,yahoo_fantasy_api
2020,2,,6,api,Big Sack Jack,Pop Lockett Drop it,2020-W02-05,5,131.38,89.9,Dallas Goedert,TE,TE,True,False,False,,5.0,,Dallas Goedert,TE,,399.p.31019,31019,Phi,yahoo_fantasy_api
2020,2,,7,api,Big Sack Jack,Pop Lockett Drop it,2020-W02-05,5,131.38,89.9,CeeDee Lamb,WR,W/R/T,True,False,False,,14.5,,CeeDee Lamb,WR,,399.p.32687,32687,Dal,yahoo_fantasy_api
2020,2,,8,api,Big Sack Jack,Pop Lockett Drop it,2020-W02-05,5,131.38,89.9,Evan Engram,TE,BN,False,True,False,,9.5,,Evan Engram,TE,,399.p.30136,30136,Den,yahoo_fantasy_api
2020,2,,9,api,Big Sack Jack,Pop Lockett Drop it,2020-W02-05,5,131.38,89.9,Sammy Watkins,WR,BN,False,True,False,,1.6,,Sammy Watkins,WR,,399.p.27532,27532,Bal,yahoo_fantasy_api
2020,2,,10,api,Big Sack Jack,Pop Lockett Drop it,2020-W02-05,5,131.38,89.9,Julian Edelman,WR,BN,False,True,False,,21.9,,Julian Edelman,WR,,399.p.9496,9496,NE,yahoo_fantasy_api
2020,2,,11,api,Big Sack Jack,Pop Lockett Drop it,2020-W02-05,5,131.38,89.9,James White,RB,BN,False,True,False,,0.0,,James White,RB,,399.p.27658,27658,NE,yahoo_fantasy_api
2020,2,,12,api,Big Sack Jack,Pop Lockett Drop it,2020-W02-05,5,131.38,89.9,Anthony Miller,WR,BN,False,True,False,,0.0,,Anthony Miller,WR,,399.p.31021,31021,Bal,yahoo_fantasy_api
2020,2,,13,api,Big Sack Jack,Pop Lockett Drop it,2020-W02-05,5,131.38,89.9,Baker Mayfield,QB,BN,False,True,False,,20.26,,Baker Mayfield,QB,,399.p.30971,30971,TB,yahoo_fantasy_api
2020,2,,14,api,Big Sack Jack,Pop Lockett Drop it,2020-W02-05,5,131.38,89.9,Greg Zuerlein,K,K,True,False,False,,11.0,,Greg Zuerlein,K,,399.p.25881,25881,NYJ,yahoo_fantasy_api
2020,2,,15,api,Big Sack Jack,Pop Lockett Drop it,2020-W02-05,5,131.38,89.9,Ravens,DEF,DEF,True,False,False,,15.0,,Ravens,DEF,,399.p.100033,100033,Bal,yahoo_fantasy_api
2020,2,,1,api,Ginger FC 🏆🏆,Post Mahomes,2020-W02-06,6,145.92,126.44,Russell Wilson,QB,QB,True,False,False,,44.42,,Russell Wilson,QB,,399.p.25785,25785,NYG,yahoo_fantasy_api
2020,2,,2,api,Ginger FC 🏆🏆,Post Mahomes,2020-W02-06,6,145.92,126.44,DK Metcalf,WR,WR,True,False,False,,17.2,,DK Metcalf,WR,,399.p.31896,31896,Pit,yahoo_fantasy_api
2020,2,,3,api,Ginger FC 🏆🏆,Post Mahomes,2020-W02-06,6,145.92,126.44,Mike Evans,WR,WR,True,False,False,,19.9,,Mike Evans,WR,,399.p.27535,27535,SF,yahoo_fantasy_api
2020,2,,4,api,Ginger FC 🏆🏆,Post Mahomes,2020-W02-06,6,145.92,126.44,Christian McCaffrey,RB,RB,True,False,False,,22.8,,Christian McCaffrey,RB,,399.p.30121,30121,SF,yahoo_fantasy_api
2020,2,,5,api,Ginger FC 🏆🏆,Post Mahomes,2020-W02-06,6,145.92,126.44,Cam Akers,RB,RB,True,False,False,,1.3,,Cam Akers,RB,,399.p.32722,32722,Sea,yahoo_fantasy_api
2020,2,,6,api,Ginger FC 🏆🏆,Post Mahomes,2020-W02-06,6,145.92,126.44,Jared Cook,TE,TE,True,False,False,,8.3,,Jared Cook,TE,,399.p.9353,9353,LAC,yahoo_fantasy_api
2020,2,,7,api,Ginger FC 🏆🏆,Post Mahomes,2020-W02-06,6,145.92,126.44,Allen Lazard,WR,W/R/T,True,False,False,,6.0,,Allen Lazard,WR,,399.p.31268,31268,NYJ,yahoo_fantasy_api
2020,2,,8,api,Ginger FC 🏆🏆,Post Mahomes,2020-W02-06,6,145.92,126.44,Sony Michel,RB,BN,False,True,False,,1.9,,Sony Michel,RB,,399.p.31001,31001,LAC,yahoo_fantasy_api
2020,2,,9,api,Ginger FC 🏆🏆,Post Mahomes,2020-W02-06,6,145.92,126.44,DeVante Parker,WR,BN,False,True,False,,13.8,,DeVante Parker,WR,,399.p.28402,28402,NE,yahoo_fantasy_api
2020,2,,10,api,Ginger FC 🏆🏆,Post Mahomes,2020-W02-06,6,145.92,126.44,Jimmy Garoppolo,QB,BN,False,True,False,,17.24,,Jimmy Garoppolo,QB,,399.p.27590,27590,LAR,yahoo_fantasy_api
2020,2,,11,api,Ginger FC 🏆🏆,Post Mahomes,2020-W02-06,6,145.92,126.44,Brandon Aiyuk,WR,BN,False,True,False,,3.1,,Brandon Aiyuk,WR,,399.p.32695,32695,SF,yahoo_fantasy_api
2020,2,,12,api,Ginger FC 🏆🏆,Post Mahomes,2020-W02-06,6,145.92,126.44,Chris Thompson,RB,BN,False,True,False,,10.2,,Chris Thompson,RB,,399.p.26777,26777,SF,yahoo_fantasy_api
2020,2,,13,api,Ginger FC 🏆🏆,Post Mahomes,2020-W02-06,6,145.92,126.44,Duke Johnson,RB,BN,False,True,False,,0.0,,Duke Johnson,RB,,399.p.28465,28465,Buf,yahoo_fantasy_api
2020,2,,14,api,Ginger FC 🏆🏆,Post Mahomes,2020-W02-06,6,145.92,126.44,Harrison Butker,K,K,True,False,False,,13.0,,Harrison Butker,K,,399.p.30346,30346,KC,yahoo_fantasy_api
2020,2,,15,api,Ginger FC 🏆🏆,Post Mahomes,2020-W02-06,6,145.92,126.44,Steelers,DEF,DEF,True,False,False,,13.0,,Steelers,DEF,,399.p.100023,100023,Pit,yahoo_fantasy_api
2020,2,,1,api,Joe Mantegna,Uncle Rico,2020-W02-03,3,94.7,112.2,Deshaun Watson,QB,QB,True,False,False,,17.7,,Deshaun Watson,QB,,399.p.30125,30125,Cle,yahoo_fantasy_api
2020,2,,2,api,Joe Mantegna,Uncle Rico,2020-W02-03,3,94.7,112.2,JuJu Smith-Schuster,WR,WR,True,False,False,,8.3,,JuJu Smith-Schuster,WR,,399.p.30175,30175,NYG,yahoo_fantasy_api
2020,2,,3,api,Joe Mantegna,Uncle Rico,2020-W02-03,3,94.7,112.2,DJ Chark,WR,WR,True,False,False,,10.4,,DJ Chark,WR,,399.p.31031,31031,Atl,yahoo_fantasy_api
2020,2,,4,api,Joe Mantegna,Uncle Rico,2020-W02-03,3,94.7,112.2,Clyde Edwards-Helaire,RB,RB,True,False,False,,10.0,,Clyde Edwards-Helaire,RB,,399.p.32702,32702,KC,yahoo_fantasy_api
2020,2,,5,api,Joe Mantegna,Uncle Rico,2020-W02-03,3,94.7,112.2,Miles Sanders,RB,RB,True,False,False,,18.6,,Miles Sanders,RB,,399.p.31885,31885,Dal,yahoo_fantasy_api
2020,2,,6,api,Joe Mantegna,Uncle Rico,2020-W02-03,3,94.7,112.2,Logan Thomas,TE,TE,True,False,False,,4.6,,Logan Thomas,TE,,399.p.27648,27648,SF,yahoo_fantasy_api
2020,2,,7,api,Joe Mantegna,Uncle Rico,2020-W02-03,3,94.7,112.2,Todd Gurley,RB,W/R/T,True,False,False,,6.1,,Todd Gurley,RB,,399.p.28398,28398,Atl,yahoo_fantasy_api
2020,2,,8,api,Joe Mantegna,Uncle Rico,2020-W02-03,3,94.7,112.2,George Kittle,TE,BN,False,True,False,,0.0,,George Kittle,TE,,399.p.30259,30259,SF,yahoo_fantasy_api
2020,2,,9,api,Joe Mantegna,Uncle Rico,2020-W02-03,3,94.7,112.2,Zack Moss,RB,BN,False,True,False,,3.7,,Zack Moss,RB,,399.p.32756,32756,Cin,yahoo_fantasy_api
2020,2,,10,api,Joe Mantegna,Uncle Rico,2020-W02-03,3,94.7,112.2,Tarik Cohen,RB,BN,False,True,False,,3.2,,Tarik Cohen,RB,,399.p.30232,30232,Car,yahoo_fantasy_api
2020,2,,11,api,Joe Mantegna,Uncle Rico,2020-W02-03,3,94.7,112.2,Jarvis Landry,WR,BN,False,True,False,,6.1,,Jarvis Landry,WR,,399.p.27591,27591,NO,yahoo_fantasy_api
2020,2,,12,api,Joe Mantegna,Uncle Rico,2020-W02-03,3,94.7,112.2,Curtis Samuel,WR,BN,False,True,False,,4.9,,Curtis Samuel,WR,,399.p.30153,30153,Buf,yahoo_fantasy_api
2020,2,,13,api,Joe Mantegna,Uncle Rico,2020-W02-03,3,94.7,112.2,Kirk Cousins,QB,BN,False,True,False,,1.52,,Kirk Cousins,QB,,399.p.25812,25812,LV,yahoo_fantasy_api
2020,2,,14,api,Joe Mantegna,Uncle Rico,2020-W02-03,3,94.7,112.2,Zane Gonzalez,K,K,True,False,False,,13.0,,Zane Gonzalez,K,,399.p.30337,30337,Mia,yahoo_fantasy_api
2020,2,,15,api,Joe Mantegna,Uncle Rico,2020-W02-03,3,94.7,112.2,Patriots,DEF,DEF,True,False,False,,6.0,,Patriots,DEF,,399.p.100017,100017,NE,yahoo_fantasy_api
2020,2,,1,api,Malle ❤️ 🐸,Patty Primetimes,2020-W02-02,2,151.48,110.96,Tom Brady,QB,QB,True,False,False,,11.68,,Tom Brady,QB,,399.p.5228,5228,TB,yahoo_fantasy_api
2020,2,,2,api,Malle ❤️ 🐸,Patty Primetimes,2020-W02-02,2,151.48,110.96,Adam Thielen,WR,WR,True,False,False,,4.6,,Adam Thielen,WR,,399.p.27277,27277,Pit,yahoo_fantasy_api
2020,2,,3,api,Malle ❤️ 🐸,Patty Primetimes,2020-W02-02,2,151.48,110.96,Calvin Ridley,WR,WR,True,False,False,,26.4,,Calvin Ridley,WR,,399.p.30996,30996,Ten,yahoo_fantasy_api
2020,2,,4,api,Malle ❤️ 🐸,Patty Primetimes,2020-W02-02,2,151.48,110.96,Alvin Kamara,RB,RB,True,False,False,,33.9,,Alvin Kamara,RB,,399.p.30180,30180,NO,yahoo_fantasy_api
2020,2,,5,api,Malle ❤️ 🐸,Patty Primetimes,2020-W02-02,2,151.48,110.96,Latavius Murray,RB,RB,True,False,False,,4.3,,Latavius Murray,RB,,399.p.26804,26804,Buf,yahoo_fantasy_api
2020,2,,6,api,Malle ❤️ 🐸,Patty Primetimes,2020-W02-02,2,151.48,110.96,Travis Kelce,TE,TE,True,False,False,,19.5,,Travis Kelce,TE,,399.p.26686,26686,KC,yahoo_fantasy_api
2020,2,,7,api,Malle ❤️ 🐸,Patty Primetimes,2020-W02-02,2,151.48,110.96,Kareem Hunt,RB,W/R/T,True,False,False,,23.1,,Kareem Hunt,RB,,399.p.30199,30199,KC,yahoo_fantasy_api
2020,2,,8,api,Malle ❤️ 🐸,Patty Primetimes,2020-W02-02,2,151.48,110.96,Jordan Howard,RB,BN,False,True,False,,6.4,,Jordan Howard,RB,,399.p.29384,29384,NO,yahoo_fantasy_api
2020,2,,9,api,Malle ❤️ 🐸,Patty Primetimes,2020-W02-02,2,151.48,110.96,Ben Roethlisberger,QB,BN,False,True,False,,23.24,,Ben Roethlisberger,QB,,399.p.6770,6770,Pit,yahoo_fantasy_api
2020,2,,10,api,Malle ❤️ 🐸,Patty Primetimes,2020-W02-02,2,151.48,110.96,DeSean Jackson,WR,BN,False,True,False,,9.4,,DeSean Jackson,WR,,399.p.8826,8826,Bal,yahoo_fantasy_api
2020,2,,11,api,Malle ❤️ 🐸,Patty Primetimes,2020-W02-02,2,151.48,110.96,Preston Williams,WR,BN,False,True,False,,5.1,,Preston Williams,WR,,399.p.32447,32447,Car,yahoo_fantasy_api
2020,2,,12,api,Malle ❤️ 🐸,Patty Primetimes,2020-W02-02,2,151.48,110.96,Blake Jarwin,TE,BN,False,True,False,,0.0,,Blake Jarwin,TE,,399.p.30784,30784,Dal,yahoo_fantasy_api
2020,2,,13,api,Malle ❤️ 🐸,Patty Primetimes,2020-W02-02,2,151.48,110.96,Damien Harris,RB,BN,False,True,False,,0.0,,Damien Harris,RB,,399.p.31919,31919,Buf,yahoo_fantasy_api
2020,2,,14,api,Malle ❤️ 🐸,Patty Primetimes,2020-W02-02,2,151.48,110.96,Justin Tucker,K,K,True,False,False,,16.0,,Justin Tucker,K,,399.p.26534,26534,Bal,yahoo_fantasy_api
2020,2,,15,api,Malle ❤️ 🐸,Patty Primetimes,2020-W02-02,2,151.48,110.96,Bears,DEF,DEF,True,False,False,,12.0,,Bears,DEF,,399.p.100003,100003,Chi,yahoo_fantasy_api
2020,2,,1,api,Patty Primetimes,Malle ❤️ 🐸,2020-W02-02,2,110.96,151.48,Lamar Jackson,QB,QB,True,False,False,,19.56,,Lamar Jackson,QB,,399.p.31002,31002,Bal,yahoo_fantasy_api
2020,2,,2,api,Patty Primetimes,Malle ❤️ 🐸,2020-W02-02,2,110.96,151.48,Tyler Lockett,WR,WR,True,False,False,,16.2,,Tyler Lockett,WR,,399.p.28457,28457,LV,yahoo_fantasy_api
2020,2,,3,api,Patty Primetimes,Malle ❤️ 🐸,2020-W02-02,2,110.96,151.48,T.Y. Hilton,WR,WR,True,False,False,,4.3,,T.Y. Hilton,WR,,399.p.25802,25802,Dal,yahoo_fantasy_api
2020,2,,4,api,Patty Primetimes,Malle ❤️ 🐸,2020-W02-02,2,110.96,151.48,Nick Chubb,RB,RB,True,False,False,,25.8,,Nick Chubb,RB,,399.p.31005,31005,Hou,yahoo_fantasy_api
2020,2,,5,api,Patty Primetimes,Malle ❤️ 🐸,2020-W02-02,2,110.96,151.48,Austin Ekeler,RB,RB,True,False,False,,16.8,,Austin Ekeler,RB,,399.p.30423,30423,Was,yahoo_fantasy_api
2020,2,,6,api,Patty Primetimes,Malle ❤️ 🐸,2020-W02-02,2,110.96,151.48,Mark Andrews,TE,TE,True,False,False,,3.4,,Mark Andrews,TE,,399.p.31056,31056,Bal,yahoo_fantasy_api
2020,2,,7,api,Patty Primetimes,Malle ❤️ 🐸,2020-W02-02,2,110.96,151.48,Nyheim Miller-Hines,RB,W/R/T,True,False,False,,0.9,,Nyheim Miller-Hines,RB,,399.p.31074,31074,LAC,yahoo_fantasy_api
2020,2,,8,api,Patty Primetimes,Malle ❤️ 🐸,2020-W02-02,2,110.96,151.48,Rob Gronkowski,TE,BN,False,True,False,,0.0,,Rob Gronkowski,TE,,399.p.24017,24017,TB,yahoo_fantasy_api
2020,2,,9,api,Patty Primetimes,Malle ❤️ 🐸,2020-W02-02,2,110.96,151.48,Christian Kirk,WR,BN,False,True,False,,7.0,,Christian Kirk,WR,,399.p.31017,31017,SF,yahoo_fantasy_api
2020,2,,10,api,Patty Primetimes,Malle ❤️ 🐸,2020-W02-02,2,110.96,151.48,J.K. Dobbins,RB,BN,False,True,False,,6.6,,J.K. Dobbins,RB,,399.p.32725,32725,Den,yahoo_fantasy_api
2020,2,,11,api,Patty Primetimes,Malle ❤️ 🐸,2020-W02-02,2,110.96,151.48,Matthew Stafford,QB,BN,False,True,False,,21.16,,Matthew Stafford,QB,,399.p.9265,9265,LAR,yahoo_fantasy_api
2020,2,,12,api,Patty Primetimes,Malle ❤️ 🐸,2020-W02-02,2,110.96,151.48,Adrian Peterson,RB,BN,False,True,False,,4.1,,Adrian Peterson,RB,,399.p.8261,8261,Sea,yahoo_fantasy_api
2020,2,,13,api,Patty Primetimes,Malle ❤️ 🐸,2020-W02-02,2,110.96,151.48,Chase Edmonds,RB,BN,False,True,False,,2.8,,Chase Edmonds,RB,,399.p.31104,31104,Was,yahoo_fantasy_api
2020,2,,14,api,Patty Primetimes,Malle ❤️ 🐸,2020-W02-02,2,110.96,151.48,Michael Badgley,K,K,True,False,False,,9.0,,Michael Badgley,K,,399.p.31366,31366,Ind,yahoo_fantasy_api
2020,2,,15,api,Patty Primetimes,Malle ❤️ 🐸,2020-W02-02,2,110.96,151.48,Colts,DEF,DEF,True,False,False,,15.0,,Colts,DEF,,399.p.100011,100011,Ind,yahoo_fantasy_api
2020,2,,1,api,Pop Lockett Drop it,Big Sack Jack,2020-W02-05,5,89.9,131.38,Aaron Rodgers,QB,QB,True,False,False,,22.7,,Aaron Rodgers,QB,,399.p.7200,7200,Pit,yahoo_fantasy_api
2020,2,,2,api,Pop Lockett Drop it,Big Sack Jack,2020-W02-05,5,89.9,131.38,Julio Jones,WR,WR,True,False,False,,3.4,,Julio Jones,WR,,399.p.24793,24793,Phi,yahoo_fantasy_api
2020,2,,3,api,Pop Lockett Drop it,Big Sack Jack,2020-W02-05,5,89.9,131.38,Emmanuel Sanders,WR,WR,True,False,False,,2.3,,Emmanuel Sanders,WR,,399.p.24057,24057,Buf,yahoo_fantasy_api
2020,2,,4,api,Pop Lockett Drop it,Big Sack Jack,2020-W02-05,5,89.9,131.38,David Johnson,RB,RB,True,False,False,,6.0,,David Johnson,RB,,399.p.28474,28474,NO,yahoo_fantasy_api
2020,2,,5,api,Pop Lockett Drop it,Big Sack Jack,2020-W02-05,5,89.9,131.38,Josh Jacobs,RB,RB,True,False,False,,12.0,,Josh Jacobs,RB,,399.p.31856,31856,GB,yahoo_fantasy_api
2020,2,,6,api,Pop Lockett Drop it,Big Sack Jack,2020-W02-05,5,89.9,131.38,Austin Hooper,TE,TE,True,False,False,,3.2,,Austin Hooper,TE,,399.p.29315,29315,Atl,yahoo_fantasy_api
2020,2,,7,api,Pop Lockett Drop it,Big Sack Jack,2020-W02-05,5,89.9,131.38,Stefon Diggs,WR,W/R/T,True,False,False,,25.3,,Stefon Diggs,WR,,399.p.28534,28534,Was,yahoo_fantasy_api
2020,2,,8,api,Pop Lockett Drop it,Big Sack Jack,2020-W02-05,5,89.9,131.38,Will Fuller V,WR,BN,False,True,False,,0.0,,Will Fuller V,WR,,399.p.29255,29255,Mia,yahoo_fantasy_api
2020,2,,9,api,Pop Lockett Drop it,Big Sack Jack,2020-W02-05,5,89.9,131.38,Courtland Sutton,WR,BN,False,True,False,,8.1,,Courtland Sutton,WR,,399.p.31010,31010,Den,yahoo_fantasy_api
2020,2,,10,api,Pop Lockett Drop it,Big Sack Jack,2020-W02-05,5,89.9,131.38,Henry Ruggs III,WR,BN,False,True,False,,0.9,,Henry Ruggs III,WR,,399.p.32682,32682,LV,yahoo_fantasy_api
2020,2,,11,api,Pop Lockett Drop it,Big Sack Jack,2020-W02-05,5,89.9,131.38,Justin Jefferson,WR,BN,False,True,False,,5.9,,Justin Jefferson,WR,,399.p.32692,32692,Min,yahoo_fantasy_api
2020,2,,12,api,Pop Lockett Drop it,Big Sack Jack,2020-W02-05,5,89.9,131.38,Daniel Jones,QB,BN,False,True,False,,8.74,,Daniel Jones,QB,,399.p.31838,31838,Ind,yahoo_fantasy_api
2020,2,,13,api,Pop Lockett Drop it,Big Sack Jack,2020-W02-05,5,89.9,131.38,James Robinson,RB,BN,False,True,False,,19.5,,James Robinson,RB,,399.p.33138,33138,NO,yahoo_fantasy_api
2020,2,,14,api,Pop Lockett Drop it,Big Sack Jack,2020-W02-05,5,89.9,131.38,Mason Crosby,K,K,True,False,False,,11.0,,Mason Crosby,K,,399.p.8447,8447,NYG,yahoo_fantasy_api
2020,2,,15,api,Pop Lockett Drop it,Big Sack Jack,2020-W02-05,5,89.9,131.38,Vikings,DEF,DEF,True,False,False,,4.0,,Vikings,DEF,,399.p.100016,100016,Min,yahoo_fantasy_api
2020,2,,1,api,Post Mahomes,Ginger FC 🏆🏆,2020-W02-06,6,126.44,145.92,Kyler Murray,QB,QB,True,False,False,,35.14,,Kyler Murray,QB,,399.p.31833,31833,Min,yahoo_fantasy_api
2020,2,,2,api,Post Mahomes,Ginger FC 🏆🏆,2020-W02-06,6,126.44,145.92,DJ Moore,WR,WR,True,False,False,,16.0,,DJ Moore,WR,,399.p.30994,30994,Buf,yahoo_fantasy_api
2020,2,,3,api,Post Mahomes,Ginger FC 🏆🏆,2020-W02-06,6,126.44,145.92,Robert Woods,WR,WR,True,False,False,,10.3,,Robert Woods,WR,,399.p.26664,26664,Pit,yahoo_fantasy_api
2020,2,,4,api,Post Mahomes,Ginger FC 🏆🏆,2020-W02-06,6,126.44,145.92,Saquon Barkley,RB,RB,True,False,False,,2.8,,Saquon Barkley,RB,,399.p.30972,30972,Phi,yahoo_fantasy_api
2020,2,,5,api,Post Mahomes,Ginger FC 🏆🏆,2020-W02-06,6,126.44,145.92,David Montgomery,RB,RB,True,False,False,,20.2,,David Montgomery,RB,,399.p.31905,31905,Hou,yahoo_fantasy_api
2020,2,,6,api,Post Mahomes,Ginger FC 🏆🏆,2020-W02-06,6,126.44,145.92,Hayden Hurst,TE,TE,True,False,False,,15.7,,Hayden Hurst,TE,,399.p.30995,30995,LAC,yahoo_fantasy_api
2020,2,,7,api,Post Mahomes,Ginger FC 🏆🏆,2020-W02-06,6,126.44,145.92,Chris Carson,RB,W/R/T,True,False,False,,18.3,,Chris Carson,RB,,399.p.30362,30362,Sea,yahoo_fantasy_api
2020,2,,8,api,Post Mahomes,Ginger FC 🏆🏆,2020-W02-06,6,126.44,145.92,Noah Fant,TE,BN,False,True,False,,15.7,,Noah Fant,TE,,399.p.31852,31852,NO,yahoo_fantasy_api
2020,2,,9,api,Post Mahomes,Ginger FC 🏆🏆,2020-W02-06,6,126.44,145.92,A.J. Green,WR,BN,False,True,False,,4.4,,A.J. Green,WR,,399.p.24791,24791,Ari,yahoo_fantasy_api
2020,2,,10,api,Post Mahomes,Ginger FC 🏆🏆,2020-W02-06,6,126.44,145.92,Carson Wentz,QB,BN,False,True,False,,14.38,,Carson Wentz,QB,,399.p.29236,29236,Min,yahoo_fantasy_api
2020,2,,11,api,Post Mahomes,Ginger FC 🏆🏆,2020-W02-06,6,126.44,145.92,Phillip Lindsay,RB,BN,False,True,False,,0.0,,Phillip Lindsay,RB,,399.p.31379,31379,Ind,yahoo_fantasy_api
2020,2,,12,api,Post Mahomes,Ginger FC 🏆🏆,2020-W02-06,6,126.44,145.92,Joshua Kelley,RB,BN,False,True,False,,12.3,,Joshua Kelley,RB,,399.p.32782,32782,Ten,yahoo_fantasy_api
2020,2,,13,api,Post Mahomes,Ginger FC 🏆🏆,2020-W02-06,6,126.44,145.92,Parris Campbell,WR,BN,False,True,False,,0.7,,Parris Campbell,WR,,399.p.31891,31891,Dal,yahoo_fantasy_api
2020,2,,14,api,Post Mahomes,Ginger FC 🏆🏆,2020-W02-06,6,126.44,145.92,Kenny Golladay,WR,IR,False,False,True,,0.0,,Kenny Golladay,WR,,399.p.30209,30209,NYG,yahoo_fantasy_api
2020,2,,15,api,Post Mahomes,Ginger FC 🏆🏆,2020-W02-06,6,126.44,145.92,Matt Prater,K,K,True,False,False,,3.0,,Matt Prater,K,,399.p.8565,8565,Buf,yahoo_fantasy_api
2020,2,,16,api,Post Mahomes,Ginger FC 🏆🏆,2020-W02-06,6,126.44,145.92,Titans,DEF,DEF,True,False,False,,5.0,,Titans,DEF,,399.p.100010,100010,Ten,yahoo_fantasy_api
2020,2,,1,api,The Big Gronkowski,Voldemort,2020-W02-01,1,96.88,144.0,Drew Brees,QB,QB,True,False,False,,17.48,,Drew Brees,QB,,399.p.5479,5479,NO,yahoo_fantasy_api
2020,2,,2,api,The Big Gronkowski,Voldemort,2020-W02-01,1,96.88,144.0,Allen Robinson,WR,WR,True,False,False,,4.8,,Allen Robinson,WR,,399.p.27589,27589,Det,yahoo_fantasy_api
2020,2,,3,api,The Big Gronkowski,Voldemort,2020-W02-01,1,96.88,144.0,Cooper Kupp,WR,WR,True,False,False,,10.5,,Cooper Kupp,WR,,399.p.30182,30182,Sea,yahoo_fantasy_api
2020,2,,4,api,The Big Gronkowski,Voldemort,2020-W02-01,1,96.88,144.0,Dalvin Cook,RB,RB,True,False,False,,16.1,,Dalvin Cook,RB,,399.p.30154,30154,Dal,yahoo_fantasy_api
2020,2,,5,api,The Big Gronkowski,Voldemort,2020-W02-01,1,96.88,144.0,Ronald Jones,RB,RB,True,False,False,,9.7,,Ronald Jones,RB,,399.p.31008,31008,Dal,yahoo_fantasy_api
2020,2,,6,api,The Big Gronkowski,Voldemort,2020-W02-01,1,96.88,144.0,Darren Waller,TE,TE,True,False,False,,22.5,,Darren Waller,TE,,399.p.28592,28592,Car,yahoo_fantasy_api
2020,2,,7,api,The Big Gronkowski,Voldemort,2020-W02-01,1,96.88,144.0,Darius Slayton,WR,W/R/T,True,False,False,,4.8,,Darius Slayton,WR,,399.p.32003,32003,Ind,yahoo_fantasy_api
2020,2,,8,api,The Big Gronkowski,Voldemort,2020-W02-01,1,96.88,144.0,James Conner,RB,BN,False,True,False,,19.1,,James Conner,RB,,399.p.30218,30218,Ari,yahoo_fantasy_api
2020,2,,9,api,The Big Gronkowski,Voldemort,2020-W02-01,1,96.88,144.0,Sterling Shepard,WR,BN,False,True,False,,4.5,,Sterling Shepard,WR,,399.p.29274,29274,NYJ,yahoo_fantasy_api
2020,2,,10,api,The Big Gronkowski,Voldemort,2020-W02-01,1,96.88,144.0,Jared Goff,QB,BN,False,True,False,,29.98,,Jared Goff,QB,,399.p.29235,29235,Det,yahoo_fantasy_api
2020,2,,11,api,The Big Gronkowski,Voldemort,2020-W02-01,1,96.88,144.0,Boston Scott,RB,BN,False,True,False,,5.8,,Boston Scott,RB,,399.p.31171,31171,Pit,yahoo_fantasy_api
2020,2,,12,api,The Big Gronkowski,Voldemort,2020-W02-01,1,96.88,144.0,Jonnu Smith,TE,BN,False,True,False,,22.4,,Jonnu Smith,TE,,399.p.30213,30213,GB,yahoo_fantasy_api
2020,2,,13,api,The Big Gronkowski,Voldemort,2020-W02-01,1,96.88,144.0,Odell Beckham Jr.,WR,BN,False,True,False,,15.4,,Odell Beckham Jr.,WR,,399.p.27540,27540,NYG,yahoo_fantasy_api
2020,2,,14,api,The Big Gronkowski,Voldemort,2020-W02-01,1,96.88,144.0,Wil Lutz,K,K,True,False,False,,6.0,,Wil Lutz,K,,399.p.29754,29754,Den,yahoo_fantasy_api
2020,2,,15,api,The Big Gronkowski,Voldemort,2020-W02-01,1,96.88,144.0,49ers,DEF,DEF,True,False,False,,5.0,,49ers,DEF,,399.p.100025,100025,SF,yahoo_fantasy_api
2020,2,,1,api,ThreatLevelMidnight,malle_dips_pouches,2020-W02-04,4,97.02,151.46,Matt Ryan,QB,QB,True,False,False,,36.52,,Matt Ryan,QB,,399.p.8780,8780,Ind,yahoo_fantasy_api
2020,2,,2,api,ThreatLevelMidnight,malle_dips_pouches,2020-W02-04,4,97.02,151.46,Davante Adams,WR,WR,True,False,False,,5.1,,Davante Adams,WR,,399.p.27581,27581,LAR,yahoo_fantasy_api
2020,2,,3,api,ThreatLevelMidnight,malle_dips_pouches,2020-W02-04,4,97.02,151.46,Michael Gallup,WR,WR,True,False,False,,6.8,,Michael Gallup,WR,,399.p.31051,31051,Was,yahoo_fantasy_api
2020,2,,4,api,ThreatLevelMidnight,malle_dips_pouches,2020-W02-04,4,97.02,151.46,Joe Mixon,RB,RB,True,False,False,,10.6,,Joe Mixon,RB,,399.p.30161,30161,Hou,yahoo_fantasy_api
2020,2,,5,api,ThreatLevelMidnight,malle_dips_pouches,2020-W02-04,4,97.02,151.46,Raheem Mostert,RB,RB,True,False,False,,17.7,,Raheem Mostert,RB,,399.p.28654,28654,LV,yahoo_fantasy_api
2020,2,,6,api,ThreatLevelMidnight,malle_dips_pouches,2020-W02-04,4,97.02,151.46,Chris Herndon,TE,TE,True,False,False,,1.0,,Chris Herndon,TE,,399.p.31077,31077,Min,yahoo_fantasy_api
2020,2,,7,api,ThreatLevelMidnight,malle_dips_pouches,2020-W02-04,4,97.02,151.46,Marvin Jones Jr.,WR,W/R/T,True,False,False,,10.3,,Marvin Jones Jr.,WR,,399.p.25876,25876,Det,yahoo_fantasy_api
2020,2,,8,api,ThreatLevelMidnight,malle_dips_pouches,2020-W02-04,4,97.02,151.46,A.J. Brown,WR,BN,False,True,False,,0.0,,A.J. Brown,WR,,399.p.31883,31883,NE,yahoo_fantasy_api
2020,2,,9,api,ThreatLevelMidnight,malle_dips_pouches,2020-W02-04,4,97.02,151.46,Tyler Boyd,WR,BN,False,True,False,,16.7,,Tyler Boyd,WR,,399.p.29288,29288,Ten,yahoo_fantasy_api
2020,2,,10,api,ThreatLevelMidnight,malle_dips_pouches,2020-W02-04,4,97.02,151.46,Tony Pollard,RB,BN,False,True,False,,1.4,,Tony Pollard,RB,,399.p.31960,31960,Ten,yahoo_fantasy_api
2020,2,,11,api,ThreatLevelMidnight,malle_dips_pouches,2020-W02-04,4,97.02,151.46,Mike Williams,WR,BN,False,True,False,,2.4,,Mike Williams,WR,,399.p.30120,30120,Pit,yahoo_fantasy_api
2020,2,,12,api,ThreatLevelMidnight,malle_dips_pouches,2020-W02-04,4,97.02,151.46,Malcolm Brown,RB,BN,False,True,False,,4.7,,Malcolm Brown,RB,,399.p.28990,28990,LAR,yahoo_fantasy_api
2020,2,,13,api,ThreatLevelMidnight,malle_dips_pouches,2020-W02-04,4,97.02,151.46,Jalen Reagor,WR,BN,False,True,False,,6.1,,Jalen Reagor,WR,,399.p.32691,32691,Mia,yahoo_fantasy_api
2020,2,,14,api,ThreatLevelMidnight,malle_dips_pouches,2020-W02-04,4,97.02,151.46,Jason Myers,K,K,True,False,False,,5.0,,Jason Myers,K,,399.p.28378,28378,Sea,yahoo_fantasy_api
2020,2,,15,api,ThreatLevelMidnight,malle_dips_pouches,2020-W02-04,4,97.02,151.46,Saints,DEF,DEF,True,False,False,,4.0,,Saints,DEF,,399.p.100018,100018,NO,yahoo_fantasy_api
2020,2,,1,api,Uncle Rico,Joe Mantegna,2020-W02-03,3,112.2,94.7,Josh Allen,QB,QB,True,False,False,,42.5,,Josh Allen,QB,,399.p.30977,30977,Buf,yahoo_fantasy_api
2020,2,,2,api,Uncle Rico,Joe Mantegna,2020-W02-03,3,112.2,94.7,Diontae Johnson,WR,WR,True,False,False,,19.2,,Diontae Johnson,WR,,399.p.31898,31898,Cle,yahoo_fantasy_api
2020,2,,3,api,Uncle Rico,Joe Mantegna,2020-W02-03,3,112.2,94.7,Corey Davis,WR,WR,True,False,False,,11.1,,Corey Davis,WR,,399.p.30118,30118,NYJ,yahoo_fantasy_api
2020,2,,4,api,Uncle Rico,Joe Mantegna,2020-W02-03,3,112.2,94.7,Derrick Henry,RB,RB,True,False,False,,8.4,,Derrick Henry,RB,,399.p.29279,29279,Bal,yahoo_fantasy_api
2020,2,,5,api,Uncle Rico,Joe Mantegna,2020-W02-03,3,112.2,94.7,Benny Snell Jr.,RB,RB,True,False,False,,-1.4,,Benny Snell Jr.,RB,,399.p.31954,31954,Pit,yahoo_fantasy_api
2020,2,,6,api,Uncle Rico,Joe Mantegna,2020-W02-03,3,112.2,94.7,Zach Ertz,TE,TE,True,False,False,,6.7,,Zach Ertz,TE,,399.p.26658,26658,Phi,yahoo_fantasy_api
2020,2,,7,api,Uncle Rico,Joe Mantegna,2020-W02-03,3,112.2,94.7,Antonio Gibson,RB,W/R/T,True,False,False,,11.7,,Antonio Gibson,RB,,399.p.32736,32736,NE,yahoo_fantasy_api
2020,2,,8,api,Uncle Rico,Joe Mantegna,2020-W02-03,3,112.2,94.7,Chris Godwin Jr.,WR,BN,False,True,False,,0.0,,Chris Godwin Jr.,WR,,399.p.30197,30197,TB,yahoo_fantasy_api
2020,2,,9,api,Uncle Rico,Joe Mantegna,2020-W02-03,3,112.2,94.7,Jamison Crowder,WR,BN,False,True,False,,0.0,,Jamison Crowder,WR,,399.p.28493,28493,Was,yahoo_fantasy_api
2020,2,,10,api,Uncle Rico,Joe Mantegna,2020-W02-03,3,112.2,94.7,Michael Thomas,WR,BN,False,True,False,,0.0,,Michael Thomas,WR,,399.p.29281,29281,NO,yahoo_fantasy_api
2020,2,,11,api,Uncle Rico,Joe Mantegna,2020-W02-03,3,112.2,94.7,D'Andre Swift,RB,BN,False,True,False,,9.7,,D'Andre Swift,RB,,399.p.32705,32705,Chi,yahoo_fantasy_api
2020,2,,12,api,Uncle Rico,Joe Mantegna,2020-W02-03,3,112.2,94.7,Cam Newton,QB,BN,False,True,False,,37.58,,Cam Newton,QB,,399.p.24788,24788,Car,yahoo_fantasy_api
2020,2,,13,api,Uncle Rico,Joe Mantegna,2020-W02-03,3,112.2,94.7,Mike Gesicki,TE,BN,False,True,False,,23.0,,Mike Gesicki,TE,,399.p.31012,31012,Cin,yahoo_fantasy_api
2020,2,,14,api,Uncle Rico,Joe Mantegna,2020-W02-03,3,112.2,94.7,Jake Elliott,K,K,True,False,False,,7.0,,Jake Elliott,K,,399.p.30266,30266,Phi,yahoo_fantasy_api
2020,2,,15,api,Uncle Rico,Joe Mantegna,2020-W02-03,3,112.2,94.7,Rams,DEF,DEF,True,False,False,,7.0,,Rams,DEF,,399.p.100014,100014,LAR,yahoo_fantasy_api
2020,2,,1,api,Voldemort,The Big Gronkowski,2020-W02-01,1,144.0,96.88,Dak Prescott,QB,QB,True,False,False,,41.8,,Dak Prescott,QB,,399.p.29369,29369,Dal,yahoo_fantasy_api
2020,2,,2,api,Voldemort,The Big Gronkowski,2020-W02-01,1,144.0,96.88,Tyreek Hill,WR,WR,True,False,False,,19.3,,Tyreek Hill,WR,,399.p.29399,29399,Mia,yahoo_fantasy_api
2020,2,,3,api,Voldemort,The Big Gronkowski,2020-W02-01,1,144.0,96.88,Terry McLaurin,WR,WR,True,False,False,,22.0,,Terry McLaurin,WR,,399.p.31908,31908,Was,yahoo_fantasy_api
2020,2,,4,api,Voldemort,The Big Gronkowski,2020-W02-01,1,144.0,96.88,Kenyan Drake,RB,RB,True,False,False,,10.5,,Kenyan Drake,RB,,399.p.29307,29307,Bal,yahoo_fantasy_api
2020,2,,5,api,Voldemort,The Big Gronkowski,2020-W02-01,1,144.0,96.88,Jonathan Taylor,RB,RB,True,False,False,,18.0,,Jonathan Taylor,RB,,399.p.32711,32711,Ind,yahoo_fantasy_api
2020,2,,6,api,Voldemort,The Big Gronkowski,2020-W02-01,1,144.0,96.88,T.J. Hockenson,TE,TE,True,False,False,,8.2,,T.J. Hockenson,TE,,399.p.31840,31840,Min,yahoo_fantasy_api
2020,2,,7,api,Voldemort,The Big Gronkowski,2020-W02-01,1,144.0,96.88,Scotty Miller,WR,W/R/T,True,False,False,,2.2,,Scotty Miller,WR,,399.p.32040,32040,Chi,yahoo_fantasy_api
2020,2,,8,api,Voldemort,The Big Gronkowski,2020-W02-01,1,144.0,96.88,Mark Ingram II,RB,BN,False,True,False,,14.7,,Mark Ingram II,RB,,399.p.24815,24815,NO,yahoo_fantasy_api
2020,2,,9,api,Voldemort,The Big Gronkowski,2020-W02-01,1,144.0,96.88,Tyler Higbee,TE,BN,False,True,False,,25.9,,Tyler Higbee,TE,,399.p.29344,29344,LAR,yahoo_fantasy_api
2020,2,,10,api,Voldemort,The Big Gronkowski,2020-W02-01,1,144.0,96.88,John Brown,WR,BN,False,True,False,,16.2,,John Brown,WR,,399.p.27619,27619,Buf,yahoo_fantasy_api
2020,2,,11,api,Voldemort,The Big Gronkowski,2020-W02-01,1,144.0,96.88,Brandin Cooks,WR,BN,False,True,False,,12.0,,Brandin Cooks,WR,,399.p.27548,27548,SF,yahoo_fantasy_api
2020,2,,12,api,Voldemort,The Big Gronkowski,2020-W02-01,1,144.0,96.88,Leonard Fournette,RB,BN,False,True,False,,25.6,,Leonard Fournette,RB,,399.p.30117,30117,Buf,yahoo_fantasy_api
2020,2,,13,api,Voldemort,The Big Gronkowski,2020-W02-01,1,144.0,96.88,Alexander Mattison,RB,BN,False,True,False,,2.1,,Alexander Mattison,RB,,399.p.31934,31934,Mia,yahoo_fantasy_api
2020,2,,14,api,Voldemort,The Big Gronkowski,2020-W02-01,1,144.0,96.88,Younghoe Koo,K,K,True,False,False,,17.0,,Younghoe Koo,K,,399.p.30426,30426,NYG,yahoo_fantasy_api
2020,2,,15,api,Voldemort,The Big Gronkowski,2020-W02-01,1,144.0,96.88,Chiefs,DEF,DEF,True,False,False,,5.0,,Chiefs,DEF,,399.p.100012,100012,KC,yahoo_fantasy_api
2020,2,,1,api,malle_dips_pouches,ThreatLevelMidnight,2020-W02-04,4,151.46,97.02,Ryan Tannehill,QB,QB,True,False,False,,34.76,,Ryan Tannehill,QB,,399.p.25718,25718,Ten,yahoo_fantasy_api
2020,2,,2,api,malle_dips_pouches,ThreatLevelMidnight,2020-W02-04,4,151.46,97.02,DeAndre Hopkins,WR,WR,True,False,False,,16.8,,DeAndre Hopkins,WR,,399.p.26650,26650,Bal,yahoo_fantasy_api
2020,2,,3,api,malle_dips_pouches,ThreatLevelMidnight,2020-W02-04,4,151.46,97.02,Amari Cooper,WR,WR,True,False,False,,13.0,,Amari Cooper,WR,,399.p.28392,28392,Buf,yahoo_fantasy_api
2020,2,,4,api,malle_dips_pouches,ThreatLevelMidnight,2020-W02-04,4,151.46,97.02,Aaron Jones Sr.,RB,RB,True,False,False,,43.6,,Aaron Jones Sr.,RB,,399.p.30295,30295,Min,yahoo_fantasy_api
2020,2,,5,api,malle_dips_pouches,ThreatLevelMidnight,2020-W02-04,4,151.46,97.02,Devin Singletary,RB,RB,True,False,False,,8.6,,Devin Singletary,RB,,399.p.31906,31906,NYG,yahoo_fantasy_api
2020,2,,6,api,malle_dips_pouches,ThreatLevelMidnight,2020-W02-04,4,151.46,97.02,Hunter Henry,TE,TE,True,False,False,,11.3,,Hunter Henry,TE,,399.p.29269,29269,NE,yahoo_fantasy_api
2020,2,,7,api,malle_dips_pouches,ThreatLevelMidnight,2020-W02-04,4,151.46,97.02,Robbie Chosen,WR,W/R/T,True,False,False,,13.4,,Robbie Chosen,WR,,399.p.29785,29785,Was,yahoo_fantasy_api
2020,2,,8,api,malle_dips_pouches,ThreatLevelMidnight,2020-W02-04,4,151.46,97.02,Deebo Samuel Sr.,WR,BN,False,True,False,,0.0,,Deebo Samuel Sr.,WR,,399.p.31868,31868,SF,yahoo_fantasy_api
2020,2,,9,api,malle_dips_pouches,ThreatLevelMidnight,2020-W02-04,4,151.46,97.02,Jerry Jeudy,WR,BN,False,True,False,,8.2,,Jerry Jeudy,WR,,399.p.32685,32685,Cle,yahoo_fantasy_api
2020,2,,10,api,malle_dips_pouches,ThreatLevelMidnight,2020-W02-04,4,151.46,97.02,Eric Ebron,TE,BN,False,True,False,,5.8,,Eric Ebron,TE,,399.p.27538,27538,Pit,yahoo_fantasy_api
2020,2,,11,api,malle_dips_pouches,ThreatLevelMidnight,2020-W02-04,4,151.46,97.02,Derek Carr,QB,BN,False,True,False,,27.66,,Derek Carr,QB,,399.p.27564,27564,NO,yahoo_fantasy_api
2020,2,,12,api,malle_dips_pouches,ThreatLevelMidnight,2020-W02-04,4,151.46,97.02,Frank Gore,RB,BN,False,True,False,,6.3,,Frank Gore,RB,,399.p.7241,7241,NYJ,yahoo_fantasy_api
2020,2,,13,api,malle_dips_pouches,ThreatLevelMidnight,2020-W02-04,4,151.46,97.02,Peyton Barber,RB,BN,False,True,False,,0.1,,Peyton Barber,RB,,399.p.29560,29560,LV,yahoo_fantasy_api
2020,2,,14,api,malle_dips_pouches,ThreatLevelMidnight,2020-W02-04,4,151.46,97.02,Le'Veon Bell,RB,IR,False,False,True,,0.0,,Le'Veon Bell,RB,,399.p.26671,26671,TB,yahoo_fantasy_api
2020,2,,15,api,malle_dips_pouches,ThreatLevelMidnight,2020-W02-04,4,151.46,97.02,Robbie Gould,K,K,True,False,False,,8.0,,Robbie Gould,K,,399.p.7520,7520,SF,yahoo_fantasy_api
2020,2,,16,api,malle_dips_pouches,ThreatLevelMidnight,2020-W02-04,4,151.46,97.02,Bills,DEF,DEF,True,False,False,,2.0,,Bills,DEF,,399.p.100002,100002,Buf,yahoo_fantasy_api
2020,3,,1,api,Big Sack Jack,Post Mahomes,2020-W03-05,5,121.8,113.4,Patrick Mahomes,QB,QB,True,False,False,,48.0,,Patrick Mahomes,QB,,399.p.30123,30123,KC,yahoo_fantasy_api
2020,3,,2,api,Big Sack Jack,Post Mahomes,2020-W03-05,5,121.8,113.4,Keenan Allen,WR,WR,True,False,False,,23.7,,Keenan Allen,WR,,399.p.26699,26699,Ind,yahoo_fantasy_api
2020,3,,3,api,Big Sack Jack,Post Mahomes,2020-W03-05,5,121.8,113.4,CeeDee Lamb,WR,WR,True,False,False,,9.1,,CeeDee Lamb,WR,,399.p.32687,32687,Dal,yahoo_fantasy_api
2020,3,,4,api,Big Sack Jack,Post Mahomes,2020-W03-05,5,121.8,113.4,Ezekiel Elliott,RB,RB,True,False,False,,14.8,,Ezekiel Elliott,RB,,399.p.29238,29238,Dal,yahoo_fantasy_api
2020,3,,5,api,Big Sack Jack,Post Mahomes,2020-W03-05,5,121.8,113.4,Melvin Gordon III,RB,RB,True,False,False,,5.8,,Melvin Gordon III,RB,,399.p.28403,28403,Bal,yahoo_fantasy_api
2020,3,,6,api,Big Sack Jack,Post Mahomes,2020-W03-05,5,121.8,113.4,Dallas Goedert,TE,TE,True,False,False,,1.2,,Dallas Goedert,TE,,399.p.31019,31019,Phi,yahoo_fantasy_api
2020,3,,7,api,Big Sack Jack,Post Mahomes,2020-W03-05,5,121.8,113.4,Julian Edelman,WR,W/R/T,True,False,False,,3.2,,Julian Edelman,WR,,399.p.9496,9496,NE,yahoo_fantasy_api
2020,3,,8,api,Big Sack Jack,Post Mahomes,2020-W03-05,5,121.8,113.4,Hollywood Brown,WR,BN,False,True,False,,2.3,,Hollywood Brown,WR,,399.p.31857,31857,Phi,yahoo_fantasy_api
2020,3,,9,api,Big Sack Jack,Post Mahomes,2020-W03-05,5,121.8,113.4,Evan Engram,TE,BN,False,True,False,,3.7,,Evan Engram,TE,,399.p.30136,30136,Den,yahoo_fantasy_api
2020,3,,10,api,Big Sack Jack,Post Mahomes,2020-W03-05,5,121.8,113.4,Sammy Watkins,WR,BN,False,True,False,,9.7,,Sammy Watkins,WR,,399.p.27532,27532,Bal,yahoo_fantasy_api
2020,3,,11,api,Big Sack Jack,Post Mahomes,2020-W03-05,5,121.8,113.4,James White,RB,BN,False,True,False,,0.0,,James White,RB,,399.p.27658,27658,NE,yahoo_fantasy_api
2020,3,,12,api,Big Sack Jack,Post Mahomes,2020-W03-05,5,121.8,113.4,Anthony Miller,WR,BN,False,True,False,,12.0,,Anthony Miller,WR,,399.p.31021,31021,Bal,yahoo_fantasy_api
2020,3,,13,api,Big Sack Jack,Post Mahomes,2020-W03-05,5,121.8,113.4,Dion Lewis,RB,BN,False,True,False,,1.5,,Dion Lewis,RB,,399.p.24936,24936,NYG,yahoo_fantasy_api
2020,3,,14,api,Big Sack Jack,Post Mahomes,2020-W03-05,5,121.8,113.4,Greg Zuerlein,K,K,True,False,False,,9.0,,Greg Zuerlein,K,,399.p.25881,25881,NYJ,yahoo_fantasy_api
2020,3,,15,api,Big Sack Jack,Post Mahomes,2020-W03-05,5,121.8,113.4,Ravens,DEF,DEF,True,False,False,,7.0,,Ravens,DEF,,399.p.100033,100033,Bal,yahoo_fantasy_api
2020,3,,1,api,Ginger FC 🏆🏆,Patty Primetimes,2020-W03-06,6,122.0,147.48,Russell Wilson,QB,QB,True,False,False,,46.8,,Russell Wilson,QB,,399.p.25785,25785,NYG,yahoo_fantasy_api
2020,3,,2,api,Ginger FC 🏆🏆,Patty Primetimes,2020-W03-06,6,122.0,147.48,DK Metcalf,WR,WR,True,False,False,,17.0,,DK Metcalf,WR,,399.p.31896,31896,Pit,yahoo_fantasy_api
2020,3,,3,api,Ginger FC 🏆🏆,Patty Primetimes,2020-W03-06,6,122.0,147.48,Mike Evans,WR,WR,True,False,False,,13.2,,Mike Evans,WR,,399.p.27535,27535,SF,yahoo_fantasy_api
2020,3,,4,api,Ginger FC 🏆🏆,Patty Primetimes,2020-W03-06,6,122.0,147.48,Chris Thompson,RB,RB,True,False,False,,6.3,,Chris Thompson,RB,,399.p.26777,26777,SF,yahoo_fantasy_api
2020,3,,5,api,Ginger FC 🏆🏆,Patty Primetimes,2020-W03-06,6,122.0,147.48,Jerick McKinnon,RB,RB,True,False,False,,15.2,,Jerick McKinnon,RB,,399.p.27624,27624,KC,yahoo_fantasy_api
2020,3,,6,api,Ginger FC 🏆🏆,Patty Primetimes,2020-W03-06,6,122.0,147.48,Jared Cook,TE,TE,True,False,False,,3.1,,Jared Cook,TE,,399.p.9353,9353,LAC,yahoo_fantasy_api
2020,3,,7,api,Ginger FC 🏆🏆,Patty Primetimes,2020-W03-06,6,122.0,147.48,DeVante Parker,WR,W/R/T,True,False,False,,9.4,,DeVante Parker,WR,,399.p.28402,28402,NE,yahoo_fantasy_api
2020,3,,8,api,Ginger FC 🏆🏆,Patty Primetimes,2020-W03-06,6,122.0,147.48,Cam Akers,RB,BN,False,True,False,,0.0,,Cam Akers,RB,,399.p.32722,32722,Sea,yahoo_fantasy_api
2020,3,,9,api,Ginger FC 🏆🏆,Patty Primetimes,2020-W03-06,6,122.0,147.48,Allen Lazard,WR,BN,False,True,False,,23.4,,Allen Lazard,WR,,399.p.31268,31268,NYJ,yahoo_fantasy_api
2020,3,,10,api,Ginger FC 🏆🏆,Patty Primetimes,2020-W03-06,6,122.0,147.48,Sony Michel,RB,BN,False,True,False,,15.0,,Sony Michel,RB,,399.p.31001,31001,LAC,yahoo_fantasy_api
2020,3,,11,api,Ginger FC 🏆🏆,Patty Primetimes,2020-W03-06,6,122.0,147.48,Jimmy Garoppolo,QB,BN,False,True,False,,0.0,,Jimmy Garoppolo,QB,,399.p.27590,27590,LAR,yahoo_fantasy_api
2020,3,,12,api,Ginger FC 🏆🏆,Patty Primetimes,2020-W03-06,6,122.0,147.48,Brandon Aiyuk,WR,BN,False,True,False,,18.6,,Brandon Aiyuk,WR,,399.p.32695,32695,SF,yahoo_fantasy_api
2020,3,,13,api,Ginger FC 🏆🏆,Patty Primetimes,2020-W03-06,6,122.0,147.48,Duke Johnson,RB,BN,False,True,False,,0.0,,Duke Johnson,RB,,399.p.28465,28465,Buf,yahoo_fantasy_api
2020,3,,14,api,Ginger FC 🏆🏆,Patty Primetimes,2020-W03-06,6,122.0,147.48,Christian McCaffrey,RB,IR,False,False,True,,0.0,,Christian McCaffrey,RB,,399.p.30121,30121,SF,yahoo_fantasy_api
2020,3,,15,api,Ginger FC 🏆🏆,Patty Primetimes,2020-W03-06,6,122.0,147.48,Harrison Butker,K,K,True,False,False,,4.0,,Harrison Butker,K,,399.p.30346,30346,KC,yahoo_fantasy_api
2020,3,,16,api,Ginger FC 🏆🏆,Patty Primetimes,2020-W03-06,6,122.0,147.48,Steelers,DEF,DEF,True,False,False,,7.0,,Steelers,DEF,,399.p.100023,100023,Pit,yahoo_fantasy_api
2020,3,,1,api,Joe Mantegna,The Big Gronkowski,2020-W03-01,1,112.36,160.22,Deshaun Watson,QB,QB,True,False,False,,22.06,,Deshaun Watson,QB,,399.p.30125,30125,Cle,yahoo_fantasy_api
2020,3,,2,api,Joe Mantegna,The Big Gronkowski,2020-W03-01,1,112.36,160.22,JuJu Smith-Schuster,WR,WR,True,False,False,,14.3,,JuJu Smith-Schuster,WR,,399.p.30175,30175,NYG,yahoo_fantasy_api
2020,3,,3,api,Joe Mantegna,The Big Gronkowski,2020-W03-01,1,112.36,160.22,Jarvis Landry,WR,WR,True,False,False,,5.6,,Jarvis Landry,WR,,399.p.27591,27591,NO,yahoo_fantasy_api
2020,3,,4,api,Joe Mantegna,The Big Gronkowski,2020-W03-01,1,112.36,160.22,Clyde Edwards-Helaire,RB,RB,True,False,False,,15.9,,Clyde Edwards-Helaire,RB,,399.p.32702,32702,KC,yahoo_fantasy_api
2020,3,,5,api,Joe Mantegna,The Big Gronkowski,2020-W03-01,1,112.36,160.22,Miles Sanders,RB,RB,True,False,False,,12.7,,Miles Sanders,RB,,399.p.31885,31885,Dal,yahoo_fantasy_api
2020,3,,6,api,Joe Mantegna,The Big Gronkowski,2020-W03-01,1,112.36,160.22,Logan Thomas,TE,TE,True,False,False,,5.1,,Logan Thomas,TE,,399.p.27648,27648,SF,yahoo_fantasy_api
2020,3,,7,api,Joe Mantegna,The Big Gronkowski,2020-W03-01,1,112.36,160.22,Todd Gurley,RB,W/R/T,True,False,False,,14.7,,Todd Gurley,RB,,399.p.28398,28398,Atl,yahoo_fantasy_api
2020,3,,8,api,Joe Mantegna,The Big Gronkowski,2020-W03-01,1,112.36,160.22,DJ Chark,WR,BN,False,True,False,,0.0,,DJ Chark,WR,,399.p.31031,31031,Atl,yahoo_fantasy_api
2020,3,,9,api,Joe Mantegna,The Big Gronkowski,2020-W03-01,1,112.36,160.22,George Kittle,TE,BN,False,True,False,,0.0,,George Kittle,TE,,399.p.30259,30259,SF,yahoo_fantasy_api
2020,3,,10,api,Joe Mantegna,The Big Gronkowski,2020-W03-01,1,112.36,160.22,Zack Moss,RB,BN,False,True,False,,0.0,,Zack Moss,RB,,399.p.32756,32756,Cin,yahoo_fantasy_api
2020,3,,11,api,Joe Mantegna,The Big Gronkowski,2020-W03-01,1,112.36,160.22,Tarik Cohen,RB,BN,False,True,False,,5.6,,Tarik Cohen,RB,,399.p.30232,30232,Car,yahoo_fantasy_api
2020,3,,12,api,Joe Mantegna,The Big Gronkowski,2020-W03-01,1,112.36,160.22,Curtis Samuel,WR,BN,False,True,False,,7.2,,Curtis Samuel,WR,,399.p.30153,30153,Buf,yahoo_fantasy_api
2020,3,,13,api,Joe Mantegna,The Big Gronkowski,2020-W03-01,1,112.36,160.22,Gardner Minshew II,QB,BN,False,True,False,,10.2,,Gardner Minshew II,QB,,399.p.32010,32010,Ari,yahoo_fantasy_api
2020,3,,14,api,Joe Mantegna,The Big Gronkowski,2020-W03-01,1,112.36,160.22,Zane Gonzalez,K,K,True,False,False,,7.0,,Zane Gonzalez,K,,399.p.30337,30337,Mia,yahoo_fantasy_api
2020,3,,15,api,Joe Mantegna,The Big Gronkowski,2020-W03-01,1,112.36,160.22,Patriots,DEF,DEF,True,False,False,,15.0,,Patriots,DEF,,399.p.100017,100017,NE,yahoo_fantasy_api
2020,3,,1,api,Malle ❤️ 🐸,Voldemort,2020-W03-02,2,133.28,123.38,Tom Brady,QB,QB,True,False,False,,29.88,,Tom Brady,QB,,399.p.5228,5228,TB,yahoo_fantasy_api
2020,3,,2,api,Malle ❤️ 🐸,Voldemort,2020-W03-02,2,133.28,123.38,Adam Thielen,WR,WR,True,False,False,,10.8,,Adam Thielen,WR,,399.p.27277,27277,Pit,yahoo_fantasy_api
2020,3,,3,api,Malle ❤️ 🐸,Voldemort,2020-W03-02,2,133.28,123.38,Calvin Ridley,WR,WR,True,False,False,,14.2,,Calvin Ridley,WR,,399.p.30996,30996,Ten,yahoo_fantasy_api
2020,3,,4,api,Malle ❤️ 🐸,Voldemort,2020-W03-02,2,133.28,123.38,Alvin Kamara,RB,RB,True,False,False,,38.2,,Alvin Kamara,RB,,399.p.30180,30180,NO,yahoo_fantasy_api
2020,3,,5,api,Malle ❤️ 🐸,Voldemort,2020-W03-02,2,133.28,123.38,Kareem Hunt,RB,RB,True,False,False,,13.4,,Kareem Hunt,RB,,399.p.30199,30199,KC,yahoo_fantasy_api
2020,3,,6,api,Malle ❤️ 🐸,Voldemort,2020-W03-02,2,133.28,123.38,Travis Kelce,TE,TE,True,False,False,,11.7,,Travis Kelce,TE,,399.p.26686,26686,KC,yahoo_fantasy_api
2020,3,,7,api,Malle ❤️ 🐸,Voldemort,2020-W03-02,2,133.28,123.38,DeSean Jackson,WR,W/R/T,True,False,False,,2.1,,DeSean Jackson,WR,,399.p.8826,8826,Bal,yahoo_fantasy_api
2020,3,,8,api,Malle ❤️ 🐸,Voldemort,2020-W03-02,2,133.28,123.38,Latavius Murray,RB,BN,False,True,False,,7.0,,Latavius Murray,RB,,399.p.26804,26804,Buf,yahoo_fantasy_api
2020,3,,9,api,Malle ❤️ 🐸,Voldemort,2020-W03-02,2,133.28,123.38,Jordan Howard,RB,BN,False,True,False,,6.1,,Jordan Howard,RB,,399.p.29384,29384,NO,yahoo_fantasy_api
2020,3,,10,api,Malle ❤️ 🐸,Voldemort,2020-W03-02,2,133.28,123.38,Ben Roethlisberger,QB,BN,False,True,False,,23.18,,Ben Roethlisberger,QB,,399.p.6770,6770,Pit,yahoo_fantasy_api
2020,3,,11,api,Malle ❤️ 🐸,Voldemort,2020-W03-02,2,133.28,123.38,Preston Williams,WR,BN,False,True,False,,7.7,,Preston Williams,WR,,399.p.32447,32447,Car,yahoo_fantasy_api
2020,3,,12,api,Malle ❤️ 🐸,Voldemort,2020-W03-02,2,133.28,123.38,Blake Jarwin,TE,BN,False,True,False,,0.0,,Blake Jarwin,TE,,399.p.30784,30784,Dal,yahoo_fantasy_api
2020,3,,13,api,Malle ❤️ 🐸,Voldemort,2020-W03-02,2,133.28,123.38,Damien Harris,RB,BN,False,True,False,,0.0,,Damien Harris,RB,,399.p.31919,31919,Buf,yahoo_fantasy_api
2020,3,,14,api,Malle ❤️ 🐸,Voldemort,2020-W03-02,2,133.28,123.38,Justin Tucker,K,K,True,False,False,,9.0,,Justin Tucker,K,,399.p.26534,26534,Bal,yahoo_fantasy_api
2020,3,,15,api,Malle ❤️ 🐸,Voldemort,2020-W03-02,2,133.28,123.38,Bears,DEF,DEF,True,False,False,,4.0,,Bears,DEF,,399.p.100003,100003,Chi,yahoo_fantasy_api
2020,3,,1,api,Patty Primetimes,Ginger FC 🏆🏆,2020-W03-06,6,147.48,122.0,Lamar Jackson,QB,QB,True,False,False,,16.18,,Lamar Jackson,QB,,399.p.31002,31002,Bal,yahoo_fantasy_api
2020,3,,2,api,Patty Primetimes,Ginger FC 🏆🏆,2020-W03-06,6,147.48,122.0,Tyler Lockett,WR,WR,True,False,False,,32.5,,Tyler Lockett,WR,,399.p.28457,28457,LV,yahoo_fantasy_api
2020,3,,3,api,Patty Primetimes,Ginger FC 🏆🏆,2020-W03-06,6,147.48,122.0,T.Y. Hilton,WR,WR,True,False,False,,6.7,,T.Y. Hilton,WR,,399.p.25802,25802,Dal,yahoo_fantasy_api
2020,3,,4,api,Patty Primetimes,Ginger FC 🏆🏆,2020-W03-06,6,147.48,122.0,Nick Chubb,RB,RB,True,False,False,,23.5,,Nick Chubb,RB,,399.p.31005,31005,Hou,yahoo_fantasy_api
2020,3,,5,api,Patty Primetimes,Ginger FC 🏆🏆,2020-W03-06,6,147.48,122.0,Austin Ekeler,RB,RB,True,False,False,,25.8,,Austin Ekeler,RB,,399.p.30423,30423,Was,yahoo_fantasy_api
2020,3,,6,api,Patty Primetimes,Ginger FC 🏆🏆,2020-W03-06,6,147.48,122.0,Mark Andrews,TE,TE,True,False,False,,3.7,,Mark Andrews,TE,,399.p.31056,31056,Bal,yahoo_fantasy_api
2020,3,,7,api,Patty Primetimes,Ginger FC 🏆🏆,2020-W03-06,6,147.48,122.0,Nyheim Miller-Hines,RB,W/R/T,True,False,False,,8.1,,Nyheim Miller-Hines,RB,,399.p.31074,31074,LAC,yahoo_fantasy_api
2020,3,,8,api,Patty Primetimes,Ginger FC 🏆🏆,2020-W03-06,6,147.48,122.0,Rob Gronkowski,TE,BN,False,True,False,,7.8,,Rob Gronkowski,TE,,399.p.24017,24017,TB,yahoo_fantasy_api
2020,3,,9,api,Patty Primetimes,Ginger FC 🏆🏆,2020-W03-06,6,147.48,122.0,Christian Kirk,WR,BN,False,True,False,,0.0,,Christian Kirk,WR,,399.p.31017,31017,SF,yahoo_fantasy_api
2020,3,,10,api,Patty Primetimes,Ginger FC 🏆🏆,2020-W03-06,6,147.48,122.0,J.K. Dobbins,RB,BN,False,True,False,,6.4,,J.K. Dobbins,RB,,399.p.32725,32725,Den,yahoo_fantasy_api
2020,3,,11,api,Patty Primetimes,Ginger FC 🏆🏆,2020-W03-06,6,147.48,122.0,Matthew Stafford,QB,BN,False,True,False,,22.5,,Matthew Stafford,QB,,399.p.9265,9265,LAR,yahoo_fantasy_api
2020,3,,12,api,Patty Primetimes,Ginger FC 🏆🏆,2020-W03-06,6,147.48,122.0,Adrian Peterson,RB,BN,False,True,False,,9.0,,Adrian Peterson,RB,,399.p.8261,8261,Sea,yahoo_fantasy_api
2020,3,,13,api,Patty Primetimes,Ginger FC 🏆🏆,2020-W03-06,6,147.48,122.0,Chase Edmonds,RB,BN,False,True,False,,4.4,,Chase Edmonds,RB,,399.p.31104,31104,Was,yahoo_fantasy_api
2020,3,,14,api,Patty Primetimes,Ginger FC 🏆🏆,2020-W03-06,6,147.48,122.0,Michael Badgley,K,K,True,False,False,,5.0,,Michael Badgley,K,,399.p.31366,31366,Ind,yahoo_fantasy_api
2020,3,,15,api,Patty Primetimes,Ginger FC 🏆🏆,2020-W03-06,6,147.48,122.0,Colts,DEF,DEF,True,False,False,,26.0,,Colts,DEF,,399.p.100011,100011,Ind,yahoo_fantasy_api
2020,3,,1,api,Pop Lockett Drop it,malle_dips_pouches,2020-W03-04,4,122.12,109.24,Aaron Rodgers,QB,QB,True,False,False,,30.52,,Aaron Rodgers,QB,,399.p.7200,7200,Pit,yahoo_fantasy_api
2020,3,,2,api,Pop Lockett Drop it,malle_dips_pouches,2020-W03-04,4,122.12,109.24,Stefon Diggs,WR,WR,True,False,False,,12.9,,Stefon Diggs,WR,,399.p.28534,28534,Was,yahoo_fantasy_api
2020,3,,3,api,Pop Lockett Drop it,malle_dips_pouches,2020-W03-04,4,122.12,109.24,Will Fuller V,WR,WR,True,False,False,,13.4,,Will Fuller V,WR,,399.p.29255,29255,Mia,yahoo_fantasy_api
2020,3,,4,api,Pop Lockett Drop it,malle_dips_pouches,2020-W03-04,4,122.12,109.24,David Johnson,RB,RB,True,False,False,,11.6,,David Johnson,RB,,399.p.28474,28474,NO,yahoo_fantasy_api
2020,3,,5,api,Pop Lockett Drop it,malle_dips_pouches,2020-W03-04,4,122.12,109.24,Josh Jacobs,RB,RB,True,False,False,,7.8,,Josh Jacobs,RB,,399.p.31856,31856,GB,yahoo_fantasy_api
2020,3,,6,api,Pop Lockett Drop it,malle_dips_pouches,2020-W03-04,4,122.12,109.24,Austin Hooper,TE,TE,True,False,False,,4.0,,Austin Hooper,TE,,399.p.29315,29315,Atl,yahoo_fantasy_api
2020,3,,7,api,Pop Lockett Drop it,malle_dips_pouches,2020-W03-04,4,122.12,109.24,James Robinson,RB,W/R/T,True,False,False,,27.9,,James Robinson,RB,,399.p.33138,33138,NO,yahoo_fantasy_api
2020,3,,8,api,Pop Lockett Drop it,malle_dips_pouches,2020-W03-04,4,122.12,109.24,Julio Jones,WR,BN,False,True,False,,0.0,,Julio Jones,WR,,399.p.24793,24793,Phi,yahoo_fantasy_api
2020,3,,9,api,Pop Lockett Drop it,malle_dips_pouches,2020-W03-04,4,122.12,109.24,Emmanuel Sanders,WR,BN,False,True,False,,13.6,,Emmanuel Sanders,WR,,399.p.24057,24057,Buf,yahoo_fantasy_api
2020,3,,10,api,Pop Lockett Drop it,malle_dips_pouches,2020-W03-04,4,122.12,109.24,Courtland Sutton,WR,BN,False,True,False,,0.0,,Courtland Sutton,WR,,399.p.31010,31010,Den,yahoo_fantasy_api
2020,3,,11,api,Pop Lockett Drop it,malle_dips_pouches,2020-W03-04,4,122.12,109.24,Henry Ruggs III,WR,BN,False,True,False,,0.0,,Henry Ruggs III,WR,,399.p.32682,32682,LV,yahoo_fantasy_api
2020,3,,12,api,Pop Lockett Drop it,malle_dips_pouches,2020-W03-04,4,122.12,109.24,Justin Jefferson,WR,BN,False,True,False,,27.0,,Justin Jefferson,WR,,399.p.32692,32692,Min,yahoo_fantasy_api
2020,3,,13,api,Pop Lockett Drop it,malle_dips_pouches,2020-W03-04,4,122.12,109.24,Daniel Jones,QB,BN,False,True,False,,9.06,,Daniel Jones,QB,,399.p.31838,31838,Ind,yahoo_fantasy_api
2020,3,,14,api,Pop Lockett Drop it,malle_dips_pouches,2020-W03-04,4,122.12,109.24,Mason Crosby,K,K,True,False,False,,16.0,,Mason Crosby,K,,399.p.8447,8447,NYG,yahoo_fantasy_api
2020,3,,15,api,Pop Lockett Drop it,malle_dips_pouches,2020-W03-04,4,122.12,109.24,Giants,DEF,DEF,True,False,False,,-2.0,,Giants,DEF,,399.p.100019,100019,NYG,yahoo_fantasy_api
2020,3,,1,api,Post Mahomes,Big Sack Jack,2020-W03-05,5,113.4,121.8,Kyler Murray,QB,QB,True,False,False,,28.7,,Kyler Murray,QB,,399.p.31833,31833,Min,yahoo_fantasy_api
2020,3,,2,api,Post Mahomes,Big Sack Jack,2020-W03-05,5,113.4,121.8,Robert Woods,WR,WR,True,False,False,,18.9,,Robert Woods,WR,,399.p.26664,26664,Pit,yahoo_fantasy_api
2020,3,,3,api,Post Mahomes,Big Sack Jack,2020-W03-05,5,113.4,121.8,Kenny Golladay,WR,WR,True,False,False,,14.7,,Kenny Golladay,WR,,399.p.30209,30209,NYG,yahoo_fantasy_api
2020,3,,4,api,Post Mahomes,Big Sack Jack,2020-W03-05,5,113.4,121.8,David Montgomery,RB,RB,True,False,False,,6.4,,David Montgomery,RB,,399.p.31905,31905,Hou,yahoo_fantasy_api
2020,3,,5,api,Post Mahomes,Big Sack Jack,2020-W03-05,5,113.4,121.8,Chris Carson,RB,RB,True,False,False,,9.1,,Chris Carson,RB,,399.p.30362,30362,Sea,yahoo_fantasy_api
2020,3,,6,api,Post Mahomes,Big Sack Jack,2020-W03-05,5,113.4,121.8,Noah Fant,TE,TE,True,False,False,,7.1,,Noah Fant,TE,,399.p.31852,31852,NO,yahoo_fantasy_api
2020,3,,7,api,Post Mahomes,Big Sack Jack,2020-W03-05,5,113.4,121.8,DJ Moore,WR,W/R/T,True,False,False,,7.5,,DJ Moore,WR,,399.p.30994,30994,Buf,yahoo_fantasy_api
2020,3,,8,api,Post Mahomes,Big Sack Jack,2020-W03-05,5,113.4,121.8,A.J. Green,WR,BN,False,True,False,,6.1,,A.J. Green,WR,,399.p.24791,24791,Ari,yahoo_fantasy_api
2020,3,,9,api,Post Mahomes,Big Sack Jack,2020-W03-05,5,113.4,121.8,Hayden Hurst,TE,BN,False,True,False,,6.6,,Hayden Hurst,TE,,399.p.30995,30995,LAC,yahoo_fantasy_api
2020,3,,10,api,Post Mahomes,Big Sack Jack,2020-W03-05,5,113.4,121.8,Carson Wentz,QB,BN,False,True,False,,25.5,,Carson Wentz,QB,,399.p.29236,29236,Min,yahoo_fantasy_api
2020,3,,11,api,Post Mahomes,Big Sack Jack,2020-W03-05,5,113.4,121.8,Phillip Lindsay,RB,BN,False,True,False,,0.0,,Phillip Lindsay,RB,,399.p.31379,31379,Ind,yahoo_fantasy_api
2020,3,,12,api,Post Mahomes,Big Sack Jack,2020-W03-05,5,113.4,121.8,Joshua Kelley,RB,BN,False,True,False,,4.2,,Joshua Kelley,RB,,399.p.32782,32782,Ten,yahoo_fantasy_api
2020,3,,13,api,Post Mahomes,Big Sack Jack,2020-W03-05,5,113.4,121.8,Devonta Freeman,RB,BN,False,True,False,,1.0,,Devonta Freeman,RB,,399.p.27631,27631,Bal,yahoo_fantasy_api
2020,3,,14,api,Post Mahomes,Big Sack Jack,2020-W03-05,5,113.4,121.8,Saquon Barkley,RB,IR,False,False,True,,0.0,,Saquon Barkley,RB,,399.p.30972,30972,Phi,yahoo_fantasy_api
2020,3,,15,api,Post Mahomes,Big Sack Jack,2020-W03-05,5,113.4,121.8,Matt Prater,K,K,True,False,False,,14.0,,Matt Prater,K,,399.p.8565,8565,Buf,yahoo_fantasy_api
2020,3,,16,api,Post Mahomes,Big Sack Jack,2020-W03-05,5,113.4,121.8,Titans,DEF,DEF,True,False,False,,7.0,,Titans,DEF,,399.p.100010,100010,Ten,yahoo_fantasy_api
2020,3,,1,api,The Big Gronkowski,Joe Mantegna,2020-W03-01,1,160.22,112.36,Drew Brees,QB,QB,True,False,False,,29.52,,Drew Brees,QB,,399.p.5479,5479,NO,yahoo_fantasy_api
2020,3,,2,api,The Big Gronkowski,Joe Mantegna,2020-W03-01,1,160.22,112.36,Allen Robinson,WR,WR,True,False,False,,23.3,,Allen Robinson,WR,,399.p.27589,27589,Det,yahoo_fantasy_api
2020,3,,3,api,The Big Gronkowski,Joe Mantegna,2020-W03-01,1,160.22,112.36,Cooper Kupp,WR,WR,True,False,False,,21.2,,Cooper Kupp,WR,,399.p.30182,30182,Sea,yahoo_fantasy_api
2020,3,,4,api,The Big Gronkowski,Joe Mantegna,2020-W03-01,1,160.22,112.36,Dalvin Cook,RB,RB,True,False,False,,24.9,,Dalvin Cook,RB,,399.p.30154,30154,Dal,yahoo_fantasy_api
2020,3,,5,api,The Big Gronkowski,Joe Mantegna,2020-W03-01,1,160.22,112.36,James Conner,RB,RB,True,False,False,,22.9,,James Conner,RB,,399.p.30218,30218,Ari,yahoo_fantasy_api
2020,3,,6,api,The Big Gronkowski,Joe Mantegna,2020-W03-01,1,160.22,112.36,Jonnu Smith,TE,TE,True,False,False,,8.6,,Jonnu Smith,TE,,399.p.30213,30213,GB,yahoo_fantasy_api
2020,3,,7,api,The Big Gronkowski,Joe Mantegna,2020-W03-01,1,160.22,112.36,Darius Slayton,WR,W/R/T,True,False,False,,4.8,,Darius Slayton,WR,,399.p.32003,32003,Ind,yahoo_fantasy_api
2020,3,,8,api,The Big Gronkowski,Joe Mantegna,2020-W03-01,1,160.22,112.36,Odell Beckham Jr.,WR,BN,False,True,False,,7.9,,Odell Beckham Jr.,WR,,399.p.27540,27540,NYG,yahoo_fantasy_api
2020,3,,9,api,The Big Gronkowski,Joe Mantegna,2020-W03-01,1,160.22,112.36,Darren Waller,TE,BN,False,True,False,,1.9,,Darren Waller,TE,,399.p.28592,28592,Car,yahoo_fantasy_api
2020,3,,10,api,The Big Gronkowski,Joe Mantegna,2020-W03-01,1,160.22,112.36,Ronald Jones,RB,BN,False,True,False,,8.3,,Ronald Jones,RB,,399.p.31008,31008,Dal,yahoo_fantasy_api
2020,3,,11,api,The Big Gronkowski,Joe Mantegna,2020-W03-01,1,160.22,112.36,Sterling Shepard,WR,BN,False,True,False,,0.0,,Sterling Shepard,WR,,399.p.29274,29274,NYJ,yahoo_fantasy_api
2020,3,,12,api,The Big Gronkowski,Joe Mantegna,2020-W03-01,1,160.22,112.36,Jared Goff,QB,BN,False,True,False,,32.24,,Jared Goff,QB,,399.p.29235,29235,Det,yahoo_fantasy_api
2020,3,,13,api,The Big Gronkowski,Joe Mantegna,2020-W03-01,1,160.22,112.36,Boston Scott,RB,BN,False,True,False,,0.5,,Boston Scott,RB,,399.p.31171,31171,Pit,yahoo_fantasy_api
2020,3,,14,api,The Big Gronkowski,Joe Mantegna,2020-W03-01,1,160.22,112.36,Wil Lutz,K,K,True,False,False,,13.0,,Wil Lutz,K,,399.p.29754,29754,Den,yahoo_fantasy_api
2020,3,,15,api,The Big Gronkowski,Joe Mantegna,2020-W03-01,1,160.22,112.36,49ers,DEF,DEF,True,False,False,,12.0,,49ers,DEF,,399.p.100025,100025,SF,yahoo_fantasy_api
2020,3,,1,api,ThreatLevelMidnight,Uncle Rico,2020-W03-03,3,119.62,130.04,Matt Ryan,QB,QB,True,False,False,,14.42,,Matt Ryan,QB,,399.p.8780,8780,Ind,yahoo_fantasy_api
2020,3,,2,api,ThreatLevelMidnight,Uncle Rico,2020-W03-03,3,119.62,130.04,Michael Gallup,WR,WR,True,False,False,,22.8,,Michael Gallup,WR,,399.p.31051,31051,Was,yahoo_fantasy_api
2020,3,,3,api,ThreatLevelMidnight,Uncle Rico,2020-W03-03,3,119.62,130.04,Marvin Jones Jr.,WR,WR,True,False,False,,6.6,,Marvin Jones Jr.,WR,,399.p.25876,25876,Det,yahoo_fantasy_api
2020,3,,4,api,ThreatLevelMidnight,Uncle Rico,2020-W03-03,3,119.62,130.04,Joe Mixon,RB,RB,True,False,False,,7.5,,Joe Mixon,RB,,399.p.30161,30161,Hou,yahoo_fantasy_api
2020,3,,5,api,ThreatLevelMidnight,Uncle Rico,2020-W03-03,3,119.62,130.04,Mike Davis,RB,RB,True,False,False,,19.1,,Mike Davis,RB,,399.p.28514,28514,Bal,yahoo_fantasy_api
2020,3,,6,api,ThreatLevelMidnight,Uncle Rico,2020-W03-03,3,119.62,130.04,Dalton Schultz,TE,TE,True,False,False,,6.8,,Dalton Schultz,TE,,399.p.31107,31107,Hou,yahoo_fantasy_api
2020,3,,7,api,ThreatLevelMidnight,Uncle Rico,2020-W03-03,3,119.62,130.04,Jeff Wilson Jr.,RB,W/R/T,True,False,False,,20.4,,Jeff Wilson Jr.,RB,,399.p.31394,31394,Mia,yahoo_fantasy_api
2020,3,,8,api,ThreatLevelMidnight,Uncle Rico,2020-W03-03,3,119.62,130.04,Tyler Boyd,WR,BN,False,True,False,,17.5,,Tyler Boyd,WR,,399.p.29288,29288,Ten,yahoo_fantasy_api
2020,3,,9,api,ThreatLevelMidnight,Uncle Rico,2020-W03-03,3,119.62,130.04,Davante Adams,WR,BN,False,True,False,,0.0,,Davante Adams,WR,,399.p.27581,27581,LAR,yahoo_fantasy_api
2020,3,,10,api,ThreatLevelMidnight,Uncle Rico,2020-W03-03,3,119.62,130.04,Raheem Mostert,RB,BN,False,True,False,,0.0,,Raheem Mostert,RB,,399.p.28654,28654,LV,yahoo_fantasy_api
2020,3,,11,api,ThreatLevelMidnight,Uncle Rico,2020-W03-03,3,119.62,130.04,A.J. Brown,WR,BN,False,True,False,,0.0,,A.J. Brown,WR,,399.p.31883,31883,NE,yahoo_fantasy_api
2020,3,,12,api,ThreatLevelMidnight,Uncle Rico,2020-W03-03,3,119.62,130.04,Malcolm Brown,RB,BN,False,True,False,,1.9,,Malcolm Brown,RB,,399.p.28990,28990,LAR,yahoo_fantasy_api
2020,3,,13,api,ThreatLevelMidnight,Uncle Rico,2020-W03-03,3,119.62,130.04,Jason Myers,K,K,True,False,False,,4.0,,Jason Myers,K,,399.p.28378,28378,Sea,yahoo_fantasy_api
2020,3,,14,api,ThreatLevelMidnight,Uncle Rico,2020-W03-03,3,119.62,130.04,Buccaneers,DEF,DEF,True,False,False,,18.0,,Buccaneers,DEF,,399.p.100027,100027,TB,yahoo_fantasy_api
2020,3,,1,api,Uncle Rico,ThreatLevelMidnight,2020-W03-03,3,130.04,119.62,Josh Allen,QB,QB,True,False,False,,40.24,,Josh Allen,QB,,399.p.30977,30977,Buf,yahoo_fantasy_api
2020,3,,2,api,Uncle Rico,ThreatLevelMidnight,2020-W03-03,3,130.04,119.62,Diontae Johnson,WR,WR,True,False,False,,0.9,,Diontae Johnson,WR,,399.p.31898,31898,Cle,yahoo_fantasy_api
2020,3,,3,api,Uncle Rico,ThreatLevelMidnight,2020-W03-03,3,130.04,119.62,Chris Godwin Jr.,WR,WR,True,False,False,,14.9,,Chris Godwin Jr.,WR,,399.p.30197,30197,TB,yahoo_fantasy_api
2020,3,,4,api,Uncle Rico,ThreatLevelMidnight,2020-W03-03,3,130.04,119.62,Derrick Henry,RB,RB,True,False,False,,26.0,,Derrick Henry,RB,,399.p.29279,29279,Bal,yahoo_fantasy_api
2020,3,,5,api,Uncle Rico,ThreatLevelMidnight,2020-W03-03,3,130.04,119.62,Antonio Gibson,RB,RB,True,False,False,,11.5,,Antonio Gibson,RB,,399.p.32736,32736,NE,yahoo_fantasy_api
2020,3,,6,api,Uncle Rico,ThreatLevelMidnight,2020-W03-03,3,130.04,119.62,Mike Gesicki,TE,TE,True,False,False,,8.0,,Mike Gesicki,TE,,399.p.31012,31012,Cin,yahoo_fantasy_api
2020,3,,7,api,Uncle Rico,ThreatLevelMidnight,2020-W03-03,3,130.04,119.62,Zach Ertz,TE,W/R/T,True,False,False,,10.5,,Zach Ertz,TE,,399.p.26658,26658,Phi,yahoo_fantasy_api
2020,3,,8,api,Uncle Rico,ThreatLevelMidnight,2020-W03-03,3,130.04,119.62,Michael Thomas,WR,BN,False,True,False,,0.0,,Michael Thomas,WR,,399.p.29281,29281,NO,yahoo_fantasy_api
2020,3,,9,api,Uncle Rico,ThreatLevelMidnight,2020-W03-03,3,130.04,119.62,Benny Snell Jr.,RB,BN,False,True,False,,1.1,,Benny Snell Jr.,RB,,399.p.31954,31954,Pit,yahoo_fantasy_api
2020,3,,10,api,Uncle Rico,ThreatLevelMidnight,2020-W03-03,3,130.04,119.62,Corey Davis,WR,BN,False,True,False,,9.4,,Corey Davis,WR,,399.p.30118,30118,NYJ,yahoo_fantasy_api
2020,3,,11,api,Uncle Rico,ThreatLevelMidnight,2020-W03-03,3,130.04,119.62,Jamison Crowder,WR,BN,False,True,False,,0.0,,Jamison Crowder,WR,,399.p.28493,28493,Was,yahoo_fantasy_api
2020,3,,12,api,Uncle Rico,ThreatLevelMidnight,2020-W03-03,3,130.04,119.62,D'Andre Swift,RB,BN,False,True,False,,2.4,,D'Andre Swift,RB,,399.p.32705,32705,Chi,yahoo_fantasy_api
2020,3,,13,api,Uncle Rico,ThreatLevelMidnight,2020-W03-03,3,130.04,119.62,Cam Newton,QB,BN,False,True,False,,14.18,,Cam Newton,QB,,399.p.24788,24788,Car,yahoo_fantasy_api
2020,3,,14,api,Uncle Rico,ThreatLevelMidnight,2020-W03-03,3,130.04,119.62,Jake Elliott,K,K,True,False,False,,14.0,,Jake Elliott,K,,399.p.30266,30266,Phi,yahoo_fantasy_api
2020,3,,15,api,Uncle Rico,ThreatLevelMidnight,2020-W03-03,3,130.04,119.62,Rams,DEF,DEF,True,False,False,,4.0,,Rams,DEF,,399.p.100014,100014,LAR,yahoo_fantasy_api
2020,3,,1,api,Voldemort,Malle ❤️ 🐸,2020-W03-02,2,123.38,133.28,Dak Prescott,QB,QB,True,False,False,,35.48,,Dak Prescott,QB,,399.p.29369,29369,Dal,yahoo_fantasy_api
2020,3,,2,api,Voldemort,Malle ❤️ 🐸,2020-W03-02,2,123.38,133.28,Terry McLaurin,WR,WR,True,False,False,,10.6,,Terry McLaurin,WR,,399.p.31908,31908,Was,yahoo_fantasy_api
2020,3,,3,api,Voldemort,Malle ❤️ 🐸,2020-W03-02,2,123.38,133.28,Tyreek Hill,WR,WR,True,False,False,,18.7,,Tyreek Hill,WR,,399.p.29399,29399,Mia,yahoo_fantasy_api
2020,3,,4,api,Voldemort,Malle ❤️ 🐸,2020-W03-02,2,123.38,133.28,Jonathan Taylor,RB,RB,True,False,False,,12.7,,Jonathan Taylor,RB,,399.p.32711,32711,Ind,yahoo_fantasy_api
2020,3,,5,api,Voldemort,Malle ❤️ 🐸,2020-W03-02,2,123.38,133.28,Darrell Henderson Jr.,RB,RB,True,False,False,,18.5,,Darrell Henderson Jr.,RB,,399.p.31902,31902,LAR,yahoo_fantasy_api
2020,3,,6,api,Voldemort,Malle ❤️ 🐸,2020-W03-02,2,123.38,133.28,Tyler Higbee,TE,TE,True,False,False,,7.0,,Tyler Higbee,TE,,399.p.29344,29344,LAR,yahoo_fantasy_api
2020,3,,7,api,Voldemort,Malle ❤️ 🐸,2020-W03-02,2,123.38,133.28,Kenyan Drake,RB,W/R/T,True,False,False,,8.4,,Kenyan Drake,RB,,399.p.29307,29307,Bal,yahoo_fantasy_api
2020,3,,8,api,Voldemort,Malle ❤️ 🐸,2020-W03-02,2,123.38,133.28,T.J. Hockenson,TE,BN,False,True,False,,7.3,,T.J. Hockenson,TE,,399.p.31840,31840,Min,yahoo_fantasy_api
2020,3,,9,api,Voldemort,Malle ❤️ 🐸,2020-W03-02,2,123.38,133.28,Mark Ingram II,RB,BN,False,True,False,,3.0,,Mark Ingram II,RB,,399.p.24815,24815,NO,yahoo_fantasy_api
2020,3,,10,api,Voldemort,Malle ❤️ 🐸,2020-W03-02,2,123.38,133.28,John Brown,WR,BN,False,True,False,,0.0,,John Brown,WR,,399.p.27619,27619,Buf,yahoo_fantasy_api
2020,3,,11,api,Voldemort,Malle ❤️ 🐸,2020-W03-02,2,123.38,133.28,Brandin Cooks,WR,BN,False,True,False,,3.8,,Brandin Cooks,WR,,399.p.27548,27548,SF,yahoo_fantasy_api
2020,3,,12,api,Voldemort,Malle ❤️ 🐸,2020-W03-02,2,123.38,133.28,Leonard Fournette,RB,BN,False,True,False,,3.2,,Leonard Fournette,RB,,399.p.30117,30117,Buf,yahoo_fantasy_api
2020,3,,13,api,Voldemort,Malle ❤️ 🐸,2020-W03-02,2,123.38,133.28,Alexander Mattison,RB,BN,False,True,False,,2.7,,Alexander Mattison,RB,,399.p.31934,31934,Mia,yahoo_fantasy_api
2020,3,,14,api,Voldemort,Malle ❤️ 🐸,2020-W03-02,2,123.38,133.28,Younghoe Koo,K,K,True,False,False,,8.0,,Younghoe Koo,K,,399.p.30426,30426,NYG,yahoo_fantasy_api
2020,3,,15,api,Voldemort,Malle ❤️ 🐸,2020-W03-02,2,123.38,133.28,Chargers,DEF,DEF,True,False,False,,4.0,,Chargers,DEF,,399.p.100024,100024,LAC,yahoo_fantasy_api
2020,3,,1,api,malle_dips_pouches,Pop Lockett Drop it,2020-W03-04,4,109.24,122.12,Ryan Tannehill,QB,QB,True,False,False,,13.24,,Ryan Tannehill,QB,,399.p.25718,25718,Ten,yahoo_fantasy_api
2020,3,,2,api,malle_dips_pouches,Pop Lockett Drop it,2020-W03-04,4,109.24,122.12,DeAndre Hopkins,WR,WR,True,False,False,,18.7,,DeAndre Hopkins,WR,,399.p.26650,26650,Bal,yahoo_fantasy_api
2020,3,,3,api,malle_dips_pouches,Pop Lockett Drop it,2020-W03-04,4,109.24,122.12,Amari Cooper,WR,WR,True,False,False,,13.1,,Amari Cooper,WR,,399.p.28392,28392,Buf,yahoo_fantasy_api
2020,3,,4,api,malle_dips_pouches,Pop Lockett Drop it,2020-W03-04,4,109.24,122.12,Aaron Jones Sr.,RB,RB,True,False,False,,15.6,,Aaron Jones Sr.,RB,,399.p.30295,30295,Min,yahoo_fantasy_api
2020,3,,5,api,malle_dips_pouches,Pop Lockett Drop it,2020-W03-04,4,109.24,122.12,Devin Singletary,RB,RB,True,False,False,,14.1,,Devin Singletary,RB,,399.p.31906,31906,NYG,yahoo_fantasy_api
2020,3,,6,api,malle_dips_pouches,Pop Lockett Drop it,2020-W03-04,4,109.24,122.12,Hunter Henry,TE,TE,True,False,False,,7.5,,Hunter Henry,TE,,399.p.29269,29269,NE,yahoo_fantasy_api
2020,3,,7,api,malle_dips_pouches,Pop Lockett Drop it,2020-W03-04,4,109.24,122.12,Robbie Chosen,WR,W/R/T,True,False,False,,8.0,,Robbie Chosen,WR,,399.p.29785,29785,Was,yahoo_fantasy_api
2020,3,,8,api,malle_dips_pouches,Pop Lockett Drop it,2020-W03-04,4,109.24,122.12,Deebo Samuel Sr.,WR,BN,False,True,False,,0.0,,Deebo Samuel Sr.,WR,,399.p.31868,31868,SF,yahoo_fantasy_api
2020,3,,9,api,malle_dips_pouches,Pop Lockett Drop it,2020-W03-04,4,109.24,122.12,Jerry Jeudy,WR,BN,False,True,False,,8.0,,Jerry Jeudy,WR,,399.p.32685,32685,Cle,yahoo_fantasy_api
2020,3,,10,api,malle_dips_pouches,Pop Lockett Drop it,2020-W03-04,4,109.24,122.12,Eric Ebron,TE,BN,False,True,False,,13.7,,Eric Ebron,TE,,399.p.27538,27538,Pit,yahoo_fantasy_api
2020,3,,11,api,malle_dips_pouches,Pop Lockett Drop it,2020-W03-04,4,109.24,122.12,Derek Carr,QB,BN,False,True,False,,19.44,,Derek Carr,QB,,399.p.27564,27564,NO,yahoo_fantasy_api
2020,3,,12,api,malle_dips_pouches,Pop Lockett Drop it,2020-W03-04,4,109.24,122.12,Frank Gore,RB,BN,False,True,False,,6.7,,Frank Gore,RB,,399.p.7241,7241,NYJ,yahoo_fantasy_api
2020,3,,13,api,malle_dips_pouches,Pop Lockett Drop it,2020-W03-04,4,109.24,122.12,Myles Gaskin,RB,BN,False,True,False,,12.0,,Myles Gaskin,RB,,399.p.32066,32066,Sea,yahoo_fantasy_api
2020,3,,14,api,malle_dips_pouches,Pop Lockett Drop it,2020-W03-04,4,109.24,122.12,Le'Veon Bell,RB,IR,False,False,True,,0.0,,Le'Veon Bell,RB,,399.p.26671,26671,TB,yahoo_fantasy_api
2020,3,,15,api,malle_dips_pouches,Pop Lockett Drop it,2020-W03-04,4,109.24,122.12,Robbie Gould,K,K,True,False,False,,14.0,,Robbie Gould,K,,399.p.7520,7520,SF,yahoo_fantasy_api
2020,3,,16,api,malle_dips_pouches,Pop Lockett Drop it,2020-W03-04,4,109.24,122.12,Bills,DEF,DEF,True,False,False,,5.0,,Bills,DEF,,399.p.100002,100002,Buf,yahoo_fantasy_api
2020,4,,1,api,Big Sack Jack,Ginger FC 🏆🏆,2020-W04-06,6,97.8,108.4,Kirk Cousins,QB,QB,True,False,False,,16.9,,Kirk Cousins,QB,,399.p.25812,25812,LV,yahoo_fantasy_api
2020,4,,2,api,Big Sack Jack,Ginger FC 🏆🏆,2020-W04-06,6,97.8,108.4,Keenan Allen,WR,WR,True,False,False,,10.2,,Keenan Allen,WR,,399.p.26699,26699,Ind,yahoo_fantasy_api
2020,4,,3,api,Big Sack Jack,Ginger FC 🏆🏆,2020-W04-06,6,97.8,108.4,Hollywood Brown,WR,WR,True,False,False,,10.6,,Hollywood Brown,WR,,399.p.31857,31857,Phi,yahoo_fantasy_api
2020,4,,4,api,Big Sack Jack,Ginger FC 🏆🏆,2020-W04-06,6,97.8,108.4,Ezekiel Elliott,RB,RB,True,False,False,,16.5,,Ezekiel Elliott,RB,,399.p.29238,29238,Dal,yahoo_fantasy_api
2020,4,,5,api,Big Sack Jack,Ginger FC 🏆🏆,2020-W04-06,6,97.8,108.4,Melvin Gordon III,RB,RB,True,False,False,,24.8,,Melvin Gordon III,RB,,399.p.28403,28403,Bal,yahoo_fantasy_api
2020,4,,6,api,Big Sack Jack,Ginger FC 🏆🏆,2020-W04-06,6,97.8,108.4,Evan Engram,TE,TE,True,False,False,,6.5,,Evan Engram,TE,,399.p.30136,30136,Den,yahoo_fantasy_api
2020,4,,7,api,Big Sack Jack,Ginger FC 🏆🏆,2020-W04-06,6,97.8,108.4,Sammy Watkins,WR,W/R/T,True,False,False,,4.3,,Sammy Watkins,WR,,399.p.27532,27532,Bal,yahoo_fantasy_api
2020,4,,8,api,Big Sack Jack,Ginger FC 🏆🏆,2020-W04-06,6,97.8,108.4,Julian Edelman,WR,BN,False,True,False,,5.0,,Julian Edelman,WR,,399.p.9496,9496,NE,yahoo_fantasy_api
2020,4,,9,api,Big Sack Jack,Ginger FC 🏆🏆,2020-W04-06,6,97.8,108.4,Patrick Mahomes,QB,BN,False,True,False,,24.24,,Patrick Mahomes,QB,,399.p.30123,30123,KC,yahoo_fantasy_api
2020,4,,10,api,Big Sack Jack,Ginger FC 🏆🏆,2020-W04-06,6,97.8,108.4,Dallas Goedert,TE,BN,False,True,False,,0.0,,Dallas Goedert,TE,,399.p.31019,31019,Phi,yahoo_fantasy_api
2020,4,,11,api,Big Sack Jack,Ginger FC 🏆🏆,2020-W04-06,6,97.8,108.4,CeeDee Lamb,WR,BN,False,True,False,,22.7,,CeeDee Lamb,WR,,399.p.32687,32687,Dal,yahoo_fantasy_api
2020,4,,12,api,Big Sack Jack,Ginger FC 🏆🏆,2020-W04-06,6,97.8,108.4,James White,RB,BN,False,True,False,,9.4,,James White,RB,,399.p.27658,27658,NE,yahoo_fantasy_api
2020,4,,13,api,Big Sack Jack,Ginger FC 🏆🏆,2020-W04-06,6,97.8,108.4,Anthony Miller,WR,BN,False,True,False,,3.1,,Anthony Miller,WR,,399.p.31021,31021,Bal,yahoo_fantasy_api
2020,4,,14,api,Big Sack Jack,Ginger FC 🏆🏆,2020-W04-06,6,97.8,108.4,Greg Zuerlein,K,K,True,False,False,,2.0,,Greg Zuerlein,K,,399.p.25881,25881,NYJ,yahoo_fantasy_api
2020,4,,15,api,Big Sack Jack,Ginger FC 🏆🏆,2020-W04-06,6,97.8,108.4,Ravens,DEF,DEF,True,False,False,,6.0,,Ravens,DEF,,399.p.100033,100033,Bal,yahoo_fantasy_api
2020,4,,1,api,Ginger FC 🏆🏆,Big Sack Jack,2020-W04-06,6,108.4,97.8,Russell Wilson,QB,QB,True,False,False,,25.9,,Russell Wilson,QB,,399.p.25785,25785,NYG,yahoo_fantasy_api
2020,4,,2,api,Ginger FC 🏆🏆,Big Sack Jack,2020-W04-06,6,108.4,97.8,DK Metcalf,WR,WR,True,False,False,,12.6,,DK Metcalf,WR,,399.p.31896,31896,Pit,yahoo_fantasy_api
2020,4,,3,api,Ginger FC 🏆🏆,Big Sack Jack,2020-W04-06,6,108.4,97.8,Mike Evans,WR,WR,True,False,False,,21.7,,Mike Evans,WR,,399.p.27535,27535,SF,yahoo_fantasy_api
2020,4,,4,api,Ginger FC 🏆🏆,Big Sack Jack,2020-W04-06,6,108.4,97.8,Chris Thompson,RB,RB,True,False,False,,0.0,,Chris Thompson,RB,,399.p.26777,26777,SF,yahoo_fantasy_api
2020,4,,5,api,Ginger FC 🏆🏆,Big Sack Jack,2020-W04-06,6,108.4,97.8,Jerick McKinnon,RB,RB,True,False,False,,19.2,,Jerick McKinnon,RB,,399.p.27624,27624,KC,yahoo_fantasy_api
2020,4,,6,api,Ginger FC 🏆🏆,Big Sack Jack,2020-W04-06,6,108.4,97.8,Jared Cook,TE,TE,True,False,False,,0.0,,Jared Cook,TE,,399.p.9353,9353,LAC,yahoo_fantasy_api
2020,4,,7,api,Ginger FC 🏆🏆,Big Sack Jack,2020-W04-06,6,108.4,97.8,DeVante Parker,WR,W/R/T,True,False,False,,16.0,,DeVante Parker,WR,,399.p.28402,28402,NE,yahoo_fantasy_api
2020,4,,8,api,Ginger FC 🏆🏆,Big Sack Jack,2020-W04-06,6,108.4,97.8,Allen Lazard,WR,BN,False,True,False,,0.0,,Allen Lazard,WR,,399.p.31268,31268,NYJ,yahoo_fantasy_api
2020,4,,9,api,Ginger FC 🏆🏆,Big Sack Jack,2020-W04-06,6,108.4,97.8,Cam Akers,RB,BN,False,True,False,,0.0,,Cam Akers,RB,,399.p.32722,32722,Sea,yahoo_fantasy_api
2020,4,,10,api,Ginger FC 🏆🏆,Big Sack Jack,2020-W04-06,6,108.4,97.8,Sony Michel,RB,BN,False,True,False,,0.0,,Sony Michel,RB,,399.p.31001,31001,LAC,yahoo_fantasy_api
2020,4,,11,api,Ginger FC 🏆🏆,Big Sack Jack,2020-W04-06,6,108.4,97.8,Brandon Aiyuk,WR,BN,False,True,False,,12.6,,Brandon Aiyuk,WR,,399.p.32695,32695,SF,yahoo_fantasy_api
2020,4,,12,api,Ginger FC 🏆🏆,Big Sack Jack,2020-W04-06,6,108.4,97.8,Duke Johnson,RB,BN,False,True,False,,6.0,,Duke Johnson,RB,,399.p.28465,28465,Buf,yahoo_fantasy_api
2020,4,,13,api,Ginger FC 🏆🏆,Big Sack Jack,2020-W04-06,6,108.4,97.8,Christian McCaffrey,RB,IR,False,False,True,,0.0,,Christian McCaffrey,RB,,399.p.30121,30121,SF,yahoo_fantasy_api
2020,4,,14,api,Ginger FC 🏆🏆,Big Sack Jack,2020-W04-06,6,108.4,97.8,Harrison Butker,K,K,True,False,False,,8.0,,Harrison Butker,K,,399.p.30346,30346,KC,yahoo_fantasy_api
2020,4,,15,api,Ginger FC 🏆🏆,Big Sack Jack,2020-W04-06,6,108.4,97.8,Seahawks,DEF,DEF,True,False,False,,5.0,,Seahawks,DEF,,399.p.100026,100026,Sea,yahoo_fantasy_api
2020,4,,16,api,Ginger FC 🏆🏆,Big Sack Jack,2020-W04-06,6,108.4,97.8,Steelers,DEF,BN,False,True,False,,0.0,,Steelers,DEF,,399.p.100023,100023,Pit,yahoo_fantasy_api
2020,4,,1,api,Joe Mantegna,Malle ❤️ 🐸,2020-W04-02,2,140.78,126.66,Deshaun Watson,QB,QB,True,False,False,,24.9,,Deshaun Watson,QB,,399.p.30125,30125,Cle,yahoo_fantasy_api
2020,4,,2,api,Joe Mantegna,Malle ❤️ 🐸,2020-W04-02,2,140.78,126.66,Jarvis Landry,WR,WR,True,False,False,,14.78,,Jarvis Landry,WR,,399.p.27591,27591,NO,yahoo_fantasy_api
2020,4,,3,api,Joe Mantegna,Malle ❤️ 🐸,2020-W04-02,2,140.78,126.66,DJ Chark,WR,WR,True,False,False,,25.5,,DJ Chark,WR,,399.p.31031,31031,Atl,yahoo_fantasy_api
2020,4,,4,api,Joe Mantegna,Malle ❤️ 🐸,2020-W04-02,2,140.78,126.66,Clyde Edwards-Helaire,RB,RB,True,False,False,,10.6,,Clyde Edwards-Helaire,RB,,399.p.32702,32702,KC,yahoo_fantasy_api
2020,4,,5,api,Joe Mantegna,Malle ❤️ 🐸,2020-W04-02,2,140.78,126.66,Miles Sanders,RB,RB,True,False,False,,8.6,,Miles Sanders,RB,,399.p.31885,31885,Dal,yahoo_fantasy_api
2020,4,,6,api,Joe Mantegna,Malle ❤️ 🐸,2020-W04-02,2,140.78,126.66,George Kittle,TE,TE,True,False,False,,32.6,,George Kittle,TE,,399.p.30259,30259,SF,yahoo_fantasy_api
2020,4,,7,api,Joe Mantegna,Malle ❤️ 🐸,2020-W04-02,2,140.78,126.66,Todd Gurley,RB,W/R/T,True,False,False,,18.8,,Todd Gurley,RB,,399.p.28398,28398,Atl,yahoo_fantasy_api
2020,4,,8,api,Joe Mantegna,Malle ❤️ 🐸,2020-W04-02,2,140.78,126.66,Curtis Samuel,WR,BN,False,True,False,,6.3,,Curtis Samuel,WR,,399.p.30153,30153,Buf,yahoo_fantasy_api
2020,4,,9,api,Joe Mantegna,Malle ❤️ 🐸,2020-W04-02,2,140.78,126.66,JuJu Smith-Schuster,WR,BN,False,True,False,,0.0,,JuJu Smith-Schuster,WR,,399.p.30175,30175,NYG,yahoo_fantasy_api
2020,4,,10,api,Joe Mantegna,Malle ❤️ 🐸,2020-W04-02,2,140.78,126.66,Logan Thomas,TE,BN,False,True,False,,1.3,,Logan Thomas,TE,,399.p.27648,27648,SF,yahoo_fantasy_api
2020,4,,11,api,Joe Mantegna,Malle ❤️ 🐸,2020-W04-02,2,140.78,126.66,Zack Moss,RB,BN,False,True,False,,0.0,,Zack Moss,RB,,399.p.32756,32756,Cin,yahoo_fantasy_api
2020,4,,12,api,Joe Mantegna,Malle ❤️ 🐸,2020-W04-02,2,140.78,126.66,Greg Ward,WR,BN,False,True,False,,5.8,,Greg Ward,WR,,399.p.30715,30715,Ind,yahoo_fantasy_api
2020,4,,13,api,Joe Mantegna,Malle ❤️ 🐸,2020-W04-02,2,140.78,126.66,Zane Gonzalez,K,K,True,False,False,,3.0,,Zane Gonzalez,K,,399.p.30337,30337,Mia,yahoo_fantasy_api
2020,4,,14,api,Joe Mantegna,Malle ❤️ 🐸,2020-W04-02,2,140.78,126.66,Jaguars,DEF,DEF,True,False,False,,2.0,,Jaguars,DEF,,399.p.100030,100030,Jax,yahoo_fantasy_api
2020,4,,15,api,Joe Mantegna,Malle ❤️ 🐸,2020-W04-02,2,140.78,126.66,Patriots,DEF,BN,False,True,False,,4.0,,Patriots,DEF,,399.p.100017,100017,NE,yahoo_fantasy_api
2020,4,,1,api,Malle ❤️ 🐸,Joe Mantegna,2020-W04-02,2,126.66,140.78,Tom Brady,QB,QB,True,False,False,,43.46,,Tom Brady,QB,,399.p.5228,5228,TB,yahoo_fantasy_api
2020,4,,2,api,Malle ❤️ 🐸,Joe Mantegna,2020-W04-02,2,126.66,140.78,Adam Thielen,WR,WR,True,False,False,,22.2,,Adam Thielen,WR,,399.p.27277,27277,Pit,yahoo_fantasy_api
2020,4,,3,api,Malle ❤️ 🐸,Joe Mantegna,2020-W04-02,2,126.66,140.78,Preston Williams,WR,WR,True,False,False,,4.0,,Preston Williams,WR,,399.p.32447,32447,Car,yahoo_fantasy_api
2020,4,,4,api,Malle ❤️ 🐸,Joe Mantegna,2020-W04-02,2,126.66,140.78,Alvin Kamara,RB,RB,True,False,False,,19.4,,Alvin Kamara,RB,,399.p.30180,30180,NO,yahoo_fantasy_api
2020,4,,5,api,Malle ❤️ 🐸,Joe Mantegna,2020-W04-02,2,126.66,140.78,Kareem Hunt,RB,RB,True,False,False,,19.1,,Kareem Hunt,RB,,399.p.30199,30199,KC,yahoo_fantasy_api
2020,4,,6,api,Malle ❤️ 🐸,Joe Mantegna,2020-W04-02,2,126.66,140.78,Travis Kelce,TE,TE,True,False,False,,8.5,,Travis Kelce,TE,,399.p.26686,26686,KC,yahoo_fantasy_api
2020,4,,7,api,Malle ❤️ 🐸,Joe Mantegna,2020-W04-02,2,126.66,140.78,Calvin Ridley,WR,W/R/T,True,False,False,,0.0,,Calvin Ridley,WR,,399.p.30996,30996,Ten,yahoo_fantasy_api
2020,4,,8,api,Malle ❤️ 🐸,Joe Mantegna,2020-W04-02,2,126.66,140.78,DeSean Jackson,WR,BN,False,True,False,,0.0,,DeSean Jackson,WR,,399.p.8826,8826,Bal,yahoo_fantasy_api
2020,4,,9,api,Malle ❤️ 🐸,Joe Mantegna,2020-W04-02,2,126.66,140.78,Latavius Murray,RB,BN,False,True,False,,20.8,,Latavius Murray,RB,,399.p.26804,26804,Buf,yahoo_fantasy_api
2020,4,,10,api,Malle ❤️ 🐸,Joe Mantegna,2020-W04-02,2,126.66,140.78,Jordan Howard,RB,BN,False,True,False,,0.4,,Jordan Howard,RB,,399.p.29384,29384,NO,yahoo_fantasy_api
2020,4,,11,api,Malle ❤️ 🐸,Joe Mantegna,2020-W04-02,2,126.66,140.78,Ben Roethlisberger,QB,BN,False,True,False,,0.0,,Ben Roethlisberger,QB,,399.p.6770,6770,Pit,yahoo_fantasy_api
2020,4,,12,api,Malle ❤️ 🐸,Joe Mantegna,2020-W04-02,2,126.66,140.78,Blake Jarwin,TE,BN,False,True,False,,0.0,,Blake Jarwin,TE,,399.p.30784,30784,Dal,yahoo_fantasy_api
2020,4,,13,api,Malle ❤️ 🐸,Joe Mantegna,2020-W04-02,2,126.66,140.78,Damien Harris,RB,BN,False,True,False,,10.0,,Damien Harris,RB,,399.p.31919,31919,Buf,yahoo_fantasy_api
2020,4,,14,api,Malle ❤️ 🐸,Joe Mantegna,2020-W04-02,2,126.66,140.78,Justin Tucker,K,K,True,False,False,,8.0,,Justin Tucker,K,,399.p.26534,26534,Bal,yahoo_fantasy_api
2020,4,,15,api,Malle ❤️ 🐸,Joe Mantegna,2020-W04-02,2,126.66,140.78,Bears,DEF,DEF,True,False,False,,2.0,,Bears,DEF,,399.p.100003,100003,Chi,yahoo_fantasy_api
2020,4,,1,api,Patty Primetimes,Voldemort,2020-W04-03,3,80.72,105.78,Lamar Jackson,QB,QB,True,False,False,,30.02,,Lamar Jackson,QB,,399.p.31002,31002,Bal,yahoo_fantasy_api
2020,4,,2,api,Patty Primetimes,Voldemort,2020-W04-03,3,80.72,105.78,Tyler Lockett,WR,WR,True,False,False,,4.9,,Tyler Lockett,WR,,399.p.28457,28457,LV,yahoo_fantasy_api
2020,4,,3,api,Patty Primetimes,Voldemort,2020-W04-03,3,80.72,105.78,T.Y. Hilton,WR,WR,True,False,False,,4.4,,T.Y. Hilton,WR,,399.p.25802,25802,Dal,yahoo_fantasy_api
2020,4,,4,api,Patty Primetimes,Voldemort,2020-W04-03,3,80.72,105.78,Nick Chubb,RB,RB,True,False,False,,4.3,,Nick Chubb,RB,,399.p.31005,31005,Hou,yahoo_fantasy_api
2020,4,,5,api,Patty Primetimes,Voldemort,2020-W04-03,3,80.72,105.78,Austin Ekeler,RB,RB,True,False,False,,1.9,,Austin Ekeler,RB,,399.p.30423,30423,Was,yahoo_fantasy_api
2020,4,,6,api,Patty Primetimes,Voldemort,2020-W04-03,3,80.72,105.78,Mark Andrews,TE,TE,True,False,False,,19.2,,Mark Andrews,TE,,399.p.31056,31056,Bal,yahoo_fantasy_api
2020,4,,7,api,Patty Primetimes,Voldemort,2020-W04-03,3,80.72,105.78,Carlos Hyde,RB,W/R/T,True,False,False,,0.0,,Carlos Hyde,RB,,399.p.27585,27585,Jax,yahoo_fantasy_api
2020,4,,8,api,Patty Primetimes,Voldemort,2020-W04-03,3,80.72,105.78,Nyheim Miller-Hines,RB,BN,False,True,False,,4.7,,Nyheim Miller-Hines,RB,,399.p.31074,31074,LAC,yahoo_fantasy_api
2020,4,,9,api,Patty Primetimes,Voldemort,2020-W04-03,3,80.72,105.78,Rob Gronkowski,TE,BN,False,True,False,,3.4,,Rob Gronkowski,TE,,399.p.24017,24017,TB,yahoo_fantasy_api
2020,4,,10,api,Patty Primetimes,Voldemort,2020-W04-03,3,80.72,105.78,Christian Kirk,WR,BN,False,True,False,,9.4,,Christian Kirk,WR,,399.p.31017,31017,SF,yahoo_fantasy_api
2020,4,,11,api,Patty Primetimes,Voldemort,2020-W04-03,3,80.72,105.78,J.K. Dobbins,RB,BN,False,True,False,,2.2,,J.K. Dobbins,RB,,399.p.32725,32725,Den,yahoo_fantasy_api
2020,4,,12,api,Patty Primetimes,Voldemort,2020-W04-03,3,80.72,105.78,Matthew Stafford,QB,BN,False,True,False,,29.34,,Matthew Stafford,QB,,399.p.9265,9265,LAR,yahoo_fantasy_api
2020,4,,13,api,Patty Primetimes,Voldemort,2020-W04-03,3,80.72,105.78,Adrian Peterson,RB,BN,False,True,False,,9.6,,Adrian Peterson,RB,,399.p.8261,8261,Sea,yahoo_fantasy_api
2020,4,,14,api,Patty Primetimes,Voldemort,2020-W04-03,3,80.72,105.78,Michael Badgley,K,K,True,False,False,,9.0,,Michael Badgley,K,,399.p.31366,31366,Ind,yahoo_fantasy_api
2020,4,,15,api,Patty Primetimes,Voldemort,2020-W04-03,3,80.72,105.78,Colts,DEF,DEF,True,False,False,,7.0,,Colts,DEF,,399.p.100011,100011,Ind,yahoo_fantasy_api
2020,4,,1,api,Pop Lockett Drop it,Uncle Rico,2020-W04-04,4,120.48,105.22,Aaron Rodgers,QB,QB,True,False,False,,37.58,,Aaron Rodgers,QB,,399.p.7200,7200,Pit,yahoo_fantasy_api
2020,4,,2,api,Pop Lockett Drop it,Uncle Rico,2020-W04-04,4,120.48,105.22,Stefon Diggs,WR,WR,True,False,False,,14.5,,Stefon Diggs,WR,,399.p.28534,28534,Was,yahoo_fantasy_api
2020,4,,3,api,Pop Lockett Drop it,Uncle Rico,2020-W04-04,4,120.48,105.22,Will Fuller V,WR,WR,True,False,False,,19.8,,Will Fuller V,WR,,399.p.29255,29255,Mia,yahoo_fantasy_api
2020,4,,4,api,Pop Lockett Drop it,Uncle Rico,2020-W04-04,4,120.48,105.22,David Johnson,RB,RB,True,False,False,,10.2,,David Johnson,RB,,399.p.28474,28474,NO,yahoo_fantasy_api
2020,4,,5,api,Pop Lockett Drop it,Uncle Rico,2020-W04-04,4,120.48,105.22,Josh Jacobs,RB,RB,True,False,False,,8.8,,Josh Jacobs,RB,,399.p.31856,31856,GB,yahoo_fantasy_api
2020,4,,6,api,Pop Lockett Drop it,Uncle Rico,2020-W04-04,4,120.48,105.22,Austin Hooper,TE,TE,True,False,False,,11.9,,Austin Hooper,TE,,399.p.29315,29315,Atl,yahoo_fantasy_api
2020,4,,7,api,Pop Lockett Drop it,Uncle Rico,2020-W04-04,4,120.48,105.22,James Robinson,RB,W/R/T,True,False,False,,12.7,,James Robinson,RB,,399.p.33138,33138,NO,yahoo_fantasy_api
2020,4,,8,api,Pop Lockett Drop it,Uncle Rico,2020-W04-04,4,120.48,105.22,Julio Jones,WR,BN,False,True,False,,5.2,,Julio Jones,WR,,399.p.24793,24793,Phi,yahoo_fantasy_api
2020,4,,9,api,Pop Lockett Drop it,Uncle Rico,2020-W04-04,4,120.48,105.22,Emmanuel Sanders,WR,BN,False,True,False,,12.3,,Emmanuel Sanders,WR,,399.p.24057,24057,Buf,yahoo_fantasy_api
2020,4,,10,api,Pop Lockett Drop it,Uncle Rico,2020-W04-04,4,120.48,105.22,Henry Ruggs III,WR,BN,False,True,False,,0.0,,Henry Ruggs III,WR,,399.p.32682,32682,LV,yahoo_fantasy_api
2020,4,,11,api,Pop Lockett Drop it,Uncle Rico,2020-W04-04,4,120.48,105.22,Justin Jefferson,WR,BN,False,True,False,,12.3,,Justin Jefferson,WR,,399.p.32692,32692,Min,yahoo_fantasy_api
2020,4,,12,api,Pop Lockett Drop it,Uncle Rico,2020-W04-04,4,120.48,105.22,Nick Foles,QB,BN,False,True,False,,14.86,,Nick Foles,QB,,399.p.25798,25798,Ind,yahoo_fantasy_api
2020,4,,13,api,Pop Lockett Drop it,Uncle Rico,2020-W04-04,4,120.48,105.22,Tee Higgins,WR,BN,False,True,False,,11.0,,Tee Higgins,WR,,399.p.32703,32703,Cin,yahoo_fantasy_api
2020,4,,14,api,Pop Lockett Drop it,Uncle Rico,2020-W04-04,4,120.48,105.22,Mason Crosby,K,K,True,False,False,,7.0,,Mason Crosby,K,,399.p.8447,8447,NYG,yahoo_fantasy_api
2020,4,,15,api,Pop Lockett Drop it,Uncle Rico,2020-W04-04,4,120.48,105.22,Cowboys,DEF,DEF,True,False,False,,-2.0,,Cowboys,DEF,,399.p.100006,100006,Dal,yahoo_fantasy_api
2020,4,,1,api,Post Mahomes,malle_dips_pouches,2020-W04-05,5,102.72,115.84,Kyler Murray,QB,QB,True,False,False,,29.12,,Kyler Murray,QB,,399.p.31833,31833,Min,yahoo_fantasy_api
2020,4,,2,api,Post Mahomes,malle_dips_pouches,2020-W04-05,5,102.72,115.84,Robert Woods,WR,WR,True,False,False,,6.8,,Robert Woods,WR,,399.p.26664,26664,Pit,yahoo_fantasy_api
2020,4,,3,api,Post Mahomes,malle_dips_pouches,2020-W04-05,5,102.72,115.84,Kenny Golladay,WR,WR,True,False,False,,14.2,,Kenny Golladay,WR,,399.p.30209,30209,NYG,yahoo_fantasy_api
2020,4,,4,api,Post Mahomes,malle_dips_pouches,2020-W04-05,5,102.72,115.84,David Montgomery,RB,RB,True,False,False,,9.2,,David Montgomery,RB,,399.p.31905,31905,Hou,yahoo_fantasy_api
2020,4,,5,api,Post Mahomes,malle_dips_pouches,2020-W04-05,5,102.72,115.84,Chris Carson,RB,RB,True,False,False,,23.5,,Chris Carson,RB,,399.p.30362,30362,Sea,yahoo_fantasy_api
2020,4,,6,api,Post Mahomes,malle_dips_pouches,2020-W04-05,5,102.72,115.84,Noah Fant,TE,TE,True,False,False,,6.0,,Noah Fant,TE,,399.p.31852,31852,NO,yahoo_fantasy_api
2020,4,,7,api,Post Mahomes,malle_dips_pouches,2020-W04-05,5,102.72,115.84,DJ Moore,WR,W/R/T,True,False,False,,6.9,,DJ Moore,WR,,399.p.30994,30994,Buf,yahoo_fantasy_api
2020,4,,8,api,Post Mahomes,malle_dips_pouches,2020-W04-05,5,102.72,115.84,A.J. Green,WR,BN,False,True,False,,0.8,,A.J. Green,WR,,399.p.24791,24791,Ari,yahoo_fantasy_api
2020,4,,9,api,Post Mahomes,malle_dips_pouches,2020-W04-05,5,102.72,115.84,Hayden Hurst,TE,BN,False,True,False,,7.1,,Hayden Hurst,TE,,399.p.30995,30995,LAC,yahoo_fantasy_api
2020,4,,10,api,Post Mahomes,malle_dips_pouches,2020-W04-05,5,102.72,115.84,Phillip Lindsay,RB,BN,False,True,False,,0.0,,Phillip Lindsay,RB,,399.p.31379,31379,Ind,yahoo_fantasy_api
2020,4,,11,api,Post Mahomes,malle_dips_pouches,2020-W04-05,5,102.72,115.84,Joshua Kelley,RB,BN,False,True,False,,2.8,,Joshua Kelley,RB,,399.p.32782,32782,Ten,yahoo_fantasy_api
2020,4,,12,api,Post Mahomes,malle_dips_pouches,2020-W04-05,5,102.72,115.84,Devonta Freeman,RB,BN,False,True,False,,8.8,,Devonta Freeman,RB,,399.p.27631,27631,Bal,yahoo_fantasy_api
2020,4,,13,api,Post Mahomes,malle_dips_pouches,2020-W04-05,5,102.72,115.84,Joe Burrow,QB,BN,False,True,False,,18.1,,Joe Burrow,QB,,399.p.32671,32671,Cin,yahoo_fantasy_api
2020,4,,14,api,Post Mahomes,malle_dips_pouches,2020-W04-05,5,102.72,115.84,Saquon Barkley,RB,IR,False,False,True,,0.0,,Saquon Barkley,RB,,399.p.30972,30972,Phi,yahoo_fantasy_api
2020,4,,15,api,Post Mahomes,malle_dips_pouches,2020-W04-05,5,102.72,115.84,Matt Prater,K,K,True,False,False,,3.0,,Matt Prater,K,,399.p.8565,8565,Buf,yahoo_fantasy_api
2020,4,,16,api,Post Mahomes,malle_dips_pouches,2020-W04-05,5,102.72,115.84,Saints,DEF,DEF,True,False,False,,4.0,,Saints,DEF,,399.p.100018,100018,NO,yahoo_fantasy_api
2020,4,,1,api,The Big Gronkowski,ThreatLevelMidnight,2020-W04-01,1,150.1,119.1,Jared Goff,QB,QB,True,False,False,,13.7,,Jared Goff,QB,,399.p.29235,29235,Det,yahoo_fantasy_api
2020,4,,2,api,The Big Gronkowski,ThreatLevelMidnight,2020-W04-01,1,150.1,119.1,Allen Robinson,WR,WR,True,False,False,,19.6,,Allen Robinson,WR,,399.p.27589,27589,Det,yahoo_fantasy_api
2020,4,,3,api,The Big Gronkowski,ThreatLevelMidnight,2020-W04-01,1,150.1,119.1,Cooper Kupp,WR,WR,True,False,False,,15.2,,Cooper Kupp,WR,,399.p.30182,30182,Sea,yahoo_fantasy_api
2020,4,,4,api,The Big Gronkowski,ThreatLevelMidnight,2020-W04-01,1,150.1,119.1,Dalvin Cook,RB,RB,True,False,False,,27.6,,Dalvin Cook,RB,,399.p.30154,30154,Dal,yahoo_fantasy_api
2020,4,,5,api,The Big Gronkowski,ThreatLevelMidnight,2020-W04-01,1,150.1,119.1,Ronald Jones,RB,RB,True,False,False,,15.8,,Ronald Jones,RB,,399.p.31008,31008,Dal,yahoo_fantasy_api
2020,4,,6,api,The Big Gronkowski,ThreatLevelMidnight,2020-W04-01,1,150.1,119.1,Darren Waller,TE,TE,True,False,False,,11.3,,Darren Waller,TE,,399.p.28592,28592,Car,yahoo_fantasy_api
2020,4,,7,api,The Big Gronkowski,ThreatLevelMidnight,2020-W04-01,1,150.1,119.1,Odell Beckham Jr.,WR,W/R/T,True,False,False,,35.9,,Odell Beckham Jr.,WR,,399.p.27540,27540,NYG,yahoo_fantasy_api
2020,4,,8,api,The Big Gronkowski,ThreatLevelMidnight,2020-W04-01,1,150.1,119.1,Drew Brees,QB,BN,False,True,False,,20.54,,Drew Brees,QB,,399.p.5479,5479,NO,yahoo_fantasy_api
2020,4,,9,api,The Big Gronkowski,ThreatLevelMidnight,2020-W04-01,1,150.1,119.1,James Conner,RB,BN,False,True,False,,0.0,,James Conner,RB,,399.p.30218,30218,Ari,yahoo_fantasy_api
2020,4,,10,api,The Big Gronkowski,ThreatLevelMidnight,2020-W04-01,1,150.1,119.1,Jonnu Smith,TE,BN,False,True,False,,0.0,,Jonnu Smith,TE,,399.p.30213,30213,GB,yahoo_fantasy_api
2020,4,,11,api,The Big Gronkowski,ThreatLevelMidnight,2020-W04-01,1,150.1,119.1,Darius Slayton,WR,BN,False,True,False,,6.3,,Darius Slayton,WR,,399.p.32003,32003,Ind,yahoo_fantasy_api
2020,4,,12,api,The Big Gronkowski,ThreatLevelMidnight,2020-W04-01,1,150.1,119.1,Sterling Shepard,WR,BN,False,True,False,,0.0,,Sterling Shepard,WR,,399.p.29274,29274,NYJ,yahoo_fantasy_api
2020,4,,13,api,The Big Gronkowski,ThreatLevelMidnight,2020-W04-01,1,150.1,119.1,Boston Scott,RB,BN,False,True,False,,0.1,,Boston Scott,RB,,399.p.31171,31171,Pit,yahoo_fantasy_api
2020,4,,14,api,The Big Gronkowski,ThreatLevelMidnight,2020-W04-01,1,150.1,119.1,Wil Lutz,K,K,True,False,False,,5.0,,Wil Lutz,K,,399.p.29754,29754,Den,yahoo_fantasy_api
2020,4,,15,api,The Big Gronkowski,ThreatLevelMidnight,2020-W04-01,1,150.1,119.1,49ers,DEF,DEF,True,False,False,,6.0,,49ers,DEF,,399.p.100025,100025,SF,yahoo_fantasy_api
2020,4,,1,api,ThreatLevelMidnight,The Big Gronkowski,2020-W04-01,1,119.1,150.1,Matt Ryan,QB,QB,True,False,False,,12.4,,Matt Ryan,QB,,399.p.8780,8780,Ind,yahoo_fantasy_api
2020,4,,2,api,ThreatLevelMidnight,The Big Gronkowski,2020-W04-01,1,119.1,150.1,Tyler Boyd,WR,WR,True,False,False,,12.9,,Tyler Boyd,WR,,399.p.29288,29288,Ten,yahoo_fantasy_api
2020,4,,3,api,ThreatLevelMidnight,The Big Gronkowski,2020-W04-01,1,119.1,150.1,Russell Gage Jr.,WR,WR,True,False,False,,3.0,,Russell Gage Jr.,WR,,399.p.31164,31164,SF,yahoo_fantasy_api
2020,4,,4,api,ThreatLevelMidnight,The Big Gronkowski,2020-W04-01,1,119.1,150.1,Joe Mixon,RB,RB,True,False,False,,39.1,,Joe Mixon,RB,,399.p.30161,30161,Hou,yahoo_fantasy_api
2020,4,,5,api,ThreatLevelMidnight,The Big Gronkowski,2020-W04-01,1,119.1,150.1,Mike Davis,RB,RB,True,False,False,,19.6,,Mike Davis,RB,,399.p.28514,28514,Bal,yahoo_fantasy_api
2020,4,,6,api,ThreatLevelMidnight,The Big Gronkowski,2020-W04-01,1,119.1,150.1,Dalton Schultz,TE,TE,True,False,False,,15.2,,Dalton Schultz,TE,,399.p.31107,31107,Hou,yahoo_fantasy_api
2020,4,,7,api,ThreatLevelMidnight,The Big Gronkowski,2020-W04-01,1,119.1,150.1,Michael Gallup,WR,W/R/T,True,False,False,,3.9,,Michael Gallup,WR,,399.p.31051,31051,Was,yahoo_fantasy_api
2020,4,,8,api,ThreatLevelMidnight,The Big Gronkowski,2020-W04-01,1,119.1,150.1,Marvin Jones Jr.,WR,BN,False,True,False,,1.4,,Marvin Jones Jr.,WR,,399.p.25876,25876,Det,yahoo_fantasy_api
2020,4,,9,api,ThreatLevelMidnight,The Big Gronkowski,2020-W04-01,1,119.1,150.1,Raheem Mostert,RB,BN,False,True,False,,0.0,,Raheem Mostert,RB,,399.p.28654,28654,LV,yahoo_fantasy_api
2020,4,,10,api,ThreatLevelMidnight,The Big Gronkowski,2020-W04-01,1,119.1,150.1,A.J. Brown,WR,BN,False,True,False,,0.0,,A.J. Brown,WR,,399.p.31883,31883,NE,yahoo_fantasy_api
2020,4,,11,api,ThreatLevelMidnight,The Big Gronkowski,2020-W04-01,1,119.1,150.1,Brian Hill,RB,BN,False,True,False,,3.3,,Brian Hill,RB,,399.p.30269,30269,SF,yahoo_fantasy_api
2020,4,,12,api,ThreatLevelMidnight,The Big Gronkowski,2020-W04-01,1,119.1,150.1,Davante Adams,WR,IR,False,False,True,,0.0,,Davante Adams,WR,,399.p.27581,27581,LAR,yahoo_fantasy_api
2020,4,,13,api,ThreatLevelMidnight,The Big Gronkowski,2020-W04-01,1,119.1,150.1,Joey Slye,K,K,True,False,False,,7.0,,Joey Slye,K,,399.p.32384,32384,Ten,yahoo_fantasy_api
2020,4,,14,api,ThreatLevelMidnight,The Big Gronkowski,2020-W04-01,1,119.1,150.1,Buccaneers,DEF,DEF,True,False,False,,6.0,,Buccaneers,DEF,,399.p.100027,100027,TB,yahoo_fantasy_api
2020,4,,1,api,Uncle Rico,Pop Lockett Drop it,2020-W04-04,4,105.22,120.48,Josh Allen,QB,QB,True,False,False,,29.42,,Josh Allen,QB,,399.p.30977,30977,Buf,yahoo_fantasy_api
2020,4,,2,api,Uncle Rico,Pop Lockett Drop it,2020-W04-04,4,105.22,120.48,Hunter Renfrow,WR,WR,True,False,False,,8.2,,Hunter Renfrow,WR,,399.p.31981,31981,Car,yahoo_fantasy_api
2020,4,,3,api,Uncle Rico,Pop Lockett Drop it,2020-W04-04,4,105.22,120.48,Cole Beasley,WR,WR,True,False,False,,10.7,,Cole Beasley,WR,,399.p.26060,26060,NYG,yahoo_fantasy_api
2020,4,,4,api,Uncle Rico,Pop Lockett Drop it,2020-W04-04,4,105.22,120.48,Antonio Gibson,RB,RB,True,False,False,,20.8,,Antonio Gibson,RB,,399.p.32736,32736,NE,yahoo_fantasy_api
2020,4,,5,api,Uncle Rico,Pop Lockett Drop it,2020-W04-04,4,105.22,120.48,D'Andre Swift,RB,RB,True,False,False,,13.2,,D'Andre Swift,RB,,399.p.32705,32705,Chi,yahoo_fantasy_api
2020,4,,6,api,Uncle Rico,Pop Lockett Drop it,2020-W04-04,4,105.22,120.48,Mike Gesicki,TE,TE,True,False,False,,2.0,,Mike Gesicki,TE,,399.p.31012,31012,Cin,yahoo_fantasy_api
2020,4,,7,api,Uncle Rico,Pop Lockett Drop it,2020-W04-04,4,105.22,120.48,Zach Ertz,TE,W/R/T,True,False,False,,4.9,,Zach Ertz,TE,,399.p.26658,26658,Phi,yahoo_fantasy_api
2020,4,,8,api,Uncle Rico,Pop Lockett Drop it,2020-W04-04,4,105.22,120.48,Michael Thomas,WR,BN,False,True,False,,0.0,,Michael Thomas,WR,,399.p.29281,29281,NO,yahoo_fantasy_api
2020,4,,9,api,Uncle Rico,Pop Lockett Drop it,2020-W04-04,4,105.22,120.48,Jamison Crowder,WR,BN,False,True,False,,13.9,,Jamison Crowder,WR,,399.p.28493,28493,Was,yahoo_fantasy_api
2020,4,,10,api,Uncle Rico,Pop Lockett Drop it,2020-W04-04,4,105.22,120.48,Chris Godwin Jr.,WR,BN,False,True,False,,0.0,,Chris Godwin Jr.,WR,,399.p.30197,30197,TB,yahoo_fantasy_api
2020,4,,11,api,Uncle Rico,Pop Lockett Drop it,2020-W04-04,4,105.22,120.48,Derrick Henry,RB,BN,False,True,False,,0.0,,Derrick Henry,RB,,399.p.29279,29279,Bal,yahoo_fantasy_api
2020,4,,12,api,Uncle Rico,Pop Lockett Drop it,2020-W04-04,4,105.22,120.48,Diontae Johnson,WR,BN,False,True,False,,0.0,,Diontae Johnson,WR,,399.p.31898,31898,Cle,yahoo_fantasy_api
2020,4,,13,api,Uncle Rico,Pop Lockett Drop it,2020-W04-04,4,105.22,120.48,Cam Newton,QB,BN,False,True,False,,0.0,,Cam Newton,QB,,399.p.24788,24788,Car,yahoo_fantasy_api
2020,4,,14,api,Uncle Rico,Pop Lockett Drop it,2020-W04-04,4,105.22,120.48,Jake Elliott,K,K,True,False,False,,5.0,,Jake Elliott,K,,399.p.30266,30266,Phi,yahoo_fantasy_api
2020,4,,15,api,Uncle Rico,Pop Lockett Drop it,2020-W04-04,4,105.22,120.48,Rams,DEF,DEF,True,False,False,,11.0,,Rams,DEF,,399.p.100014,100014,LAR,yahoo_fantasy_api
2020,4,,1,api,Voldemort,Patty Primetimes,2020-W04-03,3,105.78,80.72,Dak Prescott,QB,QB,True,False,False,,46.28,,Dak Prescott,QB,,399.p.29369,29369,Dal,yahoo_fantasy_api
2020,4,,2,api,Voldemort,Patty Primetimes,2020-W04-03,3,105.78,80.72,Tyreek Hill,WR,WR,True,False,False,,14.4,,Tyreek Hill,WR,,399.p.29399,29399,Mia,yahoo_fantasy_api
2020,4,,3,api,Voldemort,Patty Primetimes,2020-W04-03,3,105.78,80.72,Marquez Valdes-Scantling,WR,WR,True,False,False,,6.5,,Marquez Valdes-Scantling,WR,,399.p.31144,31144,LAC,yahoo_fantasy_api
2020,4,,4,api,Voldemort,Patty Primetimes,2020-W04-03,3,105.78,80.72,Jonathan Taylor,RB,RB,True,False,False,,8.4,,Jonathan Taylor,RB,,399.p.32711,32711,Ind,yahoo_fantasy_api
2020,4,,5,api,Voldemort,Patty Primetimes,2020-W04-03,3,105.78,80.72,Darrell Henderson Jr.,RB,RB,True,False,False,,4.2,,Darrell Henderson Jr.,RB,,399.p.31902,31902,LAR,yahoo_fantasy_api
2020,4,,6,api,Voldemort,Patty Primetimes,2020-W04-03,3,105.78,80.72,Tyler Higbee,TE,TE,True,False,False,,3.5,,Tyler Higbee,TE,,399.p.29344,29344,LAR,yahoo_fantasy_api
2020,4,,7,api,Voldemort,Patty Primetimes,2020-W04-03,3,105.78,80.72,Kenyan Drake,RB,W/R/T,True,False,False,,3.5,,Kenyan Drake,RB,,399.p.29307,29307,Bal,yahoo_fantasy_api
2020,4,,8,api,Voldemort,Patty Primetimes,2020-W04-03,3,105.78,80.72,Terry McLaurin,WR,BN,False,True,False,,16.8,,Terry McLaurin,WR,,399.p.31908,31908,Was,yahoo_fantasy_api
2020,4,,9,api,Voldemort,Patty Primetimes,2020-W04-03,3,105.78,80.72,T.J. Hockenson,TE,BN,False,True,False,,9.9,,T.J. Hockenson,TE,,399.p.31840,31840,Min,yahoo_fantasy_api
2020,4,,10,api,Voldemort,Patty Primetimes,2020-W04-03,3,105.78,80.72,Mark Ingram II,RB,BN,False,True,False,,10.2,,Mark Ingram II,RB,,399.p.24815,24815,NO,yahoo_fantasy_api
2020,4,,11,api,Voldemort,Patty Primetimes,2020-W04-03,3,105.78,80.72,John Brown,WR,BN,False,True,False,,6.2,,John Brown,WR,,399.p.27619,27619,Buf,yahoo_fantasy_api
2020,4,,12,api,Voldemort,Patty Primetimes,2020-W04-03,3,105.78,80.72,Alexander Mattison,RB,BN,False,True,False,,7.7,,Alexander Mattison,RB,,399.p.31934,31934,Mia,yahoo_fantasy_api
2020,4,,13,api,Voldemort,Patty Primetimes,2020-W04-03,3,105.78,80.72,Jamaal Williams,RB,BN,False,True,False,,14.5,,Jamaal Williams,RB,,399.p.30247,30247,NO,yahoo_fantasy_api
2020,4,,14,api,Voldemort,Patty Primetimes,2020-W04-03,3,105.78,80.72,Leonard Fournette,RB,IR,False,False,True,,0.0,,Leonard Fournette,RB,,399.p.30117,30117,Buf,yahoo_fantasy_api
2020,4,,15,api,Voldemort,Patty Primetimes,2020-W04-03,3,105.78,80.72,Ka'imi Fairbairn,K,K,True,False,False,,13.0,,Ka'imi Fairbairn,K,,399.p.29792,29792,Hou,yahoo_fantasy_api
2020,4,,16,api,Voldemort,Patty Primetimes,2020-W04-03,3,105.78,80.72,Broncos,DEF,DEF,True,False,False,,6.0,,Broncos,DEF,,399.p.100007,100007,Den,yahoo_fantasy_api
2020,4,,1,api,malle_dips_pouches,Post Mahomes,2020-W04-05,5,115.84,102.72,Derek Carr,QB,QB,True,False,False,,24.44,,Derek Carr,QB,,399.p.27564,27564,NO,yahoo_fantasy_api
2020,4,,2,api,malle_dips_pouches,Post Mahomes,2020-W04-05,5,115.84,102.72,DeAndre Hopkins,WR,WR,True,False,False,,7.6,,DeAndre Hopkins,WR,,399.p.26650,26650,Bal,yahoo_fantasy_api
2020,4,,3,api,malle_dips_pouches,Post Mahomes,2020-W04-05,5,115.84,102.72,Amari Cooper,WR,WR,True,False,False,,27.4,,Amari Cooper,WR,,399.p.28392,28392,Buf,yahoo_fantasy_api
2020,4,,4,api,malle_dips_pouches,Post Mahomes,2020-W04-05,5,115.84,102.72,Aaron Jones Sr.,RB,RB,True,False,False,,19.6,,Aaron Jones Sr.,RB,,399.p.30295,30295,Min,yahoo_fantasy_api
2020,4,,5,api,malle_dips_pouches,Post Mahomes,2020-W04-05,5,115.84,102.72,Devin Singletary,RB,RB,True,False,False,,16.2,,Devin Singletary,RB,,399.p.31906,31906,NYG,yahoo_fantasy_api
2020,4,,6,api,malle_dips_pouches,Post Mahomes,2020-W04-05,5,115.84,102.72,Hunter Henry,TE,TE,True,False,False,,4.9,,Hunter Henry,TE,,399.p.29269,29269,NE,yahoo_fantasy_api
2020,4,,7,api,malle_dips_pouches,Post Mahomes,2020-W04-05,5,115.84,102.72,Myles Gaskin,RB,W/R/T,True,False,False,,7.7,,Myles Gaskin,RB,,399.p.32066,32066,Sea,yahoo_fantasy_api
2020,4,,8,api,malle_dips_pouches,Post Mahomes,2020-W04-05,5,115.84,102.72,Robbie Chosen,WR,BN,False,True,False,,13.9,,Robbie Chosen,WR,,399.p.29785,29785,Was,yahoo_fantasy_api
2020,4,,9,api,malle_dips_pouches,Post Mahomes,2020-W04-05,5,115.84,102.72,Ryan Tannehill,QB,BN,False,True,False,,0.0,,Ryan Tannehill,QB,,399.p.25718,25718,Ten,yahoo_fantasy_api
2020,4,,10,api,malle_dips_pouches,Post Mahomes,2020-W04-05,5,115.84,102.72,Deebo Samuel Sr.,WR,BN,False,True,False,,6.0,,Deebo Samuel Sr.,WR,,399.p.31868,31868,SF,yahoo_fantasy_api
2020,4,,11,api,malle_dips_pouches,Post Mahomes,2020-W04-05,5,115.84,102.72,Jerry Jeudy,WR,BN,False,True,False,,13.1,,Jerry Jeudy,WR,,399.p.32685,32685,Cle,yahoo_fantasy_api
2020,4,,12,api,malle_dips_pouches,Post Mahomes,2020-W04-05,5,115.84,102.72,Eric Ebron,TE,BN,False,True,False,,0.0,,Eric Ebron,TE,,399.p.27538,27538,Pit,yahoo_fantasy_api
2020,4,,13,api,malle_dips_pouches,Post Mahomes,2020-W04-05,5,115.84,102.72,Frank Gore,RB,BN,False,True,False,,4.1,,Frank Gore,RB,,399.p.7241,7241,NYJ,yahoo_fantasy_api
2020,4,,14,api,malle_dips_pouches,Post Mahomes,2020-W04-05,5,115.84,102.72,Le'Veon Bell,RB,IR,False,False,True,,0.0,,Le'Veon Bell,RB,,399.p.26671,26671,TB,yahoo_fantasy_api
2020,4,,15,api,malle_dips_pouches,Post Mahomes,2020-W04-05,5,115.84,102.72,Robbie Gould,K,K,True,False,False,,2.0,,Robbie Gould,K,,399.p.7520,7520,SF,yahoo_fantasy_api
2020,4,,16,api,malle_dips_pouches,Post Mahomes,2020-W04-05,5,115.84,102.72,Bills,DEF,DEF,True,False,False,,6.0,,Bills,DEF,,399.p.100002,100002,Buf,yahoo_fantasy_api
2020,5,,1,api,Big Sack Jack,Patty Primetimes,2020-W05-06,6,155.5,77.3,Patrick Mahomes,QB,QB,True,False,False,,34.7,,Patrick Mahomes,QB,,399.p.30123,30123,KC,yahoo_fantasy_api
2020,5,,2,api,Big Sack Jack,Patty Primetimes,2020-W05-06,6,155.5,77.3,Keenan Allen,WR,WR,True,False,False,,9.9,,Keenan Allen,WR,,399.p.26699,26699,Ind,yahoo_fantasy_api
2020,5,,3,api,Big Sack Jack,Patty Primetimes,2020-W05-06,6,155.5,77.3,Hollywood Brown,WR,WR,True,False,False,,16.8,,Hollywood Brown,WR,,399.p.31857,31857,Phi,yahoo_fantasy_api
2020,5,,4,api,Big Sack Jack,Patty Primetimes,2020-W05-06,6,155.5,77.3,Ezekiel Elliott,RB,RB,True,False,False,,23.0,,Ezekiel Elliott,RB,,399.p.29238,29238,Dal,yahoo_fantasy_api
2020,5,,5,api,Big Sack Jack,Patty Primetimes,2020-W05-06,6,155.5,77.3,Chris Thompson,RB,RB,True,False,False,,5.7,,Chris Thompson,RB,,399.p.26777,26777,SF,yahoo_fantasy_api
2020,5,,6,api,Big Sack Jack,Patty Primetimes,2020-W05-06,6,155.5,77.3,Evan Engram,TE,TE,True,False,False,,9.0,,Evan Engram,TE,,399.p.30136,30136,Den,yahoo_fantasy_api
2020,5,,7,api,Big Sack Jack,Patty Primetimes,2020-W05-06,6,155.5,77.3,CeeDee Lamb,WR,W/R/T,True,False,False,,16.4,,CeeDee Lamb,WR,,399.p.32687,32687,Dal,yahoo_fantasy_api
2020,5,,8,api,Big Sack Jack,Patty Primetimes,2020-W05-06,6,155.5,77.3,Melvin Gordon III,RB,BN,False,True,False,,0.0,,Melvin Gordon III,RB,,399.p.28403,28403,Bal,yahoo_fantasy_api
2020,5,,9,api,Big Sack Jack,Patty Primetimes,2020-W05-06,6,155.5,77.3,Sammy Watkins,WR,BN,False,True,False,,9.4,,Sammy Watkins,WR,,399.p.27532,27532,Bal,yahoo_fantasy_api
2020,5,,10,api,Big Sack Jack,Patty Primetimes,2020-W05-06,6,155.5,77.3,Julian Edelman,WR,BN,False,True,False,,0.0,,Julian Edelman,WR,,399.p.9496,9496,NE,yahoo_fantasy_api
2020,5,,11,api,Big Sack Jack,Patty Primetimes,2020-W05-06,6,155.5,77.3,Dallas Goedert,TE,BN,False,True,False,,0.0,,Dallas Goedert,TE,,399.p.31019,31019,Phi,yahoo_fantasy_api
2020,5,,12,api,Big Sack Jack,Patty Primetimes,2020-W05-06,6,155.5,77.3,James White,RB,BN,False,True,False,,0.0,,James White,RB,,399.p.27658,27658,NE,yahoo_fantasy_api
2020,5,,13,api,Big Sack Jack,Patty Primetimes,2020-W05-06,6,155.5,77.3,Anthony Miller,WR,BN,False,True,False,,4.8,,Anthony Miller,WR,,399.p.31021,31021,Bal,yahoo_fantasy_api
2020,5,,14,api,Big Sack Jack,Patty Primetimes,2020-W05-06,6,155.5,77.3,Greg Zuerlein,K,K,True,False,False,,14.0,,Greg Zuerlein,K,,399.p.25881,25881,NYJ,yahoo_fantasy_api
2020,5,,15,api,Big Sack Jack,Patty Primetimes,2020-W05-06,6,155.5,77.3,Ravens,DEF,DEF,True,False,False,,26.0,,Ravens,DEF,,399.p.100033,100033,Bal,yahoo_fantasy_api
2020,5,,1,api,Ginger FC 🏆🏆,malle_dips_pouches,2020-W05-05,5,125.78,104.98,Russell Wilson,QB,QB,True,False,False,,31.48,,Russell Wilson,QB,,399.p.25785,25785,NYG,yahoo_fantasy_api
2020,5,,2,api,Ginger FC 🏆🏆,malle_dips_pouches,2020-W05-05,5,125.78,104.98,DK Metcalf,WR,WR,True,False,False,,24.3,,DK Metcalf,WR,,399.p.31896,31896,Pit,yahoo_fantasy_api
2020,5,,3,api,Ginger FC 🏆🏆,malle_dips_pouches,2020-W05-05,5,125.78,104.98,Mike Evans,WR,WR,True,False,False,,12.6,,Mike Evans,WR,,399.p.27535,27535,SF,yahoo_fantasy_api
2020,5,,4,api,Ginger FC 🏆🏆,malle_dips_pouches,2020-W05-05,5,125.78,104.98,Jerick McKinnon,RB,RB,True,False,False,,1.5,,Jerick McKinnon,RB,,399.p.27624,27624,KC,yahoo_fantasy_api
2020,5,,5,api,Ginger FC 🏆🏆,malle_dips_pouches,2020-W05-05,5,125.78,104.98,Chase Edmonds,RB,RB,True,False,False,,17.7,,Chase Edmonds,RB,,399.p.31104,31104,Was,yahoo_fantasy_api
2020,5,,6,api,Ginger FC 🏆🏆,malle_dips_pouches,2020-W05-05,5,125.78,104.98,Jared Cook,TE,TE,True,False,False,,12.2,,Jared Cook,TE,,399.p.9353,9353,LAC,yahoo_fantasy_api
2020,5,,7,api,Ginger FC 🏆🏆,malle_dips_pouches,2020-W05-05,5,125.78,104.98,DeVante Parker,WR,W/R/T,True,False,False,,12.0,,DeVante Parker,WR,,399.p.28402,28402,NE,yahoo_fantasy_api
2020,5,,8,api,Ginger FC 🏆🏆,malle_dips_pouches,2020-W05-05,5,125.78,104.98,Duke Johnson,RB,BN,False,True,False,,2.4,,Duke Johnson,RB,,399.p.28465,28465,Buf,yahoo_fantasy_api
2020,5,,9,api,Ginger FC 🏆🏆,malle_dips_pouches,2020-W05-05,5,125.78,104.98,Allen Lazard,WR,BN,False,True,False,,0.0,,Allen Lazard,WR,,399.p.31268,31268,NYJ,yahoo_fantasy_api
2020,5,,10,api,Ginger FC 🏆🏆,malle_dips_pouches,2020-W05-05,5,125.78,104.98,Cam Akers,RB,BN,False,True,False,,6.1,,Cam Akers,RB,,399.p.32722,32722,Sea,yahoo_fantasy_api
2020,5,,11,api,Ginger FC 🏆🏆,malle_dips_pouches,2020-W05-05,5,125.78,104.98,Sony Michel,RB,BN,False,True,False,,0.0,,Sony Michel,RB,,399.p.31001,31001,LAC,yahoo_fantasy_api
2020,5,,12,api,Ginger FC 🏆🏆,malle_dips_pouches,2020-W05-05,5,125.78,104.98,Brandon Aiyuk,WR,BN,False,True,False,,5.9,,Brandon Aiyuk,WR,,399.p.32695,32695,SF,yahoo_fantasy_api
2020,5,,13,api,Ginger FC 🏆🏆,malle_dips_pouches,2020-W05-05,5,125.78,104.98,Rex Burkhead,RB,BN,False,True,False,,0.0,,Rex Burkhead,RB,,399.p.26813,26813,Hou,yahoo_fantasy_api
2020,5,,14,api,Ginger FC 🏆🏆,malle_dips_pouches,2020-W05-05,5,125.78,104.98,Christian McCaffrey,RB,IR,False,False,True,,0.0,,Christian McCaffrey,RB,,399.p.30121,30121,SF,yahoo_fantasy_api
2020,5,,15,api,Ginger FC 🏆🏆,malle_dips_pouches,2020-W05-05,5,125.78,104.98,Harrison Butker,K,K,True,False,False,,6.0,,Harrison Butker,K,,399.p.30346,30346,KC,yahoo_fantasy_api
2020,5,,16,api,Ginger FC 🏆🏆,malle_dips_pouches,2020-W05-05,5,125.78,104.98,Steelers,DEF,DEF,True,False,False,,8.0,,Steelers,DEF,,399.p.100023,100023,Pit,yahoo_fantasy_api
2020,5,,1,api,Joe Mantegna,Voldemort,2020-W05-03,3,113.56,83.94,Deshaun Watson,QB,QB,True,False,False,,32.86,,Deshaun Watson,QB,,399.p.30125,30125,Cle,yahoo_fantasy_api
2020,5,,2,api,Joe Mantegna,Voldemort,2020-W05-03,3,113.56,83.94,DJ Chark,WR,WR,True,False,False,,3.1,,DJ Chark,WR,,399.p.31031,31031,Atl,yahoo_fantasy_api
2020,5,,3,api,Joe Mantegna,Voldemort,2020-W05-03,3,113.56,83.94,JuJu Smith-Schuster,WR,WR,True,False,False,,4.8,,JuJu Smith-Schuster,WR,,399.p.30175,30175,NYG,yahoo_fantasy_api
2020,5,,4,api,Joe Mantegna,Voldemort,2020-W05-03,3,113.56,83.94,Clyde Edwards-Helaire,RB,RB,True,False,False,,9.5,,Clyde Edwards-Helaire,RB,,399.p.32702,32702,KC,yahoo_fantasy_api
2020,5,,5,api,Joe Mantegna,Voldemort,2020-W05-03,3,113.56,83.94,Miles Sanders,RB,RB,True,False,False,,22.9,,Miles Sanders,RB,,399.p.31885,31885,Dal,yahoo_fantasy_api
2020,5,,6,api,Joe Mantegna,Voldemort,2020-W05-03,3,113.56,83.94,George Kittle,TE,TE,True,False,False,,6.4,,George Kittle,TE,,399.p.30259,30259,SF,yahoo_fantasy_api
2020,5,,7,api,Joe Mantegna,Voldemort,2020-W05-03,3,113.56,83.94,Todd Gurley,RB,W/R/T,True,False,False,,23.0,,Todd Gurley,RB,,399.p.28398,28398,Atl,yahoo_fantasy_api
2020,5,,8,api,Joe Mantegna,Voldemort,2020-W05-03,3,113.56,83.94,Jarvis Landry,WR,BN,False,True,False,,10.8,,Jarvis Landry,WR,,399.p.27591,27591,NO,yahoo_fantasy_api
2020,5,,9,api,Joe Mantegna,Voldemort,2020-W05-03,3,113.56,83.94,Curtis Samuel,WR,BN,False,True,False,,8.9,,Curtis Samuel,WR,,399.p.30153,30153,Buf,yahoo_fantasy_api
2020,5,,10,api,Joe Mantegna,Voldemort,2020-W05-03,3,113.56,83.94,Logan Thomas,TE,BN,False,True,False,,0.9,,Logan Thomas,TE,,399.p.27648,27648,SF,yahoo_fantasy_api
2020,5,,11,api,Joe Mantegna,Voldemort,2020-W05-03,3,113.56,83.94,Zack Moss,RB,BN,False,True,False,,0.0,,Zack Moss,RB,,399.p.32756,32756,Cin,yahoo_fantasy_api
2020,5,,12,api,Joe Mantegna,Voldemort,2020-W05-03,3,113.56,83.94,Greg Ward,WR,BN,False,True,False,,10.6,,Greg Ward,WR,,399.p.30715,30715,Ind,yahoo_fantasy_api
2020,5,,13,api,Joe Mantegna,Voldemort,2020-W05-03,3,113.56,83.94,Zane Gonzalez,K,K,True,False,False,,7.0,,Zane Gonzalez,K,,399.p.30337,30337,Mia,yahoo_fantasy_api
2020,5,,14,api,Joe Mantegna,Voldemort,2020-W05-03,3,113.56,83.94,Jaguars,DEF,DEF,True,False,False,,4.0,,Jaguars,DEF,,399.p.100030,100030,Jax,yahoo_fantasy_api
2020,5,,15,api,Joe Mantegna,Voldemort,2020-W05-03,3,113.56,83.94,Patriots,DEF,BN,False,True,False,,0.0,,Patriots,DEF,,399.p.100017,100017,NE,yahoo_fantasy_api
2020,5,,1,api,Malle ❤️ 🐸,ThreatLevelMidnight,2020-W05-02,2,146.62,109.62,Tom Brady,QB,QB,True,False,False,,16.12,,Tom Brady,QB,,399.p.5228,5228,TB,yahoo_fantasy_api
2020,5,,2,api,Malle ❤️ 🐸,ThreatLevelMidnight,2020-W05-02,2,146.62,109.62,Adam Thielen,WR,WR,True,False,False,,24.8,,Adam Thielen,WR,,399.p.27277,27277,Pit,yahoo_fantasy_api
2020,5,,3,api,Malle ❤️ 🐸,ThreatLevelMidnight,2020-W05-02,2,146.62,109.62,Preston Williams,WR,WR,True,False,False,,18.6,,Preston Williams,WR,,399.p.32447,32447,Car,yahoo_fantasy_api
2020,5,,4,api,Malle ❤️ 🐸,ThreatLevelMidnight,2020-W05-02,2,146.62,109.62,Alvin Kamara,RB,RB,True,False,False,,15.9,,Alvin Kamara,RB,,399.p.30180,30180,NO,yahoo_fantasy_api
2020,5,,5,api,Malle ❤️ 🐸,ThreatLevelMidnight,2020-W05-02,2,146.62,109.62,Kareem Hunt,RB,RB,True,False,False,,16.8,,Kareem Hunt,RB,,399.p.30199,30199,KC,yahoo_fantasy_api
2020,5,,6,api,Malle ❤️ 🐸,ThreatLevelMidnight,2020-W05-02,2,146.62,109.62,Travis Kelce,TE,TE,True,False,False,,20.8,,Travis Kelce,TE,,399.p.26686,26686,KC,yahoo_fantasy_api
2020,5,,7,api,Malle ❤️ 🐸,ThreatLevelMidnight,2020-W05-02,2,146.62,109.62,Calvin Ridley,WR,W/R/T,True,False,False,,17.6,,Calvin Ridley,WR,,399.p.30996,30996,Ten,yahoo_fantasy_api
2020,5,,8,api,Malle ❤️ 🐸,ThreatLevelMidnight,2020-W05-02,2,146.62,109.62,DeSean Jackson,WR,BN,False,True,False,,0.0,,DeSean Jackson,WR,,399.p.8826,8826,Bal,yahoo_fantasy_api
2020,5,,9,api,Malle ❤️ 🐸,ThreatLevelMidnight,2020-W05-02,2,146.62,109.62,Latavius Murray,RB,BN,False,True,False,,6.7,,Latavius Murray,RB,,399.p.26804,26804,Buf,yahoo_fantasy_api
2020,5,,10,api,Malle ❤️ 🐸,ThreatLevelMidnight,2020-W05-02,2,146.62,109.62,Jordan Howard,RB,BN,False,True,False,,0.0,,Jordan Howard,RB,,399.p.29384,29384,NO,yahoo_fantasy_api
2020,5,,11,api,Malle ❤️ 🐸,ThreatLevelMidnight,2020-W05-02,2,146.62,109.62,Ben Roethlisberger,QB,BN,False,True,False,,27.36,,Ben Roethlisberger,QB,,399.p.6770,6770,Pit,yahoo_fantasy_api
2020,5,,12,api,Malle ❤️ 🐸,ThreatLevelMidnight,2020-W05-02,2,146.62,109.62,Blake Jarwin,TE,BN,False,True,False,,0.0,,Blake Jarwin,TE,,399.p.30784,30784,Dal,yahoo_fantasy_api
2020,5,,13,api,Malle ❤️ 🐸,ThreatLevelMidnight,2020-W05-02,2,146.62,109.62,Damien Harris,RB,BN,False,True,False,,0.0,,Damien Harris,RB,,399.p.31919,31919,Buf,yahoo_fantasy_api
2020,5,,14,api,Malle ❤️ 🐸,ThreatLevelMidnight,2020-W05-02,2,146.62,109.62,Justin Tucker,K,K,True,False,False,,10.0,,Justin Tucker,K,,399.p.26534,26534,Bal,yahoo_fantasy_api
2020,5,,15,api,Malle ❤️ 🐸,ThreatLevelMidnight,2020-W05-02,2,146.62,109.62,Bears,DEF,DEF,True,False,False,,6.0,,Bears,DEF,,399.p.100003,100003,Chi,yahoo_fantasy_api
2020,5,,1,api,Patty Primetimes,Big Sack Jack,2020-W05-06,6,77.3,155.5,Lamar Jackson,QB,QB,True,False,False,,18.5,,Lamar Jackson,QB,,399.p.31002,31002,Bal,yahoo_fantasy_api
2020,5,,2,api,Patty Primetimes,Big Sack Jack,2020-W05-06,6,77.3,155.5,Tyler Lockett,WR,WR,True,False,False,,6.4,,Tyler Lockett,WR,,399.p.28457,28457,LV,yahoo_fantasy_api
2020,5,,3,api,Patty Primetimes,Big Sack Jack,2020-W05-06,6,77.3,155.5,T.Y. Hilton,WR,WR,True,False,False,,9.9,,T.Y. Hilton,WR,,399.p.25802,25802,Dal,yahoo_fantasy_api
2020,5,,4,api,Patty Primetimes,Big Sack Jack,2020-W05-06,6,77.3,155.5,Nyheim Miller-Hines,RB,RB,True,False,False,,4.0,,Nyheim Miller-Hines,RB,,399.p.31074,31074,LAC,yahoo_fantasy_api
2020,5,,5,api,Patty Primetimes,Big Sack Jack,2020-W05-06,6,77.3,155.5,J.K. Dobbins,RB,RB,True,False,False,,7.0,,J.K. Dobbins,RB,,399.p.32725,32725,Den,yahoo_fantasy_api
2020,5,,6,api,Patty Primetimes,Big Sack Jack,2020-W05-06,6,77.3,155.5,Mark Andrews,TE,TE,True,False,False,,14.6,,Mark Andrews,TE,,399.p.31056,31056,Bal,yahoo_fantasy_api
2020,5,,7,api,Patty Primetimes,Big Sack Jack,2020-W05-06,6,77.3,155.5,Malcolm Brown,RB,W/R/T,True,False,False,,2.9,,Malcolm Brown,RB,,399.p.28990,28990,LAR,yahoo_fantasy_api
2020,5,,8,api,Patty Primetimes,Big Sack Jack,2020-W05-06,6,77.3,155.5,Carlos Hyde,RB,BN,False,True,False,,0.0,,Carlos Hyde,RB,,399.p.27585,27585,Jax,yahoo_fantasy_api
2020,5,,9,api,Patty Primetimes,Big Sack Jack,2020-W05-06,6,77.3,155.5,Austin Ekeler,RB,BN,False,True,False,,0.0,,Austin Ekeler,RB,,399.p.30423,30423,Was,yahoo_fantasy_api
2020,5,,10,api,Patty Primetimes,Big Sack Jack,2020-W05-06,6,77.3,155.5,Rob Gronkowski,TE,BN,False,True,False,,6.7,,Rob Gronkowski,TE,,399.p.24017,24017,TB,yahoo_fantasy_api
2020,5,,11,api,Patty Primetimes,Big Sack Jack,2020-W05-06,6,77.3,155.5,Christian Kirk,WR,BN,False,True,False,,10.3,,Christian Kirk,WR,,399.p.31017,31017,SF,yahoo_fantasy_api
2020,5,,12,api,Patty Primetimes,Big Sack Jack,2020-W05-06,6,77.3,155.5,Matthew Stafford,QB,BN,False,True,False,,0.0,,Matthew Stafford,QB,,399.p.9265,9265,LAR,yahoo_fantasy_api
2020,5,,13,api,Patty Primetimes,Big Sack Jack,2020-W05-06,6,77.3,155.5,Adrian Peterson,RB,BN,False,True,False,,0.0,,Adrian Peterson,RB,,399.p.8261,8261,Sea,yahoo_fantasy_api
2020,5,,14,api,Patty Primetimes,Big Sack Jack,2020-W05-06,6,77.3,155.5,Michael Badgley,K,K,True,False,False,,3.0,,Michael Badgley,K,,399.p.31366,31366,Ind,yahoo_fantasy_api
2020,5,,15,api,Patty Primetimes,Big Sack Jack,2020-W05-06,6,77.3,155.5,Colts,DEF,DEF,True,False,False,,11.0,,Colts,DEF,,399.p.100011,100011,Ind,yahoo_fantasy_api
2020,5,,1,api,Pop Lockett Drop it,The Big Gronkowski,2020-W05-01,1,121.74,113.62,Gardner Minshew II,QB,QB,True,False,False,,23.84,,Gardner Minshew II,QB,,399.p.32010,32010,Ari,yahoo_fantasy_api
2020,5,,2,api,Pop Lockett Drop it,The Big Gronkowski,2020-W05-01,1,121.74,113.62,Stefon Diggs,WR,WR,True,False,False,,15.6,,Stefon Diggs,WR,,399.p.28534,28534,Was,yahoo_fantasy_api
2020,5,,3,api,Pop Lockett Drop it,The Big Gronkowski,2020-W05-01,1,121.74,113.62,Will Fuller V,WR,WR,True,False,False,,13.8,,Will Fuller V,WR,,399.p.29255,29255,Mia,yahoo_fantasy_api
2020,5,,4,api,Pop Lockett Drop it,The Big Gronkowski,2020-W05-01,1,121.74,113.62,David Johnson,RB,RB,True,False,False,,11.3,,David Johnson,RB,,399.p.28474,28474,NO,yahoo_fantasy_api
2020,5,,5,api,Pop Lockett Drop it,The Big Gronkowski,2020-W05-01,1,121.74,113.62,Josh Jacobs,RB,RB,True,False,False,,21.5,,Josh Jacobs,RB,,399.p.31856,31856,GB,yahoo_fantasy_api
2020,5,,6,api,Pop Lockett Drop it,The Big Gronkowski,2020-W05-01,1,121.74,113.62,Austin Hooper,TE,TE,True,False,False,,8.2,,Austin Hooper,TE,,399.p.29315,29315,Atl,yahoo_fantasy_api
2020,5,,7,api,Pop Lockett Drop it,The Big Gronkowski,2020-W05-01,1,121.74,113.62,James Robinson,RB,W/R/T,True,False,False,,7.5,,James Robinson,RB,,399.p.33138,33138,NO,yahoo_fantasy_api
2020,5,,8,api,Pop Lockett Drop it,The Big Gronkowski,2020-W05-01,1,121.74,113.62,Aaron Rodgers,QB,BN,False,True,False,,0.0,,Aaron Rodgers,QB,,399.p.7200,7200,Pit,yahoo_fantasy_api
2020,5,,9,api,Pop Lockett Drop it,The Big Gronkowski,2020-W05-01,1,121.74,113.62,Julio Jones,WR,BN,False,True,False,,0.0,,Julio Jones,WR,,399.p.24793,24793,Phi,yahoo_fantasy_api
2020,5,,10,api,Pop Lockett Drop it,The Big Gronkowski,2020-W05-01,1,121.74,113.62,Emmanuel Sanders,WR,BN,False,True,False,,18.2,,Emmanuel Sanders,WR,,399.p.24057,24057,Buf,yahoo_fantasy_api
2020,5,,11,api,Pop Lockett Drop it,The Big Gronkowski,2020-W05-01,1,121.74,113.62,Henry Ruggs III,WR,BN,False,True,False,,18.8,,Henry Ruggs III,WR,,399.p.32682,32682,LV,yahoo_fantasy_api
2020,5,,12,api,Pop Lockett Drop it,The Big Gronkowski,2020-W05-01,1,121.74,113.62,Tee Higgins,WR,BN,False,True,False,,8.2,,Tee Higgins,WR,,399.p.32703,32703,Cin,yahoo_fantasy_api
2020,5,,13,api,Pop Lockett Drop it,The Big Gronkowski,2020-W05-01,1,121.74,113.62,Darrell Henderson Jr.,RB,BN,False,True,False,,20.3,,Darrell Henderson Jr.,RB,,399.p.31902,31902,LAR,yahoo_fantasy_api
2020,5,,14,api,Pop Lockett Drop it,The Big Gronkowski,2020-W05-01,1,121.74,113.62,Younghoe Koo,K,K,True,False,False,,13.0,,Younghoe Koo,K,,399.p.30426,30426,NYG,yahoo_fantasy_api
2020,5,,15,api,Pop Lockett Drop it,The Big Gronkowski,2020-W05-01,1,121.74,113.62,Cardinals,DEF,DEF,True,False,False,,7.0,,Cardinals,DEF,,399.p.100022,100022,Ari,yahoo_fantasy_api
2020,5,,1,api,Post Mahomes,Uncle Rico,2020-W05-04,4,102.1,65.12,Kyler Murray,QB,QB,True,False,False,,29.3,,Kyler Murray,QB,,399.p.31833,31833,Min,yahoo_fantasy_api
2020,5,,2,api,Post Mahomes,Uncle Rico,2020-W05-04,4,102.1,65.12,Robert Woods,WR,WR,True,False,False,,15.1,,Robert Woods,WR,,399.p.26664,26664,Pit,yahoo_fantasy_api
2020,5,,3,api,Post Mahomes,Uncle Rico,2020-W05-04,4,102.1,65.12,DJ Moore,WR,WR,True,False,False,,17.3,,DJ Moore,WR,,399.p.30994,30994,Buf,yahoo_fantasy_api
2020,5,,4,api,Post Mahomes,Uncle Rico,2020-W05-04,4,102.1,65.12,David Montgomery,RB,RB,True,False,False,,15.4,,David Montgomery,RB,,399.p.31905,31905,Hou,yahoo_fantasy_api
2020,5,,5,api,Post Mahomes,Uncle Rico,2020-W05-04,4,102.1,65.12,Chris Carson,RB,RB,True,False,False,,16.9,,Chris Carson,RB,,399.p.30362,30362,Sea,yahoo_fantasy_api
2020,5,,6,api,Post Mahomes,Uncle Rico,2020-W05-04,4,102.1,65.12,Hayden Hurst,TE,TE,True,False,False,,1.8,,Hayden Hurst,TE,,399.p.30995,30995,LAC,yahoo_fantasy_api
2020,5,,7,api,Post Mahomes,Uncle Rico,2020-W05-04,4,102.1,65.12,Joshua Kelley,RB,W/R/T,True,False,False,,4.3,,Joshua Kelley,RB,,399.p.32782,32782,Ten,yahoo_fantasy_api
2020,5,,8,api,Post Mahomes,Uncle Rico,2020-W05-04,4,102.1,65.12,Noah Fant,TE,BN,False,True,False,,0.0,,Noah Fant,TE,,399.p.31852,31852,NO,yahoo_fantasy_api
2020,5,,9,api,Post Mahomes,Uncle Rico,2020-W05-04,4,102.1,65.12,Kenny Golladay,WR,BN,False,True,False,,0.0,,Kenny Golladay,WR,,399.p.30209,30209,NYG,yahoo_fantasy_api
2020,5,,10,api,Post Mahomes,Uncle Rico,2020-W05-04,4,102.1,65.12,A.J. Green,WR,BN,False,True,False,,0.0,,A.J. Green,WR,,399.p.24791,24791,Ari,yahoo_fantasy_api
2020,5,,11,api,Post Mahomes,Uncle Rico,2020-W05-04,4,102.1,65.12,Phillip Lindsay,RB,BN,False,True,False,,0.0,,Phillip Lindsay,RB,,399.p.31379,31379,Ind,yahoo_fantasy_api
2020,5,,12,api,Post Mahomes,Uncle Rico,2020-W05-04,4,102.1,65.12,Devonta Freeman,RB,BN,False,True,False,,15.7,,Devonta Freeman,RB,,399.p.27631,27631,Bal,yahoo_fantasy_api
2020,5,,13,api,Post Mahomes,Uncle Rico,2020-W05-04,4,102.1,65.12,Nick Chubb,RB,BN,False,True,False,,0.0,,Nick Chubb,RB,,399.p.31005,31005,Hou,yahoo_fantasy_api
2020,5,,14,api,Post Mahomes,Uncle Rico,2020-W05-04,4,102.1,65.12,Saquon Barkley,RB,IR,False,False,True,,0.0,,Saquon Barkley,RB,,399.p.30972,30972,Phi,yahoo_fantasy_api
2020,5,,15,api,Post Mahomes,Uncle Rico,2020-W05-04,4,102.1,65.12,Jason Myers,K,K,True,False,False,,3.0,,Jason Myers,K,,399.p.28378,28378,Sea,yahoo_fantasy_api
2020,5,,16,api,Post Mahomes,Uncle Rico,2020-W05-04,4,102.1,65.12,Chiefs,DEF,DEF,True,False,False,,-1.0,,Chiefs,DEF,,399.p.100012,100012,KC,yahoo_fantasy_api
2020,5,,1,api,The Big Gronkowski,Pop Lockett Drop it,2020-W05-01,1,113.62,121.74,Drew Brees,QB,QB,True,False,False,,24.1,,Drew Brees,QB,,399.p.5479,5479,NO,yahoo_fantasy_api
2020,5,,2,api,The Big Gronkowski,Pop Lockett Drop it,2020-W05-01,1,113.62,121.74,Allen Robinson,WR,WR,True,False,False,,14.0,,Allen Robinson,WR,,399.p.27589,27589,Det,yahoo_fantasy_api
2020,5,,3,api,The Big Gronkowski,Pop Lockett Drop it,2020-W05-01,1,113.62,121.74,Cooper Kupp,WR,WR,True,False,False,,9.1,,Cooper Kupp,WR,,399.p.30182,30182,Sea,yahoo_fantasy_api
2020,5,,4,api,The Big Gronkowski,Pop Lockett Drop it,2020-W05-01,1,113.62,121.74,Dalvin Cook,RB,RB,True,False,False,,17.4,,Dalvin Cook,RB,,399.p.30154,30154,Dal,yahoo_fantasy_api
2020,5,,5,api,The Big Gronkowski,Pop Lockett Drop it,2020-W05-01,1,113.62,121.74,James Conner,RB,RB,True,False,False,,13.8,,James Conner,RB,,399.p.30218,30218,Ari,yahoo_fantasy_api
2020,5,,6,api,The Big Gronkowski,Pop Lockett Drop it,2020-W05-01,1,113.62,121.74,Darren Waller,TE,TE,True,False,False,,13.3,,Darren Waller,TE,,399.p.28592,28592,Car,yahoo_fantasy_api
2020,5,,7,api,The Big Gronkowski,Pop Lockett Drop it,2020-W05-01,1,113.62,121.74,Odell Beckham Jr.,WR,W/R/T,True,False,False,,8.92,,Odell Beckham Jr.,WR,,399.p.27540,27540,NYG,yahoo_fantasy_api
2020,5,,8,api,The Big Gronkowski,Pop Lockett Drop it,2020-W05-01,1,113.62,121.74,Ronald Jones,RB,BN,False,True,False,,14.0,,Ronald Jones,RB,,399.p.31008,31008,Dal,yahoo_fantasy_api
2020,5,,9,api,The Big Gronkowski,Pop Lockett Drop it,2020-W05-01,1,113.62,121.74,Jared Goff,QB,BN,False,True,False,,29.36,,Jared Goff,QB,,399.p.29235,29235,Det,yahoo_fantasy_api
2020,5,,10,api,The Big Gronkowski,Pop Lockett Drop it,2020-W05-01,1,113.62,121.74,Jonnu Smith,TE,BN,False,True,False,,18.5,,Jonnu Smith,TE,,399.p.30213,30213,GB,yahoo_fantasy_api
2020,5,,11,api,The Big Gronkowski,Pop Lockett Drop it,2020-W05-01,1,113.62,121.74,Darius Slayton,WR,BN,False,True,False,,16.9,,Darius Slayton,WR,,399.p.32003,32003,Ind,yahoo_fantasy_api
2020,5,,12,api,The Big Gronkowski,Pop Lockett Drop it,2020-W05-01,1,113.62,121.74,Sterling Shepard,WR,BN,False,True,False,,0.0,,Sterling Shepard,WR,,399.p.29274,29274,NYJ,yahoo_fantasy_api
2020,5,,13,api,The Big Gronkowski,Pop Lockett Drop it,2020-W05-01,1,113.62,121.74,Boston Scott,RB,BN,False,True,False,,0.3,,Boston Scott,RB,,399.p.31171,31171,Pit,yahoo_fantasy_api
2020,5,,14,api,The Big Gronkowski,Pop Lockett Drop it,2020-W05-01,1,113.62,121.74,Wil Lutz,K,K,True,False,False,,15.0,,Wil Lutz,K,,399.p.29754,29754,Den,yahoo_fantasy_api
2020,5,,15,api,The Big Gronkowski,Pop Lockett Drop it,2020-W05-01,1,113.62,121.74,49ers,DEF,DEF,True,False,False,,-2.0,,49ers,DEF,,399.p.100025,100025,SF,yahoo_fantasy_api
2020,5,,1,api,ThreatLevelMidnight,Malle ❤️ 🐸,2020-W05-02,2,109.62,146.62,Teddy Bridgewater,QB,QB,True,False,False,,24.82,,Teddy Bridgewater,QB,,399.p.27560,27560,TB,yahoo_fantasy_api
2020,5,,2,api,ThreatLevelMidnight,Malle ❤️ 🐸,2020-W05-02,2,109.62,146.62,Tyler Boyd,WR,WR,True,False,False,,6.2,,Tyler Boyd,WR,,399.p.29288,29288,Ten,yahoo_fantasy_api
2020,5,,3,api,ThreatLevelMidnight,Malle ❤️ 🐸,2020-W05-02,2,109.62,146.62,Michael Gallup,WR,WR,True,False,False,,9.3,,Michael Gallup,WR,,399.p.31051,31051,Was,yahoo_fantasy_api
2020,5,,4,api,ThreatLevelMidnight,Malle ❤️ 🐸,2020-W05-02,2,109.62,146.62,Joe Mixon,RB,RB,True,False,False,,12.4,,Joe Mixon,RB,,399.p.30161,30161,Hou,yahoo_fantasy_api
2020,5,,5,api,ThreatLevelMidnight,Malle ❤️ 🐸,2020-W05-02,2,109.62,146.62,Mike Davis,RB,RB,True,False,False,,25.4,,Mike Davis,RB,,399.p.28514,28514,Bal,yahoo_fantasy_api
2020,5,,6,api,ThreatLevelMidnight,Malle ❤️ 🐸,2020-W05-02,2,109.62,146.62,Dalton Schultz,TE,TE,True,False,False,,1.1,,Dalton Schultz,TE,,399.p.31107,31107,Hou,yahoo_fantasy_api
2020,5,,7,api,ThreatLevelMidnight,Malle ❤️ 🐸,2020-W05-02,2,109.62,146.62,Raheem Mostert,RB,W/R/T,True,False,False,,13.4,,Raheem Mostert,RB,,399.p.28654,28654,LV,yahoo_fantasy_api
2020,5,,8,api,ThreatLevelMidnight,Malle ❤️ 🐸,2020-W05-02,2,109.62,146.62,A.J. Brown,WR,BN,False,True,False,,17.7,,A.J. Brown,WR,,399.p.31883,31883,NE,yahoo_fantasy_api
2020,5,,9,api,ThreatLevelMidnight,Malle ❤️ 🐸,2020-W05-02,2,109.62,146.62,Matt Ryan,QB,BN,False,True,False,,7.94,,Matt Ryan,QB,,399.p.8780,8780,Ind,yahoo_fantasy_api
2020,5,,10,api,ThreatLevelMidnight,Malle ❤️ 🐸,2020-W05-02,2,109.62,146.62,Marvin Jones Jr.,WR,BN,False,True,False,,0.0,,Marvin Jones Jr.,WR,,399.p.25876,25876,Det,yahoo_fantasy_api
2020,5,,11,api,ThreatLevelMidnight,Malle ❤️ 🐸,2020-W05-02,2,109.62,146.62,Davante Adams,WR,BN,False,True,False,,0.0,,Davante Adams,WR,,399.p.27581,27581,LAR,yahoo_fantasy_api
2020,5,,12,api,ThreatLevelMidnight,Malle ❤️ 🐸,2020-W05-02,2,109.62,146.62,Laviska Shenault Jr.,WR,BN,False,True,False,,11.4,,Laviska Shenault Jr.,WR,,399.p.32712,32712,Buf,yahoo_fantasy_api
2020,5,,13,api,ThreatLevelMidnight,Malle ❤️ 🐸,2020-W05-02,2,109.62,146.62,Joey Slye,K,K,True,False,False,,11.0,,Joey Slye,K,,399.p.32384,32384,Ten,yahoo_fantasy_api
2020,5,,14,api,ThreatLevelMidnight,Malle ❤️ 🐸,2020-W05-02,2,109.62,146.62,Buccaneers,DEF,DEF,True,False,False,,6.0,,Buccaneers,DEF,,399.p.100027,100027,TB,yahoo_fantasy_api
2020,5,,1,api,Uncle Rico,Post Mahomes,2020-W05-04,4,65.12,102.1,Josh Allen,QB,QB,True,False,False,,22.32,,Josh Allen,QB,,399.p.30977,30977,Buf,yahoo_fantasy_api
2020,5,,2,api,Uncle Rico,Post Mahomes,2020-W05-04,4,65.12,102.1,Michael Thomas,WR,WR,True,False,False,,0.0,,Michael Thomas,WR,,399.p.29281,29281,NO,yahoo_fantasy_api
2020,5,,3,api,Uncle Rico,Post Mahomes,2020-W05-04,4,65.12,102.1,Scotty Miller,WR,WR,True,False,False,,0.0,,Scotty Miller,WR,,399.p.32040,32040,Chi,yahoo_fantasy_api
2020,5,,4,api,Uncle Rico,Post Mahomes,2020-W05-04,4,65.12,102.1,Antonio Gibson,RB,RB,True,False,False,,7.6,,Antonio Gibson,RB,,399.p.32736,32736,NE,yahoo_fantasy_api
2020,5,,5,api,Uncle Rico,Post Mahomes,2020-W05-04,4,65.12,102.1,Derrick Henry,RB,RB,True,False,False,,18.8,,Derrick Henry,RB,,399.p.29279,29279,Bal,yahoo_fantasy_api
2020,5,,6,api,Uncle Rico,Post Mahomes,2020-W05-04,4,65.12,102.1,Zach Ertz,TE,TE,True,False,False,,1.1,,Zach Ertz,TE,,399.p.26658,26658,Phi,yahoo_fantasy_api
2020,5,,7,api,Uncle Rico,Post Mahomes,2020-W05-04,4,65.12,102.1,Diontae Johnson,WR,W/R/T,True,False,False,,0.3,,Diontae Johnson,WR,,399.p.31898,31898,Cle,yahoo_fantasy_api
2020,5,,8,api,Uncle Rico,Post Mahomes,2020-W05-04,4,65.12,102.1,Jamison Crowder,WR,BN,False,True,False,,21.6,,Jamison Crowder,WR,,399.p.28493,28493,Was,yahoo_fantasy_api
2020,5,,9,api,Uncle Rico,Post Mahomes,2020-W05-04,4,65.12,102.1,D'Andre Swift,RB,BN,False,True,False,,0.0,,D'Andre Swift,RB,,399.p.32705,32705,Chi,yahoo_fantasy_api
2020,5,,10,api,Uncle Rico,Post Mahomes,2020-W05-04,4,65.12,102.1,Chris Godwin Jr.,WR,BN,False,True,False,,0.0,,Chris Godwin Jr.,WR,,399.p.30197,30197,TB,yahoo_fantasy_api
2020,5,,11,api,Uncle Rico,Post Mahomes,2020-W05-04,4,65.12,102.1,Cam Newton,QB,BN,False,True,False,,0.0,,Cam Newton,QB,,399.p.24788,24788,Car,yahoo_fantasy_api
2020,5,,12,api,Uncle Rico,Post Mahomes,2020-W05-04,4,65.12,102.1,D'Ernest Johnson,RB,BN,False,True,False,,4.1,,D'Ernest Johnson,RB,,399.p.32608,32608,Ten,yahoo_fantasy_api
2020,5,,13,api,Uncle Rico,Post Mahomes,2020-W05-04,4,65.12,102.1,Robert Tonyan,TE,BN,False,True,False,,0.0,,Robert Tonyan,TE,,399.p.30777,30777,Pit,yahoo_fantasy_api
2020,5,,14,api,Uncle Rico,Post Mahomes,2020-W05-04,4,65.12,102.1,Jake Elliott,K,K,True,False,False,,3.0,,Jake Elliott,K,,399.p.30266,30266,Phi,yahoo_fantasy_api
2020,5,,15,api,Uncle Rico,Post Mahomes,2020-W05-04,4,65.12,102.1,Rams,DEF,DEF,True,False,False,,12.0,,Rams,DEF,,399.p.100014,100014,LAR,yahoo_fantasy_api
2020,5,,1,api,Voldemort,Joe Mantegna,2020-W05-03,3,83.94,113.56,Dak Prescott,QB,QB,True,False,False,,13.94,,Dak Prescott,QB,,399.p.29369,29369,Dal,yahoo_fantasy_api
2020,5,,2,api,Voldemort,Joe Mantegna,2020-W05-03,3,83.94,113.56,Tyreek Hill,WR,WR,True,False,False,,16.8,,Tyreek Hill,WR,,399.p.29399,29399,Mia,yahoo_fantasy_api
2020,5,,3,api,Voldemort,Joe Mantegna,2020-W05-03,3,83.94,113.56,Terry McLaurin,WR,WR,True,False,False,,4.1,,Terry McLaurin,WR,,399.p.31908,31908,Was,yahoo_fantasy_api
2020,5,,4,api,Voldemort,Joe Mantegna,2020-W05-03,3,83.94,113.56,Jonathan Taylor,RB,RB,True,False,False,,14.4,,Jonathan Taylor,RB,,399.p.32711,32711,Ind,yahoo_fantasy_api
2020,5,,5,api,Voldemort,Joe Mantegna,2020-W05-03,3,83.94,113.56,Kenyan Drake,RB,RB,True,False,False,,12.7,,Kenyan Drake,RB,,399.p.29307,29307,Bal,yahoo_fantasy_api
2020,5,,6,api,Voldemort,Joe Mantegna,2020-W05-03,3,83.94,113.56,Tyler Higbee,TE,TE,True,False,False,,2.2,,Tyler Higbee,TE,,399.p.29344,29344,LAR,yahoo_fantasy_api
2020,5,,7,api,Voldemort,Joe Mantegna,2020-W05-03,3,83.94,113.56,Justin Jefferson,WR,W/R/T,True,False,False,,3.8,,Justin Jefferson,WR,,399.p.32692,32692,Min,yahoo_fantasy_api
2020,5,,8,api,Voldemort,Joe Mantegna,2020-W05-03,3,83.94,113.56,John Brown,WR,BN,False,True,False,,0.0,,John Brown,WR,,399.p.27619,27619,Buf,yahoo_fantasy_api
2020,5,,9,api,Voldemort,Joe Mantegna,2020-W05-03,3,83.94,113.56,T.J. Hockenson,TE,BN,False,True,False,,0.0,,T.J. Hockenson,TE,,399.p.31840,31840,Min,yahoo_fantasy_api
2020,5,,10,api,Voldemort,Joe Mantegna,2020-W05-03,3,83.94,113.56,Mark Ingram II,RB,BN,False,True,False,,5.7,,Mark Ingram II,RB,,399.p.24815,24815,NO,yahoo_fantasy_api
2020,5,,11,api,Voldemort,Joe Mantegna,2020-W05-03,3,83.94,113.56,Leonard Fournette,RB,BN,False,True,False,,0.0,,Leonard Fournette,RB,,399.p.30117,30117,Buf,yahoo_fantasy_api
2020,5,,12,api,Voldemort,Joe Mantegna,2020-W05-03,3,83.94,113.56,Mecole Hardman Jr.,WR,BN,False,True,False,,6.0,,Mecole Hardman Jr.,WR,,399.p.31888,31888,Buf,yahoo_fantasy_api
2020,5,,13,api,Voldemort,Joe Mantegna,2020-W05-03,3,83.94,113.56,Justin Herbert,QB,BN,False,True,False,,35.36,,Justin Herbert,QB,,399.p.32676,32676,LAC,yahoo_fantasy_api
2020,5,,14,api,Voldemort,Joe Mantegna,2020-W05-03,3,83.94,113.56,Ka'imi Fairbairn,K,K,True,False,False,,13.0,,Ka'imi Fairbairn,K,,399.p.29792,29792,Hou,yahoo_fantasy_api
2020,5,,15,api,Voldemort,Joe Mantegna,2020-W05-03,3,83.94,113.56,Saints,DEF,DEF,True,False,False,,3.0,,Saints,DEF,,399.p.100018,100018,NO,yahoo_fantasy_api
2020,5,,1,api,malle_dips_pouches,Ginger FC 🏆🏆,2020-W05-05,5,104.98,125.78,Derek Carr,QB,QB,True,False,False,,30.98,,Derek Carr,QB,,399.p.27564,27564,NO,yahoo_fantasy_api
2020,5,,2,api,malle_dips_pouches,Ginger FC 🏆🏆,2020-W05-05,5,104.98,125.78,DeAndre Hopkins,WR,WR,True,False,False,,22.1,,DeAndre Hopkins,WR,,399.p.26650,26650,Bal,yahoo_fantasy_api
2020,5,,3,api,malle_dips_pouches,Ginger FC 🏆🏆,2020-W05-05,5,104.98,125.78,Amari Cooper,WR,WR,True,False,False,,3.1,,Amari Cooper,WR,,399.p.28392,28392,Buf,yahoo_fantasy_api
2020,5,,4,api,malle_dips_pouches,Ginger FC 🏆🏆,2020-W05-05,5,104.98,125.78,Devin Singletary,RB,RB,True,False,False,,3.8,,Devin Singletary,RB,,399.p.31906,31906,NYG,yahoo_fantasy_api
2020,5,,5,api,malle_dips_pouches,Ginger FC 🏆🏆,2020-W05-05,5,104.98,125.78,Le'Veon Bell,RB,RB,True,False,False,,7.2,,Le'Veon Bell,RB,,399.p.26671,26671,TB,yahoo_fantasy_api
2020,5,,6,api,malle_dips_pouches,Ginger FC 🏆🏆,2020-W05-05,5,104.98,125.78,Hunter Henry,TE,TE,True,False,False,,10.3,,Hunter Henry,TE,,399.p.29269,29269,NE,yahoo_fantasy_api
2020,5,,7,api,malle_dips_pouches,Ginger FC 🏆🏆,2020-W05-05,5,104.98,125.78,Robbie Chosen,WR,W/R/T,True,False,False,,15.5,,Robbie Chosen,WR,,399.p.29785,29785,Was,yahoo_fantasy_api
2020,5,,8,api,malle_dips_pouches,Ginger FC 🏆🏆,2020-W05-05,5,104.98,125.78,Myles Gaskin,RB,BN,False,True,False,,17.6,,Myles Gaskin,RB,,399.p.32066,32066,Sea,yahoo_fantasy_api
2020,5,,9,api,malle_dips_pouches,Ginger FC 🏆🏆,2020-W05-05,5,104.98,125.78,Aaron Jones Sr.,RB,BN,False,True,False,,0.0,,Aaron Jones Sr.,RB,,399.p.30295,30295,Min,yahoo_fantasy_api
2020,5,,10,api,malle_dips_pouches,Ginger FC 🏆🏆,2020-W05-05,5,104.98,125.78,Deebo Samuel Sr.,WR,BN,False,True,False,,3.2,,Deebo Samuel Sr.,WR,,399.p.31868,31868,SF,yahoo_fantasy_api
2020,5,,11,api,malle_dips_pouches,Ginger FC 🏆🏆,2020-W05-05,5,104.98,125.78,Jerry Jeudy,WR,BN,False,True,False,,0.0,,Jerry Jeudy,WR,,399.p.32685,32685,Cle,yahoo_fantasy_api
2020,5,,12,api,malle_dips_pouches,Ginger FC 🏆🏆,2020-W05-05,5,104.98,125.78,Eric Ebron,TE,BN,False,True,False,,4.8,,Eric Ebron,TE,,399.p.27538,27538,Pit,yahoo_fantasy_api
2020,5,,13,api,malle_dips_pouches,Ginger FC 🏆🏆,2020-W05-05,5,104.98,125.78,Justin Jackson,RB,BN,False,True,False,,11.9,,Justin Jackson,RB,,399.p.31221,31221,Det,yahoo_fantasy_api
2020,5,,14,api,malle_dips_pouches,Ginger FC 🏆🏆,2020-W05-05,5,104.98,125.78,Robbie Gould,K,K,True,False,False,,5.0,,Robbie Gould,K,,399.p.7520,7520,SF,yahoo_fantasy_api
2020,5,,15,api,malle_dips_pouches,Ginger FC 🏆🏆,2020-W05-05,5,104.98,125.78,Seahawks,DEF,DEF,True,False,False,,7.0,,Seahawks,DEF,,399.p.100026,100026,Sea,yahoo_fantasy_api
2020,6,,1,api,Big Sack Jack,malle_dips_pouches,2020-W06-06,6,79.82,108.42,Patrick Mahomes,QB,QB,True,False,False,,24.6,,Patrick Mahomes,QB,,399.p.30123,30123,KC,yahoo_fantasy_api
2020,6,,2,api,Big Sack Jack,malle_dips_pouches,2020-W06-06,6,79.82,108.42,Hollywood Brown,WR,WR,True,False,False,,7.7,,Hollywood Brown,WR,,399.p.31857,31857,Phi,yahoo_fantasy_api
2020,6,,3,api,Big Sack Jack,malle_dips_pouches,2020-W06-06,6,79.82,108.42,CeeDee Lamb,WR,WR,True,False,False,,9.9,,CeeDee Lamb,WR,,399.p.32687,32687,Dal,yahoo_fantasy_api
2020,6,,4,api,Big Sack Jack,malle_dips_pouches,2020-W06-06,6,79.82,108.42,Ezekiel Elliott,RB,RB,True,False,False,,8.0,,Ezekiel Elliott,RB,,399.p.29238,29238,Dal,yahoo_fantasy_api
2020,6,,5,api,Big Sack Jack,malle_dips_pouches,2020-W06-06,6,79.82,108.42,James White,RB,RB,True,False,False,,11.3,,James White,RB,,399.p.27658,27658,NE,yahoo_fantasy_api
2020,6,,6,api,Big Sack Jack,malle_dips_pouches,2020-W06-06,6,79.82,108.42,Evan Engram,TE,TE,True,False,False,,4.0,,Evan Engram,TE,,399.p.30136,30136,Den,yahoo_fantasy_api
2020,6,,7,api,Big Sack Jack,malle_dips_pouches,2020-W06-06,6,79.82,108.42,Julian Edelman,WR,W/R/T,True,False,False,,3.32,,Julian Edelman,WR,,399.p.9496,9496,NE,yahoo_fantasy_api
2020,6,,8,api,Big Sack Jack,malle_dips_pouches,2020-W06-06,6,79.82,108.42,Anthony Miller,WR,BN,False,True,False,,2.3,,Anthony Miller,WR,,399.p.31021,31021,Bal,yahoo_fantasy_api
2020,6,,9,api,Big Sack Jack,malle_dips_pouches,2020-W06-06,6,79.82,108.42,Cam Akers,RB,BN,False,True,False,,0.0,,Cam Akers,RB,,399.p.32722,32722,Sea,yahoo_fantasy_api
2020,6,,10,api,Big Sack Jack,malle_dips_pouches,2020-W06-06,6,79.82,108.42,Keenan Allen,WR,BN,False,True,False,,0.0,,Keenan Allen,WR,,399.p.26699,26699,Ind,yahoo_fantasy_api
2020,6,,11,api,Big Sack Jack,malle_dips_pouches,2020-W06-06,6,79.82,108.42,Melvin Gordon III,RB,BN,False,True,False,,0.0,,Melvin Gordon III,RB,,399.p.28403,28403,Bal,yahoo_fantasy_api
2020,6,,12,api,Big Sack Jack,malle_dips_pouches,2020-W06-06,6,79.82,108.42,Sammy Watkins,WR,BN,False,True,False,,0.0,,Sammy Watkins,WR,,399.p.27532,27532,Bal,yahoo_fantasy_api
2020,6,,13,api,Big Sack Jack,malle_dips_pouches,2020-W06-06,6,79.82,108.42,Dallas Goedert,TE,IR,False,False,True,,0.0,,Dallas Goedert,TE,,399.p.31019,31019,Phi,yahoo_fantasy_api
2020,6,,14,api,Big Sack Jack,malle_dips_pouches,2020-W06-06,6,79.82,108.42,Greg Zuerlein,K,K,True,False,False,,4.0,,Greg Zuerlein,K,,399.p.25881,25881,NYJ,yahoo_fantasy_api
2020,6,,15,api,Big Sack Jack,malle_dips_pouches,2020-W06-06,6,79.82,108.42,Ravens,DEF,DEF,True,False,False,,7.0,,Ravens,DEF,,399.p.100033,100033,Bal,yahoo_fantasy_api
2020,6,,1,api,Ginger FC 🏆🏆,Uncle Rico,2020-W06-05,5,71.94,103.08,Ryan Fitzpatrick,QB,QB,True,False,False,,24.04,,Ryan Fitzpatrick,QB,,399.p.7426,7426,Was,yahoo_fantasy_api
2020,6,,2,api,Ginger FC 🏆🏆,Uncle Rico,2020-W06-05,5,71.94,103.08,Mike Evans,WR,WR,True,False,False,,1.5,,Mike Evans,WR,,399.p.27535,27535,SF,yahoo_fantasy_api
2020,6,,3,api,Ginger FC 🏆🏆,Uncle Rico,2020-W06-05,5,71.94,103.08,DeVante Parker,WR,WR,True,False,False,,5.0,,DeVante Parker,WR,,399.p.28402,28402,NE,yahoo_fantasy_api
2020,6,,4,api,Ginger FC 🏆🏆,Uncle Rico,2020-W06-05,5,71.94,103.08,Jerick McKinnon,RB,RB,True,False,False,,3.8,,Jerick McKinnon,RB,,399.p.27624,27624,KC,yahoo_fantasy_api
2020,6,,5,api,Ginger FC 🏆🏆,Uncle Rico,2020-W06-05,5,71.94,103.08,Chase Edmonds,RB,RB,True,False,False,,3.4,,Chase Edmonds,RB,,399.p.31104,31104,Was,yahoo_fantasy_api
2020,6,,6,api,Ginger FC 🏆🏆,Uncle Rico,2020-W06-05,5,71.94,103.08,Mike Gesicki,TE,TE,True,False,False,,0.0,,Mike Gesicki,TE,,399.p.31012,31012,Cin,yahoo_fantasy_api
2020,6,,7,api,Ginger FC 🏆🏆,Uncle Rico,2020-W06-05,5,71.94,103.08,Brandon Aiyuk,WR,W/R/T,True,False,False,,8.2,,Brandon Aiyuk,WR,,399.p.32695,32695,SF,yahoo_fantasy_api
2020,6,,8,api,Ginger FC 🏆🏆,Uncle Rico,2020-W06-05,5,71.94,103.08,DK Metcalf,WR,BN,False,True,False,,0.0,,DK Metcalf,WR,,399.p.31896,31896,Pit,yahoo_fantasy_api
2020,6,,9,api,Ginger FC 🏆🏆,Uncle Rico,2020-W06-05,5,71.94,103.08,Jared Cook,TE,BN,False,True,False,,0.0,,Jared Cook,TE,,399.p.9353,9353,LAC,yahoo_fantasy_api
2020,6,,10,api,Ginger FC 🏆🏆,Uncle Rico,2020-W06-05,5,71.94,103.08,Russell Wilson,QB,BN,False,True,False,,0.0,,Russell Wilson,QB,,399.p.25785,25785,NYG,yahoo_fantasy_api
2020,6,,11,api,Ginger FC 🏆🏆,Uncle Rico,2020-W06-05,5,71.94,103.08,Duke Johnson,RB,BN,False,True,False,,1.6,,Duke Johnson,RB,,399.p.28465,28465,Buf,yahoo_fantasy_api
2020,6,,12,api,Ginger FC 🏆🏆,Uncle Rico,2020-W06-05,5,71.94,103.08,Allen Lazard,WR,BN,False,True,False,,0.0,,Allen Lazard,WR,,399.p.31268,31268,NYJ,yahoo_fantasy_api
2020,6,,13,api,Ginger FC 🏆🏆,Uncle Rico,2020-W06-05,5,71.94,103.08,Rex Burkhead,RB,BN,False,True,False,,1.4,,Rex Burkhead,RB,,399.p.26813,26813,Hou,yahoo_fantasy_api
2020,6,,14,api,Ginger FC 🏆🏆,Uncle Rico,2020-W06-05,5,71.94,103.08,Christian McCaffrey,RB,IR,False,False,True,,0.0,,Christian McCaffrey,RB,,399.p.30121,30121,SF,yahoo_fantasy_api
2020,6,,15,api,Ginger FC 🏆🏆,Uncle Rico,2020-W06-05,5,71.94,103.08,Harrison Butker,K,K,True,False,False,,8.0,,Harrison Butker,K,,399.p.30346,30346,KC,yahoo_fantasy_api
2020,6,,16,api,Ginger FC 🏆🏆,Uncle Rico,2020-W06-05,5,71.94,103.08,Steelers,DEF,DEF,True,False,False,,18.0,,Steelers,DEF,,399.p.100023,100023,Pit,yahoo_fantasy_api
2020,6,,1,api,Joe Mantegna,Patty Primetimes,2020-W06-04,4,121.3,87.94,Deshaun Watson,QB,QB,True,False,False,,40.0,,Deshaun Watson,QB,,399.p.30125,30125,Cle,yahoo_fantasy_api
2020,6,,2,api,Joe Mantegna,Patty Primetimes,2020-W06-04,4,121.3,87.94,JuJu Smith-Schuster,WR,WR,True,False,False,,1.6,,JuJu Smith-Schuster,WR,,399.p.30175,30175,NYG,yahoo_fantasy_api
2020,6,,3,api,Joe Mantegna,Patty Primetimes,2020-W06-04,4,121.3,87.94,Jarvis Landry,WR,WR,True,False,False,,5.5,,Jarvis Landry,WR,,399.p.27591,27591,NO,yahoo_fantasy_api
2020,6,,4,api,Joe Mantegna,Patty Primetimes,2020-W06-04,4,121.3,87.94,Clyde Edwards-Helaire,RB,RB,True,False,False,,18.9,,Clyde Edwards-Helaire,RB,,399.p.32702,32702,KC,yahoo_fantasy_api
2020,6,,5,api,Joe Mantegna,Patty Primetimes,2020-W06-04,4,121.3,87.94,Miles Sanders,RB,RB,True,False,False,,11.7,,Miles Sanders,RB,,399.p.31885,31885,Dal,yahoo_fantasy_api
2020,6,,6,api,Joe Mantegna,Patty Primetimes,2020-W06-04,4,121.3,87.94,George Kittle,TE,TE,True,False,False,,20.4,,George Kittle,TE,,399.p.30259,30259,SF,yahoo_fantasy_api
2020,6,,7,api,Joe Mantegna,Patty Primetimes,2020-W06-04,4,121.3,87.94,Todd Gurley,RB,W/R/T,True,False,False,,8.2,,Todd Gurley,RB,,399.p.28398,28398,Atl,yahoo_fantasy_api
2020,6,,8,api,Joe Mantegna,Patty Primetimes,2020-W06-04,4,121.3,87.94,DJ Chark,WR,BN,False,True,False,,8.0,,DJ Chark,WR,,399.p.31031,31031,Atl,yahoo_fantasy_api
2020,6,,9,api,Joe Mantegna,Patty Primetimes,2020-W06-04,4,121.3,87.94,Curtis Samuel,WR,BN,False,True,False,,0.0,,Curtis Samuel,WR,,399.p.30153,30153,Buf,yahoo_fantasy_api
2020,6,,10,api,Joe Mantegna,Patty Primetimes,2020-W06-04,4,121.3,87.94,Logan Thomas,TE,BN,False,True,False,,11.7,,Logan Thomas,TE,,399.p.27648,27648,SF,yahoo_fantasy_api
2020,6,,11,api,Joe Mantegna,Patty Primetimes,2020-W06-04,4,121.3,87.94,Zack Moss,RB,BN,False,True,False,,1.0,,Zack Moss,RB,,399.p.32756,32756,Cin,yahoo_fantasy_api
2020,6,,12,api,Joe Mantegna,Patty Primetimes,2020-W06-04,4,121.3,87.94,Greg Ward,WR,BN,False,True,False,,4.9,,Greg Ward,WR,,399.p.30715,30715,Ind,yahoo_fantasy_api
2020,6,,13,api,Joe Mantegna,Patty Primetimes,2020-W06-04,4,121.3,87.94,Frank Gore,RB,BN,False,True,False,,9.0,,Frank Gore,RB,,399.p.7241,7241,NYJ,yahoo_fantasy_api
2020,6,,14,api,Joe Mantegna,Patty Primetimes,2020-W06-04,4,121.3,87.94,Zane Gonzalez,K,K,True,False,False,,8.0,,Zane Gonzalez,K,,399.p.30337,30337,Mia,yahoo_fantasy_api
2020,6,,15,api,Joe Mantegna,Patty Primetimes,2020-W06-04,4,121.3,87.94,Patriots,DEF,DEF,True,False,False,,7.0,,Patriots,DEF,,399.p.100017,100017,NE,yahoo_fantasy_api
2020,6,,1,api,Malle ❤️ 🐸,Pop Lockett Drop it,2020-W06-02,2,112.44,119.3,Tom Brady,QB,QB,True,False,False,,18.64,,Tom Brady,QB,,399.p.5228,5228,TB,yahoo_fantasy_api
2020,6,,2,api,Malle ❤️ 🐸,Pop Lockett Drop it,2020-W06-02,2,112.44,119.3,Adam Thielen,WR,WR,True,False,False,,12.6,,Adam Thielen,WR,,399.p.27277,27277,Pit,yahoo_fantasy_api
2020,6,,3,api,Malle ❤️ 🐸,Pop Lockett Drop it,2020-W06-02,2,112.44,119.3,Preston Williams,WR,WR,True,False,False,,8.8,,Preston Williams,WR,,399.p.32447,32447,Car,yahoo_fantasy_api
2020,6,,4,api,Malle ❤️ 🐸,Pop Lockett Drop it,2020-W06-02,2,112.44,119.3,Kareem Hunt,RB,RB,True,False,False,,6.7,,Kareem Hunt,RB,,399.p.30199,30199,KC,yahoo_fantasy_api
2020,6,,5,api,Malle ❤️ 🐸,Pop Lockett Drop it,2020-W06-02,2,112.44,119.3,Damien Harris,RB,RB,True,False,False,,3.8,,Damien Harris,RB,,399.p.31919,31919,Buf,yahoo_fantasy_api
2020,6,,6,api,Malle ❤️ 🐸,Pop Lockett Drop it,2020-W06-02,2,112.44,119.3,Travis Kelce,TE,TE,True,False,False,,19.0,,Travis Kelce,TE,,399.p.26686,26686,KC,yahoo_fantasy_api
2020,6,,7,api,Malle ❤️ 🐸,Pop Lockett Drop it,2020-W06-02,2,112.44,119.3,Calvin Ridley,WR,W/R/T,True,False,False,,15.9,,Calvin Ridley,WR,,399.p.30996,30996,Ten,yahoo_fantasy_api
2020,6,,8,api,Malle ❤️ 🐸,Pop Lockett Drop it,2020-W06-02,2,112.44,119.3,Alvin Kamara,RB,BN,False,True,False,,0.0,,Alvin Kamara,RB,,399.p.30180,30180,NO,yahoo_fantasy_api
2020,6,,9,api,Malle ❤️ 🐸,Pop Lockett Drop it,2020-W06-02,2,112.44,119.3,DeSean Jackson,WR,BN,False,True,False,,0.0,,DeSean Jackson,WR,,399.p.8826,8826,Bal,yahoo_fantasy_api
2020,6,,10,api,Malle ❤️ 🐸,Pop Lockett Drop it,2020-W06-02,2,112.44,119.3,Latavius Murray,RB,BN,False,True,False,,0.0,,Latavius Murray,RB,,399.p.26804,26804,Buf,yahoo_fantasy_api
2020,6,,11,api,Malle ❤️ 🐸,Pop Lockett Drop it,2020-W06-02,2,112.44,119.3,Jordan Howard,RB,BN,False,True,False,,0.0,,Jordan Howard,RB,,399.p.29384,29384,NO,yahoo_fantasy_api
2020,6,,12,api,Malle ❤️ 🐸,Pop Lockett Drop it,2020-W06-02,2,112.44,119.3,Ben Roethlisberger,QB,BN,False,True,False,,12.98,,Ben Roethlisberger,QB,,399.p.6770,6770,Pit,yahoo_fantasy_api
2020,6,,13,api,Malle ❤️ 🐸,Pop Lockett Drop it,2020-W06-02,2,112.44,119.3,Blake Jarwin,TE,BN,False,True,False,,0.0,,Blake Jarwin,TE,,399.p.30784,30784,Dal,yahoo_fantasy_api
2020,6,,14,api,Malle ❤️ 🐸,Pop Lockett Drop it,2020-W06-02,2,112.44,119.3,Justin Tucker,K,K,True,False,False,,16.0,,Justin Tucker,K,,399.p.26534,26534,Bal,yahoo_fantasy_api
2020,6,,15,api,Malle ❤️ 🐸,Pop Lockett Drop it,2020-W06-02,2,112.44,119.3,Bears,DEF,DEF,True,False,False,,11.0,,Bears,DEF,,399.p.100003,100003,Chi,yahoo_fantasy_api
2020,6,,1,api,Patty Primetimes,Joe Mantegna,2020-W06-04,4,87.94,121.3,Lamar Jackson,QB,QB,True,False,False,,30.24,,Lamar Jackson,QB,,399.p.31002,31002,Bal,yahoo_fantasy_api
2020,6,,2,api,Patty Primetimes,Joe Mantegna,2020-W06-04,4,87.94,121.3,T.Y. Hilton,WR,WR,True,False,False,,1.6,,T.Y. Hilton,WR,,399.p.25802,25802,Dal,yahoo_fantasy_api
2020,6,,3,api,Patty Primetimes,Joe Mantegna,2020-W06-04,4,87.94,121.3,Christian Kirk,WR,WR,True,False,False,,21.6,,Christian Kirk,WR,,399.p.31017,31017,SF,yahoo_fantasy_api
2020,6,,4,api,Patty Primetimes,Joe Mantegna,2020-W06-04,4,87.94,121.3,Nyheim Miller-Hines,RB,RB,True,False,False,,5.2,,Nyheim Miller-Hines,RB,,399.p.31074,31074,LAC,yahoo_fantasy_api
2020,6,,5,api,Patty Primetimes,Joe Mantegna,2020-W06-04,4,87.94,121.3,J.K. Dobbins,RB,RB,True,False,False,,3.9,,J.K. Dobbins,RB,,399.p.32725,32725,Den,yahoo_fantasy_api
2020,6,,6,api,Patty Primetimes,Joe Mantegna,2020-W06-04,4,87.94,121.3,Mark Andrews,TE,TE,True,False,False,,3.1,,Mark Andrews,TE,,399.p.31056,31056,Bal,yahoo_fantasy_api
2020,6,,7,api,Patty Primetimes,Joe Mantegna,2020-W06-04,4,87.94,121.3,Adrian Peterson,RB,W/R/T,True,False,False,,12.3,,Adrian Peterson,RB,,399.p.8261,8261,Sea,yahoo_fantasy_api
2020,6,,8,api,Patty Primetimes,Joe Mantegna,2020-W06-04,4,87.94,121.3,Malcolm Brown,RB,BN,False,True,False,,3.7,,Malcolm Brown,RB,,399.p.28990,28990,LAR,yahoo_fantasy_api
2020,6,,9,api,Patty Primetimes,Joe Mantegna,2020-W06-04,4,87.94,121.3,Tyler Lockett,WR,BN,False,True,False,,0.0,,Tyler Lockett,WR,,399.p.28457,28457,LV,yahoo_fantasy_api
2020,6,,10,api,Patty Primetimes,Joe Mantegna,2020-W06-04,4,87.94,121.3,Austin Ekeler,RB,BN,False,True,False,,0.0,,Austin Ekeler,RB,,399.p.30423,30423,Was,yahoo_fantasy_api
2020,6,,11,api,Patty Primetimes,Joe Mantegna,2020-W06-04,4,87.94,121.3,Rob Gronkowski,TE,BN,False,True,False,,16.3,,Rob Gronkowski,TE,,399.p.24017,24017,TB,yahoo_fantasy_api
2020,6,,12,api,Patty Primetimes,Joe Mantegna,2020-W06-04,4,87.94,121.3,Matthew Stafford,QB,BN,False,True,False,,15.32,,Matthew Stafford,QB,,399.p.9265,9265,LAR,yahoo_fantasy_api
2020,6,,13,api,Patty Primetimes,Joe Mantegna,2020-W06-04,4,87.94,121.3,Jamaal Williams,RB,BN,False,True,False,,3.4,,Jamaal Williams,RB,,399.p.30247,30247,NO,yahoo_fantasy_api
2020,6,,14,api,Patty Primetimes,Joe Mantegna,2020-W06-04,4,87.94,121.3,Jason Sanders,K,K,True,False,False,,6.0,,Jason Sanders,K,,399.p.31199,31199,NYJ,yahoo_fantasy_api
2020,6,,15,api,Patty Primetimes,Joe Mantegna,2020-W06-04,4,87.94,121.3,Colts,DEF,DEF,True,False,False,,4.0,,Colts,DEF,,399.p.100011,100011,Ind,yahoo_fantasy_api
2020,6,,1,api,Pop Lockett Drop it,Malle ❤️ 🐸,2020-W06-02,2,119.3,112.44,Aaron Rodgers,QB,QB,True,False,False,,5.8,,Aaron Rodgers,QB,,399.p.7200,7200,Pit,yahoo_fantasy_api
2020,6,,2,api,Pop Lockett Drop it,Malle ❤️ 🐸,2020-W06-02,2,119.3,112.44,Stefon Diggs,WR,WR,True,False,False,,13.6,,Stefon Diggs,WR,,399.p.28534,28534,Was,yahoo_fantasy_api
2020,6,,3,api,Pop Lockett Drop it,Malle ❤️ 🐸,2020-W06-02,2,119.3,112.44,Will Fuller V,WR,WR,True,False,False,,21.3,,Will Fuller V,WR,,399.p.29255,29255,Mia,yahoo_fantasy_api
2020,6,,4,api,Pop Lockett Drop it,Malle ❤️ 🐸,2020-W06-02,2,119.3,112.44,David Johnson,RB,RB,True,False,False,,13.4,,David Johnson,RB,,399.p.28474,28474,NO,yahoo_fantasy_api
2020,6,,5,api,Pop Lockett Drop it,Malle ❤️ 🐸,2020-W06-02,2,119.3,112.44,Darrell Henderson Jr.,RB,RB,True,False,False,,9.2,,Darrell Henderson Jr.,RB,,399.p.31902,31902,LAR,yahoo_fantasy_api
2020,6,,6,api,Pop Lockett Drop it,Malle ❤️ 🐸,2020-W06-02,2,119.3,112.44,Austin Hooper,TE,TE,True,False,False,,7.7,,Austin Hooper,TE,,399.p.29315,29315,Atl,yahoo_fantasy_api
2020,6,,7,api,Pop Lockett Drop it,Malle ❤️ 🐸,2020-W06-02,2,119.3,112.44,James Robinson,RB,W/R/T,True,False,False,,13.3,,James Robinson,RB,,399.p.33138,33138,NO,yahoo_fantasy_api
2020,6,,8,api,Pop Lockett Drop it,Malle ❤️ 🐸,2020-W06-02,2,119.3,112.44,Gardner Minshew II,QB,BN,False,True,False,,20.62,,Gardner Minshew II,QB,,399.p.32010,32010,Ari,yahoo_fantasy_api
2020,6,,9,api,Pop Lockett Drop it,Malle ❤️ 🐸,2020-W06-02,2,119.3,112.44,Josh Jacobs,RB,BN,False,True,False,,0.0,,Josh Jacobs,RB,,399.p.31856,31856,GB,yahoo_fantasy_api
2020,6,,10,api,Pop Lockett Drop it,Malle ❤️ 🐸,2020-W06-02,2,119.3,112.44,Julio Jones,WR,BN,False,True,False,,29.7,,Julio Jones,WR,,399.p.24793,24793,Phi,yahoo_fantasy_api
2020,6,,11,api,Pop Lockett Drop it,Malle ❤️ 🐸,2020-W06-02,2,119.3,112.44,Emmanuel Sanders,WR,BN,False,True,False,,0.0,,Emmanuel Sanders,WR,,399.p.24057,24057,Buf,yahoo_fantasy_api
2020,6,,12,api,Pop Lockett Drop it,Malle ❤️ 🐸,2020-W06-02,2,119.3,112.44,Henry Ruggs III,WR,BN,False,True,False,,0.0,,Henry Ruggs III,WR,,399.p.32682,32682,LV,yahoo_fantasy_api
2020,6,,13,api,Pop Lockett Drop it,Malle ❤️ 🐸,2020-W06-02,2,119.3,112.44,Tee Higgins,WR,BN,False,True,False,,15.7,,Tee Higgins,WR,,399.p.32703,32703,Cin,yahoo_fantasy_api
2020,6,,14,api,Pop Lockett Drop it,Malle ❤️ 🐸,2020-W06-02,2,119.3,112.44,Younghoe Koo,K,K,True,False,False,,20.0,,Younghoe Koo,K,,399.p.30426,30426,NYG,yahoo_fantasy_api
2020,6,,15,api,Pop Lockett Drop it,Malle ❤️ 🐸,2020-W06-02,2,119.3,112.44,Dolphins,DEF,DEF,True,False,False,,15.0,,Dolphins,DEF,,399.p.100015,100015,Mia,yahoo_fantasy_api
2020,6,,1,api,Post Mahomes,The Big Gronkowski,2020-W06-01,1,107.82,89.42,Kyler Murray,QB,QB,True,False,False,,32.92,,Kyler Murray,QB,,399.p.31833,31833,Min,yahoo_fantasy_api
2020,6,,2,api,Post Mahomes,The Big Gronkowski,2020-W06-01,1,107.82,89.42,DJ Moore,WR,WR,True,False,False,,11.8,,DJ Moore,WR,,399.p.30994,30994,Buf,yahoo_fantasy_api
2020,6,,3,api,Post Mahomes,The Big Gronkowski,2020-W06-01,1,107.82,89.42,Kenny Golladay,WR,WR,True,False,False,,12.5,,Kenny Golladay,WR,,399.p.30209,30209,NYG,yahoo_fantasy_api
2020,6,,4,api,Post Mahomes,The Big Gronkowski,2020-W06-01,1,107.82,89.42,David Montgomery,RB,RB,True,False,False,,11.7,,David Montgomery,RB,,399.p.31905,31905,Hou,yahoo_fantasy_api
2020,6,,5,api,Post Mahomes,The Big Gronkowski,2020-W06-01,1,107.82,89.42,Devonta Freeman,RB,RB,True,False,False,,6.2,,Devonta Freeman,RB,,399.p.27631,27631,Bal,yahoo_fantasy_api
2020,6,,6,api,Post Mahomes,The Big Gronkowski,2020-W06-01,1,107.82,89.42,Hayden Hurst,TE,TE,True,False,False,,13.7,,Hayden Hurst,TE,,399.p.30995,30995,LAC,yahoo_fantasy_api
2020,6,,7,api,Post Mahomes,The Big Gronkowski,2020-W06-01,1,107.82,89.42,Robert Woods,WR,W/R/T,True,False,False,,12.0,,Robert Woods,WR,,399.p.26664,26664,Pit,yahoo_fantasy_api
2020,6,,8,api,Post Mahomes,The Big Gronkowski,2020-W06-01,1,107.82,89.42,Joshua Kelley,RB,BN,False,True,False,,0.0,,Joshua Kelley,RB,,399.p.32782,32782,Ten,yahoo_fantasy_api
2020,6,,9,api,Post Mahomes,The Big Gronkowski,2020-W06-01,1,107.82,89.42,Chris Carson,RB,BN,False,True,False,,0.0,,Chris Carson,RB,,399.p.30362,30362,Sea,yahoo_fantasy_api
2020,6,,10,api,Post Mahomes,The Big Gronkowski,2020-W06-01,1,107.82,89.42,Noah Fant,TE,BN,False,True,False,,0.0,,Noah Fant,TE,,399.p.31852,31852,NO,yahoo_fantasy_api
2020,6,,11,api,Post Mahomes,The Big Gronkowski,2020-W06-01,1,107.82,89.42,A.J. Green,WR,BN,False,True,False,,13.6,,A.J. Green,WR,,399.p.24791,24791,Ari,yahoo_fantasy_api
2020,6,,12,api,Post Mahomes,The Big Gronkowski,2020-W06-01,1,107.82,89.42,Phillip Lindsay,RB,BN,False,True,False,,10.1,,Phillip Lindsay,RB,,399.p.31379,31379,Ind,yahoo_fantasy_api
2020,6,,13,api,Post Mahomes,The Big Gronkowski,2020-W06-01,1,107.82,89.42,Nick Chubb,RB,BN,False,True,False,,0.0,,Nick Chubb,RB,,399.p.31005,31005,Hou,yahoo_fantasy_api
2020,6,,14,api,Post Mahomes,The Big Gronkowski,2020-W06-01,1,107.82,89.42,Saquon Barkley,RB,IR,False,False,True,,0.0,,Saquon Barkley,RB,,399.p.30972,30972,Phi,yahoo_fantasy_api
2020,6,,15,api,Post Mahomes,The Big Gronkowski,2020-W06-01,1,107.82,89.42,Stephen Gostkowski,K,K,True,False,False,,4.0,,Stephen Gostkowski,K,,399.p.7867,7867,Ten,yahoo_fantasy_api
2020,6,,16,api,Post Mahomes,The Big Gronkowski,2020-W06-01,1,107.82,89.42,Chiefs,DEF,DEF,True,False,False,,3.0,,Chiefs,DEF,,399.p.100012,100012,KC,yahoo_fantasy_api
2020,6,,1,api,The Big Gronkowski,Post Mahomes,2020-W06-01,1,89.42,107.82,Jared Goff,QB,QB,True,False,False,,19.92,,Jared Goff,QB,,399.p.29235,29235,Det,yahoo_fantasy_api
2020,6,,2,api,The Big Gronkowski,Post Mahomes,2020-W06-01,1,89.42,107.82,Allen Robinson,WR,WR,True,False,False,,7.8,,Allen Robinson,WR,,399.p.27589,27589,Det,yahoo_fantasy_api
2020,6,,3,api,The Big Gronkowski,Post Mahomes,2020-W06-01,1,89.42,107.82,Cooper Kupp,WR,WR,True,False,False,,2.6,,Cooper Kupp,WR,,399.p.30182,30182,Sea,yahoo_fantasy_api
2020,6,,4,api,The Big Gronkowski,Post Mahomes,2020-W06-01,1,89.42,107.82,James Conner,RB,RB,True,False,False,,16.7,,James Conner,RB,,399.p.30218,30218,Ari,yahoo_fantasy_api
2020,6,,5,api,The Big Gronkowski,Post Mahomes,2020-W06-01,1,89.42,107.82,Ronald Jones,RB,RB,True,False,False,,25.1,,Ronald Jones,RB,,399.p.31008,31008,Dal,yahoo_fantasy_api
2020,6,,6,api,The Big Gronkowski,Post Mahomes,2020-W06-01,1,89.42,107.82,Jonnu Smith,TE,TE,True,False,False,,1.8,,Jonnu Smith,TE,,399.p.30213,30213,GB,yahoo_fantasy_api
2020,6,,7,api,The Big Gronkowski,Post Mahomes,2020-W06-01,1,89.42,107.82,Odell Beckham Jr.,WR,W/R/T,True,False,False,,3.5,,Odell Beckham Jr.,WR,,399.p.27540,27540,NYG,yahoo_fantasy_api
2020,6,,8,api,The Big Gronkowski,Post Mahomes,2020-W06-01,1,89.42,107.82,Dalvin Cook,RB,BN,False,True,False,,0.0,,Dalvin Cook,RB,,399.p.30154,30154,Dal,yahoo_fantasy_api
2020,6,,9,api,The Big Gronkowski,Post Mahomes,2020-W06-01,1,89.42,107.82,Darren Waller,TE,BN,False,True,False,,0.0,,Darren Waller,TE,,399.p.28592,28592,Car,yahoo_fantasy_api
2020,6,,10,api,The Big Gronkowski,Post Mahomes,2020-W06-01,1,89.42,107.82,Drew Brees,QB,BN,False,True,False,,0.0,,Drew Brees,QB,,399.p.5479,5479,NO,yahoo_fantasy_api
2020,6,,11,api,The Big Gronkowski,Post Mahomes,2020-W06-01,1,89.42,107.82,Darius Slayton,WR,BN,False,True,False,,10.8,,Darius Slayton,WR,,399.p.32003,32003,Ind,yahoo_fantasy_api
2020,6,,12,api,The Big Gronkowski,Post Mahomes,2020-W06-01,1,89.42,107.82,Sterling Shepard,WR,IR,False,False,True,,0.0,,Sterling Shepard,WR,,399.p.29274,29274,NYJ,yahoo_fantasy_api
2020,6,,13,api,The Big Gronkowski,Post Mahomes,2020-W06-01,1,89.42,107.82,Rodrigo Blankenship,K,K,True,False,False,,8.0,,Rodrigo Blankenship,K,,399.p.33211,33211,Ind,yahoo_fantasy_api
2020,6,,14,api,The Big Gronkowski,Post Mahomes,2020-W06-01,1,89.42,107.82,Wil Lutz,K,BN,False,True,False,,0.0,,Wil Lutz,K,,399.p.29754,29754,Den,yahoo_fantasy_api
2020,6,,15,api,The Big Gronkowski,Post Mahomes,2020-W06-01,1,89.42,107.82,Commanders,DEF,DEF,True,False,False,,4.0,,Commanders,DEF,,399.p.100028,100028,Was,yahoo_fantasy_api
2020,6,,16,api,The Big Gronkowski,Post Mahomes,2020-W06-01,1,89.42,107.82,49ers,DEF,BN,False,True,False,,5.0,,49ers,DEF,,399.p.100025,100025,SF,yahoo_fantasy_api
2020,6,,1,api,ThreatLevelMidnight,Voldemort,2020-W06-03,3,85.34,137.16,Andy Dalton,QB,QB,True,False,False,,15.04,,Andy Dalton,QB,,399.p.24822,24822,Phi,yahoo_fantasy_api
2020,6,,2,api,ThreatLevelMidnight,Voldemort,2020-W06-03,3,85.34,137.16,A.J. Brown,WR,WR,True,False,False,,20.1,,A.J. Brown,WR,,399.p.31883,31883,NE,yahoo_fantasy_api
2020,6,,3,api,ThreatLevelMidnight,Voldemort,2020-W06-03,3,85.34,137.16,Davante Adams,WR,WR,True,False,False,,9.1,,Davante Adams,WR,,399.p.27581,27581,LAR,yahoo_fantasy_api
2020,6,,4,api,ThreatLevelMidnight,Voldemort,2020-W06-03,3,85.34,137.16,Mike Davis,RB,RB,True,False,False,,10.5,,Mike Davis,RB,,399.p.28514,28514,Bal,yahoo_fantasy_api
2020,6,,5,api,ThreatLevelMidnight,Voldemort,2020-W06-03,3,85.34,137.16,Alexander Mattison,RB,RB,True,False,False,,3.5,,Alexander Mattison,RB,,399.p.31934,31934,Mia,yahoo_fantasy_api
2020,6,,6,api,ThreatLevelMidnight,Voldemort,2020-W06-03,3,85.34,137.16,Dalton Schultz,TE,TE,True,False,False,,5.5,,Dalton Schultz,TE,,399.p.31107,31107,Hou,yahoo_fantasy_api
2020,6,,7,api,ThreatLevelMidnight,Voldemort,2020-W06-03,3,85.34,137.16,Raheem Mostert,RB,W/R/T,True,False,False,,8.6,,Raheem Mostert,RB,,399.p.28654,28654,LV,yahoo_fantasy_api
2020,6,,8,api,ThreatLevelMidnight,Voldemort,2020-W06-03,3,85.34,137.16,Matt Ryan,QB,BN,False,True,False,,39.64,,Matt Ryan,QB,,399.p.8780,8780,Ind,yahoo_fantasy_api
2020,6,,9,api,ThreatLevelMidnight,Voldemort,2020-W06-03,3,85.34,137.16,Joe Mixon,RB,BN,False,True,False,,13.9,,Joe Mixon,RB,,399.p.30161,30161,Hou,yahoo_fantasy_api
2020,6,,10,api,ThreatLevelMidnight,Voldemort,2020-W06-03,3,85.34,137.16,Tyler Boyd,WR,BN,False,True,False,,10.4,,Tyler Boyd,WR,,399.p.29288,29288,Ten,yahoo_fantasy_api
2020,6,,11,api,ThreatLevelMidnight,Voldemort,2020-W06-03,3,85.34,137.16,Michael Gallup,WR,BN,False,True,False,,3.3,,Michael Gallup,WR,,399.p.31051,31051,Was,yahoo_fantasy_api
2020,6,,12,api,ThreatLevelMidnight,Voldemort,2020-W06-03,3,85.34,137.16,Laviska Shenault Jr.,WR,BN,False,True,False,,2.6,,Laviska Shenault Jr.,WR,,399.p.32712,32712,Buf,yahoo_fantasy_api
2020,6,,13,api,ThreatLevelMidnight,Voldemort,2020-W06-03,3,85.34,137.16,Joey Slye,K,K,True,False,False,,11.0,,Joey Slye,K,,399.p.32384,32384,Ten,yahoo_fantasy_api
2020,6,,14,api,ThreatLevelMidnight,Voldemort,2020-W06-03,3,85.34,137.16,Panthers,DEF,DEF,True,False,False,,2.0,,Panthers,DEF,,399.p.100029,100029,Car,yahoo_fantasy_api
2020,6,,15,api,ThreatLevelMidnight,Voldemort,2020-W06-03,3,85.34,137.16,Chargers,DEF,BN,False,True,False,,0.0,,Chargers,DEF,,399.p.100024,100024,LAC,yahoo_fantasy_api
2020,6,,1,api,Uncle Rico,Ginger FC 🏆🏆,2020-W06-05,5,103.08,71.94,Josh Allen,QB,QB,True,False,False,,20.08,,Josh Allen,QB,,399.p.30977,30977,Buf,yahoo_fantasy_api
2020,6,,2,api,Uncle Rico,Ginger FC 🏆🏆,2020-W06-05,5,103.08,71.94,Jamison Crowder,WR,WR,True,False,False,,8.3,,Jamison Crowder,WR,,399.p.28493,28493,Was,yahoo_fantasy_api
2020,6,,3,api,Uncle Rico,Ginger FC 🏆🏆,2020-W06-05,5,103.08,71.94,Chris Godwin Jr.,WR,WR,True,False,False,,7.3,,Chris Godwin Jr.,WR,,399.p.30197,30197,TB,yahoo_fantasy_api
2020,6,,4,api,Uncle Rico,Ginger FC 🏆🏆,2020-W06-05,5,103.08,71.94,Antonio Gibson,RB,RB,True,False,False,,7.5,,Antonio Gibson,RB,,399.p.32736,32736,NE,yahoo_fantasy_api
2020,6,,5,api,Uncle Rico,Ginger FC 🏆🏆,2020-W06-05,5,103.08,71.94,Derrick Henry,RB,RB,True,False,False,,39.4,,Derrick Henry,RB,,399.p.29279,29279,Bal,yahoo_fantasy_api
2020,6,,6,api,Uncle Rico,Ginger FC 🏆🏆,2020-W06-05,5,103.08,71.94,Robert Tonyan,TE,TE,True,False,False,,4.0,,Robert Tonyan,TE,,399.p.30777,30777,Pit,yahoo_fantasy_api
2020,6,,7,api,Uncle Rico,Ginger FC 🏆🏆,2020-W06-05,5,103.08,71.94,Travis Fulgham,WR,W/R/T,True,False,False,,16.5,,Travis Fulgham,WR,,399.p.32016,32016,GB,yahoo_fantasy_api
2020,6,,8,api,Uncle Rico,Ginger FC 🏆🏆,2020-W06-05,5,103.08,71.94,Diontae Johnson,WR,BN,False,True,False,,0.0,,Diontae Johnson,WR,,399.p.31898,31898,Cle,yahoo_fantasy_api
2020,6,,9,api,Uncle Rico,Ginger FC 🏆🏆,2020-W06-05,5,103.08,71.94,Scotty Miller,WR,BN,False,True,False,,1.1,,Scotty Miller,WR,,399.p.32040,32040,Chi,yahoo_fantasy_api
2020,6,,10,api,Uncle Rico,Ginger FC 🏆🏆,2020-W06-05,5,103.08,71.94,Zach Ertz,TE,BN,False,True,False,,5.3,,Zach Ertz,TE,,399.p.26658,26658,Phi,yahoo_fantasy_api
2020,6,,11,api,Uncle Rico,Ginger FC 🏆🏆,2020-W06-05,5,103.08,71.94,Michael Thomas,WR,BN,False,True,False,,0.0,,Michael Thomas,WR,,399.p.29281,29281,NO,yahoo_fantasy_api
2020,6,,12,api,Uncle Rico,Ginger FC 🏆🏆,2020-W06-05,5,103.08,71.94,D'Andre Swift,RB,BN,False,True,False,,25.8,,D'Andre Swift,RB,,399.p.32705,32705,Chi,yahoo_fantasy_api
2020,6,,13,api,Uncle Rico,Ginger FC 🏆🏆,2020-W06-05,5,103.08,71.94,Cam Newton,QB,BN,False,True,False,,19.98,,Cam Newton,QB,,399.p.24788,24788,Car,yahoo_fantasy_api
2020,6,,14,api,Uncle Rico,Ginger FC 🏆🏆,2020-W06-05,5,103.08,71.94,Jake Elliott,K,K,True,False,False,,0.0,,Jake Elliott,K,,399.p.30266,30266,Phi,yahoo_fantasy_api
2020,6,,15,api,Uncle Rico,Ginger FC 🏆🏆,2020-W06-05,5,103.08,71.94,Rams,DEF,DEF,True,False,False,,0.0,,Rams,DEF,,399.p.100014,100014,LAR,yahoo_fantasy_api
2020,6,,1,api,Voldemort,ThreatLevelMidnight,2020-W06-03,3,137.16,85.34,Ryan Tannehill,QB,QB,True,False,False,,37.56,,Ryan Tannehill,QB,,399.p.25718,25718,Ten,yahoo_fantasy_api
2020,6,,2,api,Voldemort,ThreatLevelMidnight,2020-W06-03,3,137.16,85.34,Tyreek Hill,WR,WR,True,False,False,,4.0,,Tyreek Hill,WR,,399.p.29399,29399,Mia,yahoo_fantasy_api
2020,6,,3,api,Voldemort,ThreatLevelMidnight,2020-W06-03,3,137.16,85.34,Terry McLaurin,WR,WR,True,False,False,,10.9,,Terry McLaurin,WR,,399.p.31908,31908,Was,yahoo_fantasy_api
2020,6,,4,api,Voldemort,ThreatLevelMidnight,2020-W06-03,3,137.16,85.34,Jonathan Taylor,RB,RB,True,False,False,,13.5,,Jonathan Taylor,RB,,399.p.32711,32711,Ind,yahoo_fantasy_api
2020,6,,5,api,Voldemort,ThreatLevelMidnight,2020-W06-03,3,137.16,85.34,Kenyan Drake,RB,RB,True,False,False,,28.4,,Kenyan Drake,RB,,399.p.29307,29307,Bal,yahoo_fantasy_api
2020,6,,6,api,Voldemort,ThreatLevelMidnight,2020-W06-03,3,137.16,85.34,T.J. Hockenson,TE,TE,True,False,False,,8.7,,T.J. Hockenson,TE,,399.p.31840,31840,Min,yahoo_fantasy_api
2020,6,,7,api,Voldemort,ThreatLevelMidnight,2020-W06-03,3,137.16,85.34,Chase Claypool,WR,W/R/T,True,False,False,,16.1,,Chase Claypool,WR,,399.p.32719,32719,Buf,yahoo_fantasy_api
2020,6,,8,api,Voldemort,ThreatLevelMidnight,2020-W06-03,3,137.16,85.34,Justin Jefferson,WR,BN,False,True,False,,35.1,,Justin Jefferson,WR,,399.p.32692,32692,Min,yahoo_fantasy_api
2020,6,,9,api,Voldemort,ThreatLevelMidnight,2020-W06-03,3,137.16,85.34,John Brown,WR,BN,False,True,False,,0.0,,John Brown,WR,,399.p.27619,27619,Buf,yahoo_fantasy_api
2020,6,,10,api,Voldemort,ThreatLevelMidnight,2020-W06-03,3,137.16,85.34,Mark Ingram II,RB,BN,False,True,False,,2.0,,Mark Ingram II,RB,,399.p.24815,24815,NO,yahoo_fantasy_api
2020,6,,11,api,Voldemort,ThreatLevelMidnight,2020-W06-03,3,137.16,85.34,Justin Herbert,QB,BN,False,True,False,,0.0,,Justin Herbert,QB,,399.p.32676,32676,LAC,yahoo_fantasy_api
2020,6,,12,api,Voldemort,ThreatLevelMidnight,2020-W06-03,3,137.16,85.34,Mike Williams,WR,BN,False,True,False,,0.0,,Mike Williams,WR,,399.p.30120,30120,Pit,yahoo_fantasy_api
2020,6,,13,api,Voldemort,ThreatLevelMidnight,2020-W06-03,3,137.16,85.34,Leonard Fournette,RB,IR,False,False,True,,0.0,,Leonard Fournette,RB,,399.p.30117,30117,Buf,yahoo_fantasy_api
2020,6,,14,api,Voldemort,ThreatLevelMidnight,2020-W06-03,3,137.16,85.34,Mason Crosby,K,K,True,False,False,,4.0,,Mason Crosby,K,,399.p.8447,8447,NYG,yahoo_fantasy_api
2020,6,,15,api,Voldemort,ThreatLevelMidnight,2020-W06-03,3,137.16,85.34,Giants,DEF,DEF,True,False,False,,14.0,,Giants,DEF,,399.p.100019,100019,NYG,yahoo_fantasy_api
2020,6,,16,api,Voldemort,ThreatLevelMidnight,2020-W06-03,3,137.16,85.34,Bills,DEF,BN,False,True,False,,3.0,,Bills,DEF,,399.p.100002,100002,Buf,yahoo_fantasy_api
2020,6,,1,api,malle_dips_pouches,Big Sack Jack,2020-W06-06,6,108.42,79.82,Kirk Cousins,QB,QB,True,False,False,,32.72,,Kirk Cousins,QB,,399.p.25812,25812,LV,yahoo_fantasy_api
2020,6,,2,api,malle_dips_pouches,Big Sack Jack,2020-W06-06,6,108.42,79.82,DeAndre Hopkins,WR,WR,True,False,False,,8.3,,DeAndre Hopkins,WR,,399.p.26650,26650,Bal,yahoo_fantasy_api
2020,6,,3,api,malle_dips_pouches,Big Sack Jack,2020-W06-06,6,108.42,79.82,Amari Cooper,WR,WR,True,False,False,,17.4,,Amari Cooper,WR,,399.p.28392,28392,Buf,yahoo_fantasy_api
2020,6,,4,api,malle_dips_pouches,Big Sack Jack,2020-W06-06,6,108.42,79.82,Aaron Jones Sr.,RB,RB,True,False,False,,11.6,,Aaron Jones Sr.,RB,,399.p.30295,30295,Min,yahoo_fantasy_api
2020,6,,5,api,malle_dips_pouches,Big Sack Jack,2020-W06-06,6,108.42,79.82,Myles Gaskin,RB,RB,True,False,False,,14.6,,Myles Gaskin,RB,,399.p.32066,32066,Sea,yahoo_fantasy_api
2020,6,,6,api,malle_dips_pouches,Big Sack Jack,2020-W06-06,6,108.42,79.82,Tyler Higbee,TE,TE,True,False,False,,7.1,,Tyler Higbee,TE,,399.p.29344,29344,LAR,yahoo_fantasy_api
2020,6,,7,api,malle_dips_pouches,Big Sack Jack,2020-W06-06,6,108.42,79.82,Robbie Chosen,WR,W/R/T,True,False,False,,9.7,,Robbie Chosen,WR,,399.p.29785,29785,Was,yahoo_fantasy_api
2020,6,,8,api,malle_dips_pouches,Big Sack Jack,2020-W06-06,6,108.42,79.82,Devin Singletary,RB,BN,False,True,False,,5.0,,Devin Singletary,RB,,399.p.31906,31906,NYG,yahoo_fantasy_api
2020,6,,9,api,malle_dips_pouches,Big Sack Jack,2020-W06-06,6,108.42,79.82,Hunter Henry,TE,BN,False,True,False,,0.0,,Hunter Henry,TE,,399.p.29269,29269,NE,yahoo_fantasy_api
2020,6,,10,api,malle_dips_pouches,Big Sack Jack,2020-W06-06,6,108.42,79.82,Le'Veon Bell,RB,BN,False,True,False,,0.0,,Le'Veon Bell,RB,,399.p.26671,26671,TB,yahoo_fantasy_api
2020,6,,11,api,malle_dips_pouches,Big Sack Jack,2020-W06-06,6,108.42,79.82,Deebo Samuel Sr.,WR,BN,False,True,False,,15.0,,Deebo Samuel Sr.,WR,,399.p.31868,31868,SF,yahoo_fantasy_api
2020,6,,12,api,malle_dips_pouches,Big Sack Jack,2020-W06-06,6,108.42,79.82,Jerry Jeudy,WR,BN,False,True,False,,4.2,,Jerry Jeudy,WR,,399.p.32685,32685,Cle,yahoo_fantasy_api
2020,6,,13,api,malle_dips_pouches,Big Sack Jack,2020-W06-06,6,108.42,79.82,Eric Ebron,TE,BN,False,True,False,,1.9,,Eric Ebron,TE,,399.p.27538,27538,Pit,yahoo_fantasy_api
2020,6,,14,api,malle_dips_pouches,Big Sack Jack,2020-W06-06,6,108.42,79.82,Robbie Gould,K,K,True,False,False,,7.0,,Robbie Gould,K,,399.p.7520,7520,SF,yahoo_fantasy_api
2020,6,,15,api,malle_dips_pouches,Big Sack Jack,2020-W06-06,6,108.42,79.82,Seahawks,DEF,DEF,True,False,False,,0.0,,Seahawks,DEF,,399.p.100026,100026,Sea,yahoo_fantasy_api
2020,7,,1,api,Big Sack Jack,Uncle Rico,2020-W07-05,5,63.9,110.18,Patrick Mahomes,QB,QB,True,False,False,,14.0,,Patrick Mahomes,QB,,399.p.30123,30123,KC,yahoo_fantasy_api
2020,7,,2,api,Big Sack Jack,Uncle Rico,2020-W07-05,5,63.9,110.18,CeeDee Lamb,WR,WR,True,False,False,,0.1,,CeeDee Lamb,WR,,399.p.32687,32687,Dal,yahoo_fantasy_api
2020,7,,3,api,Big Sack Jack,Uncle Rico,2020-W07-05,5,63.9,110.18,Keenan Allen,WR,WR,True,False,False,,17.5,,Keenan Allen,WR,,399.p.26699,26699,Ind,yahoo_fantasy_api
2020,7,,4,api,Big Sack Jack,Uncle Rico,2020-W07-05,5,63.9,110.18,Ezekiel Elliott,RB,RB,True,False,False,,5.6,,Ezekiel Elliott,RB,,399.p.29238,29238,Dal,yahoo_fantasy_api
2020,7,,5,api,Big Sack Jack,Uncle Rico,2020-W07-05,5,63.9,110.18,Melvin Gordon III,RB,RB,True,False,False,,11.0,,Melvin Gordon III,RB,,399.p.28403,28403,Bal,yahoo_fantasy_api
2020,7,,6,api,Big Sack Jack,Uncle Rico,2020-W07-05,5,63.9,110.18,Evan Engram,TE,TE,True,False,False,,7.9,,Evan Engram,TE,,399.p.30136,30136,Den,yahoo_fantasy_api
2020,7,,7,api,Big Sack Jack,Uncle Rico,2020-W07-05,5,63.9,110.18,Julian Edelman,WR,W/R/T,True,False,False,,1.8,,Julian Edelman,WR,,399.p.9496,9496,NE,yahoo_fantasy_api
2020,7,,8,api,Big Sack Jack,Uncle Rico,2020-W07-05,5,63.9,110.18,James White,RB,BN,False,True,False,,0.8,,James White,RB,,399.p.27658,27658,NE,yahoo_fantasy_api
2020,7,,9,api,Big Sack Jack,Uncle Rico,2020-W07-05,5,63.9,110.18,Hollywood Brown,WR,BN,False,True,False,,0.0,,Hollywood Brown,WR,,399.p.31857,31857,Phi,yahoo_fantasy_api
2020,7,,10,api,Big Sack Jack,Uncle Rico,2020-W07-05,5,63.9,110.18,Anthony Miller,WR,BN,False,True,False,,3.5,,Anthony Miller,WR,,399.p.31021,31021,Bal,yahoo_fantasy_api
2020,7,,11,api,Big Sack Jack,Uncle Rico,2020-W07-05,5,63.9,110.18,Sammy Watkins,WR,BN,False,True,False,,0.0,,Sammy Watkins,WR,,399.p.27532,27532,Bal,yahoo_fantasy_api
2020,7,,12,api,Big Sack Jack,Uncle Rico,2020-W07-05,5,63.9,110.18,Dallas Goedert,TE,IR,False,False,True,,0.0,,Dallas Goedert,TE,,399.p.31019,31019,Phi,yahoo_fantasy_api
2020,7,,13,api,Big Sack Jack,Uncle Rico,2020-W07-05,5,63.9,110.18,Greg Zuerlein,K,K,True,False,False,,4.0,,Greg Zuerlein,K,,399.p.25881,25881,NYJ,yahoo_fantasy_api
2020,7,,14,api,Big Sack Jack,Uncle Rico,2020-W07-05,5,63.9,110.18,Cowboys,DEF,DEF,True,False,False,,2.0,,Cowboys,DEF,,399.p.100006,100006,Dal,yahoo_fantasy_api
2020,7,,15,api,Big Sack Jack,Uncle Rico,2020-W07-05,5,63.9,110.18,Ravens,DEF,BN,False,True,False,,0.0,,Ravens,DEF,,399.p.100033,100033,Bal,yahoo_fantasy_api
2020,7,,1,api,Ginger FC 🏆🏆,The Big Gronkowski,2020-W07-01,1,101.02,103.5,Russell Wilson,QB,QB,True,False,False,,38.92,,Russell Wilson,QB,,399.p.25785,25785,NYG,yahoo_fantasy_api
2020,7,,2,api,Ginger FC 🏆🏆,The Big Gronkowski,2020-W07-01,1,101.02,103.5,Mike Evans,WR,WR,True,False,False,,4.7,,Mike Evans,WR,,399.p.27535,27535,SF,yahoo_fantasy_api
2020,7,,3,api,Ginger FC 🏆🏆,The Big Gronkowski,2020-W07-01,1,101.02,103.5,DK Metcalf,WR,WR,True,False,False,,3.3,,DK Metcalf,WR,,399.p.31896,31896,Pit,yahoo_fantasy_api
2020,7,,4,api,Ginger FC 🏆🏆,The Big Gronkowski,2020-W07-01,1,101.02,103.5,Jerick McKinnon,RB,RB,True,False,False,,-0.1,,Jerick McKinnon,RB,,399.p.27624,27624,KC,yahoo_fantasy_api
2020,7,,5,api,Ginger FC 🏆🏆,The Big Gronkowski,2020-W07-01,1,101.02,103.5,Chase Edmonds,RB,RB,True,False,False,,18.0,,Chase Edmonds,RB,,399.p.31104,31104,Was,yahoo_fantasy_api
2020,7,,6,api,Ginger FC 🏆🏆,The Big Gronkowski,2020-W07-01,1,101.02,103.5,Jared Cook,TE,TE,True,False,False,,10.7,,Jared Cook,TE,,399.p.9353,9353,LAC,yahoo_fantasy_api
2020,7,,7,api,Ginger FC 🏆🏆,The Big Gronkowski,2020-W07-01,1,101.02,103.5,Brandin Cooks,WR,W/R/T,True,False,False,,9.5,,Brandin Cooks,WR,,399.p.27548,27548,SF,yahoo_fantasy_api
2020,7,,8,api,Ginger FC 🏆🏆,The Big Gronkowski,2020-W07-01,1,101.02,103.5,Brandon Aiyuk,WR,BN,False,True,False,,14.5,,Brandon Aiyuk,WR,,399.p.32695,32695,SF,yahoo_fantasy_api
2020,7,,9,api,Ginger FC 🏆🏆,The Big Gronkowski,2020-W07-01,1,101.02,103.5,DeVante Parker,WR,BN,False,True,False,,0.0,,DeVante Parker,WR,,399.p.28402,28402,NE,yahoo_fantasy_api
2020,7,,10,api,Ginger FC 🏆🏆,The Big Gronkowski,2020-W07-01,1,101.02,103.5,Duke Johnson,RB,BN,False,True,False,,6.7,,Duke Johnson,RB,,399.p.28465,28465,Buf,yahoo_fantasy_api
2020,7,,11,api,Ginger FC 🏆🏆,The Big Gronkowski,2020-W07-01,1,101.02,103.5,Allen Lazard,WR,BN,False,True,False,,0.0,,Allen Lazard,WR,,399.p.31268,31268,NYJ,yahoo_fantasy_api
2020,7,,12,api,Ginger FC 🏆🏆,The Big Gronkowski,2020-W07-01,1,101.02,103.5,Cole Beasley,WR,BN,False,True,False,,16.7,,Cole Beasley,WR,,399.p.26060,26060,NYG,yahoo_fantasy_api
2020,7,,13,api,Ginger FC 🏆🏆,The Big Gronkowski,2020-W07-01,1,101.02,103.5,Keelan Cole Sr.,WR,BN,False,True,False,,1.7,,Keelan Cole Sr.,WR,,399.p.30396,30396,LV,yahoo_fantasy_api
2020,7,,14,api,Ginger FC 🏆🏆,The Big Gronkowski,2020-W07-01,1,101.02,103.5,Christian McCaffrey,RB,IR,False,False,True,,0.0,,Christian McCaffrey,RB,,399.p.30121,30121,SF,yahoo_fantasy_api
2020,7,,15,api,Ginger FC 🏆🏆,The Big Gronkowski,2020-W07-01,1,101.02,103.5,Harrison Butker,K,K,True,False,False,,14.0,,Harrison Butker,K,,399.p.30346,30346,KC,yahoo_fantasy_api
2020,7,,16,api,Ginger FC 🏆🏆,The Big Gronkowski,2020-W07-01,1,101.02,103.5,Steelers,DEF,DEF,True,False,False,,2.0,,Steelers,DEF,,399.p.100023,100023,Pit,yahoo_fantasy_api
2020,7,,1,api,Joe Mantegna,ThreatLevelMidnight,2020-W07-04,4,116.72,137.46,Deshaun Watson,QB,QB,True,False,False,,28.16,,Deshaun Watson,QB,,399.p.30125,30125,Cle,yahoo_fantasy_api
2020,7,,2,api,Joe Mantegna,ThreatLevelMidnight,2020-W07-04,4,116.72,137.46,JuJu Smith-Schuster,WR,WR,True,False,False,,13.0,,JuJu Smith-Schuster,WR,,399.p.30175,30175,NYG,yahoo_fantasy_api
2020,7,,3,api,Joe Mantegna,ThreatLevelMidnight,2020-W07-04,4,116.72,137.46,Jarvis Landry,WR,WR,True,False,False,,8.46,,Jarvis Landry,WR,,399.p.27591,27591,NO,yahoo_fantasy_api
2020,7,,4,api,Joe Mantegna,ThreatLevelMidnight,2020-W07-04,4,116.72,137.46,Clyde Edwards-Helaire,RB,RB,True,False,False,,12.8,,Clyde Edwards-Helaire,RB,,399.p.32702,32702,KC,yahoo_fantasy_api
2020,7,,5,api,Joe Mantegna,ThreatLevelMidnight,2020-W07-04,4,116.72,137.46,Todd Gurley,RB,RB,True,False,False,,21.2,,Todd Gurley,RB,,399.p.28398,28398,Atl,yahoo_fantasy_api
2020,7,,6,api,Joe Mantegna,ThreatLevelMidnight,2020-W07-04,4,116.72,137.46,George Kittle,TE,TE,True,False,False,,8.0,,George Kittle,TE,,399.p.30259,30259,SF,yahoo_fantasy_api
2020,7,,7,api,Joe Mantegna,ThreatLevelMidnight,2020-W07-04,4,116.72,137.46,DJ Chark,WR,W/R/T,True,False,False,,3.1,,DJ Chark,WR,,399.p.31031,31031,Atl,yahoo_fantasy_api
2020,7,,8,api,Joe Mantegna,ThreatLevelMidnight,2020-W07-04,4,116.72,137.46,Miles Sanders,RB,BN,False,True,False,,0.0,,Miles Sanders,RB,,399.p.31885,31885,Dal,yahoo_fantasy_api
2020,7,,9,api,Joe Mantegna,ThreatLevelMidnight,2020-W07-04,4,116.72,137.46,Curtis Samuel,WR,BN,False,True,False,,14.3,,Curtis Samuel,WR,,399.p.30153,30153,Buf,yahoo_fantasy_api
2020,7,,10,api,Joe Mantegna,ThreatLevelMidnight,2020-W07-04,4,116.72,137.46,Logan Thomas,TE,BN,False,True,False,,14.0,,Logan Thomas,TE,,399.p.27648,27648,SF,yahoo_fantasy_api
2020,7,,11,api,Joe Mantegna,ThreatLevelMidnight,2020-W07-04,4,116.72,137.46,Zack Moss,RB,BN,False,True,False,,8.7,,Zack Moss,RB,,399.p.32756,32756,Cin,yahoo_fantasy_api
2020,7,,12,api,Joe Mantegna,ThreatLevelMidnight,2020-W07-04,4,116.72,137.46,Greg Ward,WR,BN,False,True,False,,12.7,,Greg Ward,WR,,399.p.30715,30715,Ind,yahoo_fantasy_api
2020,7,,13,api,Joe Mantegna,ThreatLevelMidnight,2020-W07-04,4,116.72,137.46,Frank Gore,RB,BN,False,True,False,,6.0,,Frank Gore,RB,,399.p.7241,7241,NYJ,yahoo_fantasy_api
2020,7,,14,api,Joe Mantegna,ThreatLevelMidnight,2020-W07-04,4,116.72,137.46,Zane Gonzalez,K,K,True,False,False,,16.0,,Zane Gonzalez,K,,399.p.30337,30337,Mia,yahoo_fantasy_api
2020,7,,15,api,Joe Mantegna,ThreatLevelMidnight,2020-W07-04,4,116.72,137.46,Patriots,DEF,DEF,True,False,False,,6.0,,Patriots,DEF,,399.p.100017,100017,NE,yahoo_fantasy_api
2020,7,,1,api,Malle ❤️ 🐸,Post Mahomes,2020-W07-02,2,135.56,127.1,Tom Brady,QB,QB,True,False,False,,44.86,,Tom Brady,QB,,399.p.5228,5228,TB,yahoo_fantasy_api
2020,7,,2,api,Malle ❤️ 🐸,Post Mahomes,2020-W07-02,2,135.56,127.1,Calvin Ridley,WR,WR,True,False,False,,17.4,,Calvin Ridley,WR,,399.p.30996,30996,Ten,yahoo_fantasy_api
2020,7,,3,api,Malle ❤️ 🐸,Post Mahomes,2020-W07-02,2,135.56,127.1,DeSean Jackson,WR,WR,True,False,False,,6.1,,DeSean Jackson,WR,,399.p.8826,8826,Bal,yahoo_fantasy_api
2020,7,,4,api,Malle ❤️ 🐸,Post Mahomes,2020-W07-02,2,135.56,127.1,Kareem Hunt,RB,RB,True,False,False,,17.7,,Kareem Hunt,RB,,399.p.30199,30199,KC,yahoo_fantasy_api
2020,7,,5,api,Malle ❤️ 🐸,Post Mahomes,2020-W07-02,2,135.56,127.1,Latavius Murray,RB,RB,True,False,False,,6.1,,Latavius Murray,RB,,399.p.26804,26804,Buf,yahoo_fantasy_api
2020,7,,6,api,Malle ❤️ 🐸,Post Mahomes,2020-W07-02,2,135.56,127.1,Travis Kelce,TE,TE,True,False,False,,4.6,,Travis Kelce,TE,,399.p.26686,26686,KC,yahoo_fantasy_api
2020,7,,7,api,Malle ❤️ 🐸,Post Mahomes,2020-W07-02,2,135.56,127.1,Alvin Kamara,RB,W/R/T,True,False,False,,18.8,,Alvin Kamara,RB,,399.p.30180,30180,NO,yahoo_fantasy_api
2020,7,,8,api,Malle ❤️ 🐸,Post Mahomes,2020-W07-02,2,135.56,127.1,Damien Harris,RB,BN,False,True,False,,7.5,,Damien Harris,RB,,399.p.31919,31919,Buf,yahoo_fantasy_api
2020,7,,9,api,Malle ❤️ 🐸,Post Mahomes,2020-W07-02,2,135.56,127.1,Preston Williams,WR,BN,False,True,False,,0.0,,Preston Williams,WR,,399.p.32447,32447,Car,yahoo_fantasy_api
2020,7,,10,api,Malle ❤️ 🐸,Post Mahomes,2020-W07-02,2,135.56,127.1,Adam Thielen,WR,BN,False,True,False,,0.0,,Adam Thielen,WR,,399.p.27277,27277,Pit,yahoo_fantasy_api
2020,7,,11,api,Malle ❤️ 🐸,Post Mahomes,2020-W07-02,2,135.56,127.1,Jordan Howard,RB,BN,False,True,False,,0.0,,Jordan Howard,RB,,399.p.29384,29384,NO,yahoo_fantasy_api
2020,7,,12,api,Malle ❤️ 🐸,Post Mahomes,2020-W07-02,2,135.56,127.1,Ben Roethlisberger,QB,BN,False,True,False,,19.62,,Ben Roethlisberger,QB,,399.p.6770,6770,Pit,yahoo_fantasy_api
2020,7,,13,api,Malle ❤️ 🐸,Post Mahomes,2020-W07-02,2,135.56,127.1,Michael Badgley,K,K,True,False,False,,9.0,,Michael Badgley,K,,399.p.31366,31366,Ind,yahoo_fantasy_api
2020,7,,14,api,Malle ❤️ 🐸,Post Mahomes,2020-W07-02,2,135.56,127.1,Justin Tucker,K,BN,False,True,False,,0.0,,Justin Tucker,K,,399.p.26534,26534,Bal,yahoo_fantasy_api
2020,7,,15,api,Malle ❤️ 🐸,Post Mahomes,2020-W07-02,2,135.56,127.1,Bears,DEF,DEF,True,False,False,,11.0,,Bears,DEF,,399.p.100003,100003,Chi,yahoo_fantasy_api
2020,7,,1,api,Patty Primetimes,malle_dips_pouches,2020-W07-06,6,149.3,106.74,Matthew Stafford,QB,QB,True,False,False,,20.4,,Matthew Stafford,QB,,399.p.9265,9265,LAR,yahoo_fantasy_api
2020,7,,2,api,Patty Primetimes,malle_dips_pouches,2020-W07-06,6,149.3,106.74,Tyler Lockett,WR,WR,True,False,False,,45.5,,Tyler Lockett,WR,,399.p.28457,28457,LV,yahoo_fantasy_api
2020,7,,3,api,Patty Primetimes,malle_dips_pouches,2020-W07-06,6,149.3,106.74,DJ Moore,WR,WR,True,False,False,,23.3,,DJ Moore,WR,,399.p.30994,30994,Buf,yahoo_fantasy_api
2020,7,,4,api,Patty Primetimes,malle_dips_pouches,2020-W07-06,6,149.3,106.74,Jamaal Williams,RB,RB,True,False,False,,19.4,,Jamaal Williams,RB,,399.p.30247,30247,NO,yahoo_fantasy_api
2020,7,,5,api,Patty Primetimes,malle_dips_pouches,2020-W07-06,6,149.3,106.74,Phillip Lindsay,RB,RB,True,False,False,,7.9,,Phillip Lindsay,RB,,399.p.31379,31379,Ind,yahoo_fantasy_api
2020,7,,6,api,Patty Primetimes,malle_dips_pouches,2020-W07-06,6,149.3,106.74,Noah Fant,TE,TE,True,False,False,,5.3,,Noah Fant,TE,,399.p.31852,31852,NO,yahoo_fantasy_api
2020,7,,7,api,Patty Primetimes,malle_dips_pouches,2020-W07-06,6,149.3,106.74,Adrian Peterson,RB,W/R/T,True,False,False,,3.5,,Adrian Peterson,RB,,399.p.8261,8261,Sea,yahoo_fantasy_api
2020,7,,8,api,Patty Primetimes,malle_dips_pouches,2020-W07-06,6,149.3,106.74,Rob Gronkowski,TE,BN,False,True,False,,14.7,,Rob Gronkowski,TE,,399.p.24017,24017,TB,yahoo_fantasy_api
2020,7,,9,api,Patty Primetimes,malle_dips_pouches,2020-W07-06,6,149.3,106.74,Christian Kirk,WR,BN,False,True,False,,18.2,,Christian Kirk,WR,,399.p.31017,31017,SF,yahoo_fantasy_api
2020,7,,10,api,Patty Primetimes,malle_dips_pouches,2020-W07-06,6,149.3,106.74,J.K. Dobbins,RB,BN,False,True,False,,0.0,,J.K. Dobbins,RB,,399.p.32725,32725,Den,yahoo_fantasy_api
2020,7,,11,api,Patty Primetimes,malle_dips_pouches,2020-W07-06,6,149.3,106.74,Nyheim Miller-Hines,RB,BN,False,True,False,,0.0,,Nyheim Miller-Hines,RB,,399.p.31074,31074,LAC,yahoo_fantasy_api
2020,7,,12,api,Patty Primetimes,malle_dips_pouches,2020-W07-06,6,149.3,106.74,Lamar Jackson,QB,BN,False,True,False,,0.0,,Lamar Jackson,QB,,399.p.31002,31002,Bal,yahoo_fantasy_api
2020,7,,13,api,Patty Primetimes,malle_dips_pouches,2020-W07-06,6,149.3,106.74,Austin Ekeler,RB,BN,False,True,False,,0.0,,Austin Ekeler,RB,,399.p.30423,30423,Was,yahoo_fantasy_api
2020,7,,14,api,Patty Primetimes,malle_dips_pouches,2020-W07-06,6,149.3,106.74,Daniel Carlson,K,K,True,False,False,,9.0,,Daniel Carlson,K,,399.p.31137,31137,NO,yahoo_fantasy_api
2020,7,,15,api,Patty Primetimes,malle_dips_pouches,2020-W07-06,6,149.3,106.74,Rams,DEF,DEF,True,False,False,,15.0,,Rams,DEF,,399.p.100014,100014,LAR,yahoo_fantasy_api
2020,7,,1,api,Pop Lockett Drop it,Voldemort,2020-W07-03,3,97.62,121.88,Aaron Rodgers,QB,QB,True,False,False,,35.32,,Aaron Rodgers,QB,,399.p.7200,7200,Pit,yahoo_fantasy_api
2020,7,,2,api,Pop Lockett Drop it,Voldemort,2020-W07-03,3,97.62,121.88,Stefon Diggs,WR,WR,True,False,False,,7.8,,Stefon Diggs,WR,,399.p.28534,28534,Was,yahoo_fantasy_api
2020,7,,3,api,Pop Lockett Drop it,Voldemort,2020-W07-03,3,97.62,121.88,Will Fuller V,WR,WR,True,False,False,,11.0,,Will Fuller V,WR,,399.p.29255,29255,Mia,yahoo_fantasy_api
2020,7,,4,api,Pop Lockett Drop it,Voldemort,2020-W07-03,3,97.62,121.88,Darrell Henderson Jr.,RB,RB,True,False,False,,8.6,,Darrell Henderson Jr.,RB,,399.p.31902,31902,LAR,yahoo_fantasy_api
2020,7,,5,api,Pop Lockett Drop it,Voldemort,2020-W07-03,3,97.62,121.88,Josh Jacobs,RB,RB,True,False,False,,4.6,,Josh Jacobs,RB,,399.p.31856,31856,GB,yahoo_fantasy_api
2020,7,,6,api,Pop Lockett Drop it,Voldemort,2020-W07-03,3,97.62,121.88,Jimmy Graham,TE,TE,True,False,False,,5.6,,Jimmy Graham,TE,,399.p.24070,24070,NO,yahoo_fantasy_api
2020,7,,7,api,Pop Lockett Drop it,Voldemort,2020-W07-03,3,97.62,121.88,Julio Jones,WR,W/R/T,True,False,False,,13.7,,Julio Jones,WR,,399.p.24793,24793,Phi,yahoo_fantasy_api
2020,7,,8,api,Pop Lockett Drop it,Voldemort,2020-W07-03,3,97.62,121.88,Austin Hooper,TE,BN,False,True,False,,0.0,,Austin Hooper,TE,,399.p.29315,29315,Atl,yahoo_fantasy_api
2020,7,,9,api,Pop Lockett Drop it,Voldemort,2020-W07-03,3,97.62,121.88,James Robinson,RB,BN,False,True,False,,29.7,,James Robinson,RB,,399.p.33138,33138,NO,yahoo_fantasy_api
2020,7,,10,api,Pop Lockett Drop it,Voldemort,2020-W07-03,3,97.62,121.88,David Johnson,RB,BN,False,True,False,,14.4,,David Johnson,RB,,399.p.28474,28474,NO,yahoo_fantasy_api
2020,7,,11,api,Pop Lockett Drop it,Voldemort,2020-W07-03,3,97.62,121.88,Emmanuel Sanders,WR,BN,False,True,False,,0.0,,Emmanuel Sanders,WR,,399.p.24057,24057,Buf,yahoo_fantasy_api
2020,7,,12,api,Pop Lockett Drop it,Voldemort,2020-W07-03,3,97.62,121.88,Henry Ruggs III,WR,BN,False,True,False,,5.5,,Henry Ruggs III,WR,,399.p.32682,32682,LV,yahoo_fantasy_api
2020,7,,13,api,Pop Lockett Drop it,Voldemort,2020-W07-03,3,97.62,121.88,Tee Higgins,WR,BN,False,True,False,,16.3,,Tee Higgins,WR,,399.p.32703,32703,Cin,yahoo_fantasy_api
2020,7,,14,api,Pop Lockett Drop it,Voldemort,2020-W07-03,3,97.62,121.88,Younghoe Koo,K,K,True,False,False,,2.0,,Younghoe Koo,K,,399.p.30426,30426,NYG,yahoo_fantasy_api
2020,7,,15,api,Pop Lockett Drop it,Voldemort,2020-W07-03,3,97.62,121.88,Eagles,DEF,DEF,True,False,False,,9.0,,Eagles,DEF,,399.p.100021,100021,Phi,yahoo_fantasy_api
2020,7,,1,api,Post Mahomes,Malle ❤️ 🐸,2020-W07-02,2,127.1,135.56,Kyler Murray,QB,QB,True,False,False,,44.1,,Kyler Murray,QB,,399.p.31833,31833,Min,yahoo_fantasy_api
2020,7,,2,api,Post Mahomes,Malle ❤️ 🐸,2020-W07-02,2,127.1,135.56,Kenny Golladay,WR,WR,True,False,False,,14.4,,Kenny Golladay,WR,,399.p.30209,30209,NYG,yahoo_fantasy_api
2020,7,,3,api,Post Mahomes,Malle ❤️ 🐸,2020-W07-02,2,127.1,135.56,Robert Woods,WR,WR,True,False,False,,4.0,,Robert Woods,WR,,399.p.26664,26664,Pit,yahoo_fantasy_api
2020,7,,4,api,Post Mahomes,Malle ❤️ 🐸,2020-W07-02,2,127.1,135.56,Chris Carson,RB,RB,True,False,False,,4.6,,Chris Carson,RB,,399.p.30362,30362,Sea,yahoo_fantasy_api
2020,7,,5,api,Post Mahomes,Malle ❤️ 🐸,2020-W07-02,2,127.1,135.56,Devonta Freeman,RB,RB,True,False,False,,0.8,,Devonta Freeman,RB,,399.p.27631,27631,Bal,yahoo_fantasy_api
2020,7,,6,api,Post Mahomes,Malle ❤️ 🐸,2020-W07-02,2,127.1,135.56,Hayden Hurst,TE,TE,True,False,False,,9.8,,Hayden Hurst,TE,,399.p.30995,30995,LAC,yahoo_fantasy_api
2020,7,,7,api,Post Mahomes,Malle ❤️ 🐸,2020-W07-02,2,127.1,135.56,David Montgomery,RB,W/R/T,True,False,False,,9.4,,David Montgomery,RB,,399.p.31905,31905,Hou,yahoo_fantasy_api
2020,7,,8,api,Post Mahomes,Malle ❤️ 🐸,2020-W07-02,2,127.1,135.56,Joshua Kelley,RB,BN,False,True,False,,7.8,,Joshua Kelley,RB,,399.p.32782,32782,Ten,yahoo_fantasy_api
2020,7,,9,api,Post Mahomes,Malle ❤️ 🐸,2020-W07-02,2,127.1,135.56,A.J. Green,WR,BN,False,True,False,,11.7,,A.J. Green,WR,,399.p.24791,24791,Ari,yahoo_fantasy_api
2020,7,,10,api,Post Mahomes,Malle ❤️ 🐸,2020-W07-02,2,127.1,135.56,Nick Chubb,RB,BN,False,True,False,,0.0,,Nick Chubb,RB,,399.p.31005,31005,Hou,yahoo_fantasy_api
2020,7,,11,api,Post Mahomes,Malle ❤️ 🐸,2020-W07-02,2,127.1,135.56,Mark Andrews,TE,BN,False,True,False,,0.0,,Mark Andrews,TE,,399.p.31056,31056,Bal,yahoo_fantasy_api
2020,7,,12,api,Post Mahomes,Malle ❤️ 🐸,2020-W07-02,2,127.1,135.56,T.Y. Hilton,WR,BN,False,True,False,,0.0,,T.Y. Hilton,WR,,399.p.25802,25802,Dal,yahoo_fantasy_api
2020,7,,13,api,Post Mahomes,Malle ❤️ 🐸,2020-W07-02,2,127.1,135.56,Saquon Barkley,RB,IR,False,False,True,,0.0,,Saquon Barkley,RB,,399.p.30972,30972,Phi,yahoo_fantasy_api
2020,7,,14,api,Post Mahomes,Malle ❤️ 🐸,2020-W07-02,2,127.1,135.56,Matt Prater,K,K,True,False,False,,16.0,,Matt Prater,K,,399.p.8565,8565,Buf,yahoo_fantasy_api
2020,7,,15,api,Post Mahomes,Malle ❤️ 🐸,2020-W07-02,2,127.1,135.56,Chiefs,DEF,DEF,True,False,False,,24.0,,Chiefs,DEF,,399.p.100012,100012,KC,yahoo_fantasy_api
2020,7,,1,api,The Big Gronkowski,Ginger FC 🏆🏆,2020-W07-01,1,103.5,101.02,Jared Goff,QB,QB,True,False,False,,20.9,,Jared Goff,QB,,399.p.29235,29235,Det,yahoo_fantasy_api
2020,7,,2,api,The Big Gronkowski,Ginger FC 🏆🏆,2020-W07-01,1,103.5,101.02,Allen Robinson,WR,WR,True,False,False,,9.0,,Allen Robinson,WR,,399.p.27589,27589,Det,yahoo_fantasy_api
2020,7,,3,api,The Big Gronkowski,Ginger FC 🏆🏆,2020-W07-01,1,103.5,101.02,Cooper Kupp,WR,WR,True,False,False,,8.9,,Cooper Kupp,WR,,399.p.30182,30182,Sea,yahoo_fantasy_api
2020,7,,4,api,The Big Gronkowski,Ginger FC 🏆🏆,2020-W07-01,1,103.5,101.02,James Conner,RB,RB,True,False,False,,12.6,,James Conner,RB,,399.p.30218,30218,Ari,yahoo_fantasy_api
2020,7,,5,api,The Big Gronkowski,Ginger FC 🏆🏆,2020-W07-01,1,103.5,101.02,Ronald Jones,RB,RB,True,False,False,,10.1,,Ronald Jones,RB,,399.p.31008,31008,Dal,yahoo_fantasy_api
2020,7,,6,api,The Big Gronkowski,Ginger FC 🏆🏆,2020-W07-01,1,103.5,101.02,Darren Waller,TE,TE,True,False,False,,14.0,,Darren Waller,TE,,399.p.28592,28592,Car,yahoo_fantasy_api
2020,7,,7,api,The Big Gronkowski,Ginger FC 🏆🏆,2020-W07-01,1,103.5,101.02,Odell Beckham Jr.,WR,W/R/T,True,False,False,,0.0,,Odell Beckham Jr.,WR,,399.p.27540,27540,NYG,yahoo_fantasy_api
2020,7,,8,api,The Big Gronkowski,Ginger FC 🏆🏆,2020-W07-01,1,103.5,101.02,Drew Brees,QB,BN,False,True,False,,27.68,,Drew Brees,QB,,399.p.5479,5479,NO,yahoo_fantasy_api
2020,7,,9,api,The Big Gronkowski,Ginger FC 🏆🏆,2020-W07-01,1,103.5,101.02,Jonnu Smith,TE,BN,False,True,False,,1.4,,Jonnu Smith,TE,,399.p.30213,30213,GB,yahoo_fantasy_api
2020,7,,10,api,The Big Gronkowski,Ginger FC 🏆🏆,2020-W07-01,1,103.5,101.02,Dalvin Cook,RB,BN,False,True,False,,0.0,,Dalvin Cook,RB,,399.p.30154,30154,Dal,yahoo_fantasy_api
2020,7,,11,api,The Big Gronkowski,Ginger FC 🏆🏆,2020-W07-01,1,103.5,101.02,Darius Slayton,WR,BN,False,True,False,,3.3,,Darius Slayton,WR,,399.p.32003,32003,Ind,yahoo_fantasy_api
2020,7,,12,api,The Big Gronkowski,Ginger FC 🏆🏆,2020-W07-01,1,103.5,101.02,Antonio Brown,WR,BN,False,True,False,,0.0,,Antonio Brown,WR,,399.p.24171,24171,TB,yahoo_fantasy_api
2020,7,,13,api,The Big Gronkowski,Ginger FC 🏆🏆,2020-W07-01,1,103.5,101.02,Sterling Shepard,WR,IR,False,False,True,,14.9,,Sterling Shepard,WR,,399.p.29274,29274,NYJ,yahoo_fantasy_api
2020,7,,14,api,The Big Gronkowski,Ginger FC 🏆🏆,2020-W07-01,1,103.5,101.02,Wil Lutz,K,K,True,False,False,,11.0,,Wil Lutz,K,,399.p.29754,29754,Den,yahoo_fantasy_api
2020,7,,15,api,The Big Gronkowski,Ginger FC 🏆🏆,2020-W07-01,1,103.5,101.02,49ers,DEF,DEF,True,False,False,,17.0,,49ers,DEF,,399.p.100025,100025,SF,yahoo_fantasy_api
2020,7,,16,api,The Big Gronkowski,Ginger FC 🏆🏆,2020-W07-01,1,103.5,101.02,Commanders,DEF,BN,False,True,False,,17.0,,Commanders,DEF,,399.p.100028,100028,Was,yahoo_fantasy_api
2020,7,,1,api,ThreatLevelMidnight,Joe Mantegna,2020-W07-04,4,137.46,116.72,Matt Ryan,QB,QB,True,False,False,,19.52,,Matt Ryan,QB,,399.p.8780,8780,Ind,yahoo_fantasy_api
2020,7,,2,api,ThreatLevelMidnight,Joe Mantegna,2020-W07-04,4,137.46,116.72,Davante Adams,WR,WR,True,False,False,,38.1,,Davante Adams,WR,,399.p.27581,27581,LAR,yahoo_fantasy_api
2020,7,,3,api,ThreatLevelMidnight,Joe Mantegna,2020-W07-04,4,137.46,116.72,Tyler Boyd,WR,WR,True,False,False,,22.24,,Tyler Boyd,WR,,399.p.29288,29288,Ten,yahoo_fantasy_api
2020,7,,4,api,ThreatLevelMidnight,Joe Mantegna,2020-W07-04,4,137.46,116.72,Mike Davis,RB,RB,True,False,False,,6.1,,Mike Davis,RB,,399.p.28514,28514,Bal,yahoo_fantasy_api
2020,7,,5,api,ThreatLevelMidnight,Joe Mantegna,2020-W07-04,4,137.46,116.72,Justin Jackson,RB,RB,True,False,False,,8.0,,Justin Jackson,RB,,399.p.31221,31221,Det,yahoo_fantasy_api
2020,7,,6,api,ThreatLevelMidnight,Joe Mantegna,2020-W07-04,4,137.46,116.72,Dalton Schultz,TE,TE,True,False,False,,3.2,,Dalton Schultz,TE,,399.p.31107,31107,Hou,yahoo_fantasy_api
2020,7,,7,api,ThreatLevelMidnight,Joe Mantegna,2020-W07-04,4,137.46,116.72,A.J. Brown,WR,W/R/T,True,False,False,,24.3,,A.J. Brown,WR,,399.p.31883,31883,NE,yahoo_fantasy_api
2020,7,,8,api,ThreatLevelMidnight,Joe Mantegna,2020-W07-04,4,137.46,116.72,Giovani Bernard,RB,BN,False,True,False,,18.1,,Giovani Bernard,RB,,399.p.26660,26660,TB,yahoo_fantasy_api
2020,7,,9,api,ThreatLevelMidnight,Joe Mantegna,2020-W07-04,4,137.46,116.72,Joe Mixon,RB,BN,False,True,False,,0.0,,Joe Mixon,RB,,399.p.30161,30161,Hou,yahoo_fantasy_api
2020,7,,10,api,ThreatLevelMidnight,Joe Mantegna,2020-W07-04,4,137.46,116.72,Raheem Mostert,RB,BN,False,True,False,,0.0,,Raheem Mostert,RB,,399.p.28654,28654,LV,yahoo_fantasy_api
2020,7,,11,api,ThreatLevelMidnight,Joe Mantegna,2020-W07-04,4,137.46,116.72,Michael Gallup,WR,BN,False,True,False,,0.0,,Michael Gallup,WR,,399.p.31051,31051,Was,yahoo_fantasy_api
2020,7,,12,api,ThreatLevelMidnight,Joe Mantegna,2020-W07-04,4,137.46,116.72,Carson Wentz,QB,BN,False,True,False,,32.76,,Carson Wentz,QB,,399.p.29236,29236,Min,yahoo_fantasy_api
2020,7,,13,api,ThreatLevelMidnight,Joe Mantegna,2020-W07-04,4,137.46,116.72,Tevin Coleman,RB,IR,False,False,True,,0.0,,Tevin Coleman,RB,,399.p.28461,28461,SF,yahoo_fantasy_api
2020,7,,14,api,ThreatLevelMidnight,Joe Mantegna,2020-W07-04,4,137.46,116.72,Randy Bullock,K,K,True,False,False,,10.0,,Randy Bullock,K,,399.p.25871,25871,NYG,yahoo_fantasy_api
2020,7,,15,api,ThreatLevelMidnight,Joe Mantegna,2020-W07-04,4,137.46,116.72,Chargers,DEF,DEF,True,False,False,,6.0,,Chargers,DEF,,399.p.100024,100024,LAC,yahoo_fantasy_api
2020,7,,1,api,Uncle Rico,Big Sack Jack,2020-W07-05,5,110.18,63.9,Josh Allen,QB,QB,True,False,False,,16.38,,Josh Allen,QB,,399.p.30977,30977,Buf,yahoo_fantasy_api
2020,7,,2,api,Uncle Rico,Big Sack Jack,2020-W07-05,5,110.18,63.9,Chris Godwin Jr.,WR,WR,True,False,False,,19.3,,Chris Godwin Jr.,WR,,399.p.30197,30197,TB,yahoo_fantasy_api
2020,7,,3,api,Uncle Rico,Big Sack Jack,2020-W07-05,5,110.18,63.9,Diontae Johnson,WR,WR,True,False,False,,24.5,,Diontae Johnson,WR,,399.p.31898,31898,Cle,yahoo_fantasy_api
2020,7,,4,api,Uncle Rico,Big Sack Jack,2020-W07-05,5,110.18,63.9,Derrick Henry,RB,RB,True,False,False,,14.2,,Derrick Henry,RB,,399.p.29279,29279,Bal,yahoo_fantasy_api
2020,7,,5,api,Uncle Rico,Big Sack Jack,2020-W07-05,5,110.18,63.9,D'Andre Swift,RB,RB,True,False,False,,12.8,,D'Andre Swift,RB,,399.p.32705,32705,Chi,yahoo_fantasy_api
2020,7,,6,api,Uncle Rico,Big Sack Jack,2020-W07-05,5,110.18,63.9,Robert Tonyan,TE,TE,True,False,False,,4.2,,Robert Tonyan,TE,,399.p.30777,30777,Pit,yahoo_fantasy_api
2020,7,,7,api,Uncle Rico,Big Sack Jack,2020-W07-05,5,110.18,63.9,Travis Fulgham,WR,W/R/T,True,False,False,,9.8,,Travis Fulgham,WR,,399.p.32016,32016,GB,yahoo_fantasy_api
2020,7,,8,api,Uncle Rico,Big Sack Jack,2020-W07-05,5,110.18,63.9,Jamison Crowder,WR,BN,False,True,False,,0.0,,Jamison Crowder,WR,,399.p.28493,28493,Was,yahoo_fantasy_api
2020,7,,9,api,Uncle Rico,Big Sack Jack,2020-W07-05,5,110.18,63.9,Michael Thomas,WR,BN,False,True,False,,0.0,,Michael Thomas,WR,,399.p.29281,29281,NO,yahoo_fantasy_api
2020,7,,10,api,Uncle Rico,Big Sack Jack,2020-W07-05,5,110.18,63.9,Antonio Gibson,RB,BN,False,True,False,,18.8,,Antonio Gibson,RB,,399.p.32736,32736,NE,yahoo_fantasy_api
2020,7,,11,api,Uncle Rico,Big Sack Jack,2020-W07-05,5,110.18,63.9,Cam Newton,QB,BN,False,True,False,,2.82,,Cam Newton,QB,,399.p.24788,24788,Car,yahoo_fantasy_api
2020,7,,12,api,Uncle Rico,Big Sack Jack,2020-W07-05,5,110.18,63.9,Boston Scott,RB,BN,False,True,False,,16.7,,Boston Scott,RB,,399.p.31171,31171,Pit,yahoo_fantasy_api
2020,7,,13,api,Uncle Rico,Big Sack Jack,2020-W07-05,5,110.18,63.9,Anthony Firkser,TE,BN,False,True,False,,1.7,,Anthony Firkser,TE,,399.p.30571,30571,Det,yahoo_fantasy_api
2020,7,,14,api,Uncle Rico,Big Sack Jack,2020-W07-05,5,110.18,63.9,Graham Gano,K,K,True,False,False,,3.0,,Graham Gano,K,,399.p.9526,9526,NYG,yahoo_fantasy_api
2020,7,,15,api,Uncle Rico,Big Sack Jack,2020-W07-05,5,110.18,63.9,Buccaneers,DEF,DEF,True,False,False,,6.0,,Buccaneers,DEF,,399.p.100027,100027,TB,yahoo_fantasy_api
2020,7,,1,api,Voldemort,Pop Lockett Drop it,2020-W07-03,3,121.88,97.62,Justin Herbert,QB,QB,True,False,False,,44.48,,Justin Herbert,QB,,399.p.32676,32676,LAC,yahoo_fantasy_api
2020,7,,2,api,Voldemort,Pop Lockett Drop it,2020-W07-03,3,121.88,97.62,Tyreek Hill,WR,WR,True,False,False,,14.5,,Tyreek Hill,WR,,399.p.29399,29399,Mia,yahoo_fantasy_api
2020,7,,3,api,Voldemort,Pop Lockett Drop it,2020-W07-03,3,121.88,97.62,Terry McLaurin,WR,WR,True,False,False,,18.5,,Terry McLaurin,WR,,399.p.31908,31908,Was,yahoo_fantasy_api
2020,7,,4,api,Voldemort,Pop Lockett Drop it,2020-W07-03,3,121.88,97.62,Kenyan Drake,RB,RB,True,False,False,,4.6,,Kenyan Drake,RB,,399.p.29307,29307,Bal,yahoo_fantasy_api
2020,7,,5,api,Voldemort,Pop Lockett Drop it,2020-W07-03,3,121.88,97.62,J.D. McKissic,RB,RB,True,False,False,,6.1,,J.D. McKissic,RB,,399.p.29650,29650,Was,yahoo_fantasy_api
2020,7,,6,api,Voldemort,Pop Lockett Drop it,2020-W07-03,3,121.88,97.62,T.J. Hockenson,TE,TE,True,False,False,,14.4,,T.J. Hockenson,TE,,399.p.31840,31840,Min,yahoo_fantasy_api
2020,7,,7,api,Voldemort,Pop Lockett Drop it,2020-W07-03,3,121.88,97.62,Chase Claypool,WR,W/R/T,True,False,False,,0.3,,Chase Claypool,WR,,399.p.32719,32719,Buf,yahoo_fantasy_api
2020,7,,8,api,Voldemort,Pop Lockett Drop it,2020-W07-03,3,121.88,97.62,Ryan Tannehill,QB,BN,False,True,False,,21.3,,Ryan Tannehill,QB,,399.p.25718,25718,Ten,yahoo_fantasy_api
2020,7,,9,api,Voldemort,Pop Lockett Drop it,2020-W07-03,3,121.88,97.62,Jonathan Taylor,RB,BN,False,True,False,,0.0,,Jonathan Taylor,RB,,399.p.32711,32711,Ind,yahoo_fantasy_api
2020,7,,10,api,Voldemort,Pop Lockett Drop it,2020-W07-03,3,121.88,97.62,Justin Jefferson,WR,BN,False,True,False,,0.0,,Justin Jefferson,WR,,399.p.32692,32692,Min,yahoo_fantasy_api
2020,7,,11,api,Voldemort,Pop Lockett Drop it,2020-W07-03,3,121.88,97.62,Mike Williams,WR,BN,False,True,False,,0.9,,Mike Williams,WR,,399.p.30120,30120,Pit,yahoo_fantasy_api
2020,7,,12,api,Voldemort,Pop Lockett Drop it,2020-W07-03,3,121.88,97.62,Leonard Fournette,RB,BN,False,True,False,,12.7,,Leonard Fournette,RB,,399.p.30117,30117,Buf,yahoo_fantasy_api
2020,7,,13,api,Voldemort,Pop Lockett Drop it,2020-W07-03,3,121.88,97.62,John Brown,WR,IR,False,False,True,,0.0,,John Brown,WR,,399.p.27619,27619,Buf,yahoo_fantasy_api
2020,7,,14,api,Voldemort,Pop Lockett Drop it,2020-W07-03,3,121.88,97.62,Mason Crosby,K,K,True,False,False,,5.0,,Mason Crosby,K,,399.p.8447,8447,NYG,yahoo_fantasy_api
2020,7,,15,api,Voldemort,Pop Lockett Drop it,2020-W07-03,3,121.88,97.62,Rodrigo Blankenship,K,BN,False,True,False,,0.0,,Rodrigo Blankenship,K,,399.p.33211,33211,Ind,yahoo_fantasy_api
2020,7,,16,api,Voldemort,Pop Lockett Drop it,2020-W07-03,3,121.88,97.62,Bills,DEF,DEF,True,False,False,,14.0,,Bills,DEF,,399.p.100002,100002,Buf,yahoo_fantasy_api
2020,7,,1,api,malle_dips_pouches,Patty Primetimes,2020-W07-06,6,106.74,149.3,Joe Burrow,QB,QB,True,False,False,,40.64,,Joe Burrow,QB,,399.p.32671,32671,Cin,yahoo_fantasy_api
2020,7,,2,api,malle_dips_pouches,Patty Primetimes,2020-W07-06,6,106.74,149.3,DeAndre Hopkins,WR,WR,True,False,False,,19.3,,DeAndre Hopkins,WR,,399.p.26650,26650,Bal,yahoo_fantasy_api
2020,7,,3,api,malle_dips_pouches,Patty Primetimes,2020-W07-06,6,106.74,149.3,Amari Cooper,WR,WR,True,False,False,,12.0,,Amari Cooper,WR,,399.p.28392,28392,Buf,yahoo_fantasy_api
2020,7,,4,api,malle_dips_pouches,Patty Primetimes,2020-W07-06,6,106.74,149.3,Devin Singletary,RB,RB,True,False,False,,5.7,,Devin Singletary,RB,,399.p.31906,31906,NYG,yahoo_fantasy_api
2020,7,,5,api,malle_dips_pouches,Patty Primetimes,2020-W07-06,6,106.74,149.3,Le'Veon Bell,RB,RB,True,False,False,,3.9,,Le'Veon Bell,RB,,399.p.26671,26671,TB,yahoo_fantasy_api
2020,7,,6,api,malle_dips_pouches,Patty Primetimes,2020-W07-06,6,106.74,149.3,Hunter Henry,TE,TE,True,False,False,,3.8,,Hunter Henry,TE,,399.p.29269,29269,NE,yahoo_fantasy_api
2020,7,,7,api,malle_dips_pouches,Patty Primetimes,2020-W07-06,6,106.74,149.3,Robbie Chosen,WR,W/R/T,True,False,False,,10.4,,Robbie Chosen,WR,,399.p.29785,29785,Was,yahoo_fantasy_api
2020,7,,8,api,malle_dips_pouches,Patty Primetimes,2020-W07-06,6,106.74,149.3,Aaron Jones Sr.,RB,BN,False,True,False,,0.0,,Aaron Jones Sr.,RB,,399.p.30295,30295,Min,yahoo_fantasy_api
2020,7,,9,api,malle_dips_pouches,Patty Primetimes,2020-W07-06,6,106.74,149.3,Kirk Cousins,QB,BN,False,True,False,,0.0,,Kirk Cousins,QB,,399.p.25812,25812,LV,yahoo_fantasy_api
2020,7,,10,api,malle_dips_pouches,Patty Primetimes,2020-W07-06,6,106.74,149.3,Myles Gaskin,RB,BN,False,True,False,,0.0,,Myles Gaskin,RB,,399.p.32066,32066,Sea,yahoo_fantasy_api
2020,7,,11,api,malle_dips_pouches,Patty Primetimes,2020-W07-06,6,106.74,149.3,Deebo Samuel Sr.,WR,BN,False,True,False,,9.7,,Deebo Samuel Sr.,WR,,399.p.31868,31868,SF,yahoo_fantasy_api
2020,7,,12,api,malle_dips_pouches,Patty Primetimes,2020-W07-06,6,106.74,149.3,Jerry Jeudy,WR,BN,False,True,False,,3.0,,Jerry Jeudy,WR,,399.p.32685,32685,Cle,yahoo_fantasy_api
2020,7,,13,api,malle_dips_pouches,Patty Primetimes,2020-W07-06,6,106.74,149.3,Eric Ebron,TE,BN,False,True,False,,8.0,,Eric Ebron,TE,,399.p.27538,27538,Pit,yahoo_fantasy_api
2020,7,,14,api,malle_dips_pouches,Patty Primetimes,2020-W07-06,6,106.74,149.3,Robbie Gould,K,K,True,False,False,,10.0,,Robbie Gould,K,,399.p.7520,7520,SF,yahoo_fantasy_api
2020,7,,15,api,malle_dips_pouches,Patty Primetimes,2020-W07-06,6,106.74,149.3,Saints,DEF,DEF,True,False,False,,1.0,,Saints,DEF,,399.p.100018,100018,NO,yahoo_fantasy_api
2020,8,,1,api,Big Sack Jack,The Big Gronkowski,2020-W08-01,1,113.74,133.3,Patrick Mahomes,QB,QB,True,False,False,,46.64,,Patrick Mahomes,QB,,399.p.30123,30123,KC,yahoo_fantasy_api
2020,8,,2,api,Big Sack Jack,The Big Gronkowski,2020-W08-01,1,113.74,133.3,Keenan Allen,WR,WR,True,False,False,,17.2,,Keenan Allen,WR,,399.p.26699,26699,Ind,yahoo_fantasy_api
2020,8,,3,api,Big Sack Jack,The Big Gronkowski,2020-W08-01,1,113.74,133.3,Hollywood Brown,WR,WR,True,False,False,,6.8,,Hollywood Brown,WR,,399.p.31857,31857,Phi,yahoo_fantasy_api
2020,8,,4,api,Big Sack Jack,The Big Gronkowski,2020-W08-01,1,113.74,133.3,Ezekiel Elliott,RB,RB,True,False,False,,7.8,,Ezekiel Elliott,RB,,399.p.29238,29238,Dal,yahoo_fantasy_api
2020,8,,5,api,Big Sack Jack,The Big Gronkowski,2020-W08-01,1,113.74,133.3,Melvin Gordon III,RB,RB,True,False,False,,7.7,,Melvin Gordon III,RB,,399.p.28403,28403,Bal,yahoo_fantasy_api
2020,8,,6,api,Big Sack Jack,The Big Gronkowski,2020-W08-01,1,113.74,133.3,Dallas Goedert,TE,TE,True,False,False,,2.0,,Dallas Goedert,TE,,399.p.31019,31019,Phi,yahoo_fantasy_api
2020,8,,7,api,Big Sack Jack,The Big Gronkowski,2020-W08-01,1,113.74,133.3,CeeDee Lamb,WR,W/R/T,True,False,False,,6.6,,CeeDee Lamb,WR,,399.p.32687,32687,Dal,yahoo_fantasy_api
2020,8,,8,api,Big Sack Jack,The Big Gronkowski,2020-W08-01,1,113.74,133.3,Evan Engram,TE,BN,False,True,False,,9.5,,Evan Engram,TE,,399.p.30136,30136,Den,yahoo_fantasy_api
2020,8,,9,api,Big Sack Jack,The Big Gronkowski,2020-W08-01,1,113.74,133.3,Mecole Hardman Jr.,WR,BN,False,True,False,,19.1,,Mecole Hardman Jr.,WR,,399.p.31888,31888,Buf,yahoo_fantasy_api
2020,8,,10,api,Big Sack Jack,The Big Gronkowski,2020-W08-01,1,113.74,133.3,James White,RB,BN,False,True,False,,4.5,,James White,RB,,399.p.27658,27658,NE,yahoo_fantasy_api
2020,8,,11,api,Big Sack Jack,The Big Gronkowski,2020-W08-01,1,113.74,133.3,Julian Edelman,WR,BN,False,True,False,,0.0,,Julian Edelman,WR,,399.p.9496,9496,NE,yahoo_fantasy_api
2020,8,,12,api,Big Sack Jack,The Big Gronkowski,2020-W08-01,1,113.74,133.3,Sammy Watkins,WR,BN,False,True,False,,0.0,,Sammy Watkins,WR,,399.p.27532,27532,Bal,yahoo_fantasy_api
2020,8,,13,api,Big Sack Jack,The Big Gronkowski,2020-W08-01,1,113.74,133.3,David Moore,WR,BN,False,True,False,,12.1,,David Moore,WR,,399.p.30339,30339,Car,yahoo_fantasy_api
2020,8,,14,api,Big Sack Jack,The Big Gronkowski,2020-W08-01,1,113.74,133.3,Ryan Succop,K,K,True,False,False,,15.0,,Ryan Succop,K,,399.p.9520,9520,TB,yahoo_fantasy_api
2020,8,,15,api,Big Sack Jack,The Big Gronkowski,2020-W08-01,1,113.74,133.3,Ravens,DEF,DEF,True,False,False,,4.0,,Ravens,DEF,,399.p.100033,100033,Bal,yahoo_fantasy_api
2020,8,,1,api,Ginger FC 🏆🏆,Malle ❤️ 🐸,2020-W08-02,2,162.94,96.56,Russell Wilson,QB,QB,True,False,False,,36.74,,Russell Wilson,QB,,399.p.25785,25785,NYG,yahoo_fantasy_api
2020,8,,2,api,Ginger FC 🏆🏆,Malle ❤️ 🐸,2020-W08-02,2,162.94,96.56,Mike Evans,WR,WR,True,False,False,,14.0,,Mike Evans,WR,,399.p.27535,27535,SF,yahoo_fantasy_api
2020,8,,3,api,Ginger FC 🏆🏆,Malle ❤️ 🐸,2020-W08-02,2,162.94,96.56,DK Metcalf,WR,WR,True,False,False,,34.1,,DK Metcalf,WR,,399.p.31896,31896,Pit,yahoo_fantasy_api
2020,8,,4,api,Ginger FC 🏆🏆,Malle ❤️ 🐸,2020-W08-02,2,162.94,96.56,Malcolm Brown,RB,RB,True,False,False,,6.7,,Malcolm Brown,RB,,399.p.28990,28990,LAR,yahoo_fantasy_api
2020,8,,5,api,Ginger FC 🏆🏆,Malle ❤️ 🐸,2020-W08-02,2,162.94,96.56,Justin Jackson,RB,RB,True,False,False,,15.7,,Justin Jackson,RB,,399.p.31221,31221,Det,yahoo_fantasy_api
2020,8,,6,api,Ginger FC 🏆🏆,Malle ❤️ 🐸,2020-W08-02,2,162.94,96.56,Jared Cook,TE,TE,True,False,False,,13.6,,Jared Cook,TE,,399.p.9353,9353,LAC,yahoo_fantasy_api
2020,8,,7,api,Ginger FC 🏆🏆,Malle ❤️ 🐸,2020-W08-02,2,162.94,96.56,Brandon Aiyuk,WR,W/R/T,True,False,False,,19.1,,Brandon Aiyuk,WR,,399.p.32695,32695,SF,yahoo_fantasy_api
2020,8,,8,api,Ginger FC 🏆🏆,Malle ❤️ 🐸,2020-W08-02,2,162.94,96.56,Chase Edmonds,RB,BN,False,True,False,,0.0,,Chase Edmonds,RB,,399.p.31104,31104,Was,yahoo_fantasy_api
2020,8,,9,api,Ginger FC 🏆🏆,Malle ❤️ 🐸,2020-W08-02,2,162.94,96.56,Cole Beasley,WR,BN,False,True,False,,3.4,,Cole Beasley,WR,,399.p.26060,26060,NYG,yahoo_fantasy_api
2020,8,,10,api,Ginger FC 🏆🏆,Malle ❤️ 🐸,2020-W08-02,2,162.94,96.56,Brandin Cooks,WR,BN,False,True,False,,0.0,,Brandin Cooks,WR,,399.p.27548,27548,SF,yahoo_fantasy_api
2020,8,,11,api,Ginger FC 🏆🏆,Malle ❤️ 🐸,2020-W08-02,2,162.94,96.56,DeVante Parker,WR,BN,False,True,False,,6.8,,DeVante Parker,WR,,399.p.28402,28402,NE,yahoo_fantasy_api
2020,8,,12,api,Ginger FC 🏆🏆,Malle ❤️ 🐸,2020-W08-02,2,162.94,96.56,Keelan Cole Sr.,WR,BN,False,True,False,,0.0,,Keelan Cole Sr.,WR,,399.p.30396,30396,LV,yahoo_fantasy_api
2020,8,,13,api,Ginger FC 🏆🏆,Malle ❤️ 🐸,2020-W08-02,2,162.94,96.56,Christian McCaffrey,RB,BN,False,True,False,,0.0,,Christian McCaffrey,RB,,399.p.30121,30121,SF,yahoo_fantasy_api
2020,8,,14,api,Ginger FC 🏆🏆,Malle ❤️ 🐸,2020-W08-02,2,162.94,96.56,Allen Lazard,WR,IR,False,False,True,,0.0,,Allen Lazard,WR,,399.p.31268,31268,NYJ,yahoo_fantasy_api
2020,8,,15,api,Ginger FC 🏆🏆,Malle ❤️ 🐸,2020-W08-02,2,162.94,96.56,Harrison Butker,K,K,True,False,False,,5.0,,Harrison Butker,K,,399.p.30346,30346,KC,yahoo_fantasy_api
2020,8,,16,api,Ginger FC 🏆🏆,Malle ❤️ 🐸,2020-W08-02,2,162.94,96.56,Steelers,DEF,DEF,True,False,False,,18.0,,Steelers,DEF,,399.p.100023,100023,Pit,yahoo_fantasy_api
2020,8,,1,api,Joe Mantegna,Pop Lockett Drop it,2020-W08-04,4,64.36,102.84,Jimmy Garoppolo,QB,QB,True,False,False,,2.76,,Jimmy Garoppolo,QB,,399.p.27590,27590,LAR,yahoo_fantasy_api
2020,8,,2,api,Joe Mantegna,Pop Lockett Drop it,2020-W08-04,4,64.36,102.84,JuJu Smith-Schuster,WR,WR,True,False,False,,10.2,,JuJu Smith-Schuster,WR,,399.p.30175,30175,NYG,yahoo_fantasy_api
2020,8,,3,api,Joe Mantegna,Pop Lockett Drop it,2020-W08-04,4,64.36,102.84,Jarvis Landry,WR,WR,True,False,False,,7.2,,Jarvis Landry,WR,,399.p.27591,27591,NO,yahoo_fantasy_api
2020,8,,4,api,Joe Mantegna,Pop Lockett Drop it,2020-W08-04,4,64.36,102.84,Clyde Edwards-Helaire,RB,RB,True,False,False,,4.6,,Clyde Edwards-Helaire,RB,,399.p.32702,32702,KC,yahoo_fantasy_api
2020,8,,5,api,Joe Mantegna,Pop Lockett Drop it,2020-W08-04,4,64.36,102.84,Todd Gurley,RB,RB,True,False,False,,10.6,,Todd Gurley,RB,,399.p.28398,28398,Atl,yahoo_fantasy_api
2020,8,,6,api,Joe Mantegna,Pop Lockett Drop it,2020-W08-04,4,64.36,102.84,George Kittle,TE,TE,True,False,False,,4.9,,George Kittle,TE,,399.p.30259,30259,SF,yahoo_fantasy_api
2020,8,,7,api,Joe Mantegna,Pop Lockett Drop it,2020-W08-04,4,64.36,102.84,Zack Moss,RB,W/R/T,True,False,False,,20.1,,Zack Moss,RB,,399.p.32756,32756,Cin,yahoo_fantasy_api
2020,8,,8,api,Joe Mantegna,Pop Lockett Drop it,2020-W08-04,4,64.36,102.84,Miles Sanders,RB,BN,False,True,False,,0.0,,Miles Sanders,RB,,399.p.31885,31885,Dal,yahoo_fantasy_api
2020,8,,9,api,Joe Mantegna,Pop Lockett Drop it,2020-W08-04,4,64.36,102.84,Deshaun Watson,QB,BN,False,True,False,,0.0,,Deshaun Watson,QB,,399.p.30125,30125,Cle,yahoo_fantasy_api
2020,8,,10,api,Joe Mantegna,Pop Lockett Drop it,2020-W08-04,4,64.36,102.84,Curtis Samuel,WR,BN,False,True,False,,19.4,,Curtis Samuel,WR,,399.p.30153,30153,Buf,yahoo_fantasy_api
2020,8,,11,api,Joe Mantegna,Pop Lockett Drop it,2020-W08-04,4,64.36,102.84,DJ Chark,WR,BN,False,True,False,,0.0,,DJ Chark,WR,,399.p.31031,31031,Atl,yahoo_fantasy_api
2020,8,,12,api,Joe Mantegna,Pop Lockett Drop it,2020-W08-04,4,64.36,102.84,Logan Thomas,TE,BN,False,True,False,,0.0,,Logan Thomas,TE,,399.p.27648,27648,SF,yahoo_fantasy_api
2020,8,,13,api,Joe Mantegna,Pop Lockett Drop it,2020-W08-04,4,64.36,102.84,Jake Elliott,K,K,True,False,False,,1.0,,Jake Elliott,K,,399.p.30266,30266,Phi,yahoo_fantasy_api
2020,8,,14,api,Joe Mantegna,Pop Lockett Drop it,2020-W08-04,4,64.36,102.84,Zane Gonzalez,K,BN,False,True,False,,0.0,,Zane Gonzalez,K,,399.p.30337,30337,Mia,yahoo_fantasy_api
2020,8,,15,api,Joe Mantegna,Pop Lockett Drop it,2020-W08-04,4,64.36,102.84,Patriots,DEF,DEF,True,False,False,,3.0,,Patriots,DEF,,399.p.100017,100017,NE,yahoo_fantasy_api
2020,8,,1,api,Malle ❤️ 🐸,Ginger FC 🏆🏆,2020-W08-02,2,96.56,162.94,Tom Brady,QB,QB,True,False,False,,23.06,,Tom Brady,QB,,399.p.5228,5228,TB,yahoo_fantasy_api
2020,8,,2,api,Malle ❤️ 🐸,Ginger FC 🏆🏆,2020-W08-02,2,96.56,162.94,Calvin Ridley,WR,WR,True,False,False,,5.7,,Calvin Ridley,WR,,399.p.30996,30996,Ten,yahoo_fantasy_api
2020,8,,3,api,Malle ❤️ 🐸,Ginger FC 🏆🏆,2020-W08-02,2,96.56,162.94,Adam Thielen,WR,WR,True,False,False,,4.2,,Adam Thielen,WR,,399.p.27277,27277,Pit,yahoo_fantasy_api
2020,8,,4,api,Malle ❤️ 🐸,Ginger FC 🏆🏆,2020-W08-02,2,96.56,162.94,Kareem Hunt,RB,RB,True,False,False,,8.3,,Kareem Hunt,RB,,399.p.30199,30199,KC,yahoo_fantasy_api
2020,8,,5,api,Malle ❤️ 🐸,Ginger FC 🏆🏆,2020-W08-02,2,96.56,162.94,Latavius Murray,RB,RB,True,False,False,,4.6,,Latavius Murray,RB,,399.p.26804,26804,Buf,yahoo_fantasy_api
2020,8,,6,api,Malle ❤️ 🐸,Ginger FC 🏆🏆,2020-W08-02,2,96.56,162.94,Travis Kelce,TE,TE,True,False,False,,20.9,,Travis Kelce,TE,,399.p.26686,26686,KC,yahoo_fantasy_api
2020,8,,7,api,Malle ❤️ 🐸,Ginger FC 🏆🏆,2020-W08-02,2,96.56,162.94,Alvin Kamara,RB,W/R/T,True,False,False,,20.8,,Alvin Kamara,RB,,399.p.30180,30180,NO,yahoo_fantasy_api
2020,8,,8,api,Malle ❤️ 🐸,Ginger FC 🏆🏆,2020-W08-02,2,96.56,162.94,DeSean Jackson,WR,BN,False,True,False,,0.0,,DeSean Jackson,WR,,399.p.8826,8826,Bal,yahoo_fantasy_api
2020,8,,9,api,Malle ❤️ 🐸,Ginger FC 🏆🏆,2020-W08-02,2,96.56,162.94,Damien Harris,RB,BN,False,True,False,,16.2,,Damien Harris,RB,,399.p.31919,31919,Buf,yahoo_fantasy_api
2020,8,,10,api,Malle ❤️ 🐸,Ginger FC 🏆🏆,2020-W08-02,2,96.56,162.94,Preston Williams,WR,BN,False,True,False,,2.5,,Preston Williams,WR,,399.p.32447,32447,Car,yahoo_fantasy_api
2020,8,,11,api,Malle ❤️ 🐸,Ginger FC 🏆🏆,2020-W08-02,2,96.56,162.94,Jordan Howard,RB,BN,False,True,False,,0.0,,Jordan Howard,RB,,399.p.29384,29384,NO,yahoo_fantasy_api
2020,8,,12,api,Malle ❤️ 🐸,Ginger FC 🏆🏆,2020-W08-02,2,96.56,162.94,Ben Roethlisberger,QB,BN,False,True,False,,19.28,,Ben Roethlisberger,QB,,399.p.6770,6770,Pit,yahoo_fantasy_api
2020,8,,13,api,Malle ❤️ 🐸,Ginger FC 🏆🏆,2020-W08-02,2,96.56,162.94,Justin Tucker,K,K,True,False,False,,8.0,,Justin Tucker,K,,399.p.26534,26534,Bal,yahoo_fantasy_api
2020,8,,14,api,Malle ❤️ 🐸,Ginger FC 🏆🏆,2020-W08-02,2,96.56,162.94,Michael Badgley,K,BN,False,True,False,,15.0,,Michael Badgley,K,,399.p.31366,31366,Ind,yahoo_fantasy_api
2020,8,,15,api,Malle ❤️ 🐸,Ginger FC 🏆🏆,2020-W08-02,2,96.56,162.94,Bears,DEF,DEF,True,False,False,,1.0,,Bears,DEF,,399.p.100003,100003,Chi,yahoo_fantasy_api
2020,8,,1,api,Patty Primetimes,ThreatLevelMidnight,2020-W08-05,5,88.16,107.22,Josh Allen,QB,QB,True,False,False,,13.46,,Josh Allen,QB,,399.p.30977,30977,Buf,yahoo_fantasy_api
2020,8,,2,api,Patty Primetimes,ThreatLevelMidnight,2020-W08-05,5,88.16,107.22,Tyler Lockett,WR,WR,True,False,False,,5.3,,Tyler Lockett,WR,,399.p.28457,28457,LV,yahoo_fantasy_api
2020,8,,3,api,Patty Primetimes,ThreatLevelMidnight,2020-W08-05,5,88.16,107.22,DJ Moore,WR,WR,True,False,False,,6.5,,DJ Moore,WR,,399.p.30994,30994,Buf,yahoo_fantasy_api
2020,8,,4,api,Patty Primetimes,ThreatLevelMidnight,2020-W08-05,5,88.16,107.22,D'Andre Swift,RB,RB,True,False,False,,3.8,,D'Andre Swift,RB,,399.p.32705,32705,Chi,yahoo_fantasy_api
2020,8,,5,api,Patty Primetimes,ThreatLevelMidnight,2020-W08-05,5,88.16,107.22,Jamaal Williams,RB,RB,True,False,False,,15.2,,Jamaal Williams,RB,,399.p.30247,30247,NO,yahoo_fantasy_api
2020,8,,6,api,Patty Primetimes,ThreatLevelMidnight,2020-W08-05,5,88.16,107.22,Rob Gronkowski,TE,TE,True,False,False,,12.1,,Rob Gronkowski,TE,,399.p.24017,24017,TB,yahoo_fantasy_api
2020,8,,7,api,Patty Primetimes,ThreatLevelMidnight,2020-W08-05,5,88.16,107.22,Travis Fulgham,WR,W/R/T,True,False,False,,16.8,,Travis Fulgham,WR,,399.p.32016,32016,GB,yahoo_fantasy_api
2020,8,,8,api,Patty Primetimes,ThreatLevelMidnight,2020-W08-05,5,88.16,107.22,J.K. Dobbins,RB,BN,False,True,False,,12.6,,J.K. Dobbins,RB,,399.p.32725,32725,Den,yahoo_fantasy_api
2020,8,,9,api,Patty Primetimes,ThreatLevelMidnight,2020-W08-05,5,88.16,107.22,Adrian Peterson,RB,BN,False,True,False,,1.7,,Adrian Peterson,RB,,399.p.8261,8261,Sea,yahoo_fantasy_api
2020,8,,10,api,Patty Primetimes,ThreatLevelMidnight,2020-W08-05,5,88.16,107.22,Noah Fant,TE,BN,False,True,False,,8.2,,Noah Fant,TE,,399.p.31852,31852,NO,yahoo_fantasy_api
2020,8,,11,api,Patty Primetimes,ThreatLevelMidnight,2020-W08-05,5,88.16,107.22,Matthew Stafford,QB,BN,False,True,False,,29.44,,Matthew Stafford,QB,,399.p.9265,9265,LAR,yahoo_fantasy_api
2020,8,,12,api,Patty Primetimes,ThreatLevelMidnight,2020-W08-05,5,88.16,107.22,Phillip Lindsay,RB,BN,False,True,False,,15.1,,Phillip Lindsay,RB,,399.p.31379,31379,Ind,yahoo_fantasy_api
2020,8,,13,api,Patty Primetimes,ThreatLevelMidnight,2020-W08-05,5,88.16,107.22,Nyheim Miller-Hines,RB,BN,False,True,False,,19.7,,Nyheim Miller-Hines,RB,,399.p.31074,31074,LAC,yahoo_fantasy_api
2020,8,,14,api,Patty Primetimes,ThreatLevelMidnight,2020-W08-05,5,88.16,107.22,Daniel Carlson,K,K,True,False,False,,10.0,,Daniel Carlson,K,,399.p.31137,31137,NO,yahoo_fantasy_api
2020,8,,15,api,Patty Primetimes,ThreatLevelMidnight,2020-W08-05,5,88.16,107.22,Rams,DEF,DEF,True,False,False,,5.0,,Rams,DEF,,399.p.100014,100014,LAR,yahoo_fantasy_api
2020,8,,1,api,Pop Lockett Drop it,Joe Mantegna,2020-W08-04,4,102.84,64.36,Aaron Rodgers,QB,QB,True,False,False,,28.54,,Aaron Rodgers,QB,,399.p.7200,7200,Pit,yahoo_fantasy_api
2020,8,,2,api,Pop Lockett Drop it,Joe Mantegna,2020-W08-04,4,102.84,64.36,Stefon Diggs,WR,WR,True,False,False,,12.2,,Stefon Diggs,WR,,399.p.28534,28534,Was,yahoo_fantasy_api
2020,8,,3,api,Pop Lockett Drop it,Joe Mantegna,2020-W08-04,4,102.84,64.36,Julio Jones,WR,WR,True,False,False,,17.2,,Julio Jones,WR,,399.p.24793,24793,Phi,yahoo_fantasy_api
2020,8,,4,api,Pop Lockett Drop it,Joe Mantegna,2020-W08-04,4,102.84,64.36,Darrell Henderson Jr.,RB,RB,True,False,False,,6.3,,Darrell Henderson Jr.,RB,,399.p.31902,31902,LAR,yahoo_fantasy_api
2020,8,,5,api,Pop Lockett Drop it,Joe Mantegna,2020-W08-04,4,102.84,64.36,Josh Jacobs,RB,RB,True,False,False,,12.9,,Josh Jacobs,RB,,399.p.31856,31856,GB,yahoo_fantasy_api
2020,8,,6,api,Pop Lockett Drop it,Joe Mantegna,2020-W08-04,4,102.84,64.36,Jimmy Graham,TE,TE,True,False,False,,2.3,,Jimmy Graham,TE,,399.p.24070,24070,NO,yahoo_fantasy_api
2020,8,,7,api,Pop Lockett Drop it,Joe Mantegna,2020-W08-04,4,102.84,64.36,Tee Higgins,WR,W/R/T,True,False,False,,11.4,,Tee Higgins,WR,,399.p.32703,32703,Cin,yahoo_fantasy_api
2020,8,,8,api,Pop Lockett Drop it,Joe Mantegna,2020-W08-04,4,102.84,64.36,Will Fuller V,WR,BN,False,True,False,,0.0,,Will Fuller V,WR,,399.p.29255,29255,Mia,yahoo_fantasy_api
2020,8,,9,api,Pop Lockett Drop it,Joe Mantegna,2020-W08-04,4,102.84,64.36,Austin Hooper,TE,BN,False,True,False,,0.0,,Austin Hooper,TE,,399.p.29315,29315,Atl,yahoo_fantasy_api
2020,8,,10,api,Pop Lockett Drop it,Joe Mantegna,2020-W08-04,4,102.84,64.36,James Robinson,RB,BN,False,True,False,,0.0,,James Robinson,RB,,399.p.33138,33138,NO,yahoo_fantasy_api
2020,8,,11,api,Pop Lockett Drop it,Joe Mantegna,2020-W08-04,4,102.84,64.36,David Johnson,RB,BN,False,True,False,,0.0,,David Johnson,RB,,399.p.28474,28474,NO,yahoo_fantasy_api
2020,8,,12,api,Pop Lockett Drop it,Joe Mantegna,2020-W08-04,4,102.84,64.36,Emmanuel Sanders,WR,BN,False,True,False,,0.0,,Emmanuel Sanders,WR,,399.p.24057,24057,Buf,yahoo_fantasy_api
2020,8,,13,api,Pop Lockett Drop it,Joe Mantegna,2020-W08-04,4,102.84,64.36,Henry Ruggs III,WR,BN,False,True,False,,1.9,,Henry Ruggs III,WR,,399.p.32682,32682,LV,yahoo_fantasy_api
2020,8,,14,api,Pop Lockett Drop it,Joe Mantegna,2020-W08-04,4,102.84,64.36,Younghoe Koo,K,K,True,False,False,,13.0,,Younghoe Koo,K,,399.p.30426,30426,NYG,yahoo_fantasy_api
2020,8,,15,api,Pop Lockett Drop it,Joe Mantegna,2020-W08-04,4,102.84,64.36,Titans,DEF,DEF,True,False,False,,-1.0,,Titans,DEF,,399.p.100010,100010,Ten,yahoo_fantasy_api
2020,8,,1,api,Post Mahomes,Voldemort,2020-W08-03,3,74.84,89.52,Derek Carr,QB,QB,True,False,False,,14.54,,Derek Carr,QB,,399.p.27564,27564,NO,yahoo_fantasy_api
2020,8,,2,api,Post Mahomes,Voldemort,2020-W08-03,3,74.84,89.52,Kenny Golladay,WR,WR,True,False,False,,0.0,,Kenny Golladay,WR,,399.p.30209,30209,NYG,yahoo_fantasy_api
2020,8,,3,api,Post Mahomes,Voldemort,2020-W08-03,3,74.84,89.52,Robert Woods,WR,WR,True,False,False,,24.9,,Robert Woods,WR,,399.p.26664,26664,Pit,yahoo_fantasy_api
2020,8,,4,api,Post Mahomes,Voldemort,2020-W08-03,3,74.84,89.52,David Montgomery,RB,RB,True,False,False,,11.5,,David Montgomery,RB,,399.p.31905,31905,Hou,yahoo_fantasy_api
2020,8,,5,api,Post Mahomes,Voldemort,2020-W08-03,3,74.84,89.52,La'Mical Perine,RB,RB,True,False,False,,4.3,,La'Mical Perine,RB,,399.p.32790,32790,Pit,yahoo_fantasy_api
2020,8,,6,api,Post Mahomes,Voldemort,2020-W08-03,3,74.84,89.52,Mark Andrews,TE,TE,True,False,False,,4.7,,Mark Andrews,TE,,399.p.31056,31056,Bal,yahoo_fantasy_api
2020,8,,7,api,Post Mahomes,Voldemort,2020-W08-03,3,74.84,89.52,A.J. Green,WR,W/R/T,True,False,False,,2.9,,A.J. Green,WR,,399.p.24791,24791,Ari,yahoo_fantasy_api
2020,8,,8,api,Post Mahomes,Voldemort,2020-W08-03,3,74.84,89.52,Devonta Freeman,RB,BN,False,True,False,,0.0,,Devonta Freeman,RB,,399.p.27631,27631,Bal,yahoo_fantasy_api
2020,8,,9,api,Post Mahomes,Voldemort,2020-W08-03,3,74.84,89.52,Kyler Murray,QB,BN,False,True,False,,0.0,,Kyler Murray,QB,,399.p.31833,31833,Min,yahoo_fantasy_api
2020,8,,10,api,Post Mahomes,Voldemort,2020-W08-03,3,74.84,89.52,Chris Carson,RB,BN,False,True,False,,0.0,,Chris Carson,RB,,399.p.30362,30362,Sea,yahoo_fantasy_api
2020,8,,11,api,Post Mahomes,Voldemort,2020-W08-03,3,74.84,89.52,Hayden Hurst,TE,BN,False,True,False,,7.9,,Hayden Hurst,TE,,399.p.30995,30995,LAC,yahoo_fantasy_api
2020,8,,12,api,Post Mahomes,Voldemort,2020-W08-03,3,74.84,89.52,Joshua Kelley,RB,BN,False,True,False,,3.0,,Joshua Kelley,RB,,399.p.32782,32782,Ten,yahoo_fantasy_api
2020,8,,13,api,Post Mahomes,Voldemort,2020-W08-03,3,74.84,89.52,Wayne Gallman,RB,BN,False,True,False,,12.7,,Wayne Gallman,RB,,399.p.30253,30253,Sea,yahoo_fantasy_api
2020,8,,14,api,Post Mahomes,Voldemort,2020-W08-03,3,74.84,89.52,Nick Chubb,RB,IR,False,False,True,,0.0,,Nick Chubb,RB,,399.p.31005,31005,Hou,yahoo_fantasy_api
2020,8,,15,api,Post Mahomes,Voldemort,2020-W08-03,3,74.84,89.52,Matt Prater,K,K,True,False,False,,3.0,,Matt Prater,K,,399.p.8565,8565,Buf,yahoo_fantasy_api
2020,8,,16,api,Post Mahomes,Voldemort,2020-W08-03,3,74.84,89.52,Chiefs,DEF,DEF,True,False,False,,9.0,,Chiefs,DEF,,399.p.100012,100012,KC,yahoo_fantasy_api
2020,8,,1,api,The Big Gronkowski,Big Sack Jack,2020-W08-01,1,133.3,113.74,Jared Goff,QB,QB,True,False,False,,14.2,,Jared Goff,QB,,399.p.29235,29235,Det,yahoo_fantasy_api
2020,8,,2,api,The Big Gronkowski,Big Sack Jack,2020-W08-01,1,133.3,113.74,Allen Robinson,WR,WR,True,False,False,,17.7,,Allen Robinson,WR,,399.p.27589,27589,Det,yahoo_fantasy_api
2020,8,,3,api,The Big Gronkowski,Big Sack Jack,2020-W08-01,1,133.3,113.74,Cooper Kupp,WR,WR,True,False,False,,16.5,,Cooper Kupp,WR,,399.p.30182,30182,Sea,yahoo_fantasy_api
2020,8,,4,api,The Big Gronkowski,Big Sack Jack,2020-W08-01,1,133.3,113.74,James Conner,RB,RB,True,False,False,,13.5,,James Conner,RB,,399.p.30218,30218,Ari,yahoo_fantasy_api
2020,8,,5,api,The Big Gronkowski,Big Sack Jack,2020-W08-01,1,133.3,113.74,Ronald Jones,RB,RB,True,False,False,,4.6,,Ronald Jones,RB,,399.p.31008,31008,Dal,yahoo_fantasy_api
2020,8,,6,api,The Big Gronkowski,Big Sack Jack,2020-W08-01,1,133.3,113.74,Darren Waller,TE,TE,True,False,False,,5.2,,Darren Waller,TE,,399.p.28592,28592,Car,yahoo_fantasy_api
2020,8,,7,api,The Big Gronkowski,Big Sack Jack,2020-W08-01,1,133.3,113.74,Dalvin Cook,RB,W/R/T,True,False,False,,47.6,,Dalvin Cook,RB,,399.p.30154,30154,Dal,yahoo_fantasy_api
2020,8,,8,api,The Big Gronkowski,Big Sack Jack,2020-W08-01,1,133.3,113.74,Drew Brees,QB,BN,False,True,False,,23.6,,Drew Brees,QB,,399.p.5479,5479,NO,yahoo_fantasy_api
2020,8,,9,api,The Big Gronkowski,Big Sack Jack,2020-W08-01,1,133.3,113.74,Jonnu Smith,TE,BN,False,True,False,,3.9,,Jonnu Smith,TE,,399.p.30213,30213,GB,yahoo_fantasy_api
2020,8,,10,api,The Big Gronkowski,Big Sack Jack,2020-W08-01,1,133.3,113.74,Darius Slayton,WR,BN,False,True,False,,8.1,,Darius Slayton,WR,,399.p.32003,32003,Ind,yahoo_fantasy_api
2020,8,,11,api,The Big Gronkowski,Big Sack Jack,2020-W08-01,1,133.3,113.74,Antonio Brown,WR,BN,False,True,False,,0.0,,Antonio Brown,WR,,399.p.24171,24171,TB,yahoo_fantasy_api
2020,8,,12,api,The Big Gronkowski,Big Sack Jack,2020-W08-01,1,133.3,113.74,Sterling Shepard,WR,BN,False,True,False,,11.4,,Sterling Shepard,WR,,399.p.29274,29274,NYJ,yahoo_fantasy_api
2020,8,,13,api,The Big Gronkowski,Big Sack Jack,2020-W08-01,1,133.3,113.74,Wil Lutz,K,K,True,False,False,,14.0,,Wil Lutz,K,,399.p.29754,29754,Den,yahoo_fantasy_api
2020,8,,14,api,The Big Gronkowski,Big Sack Jack,2020-W08-01,1,133.3,113.74,Packers,DEF,DEF,True,False,False,,0.0,,Packers,DEF,,399.p.100009,100009,GB,yahoo_fantasy_api
2020,8,,15,api,The Big Gronkowski,Big Sack Jack,2020-W08-01,1,133.3,113.74,49ers,DEF,BN,False,True,False,,-2.0,,49ers,DEF,,399.p.100025,100025,SF,yahoo_fantasy_api
2020,8,,1,api,ThreatLevelMidnight,Patty Primetimes,2020-W08-05,5,107.22,88.16,Carson Wentz,QB,QB,True,False,False,,14.62,,Carson Wentz,QB,,399.p.29236,29236,Min,yahoo_fantasy_api
2020,8,,2,api,ThreatLevelMidnight,Patty Primetimes,2020-W08-05,5,107.22,88.16,Davante Adams,WR,WR,True,False,False,,26.8,,Davante Adams,WR,,399.p.27581,27581,LAR,yahoo_fantasy_api
2020,8,,3,api,ThreatLevelMidnight,Patty Primetimes,2020-W08-05,5,107.22,88.16,Tyler Boyd,WR,WR,True,False,False,,16.6,,Tyler Boyd,WR,,399.p.29288,29288,Ten,yahoo_fantasy_api
2020,8,,4,api,ThreatLevelMidnight,Patty Primetimes,2020-W08-05,5,107.22,88.16,Mike Davis,RB,RB,True,False,False,,8.2,,Mike Davis,RB,,399.p.28514,28514,Bal,yahoo_fantasy_api
2020,8,,5,api,ThreatLevelMidnight,Patty Primetimes,2020-W08-05,5,107.22,88.16,Giovani Bernard,RB,RB,True,False,False,,21.3,,Giovani Bernard,RB,,399.p.26660,26660,TB,yahoo_fantasy_api
2020,8,,6,api,ThreatLevelMidnight,Patty Primetimes,2020-W08-05,5,107.22,88.16,Mike Gesicki,TE,TE,True,False,False,,1.3,,Mike Gesicki,TE,,399.p.31012,31012,Cin,yahoo_fantasy_api
2020,8,,7,api,ThreatLevelMidnight,Patty Primetimes,2020-W08-05,5,107.22,88.16,A.J. Brown,WR,W/R/T,True,False,False,,10.4,,A.J. Brown,WR,,399.p.31883,31883,NE,yahoo_fantasy_api
2020,8,,8,api,ThreatLevelMidnight,Patty Primetimes,2020-W08-05,5,107.22,88.16,Joe Mixon,RB,BN,False,True,False,,0.0,,Joe Mixon,RB,,399.p.30161,30161,Hou,yahoo_fantasy_api
2020,8,,9,api,ThreatLevelMidnight,Patty Primetimes,2020-W08-05,5,107.22,88.16,Matt Ryan,QB,BN,False,True,False,,18.94,,Matt Ryan,QB,,399.p.8780,8780,Ind,yahoo_fantasy_api
2020,8,,10,api,ThreatLevelMidnight,Patty Primetimes,2020-W08-05,5,107.22,88.16,Carlos Hyde,RB,BN,False,True,False,,0.0,,Carlos Hyde,RB,,399.p.27585,27585,Jax,yahoo_fantasy_api
2020,8,,11,api,ThreatLevelMidnight,Patty Primetimes,2020-W08-05,5,107.22,88.16,Tevin Coleman,RB,BN,False,True,False,,2.0,,Tevin Coleman,RB,,399.p.28461,28461,SF,yahoo_fantasy_api
2020,8,,12,api,ThreatLevelMidnight,Patty Primetimes,2020-W08-05,5,107.22,88.16,Raheem Mostert,RB,IR,False,False,True,,0.0,,Raheem Mostert,RB,,399.p.28654,28654,LV,yahoo_fantasy_api
2020,8,,13,api,ThreatLevelMidnight,Patty Primetimes,2020-W08-05,5,107.22,88.16,Joey Slye,K,K,True,False,False,,5.0,,Joey Slye,K,,399.p.32384,32384,Ten,yahoo_fantasy_api
2020,8,,14,api,ThreatLevelMidnight,Patty Primetimes,2020-W08-05,5,107.22,88.16,Chargers,DEF,DEF,True,False,False,,3.0,,Chargers,DEF,,399.p.100024,100024,LAC,yahoo_fantasy_api
2020,8,,1,api,Uncle Rico,malle_dips_pouches,2020-W08-06,6,79.02,86.36,Lamar Jackson,QB,QB,True,False,False,,20.82,,Lamar Jackson,QB,,399.p.31002,31002,Bal,yahoo_fantasy_api
2020,8,,2,api,Uncle Rico,malle_dips_pouches,2020-W08-06,6,79.02,86.36,Diontae Johnson,WR,WR,True,False,False,,1.1,,Diontae Johnson,WR,,399.p.31898,31898,Cle,yahoo_fantasy_api
2020,8,,3,api,Uncle Rico,malle_dips_pouches,2020-W08-06,6,79.02,86.36,Nelson Agholor,WR,WR,True,False,False,,0.0,,Nelson Agholor,WR,,399.p.28408,28408,Bal,yahoo_fantasy_api
2020,8,,4,api,Uncle Rico,malle_dips_pouches,2020-W08-06,6,79.02,86.36,Derrick Henry,RB,RB,True,False,False,,17.2,,Derrick Henry,RB,,399.p.29279,29279,Bal,yahoo_fantasy_api
2020,8,,5,api,Uncle Rico,malle_dips_pouches,2020-W08-06,6,79.02,86.36,Boston Scott,RB,RB,True,False,False,,8.9,,Boston Scott,RB,,399.p.31171,31171,Pit,yahoo_fantasy_api
2020,8,,6,api,Uncle Rico,malle_dips_pouches,2020-W08-06,6,79.02,86.36,Robert Tonyan,TE,TE,True,False,False,,10.4,,Robert Tonyan,TE,,399.p.30777,30777,Pit,yahoo_fantasy_api
2020,8,,7,api,Uncle Rico,malle_dips_pouches,2020-W08-06,6,79.02,86.36,JaMycal Hasty,RB,W/R/T,True,False,False,,9.6,,JaMycal Hasty,RB,,399.p.33199,33199,NE,yahoo_fantasy_api
2020,8,,8,api,Uncle Rico,malle_dips_pouches,2020-W08-06,6,79.02,86.36,Jamison Crowder,WR,BN,False,True,False,,0.0,,Jamison Crowder,WR,,399.p.28493,28493,Was,yahoo_fantasy_api
2020,8,,9,api,Uncle Rico,malle_dips_pouches,2020-W08-06,6,79.02,86.36,Michael Thomas,WR,BN,False,True,False,,0.0,,Michael Thomas,WR,,399.p.29281,29281,NO,yahoo_fantasy_api
2020,8,,10,api,Uncle Rico,malle_dips_pouches,2020-W08-06,6,79.02,86.36,Chris Godwin Jr.,WR,BN,False,True,False,,0.0,,Chris Godwin Jr.,WR,,399.p.30197,30197,TB,yahoo_fantasy_api
2020,8,,11,api,Uncle Rico,malle_dips_pouches,2020-W08-06,6,79.02,86.36,Antonio Gibson,RB,BN,False,True,False,,0.0,,Antonio Gibson,RB,,399.p.32736,32736,NE,yahoo_fantasy_api
2020,8,,12,api,Uncle Rico,malle_dips_pouches,2020-W08-06,6,79.02,86.36,Christian Kirk,WR,BN,False,True,False,,0.0,,Christian Kirk,WR,,399.p.31017,31017,SF,yahoo_fantasy_api
2020,8,,13,api,Uncle Rico,malle_dips_pouches,2020-W08-06,6,79.02,86.36,Baker Mayfield,QB,BN,False,True,False,,7.78,,Baker Mayfield,QB,,399.p.30971,30971,TB,yahoo_fantasy_api
2020,8,,14,api,Uncle Rico,malle_dips_pouches,2020-W08-06,6,79.02,86.36,Austin Ekeler,RB,IR,False,False,True,,0.0,,Austin Ekeler,RB,,399.p.30423,30423,Was,yahoo_fantasy_api
2020,8,,15,api,Uncle Rico,malle_dips_pouches,2020-W08-06,6,79.02,86.36,Jason Sanders,K,K,True,False,False,,4.0,,Jason Sanders,K,,399.p.31199,31199,NYJ,yahoo_fantasy_api
2020,8,,16,api,Uncle Rico,malle_dips_pouches,2020-W08-06,6,79.02,86.36,Buccaneers,DEF,DEF,True,False,False,,7.0,,Buccaneers,DEF,,399.p.100027,100027,TB,yahoo_fantasy_api
2020,8,,1,api,Voldemort,Post Mahomes,2020-W08-03,3,89.52,74.84,Justin Herbert,QB,QB,True,False,False,,29.22,,Justin Herbert,QB,,399.p.32676,32676,LAC,yahoo_fantasy_api
2020,8,,2,api,Voldemort,Post Mahomes,2020-W08-03,3,89.52,74.84,Tyreek Hill,WR,WR,True,False,False,,23.8,,Tyreek Hill,WR,,399.p.29399,29399,Mia,yahoo_fantasy_api
2020,8,,3,api,Voldemort,Post Mahomes,2020-W08-03,3,89.52,74.84,Justin Jefferson,WR,WR,True,False,False,,4.1,,Justin Jefferson,WR,,399.p.32692,32692,Min,yahoo_fantasy_api
2020,8,,4,api,Voldemort,Post Mahomes,2020-W08-03,3,89.52,74.84,Leonard Fournette,RB,RB,True,False,False,,8.6,,Leonard Fournette,RB,,399.p.30117,30117,Buf,yahoo_fantasy_api
2020,8,,5,api,Voldemort,Post Mahomes,2020-W08-03,3,89.52,74.84,Jonathan Taylor,RB,RB,True,False,False,,4.1,,Jonathan Taylor,RB,,399.p.32711,32711,Ind,yahoo_fantasy_api
2020,8,,6,api,Voldemort,Post Mahomes,2020-W08-03,3,89.52,74.84,Harrison Bryant,TE,TE,True,False,False,,2.0,,Harrison Bryant,TE,,399.p.32785,32785,Hou,yahoo_fantasy_api
2020,8,,7,api,Voldemort,Post Mahomes,2020-W08-03,3,89.52,74.84,Chase Claypool,WR,W/R/T,True,False,False,,10.7,,Chase Claypool,WR,,399.p.32719,32719,Buf,yahoo_fantasy_api
2020,8,,8,api,Voldemort,Post Mahomes,2020-W08-03,3,89.52,74.84,T.J. Hockenson,TE,BN,False,True,False,,10.0,,T.J. Hockenson,TE,,399.p.31840,31840,Min,yahoo_fantasy_api
2020,8,,9,api,Voldemort,Post Mahomes,2020-W08-03,3,89.52,74.84,Terry McLaurin,WR,BN,False,True,False,,0.0,,Terry McLaurin,WR,,399.p.31908,31908,Was,yahoo_fantasy_api
2020,8,,10,api,Voldemort,Post Mahomes,2020-W08-03,3,89.52,74.84,Ryan Tannehill,QB,BN,False,True,False,,22.32,,Ryan Tannehill,QB,,399.p.25718,25718,Ten,yahoo_fantasy_api
2020,8,,11,api,Voldemort,Post Mahomes,2020-W08-03,3,89.52,74.84,John Brown,WR,BN,False,True,False,,2.6,,John Brown,WR,,399.p.27619,27619,Buf,yahoo_fantasy_api
2020,8,,12,api,Voldemort,Post Mahomes,2020-W08-03,3,89.52,74.84,DeeJay Dallas,RB,BN,False,True,False,,20.3,,DeeJay Dallas,RB,,399.p.32814,32814,Min,yahoo_fantasy_api
2020,8,,13,api,Voldemort,Post Mahomes,2020-W08-03,3,89.52,74.84,J.D. McKissic,RB,BN,False,True,False,,0.0,,J.D. McKissic,RB,,399.p.29650,29650,Was,yahoo_fantasy_api
2020,8,,14,api,Voldemort,Post Mahomes,2020-W08-03,3,89.52,74.84,Kenyan Drake,RB,IR,False,False,True,,0.0,,Kenyan Drake,RB,,399.p.29307,29307,Bal,yahoo_fantasy_api
2020,8,,15,api,Voldemort,Post Mahomes,2020-W08-03,3,89.52,74.84,Rodrigo Blankenship,K,K,True,False,False,,3.0,,Rodrigo Blankenship,K,,399.p.33211,33211,Ind,yahoo_fantasy_api
2020,8,,16,api,Voldemort,Post Mahomes,2020-W08-03,3,89.52,74.84,Bills,DEF,DEF,True,False,False,,4.0,,Bills,DEF,,399.p.100002,100002,Buf,yahoo_fantasy_api
2020,8,,1,api,malle_dips_pouches,Uncle Rico,2020-W08-06,6,86.36,79.02,Joe Burrow,QB,QB,True,False,False,,22.86,,Joe Burrow,QB,,399.p.32671,32671,Cin,yahoo_fantasy_api
2020,8,,2,api,malle_dips_pouches,Uncle Rico,2020-W08-06,6,86.36,79.02,Amari Cooper,WR,WR,True,False,False,,1.0,,Amari Cooper,WR,,399.p.28392,28392,Buf,yahoo_fantasy_api
2020,8,,3,api,malle_dips_pouches,Uncle Rico,2020-W08-06,6,86.36,79.02,Robbie Chosen,WR,WR,True,False,False,,7.3,,Robbie Chosen,WR,,399.p.29785,29785,Was,yahoo_fantasy_api
2020,8,,4,api,malle_dips_pouches,Uncle Rico,2020-W08-06,6,86.36,79.02,Le'Veon Bell,RB,RB,True,False,False,,5.3,,Le'Veon Bell,RB,,399.p.26671,26671,TB,yahoo_fantasy_api
2020,8,,5,api,malle_dips_pouches,Uncle Rico,2020-W08-06,6,86.36,79.02,Myles Gaskin,RB,RB,True,False,False,,11.8,,Myles Gaskin,RB,,399.p.32066,32066,Sea,yahoo_fantasy_api
2020,8,,6,api,malle_dips_pouches,Uncle Rico,2020-W08-06,6,86.36,79.02,Hunter Henry,TE,TE,True,False,False,,5.3,,Hunter Henry,TE,,399.p.29269,29269,NE,yahoo_fantasy_api
2020,8,,7,api,malle_dips_pouches,Uncle Rico,2020-W08-06,6,86.36,79.02,Corey Davis,WR,W/R/T,True,False,False,,22.8,,Corey Davis,WR,,399.p.30118,30118,NYJ,yahoo_fantasy_api
2020,8,,8,api,malle_dips_pouches,Uncle Rico,2020-W08-06,6,86.36,79.02,Devin Singletary,RB,BN,False,True,False,,9.7,,Devin Singletary,RB,,399.p.31906,31906,NYG,yahoo_fantasy_api
2020,8,,9,api,malle_dips_pouches,Uncle Rico,2020-W08-06,6,86.36,79.02,DeAndre Hopkins,WR,BN,False,True,False,,0.0,,DeAndre Hopkins,WR,,399.p.26650,26650,Bal,yahoo_fantasy_api
2020,8,,10,api,malle_dips_pouches,Uncle Rico,2020-W08-06,6,86.36,79.02,Aaron Jones Sr.,RB,BN,False,True,False,,0.0,,Aaron Jones Sr.,RB,,399.p.30295,30295,Min,yahoo_fantasy_api
2020,8,,11,api,malle_dips_pouches,Uncle Rico,2020-W08-06,6,86.36,79.02,Kirk Cousins,QB,BN,False,True,False,,12.4,,Kirk Cousins,QB,,399.p.25812,25812,LV,yahoo_fantasy_api
2020,8,,12,api,malle_dips_pouches,Uncle Rico,2020-W08-06,6,86.36,79.02,Jerry Jeudy,WR,BN,False,True,False,,9.3,,Jerry Jeudy,WR,,399.p.32685,32685,Cle,yahoo_fantasy_api
2020,8,,13,api,malle_dips_pouches,Uncle Rico,2020-W08-06,6,86.36,79.02,Eric Ebron,TE,BN,False,True,False,,12.8,,Eric Ebron,TE,,399.p.27538,27538,Pit,yahoo_fantasy_api
2020,8,,14,api,malle_dips_pouches,Uncle Rico,2020-W08-06,6,86.36,79.02,Deebo Samuel Sr.,WR,IR,False,False,True,,0.0,,Deebo Samuel Sr.,WR,,399.p.31868,31868,SF,yahoo_fantasy_api
2020,8,,15,api,malle_dips_pouches,Uncle Rico,2020-W08-06,6,86.36,79.02,Robbie Gould,K,K,True,False,False,,3.0,,Robbie Gould,K,,399.p.7520,7520,SF,yahoo_fantasy_api
2020,8,,16,api,malle_dips_pouches,Uncle Rico,2020-W08-06,6,86.36,79.02,Saints,DEF,DEF,True,False,False,,7.0,,Saints,DEF,,399.p.100018,100018,NO,yahoo_fantasy_api
2020,9,,1,api,Big Sack Jack,Malle ❤️ 🐸,2020-W09-02,2,113.68,81.76,Patrick Mahomes,QB,QB,True,False,False,,38.88,,Patrick Mahomes,QB,,399.p.30123,30123,KC,yahoo_fantasy_api
2020,9,,2,api,Big Sack Jack,Malle ❤️ 🐸,2020-W09-02,2,113.68,81.76,Keenan Allen,WR,WR,True,False,False,,20.8,,Keenan Allen,WR,,399.p.26699,26699,Ind,yahoo_fantasy_api
2020,9,,3,api,Big Sack Jack,Malle ❤️ 🐸,2020-W09-02,2,113.68,81.76,Hollywood Brown,WR,WR,True,False,False,,5.3,,Hollywood Brown,WR,,399.p.31857,31857,Phi,yahoo_fantasy_api
2020,9,,4,api,Big Sack Jack,Malle ❤️ 🐸,2020-W09-02,2,113.68,81.76,Ezekiel Elliott,RB,RB,True,False,False,,7.9,,Ezekiel Elliott,RB,,399.p.29238,29238,Dal,yahoo_fantasy_api
2020,9,,5,api,Big Sack Jack,Malle ❤️ 🐸,2020-W09-02,2,113.68,81.76,Melvin Gordon III,RB,RB,True,False,False,,3.2,,Melvin Gordon III,RB,,399.p.28403,28403,Bal,yahoo_fantasy_api
2020,9,,6,api,Big Sack Jack,Malle ❤️ 🐸,2020-W09-02,2,113.68,81.76,Evan Engram,TE,TE,True,False,False,,13.3,,Evan Engram,TE,,399.p.30136,30136,Den,yahoo_fantasy_api
2020,9,,7,api,Big Sack Jack,Malle ❤️ 🐸,2020-W09-02,2,113.68,81.76,Mecole Hardman Jr.,WR,W/R/T,True,False,False,,6.3,,Mecole Hardman Jr.,WR,,399.p.31888,31888,Buf,yahoo_fantasy_api
2020,9,,8,api,Big Sack Jack,Malle ❤️ 🐸,2020-W09-02,2,113.68,81.76,CeeDee Lamb,WR,BN,False,True,False,,13.1,,CeeDee Lamb,WR,,399.p.32687,32687,Dal,yahoo_fantasy_api
2020,9,,9,api,Big Sack Jack,Malle ❤️ 🐸,2020-W09-02,2,113.68,81.76,Dallas Goedert,TE,BN,False,True,False,,0.0,,Dallas Goedert,TE,,399.p.31019,31019,Phi,yahoo_fantasy_api
2020,9,,10,api,Big Sack Jack,Malle ❤️ 🐸,2020-W09-02,2,113.68,81.76,James White,RB,BN,False,True,False,,4.4,,James White,RB,,399.p.27658,27658,NE,yahoo_fantasy_api
2020,9,,11,api,Big Sack Jack,Malle ❤️ 🐸,2020-W09-02,2,113.68,81.76,Julian Edelman,WR,BN,False,True,False,,0.0,,Julian Edelman,WR,,399.p.9496,9496,NE,yahoo_fantasy_api
2020,9,,12,api,Big Sack Jack,Malle ❤️ 🐸,2020-W09-02,2,113.68,81.76,Sammy Watkins,WR,BN,False,True,False,,0.0,,Sammy Watkins,WR,,399.p.27532,27532,Bal,yahoo_fantasy_api
2020,9,,13,api,Big Sack Jack,Malle ❤️ 🐸,2020-W09-02,2,113.68,81.76,David Moore,WR,BN,False,True,False,,15.1,,David Moore,WR,,399.p.30339,30339,Car,yahoo_fantasy_api
2020,9,,14,api,Big Sack Jack,Malle ❤️ 🐸,2020-W09-02,2,113.68,81.76,Ryan Succop,K,K,True,False,False,,4.0,,Ryan Succop,K,,399.p.9520,9520,TB,yahoo_fantasy_api
2020,9,,15,api,Big Sack Jack,Malle ❤️ 🐸,2020-W09-02,2,113.68,81.76,Ravens,DEF,DEF,True,False,False,,14.0,,Ravens,DEF,,399.p.100033,100033,Bal,yahoo_fantasy_api
2020,9,,1,api,Ginger FC 🏆🏆,Voldemort,2020-W09-03,3,119.2,136.74,Russell Wilson,QB,QB,True,False,False,,28.1,,Russell Wilson,QB,,399.p.25785,25785,NYG,yahoo_fantasy_api
2020,9,,2,api,Ginger FC 🏆🏆,Voldemort,2020-W09-03,3,119.2,136.74,Mike Evans,WR,WR,True,False,False,,8.4,,Mike Evans,WR,,399.p.27535,27535,SF,yahoo_fantasy_api
2020,9,,3,api,Ginger FC 🏆🏆,Voldemort,2020-W09-03,3,119.2,136.74,DK Metcalf,WR,WR,True,False,False,,20.3,,DK Metcalf,WR,,399.p.31896,31896,Pit,yahoo_fantasy_api
2020,9,,4,api,Ginger FC 🏆🏆,Voldemort,2020-W09-03,3,119.2,136.74,Justin Jackson,RB,RB,True,False,False,,0.0,,Justin Jackson,RB,,399.p.31221,31221,Det,yahoo_fantasy_api
2020,9,,5,api,Ginger FC 🏆🏆,Voldemort,2020-W09-03,3,119.2,136.74,Chase Edmonds,RB,RB,True,False,False,,10.3,,Chase Edmonds,RB,,399.p.31104,31104,Was,yahoo_fantasy_api
2020,9,,6,api,Ginger FC 🏆🏆,Voldemort,2020-W09-03,3,119.2,136.74,Jared Cook,TE,TE,True,False,False,,2.0,,Jared Cook,TE,,399.p.9353,9353,LAC,yahoo_fantasy_api
2020,9,,7,api,Ginger FC 🏆🏆,Voldemort,2020-W09-03,3,119.2,136.74,Christian McCaffrey,RB,W/R/T,True,False,False,,32.1,,Christian McCaffrey,RB,,399.p.30121,30121,SF,yahoo_fantasy_api
2020,9,,8,api,Ginger FC 🏆🏆,Voldemort,2020-W09-03,3,119.2,136.74,Brandin Cooks,WR,BN,False,True,False,,15.8,,Brandin Cooks,WR,,399.p.27548,27548,SF,yahoo_fantasy_api
2020,9,,9,api,Ginger FC 🏆🏆,Voldemort,2020-W09-03,3,119.2,136.74,Brandon Aiyuk,WR,BN,False,True,False,,0.0,,Brandon Aiyuk,WR,,399.p.32695,32695,SF,yahoo_fantasy_api
2020,9,,10,api,Ginger FC 🏆🏆,Voldemort,2020-W09-03,3,119.2,136.74,Malcolm Brown,RB,BN,False,True,False,,0.0,,Malcolm Brown,RB,,399.p.28990,28990,LAR,yahoo_fantasy_api
2020,9,,11,api,Ginger FC 🏆🏆,Voldemort,2020-W09-03,3,119.2,136.74,Cole Beasley,WR,BN,False,True,False,,5.4,,Cole Beasley,WR,,399.p.26060,26060,NYG,yahoo_fantasy_api
2020,9,,12,api,Ginger FC 🏆🏆,Voldemort,2020-W09-03,3,119.2,136.74,DeVante Parker,WR,BN,False,True,False,,9.4,,DeVante Parker,WR,,399.p.28402,28402,NE,yahoo_fantasy_api
2020,9,,13,api,Ginger FC 🏆🏆,Voldemort,2020-W09-03,3,119.2,136.74,Keelan Cole Sr.,WR,BN,False,True,False,,1.1,,Keelan Cole Sr.,WR,,399.p.30396,30396,LV,yahoo_fantasy_api
2020,9,,14,api,Ginger FC 🏆🏆,Voldemort,2020-W09-03,3,119.2,136.74,Allen Lazard,WR,IR,False,False,True,,0.0,,Allen Lazard,WR,,399.p.31268,31268,NYJ,yahoo_fantasy_api
2020,9,,15,api,Ginger FC 🏆🏆,Voldemort,2020-W09-03,3,119.2,136.74,Harrison Butker,K,K,True,False,False,,11.0,,Harrison Butker,K,,399.p.30346,30346,KC,yahoo_fantasy_api
2020,9,,16,api,Ginger FC 🏆🏆,Voldemort,2020-W09-03,3,119.2,136.74,Steelers,DEF,DEF,True,False,False,,7.0,,Steelers,DEF,,399.p.100023,100023,Pit,yahoo_fantasy_api
2020,9,,1,api,Joe Mantegna,Post Mahomes,2020-W09-04,4,118.34,96.92,Deshaun Watson,QB,QB,True,False,False,,28.24,,Deshaun Watson,QB,,399.p.30125,30125,Cle,yahoo_fantasy_api
2020,9,,2,api,Joe Mantegna,Post Mahomes,2020-W09-04,4,118.34,96.92,JuJu Smith-Schuster,WR,WR,True,False,False,,18.3,,JuJu Smith-Schuster,WR,,399.p.30175,30175,NYG,yahoo_fantasy_api
2020,9,,3,api,Joe Mantegna,Post Mahomes,2020-W09-04,4,118.34,96.92,Curtis Samuel,WR,WR,True,False,False,,22.3,,Curtis Samuel,WR,,399.p.30153,30153,Buf,yahoo_fantasy_api
2020,9,,4,api,Joe Mantegna,Post Mahomes,2020-W09-04,4,118.34,96.92,Clyde Edwards-Helaire,RB,RB,True,False,False,,10.9,,Clyde Edwards-Helaire,RB,,399.p.32702,32702,KC,yahoo_fantasy_api
2020,9,,5,api,Joe Mantegna,Post Mahomes,2020-W09-04,4,118.34,96.92,Todd Gurley,RB,RB,True,False,False,,12.5,,Todd Gurley,RB,,399.p.28398,28398,Atl,yahoo_fantasy_api
2020,9,,6,api,Joe Mantegna,Post Mahomes,2020-W09-04,4,118.34,96.92,Logan Thomas,TE,TE,True,False,False,,4.3,,Logan Thomas,TE,,399.p.27648,27648,SF,yahoo_fantasy_api
2020,9,,7,api,Joe Mantegna,Post Mahomes,2020-W09-04,4,118.34,96.92,Zack Moss,RB,W/R/T,True,False,False,,11.8,,Zack Moss,RB,,399.p.32756,32756,Cin,yahoo_fantasy_api
2020,9,,8,api,Joe Mantegna,Post Mahomes,2020-W09-04,4,118.34,96.92,Trey Burton,TE,BN,False,True,False,,1.1,,Trey Burton,TE,,399.p.27789,27789,Ind,yahoo_fantasy_api
2020,9,,9,api,Joe Mantegna,Post Mahomes,2020-W09-04,4,118.34,96.92,Jarvis Landry,WR,BN,False,True,False,,0.0,,Jarvis Landry,WR,,399.p.27591,27591,NO,yahoo_fantasy_api
2020,9,,10,api,Joe Mantegna,Post Mahomes,2020-W09-04,4,118.34,96.92,Miles Sanders,RB,BN,False,True,False,,0.0,,Miles Sanders,RB,,399.p.31885,31885,Dal,yahoo_fantasy_api
2020,9,,11,api,Joe Mantegna,Post Mahomes,2020-W09-04,4,118.34,96.92,DJ Chark,WR,BN,False,True,False,,24.1,,DJ Chark,WR,,399.p.31031,31031,Atl,yahoo_fantasy_api
2020,9,,12,api,Joe Mantegna,Post Mahomes,2020-W09-04,4,118.34,96.92,Mark Ingram II,RB,BN,False,True,False,,0.0,,Mark Ingram II,RB,,399.p.24815,24815,NO,yahoo_fantasy_api
2020,9,,13,api,Joe Mantegna,Post Mahomes,2020-W09-04,4,118.34,96.92,Patrick Laird,RB,BN,False,True,False,,2.1,,Patrick Laird,RB,,399.p.32439,32439,TB,yahoo_fantasy_api
2020,9,,14,api,Joe Mantegna,Post Mahomes,2020-W09-04,4,118.34,96.92,George Kittle,TE,IR,False,False,True,,0.0,,George Kittle,TE,,399.p.30259,30259,SF,yahoo_fantasy_api
2020,9,,15,api,Joe Mantegna,Post Mahomes,2020-W09-04,4,118.34,96.92,Zane Gonzalez,K,K,True,False,False,,7.0,,Zane Gonzalez,K,,399.p.30337,30337,Mia,yahoo_fantasy_api
2020,9,,16,api,Joe Mantegna,Post Mahomes,2020-W09-04,4,118.34,96.92,Patriots,DEF,DEF,True,False,False,,3.0,,Patriots,DEF,,399.p.100017,100017,NE,yahoo_fantasy_api
2020,9,,1,api,Malle ❤️ 🐸,Big Sack Jack,2020-W09-02,2,81.76,113.68,Tom Brady,QB,QB,True,False,False,,5.36,,Tom Brady,QB,,399.p.5228,5228,TB,yahoo_fantasy_api
2020,9,,2,api,Malle ❤️ 🐸,Big Sack Jack,2020-W09-02,2,81.76,113.68,Adam Thielen,WR,WR,True,False,False,,4.8,,Adam Thielen,WR,,399.p.27277,27277,Pit,yahoo_fantasy_api
2020,9,,3,api,Malle ❤️ 🐸,Big Sack Jack,2020-W09-02,2,81.76,113.68,Preston Williams,WR,WR,True,False,False,,14.0,,Preston Williams,WR,,399.p.32447,32447,Car,yahoo_fantasy_api
2020,9,,4,api,Malle ❤️ 🐸,Big Sack Jack,2020-W09-02,2,81.76,113.68,Latavius Murray,RB,RB,True,False,False,,5.2,,Latavius Murray,RB,,399.p.26804,26804,Buf,yahoo_fantasy_api
2020,9,,5,api,Malle ❤️ 🐸,Big Sack Jack,2020-W09-02,2,81.76,113.68,Damien Harris,RB,RB,True,False,False,,7.1,,Damien Harris,RB,,399.p.31919,31919,Buf,yahoo_fantasy_api
2020,9,,6,api,Malle ❤️ 🐸,Big Sack Jack,2020-W09-02,2,81.76,113.68,Travis Kelce,TE,TE,True,False,False,,20.9,,Travis Kelce,TE,,399.p.26686,26686,KC,yahoo_fantasy_api
2020,9,,7,api,Malle ❤️ 🐸,Big Sack Jack,2020-W09-02,2,81.76,113.68,Alvin Kamara,RB,W/R/T,True,False,False,,13.4,,Alvin Kamara,RB,,399.p.30180,30180,NO,yahoo_fantasy_api
2020,9,,8,api,Malle ❤️ 🐸,Big Sack Jack,2020-W09-02,2,81.76,113.68,Calvin Ridley,WR,BN,False,True,False,,0.0,,Calvin Ridley,WR,,399.p.30996,30996,Ten,yahoo_fantasy_api
2020,9,,9,api,Malle ❤️ 🐸,Big Sack Jack,2020-W09-02,2,81.76,113.68,Kareem Hunt,RB,BN,False,True,False,,0.0,,Kareem Hunt,RB,,399.p.30199,30199,KC,yahoo_fantasy_api
2020,9,,10,api,Malle ❤️ 🐸,Big Sack Jack,2020-W09-02,2,81.76,113.68,DeSean Jackson,WR,BN,False,True,False,,0.0,,DeSean Jackson,WR,,399.p.8826,8826,Bal,yahoo_fantasy_api
2020,9,,11,api,Malle ❤️ 🐸,Big Sack Jack,2020-W09-02,2,81.76,113.68,Jordan Howard,RB,BN,False,True,False,,7.9,,Jordan Howard,RB,,399.p.29384,29384,NO,yahoo_fantasy_api
2020,9,,12,api,Malle ❤️ 🐸,Big Sack Jack,2020-W09-02,2,81.76,113.68,Ben Roethlisberger,QB,BN,False,True,False,,31.04,,Ben Roethlisberger,QB,,399.p.6770,6770,Pit,yahoo_fantasy_api
2020,9,,13,api,Malle ❤️ 🐸,Big Sack Jack,2020-W09-02,2,81.76,113.68,Justin Tucker,K,K,True,False,False,,7.0,,Justin Tucker,K,,399.p.26534,26534,Bal,yahoo_fantasy_api
2020,9,,14,api,Malle ❤️ 🐸,Big Sack Jack,2020-W09-02,2,81.76,113.68,Michael Badgley,K,BN,False,True,False,,9.0,,Michael Badgley,K,,399.p.31366,31366,Ind,yahoo_fantasy_api
2020,9,,15,api,Malle ❤️ 🐸,Big Sack Jack,2020-W09-02,2,81.76,113.68,Bears,DEF,DEF,True,False,False,,4.0,,Bears,DEF,,399.p.100003,100003,Chi,yahoo_fantasy_api
2020,9,,1,api,Patty Primetimes,Uncle Rico,2020-W09-06,6,51.94,73.4,Matthew Stafford,QB,QB,True,False,False,,12.44,,Matthew Stafford,QB,,399.p.9265,9265,LAR,yahoo_fantasy_api
2020,9,,2,api,Patty Primetimes,Uncle Rico,2020-W09-06,6,51.94,73.4,Tyler Lockett,WR,WR,True,False,False,,6.0,,Tyler Lockett,WR,,399.p.28457,28457,LV,yahoo_fantasy_api
2020,9,,3,api,Patty Primetimes,Uncle Rico,2020-W09-06,6,51.94,73.4,DJ Moore,WR,WR,True,False,False,,2.8,,DJ Moore,WR,,399.p.30994,30994,Buf,yahoo_fantasy_api
2020,9,,4,api,Patty Primetimes,Uncle Rico,2020-W09-06,6,51.94,73.4,D'Andre Swift,RB,RB,True,False,False,,11.2,,D'Andre Swift,RB,,399.p.32705,32705,Chi,yahoo_fantasy_api
2020,9,,5,api,Patty Primetimes,Uncle Rico,2020-W09-06,6,51.94,73.4,Phillip Lindsay,RB,RB,True,False,False,,2.3,,Phillip Lindsay,RB,,399.p.31379,31379,Ind,yahoo_fantasy_api
2020,9,,6,api,Patty Primetimes,Uncle Rico,2020-W09-06,6,51.94,73.4,Rob Gronkowski,TE,TE,True,False,False,,0.7,,Rob Gronkowski,TE,,399.p.24017,24017,TB,yahoo_fantasy_api
2020,9,,7,api,Patty Primetimes,Uncle Rico,2020-W09-06,6,51.94,73.4,J.K. Dobbins,RB,W/R/T,True,False,False,,4.5,,J.K. Dobbins,RB,,399.p.32725,32725,Den,yahoo_fantasy_api
2020,9,,8,api,Patty Primetimes,Uncle Rico,2020-W09-06,6,51.94,73.4,Josh Allen,QB,BN,False,True,False,,42.0,,Josh Allen,QB,,399.p.30977,30977,Buf,yahoo_fantasy_api
2020,9,,9,api,Patty Primetimes,Uncle Rico,2020-W09-06,6,51.94,73.4,Jamaal Williams,RB,BN,False,True,False,,0.0,,Jamaal Williams,RB,,399.p.30247,30247,NO,yahoo_fantasy_api
2020,9,,10,api,Patty Primetimes,Uncle Rico,2020-W09-06,6,51.94,73.4,Travis Fulgham,WR,BN,False,True,False,,0.0,,Travis Fulgham,WR,,399.p.32016,32016,GB,yahoo_fantasy_api
2020,9,,11,api,Patty Primetimes,Uncle Rico,2020-W09-06,6,51.94,73.4,Adrian Peterson,RB,BN,False,True,False,,5.8,,Adrian Peterson,RB,,399.p.8261,8261,Sea,yahoo_fantasy_api
2020,9,,12,api,Patty Primetimes,Uncle Rico,2020-W09-06,6,51.94,73.4,Noah Fant,TE,BN,False,True,False,,6.0,,Noah Fant,TE,,399.p.31852,31852,NO,yahoo_fantasy_api
2020,9,,13,api,Patty Primetimes,Uncle Rico,2020-W09-06,6,51.94,73.4,Nyheim Miller-Hines,RB,BN,False,True,False,,4.8,,Nyheim Miller-Hines,RB,,399.p.31074,31074,LAC,yahoo_fantasy_api
2020,9,,14,api,Patty Primetimes,Uncle Rico,2020-W09-06,6,51.94,73.4,Daniel Carlson,K,K,True,False,False,,7.0,,Daniel Carlson,K,,399.p.31137,31137,NO,yahoo_fantasy_api
2020,9,,15,api,Patty Primetimes,Uncle Rico,2020-W09-06,6,51.94,73.4,Commanders,DEF,DEF,True,False,False,,5.0,,Commanders,DEF,,399.p.100028,100028,Was,yahoo_fantasy_api
2020,9,,1,api,Pop Lockett Drop it,ThreatLevelMidnight,2020-W09-05,5,155.3,125.96,Aaron Rodgers,QB,QB,True,False,False,,36.9,,Aaron Rodgers,QB,,399.p.7200,7200,Pit,yahoo_fantasy_api
2020,9,,2,api,Pop Lockett Drop it,ThreatLevelMidnight,2020-W09-05,5,155.3,125.96,Stefon Diggs,WR,WR,True,False,False,,16.3,,Stefon Diggs,WR,,399.p.28534,28534,Was,yahoo_fantasy_api
2020,9,,3,api,Pop Lockett Drop it,ThreatLevelMidnight,2020-W09-05,5,155.3,125.96,Julio Jones,WR,WR,True,False,False,,13.9,,Julio Jones,WR,,399.p.24793,24793,Phi,yahoo_fantasy_api
2020,9,,4,api,Pop Lockett Drop it,ThreatLevelMidnight,2020-W09-05,5,155.3,125.96,Josh Jacobs,RB,RB,True,False,False,,13.3,,Josh Jacobs,RB,,399.p.31856,31856,GB,yahoo_fantasy_api
2020,9,,5,api,Pop Lockett Drop it,ThreatLevelMidnight,2020-W09-05,5,155.3,125.96,James Robinson,RB,RB,True,False,False,,15.9,,James Robinson,RB,,399.p.33138,33138,NO,yahoo_fantasy_api
2020,9,,6,api,Pop Lockett Drop it,ThreatLevelMidnight,2020-W09-05,5,155.3,125.96,Jimmy Graham,TE,TE,True,False,False,,14.5,,Jimmy Graham,TE,,399.p.24070,24070,NO,yahoo_fantasy_api
2020,9,,7,api,Pop Lockett Drop it,ThreatLevelMidnight,2020-W09-05,5,155.3,125.96,Will Fuller V,WR,W/R/T,True,False,False,,18.5,,Will Fuller V,WR,,399.p.29255,29255,Mia,yahoo_fantasy_api
2020,9,,8,api,Pop Lockett Drop it,ThreatLevelMidnight,2020-W09-05,5,155.3,125.96,Tee Higgins,WR,BN,False,True,False,,0.0,,Tee Higgins,WR,,399.p.32703,32703,Cin,yahoo_fantasy_api
2020,9,,9,api,Pop Lockett Drop it,ThreatLevelMidnight,2020-W09-05,5,155.3,125.96,Darrell Henderson Jr.,RB,BN,False,True,False,,0.0,,Darrell Henderson Jr.,RB,,399.p.31902,31902,LAR,yahoo_fantasy_api
2020,9,,10,api,Pop Lockett Drop it,ThreatLevelMidnight,2020-W09-05,5,155.3,125.96,Austin Hooper,TE,BN,False,True,False,,0.0,,Austin Hooper,TE,,399.p.29315,29315,Atl,yahoo_fantasy_api
2020,9,,11,api,Pop Lockett Drop it,ThreatLevelMidnight,2020-W09-05,5,155.3,125.96,David Johnson,RB,BN,False,True,False,,1.6,,David Johnson,RB,,399.p.28474,28474,NO,yahoo_fantasy_api
2020,9,,12,api,Pop Lockett Drop it,ThreatLevelMidnight,2020-W09-05,5,155.3,125.96,Emmanuel Sanders,WR,BN,False,True,False,,11.8,,Emmanuel Sanders,WR,,399.p.24057,24057,Buf,yahoo_fantasy_api
2020,9,,13,api,Pop Lockett Drop it,ThreatLevelMidnight,2020-W09-05,5,155.3,125.96,Henry Ruggs III,WR,BN,False,True,False,,1.0,,Henry Ruggs III,WR,,399.p.32682,32682,LV,yahoo_fantasy_api
2020,9,,14,api,Pop Lockett Drop it,ThreatLevelMidnight,2020-W09-05,5,155.3,125.96,Younghoe Koo,K,K,True,False,False,,12.0,,Younghoe Koo,K,,399.p.30426,30426,NYG,yahoo_fantasy_api
2020,9,,15,api,Pop Lockett Drop it,ThreatLevelMidnight,2020-W09-05,5,155.3,125.96,Titans,DEF,DEF,True,False,False,,14.0,,Titans,DEF,,399.p.100010,100010,Ten,yahoo_fantasy_api
2020,9,,1,api,Post Mahomes,Joe Mantegna,2020-W09-04,4,96.92,118.34,Kyler Murray,QB,QB,True,False,False,,43.92,,Kyler Murray,QB,,399.p.31833,31833,Min,yahoo_fantasy_api
2020,9,,2,api,Post Mahomes,Joe Mantegna,2020-W09-04,4,96.92,118.34,Marvin Jones Jr.,WR,WR,True,False,False,,11.8,,Marvin Jones Jr.,WR,,399.p.25876,25876,Det,yahoo_fantasy_api
2020,9,,3,api,Post Mahomes,Joe Mantegna,2020-W09-04,4,96.92,118.34,Mike Williams,WR,WR,True,False,False,,10.6,,Mike Williams,WR,,399.p.30120,30120,Pit,yahoo_fantasy_api
2020,9,,4,api,Post Mahomes,Joe Mantegna,2020-W09-04,4,96.92,118.34,David Montgomery,RB,RB,True,False,False,,3.7,,David Montgomery,RB,,399.p.31905,31905,Hou,yahoo_fantasy_api
2020,9,,5,api,Post Mahomes,Joe Mantegna,2020-W09-04,4,96.92,118.34,Joshua Kelley,RB,RB,True,False,False,,8.4,,Joshua Kelley,RB,,399.p.32782,32782,Ten,yahoo_fantasy_api
2020,9,,6,api,Post Mahomes,Joe Mantegna,2020-W09-04,4,96.92,118.34,Mark Andrews,TE,TE,True,False,False,,3.7,,Mark Andrews,TE,,399.p.31056,31056,Bal,yahoo_fantasy_api
2020,9,,7,api,Post Mahomes,Joe Mantegna,2020-W09-04,4,96.92,118.34,La'Mical Perine,RB,W/R/T,True,False,False,,4.8,,La'Mical Perine,RB,,399.p.32790,32790,Pit,yahoo_fantasy_api
2020,9,,8,api,Post Mahomes,Joe Mantegna,2020-W09-04,4,96.92,118.34,Chris Carson,RB,BN,False,True,False,,0.0,,Chris Carson,RB,,399.p.30362,30362,Sea,yahoo_fantasy_api
2020,9,,9,api,Post Mahomes,Joe Mantegna,2020-W09-04,4,96.92,118.34,Devonta Freeman,RB,BN,False,True,False,,0.0,,Devonta Freeman,RB,,399.p.27631,27631,Bal,yahoo_fantasy_api
2020,9,,10,api,Post Mahomes,Joe Mantegna,2020-W09-04,4,96.92,118.34,Robert Woods,WR,BN,False,True,False,,0.0,,Robert Woods,WR,,399.p.26664,26664,Pit,yahoo_fantasy_api
2020,9,,11,api,Post Mahomes,Joe Mantegna,2020-W09-04,4,96.92,118.34,Kenny Golladay,WR,BN,False,True,False,,0.0,,Kenny Golladay,WR,,399.p.30209,30209,NYG,yahoo_fantasy_api
2020,9,,12,api,Post Mahomes,Joe Mantegna,2020-W09-04,4,96.92,118.34,A.J. Green,WR,BN,False,True,False,,0.0,,A.J. Green,WR,,399.p.24791,24791,Ari,yahoo_fantasy_api
2020,9,,13,api,Post Mahomes,Joe Mantegna,2020-W09-04,4,96.92,118.34,Hayden Hurst,TE,BN,False,True,False,,9.7,,Hayden Hurst,TE,,399.p.30995,30995,LAC,yahoo_fantasy_api
2020,9,,14,api,Post Mahomes,Joe Mantegna,2020-W09-04,4,96.92,118.34,Nick Chubb,RB,IR,False,False,True,,0.0,,Nick Chubb,RB,,399.p.31005,31005,Hou,yahoo_fantasy_api
2020,9,,15,api,Post Mahomes,Joe Mantegna,2020-W09-04,4,96.92,118.34,Matt Prater,K,K,True,False,False,,9.0,,Matt Prater,K,,399.p.8565,8565,Buf,yahoo_fantasy_api
2020,9,,16,api,Post Mahomes,Joe Mantegna,2020-W09-04,4,96.92,118.34,Chiefs,DEF,DEF,True,False,False,,1.0,,Chiefs,DEF,,399.p.100012,100012,KC,yahoo_fantasy_api
2020,9,,1,api,The Big Gronkowski,malle_dips_pouches,2020-W09-01,1,116.08,71.7,Drew Brees,QB,QB,True,False,False,,30.68,,Drew Brees,QB,,399.p.5479,5479,NO,yahoo_fantasy_api
2020,9,,2,api,The Big Gronkowski,malle_dips_pouches,2020-W09-01,1,116.08,71.7,Allen Robinson,WR,WR,True,False,False,,11.6,,Allen Robinson,WR,,399.p.27589,27589,Det,yahoo_fantasy_api
2020,9,,3,api,The Big Gronkowski,malle_dips_pouches,2020-W09-01,1,116.08,71.7,Antonio Brown,WR,WR,True,False,False,,4.6,,Antonio Brown,WR,,399.p.24171,24171,TB,yahoo_fantasy_api
2020,9,,4,api,The Big Gronkowski,malle_dips_pouches,2020-W09-01,1,116.08,71.7,James Conner,RB,RB,True,False,False,,3.0,,James Conner,RB,,399.p.30218,30218,Ari,yahoo_fantasy_api
2020,9,,5,api,The Big Gronkowski,malle_dips_pouches,2020-W09-01,1,116.08,71.7,Ronald Jones,RB,RB,True,False,False,,3.3,,Ronald Jones,RB,,399.p.31008,31008,Dal,yahoo_fantasy_api
2020,9,,6,api,The Big Gronkowski,malle_dips_pouches,2020-W09-01,1,116.08,71.7,Darren Waller,TE,TE,True,False,False,,10.7,,Darren Waller,TE,,399.p.28592,28592,Car,yahoo_fantasy_api
2020,9,,7,api,The Big Gronkowski,malle_dips_pouches,2020-W09-01,1,116.08,71.7,Dalvin Cook,RB,W/R/T,True,False,False,,38.2,,Dalvin Cook,RB,,399.p.30154,30154,Dal,yahoo_fantasy_api
2020,9,,8,api,The Big Gronkowski,malle_dips_pouches,2020-W09-01,1,116.08,71.7,Cooper Kupp,WR,BN,False,True,False,,0.0,,Cooper Kupp,WR,,399.p.30182,30182,Sea,yahoo_fantasy_api
2020,9,,9,api,The Big Gronkowski,malle_dips_pouches,2020-W09-01,1,116.08,71.7,Jared Goff,QB,BN,False,True,False,,0.0,,Jared Goff,QB,,399.p.29235,29235,Det,yahoo_fantasy_api
2020,9,,10,api,The Big Gronkowski,malle_dips_pouches,2020-W09-01,1,116.08,71.7,Jonnu Smith,TE,BN,False,True,False,,10.2,,Jonnu Smith,TE,,399.p.30213,30213,GB,yahoo_fantasy_api
2020,9,,11,api,The Big Gronkowski,malle_dips_pouches,2020-W09-01,1,116.08,71.7,Darius Slayton,WR,BN,False,True,False,,1.3,,Darius Slayton,WR,,399.p.32003,32003,Ind,yahoo_fantasy_api
2020,9,,12,api,The Big Gronkowski,malle_dips_pouches,2020-W09-01,1,116.08,71.7,Sterling Shepard,WR,BN,False,True,False,,8.7,,Sterling Shepard,WR,,399.p.29274,29274,NYJ,yahoo_fantasy_api
2020,9,,13,api,The Big Gronkowski,malle_dips_pouches,2020-W09-01,1,116.08,71.7,Wil Lutz,K,K,True,False,False,,8.0,,Wil Lutz,K,,399.p.29754,29754,Den,yahoo_fantasy_api
2020,9,,14,api,The Big Gronkowski,malle_dips_pouches,2020-W09-01,1,116.08,71.7,Packers,DEF,DEF,True,False,False,,6.0,,Packers,DEF,,399.p.100009,100009,GB,yahoo_fantasy_api
2020,9,,15,api,The Big Gronkowski,malle_dips_pouches,2020-W09-01,1,116.08,71.7,49ers,DEF,BN,False,True,False,,0.0,,49ers,DEF,,399.p.100025,100025,SF,yahoo_fantasy_api
2020,9,,1,api,ThreatLevelMidnight,Pop Lockett Drop it,2020-W09-05,5,125.96,155.3,Matt Ryan,QB,QB,True,False,False,,29.36,,Matt Ryan,QB,,399.p.8780,8780,Ind,yahoo_fantasy_api
2020,9,,2,api,ThreatLevelMidnight,Pop Lockett Drop it,2020-W09-05,5,125.96,155.3,Davante Adams,WR,WR,True,False,False,,28.3,,Davante Adams,WR,,399.p.27581,27581,LAR,yahoo_fantasy_api
2020,9,,3,api,ThreatLevelMidnight,Pop Lockett Drop it,2020-W09-05,5,125.96,155.3,A.J. Brown,WR,WR,True,False,False,,18.1,,A.J. Brown,WR,,399.p.31883,31883,NE,yahoo_fantasy_api
2020,9,,4,api,ThreatLevelMidnight,Pop Lockett Drop it,2020-W09-05,5,125.96,155.3,Jerick McKinnon,RB,RB,True,False,False,,14.3,,Jerick McKinnon,RB,,399.p.27624,27624,KC,yahoo_fantasy_api
2020,9,,5,api,ThreatLevelMidnight,Pop Lockett Drop it,2020-W09-05,5,125.96,155.3,Wayne Gallman,RB,RB,True,False,False,,14.2,,Wayne Gallman,RB,,399.p.30253,30253,Sea,yahoo_fantasy_api
2020,9,,6,api,ThreatLevelMidnight,Pop Lockett Drop it,2020-W09-05,5,125.96,155.3,Jordan Reed,TE,TE,True,False,False,,0.8,,Jordan Reed,TE,,399.p.26708,26708,SF,yahoo_fantasy_api
2020,9,,7,api,ThreatLevelMidnight,Pop Lockett Drop it,2020-W09-05,5,125.96,155.3,Tim Patrick,WR,W/R/T,True,False,False,,10.9,,Tim Patrick,WR,,399.p.30511,30511,NYJ,yahoo_fantasy_api
2020,9,,8,api,ThreatLevelMidnight,Pop Lockett Drop it,2020-W09-05,5,125.96,155.3,Mike Davis,RB,BN,False,True,False,,6.2,,Mike Davis,RB,,399.p.28514,28514,Bal,yahoo_fantasy_api
2020,9,,9,api,ThreatLevelMidnight,Pop Lockett Drop it,2020-W09-05,5,125.96,155.3,Tyler Boyd,WR,BN,False,True,False,,0.0,,Tyler Boyd,WR,,399.p.29288,29288,Ten,yahoo_fantasy_api
2020,9,,10,api,ThreatLevelMidnight,Pop Lockett Drop it,2020-W09-05,5,125.96,155.3,Giovani Bernard,RB,BN,False,True,False,,0.0,,Giovani Bernard,RB,,399.p.26660,26660,TB,yahoo_fantasy_api
2020,9,,11,api,ThreatLevelMidnight,Pop Lockett Drop it,2020-W09-05,5,125.96,155.3,Joe Mixon,RB,BN,False,True,False,,0.0,,Joe Mixon,RB,,399.p.30161,30161,Hou,yahoo_fantasy_api
2020,9,,12,api,ThreatLevelMidnight,Pop Lockett Drop it,2020-W09-05,5,125.96,155.3,Sony Michel,RB,BN,False,True,False,,0.0,,Sony Michel,RB,,399.p.31001,31001,LAC,yahoo_fantasy_api
2020,9,,13,api,ThreatLevelMidnight,Pop Lockett Drop it,2020-W09-05,5,125.96,155.3,Raheem Mostert,RB,IR,False,False,True,,0.0,,Raheem Mostert,RB,,399.p.28654,28654,LV,yahoo_fantasy_api
2020,9,,14,api,ThreatLevelMidnight,Pop Lockett Drop it,2020-W09-05,5,125.96,155.3,Joey Slye,K,K,True,False,False,,8.0,,Joey Slye,K,,399.p.32384,32384,Ten,yahoo_fantasy_api
2020,9,,15,api,ThreatLevelMidnight,Pop Lockett Drop it,2020-W09-05,5,125.96,155.3,Cardinals,DEF,DEF,True,False,False,,2.0,,Cardinals,DEF,,399.p.100022,100022,Ari,yahoo_fantasy_api
2020,9,,1,api,Uncle Rico,Patty Primetimes,2020-W09-06,6,73.4,51.94,Lamar Jackson,QB,QB,True,False,False,,18.6,,Lamar Jackson,QB,,399.p.31002,31002,Bal,yahoo_fantasy_api
2020,9,,2,api,Uncle Rico,Patty Primetimes,2020-W09-06,6,73.4,51.94,Diontae Johnson,WR,WR,True,False,False,,11.1,,Diontae Johnson,WR,,399.p.31898,31898,Cle,yahoo_fantasy_api
2020,9,,3,api,Uncle Rico,Patty Primetimes,2020-W09-06,6,73.4,51.94,Michael Thomas,WR,WR,True,False,False,,7.6,,Michael Thomas,WR,,399.p.29281,29281,NO,yahoo_fantasy_api
2020,9,,4,api,Uncle Rico,Patty Primetimes,2020-W09-06,6,73.4,51.94,Derrick Henry,RB,RB,True,False,False,,6.8,,Derrick Henry,RB,,399.p.29279,29279,Bal,yahoo_fantasy_api
2020,9,,5,api,Uncle Rico,Patty Primetimes,2020-W09-06,6,73.4,51.94,Antonio Gibson,RB,RB,True,False,False,,11.0,,Antonio Gibson,RB,,399.p.32736,32736,NE,yahoo_fantasy_api
2020,9,,6,api,Uncle Rico,Patty Primetimes,2020-W09-06,6,73.4,51.94,Robert Tonyan,TE,TE,True,False,False,,1.0,,Robert Tonyan,TE,,399.p.30777,30777,Pit,yahoo_fantasy_api
2020,9,,7,api,Uncle Rico,Patty Primetimes,2020-W09-06,6,73.4,51.94,JaMycal Hasty,RB,W/R/T,True,False,False,,2.3,,JaMycal Hasty,RB,,399.p.33199,33199,NE,yahoo_fantasy_api
2020,9,,8,api,Uncle Rico,Patty Primetimes,2020-W09-06,6,73.4,51.94,Nelson Agholor,WR,BN,False,True,False,,12.5,,Nelson Agholor,WR,,399.p.28408,28408,Bal,yahoo_fantasy_api
2020,9,,9,api,Uncle Rico,Patty Primetimes,2020-W09-06,6,73.4,51.94,Boston Scott,RB,BN,False,True,False,,0.0,,Boston Scott,RB,,399.p.31171,31171,Pit,yahoo_fantasy_api
2020,9,,10,api,Uncle Rico,Patty Primetimes,2020-W09-06,6,73.4,51.94,Jamison Crowder,WR,BN,False,True,False,,9.6,,Jamison Crowder,WR,,399.p.28493,28493,Was,yahoo_fantasy_api
2020,9,,11,api,Uncle Rico,Patty Primetimes,2020-W09-06,6,73.4,51.94,Chris Godwin Jr.,WR,BN,False,True,False,,5.6,,Chris Godwin Jr.,WR,,399.p.30197,30197,TB,yahoo_fantasy_api
2020,9,,12,api,Uncle Rico,Patty Primetimes,2020-W09-06,6,73.4,51.94,Christian Kirk,WR,BN,False,True,False,,20.8,,Christian Kirk,WR,,399.p.31017,31017,SF,yahoo_fantasy_api
2020,9,,13,api,Uncle Rico,Patty Primetimes,2020-W09-06,6,73.4,51.94,Baker Mayfield,QB,BN,False,True,False,,0.0,,Baker Mayfield,QB,,399.p.30971,30971,TB,yahoo_fantasy_api
2020,9,,14,api,Uncle Rico,Patty Primetimes,2020-W09-06,6,73.4,51.94,Austin Ekeler,RB,IR,False,False,True,,0.0,,Austin Ekeler,RB,,399.p.30423,30423,Was,yahoo_fantasy_api
2020,9,,15,api,Uncle Rico,Patty Primetimes,2020-W09-06,6,73.4,51.94,Jason Sanders,K,K,True,False,False,,14.0,,Jason Sanders,K,,399.p.31199,31199,NYJ,yahoo_fantasy_api
2020,9,,16,api,Uncle Rico,Patty Primetimes,2020-W09-06,6,73.4,51.94,Buccaneers,DEF,DEF,True,False,False,,1.0,,Buccaneers,DEF,,399.p.100027,100027,TB,yahoo_fantasy_api
2020,9,,1,api,Voldemort,Ginger FC 🏆🏆,2020-W09-03,3,136.74,119.2,Justin Herbert,QB,QB,True,False,False,,27.44,,Justin Herbert,QB,,399.p.32676,32676,LAC,yahoo_fantasy_api
2020,9,,2,api,Voldemort,Ginger FC 🏆🏆,2020-W09-03,3,136.74,119.2,Tyreek Hill,WR,WR,True,False,False,,28.6,,Tyreek Hill,WR,,399.p.29399,29399,Mia,yahoo_fantasy_api
2020,9,,3,api,Voldemort,Ginger FC 🏆🏆,2020-W09-03,3,136.74,119.2,Terry McLaurin,WR,WR,True,False,False,,21.0,,Terry McLaurin,WR,,399.p.31908,31908,Was,yahoo_fantasy_api
2020,9,,4,api,Voldemort,Ginger FC 🏆🏆,2020-W09-03,3,136.74,119.2,Leonard Fournette,RB,RB,True,False,False,,7.1,,Leonard Fournette,RB,,399.p.30117,30117,Buf,yahoo_fantasy_api
2020,9,,5,api,Voldemort,Ginger FC 🏆🏆,2020-W09-03,3,136.74,119.2,DeeJay Dallas,RB,RB,True,False,False,,10.9,,DeeJay Dallas,RB,,399.p.32814,32814,Min,yahoo_fantasy_api
2020,9,,6,api,Voldemort,Ginger FC 🏆🏆,2020-W09-03,3,136.74,119.2,T.J. Hockenson,TE,TE,True,False,False,,12.4,,T.J. Hockenson,TE,,399.p.31840,31840,Min,yahoo_fantasy_api
2020,9,,7,api,Voldemort,Ginger FC 🏆🏆,2020-W09-03,3,136.74,119.2,Chase Claypool,WR,W/R/T,True,False,False,,11.3,,Chase Claypool,WR,,399.p.32719,32719,Buf,yahoo_fantasy_api
2020,9,,8,api,Voldemort,Ginger FC 🏆🏆,2020-W09-03,3,136.74,119.2,Tony Pollard,RB,BN,False,True,False,,6.3,,Tony Pollard,RB,,399.p.31960,31960,Ten,yahoo_fantasy_api
2020,9,,9,api,Voldemort,Ginger FC 🏆🏆,2020-W09-03,3,136.74,119.2,Jonathan Taylor,RB,BN,False,True,False,,8.4,,Jonathan Taylor,RB,,399.p.32711,32711,Ind,yahoo_fantasy_api
2020,9,,10,api,Voldemort,Ginger FC 🏆🏆,2020-W09-03,3,136.74,119.2,Justin Jefferson,WR,BN,False,True,False,,7.9,,Justin Jefferson,WR,,399.p.32692,32692,Min,yahoo_fantasy_api
2020,9,,11,api,Voldemort,Ginger FC 🏆🏆,2020-W09-03,3,136.74,119.2,Ryan Tannehill,QB,BN,False,True,False,,18.62,,Ryan Tannehill,QB,,399.p.25718,25718,Ten,yahoo_fantasy_api
2020,9,,12,api,Voldemort,Ginger FC 🏆🏆,2020-W09-03,3,136.74,119.2,John Brown,WR,BN,False,True,False,,13.9,,John Brown,WR,,399.p.27619,27619,Buf,yahoo_fantasy_api
2020,9,,13,api,Voldemort,Ginger FC 🏆🏆,2020-W09-03,3,136.74,119.2,Gus Edwards,RB,BN,False,True,False,,8.4,,Gus Edwards,RB,,399.p.31424,31424,LAC,yahoo_fantasy_api
2020,9,,14,api,Voldemort,Ginger FC 🏆🏆,2020-W09-03,3,136.74,119.2,Kenyan Drake,RB,IR,False,False,True,,0.0,,Kenyan Drake,RB,,399.p.29307,29307,Bal,yahoo_fantasy_api
2020,9,,15,api,Voldemort,Ginger FC 🏆🏆,2020-W09-03,3,136.74,119.2,Rodrigo Blankenship,K,K,True,False,False,,5.0,,Rodrigo Blankenship,K,,399.p.33211,33211,Ind,yahoo_fantasy_api
2020,9,,16,api,Voldemort,Ginger FC 🏆🏆,2020-W09-03,3,136.74,119.2,Giants,DEF,DEF,True,False,False,,13.0,,Giants,DEF,,399.p.100019,100019,NYG,yahoo_fantasy_api
2020,9,,1,api,malle_dips_pouches,The Big Gronkowski,2020-W09-01,1,71.7,116.08,Kirk Cousins,QB,QB,True,False,False,,26.8,,Kirk Cousins,QB,,399.p.25812,25812,LV,yahoo_fantasy_api
2020,9,,2,api,malle_dips_pouches,The Big Gronkowski,2020-W09-01,1,71.7,116.08,Robbie Chosen,WR,WR,True,False,False,,10.8,,Robbie Chosen,WR,,399.p.29785,29785,Was,yahoo_fantasy_api
2020,9,,3,api,malle_dips_pouches,The Big Gronkowski,2020-W09-01,1,71.7,116.08,DeAndre Hopkins,WR,WR,True,False,False,,4.5,,DeAndre Hopkins,WR,,399.p.26650,26650,Bal,yahoo_fantasy_api
2020,9,,4,api,malle_dips_pouches,The Big Gronkowski,2020-W09-01,1,71.7,116.08,Devin Singletary,RB,RB,True,False,False,,4.9,,Devin Singletary,RB,,399.p.31906,31906,NYG,yahoo_fantasy_api
2020,9,,5,api,malle_dips_pouches,The Big Gronkowski,2020-W09-01,1,71.7,116.08,Aaron Jones Sr.,RB,RB,True,False,False,,10.4,,Aaron Jones Sr.,RB,,399.p.30295,30295,Min,yahoo_fantasy_api
2020,9,,6,api,malle_dips_pouches,The Big Gronkowski,2020-W09-01,1,71.7,116.08,Hunter Henry,TE,TE,True,False,False,,5.3,,Hunter Henry,TE,,399.p.29269,29269,NE,yahoo_fantasy_api
2020,9,,7,api,malle_dips_pouches,The Big Gronkowski,2020-W09-01,1,71.7,116.08,Corey Davis,WR,W/R/T,True,False,False,,0.0,,Corey Davis,WR,,399.p.30118,30118,NYJ,yahoo_fantasy_api
2020,9,,8,api,malle_dips_pouches,The Big Gronkowski,2020-W09-01,1,71.7,116.08,Le'Veon Bell,RB,BN,False,True,False,,0.8,,Le'Veon Bell,RB,,399.p.26671,26671,TB,yahoo_fantasy_api
2020,9,,9,api,malle_dips_pouches,The Big Gronkowski,2020-W09-01,1,71.7,116.08,Myles Gaskin,RB,BN,False,True,False,,0.0,,Myles Gaskin,RB,,399.p.32066,32066,Sea,yahoo_fantasy_api
2020,9,,10,api,malle_dips_pouches,The Big Gronkowski,2020-W09-01,1,71.7,116.08,Joe Burrow,QB,BN,False,True,False,,0.0,,Joe Burrow,QB,,399.p.32671,32671,Cin,yahoo_fantasy_api
2020,9,,11,api,malle_dips_pouches,The Big Gronkowski,2020-W09-01,1,71.7,116.08,Amari Cooper,WR,BN,False,True,False,,10.0,,Amari Cooper,WR,,399.p.28392,28392,Buf,yahoo_fantasy_api
2020,9,,12,api,malle_dips_pouches,The Big Gronkowski,2020-W09-01,1,71.7,116.08,Jerry Jeudy,WR,BN,False,True,False,,22.0,,Jerry Jeudy,WR,,399.p.32685,32685,Cle,yahoo_fantasy_api
2020,9,,13,api,malle_dips_pouches,The Big Gronkowski,2020-W09-01,1,71.7,116.08,Eric Ebron,TE,BN,False,True,False,,9.7,,Eric Ebron,TE,,399.p.27538,27538,Pit,yahoo_fantasy_api
2020,9,,14,api,malle_dips_pouches,The Big Gronkowski,2020-W09-01,1,71.7,116.08,Deebo Samuel Sr.,WR,IR,False,False,True,,0.0,,Deebo Samuel Sr.,WR,,399.p.31868,31868,SF,yahoo_fantasy_api
2020,9,,15,api,malle_dips_pouches,The Big Gronkowski,2020-W09-01,1,71.7,116.08,Robbie Gould,K,K,True,False,False,,5.0,,Robbie Gould,K,,399.p.7520,7520,SF,yahoo_fantasy_api
2020,9,,16,api,malle_dips_pouches,The Big Gronkowski,2020-W09-01,1,71.7,116.08,Texans,DEF,DEF,True,False,False,,4.0,,Texans,DEF,,399.p.100034,100034,Hou,yahoo_fantasy_api
2020,10,,1,api,Big Sack Jack,Voldemort,2020-W10-03,3,64.62,102.68,Philip Rivers,QB,QB,True,False,False,,18.32,,Philip Rivers,QB,,399.p.6763,6763,Ind,yahoo_fantasy_api
2020,10,,2,api,Big Sack Jack,Voldemort,2020-W10-03,3,64.62,102.68,Keenan Allen,WR,WR,True,False,False,,11.4,,Keenan Allen,WR,,399.p.26699,26699,Ind,yahoo_fantasy_api
2020,10,,3,api,Big Sack Jack,Voldemort,2020-W10-03,3,64.62,102.68,Hollywood Brown,WR,WR,True,False,False,,2.4,,Hollywood Brown,WR,,399.p.31857,31857,Phi,yahoo_fantasy_api
2020,10,,4,api,Big Sack Jack,Voldemort,2020-W10-03,3,64.62,102.68,Melvin Gordon III,RB,RB,True,False,False,,4.6,,Melvin Gordon III,RB,,399.p.28403,28403,Bal,yahoo_fantasy_api
2020,10,,5,api,Big Sack Jack,Voldemort,2020-W10-03,3,64.62,102.68,James White,RB,RB,True,False,False,,1.8,,James White,RB,,399.p.27658,27658,NE,yahoo_fantasy_api
2020,10,,6,api,Big Sack Jack,Voldemort,2020-W10-03,3,64.62,102.68,Dallas Goedert,TE,TE,True,False,False,,5.3,,Dallas Goedert,TE,,399.p.31019,31019,Phi,yahoo_fantasy_api
2020,10,,7,api,Big Sack Jack,Voldemort,2020-W10-03,3,64.62,102.68,Jordan Wilkins,RB,W/R/T,True,False,False,,2.8,,Jordan Wilkins,RB,,399.p.31139,31139,Cle,yahoo_fantasy_api
2020,10,,8,api,Big Sack Jack,Voldemort,2020-W10-03,3,64.62,102.68,Evan Engram,TE,BN,False,True,False,,2.5,,Evan Engram,TE,,399.p.30136,30136,Den,yahoo_fantasy_api
2020,10,,9,api,Big Sack Jack,Voldemort,2020-W10-03,3,64.62,102.68,Patrick Mahomes,QB,BN,False,True,False,,0.0,,Patrick Mahomes,QB,,399.p.30123,30123,KC,yahoo_fantasy_api
2020,10,,10,api,Big Sack Jack,Voldemort,2020-W10-03,3,64.62,102.68,Mecole Hardman Jr.,WR,BN,False,True,False,,0.0,,Mecole Hardman Jr.,WR,,399.p.31888,31888,Buf,yahoo_fantasy_api
2020,10,,11,api,Big Sack Jack,Voldemort,2020-W10-03,3,64.62,102.68,Ezekiel Elliott,RB,BN,False,True,False,,0.0,,Ezekiel Elliott,RB,,399.p.29238,29238,Dal,yahoo_fantasy_api
2020,10,,12,api,Big Sack Jack,Voldemort,2020-W10-03,3,64.62,102.68,CeeDee Lamb,WR,BN,False,True,False,,0.0,,CeeDee Lamb,WR,,399.p.32687,32687,Dal,yahoo_fantasy_api
2020,10,,13,api,Big Sack Jack,Voldemort,2020-W10-03,3,64.62,102.68,David Moore,WR,BN,False,True,False,,2.8,,David Moore,WR,,399.p.30339,30339,Car,yahoo_fantasy_api
2020,10,,14,api,Big Sack Jack,Voldemort,2020-W10-03,3,64.62,102.68,Ryan Succop,K,K,True,False,False,,17.0,,Ryan Succop,K,,399.p.9520,9520,TB,yahoo_fantasy_api
2020,10,,15,api,Big Sack Jack,Voldemort,2020-W10-03,3,64.62,102.68,Ravens,DEF,DEF,True,False,False,,1.0,,Ravens,DEF,,399.p.100033,100033,Bal,yahoo_fantasy_api
2020,10,,1,api,Ginger FC 🏆🏆,Joe Mantegna,2020-W10-04,4,76.12,90.62,Russell Wilson,QB,QB,True,False,False,,11.92,,Russell Wilson,QB,,399.p.25785,25785,NYG,yahoo_fantasy_api
2020,10,,2,api,Ginger FC 🏆🏆,Joe Mantegna,2020-W10-04,4,76.12,90.62,DK Metcalf,WR,WR,True,False,False,,3.8,,DK Metcalf,WR,,399.p.31896,31896,Pit,yahoo_fantasy_api
2020,10,,3,api,Ginger FC 🏆🏆,Joe Mantegna,2020-W10-04,4,76.12,90.62,Brandon Aiyuk,WR,WR,True,False,False,,16.2,,Brandon Aiyuk,WR,,399.p.32695,32695,SF,yahoo_fantasy_api
2020,10,,4,api,Ginger FC 🏆🏆,Joe Mantegna,2020-W10-04,4,76.12,90.62,Chase Edmonds,RB,RB,True,False,False,,9.2,,Chase Edmonds,RB,,399.p.31104,31104,Was,yahoo_fantasy_api
2020,10,,5,api,Ginger FC 🏆🏆,Joe Mantegna,2020-W10-04,4,76.12,90.62,DeeJay Dallas,RB,RB,True,False,False,,4.1,,DeeJay Dallas,RB,,399.p.32814,32814,Min,yahoo_fantasy_api
2020,10,,6,api,Ginger FC 🏆🏆,Joe Mantegna,2020-W10-04,4,76.12,90.62,Jared Cook,TE,TE,True,False,False,,0.0,,Jared Cook,TE,,399.p.9353,9353,LAC,yahoo_fantasy_api
2020,10,,7,api,Ginger FC 🏆🏆,Joe Mantegna,2020-W10-04,4,76.12,90.62,Brandin Cooks,WR,W/R/T,True,False,False,,6.9,,Brandin Cooks,WR,,399.p.27548,27548,SF,yahoo_fantasy_api
2020,10,,8,api,Ginger FC 🏆🏆,Joe Mantegna,2020-W10-04,4,76.12,90.62,Mike Evans,WR,BN,False,True,False,,16.7,,Mike Evans,WR,,399.p.27535,27535,SF,yahoo_fantasy_api
2020,10,,9,api,Ginger FC 🏆🏆,Joe Mantegna,2020-W10-04,4,76.12,90.62,Christian McCaffrey,RB,BN,False,True,False,,0.0,,Christian McCaffrey,RB,,399.p.30121,30121,SF,yahoo_fantasy_api
2020,10,,10,api,Ginger FC 🏆🏆,Joe Mantegna,2020-W10-04,4,76.12,90.62,Cole Beasley,WR,BN,False,True,False,,22.4,,Cole Beasley,WR,,399.p.26060,26060,NYG,yahoo_fantasy_api
2020,10,,11,api,Ginger FC 🏆🏆,Joe Mantegna,2020-W10-04,4,76.12,90.62,DeVante Parker,WR,BN,False,True,False,,4.1,,DeVante Parker,WR,,399.p.28402,28402,NE,yahoo_fantasy_api
2020,10,,12,api,Ginger FC 🏆🏆,Joe Mantegna,2020-W10-04,4,76.12,90.62,Keelan Cole Sr.,WR,BN,False,True,False,,19.2,,Keelan Cole Sr.,WR,,399.p.30396,30396,LV,yahoo_fantasy_api
2020,10,,13,api,Ginger FC 🏆🏆,Joe Mantegna,2020-W10-04,4,76.12,90.62,Allen Lazard,WR,IR,False,False,True,,0.0,,Allen Lazard,WR,,399.p.31268,31268,NYJ,yahoo_fantasy_api
2020,10,,14,api,Ginger FC 🏆🏆,Joe Mantegna,2020-W10-04,4,76.12,90.62,Jason Myers,K,K,True,False,False,,12.0,,Jason Myers,K,,399.p.28378,28378,Sea,yahoo_fantasy_api
2020,10,,15,api,Ginger FC 🏆🏆,Joe Mantegna,2020-W10-04,4,76.12,90.62,Harrison Butker,K,BN,False,True,False,,0.0,,Harrison Butker,K,,399.p.30346,30346,KC,yahoo_fantasy_api
2020,10,,16,api,Ginger FC 🏆🏆,Joe Mantegna,2020-W10-04,4,76.12,90.62,Steelers,DEF,DEF,True,False,False,,12.0,,Steelers,DEF,,399.p.100023,100023,Pit,yahoo_fantasy_api
2020,10,,1,api,Joe Mantegna,Ginger FC 🏆🏆,2020-W10-04,4,90.62,76.12,Deshaun Watson,QB,QB,True,False,False,,16.12,,Deshaun Watson,QB,,399.p.30125,30125,Cle,yahoo_fantasy_api
2020,10,,2,api,Joe Mantegna,Ginger FC 🏆🏆,2020-W10-04,4,90.62,76.12,JuJu Smith-Schuster,WR,WR,True,False,False,,18.2,,JuJu Smith-Schuster,WR,,399.p.30175,30175,NYG,yahoo_fantasy_api
2020,10,,3,api,Joe Mantegna,Ginger FC 🏆🏆,2020-W10-04,4,90.62,76.12,Jarvis Landry,WR,WR,True,False,False,,4.4,,Jarvis Landry,WR,,399.p.27591,27591,NO,yahoo_fantasy_api
2020,10,,4,api,Joe Mantegna,Ginger FC 🏆🏆,2020-W10-04,4,90.62,76.12,Miles Sanders,RB,RB,True,False,False,,12.5,,Miles Sanders,RB,,399.p.31885,31885,Dal,yahoo_fantasy_api
2020,10,,5,api,Joe Mantegna,Ginger FC 🏆🏆,2020-W10-04,4,90.62,76.12,Zack Moss,RB,RB,True,False,False,,2.2,,Zack Moss,RB,,399.p.32756,32756,Cin,yahoo_fantasy_api
2020,10,,6,api,Joe Mantegna,Ginger FC 🏆🏆,2020-W10-04,4,90.62,76.12,Logan Thomas,TE,TE,True,False,False,,8.6,,Logan Thomas,TE,,399.p.27648,27648,SF,yahoo_fantasy_api
2020,10,,7,api,Joe Mantegna,Ginger FC 🏆🏆,2020-W10-04,4,90.62,76.12,DJ Chark,WR,W/R/T,True,False,False,,7.6,,DJ Chark,WR,,399.p.31031,31031,Atl,yahoo_fantasy_api
2020,10,,8,api,Joe Mantegna,Ginger FC 🏆🏆,2020-W10-04,4,90.62,76.12,Curtis Samuel,WR,BN,False,True,False,,2.7,,Curtis Samuel,WR,,399.p.30153,30153,Buf,yahoo_fantasy_api
2020,10,,9,api,Joe Mantegna,Ginger FC 🏆🏆,2020-W10-04,4,90.62,76.12,Todd Gurley,RB,BN,False,True,False,,0.0,,Todd Gurley,RB,,399.p.28398,28398,Atl,yahoo_fantasy_api
2020,10,,10,api,Joe Mantegna,Ginger FC 🏆🏆,2020-W10-04,4,90.62,76.12,Clyde Edwards-Helaire,RB,BN,False,True,False,,0.0,,Clyde Edwards-Helaire,RB,,399.p.32702,32702,KC,yahoo_fantasy_api
2020,10,,11,api,Joe Mantegna,Ginger FC 🏆🏆,2020-W10-04,4,90.62,76.12,Trey Burton,TE,BN,False,True,False,,3.9,,Trey Burton,TE,,399.p.27789,27789,Ind,yahoo_fantasy_api
2020,10,,12,api,Joe Mantegna,Ginger FC 🏆🏆,2020-W10-04,4,90.62,76.12,Mark Ingram II,RB,BN,False,True,False,,3.9,,Mark Ingram II,RB,,399.p.24815,24815,NO,yahoo_fantasy_api
2020,10,,13,api,Joe Mantegna,Ginger FC 🏆🏆,2020-W10-04,4,90.62,76.12,Patrick Laird,RB,BN,False,True,False,,1.9,,Patrick Laird,RB,,399.p.32439,32439,TB,yahoo_fantasy_api
2020,10,,14,api,Joe Mantegna,Ginger FC 🏆🏆,2020-W10-04,4,90.62,76.12,George Kittle,TE,IR,False,False,True,,0.0,,George Kittle,TE,,399.p.30259,30259,SF,yahoo_fantasy_api
2020,10,,15,api,Joe Mantegna,Ginger FC 🏆🏆,2020-W10-04,4,90.62,76.12,Zane Gonzalez,K,K,True,False,False,,16.0,,Zane Gonzalez,K,,399.p.30337,30337,Mia,yahoo_fantasy_api
2020,10,,16,api,Joe Mantegna,Ginger FC 🏆🏆,2020-W10-04,4,90.62,76.12,Patriots,DEF,DEF,True,False,False,,5.0,,Patriots,DEF,,399.p.100017,100017,NE,yahoo_fantasy_api
2020,10,,1,api,Malle ❤️ 🐸,malle_dips_pouches,2020-W10-02,2,145.2,98.52,Tom Brady,QB,QB,True,False,False,,37.84,,Tom Brady,QB,,399.p.5228,5228,TB,yahoo_fantasy_api
2020,10,,2,api,Malle ❤️ 🐸,malle_dips_pouches,2020-W10-02,2,145.2,98.52,Adam Thielen,WR,WR,True,False,False,,18.3,,Adam Thielen,WR,,399.p.27277,27277,Pit,yahoo_fantasy_api
2020,10,,3,api,Malle ❤️ 🐸,malle_dips_pouches,2020-W10-02,2,145.2,98.52,Jakobi Meyers,WR,WR,True,False,False,,15.36,,Jakobi Meyers,WR,,399.p.32231,32231,Jax,yahoo_fantasy_api
2020,10,,4,api,Malle ❤️ 🐸,malle_dips_pouches,2020-W10-02,2,145.2,98.52,Latavius Murray,RB,RB,True,False,False,,5.7,,Latavius Murray,RB,,399.p.26804,26804,Buf,yahoo_fantasy_api
2020,10,,5,api,Malle ❤️ 🐸,malle_dips_pouches,2020-W10-02,2,145.2,98.52,Kareem Hunt,RB,RB,True,False,False,,14.7,,Kareem Hunt,RB,,399.p.30199,30199,KC,yahoo_fantasy_api
2020,10,,6,api,Malle ❤️ 🐸,malle_dips_pouches,2020-W10-02,2,145.2,98.52,Mike Gesicki,TE,TE,True,False,False,,5.0,,Mike Gesicki,TE,,399.p.31012,31012,Cin,yahoo_fantasy_api
2020,10,,7,api,Malle ❤️ 🐸,malle_dips_pouches,2020-W10-02,2,145.2,98.52,Alvin Kamara,RB,W/R/T,True,False,False,,31.3,,Alvin Kamara,RB,,399.p.30180,30180,NO,yahoo_fantasy_api
2020,10,,8,api,Malle ❤️ 🐸,malle_dips_pouches,2020-W10-02,2,145.2,98.52,Damien Harris,RB,BN,False,True,False,,12.1,,Damien Harris,RB,,399.p.31919,31919,Buf,yahoo_fantasy_api
2020,10,,9,api,Malle ❤️ 🐸,malle_dips_pouches,2020-W10-02,2,145.2,98.52,Travis Kelce,TE,BN,False,True,False,,0.0,,Travis Kelce,TE,,399.p.26686,26686,KC,yahoo_fantasy_api
2020,10,,10,api,Malle ❤️ 🐸,malle_dips_pouches,2020-W10-02,2,145.2,98.52,Calvin Ridley,WR,BN,False,True,False,,0.0,,Calvin Ridley,WR,,399.p.30996,30996,Ten,yahoo_fantasy_api
2020,10,,11,api,Malle ❤️ 🐸,malle_dips_pouches,2020-W10-02,2,145.2,98.52,DeSean Jackson,WR,BN,False,True,False,,0.0,,DeSean Jackson,WR,,399.p.8826,8826,Bal,yahoo_fantasy_api
2020,10,,12,api,Malle ❤️ 🐸,malle_dips_pouches,2020-W10-02,2,145.2,98.52,Jordan Howard,RB,BN,False,True,False,,0.0,,Jordan Howard,RB,,399.p.29384,29384,NO,yahoo_fantasy_api
2020,10,,13,api,Malle ❤️ 🐸,malle_dips_pouches,2020-W10-02,2,145.2,98.52,Ben Roethlisberger,QB,BN,False,True,False,,37.32,,Ben Roethlisberger,QB,,399.p.6770,6770,Pit,yahoo_fantasy_api
2020,10,,14,api,Malle ❤️ 🐸,malle_dips_pouches,2020-W10-02,2,145.2,98.52,Preston Williams,WR,IR,False,False,True,,0.0,,Preston Williams,WR,,399.p.32447,32447,Car,yahoo_fantasy_api
2020,10,,15,api,Malle ❤️ 🐸,malle_dips_pouches,2020-W10-02,2,145.2,98.52,Justin Tucker,K,K,True,False,False,,5.0,,Justin Tucker,K,,399.p.26534,26534,Bal,yahoo_fantasy_api
2020,10,,16,api,Malle ❤️ 🐸,malle_dips_pouches,2020-W10-02,2,145.2,98.52,Bears,DEF,DEF,True,False,False,,12.0,,Bears,DEF,,399.p.100003,100003,Chi,yahoo_fantasy_api
2020,10,,1,api,Patty Primetimes,Pop Lockett Drop it,2020-W10-06,6,118.36,121.5,Josh Allen,QB,QB,True,False,False,,32.86,,Josh Allen,QB,,399.p.30977,30977,Buf,yahoo_fantasy_api
2020,10,,2,api,Patty Primetimes,Pop Lockett Drop it,2020-W10-06,6,118.36,121.5,Tyler Lockett,WR,WR,True,False,False,,9.1,,Tyler Lockett,WR,,399.p.28457,28457,LV,yahoo_fantasy_api
2020,10,,3,api,Patty Primetimes,Pop Lockett Drop it,2020-W10-06,6,118.36,121.5,DJ Moore,WR,WR,True,False,False,,17.6,,DJ Moore,WR,,399.p.30994,30994,Buf,yahoo_fantasy_api
2020,10,,4,api,Patty Primetimes,Pop Lockett Drop it,2020-W10-06,6,118.36,121.5,D'Andre Swift,RB,RB,True,False,False,,23.4,,D'Andre Swift,RB,,399.p.32705,32705,Chi,yahoo_fantasy_api
2020,10,,5,api,Patty Primetimes,Pop Lockett Drop it,2020-W10-06,6,118.36,121.5,Jamaal Williams,RB,RB,True,False,False,,7.0,,Jamaal Williams,RB,,399.p.30247,30247,NO,yahoo_fantasy_api
2020,10,,6,api,Patty Primetimes,Pop Lockett Drop it,2020-W10-06,6,118.36,121.5,Rob Gronkowski,TE,TE,True,False,False,,12.1,,Rob Gronkowski,TE,,399.p.24017,24017,TB,yahoo_fantasy_api
2020,10,,7,api,Patty Primetimes,Pop Lockett Drop it,2020-W10-06,6,118.36,121.5,Travis Fulgham,WR,W/R/T,True,False,False,,1.3,,Travis Fulgham,WR,,399.p.32016,32016,GB,yahoo_fantasy_api
2020,10,,8,api,Patty Primetimes,Pop Lockett Drop it,2020-W10-06,6,118.36,121.5,J.K. Dobbins,RB,BN,False,True,False,,1.9,,J.K. Dobbins,RB,,399.p.32725,32725,Den,yahoo_fantasy_api
2020,10,,9,api,Patty Primetimes,Pop Lockett Drop it,2020-W10-06,6,118.36,121.5,Phillip Lindsay,RB,BN,False,True,False,,0.2,,Phillip Lindsay,RB,,399.p.31379,31379,Ind,yahoo_fantasy_api
2020,10,,10,api,Patty Primetimes,Pop Lockett Drop it,2020-W10-06,6,118.36,121.5,Matthew Stafford,QB,BN,False,True,False,,29.04,,Matthew Stafford,QB,,399.p.9265,9265,LAR,yahoo_fantasy_api
2020,10,,11,api,Patty Primetimes,Pop Lockett Drop it,2020-W10-06,6,118.36,121.5,Adrian Peterson,RB,BN,False,True,False,,3.5,,Adrian Peterson,RB,,399.p.8261,8261,Sea,yahoo_fantasy_api
2020,10,,12,api,Patty Primetimes,Pop Lockett Drop it,2020-W10-06,6,118.36,121.5,Noah Fant,TE,BN,False,True,False,,3.3,,Noah Fant,TE,,399.p.31852,31852,NO,yahoo_fantasy_api
2020,10,,13,api,Patty Primetimes,Pop Lockett Drop it,2020-W10-06,6,118.36,121.5,Nyheim Miller-Hines,RB,BN,False,True,False,,26.0,,Nyheim Miller-Hines,RB,,399.p.31074,31074,LAC,yahoo_fantasy_api
2020,10,,14,api,Patty Primetimes,Pop Lockett Drop it,2020-W10-06,6,118.36,121.5,Daniel Carlson,K,K,True,False,False,,15.0,,Daniel Carlson,K,,399.p.31137,31137,NO,yahoo_fantasy_api
2020,10,,15,api,Patty Primetimes,Pop Lockett Drop it,2020-W10-06,6,118.36,121.5,Commanders,DEF,DEF,True,False,False,,0.0,,Commanders,DEF,,399.p.100028,100028,Was,yahoo_fantasy_api
2020,10,,1,api,Pop Lockett Drop it,Patty Primetimes,2020-W10-06,6,121.5,118.36,Aaron Rodgers,QB,QB,True,False,False,,30.4,,Aaron Rodgers,QB,,399.p.7200,7200,Pit,yahoo_fantasy_api
2020,10,,2,api,Pop Lockett Drop it,Patty Primetimes,2020-W10-06,6,121.5,118.36,Stefon Diggs,WR,WR,True,False,False,,20.3,,Stefon Diggs,WR,,399.p.28534,28534,Was,yahoo_fantasy_api
2020,10,,3,api,Pop Lockett Drop it,Patty Primetimes,2020-W10-06,6,121.5,118.36,Robbie Chosen,WR,WR,True,False,False,,4.1,,Robbie Chosen,WR,,399.p.29785,29785,Was,yahoo_fantasy_api
2020,10,,4,api,Pop Lockett Drop it,Patty Primetimes,2020-W10-06,6,121.5,118.36,Josh Jacobs,RB,RB,True,False,False,,27.6,,Josh Jacobs,RB,,399.p.31856,31856,GB,yahoo_fantasy_api
2020,10,,5,api,Pop Lockett Drop it,Patty Primetimes,2020-W10-06,6,121.5,118.36,James Robinson,RB,RB,True,False,False,,12.2,,James Robinson,RB,,399.p.33138,33138,NO,yahoo_fantasy_api
2020,10,,6,api,Pop Lockett Drop it,Patty Primetimes,2020-W10-06,6,121.5,118.36,Austin Hooper,TE,TE,True,False,False,,1.6,,Austin Hooper,TE,,399.p.29315,29315,Atl,yahoo_fantasy_api
2020,10,,7,api,Pop Lockett Drop it,Patty Primetimes,2020-W10-06,6,121.5,118.36,Will Fuller V,WR,W/R/T,True,False,False,,6.3,,Will Fuller V,WR,,399.p.29255,29255,Mia,yahoo_fantasy_api
2020,10,,8,api,Pop Lockett Drop it,Patty Primetimes,2020-W10-06,6,121.5,118.36,Tee Higgins,WR,BN,False,True,False,,19.0,,Tee Higgins,WR,,399.p.32703,32703,Cin,yahoo_fantasy_api
2020,10,,9,api,Pop Lockett Drop it,Patty Primetimes,2020-W10-06,6,121.5,118.36,Julio Jones,WR,BN,False,True,False,,0.0,,Julio Jones,WR,,399.p.24793,24793,Phi,yahoo_fantasy_api
2020,10,,10,api,Pop Lockett Drop it,Patty Primetimes,2020-W10-06,6,121.5,118.36,David Johnson,RB,BN,False,True,False,,0.0,,David Johnson,RB,,399.p.28474,28474,NO,yahoo_fantasy_api
2020,10,,11,api,Pop Lockett Drop it,Patty Primetimes,2020-W10-06,6,121.5,118.36,Emmanuel Sanders,WR,BN,False,True,False,,1.0,,Emmanuel Sanders,WR,,399.p.24057,24057,Buf,yahoo_fantasy_api
2020,10,,12,api,Pop Lockett Drop it,Patty Primetimes,2020-W10-06,6,121.5,118.36,Henry Ruggs III,WR,BN,False,True,False,,4.6,,Henry Ruggs III,WR,,399.p.32682,32682,LV,yahoo_fantasy_api
2020,10,,13,api,Pop Lockett Drop it,Patty Primetimes,2020-W10-06,6,121.5,118.36,Devin Singletary,RB,BN,False,True,False,,1.5,,Devin Singletary,RB,,399.p.31906,31906,NYG,yahoo_fantasy_api
2020,10,,14,api,Pop Lockett Drop it,Patty Primetimes,2020-W10-06,6,121.5,118.36,Kai Forbath,K,K,True,False,False,,5.0,,Kai Forbath,K,,399.p.25648,25648,LAR,yahoo_fantasy_api
2020,10,,15,api,Pop Lockett Drop it,Patty Primetimes,2020-W10-06,6,121.5,118.36,Saints,DEF,DEF,True,False,False,,14.0,,Saints,DEF,,399.p.100018,100018,NO,yahoo_fantasy_api
2020,10,,1,api,Post Mahomes,ThreatLevelMidnight,2020-W10-05,5,138.2,76.82,Kyler Murray,QB,QB,True,False,False,,32.9,,Kyler Murray,QB,,399.p.31833,31833,Min,yahoo_fantasy_api
2020,10,,2,api,Post Mahomes,ThreatLevelMidnight,2020-W10-05,5,138.2,76.82,Robert Woods,WR,WR,True,False,False,,6.1,,Robert Woods,WR,,399.p.26664,26664,Pit,yahoo_fantasy_api
2020,10,,3,api,Post Mahomes,ThreatLevelMidnight,2020-W10-05,5,138.2,76.82,Marvin Jones Jr.,WR,WR,True,False,False,,19.6,,Marvin Jones Jr.,WR,,399.p.25876,25876,Det,yahoo_fantasy_api
2020,10,,4,api,Post Mahomes,ThreatLevelMidnight,2020-W10-05,5,138.2,76.82,Nick Chubb,RB,RB,True,False,False,,18.6,,Nick Chubb,RB,,399.p.31005,31005,Hou,yahoo_fantasy_api
2020,10,,5,api,Post Mahomes,ThreatLevelMidnight,2020-W10-05,5,138.2,76.82,Rex Burkhead,RB,RB,True,False,False,,20.6,,Rex Burkhead,RB,,399.p.26813,26813,Hou,yahoo_fantasy_api
2020,10,,6,api,Post Mahomes,ThreatLevelMidnight,2020-W10-05,5,138.2,76.82,Mark Andrews,TE,TE,True,False,False,,9.6,,Mark Andrews,TE,,399.p.31056,31056,Bal,yahoo_fantasy_api
2020,10,,7,api,Post Mahomes,ThreatLevelMidnight,2020-W10-05,5,138.2,76.82,Mike Williams,WR,W/R/T,True,False,False,,4.8,,Mike Williams,WR,,399.p.30120,30120,Pit,yahoo_fantasy_api
2020,10,,8,api,Post Mahomes,ThreatLevelMidnight,2020-W10-05,5,138.2,76.82,Gus Edwards,RB,BN,False,True,False,,7.8,,Gus Edwards,RB,,399.p.31424,31424,LAC,yahoo_fantasy_api
2020,10,,9,api,Post Mahomes,ThreatLevelMidnight,2020-W10-05,5,138.2,76.82,David Montgomery,RB,BN,False,True,False,,0.0,,David Montgomery,RB,,399.p.31905,31905,Hou,yahoo_fantasy_api
2020,10,,10,api,Post Mahomes,ThreatLevelMidnight,2020-W10-05,5,138.2,76.82,Kenny Golladay,WR,BN,False,True,False,,0.0,,Kenny Golladay,WR,,399.p.30209,30209,NYG,yahoo_fantasy_api
2020,10,,11,api,Post Mahomes,ThreatLevelMidnight,2020-W10-05,5,138.2,76.82,Hayden Hurst,TE,BN,False,True,False,,0.0,,Hayden Hurst,TE,,399.p.30995,30995,LAC,yahoo_fantasy_api
2020,10,,12,api,Post Mahomes,ThreatLevelMidnight,2020-W10-05,5,138.2,76.82,Chris Carson,RB,BN,False,True,False,,0.0,,Chris Carson,RB,,399.p.30362,30362,Sea,yahoo_fantasy_api
2020,10,,13,api,Post Mahomes,ThreatLevelMidnight,2020-W10-05,5,138.2,76.82,Matt Prater,K,K,True,False,False,,16.0,,Matt Prater,K,,399.p.8565,8565,Buf,yahoo_fantasy_api
2020,10,,14,api,Post Mahomes,ThreatLevelMidnight,2020-W10-05,5,138.2,76.82,Vikings,DEF,DEF,True,False,False,,10.0,,Vikings,DEF,,399.p.100016,100016,Min,yahoo_fantasy_api
2020,10,,15,api,Post Mahomes,ThreatLevelMidnight,2020-W10-05,5,138.2,76.82,Chiefs,DEF,BN,False,True,False,,0.0,,Chiefs,DEF,,399.p.100012,100012,KC,yahoo_fantasy_api
2020,10,,1,api,The Big Gronkowski,Uncle Rico,2020-W10-01,1,88.24,118.66,Drew Brees,QB,QB,True,False,False,,8.94,,Drew Brees,QB,,399.p.5479,5479,NO,yahoo_fantasy_api
2020,10,,2,api,The Big Gronkowski,Uncle Rico,2020-W10-01,1,88.24,118.66,Allen Robinson,WR,WR,True,False,False,,7.3,,Allen Robinson,WR,,399.p.27589,27589,Det,yahoo_fantasy_api
2020,10,,3,api,The Big Gronkowski,Uncle Rico,2020-W10-01,1,88.24,118.66,Cooper Kupp,WR,WR,True,False,False,,7.5,,Cooper Kupp,WR,,399.p.30182,30182,Sea,yahoo_fantasy_api
2020,10,,4,api,The Big Gronkowski,Uncle Rico,2020-W10-01,1,88.24,118.66,James Conner,RB,RB,True,False,False,,5.8,,James Conner,RB,,399.p.30218,30218,Ari,yahoo_fantasy_api
2020,10,,5,api,The Big Gronkowski,Uncle Rico,2020-W10-01,1,88.24,118.66,Ronald Jones,RB,RB,True,False,False,,24.3,,Ronald Jones,RB,,399.p.31008,31008,Dal,yahoo_fantasy_api
2020,10,,6,api,The Big Gronkowski,Uncle Rico,2020-W10-01,1,88.24,118.66,Darren Waller,TE,TE,True,False,False,,5.2,,Darren Waller,TE,,399.p.28592,28592,Car,yahoo_fantasy_api
2020,10,,7,api,The Big Gronkowski,Uncle Rico,2020-W10-01,1,88.24,118.66,Dalvin Cook,RB,W/R/T,True,False,False,,13.2,,Dalvin Cook,RB,,399.p.30154,30154,Dal,yahoo_fantasy_api
2020,10,,8,api,The Big Gronkowski,Uncle Rico,2020-W10-01,1,88.24,118.66,Antonio Brown,WR,BN,False,True,False,,10.1,,Antonio Brown,WR,,399.p.24171,24171,TB,yahoo_fantasy_api
2020,10,,9,api,The Big Gronkowski,Uncle Rico,2020-W10-01,1,88.24,118.66,Jared Goff,QB,BN,False,True,False,,10.48,,Jared Goff,QB,,399.p.29235,29235,Det,yahoo_fantasy_api
2020,10,,10,api,The Big Gronkowski,Uncle Rico,2020-W10-01,1,88.24,118.66,Jonnu Smith,TE,BN,False,True,False,,8.5,,Jonnu Smith,TE,,399.p.30213,30213,GB,yahoo_fantasy_api
2020,10,,11,api,The Big Gronkowski,Uncle Rico,2020-W10-01,1,88.24,118.66,Darius Slayton,WR,BN,False,True,False,,11.8,,Darius Slayton,WR,,399.p.32003,32003,Ind,yahoo_fantasy_api
2020,10,,12,api,The Big Gronkowski,Uncle Rico,2020-W10-01,1,88.24,118.66,Sterling Shepard,WR,BN,False,True,False,,7.7,,Sterling Shepard,WR,,399.p.29274,29274,NYJ,yahoo_fantasy_api
2020,10,,13,api,The Big Gronkowski,Uncle Rico,2020-W10-01,1,88.24,118.66,Wil Lutz,K,K,True,False,False,,10.0,,Wil Lutz,K,,399.p.29754,29754,Den,yahoo_fantasy_api
2020,10,,14,api,The Big Gronkowski,Uncle Rico,2020-W10-01,1,88.24,118.66,Packers,DEF,DEF,True,False,False,,6.0,,Packers,DEF,,399.p.100009,100009,GB,yahoo_fantasy_api
2020,10,,15,api,The Big Gronkowski,Uncle Rico,2020-W10-01,1,88.24,118.66,49ers,DEF,BN,False,True,False,,7.0,,49ers,DEF,,399.p.100025,100025,SF,yahoo_fantasy_api
2020,10,,1,api,ThreatLevelMidnight,Post Mahomes,2020-W10-05,5,76.82,138.2,Carson Wentz,QB,QB,True,False,False,,8.72,,Carson Wentz,QB,,399.p.29236,29236,Min,yahoo_fantasy_api
2020,10,,2,api,ThreatLevelMidnight,Post Mahomes,2020-W10-05,5,76.82,138.2,Davante Adams,WR,WR,True,False,False,,14.6,,Davante Adams,WR,,399.p.27581,27581,LAR,yahoo_fantasy_api
2020,10,,3,api,ThreatLevelMidnight,Post Mahomes,2020-W10-05,5,76.82,138.2,A.J. Brown,WR,WR,True,False,False,,2.6,,A.J. Brown,WR,,399.p.31883,31883,NE,yahoo_fantasy_api
2020,10,,4,api,ThreatLevelMidnight,Post Mahomes,2020-W10-05,5,76.82,138.2,Mike Davis,RB,RB,True,False,False,,6.4,,Mike Davis,RB,,399.p.28514,28514,Bal,yahoo_fantasy_api
2020,10,,5,api,ThreatLevelMidnight,Post Mahomes,2020-W10-05,5,76.82,138.2,Giovani Bernard,RB,RB,True,False,False,,6.7,,Giovani Bernard,RB,,399.p.26660,26660,TB,yahoo_fantasy_api
2020,10,,6,api,ThreatLevelMidnight,Post Mahomes,2020-W10-05,5,76.82,138.2,Jordan Reed,TE,TE,True,False,False,,8.7,,Jordan Reed,TE,,399.p.26708,26708,SF,yahoo_fantasy_api
2020,10,,7,api,ThreatLevelMidnight,Post Mahomes,2020-W10-05,5,76.82,138.2,Tyler Boyd,WR,W/R/T,True,False,False,,7.1,,Tyler Boyd,WR,,399.p.29288,29288,Ten,yahoo_fantasy_api
2020,10,,8,api,ThreatLevelMidnight,Post Mahomes,2020-W10-05,5,76.82,138.2,Joe Mixon,RB,BN,False,True,False,,0.0,,Joe Mixon,RB,,399.p.30161,30161,Hou,yahoo_fantasy_api
2020,10,,9,api,ThreatLevelMidnight,Post Mahomes,2020-W10-05,5,76.82,138.2,Matt Ryan,QB,BN,False,True,False,,0.0,,Matt Ryan,QB,,399.p.8780,8780,Ind,yahoo_fantasy_api
2020,10,,10,api,ThreatLevelMidnight,Post Mahomes,2020-W10-05,5,76.82,138.2,Jerick McKinnon,RB,BN,False,True,False,,5.1,,Jerick McKinnon,RB,,399.p.27624,27624,KC,yahoo_fantasy_api
2020,10,,11,api,ThreatLevelMidnight,Post Mahomes,2020-W10-05,5,76.82,138.2,Wayne Gallman,RB,BN,False,True,False,,18.5,,Wayne Gallman,RB,,399.p.30253,30253,Sea,yahoo_fantasy_api
2020,10,,12,api,ThreatLevelMidnight,Post Mahomes,2020-W10-05,5,76.82,138.2,Tim Patrick,WR,BN,False,True,False,,8.1,,Tim Patrick,WR,,399.p.30511,30511,NYJ,yahoo_fantasy_api
2020,10,,13,api,ThreatLevelMidnight,Post Mahomes,2020-W10-05,5,76.82,138.2,Sony Michel,RB,BN,False,True,False,,0.0,,Sony Michel,RB,,399.p.31001,31001,LAC,yahoo_fantasy_api
2020,10,,14,api,ThreatLevelMidnight,Post Mahomes,2020-W10-05,5,76.82,138.2,Raheem Mostert,RB,IR,False,False,True,,0.0,,Raheem Mostert,RB,,399.p.28654,28654,LV,yahoo_fantasy_api
2020,10,,15,api,ThreatLevelMidnight,Post Mahomes,2020-W10-05,5,76.82,138.2,Joey Slye,K,K,True,False,False,,6.0,,Joey Slye,K,,399.p.32384,32384,Ten,yahoo_fantasy_api
2020,10,,16,api,ThreatLevelMidnight,Post Mahomes,2020-W10-05,5,76.82,138.2,Raiders,DEF,DEF,True,False,False,,16.0,,Raiders,DEF,,399.p.100013,100013,LV,yahoo_fantasy_api
2020,10,,1,api,Uncle Rico,The Big Gronkowski,2020-W10-01,1,118.66,88.24,Lamar Jackson,QB,QB,True,False,False,,26.46,,Lamar Jackson,QB,,399.p.31002,31002,Bal,yahoo_fantasy_api
2020,10,,2,api,Uncle Rico,The Big Gronkowski,2020-W10-01,1,118.66,88.24,Diontae Johnson,WR,WR,True,False,False,,20.6,,Diontae Johnson,WR,,399.p.31898,31898,Cle,yahoo_fantasy_api
2020,10,,3,api,Uncle Rico,The Big Gronkowski,2020-W10-01,1,118.66,88.24,Michael Thomas,WR,WR,True,False,False,,3.7,,Michael Thomas,WR,,399.p.29281,29281,NO,yahoo_fantasy_api
2020,10,,4,api,Uncle Rico,The Big Gronkowski,2020-W10-01,1,118.66,88.24,Derrick Henry,RB,RB,True,False,False,,11.4,,Derrick Henry,RB,,399.p.29279,29279,Bal,yahoo_fantasy_api
2020,10,,5,api,Uncle Rico,The Big Gronkowski,2020-W10-01,1,118.66,88.24,Antonio Gibson,RB,RB,True,False,False,,20.5,,Antonio Gibson,RB,,399.p.32736,32736,NE,yahoo_fantasy_api
2020,10,,6,api,Uncle Rico,The Big Gronkowski,2020-W10-01,1,118.66,88.24,Robert Tonyan,TE,TE,True,False,False,,4.8,,Robert Tonyan,TE,,399.p.30777,30777,Pit,yahoo_fantasy_api
2020,10,,7,api,Uncle Rico,The Big Gronkowski,2020-W10-01,1,118.66,88.24,Chris Godwin Jr.,WR,W/R/T,True,False,False,,12.2,,Chris Godwin Jr.,WR,,399.p.30197,30197,TB,yahoo_fantasy_api
2020,10,,8,api,Uncle Rico,The Big Gronkowski,2020-W10-01,1,118.66,88.24,Christian Kirk,WR,BN,False,True,False,,4.7,,Christian Kirk,WR,,399.p.31017,31017,SF,yahoo_fantasy_api
2020,10,,9,api,Uncle Rico,The Big Gronkowski,2020-W10-01,1,118.66,88.24,JaMycal Hasty,RB,BN,False,True,False,,1.9,,JaMycal Hasty,RB,,399.p.33199,33199,NE,yahoo_fantasy_api
2020,10,,10,api,Uncle Rico,The Big Gronkowski,2020-W10-01,1,118.66,88.24,Nelson Agholor,WR,BN,False,True,False,,1.3,,Nelson Agholor,WR,,399.p.28408,28408,Bal,yahoo_fantasy_api
2020,10,,11,api,Uncle Rico,The Big Gronkowski,2020-W10-01,1,118.66,88.24,Boston Scott,RB,BN,False,True,False,,13.9,,Boston Scott,RB,,399.p.31171,31171,Pit,yahoo_fantasy_api
2020,10,,12,api,Uncle Rico,The Big Gronkowski,2020-W10-01,1,118.66,88.24,Jamison Crowder,WR,BN,False,True,False,,0.0,,Jamison Crowder,WR,,399.p.28493,28493,Was,yahoo_fantasy_api
2020,10,,13,api,Uncle Rico,The Big Gronkowski,2020-W10-01,1,118.66,88.24,Baker Mayfield,QB,BN,False,True,False,,5.38,,Baker Mayfield,QB,,399.p.30971,30971,TB,yahoo_fantasy_api
2020,10,,14,api,Uncle Rico,The Big Gronkowski,2020-W10-01,1,118.66,88.24,Austin Ekeler,RB,IR,False,False,True,,0.0,,Austin Ekeler,RB,,399.p.30423,30423,Was,yahoo_fantasy_api
2020,10,,15,api,Uncle Rico,The Big Gronkowski,2020-W10-01,1,118.66,88.24,Jason Sanders,K,K,True,False,False,,14.0,,Jason Sanders,K,,399.p.31199,31199,NYJ,yahoo_fantasy_api
2020,10,,16,api,Uncle Rico,The Big Gronkowski,2020-W10-01,1,118.66,88.24,Buccaneers,DEF,DEF,True,False,False,,5.0,,Buccaneers,DEF,,399.p.100027,100027,TB,yahoo_fantasy_api
2020,10,,1,api,Voldemort,Big Sack Jack,2020-W10-03,3,102.68,64.62,Justin Herbert,QB,QB,True,False,False,,25.48,,Justin Herbert,QB,,399.p.32676,32676,LAC,yahoo_fantasy_api
2020,10,,2,api,Voldemort,Big Sack Jack,2020-W10-03,3,102.68,64.62,Terry McLaurin,WR,WR,True,False,False,,13.7,,Terry McLaurin,WR,,399.p.31908,31908,Was,yahoo_fantasy_api
2020,10,,3,api,Voldemort,Big Sack Jack,2020-W10-03,3,102.68,64.62,Justin Jefferson,WR,WR,True,False,False,,17.5,,Justin Jefferson,WR,,399.p.32692,32692,Min,yahoo_fantasy_api
2020,10,,4,api,Voldemort,Big Sack Jack,2020-W10-03,3,102.68,64.62,Leonard Fournette,RB,RB,True,False,False,,4.0,,Leonard Fournette,RB,,399.p.30117,30117,Buf,yahoo_fantasy_api
2020,10,,5,api,Voldemort,Big Sack Jack,2020-W10-03,3,102.68,64.62,Duke Johnson,RB,RB,True,False,False,,5.4,,Duke Johnson,RB,,399.p.28465,28465,Buf,yahoo_fantasy_api
2020,10,,6,api,Voldemort,Big Sack Jack,2020-W10-03,3,102.68,64.62,T.J. Hockenson,TE,TE,True,False,False,,2.3,,T.J. Hockenson,TE,,399.p.31840,31840,Min,yahoo_fantasy_api
2020,10,,7,api,Voldemort,Big Sack Jack,2020-W10-03,3,102.68,64.62,Chase Claypool,WR,W/R/T,True,False,False,,19.3,,Chase Claypool,WR,,399.p.32719,32719,Buf,yahoo_fantasy_api
2020,10,,8,api,Voldemort,Big Sack Jack,2020-W10-03,3,102.68,64.62,J.D. McKissic,RB,BN,False,True,False,,14.4,,J.D. McKissic,RB,,399.p.29650,29650,Was,yahoo_fantasy_api
2020,10,,9,api,Voldemort,Big Sack Jack,2020-W10-03,3,102.68,64.62,Jonathan Taylor,RB,BN,False,True,False,,4.7,,Jonathan Taylor,RB,,399.p.32711,32711,Ind,yahoo_fantasy_api
2020,10,,10,api,Voldemort,Big Sack Jack,2020-W10-03,3,102.68,64.62,Tyreek Hill,WR,BN,False,True,False,,0.0,,Tyreek Hill,WR,,399.p.29399,29399,Mia,yahoo_fantasy_api
2020,10,,11,api,Voldemort,Big Sack Jack,2020-W10-03,3,102.68,64.62,John Brown,WR,BN,False,True,False,,10.2,,John Brown,WR,,399.p.27619,27619,Buf,yahoo_fantasy_api
2020,10,,12,api,Voldemort,Big Sack Jack,2020-W10-03,3,102.68,64.62,Kenyan Drake,RB,BN,False,True,False,,9.4,,Kenyan Drake,RB,,399.p.29307,29307,Bal,yahoo_fantasy_api
2020,10,,13,api,Voldemort,Big Sack Jack,2020-W10-03,3,102.68,64.62,Rodrigo Blankenship,K,K,True,False,False,,11.0,,Rodrigo Blankenship,K,,399.p.33211,33211,Ind,yahoo_fantasy_api
2020,10,,14,api,Voldemort,Big Sack Jack,2020-W10-03,3,102.68,64.62,Younghoe Koo,K,BN,False,True,False,,0.0,,Younghoe Koo,K,,399.p.30426,30426,NYG,yahoo_fantasy_api
2020,10,,15,api,Voldemort,Big Sack Jack,2020-W10-03,3,102.68,64.62,Giants,DEF,DEF,True,False,False,,4.0,,Giants,DEF,,399.p.100019,100019,NYG,yahoo_fantasy_api
2020,10,,1,api,malle_dips_pouches,Malle ❤️ 🐸,2020-W10-02,2,98.52,145.2,Joe Burrow,QB,QB,True,False,False,,14.52,,Joe Burrow,QB,,399.p.32671,32671,Cin,yahoo_fantasy_api
2020,10,,2,api,malle_dips_pouches,Malle ❤️ 🐸,2020-W10-02,2,98.52,145.2,DeAndre Hopkins,WR,WR,True,False,False,,22.2,,DeAndre Hopkins,WR,,399.p.26650,26650,Bal,yahoo_fantasy_api
2020,10,,3,api,malle_dips_pouches,Malle ❤️ 🐸,2020-W10-02,2,98.52,145.2,Jerry Jeudy,WR,WR,True,False,False,,8.8,,Jerry Jeudy,WR,,399.p.32685,32685,Cle,yahoo_fantasy_api
2020,10,,4,api,malle_dips_pouches,Malle ❤️ 🐸,2020-W10-02,2,98.52,145.2,Aaron Jones Sr.,RB,RB,True,False,False,,12.0,,Aaron Jones Sr.,RB,,399.p.30295,30295,Min,yahoo_fantasy_api
2020,10,,5,api,malle_dips_pouches,Malle ❤️ 🐸,2020-W10-02,2,98.52,145.2,Darrell Henderson Jr.,RB,RB,True,False,False,,9.8,,Darrell Henderson Jr.,RB,,399.p.31902,31902,LAR,yahoo_fantasy_api
2020,10,,6,api,malle_dips_pouches,Malle ❤️ 🐸,2020-W10-02,2,98.52,145.2,Hunter Henry,TE,TE,True,False,False,,11.0,,Hunter Henry,TE,,399.p.29269,29269,NE,yahoo_fantasy_api
2020,10,,7,api,malle_dips_pouches,Malle ❤️ 🐸,2020-W10-02,2,98.52,145.2,Corey Davis,WR,W/R/T,True,False,False,,9.2,,Corey Davis,WR,,399.p.30118,30118,NYJ,yahoo_fantasy_api
2020,10,,8,api,malle_dips_pouches,Malle ❤️ 🐸,2020-W10-02,2,98.52,145.2,Kirk Cousins,QB,BN,False,True,False,,22.58,,Kirk Cousins,QB,,399.p.25812,25812,LV,yahoo_fantasy_api
2020,10,,9,api,malle_dips_pouches,Malle ❤️ 🐸,2020-W10-02,2,98.52,145.2,Le'Veon Bell,RB,BN,False,True,False,,0.0,,Le'Veon Bell,RB,,399.p.26671,26671,TB,yahoo_fantasy_api
2020,10,,10,api,malle_dips_pouches,Malle ❤️ 🐸,2020-W10-02,2,98.52,145.2,Amari Cooper,WR,BN,False,True,False,,0.0,,Amari Cooper,WR,,399.p.28392,28392,Buf,yahoo_fantasy_api
2020,10,,11,api,malle_dips_pouches,Malle ❤️ 🐸,2020-W10-02,2,98.52,145.2,Eric Ebron,TE,BN,False,True,False,,4.8,,Eric Ebron,TE,,399.p.27538,27538,Pit,yahoo_fantasy_api
2020,10,,12,api,malle_dips_pouches,Malle ❤️ 🐸,2020-W10-02,2,98.52,145.2,Deebo Samuel Sr.,WR,BN,False,True,False,,0.0,,Deebo Samuel Sr.,WR,,399.p.31868,31868,SF,yahoo_fantasy_api
2020,10,,13,api,malle_dips_pouches,Malle ❤️ 🐸,2020-W10-02,2,98.52,145.2,Myles Gaskin,RB,IR,False,False,True,,0.0,,Myles Gaskin,RB,,399.p.32066,32066,Sea,yahoo_fantasy_api
2020,10,,14,api,malle_dips_pouches,Malle ❤️ 🐸,2020-W10-02,2,98.52,145.2,Robbie Gould,K,K,True,False,False,,8.0,,Robbie Gould,K,,399.p.7520,7520,SF,yahoo_fantasy_api
2020,10,,15,api,malle_dips_pouches,Malle ❤️ 🐸,2020-W10-02,2,98.52,145.2,Eagles,DEF,DEF,True,False,False,,3.0,,Eagles,DEF,,399.p.100021,100021,Phi,yahoo_fantasy_api
2020,11,,1,api,Big Sack Jack,Joe Mantegna,2020-W11-04,4,126.32,81.36,Patrick Mahomes,QB,QB,True,False,False,,26.52,,Patrick Mahomes,QB,,399.p.30123,30123,KC,yahoo_fantasy_api
2020,11,,2,api,Big Sack Jack,Joe Mantegna,2020-W11-04,4,126.32,81.36,Keenan Allen,WR,WR,True,False,False,,26.5,,Keenan Allen,WR,,399.p.26699,26699,Ind,yahoo_fantasy_api
2020,11,,3,api,Big Sack Jack,Joe Mantegna,2020-W11-04,4,126.32,81.36,Hollywood Brown,WR,WR,True,False,False,,0.0,,Hollywood Brown,WR,,399.p.31857,31857,Phi,yahoo_fantasy_api
2020,11,,4,api,Big Sack Jack,Joe Mantegna,2020-W11-04,4,126.32,81.36,Melvin Gordon III,RB,RB,True,False,False,,18.4,,Melvin Gordon III,RB,,399.p.28403,28403,Bal,yahoo_fantasy_api
2020,11,,5,api,Big Sack Jack,Joe Mantegna,2020-W11-04,4,126.32,81.36,James White,RB,RB,True,False,False,,11.3,,James White,RB,,399.p.27658,27658,NE,yahoo_fantasy_api
2020,11,,6,api,Big Sack Jack,Joe Mantegna,2020-W11-04,4,126.32,81.36,Dallas Goedert,TE,TE,True,False,False,,16.2,,Dallas Goedert,TE,,399.p.31019,31019,Phi,yahoo_fantasy_api
2020,11,,7,api,Big Sack Jack,Joe Mantegna,2020-W11-04,4,126.32,81.36,Ezekiel Elliott,RB,W/R/T,True,False,False,,18.4,,Ezekiel Elliott,RB,,399.p.29238,29238,Dal,yahoo_fantasy_api
2020,11,,8,api,Big Sack Jack,Joe Mantegna,2020-W11-04,4,126.32,81.36,Jordan Wilkins,RB,BN,False,True,False,,4.1,,Jordan Wilkins,RB,,399.p.31139,31139,Cle,yahoo_fantasy_api
2020,11,,9,api,Big Sack Jack,Joe Mantegna,2020-W11-04,4,126.32,81.36,Philip Rivers,QB,BN,False,True,False,,28.42,,Philip Rivers,QB,,399.p.6763,6763,Ind,yahoo_fantasy_api
2020,11,,10,api,Big Sack Jack,Joe Mantegna,2020-W11-04,4,126.32,81.36,Evan Engram,TE,BN,False,True,False,,0.0,,Evan Engram,TE,,399.p.30136,30136,Den,yahoo_fantasy_api
2020,11,,11,api,Big Sack Jack,Joe Mantegna,2020-W11-04,4,126.32,81.36,Mecole Hardman Jr.,WR,BN,False,True,False,,2.1,,Mecole Hardman Jr.,WR,,399.p.31888,31888,Buf,yahoo_fantasy_api
2020,11,,12,api,Big Sack Jack,Joe Mantegna,2020-W11-04,4,126.32,81.36,CeeDee Lamb,WR,BN,False,True,False,,14.6,,CeeDee Lamb,WR,,399.p.32687,32687,Dal,yahoo_fantasy_api
2020,11,,13,api,Big Sack Jack,Joe Mantegna,2020-W11-04,4,126.32,81.36,David Moore,WR,BN,False,True,False,,1.5,,David Moore,WR,,399.p.30339,30339,Car,yahoo_fantasy_api
2020,11,,14,api,Big Sack Jack,Joe Mantegna,2020-W11-04,4,126.32,81.36,Ryan Succop,K,K,True,False,False,,6.0,,Ryan Succop,K,,399.p.9520,9520,TB,yahoo_fantasy_api
2020,11,,15,api,Big Sack Jack,Joe Mantegna,2020-W11-04,4,126.32,81.36,Ravens,DEF,DEF,True,False,False,,3.0,,Ravens,DEF,,399.p.100033,100033,Bal,yahoo_fantasy_api
2020,11,,1,api,Ginger FC 🏆🏆,ThreatLevelMidnight,2020-W11-05,5,105.38,102.48,Russell Wilson,QB,QB,True,False,False,,24.08,,Russell Wilson,QB,,399.p.25785,25785,NYG,yahoo_fantasy_api
2020,11,,2,api,Ginger FC 🏆🏆,ThreatLevelMidnight,2020-W11-05,5,105.38,102.48,DK Metcalf,WR,WR,True,False,False,,12.1,,DK Metcalf,WR,,399.p.31896,31896,Pit,yahoo_fantasy_api
2020,11,,3,api,Ginger FC 🏆🏆,ThreatLevelMidnight,2020-W11-05,5,105.38,102.48,Mike Evans,WR,WR,True,False,False,,13.4,,Mike Evans,WR,,399.p.27535,27535,SF,yahoo_fantasy_api
2020,11,,4,api,Ginger FC 🏆🏆,ThreatLevelMidnight,2020-W11-05,5,105.38,102.48,Chase Edmonds,RB,RB,True,False,False,,12.9,,Chase Edmonds,RB,,399.p.31104,31104,Was,yahoo_fantasy_api
2020,11,,5,api,Ginger FC 🏆🏆,ThreatLevelMidnight,2020-W11-05,5,105.38,102.48,La'Mical Perine,RB,RB,True,False,False,,9.3,,La'Mical Perine,RB,,399.p.32790,32790,Pit,yahoo_fantasy_api
2020,11,,6,api,Ginger FC 🏆🏆,ThreatLevelMidnight,2020-W11-05,5,105.38,102.48,Jared Cook,TE,TE,True,False,False,,1.1,,Jared Cook,TE,,399.p.9353,9353,LAC,yahoo_fantasy_api
2020,11,,7,api,Ginger FC 🏆🏆,ThreatLevelMidnight,2020-W11-05,5,105.38,102.48,Brandin Cooks,WR,W/R/T,True,False,False,,10.5,,Brandin Cooks,WR,,399.p.27548,27548,SF,yahoo_fantasy_api
2020,11,,8,api,Ginger FC 🏆🏆,ThreatLevelMidnight,2020-W11-05,5,105.38,102.48,Brandon Aiyuk,WR,BN,False,True,False,,0.0,,Brandon Aiyuk,WR,,399.p.32695,32695,SF,yahoo_fantasy_api
2020,11,,9,api,Ginger FC 🏆🏆,ThreatLevelMidnight,2020-W11-05,5,105.38,102.48,Christian McCaffrey,RB,BN,False,True,False,,0.0,,Christian McCaffrey,RB,,399.p.30121,30121,SF,yahoo_fantasy_api
2020,11,,10,api,Ginger FC 🏆🏆,ThreatLevelMidnight,2020-W11-05,5,105.38,102.48,Cole Beasley,WR,BN,False,True,False,,0.0,,Cole Beasley,WR,,399.p.26060,26060,NYG,yahoo_fantasy_api
2020,11,,11,api,Ginger FC 🏆🏆,ThreatLevelMidnight,2020-W11-05,5,105.38,102.48,DeVante Parker,WR,BN,False,True,False,,15.1,,DeVante Parker,WR,,399.p.28402,28402,NE,yahoo_fantasy_api
2020,11,,12,api,Ginger FC 🏆🏆,ThreatLevelMidnight,2020-W11-05,5,105.38,102.48,Keelan Cole Sr.,WR,BN,False,True,False,,3.6,,Keelan Cole Sr.,WR,,399.p.30396,30396,LV,yahoo_fantasy_api
2020,11,,13,api,Ginger FC 🏆🏆,ThreatLevelMidnight,2020-W11-05,5,105.38,102.48,Allen Lazard,WR,BN,False,True,False,,2.8,,Allen Lazard,WR,,399.p.31268,31268,NYJ,yahoo_fantasy_api
2020,11,,14,api,Ginger FC 🏆🏆,ThreatLevelMidnight,2020-W11-05,5,105.38,102.48,Harrison Butker,K,K,True,False,False,,5.0,,Harrison Butker,K,,399.p.30346,30346,KC,yahoo_fantasy_api
2020,11,,15,api,Ginger FC 🏆🏆,ThreatLevelMidnight,2020-W11-05,5,105.38,102.48,Steelers,DEF,DEF,True,False,False,,17.0,,Steelers,DEF,,399.p.100023,100023,Pit,yahoo_fantasy_api
2020,11,,1,api,Joe Mantegna,Big Sack Jack,2020-W11-04,4,81.36,126.32,Deshaun Watson,QB,QB,True,False,False,,35.36,,Deshaun Watson,QB,,399.p.30125,30125,Cle,yahoo_fantasy_api
2020,11,,2,api,Joe Mantegna,Big Sack Jack,2020-W11-04,4,81.36,126.32,JuJu Smith-Schuster,WR,WR,True,False,False,,3.9,,JuJu Smith-Schuster,WR,,399.p.30175,30175,NYG,yahoo_fantasy_api
2020,11,,3,api,Joe Mantegna,Big Sack Jack,2020-W11-04,4,81.36,126.32,DJ Chark,WR,WR,True,False,False,,6.1,,DJ Chark,WR,,399.p.31031,31031,Atl,yahoo_fantasy_api
2020,11,,4,api,Joe Mantegna,Big Sack Jack,2020-W11-04,4,81.36,126.32,Miles Sanders,RB,RB,True,False,False,,7.6,,Miles Sanders,RB,,399.p.31885,31885,Dal,yahoo_fantasy_api
2020,11,,5,api,Joe Mantegna,Big Sack Jack,2020-W11-04,4,81.36,126.32,Clyde Edwards-Helaire,RB,RB,True,False,False,,20.2,,Clyde Edwards-Helaire,RB,,399.p.32702,32702,KC,yahoo_fantasy_api
2020,11,,6,api,Joe Mantegna,Big Sack Jack,2020-W11-04,4,81.36,126.32,Logan Thomas,TE,TE,True,False,False,,1.8,,Logan Thomas,TE,,399.p.27648,27648,SF,yahoo_fantasy_api
2020,11,,7,api,Joe Mantegna,Big Sack Jack,2020-W11-04,4,81.36,126.32,Todd Gurley,RB,W/R/T,True,False,False,,3.4,,Todd Gurley,RB,,399.p.28398,28398,Atl,yahoo_fantasy_api
2020,11,,8,api,Joe Mantegna,Big Sack Jack,2020-W11-04,4,81.36,126.32,Jarvis Landry,WR,BN,False,True,False,,3.6,,Jarvis Landry,WR,,399.p.27591,27591,NO,yahoo_fantasy_api
2020,11,,9,api,Joe Mantegna,Big Sack Jack,2020-W11-04,4,81.36,126.32,Zack Moss,RB,BN,False,True,False,,0.0,,Zack Moss,RB,,399.p.32756,32756,Cin,yahoo_fantasy_api
2020,11,,10,api,Joe Mantegna,Big Sack Jack,2020-W11-04,4,81.36,126.32,Curtis Samuel,WR,BN,False,True,False,,17.4,,Curtis Samuel,WR,,399.p.30153,30153,Buf,yahoo_fantasy_api
2020,11,,11,api,Joe Mantegna,Big Sack Jack,2020-W11-04,4,81.36,126.32,Trey Burton,TE,BN,False,True,False,,9.5,,Trey Burton,TE,,399.p.27789,27789,Ind,yahoo_fantasy_api
2020,11,,12,api,Joe Mantegna,Big Sack Jack,2020-W11-04,4,81.36,126.32,Mark Ingram II,RB,BN,False,True,False,,0.2,,Mark Ingram II,RB,,399.p.24815,24815,NO,yahoo_fantasy_api
2020,11,,13,api,Joe Mantegna,Big Sack Jack,2020-W11-04,4,81.36,126.32,Patrick Laird,RB,BN,False,True,False,,1.3,,Patrick Laird,RB,,399.p.32439,32439,TB,yahoo_fantasy_api
2020,11,,14,api,Joe Mantegna,Big Sack Jack,2020-W11-04,4,81.36,126.32,George Kittle,TE,IR,False,False,True,,0.0,,George Kittle,TE,,399.p.30259,30259,SF,yahoo_fantasy_api
2020,11,,15,api,Joe Mantegna,Big Sack Jack,2020-W11-04,4,81.36,126.32,Zane Gonzalez,K,K,True,False,False,,3.0,,Zane Gonzalez,K,,399.p.30337,30337,Mia,yahoo_fantasy_api
2020,11,,16,api,Joe Mantegna,Big Sack Jack,2020-W11-04,4,81.36,126.32,Patriots,DEF,DEF,True,False,False,,0.0,,Patriots,DEF,,399.p.100017,100017,NE,yahoo_fantasy_api
2020,11,,1,api,Malle ❤️ 🐸,Uncle Rico,2020-W11-02,2,134.34,130.84,Ben Roethlisberger,QB,QB,True,False,False,,21.68,,Ben Roethlisberger,QB,,399.p.6770,6770,Pit,yahoo_fantasy_api
2020,11,,2,api,Malle ❤️ 🐸,Uncle Rico,2020-W11-02,2,134.34,130.84,Adam Thielen,WR,WR,True,False,False,,28.3,,Adam Thielen,WR,,399.p.27277,27277,Pit,yahoo_fantasy_api
2020,11,,3,api,Malle ❤️ 🐸,Uncle Rico,2020-W11-02,2,134.34,130.84,Calvin Ridley,WR,WR,True,False,False,,11.5,,Calvin Ridley,WR,,399.p.30996,30996,Ten,yahoo_fantasy_api
2020,11,,4,api,Malle ❤️ 🐸,Uncle Rico,2020-W11-02,2,134.34,130.84,Kareem Hunt,RB,RB,True,False,False,,8.6,,Kareem Hunt,RB,,399.p.30199,30199,KC,yahoo_fantasy_api
2020,11,,5,api,Malle ❤️ 🐸,Uncle Rico,2020-W11-02,2,134.34,130.84,Damien Harris,RB,RB,True,False,False,,11.9,,Damien Harris,RB,,399.p.31919,31919,Buf,yahoo_fantasy_api
2020,11,,6,api,Malle ❤️ 🐸,Uncle Rico,2020-W11-02,2,134.34,130.84,Travis Kelce,TE,TE,True,False,False,,22.86,,Travis Kelce,TE,,399.p.26686,26686,KC,yahoo_fantasy_api
2020,11,,7,api,Malle ❤️ 🐸,Uncle Rico,2020-W11-02,2,134.34,130.84,Alvin Kamara,RB,W/R/T,True,False,False,,10.5,,Alvin Kamara,RB,,399.p.30180,30180,NO,yahoo_fantasy_api
2020,11,,8,api,Malle ❤️ 🐸,Uncle Rico,2020-W11-02,2,134.34,130.84,Latavius Murray,RB,BN,False,True,False,,9.5,,Latavius Murray,RB,,399.p.26804,26804,Buf,yahoo_fantasy_api
2020,11,,9,api,Malle ❤️ 🐸,Uncle Rico,2020-W11-02,2,134.34,130.84,Jakobi Meyers,WR,BN,False,True,False,,5.3,,Jakobi Meyers,WR,,399.p.32231,32231,Jax,yahoo_fantasy_api
2020,11,,10,api,Malle ❤️ 🐸,Uncle Rico,2020-W11-02,2,134.34,130.84,Tom Brady,QB,BN,False,True,False,,18.64,,Tom Brady,QB,,399.p.5228,5228,TB,yahoo_fantasy_api
2020,11,,11,api,Malle ❤️ 🐸,Uncle Rico,2020-W11-02,2,134.34,130.84,Mike Gesicki,TE,BN,False,True,False,,6.3,,Mike Gesicki,TE,,399.p.31012,31012,Cin,yahoo_fantasy_api
2020,11,,12,api,Malle ❤️ 🐸,Uncle Rico,2020-W11-02,2,134.34,130.84,DeSean Jackson,WR,BN,False,True,False,,0.0,,DeSean Jackson,WR,,399.p.8826,8826,Bal,yahoo_fantasy_api
2020,11,,13,api,Malle ❤️ 🐸,Uncle Rico,2020-W11-02,2,134.34,130.84,Jordan Howard,RB,BN,False,True,False,,0.0,,Jordan Howard,RB,,399.p.29384,29384,NO,yahoo_fantasy_api
2020,11,,14,api,Malle ❤️ 🐸,Uncle Rico,2020-W11-02,2,134.34,130.84,Preston Williams,WR,IR,False,False,True,,0.0,,Preston Williams,WR,,399.p.32447,32447,Car,yahoo_fantasy_api
2020,11,,15,api,Malle ❤️ 🐸,Uncle Rico,2020-W11-02,2,134.34,130.84,Justin Tucker,K,K,True,False,False,,10.0,,Justin Tucker,K,,399.p.26534,26534,Bal,yahoo_fantasy_api
2020,11,,16,api,Malle ❤️ 🐸,Uncle Rico,2020-W11-02,2,134.34,130.84,Chargers,DEF,DEF,True,False,False,,9.0,,Chargers,DEF,,399.p.100024,100024,LAC,yahoo_fantasy_api
2020,11,,1,api,Patty Primetimes,The Big Gronkowski,2020-W11-01,1,75.52,115.6,Matthew Stafford,QB,QB,True,False,False,,7.62,,Matthew Stafford,QB,,399.p.9265,9265,LAR,yahoo_fantasy_api
2020,11,,2,api,Patty Primetimes,The Big Gronkowski,2020-W11-01,1,75.52,115.6,Tyler Lockett,WR,WR,True,False,False,,17.2,,Tyler Lockett,WR,,399.p.28457,28457,LV,yahoo_fantasy_api
2020,11,,3,api,Patty Primetimes,The Big Gronkowski,2020-W11-01,1,75.52,115.6,DJ Moore,WR,WR,True,False,False,,18.3,,DJ Moore,WR,,399.p.30994,30994,Buf,yahoo_fantasy_api
2020,11,,4,api,Patty Primetimes,The Big Gronkowski,2020-W11-01,1,75.52,115.6,Nyheim Miller-Hines,RB,RB,True,False,False,,6.8,,Nyheim Miller-Hines,RB,,399.p.31074,31074,LAC,yahoo_fantasy_api
2020,11,,5,api,Patty Primetimes,The Big Gronkowski,2020-W11-01,1,75.52,115.6,Adrian Peterson,RB,RB,True,False,False,,1.8,,Adrian Peterson,RB,,399.p.8261,8261,Sea,yahoo_fantasy_api
2020,11,,6,api,Patty Primetimes,The Big Gronkowski,2020-W11-01,1,75.52,115.6,Rob Gronkowski,TE,TE,True,False,False,,3.5,,Rob Gronkowski,TE,,399.p.24017,24017,TB,yahoo_fantasy_api
2020,11,,7,api,Patty Primetimes,The Big Gronkowski,2020-W11-01,1,75.52,115.6,Travis Fulgham,WR,W/R/T,True,False,False,,1.3,,Travis Fulgham,WR,,399.p.32016,32016,GB,yahoo_fantasy_api
2020,11,,8,api,Patty Primetimes,The Big Gronkowski,2020-W11-01,1,75.52,115.6,D'Andre Swift,RB,BN,False,True,False,,0.0,,D'Andre Swift,RB,,399.p.32705,32705,Chi,yahoo_fantasy_api
2020,11,,9,api,Patty Primetimes,The Big Gronkowski,2020-W11-01,1,75.52,115.6,Jamaal Williams,RB,BN,False,True,False,,8.1,,Jamaal Williams,RB,,399.p.30247,30247,NO,yahoo_fantasy_api
2020,11,,10,api,Patty Primetimes,The Big Gronkowski,2020-W11-01,1,75.52,115.6,Josh Allen,QB,BN,False,True,False,,0.0,,Josh Allen,QB,,399.p.30977,30977,Buf,yahoo_fantasy_api
2020,11,,11,api,Patty Primetimes,The Big Gronkowski,2020-W11-01,1,75.52,115.6,J.K. Dobbins,RB,BN,False,True,False,,17.5,,J.K. Dobbins,RB,,399.p.32725,32725,Den,yahoo_fantasy_api
2020,11,,12,api,Patty Primetimes,The Big Gronkowski,2020-W11-01,1,75.52,115.6,Phillip Lindsay,RB,BN,False,True,False,,8.2,,Phillip Lindsay,RB,,399.p.31379,31379,Ind,yahoo_fantasy_api
2020,11,,13,api,Patty Primetimes,The Big Gronkowski,2020-W11-01,1,75.52,115.6,Noah Fant,TE,BN,False,True,False,,7.5,,Noah Fant,TE,,399.p.31852,31852,NO,yahoo_fantasy_api
2020,11,,14,api,Patty Primetimes,The Big Gronkowski,2020-W11-01,1,75.52,115.6,Daniel Carlson,K,K,True,False,False,,7.0,,Daniel Carlson,K,,399.p.31137,31137,NO,yahoo_fantasy_api
2020,11,,15,api,Patty Primetimes,The Big Gronkowski,2020-W11-01,1,75.52,115.6,Commanders,DEF,DEF,True,False,False,,12.0,,Commanders,DEF,,399.p.100028,100028,Was,yahoo_fantasy_api
2020,11,,1,api,Pop Lockett Drop it,Post Mahomes,2020-W11-06,6,89.94,121.16,Aaron Rodgers,QB,QB,True,False,False,,28.74,,Aaron Rodgers,QB,,399.p.7200,7200,Pit,yahoo_fantasy_api
2020,11,,2,api,Pop Lockett Drop it,Post Mahomes,2020-W11-06,6,89.94,121.16,Robbie Chosen,WR,WR,True,False,False,,8.1,,Robbie Chosen,WR,,399.p.29785,29785,Was,yahoo_fantasy_api
2020,11,,3,api,Pop Lockett Drop it,Post Mahomes,2020-W11-06,6,89.94,121.16,Tee Higgins,WR,WR,True,False,False,,4.1,,Tee Higgins,WR,,399.p.32703,32703,Cin,yahoo_fantasy_api
2020,11,,4,api,Pop Lockett Drop it,Post Mahomes,2020-W11-06,6,89.94,121.16,Josh Jacobs,RB,RB,True,False,False,,12.9,,Josh Jacobs,RB,,399.p.31856,31856,GB,yahoo_fantasy_api
2020,11,,5,api,Pop Lockett Drop it,Post Mahomes,2020-W11-06,6,89.94,121.16,James Robinson,RB,RB,True,False,False,,10.4,,James Robinson,RB,,399.p.33138,33138,NO,yahoo_fantasy_api
2020,11,,6,api,Pop Lockett Drop it,Post Mahomes,2020-W11-06,6,89.94,121.16,Austin Hooper,TE,TE,True,False,False,,4.8,,Austin Hooper,TE,,399.p.29315,29315,Atl,yahoo_fantasy_api
2020,11,,7,api,Pop Lockett Drop it,Post Mahomes,2020-W11-06,6,89.94,121.16,Julio Jones,WR,W/R/T,True,False,False,,4.9,,Julio Jones,WR,,399.p.24793,24793,Phi,yahoo_fantasy_api
2020,11,,8,api,Pop Lockett Drop it,Post Mahomes,2020-W11-06,6,89.94,121.16,Stefon Diggs,WR,BN,False,True,False,,0.0,,Stefon Diggs,WR,,399.p.28534,28534,Was,yahoo_fantasy_api
2020,11,,9,api,Pop Lockett Drop it,Post Mahomes,2020-W11-06,6,89.94,121.16,Will Fuller V,WR,BN,False,True,False,,11.0,,Will Fuller V,WR,,399.p.29255,29255,Mia,yahoo_fantasy_api
2020,11,,10,api,Pop Lockett Drop it,Post Mahomes,2020-W11-06,6,89.94,121.16,David Johnson,RB,BN,False,True,False,,0.0,,David Johnson,RB,,399.p.28474,28474,NO,yahoo_fantasy_api
2020,11,,11,api,Pop Lockett Drop it,Post Mahomes,2020-W11-06,6,89.94,121.16,Emmanuel Sanders,WR,BN,False,True,False,,8.6,,Emmanuel Sanders,WR,,399.p.24057,24057,Buf,yahoo_fantasy_api
2020,11,,12,api,Pop Lockett Drop it,Post Mahomes,2020-W11-06,6,89.94,121.16,Henry Ruggs III,WR,BN,False,True,False,,2.2,,Henry Ruggs III,WR,,399.p.32682,32682,LV,yahoo_fantasy_api
2020,11,,13,api,Pop Lockett Drop it,Post Mahomes,2020-W11-06,6,89.94,121.16,Devin Singletary,RB,BN,False,True,False,,0.0,,Devin Singletary,RB,,399.p.31906,31906,NYG,yahoo_fantasy_api
2020,11,,14,api,Pop Lockett Drop it,Post Mahomes,2020-W11-06,6,89.94,121.16,Michael Badgley,K,K,True,False,False,,11.0,,Michael Badgley,K,,399.p.31366,31366,Ind,yahoo_fantasy_api
2020,11,,15,api,Pop Lockett Drop it,Post Mahomes,2020-W11-06,6,89.94,121.16,Falcons,DEF,DEF,True,False,False,,5.0,,Falcons,DEF,,399.p.100001,100001,Atl,yahoo_fantasy_api
2020,11,,1,api,Post Mahomes,Pop Lockett Drop it,2020-W11-06,6,121.16,89.94,Kyler Murray,QB,QB,True,False,False,,24.26,,Kyler Murray,QB,,399.p.31833,31833,Min,yahoo_fantasy_api
2020,11,,2,api,Post Mahomes,Pop Lockett Drop it,2020-W11-06,6,121.16,89.94,Robert Woods,WR,WR,True,False,False,,24.6,,Robert Woods,WR,,399.p.26664,26664,Pit,yahoo_fantasy_api
2020,11,,3,api,Post Mahomes,Pop Lockett Drop it,2020-W11-06,6,121.16,89.94,Marvin Jones Jr.,WR,WR,True,False,False,,7.1,,Marvin Jones Jr.,WR,,399.p.25876,25876,Det,yahoo_fantasy_api
2020,11,,4,api,Post Mahomes,Pop Lockett Drop it,2020-W11-06,6,121.16,89.94,Nick Chubb,RB,RB,True,False,False,,11.4,,Nick Chubb,RB,,399.p.31005,31005,Hou,yahoo_fantasy_api
2020,11,,5,api,Post Mahomes,Pop Lockett Drop it,2020-W11-06,6,121.16,89.94,Carlos Hyde,RB,RB,True,False,False,,16.5,,Carlos Hyde,RB,,399.p.27585,27585,Jax,yahoo_fantasy_api
2020,11,,6,api,Post Mahomes,Pop Lockett Drop it,2020-W11-06,6,121.16,89.94,Mark Andrews,TE,TE,True,False,False,,18.1,,Mark Andrews,TE,,399.p.31056,31056,Bal,yahoo_fantasy_api
2020,11,,7,api,Post Mahomes,Pop Lockett Drop it,2020-W11-06,6,121.16,89.94,Mike Williams,WR,W/R/T,True,False,False,,15.2,,Mike Williams,WR,,399.p.30120,30120,Pit,yahoo_fantasy_api
2020,11,,8,api,Post Mahomes,Pop Lockett Drop it,2020-W11-06,6,121.16,89.94,Kenny Golladay,WR,BN,False,True,False,,0.0,,Kenny Golladay,WR,,399.p.30209,30209,NYG,yahoo_fantasy_api
2020,11,,9,api,Post Mahomes,Pop Lockett Drop it,2020-W11-06,6,121.16,89.94,Chris Carson,RB,BN,False,True,False,,0.0,,Chris Carson,RB,,399.p.30362,30362,Sea,yahoo_fantasy_api
2020,11,,10,api,Post Mahomes,Pop Lockett Drop it,2020-W11-06,6,121.16,89.94,Rex Burkhead,RB,BN,False,True,False,,2.2,,Rex Burkhead,RB,,399.p.26813,26813,Hou,yahoo_fantasy_api
2020,11,,11,api,Post Mahomes,Pop Lockett Drop it,2020-W11-06,6,121.16,89.94,Gus Edwards,RB,BN,False,True,False,,0.6,,Gus Edwards,RB,,399.p.31424,31424,LAC,yahoo_fantasy_api
2020,11,,12,api,Post Mahomes,Pop Lockett Drop it,2020-W11-06,6,121.16,89.94,Hayden Hurst,TE,BN,False,True,False,,0.0,,Hayden Hurst,TE,,399.p.30995,30995,LAC,yahoo_fantasy_api
2020,11,,13,api,Post Mahomes,Pop Lockett Drop it,2020-W11-06,6,121.16,89.94,David Montgomery,RB,IR,False,False,True,,0.0,,David Montgomery,RB,,399.p.31905,31905,Hou,yahoo_fantasy_api
2020,11,,14,api,Post Mahomes,Pop Lockett Drop it,2020-W11-06,6,121.16,89.94,Matt Prater,K,K,True,False,False,,0.0,,Matt Prater,K,,399.p.8565,8565,Buf,yahoo_fantasy_api
2020,11,,15,api,Post Mahomes,Pop Lockett Drop it,2020-W11-06,6,121.16,89.94,Vikings,DEF,DEF,True,False,False,,4.0,,Vikings,DEF,,399.p.100016,100016,Min,yahoo_fantasy_api
2020,11,,16,api,Post Mahomes,Pop Lockett Drop it,2020-W11-06,6,121.16,89.94,Chiefs,DEF,BN,False,True,False,,1.0,,Chiefs,DEF,,399.p.100012,100012,KC,yahoo_fantasy_api
2020,11,,1,api,The Big Gronkowski,Patty Primetimes,2020-W11-01,1,115.6,75.52,Cam Newton,QB,QB,True,False,False,,21.2,,Cam Newton,QB,,399.p.24788,24788,Car,yahoo_fantasy_api
2020,11,,2,api,The Big Gronkowski,Patty Primetimes,2020-W11-01,1,115.6,75.52,Cooper Kupp,WR,WR,True,False,False,,20.0,,Cooper Kupp,WR,,399.p.30182,30182,Sea,yahoo_fantasy_api
2020,11,,3,api,The Big Gronkowski,Patty Primetimes,2020-W11-01,1,115.6,75.52,Antonio Brown,WR,WR,True,False,False,,9.8,,Antonio Brown,WR,,399.p.24171,24171,TB,yahoo_fantasy_api
2020,11,,4,api,The Big Gronkowski,Patty Primetimes,2020-W11-01,1,115.6,75.52,James Conner,RB,RB,True,False,False,,11.4,,James Conner,RB,,399.p.30218,30218,Ari,yahoo_fantasy_api
2020,11,,5,api,The Big Gronkowski,Patty Primetimes,2020-W11-01,1,115.6,75.52,Ronald Jones,RB,RB,True,False,False,,2.4,,Ronald Jones,RB,,399.p.31008,31008,Dal,yahoo_fantasy_api
2020,11,,6,api,The Big Gronkowski,Patty Primetimes,2020-W11-01,1,115.6,75.52,Darren Waller,TE,TE,True,False,False,,18.3,,Darren Waller,TE,,399.p.28592,28592,Car,yahoo_fantasy_api
2020,11,,7,api,The Big Gronkowski,Patty Primetimes,2020-W11-01,1,115.6,75.52,Dalvin Cook,RB,W/R/T,True,False,False,,22.5,,Dalvin Cook,RB,,399.p.30154,30154,Dal,yahoo_fantasy_api
2020,11,,8,api,The Big Gronkowski,Patty Primetimes,2020-W11-01,1,115.6,75.52,Jared Goff,QB,BN,False,True,False,,31.04,,Jared Goff,QB,,399.p.29235,29235,Det,yahoo_fantasy_api
2020,11,,9,api,The Big Gronkowski,Patty Primetimes,2020-W11-01,1,115.6,75.52,Drew Brees,QB,BN,False,True,False,,0.0,,Drew Brees,QB,,399.p.5479,5479,NO,yahoo_fantasy_api
2020,11,,10,api,The Big Gronkowski,Patty Primetimes,2020-W11-01,1,115.6,75.52,Allen Robinson,WR,BN,False,True,False,,0.0,,Allen Robinson,WR,,399.p.27589,27589,Det,yahoo_fantasy_api
2020,11,,11,api,The Big Gronkowski,Patty Primetimes,2020-W11-01,1,115.6,75.52,Jonnu Smith,TE,BN,False,True,False,,10.0,,Jonnu Smith,TE,,399.p.30213,30213,GB,yahoo_fantasy_api
2020,11,,12,api,The Big Gronkowski,Patty Primetimes,2020-W11-01,1,115.6,75.52,Darius Slayton,WR,BN,False,True,False,,0.0,,Darius Slayton,WR,,399.p.32003,32003,Ind,yahoo_fantasy_api
2020,11,,13,api,The Big Gronkowski,Patty Primetimes,2020-W11-01,1,115.6,75.52,Wil Lutz,K,K,True,False,False,,6.0,,Wil Lutz,K,,399.p.29754,29754,Den,yahoo_fantasy_api
2020,11,,14,api,The Big Gronkowski,Patty Primetimes,2020-W11-01,1,115.6,75.52,Packers,DEF,DEF,True,False,False,,4.0,,Packers,DEF,,399.p.100009,100009,GB,yahoo_fantasy_api
2020,11,,15,api,The Big Gronkowski,Patty Primetimes,2020-W11-01,1,115.6,75.52,49ers,DEF,BN,False,True,False,,0.0,,49ers,DEF,,399.p.100025,100025,SF,yahoo_fantasy_api
2020,11,,1,api,ThreatLevelMidnight,Ginger FC 🏆🏆,2020-W11-05,5,102.48,105.38,Matt Ryan,QB,QB,True,False,False,,7.28,,Matt Ryan,QB,,399.p.8780,8780,Ind,yahoo_fantasy_api
2020,11,,2,api,ThreatLevelMidnight,Ginger FC 🏆🏆,2020-W11-05,5,102.48,105.38,Davante Adams,WR,WR,True,False,False,,20.1,,Davante Adams,WR,,399.p.27581,27581,LAR,yahoo_fantasy_api
2020,11,,3,api,ThreatLevelMidnight,Ginger FC 🏆🏆,2020-W11-05,5,102.48,105.38,A.J. Brown,WR,WR,True,False,False,,14.2,,A.J. Brown,WR,,399.p.31883,31883,NE,yahoo_fantasy_api
2020,11,,4,api,ThreatLevelMidnight,Ginger FC 🏆🏆,2020-W11-05,5,102.48,105.38,Mike Davis,RB,RB,True,False,False,,14.9,,Mike Davis,RB,,399.p.28514,28514,Bal,yahoo_fantasy_api
2020,11,,5,api,ThreatLevelMidnight,Ginger FC 🏆🏆,2020-W11-05,5,102.48,105.38,Giovani Bernard,RB,RB,True,False,False,,7.5,,Giovani Bernard,RB,,399.p.26660,26660,TB,yahoo_fantasy_api
2020,11,,6,api,ThreatLevelMidnight,Ginger FC 🏆🏆,2020-W11-05,5,102.48,105.38,Dalton Schultz,TE,TE,True,False,False,,10.5,,Dalton Schultz,TE,,399.p.31107,31107,Hou,yahoo_fantasy_api
2020,11,,7,api,ThreatLevelMidnight,Ginger FC 🏆🏆,2020-W11-05,5,102.48,105.38,Tyler Boyd,WR,W/R/T,True,False,False,,13.0,,Tyler Boyd,WR,,399.p.29288,29288,Ten,yahoo_fantasy_api
2020,11,,8,api,ThreatLevelMidnight,Ginger FC 🏆🏆,2020-W11-05,5,102.48,105.38,Joe Mixon,RB,BN,False,True,False,,0.0,,Joe Mixon,RB,,399.p.30161,30161,Hou,yahoo_fantasy_api
2020,11,,9,api,ThreatLevelMidnight,Ginger FC 🏆🏆,2020-W11-05,5,102.48,105.38,Jordan Reed,TE,BN,False,True,False,,0.0,,Jordan Reed,TE,,399.p.26708,26708,SF,yahoo_fantasy_api
2020,11,,10,api,ThreatLevelMidnight,Ginger FC 🏆🏆,2020-W11-05,5,102.48,105.38,Jerick McKinnon,RB,BN,False,True,False,,0.0,,Jerick McKinnon,RB,,399.p.27624,27624,KC,yahoo_fantasy_api
2020,11,,11,api,ThreatLevelMidnight,Ginger FC 🏆🏆,2020-W11-05,5,102.48,105.38,Wayne Gallman,RB,BN,False,True,False,,0.0,,Wayne Gallman,RB,,399.p.30253,30253,Sea,yahoo_fantasy_api
2020,11,,12,api,ThreatLevelMidnight,Ginger FC 🏆🏆,2020-W11-05,5,102.48,105.38,Salvon Ahmed,RB,BN,False,True,False,,9.9,,Salvon Ahmed,RB,,399.p.33265,33265,Chi,yahoo_fantasy_api
2020,11,,13,api,ThreatLevelMidnight,Ginger FC 🏆🏆,2020-W11-05,5,102.48,105.38,Sammy Watkins,WR,BN,False,True,False,,0.0,,Sammy Watkins,WR,,399.p.27532,27532,Bal,yahoo_fantasy_api
2020,11,,14,api,ThreatLevelMidnight,Ginger FC 🏆🏆,2020-W11-05,5,102.48,105.38,Raheem Mostert,RB,IR,False,False,True,,0.0,,Raheem Mostert,RB,,399.p.28654,28654,LV,yahoo_fantasy_api
2020,11,,15,api,ThreatLevelMidnight,Ginger FC 🏆🏆,2020-W11-05,5,102.48,105.38,Joey Slye,K,K,True,False,False,,10.0,,Joey Slye,K,,399.p.32384,32384,Ten,yahoo_fantasy_api
2020,11,,16,api,ThreatLevelMidnight,Ginger FC 🏆🏆,2020-W11-05,5,102.48,105.38,Dolphins,DEF,DEF,True,False,False,,5.0,,Dolphins,DEF,,399.p.100015,100015,Mia,yahoo_fantasy_api
2020,11,,1,api,Uncle Rico,Malle ❤️ 🐸,2020-W11-02,2,130.84,134.34,Lamar Jackson,QB,QB,True,False,False,,19.54,,Lamar Jackson,QB,,399.p.31002,31002,Bal,yahoo_fantasy_api
2020,11,,2,api,Uncle Rico,Malle ❤️ 🐸,2020-W11-02,2,130.84,134.34,Diontae Johnson,WR,WR,True,False,False,,17.1,,Diontae Johnson,WR,,399.p.31898,31898,Cle,yahoo_fantasy_api
2020,11,,3,api,Uncle Rico,Malle ❤️ 🐸,2020-W11-02,2,130.84,134.34,Michael Thomas,WR,WR,True,False,False,,14.9,,Michael Thomas,WR,,399.p.29281,29281,NO,yahoo_fantasy_api
2020,11,,4,api,Uncle Rico,Malle ❤️ 🐸,2020-W11-02,2,130.84,134.34,Derrick Henry,RB,RB,True,False,False,,19.7,,Derrick Henry,RB,,399.p.29279,29279,Bal,yahoo_fantasy_api
2020,11,,5,api,Uncle Rico,Malle ❤️ 🐸,2020-W11-02,2,130.84,134.34,Antonio Gibson,RB,RB,True,False,False,,16.9,,Antonio Gibson,RB,,399.p.32736,32736,NE,yahoo_fantasy_api
2020,11,,6,api,Uncle Rico,Malle ❤️ 🐸,2020-W11-02,2,130.84,134.34,Robert Tonyan,TE,TE,True,False,False,,12.9,,Robert Tonyan,TE,,399.p.30777,30777,Pit,yahoo_fantasy_api
2020,11,,7,api,Uncle Rico,Malle ❤️ 🐸,2020-W11-02,2,130.84,134.34,Chris Godwin Jr.,WR,W/R/T,True,False,False,,14.8,,Chris Godwin Jr.,WR,,399.p.30197,30197,TB,yahoo_fantasy_api
2020,11,,8,api,Uncle Rico,Malle ❤️ 🐸,2020-W11-02,2,130.84,134.34,Christian Kirk,WR,BN,False,True,False,,7.0,,Christian Kirk,WR,,399.p.31017,31017,SF,yahoo_fantasy_api
2020,11,,9,api,Uncle Rico,Malle ❤️ 🐸,2020-W11-02,2,130.84,134.34,Boston Scott,RB,BN,False,True,False,,6.5,,Boston Scott,RB,,399.p.31171,31171,Pit,yahoo_fantasy_api
2020,11,,10,api,Uncle Rico,Malle ❤️ 🐸,2020-W11-02,2,130.84,134.34,Jamison Crowder,WR,BN,False,True,False,,2.1,,Jamison Crowder,WR,,399.p.28493,28493,Was,yahoo_fantasy_api
2020,11,,11,api,Uncle Rico,Malle ❤️ 🐸,2020-W11-02,2,130.84,134.34,Baker Mayfield,QB,BN,False,True,False,,7.06,,Baker Mayfield,QB,,399.p.30971,30971,TB,yahoo_fantasy_api
2020,11,,12,api,Uncle Rico,Malle ❤️ 🐸,2020-W11-02,2,130.84,134.34,Marquez Valdes-Scantling,WR,BN,False,True,False,,5.0,,Marquez Valdes-Scantling,WR,,399.p.31144,31144,LAC,yahoo_fantasy_api
2020,11,,13,api,Uncle Rico,Malle ❤️ 🐸,2020-W11-02,2,130.84,134.34,Taysom Hill,QB,BN,False,True,False,,24.22,,Taysom Hill,QB,,399.p.30614,30614,NO,yahoo_fantasy_api
2020,11,,14,api,Uncle Rico,Malle ❤️ 🐸,2020-W11-02,2,130.84,134.34,Austin Ekeler,RB,IR,False,False,True,,0.0,,Austin Ekeler,RB,,399.p.30423,30423,Was,yahoo_fantasy_api
2020,11,,15,api,Uncle Rico,Malle ❤️ 🐸,2020-W11-02,2,130.84,134.34,Jason Sanders,K,K,True,False,False,,10.0,,Jason Sanders,K,,399.p.31199,31199,NYJ,yahoo_fantasy_api
2020,11,,16,api,Uncle Rico,Malle ❤️ 🐸,2020-W11-02,2,130.84,134.34,Rams,DEF,DEF,True,False,False,,5.0,,Rams,DEF,,399.p.100014,100014,LAR,yahoo_fantasy_api
2020,11,,1,api,Voldemort,malle_dips_pouches,2020-W11-03,3,137.44,94.62,Justin Herbert,QB,QB,True,False,False,,33.74,,Justin Herbert,QB,,399.p.32676,32676,LAC,yahoo_fantasy_api
2020,11,,2,api,Voldemort,malle_dips_pouches,2020-W11-03,3,137.44,94.62,Chase Claypool,WR,WR,True,False,False,,13.9,,Chase Claypool,WR,,399.p.32719,32719,Buf,yahoo_fantasy_api
2020,11,,3,api,Voldemort,malle_dips_pouches,2020-W11-03,3,137.44,94.62,Terry McLaurin,WR,WR,True,False,False,,10.9,,Terry McLaurin,WR,,399.p.31908,31908,Was,yahoo_fantasy_api
2020,11,,4,api,Voldemort,malle_dips_pouches,2020-W11-03,3,137.44,94.62,Kalen Ballage,RB,RB,True,False,False,,10.6,,Kalen Ballage,RB,,399.p.31100,31100,Pit,yahoo_fantasy_api
2020,11,,5,api,Voldemort,malle_dips_pouches,2020-W11-03,3,137.44,94.62,Duke Johnson,RB,RB,True,False,False,,5.0,,Duke Johnson,RB,,399.p.28465,28465,Buf,yahoo_fantasy_api
2020,11,,6,api,Voldemort,malle_dips_pouches,2020-W11-03,3,137.44,94.62,T.J. Hockenson,TE,TE,True,False,False,,8.8,,T.J. Hockenson,TE,,399.p.31840,31840,Min,yahoo_fantasy_api
2020,11,,7,api,Voldemort,malle_dips_pouches,2020-W11-03,3,137.44,94.62,Tyreek Hill,WR,W/R/T,True,False,False,,21.5,,Tyreek Hill,WR,,399.p.29399,29399,Mia,yahoo_fantasy_api
2020,11,,8,api,Voldemort,malle_dips_pouches,2020-W11-03,3,137.44,94.62,J.D. McKissic,RB,BN,False,True,False,,8.4,,J.D. McKissic,RB,,399.p.29650,29650,Was,yahoo_fantasy_api
2020,11,,9,api,Voldemort,malle_dips_pouches,2020-W11-03,3,137.44,94.62,Leonard Fournette,RB,BN,False,True,False,,9.1,,Leonard Fournette,RB,,399.p.30117,30117,Buf,yahoo_fantasy_api
2020,11,,10,api,Voldemort,malle_dips_pouches,2020-W11-03,3,137.44,94.62,Justin Jefferson,WR,BN,False,True,False,,16.1,,Justin Jefferson,WR,,399.p.32692,32692,Min,yahoo_fantasy_api
2020,11,,11,api,Voldemort,malle_dips_pouches,2020-W11-03,3,137.44,94.62,Jonathan Taylor,RB,BN,False,True,False,,13.4,,Jonathan Taylor,RB,,399.p.32711,32711,Ind,yahoo_fantasy_api
2020,11,,12,api,Voldemort,malle_dips_pouches,2020-W11-03,3,137.44,94.62,John Brown,WR,BN,False,True,False,,0.0,,John Brown,WR,,399.p.27619,27619,Buf,yahoo_fantasy_api
2020,11,,13,api,Voldemort,malle_dips_pouches,2020-W11-03,3,137.44,94.62,Kenyan Drake,RB,BN,False,True,False,,14.0,,Kenyan Drake,RB,,399.p.29307,29307,Bal,yahoo_fantasy_api
2020,11,,14,api,Voldemort,malle_dips_pouches,2020-W11-03,3,137.44,94.62,Younghoe Koo,K,K,True,False,False,,13.0,,Younghoe Koo,K,,399.p.30426,30426,NYG,yahoo_fantasy_api
2020,11,,15,api,Voldemort,malle_dips_pouches,2020-W11-03,3,137.44,94.62,Browns,DEF,DEF,True,False,False,,20.0,,Browns,DEF,,399.p.100005,100005,Cle,yahoo_fantasy_api
2020,11,,1,api,malle_dips_pouches,Voldemort,2020-W11-03,3,94.62,137.44,Joe Burrow,QB,QB,True,False,False,,13.32,,Joe Burrow,QB,,399.p.32671,32671,Cin,yahoo_fantasy_api
2020,11,,2,api,malle_dips_pouches,Voldemort,2020-W11-03,3,94.62,137.44,DeAndre Hopkins,WR,WR,True,False,False,,7.6,,DeAndre Hopkins,WR,,399.p.26650,26650,Bal,yahoo_fantasy_api
2020,11,,3,api,malle_dips_pouches,Voldemort,2020-W11-03,3,94.62,137.44,Amari Cooper,WR,WR,True,False,False,,11.1,,Amari Cooper,WR,,399.p.28392,28392,Buf,yahoo_fantasy_api
2020,11,,4,api,malle_dips_pouches,Voldemort,2020-W11-03,3,94.62,137.44,Aaron Jones Sr.,RB,RB,True,False,False,,15.1,,Aaron Jones Sr.,RB,,399.p.30295,30295,Min,yahoo_fantasy_api
2020,11,,5,api,malle_dips_pouches,Voldemort,2020-W11-03,3,94.62,137.44,Darrell Henderson Jr.,RB,RB,True,False,False,,1.9,,Darrell Henderson Jr.,RB,,399.p.31902,31902,LAR,yahoo_fantasy_api
2020,11,,6,api,malle_dips_pouches,Voldemort,2020-W11-03,3,94.62,137.44,Hunter Henry,TE,TE,True,False,False,,12.8,,Hunter Henry,TE,,399.p.29269,29269,NE,yahoo_fantasy_api
2020,11,,7,api,malle_dips_pouches,Voldemort,2020-W11-03,3,94.62,137.44,Corey Davis,WR,W/R/T,True,False,False,,13.8,,Corey Davis,WR,,399.p.30118,30118,NYJ,yahoo_fantasy_api
2020,11,,8,api,malle_dips_pouches,Voldemort,2020-W11-03,3,94.62,137.44,Kirk Cousins,QB,BN,False,True,False,,28.96,,Kirk Cousins,QB,,399.p.25812,25812,LV,yahoo_fantasy_api
2020,11,,9,api,malle_dips_pouches,Voldemort,2020-W11-03,3,94.62,137.44,Jerry Jeudy,WR,BN,False,True,False,,5.2,,Jerry Jeudy,WR,,399.p.32685,32685,Cle,yahoo_fantasy_api
2020,11,,10,api,malle_dips_pouches,Voldemort,2020-W11-03,3,94.62,137.44,Le'Veon Bell,RB,BN,False,True,False,,10.1,,Le'Veon Bell,RB,,399.p.26671,26671,TB,yahoo_fantasy_api
2020,11,,11,api,malle_dips_pouches,Voldemort,2020-W11-03,3,94.62,137.44,Eric Ebron,TE,BN,False,True,False,,11.6,,Eric Ebron,TE,,399.p.27538,27538,Pit,yahoo_fantasy_api
2020,11,,12,api,malle_dips_pouches,Voldemort,2020-W11-03,3,94.62,137.44,Deebo Samuel Sr.,WR,BN,False,True,False,,0.0,,Deebo Samuel Sr.,WR,,399.p.31868,31868,SF,yahoo_fantasy_api
2020,11,,13,api,malle_dips_pouches,Voldemort,2020-W11-03,3,94.62,137.44,Malcolm Brown,RB,BN,False,True,False,,3.3,,Malcolm Brown,RB,,399.p.28990,28990,LAR,yahoo_fantasy_api
2020,11,,14,api,malle_dips_pouches,Voldemort,2020-W11-03,3,94.62,137.44,Myles Gaskin,RB,IR,False,False,True,,0.0,,Myles Gaskin,RB,,399.p.32066,32066,Sea,yahoo_fantasy_api
2020,11,,15,api,malle_dips_pouches,Voldemort,2020-W11-03,3,94.62,137.44,Chris Boswell,K,K,True,False,False,,11.0,,Chris Boswell,K,,399.p.28188,28188,Pit,yahoo_fantasy_api
2020,11,,16,api,malle_dips_pouches,Voldemort,2020-W11-03,3,94.62,137.44,Eagles,DEF,DEF,True,False,False,,8.0,,Eagles,DEF,,399.p.100021,100021,Phi,yahoo_fantasy_api
2020,12,,1,api,Big Sack Jack,ThreatLevelMidnight,2020-W12-04,4,106.58,102.6,Patrick Mahomes,QB,QB,True,False,False,,37.28,,Patrick Mahomes,QB,,399.p.30123,30123,KC,yahoo_fantasy_api
2020,12,,2,api,Big Sack Jack,ThreatLevelMidnight,2020-W12-04,4,106.58,102.6,Keenan Allen,WR,WR,True,False,False,,14.0,,Keenan Allen,WR,,399.p.26699,26699,Ind,yahoo_fantasy_api
2020,12,,3,api,Big Sack Jack,ThreatLevelMidnight,2020-W12-04,4,106.58,102.6,CeeDee Lamb,WR,WR,True,False,False,,4.6,,CeeDee Lamb,WR,,399.p.32687,32687,Dal,yahoo_fantasy_api
2020,12,,4,api,Big Sack Jack,ThreatLevelMidnight,2020-W12-04,4,106.58,102.6,Melvin Gordon III,RB,RB,True,False,False,,3.1,,Melvin Gordon III,RB,,399.p.28403,28403,Bal,yahoo_fantasy_api
2020,12,,5,api,Big Sack Jack,ThreatLevelMidnight,2020-W12-04,4,106.58,102.6,James White,RB,RB,True,False,False,,14.2,,James White,RB,,399.p.27658,27658,NE,yahoo_fantasy_api
2020,12,,6,api,Big Sack Jack,ThreatLevelMidnight,2020-W12-04,4,106.58,102.6,Dallas Goedert,TE,TE,True,False,False,,17.0,,Dallas Goedert,TE,,399.p.31019,31019,Phi,yahoo_fantasy_api
2020,12,,7,api,Big Sack Jack,ThreatLevelMidnight,2020-W12-04,4,106.58,102.6,Ezekiel Elliott,RB,W/R/T,True,False,False,,2.4,,Ezekiel Elliott,RB,,399.p.29238,29238,Dal,yahoo_fantasy_api
2020,12,,8,api,Big Sack Jack,ThreatLevelMidnight,2020-W12-04,4,106.58,102.6,Hollywood Brown,WR,BN,False,True,False,,16.5,,Hollywood Brown,WR,,399.p.31857,31857,Phi,yahoo_fantasy_api
2020,12,,9,api,Big Sack Jack,ThreatLevelMidnight,2020-W12-04,4,106.58,102.6,Jordan Wilkins,RB,BN,False,True,False,,7.2,,Jordan Wilkins,RB,,399.p.31139,31139,Cle,yahoo_fantasy_api
2020,12,,10,api,Big Sack Jack,ThreatLevelMidnight,2020-W12-04,4,106.58,102.6,Philip Rivers,QB,BN,False,True,False,,22.8,,Philip Rivers,QB,,399.p.6763,6763,Ind,yahoo_fantasy_api
2020,12,,11,api,Big Sack Jack,ThreatLevelMidnight,2020-W12-04,4,106.58,102.6,Evan Engram,TE,BN,False,True,False,,13.9,,Evan Engram,TE,,399.p.30136,30136,Den,yahoo_fantasy_api
2020,12,,12,api,Big Sack Jack,ThreatLevelMidnight,2020-W12-04,4,106.58,102.6,Mecole Hardman Jr.,WR,BN,False,True,False,,3.8,,Mecole Hardman Jr.,WR,,399.p.31888,31888,Buf,yahoo_fantasy_api
2020,12,,13,api,Big Sack Jack,ThreatLevelMidnight,2020-W12-04,4,106.58,102.6,David Moore,WR,BN,False,True,False,,7.0,,David Moore,WR,,399.p.30339,30339,Car,yahoo_fantasy_api
2020,12,,14,api,Big Sack Jack,ThreatLevelMidnight,2020-W12-04,4,106.58,102.6,Ryan Succop,K,K,True,False,False,,6.0,,Ryan Succop,K,,399.p.9520,9520,TB,yahoo_fantasy_api
2020,12,,15,api,Big Sack Jack,ThreatLevelMidnight,2020-W12-04,4,106.58,102.6,Ravens,DEF,DEF,True,False,False,,8.0,,Ravens,DEF,,399.p.100033,100033,Bal,yahoo_fantasy_api
2020,12,,1,api,Ginger FC 🏆🏆,Pop Lockett Drop it,2020-W12-05,5,112.7,118.94,Russell Wilson,QB,QB,True,False,False,,16.4,,Russell Wilson,QB,,399.p.25785,25785,NYG,yahoo_fantasy_api
2020,12,,2,api,Ginger FC 🏆🏆,Pop Lockett Drop it,2020-W12-05,5,112.7,118.94,DK Metcalf,WR,WR,True,False,False,,22.7,,DK Metcalf,WR,,399.p.31896,31896,Pit,yahoo_fantasy_api
2020,12,,3,api,Ginger FC 🏆🏆,Pop Lockett Drop it,2020-W12-05,5,112.7,118.94,Mike Evans,WR,WR,True,False,False,,18.5,,Mike Evans,WR,,399.p.27535,27535,SF,yahoo_fantasy_api
2020,12,,4,api,Ginger FC 🏆🏆,Pop Lockett Drop it,2020-W12-05,5,112.7,118.94,Chase Edmonds,RB,RB,True,False,False,,6.3,,Chase Edmonds,RB,,399.p.31104,31104,Was,yahoo_fantasy_api
2020,12,,5,api,Ginger FC 🏆🏆,Pop Lockett Drop it,2020-W12-05,5,112.7,118.94,Frank Gore,RB,RB,True,False,False,,10.1,,Frank Gore,RB,,399.p.7241,7241,NYJ,yahoo_fantasy_api
2020,12,,6,api,Ginger FC 🏆🏆,Pop Lockett Drop it,2020-W12-05,5,112.7,118.94,Jimmy Graham,TE,TE,True,False,False,,4.7,,Jimmy Graham,TE,,399.p.24070,24070,NO,yahoo_fantasy_api
2020,12,,7,api,Ginger FC 🏆🏆,Pop Lockett Drop it,2020-W12-05,5,112.7,118.94,Brandin Cooks,WR,W/R/T,True,False,False,,11.0,,Brandin Cooks,WR,,399.p.27548,27548,SF,yahoo_fantasy_api
2020,12,,8,api,Ginger FC 🏆🏆,Pop Lockett Drop it,2020-W12-05,5,112.7,118.94,Brandon Aiyuk,WR,BN,False,True,False,,0.0,,Brandon Aiyuk,WR,,399.p.32695,32695,SF,yahoo_fantasy_api
2020,12,,9,api,Ginger FC 🏆🏆,Pop Lockett Drop it,2020-W12-05,5,112.7,118.94,Christian McCaffrey,RB,BN,False,True,False,,0.0,,Christian McCaffrey,RB,,399.p.30121,30121,SF,yahoo_fantasy_api
2020,12,,10,api,Ginger FC 🏆🏆,Pop Lockett Drop it,2020-W12-05,5,112.7,118.94,Cole Beasley,WR,BN,False,True,False,,10.3,,Cole Beasley,WR,,399.p.26060,26060,NYG,yahoo_fantasy_api
2020,12,,11,api,Ginger FC 🏆🏆,Pop Lockett Drop it,2020-W12-05,5,112.7,118.94,DeVante Parker,WR,BN,False,True,False,,15.9,,DeVante Parker,WR,,399.p.28402,28402,NE,yahoo_fantasy_api
2020,12,,12,api,Ginger FC 🏆🏆,Pop Lockett Drop it,2020-W12-05,5,112.7,118.94,Keelan Cole Sr.,WR,BN,False,True,False,,5.9,,Keelan Cole Sr.,WR,,399.p.30396,30396,LV,yahoo_fantasy_api
2020,12,,13,api,Ginger FC 🏆🏆,Pop Lockett Drop it,2020-W12-05,5,112.7,118.94,Allen Lazard,WR,BN,False,True,False,,10.3,,Allen Lazard,WR,,399.p.31268,31268,NYJ,yahoo_fantasy_api
2020,12,,14,api,Ginger FC 🏆🏆,Pop Lockett Drop it,2020-W12-05,5,112.7,118.94,Harrison Butker,K,K,True,False,False,,9.0,,Harrison Butker,K,,399.p.30346,30346,KC,yahoo_fantasy_api
2020,12,,15,api,Ginger FC 🏆🏆,Pop Lockett Drop it,2020-W12-05,5,112.7,118.94,Steelers,DEF,DEF,True,False,False,,14.0,,Steelers,DEF,,399.p.100023,100023,Pit,yahoo_fantasy_api
2020,12,,1,api,Joe Mantegna,malle_dips_pouches,2020-W12-03,3,121.34,96.48,Deshaun Watson,QB,QB,True,False,False,,41.12,,Deshaun Watson,QB,,399.p.30125,30125,Cle,yahoo_fantasy_api
2020,12,,2,api,Joe Mantegna,malle_dips_pouches,2020-W12-03,3,121.34,96.48,Curtis Samuel,WR,WR,True,False,False,,10.2,,Curtis Samuel,WR,,399.p.30153,30153,Buf,yahoo_fantasy_api
2020,12,,3,api,Joe Mantegna,malle_dips_pouches,2020-W12-03,3,121.34,96.48,JuJu Smith-Schuster,WR,WR,True,False,False,,13.7,,JuJu Smith-Schuster,WR,,399.p.30175,30175,NYG,yahoo_fantasy_api
2020,12,,4,api,Joe Mantegna,malle_dips_pouches,2020-W12-03,3,121.34,96.48,Miles Sanders,RB,RB,True,False,False,,5.2,,Miles Sanders,RB,,399.p.31885,31885,Dal,yahoo_fantasy_api
2020,12,,5,api,Joe Mantegna,malle_dips_pouches,2020-W12-03,3,121.34,96.48,Clyde Edwards-Helaire,RB,RB,True,False,False,,4.4,,Clyde Edwards-Helaire,RB,,399.p.32702,32702,KC,yahoo_fantasy_api
2020,12,,6,api,Joe Mantegna,malle_dips_pouches,2020-W12-03,3,121.34,96.48,Logan Thomas,TE,TE,True,False,False,,11.42,,Logan Thomas,TE,,399.p.27648,27648,SF,yahoo_fantasy_api
2020,12,,7,api,Joe Mantegna,malle_dips_pouches,2020-W12-03,3,121.34,96.48,Jarvis Landry,WR,W/R/T,True,False,False,,24.3,,Jarvis Landry,WR,,399.p.27591,27591,NO,yahoo_fantasy_api
2020,12,,8,api,Joe Mantegna,malle_dips_pouches,2020-W12-03,3,121.34,96.48,Zack Moss,RB,BN,False,True,False,,7.8,,Zack Moss,RB,,399.p.32756,32756,Cin,yahoo_fantasy_api
2020,12,,9,api,Joe Mantegna,malle_dips_pouches,2020-W12-03,3,121.34,96.48,Todd Gurley,RB,BN,False,True,False,,0.0,,Todd Gurley,RB,,399.p.28398,28398,Atl,yahoo_fantasy_api
2020,12,,10,api,Joe Mantegna,malle_dips_pouches,2020-W12-03,3,121.34,96.48,DJ Chark,WR,BN,False,True,False,,0.0,,DJ Chark,WR,,399.p.31031,31031,Atl,yahoo_fantasy_api
2020,12,,11,api,Joe Mantegna,malle_dips_pouches,2020-W12-03,3,121.34,96.48,Trey Burton,TE,BN,False,True,False,,11.7,,Trey Burton,TE,,399.p.27789,27789,Ind,yahoo_fantasy_api
2020,12,,12,api,Joe Mantegna,malle_dips_pouches,2020-W12-03,3,121.34,96.48,Mark Ingram II,RB,BN,False,True,False,,0.0,,Mark Ingram II,RB,,399.p.24815,24815,NO,yahoo_fantasy_api
2020,12,,13,api,Joe Mantegna,malle_dips_pouches,2020-W12-03,3,121.34,96.48,Patrick Laird,RB,BN,False,True,False,,-1.1,,Patrick Laird,RB,,399.p.32439,32439,TB,yahoo_fantasy_api
2020,12,,14,api,Joe Mantegna,malle_dips_pouches,2020-W12-03,3,121.34,96.48,George Kittle,TE,IR,False,False,True,,0.0,,George Kittle,TE,,399.p.30259,30259,SF,yahoo_fantasy_api
2020,12,,15,api,Joe Mantegna,malle_dips_pouches,2020-W12-03,3,121.34,96.48,Zane Gonzalez,K,K,True,False,False,,6.0,,Zane Gonzalez,K,,399.p.30337,30337,Mia,yahoo_fantasy_api
2020,12,,16,api,Joe Mantegna,malle_dips_pouches,2020-W12-03,3,121.34,96.48,Patriots,DEF,DEF,True,False,False,,5.0,,Patriots,DEF,,399.p.100017,100017,NE,yahoo_fantasy_api
2020,12,,1,api,Malle ❤️ 🐸,The Big Gronkowski,2020-W12-01,1,82.04,85.82,Ben Roethlisberger,QB,QB,True,False,False,,15.54,,Ben Roethlisberger,QB,,399.p.6770,6770,Pit,yahoo_fantasy_api
2020,12,,2,api,Malle ❤️ 🐸,The Big Gronkowski,2020-W12-01,1,82.04,85.82,Calvin Ridley,WR,WR,True,False,False,,14.0,,Calvin Ridley,WR,,399.p.30996,30996,Ten,yahoo_fantasy_api
2020,12,,3,api,Malle ❤️ 🐸,The Big Gronkowski,2020-W12-01,1,82.04,85.82,Jakobi Meyers,WR,WR,True,False,False,,7.7,,Jakobi Meyers,WR,,399.p.32231,32231,Jax,yahoo_fantasy_api
2020,12,,4,api,Malle ❤️ 🐸,The Big Gronkowski,2020-W12-01,1,82.04,85.82,Kareem Hunt,RB,RB,True,False,False,,6.2,,Kareem Hunt,RB,,399.p.30199,30199,KC,yahoo_fantasy_api
2020,12,,5,api,Malle ❤️ 🐸,The Big Gronkowski,2020-W12-01,1,82.04,85.82,Alvin Kamara,RB,RB,True,False,False,,5.7,,Alvin Kamara,RB,,399.p.30180,30180,NO,yahoo_fantasy_api
2020,12,,6,api,Malle ❤️ 🐸,The Big Gronkowski,2020-W12-01,1,82.04,85.82,Travis Kelce,TE,TE,True,False,False,,12.2,,Travis Kelce,TE,,399.p.26686,26686,KC,yahoo_fantasy_api
2020,12,,7,api,Malle ❤️ 🐸,The Big Gronkowski,2020-W12-01,1,82.04,85.82,Damien Harris,RB,W/R/T,True,False,False,,4.7,,Damien Harris,RB,,399.p.31919,31919,Buf,yahoo_fantasy_api
2020,12,,8,api,Malle ❤️ 🐸,The Big Gronkowski,2020-W12-01,1,82.04,85.82,Adam Thielen,WR,BN,False,True,False,,0.0,,Adam Thielen,WR,,399.p.27277,27277,Pit,yahoo_fantasy_api
2020,12,,9,api,Malle ❤️ 🐸,The Big Gronkowski,2020-W12-01,1,82.04,85.82,Latavius Murray,RB,BN,False,True,False,,25.1,,Latavius Murray,RB,,399.p.26804,26804,Buf,yahoo_fantasy_api
2020,12,,10,api,Malle ❤️ 🐸,The Big Gronkowski,2020-W12-01,1,82.04,85.82,Tom Brady,QB,BN,False,True,False,,29.7,,Tom Brady,QB,,399.p.5228,5228,TB,yahoo_fantasy_api
2020,12,,11,api,Malle ❤️ 🐸,The Big Gronkowski,2020-W12-01,1,82.04,85.82,Mike Gesicki,TE,BN,False,True,False,,10.5,,Mike Gesicki,TE,,399.p.31012,31012,Cin,yahoo_fantasy_api
2020,12,,12,api,Malle ❤️ 🐸,The Big Gronkowski,2020-W12-01,1,82.04,85.82,DeSean Jackson,WR,BN,False,True,False,,0.0,,DeSean Jackson,WR,,399.p.8826,8826,Bal,yahoo_fantasy_api
2020,12,,13,api,Malle ❤️ 🐸,The Big Gronkowski,2020-W12-01,1,82.04,85.82,Jordan Howard,RB,BN,False,True,False,,0.0,,Jordan Howard,RB,,399.p.29384,29384,NO,yahoo_fantasy_api
2020,12,,14,api,Malle ❤️ 🐸,The Big Gronkowski,2020-W12-01,1,82.04,85.82,Preston Williams,WR,IR,False,False,True,,0.0,,Preston Williams,WR,,399.p.32447,32447,Car,yahoo_fantasy_api
2020,12,,15,api,Malle ❤️ 🐸,The Big Gronkowski,2020-W12-01,1,82.04,85.82,Justin Tucker,K,K,True,False,False,,2.0,,Justin Tucker,K,,399.p.26534,26534,Bal,yahoo_fantasy_api
2020,12,,16,api,Malle ❤️ 🐸,The Big Gronkowski,2020-W12-01,1,82.04,85.82,Saints,DEF,DEF,True,False,False,,14.0,,Saints,DEF,,399.p.100018,100018,NO,yahoo_fantasy_api
2020,12,,1,api,Patty Primetimes,Post Mahomes,2020-W12-06,6,81.08,87.02,Josh Allen,QB,QB,True,False,False,,18.48,,Josh Allen,QB,,399.p.30977,30977,Buf,yahoo_fantasy_api
2020,12,,2,api,Patty Primetimes,Post Mahomes,2020-W12-06,6,81.08,87.02,Tyler Lockett,WR,WR,True,False,False,,3.8,,Tyler Lockett,WR,,399.p.28457,28457,LV,yahoo_fantasy_api
2020,12,,3,api,Patty Primetimes,Post Mahomes,2020-W12-06,6,81.08,87.02,DJ Moore,WR,WR,True,False,False,,8.1,,DJ Moore,WR,,399.p.30994,30994,Buf,yahoo_fantasy_api
2020,12,,4,api,Patty Primetimes,Post Mahomes,2020-W12-06,6,81.08,87.02,Nyheim Miller-Hines,RB,RB,True,False,False,,13.5,,Nyheim Miller-Hines,RB,,399.p.31074,31074,LAC,yahoo_fantasy_api
2020,12,,5,api,Patty Primetimes,Post Mahomes,2020-W12-06,6,81.08,87.02,D'Andre Swift,RB,RB,True,False,False,,0.0,,D'Andre Swift,RB,,399.p.32705,32705,Chi,yahoo_fantasy_api
2020,12,,6,api,Patty Primetimes,Post Mahomes,2020-W12-06,6,81.08,87.02,Rob Gronkowski,TE,TE,True,False,False,,13.6,,Rob Gronkowski,TE,,399.p.24017,24017,TB,yahoo_fantasy_api
2020,12,,7,api,Patty Primetimes,Post Mahomes,2020-W12-06,6,81.08,87.02,Travis Fulgham,WR,W/R/T,True,False,False,,2.6,,Travis Fulgham,WR,,399.p.32016,32016,GB,yahoo_fantasy_api
2020,12,,8,api,Patty Primetimes,Post Mahomes,2020-W12-06,6,81.08,87.02,Adrian Peterson,RB,BN,False,True,False,,17.5,,Adrian Peterson,RB,,399.p.8261,8261,Sea,yahoo_fantasy_api
2020,12,,9,api,Patty Primetimes,Post Mahomes,2020-W12-06,6,81.08,87.02,Matthew Stafford,QB,BN,False,True,False,,19.1,,Matthew Stafford,QB,,399.p.9265,9265,LAR,yahoo_fantasy_api
2020,12,,10,api,Patty Primetimes,Post Mahomes,2020-W12-06,6,81.08,87.02,Jamaal Williams,RB,BN,False,True,False,,13.3,,Jamaal Williams,RB,,399.p.30247,30247,NO,yahoo_fantasy_api
2020,12,,11,api,Patty Primetimes,Post Mahomes,2020-W12-06,6,81.08,87.02,J.K. Dobbins,RB,BN,False,True,False,,0.0,,J.K. Dobbins,RB,,399.p.32725,32725,Den,yahoo_fantasy_api
2020,12,,12,api,Patty Primetimes,Post Mahomes,2020-W12-06,6,81.08,87.02,Phillip Lindsay,RB,BN,False,True,False,,2.0,,Phillip Lindsay,RB,,399.p.31379,31379,Ind,yahoo_fantasy_api
2020,12,,13,api,Patty Primetimes,Post Mahomes,2020-W12-06,6,81.08,87.02,Noah Fant,TE,BN,False,True,False,,1.8,,Noah Fant,TE,,399.p.31852,31852,NO,yahoo_fantasy_api
2020,12,,14,api,Patty Primetimes,Post Mahomes,2020-W12-06,6,81.08,87.02,Daniel Carlson,K,K,True,False,False,,6.0,,Daniel Carlson,K,,399.p.31137,31137,NO,yahoo_fantasy_api
2020,12,,15,api,Patty Primetimes,Post Mahomes,2020-W12-06,6,81.08,87.02,Commanders,DEF,DEF,True,False,False,,15.0,,Commanders,DEF,,399.p.100028,100028,Was,yahoo_fantasy_api
2020,12,,1,api,Pop Lockett Drop it,Ginger FC 🏆🏆,2020-W12-05,5,118.94,112.7,Aaron Rodgers,QB,QB,True,False,False,,33.64,,Aaron Rodgers,QB,,399.p.7200,7200,Pit,yahoo_fantasy_api
2020,12,,2,api,Pop Lockett Drop it,Ginger FC 🏆🏆,2020-W12-05,5,118.94,112.7,Robbie Chosen,WR,WR,True,False,False,,17.4,,Robbie Chosen,WR,,399.p.29785,29785,Was,yahoo_fantasy_api
2020,12,,3,api,Pop Lockett Drop it,Ginger FC 🏆🏆,2020-W12-05,5,118.94,112.7,Tee Higgins,WR,WR,True,False,False,,12.9,,Tee Higgins,WR,,399.p.32703,32703,Cin,yahoo_fantasy_api
2020,12,,4,api,Pop Lockett Drop it,Ginger FC 🏆🏆,2020-W12-05,5,118.94,112.7,Josh Jacobs,RB,RB,True,False,False,,3.9,,Josh Jacobs,RB,,399.p.31856,31856,GB,yahoo_fantasy_api
2020,12,,5,api,Pop Lockett Drop it,Ginger FC 🏆🏆,2020-W12-05,5,118.94,112.7,James Robinson,RB,RB,True,False,False,,24.4,,James Robinson,RB,,399.p.33138,33138,NO,yahoo_fantasy_api
2020,12,,6,api,Pop Lockett Drop it,Ginger FC 🏆🏆,2020-W12-05,5,118.94,112.7,Austin Hooper,TE,TE,True,False,False,,8.3,,Austin Hooper,TE,,399.p.29315,29315,Atl,yahoo_fantasy_api
2020,12,,7,api,Pop Lockett Drop it,Ginger FC 🏆🏆,2020-W12-05,5,118.94,112.7,Stefon Diggs,WR,W/R/T,True,False,False,,7.4,,Stefon Diggs,WR,,399.p.28534,28534,Was,yahoo_fantasy_api
2020,12,,8,api,Pop Lockett Drop it,Ginger FC 🏆🏆,2020-W12-05,5,118.94,112.7,Julio Jones,WR,BN,False,True,False,,0.0,,Julio Jones,WR,,399.p.24793,24793,Phi,yahoo_fantasy_api
2020,12,,9,api,Pop Lockett Drop it,Ginger FC 🏆🏆,2020-W12-05,5,118.94,112.7,Will Fuller V,WR,BN,False,True,False,,32.1,,Will Fuller V,WR,,399.p.29255,29255,Mia,yahoo_fantasy_api
2020,12,,10,api,Pop Lockett Drop it,Ginger FC 🏆🏆,2020-W12-05,5,118.94,112.7,David Johnson,RB,BN,False,True,False,,0.0,,David Johnson,RB,,399.p.28474,28474,NO,yahoo_fantasy_api
2020,12,,11,api,Pop Lockett Drop it,Ginger FC 🏆🏆,2020-W12-05,5,118.94,112.7,Emmanuel Sanders,WR,BN,False,True,False,,0.9,,Emmanuel Sanders,WR,,399.p.24057,24057,Buf,yahoo_fantasy_api
2020,12,,12,api,Pop Lockett Drop it,Ginger FC 🏆🏆,2020-W12-05,5,118.94,112.7,Henry Ruggs III,WR,BN,False,True,False,,6.9,,Henry Ruggs III,WR,,399.p.32682,32682,LV,yahoo_fantasy_api
2020,12,,13,api,Pop Lockett Drop it,Ginger FC 🏆🏆,2020-W12-05,5,118.94,112.7,Devin Singletary,RB,BN,False,True,False,,9.7,,Devin Singletary,RB,,399.p.31906,31906,NYG,yahoo_fantasy_api
2020,12,,14,api,Pop Lockett Drop it,Ginger FC 🏆🏆,2020-W12-05,5,118.94,112.7,Rodrigo Blankenship,K,K,True,False,False,,2.0,,Rodrigo Blankenship,K,,399.p.33211,33211,Ind,yahoo_fantasy_api
2020,12,,15,api,Pop Lockett Drop it,Ginger FC 🏆🏆,2020-W12-05,5,118.94,112.7,Giants,DEF,DEF,True,False,False,,9.0,,Giants,DEF,,399.p.100019,100019,NYG,yahoo_fantasy_api
2020,12,,1,api,Post Mahomes,Patty Primetimes,2020-W12-06,6,87.02,81.08,Kyler Murray,QB,QB,True,False,False,,8.9,,Kyler Murray,QB,,399.p.31833,31833,Min,yahoo_fantasy_api
2020,12,,2,api,Post Mahomes,Patty Primetimes,2020-W12-06,6,87.02,81.08,Robert Woods,WR,WR,True,False,False,,12.3,,Robert Woods,WR,,399.p.26664,26664,Pit,yahoo_fantasy_api
2020,12,,3,api,Post Mahomes,Patty Primetimes,2020-W12-06,6,87.02,81.08,Marvin Jones Jr.,WR,WR,True,False,False,,7.8,,Marvin Jones Jr.,WR,,399.p.25876,25876,Det,yahoo_fantasy_api
2020,12,,4,api,Post Mahomes,Patty Primetimes,2020-W12-06,6,87.02,81.08,Nick Chubb,RB,RB,True,False,False,,25.1,,Nick Chubb,RB,,399.p.31005,31005,Hou,yahoo_fantasy_api
2020,12,,5,api,Post Mahomes,Patty Primetimes,2020-W12-06,6,87.02,81.08,Chris Carson,RB,RB,True,False,False,,12.9,,Chris Carson,RB,,399.p.30362,30362,Sea,yahoo_fantasy_api
2020,12,,6,api,Post Mahomes,Patty Primetimes,2020-W12-06,6,87.02,81.08,Hayden Hurst,TE,TE,True,False,False,,6.8,,Hayden Hurst,TE,,399.p.30995,30995,LAC,yahoo_fantasy_api
2020,12,,7,api,Post Mahomes,Patty Primetimes,2020-W12-06,6,87.02,81.08,Kendall Hinton,WR,W/R/T,True,False,False,,-0.78,,Kendall Hinton,WR,,399.p.32929,32929,Den,yahoo_fantasy_api
2020,12,,8,api,Post Mahomes,Patty Primetimes,2020-W12-06,6,87.02,81.08,David Montgomery,RB,BN,False,True,False,,22.8,,David Montgomery,RB,,399.p.31905,31905,Hou,yahoo_fantasy_api
2020,12,,9,api,Post Mahomes,Patty Primetimes,2020-W12-06,6,87.02,81.08,Kenny Golladay,WR,BN,False,True,False,,0.0,,Kenny Golladay,WR,,399.p.30209,30209,NYG,yahoo_fantasy_api
2020,12,,10,api,Post Mahomes,Patty Primetimes,2020-W12-06,6,87.02,81.08,Mike Williams,WR,BN,False,True,False,,4.1,,Mike Williams,WR,,399.p.30120,30120,Pit,yahoo_fantasy_api
2020,12,,11,api,Post Mahomes,Patty Primetimes,2020-W12-06,6,87.02,81.08,Mark Andrews,TE,IR,False,False,True,,0.0,,Mark Andrews,TE,,399.p.31056,31056,Bal,yahoo_fantasy_api
2020,12,,12,api,Post Mahomes,Patty Primetimes,2020-W12-06,6,87.02,81.08,Matt Prater,K,K,True,False,False,,5.0,,Matt Prater,K,,399.p.8565,8565,Buf,yahoo_fantasy_api
2020,12,,13,api,Post Mahomes,Patty Primetimes,2020-W12-06,6,87.02,81.08,Seahawks,DEF,DEF,True,False,False,,9.0,,Seahawks,DEF,,399.p.100026,100026,Sea,yahoo_fantasy_api
2020,12,,14,api,Post Mahomes,Patty Primetimes,2020-W12-06,6,87.02,81.08,Colts,DEF,BN,False,True,False,,-3.0,,Colts,DEF,,399.p.100011,100011,Ind,yahoo_fantasy_api
2020,12,,1,api,The Big Gronkowski,Malle ❤️ 🐸,2020-W12-01,1,85.82,82.04,Jared Goff,QB,QB,True,False,False,,5.02,,Jared Goff,QB,,399.p.29235,29235,Det,yahoo_fantasy_api
2020,12,,2,api,The Big Gronkowski,Malle ❤️ 🐸,2020-W12-01,1,85.82,82.04,Cooper Kupp,WR,WR,True,False,False,,5.1,,Cooper Kupp,WR,,399.p.30182,30182,Sea,yahoo_fantasy_api
2020,12,,3,api,The Big Gronkowski,Malle ❤️ 🐸,2020-W12-01,1,85.82,82.04,Allen Robinson,WR,WR,True,False,False,,23.4,,Allen Robinson,WR,,399.p.27589,27589,Det,yahoo_fantasy_api
2020,12,,4,api,The Big Gronkowski,Malle ❤️ 🐸,2020-W12-01,1,85.82,82.04,Ronald Jones,RB,RB,True,False,False,,16.8,,Ronald Jones,RB,,399.p.31008,31008,Dal,yahoo_fantasy_api
2020,12,,5,api,The Big Gronkowski,Malle ❤️ 🐸,2020-W12-01,1,85.82,82.04,Dalvin Cook,RB,RB,True,False,False,,8.2,,Dalvin Cook,RB,,399.p.30154,30154,Dal,yahoo_fantasy_api
2020,12,,6,api,The Big Gronkowski,Malle ❤️ 🐸,2020-W12-01,1,85.82,82.04,Darren Waller,TE,TE,True,False,False,,4.3,,Darren Waller,TE,,399.p.28592,28592,Car,yahoo_fantasy_api
2020,12,,7,api,The Big Gronkowski,Malle ❤️ 🐸,2020-W12-01,1,85.82,82.04,Darius Slayton,WR,W/R/T,True,False,False,,0.0,,Darius Slayton,WR,,399.p.32003,32003,Ind,yahoo_fantasy_api
2020,12,,8,api,The Big Gronkowski,Malle ❤️ 🐸,2020-W12-01,1,85.82,82.04,James Conner,RB,BN,False,True,False,,0.0,,James Conner,RB,,399.p.30218,30218,Ari,yahoo_fantasy_api
2020,12,,9,api,The Big Gronkowski,Malle ❤️ 🐸,2020-W12-01,1,85.82,82.04,Antonio Brown,WR,BN,False,True,False,,2.1,,Antonio Brown,WR,,399.p.24171,24171,TB,yahoo_fantasy_api
2020,12,,10,api,The Big Gronkowski,Malle ❤️ 🐸,2020-W12-01,1,85.82,82.04,Cam Newton,QB,BN,False,True,False,,5.96,,Cam Newton,QB,,399.p.24788,24788,Car,yahoo_fantasy_api
2020,12,,11,api,The Big Gronkowski,Malle ❤️ 🐸,2020-W12-01,1,85.82,82.04,Drew Brees,QB,BN,False,True,False,,0.0,,Drew Brees,QB,,399.p.5479,5479,NO,yahoo_fantasy_api
2020,12,,12,api,The Big Gronkowski,Malle ❤️ 🐸,2020-W12-01,1,85.82,82.04,Jonnu Smith,TE,BN,False,True,False,,0.0,,Jonnu Smith,TE,,399.p.30213,30213,GB,yahoo_fantasy_api
2020,12,,13,api,The Big Gronkowski,Malle ❤️ 🐸,2020-W12-01,1,85.82,82.04,Wil Lutz,K,K,True,False,False,,8.0,,Wil Lutz,K,,399.p.29754,29754,Den,yahoo_fantasy_api
2020,12,,14,api,The Big Gronkowski,Malle ❤️ 🐸,2020-W12-01,1,85.82,82.04,Packers,DEF,DEF,True,False,False,,15.0,,Packers,DEF,,399.p.100009,100009,GB,yahoo_fantasy_api
2020,12,,15,api,The Big Gronkowski,Malle ❤️ 🐸,2020-W12-01,1,85.82,82.04,49ers,DEF,BN,False,True,False,,17.0,,49ers,DEF,,399.p.100025,100025,SF,yahoo_fantasy_api
2020,12,,1,api,ThreatLevelMidnight,Big Sack Jack,2020-W12-04,4,102.6,106.58,Derek Carr,QB,QB,True,False,False,,1.6,,Derek Carr,QB,,399.p.27564,27564,NO,yahoo_fantasy_api
2020,12,,2,api,ThreatLevelMidnight,Big Sack Jack,2020-W12-04,4,102.6,106.58,Davante Adams,WR,WR,True,False,False,,15.1,,Davante Adams,WR,,399.p.27581,27581,LAR,yahoo_fantasy_api
2020,12,,3,api,ThreatLevelMidnight,Big Sack Jack,2020-W12-04,4,102.6,106.58,A.J. Brown,WR,WR,True,False,False,,23.8,,A.J. Brown,WR,,399.p.31883,31883,NE,yahoo_fantasy_api
2020,12,,4,api,ThreatLevelMidnight,Big Sack Jack,2020-W12-04,4,102.6,106.58,Wayne Gallman,RB,RB,True,False,False,,16.6,,Wayne Gallman,RB,,399.p.30253,30253,Sea,yahoo_fantasy_api
2020,12,,5,api,ThreatLevelMidnight,Big Sack Jack,2020-W12-04,4,102.6,106.58,Mike Davis,RB,RB,True,False,False,,9.4,,Mike Davis,RB,,399.p.28514,28514,Bal,yahoo_fantasy_api
2020,12,,6,api,ThreatLevelMidnight,Big Sack Jack,2020-W12-04,4,102.6,106.58,Jordan Reed,TE,TE,True,False,False,,2.8,,Jordan Reed,TE,,399.p.26708,26708,SF,yahoo_fantasy_api
2020,12,,7,api,ThreatLevelMidnight,Big Sack Jack,2020-W12-04,4,102.6,106.58,Raheem Mostert,RB,W/R/T,True,False,False,,9.3,,Raheem Mostert,RB,,399.p.28654,28654,LV,yahoo_fantasy_api
2020,12,,8,api,ThreatLevelMidnight,Big Sack Jack,2020-W12-04,4,102.6,106.58,Ryan Tannehill,QB,BN,False,True,False,,21.14,,Ryan Tannehill,QB,,399.p.25718,25718,Ten,yahoo_fantasy_api
2020,12,,9,api,ThreatLevelMidnight,Big Sack Jack,2020-W12-04,4,102.6,106.58,Giovani Bernard,RB,BN,False,True,False,,5.9,,Giovani Bernard,RB,,399.p.26660,26660,TB,yahoo_fantasy_api
2020,12,,10,api,ThreatLevelMidnight,Big Sack Jack,2020-W12-04,4,102.6,106.58,Tyler Boyd,WR,BN,False,True,False,,3.0,,Tyler Boyd,WR,,399.p.29288,29288,Ten,yahoo_fantasy_api
2020,12,,11,api,ThreatLevelMidnight,Big Sack Jack,2020-W12-04,4,102.6,106.58,Jerick McKinnon,RB,BN,False,True,False,,4.2,,Jerick McKinnon,RB,,399.p.27624,27624,KC,yahoo_fantasy_api
2020,12,,12,api,ThreatLevelMidnight,Big Sack Jack,2020-W12-04,4,102.6,106.58,Sammy Watkins,WR,BN,False,True,False,,5.8,,Sammy Watkins,WR,,399.p.27532,27532,Bal,yahoo_fantasy_api
2020,12,,13,api,ThreatLevelMidnight,Big Sack Jack,2020-W12-04,4,102.6,106.58,Joe Mixon,RB,IR,False,False,True,,0.0,,Joe Mixon,RB,,399.p.30161,30161,Hou,yahoo_fantasy_api
2020,12,,14,api,ThreatLevelMidnight,Big Sack Jack,2020-W12-04,4,102.6,106.58,Joey Slye,K,K,True,False,False,,10.0,,Joey Slye,K,,399.p.32384,32384,Ten,yahoo_fantasy_api
2020,12,,15,api,ThreatLevelMidnight,Big Sack Jack,2020-W12-04,4,102.6,106.58,Jason Myers,K,BN,False,True,False,,12.0,,Jason Myers,K,,399.p.28378,28378,Sea,yahoo_fantasy_api
2020,12,,16,api,ThreatLevelMidnight,Big Sack Jack,2020-W12-04,4,102.6,106.58,Dolphins,DEF,DEF,True,False,False,,14.0,,Dolphins,DEF,,399.p.100015,100015,Mia,yahoo_fantasy_api
2020,12,,1,api,Uncle Rico,Voldemort,2020-W12-02,2,171.52,176.74,Taysom Hill,QB,QB,True,False,False,,18.52,,Taysom Hill,QB,,399.p.30614,30614,NO,yahoo_fantasy_api
2020,12,,2,api,Uncle Rico,Voldemort,2020-W12-02,2,171.52,176.74,Michael Thomas,WR,WR,True,False,False,,7.1,,Michael Thomas,WR,,399.p.29281,29281,NO,yahoo_fantasy_api
2020,12,,3,api,Uncle Rico,Voldemort,2020-W12-02,2,171.52,176.74,Chris Godwin Jr.,WR,WR,True,False,False,,13.7,,Chris Godwin Jr.,WR,,399.p.30197,30197,TB,yahoo_fantasy_api
2020,12,,4,api,Uncle Rico,Voldemort,2020-W12-02,2,171.52,176.74,Derrick Henry,RB,RB,True,False,False,,37.5,,Derrick Henry,RB,,399.p.29279,29279,Bal,yahoo_fantasy_api
2020,12,,5,api,Uncle Rico,Voldemort,2020-W12-02,2,171.52,176.74,Antonio Gibson,RB,RB,True,False,False,,34.1,,Antonio Gibson,RB,,399.p.32736,32736,NE,yahoo_fantasy_api
2020,12,,6,api,Uncle Rico,Voldemort,2020-W12-02,2,171.52,176.74,Robert Tonyan,TE,TE,True,False,False,,15.2,,Robert Tonyan,TE,,399.p.30777,30777,Pit,yahoo_fantasy_api
2020,12,,7,api,Uncle Rico,Voldemort,2020-W12-02,2,171.52,176.74,Austin Ekeler,RB,W/R/T,True,False,False,,18.4,,Austin Ekeler,RB,,399.p.30423,30423,Was,yahoo_fantasy_api
2020,12,,8,api,Uncle Rico,Voldemort,2020-W12-02,2,171.52,176.74,Diontae Johnson,WR,BN,False,True,False,,8.6,,Diontae Johnson,WR,,399.p.31898,31898,Cle,yahoo_fantasy_api
2020,12,,9,api,Uncle Rico,Voldemort,2020-W12-02,2,171.52,176.74,Lamar Jackson,QB,BN,False,True,False,,0.0,,Lamar Jackson,QB,,399.p.31002,31002,Bal,yahoo_fantasy_api
2020,12,,10,api,Uncle Rico,Voldemort,2020-W12-02,2,171.52,176.74,Christian Kirk,WR,BN,False,True,False,,3.4,,Christian Kirk,WR,,399.p.31017,31017,SF,yahoo_fantasy_api
2020,12,,11,api,Uncle Rico,Voldemort,2020-W12-02,2,171.52,176.74,Jamison Crowder,WR,BN,False,True,False,,4.6,,Jamison Crowder,WR,,399.p.28493,28493,Was,yahoo_fantasy_api
2020,12,,12,api,Uncle Rico,Voldemort,2020-W12-02,2,171.52,176.74,Marquez Valdes-Scantling,WR,BN,False,True,False,,0.0,,Marquez Valdes-Scantling,WR,,399.p.31144,31144,LAC,yahoo_fantasy_api
2020,12,,13,api,Uncle Rico,Voldemort,2020-W12-02,2,171.52,176.74,Gus Edwards,RB,BN,False,True,False,,7.0,,Gus Edwards,RB,,399.p.31424,31424,LAC,yahoo_fantasy_api
2020,12,,14,api,Uncle Rico,Voldemort,2020-W12-02,2,171.52,176.74,Jason Sanders,K,K,True,False,False,,12.0,,Jason Sanders,K,,399.p.31199,31199,NYJ,yahoo_fantasy_api
2020,12,,15,api,Uncle Rico,Voldemort,2020-W12-02,2,171.52,176.74,Rams,DEF,DEF,True,False,False,,15.0,,Rams,DEF,,399.p.100014,100014,LAR,yahoo_fantasy_api
2020,12,,1,api,Voldemort,Uncle Rico,2020-W12-02,2,176.74,171.52,Justin Herbert,QB,QB,True,False,False,,19.44,,Justin Herbert,QB,,399.p.32676,32676,LAC,yahoo_fantasy_api
2020,12,,2,api,Voldemort,Uncle Rico,2020-W12-02,2,176.74,171.52,Terry McLaurin,WR,WR,True,False,False,,12.7,,Terry McLaurin,WR,,399.p.31908,31908,Was,yahoo_fantasy_api
2020,12,,3,api,Voldemort,Uncle Rico,2020-W12-02,2,176.74,171.52,Justin Jefferson,WR,WR,True,False,False,,22.5,,Justin Jefferson,WR,,399.p.32692,32692,Min,yahoo_fantasy_api
2020,12,,4,api,Voldemort,Uncle Rico,2020-W12-02,2,176.74,171.52,Duke Johnson,RB,RB,True,False,False,,15.5,,Duke Johnson,RB,,399.p.28465,28465,Buf,yahoo_fantasy_api
2020,12,,5,api,Voldemort,Uncle Rico,2020-W12-02,2,176.74,171.52,Kenyan Drake,RB,RB,True,False,False,,22.8,,Kenyan Drake,RB,,399.p.29307,29307,Bal,yahoo_fantasy_api
2020,12,,6,api,Voldemort,Uncle Rico,2020-W12-02,2,176.74,171.52,T.J. Hockenson,TE,TE,True,False,False,,11.4,,T.J. Hockenson,TE,,399.p.31840,31840,Min,yahoo_fantasy_api
2020,12,,7,api,Voldemort,Uncle Rico,2020-W12-02,2,176.74,171.52,Tyreek Hill,WR,W/R/T,True,False,False,,51.4,,Tyreek Hill,WR,,399.p.29399,29399,Mia,yahoo_fantasy_api
2020,12,,8,api,Voldemort,Uncle Rico,2020-W12-02,2,176.74,171.52,Chase Claypool,WR,BN,False,True,False,,8.2,,Chase Claypool,WR,,399.p.32719,32719,Buf,yahoo_fantasy_api
2020,12,,9,api,Voldemort,Uncle Rico,2020-W12-02,2,176.74,171.52,J.D. McKissic,RB,BN,False,True,False,,3.7,,J.D. McKissic,RB,,399.p.29650,29650,Was,yahoo_fantasy_api
2020,12,,10,api,Voldemort,Uncle Rico,2020-W12-02,2,176.74,171.52,Leonard Fournette,RB,BN,False,True,False,,3.5,,Leonard Fournette,RB,,399.p.30117,30117,Buf,yahoo_fantasy_api
2020,12,,11,api,Voldemort,Uncle Rico,2020-W12-02,2,176.74,171.52,Jonathan Taylor,RB,BN,False,True,False,,0.0,,Jonathan Taylor,RB,,399.p.32711,32711,Ind,yahoo_fantasy_api
2020,12,,12,api,Voldemort,Uncle Rico,2020-W12-02,2,176.74,171.52,Benny Snell Jr.,RB,BN,False,True,False,,10.8,,Benny Snell Jr.,RB,,399.p.31954,31954,Pit,yahoo_fantasy_api
2020,12,,13,api,Voldemort,Uncle Rico,2020-W12-02,2,176.74,171.52,John Brown,WR,IR,False,False,True,,0.0,,John Brown,WR,,399.p.27619,27619,Buf,yahoo_fantasy_api
2020,12,,14,api,Voldemort,Uncle Rico,2020-W12-02,2,176.74,171.52,Younghoe Koo,K,K,True,False,False,,21.0,,Younghoe Koo,K,,399.p.30426,30426,NYG,yahoo_fantasy_api
2020,12,,15,api,Voldemort,Uncle Rico,2020-W12-02,2,176.74,171.52,Browns,DEF,DEF,True,False,False,,0.0,,Browns,DEF,,399.p.100005,100005,Cle,yahoo_fantasy_api
2020,12,,16,api,Voldemort,Uncle Rico,2020-W12-02,2,176.74,171.52,Raiders,DEF,BN,False,True,False,,-1.0,,Raiders,DEF,,399.p.100013,100013,LV,yahoo_fantasy_api
2020,12,,1,api,malle_dips_pouches,Joe Mantegna,2020-W12-03,3,96.48,121.34,Kirk Cousins,QB,QB,True,False,False,,32.18,,Kirk Cousins,QB,,399.p.25812,25812,LV,yahoo_fantasy_api
2020,12,,2,api,malle_dips_pouches,Joe Mantegna,2020-W12-03,3,96.48,121.34,DeAndre Hopkins,WR,WR,True,False,False,,8.0,,DeAndre Hopkins,WR,,399.p.26650,26650,Bal,yahoo_fantasy_api
2020,12,,3,api,malle_dips_pouches,Joe Mantegna,2020-W12-03,3,96.48,121.34,Amari Cooper,WR,WR,True,False,False,,20.2,,Amari Cooper,WR,,399.p.28392,28392,Buf,yahoo_fantasy_api
2020,12,,4,api,malle_dips_pouches,Joe Mantegna,2020-W12-03,3,96.48,121.34,Aaron Jones Sr.,RB,RB,True,False,False,,9.5,,Aaron Jones Sr.,RB,,399.p.30295,30295,Min,yahoo_fantasy_api
2020,12,,5,api,malle_dips_pouches,Joe Mantegna,2020-W12-03,3,96.48,121.34,Darrell Henderson Jr.,RB,RB,True,False,False,,1.9,,Darrell Henderson Jr.,RB,,399.p.31902,31902,LAR,yahoo_fantasy_api
2020,12,,6,api,malle_dips_pouches,Joe Mantegna,2020-W12-03,3,96.48,121.34,Hunter Henry,TE,TE,True,False,False,,10.2,,Hunter Henry,TE,,399.p.29269,29269,NE,yahoo_fantasy_api
2020,12,,7,api,malle_dips_pouches,Joe Mantegna,2020-W12-03,3,96.48,121.34,Corey Davis,WR,W/R/T,True,False,False,,8.5,,Corey Davis,WR,,399.p.30118,30118,NYJ,yahoo_fantasy_api
2020,12,,8,api,malle_dips_pouches,Joe Mantegna,2020-W12-03,3,96.48,121.34,Joe Burrow,QB,BN,False,True,False,,0.0,,Joe Burrow,QB,,399.p.32671,32671,Cin,yahoo_fantasy_api
2020,12,,9,api,malle_dips_pouches,Joe Mantegna,2020-W12-03,3,96.48,121.34,Jerry Jeudy,WR,BN,False,True,False,,0.0,,Jerry Jeudy,WR,,399.p.32685,32685,Cle,yahoo_fantasy_api
2020,12,,10,api,malle_dips_pouches,Joe Mantegna,2020-W12-03,3,96.48,121.34,Le'Veon Bell,RB,BN,False,True,False,,4.2,,Le'Veon Bell,RB,,399.p.26671,26671,TB,yahoo_fantasy_api
2020,12,,11,api,malle_dips_pouches,Joe Mantegna,2020-W12-03,3,96.48,121.34,Eric Ebron,TE,BN,False,True,False,,8.9,,Eric Ebron,TE,,399.p.27538,27538,Pit,yahoo_fantasy_api
2020,12,,12,api,malle_dips_pouches,Joe Mantegna,2020-W12-03,3,96.48,121.34,Deebo Samuel Sr.,WR,BN,False,True,False,,18.8,,Deebo Samuel Sr.,WR,,399.p.31868,31868,SF,yahoo_fantasy_api
2020,12,,13,api,malle_dips_pouches,Joe Mantegna,2020-W12-03,3,96.48,121.34,Malcolm Brown,RB,BN,False,True,False,,0.9,,Malcolm Brown,RB,,399.p.28990,28990,LAR,yahoo_fantasy_api
2020,12,,14,api,malle_dips_pouches,Joe Mantegna,2020-W12-03,3,96.48,121.34,Myles Gaskin,RB,IR,False,False,True,,0.0,,Myles Gaskin,RB,,399.p.32066,32066,Sea,yahoo_fantasy_api
2020,12,,15,api,malle_dips_pouches,Joe Mantegna,2020-W12-03,3,96.48,121.34,Jake Elliott,K,K,True,False,False,,4.0,,Jake Elliott,K,,399.p.30266,30266,Phi,yahoo_fantasy_api
2020,12,,16,api,malle_dips_pouches,Joe Mantegna,2020-W12-03,3,96.48,121.34,Eagles,DEF,DEF,True,False,False,,2.0,,Eagles,DEF,,399.p.100021,100021,Phi,yahoo_fantasy_api
2020,13,,1,api,Big Sack Jack,Pop Lockett Drop it,2020-W13-05,5,80.12,115.6,Patrick Mahomes,QB,QB,True,False,False,,21.32,,Patrick Mahomes,QB,,399.p.30123,30123,KC,yahoo_fantasy_api
2020,13,,2,api,Big Sack Jack,Pop Lockett Drop it,2020-W13-05,5,80.12,115.6,Keenan Allen,WR,WR,True,False,False,,7.3,,Keenan Allen,WR,,399.p.26699,26699,Ind,yahoo_fantasy_api
2020,13,,3,api,Big Sack Jack,Pop Lockett Drop it,2020-W13-05,5,80.12,115.6,CeeDee Lamb,WR,WR,True,False,False,,7.6,,CeeDee Lamb,WR,,399.p.32687,32687,Dal,yahoo_fantasy_api
2020,13,,4,api,Big Sack Jack,Pop Lockett Drop it,2020-W13-05,5,80.12,115.6,Melvin Gordon III,RB,RB,True,False,False,,14.7,,Melvin Gordon III,RB,,399.p.28403,28403,Bal,yahoo_fantasy_api
2020,13,,5,api,Big Sack Jack,Pop Lockett Drop it,2020-W13-05,5,80.12,115.6,Ezekiel Elliott,RB,RB,True,False,False,,11.5,,Ezekiel Elliott,RB,,399.p.29238,29238,Dal,yahoo_fantasy_api
2020,13,,6,api,Big Sack Jack,Pop Lockett Drop it,2020-W13-05,5,80.12,115.6,Dallas Goedert,TE,TE,True,False,False,,9.1,,Dallas Goedert,TE,,399.p.31019,31019,Phi,yahoo_fantasy_api
2020,13,,7,api,Big Sack Jack,Pop Lockett Drop it,2020-W13-05,5,80.12,115.6,James White,RB,W/R/T,True,False,False,,1.6,,James White,RB,,399.p.27658,27658,NE,yahoo_fantasy_api
2020,13,,8,api,Big Sack Jack,Pop Lockett Drop it,2020-W13-05,5,80.12,115.6,Hollywood Brown,WR,BN,False,True,False,,12.4,,Hollywood Brown,WR,,399.p.31857,31857,Phi,yahoo_fantasy_api
2020,13,,9,api,Big Sack Jack,Pop Lockett Drop it,2020-W13-05,5,80.12,115.6,Jordan Wilkins,RB,BN,False,True,False,,2.8,,Jordan Wilkins,RB,,399.p.31139,31139,Cle,yahoo_fantasy_api
2020,13,,10,api,Big Sack Jack,Pop Lockett Drop it,2020-W13-05,5,80.12,115.6,Philip Rivers,QB,BN,False,True,False,,23.2,,Philip Rivers,QB,,399.p.6763,6763,Ind,yahoo_fantasy_api
2020,13,,11,api,Big Sack Jack,Pop Lockett Drop it,2020-W13-05,5,80.12,115.6,Evan Engram,TE,BN,False,True,False,,5.2,,Evan Engram,TE,,399.p.30136,30136,Den,yahoo_fantasy_api
2020,13,,12,api,Big Sack Jack,Pop Lockett Drop it,2020-W13-05,5,80.12,115.6,Mecole Hardman Jr.,WR,BN,False,True,False,,2.0,,Mecole Hardman Jr.,WR,,399.p.31888,31888,Buf,yahoo_fantasy_api
2020,13,,13,api,Big Sack Jack,Pop Lockett Drop it,2020-W13-05,5,80.12,115.6,David Moore,WR,BN,False,True,False,,1.1,,David Moore,WR,,399.p.30339,30339,Car,yahoo_fantasy_api
2020,13,,14,api,Big Sack Jack,Pop Lockett Drop it,2020-W13-05,5,80.12,115.6,Stephen Gostkowski,K,K,True,False,False,,3.0,,Stephen Gostkowski,K,,399.p.7867,7867,Ten,yahoo_fantasy_api
2020,13,,15,api,Big Sack Jack,Pop Lockett Drop it,2020-W13-05,5,80.12,115.6,Ravens,DEF,DEF,True,False,False,,4.0,,Ravens,DEF,,399.p.100033,100033,Bal,yahoo_fantasy_api
2020,13,,1,api,Ginger FC 🏆🏆,Post Mahomes,2020-W13-06,6,68.52,139.62,Russell Wilson,QB,QB,True,False,False,,18.02,,Russell Wilson,QB,,399.p.25785,25785,NYG,yahoo_fantasy_api
2020,13,,2,api,Ginger FC 🏆🏆,Post Mahomes,2020-W13-06,6,68.52,139.62,DK Metcalf,WR,WR,True,False,False,,10.5,,DK Metcalf,WR,,399.p.31896,31896,Pit,yahoo_fantasy_api
2020,13,,3,api,Ginger FC 🏆🏆,Post Mahomes,2020-W13-06,6,68.52,139.62,DeVante Parker,WR,WR,True,False,False,,5.5,,DeVante Parker,WR,,399.p.28402,28402,NE,yahoo_fantasy_api
2020,13,,4,api,Ginger FC 🏆🏆,Post Mahomes,2020-W13-06,6,68.52,139.62,Chase Edmonds,RB,RB,True,False,False,,5.3,,Chase Edmonds,RB,,399.p.31104,31104,Was,yahoo_fantasy_api
2020,13,,5,api,Ginger FC 🏆🏆,Post Mahomes,2020-W13-06,6,68.52,139.62,Frank Gore,RB,RB,True,False,False,,0.2,,Frank Gore,RB,,399.p.7241,7241,NYJ,yahoo_fantasy_api
2020,13,,6,api,Ginger FC 🏆🏆,Post Mahomes,2020-W13-06,6,68.52,139.62,Jimmy Graham,TE,TE,True,False,False,,0.0,,Jimmy Graham,TE,,399.p.24070,24070,NO,yahoo_fantasy_api
2020,13,,7,api,Ginger FC 🏆🏆,Post Mahomes,2020-W13-06,6,68.52,139.62,Brandin Cooks,WR,W/R/T,True,False,False,,9.0,,Brandin Cooks,WR,,399.p.27548,27548,SF,yahoo_fantasy_api
2020,13,,8,api,Ginger FC 🏆🏆,Post Mahomes,2020-W13-06,6,68.52,139.62,Mike Evans,WR,BN,False,True,False,,0.0,,Mike Evans,WR,,399.p.27535,27535,SF,yahoo_fantasy_api
2020,13,,9,api,Ginger FC 🏆🏆,Post Mahomes,2020-W13-06,6,68.52,139.62,Brandon Aiyuk,WR,BN,False,True,False,,18.0,,Brandon Aiyuk,WR,,399.p.32695,32695,SF,yahoo_fantasy_api
2020,13,,10,api,Ginger FC 🏆🏆,Post Mahomes,2020-W13-06,6,68.52,139.62,Christian McCaffrey,RB,BN,False,True,False,,0.0,,Christian McCaffrey,RB,,399.p.30121,30121,SF,yahoo_fantasy_api
2020,13,,11,api,Ginger FC 🏆🏆,Post Mahomes,2020-W13-06,6,68.52,139.62,Cole Beasley,WR,BN,False,True,False,,23.5,,Cole Beasley,WR,,399.p.26060,26060,NYG,yahoo_fantasy_api
2020,13,,12,api,Ginger FC 🏆🏆,Post Mahomes,2020-W13-06,6,68.52,139.62,Keelan Cole Sr.,WR,BN,False,True,False,,1.2,,Keelan Cole Sr.,WR,,399.p.30396,30396,LV,yahoo_fantasy_api
2020,13,,13,api,Ginger FC 🏆🏆,Post Mahomes,2020-W13-06,6,68.52,139.62,Allen Lazard,WR,BN,False,True,False,,6.5,,Allen Lazard,WR,,399.p.31268,31268,NYJ,yahoo_fantasy_api
2020,13,,14,api,Ginger FC 🏆🏆,Post Mahomes,2020-W13-06,6,68.52,139.62,Harrison Butker,K,K,True,False,False,,17.0,,Harrison Butker,K,,399.p.30346,30346,KC,yahoo_fantasy_api
2020,13,,15,api,Ginger FC 🏆🏆,Post Mahomes,2020-W13-06,6,68.52,139.62,Steelers,DEF,DEF,True,False,False,,3.0,,Steelers,DEF,,399.p.100023,100023,Pit,yahoo_fantasy_api
2020,13,,1,api,Joe Mantegna,Uncle Rico,2020-W13-03,3,87.98,107.28,Deshaun Watson,QB,QB,True,False,False,,20.44,,Deshaun Watson,QB,,399.p.30125,30125,Cle,yahoo_fantasy_api
2020,13,,2,api,Joe Mantegna,Uncle Rico,2020-W13-03,3,87.98,107.28,JuJu Smith-Schuster,WR,WR,True,False,False,,6.3,,JuJu Smith-Schuster,WR,,399.p.30175,30175,NYG,yahoo_fantasy_api
2020,13,,3,api,Joe Mantegna,Uncle Rico,2020-W13-03,3,87.98,107.28,Jarvis Landry,WR,WR,True,False,False,,16.44,,Jarvis Landry,WR,,399.p.27591,27591,NO,yahoo_fantasy_api
2020,13,,4,api,Joe Mantegna,Uncle Rico,2020-W13-03,3,87.98,107.28,Miles Sanders,RB,RB,True,False,False,,3.1,,Miles Sanders,RB,,399.p.31885,31885,Dal,yahoo_fantasy_api
2020,13,,5,api,Joe Mantegna,Uncle Rico,2020-W13-03,3,87.98,107.28,Clyde Edwards-Helaire,RB,RB,True,False,False,,0.0,,Clyde Edwards-Helaire,RB,,399.p.32702,32702,KC,yahoo_fantasy_api
2020,13,,6,api,Joe Mantegna,Uncle Rico,2020-W13-03,3,87.98,107.28,Trey Burton,TE,TE,True,False,False,,1.6,,Trey Burton,TE,,399.p.27789,27789,Ind,yahoo_fantasy_api
2020,13,,7,api,Joe Mantegna,Uncle Rico,2020-W13-03,3,87.98,107.28,DJ Chark,WR,W/R/T,True,False,False,,5.1,,DJ Chark,WR,,399.p.31031,31031,Atl,yahoo_fantasy_api
2020,13,,8,api,Joe Mantegna,Uncle Rico,2020-W13-03,3,87.98,107.28,Logan Thomas,TE,BN,False,True,False,,20.3,,Logan Thomas,TE,,399.p.27648,27648,SF,yahoo_fantasy_api
2020,13,,9,api,Joe Mantegna,Uncle Rico,2020-W13-03,3,87.98,107.28,Zack Moss,RB,BN,False,True,False,,1.9,,Zack Moss,RB,,399.p.32756,32756,Cin,yahoo_fantasy_api
2020,13,,10,api,Joe Mantegna,Uncle Rico,2020-W13-03,3,87.98,107.28,Curtis Samuel,WR,BN,False,True,False,,0.0,,Curtis Samuel,WR,,399.p.30153,30153,Buf,yahoo_fantasy_api
2020,13,,11,api,Joe Mantegna,Uncle Rico,2020-W13-03,3,87.98,107.28,Todd Gurley,RB,BN,False,True,False,,2.5,,Todd Gurley,RB,,399.p.28398,28398,Atl,yahoo_fantasy_api
2020,13,,12,api,Joe Mantegna,Uncle Rico,2020-W13-03,3,87.98,107.28,Mark Ingram II,RB,BN,False,True,False,,3.4,,Mark Ingram II,RB,,399.p.24815,24815,NO,yahoo_fantasy_api
2020,13,,13,api,Joe Mantegna,Uncle Rico,2020-W13-03,3,87.98,107.28,Carson Wentz,QB,BN,False,True,False,,4.96,,Carson Wentz,QB,,399.p.29236,29236,Min,yahoo_fantasy_api
2020,13,,14,api,Joe Mantegna,Uncle Rico,2020-W13-03,3,87.98,107.28,George Kittle,TE,IR,False,False,True,,0.0,,George Kittle,TE,,399.p.30259,30259,SF,yahoo_fantasy_api
2020,13,,15,api,Joe Mantegna,Uncle Rico,2020-W13-03,3,87.98,107.28,Zane Gonzalez,K,K,True,False,False,,4.0,,Zane Gonzalez,K,,399.p.30337,30337,Mia,yahoo_fantasy_api
2020,13,,16,api,Joe Mantegna,Uncle Rico,2020-W13-03,3,87.98,107.28,Patriots,DEF,DEF,True,False,False,,31.0,,Patriots,DEF,,399.p.100017,100017,NE,yahoo_fantasy_api
2020,13,,1,api,Malle ❤️ 🐸,Patty Primetimes,2020-W13-02,2,120.0,89.9,Ben Roethlisberger,QB,QB,True,False,False,,23.2,,Ben Roethlisberger,QB,,399.p.6770,6770,Pit,yahoo_fantasy_api
2020,13,,2,api,Malle ❤️ 🐸,Patty Primetimes,2020-W13-02,2,120.0,89.9,Calvin Ridley,WR,WR,True,False,False,,13.3,,Calvin Ridley,WR,,399.p.30996,30996,Ten,yahoo_fantasy_api
2020,13,,3,api,Malle ❤️ 🐸,Patty Primetimes,2020-W13-02,2,120.0,89.9,Jakobi Meyers,WR,WR,True,False,False,,2.5,,Jakobi Meyers,WR,,399.p.32231,32231,Jax,yahoo_fantasy_api
2020,13,,4,api,Malle ❤️ 🐸,Patty Primetimes,2020-W13-02,2,120.0,89.9,Kareem Hunt,RB,RB,True,False,False,,7.2,,Kareem Hunt,RB,,399.p.30199,30199,KC,yahoo_fantasy_api
2020,13,,5,api,Malle ❤️ 🐸,Patty Primetimes,2020-W13-02,2,120.0,89.9,Alvin Kamara,RB,RB,True,False,False,,16.7,,Alvin Kamara,RB,,399.p.30180,30180,NO,yahoo_fantasy_api
2020,13,,6,api,Malle ❤️ 🐸,Patty Primetimes,2020-W13-02,2,120.0,89.9,Travis Kelce,TE,TE,True,False,False,,23.6,,Travis Kelce,TE,,399.p.26686,26686,KC,yahoo_fantasy_api
2020,13,,7,api,Malle ❤️ 🐸,Patty Primetimes,2020-W13-02,2,120.0,89.9,Adam Thielen,WR,W/R/T,True,False,False,,17.5,,Adam Thielen,WR,,399.p.27277,27277,Pit,yahoo_fantasy_api
2020,13,,8,api,Malle ❤️ 🐸,Patty Primetimes,2020-W13-02,2,120.0,89.9,Damien Harris,RB,BN,False,True,False,,10.0,,Damien Harris,RB,,399.p.31919,31919,Buf,yahoo_fantasy_api
2020,13,,9,api,Malle ❤️ 🐸,Patty Primetimes,2020-W13-02,2,120.0,89.9,Latavius Murray,RB,BN,False,True,False,,2.7,,Latavius Murray,RB,,399.p.26804,26804,Buf,yahoo_fantasy_api
2020,13,,10,api,Malle ❤️ 🐸,Patty Primetimes,2020-W13-02,2,120.0,89.9,Tom Brady,QB,BN,False,True,False,,0.0,,Tom Brady,QB,,399.p.5228,5228,TB,yahoo_fantasy_api
2020,13,,11,api,Malle ❤️ 🐸,Patty Primetimes,2020-W13-02,2,120.0,89.9,Mike Gesicki,TE,BN,False,True,False,,19.3,,Mike Gesicki,TE,,399.p.31012,31012,Cin,yahoo_fantasy_api
2020,13,,12,api,Malle ❤️ 🐸,Patty Primetimes,2020-W13-02,2,120.0,89.9,DeSean Jackson,WR,BN,False,True,False,,0.0,,DeSean Jackson,WR,,399.p.8826,8826,Bal,yahoo_fantasy_api
2020,13,,13,api,Malle ❤️ 🐸,Patty Primetimes,2020-W13-02,2,120.0,89.9,Jordan Howard,RB,BN,False,True,False,,1.9,,Jordan Howard,RB,,399.p.29384,29384,NO,yahoo_fantasy_api
2020,13,,14,api,Malle ❤️ 🐸,Patty Primetimes,2020-W13-02,2,120.0,89.9,Preston Williams,WR,IR,False,False,True,,0.0,,Preston Williams,WR,,399.p.32447,32447,Car,yahoo_fantasy_api
2020,13,,15,api,Malle ❤️ 🐸,Patty Primetimes,2020-W13-02,2,120.0,89.9,Justin Tucker,K,K,True,False,False,,10.0,,Justin Tucker,K,,399.p.26534,26534,Bal,yahoo_fantasy_api
2020,13,,16,api,Malle ❤️ 🐸,Patty Primetimes,2020-W13-02,2,120.0,89.9,Saints,DEF,DEF,True,False,False,,6.0,,Saints,DEF,,399.p.100018,100018,NO,yahoo_fantasy_api
2020,13,,1,api,Patty Primetimes,Malle ❤️ 🐸,2020-W13-02,2,89.9,120.0,Josh Allen,QB,QB,True,False,False,,38.1,,Josh Allen,QB,,399.p.30977,30977,Buf,yahoo_fantasy_api
2020,13,,2,api,Patty Primetimes,Malle ❤️ 🐸,2020-W13-02,2,89.9,120.0,Tyler Lockett,WR,WR,True,False,False,,9.3,,Tyler Lockett,WR,,399.p.28457,28457,LV,yahoo_fantasy_api
2020,13,,3,api,Patty Primetimes,Malle ❤️ 🐸,2020-W13-02,2,89.9,120.0,Travis Fulgham,WR,WR,True,False,False,,0.0,,Travis Fulgham,WR,,399.p.32016,32016,GB,yahoo_fantasy_api
2020,13,,4,api,Patty Primetimes,Malle ❤️ 🐸,2020-W13-02,2,89.9,120.0,Nyheim Miller-Hines,RB,RB,True,False,False,,10.7,,Nyheim Miller-Hines,RB,,399.p.31074,31074,LAC,yahoo_fantasy_api
2020,13,,5,api,Patty Primetimes,Malle ❤️ 🐸,2020-W13-02,2,89.9,120.0,D'Andre Swift,RB,RB,True,False,False,,0.0,,D'Andre Swift,RB,,399.p.32705,32705,Chi,yahoo_fantasy_api
2020,13,,6,api,Patty Primetimes,Malle ❤️ 🐸,2020-W13-02,2,89.9,120.0,Noah Fant,TE,TE,True,False,False,,7.7,,Noah Fant,TE,,399.p.31852,31852,NO,yahoo_fantasy_api
2020,13,,7,api,Patty Primetimes,Malle ❤️ 🐸,2020-W13-02,2,89.9,120.0,J.K. Dobbins,RB,W/R/T,True,False,False,,13.1,,J.K. Dobbins,RB,,399.p.32725,32725,Den,yahoo_fantasy_api
2020,13,,8,api,Patty Primetimes,Malle ❤️ 🐸,2020-W13-02,2,89.9,120.0,Jamaal Williams,RB,BN,False,True,False,,4.6,,Jamaal Williams,RB,,399.p.30247,30247,NO,yahoo_fantasy_api
2020,13,,9,api,Patty Primetimes,Malle ❤️ 🐸,2020-W13-02,2,89.9,120.0,DJ Moore,WR,BN,False,True,False,,0.0,,DJ Moore,WR,,399.p.30994,30994,Buf,yahoo_fantasy_api
2020,13,,10,api,Patty Primetimes,Malle ❤️ 🐸,2020-W13-02,2,89.9,120.0,Rob Gronkowski,TE,BN,False,True,False,,0.0,,Rob Gronkowski,TE,,399.p.24017,24017,TB,yahoo_fantasy_api
2020,13,,11,api,Patty Primetimes,Malle ❤️ 🐸,2020-W13-02,2,89.9,120.0,Adrian Peterson,RB,BN,False,True,False,,17.7,,Adrian Peterson,RB,,399.p.8261,8261,Sea,yahoo_fantasy_api
2020,13,,12,api,Patty Primetimes,Malle ❤️ 🐸,2020-W13-02,2,89.9,120.0,Matthew Stafford,QB,BN,False,True,False,,33.08,,Matthew Stafford,QB,,399.p.9265,9265,LAR,yahoo_fantasy_api
2020,13,,13,api,Patty Primetimes,Malle ❤️ 🐸,2020-W13-02,2,89.9,120.0,Phillip Lindsay,RB,BN,False,True,False,,2.6,,Phillip Lindsay,RB,,399.p.31379,31379,Ind,yahoo_fantasy_api
2020,13,,14,api,Patty Primetimes,Malle ❤️ 🐸,2020-W13-02,2,89.9,120.0,Daniel Carlson,K,K,True,False,False,,8.0,,Daniel Carlson,K,,399.p.31137,31137,NO,yahoo_fantasy_api
2020,13,,15,api,Patty Primetimes,Malle ❤️ 🐸,2020-W13-02,2,89.9,120.0,Commanders,DEF,DEF,True,False,False,,3.0,,Commanders,DEF,,399.p.100028,100028,Was,yahoo_fantasy_api
2020,13,,1,api,Pop Lockett Drop it,Big Sack Jack,2020-W13-05,5,115.6,80.12,Aaron Rodgers,QB,QB,True,False,False,,29.5,,Aaron Rodgers,QB,,399.p.7200,7200,Pit,yahoo_fantasy_api
2020,13,,2,api,Pop Lockett Drop it,Big Sack Jack,2020-W13-05,5,115.6,80.12,Julio Jones,WR,WR,True,False,False,,12.4,,Julio Jones,WR,,399.p.24793,24793,Phi,yahoo_fantasy_api
2020,13,,3,api,Pop Lockett Drop it,Big Sack Jack,2020-W13-05,5,115.6,80.12,Henry Ruggs III,WR,WR,True,False,False,,13.9,,Henry Ruggs III,WR,,399.p.32682,32682,LV,yahoo_fantasy_api
2020,13,,4,api,Pop Lockett Drop it,Big Sack Jack,2020-W13-05,5,115.6,80.12,James Robinson,RB,RB,True,False,False,,19.8,,James Robinson,RB,,399.p.33138,33138,NO,yahoo_fantasy_api
2020,13,,5,api,Pop Lockett Drop it,Big Sack Jack,2020-W13-05,5,115.6,80.12,David Johnson,RB,RB,True,False,False,,10.4,,David Johnson,RB,,399.p.28474,28474,NO,yahoo_fantasy_api
2020,13,,6,api,Pop Lockett Drop it,Big Sack Jack,2020-W13-05,5,115.6,80.12,Austin Hooper,TE,TE,True,False,False,,3.4,,Austin Hooper,TE,,399.p.29315,29315,Atl,yahoo_fantasy_api
2020,13,,7,api,Pop Lockett Drop it,Big Sack Jack,2020-W13-05,5,115.6,80.12,Stefon Diggs,WR,W/R/T,True,False,False,,14.2,,Stefon Diggs,WR,,399.p.28534,28534,Was,yahoo_fantasy_api
2020,13,,8,api,Pop Lockett Drop it,Big Sack Jack,2020-W13-05,5,115.6,80.12,Devin Singletary,RB,BN,False,True,False,,9.8,,Devin Singletary,RB,,399.p.31906,31906,NYG,yahoo_fantasy_api
2020,13,,9,api,Pop Lockett Drop it,Big Sack Jack,2020-W13-05,5,115.6,80.12,Josh Jacobs,RB,BN,False,True,False,,0.0,,Josh Jacobs,RB,,399.p.31856,31856,GB,yahoo_fantasy_api
2020,13,,10,api,Pop Lockett Drop it,Big Sack Jack,2020-W13-05,5,115.6,80.12,Tee Higgins,WR,BN,False,True,False,,8.1,,Tee Higgins,WR,,399.p.32703,32703,Cin,yahoo_fantasy_api
2020,13,,11,api,Pop Lockett Drop it,Big Sack Jack,2020-W13-05,5,115.6,80.12,Robbie Chosen,WR,BN,False,True,False,,0.0,,Robbie Chosen,WR,,399.p.29785,29785,Was,yahoo_fantasy_api
2020,13,,12,api,Pop Lockett Drop it,Big Sack Jack,2020-W13-05,5,115.6,80.12,Will Fuller V,WR,BN,False,True,False,,0.0,,Will Fuller V,WR,,399.p.29255,29255,Mia,yahoo_fantasy_api
2020,13,,13,api,Pop Lockett Drop it,Big Sack Jack,2020-W13-05,5,115.6,80.12,Emmanuel Sanders,WR,BN,False,True,False,,6.4,,Emmanuel Sanders,WR,,399.p.24057,24057,Buf,yahoo_fantasy_api
2020,13,,14,api,Pop Lockett Drop it,Big Sack Jack,2020-W13-05,5,115.6,80.12,Rodrigo Blankenship,K,K,True,False,False,,7.0,,Rodrigo Blankenship,K,,399.p.33211,33211,Ind,yahoo_fantasy_api
2020,13,,15,api,Pop Lockett Drop it,Big Sack Jack,2020-W13-05,5,115.6,80.12,Chiefs,DEF,DEF,True,False,False,,5.0,,Chiefs,DEF,,399.p.100012,100012,KC,yahoo_fantasy_api
2020,13,,1,api,Post Mahomes,Ginger FC 🏆🏆,2020-W13-06,6,139.62,68.52,Kyler Murray,QB,QB,True,False,False,,23.42,,Kyler Murray,QB,,399.p.31833,31833,Min,yahoo_fantasy_api
2020,13,,2,api,Post Mahomes,Ginger FC 🏆🏆,2020-W13-06,6,139.62,68.52,Robert Woods,WR,WR,True,False,False,,13.5,,Robert Woods,WR,,399.p.26664,26664,Pit,yahoo_fantasy_api
2020,13,,3,api,Post Mahomes,Ginger FC 🏆🏆,2020-W13-06,6,139.62,68.52,Marvin Jones Jr.,WR,WR,True,False,False,,21.6,,Marvin Jones Jr.,WR,,399.p.25876,25876,Det,yahoo_fantasy_api
2020,13,,4,api,Post Mahomes,Ginger FC 🏆🏆,2020-W13-06,6,139.62,68.52,Nick Chubb,RB,RB,True,False,False,,17.1,,Nick Chubb,RB,,399.p.31005,31005,Hou,yahoo_fantasy_api
2020,13,,5,api,Post Mahomes,Ginger FC 🏆🏆,2020-W13-06,6,139.62,68.52,David Montgomery,RB,RB,True,False,False,,25.1,,David Montgomery,RB,,399.p.31905,31905,Hou,yahoo_fantasy_api
2020,13,,6,api,Post Mahomes,Ginger FC 🏆🏆,2020-W13-06,6,139.62,68.52,Hayden Hurst,TE,TE,True,False,False,,1.4,,Hayden Hurst,TE,,399.p.30995,30995,LAC,yahoo_fantasy_api
2020,13,,7,api,Post Mahomes,Ginger FC 🏆🏆,2020-W13-06,6,139.62,68.52,Chris Carson,RB,W/R/T,True,False,False,,18.5,,Chris Carson,RB,,399.p.30362,30362,Sea,yahoo_fantasy_api
2020,13,,8,api,Post Mahomes,Ginger FC 🏆🏆,2020-W13-06,6,139.62,68.52,Mike Williams,WR,BN,False,True,False,,6.3,,Mike Williams,WR,,399.p.30120,30120,Pit,yahoo_fantasy_api
2020,13,,9,api,Post Mahomes,Ginger FC 🏆🏆,2020-W13-06,6,139.62,68.52,Mark Andrews,TE,BN,False,True,False,,0.0,,Mark Andrews,TE,,399.p.31056,31056,Bal,yahoo_fantasy_api
2020,13,,10,api,Post Mahomes,Ginger FC 🏆🏆,2020-W13-06,6,139.62,68.52,Cam Akers,RB,BN,False,True,False,,15.9,,Cam Akers,RB,,399.p.32722,32722,Sea,yahoo_fantasy_api
2020,13,,11,api,Post Mahomes,Ginger FC 🏆🏆,2020-W13-06,6,139.62,68.52,Nelson Agholor,WR,BN,False,True,False,,5.8,,Nelson Agholor,WR,,399.p.28408,28408,Bal,yahoo_fantasy_api
2020,13,,12,api,Post Mahomes,Ginger FC 🏆🏆,2020-W13-06,6,139.62,68.52,Kenny Golladay,WR,IR,False,False,True,,0.0,,Kenny Golladay,WR,,399.p.30209,30209,NYG,yahoo_fantasy_api
2020,13,,13,api,Post Mahomes,Ginger FC 🏆🏆,2020-W13-06,6,139.62,68.52,Tyler Bass,K,K,True,False,False,,10.0,,Tyler Bass,K,,399.p.32858,32858,Buf,yahoo_fantasy_api
2020,13,,14,api,Post Mahomes,Ginger FC 🏆🏆,2020-W13-06,6,139.62,68.52,Seahawks,DEF,DEF,True,False,False,,9.0,,Seahawks,DEF,,399.p.100026,100026,Sea,yahoo_fantasy_api
2020,13,,15,api,Post Mahomes,Ginger FC 🏆🏆,2020-W13-06,6,139.62,68.52,Colts,DEF,BN,False,True,False,,12.0,,Colts,DEF,,399.p.100011,100011,Ind,yahoo_fantasy_api
2020,13,,1,api,The Big Gronkowski,Voldemort,2020-W13-01,1,118.32,109.06,Matt Ryan,QB,QB,True,False,False,,14.92,,Matt Ryan,QB,,399.p.8780,8780,Ind,yahoo_fantasy_api
2020,13,,2,api,The Big Gronkowski,Voldemort,2020-W13-01,1,118.32,109.06,Cooper Kupp,WR,WR,True,False,False,,11.3,,Cooper Kupp,WR,,399.p.30182,30182,Sea,yahoo_fantasy_api
2020,13,,3,api,The Big Gronkowski,Voldemort,2020-W13-01,1,118.32,109.06,Allen Robinson,WR,WR,True,False,False,,10.5,,Allen Robinson,WR,,399.p.27589,27589,Det,yahoo_fantasy_api
2020,13,,4,api,The Big Gronkowski,Voldemort,2020-W13-01,1,118.32,109.06,Dalvin Cook,RB,RB,True,False,False,,20.9,,Dalvin Cook,RB,,399.p.30154,30154,Dal,yahoo_fantasy_api
2020,13,,5,api,The Big Gronkowski,Voldemort,2020-W13-01,1,118.32,109.06,Kerryon Johnson,RB,RB,True,False,False,,2.1,,Kerryon Johnson,RB,,399.p.31013,31013,SF,yahoo_fantasy_api
2020,13,,6,api,The Big Gronkowski,Voldemort,2020-W13-01,1,118.32,109.06,Darren Waller,TE,TE,True,False,False,,38.5,,Darren Waller,TE,,399.p.28592,28592,Car,yahoo_fantasy_api
2020,13,,7,api,The Big Gronkowski,Voldemort,2020-W13-01,1,118.32,109.06,Michael Pittman Jr.,WR,W/R/T,True,False,False,,7.1,,Michael Pittman Jr.,WR,,399.p.32704,32704,Pit,yahoo_fantasy_api
2020,13,,8,api,The Big Gronkowski,Voldemort,2020-W13-01,1,118.32,109.06,James Conner,RB,BN,False,True,False,,0.0,,James Conner,RB,,399.p.30218,30218,Ari,yahoo_fantasy_api
2020,13,,9,api,The Big Gronkowski,Voldemort,2020-W13-01,1,118.32,109.06,Jared Goff,QB,BN,False,True,False,,26.14,,Jared Goff,QB,,399.p.29235,29235,Det,yahoo_fantasy_api
2020,13,,10,api,The Big Gronkowski,Voldemort,2020-W13-01,1,118.32,109.06,Ronald Jones,RB,BN,False,True,False,,0.0,,Ronald Jones,RB,,399.p.31008,31008,Dal,yahoo_fantasy_api
2020,13,,11,api,The Big Gronkowski,Voldemort,2020-W13-01,1,118.32,109.06,Antonio Brown,WR,BN,False,True,False,,0.0,,Antonio Brown,WR,,399.p.24171,24171,TB,yahoo_fantasy_api
2020,13,,12,api,The Big Gronkowski,Voldemort,2020-W13-01,1,118.32,109.06,Drew Brees,QB,BN,False,True,False,,0.0,,Drew Brees,QB,,399.p.5479,5479,NO,yahoo_fantasy_api
2020,13,,13,api,The Big Gronkowski,Voldemort,2020-W13-01,1,118.32,109.06,Jonnu Smith,TE,BN,False,True,False,,0.0,,Jonnu Smith,TE,,399.p.30213,30213,GB,yahoo_fantasy_api
2020,13,,14,api,The Big Gronkowski,Voldemort,2020-W13-01,1,118.32,109.06,Wil Lutz,K,K,True,False,False,,3.0,,Wil Lutz,K,,399.p.29754,29754,Den,yahoo_fantasy_api
2020,13,,15,api,The Big Gronkowski,Voldemort,2020-W13-01,1,118.32,109.06,Packers,DEF,DEF,True,False,False,,10.0,,Packers,DEF,,399.p.100009,100009,GB,yahoo_fantasy_api
2020,13,,1,api,ThreatLevelMidnight,malle_dips_pouches,2020-W13-04,4,124.96,140.3,Ryan Tannehill,QB,QB,True,False,False,,34.56,,Ryan Tannehill,QB,,399.p.25718,25718,Ten,yahoo_fantasy_api
2020,13,,2,api,ThreatLevelMidnight,malle_dips_pouches,2020-W13-04,4,124.96,140.3,Davante Adams,WR,WR,True,False,False,,29.1,,Davante Adams,WR,,399.p.27581,27581,LAR,yahoo_fantasy_api
2020,13,,3,api,ThreatLevelMidnight,malle_dips_pouches,2020-W13-04,4,124.96,140.3,A.J. Brown,WR,WR,True,False,False,,8.7,,A.J. Brown,WR,,399.p.31883,31883,NE,yahoo_fantasy_api
2020,13,,4,api,ThreatLevelMidnight,malle_dips_pouches,2020-W13-04,4,124.96,140.3,Wayne Gallman,RB,RB,True,False,False,,13.5,,Wayne Gallman,RB,,399.p.30253,30253,Sea,yahoo_fantasy_api
2020,13,,5,api,ThreatLevelMidnight,malle_dips_pouches,2020-W13-04,4,124.96,140.3,Raheem Mostert,RB,RB,True,False,False,,4.8,,Raheem Mostert,RB,,399.p.28654,28654,LV,yahoo_fantasy_api
2020,13,,6,api,ThreatLevelMidnight,malle_dips_pouches,2020-W13-04,4,124.96,140.3,Jordan Reed,TE,TE,True,False,False,,10.7,,Jordan Reed,TE,,399.p.26708,26708,SF,yahoo_fantasy_api
2020,13,,7,api,ThreatLevelMidnight,malle_dips_pouches,2020-W13-04,4,124.96,140.3,Devontae Booker,RB,W/R/T,True,False,False,,5.6,,Devontae Booker,RB,,399.p.29370,29370,NYG,yahoo_fantasy_api
2020,13,,8,api,ThreatLevelMidnight,malle_dips_pouches,2020-W13-04,4,124.96,140.3,Giovani Bernard,RB,BN,False,True,False,,3.9,,Giovani Bernard,RB,,399.p.26660,26660,TB,yahoo_fantasy_api
2020,13,,9,api,ThreatLevelMidnight,malle_dips_pouches,2020-W13-04,4,124.96,140.3,Mike Davis,RB,BN,False,True,False,,0.0,,Mike Davis,RB,,399.p.28514,28514,Bal,yahoo_fantasy_api
2020,13,,10,api,ThreatLevelMidnight,malle_dips_pouches,2020-W13-04,4,124.96,140.3,Tyler Boyd,WR,BN,False,True,False,,13.7,,Tyler Boyd,WR,,399.p.29288,29288,Ten,yahoo_fantasy_api
2020,13,,11,api,ThreatLevelMidnight,malle_dips_pouches,2020-W13-04,4,124.96,140.3,Sammy Watkins,WR,BN,False,True,False,,5.5,,Sammy Watkins,WR,,399.p.27532,27532,Bal,yahoo_fantasy_api
2020,13,,12,api,ThreatLevelMidnight,malle_dips_pouches,2020-W13-04,4,124.96,140.3,Devonta Freeman,RB,BN,False,True,False,,0.0,,Devonta Freeman,RB,,399.p.27631,27631,Bal,yahoo_fantasy_api
2020,13,,13,api,ThreatLevelMidnight,malle_dips_pouches,2020-W13-04,4,124.96,140.3,Joe Mixon,RB,IR,False,False,True,,0.0,,Joe Mixon,RB,,399.p.30161,30161,Hou,yahoo_fantasy_api
2020,13,,14,api,ThreatLevelMidnight,malle_dips_pouches,2020-W13-04,4,124.96,140.3,Jason Myers,K,K,True,False,False,,4.0,,Jason Myers,K,,399.p.28378,28378,Sea,yahoo_fantasy_api
2020,13,,15,api,ThreatLevelMidnight,malle_dips_pouches,2020-W13-04,4,124.96,140.3,Dolphins,DEF,DEF,True,False,False,,14.0,,Dolphins,DEF,,399.p.100015,100015,Mia,yahoo_fantasy_api
2020,13,,1,api,Uncle Rico,Joe Mantegna,2020-W13-03,3,107.28,87.98,Lamar Jackson,QB,QB,True,False,False,,30.68,,Lamar Jackson,QB,,399.p.31002,31002,Bal,yahoo_fantasy_api
2020,13,,2,api,Uncle Rico,Joe Mantegna,2020-W13-03,3,107.28,87.98,Michael Thomas,WR,WR,True,False,False,,15.0,,Michael Thomas,WR,,399.p.29281,29281,NO,yahoo_fantasy_api
2020,13,,3,api,Uncle Rico,Joe Mantegna,2020-W13-03,3,107.28,87.98,Diontae Johnson,WR,WR,True,False,False,,17.1,,Diontae Johnson,WR,,399.p.31898,31898,Cle,yahoo_fantasy_api
2020,13,,4,api,Uncle Rico,Joe Mantegna,2020-W13-03,3,107.28,87.98,Derrick Henry,RB,RB,True,False,False,,5.4,,Derrick Henry,RB,,399.p.29279,29279,Bal,yahoo_fantasy_api
2020,13,,5,api,Uncle Rico,Joe Mantegna,2020-W13-03,3,107.28,87.98,Antonio Gibson,RB,RB,True,False,False,,1.4,,Antonio Gibson,RB,,399.p.32736,32736,NE,yahoo_fantasy_api
2020,13,,6,api,Uncle Rico,Joe Mantegna,2020-W13-03,3,107.28,87.98,Robert Tonyan,TE,TE,True,False,False,,11.9,,Robert Tonyan,TE,,399.p.30777,30777,Pit,yahoo_fantasy_api
2020,13,,7,api,Uncle Rico,Joe Mantegna,2020-W13-03,3,107.28,87.98,Austin Ekeler,RB,W/R/T,True,False,False,,8.8,,Austin Ekeler,RB,,399.p.30423,30423,Was,yahoo_fantasy_api
2020,13,,8,api,Uncle Rico,Joe Mantegna,2020-W13-03,3,107.28,87.98,Taysom Hill,QB,BN,False,True,False,,27.58,,Taysom Hill,QB,,399.p.30614,30614,NO,yahoo_fantasy_api
2020,13,,9,api,Uncle Rico,Joe Mantegna,2020-W13-03,3,107.28,87.98,Chris Godwin Jr.,WR,BN,False,True,False,,0.0,,Chris Godwin Jr.,WR,,399.p.30197,30197,TB,yahoo_fantasy_api
2020,13,,10,api,Uncle Rico,Joe Mantegna,2020-W13-03,3,107.28,87.98,Christian Kirk,WR,BN,False,True,False,,0.7,,Christian Kirk,WR,,399.p.31017,31017,SF,yahoo_fantasy_api
2020,13,,11,api,Uncle Rico,Joe Mantegna,2020-W13-03,3,107.28,87.98,Jamison Crowder,WR,BN,False,True,False,,19.2,,Jamison Crowder,WR,,399.p.28493,28493,Was,yahoo_fantasy_api
2020,13,,12,api,Uncle Rico,Joe Mantegna,2020-W13-03,3,107.28,87.98,Keke Coutee,WR,BN,False,True,False,,18.1,,Keke Coutee,WR,,399.p.31073,31073,Mia,yahoo_fantasy_api
2020,13,,13,api,Uncle Rico,Joe Mantegna,2020-W13-03,3,107.28,87.98,Jordan Akins,TE,BN,False,True,False,,2.0,,Jordan Akins,TE,,399.p.31068,31068,Jax,yahoo_fantasy_api
2020,13,,14,api,Uncle Rico,Joe Mantegna,2020-W13-03,3,107.28,87.98,Jason Sanders,K,K,True,False,False,,14.0,,Jason Sanders,K,,399.p.31199,31199,NYJ,yahoo_fantasy_api
2020,13,,15,api,Uncle Rico,Joe Mantegna,2020-W13-03,3,107.28,87.98,Bears,DEF,DEF,True,False,False,,3.0,,Bears,DEF,,399.p.100003,100003,Chi,yahoo_fantasy_api
2020,13,,1,api,Voldemort,The Big Gronkowski,2020-W13-01,1,109.06,118.32,Justin Herbert,QB,QB,True,False,False,,6.36,,Justin Herbert,QB,,399.p.32676,32676,LAC,yahoo_fantasy_api
2020,13,,2,api,Voldemort,The Big Gronkowski,2020-W13-01,1,109.06,118.32,Justin Jefferson,WR,WR,True,False,False,,22.8,,Justin Jefferson,WR,,399.p.32692,32692,Min,yahoo_fantasy_api
2020,13,,3,api,Voldemort,The Big Gronkowski,2020-W13-01,1,109.06,118.32,Tyreek Hill,WR,WR,True,False,False,,11.8,,Tyreek Hill,WR,,399.p.29399,29399,Mia,yahoo_fantasy_api
2020,13,,4,api,Voldemort,The Big Gronkowski,2020-W13-01,1,109.06,118.32,Kenyan Drake,RB,RB,True,False,False,,12.8,,Kenyan Drake,RB,,399.p.29307,29307,Bal,yahoo_fantasy_api
2020,13,,5,api,Voldemort,The Big Gronkowski,2020-W13-01,1,109.06,118.32,Jonathan Taylor,RB,RB,True,False,False,,21.0,,Jonathan Taylor,RB,,399.p.32711,32711,Ind,yahoo_fantasy_api
2020,13,,6,api,Voldemort,The Big Gronkowski,2020-W13-01,1,109.06,118.32,T.J. Hockenson,TE,TE,True,False,False,,11.9,,T.J. Hockenson,TE,,399.p.31840,31840,Min,yahoo_fantasy_api
2020,13,,7,api,Voldemort,The Big Gronkowski,2020-W13-01,1,109.06,118.32,Terry McLaurin,WR,W/R/T,True,False,False,,2.4,,Terry McLaurin,WR,,399.p.31908,31908,Was,yahoo_fantasy_api
2020,13,,8,api,Voldemort,The Big Gronkowski,2020-W13-01,1,109.06,118.32,Duke Johnson,RB,BN,False,True,False,,6.2,,Duke Johnson,RB,,399.p.28465,28465,Buf,yahoo_fantasy_api
2020,13,,9,api,Voldemort,The Big Gronkowski,2020-W13-01,1,109.06,118.32,Chase Claypool,WR,BN,False,True,False,,4.8,,Chase Claypool,WR,,399.p.32719,32719,Buf,yahoo_fantasy_api
2020,13,,10,api,Voldemort,The Big Gronkowski,2020-W13-01,1,109.06,118.32,J.D. McKissic,RB,BN,False,True,False,,12.8,,J.D. McKissic,RB,,399.p.29650,29650,Was,yahoo_fantasy_api
2020,13,,11,api,Voldemort,The Big Gronkowski,2020-W13-01,1,109.06,118.32,Leonard Fournette,RB,BN,False,True,False,,0.0,,Leonard Fournette,RB,,399.p.30117,30117,Buf,yahoo_fantasy_api
2020,13,,12,api,Voldemort,The Big Gronkowski,2020-W13-01,1,109.06,118.32,Benny Snell Jr.,RB,BN,False,True,False,,2.0,,Benny Snell Jr.,RB,,399.p.31954,31954,Pit,yahoo_fantasy_api
2020,13,,13,api,Voldemort,The Big Gronkowski,2020-W13-01,1,109.06,118.32,John Brown,WR,IR,False,False,True,,0.0,,John Brown,WR,,399.p.27619,27619,Buf,yahoo_fantasy_api
2020,13,,14,api,Voldemort,The Big Gronkowski,2020-W13-01,1,109.06,118.32,Younghoe Koo,K,K,True,False,False,,12.0,,Younghoe Koo,K,,399.p.30426,30426,NYG,yahoo_fantasy_api
2020,13,,15,api,Voldemort,The Big Gronkowski,2020-W13-01,1,109.06,118.32,Raiders,DEF,DEF,True,False,False,,8.0,,Raiders,DEF,,399.p.100013,100013,LV,yahoo_fantasy_api
2020,13,,16,api,Voldemort,The Big Gronkowski,2020-W13-01,1,109.06,118.32,Browns,DEF,BN,False,True,False,,5.0,,Browns,DEF,,399.p.100005,100005,Cle,yahoo_fantasy_api
2020,13,,1,api,malle_dips_pouches,ThreatLevelMidnight,2020-W13-04,4,140.3,124.96,Kirk Cousins,QB,QB,True,False,False,,28.4,,Kirk Cousins,QB,,399.p.25812,25812,LV,yahoo_fantasy_api
2020,13,,2,api,malle_dips_pouches,ThreatLevelMidnight,2020-W13-04,4,140.3,124.96,DeAndre Hopkins,WR,WR,True,False,False,,15.2,,DeAndre Hopkins,WR,,399.p.26650,26650,Bal,yahoo_fantasy_api
2020,13,,3,api,malle_dips_pouches,ThreatLevelMidnight,2020-W13-04,4,140.3,124.96,Deebo Samuel Sr.,WR,WR,True,False,False,,10.6,,Deebo Samuel Sr.,WR,,399.p.31868,31868,SF,yahoo_fantasy_api
2020,13,,4,api,malle_dips_pouches,ThreatLevelMidnight,2020-W13-04,4,140.3,124.96,Aaron Jones Sr.,RB,RB,True,False,False,,22.3,,Aaron Jones Sr.,RB,,399.p.30295,30295,Min,yahoo_fantasy_api
2020,13,,5,api,malle_dips_pouches,ThreatLevelMidnight,2020-W13-04,4,140.3,124.96,Myles Gaskin,RB,RB,True,False,False,,13.1,,Myles Gaskin,RB,,399.p.32066,32066,Sea,yahoo_fantasy_api
2020,13,,6,api,malle_dips_pouches,ThreatLevelMidnight,2020-W13-04,4,140.3,124.96,Hunter Henry,TE,TE,True,False,False,,1.0,,Hunter Henry,TE,,399.p.29269,29269,NE,yahoo_fantasy_api
2020,13,,7,api,malle_dips_pouches,ThreatLevelMidnight,2020-W13-04,4,140.3,124.96,Corey Davis,WR,W/R/T,True,False,False,,29.7,,Corey Davis,WR,,399.p.30118,30118,NYJ,yahoo_fantasy_api
2020,13,,8,api,malle_dips_pouches,ThreatLevelMidnight,2020-W13-04,4,140.3,124.96,Darrell Henderson Jr.,RB,BN,False,True,False,,14.4,,Darrell Henderson Jr.,RB,,399.p.31902,31902,LAR,yahoo_fantasy_api
2020,13,,9,api,malle_dips_pouches,ThreatLevelMidnight,2020-W13-04,4,140.3,124.96,Amari Cooper,WR,BN,False,True,False,,13.8,,Amari Cooper,WR,,399.p.28392,28392,Buf,yahoo_fantasy_api
2020,13,,10,api,malle_dips_pouches,ThreatLevelMidnight,2020-W13-04,4,140.3,124.96,Joe Burrow,QB,BN,False,True,False,,0.0,,Joe Burrow,QB,,399.p.32671,32671,Cin,yahoo_fantasy_api
2020,13,,11,api,malle_dips_pouches,ThreatLevelMidnight,2020-W13-04,4,140.3,124.96,Jerry Jeudy,WR,BN,False,True,False,,1.0,,Jerry Jeudy,WR,,399.p.32685,32685,Cle,yahoo_fantasy_api
2020,13,,12,api,malle_dips_pouches,ThreatLevelMidnight,2020-W13-04,4,140.3,124.96,Eric Ebron,TE,BN,False,True,False,,10.3,,Eric Ebron,TE,,399.p.27538,27538,Pit,yahoo_fantasy_api
2020,13,,13,api,malle_dips_pouches,ThreatLevelMidnight,2020-W13-04,4,140.3,124.96,Malcolm Brown,RB,BN,False,True,False,,3.2,,Malcolm Brown,RB,,399.p.28990,28990,LAR,yahoo_fantasy_api
2020,13,,14,api,malle_dips_pouches,ThreatLevelMidnight,2020-W13-04,4,140.3,124.96,Robbie Gould,K,K,True,False,False,,7.0,,Robbie Gould,K,,399.p.7520,7520,SF,yahoo_fantasy_api
2020,13,,15,api,malle_dips_pouches,ThreatLevelMidnight,2020-W13-04,4,140.3,124.96,Vikings,DEF,DEF,True,False,False,,13.0,,Vikings,DEF,,399.p.100016,100016,Min,yahoo_fantasy_api
