year,week,table_index,row_index,side,fantasy_team,opponent,matchup_id,player,player_position,lineup_slot,is_starter,is_bench,is_ir,projected_points,fantasy_points,stat_summary,raw_player_text,raw_position,raw_cells,matchup_number,yahoo_team_id_used,team_score,opponent_score
2021,1,1,0,left,Malle ❤️ 🐸,The Big Gronkowski,2021-W01-M01,Matthew Stafford,QB,QB,True,False,False,24.12,30.34,,Matthew Stafford,QB,"["""", ""Matthew Stafford"", ""24.12"", ""30.34"", ""QB"", ""QB"", ""QB"", ""37.16"", ""26.74"", ""Tom Brady"", """"]",1,1,139.34,140.56
2021,1,1,0,right,The Big Gronkowski,Malle ❤️ 🐸,2021-W01-M01,Tom Brady,QB,QB,True,False,False,26.74,37.16,,Tom Brady,QB,"["""", ""Matthew Stafford"", ""24.12"", ""30.34"", ""QB"", ""QB"", ""QB"", ""37.16"", ""26.74"", ""Tom Brady"", """"]",1,1,140.56,139.34
2021,1,1,1,left,Malle ❤️ 🐸,The Big Gronkowski,2021-W01-M01,Cooper Kupp,WR,WR,True,False,False,13.41,20.3,,Cooper Kupp,WR,"["""", ""Cooper Kupp"", ""13.41"", ""20.30"", ""WR"", ""WR"", ""WR"", ""31.60"", ""17.30"", ""Tyreek Hill"", """"]",1,1,139.34,140.56
2021,1,1,1,right,The Big Gronkowski,Malle ❤️ 🐸,2021-W01-M01,Tyreek Hill,WR,WR,True,False,False,17.3,31.6,,Tyreek Hill,WR,"["""", ""Cooper Kupp"", ""13.41"", ""20.30"", ""WR"", ""WR"", ""WR"", ""31.60"", ""17.30"", ""Tyreek Hill"", """"]",1,1,140.56,139.34
2021,1,1,2,left,Malle ❤️ 🐸,The Big Gronkowski,2021-W01-M01,Tyler Lockett,WR,WR,True,False,False,13.31,24.0,,Tyler Lockett,WR,"["""", ""Tyler Lockett"", ""13.31"", ""24.00"", ""WR"", ""WR"", ""WR"", ""14.50"", ""14.83"", ""Keenan Allen"", """"]",1,1,139.34,140.56
2021,1,1,2,right,The Big Gronkowski,Malle ❤️ 🐸,2021-W01-M01,Keenan Allen,WR,WR,True,False,False,14.83,14.5,,Keenan Allen,WR,"["""", ""Tyler Lockett"", ""13.31"", ""24.00"", ""WR"", ""WR"", ""WR"", ""14.50"", ""14.83"", ""Keenan Allen"", """"]",1,1,140.56,139.34
2021,1,1,3,left,Malle ❤️ 🐸,The Big Gronkowski,2021-W01-M01,Antonio Gibson,RB,RB,True,False,False,14.92,10.3,,Antonio Gibson,RB,"["""", ""Antonio Gibson"", ""14.92"", ""10.30"", ""RB"", ""RB"", ""RB"", ""2.00"", ""15.18"", ""Raheem Mostert"", """"]",1,1,139.34,140.56
2021,1,1,3,right,The Big Gronkowski,Malle ❤️ 🐸,2021-W01-M01,Raheem Mostert,RB,RB,True,False,False,15.18,2.0,,Raheem Mostert,RB,"["""", ""Antonio Gibson"", ""14.92"", ""10.30"", ""RB"", ""RB"", ""RB"", ""2.00"", ""15.18"", ""Raheem Mostert"", """"]",1,1,140.56,139.34
2021,1,1,4,left,Malle ❤️ 🐸,The Big Gronkowski,2021-W01-M01,Najee Harris,RB,RB,True,False,False,15.47,5.4,,Najee Harris,RB,"["""", ""Najee Harris"", ""15.47"", ""5.40"", ""RB"", ""RB"", ""RB"", ""10.70"", ""11.45"", ""Damien Harris "", """"]",1,1,139.34,140.56
2021,1,1,4,right,The Big Gronkowski,Malle ❤️ 🐸,2021-W01-M01,Damien Harris,RB,RB,True,False,False,11.45,10.7,,Damien Harris ,RB,"["""", ""Najee Harris"", ""15.47"", ""5.40"", ""RB"", ""RB"", ""RB"", ""10.70"", ""11.45"", ""Damien Harris "", """"]",1,1,140.56,139.34
2021,1,1,5,left,Malle ❤️ 🐸,The Big Gronkowski,2021-W01-M01,Darren Waller,TE,TE,True,False,False,13.19,21.5,,Darren Waller ,TE,"["""", ""Darren Waller "", ""13.19"", ""21.50"", ""TE"", ""TE"", ""TE"", ""21.70"", ""10.69"", ""T.J. Hockenson"", """"]",1,1,139.34,140.56
2021,1,1,5,right,The Big Gronkowski,Malle ❤️ 🐸,2021-W01-M01,T.J. Hockenson,TE,TE,True,False,False,10.69,21.7,,T.J. Hockenson,TE,"["""", ""Darren Waller "", ""13.19"", ""21.50"", ""TE"", ""TE"", ""TE"", ""21.70"", ""10.69"", ""T.J. Hockenson"", """"]",1,1,140.56,139.34
2021,1,1,6,left,Malle ❤️ 🐸,The Big Gronkowski,2021-W01-M01,Chase Claypool,,W/R/T,True,False,False,11.46,8.5,,Chase Claypool,W/R/T,"["""", ""Chase Claypool"", ""11.46"", ""8.50"", ""W/R/T"", ""W/R/T"", ""W/R/T"", ""3.90"", ""13.77"", ""Mike Evans"", """"]",1,1,139.34,140.56
2021,1,1,6,right,The Big Gronkowski,Malle ❤️ 🐸,2021-W01-M01,Mike Evans,,W/R/T,True,False,False,13.77,3.9,,Mike Evans,W/R/T,"["""", ""Chase Claypool"", ""11.46"", ""8.50"", ""W/R/T"", ""W/R/T"", ""W/R/T"", ""3.90"", ""13.77"", ""Mike Evans"", """"]",1,1,140.56,139.34
2021,1,1,7,left,Malle ❤️ 🐸,The Big Gronkowski,2021-W01-M01,Robbie Gould,K,K,True,False,False,9.21,14.0,,Robbie Gould,K,"["""", ""Robbie Gould"", ""9.21"", ""14.00"", ""K"", ""K"", ""K"", ""11.00"", ""10.21"", ""Justin Tucker"", """"]",1,1,139.34,140.56
2021,1,1,7,right,The Big Gronkowski,Malle ❤️ 🐸,2021-W01-M01,Justin Tucker,K,K,True,False,False,10.21,11.0,,Justin Tucker,K,"["""", ""Robbie Gould"", ""9.21"", ""14.00"", ""K"", ""K"", ""K"", ""11.00"", ""10.21"", ""Justin Tucker"", """"]",1,1,140.56,139.34
2021,1,1,8,left,Malle ❤️ 🐸,The Big Gronkowski,2021-W01-M01,Chiefs - DEF,DEF,DEF,True,False,False,5.6,5.0,,Chiefs - DEF,DEF,"["""", ""Chiefs - DEF"", ""5.60"", ""5.00"", ""DEF"", ""DEF"", ""DEF"", ""8.00"", ""8.55"", ""Rams - DEF"", """"]",1,1,139.34,140.56
2021,1,1,8,right,The Big Gronkowski,Malle ❤️ 🐸,2021-W01-M01,Rams - DEF,DEF,DEF,True,False,False,8.55,8.0,,Rams - DEF,DEF,"["""", ""Chiefs - DEF"", ""5.60"", ""5.00"", ""DEF"", ""DEF"", ""DEF"", ""8.00"", ""8.55"", ""Rams - DEF"", """"]",1,1,140.56,139.34
2021,1,2,0,left,Malle ❤️ 🐸,The Big Gronkowski,2021-W01-M01,AJ Dillon,,BN,False,True,False,7.53,3.1,,AJ Dillon,BN,"["""", ""AJ Dillon"", ""7.53"", ""3.10"", ""BN"", ""BN"", ""BN"", ""8.50"", ""8.66"", ""Phillip Lindsay"", """"]",1,1,139.34,140.56
2021,1,2,0,right,The Big Gronkowski,Malle ❤️ 🐸,2021-W01-M01,Phillip Lindsay,,BN,False,True,False,8.66,8.5,,Phillip Lindsay,BN,"["""", ""AJ Dillon"", ""7.53"", ""3.10"", ""BN"", ""BN"", ""BN"", ""8.50"", ""8.66"", ""Phillip Lindsay"", """"]",1,1,140.56,139.34
2021,1,2,1,left,Malle ❤️ 🐸,The Big Gronkowski,2021-W01-M01,Michael Pittman Jr.,,BN,False,True,False,11.91,4.4,,Michael Pittman Jr.,BN,"["""", ""Michael Pittman Jr."", ""11.91"", ""4.40"", ""BN"", ""BN"", ""BN"", ""25.70"", ""14.33"", ""Adam Thielen"", """"]",1,1,139.34,140.56
2021,1,2,1,right,The Big Gronkowski,Malle ❤️ 🐸,2021-W01-M01,Adam Thielen,,BN,False,True,False,14.33,25.7,,Adam Thielen,BN,"["""", ""Michael Pittman Jr."", ""11.91"", ""4.40"", ""BN"", ""BN"", ""BN"", ""25.70"", ""14.33"", ""Adam Thielen"", """"]",1,1,140.56,139.34
2021,1,2,2,left,Malle ❤️ 🐸,The Big Gronkowski,2021-W01-M01,Nyheim Miller-Hines,,BN,False,True,False,9.45,11.2,,Nyheim Miller-Hines,BN,"["""", ""Nyheim Miller-Hines"", ""9.45"", ""11.20"", ""BN"", ""BN"", ""BN"", ""34.76"", ""23.48"", ""Jalen Hurts"", """"]",1,1,139.34,140.56
2021,1,2,2,right,The Big Gronkowski,Malle ❤️ 🐸,2021-W01-M01,Jalen Hurts,,BN,False,True,False,23.48,34.76,,Jalen Hurts,BN,"["""", ""Nyheim Miller-Hines"", ""9.45"", ""11.20"", ""BN"", ""BN"", ""BN"", ""34.76"", ""23.48"", ""Jalen Hurts"", """"]",1,1,140.56,139.34
2021,1,2,3,left,Malle ❤️ 🐸,The Big Gronkowski,2021-W01-M01,Gerald Everett,,BN,False,True,False,7.42,9.0,,Gerald Everett,BN,"["""", ""Gerald Everett"", ""7.42"", ""9.00"", ""BN"", ""BN"", ""BN"", ""7.30"", ""7.44"", ""Jonnu Smith"", """"]",1,1,139.34,140.56
2021,1,2,3,right,The Big Gronkowski,Malle ❤️ 🐸,2021-W01-M01,Jonnu Smith,,BN,False,True,False,7.44,7.3,,Jonnu Smith,BN,"["""", ""Gerald Everett"", ""7.42"", ""9.00"", ""BN"", ""BN"", ""BN"", ""7.30"", ""7.44"", ""Jonnu Smith"", """"]",1,1,140.56,139.34
2021,1,2,4,left,Malle ❤️ 🐸,The Big Gronkowski,2021-W01-M01,Joe Burrow,,BN,False,True,False,23.2,22.64,,Joe Burrow,BN,"["""", ""Joe Burrow"", ""23.20"", ""22.64"", ""BN"", ""BN"", ""BN"", ""1.10"", ""4.90"", ""Alexander Mattison"", """"]",1,1,139.34,140.56
2021,1,2,4,right,The Big Gronkowski,Malle ❤️ 🐸,2021-W01-M01,Alexander Mattison,,BN,False,True,False,4.9,1.1,,Alexander Mattison,BN,"["""", ""Joe Burrow"", ""23.20"", ""22.64"", ""BN"", ""BN"", ""BN"", ""1.10"", ""4.90"", ""Alexander Mattison"", """"]",1,1,140.56,139.34
2021,1,2,5,left,Malle ❤️ 🐸,The Big Gronkowski,2021-W01-M01,Cole Beasley,,BN,False,True,False,10.46,10.0,,Cole Beasley,BN,"["""", ""Cole Beasley"", ""10.46"", ""10.00"", ""BN"", ""BN"", ""BN"", ""0.72"", ""23.59"", ""Ryan Fitzpatrick"", """"]",1,1,139.34,140.56
2021,1,2,5,right,The Big Gronkowski,Malle ❤️ 🐸,2021-W01-M01,Ryan Fitzpatrick,,BN,False,True,False,23.59,0.72,,Ryan Fitzpatrick,BN,"["""", ""Cole Beasley"", ""10.46"", ""10.00"", ""BN"", ""BN"", ""BN"", ""0.72"", ""23.59"", ""Ryan Fitzpatrick"", """"]",1,1,140.56,139.34
2021,1,1,0,left,Voldemort,Uncle Rico,2021-W01-M02,Lamar Jackson,QB,QB,True,False,False,27.19,20.0,,Lamar Jackson,QB,"["""", ""Lamar Jackson"", ""27.19"", ""20.00"", ""QB"", ""QB"", ""QB"", ""34.42"", ""26.69"", ""Dak Prescott"", """"]",2,3,102.4,127.66
2021,1,1,0,right,Uncle Rico,Voldemort,2021-W01-M02,Dak Prescott,QB,QB,True,False,False,26.69,34.42,,Dak Prescott,QB,"["""", ""Lamar Jackson"", ""27.19"", ""20.00"", ""QB"", ""QB"", ""QB"", ""34.42"", ""26.69"", ""Dak Prescott"", """"]",2,3,127.66,102.4
2021,1,1,1,left,Voldemort,Uncle Rico,2021-W01-M02,Allen Robinson,WR,WR,True,False,False,12.24,6.5,,Allen Robinson,WR,"["""", ""Allen Robinson"", ""12.24"", ""6.50"", ""WR"", ""WR"", ""WR"", ""7.60"", ""17.04"", ""Calvin Ridley"", """"]",2,3,102.4,127.66
2021,1,1,1,right,Uncle Rico,Voldemort,2021-W01-M02,Calvin Ridley,WR,WR,True,False,False,17.04,7.6,,Calvin Ridley,WR,"["""", ""Allen Robinson"", ""12.24"", ""6.50"", ""WR"", ""WR"", ""WR"", ""7.60"", ""17.04"", ""Calvin Ridley"", """"]",2,3,127.66,102.4
2021,1,1,2,left,Voldemort,Uncle Rico,2021-W01-M02,Sammy Watkins,WR,WR,True,False,False,9.5,11.6,,Sammy Watkins,WR,"["""", ""Sammy Watkins"", ""9.50"", ""11.60"", ""WR"", ""WR"", ""WR"", ""10.04"", ""15.47"", ""Justin Jefferson "", """"]",2,3,102.4,127.66
2021,1,1,2,right,Uncle Rico,Voldemort,2021-W01-M02,Justin Jefferson,WR,WR,True,False,False,15.47,10.04,,Justin Jefferson ,WR,"["""", ""Sammy Watkins"", ""9.50"", ""11.60"", ""WR"", ""WR"", ""WR"", ""10.04"", ""15.47"", ""Justin Jefferson "", """"]",2,3,127.66,102.4
2021,1,1,3,left,Voldemort,Uncle Rico,2021-W01-M02,Christian McCaffrey,RB,RB,True,False,False,23.39,23.2,,Christian McCaffrey,RB,"["""", ""Christian McCaffrey"", ""23.39"", ""23.20"", ""RB"", ""RB"", ""RB"", ""21.10"", ""15.77"", ""Nick Chubb"", """"]",2,3,102.4,127.66
2021,1,1,3,right,Uncle Rico,Voldemort,2021-W01-M02,Nick Chubb,RB,RB,True,False,False,15.77,21.1,,Nick Chubb,RB,"["""", ""Christian McCaffrey"", ""23.39"", ""23.20"", ""RB"", ""RB"", ""RB"", ""21.10"", ""15.77"", ""Nick Chubb"", """"]",2,3,127.66,102.4
2021,1,1,4,left,Voldemort,Uncle Rico,2021-W01-M02,Derrick Henry,RB,RB,True,False,False,18.89,9.2,,Derrick Henry ,RB,"["""", ""Derrick Henry "", ""18.89"", ""9.20"", ""RB"", ""RB"", ""RB"", ""18.30"", ""13.85"", ""David Montgomery"", """"]",2,3,102.4,127.66
2021,1,1,4,right,Uncle Rico,Voldemort,2021-W01-M02,David Montgomery,RB,RB,True,False,False,13.85,18.3,,David Montgomery,RB,"["""", ""Derrick Henry "", ""18.89"", ""9.20"", ""RB"", ""RB"", ""RB"", ""18.30"", ""13.85"", ""David Montgomery"", """"]",2,3,127.66,102.4
2021,1,1,5,left,Voldemort,Uncle Rico,2021-W01-M02,Mark Andrews,TE,TE,True,False,False,12.19,3.5,,Mark Andrews,TE,"["""", ""Mark Andrews"", ""12.19"", ""3.50"", ""TE"", ""TE"", ""TE"", ""9.30"", ""9.31"", ""Tyler Higbee"", """"]",2,3,102.4,127.66
2021,1,1,5,right,Uncle Rico,Voldemort,2021-W01-M02,Tyler Higbee,TE,TE,True,False,False,9.31,9.3,,Tyler Higbee,TE,"["""", ""Mark Andrews"", ""12.19"", ""3.50"", ""TE"", ""TE"", ""TE"", ""9.30"", ""9.31"", ""Tyler Higbee"", """"]",2,3,127.66,102.4
2021,1,1,6,left,Voldemort,Uncle Rico,2021-W01-M02,Ja'Marr Chase,,W/R/T,True,False,False,10.59,18.4,,Ja'Marr Chase,W/R/T,"["""", ""Ja'Marr Chase"", ""10.59"", ""18.40"", ""W/R/T"", ""W/R/T"", ""W/R/T"", ""10.90"", ""13.51"", ""Robert Woods"", """"]",2,3,102.4,127.66
2021,1,1,6,right,Uncle Rico,Voldemort,2021-W01-M02,Robert Woods,,W/R/T,True,False,False,13.51,10.9,,Robert Woods,W/R/T,"["""", ""Ja'Marr Chase"", ""10.59"", ""18.40"", ""W/R/T"", ""W/R/T"", ""W/R/T"", ""10.90"", ""13.51"", ""Robert Woods"", """"]",2,3,127.66,102.4
2021,1,1,7,left,Voldemort,Uncle Rico,2021-W01-M02,Jason Sanders,K,K,True,False,False,8.34,6.0,,Jason Sanders,K,"["""", ""Jason Sanders"", ""8.34"", ""6.00"", ""K"", ""K"", ""K"", ""6.00"", ""9.56"", ""Younghoe Koo"", """"]",2,3,102.4,127.66
2021,1,1,7,right,Uncle Rico,Voldemort,2021-W01-M02,Younghoe Koo,K,K,True,False,False,9.56,6.0,,Younghoe Koo,K,"["""", ""Jason Sanders"", ""8.34"", ""6.00"", ""K"", ""K"", ""K"", ""6.00"", ""9.56"", ""Younghoe Koo"", """"]",2,3,127.66,102.4
2021,1,1,8,left,Voldemort,Uncle Rico,2021-W01-M02,Colts - DEF,DEF,DEF,True,False,False,5.66,4.0,,Colts - DEF,DEF,"["""", ""Colts - DEF"", ""5.66"", ""4.00"", ""DEF"", ""DEF"", ""DEF"", ""10.00"", ""8.88"", ""49ers - DEF"", """"]",2,3,102.4,127.66
2021,1,1,8,right,Uncle Rico,Voldemort,2021-W01-M02,49ers - DEF,DEF,DEF,True,False,False,8.88,10.0,,49ers - DEF,DEF,"["""", ""Colts - DEF"", ""5.66"", ""4.00"", ""DEF"", ""DEF"", ""DEF"", ""10.00"", ""8.88"", ""49ers - DEF"", """"]",2,3,127.66,102.4
2021,1,2,0,left,Voldemort,Uncle Rico,2021-W01-M02,Odell Beckham Jr.,,BN,False,True,False,0.0,0.0,,Odell Beckham Jr.,BN,"["""", ""Odell Beckham Jr."", ""0.00"", ""0.00"", ""BN"", ""BN"", ""BN"", ""12.60"", ""12.14"", ""Chase Edmonds"", """"]",2,3,102.4,127.66
2021,1,2,0,right,Uncle Rico,Voldemort,2021-W01-M02,Chase Edmonds,,BN,False,True,False,12.14,12.6,,Chase Edmonds,BN,"["""", ""Odell Beckham Jr."", ""0.00"", ""0.00"", ""BN"", ""BN"", ""BN"", ""12.60"", ""12.14"", ""Chase Edmonds"", """"]",2,3,127.66,102.4
2021,1,2,1,left,Voldemort,Uncle Rico,2021-W01-M02,Antonio Brown,,BN,False,True,False,11.5,21.2,,Antonio Brown,BN,"["""", ""Antonio Brown"", ""11.50"", ""21.20"", ""BN"", ""BN"", ""BN"", ""27.40"", ""12.08"", ""Deebo Samuel Sr."", """"]",2,3,102.4,127.66
2021,1,2,1,right,Uncle Rico,Voldemort,2021-W01-M02,Deebo Samuel Sr.,,BN,False,True,False,12.08,27.4,,Deebo Samuel Sr.,BN,"["""", ""Antonio Brown"", ""11.50"", ""21.20"", ""BN"", ""BN"", ""BN"", ""27.40"", ""12.08"", ""Deebo Samuel Sr."", """"]",2,3,127.66,102.4
2021,1,2,2,left,Voldemort,Uncle Rico,2021-W01-M02,Michael Carter,,BN,False,True,False,5.14,2.5,,Michael Carter,BN,"["""", ""Michael Carter"", ""5.14"", ""2.50"", ""BN"", ""BN"", ""BN"", ""4.60"", ""7.54"", ""Hunter Henry"", """"]",2,3,102.4,127.66
2021,1,2,2,right,Uncle Rico,Voldemort,2021-W01-M02,Hunter Henry,,BN,False,True,False,7.54,4.6,,Hunter Henry,BN,"["""", ""Michael Carter"", ""5.14"", ""2.50"", ""BN"", ""BN"", ""BN"", ""4.60"", ""7.54"", ""Hunter Henry"", """"]",2,3,127.66,102.4
2021,1,2,3,left,Voldemort,Uncle Rico,2021-W01-M02,DJ Chark,,BN,False,True,False,11.53,16.1,,DJ Chark,BN,"["""", ""DJ Chark"", ""11.53"", ""16.10"", ""BN"", ""BN"", ""BN"", ""16.90"", ""10.50"", ""Ty'Son Williams"", """"]",2,3,102.4,127.66
2021,1,2,3,right,Uncle Rico,Voldemort,2021-W01-M02,Ty'Son Williams,,BN,False,True,False,10.5,16.9,,Ty'Son Williams,BN,"["""", ""DJ Chark"", ""11.53"", ""16.10"", ""BN"", ""BN"", ""BN"", ""16.90"", ""10.50"", ""Ty'Son Williams"", """"]",2,3,127.66,102.4
2021,1,2,4,left,Voldemort,Uncle Rico,2021-W01-M02,James White,,BN,False,True,False,8.53,9.1,,James White,BN,"["""", ""James White"", ""8.53"", ""9.10"", ""BN"", ""BN"", ""BN"", ""5.80"", ""5.02"", ""Tony Jones"", """"]",2,3,102.4,127.66
2021,1,2,4,right,Uncle Rico,Voldemort,2021-W01-M02,Tony Jones,,BN,False,True,False,5.02,5.8,,Tony Jones,BN,"["""", ""James White"", ""8.53"", ""9.10"", ""BN"", ""BN"", ""BN"", ""5.80"", ""5.02"", ""Tony Jones"", """"]",2,3,127.66,102.4
2021,1,2,5,left,Voldemort,Uncle Rico,2021-W01-M02,Trevor Lawrence,,BN,False,True,False,23.71,28.08,,Trevor Lawrence,BN,"["""", ""Trevor Lawrence"", ""23.71"", ""28.08"", ""BN"", ""BN"", ""BN"", ""0.40"", ""4.33"", ""Matt Breida"", """"]",2,3,102.4,127.66
2021,1,2,5,right,Uncle Rico,Voldemort,2021-W01-M02,Matt Breida,,BN,False,True,False,4.33,0.4,,Matt Breida,BN,"["""", ""Trevor Lawrence"", ""23.71"", ""28.08"", ""BN"", ""BN"", ""BN"", ""0.40"", ""4.33"", ""Matt Breida"", """"]",2,3,127.66,102.4
2021,1,2,6,left,Voldemort,Uncle Rico,2021-W01-M02,(Empty),,IR,False,False,True,0.0,,,(Empty),IR,"["""", ""(Empty)"", ""0.00"", ""–"", ""IR"", ""IR"", ""IR"", ""0.00"", ""0.00"", ""Michael Thomas"", """"]",2,3,102.4,127.66
2021,1,2,6,right,Uncle Rico,Voldemort,2021-W01-M02,Michael Thomas,,IR,False,False,True,0.0,0.0,,Michael Thomas,IR,"["""", ""(Empty)"", ""0.00"", ""–"", ""IR"", ""IR"", ""IR"", ""0.00"", ""0.00"", ""Michael Thomas"", """"]",2,3,127.66,102.4
2021,1,1,0,left,malle_dips_pouches,Joe Mantegna,2021-W01-M03,Justin Herbert,QB,QB,True,False,False,25.8,16.38,,Justin Herbert,QB,"["""", ""Justin Herbert"", ""25.80"", ""16.38"", ""QB"", ""QB"", ""QB"", ""17.18"", ""25.98"", ""Ryan Tannehill"", """"]",3,4,107.28,98.48
2021,1,1,0,right,Joe Mantegna,malle_dips_pouches,2021-W01-M03,Ryan Tannehill,QB,QB,True,False,False,25.98,17.18,,Ryan Tannehill,QB,"["""", ""Justin Herbert"", ""25.80"", ""16.38"", ""QB"", ""QB"", ""QB"", ""17.18"", ""25.98"", ""Ryan Tannehill"", """"]",3,4,98.48,107.28
2021,1,1,1,left,malle_dips_pouches,Joe Mantegna,2021-W01-M03,Terry McLaurin,WR,WR,True,False,False,14.25,8.2,,Terry McLaurin,WR,"["""", ""Terry McLaurin"", ""14.25"", ""8.20"", ""WR"", ""WR"", ""WR"", ""12.90"", ""15.98"", ""A.J. Brown"", """"]",3,4,107.28,98.48
2021,1,1,1,right,Joe Mantegna,malle_dips_pouches,2021-W01-M03,A.J. Brown,WR,WR,True,False,False,15.98,12.9,,A.J. Brown,WR,"["""", ""Terry McLaurin"", ""14.25"", ""8.20"", ""WR"", ""WR"", ""WR"", ""12.90"", ""15.98"", ""A.J. Brown"", """"]",3,4,98.48,107.28
2021,1,1,2,left,malle_dips_pouches,Joe Mantegna,2021-W01-M03,Diontae Johnson,WR,WR,True,False,False,13.28,12.1,,Diontae Johnson,WR,"["""", ""Diontae Johnson"", ""13.28"", ""12.10"", ""WR"", ""WR"", ""WR"", ""4.70"", ""11.94"", ""Tyler Boyd"", """"]",3,4,107.28,98.48
2021,1,1,2,right,Joe Mantegna,malle_dips_pouches,2021-W01-M03,Tyler Boyd,WR,WR,True,False,False,11.94,4.7,,Tyler Boyd,WR,"["""", ""Diontae Johnson"", ""13.28"", ""12.10"", ""WR"", ""WR"", ""WR"", ""4.70"", ""11.94"", ""Tyler Boyd"", """"]",3,4,98.48,107.28
2021,1,1,3,left,malle_dips_pouches,Joe Mantegna,2021-W01-M03,Dalvin Cook,RB,RB,True,False,False,20.61,17.4,,Dalvin Cook,RB,"["""", ""Dalvin Cook"", ""20.61"", ""17.40"", ""RB"", ""RB"", ""RB"", ""3.20"", ""18.52"", ""Aaron Jones Sr."", """"]",3,4,107.28,98.48
2021,1,1,3,right,Joe Mantegna,malle_dips_pouches,2021-W01-M03,Aaron Jones Sr.,RB,RB,True,False,False,18.52,3.2,,Aaron Jones Sr.,RB,"["""", ""Dalvin Cook"", ""20.61"", ""17.40"", ""RB"", ""RB"", ""RB"", ""3.20"", ""18.52"", ""Aaron Jones Sr."", """"]",3,4,98.48,107.28
2021,1,1,4,left,malle_dips_pouches,Joe Mantegna,2021-W01-M03,Myles Gaskin,RB,RB,True,False,False,11.86,10.1,,Myles Gaskin,RB,"["""", ""Myles Gaskin"", ""11.86"", ""10.10"", ""RB"", ""RB"", ""RB"", ""20.40"", ""10.62"", ""D'Andre Swift"", """"]",3,4,107.28,98.48
2021,1,1,4,right,Joe Mantegna,malle_dips_pouches,2021-W01-M03,D'Andre Swift,RB,RB,True,False,False,10.62,20.4,,D'Andre Swift,RB,"["""", ""Myles Gaskin"", ""11.86"", ""10.10"", ""RB"", ""RB"", ""RB"", ""20.40"", ""10.62"", ""D'Andre Swift"", """"]",3,4,98.48,107.28
2021,1,1,5,left,malle_dips_pouches,Joe Mantegna,2021-W01-M03,George Kittle,TE,TE,True,False,False,14.18,9.8,,George Kittle,TE,"["""", ""George Kittle"", ""14.18"", ""9.80"", ""TE"", ""TE"", ""TE"", ""10.50"", ""9.41"", ""Logan Thomas"", """"]",3,4,107.28,98.48
2021,1,1,5,right,Joe Mantegna,malle_dips_pouches,2021-W01-M03,Logan Thomas,TE,TE,True,False,False,9.41,10.5,,Logan Thomas,TE,"["""", ""George Kittle"", ""14.18"", ""9.80"", ""TE"", ""TE"", ""TE"", ""10.50"", ""9.41"", ""Logan Thomas"", """"]",3,4,98.48,107.28
2021,1,1,6,left,malle_dips_pouches,Joe Mantegna,2021-W01-M03,Miles Sanders,,W/R/T,True,False,False,13.09,15.3,,Miles Sanders ,W/R/T,"["""", ""Miles Sanders "", ""13.09"", ""15.30"", ""W/R/T"", ""W/R/T"", ""W/R/T"", ""15.60"", ""12.48"", ""Kareem Hunt"", """"]",3,4,107.28,98.48
2021,1,1,6,right,Joe Mantegna,malle_dips_pouches,2021-W01-M03,Kareem Hunt,,W/R/T,True,False,False,12.48,15.6,,Kareem Hunt,W/R/T,"["""", ""Miles Sanders "", ""13.09"", ""15.30"", ""W/R/T"", ""W/R/T"", ""W/R/T"", ""15.60"", ""12.48"", ""Kareem Hunt"", """"]",3,4,98.48,107.28
2021,1,1,7,left,malle_dips_pouches,Joe Mantegna,2021-W01-M03,Harrison Butker,K,K,True,False,False,10.03,10.0,,Harrison Butker,K,"["""", ""Harrison Butker"", ""10.03"", ""10.00"", ""K"", ""K"", ""K"", ""12.00"", ""7.83"", ""Chris Boswell"", """"]",3,4,107.28,98.48
2021,1,1,7,right,Joe Mantegna,malle_dips_pouches,2021-W01-M03,Chris Boswell,K,K,True,False,False,7.83,12.0,,Chris Boswell,K,"["""", ""Harrison Butker"", ""10.03"", ""10.00"", ""K"", ""K"", ""K"", ""12.00"", ""7.83"", ""Chris Boswell"", """"]",3,4,98.48,107.28
2021,1,1,8,left,malle_dips_pouches,Joe Mantegna,2021-W01-M03,Broncos - DEF,DEF,DEF,True,False,False,8.29,8.0,,Broncos - DEF,DEF,"["""", ""Broncos - DEF"", ""8.29"", ""8.00"", ""DEF"", ""DEF"", ""DEF"", ""2.00"", ""7.01"", ""Bills - DEF"", """"]",3,4,107.28,98.48
2021,1,1,8,right,Joe Mantegna,malle_dips_pouches,2021-W01-M03,Bills - DEF,DEF,DEF,True,False,False,7.01,2.0,,Bills - DEF,DEF,"["""", ""Broncos - DEF"", ""8.29"", ""8.00"", ""DEF"", ""DEF"", ""DEF"", ""2.00"", ""7.01"", ""Bills - DEF"", """"]",3,4,98.48,107.28
2021,1,2,0,left,malle_dips_pouches,Joe Mantegna,2021-W01-M03,Ronald Jones,,BN,False,True,False,9.96,-0.6,,Ronald Jones,BN,"["""", ""Ronald Jones"", ""9.96"", ""-0.60"", ""BN"", ""BN"", ""BN"", ""5.30"", ""10.45"", ""James Conner"", """"]",3,4,107.28,98.48
2021,1,2,0,right,Joe Mantegna,malle_dips_pouches,2021-W01-M03,James Conner,,BN,False,True,False,10.45,5.3,,James Conner,BN,"["""", ""Ronald Jones"", ""9.96"", ""-0.60"", ""BN"", ""BN"", ""BN"", ""5.30"", ""10.45"", ""James Conner"", """"]",3,4,98.48,107.28
2021,1,2,1,left,malle_dips_pouches,Joe Mantegna,2021-W01-M03,Will Fuller V,,BN,False,True,False,0.0,0.0,,Will Fuller V,BN,"["""", ""Will Fuller V"", ""0.00"", ""0.00"", ""BN"", ""BN"", ""BN"", ""10.20"", ""12.58"", ""Jerry Jeudy "", """"]",3,4,107.28,98.48
2021,1,2,1,right,Joe Mantegna,malle_dips_pouches,2021-W01-M03,Jerry Jeudy,,BN,False,True,False,12.58,10.2,,Jerry Jeudy ,BN,"["""", ""Will Fuller V"", ""0.00"", ""0.00"", ""BN"", ""BN"", ""BN"", ""10.20"", ""12.58"", ""Jerry Jeudy "", """"]",3,4,98.48,107.28
2021,1,2,2,left,malle_dips_pouches,Joe Mantegna,2021-W01-M03,Kirk Cousins,,BN,False,True,False,23.66,26.04,,Kirk Cousins,BN,"["""", ""Kirk Cousins"", ""23.66"", ""26.04"", ""BN"", ""BN"", ""BN"", ""18.20"", ""11.47"", ""Mike Williams"", """"]",3,4,107.28,98.48
2021,1,2,2,right,Joe Mantegna,malle_dips_pouches,2021-W01-M03,Mike Williams,,BN,False,True,False,11.47,18.2,,Mike Williams,BN,"["""", ""Kirk Cousins"", ""23.66"", ""26.04"", ""BN"", ""BN"", ""BN"", ""18.20"", ""11.47"", ""Mike Williams"", """"]",3,4,98.48,107.28
2021,1,2,3,left,malle_dips_pouches,Joe Mantegna,2021-W01-M03,Rashaad Penny,,BN,False,True,False,4.57,0.8,,Rashaad Penny,BN,"["""", ""Rashaad Penny"", ""4.57"", ""0.80"", ""BN"", ""BN"", ""BN"", ""16.20"", ""10.83"", ""Marvin Jones Jr."", """"]",3,4,107.28,98.48
2021,1,2,3,right,Joe Mantegna,malle_dips_pouches,2021-W01-M03,Marvin Jones Jr.,,BN,False,True,False,10.83,16.2,,Marvin Jones Jr.,BN,"["""", ""Rashaad Penny"", ""4.57"", ""0.80"", ""BN"", ""BN"", ""BN"", ""16.20"", ""10.83"", ""Marvin Jones Jr."", """"]",3,4,98.48,107.28
2021,1,2,4,left,malle_dips_pouches,Joe Mantegna,2021-W01-M03,Commanders - DEF,,BN,False,True,False,6.58,7.0,,Commanders - DEF,BN,"["""", ""Commanders - DEF"", ""6.58"", ""7.00"", ""BN"", ""BN"", ""BN"", ""0.00"", ""0.00"", ""Evan Engram"", """"]",3,4,107.28,98.48
2021,1,2,4,right,Joe Mantegna,malle_dips_pouches,2021-W01-M03,Evan Engram,,BN,False,True,False,0.0,0.0,,Evan Engram,BN,"["""", ""Commanders - DEF"", ""6.58"", ""7.00"", ""BN"", ""BN"", ""BN"", ""0.00"", ""0.00"", ""Evan Engram"", """"]",3,4,98.48,107.28
2021,1,2,5,left,malle_dips_pouches,Joe Mantegna,2021-W01-M03,(Empty),,BN,False,True,False,0.0,,,(Empty),BN,"["""", ""(Empty)"", ""0.00"", ""–"", ""BN"", ""BN"", ""BN"", ""0.40"", ""6.95"", ""Darrel Williams"", """"]",3,4,107.28,98.48
2021,1,2,5,right,Joe Mantegna,malle_dips_pouches,2021-W01-M03,Darrel Williams,,BN,False,True,False,6.95,0.4,,Darrel Williams,BN,"["""", ""(Empty)"", ""0.00"", ""–"", ""BN"", ""BN"", ""BN"", ""0.40"", ""6.95"", ""Darrel Williams"", """"]",3,4,98.48,107.28
2021,1,1,0,left,Week 1 Recap (Won),ThreatLevelMidnight,2021-W01-M04,Russell Wilson,QB,QB,True,False,False,28.3,35.06,,Russell Wilson,QB,"["""", ""Russell Wilson"", ""28.30"", ""35.06"", ""QB"", ""QB"", ""QB"", ""39.28"", ""30.19"", ""Patrick Mahomes "", """"]",4,5,138.26,129.38
2021,1,1,0,right,ThreatLevelMidnight,Week 1 Recap (Won),2021-W01-M04,Patrick Mahomes,QB,QB,True,False,False,30.19,39.28,,Patrick Mahomes ,QB,"["""", ""Russell Wilson"", ""28.30"", ""35.06"", ""QB"", ""QB"", ""QB"", ""39.28"", ""30.19"", ""Patrick Mahomes "", """"]",4,5,129.38,138.26
2021,1,1,1,left,Week 1 Recap (Won),ThreatLevelMidnight,2021-W01-M04,Davante Adams,WR,WR,True,False,False,18.35,8.1,,Davante Adams,WR,"["""", ""Davante Adams"", ""18.35"", ""8.10"", ""WR"", ""WR"", ""WR"", ""12.40"", ""12.85"", ""DJ Moore"", """"]",4,5,138.26,129.38
2021,1,1,1,right,ThreatLevelMidnight,Week 1 Recap (Won),2021-W01-M04,DJ Moore,WR,WR,True,False,False,12.85,12.4,,DJ Moore,WR,"["""", ""Davante Adams"", ""18.35"", ""8.10"", ""WR"", ""WR"", ""WR"", ""12.40"", ""12.85"", ""DJ Moore"", """"]",4,5,129.38,138.26
2021,1,1,2,left,Week 1 Recap (Won),ThreatLevelMidnight,2021-W01-M04,Chris Godwin Jr.,WR,WR,True,False,False,14.34,19.0,,Chris Godwin Jr.,WR,"["""", ""Chris Godwin Jr."", ""14.34"", ""19.00"", ""WR"", ""WR"", ""WR"", ""7.20"", ""11.30"", ""JuJu Smith-Schuster"", """"]",4,5,138.26,129.38
2021,1,1,2,right,ThreatLevelMidnight,Week 1 Recap (Won),2021-W01-M04,JuJu Smith-Schuster,WR,WR,True,False,False,11.3,7.2,,JuJu Smith-Schuster,WR,"["""", ""Chris Godwin Jr."", ""14.34"", ""19.00"", ""WR"", ""WR"", ""WR"", ""7.20"", ""11.30"", ""JuJu Smith-Schuster"", """"]",4,5,129.38,138.26
2021,1,1,3,left,Week 1 Recap (Won),ThreatLevelMidnight,2021-W01-M04,Joe Mixon,RB,RB,True,False,False,15.1,23.0,,Joe Mixon,RB,"["""", ""Joe Mixon"", ""15.10"", ""23.00"", ""RB"", ""RB"", ""RB"", ""16.50"", ""11.89"", ""Josh Jacobs"", """"]",4,5,138.26,129.38
2021,1,1,3,right,ThreatLevelMidnight,Week 1 Recap (Won),2021-W01-M04,Josh Jacobs,RB,RB,True,False,False,11.89,16.5,,Josh Jacobs,RB,"["""", ""Joe Mixon"", ""15.10"", ""23.00"", ""RB"", ""RB"", ""RB"", ""16.50"", ""11.89"", ""Josh Jacobs"", """"]",4,5,129.38,138.26
2021,1,1,4,left,Week 1 Recap (Won),ThreatLevelMidnight,2021-W01-M04,Darrell Henderson Jr.,RB,RB,True,False,False,12.44,15.2,,Darrell Henderson Jr.,RB,"["""", ""Darrell Henderson Jr."", ""12.44"", ""15.20"", ""RB"", ""RB"", ""RB"", ""6.90"", ""14.53"", ""James Robinson"", """"]",4,5,138.26,129.38
2021,1,1,4,right,ThreatLevelMidnight,Week 1 Recap (Won),2021-W01-M04,James Robinson,RB,RB,True,False,False,14.53,6.9,,James Robinson,RB,"["""", ""Darrell Henderson Jr."", ""12.44"", ""15.20"", ""RB"", ""RB"", ""RB"", ""6.90"", ""14.53"", ""James Robinson"", """"]",4,5,129.38,138.26
2021,1,1,5,left,Week 1 Recap (Won),ThreatLevelMidnight,2021-W01-M04,Noah Fant,TE,TE,True,False,False,8.95,9.2,,Noah Fant,TE,"["""", ""Noah Fant"", ""8.95"", ""9.20"", ""TE"", ""TE"", ""TE"", ""1.80"", ""9.98"", ""Robert Tonyan"", """"]",4,5,138.26,129.38
2021,1,1,5,right,ThreatLevelMidnight,Week 1 Recap (Won),2021-W01-M04,Robert Tonyan,TE,TE,True,False,False,9.98,1.8,,Robert Tonyan,TE,"["""", ""Noah Fant"", ""8.95"", ""9.20"", ""TE"", ""TE"", ""TE"", ""1.80"", ""9.98"", ""Robert Tonyan"", """"]",4,5,129.38,138.26
2021,1,1,6,left,Week 1 Recap (Won),ThreatLevelMidnight,2021-W01-M04,Mike Davis,,W/R/T,True,False,False,13.48,8.7,,Mike Davis ,W/R/T,"["""", ""Mike Davis "", ""13.48"", ""8.70"", ""W/R/T"", ""W/R/T"", ""W/R/T"", ""19.30"", ""10.60"", ""Melvin Gordon III"", """"]",4,5,138.26,129.38
2021,1,1,6,right,ThreatLevelMidnight,Week 1 Recap (Won),2021-W01-M04,Melvin Gordon III,,W/R/T,True,False,False,10.6,19.3,,Melvin Gordon III,W/R/T,"["""", ""Mike Davis "", ""13.48"", ""8.70"", ""W/R/T"", ""W/R/T"", ""W/R/T"", ""19.30"", ""10.60"", ""Melvin Gordon III"", """"]",4,5,129.38,138.26
2021,1,1,7,left,Week 1 Recap (Won),ThreatLevelMidnight,2021-W01-M04,Tyler Bass,K,K,True,False,False,9.74,11.0,,Tyler Bass,K,"["""", ""Tyler Bass"", ""9.74"", ""11.00"", ""K"", ""K"", ""K"", ""12.00"", ""8.64"", ""Greg Zuerlein"", """"]",4,5,138.26,129.38
2021,1,1,7,right,ThreatLevelMidnight,Week 1 Recap (Won),2021-W01-M04,Greg Zuerlein,K,K,True,False,False,8.64,12.0,,Greg Zuerlein,K,"["""", ""Tyler Bass"", ""9.74"", ""11.00"", ""K"", ""K"", ""K"", ""12.00"", ""8.64"", ""Greg Zuerlein"", """"]",4,5,129.38,138.26
2021,1,1,8,left,Week 1 Recap (Won),ThreatLevelMidnight,2021-W01-M04,Panthers - DEF,DEF,DEF,True,False,False,7.96,9.0,,Panthers - DEF,DEF,"["""", ""Panthers - DEF"", ""7.96"", ""9.00"", ""DEF"", ""DEF"", ""DEF"", ""14.00"", ""4.32"", ""Steelers - DEF"", """"]",4,5,138.26,129.38
2021,1,1,8,right,ThreatLevelMidnight,Week 1 Recap (Won),2021-W01-M04,Steelers - DEF,DEF,DEF,True,False,False,4.32,14.0,,Steelers - DEF,DEF,"["""", ""Panthers - DEF"", ""7.96"", ""9.00"", ""DEF"", ""DEF"", ""DEF"", ""14.00"", ""4.32"", ""Steelers - DEF"", """"]",4,5,129.38,138.26
2021,1,2,0,left,Week 1 Recap (Won),ThreatLevelMidnight,2021-W01-M04,Trey Sermon,,BN,False,True,False,0.0,0.0,,Trey Sermon,BN,"["""", ""Trey Sermon"", ""0.00"", ""0.00"", ""BN"", ""BN"", ""BN"", ""3.40"", ""10.61"", ""Mecole Hardman Jr."", """"]",4,5,138.26,129.38
2021,1,2,0,right,ThreatLevelMidnight,Week 1 Recap (Won),2021-W01-M04,Mecole Hardman Jr.,,BN,False,True,False,10.61,3.4,,Mecole Hardman Jr.,BN,"["""", ""Trey Sermon"", ""0.00"", ""0.00"", ""BN"", ""BN"", ""BN"", ""3.40"", ""10.61"", ""Mecole Hardman Jr."", """"]",4,5,129.38,138.26
2021,1,2,1,left,Week 1 Recap (Won),ThreatLevelMidnight,2021-W01-M04,Corey Davis,,BN,False,True,False,12.5,24.2,,Corey Davis,BN,"["""", ""Corey Davis"", ""12.50"", ""24.20"", ""BN"", ""BN"", ""BN"", ""1.90"", ""11.90"", ""Marquez Callaway"", """"]",4,5,138.26,129.38
2021,1,2,1,right,ThreatLevelMidnight,Week 1 Recap (Won),2021-W01-M04,Marquez Callaway,,BN,False,True,False,11.9,1.9,,Marquez Callaway,BN,"["""", ""Corey Davis"", ""12.50"", ""24.20"", ""BN"", ""BN"", ""BN"", ""1.90"", ""11.90"", ""Marquez Callaway"", """"]",4,5,129.38,138.26
2021,1,2,2,left,Week 1 Recap (Won),ThreatLevelMidnight,2021-W01-M04,Jakobi Meyers,,BN,False,True,False,11.47,7.4,,Jakobi Meyers,BN,"["""", ""Jakobi Meyers"", ""11.47"", ""7.40"", ""BN"", ""BN"", ""BN"", ""13.90"", ""9.42"", ""Jalen Reagor"", """"]",4,5,138.26,129.38
2021,1,2,2,right,ThreatLevelMidnight,Week 1 Recap (Won),2021-W01-M04,Jalen Reagor,,BN,False,True,False,9.42,13.9,,Jalen Reagor,BN,"["""", ""Jakobi Meyers"", ""11.47"", ""7.40"", ""BN"", ""BN"", ""BN"", ""13.90"", ""9.42"", ""Jalen Reagor"", """"]",4,5,129.38,138.26
2021,1,2,3,left,Week 1 Recap (Won),ThreatLevelMidnight,2021-W01-M04,Jaylen Waddle,,BN,False,True,False,9.91,14.1,,Jaylen Waddle,BN,"["""", ""Jaylen Waddle"", ""9.91"", ""14.10"", ""BN"", ""BN"", ""BN"", ""20.80"", ""9.81"", ""Sterling Shepard"", """"]",4,5,138.26,129.38
2021,1,2,3,right,ThreatLevelMidnight,Week 1 Recap (Won),2021-W01-M04,Sterling Shepard,,BN,False,True,False,9.81,20.8,,Sterling Shepard,BN,"["""", ""Jaylen Waddle"", ""9.91"", ""14.10"", ""BN"", ""BN"", ""BN"", ""20.80"", ""9.81"", ""Sterling Shepard"", """"]",4,5,129.38,138.26
2021,1,2,4,left,Week 1 Recap (Won),ThreatLevelMidnight,2021-W01-M04,Chuba Hubbard,,BN,False,True,False,3.76,1.4,,Chuba Hubbard,BN,"["""", ""Chuba Hubbard"", ""3.76"", ""1.40"", ""BN"", ""BN"", ""BN"", ""23.32"", ""19.81"", ""Zach Wilson"", """"]",4,5,138.26,129.38
2021,1,2,4,right,ThreatLevelMidnight,Week 1 Recap (Won),2021-W01-M04,Zach Wilson,,BN,False,True,False,19.81,23.32,,Zach Wilson,BN,"["""", ""Chuba Hubbard"", ""3.76"", ""1.40"", ""BN"", ""BN"", ""BN"", ""23.32"", ""19.81"", ""Zach Wilson"", """"]",4,5,129.38,138.26
2021,1,2,5,left,Week 1 Recap (Won),ThreatLevelMidnight,2021-W01-M04,Browns - DEF,,BN,False,True,False,3.95,1.0,,Browns - DEF,BN,"["""", ""Browns - DEF"", ""3.95"", ""1.00"", ""BN"", ""BN"", ""BN"", ""2.40"", ""6.12"", ""Tevin Coleman"", """"]",4,5,138.26,129.38
2021,1,2,5,right,ThreatLevelMidnight,Week 1 Recap (Won),2021-W01-M04,Tevin Coleman,,BN,False,True,False,6.12,2.4,,Tevin Coleman,BN,"["""", ""Browns - DEF"", ""3.95"", ""1.00"", ""BN"", ""BN"", ""BN"", ""2.40"", ""6.12"", ""Tevin Coleman"", """"]",4,5,129.38,138.26
2021,1,2,6,left,Week 1 Recap (Won),ThreatLevelMidnight,2021-W01-M04,Cam Akers,,IR,False,False,True,0.0,0.0,,Cam Akers,IR,"["""", ""Cam Akers"", ""0.00"", ""0.00"", ""IR"", ""IR"", ""IR"", ""–"", ""0.00"", ""(Empty)"", """"]",4,5,138.26,129.38
2021,1,2,6,right,ThreatLevelMidnight,Week 1 Recap (Won),2021-W01-M04,(Empty),,IR,False,False,True,0.0,,,(Empty),IR,"["""", ""Cam Akers"", ""0.00"", ""0.00"", ""IR"", ""IR"", ""IR"", ""–"", ""0.00"", ""(Empty)"", """"]",4,5,129.38,138.26
2021,1,1,0,left,Pop Lockett Drop it,Ginger FC,2021-W01-M05,Baker Mayfield,QB,QB,True,False,False,23.38,13.64,,Baker Mayfield,QB,"["""", ""Baker Mayfield"", ""23.38"", ""13.64"", ""QB"", ""QB"", ""QB"", ""3.32"", ""26.53"", ""Aaron Rodgers"", """"]",5,6,103.44,120.32
2021,1,1,0,right,Ginger FC,Pop Lockett Drop it,2021-W01-M05,Aaron Rodgers,QB,QB,True,False,False,26.53,3.32,,Aaron Rodgers,QB,"["""", ""Baker Mayfield"", ""23.38"", ""13.64"", ""QB"", ""QB"", ""QB"", ""3.32"", ""26.53"", ""Aaron Rodgers"", """"]",5,6,120.32,103.44
2021,1,1,1,left,Pop Lockett Drop it,Ginger FC,2021-W01-M05,Robbie Chosen,WR,WR,True,False,False,12.54,12.2,,Robbie Chosen,WR,"["""", ""Robbie Chosen"", ""12.54"", ""12.20"", ""WR"", ""WR"", ""WR"", ""23.30"", ""17.06"", ""DeAndre Hopkins"", """"]",5,6,103.44,120.32
2021,1,1,1,right,Ginger FC,Pop Lockett Drop it,2021-W01-M05,DeAndre Hopkins,WR,WR,True,False,False,17.06,23.3,,DeAndre Hopkins,WR,"["""", ""Robbie Chosen"", ""12.54"", ""12.20"", ""WR"", ""WR"", ""WR"", ""23.30"", ""17.06"", ""DeAndre Hopkins"", """"]",5,6,120.32,103.44
2021,1,1,2,left,Pop Lockett Drop it,Ginger FC,2021-W01-M05,Stefon Diggs,WR,WR,True,False,False,16.2,11.4,,Stefon Diggs ,WR,"["""", ""Stefon Diggs "", ""16.20"", ""11.40"", ""WR"", ""WR"", ""WR"", ""32.40"", ""13.66"", ""Amari Cooper"", """"]",5,6,103.44,120.32
2021,1,1,2,right,Ginger FC,Pop Lockett Drop it,2021-W01-M05,Amari Cooper,WR,WR,True,False,False,13.66,32.4,,Amari Cooper,WR,"["""", ""Stefon Diggs "", ""16.20"", ""11.40"", ""WR"", ""WR"", ""WR"", ""32.40"", ""13.66"", ""Amari Cooper"", """"]",5,6,120.32,103.44
2021,1,1,3,left,Pop Lockett Drop it,Ginger FC,2021-W01-M05,Austin Ekeler,RB,RB,True,False,False,16.47,11.7,,Austin Ekeler,RB,"["""", ""Austin Ekeler"", ""16.47"", ""11.70"", ""RB"", ""RB"", ""RB"", ""4.90"", ""15.89"", ""Ezekiel Elliott"", """"]",5,6,103.44,120.32
2021,1,1,3,right,Ginger FC,Pop Lockett Drop it,2021-W01-M05,Ezekiel Elliott,RB,RB,True,False,False,15.89,4.9,,Ezekiel Elliott,RB,"["""", ""Austin Ekeler"", ""16.47"", ""11.70"", ""RB"", ""RB"", ""RB"", ""4.90"", ""15.89"", ""Ezekiel Elliott"", """"]",5,6,120.32,103.44
2021,1,1,4,left,Pop Lockett Drop it,Ginger FC,2021-W01-M05,Jamaal Williams,RB,RB,True,False,False,10.44,21.0,,Jamaal Williams,RB,"["""", ""Jamaal Williams"", ""10.44"", ""21.00"", ""RB"", ""RB"", ""RB"", ""8.40"", ""11.07"", ""Leonard Fournette"", """"]",5,6,103.44,120.32
2021,1,1,4,right,Ginger FC,Pop Lockett Drop it,2021-W01-M05,Leonard Fournette,RB,RB,True,False,False,11.07,8.4,,Leonard Fournette,RB,"["""", ""Jamaal Williams"", ""10.44"", ""21.00"", ""RB"", ""RB"", ""RB"", ""8.40"", ""11.07"", ""Leonard Fournette"", """"]",5,6,120.32,103.44
2021,1,1,5,left,Pop Lockett Drop it,Ginger FC,2021-W01-M05,Travis Kelce,TE,TE,True,False,False,16.53,22.6,,Travis Kelce,TE,"["""", ""Travis Kelce"", ""16.53"", ""22.60"", ""TE"", ""TE"", ""TE"", ""25.00"", ""8.46"", ""Rob Gronkowski"", """"]",5,6,103.44,120.32
2021,1,1,5,right,Ginger FC,Pop Lockett Drop it,2021-W01-M05,Rob Gronkowski,TE,TE,True,False,False,8.46,25.0,,Rob Gronkowski,TE,"["""", ""Travis Kelce"", ""16.53"", ""22.60"", ""TE"", ""TE"", ""TE"", ""25.00"", ""8.46"", ""Rob Gronkowski"", """"]",5,6,120.32,103.44
2021,1,1,6,left,Pop Lockett Drop it,Ginger FC,2021-W01-M05,Courtland Sutton,,W/R/T,True,False,False,11.49,1.9,,Courtland Sutton,W/R/T,"["""", ""Courtland Sutton"", ""11.49"", ""1.90"", ""W/R/T"", ""W/R/T"", ""W/R/T"", ""14.00"", ""15.74"", ""DK Metcalf "", """"]",5,6,103.44,120.32
2021,1,1,6,right,Ginger FC,Pop Lockett Drop it,2021-W01-M05,DK Metcalf,,W/R/T,True,False,False,15.74,14.0,,DK Metcalf ,W/R/T,"["""", ""Courtland Sutton"", ""11.49"", ""1.90"", ""W/R/T"", ""W/R/T"", ""W/R/T"", ""14.00"", ""15.74"", ""DK Metcalf "", """"]",5,6,120.32,103.44
2021,1,1,7,left,Pop Lockett Drop it,Ginger FC,2021-W01-M05,Rodrigo Blankenship,K,K,True,False,False,8.6,4.0,,Rodrigo Blankenship,K,"["""", ""Rodrigo Blankenship"", ""8.60"", ""4.00"", ""K"", ""K"", ""K"", ""7.00"", ""9.85"", ""Ryan Succop"", """"]",5,6,103.44,120.32
2021,1,1,7,right,Ginger FC,Pop Lockett Drop it,2021-W01-M05,Ryan Succop,K,K,True,False,False,9.85,7.0,,Ryan Succop,K,"["""", ""Rodrigo Blankenship"", ""8.60"", ""4.00"", ""K"", ""K"", ""K"", ""7.00"", ""9.85"", ""Ryan Succop"", """"]",5,6,120.32,103.44
2021,1,1,8,left,Pop Lockett Drop it,Ginger FC,2021-W01-M05,Vikings - DEF,DEF,DEF,True,False,False,6.94,5.0,,Vikings - DEF,DEF,"["""", ""Vikings - DEF"", ""6.94"", ""5.00"", ""DEF"", ""DEF"", ""DEF"", ""2.00"", ""6.91"", ""Buccaneers - DEF"", """"]",5,6,103.44,120.32
2021,1,1,8,right,Ginger FC,Pop Lockett Drop it,2021-W01-M05,Buccaneers - DEF,DEF,DEF,True,False,False,6.91,2.0,,Buccaneers - DEF,DEF,"["""", ""Vikings - DEF"", ""6.94"", ""5.00"", ""DEF"", ""DEF"", ""DEF"", ""2.00"", ""6.91"", ""Buccaneers - DEF"", """"]",5,6,120.32,103.44
2021,1,2,0,left,Pop Lockett Drop it,Ginger FC,2021-W01-M05,David Johnson,,BN,False,True,False,6.67,10.3,,David Johnson,BN,"["""", ""David Johnson"", ""6.67"", ""10.30"", ""BN"", ""BN"", ""BN"", ""4.60"", ""9.38"", ""Javonte Williams"", """"]",5,6,103.44,120.32
2021,1,2,0,right,Ginger FC,Pop Lockett Drop it,2021-W01-M05,Javonte Williams,,BN,False,True,False,9.38,4.6,,Javonte Williams,BN,"["""", ""David Johnson"", ""6.67"", ""10.30"", ""BN"", ""BN"", ""BN"", ""4.60"", ""9.38"", ""Javonte Williams"", """"]",5,6,120.32,103.44
2021,1,2,1,left,Pop Lockett Drop it,Ginger FC,2021-W01-M05,Michael Gallup,,BN,False,True,False,10.62,5.6,,Michael Gallup,BN,"["""", ""Michael Gallup"", ""10.62"", ""5.60"", ""BN"", ""BN"", ""BN"", ""9.50"", ""10.65"", ""Devin Singletary"", """"]",5,6,103.44,120.32
2021,1,2,1,right,Ginger FC,Pop Lockett Drop it,2021-W01-M05,Devin Singletary,,BN,False,True,False,10.65,9.5,,Devin Singletary,BN,"["""", ""Michael Gallup"", ""10.62"", ""5.60"", ""BN"", ""BN"", ""BN"", ""9.50"", ""10.65"", ""Devin Singletary"", """"]",5,6,120.32,103.44
2021,1,2,2,left,Pop Lockett Drop it,Ginger FC,2021-W01-M05,Sony Michel,,BN,False,True,False,5.73,0.2,,Sony Michel,BN,"["""", ""Sony Michel"", ""5.73"", ""0.20"", ""BN"", ""BN"", ""BN"", ""9.40"", ""12.47"", ""Laviska Shenault Jr."", """"]",5,6,103.44,120.32
2021,1,2,2,right,Ginger FC,Pop Lockett Drop it,2021-W01-M05,Laviska Shenault Jr.,,BN,False,True,False,12.47,9.4,,Laviska Shenault Jr.,BN,"["""", ""Sony Michel"", ""5.73"", ""0.20"", ""BN"", ""BN"", ""BN"", ""9.40"", ""12.47"", ""Laviska Shenault Jr."", """"]",5,6,120.32,103.44
2021,1,2,3,left,Pop Lockett Drop it,Ginger FC,2021-W01-M05,Henry Ruggs III,,BN,False,True,False,9.51,5.6,,Henry Ruggs III,BN,"["""", ""Henry Ruggs III"", ""9.51"", ""5.60"", ""BN"", ""BN"", ""BN"", ""16.90"", ""12.06"", ""Jarvis Landry"", """"]",5,6,103.44,120.32
2021,1,2,3,right,Ginger FC,Pop Lockett Drop it,2021-W01-M05,Jarvis Landry,,BN,False,True,False,12.06,16.9,,Jarvis Landry,BN,"["""", ""Henry Ruggs III"", ""9.51"", ""5.60"", ""BN"", ""BN"", ""BN"", ""16.90"", ""12.06"", ""Jarvis Landry"", """"]",5,6,120.32,103.44
2021,1,2,4,left,Pop Lockett Drop it,Ginger FC,2021-W01-M05,Hollywood Brown,,BN,False,True,False,11.56,16.4,,Hollywood Brown,BN,"["""", ""Hollywood Brown"", ""11.56"", ""16.40"", ""BN"", ""BN"", ""BN"", ""2.40"", ""10.94"", ""Tyrell Williams"", """"]",5,6,103.44,120.32
2021,1,2,4,right,Ginger FC,Pop Lockett Drop it,2021-W01-M05,Tyrell Williams,,BN,False,True,False,10.94,2.4,,Tyrell Williams,BN,"["""", ""Hollywood Brown"", ""11.56"", ""16.40"", ""BN"", ""BN"", ""BN"", ""2.40"", ""10.94"", ""Tyrell Williams"", """"]",5,6,120.32,103.44
2021,1,2,5,left,Pop Lockett Drop it,Ginger FC,2021-W01-M05,Le'Veon Bell,,BN,False,True,False,0.0,0.0,,Le'Veon Bell,BN,"["""", ""Le'Veon Bell"", ""0.00"", ""0.00"", ""BN"", ""BN"", ""BN"", ""39.62"", ""22.31"", ""Jameis Winston"", """"]",5,6,103.44,120.32
2021,1,2,5,right,Ginger FC,Pop Lockett Drop it,2021-W01-M05,Jameis Winston,,BN,False,True,False,22.31,39.62,,Jameis Winston,BN,"["""", ""Le'Veon Bell"", ""0.00"", ""0.00"", ""BN"", ""BN"", ""BN"", ""39.62"", ""22.31"", ""Jameis Winston"", """"]",5,6,120.32,103.44
2021,1,1,0,left,Patty Primetimes,Post Mahomes,2021-W01-M06,Kyler Murray,QB,QB,True,False,False,29.08,42.56,,Kyler Murray ,QB,"["""", ""Kyler Murray "", ""29.08"", ""42.56"", ""QB"", ""QB"", ""QB"", ""19.20"", ""28.88"", ""Josh Allen "", """"]",6,7,109.06,103.1
2021,1,1,0,right,Post Mahomes,Patty Primetimes,2021-W01-M06,Josh Allen,QB,QB,True,False,False,28.88,19.2,,Josh Allen ,QB,"["""", ""Kyler Murray "", ""29.08"", ""42.56"", ""QB"", ""QB"", ""QB"", ""19.20"", ""28.88"", ""Josh Allen "", """"]",6,7,103.1,109.06
2021,1,1,1,left,Patty Primetimes,Post Mahomes,2021-W01-M06,CeeDee Lamb,WR,WR,True,False,False,14.06,19.9,,CeeDee Lamb,WR,"["""", ""CeeDee Lamb"", ""14.06"", ""19.90"", ""WR"", ""WR"", ""WR"", ""4.40"", ""13.54"", ""Julio Jones"", """"]",6,7,109.06,103.1
2021,1,1,1,right,Post Mahomes,Patty Primetimes,2021-W01-M06,Julio Jones,WR,WR,True,False,False,13.54,4.4,,Julio Jones,WR,"["""", ""CeeDee Lamb"", ""14.06"", ""19.90"", ""WR"", ""WR"", ""WR"", ""4.40"", ""13.54"", ""Julio Jones"", """"]",6,7,103.1,109.06
2021,1,1,2,left,Patty Primetimes,Post Mahomes,2021-W01-M06,Brandon Aiyuk,WR,WR,True,False,False,12.38,0.0,,Brandon Aiyuk,WR,"["""", ""Brandon Aiyuk"", ""12.38"", ""0.00"", ""WR"", ""WR"", ""WR"", ""13.80"", ""12.53"", ""Tee Higgins"", """"]",6,7,109.06,103.1
2021,1,1,2,right,Post Mahomes,Patty Primetimes,2021-W01-M06,Tee Higgins,WR,WR,True,False,False,12.53,13.8,,Tee Higgins,WR,"["""", ""Brandon Aiyuk"", ""12.38"", ""0.00"", ""WR"", ""WR"", ""WR"", ""13.80"", ""12.53"", ""Tee Higgins"", """"]",6,7,103.1,109.06
2021,1,1,3,left,Patty Primetimes,Post Mahomes,2021-W01-M06,Jonathan Taylor,RB,RB,True,False,False,17.25,14.6,,Jonathan Taylor,RB,"["""", ""Jonathan Taylor"", ""17.25"", ""14.60"", ""RB"", ""RB"", ""RB"", ""16.60"", ""20.69"", ""Alvin Kamara"", """"]",6,7,109.06,103.1
2021,1,1,3,right,Post Mahomes,Patty Primetimes,2021-W01-M06,Alvin Kamara,RB,RB,True,False,False,20.69,16.6,,Alvin Kamara,RB,"["""", ""Jonathan Taylor"", ""17.25"", ""14.60"", ""RB"", ""RB"", ""RB"", ""16.60"", ""20.69"", ""Alvin Kamara"", """"]",6,7,103.1,109.06
2021,1,1,4,left,Patty Primetimes,Post Mahomes,2021-W01-M06,Saquon Barkley,RB,RB,True,False,False,14.7,3.2,,Saquon Barkley,RB,"["""", ""Saquon Barkley"", ""14.70"", ""3.20"", ""RB"", ""RB"", ""RB"", ""8.70"", ""14.36"", ""Clyde Edwards-Helaire"", """"]",6,7,109.06,103.1
2021,1,1,4,right,Post Mahomes,Patty Primetimes,2021-W01-M06,Clyde Edwards-Helaire,RB,RB,True,False,False,14.36,8.7,,Clyde Edwards-Helaire,RB,"["""", ""Saquon Barkley"", ""14.70"", ""3.20"", ""RB"", ""RB"", ""RB"", ""8.70"", ""14.36"", ""Clyde Edwards-Helaire"", """"]",6,7,103.1,109.06
2021,1,1,5,left,Patty Primetimes,Post Mahomes,2021-W01-M06,Kyle Pitts Sr.,TE,TE,True,False,False,11.09,5.1,,Kyle Pitts Sr.,TE,"["""", ""Kyle Pitts Sr."", ""11.09"", ""5.10"", ""TE"", ""TE"", ""TE"", ""12.20"", ""9.03"", ""Dallas Goedert"", """"]",6,7,109.06,103.1
2021,1,1,5,right,Post Mahomes,Patty Primetimes,2021-W01-M06,Dallas Goedert,TE,TE,True,False,False,9.03,12.2,,Dallas Goedert,TE,"["""", ""Kyle Pitts Sr."", ""11.09"", ""5.10"", ""TE"", ""TE"", ""TE"", ""12.20"", ""9.03"", ""Dallas Goedert"", """"]",6,7,103.1,109.06
2021,1,1,6,left,Patty Primetimes,Post Mahomes,2021-W01-M06,Brandin Cooks,,W/R/T,True,False,False,12.77,15.7,,Brandin Cooks,W/R/T,"["""", ""Brandin Cooks"", ""12.77"", ""15.70"", ""W/R/T"", ""W/R/T"", ""W/R/T"", ""11.20"", ""14.97"", ""Chris Carson"", """"]",6,7,109.06,103.1
2021,1,1,6,right,Post Mahomes,Patty Primetimes,2021-W01-M06,Chris Carson,,W/R/T,True,False,False,14.97,11.2,,Chris Carson,W/R/T,"["""", ""Brandin Cooks"", ""12.77"", ""15.70"", ""W/R/T"", ""W/R/T"", ""W/R/T"", ""11.20"", ""14.97"", ""Chris Carson"", """"]",6,7,103.1,109.06
2021,1,1,7,left,Patty Primetimes,Post Mahomes,2021-W01-M06,Matt Prater,K,K,True,False,False,8.4,8.0,,Matt Prater,K,"["""", ""Matt Prater"", ""8.40"", ""8.00"", ""K"", ""K"", ""K"", ""12.00"", ""9.02"", ""Matt Gay"", """"]",6,7,109.06,103.1
2021,1,1,7,right,Post Mahomes,Patty Primetimes,2021-W01-M06,Matt Gay,K,K,True,False,False,9.02,12.0,,Matt Gay,K,"["""", ""Matt Prater"", ""8.40"", ""8.00"", ""K"", ""K"", ""K"", ""12.00"", ""9.02"", ""Matt Gay"", """"]",6,7,103.1,109.06
2021,1,1,8,left,Patty Primetimes,Post Mahomes,2021-W01-M06,(Empty),DEF,DEF,True,False,False,0.0,,,(Empty),DEF,"["""", ""(Empty)"", ""0.00"", ""–"", ""DEF"", ""DEF"", ""DEF"", ""5.00"", ""8.03"", ""Patriots - DEF"", """"]",6,7,109.06,103.1
2021,1,1,8,right,Post Mahomes,Patty Primetimes,2021-W01-M06,Patriots - DEF,DEF,DEF,True,False,False,8.03,5.0,,Patriots - DEF,DEF,"["""", ""(Empty)"", ""0.00"", ""–"", ""DEF"", ""DEF"", ""DEF"", ""5.00"", ""8.03"", ""Patriots - DEF"", """"]",6,7,103.1,109.06
2021,1,2,0,left,Patty Primetimes,Post Mahomes,2021-W01-M06,Kenny Golladay,,BN,False,True,False,11.29,8.4,,Kenny Golladay,BN,"["""", ""Kenny Golladay"", ""11.29"", ""8.40"", ""BN"", ""BN"", ""BN"", ""16.10"", ""11.30"", ""DeVonta Smith"", """"]",6,7,109.06,103.1
2021,1,2,0,right,Post Mahomes,Patty Primetimes,2021-W01-M06,DeVonta Smith,,BN,False,True,False,11.3,16.1,,DeVonta Smith,BN,"["""", ""Kenny Golladay"", ""11.29"", ""8.40"", ""BN"", ""BN"", ""BN"", ""16.10"", ""11.30"", ""DeVonta Smith"", """"]",6,7,103.1,109.06
2021,1,2,1,left,Patty Primetimes,Post Mahomes,2021-W01-M06,Tony Pollard,,BN,False,True,False,5.92,6.3,,Tony Pollard,BN,"["""", ""Tony Pollard"", ""5.92"", ""6.30"", ""BN"", ""BN"", ""BN"", ""9.50"", ""8.40"", ""Kenyan Drake"", """"]",6,7,109.06,103.1
2021,1,2,1,right,Post Mahomes,Patty Primetimes,2021-W01-M06,Kenyan Drake,,BN,False,True,False,8.4,9.5,,Kenyan Drake,BN,"["""", ""Tony Pollard"", ""5.92"", ""6.30"", ""BN"", ""BN"", ""BN"", ""9.50"", ""8.40"", ""Kenyan Drake"", """"]",6,7,103.1,109.06
2021,1,2,2,left,Patty Primetimes,Post Mahomes,2021-W01-M06,J.D. McKissic,,BN,False,True,False,7.99,0.8,,J.D. McKissic,BN,"["""", ""J.D. McKissic"", ""7.99"", ""0.80"", ""BN"", ""BN"", ""BN"", ""7.36"", ""23.36"", ""Matt Ryan"", """"]",6,7,109.06,103.1
2021,1,2,2,right,Post Mahomes,Patty Primetimes,2021-W01-M06,Matt Ryan,,BN,False,True,False,23.36,7.36,,Matt Ryan,BN,"["""", ""J.D. McKissic"", ""7.99"", ""0.80"", ""BN"", ""BN"", ""BN"", ""7.36"", ""23.36"", ""Matt Ryan"", """"]",6,7,103.1,109.06
2021,1,2,3,left,Patty Primetimes,Post Mahomes,2021-W01-M06,Curtis Samuel,,BN,False,True,False,0.0,0.0,,Curtis Samuel,BN,"["""", ""Curtis Samuel"", ""0.00"", ""0.00"", ""BN"", ""BN"", ""BN"", ""0.00"", ""8.28"", ""Mike Gesicki"", """"]",6,7,109.06,103.1
2021,1,2,3,right,Post Mahomes,Patty Primetimes,2021-W01-M06,Mike Gesicki,,BN,False,True,False,8.28,0.0,,Mike Gesicki,BN,"["""", ""Curtis Samuel"", ""0.00"", ""0.00"", ""BN"", ""BN"", ""BN"", ""0.00"", ""8.28"", ""Mike Gesicki"", """"]",6,7,103.1,109.06
2021,1,2,4,left,Patty Primetimes,Post Mahomes,2021-W01-M06,Devontae Booker,,BN,False,True,False,4.93,1.8,,Devontae Booker,BN,"["""", ""Devontae Booker"", ""4.93"", ""1.80"", ""BN"", ""BN"", ""BN"", ""5.10"", ""9.44"", ""Darnell Mooney"", """"]",6,7,109.06,103.1
2021,1,2,4,right,Post Mahomes,Patty Primetimes,2021-W01-M06,Darnell Mooney,,BN,False,True,False,9.44,5.1,,Darnell Mooney,BN,"["""", ""Devontae Booker"", ""4.93"", ""1.80"", ""BN"", ""BN"", ""BN"", ""5.10"", ""9.44"", ""Darnell Mooney"", """"]",6,7,103.1,109.06
2021,1,2,5,left,Patty Primetimes,Post Mahomes,2021-W01-M06,Latavius Murray,,BN,False,True,False,5.46,8.8,,Latavius Murray,BN,"["""", ""Latavius Murray"", ""5.46"", ""8.80"", ""BN"", ""BN"", ""BN"", ""15.70"", ""9.99"", ""Nelson Agholor"", """"]",6,7,109.06,103.1
2021,1,2,5,right,Post Mahomes,Patty Primetimes,2021-W01-M06,Nelson Agholor,,BN,False,True,False,9.99,15.7,,Nelson Agholor,BN,"["""", ""Latavius Murray"", ""5.46"", ""8.80"", ""BN"", ""BN"", ""BN"", ""15.70"", ""9.99"", ""Nelson Agholor"", """"]",6,7,103.1,109.06
2021,1,2,6,left,Patty Primetimes,Post Mahomes,2021-W01-M06,Ravens - DEF,,BN,False,True,False,6.51,4.0,,Ravens - DEF,BN,"["""", ""Ravens - DEF"", ""6.51"", ""4.00"", ""BN"", ""BN"", ""BN"", ""–"", ""0.00"", ""(Empty)"", """"]",6,7,109.06,103.1
2021,1,2,6,right,Post Mahomes,Patty Primetimes,2021-W01-M06,(Empty),,BN,False,True,False,0.0,,,(Empty),BN,"["""", ""Ravens - DEF"", ""6.51"", ""4.00"", ""BN"", ""BN"", ""BN"", ""–"", ""0.00"", ""(Empty)"", """"]",6,7,103.1,109.06
2021,1,2,7,left,Patty Primetimes,Post Mahomes,2021-W01-M06,Gus Edwards,,IR,False,False,True,0.0,0.0,,Gus Edwards,IR,"["""", ""Gus Edwards"", ""0.00"", ""0.00"", ""IR"", ""IR"", ""IR"", ""0.00"", ""0.00"", ""Travis Etienne Jr."", """"]",6,7,109.06,103.1
2021,1,2,7,right,Post Mahomes,Patty Primetimes,2021-W01-M06,Travis Etienne Jr.,,IR,False,False,True,0.0,0.0,,Travis Etienne Jr.,IR,"["""", ""Gus Edwards"", ""0.00"", ""0.00"", ""IR"", ""IR"", ""IR"", ""0.00"", ""0.00"", ""Travis Etienne Jr."", """"]",6,7,103.1,109.06
2021,2,1,0,left,The Big Gronkowski,Voldemort,2021-W02-M01,Matthew Stafford,QB,QB,True,False,False,24.73,22.22,,Matthew Stafford,QB,"["""", ""Matthew Stafford"", ""24.73"", ""22.22"", ""QB"", ""QB"", ""QB"", ""8.48"", ""28.49"", ""Dak Prescott"", """"]",1,1,137.42,92.88
2021,2,1,0,right,Voldemort,The Big Gronkowski,2021-W02-M01,Dak Prescott,QB,QB,True,False,False,28.49,8.48,,Dak Prescott,QB,"["""", ""Matthew Stafford"", ""24.73"", ""22.22"", ""QB"", ""QB"", ""QB"", ""8.48"", ""28.49"", ""Dak Prescott"", """"]",1,1,92.88,137.42
2021,2,1,1,left,The Big Gronkowski,Voldemort,2021-W02-M01,Cooper Kupp,WR,WR,True,False,False,13.42,32.3,,Cooper Kupp,WR,"["""", ""Cooper Kupp"", ""13.42"", ""32.30"", ""WR"", ""WR"", ""WR"", ""15.80"", ""14.72"", ""Calvin Ridley"", """"]",1,1,137.42,92.88
2021,2,1,1,right,Voldemort,The Big Gronkowski,2021-W02-M01,Calvin Ridley,WR,WR,True,False,False,14.72,15.8,,Calvin Ridley,WR,"["""", ""Cooper Kupp"", ""13.42"", ""32.30"", ""WR"", ""WR"", ""WR"", ""15.80"", ""14.72"", ""Calvin Ridley"", """"]",1,1,92.88,137.42
2021,2,1,2,left,The Big Gronkowski,Voldemort,2021-W02-M01,Tyler Lockett,WR,WR,True,False,False,14.53,27.8,,Tyler Lockett,WR,"["""", ""Tyler Lockett"", ""14.53"", ""27.80"", ""WR"", ""WR"", ""WR"", ""13.10"", ""12.22"", ""Deebo Samuel Sr."", """"]",1,1,137.42,92.88
2021,2,1,2,right,Voldemort,The Big Gronkowski,2021-W02-M01,Deebo Samuel Sr.,WR,WR,True,False,False,12.22,13.1,,Deebo Samuel Sr.,WR,"["""", ""Tyler Lockett"", ""14.53"", ""27.80"", ""WR"", ""WR"", ""WR"", ""13.10"", ""12.22"", ""Deebo Samuel Sr."", """"]",1,1,92.88,137.42
2021,2,1,3,left,The Big Gronkowski,Voldemort,2021-W02-M01,Antonio Gibson,RB,RB,True,False,False,15.06,8.3,,Antonio Gibson,RB,"["""", ""Antonio Gibson"", ""15.06"", ""8.30"", ""RB"", ""RB"", ""RB"", ""16.30"", ""17.59"", ""Nick Chubb"", """"]",1,1,137.42,92.88
2021,2,1,3,right,Voldemort,The Big Gronkowski,2021-W02-M01,Nick Chubb,RB,RB,True,False,False,17.59,16.3,,Nick Chubb,RB,"["""", ""Antonio Gibson"", ""15.06"", ""8.30"", ""RB"", ""RB"", ""RB"", ""16.30"", ""17.59"", ""Nick Chubb"", """"]",1,1,92.88,137.42
2021,2,1,4,left,The Big Gronkowski,Voldemort,2021-W02-M01,Najee Harris,RB,RB,True,False,False,15.81,16.6,,Najee Harris,RB,"["""", ""Najee Harris"", ""15.81"", ""16.60"", ""RB"", ""RB"", ""RB"", ""9.40"", ""13.42"", ""David Montgomery"", """"]",1,1,137.42,92.88
2021,2,1,4,right,Voldemort,The Big Gronkowski,2021-W02-M01,David Montgomery,RB,RB,True,False,False,13.42,9.4,,David Montgomery,RB,"["""", ""Najee Harris"", ""15.81"", ""16.60"", ""RB"", ""RB"", ""RB"", ""9.40"", ""13.42"", ""David Montgomery"", """"]",1,1,92.88,137.42
2021,2,1,5,left,The Big Gronkowski,Voldemort,2021-W02-M01,Darren Waller,TE,TE,True,False,False,13.27,9.0,,Darren Waller ,TE,"["""", ""Darren Waller "", ""13.27"", ""9.00"", ""TE"", ""TE"", ""TE"", ""1.30"", ""9.82"", ""Tyler Higbee"", """"]",1,1,137.42,92.88
2021,2,1,5,right,Voldemort,The Big Gronkowski,2021-W02-M01,Tyler Higbee,TE,TE,True,False,False,9.82,1.3,,Tyler Higbee,TE,"["""", ""Darren Waller "", ""13.27"", ""9.00"", ""TE"", ""TE"", ""TE"", ""1.30"", ""9.82"", ""Tyler Higbee"", """"]",1,1,92.88,137.42
2021,2,1,6,left,The Big Gronkowski,Voldemort,2021-W02-M01,Chase Claypool,,W/R/T,True,False,False,11.88,8.2,,Chase Claypool,W/R/T,"["""", ""Chase Claypool"", ""11.88"", ""8.20"", ""W/R/T"", ""W/R/T"", ""W/R/T"", ""15.50"", ""14.39"", ""Justin Jefferson "", """"]",1,1,137.42,92.88
2021,2,1,6,right,Voldemort,The Big Gronkowski,2021-W02-M01,Justin Jefferson,,W/R/T,True,False,False,14.39,15.5,,Justin Jefferson ,W/R/T,"["""", ""Chase Claypool"", ""11.88"", ""8.20"", ""W/R/T"", ""W/R/T"", ""W/R/T"", ""15.50"", ""14.39"", ""Justin Jefferson "", """"]",1,1,92.88,137.42
2021,2,1,7,left,The Big Gronkowski,Voldemort,2021-W02-M01,Robbie Gould,K,K,True,False,False,8.71,6.0,,Robbie Gould,K,"["""", ""Robbie Gould"", ""8.71"", ""6.00"", ""K"", ""K"", ""K"", ""5.00"", ""8.06"", ""Younghoe Koo"", """"]",1,1,137.42,92.88
2021,2,1,7,right,Voldemort,The Big Gronkowski,2021-W02-M01,Younghoe Koo,K,K,True,False,False,8.06,5.0,,Younghoe Koo,K,"["""", ""Robbie Gould"", ""8.71"", ""6.00"", ""K"", ""K"", ""K"", ""5.00"", ""8.06"", ""Younghoe Koo"", """"]",1,1,92.88,137.42
2021,2,1,8,left,The Big Gronkowski,Voldemort,2021-W02-M01,Chiefs - DEF,DEF,DEF,True,False,False,6.21,7.0,,Chiefs - DEF,DEF,"["""", ""Chiefs - DEF"", ""6.21"", ""7.00"", ""DEF"", ""DEF"", ""DEF"", ""8.00"", ""6.94"", ""49ers - DEF"", """"]",1,1,137.42,92.88
2021,2,1,8,right,Voldemort,The Big Gronkowski,2021-W02-M01,49ers - DEF,DEF,DEF,True,False,False,6.94,8.0,,49ers - DEF,DEF,"["""", ""Chiefs - DEF"", ""6.21"", ""7.00"", ""DEF"", ""DEF"", ""DEF"", ""8.00"", ""6.94"", ""49ers - DEF"", """"]",1,1,92.88,137.42
2021,2,2,0,left,The Big Gronkowski,Voldemort,2021-W02-M01,AJ Dillon,,BN,False,True,False,8.14,3.1,,AJ Dillon,BN,"["""", ""AJ Dillon"", ""8.14"", ""3.10"", ""BN"", ""BN"", ""BN"", ""9.50"", ""13.21"", ""Robert Woods"", """"]",1,1,137.42,92.88
2021,2,2,0,right,Voldemort,The Big Gronkowski,2021-W02-M01,Robert Woods,,BN,False,True,False,13.21,9.5,,Robert Woods,BN,"["""", ""AJ Dillon"", ""8.14"", ""3.10"", ""BN"", ""BN"", ""BN"", ""9.50"", ""13.21"", ""Robert Woods"", """"]",1,1,92.88,137.42
2021,2,2,1,left,The Big Gronkowski,Voldemort,2021-W02-M01,Michael Pittman Jr.,,BN,False,True,False,10.36,16.3,,Michael Pittman Jr.,BN,"["""", ""Michael Pittman Jr."", ""10.36"", ""16.30"", ""BN"", ""BN"", ""BN"", ""10.00"", ""12.05"", ""Chase Edmonds"", """"]",1,1,137.42,92.88
2021,2,2,1,right,Voldemort,The Big Gronkowski,2021-W02-M01,Chase Edmonds,,BN,False,True,False,12.05,10.0,,Chase Edmonds,BN,"["""", ""Michael Pittman Jr."", ""10.36"", ""16.30"", ""BN"", ""BN"", ""BN"", ""10.00"", ""12.05"", ""Chase Edmonds"", """"]",1,1,92.88,137.42
2021,2,2,2,left,The Big Gronkowski,Voldemort,2021-W02-M01,Nyheim Miller-Hines,,BN,False,True,False,9.97,2.7,,Nyheim Miller-Hines,BN,"["""", ""Nyheim Miller-Hines"", ""9.97"", ""2.70"", ""BN"", ""BN"", ""BN"", ""5.20"", ""7.54"", ""Hunter Henry"", """"]",1,1,137.42,92.88
2021,2,2,2,right,Voldemort,The Big Gronkowski,2021-W02-M01,Hunter Henry,,BN,False,True,False,7.54,5.2,,Hunter Henry,BN,"["""", ""Nyheim Miller-Hines"", ""9.97"", ""2.70"", ""BN"", ""BN"", ""BN"", ""5.20"", ""7.54"", ""Hunter Henry"", """"]",1,1,92.88,137.42
2021,2,2,3,left,The Big Gronkowski,Voldemort,2021-W02-M01,Gerald Everett,,BN,False,True,False,8.3,0.8,,Gerald Everett,BN,"["""", ""Gerald Everett"", ""8.30"", ""0.80"", ""BN"", ""BN"", ""BN"", ""10.30"", ""10.20"", ""Ty'Son Williams"", """"]",1,1,137.42,92.88
2021,2,2,3,right,Voldemort,The Big Gronkowski,2021-W02-M01,Ty'Son Williams,,BN,False,True,False,10.2,10.3,,Ty'Son Williams,BN,"["""", ""Gerald Everett"", ""8.30"", ""0.80"", ""BN"", ""BN"", ""BN"", ""10.30"", ""10.20"", ""Ty'Son Williams"", """"]",1,1,92.88,137.42
2021,2,2,4,left,The Big Gronkowski,Voldemort,2021-W02-M01,Joe Burrow,,BN,False,True,False,24.51,17.28,,Joe Burrow,BN,"["""", ""Joe Burrow"", ""24.51"", ""17.28"", ""BN"", ""BN"", ""BN"", ""0.70"", ""6.42"", ""Tony Jones"", """"]",1,1,137.42,92.88
2021,2,2,4,right,Voldemort,The Big Gronkowski,2021-W02-M01,Tony Jones,,BN,False,True,False,6.42,0.7,,Tony Jones,BN,"["""", ""Joe Burrow"", ""24.51"", ""17.28"", ""BN"", ""BN"", ""BN"", ""0.70"", ""6.42"", ""Tony Jones"", """"]",1,1,92.88,137.42
2021,2,2,5,left,The Big Gronkowski,Voldemort,2021-W02-M01,Cole Beasley,,BN,False,True,False,10.74,5.6,,Cole Beasley,BN,"["""", ""Cole Beasley"", ""10.74"", ""5.60"", ""BN"", ""BN"", ""BN"", ""8.00"", ""9.97"", ""Christian Kirk"", """"]",1,1,137.42,92.88
2021,2,2,5,right,Voldemort,The Big Gronkowski,2021-W02-M01,Christian Kirk,,BN,False,True,False,9.97,8.0,,Christian Kirk,BN,"["""", ""Cole Beasley"", ""10.74"", ""5.60"", ""BN"", ""BN"", ""BN"", ""8.00"", ""9.97"", ""Christian Kirk"", """"]",1,1,92.88,137.42
2021,2,2,6,left,The Big Gronkowski,Voldemort,2021-W02-M01,(Empty),,IR,False,False,True,0.0,,,(Empty),IR,"["""", ""(Empty)"", ""0.00"", ""–"", ""IR"", ""IR"", ""IR"", ""0.00"", ""0.00"", ""Michael Thomas"", """"]",1,1,137.42,92.88
2021,2,2,6,right,Voldemort,The Big Gronkowski,2021-W02-M01,Michael Thomas,,IR,False,False,True,0.0,0.0,,Michael Thomas,IR,"["""", ""(Empty)"", ""0.00"", ""–"", ""IR"", ""IR"", ""IR"", ""0.00"", ""0.00"", ""Michael Thomas"", """"]",1,1,92.88,137.42
2021,2,1,0,left,Patty Primetimes,Malle ❤️ 🐸,2021-W02-M02,Tom Brady,QB,QB,True,False,False,28.74,39.64,,Tom Brady,QB,"["""", ""Tom Brady"", ""28.74"", ""39.64"", ""QB"", ""QB"", ""QB"", ""21.66"", ""28.87"", ""Josh Allen "", """"]",2,2,127.84,91.36
2021,2,1,0,right,Malle ❤️ 🐸,Patty Primetimes,2021-W02-M02,Josh Allen,QB,QB,True,False,False,28.87,21.66,,Josh Allen ,QB,"["""", ""Tom Brady"", ""28.74"", ""39.64"", ""QB"", ""QB"", ""QB"", ""21.66"", ""28.87"", ""Josh Allen "", """"]",2,2,91.36,127.84
2021,2,1,1,left,Patty Primetimes,Malle ❤️ 🐸,2021-W02-M02,Tyreek Hill,WR,WR,True,False,False,17.49,4.4,,Tyreek Hill,WR,"["""", ""Tyreek Hill"", ""17.49"", ""4.40"", ""WR"", ""WR"", ""WR"", ""13.00"", ""12.28"", ""Tee Higgins"", """"]",2,2,127.84,91.36
2021,2,1,1,right,Malle ❤️ 🐸,Patty Primetimes,2021-W02-M02,Tee Higgins,WR,WR,True,False,False,12.28,13.0,,Tee Higgins,WR,"["""", ""Tyreek Hill"", ""17.49"", ""4.40"", ""WR"", ""WR"", ""WR"", ""13.00"", ""12.28"", ""Tee Higgins"", """"]",2,2,91.36,127.84
2021,2,1,2,left,Patty Primetimes,Malle ❤️ 🐸,2021-W02-M02,Keenan Allen,WR,WR,True,False,False,14.93,12.8,,Keenan Allen,WR,"["""", ""Keenan Allen"", ""14.93"", ""12.80"", ""WR"", ""WR"", ""WR"", ""2.60"", ""11.40"", ""DeVonta Smith"", """"]",2,2,127.84,91.36
2021,2,1,2,right,Malle ❤️ 🐸,Patty Primetimes,2021-W02-M02,DeVonta Smith,WR,WR,True,False,False,11.4,2.6,,DeVonta Smith,WR,"["""", ""Keenan Allen"", ""14.93"", ""12.80"", ""WR"", ""WR"", ""WR"", ""2.60"", ""11.40"", ""DeVonta Smith"", """"]",2,2,91.36,127.84
2021,2,1,3,left,Patty Primetimes,Malle ❤️ 🐸,2021-W02-M02,Damien Harris,RB,RB,True,False,False,13.45,12.9,,Damien Harris ,RB,"["""", ""Damien Harris "", ""13.45"", ""12.90"", ""RB"", ""RB"", ""RB"", ""5.00"", ""19.98"", ""Alvin Kamara"", """"]",2,2,127.84,91.36
2021,2,1,3,right,Malle ❤️ 🐸,Patty Primetimes,2021-W02-M02,Alvin Kamara,RB,RB,True,False,False,19.98,5.0,,Alvin Kamara,RB,"["""", ""Damien Harris "", ""13.45"", ""12.90"", ""RB"", ""RB"", ""RB"", ""5.00"", ""19.98"", ""Alvin Kamara"", """"]",2,2,91.36,127.84
2021,2,1,4,left,Patty Primetimes,Malle ❤️ 🐸,2021-W02-M02,Mark Ingram II,RB,RB,True,False,False,7.95,4.5,,Mark Ingram II,RB,"["""", ""Mark Ingram II"", ""7.95"", ""4.50"", ""RB"", ""RB"", ""RB"", ""2.60"", ""14.00"", ""Clyde Edwards-Helaire"", """"]",2,2,127.84,91.36
2021,2,1,4,right,Malle ❤️ 🐸,Patty Primetimes,2021-W02-M02,Clyde Edwards-Helaire,RB,RB,True,False,False,14.0,2.6,,Clyde Edwards-Helaire,RB,"["""", ""Mark Ingram II"", ""7.95"", ""4.50"", ""RB"", ""RB"", ""RB"", ""2.60"", ""14.00"", ""Clyde Edwards-Helaire"", """"]",2,2,91.36,127.84
2021,2,1,5,left,Patty Primetimes,Malle ❤️ 🐸,2021-W02-M02,T.J. Hockenson,TE,TE,True,False,False,11.35,16.6,,T.J. Hockenson,TE,"["""", ""T.J. Hockenson"", ""11.35"", ""16.60"", ""TE"", ""TE"", ""TE"", ""3.40"", ""9.31"", ""Dallas Goedert"", """"]",2,2,127.84,91.36
2021,2,1,5,right,Malle ❤️ 🐸,Patty Primetimes,2021-W02-M02,Dallas Goedert,TE,TE,True,False,False,9.31,3.4,,Dallas Goedert,TE,"["""", ""T.J. Hockenson"", ""11.35"", ""16.60"", ""TE"", ""TE"", ""TE"", ""3.40"", ""9.31"", ""Dallas Goedert"", """"]",2,2,91.36,127.84
2021,2,1,6,left,Patty Primetimes,Malle ❤️ 🐸,2021-W02-M02,Mike Evans,,W/R/T,True,False,False,14.19,22.0,,Mike Evans,W/R/T,"["""", ""Mike Evans"", ""14.19"", ""22.00"", ""W/R/T"", ""W/R/T"", ""W/R/T"", ""15.10"", ""15.25"", ""Chris Carson"", """"]",2,2,127.84,91.36
2021,2,1,6,right,Malle ❤️ 🐸,Patty Primetimes,2021-W02-M02,Chris Carson,,W/R/T,True,False,False,15.25,15.1,,Chris Carson,W/R/T,"["""", ""Mike Evans"", ""14.19"", ""22.00"", ""W/R/T"", ""W/R/T"", ""W/R/T"", ""15.10"", ""15.25"", ""Chris Carson"", """"]",2,2,91.36,127.84
2021,2,1,7,left,Patty Primetimes,Malle ❤️ 🐸,2021-W02-M02,Justin Tucker,K,K,True,False,False,9.97,7.0,,Justin Tucker,K,"["""", ""Justin Tucker"", ""9.97"", ""7.00"", ""K"", ""K"", ""K"", ""9.00"", ""9.17"", ""Matt Gay"", """"]",2,2,127.84,91.36
2021,2,1,7,right,Malle ❤️ 🐸,Patty Primetimes,2021-W02-M02,Matt Gay,K,K,True,False,False,9.17,9.0,,Matt Gay,K,"["""", ""Justin Tucker"", ""9.97"", ""7.00"", ""K"", ""K"", ""K"", ""9.00"", ""9.17"", ""Matt Gay"", """"]",2,2,91.36,127.84
2021,2,1,8,left,Patty Primetimes,Malle ❤️ 🐸,2021-W02-M02,Rams - DEF,DEF,DEF,True,False,False,7.04,8.0,,Rams - DEF,DEF,"["""", ""Rams - DEF"", ""7.04"", ""8.00"", ""DEF"", ""DEF"", ""DEF"", ""19.00"", ""9.14"", ""Patriots - DEF"", """"]",2,2,127.84,91.36
2021,2,1,8,right,Malle ❤️ 🐸,Patty Primetimes,2021-W02-M02,Patriots - DEF,DEF,DEF,True,False,False,9.14,19.0,,Patriots - DEF,DEF,"["""", ""Rams - DEF"", ""7.04"", ""8.00"", ""DEF"", ""DEF"", ""DEF"", ""19.00"", ""9.14"", ""Patriots - DEF"", """"]",2,2,91.36,127.84
2021,2,2,0,left,Patty Primetimes,Malle ❤️ 🐸,2021-W02-M02,Phillip Lindsay,,BN,False,True,False,3.48,8.9,,Phillip Lindsay,BN,"["""", ""Phillip Lindsay"", ""3.48"", ""8.90"", ""BN"", ""BN"", ""BN"", ""15.80"", ""12.59"", ""Julio Jones"", """"]",2,2,127.84,91.36
2021,2,2,0,right,Malle ❤️ 🐸,Patty Primetimes,2021-W02-M02,Julio Jones,,BN,False,True,False,12.59,15.8,,Julio Jones,BN,"["""", ""Phillip Lindsay"", ""3.48"", ""8.90"", ""BN"", ""BN"", ""BN"", ""15.80"", ""12.59"", ""Julio Jones"", """"]",2,2,91.36,127.84
2021,2,2,1,left,Patty Primetimes,Malle ❤️ 🐸,2021-W02-M02,Adam Thielen,,BN,False,True,False,14.53,12.9,,Adam Thielen,BN,"["""", ""Adam Thielen"", ""14.53"", ""12.90"", ""BN"", ""BN"", ""BN"", ""8.00"", ""12.10"", ""Kenyan Drake"", """"]",2,2,127.84,91.36
2021,2,2,1,right,Malle ❤️ 🐸,Patty Primetimes,2021-W02-M02,Kenyan Drake,,BN,False,True,False,12.1,8.0,,Kenyan Drake,BN,"["""", ""Adam Thielen"", ""14.53"", ""12.90"", ""BN"", ""BN"", ""BN"", ""8.00"", ""12.10"", ""Kenyan Drake"", """"]",2,2,91.36,127.84
2021,2,2,2,left,Patty Primetimes,Malle ❤️ 🐸,2021-W02-M02,Jalen Hurts,,BN,False,True,False,23.22,21.8,,Jalen Hurts,BN,"["""", ""Jalen Hurts"", ""23.22"", ""21.80"", ""BN"", ""BN"", ""BN"", ""23.30"", ""21.03"", ""Matt Ryan"", """"]",2,2,127.84,91.36
2021,2,2,2,right,Malle ❤️ 🐸,Patty Primetimes,2021-W02-M02,Matt Ryan,,BN,False,True,False,21.03,23.3,,Matt Ryan,BN,"["""", ""Jalen Hurts"", ""23.22"", ""21.80"", ""BN"", ""BN"", ""BN"", ""23.30"", ""21.03"", ""Matt Ryan"", """"]",2,2,91.36,127.84
2021,2,2,3,left,Patty Primetimes,Malle ❤️ 🐸,2021-W02-M02,Jonnu Smith,,BN,False,True,False,7.77,4.8,,Jonnu Smith,BN,"["""", ""Jonnu Smith"", ""7.77"", ""4.80"", ""BN"", ""BN"", ""BN"", ""5.60"", ""6.45"", ""Mike Gesicki"", """"]",2,2,127.84,91.36
2021,2,2,3,right,Malle ❤️ 🐸,Patty Primetimes,2021-W02-M02,Mike Gesicki,,BN,False,True,False,6.45,5.6,,Mike Gesicki,BN,"["""", ""Jonnu Smith"", ""7.77"", ""4.80"", ""BN"", ""BN"", ""BN"", ""5.60"", ""6.45"", ""Mike Gesicki"", """"]",2,2,91.36,127.84
2021,2,2,4,left,Patty Primetimes,Malle ❤️ 🐸,2021-W02-M02,Alexander Mattison,,BN,False,True,False,3.07,3.3,,Alexander Mattison,BN,"["""", ""Alexander Mattison"", ""3.07"", ""3.30"", ""BN"", ""BN"", ""BN"", ""9.60"", ""8.50"", ""Darnell Mooney"", """"]",2,2,127.84,91.36
2021,2,2,4,right,Malle ❤️ 🐸,Patty Primetimes,2021-W02-M02,Darnell Mooney,,BN,False,True,False,8.5,9.6,,Darnell Mooney,BN,"["""", ""Alexander Mattison"", ""3.07"", ""3.30"", ""BN"", ""BN"", ""BN"", ""9.60"", ""8.50"", ""Darnell Mooney"", """"]",2,2,91.36,127.84
2021,2,2,5,left,Patty Primetimes,Malle ❤️ 🐸,2021-W02-M02,Ryan Fitzpatrick,,BN,False,True,False,0.0,0.0,,Ryan Fitzpatrick,BN,"["""", ""Ryan Fitzpatrick"", ""0.00"", ""0.00"", ""BN"", ""BN"", ""BN"", ""3.60"", ""11.08"", ""Nelson Agholor"", """"]",2,2,127.84,91.36
2021,2,2,5,right,Malle ❤️ 🐸,Patty Primetimes,2021-W02-M02,Nelson Agholor,,BN,False,True,False,11.08,3.6,,Nelson Agholor,BN,"["""", ""Ryan Fitzpatrick"", ""0.00"", ""0.00"", ""BN"", ""BN"", ""BN"", ""3.60"", ""11.08"", ""Nelson Agholor"", """"]",2,2,91.36,127.84
2021,2,2,6,left,Patty Primetimes,Malle ❤️ 🐸,2021-W02-M02,(Empty),,IR,False,False,True,0.0,,,(Empty),IR,"["""", ""(Empty)"", ""0.00"", ""–"", ""IR"", ""IR"", ""IR"", ""0.00"", ""0.00"", ""Travis Etienne Jr."", """"]",2,2,127.84,91.36
2021,2,2,6,right,Malle ❤️ 🐸,Patty Primetimes,2021-W02-M02,Travis Etienne Jr.,,IR,False,False,True,0.0,0.0,,Travis Etienne Jr.,IR,"["""", ""(Empty)"", ""0.00"", ""–"", ""IR"", ""IR"", ""IR"", ""0.00"", ""0.00"", ""Travis Etienne Jr."", """"]",2,2,91.36,127.84
2021,2,1,0,left,Joe Mantegna,Uncle Rico,2021-W02-M03,Lamar Jackson,QB,QB,True,False,False,27.44,36.26,,Lamar Jackson,QB,"["""", ""Lamar Jackson"", ""27.44"", ""36.26"", ""QB"", ""QB"", ""QB"", ""18.72"", ""26.57"", ""Justin Herbert"", """"]",3,4,146.36,96.42
2021,2,1,0,right,Uncle Rico,Joe Mantegna,2021-W02-M03,Justin Herbert,QB,QB,True,False,False,26.57,18.72,,Justin Herbert,QB,"["""", ""Lamar Jackson"", ""27.44"", ""36.26"", ""QB"", ""QB"", ""QB"", ""18.72"", ""26.57"", ""Justin Herbert"", """"]",3,4,96.42,146.36
2021,2,1,1,left,Joe Mantegna,Uncle Rico,2021-W02-M03,Antonio Brown,WR,WR,True,False,False,12.34,2.2,,Antonio Brown,WR,"["""", ""Antonio Brown"", ""12.34"", ""2.20"", ""WR"", ""WR"", ""WR"", ""22.20"", ""13.71"", ""Terry McLaurin"", """"]",3,4,146.36,96.42
2021,2,1,1,right,Uncle Rico,Joe Mantegna,2021-W02-M03,Terry McLaurin,WR,WR,True,False,False,13.71,22.2,,Terry McLaurin,WR,"["""", ""Antonio Brown"", ""12.34"", ""2.20"", ""WR"", ""WR"", ""WR"", ""22.20"", ""13.71"", ""Terry McLaurin"", """"]",3,4,96.42,146.36
2021,2,1,2,left,Joe Mantegna,Uncle Rico,2021-W02-M03,Ja'Marr Chase,WR,WR,True,False,False,11.63,12.4,,Ja'Marr Chase,WR,"["""", ""Ja'Marr Chase"", ""11.63"", ""12.40"", ""WR"", ""WR"", ""WR"", ""15.00"", ""13.49"", ""Diontae Johnson"", """"]",3,4,146.36,96.42
2021,2,1,2,right,Uncle Rico,Joe Mantegna,2021-W02-M03,Diontae Johnson,WR,WR,True,False,False,13.49,15.0,,Diontae Johnson,WR,"["""", ""Ja'Marr Chase"", ""11.63"", ""12.40"", ""WR"", ""WR"", ""WR"", ""15.00"", ""13.49"", ""Diontae Johnson"", """"]",3,4,96.42,146.36
2021,2,1,3,left,Joe Mantegna,Uncle Rico,2021-W02-M03,Christian McCaffrey,RB,RB,True,False,False,21.38,22.2,,Christian McCaffrey,RB,"["""", ""Christian McCaffrey"", ""21.38"", ""22.20"", ""RB"", ""RB"", ""RB"", ""15.80"", ""18.53"", ""Dalvin Cook"", """"]",3,4,146.36,96.42
2021,2,1,3,right,Uncle Rico,Joe Mantegna,2021-W02-M03,Dalvin Cook,RB,RB,True,False,False,18.53,15.8,,Dalvin Cook,RB,"["""", ""Christian McCaffrey"", ""21.38"", ""22.20"", ""RB"", ""RB"", ""RB"", ""15.80"", ""18.53"", ""Dalvin Cook"", """"]",3,4,96.42,146.36
2021,2,1,4,left,Joe Mantegna,Uncle Rico,2021-W02-M03,Derrick Henry,RB,RB,True,False,False,15.39,44.7,,Derrick Henry ,RB,"["""", ""Derrick Henry "", ""15.39"", ""44.70"", ""RB"", ""RB"", ""RB"", ""6.60"", ""12.05"", ""Myles Gaskin"", """"]",3,4,146.36,96.42
2021,2,1,4,right,Uncle Rico,Joe Mantegna,2021-W02-M03,Myles Gaskin,RB,RB,True,False,False,12.05,6.6,,Myles Gaskin,RB,"["""", ""Derrick Henry "", ""15.39"", ""44.70"", ""RB"", ""RB"", ""RB"", ""6.60"", ""12.05"", ""Myles Gaskin"", """"]",3,4,96.42,146.36
2021,2,1,5,left,Joe Mantegna,Uncle Rico,2021-W02-M03,Mark Andrews,TE,TE,True,False,False,12.31,8.2,,Mark Andrews,TE,"["""", ""Mark Andrews"", ""12.31"", ""8.20"", ""TE"", ""TE"", ""TE"", ""3.70"", ""13.13"", ""George Kittle"", """"]",3,4,146.36,96.42
2021,2,1,5,right,Uncle Rico,Joe Mantegna,2021-W02-M03,George Kittle,TE,TE,True,False,False,13.13,3.7,,George Kittle,TE,"["""", ""Mark Andrews"", ""12.31"", ""8.20"", ""TE"", ""TE"", ""TE"", ""3.70"", ""13.13"", ""George Kittle"", """"]",3,4,96.42,146.36
2021,2,1,6,left,Joe Mantegna,Uncle Rico,2021-W02-M03,Allen Robinson,,W/R/T,True,False,False,14.58,9.4,,Allen Robinson,W/R/T,"["""", ""Allen Robinson"", ""14.58"", ""9.40"", ""W/R/T"", ""W/R/T"", ""W/R/T"", ""6.40"", ""12.83"", ""Miles Sanders "", """"]",3,4,146.36,96.42
2021,2,1,6,right,Uncle Rico,Joe Mantegna,2021-W02-M03,Miles Sanders,,W/R/T,True,False,False,12.83,6.4,,Miles Sanders ,W/R/T,"["""", ""Allen Robinson"", ""14.58"", ""9.40"", ""W/R/T"", ""W/R/T"", ""W/R/T"", ""6.40"", ""12.83"", ""Miles Sanders "", """"]",3,4,96.42,146.36
2021,2,1,7,left,Joe Mantegna,Uncle Rico,2021-W02-M03,Jason Sanders,K,K,True,False,False,8.25,0.0,,Jason Sanders,K,"["""", ""Jason Sanders"", ""8.25"", ""0.00"", ""K"", ""K"", ""K"", ""5.00"", ""9.47"", ""Harrison Butker"", """"]",3,4,146.36,96.42
2021,2,1,7,right,Uncle Rico,Joe Mantegna,2021-W02-M03,Harrison Butker,K,K,True,False,False,9.47,5.0,,Harrison Butker,K,"["""", ""Jason Sanders"", ""8.25"", ""0.00"", ""K"", ""K"", ""K"", ""5.00"", ""9.47"", ""Harrison Butker"", """"]",3,4,96.42,146.36
2021,2,1,8,left,Joe Mantegna,Uncle Rico,2021-W02-M03,Colts - DEF,DEF,DEF,True,False,False,5.86,11.0,,Colts - DEF,DEF,"["""", ""Colts - DEF"", ""5.86"", ""11.00"", ""DEF"", ""DEF"", ""DEF"", ""3.00"", ""8.86"", ""Commanders - DEF"", """"]",3,4,146.36,96.42
2021,2,1,8,right,Uncle Rico,Joe Mantegna,2021-W02-M03,Commanders - DEF,DEF,DEF,True,False,False,8.86,3.0,,Commanders - DEF,DEF,"["""", ""Colts - DEF"", ""5.86"", ""11.00"", ""DEF"", ""DEF"", ""DEF"", ""3.00"", ""8.86"", ""Commanders - DEF"", """"]",3,4,96.42,146.36
2021,2,2,0,left,Joe Mantegna,Uncle Rico,2021-W02-M03,Odell Beckham Jr.,,BN,False,True,False,0.0,0.0,,Odell Beckham Jr.,BN,"["""", ""Odell Beckham Jr."", ""0.00"", ""0.00"", ""BN"", ""BN"", ""BN"", ""4.10"", ""9.07"", ""Ronald Jones"", """"]",3,4,146.36,96.42
2021,2,2,0,right,Uncle Rico,Joe Mantegna,2021-W02-M03,Ronald Jones,,BN,False,True,False,9.07,4.1,,Ronald Jones,BN,"["""", ""Odell Beckham Jr."", ""0.00"", ""0.00"", ""BN"", ""BN"", ""BN"", ""4.10"", ""9.07"", ""Ronald Jones"", """"]",3,4,96.42,146.36
2021,2,2,1,left,Joe Mantegna,Uncle Rico,2021-W02-M03,Michael Carter,,BN,False,True,False,6.21,9.8,,Michael Carter,BN,"["""", ""Michael Carter"", ""6.21"", ""9.80"", ""BN"", ""BN"", ""BN"", ""0.00"", ""0.00"", ""Will Fuller V"", """"]",3,4,146.36,96.42
2021,2,2,1,right,Uncle Rico,Joe Mantegna,2021-W02-M03,Will Fuller V,,BN,False,True,False,0.0,0.0,,Will Fuller V,BN,"["""", ""Michael Carter"", ""6.21"", ""9.80"", ""BN"", ""BN"", ""BN"", ""0.00"", ""0.00"", ""Will Fuller V"", """"]",3,4,96.42,146.36
2021,2,2,2,left,Joe Mantegna,Uncle Rico,2021-W02-M03,DJ Chark,,BN,False,True,False,10.72,2.4,,DJ Chark,BN,"["""", ""DJ Chark"", ""10.72"", ""2.40"", ""BN"", ""BN"", ""BN"", ""31.26"", ""24.37"", ""Kirk Cousins"", """"]",3,4,146.36,96.42
2021,2,2,2,right,Uncle Rico,Joe Mantegna,2021-W02-M03,Kirk Cousins,,BN,False,True,False,24.37,31.26,,Kirk Cousins,BN,"["""", ""DJ Chark"", ""10.72"", ""2.40"", ""BN"", ""BN"", ""BN"", ""31.26"", ""24.37"", ""Kirk Cousins"", """"]",3,4,96.42,146.36
2021,2,2,3,left,Joe Mantegna,Uncle Rico,2021-W02-M03,James White,,BN,False,True,False,7.77,15.5,,James White,BN,"["""", ""James White"", ""7.77"", ""15.50"", ""BN"", ""BN"", ""BN"", ""0.00"", ""0.00"", ""Rashaad Penny"", """"]",3,4,146.36,96.42
2021,2,2,3,right,Uncle Rico,Joe Mantegna,2021-W02-M03,Rashaad Penny,,BN,False,True,False,0.0,0.0,,Rashaad Penny,BN,"["""", ""James White"", ""7.77"", ""15.50"", ""BN"", ""BN"", ""BN"", ""0.00"", ""0.00"", ""Rashaad Penny"", """"]",3,4,96.42,146.36
2021,2,2,4,left,Joe Mantegna,Uncle Rico,2021-W02-M03,Trevor Lawrence,,BN,False,True,False,21.6,10.82,,Trevor Lawrence,BN,"["""", ""Trevor Lawrence"", ""21.60"", ""10.82"", ""BN"", ""BN"", ""BN"", ""12.30"", ""9.33"", ""Zach Pascal"", """"]",3,4,146.36,96.42
2021,2,2,4,right,Uncle Rico,Joe Mantegna,2021-W02-M03,Zach Pascal,,BN,False,True,False,9.33,12.3,,Zach Pascal,BN,"["""", ""Trevor Lawrence"", ""21.60"", ""10.82"", ""BN"", ""BN"", ""BN"", ""12.30"", ""9.33"", ""Zach Pascal"", """"]",3,4,96.42,146.36
2021,2,2,5,left,Joe Mantegna,Uncle Rico,2021-W02-M03,Tim Patrick,,BN,False,True,False,8.07,11.2,,Tim Patrick,BN,"["""", ""Tim Patrick"", ""8.07"", ""11.20"", ""BN"", ""BN"", ""BN"", ""9.00"", ""8.82"", ""Broncos - DEF"", """"]",3,4,146.36,96.42
2021,2,2,5,right,Uncle Rico,Joe Mantegna,2021-W02-M03,Broncos - DEF,,BN,False,True,False,8.82,9.0,,Broncos - DEF,BN,"["""", ""Tim Patrick"", ""8.07"", ""11.20"", ""BN"", ""BN"", ""BN"", ""9.00"", ""8.82"", ""Broncos - DEF"", """"]",3,4,96.42,146.36
2021,2,1,0,left,malle_dips_pouches,ThreatLevelMidnight,2021-W02-M04,Russell Wilson,QB,QB,True,False,False,29.39,27.32,,Russell Wilson,QB,"["""", ""Russell Wilson"", ""29.39"", ""27.32"", ""QB"", ""QB"", ""QB"", ""14.58"", ""24.14"", ""Ryan Tannehill"", """"]",4,5,108.52,121.28
2021,2,1,0,right,ThreatLevelMidnight,malle_dips_pouches,2021-W02-M04,Ryan Tannehill,QB,QB,True,False,False,24.14,14.58,,Ryan Tannehill,QB,"["""", ""Russell Wilson"", ""29.39"", ""27.32"", ""QB"", ""QB"", ""QB"", ""14.58"", ""24.14"", ""Ryan Tannehill"", """"]",4,5,121.28,108.52
2021,2,1,1,left,malle_dips_pouches,ThreatLevelMidnight,2021-W02-M04,Davante Adams,WR,WR,True,False,False,18.84,16.1,,Davante Adams,WR,"["""", ""Davante Adams"", ""18.84"", ""16.10"", ""WR"", ""WR"", ""WR"", ""5.80"", ""14.52"", ""A.J. Brown"", """"]",4,5,108.52,121.28
2021,2,1,1,right,ThreatLevelMidnight,malle_dips_pouches,2021-W02-M04,A.J. Brown,WR,WR,True,False,False,14.52,5.8,,A.J. Brown,WR,"["""", ""Davante Adams"", ""18.84"", ""16.10"", ""WR"", ""WR"", ""WR"", ""5.80"", ""14.52"", ""A.J. Brown"", """"]",4,5,121.28,108.52
2021,2,1,2,left,malle_dips_pouches,ThreatLevelMidnight,2021-W02-M04,Chris Godwin Jr.,WR,WR,True,False,False,14.64,14.2,,Chris Godwin Jr.,WR,"["""", ""Chris Godwin Jr."", ""14.64"", ""14.20"", ""WR"", ""WR"", ""WR"", ""10.80"", ""10.67"", ""Tyler Boyd"", """"]",4,5,108.52,121.28
2021,2,1,2,right,ThreatLevelMidnight,malle_dips_pouches,2021-W02-M04,Tyler Boyd,WR,WR,True,False,False,10.67,10.8,,Tyler Boyd,WR,"["""", ""Chris Godwin Jr."", ""14.64"", ""14.20"", ""WR"", ""WR"", ""WR"", ""10.80"", ""10.67"", ""Tyler Boyd"", """"]",4,5,121.28,108.52
2021,2,1,3,left,malle_dips_pouches,ThreatLevelMidnight,2021-W02-M04,Joe Mixon,RB,RB,True,False,False,15.33,7.6,,Joe Mixon,RB,"["""", ""Joe Mixon"", ""15.33"", ""7.60"", ""RB"", ""RB"", ""RB"", ""38.50"", ""18.13"", ""Aaron Jones Sr."", """"]",4,5,108.52,121.28
2021,2,1,3,right,ThreatLevelMidnight,malle_dips_pouches,2021-W02-M04,Aaron Jones Sr.,RB,RB,True,False,False,18.13,38.5,,Aaron Jones Sr.,RB,"["""", ""Joe Mixon"", ""15.33"", ""7.60"", ""RB"", ""RB"", ""RB"", ""38.50"", ""18.13"", ""Aaron Jones Sr."", """"]",4,5,121.28,108.52
2021,2,1,4,left,malle_dips_pouches,ThreatLevelMidnight,2021-W02-M04,Darrell Henderson Jr.,RB,RB,True,False,False,14.53,15.7,,Darrell Henderson Jr.,RB,"["""", ""Darrell Henderson Jr."", ""14.53"", ""15.70"", ""RB"", ""RB"", ""RB"", ""9.80"", ""14.53"", ""D'Andre Swift"", """"]",4,5,108.52,121.28
2021,2,1,4,right,ThreatLevelMidnight,malle_dips_pouches,2021-W02-M04,D'Andre Swift,RB,RB,True,False,False,14.53,9.8,,D'Andre Swift,RB,"["""", ""Darrell Henderson Jr."", ""14.53"", ""15.70"", ""RB"", ""RB"", ""RB"", ""9.80"", ""14.53"", ""D'Andre Swift"", """"]",4,5,121.28,108.52
2021,2,1,5,left,malle_dips_pouches,ThreatLevelMidnight,2021-W02-M04,Noah Fant,TE,TE,True,False,False,10.63,11.3,,Noah Fant,TE,"["""", ""Noah Fant"", ""10.63"", ""11.30"", ""TE"", ""TE"", ""TE"", ""7.00"", ""9.29"", ""Logan Thomas"", """"]",4,5,108.52,121.28
2021,2,1,5,right,ThreatLevelMidnight,malle_dips_pouches,2021-W02-M04,Logan Thomas,TE,TE,True,False,False,9.29,7.0,,Logan Thomas,TE,"["""", ""Noah Fant"", ""10.63"", ""11.30"", ""TE"", ""TE"", ""TE"", ""7.00"", ""9.29"", ""Logan Thomas"", """"]",4,5,121.28,108.52
2021,2,1,6,left,malle_dips_pouches,ThreatLevelMidnight,2021-W02-M04,Elijah Mitchell,,W/R/T,True,False,False,11.33,6.3,,Elijah Mitchell,W/R/T,"["""", ""Elijah Mitchell"", ""11.33"", ""6.30"", ""W/R/T"", ""W/R/T"", ""W/R/T"", ""5.80"", ""11.84"", ""Kareem Hunt"", """"]",4,5,108.52,121.28
2021,2,1,6,right,ThreatLevelMidnight,malle_dips_pouches,2021-W02-M04,Kareem Hunt,,W/R/T,True,False,False,11.84,5.8,,Kareem Hunt,W/R/T,"["""", ""Elijah Mitchell"", ""11.33"", ""6.30"", ""W/R/T"", ""W/R/T"", ""W/R/T"", ""5.80"", ""11.84"", ""Kareem Hunt"", """"]",4,5,121.28,108.52
2021,2,1,7,left,malle_dips_pouches,ThreatLevelMidnight,2021-W02-M04,Tyler Bass,K,K,True,False,False,8.99,5.0,,Tyler Bass,K,"["""", ""Tyler Bass"", ""8.99"", ""5.00"", ""K"", ""K"", ""K"", ""7.00"", ""8.41"", ""Chris Boswell"", """"]",4,5,108.52,121.28
2021,2,1,7,right,ThreatLevelMidnight,malle_dips_pouches,2021-W02-M04,Chris Boswell,K,K,True,False,False,8.41,7.0,,Chris Boswell,K,"["""", ""Tyler Bass"", ""8.99"", ""5.00"", ""K"", ""K"", ""K"", ""7.00"", ""8.41"", ""Chris Boswell"", """"]",4,5,121.28,108.52
2021,2,1,8,left,malle_dips_pouches,ThreatLevelMidnight,2021-W02-M04,Browns - DEF,DEF,DEF,True,False,False,9.31,5.0,,Browns - DEF,DEF,"["""", ""Browns - DEF"", ""9.31"", ""5.00"", ""DEF"", ""DEF"", ""DEF"", ""22.00"", ""6.65"", ""Bills - DEF"", """"]",4,5,108.52,121.28
2021,2,1,8,right,ThreatLevelMidnight,malle_dips_pouches,2021-W02-M04,Bills - DEF,DEF,DEF,True,False,False,6.65,22.0,,Bills - DEF,DEF,"["""", ""Browns - DEF"", ""9.31"", ""5.00"", ""DEF"", ""DEF"", ""DEF"", ""22.00"", ""6.65"", ""Bills - DEF"", """"]",4,5,121.28,108.52
2021,2,2,0,left,malle_dips_pouches,ThreatLevelMidnight,2021-W02-M04,Mike Davis,,BN,False,True,False,10.3,9.8,,Mike Davis ,BN,"["""", ""Mike Davis "", ""10.30"", ""9.80"", ""BN"", ""BN"", ""BN"", ""2.60"", ""6.92"", ""James Conner"", """"]",4,5,108.52,121.28
2021,2,2,0,right,ThreatLevelMidnight,malle_dips_pouches,2021-W02-M04,James Conner,,BN,False,True,False,6.92,2.6,,James Conner,BN,"["""", ""Mike Davis "", ""10.30"", ""9.80"", ""BN"", ""BN"", ""BN"", ""2.60"", ""6.92"", ""James Conner"", """"]",4,5,121.28,108.52
2021,2,2,1,left,malle_dips_pouches,ThreatLevelMidnight,2021-W02-M04,Trey Sermon,,BN,False,True,False,5.67,0.8,,Trey Sermon,BN,"["""", ""Trey Sermon"", ""5.67"", ""0.80"", ""BN"", ""BN"", ""BN"", ""0.00"", ""0.00"", ""Jerry Jeudy "", """"]",4,5,108.52,121.28
2021,2,2,1,right,ThreatLevelMidnight,malle_dips_pouches,2021-W02-M04,Jerry Jeudy,,BN,False,True,False,0.0,0.0,,Jerry Jeudy ,BN,"["""", ""Trey Sermon"", ""5.67"", ""0.80"", ""BN"", ""BN"", ""BN"", ""0.00"", ""0.00"", ""Jerry Jeudy "", """"]",4,5,121.28,108.52
2021,2,2,2,left,malle_dips_pouches,ThreatLevelMidnight,2021-W02-M04,Corey Davis,,BN,False,True,False,12.78,1.8,,Corey Davis,BN,"["""", ""Corey Davis"", ""12.78"", ""1.80"", ""BN"", ""BN"", ""BN"", ""18.60"", ""11.20"", ""Mike Williams"", """"]",4,5,108.52,121.28
2021,2,2,2,right,ThreatLevelMidnight,malle_dips_pouches,2021-W02-M04,Mike Williams,,BN,False,True,False,11.2,18.6,,Mike Williams,BN,"["""", ""Corey Davis"", ""12.78"", ""1.80"", ""BN"", ""BN"", ""BN"", ""18.60"", ""11.20"", ""Mike Williams"", """"]",4,5,121.28,108.52
2021,2,2,3,left,malle_dips_pouches,ThreatLevelMidnight,2021-W02-M04,Jakobi Meyers,,BN,False,True,False,11.15,5.8,,Jakobi Meyers,BN,"["""", ""Jakobi Meyers"", ""11.15"", ""5.80"", ""BN"", ""BN"", ""BN"", ""14.50"", ""10.03"", ""Marvin Jones Jr."", """"]",4,5,108.52,121.28
2021,2,2,3,right,ThreatLevelMidnight,malle_dips_pouches,2021-W02-M04,Marvin Jones Jr.,,BN,False,True,False,10.03,14.5,,Marvin Jones Jr.,BN,"["""", ""Jakobi Meyers"", ""11.15"", ""5.80"", ""BN"", ""BN"", ""BN"", ""14.50"", ""10.03"", ""Marvin Jones Jr."", """"]",4,5,121.28,108.52
2021,2,2,4,left,malle_dips_pouches,ThreatLevelMidnight,2021-W02-M04,Jaylen Waddle,,BN,False,True,False,9.47,5.8,,Jaylen Waddle,BN,"["""", ""Jaylen Waddle"", ""9.47"", ""5.80"", ""BN"", ""BN"", ""BN"", ""0.00"", ""0.00"", ""Evan Engram"", """"]",4,5,108.52,121.28
2021,2,2,4,right,ThreatLevelMidnight,malle_dips_pouches,2021-W02-M04,Evan Engram,,BN,False,True,False,0.0,0.0,,Evan Engram,BN,"["""", ""Jaylen Waddle"", ""9.47"", ""5.80"", ""BN"", ""BN"", ""BN"", ""0.00"", ""0.00"", ""Evan Engram"", """"]",4,5,121.28,108.52
2021,2,2,5,left,malle_dips_pouches,ThreatLevelMidnight,2021-W02-M04,Chuba Hubbard,,BN,False,True,False,2.19,1.0,,Chuba Hubbard,BN,"["""", ""Chuba Hubbard"", ""2.19"", ""1.00"", ""BN"", ""BN"", ""BN"", ""5.80"", ""2.40"", ""Darrel Williams"", """"]",4,5,108.52,121.28
2021,2,2,5,right,ThreatLevelMidnight,malle_dips_pouches,2021-W02-M04,Darrel Williams,,BN,False,True,False,2.4,5.8,,Darrel Williams,BN,"["""", ""Chuba Hubbard"", ""2.19"", ""1.00"", ""BN"", ""BN"", ""BN"", ""5.80"", ""2.40"", ""Darrel Williams"", """"]",4,5,121.28,108.52
2021,2,2,6,left,malle_dips_pouches,ThreatLevelMidnight,2021-W02-M04,Jeff Wilson Jr.,,IR,False,False,True,0.0,0.0,,Jeff Wilson Jr.,IR,"["""", ""Jeff Wilson Jr."", ""0.00"", ""0.00"", ""IR"", ""IR"", ""IR"", ""–"", ""0.00"", ""(Empty)"", """"]",4,5,108.52,121.28
2021,2,2,6,right,ThreatLevelMidnight,malle_dips_pouches,2021-W02-M04,(Empty),,IR,False,False,True,0.0,,,(Empty),IR,"["""", ""Jeff Wilson Jr."", ""0.00"", ""0.00"", ""IR"", ""IR"", ""IR"", ""–"", ""0.00"", ""(Empty)"", """"]",4,5,121.28,108.52
2021,2,1,0,left,Week 2 Recap (Won),Pop Lockett Drop it,2021-W02-M05,Baker Mayfield,QB,QB,True,False,False,24.65,20.52,,Baker Mayfield,QB,"["""", ""Baker Mayfield"", ""24.65"", ""20.52"", ""QB"", ""QB"", ""QB"", ""31.02"", ""29.56"", ""Patrick Mahomes "", """"]",5,6,116.82,109.02
2021,2,1,0,right,Pop Lockett Drop it,Week 2 Recap (Won),2021-W02-M05,Patrick Mahomes,QB,QB,True,False,False,29.56,31.02,,Patrick Mahomes ,QB,"["""", ""Baker Mayfield"", ""24.65"", ""20.52"", ""QB"", ""QB"", ""QB"", ""31.02"", ""29.56"", ""Patrick Mahomes "", """"]",5,6,109.02,116.82
2021,2,1,1,left,Week 2 Recap (Won),Pop Lockett Drop it,2021-W02-M05,Robbie Chosen,WR,WR,True,False,False,10.69,5.3,,Robbie Chosen,WR,"["""", ""Robbie Chosen"", ""10.69"", ""5.30"", ""WR"", ""WR"", ""WR"", ""17.90"", ""12.12"", ""DJ Moore"", """"]",5,6,116.82,109.02
2021,2,1,1,right,Pop Lockett Drop it,Week 2 Recap (Won),2021-W02-M05,DJ Moore,WR,WR,True,False,False,12.12,17.9,,DJ Moore,WR,"["""", ""Robbie Chosen"", ""10.69"", ""5.30"", ""WR"", ""WR"", ""WR"", ""17.90"", ""12.12"", ""DJ Moore"", """"]",5,6,109.02,116.82
2021,2,1,2,left,Week 2 Recap (Won),Pop Lockett Drop it,2021-W02-M05,Stefon Diggs,WR,WR,True,False,False,16.18,14.0,,Stefon Diggs ,WR,"["""", ""Stefon Diggs "", ""16.18"", ""14.00"", ""WR"", ""WR"", ""WR"", ""13.40"", ""10.67"", ""JuJu Smith-Schuster"", """"]",5,6,116.82,109.02
2021,2,1,2,right,Pop Lockett Drop it,Week 2 Recap (Won),2021-W02-M05,JuJu Smith-Schuster,WR,WR,True,False,False,10.67,13.4,,JuJu Smith-Schuster,WR,"["""", ""Stefon Diggs "", ""16.18"", ""14.00"", ""WR"", ""WR"", ""WR"", ""13.40"", ""10.67"", ""JuJu Smith-Schuster"", """"]",5,6,109.02,116.82
2021,2,1,3,left,Week 2 Recap (Won),Pop Lockett Drop it,2021-W02-M05,Austin Ekeler,RB,RB,True,False,False,16.64,18.0,,Austin Ekeler,RB,"["""", ""Austin Ekeler"", ""16.64"", ""18.00"", ""RB"", ""RB"", ""RB"", ""7.90"", ""11.55"", ""James Robinson"", """"]",5,6,116.82,109.02
2021,2,1,3,right,Pop Lockett Drop it,Week 2 Recap (Won),2021-W02-M05,James Robinson,RB,RB,True,False,False,11.55,7.9,,James Robinson,RB,"["""", ""Austin Ekeler"", ""16.64"", ""18.00"", ""RB"", ""RB"", ""RB"", ""7.90"", ""11.55"", ""James Robinson"", """"]",5,6,109.02,116.82
2021,2,1,4,left,Week 2 Recap (Won),Pop Lockett Drop it,2021-W02-M05,Jamaal Williams,RB,RB,True,False,False,7.68,5.2,,Jamaal Williams,RB,"["""", ""Jamaal Williams"", ""7.68"", ""5.20"", ""RB"", ""RB"", ""RB"", ""6.20"", ""6.09"", ""Kenny Gainwell"", """"]",5,6,116.82,109.02
2021,2,1,4,right,Pop Lockett Drop it,Week 2 Recap (Won),2021-W02-M05,Kenny Gainwell,RB,RB,True,False,False,6.09,6.2,,Kenny Gainwell,RB,"["""", ""Jamaal Williams"", ""7.68"", ""5.20"", ""RB"", ""RB"", ""RB"", ""6.20"", ""6.09"", ""Kenny Gainwell"", """"]",5,6,109.02,116.82
2021,2,1,5,left,Week 2 Recap (Won),Pop Lockett Drop it,2021-W02-M05,Travis Kelce,TE,TE,True,False,False,16.61,20.4,,Travis Kelce,TE,"["""", ""Travis Kelce"", ""16.61"", ""20.40"", ""TE"", ""TE"", ""TE"", ""12.70"", ""9.22"", ""Robert Tonyan"", """"]",5,6,116.82,109.02
2021,2,1,5,right,Pop Lockett Drop it,Week 2 Recap (Won),2021-W02-M05,Robert Tonyan,TE,TE,True,False,False,9.22,12.7,,Robert Tonyan,TE,"["""", ""Travis Kelce"", ""16.61"", ""20.40"", ""TE"", ""TE"", ""TE"", ""12.70"", ""9.22"", ""Robert Tonyan"", """"]",5,6,109.02,116.82
2021,2,1,6,left,Week 2 Recap (Won),Pop Lockett Drop it,2021-W02-M05,Courtland Sutton,,W/R/T,True,False,False,11.94,20.4,,Courtland Sutton,W/R/T,"["""", ""Courtland Sutton"", ""11.94"", ""20.40"", ""W/R/T"", ""W/R/T"", ""W/R/T"", ""7.90"", ""11.50"", ""Melvin Gordon III"", """"]",5,6,116.82,109.02
2021,2,1,6,right,Pop Lockett Drop it,Week 2 Recap (Won),2021-W02-M05,Melvin Gordon III,,W/R/T,True,False,False,11.5,7.9,,Melvin Gordon III,W/R/T,"["""", ""Courtland Sutton"", ""11.94"", ""20.40"", ""W/R/T"", ""W/R/T"", ""W/R/T"", ""7.90"", ""11.50"", ""Melvin Gordon III"", """"]",5,6,109.02,116.82
2021,2,1,7,left,Week 2 Recap (Won),Pop Lockett Drop it,2021-W02-M05,Rodrigo Blankenship,K,K,True,False,False,8.17,12.0,,Rodrigo Blankenship,K,"["""", ""Rodrigo Blankenship"", ""8.17"", ""12.00"", ""K"", ""K"", ""K"", ""10.00"", ""9.79"", ""Greg Zuerlein"", """"]",5,6,116.82,109.02
2021,2,1,7,right,Pop Lockett Drop it,Week 2 Recap (Won),2021-W02-M05,Greg Zuerlein,K,K,True,False,False,9.79,10.0,,Greg Zuerlein,K,"["""", ""Rodrigo Blankenship"", ""8.17"", ""12.00"", ""K"", ""K"", ""K"", ""10.00"", ""9.79"", ""Greg Zuerlein"", """"]",5,6,109.02,116.82
2021,2,1,8,left,Week 2 Recap (Won),Pop Lockett Drop it,2021-W02-M05,Cardinals - DEF,DEF,DEF,True,False,False,6.47,1.0,,Cardinals - DEF,DEF,"["""", ""Cardinals - DEF"", ""6.47"", ""1.00"", ""DEF"", ""DEF"", ""DEF"", ""2.00"", ""8.28"", ""Steelers - DEF"", """"]",5,6,116.82,109.02
2021,2,1,8,right,Pop Lockett Drop it,Week 2 Recap (Won),2021-W02-M05,Steelers - DEF,DEF,DEF,True,False,False,8.28,2.0,,Steelers - DEF,DEF,"["""", ""Cardinals - DEF"", ""6.47"", ""1.00"", ""DEF"", ""DEF"", ""DEF"", ""2.00"", ""8.28"", ""Steelers - DEF"", """"]",5,6,109.02,116.82
2021,2,2,0,left,Week 2 Recap (Won),Pop Lockett Drop it,2021-W02-M05,David Johnson,,BN,False,True,False,4.62,5.7,,David Johnson,BN,"["""", ""David Johnson"", ""4.62"", ""5.70"", ""BN"", ""BN"", ""BN"", ""0.00"", ""0.00"", ""Josh Jacobs"", """"]",5,6,116.82,109.02
2021,2,2,0,right,Pop Lockett Drop it,Week 2 Recap (Won),2021-W02-M05,Josh Jacobs,,BN,False,True,False,0.0,0.0,,Josh Jacobs,BN,"["""", ""David Johnson"", ""4.62"", ""5.70"", ""BN"", ""BN"", ""BN"", ""0.00"", ""0.00"", ""Josh Jacobs"", """"]",5,6,109.02,116.82
2021,2,2,1,left,Week 2 Recap (Won),Pop Lockett Drop it,2021-W02-M05,Michael Gallup,,BN,False,True,False,0.0,0.0,,Michael Gallup,BN,"["""", ""Michael Gallup"", ""0.00"", ""0.00"", ""BN"", ""BN"", ""BN"", ""8.00"", ""8.26"", ""Mecole Hardman Jr."", """"]",5,6,116.82,109.02
2021,2,2,1,right,Pop Lockett Drop it,Week 2 Recap (Won),2021-W02-M05,Mecole Hardman Jr.,,BN,False,True,False,8.26,8.0,,Mecole Hardman Jr.,BN,"["""", ""Michael Gallup"", ""0.00"", ""0.00"", ""BN"", ""BN"", ""BN"", ""8.00"", ""8.26"", ""Mecole Hardman Jr."", """"]",5,6,109.02,116.82
2021,2,2,2,left,Week 2 Recap (Won),Pop Lockett Drop it,2021-W02-M05,Sony Michel,,BN,False,True,False,3.04,4.6,,Sony Michel,BN,"["""", ""Sony Michel"", ""3.04"", ""4.60"", ""BN"", ""BN"", ""BN"", ""1.80"", ""10.28"", ""Marquez Callaway"", """"]",5,6,116.82,109.02
2021,2,2,2,right,Pop Lockett Drop it,Week 2 Recap (Won),2021-W02-M05,Marquez Callaway,,BN,False,True,False,10.28,1.8,,Marquez Callaway,BN,"["""", ""Sony Michel"", ""3.04"", ""4.60"", ""BN"", ""BN"", ""BN"", ""1.80"", ""10.28"", ""Marquez Callaway"", """"]",5,6,109.02,116.82
2021,2,2,3,left,Week 2 Recap (Won),Pop Lockett Drop it,2021-W02-M05,Henry Ruggs III,,BN,False,True,False,7.46,20.0,,Henry Ruggs III,BN,"["""", ""Henry Ruggs III"", ""7.46"", ""20.00"", ""BN"", ""BN"", ""BN"", ""1.50"", ""9.49"", ""Jalen Reagor"", """"]",5,6,116.82,109.02
2021,2,2,3,right,Pop Lockett Drop it,Week 2 Recap (Won),2021-W02-M05,Jalen Reagor,,BN,False,True,False,9.49,1.5,,Jalen Reagor,BN,"["""", ""Henry Ruggs III"", ""7.46"", ""20.00"", ""BN"", ""BN"", ""BN"", ""1.50"", ""9.49"", ""Jalen Reagor"", """"]",5,6,109.02,116.82
2021,2,2,4,left,Week 2 Recap (Won),Pop Lockett Drop it,2021-W02-M05,Hollywood Brown,,BN,False,True,False,10.31,20.3,,Hollywood Brown,BN,"["""", ""Hollywood Brown"", ""10.31"", ""20.30"", ""BN"", ""BN"", ""BN"", ""13.00"", ""9.98"", ""Sterling Shepard"", """"]",5,6,116.82,109.02
2021,2,2,4,right,Pop Lockett Drop it,Week 2 Recap (Won),2021-W02-M05,Sterling Shepard,,BN,False,True,False,9.98,13.0,,Sterling Shepard,BN,"["""", ""Hollywood Brown"", ""10.31"", ""20.30"", ""BN"", ""BN"", ""BN"", ""13.00"", ""9.98"", ""Sterling Shepard"", """"]",5,6,109.02,116.82
2021,2,2,5,left,Week 2 Recap (Won),Pop Lockett Drop it,2021-W02-M05,Le'Veon Bell,,BN,False,True,False,0.0,0.0,,Le'Veon Bell,BN,"["""", ""Le'Veon Bell"", ""0.00"", ""0.00"", ""BN"", ""BN"", ""BN"", ""6.30"", ""20.20"", ""Zach Wilson"", """"]",5,6,116.82,109.02
2021,2,2,5,right,Pop Lockett Drop it,Week 2 Recap (Won),2021-W02-M05,Zach Wilson,,BN,False,True,False,20.2,6.3,,Zach Wilson,BN,"["""", ""Le'Veon Bell"", ""0.00"", ""0.00"", ""BN"", ""BN"", ""BN"", ""6.30"", ""20.20"", ""Zach Wilson"", """"]",5,6,109.02,116.82
2021,2,1,0,left,Post Mahomes,Ginger FC,2021-W02-M06,Kyler Murray,QB,QB,True,False,False,29.56,41.1,,Kyler Murray ,QB,"["""", ""Kyler Murray "", ""29.56"", ""41.10"", ""QB"", ""QB"", ""QB"", ""34.80"", ""29.18"", ""Aaron Rodgers"", """"]",6,7,119.6,129.6
2021,2,1,0,right,Ginger FC,Post Mahomes,2021-W02-M06,Aaron Rodgers,QB,QB,True,False,False,29.18,34.8,,Aaron Rodgers,QB,"["""", ""Kyler Murray "", ""29.56"", ""41.10"", ""QB"", ""QB"", ""QB"", ""34.80"", ""29.18"", ""Aaron Rodgers"", """"]",6,7,129.6,119.6
2021,2,1,1,left,Post Mahomes,Ginger FC,2021-W02-M06,Brandin Cooks,WR,WR,True,False,False,12.07,18.3,,Brandin Cooks,WR,"["""", ""Brandin Cooks"", ""12.07"", ""18.30"", ""WR"", ""WR"", ""WR"", ""13.40"", ""16.13"", ""DeAndre Hopkins"", """"]",6,7,119.6,129.6
2021,2,1,1,right,Ginger FC,Post Mahomes,2021-W02-M06,DeAndre Hopkins,WR,WR,True,False,False,16.13,13.4,,DeAndre Hopkins,WR,"["""", ""Brandin Cooks"", ""12.07"", ""18.30"", ""WR"", ""WR"", ""WR"", ""13.40"", ""16.13"", ""DeAndre Hopkins"", """"]",6,7,129.6,119.6
2021,2,1,2,left,Post Mahomes,Ginger FC,2021-W02-M06,Kenny Golladay,WR,WR,True,False,False,9.98,5.3,,Kenny Golladay,WR,"["""", ""Kenny Golladay"", ""9.98"", ""5.30"", ""WR"", ""WR"", ""WR"", ""3.90"", ""14.35"", ""Amari Cooper"", """"]",6,7,119.6,129.6
2021,2,1,2,right,Ginger FC,Post Mahomes,2021-W02-M06,Amari Cooper,WR,WR,True,False,False,14.35,3.9,,Amari Cooper,WR,"["""", ""Kenny Golladay"", ""9.98"", ""5.30"", ""WR"", ""WR"", ""WR"", ""3.90"", ""14.35"", ""Amari Cooper"", """"]",6,7,129.6,119.6
2021,2,1,3,left,Post Mahomes,Ginger FC,2021-W02-M06,Jonathan Taylor,RB,RB,True,False,False,15.03,5.8,,Jonathan Taylor,RB,"["""", ""Jonathan Taylor"", ""15.03"", ""5.80"", ""RB"", ""RB"", ""RB"", ""16.70"", ""15.28"", ""Ezekiel Elliott"", """"]",6,7,119.6,129.6
2021,2,1,3,right,Ginger FC,Post Mahomes,2021-W02-M06,Ezekiel Elliott,RB,RB,True,False,False,15.28,16.7,,Ezekiel Elliott,RB,"["""", ""Jonathan Taylor"", ""15.03"", ""5.80"", ""RB"", ""RB"", ""RB"", ""16.70"", ""15.28"", ""Ezekiel Elliott"", """"]",6,7,129.6,119.6
2021,2,1,4,left,Post Mahomes,Ginger FC,2021-W02-M06,Saquon Barkley,RB,RB,True,False,False,11.77,7.9,,Saquon Barkley,RB,"["""", ""Saquon Barkley"", ""11.77"", ""7.90"", ""RB"", ""RB"", ""RB"", ""9.60"", ""10.56"", ""Leonard Fournette"", """"]",6,7,119.6,129.6
2021,2,1,4,right,Ginger FC,Post Mahomes,2021-W02-M06,Leonard Fournette,RB,RB,True,False,False,10.56,9.6,,Leonard Fournette,RB,"["""", ""Saquon Barkley"", ""11.77"", ""7.90"", ""RB"", ""RB"", ""RB"", ""9.60"", ""10.56"", ""Leonard Fournette"", """"]",6,7,129.6,119.6
2021,2,1,5,left,Post Mahomes,Ginger FC,2021-W02-M06,Kyle Pitts Sr.,TE,TE,True,False,False,10.6,9.8,,Kyle Pitts Sr.,TE,"["""", ""Kyle Pitts Sr."", ""10.60"", ""9.80"", ""TE"", ""TE"", ""TE"", ""17.90"", ""9.60"", ""Rob Gronkowski"", """"]",6,7,119.6,129.6
2021,2,1,5,right,Ginger FC,Post Mahomes,2021-W02-M06,Rob Gronkowski,TE,TE,True,False,False,9.6,17.9,,Rob Gronkowski,TE,"["""", ""Kyle Pitts Sr."", ""10.60"", ""9.80"", ""TE"", ""TE"", ""TE"", ""17.90"", ""9.60"", ""Rob Gronkowski"", """"]",6,7,129.6,119.6
2021,2,1,6,left,Post Mahomes,Ginger FC,2021-W02-M06,CeeDee Lamb,,W/R/T,True,False,False,14.76,13.4,,CeeDee Lamb,W/R/T,"["""", ""CeeDee Lamb"", ""14.76"", ""13.40"", ""W/R/T"", ""W/R/T"", ""W/R/T"", ""8.30"", ""16.35"", ""DK Metcalf "", """"]",6,7,119.6,129.6
2021,2,1,6,right,Ginger FC,Post Mahomes,2021-W02-M06,DK Metcalf,,W/R/T,True,False,False,16.35,8.3,,DK Metcalf ,W/R/T,"["""", ""CeeDee Lamb"", ""14.76"", ""13.40"", ""W/R/T"", ""W/R/T"", ""W/R/T"", ""8.30"", ""16.35"", ""DK Metcalf "", """"]",6,7,129.6,119.6
2021,2,1,7,left,Post Mahomes,Ginger FC,2021-W02-M06,Matt Prater,K,K,True,False,False,9.01,12.0,,Matt Prater,K,"["""", ""Matt Prater"", ""9.01"", ""12.00"", ""K"", ""K"", ""K"", ""6.00"", ""9.31"", ""Ryan Succop"", """"]",6,7,119.6,129.6
2021,2,1,7,right,Ginger FC,Post Mahomes,2021-W02-M06,Ryan Succop,K,K,True,False,False,9.31,6.0,,Ryan Succop,K,"["""", ""Matt Prater"", ""9.01"", ""12.00"", ""K"", ""K"", ""K"", ""6.00"", ""9.31"", ""Ryan Succop"", """"]",6,7,129.6,119.6
2021,2,1,8,left,Post Mahomes,Ginger FC,2021-W02-M06,Saints - DEF,DEF,DEF,True,False,False,7.04,6.0,,Saints - DEF,DEF,"["""", ""Saints - DEF"", ""7.04"", ""6.00"", ""DEF"", ""DEF"", ""DEF"", ""19.00"", ""8.89"", ""Buccaneers - DEF"", """"]",6,7,119.6,129.6
2021,2,1,8,right,Ginger FC,Post Mahomes,2021-W02-M06,Buccaneers - DEF,DEF,DEF,True,False,False,8.89,19.0,,Buccaneers - DEF,DEF,"["""", ""Saints - DEF"", ""7.04"", ""6.00"", ""DEF"", ""DEF"", ""DEF"", ""19.00"", ""8.89"", ""Buccaneers - DEF"", """"]",6,7,129.6,119.6
2021,2,2,0,left,Post Mahomes,Ginger FC,2021-W02-M06,Brandon Aiyuk,,BN,False,True,False,8.72,1.1,,Brandon Aiyuk,BN,"["""", ""Brandon Aiyuk"", ""8.72"", ""1.10"", ""BN"", ""BN"", ""BN"", ""7.90"", ""9.48"", ""Javonte Williams"", """"]",6,7,119.6,129.6
2021,2,2,0,right,Ginger FC,Post Mahomes,2021-W02-M06,Javonte Williams,,BN,False,True,False,9.48,7.9,,Javonte Williams,BN,"["""", ""Brandon Aiyuk"", ""8.72"", ""1.10"", ""BN"", ""BN"", ""BN"", ""7.90"", ""9.48"", ""Javonte Williams"", """"]",6,7,129.6,119.6
2021,2,2,1,left,Post Mahomes,Ginger FC,2021-W02-M06,Tony Pollard,,BN,False,True,False,6.38,21.5,,Tony Pollard,BN,"["""", ""Tony Pollard"", ""6.38"", ""21.50"", ""BN"", ""BN"", ""BN"", ""16.10"", ""11.21"", ""Devin Singletary"", """"]",6,7,119.6,129.6
2021,2,2,1,right,Ginger FC,Post Mahomes,2021-W02-M06,Devin Singletary,,BN,False,True,False,11.21,16.1,,Devin Singletary,BN,"["""", ""Tony Pollard"", ""6.38"", ""21.50"", ""BN"", ""BN"", ""BN"", ""16.10"", ""11.21"", ""Devin Singletary"", """"]",6,7,129.6,119.6
2021,2,2,2,left,Post Mahomes,Ginger FC,2021-W02-M06,J.D. McKissic,,BN,False,True,False,5.33,17.8,,J.D. McKissic,BN,"["""", ""J.D. McKissic"", ""5.33"", ""17.80"", ""BN"", ""BN"", ""BN"", ""0.70"", ""10.37"", ""Laviska Shenault Jr."", """"]",6,7,119.6,129.6
2021,2,2,2,right,Ginger FC,Post Mahomes,2021-W02-M06,Laviska Shenault Jr.,,BN,False,True,False,10.37,0.7,,Laviska Shenault Jr.,BN,"["""", ""J.D. McKissic"", ""5.33"", ""17.80"", ""BN"", ""BN"", ""BN"", ""0.70"", ""10.37"", ""Laviska Shenault Jr."", """"]",6,7,129.6,119.6
2021,2,2,3,left,Post Mahomes,Ginger FC,2021-W02-M06,Devontae Booker,,BN,False,True,False,3.17,1.6,,Devontae Booker,BN,"["""", ""Devontae Booker"", ""3.17"", ""1.60"", ""BN"", ""BN"", ""BN"", ""1.40"", ""12.02"", ""Jarvis Landry"", """"]",6,7,119.6,129.6
2021,2,2,3,right,Ginger FC,Post Mahomes,2021-W02-M06,Jarvis Landry,,BN,False,True,False,12.02,1.4,,Jarvis Landry,BN,"["""", ""Devontae Booker"", ""3.17"", ""1.60"", ""BN"", ""BN"", ""BN"", ""1.40"", ""12.02"", ""Jarvis Landry"", """"]",6,7,129.6,119.6
2021,2,2,4,left,Post Mahomes,Ginger FC,2021-W02-M06,Latavius Murray,,BN,False,True,False,7.07,9.6,,Latavius Murray,BN,"["""", ""Latavius Murray"", ""7.07"", ""9.60"", ""BN"", ""BN"", ""BN"", ""0.00"", ""0.00"", ""Tyrell Williams"", """"]",6,7,119.6,129.6
2021,2,2,4,right,Ginger FC,Post Mahomes,2021-W02-M06,Tyrell Williams,,BN,False,True,False,0.0,0.0,,Tyrell Williams,BN,"["""", ""Latavius Murray"", ""7.07"", ""9.60"", ""BN"", ""BN"", ""BN"", ""0.00"", ""0.00"", ""Tyrell Williams"", """"]",6,7,129.6,119.6
2021,2,2,5,left,Post Mahomes,Ginger FC,2021-W02-M06,Ravens - DEF,,BN,False,True,False,4.49,3.0,,Ravens - DEF,BN,"["""", ""Ravens - DEF"", ""4.49"", ""3.00"", ""BN"", ""BN"", ""BN"", ""10.34"", ""23.15"", ""Jameis Winston"", """"]",6,7,119.6,129.6
2021,2,2,5,right,Ginger FC,Post Mahomes,2021-W02-M06,Jameis Winston,,BN,False,True,False,23.15,10.34,,Jameis Winston,BN,"["""", ""Ravens - DEF"", ""4.49"", ""3.00"", ""BN"", ""BN"", ""BN"", ""10.34"", ""23.15"", ""Jameis Winston"", """"]",6,7,129.6,119.6
2021,2,2,6,left,Post Mahomes,Ginger FC,2021-W02-M06,Curtis Samuel,,IR,False,False,True,0.0,0.0,,Curtis Samuel,IR,"["""", ""Curtis Samuel"", ""0.00"", ""0.00"", ""IR"", ""IR"", ""IR"", ""–"", ""0.00"", ""(Empty)"", """"]",6,7,119.6,129.6
2021,2,2,6,right,Ginger FC,Post Mahomes,2021-W02-M06,(Empty),,IR,False,False,True,0.0,,,(Empty),IR,"["""", ""Curtis Samuel"", ""0.00"", ""0.00"", ""IR"", ""IR"", ""IR"", ""–"", ""0.00"", ""(Empty)"", """"]",6,7,129.6,119.6
2021,3,1,0,left,Joe Mantegna,The Big Gronkowski,2021-W03-M01,Matthew Stafford,QB,QB,True,False,False,24.41,37.52,,Matthew Stafford,QB,"["""", ""Matthew Stafford"", ""24.41"", ""37.52"", ""QB"", ""QB"", ""QB"", ""38.84"", ""25.92"", ""Justin Herbert"", """"]",1,1,132.82,111.14
2021,3,1,0,right,The Big Gronkowski,Joe Mantegna,2021-W03-M01,Justin Herbert,QB,QB,True,False,False,25.92,38.84,,Justin Herbert,QB,"["""", ""Matthew Stafford"", ""24.41"", ""37.52"", ""QB"", ""QB"", ""QB"", ""38.84"", ""25.92"", ""Justin Herbert"", """"]",1,1,111.14,132.82
2021,3,1,1,left,Joe Mantegna,The Big Gronkowski,2021-W03-M01,Cooper Kupp,WR,WR,True,False,False,14.71,26.1,,Cooper Kupp,WR,"["""", ""Cooper Kupp"", ""14.71"", ""26.10"", ""WR"", ""WR"", ""WR"", ""8.20"", ""13.83"", ""Terry McLaurin"", """"]",1,1,132.82,111.14
2021,3,1,1,right,The Big Gronkowski,Joe Mantegna,2021-W03-M01,Terry McLaurin,WR,WR,True,False,False,13.83,8.2,,Terry McLaurin,WR,"["""", ""Cooper Kupp"", ""14.71"", ""26.10"", ""WR"", ""WR"", ""WR"", ""8.20"", ""13.83"", ""Terry McLaurin"", """"]",1,1,111.14,132.82
2021,3,1,2,left,Joe Mantegna,The Big Gronkowski,2021-W03-M01,Tyler Lockett,WR,WR,True,False,False,14.31,5.1,,Tyler Lockett,WR,"["""", ""Tyler Lockett"", ""14.31"", ""5.10"", ""WR"", ""WR"", ""WR"", ""4.10"", ""8.96"", ""Zach Pascal"", """"]",1,1,132.82,111.14
2021,3,1,2,right,The Big Gronkowski,Joe Mantegna,2021-W03-M01,Zach Pascal,WR,WR,True,False,False,8.96,4.1,,Zach Pascal,WR,"["""", ""Tyler Lockett"", ""14.31"", ""5.10"", ""WR"", ""WR"", ""WR"", ""4.10"", ""8.96"", ""Zach Pascal"", """"]",1,1,111.14,132.82
2021,3,1,3,left,Joe Mantegna,The Big Gronkowski,2021-W03-M01,Antonio Gibson,RB,RB,True,False,False,13.68,16.9,,Antonio Gibson,RB,"["""", ""Antonio Gibson"", ""13.68"", ""16.90"", ""RB"", ""RB"", ""RB"", ""8.90"", ""11.61"", ""Myles Gaskin"", """"]",1,1,132.82,111.14
2021,3,1,3,right,The Big Gronkowski,Joe Mantegna,2021-W03-M01,Myles Gaskin,RB,RB,True,False,False,11.61,8.9,,Myles Gaskin,RB,"["""", ""Antonio Gibson"", ""13.68"", ""16.90"", ""RB"", ""RB"", ""RB"", ""8.90"", ""11.61"", ""Myles Gaskin"", """"]",1,1,111.14,132.82
2021,3,1,4,left,Joe Mantegna,The Big Gronkowski,2021-W03-M01,Najee Harris,RB,RB,True,False,False,15.78,21.2,,Najee Harris,RB,"["""", ""Najee Harris"", ""15.78"", ""21.20"", ""RB"", ""RB"", ""RB"", ""7.00"", ""14.34"", ""Miles Sanders "", """"]",1,1,132.82,111.14
2021,3,1,4,right,The Big Gronkowski,Joe Mantegna,2021-W03-M01,Miles Sanders,RB,RB,True,False,False,14.34,7.0,,Miles Sanders ,RB,"["""", ""Najee Harris"", ""15.78"", ""21.20"", ""RB"", ""RB"", ""RB"", ""7.00"", ""14.34"", ""Miles Sanders "", """"]",1,1,111.14,132.82
2021,3,1,5,left,Joe Mantegna,The Big Gronkowski,2021-W03-M01,Darren Waller,TE,TE,True,False,False,13.68,7.9,,Darren Waller ,TE,"["""", ""Darren Waller "", ""13.68"", ""7.90"", ""TE"", ""TE"", ""TE"", ""13.60"", ""12.05"", ""George Kittle"", """"]",1,1,132.82,111.14
2021,3,1,5,right,The Big Gronkowski,Joe Mantegna,2021-W03-M01,George Kittle,TE,TE,True,False,False,12.05,13.6,,George Kittle,TE,"["""", ""Darren Waller "", ""13.68"", ""7.90"", ""TE"", ""TE"", ""TE"", ""13.60"", ""12.05"", ""George Kittle"", """"]",1,1,111.14,132.82
2021,3,1,6,left,Joe Mantegna,The Big Gronkowski,2021-W03-M01,Chase Claypool,,W/R/T,True,False,False,12.73,14.1,,Chase Claypool,W/R/T,"["""", ""Chase Claypool"", ""12.73"", ""14.10"", ""W/R/T"", ""W/R/T"", ""W/R/T"", ""5.50"", ""8.88"", ""Will Fuller V"", """"]",1,1,132.82,111.14
2021,3,1,6,right,The Big Gronkowski,Joe Mantegna,2021-W03-M01,Will Fuller V,,W/R/T,True,False,False,8.88,5.5,,Will Fuller V,W/R/T,"["""", ""Chase Claypool"", ""12.73"", ""14.10"", ""W/R/T"", ""W/R/T"", ""W/R/T"", ""5.50"", ""8.88"", ""Will Fuller V"", """"]",1,1,111.14,132.82
2021,3,1,7,left,Joe Mantegna,The Big Gronkowski,2021-W03-M01,Robbie Gould,K,K,True,False,False,8.68,4.0,,Robbie Gould,K,"["""", ""Robbie Gould"", ""8.68"", ""4.00"", ""K"", ""K"", ""K"", ""6.00"", ""9.47"", ""Harrison Butker"", """"]",1,1,132.82,111.14
2021,3,1,7,right,The Big Gronkowski,Joe Mantegna,2021-W03-M01,Harrison Butker,K,K,True,False,False,9.47,6.0,,Harrison Butker,K,"["""", ""Robbie Gould"", ""8.68"", ""4.00"", ""K"", ""K"", ""K"", ""6.00"", ""9.47"", ""Harrison Butker"", """"]",1,1,111.14,132.82
2021,3,1,8,left,Joe Mantegna,The Big Gronkowski,2021-W03-M01,Chiefs - DEF,DEF,DEF,True,False,False,6.25,0.0,,Chiefs - DEF,DEF,"["""", ""Chiefs - DEF"", ""6.25"", ""0.00"", ""DEF"", ""DEF"", ""DEF"", ""19.00"", ""9.28"", ""Broncos - DEF"", """"]",1,1,132.82,111.14
2021,3,1,8,right,The Big Gronkowski,Joe Mantegna,2021-W03-M01,Broncos - DEF,DEF,DEF,True,False,False,9.28,19.0,,Broncos - DEF,DEF,"["""", ""Chiefs - DEF"", ""6.25"", ""0.00"", ""DEF"", ""DEF"", ""DEF"", ""19.00"", ""9.28"", ""Broncos - DEF"", """"]",1,1,111.14,132.82
2021,3,2,0,left,Joe Mantegna,The Big Gronkowski,2021-W03-M01,AJ Dillon,,BN,False,True,False,6.61,3.6,,AJ Dillon,BN,"["""", ""AJ Dillon"", ""6.61"", ""3.60"", ""BN"", ""BN"", ""BN"", ""0.00"", ""6.98"", ""Dalvin Cook"", """"]",1,1,132.82,111.14
2021,3,2,0,right,The Big Gronkowski,Joe Mantegna,2021-W03-M01,Dalvin Cook,,BN,False,True,False,6.98,0.0,,Dalvin Cook,BN,"["""", ""AJ Dillon"", ""6.61"", ""3.60"", ""BN"", ""BN"", ""BN"", ""0.00"", ""6.98"", ""Dalvin Cook"", """"]",1,1,111.14,132.82
2021,3,2,1,left,Joe Mantegna,The Big Gronkowski,2021-W03-M01,Michael Pittman Jr.,,BN,False,True,False,12.23,10.3,,Michael Pittman Jr.,BN,"["""", ""Michael Pittman Jr."", ""12.23"", ""10.30"", ""BN"", ""BN"", ""BN"", ""0.00"", ""0.00"", ""Diontae Johnson"", """"]",1,1,132.82,111.14
2021,3,2,1,right,The Big Gronkowski,Joe Mantegna,2021-W03-M01,Diontae Johnson,,BN,False,True,False,0.0,0.0,,Diontae Johnson,BN,"["""", ""Michael Pittman Jr."", ""12.23"", ""10.30"", ""BN"", ""BN"", ""BN"", ""0.00"", ""0.00"", ""Diontae Johnson"", """"]",1,1,111.14,132.82
2021,3,2,2,left,Joe Mantegna,The Big Gronkowski,2021-W03-M01,Nyheim Miller-Hines,,BN,False,True,False,9.61,16.4,,Nyheim Miller-Hines,BN,"["""", ""Nyheim Miller-Hines"", ""9.61"", ""16.40"", ""BN"", ""BN"", ""BN"", ""1.10"", ""8.74"", ""Ronald Jones"", """"]",1,1,132.82,111.14
2021,3,2,2,right,The Big Gronkowski,Joe Mantegna,2021-W03-M01,Ronald Jones,,BN,False,True,False,8.74,1.1,,Ronald Jones,BN,"["""", ""Nyheim Miller-Hines"", ""9.61"", ""16.40"", ""BN"", ""BN"", ""BN"", ""1.10"", ""8.74"", ""Ronald Jones"", """"]",1,1,111.14,132.82
2021,3,2,3,left,Joe Mantegna,The Big Gronkowski,2021-W03-M01,Gerald Everett,,BN,False,True,False,7.8,7.9,,Gerald Everett,BN,"["""", ""Gerald Everett"", ""7.80"", ""7.90"", ""BN"", ""BN"", ""BN"", ""31.12"", ""24.25"", ""Kirk Cousins"", """"]",1,1,132.82,111.14
2021,3,2,3,right,The Big Gronkowski,Joe Mantegna,2021-W03-M01,Kirk Cousins,,BN,False,True,False,24.25,31.12,,Kirk Cousins,BN,"["""", ""Gerald Everett"", ""7.80"", ""7.90"", ""BN"", ""BN"", ""BN"", ""31.12"", ""24.25"", ""Kirk Cousins"", """"]",1,1,111.14,132.82
2021,3,2,4,left,Joe Mantegna,The Big Gronkowski,2021-W03-M01,Joe Burrow,,BN,False,True,False,21.79,24.58,,Joe Burrow,BN,"["""", ""Joe Burrow"", ""21.79"", ""24.58"", ""BN"", ""BN"", ""BN"", ""0.00"", ""0.00"", ""Rashaad Penny"", """"]",1,1,132.82,111.14
2021,3,2,4,right,The Big Gronkowski,Joe Mantegna,2021-W03-M01,Rashaad Penny,,BN,False,True,False,0.0,0.0,,Rashaad Penny,BN,"["""", ""Joe Burrow"", ""21.79"", ""24.58"", ""BN"", ""BN"", ""BN"", ""0.00"", ""0.00"", ""Rashaad Penny"", """"]",1,1,111.14,132.82
2021,3,2,5,left,Joe Mantegna,The Big Gronkowski,2021-W03-M01,Cole Beasley,,BN,False,True,False,12.24,15.3,,Cole Beasley,BN,"["""", ""Cole Beasley"", ""12.24"", ""15.30"", ""BN"", ""BN"", ""BN"", ""-4.00"", ""4.54"", ""Commanders - DEF"", """"]",1,1,132.82,111.14
2021,3,2,5,right,The Big Gronkowski,Joe Mantegna,2021-W03-M01,Commanders - DEF,,BN,False,True,False,4.54,-4.0,,Commanders - DEF,BN,"["""", ""Cole Beasley"", ""12.24"", ""15.30"", ""BN"", ""BN"", ""BN"", ""-4.00"", ""4.54"", ""Commanders - DEF"", """"]",1,1,111.14,132.82
2021,3,1,0,left,Malle ❤️ 🐸,Voldemort,2021-W03-M02,Tom Brady,QB,QB,True,False,False,26.82,30.68,,Tom Brady,QB,"["""", ""Tom Brady"", ""26.82"", ""30.68"", ""QB"", ""QB"", ""QB"", ""26.12"", ""28.72"", ""Dak Prescott"", """"]",2,2,94.08,99.62
2021,3,1,0,right,Voldemort,Malle ❤️ 🐸,2021-W03-M02,Dak Prescott,QB,QB,True,False,False,28.72,26.12,,Dak Prescott,QB,"["""", ""Tom Brady"", ""26.82"", ""30.68"", ""QB"", ""QB"", ""QB"", ""26.12"", ""28.72"", ""Dak Prescott"", """"]",2,2,99.62,94.08
2021,3,1,1,left,Malle ❤️ 🐸,Voldemort,2021-W03-M02,Tyreek Hill,WR,WR,True,False,False,17.11,7.2,,Tyreek Hill,WR,"["""", ""Tyreek Hill"", ""17.11"", ""7.20"", ""WR"", ""WR"", ""WR"", ""10.10"", ""15.80"", ""Calvin Ridley"", """"]",2,2,94.08,99.62
2021,3,1,1,right,Voldemort,Malle ❤️ 🐸,2021-W03-M02,Calvin Ridley,WR,WR,True,False,False,15.8,10.1,,Calvin Ridley,WR,"["""", ""Tyreek Hill"", ""17.11"", ""7.20"", ""WR"", ""WR"", ""WR"", ""10.10"", ""15.80"", ""Calvin Ridley"", """"]",2,2,99.62,94.08
2021,3,1,2,left,Malle ❤️ 🐸,Voldemort,2021-W03-M02,Keenan Allen,WR,WR,True,False,False,14.66,15.0,,Keenan Allen,WR,"["""", ""Keenan Allen"", ""14.66"", ""15.00"", ""WR"", ""WR"", ""WR"", ""22.30"", ""14.78"", ""Justin Jefferson "", """"]",2,2,94.08,99.62
2021,3,1,2,right,Voldemort,Malle ❤️ 🐸,2021-W03-M02,Justin Jefferson,WR,WR,True,False,False,14.78,22.3,,Justin Jefferson ,WR,"["""", ""Keenan Allen"", ""14.66"", ""15.00"", ""WR"", ""WR"", ""WR"", ""22.30"", ""14.78"", ""Justin Jefferson "", """"]",2,2,99.62,94.08
2021,3,1,3,left,Malle ❤️ 🐸,Voldemort,2021-W03-M02,Damien Harris,RB,RB,True,False,False,11.07,2.1,,Damien Harris ,RB,"["""", ""Damien Harris "", ""11.07"", ""2.10"", ""RB"", ""RB"", ""RB"", ""8.40"", ""15.43"", ""Nick Chubb"", """"]",2,2,94.08,99.62
2021,3,1,3,right,Voldemort,Malle ❤️ 🐸,2021-W03-M02,Nick Chubb,RB,RB,True,False,False,15.43,8.4,,Nick Chubb,RB,"["""", ""Damien Harris "", ""11.07"", ""2.10"", ""RB"", ""RB"", ""RB"", ""8.40"", ""15.43"", ""Nick Chubb"", """"]",2,2,99.62,94.08
2021,3,1,4,left,Malle ❤️ 🐸,Voldemort,2021-W03-M02,Mark Ingram II,RB,RB,True,False,False,9.56,2.5,,Mark Ingram II,RB,"["""", ""Mark Ingram II"", ""9.56"", ""2.50"", ""RB"", ""RB"", ""RB"", ""6.50"", ""14.17"", ""David Montgomery"", """"]",2,2,94.08,99.62
2021,3,1,4,right,Voldemort,Malle ❤️ 🐸,2021-W03-M02,David Montgomery,RB,RB,True,False,False,14.17,6.5,,David Montgomery,RB,"["""", ""Mark Ingram II"", ""9.56"", ""2.50"", ""RB"", ""RB"", ""RB"", ""6.50"", ""14.17"", ""David Montgomery"", """"]",2,2,99.62,94.08
2021,3,1,5,left,Malle ❤️ 🐸,Voldemort,2021-W03-M02,T.J. Hockenson,TE,TE,True,False,False,11.96,2.0,,T.J. Hockenson,TE,"["""", ""T.J. Hockenson"", ""11.96"", ""2.00"", ""TE"", ""TE"", ""TE"", ""12.50"", ""8.49"", ""Tyler Higbee"", """"]",2,2,94.08,99.62
2021,3,1,5,right,Voldemort,Malle ❤️ 🐸,2021-W03-M02,Tyler Higbee,TE,TE,True,False,False,8.49,12.5,,Tyler Higbee,TE,"["""", ""T.J. Hockenson"", ""11.96"", ""2.00"", ""TE"", ""TE"", ""TE"", ""12.50"", ""8.49"", ""Tyler Higbee"", """"]",2,2,99.62,94.08
2021,3,1,6,left,Malle ❤️ 🐸,Voldemort,2021-W03-M02,Mike Evans,,W/R/T,True,False,False,14.01,14.6,,Mike Evans,W/R/T,"["""", ""Mike Evans"", ""14.01"", ""14.60"", ""W/R/T"", ""W/R/T"", ""W/R/T"", ""7.70"", ""13.53"", ""Deebo Samuel Sr."", """"]",2,2,94.08,99.62
2021,3,1,6,right,Voldemort,Malle ❤️ 🐸,2021-W03-M02,Deebo Samuel Sr.,,W/R/T,True,False,False,13.53,7.7,,Deebo Samuel Sr.,W/R/T,"["""", ""Mike Evans"", ""14.01"", ""14.60"", ""W/R/T"", ""W/R/T"", ""W/R/T"", ""7.70"", ""13.53"", ""Deebo Samuel Sr."", """"]",2,2,99.62,94.08
2021,3,1,7,left,Malle ❤️ 🐸,Voldemort,2021-W03-M02,Justin Tucker,K,K,True,False,False,10.2,17.0,,Justin Tucker,K,"["""", ""Justin Tucker"", ""10.20"", ""17.00"", ""K"", ""K"", ""K"", ""6.00"", ""8.26"", ""Younghoe Koo"", """"]",2,2,94.08,99.62
2021,3,1,7,right,Voldemort,Malle ❤️ 🐸,2021-W03-M02,Younghoe Koo,K,K,True,False,False,8.26,6.0,,Younghoe Koo,K,"["""", ""Justin Tucker"", ""10.20"", ""17.00"", ""K"", ""K"", ""K"", ""6.00"", ""8.26"", ""Younghoe Koo"", """"]",2,2,99.62,94.08
2021,3,1,8,left,Malle ❤️ 🐸,Voldemort,2021-W03-M02,Rams - DEF,DEF,DEF,True,False,False,5.72,3.0,,Rams - DEF,DEF,"["""", ""Rams - DEF"", ""5.72"", ""3.00"", ""DEF"", ""DEF"", ""DEF"", ""0.00"", ""5.64"", ""49ers - DEF"", """"]",2,2,94.08,99.62
2021,3,1,8,right,Voldemort,Malle ❤️ 🐸,2021-W03-M02,49ers - DEF,DEF,DEF,True,False,False,5.64,0.0,,49ers - DEF,DEF,"["""", ""Rams - DEF"", ""5.72"", ""3.00"", ""DEF"", ""DEF"", ""DEF"", ""0.00"", ""5.64"", ""49ers - DEF"", """"]",2,2,99.62,94.08
2021,3,2,0,left,Malle ❤️ 🐸,Voldemort,2021-W03-M02,Phillip Lindsay,,BN,False,True,False,3.94,0.5,,Phillip Lindsay,BN,"["""", ""Phillip Lindsay"", ""3.94"", ""0.50"", ""BN"", ""BN"", ""BN"", ""5.30"", ""13.48"", ""Robert Woods"", """"]",2,2,94.08,99.62
2021,3,2,0,right,Voldemort,Malle ❤️ 🐸,2021-W03-M02,Robert Woods,,BN,False,True,False,13.48,5.3,,Robert Woods,BN,"["""", ""Phillip Lindsay"", ""3.94"", ""0.50"", ""BN"", ""BN"", ""BN"", ""5.30"", ""13.48"", ""Robert Woods"", """"]",2,2,99.62,94.08
2021,3,2,1,left,Malle ❤️ 🐸,Voldemort,2021-W03-M02,Adam Thielen,,BN,False,True,False,14.15,14.0,,Adam Thielen,BN,"["""", ""Adam Thielen"", ""14.15"", ""14.00"", ""BN"", ""BN"", ""BN"", ""11.00"", ""11.65"", ""Chase Edmonds"", """"]",2,2,94.08,99.62
2021,3,2,1,right,Voldemort,Malle ❤️ 🐸,2021-W03-M02,Chase Edmonds,,BN,False,True,False,11.65,11.0,,Chase Edmonds,BN,"["""", ""Adam Thielen"", ""14.15"", ""14.00"", ""BN"", ""BN"", ""BN"", ""11.00"", ""11.65"", ""Chase Edmonds"", """"]",2,2,99.62,94.08
2021,3,2,2,left,Malle ❤️ 🐸,Voldemort,2021-W03-M02,Jalen Hurts,,BN,False,True,False,25.57,26.54,,Jalen Hurts,BN,"["""", ""Jalen Hurts"", ""25.57"", ""26.54"", ""BN"", ""BN"", ""BN"", ""2.20"", ""11.31"", ""Ty'Son Williams"", """"]",2,2,94.08,99.62
2021,3,2,2,right,Voldemort,Malle ❤️ 🐸,2021-W03-M02,Ty'Son Williams,,BN,False,True,False,11.31,2.2,,Ty'Son Williams,BN,"["""", ""Jalen Hurts"", ""25.57"", ""26.54"", ""BN"", ""BN"", ""BN"", ""2.20"", ""11.31"", ""Ty'Son Williams"", """"]",2,2,99.62,94.08
2021,3,2,3,left,Malle ❤️ 🐸,Voldemort,2021-W03-M02,Jonnu Smith,,BN,False,True,False,7.0,0.9,,Jonnu Smith,BN,"["""", ""Jonnu Smith"", ""7.00"", ""0.90"", ""BN"", ""BN"", ""BN"", ""13.90"", ""7.90"", ""Christian Kirk"", """"]",2,2,94.08,99.62
2021,3,2,3,right,Voldemort,Malle ❤️ 🐸,2021-W03-M02,Christian Kirk,,BN,False,True,False,7.9,13.9,,Christian Kirk,BN,"["""", ""Jonnu Smith"", ""7.00"", ""0.90"", ""BN"", ""BN"", ""BN"", ""13.90"", ""7.90"", ""Christian Kirk"", """"]",2,2,99.62,94.08
2021,3,2,4,left,Malle ❤️ 🐸,Voldemort,2021-W03-M02,Alexander Mattison,,BN,False,True,False,12.64,20.1,,Alexander Mattison,BN,"["""", ""Alexander Mattison"", ""12.64"", ""20.10"", ""BN"", ""BN"", ""BN"", ""13.20"", ""8.25"", ""Cordarrelle Patterson"", """"]",2,2,94.08,99.62
2021,3,2,4,right,Voldemort,Malle ❤️ 🐸,2021-W03-M02,Cordarrelle Patterson,,BN,False,True,False,8.25,13.2,,Cordarrelle Patterson,BN,"["""", ""Alexander Mattison"", ""12.64"", ""20.10"", ""BN"", ""BN"", ""BN"", ""13.20"", ""8.25"", ""Cordarrelle Patterson"", """"]",2,2,99.62,94.08
2021,3,2,5,left,Malle ❤️ 🐸,Voldemort,2021-W03-M02,Ryan Fitzpatrick,,BN,False,True,False,0.0,0.0,,Ryan Fitzpatrick,BN,"["""", ""Ryan Fitzpatrick"", ""0.00"", ""0.00"", ""BN"", ""BN"", ""BN"", ""3.92"", ""22.32"", ""Justin Fields"", """"]",2,2,94.08,99.62
2021,3,2,5,right,Voldemort,Malle ❤️ 🐸,2021-W03-M02,Justin Fields,,BN,False,True,False,22.32,3.92,,Justin Fields,BN,"["""", ""Ryan Fitzpatrick"", ""0.00"", ""0.00"", ""BN"", ""BN"", ""BN"", ""3.92"", ""22.32"", ""Justin Fields"", """"]",2,2,99.62,94.08
2021,3,2,6,left,Malle ❤️ 🐸,Voldemort,2021-W03-M02,(Empty),,IR,False,False,True,0.0,,,(Empty),IR,"["""", ""(Empty)"", ""0.00"", ""–"", ""IR"", ""IR"", ""IR"", ""0.00"", ""0.00"", ""Michael Thomas"", """"]",2,2,94.08,99.62
2021,3,2,6,right,Voldemort,Malle ❤️ 🐸,2021-W03-M02,Michael Thomas,,IR,False,False,True,0.0,0.0,,Michael Thomas,IR,"["""", ""(Empty)"", ""0.00"", ""–"", ""IR"", ""IR"", ""IR"", ""0.00"", ""0.00"", ""Michael Thomas"", """"]",2,2,99.62,94.08
2021,3,1,0,left,ThreatLevelMidnight,Uncle Rico,2021-W03-M03,Lamar Jackson,QB,QB,True,False,False,28.82,22.28,,Lamar Jackson,QB,"["""", ""Lamar Jackson"", ""28.82"", ""22.28"", ""QB"", ""QB"", ""QB"", ""18.62"", ""28.59"", ""Russell Wilson"", """"]",3,5,114.18,122.22
2021,3,1,0,right,Uncle Rico,ThreatLevelMidnight,2021-W03-M03,Russell Wilson,QB,QB,True,False,False,28.59,18.62,,Russell Wilson,QB,"["""", ""Lamar Jackson"", ""28.82"", ""22.28"", ""QB"", ""QB"", ""QB"", ""18.62"", ""28.59"", ""Russell Wilson"", """"]",3,5,122.22,114.18
2021,3,1,1,left,ThreatLevelMidnight,Uncle Rico,2021-W03-M03,Ja'Marr Chase,WR,WR,True,False,False,12.53,20.5,,Ja'Marr Chase,WR,"["""", ""Ja'Marr Chase"", ""12.53"", ""20.50"", ""WR"", ""WR"", ""WR"", ""25.20"", ""16.89"", ""Davante Adams"", """"]",3,5,114.18,122.22
2021,3,1,1,right,Uncle Rico,ThreatLevelMidnight,2021-W03-M03,Davante Adams,WR,WR,True,False,False,16.89,25.2,,Davante Adams,WR,"["""", ""Ja'Marr Chase"", ""12.53"", ""20.50"", ""WR"", ""WR"", ""WR"", ""25.20"", ""16.89"", ""Davante Adams"", """"]",3,5,122.22,114.18
2021,3,1,2,left,ThreatLevelMidnight,Uncle Rico,2021-W03-M03,Allen Robinson,WR,WR,True,False,False,13.73,3.7,,Allen Robinson,WR,"["""", ""Allen Robinson"", ""13.73"", ""3.70"", ""WR"", ""WR"", ""WR"", ""16.60"", ""13.40"", ""Chris Godwin Jr."", """"]",3,5,114.18,122.22
2021,3,1,2,right,Uncle Rico,ThreatLevelMidnight,2021-W03-M03,Chris Godwin Jr.,WR,WR,True,False,False,13.4,16.6,,Chris Godwin Jr.,WR,"["""", ""Allen Robinson"", ""13.73"", ""3.70"", ""WR"", ""WR"", ""WR"", ""16.60"", ""13.40"", ""Chris Godwin Jr."", """"]",3,5,122.22,114.18
2021,3,1,3,left,ThreatLevelMidnight,Uncle Rico,2021-W03-M03,Christian McCaffrey,RB,RB,True,False,False,21.6,5.0,,Christian McCaffrey,RB,"["""", ""Christian McCaffrey"", ""21.60"", ""5.00"", ""RB"", ""RB"", ""RB"", ""9.90"", ""15.24"", ""Joe Mixon"", """"]",3,5,114.18,122.22
2021,3,1,3,right,Uncle Rico,ThreatLevelMidnight,2021-W03-M03,Joe Mixon,RB,RB,True,False,False,15.24,9.9,,Joe Mixon,RB,"["""", ""Christian McCaffrey"", ""21.60"", ""5.00"", ""RB"", ""RB"", ""RB"", ""9.90"", ""15.24"", ""Joe Mixon"", """"]",3,5,122.22,114.18
2021,3,1,4,left,ThreatLevelMidnight,Uncle Rico,2021-W03-M03,Derrick Henry,RB,RB,True,False,False,17.86,17.9,,Derrick Henry ,RB,"["""", ""Derrick Henry "", ""17.86"", ""17.90"", ""RB"", ""RB"", ""RB"", ""9.00"", ""12.72"", ""Mike Davis "", """"]",3,5,114.18,122.22
2021,3,1,4,right,Uncle Rico,ThreatLevelMidnight,2021-W03-M03,Mike Davis,RB,RB,True,False,False,12.72,9.0,,Mike Davis ,RB,"["""", ""Derrick Henry "", ""17.86"", ""17.90"", ""RB"", ""RB"", ""RB"", ""9.00"", ""12.72"", ""Mike Davis "", """"]",3,5,122.22,114.18
2021,3,1,5,left,ThreatLevelMidnight,Uncle Rico,2021-W03-M03,Mark Andrews,TE,TE,True,False,False,10.86,13.4,,Mark Andrews,TE,"["""", ""Mark Andrews"", ""10.86"", ""13.40"", ""TE"", ""TE"", ""TE"", ""2.50"", ""9.74"", ""Noah Fant"", """"]",3,5,114.18,122.22
2021,3,1,5,right,Uncle Rico,ThreatLevelMidnight,2021-W03-M03,Noah Fant,TE,TE,True,False,False,9.74,2.5,,Noah Fant,TE,"["""", ""Mark Andrews"", ""10.86"", ""13.40"", ""TE"", ""TE"", ""TE"", ""2.50"", ""9.74"", ""Noah Fant"", """"]",3,5,122.22,114.18
2021,3,1,6,left,ThreatLevelMidnight,Uncle Rico,2021-W03-M03,DJ Chark,,W/R/T,True,False,False,10.35,12.4,,DJ Chark,W/R/T,"["""", ""DJ Chark"", ""10.35"", ""12.40"", ""W/R/T"", ""W/R/T"", ""W/R/T"", ""10.40"", ""10.49"", ""Trey Sermon"", """"]",3,5,114.18,122.22
2021,3,1,6,right,Uncle Rico,ThreatLevelMidnight,2021-W03-M03,Trey Sermon,,W/R/T,True,False,False,10.49,10.4,,Trey Sermon,W/R/T,"["""", ""DJ Chark"", ""10.35"", ""12.40"", ""W/R/T"", ""W/R/T"", ""W/R/T"", ""10.40"", ""10.49"", ""Trey Sermon"", """"]",3,5,122.22,114.18
2021,3,1,7,left,ThreatLevelMidnight,Uncle Rico,2021-W03-M03,Jason Sanders,K,K,True,False,False,7.84,11.0,,Jason Sanders,K,"["""", ""Jason Sanders"", ""7.84"", ""11.00"", ""K"", ""K"", ""K"", ""14.00"", ""9.62"", ""Tyler Bass"", """"]",3,5,114.18,122.22
2021,3,1,7,right,Uncle Rico,ThreatLevelMidnight,2021-W03-M03,Tyler Bass,K,K,True,False,False,9.62,14.0,,Tyler Bass,K,"["""", ""Jason Sanders"", ""7.84"", ""11.00"", ""K"", ""K"", ""K"", ""14.00"", ""9.62"", ""Tyler Bass"", """"]",3,5,122.22,114.18
2021,3,1,8,left,ThreatLevelMidnight,Uncle Rico,2021-W03-M03,Panthers - DEF,DEF,DEF,True,False,False,8.79,8.0,,Panthers - DEF,DEF,"["""", ""Panthers - DEF"", ""8.79"", ""8.00"", ""DEF"", ""DEF"", ""DEF"", ""16.00"", ""8.49"", ""Browns - DEF"", """"]",3,5,114.18,122.22
2021,3,1,8,right,Uncle Rico,ThreatLevelMidnight,2021-W03-M03,Browns - DEF,DEF,DEF,True,False,False,8.49,16.0,,Browns - DEF,DEF,"["""", ""Panthers - DEF"", ""8.79"", ""8.00"", ""DEF"", ""DEF"", ""DEF"", ""16.00"", ""8.49"", ""Browns - DEF"", """"]",3,5,122.22,114.18
2021,3,2,0,left,ThreatLevelMidnight,Uncle Rico,2021-W03-M03,Odell Beckham Jr.,,BN,False,True,False,11.67,11.2,,Odell Beckham Jr.,BN,"["""", ""Odell Beckham Jr."", ""11.67"", ""11.20"", ""BN"", ""BN"", ""BN"", ""0.00"", ""1.27"", ""Elijah Mitchell"", """"]",3,5,114.18,122.22
2021,3,2,0,right,Uncle Rico,ThreatLevelMidnight,2021-W03-M03,Elijah Mitchell,,BN,False,True,False,1.27,0.0,,Elijah Mitchell,BN,"["""", ""Odell Beckham Jr."", ""11.67"", ""11.20"", ""BN"", ""BN"", ""BN"", ""0.00"", ""1.27"", ""Elijah Mitchell"", """"]",3,5,122.22,114.18
2021,3,2,1,left,ThreatLevelMidnight,Uncle Rico,2021-W03-M03,Antonio Brown,,BN,False,True,False,1.74,0.0,,Antonio Brown,BN,"["""", ""Antonio Brown"", ""1.74"", ""0.00"", ""BN"", ""BN"", ""BN"", ""0.00"", ""3.00"", ""Darrell Henderson Jr."", """"]",3,5,114.18,122.22
2021,3,2,1,right,Uncle Rico,ThreatLevelMidnight,2021-W03-M03,Darrell Henderson Jr.,,BN,False,True,False,3.0,0.0,,Darrell Henderson Jr.,BN,"["""", ""Antonio Brown"", ""1.74"", ""0.00"", ""BN"", ""BN"", ""BN"", ""0.00"", ""3.00"", ""Darrell Henderson Jr."", """"]",3,5,122.22,114.18
2021,3,2,2,left,ThreatLevelMidnight,Uncle Rico,2021-W03-M03,Michael Carter,,BN,False,True,False,9.54,3.9,,Michael Carter,BN,"["""", ""Michael Carter"", ""9.54"", ""3.90"", ""BN"", ""BN"", ""BN"", ""6.60"", ""9.94"", ""Corey Davis"", """"]",3,5,114.18,122.22
2021,3,2,2,right,Uncle Rico,ThreatLevelMidnight,2021-W03-M03,Corey Davis,,BN,False,True,False,9.94,6.6,,Corey Davis,BN,"["""", ""Michael Carter"", ""9.54"", ""3.90"", ""BN"", ""BN"", ""BN"", ""6.60"", ""9.94"", ""Corey Davis"", """"]",3,5,122.22,114.18
2021,3,2,3,left,ThreatLevelMidnight,Uncle Rico,2021-W03-M03,James White,,BN,False,True,False,9.7,0.6,,James White,BN,"["""", ""James White"", ""9.70"", ""0.60"", ""BN"", ""BN"", ""BN"", ""13.90"", ""11.10"", ""Jakobi Meyers"", """"]",3,5,114.18,122.22
2021,3,2,3,right,Uncle Rico,ThreatLevelMidnight,2021-W03-M03,Jakobi Meyers,,BN,False,True,False,11.1,13.9,,Jakobi Meyers,BN,"["""", ""James White"", ""9.70"", ""0.60"", ""BN"", ""BN"", ""BN"", ""13.90"", ""11.10"", ""Jakobi Meyers"", """"]",3,5,122.22,114.18
2021,3,2,4,left,ThreatLevelMidnight,Uncle Rico,2021-W03-M03,Trevor Lawrence,,BN,False,True,False,22.05,11.46,,Trevor Lawrence,BN,"["""", ""Trevor Lawrence"", ""22.05"", ""11.46"", ""BN"", ""BN"", ""BN"", ""11.80"", ""9.13"", ""Jaylen Waddle"", """"]",3,5,114.18,122.22
2021,3,2,4,right,Uncle Rico,ThreatLevelMidnight,2021-W03-M03,Jaylen Waddle,,BN,False,True,False,9.13,11.8,,Jaylen Waddle,BN,"["""", ""Trevor Lawrence"", ""22.05"", ""11.46"", ""BN"", ""BN"", ""BN"", ""11.80"", ""9.13"", ""Jaylen Waddle"", """"]",3,5,122.22,114.18
2021,3,2,5,left,ThreatLevelMidnight,Uncle Rico,2021-W03-M03,Tim Patrick,,BN,False,True,False,8.85,12.3,,Tim Patrick,BN,"["""", ""Tim Patrick"", ""8.85"", ""12.30"", ""BN"", ""BN"", ""BN"", ""9.40"", ""3.57"", ""Chuba Hubbard"", """"]",3,5,114.18,122.22
2021,3,2,5,right,Uncle Rico,ThreatLevelMidnight,2021-W03-M03,Chuba Hubbard,,BN,False,True,False,3.57,9.4,,Chuba Hubbard,BN,"["""", ""Tim Patrick"", ""8.85"", ""12.30"", ""BN"", ""BN"", ""BN"", ""9.40"", ""3.57"", ""Chuba Hubbard"", """"]",3,5,122.22,114.18
2021,3,2,6,left,ThreatLevelMidnight,Uncle Rico,2021-W03-M03,(Empty),,IR,False,False,True,0.0,,,(Empty),IR,"["""", ""(Empty)"", ""0.00"", ""–"", ""IR"", ""IR"", ""IR"", ""0.00"", ""0.00"", ""Jeff Wilson Jr."", """"]",3,5,114.18,122.22
2021,3,2,6,right,Uncle Rico,ThreatLevelMidnight,2021-W03-M03,Jeff Wilson Jr.,,IR,False,False,True,0.0,0.0,,Jeff Wilson Jr.,IR,"["""", ""(Empty)"", ""0.00"", ""–"", ""IR"", ""IR"", ""IR"", ""0.00"", ""0.00"", ""Jeff Wilson Jr."", """"]",3,5,122.22,114.18
2021,3,1,0,left,malle_dips_pouches,Pop Lockett Drop it,2021-W03-M04,Baker Mayfield,QB,QB,True,False,False,20.9,18.94,,Baker Mayfield,QB,"["""", ""Baker Mayfield"", ""20.90"", ""18.94"", ""QB"", ""QB"", ""QB"", ""29.48"", ""23.95"", ""Ryan Tannehill"", """"]",4,6,110.64,123.88
2021,3,1,0,right,Pop Lockett Drop it,malle_dips_pouches,2021-W03-M04,Ryan Tannehill,QB,QB,True,False,False,23.95,29.48,,Ryan Tannehill,QB,"["""", ""Baker Mayfield"", ""20.90"", ""18.94"", ""QB"", ""QB"", ""QB"", ""29.48"", ""23.95"", ""Ryan Tannehill"", """"]",4,6,123.88,110.64
2021,3,1,1,left,malle_dips_pouches,Pop Lockett Drop it,2021-W03-M04,Robbie Chosen,WR,WR,True,False,False,11.09,1.3,,Robbie Chosen,WR,"["""", ""Robbie Chosen"", ""11.09"", ""1.30"", ""WR"", ""WR"", ""WR"", ""0.30"", ""13.74"", ""A.J. Brown"", """"]",4,6,110.64,123.88
2021,3,1,1,right,Pop Lockett Drop it,malle_dips_pouches,2021-W03-M04,A.J. Brown,WR,WR,True,False,False,13.74,0.3,,A.J. Brown,WR,"["""", ""Robbie Chosen"", ""11.09"", ""1.30"", ""WR"", ""WR"", ""WR"", ""0.30"", ""13.74"", ""A.J. Brown"", """"]",4,6,123.88,110.64
2021,3,1,2,left,malle_dips_pouches,Pop Lockett Drop it,2021-W03-M04,Stefon Diggs,WR,WR,True,False,False,16.03,9.2,,Stefon Diggs ,WR,"["""", ""Stefon Diggs "", ""16.03"", ""9.20"", ""WR"", ""WR"", ""WR"", ""11.60"", ""12.13"", ""Tyler Boyd"", """"]",4,6,110.64,123.88
2021,3,1,2,right,Pop Lockett Drop it,malle_dips_pouches,2021-W03-M04,Tyler Boyd,WR,WR,True,False,False,12.13,11.6,,Tyler Boyd,WR,"["""", ""Stefon Diggs "", ""16.03"", ""9.20"", ""WR"", ""WR"", ""WR"", ""11.60"", ""12.13"", ""Tyler Boyd"", """"]",4,6,123.88,110.64
2021,3,1,3,left,malle_dips_pouches,Pop Lockett Drop it,2021-W03-M04,Austin Ekeler,RB,RB,True,False,False,16.09,19.7,,Austin Ekeler,RB,"["""", ""Austin Ekeler"", ""16.09"", ""19.70"", ""RB"", ""RB"", ""RB"", ""16.60"", ""17.38"", ""Aaron Jones Sr."", """"]",4,6,110.64,123.88
2021,3,1,3,right,Pop Lockett Drop it,malle_dips_pouches,2021-W03-M04,Aaron Jones Sr.,RB,RB,True,False,False,17.38,16.6,,Aaron Jones Sr.,RB,"["""", ""Austin Ekeler"", ""16.09"", ""19.70"", ""RB"", ""RB"", ""RB"", ""16.60"", ""17.38"", ""Aaron Jones Sr."", """"]",4,6,123.88,110.64
2021,3,1,4,left,malle_dips_pouches,Pop Lockett Drop it,2021-W03-M04,Sony Michel,RB,RB,True,False,False,10.97,9.4,,Sony Michel,RB,"["""", ""Sony Michel"", ""10.97"", ""9.40"", ""RB"", ""RB"", ""RB"", ""20.20"", ""14.46"", ""D'Andre Swift"", """"]",4,6,110.64,123.88
2021,3,1,4,right,Pop Lockett Drop it,malle_dips_pouches,2021-W03-M04,D'Andre Swift,RB,RB,True,False,False,14.46,20.2,,D'Andre Swift,RB,"["""", ""Sony Michel"", ""10.97"", ""9.40"", ""RB"", ""RB"", ""RB"", ""20.20"", ""14.46"", ""D'Andre Swift"", """"]",4,6,123.88,110.64
2021,3,1,5,left,malle_dips_pouches,Pop Lockett Drop it,2021-W03-M04,Travis Kelce,TE,TE,True,False,False,16.39,13.9,,Travis Kelce,TE,"["""", ""Travis Kelce"", ""16.39"", ""13.90"", ""TE"", ""TE"", ""TE"", ""10.20"", ""9.54"", ""Logan Thomas"", """"]",4,6,110.64,123.88
2021,3,1,5,right,Pop Lockett Drop it,malle_dips_pouches,2021-W03-M04,Logan Thomas,TE,TE,True,False,False,9.54,10.2,,Logan Thomas,TE,"["""", ""Travis Kelce"", ""16.39"", ""13.90"", ""TE"", ""TE"", ""TE"", ""10.20"", ""9.54"", ""Logan Thomas"", """"]",4,6,123.88,110.64
2021,3,1,6,left,malle_dips_pouches,Pop Lockett Drop it,2021-W03-M04,Courtland Sutton,,W/R/T,True,False,False,13.1,6.2,,Courtland Sutton,W/R/T,"["""", ""Courtland Sutton"", ""13.10"", ""6.20"", ""W/R/T"", ""W/R/T"", ""W/R/T"", ""24.50"", ""10.19"", ""Kareem Hunt"", """"]",4,6,110.64,123.88
2021,3,1,6,right,Pop Lockett Drop it,malle_dips_pouches,2021-W03-M04,Kareem Hunt,,W/R/T,True,False,False,10.19,24.5,,Kareem Hunt,W/R/T,"["""", ""Courtland Sutton"", ""13.10"", ""6.20"", ""W/R/T"", ""W/R/T"", ""W/R/T"", ""24.50"", ""10.19"", ""Kareem Hunt"", """"]",4,6,123.88,110.64
2021,3,1,7,left,malle_dips_pouches,Pop Lockett Drop it,2021-W03-M04,Rodrigo Blankenship,K,K,True,False,False,7.89,11.0,,Rodrigo Blankenship,K,"["""", ""Rodrigo Blankenship"", ""7.89"", ""11.00"", ""K"", ""K"", ""K"", ""4.00"", ""8.82"", ""Chris Boswell"", """"]",4,6,110.64,123.88
2021,3,1,7,right,Pop Lockett Drop it,malle_dips_pouches,2021-W03-M04,Chris Boswell,K,K,True,False,False,8.82,4.0,,Chris Boswell,K,"["""", ""Rodrigo Blankenship"", ""7.89"", ""11.00"", ""K"", ""K"", ""K"", ""4.00"", ""8.82"", ""Chris Boswell"", """"]",4,6,123.88,110.64
2021,3,1,8,left,malle_dips_pouches,Pop Lockett Drop it,2021-W03-M04,Cardinals - DEF,DEF,DEF,True,False,False,7.45,21.0,,Cardinals - DEF,DEF,"["""", ""Cardinals - DEF"", ""7.45"", ""21.00"", ""DEF"", ""DEF"", ""DEF"", ""7.00"", ""8.31"", ""Bills - DEF"", """"]",4,6,110.64,123.88
2021,3,1,8,right,Pop Lockett Drop it,malle_dips_pouches,2021-W03-M04,Bills - DEF,DEF,DEF,True,False,False,8.31,7.0,,Bills - DEF,DEF,"["""", ""Cardinals - DEF"", ""7.45"", ""21.00"", ""DEF"", ""DEF"", ""DEF"", ""7.00"", ""8.31"", ""Bills - DEF"", """"]",4,6,123.88,110.64
2021,3,2,0,left,malle_dips_pouches,Pop Lockett Drop it,2021-W03-M04,Jamaal Williams,,BN,False,True,False,9.76,13.7,,Jamaal Williams,BN,"["""", ""Jamaal Williams"", ""9.76"", ""13.70"", ""BN"", ""BN"", ""BN"", ""17.80"", ""10.20"", ""James Conner"", """"]",4,6,110.64,123.88
2021,3,2,0,right,Pop Lockett Drop it,malle_dips_pouches,2021-W03-M04,James Conner,,BN,False,True,False,10.2,17.8,,James Conner,BN,"["""", ""Jamaal Williams"", ""9.76"", ""13.70"", ""BN"", ""BN"", ""BN"", ""17.80"", ""10.20"", ""James Conner"", """"]",4,6,123.88,110.64
2021,3,2,1,left,malle_dips_pouches,Pop Lockett Drop it,2021-W03-M04,David Johnson,,BN,False,True,False,6.37,1.1,,David Johnson,BN,"["""", ""David Johnson"", ""6.37"", ""1.10"", ""BN"", ""BN"", ""BN"", ""0.00"", ""0.00"", ""Jerry Jeudy "", """"]",4,6,110.64,123.88
2021,3,2,1,right,Pop Lockett Drop it,malle_dips_pouches,2021-W03-M04,Jerry Jeudy,,BN,False,True,False,0.0,0.0,,Jerry Jeudy ,BN,"["""", ""David Johnson"", ""6.37"", ""1.10"", ""BN"", ""BN"", ""BN"", ""0.00"", ""0.00"", ""Jerry Jeudy "", """"]",4,6,123.88,110.64
2021,3,2,2,left,malle_dips_pouches,Pop Lockett Drop it,2021-W03-M04,Michael Gallup,,BN,False,True,False,0.0,0.0,,Michael Gallup,BN,"["""", ""Michael Gallup"", ""0.00"", ""0.00"", ""BN"", ""BN"", ""BN"", ""29.70"", ""12.78"", ""Mike Williams"", """"]",4,6,110.64,123.88
2021,3,2,2,right,Pop Lockett Drop it,malle_dips_pouches,2021-W03-M04,Mike Williams,,BN,False,True,False,12.78,29.7,,Mike Williams,BN,"["""", ""Michael Gallup"", ""0.00"", ""0.00"", ""BN"", ""BN"", ""BN"", ""29.70"", ""12.78"", ""Mike Williams"", """"]",4,6,123.88,110.64
2021,3,2,3,left,malle_dips_pouches,Pop Lockett Drop it,2021-W03-M04,Henry Ruggs III,,BN,False,True,False,9.27,10.5,,Henry Ruggs III,BN,"["""", ""Henry Ruggs III"", ""9.27"", ""10.50"", ""BN"", ""BN"", ""BN"", ""9.20"", ""12.26"", ""Marvin Jones Jr."", """"]",4,6,110.64,123.88
2021,3,2,3,right,Pop Lockett Drop it,malle_dips_pouches,2021-W03-M04,Marvin Jones Jr.,,BN,False,True,False,12.26,9.2,,Marvin Jones Jr.,BN,"["""", ""Henry Ruggs III"", ""9.27"", ""10.50"", ""BN"", ""BN"", ""BN"", ""9.20"", ""12.26"", ""Marvin Jones Jr."", """"]",4,6,123.88,110.64
2021,3,2,4,left,malle_dips_pouches,Pop Lockett Drop it,2021-W03-M04,Hollywood Brown,,BN,False,True,False,12.07,6.8,,Hollywood Brown,BN,"["""", ""Hollywood Brown"", ""12.07"", ""6.80"", ""BN"", ""BN"", ""BN"", ""1.10"", ""8.68"", ""Evan Engram"", """"]",4,6,110.64,123.88
2021,3,2,4,right,Pop Lockett Drop it,malle_dips_pouches,2021-W03-M04,Evan Engram,,BN,False,True,False,8.68,1.1,,Evan Engram,BN,"["""", ""Hollywood Brown"", ""12.07"", ""6.80"", ""BN"", ""BN"", ""BN"", ""1.10"", ""8.68"", ""Evan Engram"", """"]",4,6,123.88,110.64
2021,3,2,5,left,malle_dips_pouches,Pop Lockett Drop it,2021-W03-M04,DeVante Parker,,BN,False,True,False,8.62,6.2,,DeVante Parker,BN,"["""", ""DeVante Parker"", ""8.62"", ""6.20"", ""BN"", ""BN"", ""BN"", ""4.90"", ""4.96"", ""Darrel Williams"", """"]",4,6,110.64,123.88
2021,3,2,5,right,Pop Lockett Drop it,malle_dips_pouches,2021-W03-M04,Darrel Williams,,BN,False,True,False,4.96,4.9,,Darrel Williams,BN,"["""", ""DeVante Parker"", ""8.62"", ""6.20"", ""BN"", ""BN"", ""BN"", ""4.90"", ""4.96"", ""Darrel Williams"", """"]",4,6,123.88,110.64
2021,3,1,0,left,Week 3 Recap (Lost),Post Mahomes,2021-W03-M05,Kyler Murray,QB,QB,True,False,False,29.84,19.54,,Kyler Murray ,QB,"["""", ""Kyler Murray "", ""29.84"", ""19.54"", ""QB"", ""QB"", ""QB"", ""30.90"", ""30.29"", ""Patrick Mahomes "", """"]",5,7,85.74,101.4
2021,3,1,0,right,Post Mahomes,Week 3 Recap (Lost),2021-W03-M05,Patrick Mahomes,QB,QB,True,False,False,30.29,30.9,,Patrick Mahomes ,QB,"["""", ""Kyler Murray "", ""29.84"", ""19.54"", ""QB"", ""QB"", ""QB"", ""30.90"", ""30.29"", ""Patrick Mahomes "", """"]",5,7,101.4,85.74
2021,3,1,1,left,Week 3 Recap (Lost),Post Mahomes,2021-W03-M05,Brandin Cooks,WR,WR,True,False,False,11.96,16.2,,Brandin Cooks,WR,"["""", ""Brandin Cooks"", ""11.96"", ""16.20"", ""WR"", ""WR"", ""WR"", ""16.50"", ""13.20"", ""DJ Moore"", """"]",5,7,85.74,101.4
2021,3,1,1,right,Post Mahomes,Week 3 Recap (Lost),2021-W03-M05,DJ Moore,WR,WR,True,False,False,13.2,16.5,,DJ Moore,WR,"["""", ""Brandin Cooks"", ""11.96"", ""16.20"", ""WR"", ""WR"", ""WR"", ""16.50"", ""13.20"", ""DJ Moore"", """"]",5,7,101.4,85.74
2021,3,1,2,left,Week 3 Recap (Lost),Post Mahomes,2021-W03-M05,Rondale Moore,WR,WR,True,False,False,10.3,1.4,,Rondale Moore,WR,"["""", ""Rondale Moore"", ""10.30"", ""1.40"", ""WR"", ""WR"", ""WR"", ""4.00"", ""13.74"", ""JuJu Smith-Schuster"", """"]",5,7,85.74,101.4
2021,3,1,2,right,Post Mahomes,Week 3 Recap (Lost),2021-W03-M05,JuJu Smith-Schuster,WR,WR,True,False,False,13.74,4.0,,JuJu Smith-Schuster,WR,"["""", ""Rondale Moore"", ""10.30"", ""1.40"", ""WR"", ""WR"", ""WR"", ""4.00"", ""13.74"", ""JuJu Smith-Schuster"", """"]",5,7,101.4,85.74
2021,3,1,3,left,Week 3 Recap (Lost),Post Mahomes,2021-W03-M05,Jonathan Taylor,RB,RB,True,False,False,14.16,7.7,,Jonathan Taylor,RB,"["""", ""Jonathan Taylor"", ""14.16"", ""7.70"", ""RB"", ""RB"", ""RB"", ""22.40"", ""12.19"", ""James Robinson"", """"]",5,7,85.74,101.4
2021,3,1,3,right,Post Mahomes,Week 3 Recap (Lost),2021-W03-M05,James Robinson,RB,RB,True,False,False,12.19,22.4,,James Robinson,RB,"["""", ""Jonathan Taylor"", ""14.16"", ""7.70"", ""RB"", ""RB"", ""RB"", ""22.40"", ""12.19"", ""James Robinson"", """"]",5,7,101.4,85.74
2021,3,1,4,left,Week 3 Recap (Lost),Post Mahomes,2021-W03-M05,Saquon Barkley,RB,RB,True,False,False,16.79,18.4,,Saquon Barkley,RB,"["""", ""Saquon Barkley"", ""16.79"", ""18.40"", ""RB"", ""RB"", ""RB"", ""4.90"", ""7.03"", ""Kenny Gainwell"", """"]",5,7,85.74,101.4
2021,3,1,4,right,Post Mahomes,Week 3 Recap (Lost),2021-W03-M05,Kenny Gainwell,RB,RB,True,False,False,7.03,4.9,,Kenny Gainwell,RB,"["""", ""Saquon Barkley"", ""16.79"", ""18.40"", ""RB"", ""RB"", ""RB"", ""4.90"", ""7.03"", ""Kenny Gainwell"", """"]",5,7,101.4,85.74
2021,3,1,5,left,Week 3 Recap (Lost),Post Mahomes,2021-W03-M05,Kyle Pitts Sr.,TE,TE,True,False,False,9.84,4.5,,Kyle Pitts Sr.,TE,"["""", ""Kyle Pitts Sr."", ""9.84"", ""4.50"", ""TE"", ""TE"", ""TE"", ""1.10"", ""7.79"", ""Robert Tonyan"", """"]",5,7,85.74,101.4
2021,3,1,5,right,Post Mahomes,Week 3 Recap (Lost),2021-W03-M05,Robert Tonyan,TE,TE,True,False,False,7.79,1.1,,Robert Tonyan,TE,"["""", ""Kyle Pitts Sr."", ""9.84"", ""4.50"", ""TE"", ""TE"", ""TE"", ""1.10"", ""7.79"", ""Robert Tonyan"", """"]",5,7,101.4,85.74
2021,3,1,6,left,Week 3 Recap (Lost),Post Mahomes,2021-W03-M05,CeeDee Lamb,,W/R/T,True,False,False,15.75,8.0,,CeeDee Lamb,W/R/T,"["""", ""CeeDee Lamb"", ""15.75"", ""8.00"", ""W/R/T"", ""W/R/T"", ""W/R/T"", ""14.60"", ""11.65"", ""Melvin Gordon III"", """"]",5,7,85.74,101.4
2021,3,1,6,right,Post Mahomes,Week 3 Recap (Lost),2021-W03-M05,Melvin Gordon III,,W/R/T,True,False,False,11.65,14.6,,Melvin Gordon III,W/R/T,"["""", ""CeeDee Lamb"", ""15.75"", ""8.00"", ""W/R/T"", ""W/R/T"", ""W/R/T"", ""14.60"", ""11.65"", ""Melvin Gordon III"", """"]",5,7,101.4,85.74
2021,3,1,7,left,Week 3 Recap (Lost),Post Mahomes,2021-W03-M05,Matt Prater,K,K,True,False,False,9.75,7.0,,Matt Prater,K,"["""", ""Matt Prater"", ""9.75"", ""7.00"", ""K"", ""K"", ""K"", ""5.00"", ""9.69"", ""Greg Zuerlein"", """"]",5,7,85.74,101.4
2021,3,1,7,right,Post Mahomes,Week 3 Recap (Lost),2021-W03-M05,Greg Zuerlein,K,K,True,False,False,9.69,5.0,,Greg Zuerlein,K,"["""", ""Matt Prater"", ""9.75"", ""7.00"", ""K"", ""K"", ""K"", ""5.00"", ""9.69"", ""Greg Zuerlein"", """"]",5,7,101.4,85.74
2021,3,1,8,left,Week 3 Recap (Lost),Post Mahomes,2021-W03-M05,Ravens - DEF,DEF,DEF,True,False,False,8.12,3.0,,Ravens - DEF,DEF,"["""", ""Ravens - DEF"", ""8.12"", ""3.00"", ""DEF"", ""DEF"", ""DEF"", ""2.00"", ""8.26"", ""Steelers - DEF"", """"]",5,7,85.74,101.4
2021,3,1,8,right,Post Mahomes,Week 3 Recap (Lost),2021-W03-M05,Steelers - DEF,DEF,DEF,True,False,False,8.26,2.0,,Steelers - DEF,DEF,"["""", ""Ravens - DEF"", ""8.12"", ""3.00"", ""DEF"", ""DEF"", ""DEF"", ""2.00"", ""8.26"", ""Steelers - DEF"", """"]",5,7,101.4,85.74
2021,3,2,0,left,Week 3 Recap (Lost),Post Mahomes,2021-W03-M05,Kenny Golladay,,BN,False,True,False,11.59,8.4,,Kenny Golladay,BN,"["""", ""Kenny Golladay"", ""11.59"", ""8.40"", ""BN"", ""BN"", ""BN"", ""0.00"", ""5.93"", ""Josh Jacobs"", """"]",5,7,85.74,101.4
2021,3,2,0,right,Post Mahomes,Week 3 Recap (Lost),2021-W03-M05,Josh Jacobs,,BN,False,True,False,5.93,0.0,,Josh Jacobs,BN,"["""", ""Kenny Golladay"", ""11.59"", ""8.40"", ""BN"", ""BN"", ""BN"", ""0.00"", ""5.93"", ""Josh Jacobs"", """"]",5,7,101.4,85.74
2021,3,2,1,left,Week 3 Recap (Lost),Post Mahomes,2021-W03-M05,Brandon Aiyuk,,BN,False,True,False,9.15,12.5,,Brandon Aiyuk,BN,"["""", ""Brandon Aiyuk"", ""9.15"", ""12.50"", ""BN"", ""BN"", ""BN"", ""11.00"", ""9.93"", ""Mecole Hardman Jr."", """"]",5,7,85.74,101.4
2021,3,2,1,right,Post Mahomes,Week 3 Recap (Lost),2021-W03-M05,Mecole Hardman Jr.,,BN,False,True,False,9.93,11.0,,Mecole Hardman Jr.,BN,"["""", ""Brandon Aiyuk"", ""9.15"", ""12.50"", ""BN"", ""BN"", ""BN"", ""11.00"", ""9.93"", ""Mecole Hardman Jr."", """"]",5,7,101.4,85.74
2021,3,2,2,left,Week 3 Recap (Lost),Post Mahomes,2021-W03-M05,Tony Pollard,,BN,False,True,False,8.45,7.0,,Tony Pollard,BN,"["""", ""Tony Pollard"", ""8.45"", ""7.00"", ""BN"", ""BN"", ""BN"", ""12.10"", ""7.83"", ""Marquez Callaway"", """"]",5,7,85.74,101.4
2021,3,2,2,right,Post Mahomes,Week 3 Recap (Lost),2021-W03-M05,Marquez Callaway,,BN,False,True,False,7.83,12.1,,Marquez Callaway,BN,"["""", ""Tony Pollard"", ""8.45"", ""7.00"", ""BN"", ""BN"", ""BN"", ""12.10"", ""7.83"", ""Marquez Callaway"", """"]",5,7,101.4,85.74
2021,3,2,3,left,Week 3 Recap (Lost),Post Mahomes,2021-W03-M05,J.D. McKissic,,BN,False,True,False,6.33,4.8,,J.D. McKissic,BN,"["""", ""J.D. McKissic"", ""6.33"", ""4.80"", ""BN"", ""BN"", ""BN"", ""7.80"", ""8.10"", ""Jalen Reagor"", """"]",5,7,85.74,101.4
2021,3,2,3,right,Post Mahomes,Week 3 Recap (Lost),2021-W03-M05,Jalen Reagor,,BN,False,True,False,8.1,7.8,,Jalen Reagor,BN,"["""", ""J.D. McKissic"", ""6.33"", ""4.80"", ""BN"", ""BN"", ""BN"", ""7.80"", ""8.10"", ""Jalen Reagor"", """"]",5,7,101.4,85.74
2021,3,2,4,left,Week 3 Recap (Lost),Post Mahomes,2021-W03-M05,Latavius Murray,,BN,False,True,False,7.82,2.8,,Latavius Murray,BN,"["""", ""Latavius Murray"", ""7.82"", ""2.80"", ""BN"", ""BN"", ""BN"", ""2.60"", ""11.12"", ""Sterling Shepard"", """"]",5,7,85.74,101.4
2021,3,2,4,right,Post Mahomes,Week 3 Recap (Lost),2021-W03-M05,Sterling Shepard,,BN,False,True,False,11.12,2.6,,Sterling Shepard,BN,"["""", ""Latavius Murray"", ""7.82"", ""2.80"", ""BN"", ""BN"", ""BN"", ""2.60"", ""11.12"", ""Sterling Shepard"", """"]",5,7,101.4,85.74
2021,3,2,5,left,Week 3 Recap (Lost),Post Mahomes,2021-W03-M05,Zack Moss,,BN,False,True,False,6.2,16.6,,Zack Moss,BN,"["""", ""Zack Moss"", ""6.20"", ""16.60"", ""BN"", ""BN"", ""BN"", ""4.60"", ""17.10"", ""Zach Wilson"", """"]",5,7,85.74,101.4
2021,3,2,5,right,Post Mahomes,Week 3 Recap (Lost),2021-W03-M05,Zach Wilson,,BN,False,True,False,17.1,4.6,,Zach Wilson,BN,"["""", ""Zack Moss"", ""6.20"", ""16.60"", ""BN"", ""BN"", ""BN"", ""4.60"", ""17.10"", ""Zach Wilson"", """"]",5,7,101.4,85.74
2021,3,2,6,left,Week 3 Recap (Lost),Post Mahomes,2021-W03-M05,Curtis Samuel,,IR,False,False,True,0.0,0.0,,Curtis Samuel,IR,"["""", ""Curtis Samuel"", ""0.00"", ""0.00"", ""IR"", ""IR"", ""IR"", ""–"", ""0.00"", ""(Empty)"", """"]",5,7,85.74,101.4
2021,3,2,6,right,Post Mahomes,Week 3 Recap (Lost),2021-W03-M05,(Empty),,IR,False,False,True,0.0,,,(Empty),IR,"["""", ""Curtis Samuel"", ""0.00"", ""0.00"", ""IR"", ""IR"", ""IR"", ""–"", ""0.00"", ""(Empty)"", """"]",5,7,101.4,85.74
2021,3,1,0,left,Patty Primetimes,Ginger FC,2021-W03-M06,Aaron Rodgers,QB,QB,True,False,False,24.12,22.54,,Aaron Rodgers,QB,"["""", ""Aaron Rodgers"", ""24.12"", ""22.54"", ""QB"", ""QB"", ""QB"", ""45.22"", ""28.54"", ""Josh Allen "", """"]",6,8,93.44,119.02
2021,3,1,0,right,Ginger FC,Patty Primetimes,2021-W03-M06,Josh Allen,QB,QB,True,False,False,28.54,45.22,,Josh Allen ,QB,"["""", ""Aaron Rodgers"", ""24.12"", ""22.54"", ""QB"", ""QB"", ""QB"", ""45.22"", ""28.54"", ""Josh Allen "", """"]",6,8,119.02,93.44
2021,3,1,1,left,Patty Primetimes,Ginger FC,2021-W03-M06,DeAndre Hopkins,WR,WR,True,False,False,15.3,3.6,,DeAndre Hopkins,WR,"["""", ""DeAndre Hopkins"", ""15.30"", ""3.60"", ""WR"", ""WR"", ""WR"", ""4.30"", ""12.01"", ""DeVonta Smith"", """"]",6,8,93.44,119.02
2021,3,1,1,right,Ginger FC,Patty Primetimes,2021-W03-M06,DeVonta Smith,WR,WR,True,False,False,12.01,4.3,,DeVonta Smith,WR,"["""", ""DeAndre Hopkins"", ""15.30"", ""3.60"", ""WR"", ""WR"", ""WR"", ""4.30"", ""12.01"", ""DeVonta Smith"", """"]",6,8,119.02,93.44
2021,3,1,2,left,Patty Primetimes,Ginger FC,2021-W03-M06,DK Metcalf,WR,WR,True,False,False,14.66,19.7,,DK Metcalf ,WR,"["""", ""DK Metcalf "", ""14.66"", ""19.70"", ""WR"", ""WR"", ""WR"", ""6.20"", ""13.34"", ""Julio Jones"", """"]",6,8,93.44,119.02
2021,3,1,2,right,Ginger FC,Patty Primetimes,2021-W03-M06,Julio Jones,WR,WR,True,False,False,13.34,6.2,,Julio Jones,WR,"["""", ""DK Metcalf "", ""14.66"", ""19.70"", ""WR"", ""WR"", ""WR"", ""6.20"", ""13.34"", ""Julio Jones"", """"]",6,8,119.02,93.44
2021,3,1,3,left,Patty Primetimes,Ginger FC,2021-W03-M06,Ezekiel Elliott,RB,RB,True,False,False,15.39,25.1,,Ezekiel Elliott,RB,"["""", ""Ezekiel Elliott"", ""15.39"", ""25.10"", ""RB"", ""RB"", ""RB"", ""19.30"", ""19.41"", ""Alvin Kamara"", """"]",6,8,93.44,119.02
2021,3,1,3,right,Ginger FC,Patty Primetimes,2021-W03-M06,Alvin Kamara,RB,RB,True,False,False,19.41,19.3,,Alvin Kamara,RB,"["""", ""Ezekiel Elliott"", ""15.39"", ""25.10"", ""RB"", ""RB"", ""RB"", ""19.30"", ""19.41"", ""Alvin Kamara"", """"]",6,8,119.02,93.44
2021,3,1,4,left,Patty Primetimes,Ginger FC,2021-W03-M06,Leonard Fournette,RB,RB,True,False,False,11.36,4.9,,Leonard Fournette,RB,"["""", ""Leonard Fournette"", ""11.36"", ""4.90"", ""RB"", ""RB"", ""RB"", ""15.20"", ""14.09"", ""Chris Carson"", """"]",6,8,93.44,119.02
2021,3,1,4,right,Ginger FC,Patty Primetimes,2021-W03-M06,Chris Carson,RB,RB,True,False,False,14.09,15.2,,Chris Carson,RB,"["""", ""Leonard Fournette"", ""11.36"", ""4.90"", ""RB"", ""RB"", ""RB"", ""15.20"", ""14.09"", ""Chris Carson"", """"]",6,8,119.02,93.44
2021,3,1,5,left,Patty Primetimes,Ginger FC,2021-W03-M06,Rob Gronkowski,TE,TE,True,False,False,9.87,7.5,,Rob Gronkowski,TE,"["""", ""Rob Gronkowski"", ""9.87"", ""7.50"", ""TE"", ""TE"", ""TE"", ""7.60"", ""6.93"", ""Dallas Goedert"", """"]",6,8,93.44,119.02
2021,3,1,5,right,Ginger FC,Patty Primetimes,2021-W03-M06,Dallas Goedert,TE,TE,True,False,False,6.93,7.6,,Dallas Goedert,TE,"["""", ""Rob Gronkowski"", ""9.87"", ""7.50"", ""TE"", ""TE"", ""TE"", ""7.60"", ""6.93"", ""Dallas Goedert"", """"]",6,8,119.02,93.44
2021,3,1,6,left,Patty Primetimes,Ginger FC,2021-W03-M06,Amari Cooper,,W/R/T,True,False,False,14.76,4.1,,Amari Cooper,W/R/T,"["""", ""Amari Cooper"", ""14.76"", ""4.10"", ""W/R/T"", ""W/R/T"", ""W/R/T"", ""7.20"", ""12.40"", ""Kenyan Drake"", """"]",6,8,93.44,119.02
2021,3,1,6,right,Ginger FC,Patty Primetimes,2021-W03-M06,Kenyan Drake,,W/R/T,True,False,False,12.4,7.2,,Kenyan Drake,W/R/T,"["""", ""Amari Cooper"", ""14.76"", ""4.10"", ""W/R/T"", ""W/R/T"", ""W/R/T"", ""7.20"", ""12.40"", ""Kenyan Drake"", """"]",6,8,119.02,93.44
2021,3,1,7,left,Patty Primetimes,Ginger FC,2021-W03-M06,Ryan Succop,K,K,True,False,False,9.52,6.0,,Ryan Succop,K,"["""", ""Ryan Succop"", ""9.52"", ""6.00"", ""K"", ""K"", ""K"", ""11.00"", ""9.50"", ""Matt Gay"", """"]",6,8,93.44,119.02
2021,3,1,7,right,Ginger FC,Patty Primetimes,2021-W03-M06,Matt Gay,K,K,True,False,False,9.5,11.0,,Matt Gay,K,"["""", ""Ryan Succop"", ""9.52"", ""6.00"", ""K"", ""K"", ""K"", ""11.00"", ""9.50"", ""Matt Gay"", """"]",6,8,119.02,93.44
2021,3,1,8,left,Patty Primetimes,Ginger FC,2021-W03-M06,Buccaneers - DEF,DEF,DEF,True,False,False,5.97,0.0,,Buccaneers - DEF,DEF,"["""", ""Buccaneers - DEF"", ""5.97"", ""0.00"", ""DEF"", ""DEF"", ""DEF"", ""3.00"", ""7.30"", ""Patriots - DEF"", """"]",6,8,93.44,119.02
2021,3,1,8,right,Ginger FC,Patty Primetimes,2021-W03-M06,Patriots - DEF,DEF,DEF,True,False,False,7.3,3.0,,Patriots - DEF,DEF,"["""", ""Buccaneers - DEF"", ""5.97"", ""0.00"", ""DEF"", ""DEF"", ""DEF"", ""3.00"", ""7.30"", ""Patriots - DEF"", """"]",6,8,119.02,93.44
2021,3,2,0,left,Patty Primetimes,Ginger FC,2021-W03-M06,Javonte Williams,,BN,False,True,False,10.46,11.7,,Javonte Williams,BN,"["""", ""Javonte Williams"", ""10.46"", ""11.70"", ""BN"", ""BN"", ""BN"", ""1.40"", ""9.49"", ""Darnell Mooney"", """"]",6,8,93.44,119.02
2021,3,2,0,right,Ginger FC,Patty Primetimes,2021-W03-M06,Darnell Mooney,,BN,False,True,False,9.49,1.4,,Darnell Mooney,BN,"["""", ""Javonte Williams"", ""10.46"", ""11.70"", ""BN"", ""BN"", ""BN"", ""1.40"", ""9.49"", ""Darnell Mooney"", """"]",6,8,119.02,93.44
2021,3,2,1,left,Patty Primetimes,Ginger FC,2021-W03-M06,Devin Singletary,,BN,False,True,False,9.96,3.1,,Devin Singletary,BN,"["""", ""Devin Singletary"", ""9.96"", ""3.10"", ""BN"", ""BN"", ""BN"", ""0.00"", ""0.00"", ""Tee Higgins"", """"]",6,8,93.44,119.02
2021,3,2,1,right,Ginger FC,Patty Primetimes,2021-W03-M06,Tee Higgins,,BN,False,True,False,0.0,0.0,,Tee Higgins,BN,"["""", ""Devin Singletary"", ""9.96"", ""3.10"", ""BN"", ""BN"", ""BN"", ""0.00"", ""0.00"", ""Tee Higgins"", """"]",6,8,119.02,93.44
2021,3,2,2,left,Patty Primetimes,Ginger FC,2021-W03-M06,Laviska Shenault Jr.,,BN,False,True,False,10.61,6.8,,Laviska Shenault Jr.,BN,"["""", ""Laviska Shenault Jr."", ""10.61"", ""6.80"", ""BN"", ""BN"", ""BN"", ""13.60"", ""7.19"", ""Mike Gesicki"", """"]",6,8,93.44,119.02
2021,3,2,2,right,Ginger FC,Patty Primetimes,2021-W03-M06,Mike Gesicki,,BN,False,True,False,7.19,13.6,,Mike Gesicki,BN,"["""", ""Laviska Shenault Jr."", ""10.61"", ""6.80"", ""BN"", ""BN"", ""BN"", ""13.60"", ""7.19"", ""Mike Gesicki"", """"]",6,8,119.02,93.44
2021,3,2,3,left,Patty Primetimes,Ginger FC,2021-W03-M06,Tyrell Williams,,BN,False,True,False,0.0,0.0,,Tyrell Williams,BN,"["""", ""Tyrell Williams"", ""0.00"", ""0.00"", ""BN"", ""BN"", ""BN"", ""15.90"", ""12.62"", ""Clyde Edwards-Helaire"", """"]",6,8,93.44,119.02
2021,3,2,3,right,Ginger FC,Patty Primetimes,2021-W03-M06,Clyde Edwards-Helaire,,BN,False,True,False,12.62,15.9,,Clyde Edwards-Helaire,BN,"["""", ""Tyrell Williams"", ""0.00"", ""0.00"", ""BN"", ""BN"", ""BN"", ""15.90"", ""12.62"", ""Clyde Edwards-Helaire"", """"]",6,8,119.02,93.44
2021,3,2,4,left,Patty Primetimes,Ginger FC,2021-W03-M06,Cedrick Wilson Jr.,,BN,False,True,False,7.18,8.7,,Cedrick Wilson Jr.,BN,"["""", ""Cedrick Wilson Jr."", ""7.18"", ""8.70"", ""BN"", ""BN"", ""BN"", ""19.62"", ""21.52"", ""Matt Ryan"", """"]",6,8,93.44,119.02
2021,3,2,4,right,Ginger FC,Patty Primetimes,2021-W03-M06,Matt Ryan,,BN,False,True,False,21.52,19.62,,Matt Ryan,BN,"["""", ""Cedrick Wilson Jr."", ""7.18"", ""8.70"", ""BN"", ""BN"", ""BN"", ""19.62"", ""21.52"", ""Matt Ryan"", """"]",6,8,119.02,93.44
2021,3,2,5,left,Patty Primetimes,Ginger FC,2021-W03-M06,Quintez Cephus,,BN,False,True,False,9.37,1.3,,Quintez Cephus,BN,"["""", ""Quintez Cephus"", ""9.37"", ""1.30"", ""BN"", ""BN"", ""BN"", ""2.70"", ""9.00"", ""Nelson Agholor"", """"]",6,8,93.44,119.02
2021,3,2,5,right,Ginger FC,Patty Primetimes,2021-W03-M06,Nelson Agholor,,BN,False,True,False,9.0,2.7,,Nelson Agholor,BN,"["""", ""Quintez Cephus"", ""9.37"", ""1.30"", ""BN"", ""BN"", ""BN"", ""2.70"", ""9.00"", ""Nelson Agholor"", """"]",6,8,119.02,93.44
2021,3,2,6,left,Patty Primetimes,Ginger FC,2021-W03-M06,Jarvis Landry,,IR,False,False,True,0.0,0.0,,Jarvis Landry,IR,"["""", ""Jarvis Landry"", ""0.00"", ""0.00"", ""IR"", ""IR"", ""IR"", ""0.00"", ""0.00"", ""Travis Etienne Jr."", """"]",6,8,93.44,119.02
2021,3,2,6,right,Ginger FC,Patty Primetimes,2021-W03-M06,Travis Etienne Jr.,,IR,False,False,True,0.0,0.0,,Travis Etienne Jr.,IR,"["""", ""Jarvis Landry"", ""0.00"", ""0.00"", ""IR"", ""IR"", ""IR"", ""0.00"", ""0.00"", ""Travis Etienne Jr."", """"]",6,8,119.02,93.44
2021,4,1,0,left,ThreatLevelMidnight,The Big Gronkowski,2021-W04-M01,Matthew Stafford,QB,QB,True,False,False,27.39,24.3,,Matthew Stafford,QB,"["""", ""Matthew Stafford"", ""27.39"", ""24.30"", ""QB"", ""QB"", ""QB"", ""26.56"", ""26.34"", ""Russell Wilson"", """"]",1,1,92.3,115.96
2021,4,1,0,right,The Big Gronkowski,ThreatLevelMidnight,2021-W04-M01,Russell Wilson,QB,QB,True,False,False,26.34,26.56,,Russell Wilson,QB,"["""", ""Matthew Stafford"", ""27.39"", ""24.30"", ""QB"", ""QB"", ""QB"", ""26.56"", ""26.34"", ""Russell Wilson"", """"]",1,1,115.96,92.3
2021,4,1,1,left,ThreatLevelMidnight,The Big Gronkowski,2021-W04-M01,Cooper Kupp,WR,WR,True,False,False,17.4,8.9,,Cooper Kupp,WR,"["""", ""Cooper Kupp"", ""17.40"", ""8.90"", ""WR"", ""WR"", ""WR"", ""9.40"", ""19.99"", ""Davante Adams"", """"]",1,1,92.3,115.96
2021,4,1,1,right,The Big Gronkowski,ThreatLevelMidnight,2021-W04-M01,Davante Adams,WR,WR,True,False,False,19.99,9.4,,Davante Adams,WR,"["""", ""Cooper Kupp"", ""17.40"", ""8.90"", ""WR"", ""WR"", ""WR"", ""9.40"", ""19.99"", ""Davante Adams"", """"]",1,1,115.96,92.3
2021,4,1,2,left,ThreatLevelMidnight,The Big Gronkowski,2021-W04-M01,Cole Beasley,WR,WR,True,False,False,12.27,2.6,,Cole Beasley,WR,"["""", ""Cole Beasley"", ""12.27"", ""2.60"", ""WR"", ""WR"", ""WR"", ""7.00"", ""14.38"", ""Chris Godwin Jr."", """"]",1,1,92.3,115.96
2021,4,1,2,right,The Big Gronkowski,ThreatLevelMidnight,2021-W04-M01,Chris Godwin Jr.,WR,WR,True,False,False,14.38,7.0,,Chris Godwin Jr.,WR,"["""", ""Cole Beasley"", ""12.27"", ""2.60"", ""WR"", ""WR"", ""WR"", ""7.00"", ""14.38"", ""Chris Godwin Jr."", """"]",1,1,115.96,92.3
2021,4,1,3,left,ThreatLevelMidnight,The Big Gronkowski,2021-W04-M01,Antonio Gibson,RB,RB,True,False,False,14.22,14.5,,Antonio Gibson,RB,"["""", ""Antonio Gibson"", ""14.22"", ""14.50"", ""RB"", ""RB"", ""RB"", ""13.20"", ""16.07"", ""Joe Mixon"", """"]",1,1,92.3,115.96
2021,4,1,3,right,The Big Gronkowski,ThreatLevelMidnight,2021-W04-M01,Joe Mixon,RB,RB,True,False,False,16.07,13.2,,Joe Mixon,RB,"["""", ""Antonio Gibson"", ""14.22"", ""14.50"", ""RB"", ""RB"", ""RB"", ""13.20"", ""16.07"", ""Joe Mixon"", """"]",1,1,115.96,92.3
2021,4,1,4,left,ThreatLevelMidnight,The Big Gronkowski,2021-W04-M01,Najee Harris,RB,RB,True,False,False,15.72,18.1,,Najee Harris,RB,"["""", ""Najee Harris"", ""15.72"", ""18.10"", ""RB"", ""RB"", ""RB"", ""8.10"", ""13.73"", ""Chuba Hubbard"", """"]",1,1,92.3,115.96
2021,4,1,4,right,The Big Gronkowski,ThreatLevelMidnight,2021-W04-M01,Chuba Hubbard,RB,RB,True,False,False,13.73,8.1,,Chuba Hubbard,RB,"["""", ""Najee Harris"", ""15.72"", ""18.10"", ""RB"", ""RB"", ""RB"", ""8.10"", ""13.73"", ""Chuba Hubbard"", """"]",1,1,115.96,92.3
2021,4,1,5,left,ThreatLevelMidnight,The Big Gronkowski,2021-W04-M01,Darren Waller,TE,TE,True,False,False,14.95,13.0,,Darren Waller ,TE,"["""", ""Darren Waller "", ""14.95"", ""13.00"", ""TE"", ""TE"", ""TE"", ""13.60"", ""9.98"", ""Noah Fant"", """"]",1,1,92.3,115.96
2021,4,1,5,right,The Big Gronkowski,ThreatLevelMidnight,2021-W04-M01,Noah Fant,TE,TE,True,False,False,9.98,13.6,,Noah Fant,TE,"["""", ""Darren Waller "", ""14.95"", ""13.00"", ""TE"", ""TE"", ""TE"", ""13.60"", ""9.98"", ""Noah Fant"", """"]",1,1,115.96,92.3
2021,4,1,6,left,ThreatLevelMidnight,The Big Gronkowski,2021-W04-M01,Michael Pittman Jr.,,W/R/T,True,False,False,12.35,8.9,,Michael Pittman Jr.,W/R/T,"["""", ""Michael Pittman Jr."", ""12.35"", ""8.90"", ""W/R/T"", ""W/R/T"", ""W/R/T"", ""14.10"", ""14.07"", ""Darrell Henderson Jr."", """"]",1,1,92.3,115.96
2021,4,1,6,right,The Big Gronkowski,ThreatLevelMidnight,2021-W04-M01,Darrell Henderson Jr.,,W/R/T,True,False,False,14.07,14.1,,Darrell Henderson Jr.,W/R/T,"["""", ""Michael Pittman Jr."", ""12.35"", ""8.90"", ""W/R/T"", ""W/R/T"", ""W/R/T"", ""14.10"", ""14.07"", ""Darrell Henderson Jr."", """"]",1,1,115.96,92.3
2021,4,1,7,left,ThreatLevelMidnight,The Big Gronkowski,2021-W04-M01,Robbie Gould,K,K,True,False,False,8.68,0.0,,Robbie Gould,K,"["""", ""Robbie Gould"", ""8.68"", ""0.00"", ""K"", ""K"", ""K"", ""16.00"", ""10.33"", ""Tyler Bass"", """"]",1,1,92.3,115.96
2021,4,1,7,right,The Big Gronkowski,ThreatLevelMidnight,2021-W04-M01,Tyler Bass,K,K,True,False,False,10.33,16.0,,Tyler Bass,K,"["""", ""Robbie Gould"", ""8.68"", ""0.00"", ""K"", ""K"", ""K"", ""16.00"", ""10.33"", ""Tyler Bass"", """"]",1,1,115.96,92.3
2021,4,1,8,left,ThreatLevelMidnight,The Big Gronkowski,2021-W04-M01,Chiefs - DEF,DEF,DEF,True,False,False,6.69,2.0,,Chiefs - DEF,DEF,"["""", ""Chiefs - DEF"", ""6.69"", ""2.00"", ""DEF"", ""DEF"", ""DEF"", ""8.00"", ""6.35"", ""Browns - DEF"", """"]",1,1,92.3,115.96
2021,4,1,8,right,The Big Gronkowski,ThreatLevelMidnight,2021-W04-M01,Browns - DEF,DEF,DEF,True,False,False,6.35,8.0,,Browns - DEF,DEF,"["""", ""Chiefs - DEF"", ""6.69"", ""2.00"", ""DEF"", ""DEF"", ""DEF"", ""8.00"", ""6.35"", ""Browns - DEF"", """"]",1,1,115.96,92.3
2021,4,2,0,left,ThreatLevelMidnight,The Big Gronkowski,2021-W04-M01,Chase Claypool,,BN,False,True,False,0.0,0.0,,Chase Claypool,BN,"["""", ""Chase Claypool"", ""0.00"", ""0.00"", ""BN"", ""BN"", ""BN"", ""8.90"", ""11.16"", ""Trey Sermon"", """"]",1,1,92.3,115.96
2021,4,2,0,right,The Big Gronkowski,ThreatLevelMidnight,2021-W04-M01,Trey Sermon,,BN,False,True,False,11.16,8.9,,Trey Sermon,BN,"["""", ""Chase Claypool"", ""0.00"", ""0.00"", ""BN"", ""BN"", ""BN"", ""8.90"", ""11.16"", ""Trey Sermon"", """"]",1,1,115.96,92.3
2021,4,2,1,left,ThreatLevelMidnight,The Big Gronkowski,2021-W04-M01,Tyler Lockett,,BN,False,True,False,12.49,4.4,,Tyler Lockett,BN,"["""", ""Tyler Lockett"", ""12.49"", ""4.40"", ""BN"", ""BN"", ""BN"", ""12.80"", ""11.74"", ""Jakobi Meyers"", """"]",1,1,92.3,115.96
2021,4,2,1,right,The Big Gronkowski,ThreatLevelMidnight,2021-W04-M01,Jakobi Meyers,,BN,False,True,False,11.74,12.8,,Jakobi Meyers,BN,"["""", ""Tyler Lockett"", ""12.49"", ""4.40"", ""BN"", ""BN"", ""BN"", ""12.80"", ""11.74"", ""Jakobi Meyers"", """"]",1,1,115.96,92.3
2021,4,2,2,left,ThreatLevelMidnight,The Big Gronkowski,2021-W04-M01,AJ Dillon,,BN,False,True,False,7.14,10.2,,AJ Dillon,BN,"["""", ""AJ Dillon"", ""7.14"", ""10.20"", ""BN"", ""BN"", ""BN"", ""0.00"", ""0.60"", ""Elijah Mitchell"", """"]",1,1,92.3,115.96
2021,4,2,2,right,The Big Gronkowski,ThreatLevelMidnight,2021-W04-M01,Elijah Mitchell,,BN,False,True,False,0.6,0.0,,Elijah Mitchell,BN,"["""", ""AJ Dillon"", ""7.14"", ""10.20"", ""BN"", ""BN"", ""BN"", ""0.00"", ""0.60"", ""Elijah Mitchell"", """"]",1,1,115.96,92.3
2021,4,2,3,left,ThreatLevelMidnight,The Big Gronkowski,2021-W04-M01,Nyheim Miller-Hines,,BN,False,True,False,9.8,0.1,,Nyheim Miller-Hines,BN,"["""", ""Nyheim Miller-Hines"", ""9.80"", ""0.10"", ""BN"", ""BN"", ""BN"", ""9.60"", ""11.34"", ""Mike Davis "", """"]",1,1,92.3,115.96
2021,4,2,3,right,The Big Gronkowski,ThreatLevelMidnight,2021-W04-M01,Mike Davis,,BN,False,True,False,11.34,9.6,,Mike Davis ,BN,"["""", ""Nyheim Miller-Hines"", ""9.80"", ""0.10"", ""BN"", ""BN"", ""BN"", ""9.60"", ""11.34"", ""Mike Davis "", """"]",1,1,115.96,92.3
2021,4,2,4,left,ThreatLevelMidnight,The Big Gronkowski,2021-W04-M01,Gerald Everett,,BN,False,True,False,0.0,0.0,,Gerald Everett,BN,"["""", ""Gerald Everett"", ""0.00"", ""0.00"", ""BN"", ""BN"", ""BN"", ""4.80"", ""11.28"", ""Jaylen Waddle"", """"]",1,1,92.3,115.96
2021,4,2,4,right,The Big Gronkowski,ThreatLevelMidnight,2021-W04-M01,Jaylen Waddle,,BN,False,True,False,11.28,4.8,,Jaylen Waddle,BN,"["""", ""Gerald Everett"", ""0.00"", ""0.00"", ""BN"", ""BN"", ""BN"", ""4.80"", ""11.28"", ""Jaylen Waddle"", """"]",1,1,115.96,92.3
2021,4,2,5,left,ThreatLevelMidnight,The Big Gronkowski,2021-W04-M01,Joe Burrow,,BN,False,True,False,24.55,26.32,,Joe Burrow,BN,"["""", ""Joe Burrow"", ""24.55"", ""26.32"", ""BN"", ""BN"", ""BN"", ""2.80"", ""0.00"", ""Marlon Mack"", """"]",1,1,92.3,115.96
2021,4,2,5,right,The Big Gronkowski,ThreatLevelMidnight,2021-W04-M01,Marlon Mack,,BN,False,True,False,0.0,2.8,,Marlon Mack,BN,"["""", ""Joe Burrow"", ""24.55"", ""26.32"", ""BN"", ""BN"", ""BN"", ""2.80"", ""0.00"", ""Marlon Mack"", """"]",1,1,115.96,92.3
2021,4,2,6,left,ThreatLevelMidnight,The Big Gronkowski,2021-W04-M01,(Empty),,IR,False,False,True,0.0,,,(Empty),IR,"["""", ""(Empty)"", ""0.00"", ""–"", ""IR"", ""IR"", ""IR"", ""0.00"", ""0.00"", ""Jeff Wilson Jr."", """"]",1,1,92.3,115.96
2021,4,2,6,right,The Big Gronkowski,ThreatLevelMidnight,2021-W04-M01,Jeff Wilson Jr.,,IR,False,False,True,0.0,0.0,,Jeff Wilson Jr.,IR,"["""", ""(Empty)"", ""0.00"", ""–"", ""IR"", ""IR"", ""IR"", ""0.00"", ""0.00"", ""Jeff Wilson Jr."", """"]",1,1,115.96,92.3
2021,4,1,0,left,Joe Mantegna,Malle ❤️ 🐸,2021-W04-M02,Tom Brady,QB,QB,True,False,False,28.77,11.06,,Tom Brady,QB,"["""", ""Tom Brady"", ""28.77"", ""11.06"", ""QB"", ""QB"", ""QB"", ""27.28"", ""27.24"", ""Justin Herbert"", """"]",2,2,95.46,101.18
2021,4,1,0,right,Malle ❤️ 🐸,Joe Mantegna,2021-W04-M02,Justin Herbert,QB,QB,True,False,False,27.24,27.28,,Justin Herbert,QB,"["""", ""Tom Brady"", ""28.77"", ""11.06"", ""QB"", ""QB"", ""QB"", ""27.28"", ""27.24"", ""Justin Herbert"", """"]",2,2,101.18,95.46
2021,4,1,1,left,Joe Mantegna,Malle ❤️ 🐸,2021-W04-M02,Tyreek Hill,WR,WR,True,False,False,17.44,42.1,,Tyreek Hill,WR,"["""", ""Tyreek Hill"", ""17.44"", ""42.10"", ""WR"", ""WR"", ""WR"", ""27.30"", ""14.47"", ""Terry McLaurin"", """"]",2,2,95.46,101.18
2021,4,1,1,right,Malle ❤️ 🐸,Joe Mantegna,2021-W04-M02,Terry McLaurin,WR,WR,True,False,False,14.47,27.3,,Terry McLaurin,WR,"["""", ""Tyreek Hill"", ""17.44"", ""42.10"", ""WR"", ""WR"", ""WR"", ""27.30"", ""14.47"", ""Terry McLaurin"", """"]",2,2,101.18,95.46
2021,4,1,2,left,Joe Mantegna,Malle ❤️ 🐸,2021-W04-M02,Keenan Allen,WR,WR,True,False,False,14.42,7.1,,Keenan Allen,WR,"["""", ""Keenan Allen"", ""14.42"", ""7.10"", ""WR"", ""WR"", ""WR"", ""19.70"", ""12.78"", ""Diontae Johnson"", """"]",2,2,95.46,101.18
2021,4,1,2,right,Malle ❤️ 🐸,Joe Mantegna,2021-W04-M02,Diontae Johnson,WR,WR,True,False,False,12.78,19.7,,Diontae Johnson,WR,"["""", ""Keenan Allen"", ""14.42"", ""7.10"", ""WR"", ""WR"", ""WR"", ""19.70"", ""12.78"", ""Diontae Johnson"", """"]",2,2,101.18,95.46
2021,4,1,3,left,Joe Mantegna,Malle ❤️ 🐸,2021-W04-M02,Damien Harris,RB,RB,True,False,False,9.79,3.6,,Damien Harris ,RB,"["""", ""Damien Harris "", ""9.79"", ""3.60"", ""RB"", ""RB"", ""RB"", ""0.30"", ""11.24"", ""Myles Gaskin"", """"]",2,2,95.46,101.18
2021,4,1,3,right,Malle ❤️ 🐸,Joe Mantegna,2021-W04-M02,Myles Gaskin,RB,RB,True,False,False,11.24,0.3,,Myles Gaskin,RB,"["""", ""Damien Harris "", ""9.79"", ""3.60"", ""RB"", ""RB"", ""RB"", ""0.30"", ""11.24"", ""Myles Gaskin"", """"]",2,2,101.18,95.46
2021,4,1,4,left,Joe Mantegna,Malle ❤️ 🐸,2021-W04-M02,Mark Ingram II,RB,RB,True,False,False,6.15,2.4,,Mark Ingram II,RB,"["""", ""Mark Ingram II"", ""6.15"", ""2.40"", ""RB"", ""RB"", ""RB"", ""6.20"", ""12.94"", ""Miles Sanders "", """"]",2,2,95.46,101.18
2021,4,1,4,right,Malle ❤️ 🐸,Joe Mantegna,2021-W04-M02,Miles Sanders,RB,RB,True,False,False,12.94,6.2,,Miles Sanders ,RB,"["""", ""Mark Ingram II"", ""6.15"", ""2.40"", ""RB"", ""RB"", ""RB"", ""6.20"", ""12.94"", ""Miles Sanders "", """"]",2,2,101.18,95.46
2021,4,1,5,left,Joe Mantegna,Malle ❤️ 🐸,2021-W04-M02,T.J. Hockenson,TE,TE,True,False,False,11.26,6.2,,T.J. Hockenson,TE,"["""", ""T.J. Hockenson"", ""11.26"", ""6.20"", ""TE"", ""TE"", ""TE"", ""6.00"", ""11.83"", ""George Kittle"", """"]",2,2,95.46,101.18
2021,4,1,5,right,Malle ❤️ 🐸,Joe Mantegna,2021-W04-M02,George Kittle,TE,TE,True,False,False,11.83,6.0,,George Kittle,TE,"["""", ""T.J. Hockenson"", ""11.26"", ""6.20"", ""TE"", ""TE"", ""TE"", ""6.00"", ""11.83"", ""George Kittle"", """"]",2,2,101.18,95.46
2021,4,1,6,left,Joe Mantegna,Malle ❤️ 🐸,2021-W04-M02,Mike Evans,,W/R/T,True,False,False,13.56,11.0,,Mike Evans,W/R/T,"["""", ""Mike Evans"", ""13.56"", ""11.00"", ""W/R/T"", ""W/R/T"", ""W/R/T"", ""5.40"", ""17.29"", ""Dalvin Cook"", """"]",2,2,95.46,101.18
2021,4,1,6,right,Malle ❤️ 🐸,Joe Mantegna,2021-W04-M02,Dalvin Cook,,W/R/T,True,False,False,17.29,5.4,,Dalvin Cook,W/R/T,"["""", ""Mike Evans"", ""13.56"", ""11.00"", ""W/R/T"", ""W/R/T"", ""W/R/T"", ""5.40"", ""17.29"", ""Dalvin Cook"", """"]",2,2,101.18,95.46
2021,4,1,7,left,Joe Mantegna,Malle ❤️ 🐸,2021-W04-M02,Justin Tucker,K,K,True,False,False,9.7,13.0,,Justin Tucker,K,"["""", ""Justin Tucker"", ""9.70"", ""13.00"", ""K"", ""K"", ""K"", ""6.00"", ""9.39"", ""Harrison Butker"", """"]",2,2,95.46,101.18
2021,4,1,7,right,Malle ❤️ 🐸,Joe Mantegna,2021-W04-M02,Harrison Butker,K,K,True,False,False,9.39,6.0,,Harrison Butker,K,"["""", ""Justin Tucker"", ""9.70"", ""13.00"", ""K"", ""K"", ""K"", ""6.00"", ""9.39"", ""Harrison Butker"", """"]",2,2,101.18,95.46
2021,4,1,8,left,Joe Mantegna,Malle ❤️ 🐸,2021-W04-M02,Rams - DEF,DEF,DEF,True,False,False,7.17,-1.0,,Rams - DEF,DEF,"["""", ""Rams - DEF"", ""7.17"", ""-1.00"", ""DEF"", ""DEF"", ""DEF"", ""3.00"", ""6.57"", ""Broncos - DEF"", """"]",2,2,95.46,101.18
2021,4,1,8,right,Malle ❤️ 🐸,Joe Mantegna,2021-W04-M02,Broncos - DEF,DEF,DEF,True,False,False,6.57,3.0,,Broncos - DEF,DEF,"["""", ""Rams - DEF"", ""7.17"", ""-1.00"", ""DEF"", ""DEF"", ""DEF"", ""3.00"", ""6.57"", ""Broncos - DEF"", """"]",2,2,101.18,95.46
2021,4,2,0,left,Joe Mantegna,Malle ❤️ 🐸,2021-W04-M02,Phillip Lindsay,,BN,False,True,False,2.98,-0.1,,Phillip Lindsay,BN,"["""", ""Phillip Lindsay"", ""2.98"", ""-0.10"", ""BN"", ""BN"", ""BN"", ""1.10"", ""9.69"", ""Will Fuller V"", """"]",2,2,95.46,101.18
2021,4,2,0,right,Malle ❤️ 🐸,Joe Mantegna,2021-W04-M02,Will Fuller V,,BN,False,True,False,9.69,1.1,,Will Fuller V,BN,"["""", ""Phillip Lindsay"", ""2.98"", ""-0.10"", ""BN"", ""BN"", ""BN"", ""1.10"", ""9.69"", ""Will Fuller V"", """"]",2,2,101.18,95.46
2021,4,2,1,left,Joe Mantegna,Malle ❤️ 🐸,2021-W04-M02,Adam Thielen,,BN,False,True,False,13.91,6.1,,Adam Thielen,BN,"["""", ""Adam Thielen"", ""13.91"", ""6.10"", ""BN"", ""BN"", ""BN"", ""8.50"", ""4.80"", ""Ronald Jones"", """"]",2,2,95.46,101.18
2021,4,2,1,right,Malle ❤️ 🐸,Joe Mantegna,2021-W04-M02,Ronald Jones,,BN,False,True,False,4.8,8.5,,Ronald Jones,BN,"["""", ""Adam Thielen"", ""13.91"", ""6.10"", ""BN"", ""BN"", ""BN"", ""8.50"", ""4.80"", ""Ronald Jones"", """"]",2,2,101.18,95.46
2021,4,2,2,left,Joe Mantegna,Malle ❤️ 🐸,2021-W04-M02,Jalen Hurts,,BN,False,True,False,24.91,32.18,,Jalen Hurts,BN,"["""", ""Jalen Hurts"", ""24.91"", ""32.18"", ""BN"", ""BN"", ""BN"", ""13.12"", ""24.48"", ""Kirk Cousins"", """"]",2,2,95.46,101.18
2021,4,2,2,right,Malle ❤️ 🐸,Joe Mantegna,2021-W04-M02,Kirk Cousins,,BN,False,True,False,24.48,13.12,,Kirk Cousins,BN,"["""", ""Jalen Hurts"", ""24.91"", ""32.18"", ""BN"", ""BN"", ""BN"", ""13.12"", ""24.48"", ""Kirk Cousins"", """"]",2,2,101.18,95.46
2021,4,2,3,left,Joe Mantegna,Malle ❤️ 🐸,2021-W04-M02,Jonnu Smith,,BN,False,True,False,6.4,8.9,,Jonnu Smith,BN,"["""", ""Jonnu Smith"", ""6.40"", ""8.90"", ""BN"", ""BN"", ""BN"", ""13.50"", ""7.99"", ""Hunter Renfrow"", """"]",2,2,95.46,101.18
2021,4,2,3,right,Malle ❤️ 🐸,Joe Mantegna,2021-W04-M02,Hunter Renfrow,,BN,False,True,False,7.99,13.5,,Hunter Renfrow,BN,"["""", ""Jonnu Smith"", ""6.40"", ""8.90"", ""BN"", ""BN"", ""BN"", ""13.50"", ""7.99"", ""Hunter Renfrow"", """"]",2,2,101.18,95.46
2021,4,2,4,left,Joe Mantegna,Malle ❤️ 🐸,2021-W04-M02,Alexander Mattison,,BN,False,True,False,7.3,2.0,,Alexander Mattison,BN,"["""", ""Alexander Mattison"", ""7.30"", ""2.00"", ""BN"", ""BN"", ""BN"", ""8.10"", ""2.21"", ""Brandon Bolden"", """"]",2,2,95.46,101.18
2021,4,2,4,right,Malle ❤️ 🐸,Joe Mantegna,2021-W04-M02,Brandon Bolden,,BN,False,True,False,2.21,8.1,,Brandon Bolden,BN,"["""", ""Alexander Mattison"", ""7.30"", ""2.00"", ""BN"", ""BN"", ""BN"", ""8.10"", ""2.21"", ""Brandon Bolden"", """"]",2,2,101.18,95.46
2021,4,2,5,left,Joe Mantegna,Malle ❤️ 🐸,2021-W04-M02,Ryan Fitzpatrick,,BN,False,True,False,0.0,0.0,,Ryan Fitzpatrick,BN,"["""", ""Ryan Fitzpatrick"", ""0.00"", ""0.00"", ""BN"", ""BN"", ""BN"", ""16.00"", ""8.60"", ""Jared Cook"", """"]",2,2,95.46,101.18
2021,4,2,5,right,Malle ❤️ 🐸,Joe Mantegna,2021-W04-M02,Jared Cook,,BN,False,True,False,8.6,16.0,,Jared Cook,BN,"["""", ""Ryan Fitzpatrick"", ""0.00"", ""0.00"", ""BN"", ""BN"", ""BN"", ""16.00"", ""8.60"", ""Jared Cook"", """"]",2,2,101.18,95.46
2021,4,1,0,left,Patty Primetimes,Voldemort,2021-W04-M03,Dak Prescott,QB,QB,True,False,False,28.41,35.02,,Dak Prescott,QB,"["""", ""Dak Prescott"", ""28.41"", ""35.02"", ""QB"", ""QB"", ""QB"", ""25.02"", ""30.54"", ""Josh Allen "", """"]",3,3,142.82,108.62
2021,4,1,0,right,Voldemort,Patty Primetimes,2021-W04-M03,Josh Allen,QB,QB,True,False,False,30.54,25.02,,Josh Allen ,QB,"["""", ""Dak Prescott"", ""28.41"", ""35.02"", ""QB"", ""QB"", ""QB"", ""25.02"", ""30.54"", ""Josh Allen "", """"]",3,3,108.62,142.82
2021,4,1,1,left,Patty Primetimes,Voldemort,2021-W04-M03,Calvin Ridley,WR,WR,True,False,False,15.71,11.5,,Calvin Ridley,WR,"["""", ""Calvin Ridley"", ""15.71"", ""11.50"", ""WR"", ""WR"", ""WR"", ""15.70"", ""11.93"", ""DeVonta Smith"", """"]",3,3,142.82,108.62
2021,4,1,1,right,Voldemort,Patty Primetimes,2021-W04-M03,DeVonta Smith,WR,WR,True,False,False,11.93,15.7,,DeVonta Smith,WR,"["""", ""Calvin Ridley"", ""15.71"", ""11.50"", ""WR"", ""WR"", ""WR"", ""15.70"", ""11.93"", ""DeVonta Smith"", """"]",3,3,108.62,142.82
2021,4,1,2,left,Patty Primetimes,Voldemort,2021-W04-M03,Justin Jefferson,WR,WR,True,False,False,14.86,17.4,,Justin Jefferson ,WR,"["""", ""Justin Jefferson "", ""14.86"", ""17.40"", ""WR"", ""WR"", ""WR"", ""8.80"", ""7.51"", ""Chester Rogers"", """"]",3,3,142.82,108.62
2021,4,1,2,right,Voldemort,Patty Primetimes,2021-W04-M03,Chester Rogers,WR,WR,True,False,False,7.51,8.8,,Chester Rogers,WR,"["""", ""Justin Jefferson "", ""14.86"", ""17.40"", ""WR"", ""WR"", ""WR"", ""8.80"", ""7.51"", ""Chester Rogers"", """"]",3,3,108.62,142.82
2021,4,1,3,left,Patty Primetimes,Voldemort,2021-W04-M03,Nick Chubb,RB,RB,True,False,False,14.7,11.0,,Nick Chubb,RB,"["""", ""Nick Chubb"", ""14.70"", ""11.00"", ""RB"", ""RB"", ""RB"", ""12.00"", ""19.94"", ""Alvin Kamara"", """"]",3,3,142.82,108.62
2021,4,1,3,right,Voldemort,Patty Primetimes,2021-W04-M03,Alvin Kamara,RB,RB,True,False,False,19.94,12.0,,Alvin Kamara,RB,"["""", ""Nick Chubb"", ""14.70"", ""11.00"", ""RB"", ""RB"", ""RB"", ""12.00"", ""19.94"", ""Alvin Kamara"", """"]",3,3,108.62,142.82
2021,4,1,4,left,Patty Primetimes,Voldemort,2021-W04-M03,David Montgomery,RB,RB,True,False,False,14.21,22.6,,David Montgomery,RB,"["""", ""David Montgomery"", ""14.21"", ""22.60"", ""RB"", ""RB"", ""RB"", ""3.60"", ""13.35"", ""Chris Carson"", """"]",3,3,142.82,108.62
2021,4,1,4,right,Voldemort,Patty Primetimes,2021-W04-M03,Chris Carson,RB,RB,True,False,False,13.35,3.6,,Chris Carson,RB,"["""", ""David Montgomery"", ""14.21"", ""22.60"", ""RB"", ""RB"", ""RB"", ""3.60"", ""13.35"", ""Chris Carson"", """"]",3,3,108.62,142.82
2021,4,1,5,left,Patty Primetimes,Voldemort,2021-W04-M03,Tyler Higbee,TE,TE,True,False,False,10.19,5.6,,Tyler Higbee,TE,"["""", ""Tyler Higbee"", ""10.19"", ""5.60"", ""TE"", ""TE"", ""TE"", ""14.10"", ""7.22"", ""Dallas Goedert"", """"]",3,3,142.82,108.62
2021,4,1,5,right,Voldemort,Patty Primetimes,2021-W04-M03,Dallas Goedert,TE,TE,True,False,False,7.22,14.1,,Dallas Goedert,TE,"["""", ""Tyler Higbee"", ""10.19"", ""5.60"", ""TE"", ""TE"", ""TE"", ""14.10"", ""7.22"", ""Dallas Goedert"", """"]",3,3,108.62,142.82
2021,4,1,6,left,Patty Primetimes,Voldemort,2021-W04-M03,Deebo Samuel Sr.,,W/R/T,True,False,False,12.83,31.7,,Deebo Samuel Sr.,W/R/T,"["""", ""Deebo Samuel Sr."", ""12.83"", ""31.70"", ""W/R/T"", ""W/R/T"", ""W/R/T"", ""18.40"", ""13.06"", ""Clyde Edwards-Helaire"", """"]",3,3,142.82,108.62
2021,4,1,6,right,Voldemort,Patty Primetimes,2021-W04-M03,Clyde Edwards-Helaire,,W/R/T,True,False,False,13.06,18.4,,Clyde Edwards-Helaire,W/R/T,"["""", ""Deebo Samuel Sr."", ""12.83"", ""31.70"", ""W/R/T"", ""W/R/T"", ""W/R/T"", ""18.40"", ""13.06"", ""Clyde Edwards-Helaire"", """"]",3,3,108.62,142.82
2021,4,1,7,left,Patty Primetimes,Voldemort,2021-W04-M03,Younghoe Koo,K,K,True,False,False,7.79,6.0,,Younghoe Koo,K,"["""", ""Younghoe Koo"", ""7.79"", ""6.00"", ""K"", ""K"", ""K"", ""9.00"", ""9.44"", ""Matt Gay"", """"]",3,3,142.82,108.62
2021,4,1,7,right,Voldemort,Patty Primetimes,2021-W04-M03,Matt Gay,K,K,True,False,False,9.44,9.0,,Matt Gay,K,"["""", ""Younghoe Koo"", ""7.79"", ""6.00"", ""K"", ""K"", ""K"", ""9.00"", ""9.44"", ""Matt Gay"", """"]",3,3,108.62,142.82
2021,4,1,8,left,Patty Primetimes,Voldemort,2021-W04-M03,Saints - DEF,DEF,DEF,True,False,False,8.89,2.0,,Saints - DEF,DEF,"["""", ""Saints - DEF"", ""8.89"", ""2.00"", ""DEF"", ""DEF"", ""DEF"", ""2.00"", ""4.68"", ""Patriots - DEF"", """"]",3,3,142.82,108.62
2021,4,1,8,right,Voldemort,Patty Primetimes,2021-W04-M03,Patriots - DEF,DEF,DEF,True,False,False,4.68,2.0,,Patriots - DEF,DEF,"["""", ""Saints - DEF"", ""8.89"", ""2.00"", ""DEF"", ""DEF"", ""DEF"", ""2.00"", ""4.68"", ""Patriots - DEF"", """"]",3,3,108.62,142.82
2021,4,2,0,left,Patty Primetimes,Voldemort,2021-W04-M03,Robert Woods,,BN,False,True,False,12.56,12.8,,Robert Woods,BN,"["""", ""Robert Woods"", ""12.56"", ""12.80"", ""BN"", ""BN"", ""BN"", ""0.00"", ""0.00"", ""Julio Jones"", """"]",3,3,142.82,108.62
2021,4,2,0,right,Voldemort,Patty Primetimes,2021-W04-M03,Julio Jones,,BN,False,True,False,0.0,0.0,,Julio Jones,BN,"["""", ""Robert Woods"", ""12.56"", ""12.80"", ""BN"", ""BN"", ""BN"", ""0.00"", ""0.00"", ""Julio Jones"", """"]",3,3,108.62,142.82
2021,4,2,1,left,Patty Primetimes,Voldemort,2021-W04-M03,Chase Edmonds,,BN,False,True,False,11.1,15.9,,Chase Edmonds,BN,"["""", ""Chase Edmonds"", ""11.10"", ""15.90"", ""BN"", ""BN"", ""BN"", ""0.20"", ""9.44"", ""Kenyan Drake"", """"]",3,3,142.82,108.62
2021,4,2,1,right,Voldemort,Patty Primetimes,2021-W04-M03,Kenyan Drake,,BN,False,True,False,9.44,0.2,,Kenyan Drake,BN,"["""", ""Chase Edmonds"", ""11.10"", ""15.90"", ""BN"", ""BN"", ""BN"", ""0.20"", ""9.44"", ""Kenyan Drake"", """"]",3,3,108.62,142.82
2021,4,2,2,left,Patty Primetimes,Voldemort,2021-W04-M03,Ty'Son Williams,,BN,False,True,False,0.0,0.0,,Ty'Son Williams,BN,"["""", ""Ty'Son Williams"", ""0.00"", ""0.00"", ""BN"", ""BN"", ""BN"", ""16.00"", ""9.82"", ""Darnell Mooney"", """"]",3,3,142.82,108.62
2021,4,2,2,right,Voldemort,Patty Primetimes,2021-W04-M03,Darnell Mooney,,BN,False,True,False,9.82,16.0,,Darnell Mooney,BN,"["""", ""Ty'Son Williams"", ""0.00"", ""0.00"", ""BN"", ""BN"", ""BN"", ""16.00"", ""9.82"", ""Darnell Mooney"", """"]",3,3,108.62,142.82
2021,4,2,3,left,Patty Primetimes,Voldemort,2021-W04-M03,Christian Kirk,,BN,False,True,False,8.89,1.0,,Christian Kirk,BN,"["""", ""Christian Kirk"", ""8.89"", ""1.00"", ""BN"", ""BN"", ""BN"", ""0.00"", ""0.00"", ""Tee Higgins"", """"]",3,3,142.82,108.62
2021,4,2,3,right,Voldemort,Patty Primetimes,2021-W04-M03,Tee Higgins,,BN,False,True,False,0.0,0.0,,Tee Higgins,BN,"["""", ""Christian Kirk"", ""8.89"", ""1.00"", ""BN"", ""BN"", ""BN"", ""0.00"", ""0.00"", ""Tee Higgins"", """"]",3,3,108.62,142.82
2021,4,2,4,left,Patty Primetimes,Voldemort,2021-W04-M03,Cordarrelle Patterson,,BN,False,True,False,8.24,32.1,,Cordarrelle Patterson,BN,"["""", ""Cordarrelle Patterson"", ""8.24"", ""32.10"", ""BN"", ""BN"", ""BN"", ""14.20"", ""7.49"", ""Mike Gesicki"", """"]",3,3,142.82,108.62
2021,4,2,4,right,Voldemort,Patty Primetimes,2021-W04-M03,Mike Gesicki,,BN,False,True,False,7.49,14.2,,Mike Gesicki,BN,"["""", ""Cordarrelle Patterson"", ""8.24"", ""32.10"", ""BN"", ""BN"", ""BN"", ""14.20"", ""7.49"", ""Mike Gesicki"", """"]",3,3,108.62,142.82
2021,4,2,5,left,Patty Primetimes,Voldemort,2021-W04-M03,Emmanuel Sanders,,BN,False,True,False,10.87,10.6,,Emmanuel Sanders,BN,"["""", ""Emmanuel Sanders"", ""10.87"", ""10.60"", ""BN"", ""BN"", ""BN"", ""37.02"", ""21.43"", ""Matt Ryan"", """"]",3,3,142.82,108.62
2021,4,2,5,right,Voldemort,Patty Primetimes,2021-W04-M03,Matt Ryan,,BN,False,True,False,21.43,37.02,,Matt Ryan,BN,"["""", ""Emmanuel Sanders"", ""10.87"", ""10.60"", ""BN"", ""BN"", ""BN"", ""37.02"", ""21.43"", ""Matt Ryan"", """"]",3,3,108.62,142.82
2021,4,2,6,left,Patty Primetimes,Voldemort,2021-W04-M03,Michael Thomas,,IR,False,False,True,0.0,0.0,,Michael Thomas,IR,"["""", ""Michael Thomas"", ""0.00"", ""0.00"", ""IR"", ""IR"", ""IR"", ""0.00"", ""0.00"", ""Travis Etienne Jr."", """"]",3,3,142.82,108.62
2021,4,2,6,right,Voldemort,Patty Primetimes,2021-W04-M03,Travis Etienne Jr.,,IR,False,False,True,0.0,0.0,,Travis Etienne Jr.,IR,"["""", ""Michael Thomas"", ""0.00"", ""0.00"", ""IR"", ""IR"", ""IR"", ""0.00"", ""0.00"", ""Travis Etienne Jr."", """"]",3,3,108.62,142.82
2021,4,1,0,left,Pop Lockett Drop it,Uncle Rico,2021-W04-M04,Lamar Jackson,QB,QB,True,False,False,25.66,21.44,,Lamar Jackson,QB,"["""", ""Lamar Jackson"", ""25.66"", ""21.44"", ""QB"", ""QB"", ""QB"", ""9.30"", ""22.33"", ""Baker Mayfield"", """"]",4,6,83.94,89.7
2021,4,1,0,right,Uncle Rico,Pop Lockett Drop it,2021-W04-M04,Baker Mayfield,QB,QB,True,False,False,22.33,9.3,,Baker Mayfield,QB,"["""", ""Lamar Jackson"", ""25.66"", ""21.44"", ""QB"", ""QB"", ""QB"", ""9.30"", ""22.33"", ""Baker Mayfield"", """"]",4,6,89.7,83.94
2021,4,1,1,left,Pop Lockett Drop it,Uncle Rico,2021-W04-M04,Ja'Marr Chase,WR,WR,True,False,False,13.55,10.7,,Ja'Marr Chase,WR,"["""", ""Ja'Marr Chase"", ""13.55"", ""10.70"", ""WR"", ""WR"", ""WR"", ""7.40"", ""9.15"", ""Robbie Chosen"", """"]",4,6,83.94,89.7
2021,4,1,1,right,Uncle Rico,Pop Lockett Drop it,2021-W04-M04,Robbie Chosen,WR,WR,True,False,False,9.15,7.4,,Robbie Chosen,WR,"["""", ""Ja'Marr Chase"", ""13.55"", ""10.70"", ""WR"", ""WR"", ""WR"", ""7.40"", ""9.15"", ""Robbie Chosen"", """"]",4,6,89.7,83.94
2021,4,1,2,left,Pop Lockett Drop it,Uncle Rico,2021-W04-M04,Allen Robinson,WR,WR,True,False,False,12.1,7.8,,Allen Robinson,WR,"["""", ""Allen Robinson"", ""12.10"", ""7.80"", ""WR"", ""WR"", ""WR"", ""14.90"", ""16.14"", ""Stefon Diggs "", """"]",4,6,83.94,89.7
2021,4,1,2,right,Uncle Rico,Pop Lockett Drop it,2021-W04-M04,Stefon Diggs,WR,WR,True,False,False,16.14,14.9,,Stefon Diggs ,WR,"["""", ""Allen Robinson"", ""12.10"", ""7.80"", ""WR"", ""WR"", ""WR"", ""14.90"", ""16.14"", ""Stefon Diggs "", """"]",4,6,89.7,83.94
2021,4,1,3,left,Pop Lockett Drop it,Uncle Rico,2021-W04-M04,Derrick Henry,RB,RB,True,False,False,18.62,24.7,,Derrick Henry ,RB,"["""", ""Derrick Henry "", ""18.62"", ""24.70"", ""RB"", ""RB"", ""RB"", ""28.00"", ""17.08"", ""Austin Ekeler"", """"]",4,6,83.94,89.7
2021,4,1,3,right,Uncle Rico,Pop Lockett Drop it,2021-W04-M04,Austin Ekeler,RB,RB,True,False,False,17.08,28.0,,Austin Ekeler,RB,"["""", ""Derrick Henry "", ""18.62"", ""24.70"", ""RB"", ""RB"", ""RB"", ""28.00"", ""17.08"", ""Austin Ekeler"", """"]",4,6,89.7,83.94
2021,4,1,4,left,Pop Lockett Drop it,Uncle Rico,2021-W04-M04,Peyton Barber,RB,RB,True,False,False,3.19,0.0,,Peyton Barber,RB,"["""", ""Peyton Barber"", ""3.19"", ""0.00"", ""RB"", ""RB"", ""RB"", ""6.60"", ""8.28"", ""Jamaal Williams"", """"]",4,6,83.94,89.7
2021,4,1,4,right,Uncle Rico,Pop Lockett Drop it,2021-W04-M04,Jamaal Williams,RB,RB,True,False,False,8.28,6.6,,Jamaal Williams,RB,"["""", ""Peyton Barber"", ""3.19"", ""0.00"", ""RB"", ""RB"", ""RB"", ""6.60"", ""8.28"", ""Jamaal Williams"", """"]",4,6,89.7,83.94
2021,4,1,5,left,Pop Lockett Drop it,Uncle Rico,2021-W04-M04,Mark Andrews,TE,TE,True,False,False,11.09,9.2,,Mark Andrews,TE,"["""", ""Mark Andrews"", ""11.09"", ""9.20"", ""TE"", ""TE"", ""TE"", ""4.30"", ""17.10"", ""Travis Kelce"", """"]",4,6,83.94,89.7
2021,4,1,5,right,Uncle Rico,Pop Lockett Drop it,2021-W04-M04,Travis Kelce,TE,TE,True,False,False,17.1,4.3,,Travis Kelce,TE,"["""", ""Mark Andrews"", ""11.09"", ""9.20"", ""TE"", ""TE"", ""TE"", ""4.30"", ""17.10"", ""Travis Kelce"", """"]",4,6,89.7,83.94
2021,4,1,6,left,Pop Lockett Drop it,Uncle Rico,2021-W04-M04,Odell Beckham Jr.,,W/R/T,True,False,False,12.35,4.1,,Odell Beckham Jr.,W/R/T,"["""", ""Odell Beckham Jr."", ""12.35"", ""4.10"", ""W/R/T"", ""W/R/T"", ""W/R/T"", ""6.20"", ""12.86"", ""Courtland Sutton"", """"]",4,6,83.94,89.7
2021,4,1,6,right,Uncle Rico,Pop Lockett Drop it,2021-W04-M04,Courtland Sutton,,W/R/T,True,False,False,12.86,6.2,,Courtland Sutton,W/R/T,"["""", ""Odell Beckham Jr."", ""12.35"", ""4.10"", ""W/R/T"", ""W/R/T"", ""W/R/T"", ""6.20"", ""12.86"", ""Courtland Sutton"", """"]",4,6,89.7,83.94
2021,4,1,7,left,Pop Lockett Drop it,Uncle Rico,2021-W04-M04,Jason Sanders,K,K,True,False,False,7.54,5.0,,Jason Sanders,K,"["""", ""Jason Sanders"", ""7.54"", ""5.00"", ""K"", ""K"", ""K"", ""10.00"", ""8.24"", ""Rodrigo Blankenship"", """"]",4,6,83.94,89.7
2021,4,1,7,right,Uncle Rico,Pop Lockett Drop it,2021-W04-M04,Rodrigo Blankenship,K,K,True,False,False,8.24,10.0,,Rodrigo Blankenship,K,"["""", ""Jason Sanders"", ""7.54"", ""5.00"", ""K"", ""K"", ""K"", ""10.00"", ""8.24"", ""Rodrigo Blankenship"", """"]",4,6,89.7,83.94
2021,4,1,8,left,Pop Lockett Drop it,Uncle Rico,2021-W04-M04,Bengals - DEF,DEF,DEF,True,False,False,9.03,1.0,,Bengals - DEF,DEF,"["""", ""Bengals - DEF"", ""9.03"", ""1.00"", ""DEF"", ""DEF"", ""DEF"", ""3.00"", ""8.76"", ""Titans - DEF"", """"]",4,6,83.94,89.7
2021,4,1,8,right,Uncle Rico,Pop Lockett Drop it,2021-W04-M04,Titans - DEF,DEF,DEF,True,False,False,8.76,3.0,,Titans - DEF,DEF,"["""", ""Bengals - DEF"", ""9.03"", ""1.00"", ""DEF"", ""DEF"", ""DEF"", ""3.00"", ""8.76"", ""Titans - DEF"", """"]",4,6,89.7,83.94
2021,4,2,0,left,Pop Lockett Drop it,Uncle Rico,2021-W04-M04,Christian McCaffrey,,BN,False,True,False,0.0,0.0,,Christian McCaffrey,BN,"["""", ""Christian McCaffrey"", ""0.00"", ""0.00"", ""BN"", ""BN"", ""BN"", ""-0.90"", ""5.17"", ""Sony Michel"", """"]",4,6,83.94,89.7
2021,4,2,0,right,Uncle Rico,Pop Lockett Drop it,2021-W04-M04,Sony Michel,,BN,False,True,False,5.17,-0.9,,Sony Michel,BN,"["""", ""Christian McCaffrey"", ""0.00"", ""0.00"", ""BN"", ""BN"", ""BN"", ""-0.90"", ""5.17"", ""Sony Michel"", """"]",4,6,89.7,83.94
2021,4,2,1,left,Pop Lockett Drop it,Uncle Rico,2021-W04-M04,DJ Chark,,BN,False,True,False,11.35,0.0,,DJ Chark,BN,"["""", ""DJ Chark"", ""11.35"", ""0.00"", ""BN"", ""BN"", ""BN"", ""6.30"", ""4.08"", ""David Johnson"", """"]",4,6,83.94,89.7
2021,4,2,1,right,Uncle Rico,Pop Lockett Drop it,2021-W04-M04,David Johnson,,BN,False,True,False,4.08,6.3,,David Johnson,BN,"["""", ""DJ Chark"", ""11.35"", ""0.00"", ""BN"", ""BN"", ""BN"", ""6.30"", ""4.08"", ""David Johnson"", """"]",4,6,89.7,83.94
2021,4,2,2,left,Pop Lockett Drop it,Uncle Rico,2021-W04-M04,Antonio Brown,,BN,False,True,False,9.97,9.8,,Antonio Brown,BN,"["""", ""Antonio Brown"", ""9.97"", ""9.80"", ""BN"", ""BN"", ""BN"", ""0.00"", ""0.00"", ""Michael Gallup"", """"]",4,6,83.94,89.7
2021,4,2,2,right,Uncle Rico,Pop Lockett Drop it,2021-W04-M04,Michael Gallup,,BN,False,True,False,0.0,0.0,,Michael Gallup,BN,"["""", ""Antonio Brown"", ""9.97"", ""9.80"", ""BN"", ""BN"", ""BN"", ""0.00"", ""0.00"", ""Michael Gallup"", """"]",4,6,89.7,83.94
2021,4,2,3,left,Pop Lockett Drop it,Uncle Rico,2021-W04-M04,Michael Carter,,BN,False,True,False,7.13,9.9,,Michael Carter,BN,"["""", ""Michael Carter"", ""7.13"", ""9.90"", ""BN"", ""BN"", ""BN"", ""7.50"", ""9.54"", ""Henry Ruggs III"", """"]",4,6,83.94,89.7
2021,4,2,3,right,Uncle Rico,Pop Lockett Drop it,2021-W04-M04,Henry Ruggs III,,BN,False,True,False,9.54,7.5,,Henry Ruggs III,BN,"["""", ""Michael Carter"", ""7.13"", ""9.90"", ""BN"", ""BN"", ""BN"", ""7.50"", ""9.54"", ""Henry Ruggs III"", """"]",4,6,89.7,83.94
2021,4,2,4,left,Pop Lockett Drop it,Uncle Rico,2021-W04-M04,Trevor Lawrence,,BN,False,True,False,22.27,17.76,,Trevor Lawrence,BN,"["""", ""Trevor Lawrence"", ""22.27"", ""17.76"", ""BN"", ""BN"", ""BN"", ""17.10"", ""10.21"", ""Hollywood Brown"", """"]",4,6,83.94,89.7
2021,4,2,4,right,Uncle Rico,Pop Lockett Drop it,2021-W04-M04,Hollywood Brown,,BN,False,True,False,10.21,17.1,,Hollywood Brown,BN,"["""", ""Trevor Lawrence"", ""22.27"", ""17.76"", ""BN"", ""BN"", ""BN"", ""17.10"", ""10.21"", ""Hollywood Brown"", """"]",4,6,89.7,83.94
2021,4,2,5,left,Pop Lockett Drop it,Uncle Rico,2021-W04-M04,Tim Patrick,,BN,False,True,False,10.41,5.4,,Tim Patrick,BN,"["""", ""Tim Patrick"", ""10.41"", ""5.40"", ""BN"", ""BN"", ""BN"", ""15.70"", ""9.94"", ""DeVante Parker"", """"]",4,6,83.94,89.7
2021,4,2,5,right,Uncle Rico,Pop Lockett Drop it,2021-W04-M04,DeVante Parker,,BN,False,True,False,9.94,15.7,,DeVante Parker,BN,"["""", ""Tim Patrick"", ""10.41"", ""5.40"", ""BN"", ""BN"", ""BN"", ""15.70"", ""9.94"", ""DeVante Parker"", """"]",4,6,89.7,83.94
2021,4,1,0,left,malle_dips_pouches,Post Mahomes,2021-W04-M05,Kyler Murray,QB,QB,True,False,False,26.81,26.62,,Kyler Murray ,QB,"["""", ""Kyler Murray "", ""26.81"", ""26.62"", ""QB"", ""QB"", ""QB"", ""37.54"", ""23.98"", ""Sam Darnold"", """"]",5,7,129.72,105.64
2021,4,1,0,right,Post Mahomes,malle_dips_pouches,2021-W04-M05,Sam Darnold,QB,QB,True,False,False,23.98,37.54,,Sam Darnold,QB,"["""", ""Kyler Murray "", ""26.81"", ""26.62"", ""QB"", ""QB"", ""QB"", ""37.54"", ""23.98"", ""Sam Darnold"", """"]",5,7,105.64,129.72
2021,4,1,1,left,malle_dips_pouches,Post Mahomes,2021-W04-M05,CeeDee Lamb,WR,WR,True,False,False,15.55,2.3,,CeeDee Lamb,WR,"["""", ""CeeDee Lamb"", ""15.55"", ""2.30"", ""WR"", ""WR"", ""WR"", ""16.30"", ""12.59"", ""Tyler Boyd"", """"]",5,7,129.72,105.64
2021,4,1,1,right,Post Mahomes,malle_dips_pouches,2021-W04-M05,Tyler Boyd,WR,WR,True,False,False,12.59,16.3,,Tyler Boyd,WR,"["""", ""CeeDee Lamb"", ""15.55"", ""2.30"", ""WR"", ""WR"", ""WR"", ""16.30"", ""12.59"", ""Tyler Boyd"", """"]",5,7,105.64,129.72
2021,4,1,2,left,malle_dips_pouches,Post Mahomes,2021-W04-M05,Brandin Cooks,WR,WR,True,False,False,11.9,7.2,,Brandin Cooks,WR,"["""", ""Brandin Cooks"", ""11.90"", ""7.20"", ""WR"", ""WR"", ""WR"", ""3.90"", ""12.44"", ""Marvin Jones Jr."", """"]",5,7,129.72,105.64
2021,4,1,2,right,Post Mahomes,malle_dips_pouches,2021-W04-M05,Marvin Jones Jr.,WR,WR,True,False,False,12.44,3.9,,Marvin Jones Jr.,WR,"["""", ""Brandin Cooks"", ""11.90"", ""7.20"", ""WR"", ""WR"", ""WR"", ""3.90"", ""12.44"", ""Marvin Jones Jr."", """"]",5,7,105.64,129.72
2021,4,1,3,left,malle_dips_pouches,Post Mahomes,2021-W04-M05,Jonathan Taylor,RB,RB,True,False,False,14.61,18.9,,Jonathan Taylor,RB,"["""", ""Jonathan Taylor"", ""14.61"", ""18.90"", ""RB"", ""RB"", ""RB"", ""9.40"", ""18.09"", ""Aaron Jones Sr."", """"]",5,7,129.72,105.64
2021,4,1,3,right,Post Mahomes,malle_dips_pouches,2021-W04-M05,Aaron Jones Sr.,RB,RB,True,False,False,18.09,9.4,,Aaron Jones Sr.,RB,"["""", ""Jonathan Taylor"", ""14.61"", ""18.90"", ""RB"", ""RB"", ""RB"", ""9.40"", ""18.09"", ""Aaron Jones Sr."", """"]",5,7,105.64,129.72
2021,4,1,4,left,malle_dips_pouches,Post Mahomes,2021-W04-M05,Saquon Barkley,RB,RB,True,False,False,15.51,27.1,,Saquon Barkley,RB,"["""", ""Saquon Barkley"", ""15.51"", ""27.10"", ""RB"", ""RB"", ""RB"", ""6.90"", ""15.48"", ""D'Andre Swift"", """"]",5,7,129.72,105.64
2021,4,1,4,right,Post Mahomes,malle_dips_pouches,2021-W04-M05,D'Andre Swift,RB,RB,True,False,False,15.48,6.9,,D'Andre Swift,RB,"["""", ""Saquon Barkley"", ""15.51"", ""27.10"", ""RB"", ""RB"", ""RB"", ""6.90"", ""15.48"", ""D'Andre Swift"", """"]",5,7,105.64,129.72
2021,4,1,5,left,malle_dips_pouches,Post Mahomes,2021-W04-M05,Kyle Pitts Sr.,TE,TE,True,False,False,9.33,7.0,,Kyle Pitts Sr.,TE,"["""", ""Kyle Pitts Sr."", ""9.33"", ""7.00"", ""TE"", ""TE"", ""TE"", ""0.00"", ""9.24"", ""Logan Thomas"", """"]",5,7,129.72,105.64
2021,4,1,5,right,Post Mahomes,malle_dips_pouches,2021-W04-M05,Logan Thomas,TE,TE,True,False,False,9.24,0.0,,Logan Thomas,TE,"["""", ""Kyle Pitts Sr."", ""9.33"", ""7.00"", ""TE"", ""TE"", ""TE"", ""0.00"", ""9.24"", ""Logan Thomas"", """"]",5,7,105.64,129.72
2021,4,1,6,left,malle_dips_pouches,Post Mahomes,2021-W04-M05,Kenny Golladay,,W/R/T,True,False,False,12.59,14.6,,Kenny Golladay,W/R/T,"["""", ""Kenny Golladay"", ""12.59"", ""14.60"", ""W/R/T"", ""W/R/T"", ""W/R/T"", ""1.60"", ""14.48"", ""Mike Williams"", """"]",5,7,129.72,105.64
2021,4,1,6,right,Post Mahomes,malle_dips_pouches,2021-W04-M05,Mike Williams,,W/R/T,True,False,False,14.48,1.6,,Mike Williams,W/R/T,"["""", ""Kenny Golladay"", ""12.59"", ""14.60"", ""W/R/T"", ""W/R/T"", ""W/R/T"", ""1.60"", ""14.48"", ""Mike Williams"", """"]",5,7,105.64,129.72
2021,4,1,7,left,malle_dips_pouches,Post Mahomes,2021-W04-M05,Matt Prater,K,K,True,False,False,8.53,15.0,,Matt Prater,K,"["""", ""Matt Prater"", ""8.53"", ""15.00"", ""K"", ""K"", ""K"", ""7.00"", ""8.29"", ""Chris Boswell"", """"]",5,7,129.72,105.64
2021,4,1,7,right,Post Mahomes,malle_dips_pouches,2021-W04-M05,Chris Boswell,K,K,True,False,False,8.29,7.0,,Chris Boswell,K,"["""", ""Matt Prater"", ""8.53"", ""15.00"", ""K"", ""K"", ""K"", ""7.00"", ""8.29"", ""Chris Boswell"", """"]",5,7,105.64,129.72
2021,4,1,8,left,malle_dips_pouches,Post Mahomes,2021-W04-M05,Ravens - DEF,DEF,DEF,True,False,False,6.38,11.0,,Ravens - DEF,DEF,"["""", ""Ravens - DEF"", ""6.38"", ""11.00"", ""DEF"", ""DEF"", ""DEF"", ""23.00"", ""9.32"", ""Bills - DEF"", """"]",5,7,129.72,105.64
2021,4,1,8,right,Post Mahomes,malle_dips_pouches,2021-W04-M05,Bills - DEF,DEF,DEF,True,False,False,9.32,23.0,,Bills - DEF,DEF,"["""", ""Ravens - DEF"", ""6.38"", ""11.00"", ""DEF"", ""DEF"", ""DEF"", ""23.00"", ""9.32"", ""Bills - DEF"", """"]",5,7,105.64,129.72
2021,4,2,0,left,malle_dips_pouches,Post Mahomes,2021-W04-M05,Zack Moss,,BN,False,True,False,9.77,12.1,,Zack Moss,BN,"["""", ""Zack Moss"", ""9.77"", ""12.10"", ""BN"", ""BN"", ""BN"", ""20.82"", ""22.48"", ""Ryan Tannehill"", """"]",5,7,129.72,105.64
2021,4,2,0,right,Post Mahomes,malle_dips_pouches,2021-W04-M05,Ryan Tannehill,,BN,False,True,False,22.48,20.82,,Ryan Tannehill,BN,"["""", ""Zack Moss"", ""9.77"", ""12.10"", ""BN"", ""BN"", ""BN"", ""20.82"", ""22.48"", ""Ryan Tannehill"", """"]",5,7,105.64,129.72
2021,4,2,1,left,malle_dips_pouches,Post Mahomes,2021-W04-M05,Brandon Aiyuk,,BN,False,True,False,11.91,2.0,,Brandon Aiyuk,BN,"["""", ""Brandon Aiyuk"", ""11.91"", ""2.00"", ""BN"", ""BN"", ""BN"", ""15.60"", ""11.47"", ""Kareem Hunt"", """"]",5,7,129.72,105.64
2021,4,2,1,right,Post Mahomes,malle_dips_pouches,2021-W04-M05,Kareem Hunt,,BN,False,True,False,11.47,15.6,,Kareem Hunt,BN,"["""", ""Brandon Aiyuk"", ""11.91"", ""2.00"", ""BN"", ""BN"", ""BN"", ""15.60"", ""11.47"", ""Kareem Hunt"", """"]",5,7,105.64,129.72
2021,4,2,2,left,malle_dips_pouches,Post Mahomes,2021-W04-M05,Tony Pollard,,BN,False,True,False,7.65,6.7,,Tony Pollard,BN,"["""", ""Tony Pollard"", ""7.65"", ""6.70"", ""BN"", ""BN"", ""BN"", ""0.00"", ""0.00"", ""A.J. Brown"", """"]",5,7,129.72,105.64
2021,4,2,2,right,Post Mahomes,malle_dips_pouches,2021-W04-M05,A.J. Brown,,BN,False,True,False,0.0,0.0,,A.J. Brown,BN,"["""", ""Tony Pollard"", ""7.65"", ""6.70"", ""BN"", ""BN"", ""BN"", ""0.00"", ""0.00"", ""A.J. Brown"", """"]",5,7,105.64,129.72
2021,4,2,3,left,malle_dips_pouches,Post Mahomes,2021-W04-M05,J.D. McKissic,,BN,False,True,False,7.26,14.4,,J.D. McKissic,BN,"["""", ""J.D. McKissic"", ""7.26"", ""14.40"", ""BN"", ""BN"", ""BN"", ""19.60"", ""5.87"", ""James Conner"", """"]",5,7,129.72,105.64
2021,4,2,3,right,Post Mahomes,malle_dips_pouches,2021-W04-M05,James Conner,,BN,False,True,False,5.87,19.6,,James Conner,BN,"["""", ""J.D. McKissic"", ""7.26"", ""14.40"", ""BN"", ""BN"", ""BN"", ""19.60"", ""5.87"", ""James Conner"", """"]",5,7,105.64,129.72
2021,4,2,4,left,malle_dips_pouches,Post Mahomes,2021-W04-M05,Latavius Murray,,BN,False,True,False,7.27,11.9,,Latavius Murray,BN,"["""", ""Latavius Murray"", ""7.27"", ""11.90"", ""BN"", ""BN"", ""BN"", ""4.90"", ""6.20"", ""Evan Engram"", """"]",5,7,129.72,105.64
2021,4,2,4,right,Post Mahomes,malle_dips_pouches,2021-W04-M05,Evan Engram,,BN,False,True,False,6.2,4.9,,Evan Engram,BN,"["""", ""Latavius Murray"", ""7.27"", ""11.90"", ""BN"", ""BN"", ""BN"", ""4.90"", ""6.20"", ""Evan Engram"", """"]",5,7,105.64,129.72
2021,4,2,5,left,malle_dips_pouches,Post Mahomes,2021-W04-M05,Curtis Samuel,,BN,False,True,False,8.24,3.9,,Curtis Samuel,BN,"["""", ""Curtis Samuel"", ""8.24"", ""3.90"", ""BN"", ""BN"", ""BN"", ""12.80"", ""2.86"", ""Darrel Williams"", """"]",5,7,129.72,105.64
2021,4,2,5,right,Post Mahomes,malle_dips_pouches,2021-W04-M05,Darrel Williams,,BN,False,True,False,2.86,12.8,,Darrel Williams,BN,"["""", ""Curtis Samuel"", ""8.24"", ""3.90"", ""BN"", ""BN"", ""BN"", ""12.80"", ""2.86"", ""Darrel Williams"", """"]",5,7,105.64,129.72
2021,4,2,6,left,malle_dips_pouches,Post Mahomes,2021-W04-M05,(Empty),,IR,False,False,True,0.0,,,(Empty),IR,"["""", ""(Empty)"", ""0.00"", ""–"", ""IR"", ""IR"", ""IR"", ""0.00"", ""0.00"", ""Jerry Jeudy "", """"]",5,7,129.72,105.64
2021,4,2,6,right,Post Mahomes,malle_dips_pouches,2021-W04-M05,Jerry Jeudy,,IR,False,False,True,0.0,0.0,,Jerry Jeudy ,IR,"["""", ""(Empty)"", ""0.00"", ""–"", ""IR"", ""IR"", ""IR"", ""0.00"", ""0.00"", ""Jerry Jeudy "", """"]",5,7,105.64,129.72
2021,4,1,0,left,Week 4 Recap (Won),Ginger FC,2021-W04-M06,Aaron Rodgers,QB,QB,True,False,False,26.05,28.12,,Aaron Rodgers,QB,"["""", ""Aaron Rodgers"", ""26.05"", ""28.12"", ""QB"", ""QB"", ""QB"", ""42.72"", ""30.03"", ""Patrick Mahomes "", """"]",6,8,143.62,131.22
2021,4,1,0,right,Ginger FC,Week 4 Recap (Won),2021-W04-M06,Patrick Mahomes,QB,QB,True,False,False,30.03,42.72,,Patrick Mahomes ,QB,"["""", ""Aaron Rodgers"", ""26.05"", ""28.12"", ""QB"", ""QB"", ""QB"", ""42.72"", ""30.03"", ""Patrick Mahomes "", """"]",6,8,131.22,143.62
2021,4,1,1,left,Week 4 Recap (Won),Ginger FC,2021-W04-M06,DeAndre Hopkins,WR,WR,True,False,False,13.97,8.7,,DeAndre Hopkins,WR,"["""", ""DeAndre Hopkins"", ""13.97"", ""8.70"", ""WR"", ""WR"", ""WR"", ""27.90"", ""14.47"", ""DJ Moore"", """"]",6,8,143.62,131.22
2021,4,1,1,right,Ginger FC,Week 4 Recap (Won),2021-W04-M06,DJ Moore,WR,WR,True,False,False,14.47,27.9,,DJ Moore,WR,"["""", ""DeAndre Hopkins"", ""13.97"", ""8.70"", ""WR"", ""WR"", ""WR"", ""27.90"", ""14.47"", ""DJ Moore"", """"]",6,8,131.22,143.62
2021,4,1,2,left,Week 4 Recap (Won),Ginger FC,2021-W04-M06,DK Metcalf,WR,WR,True,False,False,14.3,14.5,,DK Metcalf ,WR,"["""", ""DK Metcalf "", ""14.30"", ""14.50"", ""WR"", ""WR"", ""WR"", ""2.10"", ""11.53"", ""JuJu Smith-Schuster"", """"]",6,8,143.62,131.22
2021,4,1,2,right,Ginger FC,Week 4 Recap (Won),2021-W04-M06,JuJu Smith-Schuster,WR,WR,True,False,False,11.53,2.1,,JuJu Smith-Schuster,WR,"["""", ""DK Metcalf "", ""14.30"", ""14.50"", ""WR"", ""WR"", ""WR"", ""2.10"", ""11.53"", ""JuJu Smith-Schuster"", """"]",6,8,131.22,143.62
2021,4,1,3,left,Week 4 Recap (Won),Ginger FC,2021-W04-M06,Ezekiel Elliott,RB,RB,True,False,False,15.37,20.3,,Ezekiel Elliott,RB,"["""", ""Ezekiel Elliott"", ""15.37"", ""20.30"", ""RB"", ""RB"", ""RB"", ""20.10"", ""11.37"", ""James Robinson"", """"]",6,8,143.62,131.22
2021,4,1,3,right,Ginger FC,Week 4 Recap (Won),2021-W04-M06,James Robinson,RB,RB,True,False,False,11.37,20.1,,James Robinson,RB,"["""", ""Ezekiel Elliott"", ""15.37"", ""20.30"", ""RB"", ""RB"", ""RB"", ""20.10"", ""11.37"", ""James Robinson"", """"]",6,8,131.22,143.62
2021,4,1,4,left,Week 4 Recap (Won),Ginger FC,2021-W04-M06,Leonard Fournette,RB,RB,True,False,False,12.29,15.4,,Leonard Fournette,RB,"["""", ""Leonard Fournette"", ""12.29"", ""15.40"", ""RB"", ""RB"", ""RB"", ""17.90"", ""6.42"", ""Kenny Gainwell"", """"]",6,8,143.62,131.22
2021,4,1,4,right,Ginger FC,Week 4 Recap (Won),2021-W04-M06,Kenny Gainwell,RB,RB,True,False,False,6.42,17.9,,Kenny Gainwell,RB,"["""", ""Leonard Fournette"", ""12.29"", ""15.40"", ""RB"", ""RB"", ""RB"", ""17.90"", ""6.42"", ""Kenny Gainwell"", """"]",6,8,131.22,143.62
2021,4,1,5,left,Week 4 Recap (Won),Ginger FC,2021-W04-M06,Dawson Knox,TE,TE,True,False,False,8.12,18.2,,Dawson Knox,TE,"["""", ""Dawson Knox"", ""8.12"", ""18.20"", ""TE"", ""TE"", ""TE"", ""1.80"", ""6.45"", ""Robert Tonyan"", """"]",6,8,143.62,131.22
2021,4,1,5,right,Ginger FC,Week 4 Recap (Won),2021-W04-M06,Robert Tonyan,TE,TE,True,False,False,6.45,1.8,,Robert Tonyan,TE,"["""", ""Dawson Knox"", ""8.12"", ""18.20"", ""TE"", ""TE"", ""TE"", ""1.80"", ""6.45"", ""Robert Tonyan"", """"]",6,8,131.22,143.62
2021,4,1,6,left,Week 4 Recap (Won),Ginger FC,2021-W04-M06,Amari Cooper,,W/R/T,True,False,False,14.73,14.4,,Amari Cooper,W/R/T,"["""", ""Amari Cooper"", ""14.73"", ""14.40"", ""W/R/T"", ""W/R/T"", ""W/R/T"", ""7.70"", ""9.93"", ""Melvin Gordon III"", """"]",6,8,143.62,131.22
2021,4,1,6,right,Ginger FC,Week 4 Recap (Won),2021-W04-M06,Melvin Gordon III,,W/R/T,True,False,False,9.93,7.7,,Melvin Gordon III,W/R/T,"["""", ""Amari Cooper"", ""14.73"", ""14.40"", ""W/R/T"", ""W/R/T"", ""W/R/T"", ""7.70"", ""9.93"", ""Melvin Gordon III"", """"]",6,8,131.22,143.62
2021,4,1,7,left,Week 4 Recap (Won),Ginger FC,2021-W04-M06,Ryan Succop,K,K,True,False,False,9.11,15.0,,Ryan Succop,K,"["""", ""Ryan Succop"", ""9.11"", ""15.00"", ""K"", ""K"", ""K"", ""6.00"", ""9.91"", ""Greg Zuerlein"", """"]",6,8,143.62,131.22
2021,4,1,7,right,Ginger FC,Week 4 Recap (Won),2021-W04-M06,Greg Zuerlein,K,K,True,False,False,9.91,6.0,,Greg Zuerlein,K,"["""", ""Ryan Succop"", ""9.11"", ""15.00"", ""K"", ""K"", ""K"", ""6.00"", ""9.91"", ""Greg Zuerlein"", """"]",6,8,131.22,143.62
2021,4,1,8,left,Week 4 Recap (Won),Ginger FC,2021-W04-M06,Buccaneers - DEF,DEF,DEF,True,False,False,7.24,9.0,,Buccaneers - DEF,DEF,"["""", ""Buccaneers - DEF"", ""7.24"", ""9.00"", ""DEF"", ""DEF"", ""DEF"", ""5.00"", ""5.45"", ""Steelers - DEF"", """"]",6,8,143.62,131.22
2021,4,1,8,right,Ginger FC,Week 4 Recap (Won),2021-W04-M06,Steelers - DEF,DEF,DEF,True,False,False,5.45,5.0,,Steelers - DEF,DEF,"["""", ""Buccaneers - DEF"", ""7.24"", ""9.00"", ""DEF"", ""DEF"", ""DEF"", ""5.00"", ""5.45"", ""Steelers - DEF"", """"]",6,8,131.22,143.62
2021,4,2,0,left,Week 4 Recap (Won),Ginger FC,2021-W04-M06,Rob Gronkowski,,BN,False,True,False,0.0,0.0,,Rob Gronkowski,BN,"["""", ""Rob Gronkowski"", ""0.00"", ""0.00"", ""BN"", ""BN"", ""BN"", ""8.40"", ""8.28"", ""Marquez Callaway"", """"]",6,8,143.62,131.22
2021,4,2,0,right,Ginger FC,Week 4 Recap (Won),2021-W04-M06,Marquez Callaway,,BN,False,True,False,8.28,8.4,,Marquez Callaway,BN,"["""", ""Rob Gronkowski"", ""0.00"", ""0.00"", ""BN"", ""BN"", ""BN"", ""8.40"", ""8.28"", ""Marquez Callaway"", """"]",6,8,131.22,143.62
2021,4,2,1,left,Week 4 Recap (Won),Ginger FC,2021-W04-M06,Javonte Williams,,BN,False,True,False,8.8,7.4,,Javonte Williams,BN,"["""", ""Javonte Williams"", ""8.80"", ""7.40"", ""BN"", ""BN"", ""BN"", ""5.10"", ""9.65"", ""Mecole Hardman Jr."", """"]",6,8,143.62,131.22
2021,4,2,1,right,Ginger FC,Week 4 Recap (Won),2021-W04-M06,Mecole Hardman Jr.,,BN,False,True,False,9.65,5.1,,Mecole Hardman Jr.,BN,"["""", ""Javonte Williams"", ""8.80"", ""7.40"", ""BN"", ""BN"", ""BN"", ""5.10"", ""9.65"", ""Mecole Hardman Jr."", """"]",6,8,131.22,143.62
2021,4,2,2,left,Week 4 Recap (Won),Ginger FC,2021-W04-M06,Devin Singletary,,BN,False,True,False,10.64,9.1,,Devin Singletary,BN,"["""", ""Devin Singletary"", ""10.64"", ""9.10"", ""BN"", ""BN"", ""BN"", ""8.20"", ""8.66"", ""Josh Jacobs"", """"]",6,8,143.62,131.22
2021,4,2,2,right,Ginger FC,Week 4 Recap (Won),2021-W04-M06,Josh Jacobs,,BN,False,True,False,8.66,8.2,,Josh Jacobs,BN,"["""", ""Devin Singletary"", ""10.64"", ""9.10"", ""BN"", ""BN"", ""BN"", ""8.20"", ""8.66"", ""Josh Jacobs"", """"]",6,8,131.22,143.62
2021,4,2,3,left,Week 4 Recap (Won),Ginger FC,2021-W04-M06,Laviska Shenault Jr.,,BN,False,True,False,9.32,14.0,,Laviska Shenault Jr.,BN,"["""", ""Laviska Shenault Jr."", ""9.32"", ""14.00"", ""BN"", ""BN"", ""BN"", ""2.60"", ""8.56"", ""Jalen Reagor"", """"]",6,8,143.62,131.22
2021,4,2,3,right,Ginger FC,Week 4 Recap (Won),2021-W04-M06,Jalen Reagor,,BN,False,True,False,8.56,2.6,,Jalen Reagor,BN,"["""", ""Laviska Shenault Jr."", ""9.32"", ""14.00"", ""BN"", ""BN"", ""BN"", ""2.60"", ""8.56"", ""Jalen Reagor"", """"]",6,8,131.22,143.62
2021,4,2,4,left,Week 4 Recap (Won),Ginger FC,2021-W04-M06,T.Y. Hilton,,BN,False,True,False,0.0,0.0,,T.Y. Hilton,BN,"["""", ""T.Y. Hilton"", ""0.00"", ""0.00"", ""BN"", ""BN"", ""BN"", ""0.00"", ""0.00"", ""Sterling Shepard"", """"]",6,8,143.62,131.22
2021,4,2,4,right,Ginger FC,Week 4 Recap (Won),2021-W04-M06,Sterling Shepard,,BN,False,True,False,0.0,0.0,,Sterling Shepard,BN,"["""", ""T.Y. Hilton"", ""0.00"", ""0.00"", ""BN"", ""BN"", ""BN"", ""0.00"", ""0.00"", ""Sterling Shepard"", """"]",6,8,131.22,143.62
2021,4,2,5,left,Week 4 Recap (Won),Ginger FC,2021-W04-M06,Josh Gordon,,BN,False,True,False,0.0,0.0,,Josh Gordon,BN,"["""", ""Josh Gordon"", ""0.00"", ""0.00"", ""BN"", ""BN"", ""BN"", ""22.68"", ""20.93"", ""Zach Wilson"", """"]",6,8,143.62,131.22
2021,4,2,5,right,Ginger FC,Week 4 Recap (Won),2021-W04-M06,Zach Wilson,,BN,False,True,False,20.93,22.68,,Zach Wilson,BN,"["""", ""Josh Gordon"", ""0.00"", ""0.00"", ""BN"", ""BN"", ""BN"", ""22.68"", ""20.93"", ""Zach Wilson"", """"]",6,8,131.22,143.62
2021,4,2,6,left,Week 4 Recap (Won),Ginger FC,2021-W04-M06,Jarvis Landry,,IR,False,False,True,0.0,0.0,,Jarvis Landry,IR,"["""", ""Jarvis Landry"", ""0.00"", ""0.00"", ""IR"", ""IR"", ""IR"", ""–"", ""0.00"", ""(Empty)"", """"]",6,8,143.62,131.22
2021,4,2,6,right,Ginger FC,Week 4 Recap (Won),2021-W04-M06,(Empty),,IR,False,False,True,0.0,,,(Empty),IR,"["""", ""Jarvis Landry"", ""0.00"", ""0.00"", ""IR"", ""IR"", ""IR"", ""–"", ""0.00"", ""(Empty)"", """"]",6,8,131.22,143.62
2021,5,1,0,left,The Big Gronkowski,Pop Lockett Drop it,2021-W05-M01,Matthew Stafford,QB,QB,True,False,False,27.47,19.5,,Matthew Stafford,QB,"["""", ""Matthew Stafford"", ""27.47"", ""19.50"", ""QB"", ""QB"", ""QB"", ""8.24"", ""22.48"", ""Derek Carr"", """"]",1,1,104.3,124.24
2021,5,1,0,right,Pop Lockett Drop it,The Big Gronkowski,2021-W05-M01,Derek Carr,QB,QB,True,False,False,22.48,8.24,,Derek Carr,QB,"["""", ""Matthew Stafford"", ""27.47"", ""19.50"", ""QB"", ""QB"", ""QB"", ""8.24"", ""22.48"", ""Derek Carr"", """"]",1,1,124.24,104.3
2021,5,1,1,left,The Big Gronkowski,Pop Lockett Drop it,2021-W05-M01,Cooper Kupp,WR,WR,True,False,False,15.31,12.7,,Cooper Kupp,WR,"["""", ""Cooper Kupp"", ""15.31"", ""12.70"", ""WR"", ""WR"", ""WR"", ""7.90"", ""15.83"", ""Stefon Diggs "", """"]",1,1,104.3,124.24
2021,5,1,1,right,Pop Lockett Drop it,The Big Gronkowski,2021-W05-M01,Stefon Diggs,WR,WR,True,False,False,15.83,7.9,,Stefon Diggs ,WR,"["""", ""Cooper Kupp"", ""15.31"", ""12.70"", ""WR"", ""WR"", ""WR"", ""7.90"", ""15.83"", ""Stefon Diggs "", """"]",1,1,124.24,104.3
2021,5,1,2,left,The Big Gronkowski,Pop Lockett Drop it,2021-W05-M01,Tyler Lockett,WR,WR,True,False,False,13.11,8.2,,Tyler Lockett,WR,"["""", ""Tyler Lockett"", ""13.11"", ""8.20"", ""WR"", ""WR"", ""WR"", ""29.00"", ""11.93"", ""Hollywood Brown"", """"]",1,1,104.3,124.24
2021,5,1,2,right,Pop Lockett Drop it,The Big Gronkowski,2021-W05-M01,Hollywood Brown,WR,WR,True,False,False,11.93,29.0,,Hollywood Brown,WR,"["""", ""Tyler Lockett"", ""13.11"", ""8.20"", ""WR"", ""WR"", ""WR"", ""29.00"", ""11.93"", ""Hollywood Brown"", """"]",1,1,124.24,104.3
2021,5,1,3,left,The Big Gronkowski,Pop Lockett Drop it,2021-W05-M01,Antonio Gibson,RB,RB,True,False,False,12.56,20.2,,Antonio Gibson,RB,"["""", ""Antonio Gibson"", ""12.56"", ""20.20"", ""RB"", ""RB"", ""RB"", ""30.40"", ""16.65"", ""Austin Ekeler"", """"]",1,1,104.3,124.24
2021,5,1,3,right,Pop Lockett Drop it,The Big Gronkowski,2021-W05-M01,Austin Ekeler,RB,RB,True,False,False,16.65,30.4,,Austin Ekeler,RB,"["""", ""Antonio Gibson"", ""12.56"", ""20.20"", ""RB"", ""RB"", ""RB"", ""30.40"", ""16.65"", ""Austin Ekeler"", """"]",1,1,124.24,104.3
2021,5,1,4,left,The Big Gronkowski,Pop Lockett Drop it,2021-W05-M01,Najee Harris,RB,RB,True,False,False,15.33,21.2,,Najee Harris,RB,"["""", ""Najee Harris"", ""15.33"", ""21.20"", ""RB"", ""RB"", ""RB"", ""7.50"", ""8.12"", ""Jamaal Williams"", """"]",1,1,104.3,124.24
2021,5,1,4,right,Pop Lockett Drop it,The Big Gronkowski,2021-W05-M01,Jamaal Williams,RB,RB,True,False,False,8.12,7.5,,Jamaal Williams,RB,"["""", ""Najee Harris"", ""15.33"", ""21.20"", ""RB"", ""RB"", ""RB"", ""7.50"", ""8.12"", ""Jamaal Williams"", """"]",1,1,124.24,104.3
2021,5,1,5,left,The Big Gronkowski,Pop Lockett Drop it,2021-W05-M01,Darren Waller,TE,TE,True,False,False,14.45,6.5,,Darren Waller ,TE,"["""", ""Darren Waller "", ""14.45"", ""6.50"", ""TE"", ""TE"", ""TE"", ""14.70"", ""16.59"", ""Travis Kelce"", """"]",1,1,104.3,124.24
2021,5,1,5,right,Pop Lockett Drop it,The Big Gronkowski,2021-W05-M01,Travis Kelce,TE,TE,True,False,False,16.59,14.7,,Travis Kelce,TE,"["""", ""Darren Waller "", ""14.45"", ""6.50"", ""TE"", ""TE"", ""TE"", ""14.70"", ""16.59"", ""Travis Kelce"", """"]",1,1,124.24,104.3
2021,5,1,6,left,The Big Gronkowski,Pop Lockett Drop it,2021-W05-M01,Cole Beasley,,W/R/T,True,False,False,11.18,1.0,,Cole Beasley,W/R/T,"["""", ""Cole Beasley"", ""11.18"", ""1.00"", ""W/R/T"", ""W/R/T"", ""W/R/T"", ""21.50"", ""11.63"", ""Courtland Sutton"", """"]",1,1,104.3,124.24
2021,5,1,6,right,Pop Lockett Drop it,The Big Gronkowski,2021-W05-M01,Courtland Sutton,,W/R/T,True,False,False,11.63,21.5,,Courtland Sutton,W/R/T,"["""", ""Cole Beasley"", ""11.18"", ""1.00"", ""W/R/T"", ""W/R/T"", ""W/R/T"", ""21.50"", ""11.63"", ""Courtland Sutton"", """"]",1,1,124.24,104.3
2021,5,1,7,left,The Big Gronkowski,Pop Lockett Drop it,2021-W05-M01,Brandon McManus,K,K,True,False,False,7.99,7.0,,Brandon McManus,K,"["""", ""Brandon McManus"", ""7.99"", ""7.00"", ""K"", ""K"", ""K"", ""8.00"", ""7.29"", ""Rodrigo Blankenship"", """"]",1,1,104.3,124.24
2021,5,1,7,right,Pop Lockett Drop it,The Big Gronkowski,2021-W05-M01,Rodrigo Blankenship,K,K,True,False,False,7.29,8.0,,Rodrigo Blankenship,K,"["""", ""Brandon McManus"", ""7.99"", ""7.00"", ""K"", ""K"", ""K"", ""8.00"", ""7.29"", ""Rodrigo Blankenship"", """"]",1,1,124.24,104.3
2021,5,1,8,left,The Big Gronkowski,Pop Lockett Drop it,2021-W05-M01,Panthers - DEF,DEF,DEF,True,False,False,7.24,8.0,,Panthers - DEF,DEF,"["""", ""Panthers - DEF"", ""7.24"", ""8.00"", ""DEF"", ""DEF"", ""DEF"", ""-3.00"", ""5.83"", ""Chargers - DEF"", """"]",1,1,104.3,124.24
2021,5,1,8,right,Pop Lockett Drop it,The Big Gronkowski,2021-W05-M01,Chargers - DEF,DEF,DEF,True,False,False,5.83,-3.0,,Chargers - DEF,DEF,"["""", ""Panthers - DEF"", ""7.24"", ""8.00"", ""DEF"", ""DEF"", ""DEF"", ""-3.00"", ""5.83"", ""Chargers - DEF"", """"]",1,1,124.24,104.3
2021,5,2,0,left,The Big Gronkowski,Pop Lockett Drop it,2021-W05-M01,Michael Pittman Jr.,,BN,False,True,False,12.31,17.9,,Michael Pittman Jr.,BN,"["""", ""Michael Pittman Jr."", ""12.31"", ""17.90"", ""BN"", ""BN"", ""BN"", ""4.00"", ""9.68"", ""Robbie Chosen"", """"]",1,1,104.3,124.24
2021,5,2,0,right,Pop Lockett Drop it,The Big Gronkowski,2021-W05-M01,Robbie Chosen,,BN,False,True,False,9.68,4.0,,Robbie Chosen,BN,"["""", ""Michael Pittman Jr."", ""12.31"", ""17.90"", ""BN"", ""BN"", ""BN"", ""4.00"", ""9.68"", ""Robbie Chosen"", """"]",1,1,124.24,104.3
2021,5,2,1,left,The Big Gronkowski,Pop Lockett Drop it,2021-W05-M01,Chase Claypool,,BN,False,True,False,10.46,21.5,,Chase Claypool,BN,"["""", ""Chase Claypool"", ""10.46"", ""21.50"", ""BN"", ""BN"", ""BN"", ""11.00"", ""6.18"", ""Sony Michel"", """"]",1,1,104.3,124.24
2021,5,2,1,right,Pop Lockett Drop it,The Big Gronkowski,2021-W05-M01,Sony Michel,,BN,False,True,False,6.18,11.0,,Sony Michel,BN,"["""", ""Chase Claypool"", ""10.46"", ""21.50"", ""BN"", ""BN"", ""BN"", ""11.00"", ""6.18"", ""Sony Michel"", """"]",1,1,124.24,104.3
2021,5,2,2,left,The Big Gronkowski,Pop Lockett Drop it,2021-W05-M01,AJ Dillon,,BN,False,True,False,7.11,15.9,,AJ Dillon,BN,"["""", ""AJ Dillon"", ""7.11"", ""15.90"", ""BN"", ""BN"", ""BN"", ""7.60"", ""4.73"", ""David Johnson"", """"]",1,1,104.3,124.24
2021,5,2,2,right,Pop Lockett Drop it,The Big Gronkowski,2021-W05-M01,David Johnson,,BN,False,True,False,4.73,7.6,,David Johnson,BN,"["""", ""AJ Dillon"", ""7.11"", ""15.90"", ""BN"", ""BN"", ""BN"", ""7.60"", ""4.73"", ""David Johnson"", """"]",1,1,124.24,104.3
2021,5,2,3,left,The Big Gronkowski,Pop Lockett Drop it,2021-W05-M01,Nyheim Miller-Hines,,BN,False,True,False,9.27,1.8,,Nyheim Miller-Hines,BN,"["""", ""Nyheim Miller-Hines"", ""9.27"", ""1.80"", ""BN"", ""BN"", ""BN"", ""0.00"", ""0.00"", ""Michael Gallup"", """"]",1,1,104.3,124.24
2021,5,2,3,right,Pop Lockett Drop it,The Big Gronkowski,2021-W05-M01,Michael Gallup,,BN,False,True,False,0.0,0.0,,Michael Gallup,BN,"["""", ""Nyheim Miller-Hines"", ""9.27"", ""1.80"", ""BN"", ""BN"", ""BN"", ""0.00"", ""0.00"", ""Michael Gallup"", """"]",1,1,124.24,104.3
2021,5,2,4,left,The Big Gronkowski,Pop Lockett Drop it,2021-W05-M01,Gerald Everett,,BN,False,True,False,0.0,0.0,,Gerald Everett,BN,"["""", ""Gerald Everett"", ""0.00"", ""0.00"", ""BN"", ""BN"", ""BN"", ""6.60"", ""10.92"", ""Henry Ruggs III"", """"]",1,1,104.3,124.24
2021,5,2,4,right,Pop Lockett Drop it,The Big Gronkowski,2021-W05-M01,Henry Ruggs III,,BN,False,True,False,10.92,6.6,,Henry Ruggs III,BN,"["""", ""Gerald Everett"", ""0.00"", ""0.00"", ""BN"", ""BN"", ""BN"", ""6.60"", ""10.92"", ""Henry Ruggs III"", """"]",1,1,124.24,104.3
2021,5,2,5,left,The Big Gronkowski,Pop Lockett Drop it,2021-W05-M01,Joe Burrow,,BN,False,True,False,24.01,24.34,,Joe Burrow,BN,"["""", ""Joe Burrow"", ""24.01"", ""24.34"", ""BN"", ""BN"", ""BN"", ""0.00"", ""0.00"", ""DeVante Parker"", """"]",1,1,104.3,124.24
2021,5,2,5,right,Pop Lockett Drop it,The Big Gronkowski,2021-W05-M01,DeVante Parker,,BN,False,True,False,0.0,0.0,,DeVante Parker,BN,"["""", ""Joe Burrow"", ""24.01"", ""24.34"", ""BN"", ""BN"", ""BN"", ""0.00"", ""0.00"", ""DeVante Parker"", """"]",1,1,124.24,104.3
2021,5,2,6,left,The Big Gronkowski,Pop Lockett Drop it,2021-W05-M01,Robbie Gould,,IR,False,False,True,0.0,0.0,,Robbie Gould,IR,"["""", ""Robbie Gould"", ""0.00"", ""0.00"", ""IR"", ""IR"", ""IR"", ""–"", ""0.00"", ""(Empty)"", """"]",1,1,104.3,124.24
2021,5,2,6,right,Pop Lockett Drop it,The Big Gronkowski,2021-W05-M01,(Empty),,IR,False,False,True,0.0,,,(Empty),IR,"["""", ""Robbie Gould"", ""0.00"", ""0.00"", ""IR"", ""IR"", ""IR"", ""–"", ""0.00"", ""(Empty)"", """"]",1,1,124.24,104.3
2021,5,1,0,left,Malle ❤️ 🐸,ThreatLevelMidnight,2021-W05-M02,Tom Brady,QB,QB,True,False,False,27.33,47.74,,Tom Brady,QB,"["""", ""Tom Brady"", ""27.33"", ""47.74"", ""QB"", ""QB"", ""QB"", ""12.08"", ""24.93"", ""Russell Wilson"", """"]",2,2,122.94,102.78
2021,5,1,0,right,ThreatLevelMidnight,Malle ❤️ 🐸,2021-W05-M02,Russell Wilson,QB,QB,True,False,False,24.93,12.08,,Russell Wilson,QB,"["""", ""Tom Brady"", ""27.33"", ""47.74"", ""QB"", ""QB"", ""QB"", ""12.08"", ""24.93"", ""Russell Wilson"", """"]",2,2,102.78,122.94
2021,5,1,1,left,Malle ❤️ 🐸,ThreatLevelMidnight,2021-W05-M02,Tyreek Hill,WR,WR,True,False,False,17.57,11.3,,Tyreek Hill,WR,"["""", ""Tyreek Hill"", ""17.57"", ""11.30"", ""WR"", ""WR"", ""WR"", ""32.10"", ""18.95"", ""Davante Adams"", """"]",2,2,122.94,102.78
2021,5,1,1,right,ThreatLevelMidnight,Malle ❤️ 🐸,2021-W05-M02,Davante Adams,WR,WR,True,False,False,18.95,32.1,,Davante Adams,WR,"["""", ""Tyreek Hill"", ""17.57"", ""11.30"", ""WR"", ""WR"", ""WR"", ""32.10"", ""18.95"", ""Davante Adams"", """"]",2,2,102.78,122.94
2021,5,1,2,left,Malle ❤️ 🐸,ThreatLevelMidnight,2021-W05-M02,Keenan Allen,WR,WR,True,False,False,13.94,10.5,,Keenan Allen,WR,"["""", ""Keenan Allen"", ""13.94"", ""10.50"", ""WR"", ""WR"", ""WR"", ""10.50"", ""13.86"", ""Chris Godwin Jr."", """"]",2,2,122.94,102.78
2021,5,1,2,right,ThreatLevelMidnight,Malle ❤️ 🐸,2021-W05-M02,Chris Godwin Jr.,WR,WR,True,False,False,13.86,10.5,,Chris Godwin Jr.,WR,"["""", ""Keenan Allen"", ""13.94"", ""10.50"", ""WR"", ""WR"", ""WR"", ""10.50"", ""13.86"", ""Chris Godwin Jr."", """"]",2,2,102.78,122.94
2021,5,1,3,left,Malle ❤️ 🐸,ThreatLevelMidnight,2021-W05-M02,Damien Harris,RB,RB,True,False,False,13.33,9.8,,Damien Harris ,RB,"["""", ""Damien Harris "", ""13.33"", ""9.80"", ""RB"", ""RB"", ""RB"", ""16.40"", ""15.75"", ""Darrell Henderson Jr."", """"]",2,2,122.94,102.78
2021,5,1,3,right,ThreatLevelMidnight,Malle ❤️ 🐸,2021-W05-M02,Darrell Henderson Jr.,RB,RB,True,False,False,15.75,16.4,,Darrell Henderson Jr.,RB,"["""", ""Damien Harris "", ""13.33"", ""9.80"", ""RB"", ""RB"", ""RB"", ""16.40"", ""15.75"", ""Darrell Henderson Jr."", """"]",2,2,102.78,122.94
2021,5,1,4,left,Malle ❤️ 🐸,ThreatLevelMidnight,2021-W05-M02,Mark Ingram II,RB,RB,True,False,False,7.91,4.1,,Mark Ingram II,RB,"["""", ""Mark Ingram II"", ""7.91"", ""4.10"", ""RB"", ""RB"", ""RB"", ""15.90"", ""12.11"", ""Chuba Hubbard"", """"]",2,2,122.94,102.78
2021,5,1,4,right,ThreatLevelMidnight,Malle ❤️ 🐸,2021-W05-M02,Chuba Hubbard,RB,RB,True,False,False,12.11,15.9,,Chuba Hubbard,RB,"["""", ""Mark Ingram II"", ""7.91"", ""4.10"", ""RB"", ""RB"", ""RB"", ""15.90"", ""12.11"", ""Chuba Hubbard"", """"]",2,2,102.78,122.94
2021,5,1,5,left,Malle ❤️ 🐸,ThreatLevelMidnight,2021-W05-M02,T.J. Hockenson,TE,TE,True,False,False,11.32,3.2,,T.J. Hockenson,TE,"["""", ""T.J. Hockenson"", ""11.32"", ""3.20"", ""TE"", ""TE"", ""TE"", ""3.50"", ""10.26"", ""Noah Fant"", """"]",2,2,122.94,102.78
2021,5,1,5,right,ThreatLevelMidnight,Malle ❤️ 🐸,2021-W05-M02,Noah Fant,TE,TE,True,False,False,10.26,3.5,,Noah Fant,TE,"["""", ""T.J. Hockenson"", ""11.32"", ""3.20"", ""TE"", ""TE"", ""TE"", ""3.50"", ""10.26"", ""Noah Fant"", """"]",2,2,102.78,122.94
2021,5,1,6,left,Malle ❤️ 🐸,ThreatLevelMidnight,2021-W05-M02,Mike Evans,,W/R/T,True,False,False,15.12,26.3,,Mike Evans,W/R/T,"["""", ""Mike Evans"", ""15.12"", ""26.30"", ""W/R/T"", ""W/R/T"", ""W/R/T"", ""4.30"", ""11.89"", ""Jaylen Waddle"", """"]",2,2,122.94,102.78
2021,5,1,6,right,ThreatLevelMidnight,Malle ❤️ 🐸,2021-W05-M02,Jaylen Waddle,,W/R/T,True,False,False,11.89,4.3,,Jaylen Waddle,W/R/T,"["""", ""Mike Evans"", ""15.12"", ""26.30"", ""W/R/T"", ""W/R/T"", ""W/R/T"", ""4.30"", ""11.89"", ""Jaylen Waddle"", """"]",2,2,102.78,122.94
2021,5,1,7,left,Malle ❤️ 🐸,ThreatLevelMidnight,2021-W05-M02,Justin Tucker,K,K,True,False,False,10.38,3.0,,Justin Tucker,K,"["""", ""Justin Tucker"", ""10.38"", ""3.00"", ""K"", ""K"", ""K"", ""8.00"", ""9.71"", ""Tyler Bass"", """"]",2,2,122.94,102.78
2021,5,1,7,right,ThreatLevelMidnight,Malle ❤️ 🐸,2021-W05-M02,Tyler Bass,K,K,True,False,False,9.71,8.0,,Tyler Bass,K,"["""", ""Justin Tucker"", ""10.38"", ""3.00"", ""K"", ""K"", ""K"", ""8.00"", ""9.71"", ""Tyler Bass"", """"]",2,2,102.78,122.94
2021,5,1,8,left,Malle ❤️ 🐸,ThreatLevelMidnight,2021-W05-M02,Rams - DEF,DEF,DEF,True,False,False,5.91,7.0,,Rams - DEF,DEF,"["""", ""Rams - DEF"", ""5.91"", ""7.00"", ""DEF"", ""DEF"", ""DEF"", ""0.00"", ""5.60"", ""Browns - DEF"", """"]",2,2,122.94,102.78
2021,5,1,8,right,ThreatLevelMidnight,Malle ❤️ 🐸,2021-W05-M02,Browns - DEF,DEF,DEF,True,False,False,5.6,0.0,,Browns - DEF,DEF,"["""", ""Rams - DEF"", ""5.91"", ""7.00"", ""DEF"", ""DEF"", ""DEF"", ""0.00"", ""5.60"", ""Browns - DEF"", """"]",2,2,102.78,122.94
2021,5,2,0,left,Malle ❤️ 🐸,ThreatLevelMidnight,2021-W05-M02,Phillip Lindsay,,BN,False,True,False,3.54,1.9,,Phillip Lindsay,BN,"["""", ""Phillip Lindsay"", ""3.54"", ""1.90"", ""BN"", ""BN"", ""BN"", ""7.60"", ""12.20"", ""Jakobi Meyers"", """"]",2,2,122.94,102.78
2021,5,2,0,right,ThreatLevelMidnight,Malle ❤️ 🐸,2021-W05-M02,Jakobi Meyers,,BN,False,True,False,12.2,7.6,,Jakobi Meyers,BN,"["""", ""Phillip Lindsay"", ""3.54"", ""1.90"", ""BN"", ""BN"", ""BN"", ""7.60"", ""12.20"", ""Jakobi Meyers"", """"]",2,2,102.78,122.94
2021,5,2,1,left,Malle ❤️ 🐸,ThreatLevelMidnight,2021-W05-M02,Adam Thielen,,BN,False,True,False,15.06,5.0,,Adam Thielen,BN,"["""", ""Adam Thielen"", ""15.06"", ""5.00"", ""BN"", ""BN"", ""BN"", ""11.10"", ""10.78"", ""Mike Davis "", """"]",2,2,122.94,102.78
2021,5,2,1,right,ThreatLevelMidnight,Malle ❤️ 🐸,2021-W05-M02,Mike Davis,,BN,False,True,False,10.78,11.1,,Mike Davis ,BN,"["""", ""Adam Thielen"", ""15.06"", ""5.00"", ""BN"", ""BN"", ""BN"", ""11.10"", ""10.78"", ""Mike Davis "", """"]",2,2,102.78,122.94
2021,5,2,2,left,Malle ❤️ 🐸,ThreatLevelMidnight,2021-W05-M02,Jalen Hurts,,BN,False,True,False,24.75,23.92,,Jalen Hurts,BN,"["""", ""Jalen Hurts"", ""24.75"", ""23.92"", ""BN"", ""BN"", ""BN"", ""10.00"", ""11.39"", ""Joe Mixon"", """"]",2,2,122.94,102.78
2021,5,2,2,right,ThreatLevelMidnight,Malle ❤️ 🐸,2021-W05-M02,Joe Mixon,,BN,False,True,False,11.39,10.0,,Joe Mixon,BN,"["""", ""Jalen Hurts"", ""24.75"", ""23.92"", ""BN"", ""BN"", ""BN"", ""10.00"", ""11.39"", ""Joe Mixon"", """"]",2,2,102.78,122.94
2021,5,2,3,left,Malle ❤️ 🐸,ThreatLevelMidnight,2021-W05-M02,Jonnu Smith,,BN,False,True,False,7.45,4.2,,Jonnu Smith,BN,"["""", ""Jonnu Smith"", ""7.45"", ""4.20"", ""BN"", ""BN"", ""BN"", ""0.70"", ""6.24"", ""Trey Sermon"", """"]",2,2,122.94,102.78
2021,5,2,3,right,ThreatLevelMidnight,Malle ❤️ 🐸,2021-W05-M02,Trey Sermon,,BN,False,True,False,6.24,0.7,,Trey Sermon,BN,"["""", ""Jonnu Smith"", ""7.45"", ""4.20"", ""BN"", ""BN"", ""BN"", ""0.70"", ""6.24"", ""Trey Sermon"", """"]",2,2,102.78,122.94
2021,5,2,4,left,Malle ❤️ 🐸,ThreatLevelMidnight,2021-W05-M02,Alexander Mattison,,BN,False,True,False,16.59,22.8,,Alexander Mattison,BN,"["""", ""Alexander Mattison"", ""16.59"", ""22.80"", ""BN"", ""BN"", ""BN"", ""7.20"", ""9.16"", ""Elijah Mitchell"", """"]",2,2,122.94,102.78
2021,5,2,4,right,ThreatLevelMidnight,Malle ❤️ 🐸,2021-W05-M02,Elijah Mitchell,,BN,False,True,False,9.16,7.2,,Elijah Mitchell,BN,"["""", ""Alexander Mattison"", ""16.59"", ""22.80"", ""BN"", ""BN"", ""BN"", ""7.20"", ""9.16"", ""Elijah Mitchell"", """"]",2,2,102.78,122.94
2021,5,2,5,left,Malle ❤️ 🐸,ThreatLevelMidnight,2021-W05-M02,Ryan Fitzpatrick,,BN,False,True,False,0.0,0.0,,Ryan Fitzpatrick,BN,"["""", ""Ryan Fitzpatrick"", ""0.00"", ""0.00"", ""BN"", ""BN"", ""BN"", ""16.30"", ""5.73"", ""Samaje Perine"", """"]",2,2,122.94,102.78
2021,5,2,5,right,ThreatLevelMidnight,Malle ❤️ 🐸,2021-W05-M02,Samaje Perine,,BN,False,True,False,5.73,16.3,,Samaje Perine,BN,"["""", ""Ryan Fitzpatrick"", ""0.00"", ""0.00"", ""BN"", ""BN"", ""BN"", ""16.30"", ""5.73"", ""Samaje Perine"", """"]",2,2,102.78,122.94
2021,5,2,6,left,Malle ❤️ 🐸,ThreatLevelMidnight,2021-W05-M02,(Empty),,IR,False,False,True,0.0,,,(Empty),IR,"["""", ""(Empty)"", ""0.00"", ""–"", ""IR"", ""IR"", ""IR"", ""0.00"", ""0.00"", ""Jeff Wilson Jr."", """"]",2,2,122.94,102.78
2021,5,2,6,right,ThreatLevelMidnight,Malle ❤️ 🐸,2021-W05-M02,Jeff Wilson Jr.,,IR,False,False,True,0.0,0.0,,Jeff Wilson Jr.,IR,"["""", ""(Empty)"", ""0.00"", ""–"", ""IR"", ""IR"", ""IR"", ""0.00"", ""0.00"", ""Jeff Wilson Jr."", """"]",2,2,102.78,122.94
2021,5,1,0,left,Joe Mantegna,Voldemort,2021-W05-M03,Dak Prescott,QB,QB,True,False,False,27.48,27.68,,Dak Prescott,QB,"["""", ""Dak Prescott"", ""27.48"", ""27.68"", ""QB"", ""QB"", ""QB"", ""50.82"", ""25.81"", ""Justin Herbert"", """"]",3,3,142.98,101.52
2021,5,1,0,right,Voldemort,Joe Mantegna,2021-W05-M03,Justin Herbert,QB,QB,True,False,False,25.81,50.82,,Justin Herbert,QB,"["""", ""Dak Prescott"", ""27.48"", ""27.68"", ""QB"", ""QB"", ""QB"", ""50.82"", ""25.81"", ""Justin Herbert"", """"]",3,3,101.52,142.98
2021,5,1,1,left,Joe Mantegna,Voldemort,2021-W05-M03,Justin Jefferson,WR,WR,True,False,False,18.18,15.9,,Justin Jefferson ,WR,"["""", ""Justin Jefferson "", ""18.18"", ""15.90"", ""WR"", ""WR"", ""WR"", ""6.60"", ""14.19"", ""Terry McLaurin"", """"]",3,3,142.98,101.52
2021,5,1,1,right,Voldemort,Joe Mantegna,2021-W05-M03,Terry McLaurin,WR,WR,True,False,False,14.19,6.6,,Terry McLaurin,WR,"["""", ""Justin Jefferson "", ""18.18"", ""15.90"", ""WR"", ""WR"", ""WR"", ""6.60"", ""14.19"", ""Terry McLaurin"", """"]",3,3,101.52,142.98
2021,5,1,2,left,Joe Mantegna,Voldemort,2021-W05-M03,Robert Woods,WR,WR,True,False,False,12.81,21.0,,Robert Woods,WR,"["""", ""Robert Woods"", ""12.81"", ""21.00"", ""WR"", ""WR"", ""WR"", ""14.20"", ""13.27"", ""Diontae Johnson"", """"]",3,3,142.98,101.52
2021,5,1,2,right,Voldemort,Joe Mantegna,2021-W05-M03,Diontae Johnson,WR,WR,True,False,False,13.27,14.2,,Diontae Johnson,WR,"["""", ""Robert Woods"", ""12.81"", ""21.00"", ""WR"", ""WR"", ""WR"", ""14.20"", ""13.27"", ""Diontae Johnson"", """"]",3,3,101.52,142.98
2021,5,1,3,left,Joe Mantegna,Voldemort,2021-W05-M03,Nick Chubb,RB,RB,True,False,False,15.04,23.5,,Nick Chubb,RB,"["""", ""Nick Chubb"", ""15.04"", ""23.50"", ""RB"", ""RB"", ""RB"", ""7.60"", ""10.41"", ""Miles Sanders "", """"]",3,3,142.98,101.52
2021,5,1,3,right,Voldemort,Joe Mantegna,2021-W05-M03,Miles Sanders,RB,RB,True,False,False,10.41,7.6,,Miles Sanders ,RB,"["""", ""Nick Chubb"", ""15.04"", ""23.50"", ""RB"", ""RB"", ""RB"", ""7.60"", ""10.41"", ""Miles Sanders "", """"]",3,3,101.52,142.98
2021,5,1,4,left,Joe Mantegna,Voldemort,2021-W05-M03,Cordarrelle Patterson,RB,RB,True,False,False,11.65,14.9,,Cordarrelle Patterson,RB,"["""", ""Cordarrelle Patterson"", ""11.65"", ""14.90"", ""RB"", ""RB"", ""RB"", ""4.10"", ""6.52"", ""Ronald Jones"", """"]",3,3,142.98,101.52
2021,5,1,4,right,Voldemort,Joe Mantegna,2021-W05-M03,Ronald Jones,RB,RB,True,False,False,6.52,4.1,,Ronald Jones,RB,"["""", ""Cordarrelle Patterson"", ""11.65"", ""14.90"", ""RB"", ""RB"", ""RB"", ""4.10"", ""6.52"", ""Ronald Jones"", """"]",3,3,101.52,142.98
2021,5,1,5,left,Joe Mantegna,Voldemort,2021-W05-M03,Tyler Higbee,TE,TE,True,False,False,10.16,8.4,,Tyler Higbee,TE,"["""", ""Tyler Higbee"", ""10.16"", ""8.40"", ""TE"", ""TE"", ""TE"", ""3.40"", ""8.06"", ""Jared Cook"", """"]",3,3,142.98,101.52
2021,5,1,5,right,Voldemort,Joe Mantegna,2021-W05-M03,Jared Cook,TE,TE,True,False,False,8.06,3.4,,Jared Cook,TE,"["""", ""Tyler Higbee"", ""10.16"", ""8.40"", ""TE"", ""TE"", ""TE"", ""3.40"", ""8.06"", ""Jared Cook"", """"]",3,3,101.52,142.98
2021,5,1,6,left,Joe Mantegna,Voldemort,2021-W05-M03,Deebo Samuel Sr.,,W/R/T,True,False,False,14.77,14.6,,Deebo Samuel Sr.,W/R/T,"["""", ""Deebo Samuel Sr."", ""14.77"", ""14.60"", ""W/R/T"", ""W/R/T"", ""W/R/T"", ""1.80"", ""10.08"", ""A.J. Green"", """"]",3,3,142.98,101.52
2021,5,1,6,right,Voldemort,Joe Mantegna,2021-W05-M03,A.J. Green,,W/R/T,True,False,False,10.08,1.8,,A.J. Green,W/R/T,"["""", ""Deebo Samuel Sr."", ""14.77"", ""14.60"", ""W/R/T"", ""W/R/T"", ""W/R/T"", ""1.80"", ""10.08"", ""A.J. Green"", """"]",3,3,101.52,142.98
2021,5,1,7,left,Joe Mantegna,Voldemort,2021-W05-M03,Younghoe Koo,K,K,True,False,False,7.65,11.0,,Younghoe Koo,K,"["""", ""Younghoe Koo"", ""7.65"", ""11.00"", ""K"", ""K"", ""K"", ""10.00"", ""9.89"", ""Harrison Butker"", """"]",3,3,142.98,101.52
2021,5,1,7,right,Voldemort,Joe Mantegna,2021-W05-M03,Harrison Butker,K,K,True,False,False,9.89,10.0,,Harrison Butker,K,"["""", ""Younghoe Koo"", ""7.65"", ""11.00"", ""K"", ""K"", ""K"", ""10.00"", ""9.89"", ""Harrison Butker"", """"]",3,3,101.52,142.98
2021,5,1,8,left,Joe Mantegna,Voldemort,2021-W05-M03,Saints - DEF,DEF,DEF,True,False,False,6.76,6.0,,Saints - DEF,DEF,"["""", ""Saints - DEF"", ""6.76"", ""6.00"", ""DEF"", ""DEF"", ""DEF"", ""3.00"", ""8.04"", ""Broncos - DEF"", """"]",3,3,142.98,101.52
2021,5,1,8,right,Voldemort,Joe Mantegna,2021-W05-M03,Broncos - DEF,DEF,DEF,True,False,False,8.04,3.0,,Broncos - DEF,DEF,"["""", ""Saints - DEF"", ""6.76"", ""6.00"", ""DEF"", ""DEF"", ""DEF"", ""3.00"", ""8.04"", ""Broncos - DEF"", """"]",3,3,101.52,142.98
2021,5,2,0,left,Joe Mantegna,Voldemort,2021-W05-M03,Calvin Ridley,,BN,False,True,False,0.0,0.0,,Calvin Ridley,BN,"["""", ""Calvin Ridley"", ""0.00"", ""0.00"", ""BN"", ""BN"", ""BN"", ""0.00"", ""0.00"", ""Dalvin Cook"", """"]",3,3,142.98,101.52
2021,5,2,0,right,Voldemort,Joe Mantegna,2021-W05-M03,Dalvin Cook,,BN,False,True,False,0.0,0.0,,Dalvin Cook,BN,"["""", ""Calvin Ridley"", ""0.00"", ""0.00"", ""BN"", ""BN"", ""BN"", ""0.00"", ""0.00"", ""Dalvin Cook"", """"]",3,3,101.52,142.98
2021,5,2,1,left,Joe Mantegna,Voldemort,2021-W05-M03,David Montgomery,,BN,False,True,False,0.0,0.0,,David Montgomery,BN,"["""", ""David Montgomery"", ""0.00"", ""0.00"", ""BN"", ""BN"", ""BN"", ""26.90"", ""6.01"", ""Myles Gaskin"", """"]",3,3,142.98,101.52
2021,5,2,1,right,Voldemort,Joe Mantegna,2021-W05-M03,Myles Gaskin,,BN,False,True,False,6.01,26.9,,Myles Gaskin,BN,"["""", ""David Montgomery"", ""0.00"", ""0.00"", ""BN"", ""BN"", ""BN"", ""26.90"", ""6.01"", ""Myles Gaskin"", """"]",3,3,101.52,142.98
2021,5,2,2,left,Joe Mantegna,Voldemort,2021-W05-M03,Chase Edmonds,,BN,False,True,False,11.18,2.9,,Chase Edmonds,BN,"["""", ""Chase Edmonds"", ""11.18"", ""2.90"", ""BN"", ""BN"", ""BN"", ""0.00"", ""0.00"", ""George Kittle"", """"]",3,3,142.98,101.52
2021,5,2,2,right,Voldemort,Joe Mantegna,2021-W05-M03,George Kittle,,BN,False,True,False,0.0,0.0,,George Kittle,BN,"["""", ""Chase Edmonds"", ""11.18"", ""2.90"", ""BN"", ""BN"", ""BN"", ""0.00"", ""0.00"", ""George Kittle"", """"]",3,3,101.52,142.98
2021,5,2,3,left,Joe Mantegna,Voldemort,2021-W05-M03,Ty'Son Williams,,BN,False,True,False,3.57,3.1,,Ty'Son Williams,BN,"["""", ""Ty'Son Williams"", ""3.57"", ""3.10"", ""BN"", ""BN"", ""BN"", ""16.40"", ""25.18"", ""Kirk Cousins"", """"]",3,3,142.98,101.52
2021,5,2,3,right,Voldemort,Joe Mantegna,2021-W05-M03,Kirk Cousins,,BN,False,True,False,25.18,16.4,,Kirk Cousins,BN,"["""", ""Ty'Son Williams"", ""3.57"", ""3.10"", ""BN"", ""BN"", ""BN"", ""16.40"", ""25.18"", ""Kirk Cousins"", """"]",3,3,101.52,142.98
2021,5,2,4,left,Joe Mantegna,Voldemort,2021-W05-M03,Christian Kirk,,BN,False,True,False,8.49,7.5,,Christian Kirk,BN,"["""", ""Christian Kirk"", ""8.49"", ""7.50"", ""BN"", ""BN"", ""BN"", ""8.60"", ""9.03"", ""Hunter Renfrow"", """"]",3,3,142.98,101.52
2021,5,2,4,right,Voldemort,Joe Mantegna,2021-W05-M03,Hunter Renfrow,,BN,False,True,False,9.03,8.6,,Hunter Renfrow,BN,"["""", ""Christian Kirk"", ""8.49"", ""7.50"", ""BN"", ""BN"", ""BN"", ""8.60"", ""9.03"", ""Hunter Renfrow"", """"]",3,3,101.52,142.98
2021,5,2,5,left,Joe Mantegna,Voldemort,2021-W05-M03,Emmanuel Sanders,,BN,False,True,False,9.84,18.9,,Emmanuel Sanders,BN,"["""", ""Emmanuel Sanders"", ""9.84"", ""18.90"", ""BN"", ""BN"", ""BN"", ""5.10"", ""5.55"", ""Brandon Bolden"", """"]",3,3,142.98,101.52
2021,5,2,5,right,Voldemort,Joe Mantegna,2021-W05-M03,Brandon Bolden,,BN,False,True,False,5.55,5.1,,Brandon Bolden,BN,"["""", ""Emmanuel Sanders"", ""9.84"", ""18.90"", ""BN"", ""BN"", ""BN"", ""5.10"", ""5.55"", ""Brandon Bolden"", """"]",3,3,101.52,142.98
2021,5,2,6,left,Joe Mantegna,Voldemort,2021-W05-M03,Michael Thomas,,IR,False,False,True,0.0,0.0,,Michael Thomas,IR,"["""", ""Michael Thomas"", ""0.00"", ""0.00"", ""IR"", ""IR"", ""IR"", ""0.00"", ""0.00"", ""Will Fuller V"", """"]",3,3,142.98,101.52
2021,5,2,6,right,Voldemort,Joe Mantegna,2021-W05-M03,Will Fuller V,,IR,False,False,True,0.0,0.0,,Will Fuller V,IR,"["""", ""Michael Thomas"", ""0.00"", ""0.00"", ""IR"", ""IR"", ""IR"", ""0.00"", ""0.00"", ""Will Fuller V"", """"]",3,3,101.52,142.98
2021,5,1,0,left,Post Mahomes,Uncle Rico,2021-W05-M04,Lamar Jackson,QB,QB,True,False,False,27.09,49.88,,Lamar Jackson,QB,"["""", ""Lamar Jackson"", ""27.09"", ""49.88"", ""QB"", ""QB"", ""QB"", ""15.66"", ""28.69"", ""Kyler Murray "", """"]",4,7,191.08,103.96
2021,5,1,0,right,Uncle Rico,Post Mahomes,2021-W05-M04,Kyler Murray,QB,QB,True,False,False,28.69,15.66,,Kyler Murray ,QB,"["""", ""Lamar Jackson"", ""27.09"", ""49.88"", ""QB"", ""QB"", ""QB"", ""15.66"", ""28.69"", ""Kyler Murray "", """"]",4,7,103.96,191.08
2021,5,1,1,left,Post Mahomes,Uncle Rico,2021-W05-M04,Ja'Marr Chase,WR,WR,True,False,False,12.48,24.9,,Ja'Marr Chase,WR,"["""", ""Ja'Marr Chase"", ""12.48"", ""24.90"", ""WR"", ""WR"", ""WR"", ""3.80"", ""12.11"", ""Brandin Cooks"", """"]",4,7,191.08,103.96
2021,5,1,1,right,Uncle Rico,Post Mahomes,2021-W05-M04,Brandin Cooks,WR,WR,True,False,False,12.11,3.8,,Brandin Cooks,WR,"["""", ""Ja'Marr Chase"", ""12.48"", ""24.90"", ""WR"", ""WR"", ""WR"", ""3.80"", ""12.11"", ""Brandin Cooks"", """"]",4,7,103.96,191.08
2021,5,1,2,left,Post Mahomes,Uncle Rico,2021-W05-M04,Allen Robinson,WR,WR,True,False,False,10.22,5.2,,Allen Robinson,WR,"["""", ""Allen Robinson"", ""10.22"", ""5.20"", ""WR"", ""WR"", ""WR"", ""16.80"", ""14.46"", ""CeeDee Lamb"", """"]",4,7,191.08,103.96
2021,5,1,2,right,Uncle Rico,Post Mahomes,2021-W05-M04,CeeDee Lamb,WR,WR,True,False,False,14.46,16.8,,CeeDee Lamb,WR,"["""", ""Allen Robinson"", ""10.22"", ""5.20"", ""WR"", ""WR"", ""WR"", ""16.80"", ""14.46"", ""CeeDee Lamb"", """"]",4,7,103.96,191.08
2021,5,1,3,left,Post Mahomes,Uncle Rico,2021-W05-M04,Derrick Henry,RB,RB,True,False,False,21.33,31.0,,Derrick Henry ,RB,"["""", ""Derrick Henry "", ""21.33"", ""31.00"", ""RB"", ""RB"", ""RB"", ""30.40"", ""13.90"", ""Jonathan Taylor"", """"]",4,7,191.08,103.96
2021,5,1,3,right,Uncle Rico,Post Mahomes,2021-W05-M04,Jonathan Taylor,RB,RB,True,False,False,13.9,30.4,,Jonathan Taylor,RB,"["""", ""Derrick Henry "", ""21.33"", ""31.00"", ""RB"", ""RB"", ""RB"", ""30.40"", ""13.90"", ""Jonathan Taylor"", """"]",4,7,103.96,191.08
2021,5,1,4,left,Post Mahomes,Uncle Rico,2021-W05-M04,Latavius Murray,RB,RB,True,False,False,10.2,4.0,,Latavius Murray,RB,"["""", ""Latavius Murray"", ""10.20"", ""4.00"", ""RB"", ""RB"", ""RB"", ""0.90"", ""17.21"", ""Saquon Barkley"", """"]",4,7,191.08,103.96
2021,5,1,4,right,Uncle Rico,Post Mahomes,2021-W05-M04,Saquon Barkley,RB,RB,True,False,False,17.21,0.9,,Saquon Barkley,RB,"["""", ""Latavius Murray"", ""10.20"", ""4.00"", ""RB"", ""RB"", ""RB"", ""0.90"", ""17.21"", ""Saquon Barkley"", """"]",4,7,103.96,191.08
2021,5,1,5,left,Post Mahomes,Uncle Rico,2021-W05-M04,Mark Andrews,TE,TE,True,False,False,11.71,36.2,,Mark Andrews,TE,"["""", ""Mark Andrews"", ""11.71"", ""36.20"", ""TE"", ""TE"", ""TE"", ""22.40"", ""11.35"", ""Kyle Pitts Sr."", """"]",4,7,191.08,103.96
2021,5,1,5,right,Uncle Rico,Post Mahomes,2021-W05-M04,Kyle Pitts Sr.,TE,TE,True,False,False,11.35,22.4,,Kyle Pitts Sr.,TE,"["""", ""Mark Andrews"", ""11.71"", ""36.20"", ""TE"", ""TE"", ""TE"", ""22.40"", ""11.35"", ""Kyle Pitts Sr."", """"]",4,7,103.96,191.08
2021,5,1,6,left,Post Mahomes,Uncle Rico,2021-W05-M04,Antonio Brown,,W/R/T,True,False,False,12.25,27.9,,Antonio Brown,W/R/T,"["""", ""Antonio Brown"", ""12.25"", ""27.90"", ""W/R/T"", ""W/R/T"", ""W/R/T"", ""3.00"", ""11.68"", ""Odell Beckham Jr."", """"]",4,7,191.08,103.96
2021,5,1,6,right,Uncle Rico,Post Mahomes,2021-W05-M04,Odell Beckham Jr.,,W/R/T,True,False,False,11.68,3.0,,Odell Beckham Jr.,W/R/T,"["""", ""Antonio Brown"", ""12.25"", ""27.90"", ""W/R/T"", ""W/R/T"", ""W/R/T"", ""3.00"", ""11.68"", ""Odell Beckham Jr."", """"]",4,7,103.96,191.08
2021,5,1,7,left,Post Mahomes,Uncle Rico,2021-W05-M04,Daniel Carlson,K,K,True,False,False,9.9,3.0,,Daniel Carlson,K,"["""", ""Daniel Carlson"", ""9.90"", ""3.00"", ""K"", ""K"", ""K"", ""5.00"", ""9.66"", ""Matt Prater"", """"]",4,7,191.08,103.96
2021,5,1,7,right,Uncle Rico,Post Mahomes,2021-W05-M04,Matt Prater,K,K,True,False,False,9.66,5.0,,Matt Prater,K,"["""", ""Daniel Carlson"", ""9.90"", ""3.00"", ""K"", ""K"", ""K"", ""5.00"", ""9.66"", ""Matt Prater"", """"]",4,7,103.96,191.08
2021,5,1,8,left,Post Mahomes,Uncle Rico,2021-W05-M04,Vikings - DEF,DEF,DEF,True,False,False,8.53,9.0,,Vikings - DEF,DEF,"["""", ""Vikings - DEF"", ""8.53"", ""9.00"", ""DEF"", ""DEF"", ""DEF"", ""6.00"", ""8.76"", ""Ravens - DEF"", """"]",4,7,191.08,103.96
2021,5,1,8,right,Uncle Rico,Post Mahomes,2021-W05-M04,Ravens - DEF,DEF,DEF,True,False,False,8.76,6.0,,Ravens - DEF,DEF,"["""", ""Vikings - DEF"", ""8.53"", ""9.00"", ""DEF"", ""DEF"", ""DEF"", ""6.00"", ""8.76"", ""Ravens - DEF"", """"]",4,7,103.96,191.08
2021,5,2,0,left,Post Mahomes,Uncle Rico,2021-W05-M04,Christian McCaffrey,,BN,False,True,False,0.0,0.0,,Christian McCaffrey,BN,"["""", ""Christian McCaffrey"", ""0.00"", ""0.00"", ""BN"", ""BN"", ""BN"", ""0.00"", ""12.27"", ""Kenny Golladay"", """"]",4,7,191.08,103.96
2021,5,2,0,right,Uncle Rico,Post Mahomes,2021-W05-M04,Kenny Golladay,,BN,False,True,False,12.27,0.0,,Kenny Golladay,BN,"["""", ""Christian McCaffrey"", ""0.00"", ""0.00"", ""BN"", ""BN"", ""BN"", ""0.00"", ""12.27"", ""Kenny Golladay"", """"]",4,7,103.96,191.08
2021,5,2,1,left,Post Mahomes,Uncle Rico,2021-W05-M04,Peyton Barber,,BN,False,True,False,0.0,0.0,,Peyton Barber,BN,"["""", ""Peyton Barber"", ""0.00"", ""0.00"", ""BN"", ""BN"", ""BN"", ""10.70"", ""9.14"", ""Zack Moss"", """"]",4,7,191.08,103.96
2021,5,2,1,right,Uncle Rico,Post Mahomes,2021-W05-M04,Zack Moss,,BN,False,True,False,9.14,10.7,,Zack Moss,BN,"["""", ""Peyton Barber"", ""0.00"", ""0.00"", ""BN"", ""BN"", ""BN"", ""10.70"", ""9.14"", ""Zack Moss"", """"]",4,7,103.96,191.08
2021,5,2,2,left,Post Mahomes,Uncle Rico,2021-W05-M04,Tim Patrick,,BN,False,True,False,8.24,12.4,,Tim Patrick,BN,"["""", ""Tim Patrick"", ""8.24"", ""12.40"", ""BN"", ""BN"", ""BN"", ""12.30"", ""7.86"", ""Tony Pollard"", """"]",4,7,191.08,103.96
2021,5,2,2,right,Uncle Rico,Post Mahomes,2021-W05-M04,Tony Pollard,,BN,False,True,False,7.86,12.3,,Tony Pollard,BN,"["""", ""Tim Patrick"", ""8.24"", ""12.40"", ""BN"", ""BN"", ""BN"", ""12.30"", ""7.86"", ""Tony Pollard"", """"]",4,7,103.96,191.08
2021,5,2,3,left,Post Mahomes,Uncle Rico,2021-W05-M04,Daniel Jones,,BN,False,True,False,23.17,4.82,,Daniel Jones,BN,"["""", ""Daniel Jones"", ""23.17"", ""4.82"", ""BN"", ""BN"", ""BN"", ""1.20"", ""5.78"", ""J.D. McKissic"", """"]",4,7,191.08,103.96
2021,5,2,3,right,Uncle Rico,Post Mahomes,2021-W05-M04,J.D. McKissic,,BN,False,True,False,5.78,1.2,,J.D. McKissic,BN,"["""", ""Daniel Jones"", ""23.17"", ""4.82"", ""BN"", ""BN"", ""BN"", ""1.20"", ""5.78"", ""J.D. McKissic"", """"]",4,7,103.96,191.08
2021,5,2,4,left,Post Mahomes,Uncle Rico,2021-W05-M04,Khalil Herbert,,BN,False,True,False,6.45,7.5,,Khalil Herbert,BN,"["""", ""Khalil Herbert"", ""6.45"", ""7.50"", ""BN"", ""BN"", ""BN"", ""0.80"", ""7.23"", ""Curtis Samuel"", """"]",4,7,191.08,103.96
2021,5,2,4,right,Uncle Rico,Post Mahomes,2021-W05-M04,Curtis Samuel,,BN,False,True,False,7.23,0.8,,Curtis Samuel,BN,"["""", ""Khalil Herbert"", ""6.45"", ""7.50"", ""BN"", ""BN"", ""BN"", ""0.80"", ""7.23"", ""Curtis Samuel"", """"]",4,7,103.96,191.08
2021,5,2,5,left,Post Mahomes,Uncle Rico,2021-W05-M04,Brandon Aiyuk,,BN,False,True,False,9.73,4.2,,Brandon Aiyuk,BN,"["""", ""Brandon Aiyuk"", ""9.73"", ""4.20"", ""BN"", ""BN"", ""BN"", ""8.20"", ""9.75"", ""Alex Collins"", """"]",4,7,191.08,103.96
2021,5,2,5,right,Uncle Rico,Post Mahomes,2021-W05-M04,Alex Collins,,BN,False,True,False,9.75,8.2,,Alex Collins,BN,"["""", ""Brandon Aiyuk"", ""9.73"", ""4.20"", ""BN"", ""BN"", ""BN"", ""8.20"", ""9.75"", ""Alex Collins"", """"]",4,7,103.96,191.08
2021,5,1,0,left,malle_dips_pouches,Ginger FC,2021-W05-M05,Aaron Rodgers,QB,QB,True,False,False,26.47,24.76,,Aaron Rodgers,QB,"["""", ""Aaron Rodgers"", ""26.47"", ""24.76"", ""QB"", ""QB"", ""QB"", ""15.98"", ""24.41"", ""Ryan Tannehill"", """"]",5,8,160.66,96.48
2021,5,1,0,right,Ginger FC,malle_dips_pouches,2021-W05-M05,Ryan Tannehill,QB,QB,True,False,False,24.41,15.98,,Ryan Tannehill,QB,"["""", ""Aaron Rodgers"", ""26.47"", ""24.76"", ""QB"", ""QB"", ""QB"", ""15.98"", ""24.41"", ""Ryan Tannehill"", """"]",5,8,96.48,160.66
2021,5,1,1,left,malle_dips_pouches,Ginger FC,2021-W05-M05,DeAndre Hopkins,WR,WR,True,False,False,15.54,17.7,,DeAndre Hopkins,WR,"["""", ""DeAndre Hopkins"", ""15.54"", ""17.70"", ""WR"", ""WR"", ""WR"", ""4.40"", ""11.78"", ""Tyler Boyd"", """"]",5,8,160.66,96.48
2021,5,1,1,right,Ginger FC,malle_dips_pouches,2021-W05-M05,Tyler Boyd,WR,WR,True,False,False,11.78,4.4,,Tyler Boyd,WR,"["""", ""DeAndre Hopkins"", ""15.54"", ""17.70"", ""WR"", ""WR"", ""WR"", ""4.40"", ""11.78"", ""Tyler Boyd"", """"]",5,8,96.48,160.66
2021,5,1,2,left,malle_dips_pouches,Ginger FC,2021-W05-M05,DK Metcalf,WR,WR,True,False,False,14.75,24.3,,DK Metcalf ,WR,"["""", ""DK Metcalf "", ""14.75"", ""24.30"", ""WR"", ""WR"", ""WR"", ""5.30"", ""15.88"", ""A.J. Brown"", """"]",5,8,160.66,96.48
2021,5,1,2,right,Ginger FC,malle_dips_pouches,2021-W05-M05,A.J. Brown,WR,WR,True,False,False,15.88,5.3,,A.J. Brown,WR,"["""", ""DK Metcalf "", ""14.75"", ""24.30"", ""WR"", ""WR"", ""WR"", ""5.30"", ""15.88"", ""A.J. Brown"", """"]",5,8,96.48,160.66
2021,5,1,3,left,malle_dips_pouches,Ginger FC,2021-W05-M05,Ezekiel Elliott,RB,RB,True,False,False,15.83,24.2,,Ezekiel Elliott,RB,"["""", ""Ezekiel Elliott"", ""15.83"", ""24.20"", ""RB"", ""RB"", ""RB"", ""12.90"", ""17.41"", ""Aaron Jones Sr."", """"]",5,8,160.66,96.48
2021,5,1,3,right,Ginger FC,malle_dips_pouches,2021-W05-M05,Aaron Jones Sr.,RB,RB,True,False,False,17.41,12.9,,Aaron Jones Sr.,RB,"["""", ""Ezekiel Elliott"", ""15.83"", ""24.20"", ""RB"", ""RB"", ""RB"", ""12.90"", ""17.41"", ""Aaron Jones Sr."", """"]",5,8,96.48,160.66
2021,5,1,4,left,malle_dips_pouches,Ginger FC,2021-W05-M05,Leonard Fournette,RB,RB,True,False,False,12.19,19.0,,Leonard Fournette,RB,"["""", ""Leonard Fournette"", ""12.19"", ""19.00"", ""RB"", ""RB"", ""RB"", ""19.40"", ""13.23"", ""D'Andre Swift"", """"]",5,8,160.66,96.48
2021,5,1,4,right,Ginger FC,malle_dips_pouches,2021-W05-M05,D'Andre Swift,RB,RB,True,False,False,13.23,19.4,,D'Andre Swift,RB,"["""", ""Leonard Fournette"", ""12.19"", ""19.00"", ""RB"", ""RB"", ""RB"", ""19.40"", ""13.23"", ""D'Andre Swift"", """"]",5,8,96.48,160.66
2021,5,1,5,left,malle_dips_pouches,Ginger FC,2021-W05-M05,Dawson Knox,TE,TE,True,False,False,7.56,19.2,,Dawson Knox,TE,"["""", ""Dawson Knox"", ""7.56"", ""19.20"", ""TE"", ""TE"", ""TE"", ""7.50"", ""7.23"", ""Evan Engram"", """"]",5,8,160.66,96.48
2021,5,1,5,right,Ginger FC,malle_dips_pouches,2021-W05-M05,Evan Engram,TE,TE,True,False,False,7.23,7.5,,Evan Engram,TE,"["""", ""Dawson Knox"", ""7.56"", ""19.20"", ""TE"", ""TE"", ""TE"", ""7.50"", ""7.23"", ""Evan Engram"", """"]",5,8,96.48,160.66
2021,5,1,6,left,malle_dips_pouches,Ginger FC,2021-W05-M05,Amari Cooper,,W/R/T,True,False,False,13.56,13.5,,Amari Cooper,W/R/T,"["""", ""Amari Cooper"", ""13.56"", ""13.50"", ""W/R/T"", ""W/R/T"", ""W/R/T"", ""3.00"", ""12.59"", ""Marvin Jones Jr."", """"]",5,8,160.66,96.48
2021,5,1,6,right,Ginger FC,malle_dips_pouches,2021-W05-M05,Marvin Jones Jr.,,W/R/T,True,False,False,12.59,3.0,,Marvin Jones Jr.,W/R/T,"["""", ""Amari Cooper"", ""13.56"", ""13.50"", ""W/R/T"", ""W/R/T"", ""W/R/T"", ""3.00"", ""12.59"", ""Marvin Jones Jr."", """"]",5,8,96.48,160.66
2021,5,1,7,left,malle_dips_pouches,Ginger FC,2021-W05-M05,Ryan Succop,K,K,True,False,False,9.36,10.0,,Ryan Succop,K,"["""", ""Ryan Succop"", ""9.36"", ""10.00"", ""K"", ""K"", ""K"", ""11.00"", ""7.46"", ""Chris Boswell"", """"]",5,8,160.66,96.48
2021,5,1,7,right,Ginger FC,malle_dips_pouches,2021-W05-M05,Chris Boswell,K,K,True,False,False,7.46,11.0,,Chris Boswell,K,"["""", ""Ryan Succop"", ""9.36"", ""10.00"", ""K"", ""K"", ""K"", ""11.00"", ""7.46"", ""Chris Boswell"", """"]",5,8,96.48,160.66
2021,5,1,8,left,malle_dips_pouches,Ginger FC,2021-W05-M05,Buccaneers - DEF,DEF,DEF,True,False,False,8.95,8.0,,Buccaneers - DEF,DEF,"["""", ""Buccaneers - DEF"", ""8.95"", ""8.00"", ""DEF"", ""DEF"", ""DEF"", ""17.00"", ""4.31"", ""Bills - DEF"", """"]",5,8,160.66,96.48
2021,5,1,8,right,Ginger FC,malle_dips_pouches,2021-W05-M05,Bills - DEF,DEF,DEF,True,False,False,4.31,17.0,,Bills - DEF,DEF,"["""", ""Buccaneers - DEF"", ""8.95"", ""8.00"", ""DEF"", ""DEF"", ""DEF"", ""17.00"", ""4.31"", ""Bills - DEF"", """"]",5,8,96.48,160.66
2021,5,2,0,left,malle_dips_pouches,Ginger FC,2021-W05-M05,Rob Gronkowski,,BN,False,True,False,0.0,0.0,,Rob Gronkowski,BN,"["""", ""Rob Gronkowski"", ""0.00"", ""0.00"", ""BN"", ""BN"", ""BN"", ""32.50"", ""13.34"", ""Mike Williams"", """"]",5,8,160.66,96.48
2021,5,2,0,right,Ginger FC,malle_dips_pouches,2021-W05-M05,Mike Williams,,BN,False,True,False,13.34,32.5,,Mike Williams,BN,"["""", ""Rob Gronkowski"", ""0.00"", ""0.00"", ""BN"", ""BN"", ""BN"", ""32.50"", ""13.34"", ""Mike Williams"", """"]",5,8,96.48,160.66
2021,5,2,1,left,malle_dips_pouches,Ginger FC,2021-W05-M05,Javonte Williams,,BN,False,True,False,8.76,10.1,,Javonte Williams,BN,"["""", ""Javonte Williams"", ""8.76"", ""10.10"", ""BN"", ""BN"", ""BN"", ""11.08"", ""23.44"", ""Sam Darnold"", """"]",5,8,160.66,96.48
2021,5,2,1,right,Ginger FC,malle_dips_pouches,2021-W05-M05,Sam Darnold,,BN,False,True,False,23.44,11.08,,Sam Darnold,BN,"["""", ""Javonte Williams"", ""8.76"", ""10.10"", ""BN"", ""BN"", ""BN"", ""11.08"", ""23.44"", ""Sam Darnold"", """"]",5,8,96.48,160.66
2021,5,2,2,left,malle_dips_pouches,Ginger FC,2021-W05-M05,Devin Singletary,,BN,False,True,False,8.2,2.8,,Devin Singletary,BN,"["""", ""Devin Singletary"", ""8.20"", ""2.80"", ""BN"", ""BN"", ""BN"", ""0.00"", ""0.00"", ""Logan Thomas"", """"]",5,8,160.66,96.48
2021,5,2,2,right,Ginger FC,malle_dips_pouches,2021-W05-M05,Logan Thomas,,BN,False,True,False,0.0,0.0,,Logan Thomas,BN,"["""", ""Devin Singletary"", ""8.20"", ""2.80"", ""BN"", ""BN"", ""BN"", ""0.00"", ""0.00"", ""Logan Thomas"", """"]",5,8,96.48,160.66
2021,5,2,3,left,malle_dips_pouches,Ginger FC,2021-W05-M05,Laviska Shenault Jr.,,BN,False,True,False,12.05,6.3,,Laviska Shenault Jr.,BN,"["""", ""Laviska Shenault Jr."", ""12.05"", ""6.30"", ""BN"", ""BN"", ""BN"", ""23.40"", ""10.96"", ""Kareem Hunt"", """"]",5,8,160.66,96.48
2021,5,2,3,right,Ginger FC,malle_dips_pouches,2021-W05-M05,Kareem Hunt,,BN,False,True,False,10.96,23.4,,Kareem Hunt,BN,"["""", ""Laviska Shenault Jr."", ""12.05"", ""6.30"", ""BN"", ""BN"", ""BN"", ""23.40"", ""10.96"", ""Kareem Hunt"", """"]",5,8,96.48,160.66
2021,5,2,4,left,malle_dips_pouches,Ginger FC,2021-W05-M05,T.Y. Hilton,,BN,False,True,False,0.0,0.0,,T.Y. Hilton,BN,"["""", ""T.Y. Hilton"", ""0.00"", ""0.00"", ""BN"", ""BN"", ""BN"", ""10.20"", ""10.50"", ""James Conner"", """"]",5,8,160.66,96.48
2021,5,2,4,right,Ginger FC,malle_dips_pouches,2021-W05-M05,James Conner,,BN,False,True,False,10.5,10.2,,James Conner,BN,"["""", ""T.Y. Hilton"", ""0.00"", ""0.00"", ""BN"", ""BN"", ""BN"", ""10.20"", ""10.50"", ""James Conner"", """"]",5,8,96.48,160.66
2021,5,2,5,left,malle_dips_pouches,Ginger FC,2021-W05-M05,Josh Gordon,,BN,False,True,False,2.39,1.6,,Josh Gordon,BN,"["""", ""Josh Gordon"", ""2.39"", ""1.60"", ""BN"", ""BN"", ""BN"", ""0.00"", ""9.29"", ""Elijah Moore"", """"]",5,8,160.66,96.48
2021,5,2,5,right,Ginger FC,malle_dips_pouches,2021-W05-M05,Elijah Moore,,BN,False,True,False,9.29,0.0,,Elijah Moore,BN,"["""", ""Josh Gordon"", ""2.39"", ""1.60"", ""BN"", ""BN"", ""BN"", ""0.00"", ""9.29"", ""Elijah Moore"", """"]",5,8,96.48,160.66
2021,5,2,6,left,malle_dips_pouches,Ginger FC,2021-W05-M05,Jarvis Landry,,IR,False,False,True,0.0,0.0,,Jarvis Landry,IR,"["""", ""Jarvis Landry"", ""0.00"", ""0.00"", ""IR"", ""IR"", ""IR"", ""0.00"", ""0.00"", ""Jerry Jeudy "", """"]",5,8,160.66,96.48
2021,5,2,6,right,Ginger FC,malle_dips_pouches,2021-W05-M05,Jerry Jeudy,,IR,False,False,True,0.0,0.0,,Jerry Jeudy ,IR,"["""", ""Jarvis Landry"", ""0.00"", ""0.00"", ""IR"", ""IR"", ""IR"", ""0.00"", ""0.00"", ""Jerry Jeudy "", """"]",5,8,96.48,160.66
2021,5,1,0,left,Week 5 Recap (Lost),Big Sack Jack,2021-W05-M06,Patrick Mahomes,QB,QB,True,False,False,30.27,24.98,,Patrick Mahomes ,QB,"["""", ""Patrick Mahomes "", ""30.27"", ""24.98"", ""QB"", ""QB"", ""QB"", ""42.50"", ""29.72"", ""Josh Allen "", """"]",6,9,114.88,126.7
2021,5,1,0,right,Big Sack Jack,Week 5 Recap (Lost),2021-W05-M06,Josh Allen,QB,QB,True,False,False,29.72,42.5,,Josh Allen ,QB,"["""", ""Patrick Mahomes "", ""30.27"", ""24.98"", ""QB"", ""QB"", ""QB"", ""42.50"", ""29.72"", ""Josh Allen "", """"]",6,9,126.7,114.88
2021,5,1,1,left,Week 5 Recap (Lost),Big Sack Jack,2021-W05-M06,DJ Moore,WR,WR,True,False,False,14.49,6.3,,DJ Moore,WR,"["""", ""DJ Moore"", ""14.49"", ""6.30"", ""WR"", ""WR"", ""WR"", ""11.20"", ""11.32"", ""DeVonta Smith"", """"]",6,9,114.88,126.7
2021,5,1,1,right,Big Sack Jack,Week 5 Recap (Lost),2021-W05-M06,DeVonta Smith,WR,WR,True,False,False,11.32,11.2,,DeVonta Smith,WR,"["""", ""DJ Moore"", ""14.49"", ""6.30"", ""WR"", ""WR"", ""WR"", ""11.20"", ""11.32"", ""DeVonta Smith"", """"]",6,9,126.7,114.88
2021,5,1,2,left,Week 5 Recap (Lost),Big Sack Jack,2021-W05-M06,Corey Davis,WR,WR,True,False,False,11.74,6.5,,Corey Davis,WR,"["""", ""Corey Davis"", ""11.74"", ""6.50"", ""WR"", ""WR"", ""WR"", ""7.70"", ""12.48"", ""Tee Higgins"", """"]",6,9,114.88,126.7
2021,5,1,2,right,Big Sack Jack,Week 5 Recap (Lost),2021-W05-M06,Tee Higgins,WR,WR,True,False,False,12.48,7.7,,Tee Higgins,WR,"["""", ""Corey Davis"", ""11.74"", ""6.50"", ""WR"", ""WR"", ""WR"", ""7.70"", ""12.48"", ""Tee Higgins"", """"]",6,9,126.7,114.88
2021,5,1,3,left,Week 5 Recap (Lost),Big Sack Jack,2021-W05-M06,James Robinson,RB,RB,True,False,False,12.84,21.2,,James Robinson,RB,"["""", ""James Robinson"", ""12.84"", ""21.20"", ""RB"", ""RB"", ""RB"", ""26.70"", ""18.36"", ""Alvin Kamara"", """"]",6,9,114.88,126.7
2021,5,1,3,right,Big Sack Jack,Week 5 Recap (Lost),2021-W05-M06,Alvin Kamara,RB,RB,True,False,False,18.36,26.7,,Alvin Kamara,RB,"["""", ""James Robinson"", ""12.84"", ""21.20"", ""RB"", ""RB"", ""RB"", ""26.70"", ""18.36"", ""Alvin Kamara"", """"]",6,9,126.7,114.88
2021,5,1,4,left,Week 5 Recap (Lost),Big Sack Jack,2021-W05-M06,Josh Jacobs,RB,RB,True,False,False,12.34,14.7,,Josh Jacobs,RB,"["""", ""Josh Jacobs"", ""12.34"", ""14.70"", ""RB"", ""RB"", ""RB"", ""15.40"", ""11.40"", ""Damien Williams"", """"]",6,9,114.88,126.7
2021,5,1,4,right,Big Sack Jack,Week 5 Recap (Lost),2021-W05-M06,Damien Williams,RB,RB,True,False,False,11.4,15.4,,Damien Williams,RB,"["""", ""Josh Jacobs"", ""12.34"", ""14.70"", ""RB"", ""RB"", ""RB"", ""15.40"", ""11.40"", ""Damien Williams"", """"]",6,9,126.7,114.88
2021,5,1,5,left,Week 5 Recap (Lost),Big Sack Jack,2021-W05-M06,Dalton Schultz,TE,TE,True,False,False,8.59,10.9,,Dalton Schultz,TE,"["""", ""Dalton Schultz"", ""8.59"", ""10.90"", ""TE"", ""TE"", ""TE"", ""6.30"", ""7.89"", ""Mike Gesicki"", """"]",6,9,114.88,126.7
2021,5,1,5,right,Big Sack Jack,Week 5 Recap (Lost),2021-W05-M06,Mike Gesicki,TE,TE,True,False,False,7.89,6.3,,Mike Gesicki,TE,"["""", ""Dalton Schultz"", ""8.59"", ""10.90"", ""TE"", ""TE"", ""TE"", ""6.30"", ""7.89"", ""Mike Gesicki"", """"]",6,9,126.7,114.88
2021,5,1,6,left,Week 5 Recap (Lost),Big Sack Jack,2021-W05-M06,Melvin Gordon III,,W/R/T,True,False,False,8.03,5.3,,Melvin Gordon III,W/R/T,"["""", ""Melvin Gordon III"", ""8.03"", ""5.30"", ""W/R/T"", ""W/R/T"", ""W/R/T"", ""2.90"", ""12.76"", ""Clyde Edwards-Helaire"", """"]",6,9,114.88,126.7
2021,5,1,6,right,Big Sack Jack,Week 5 Recap (Lost),2021-W05-M06,Clyde Edwards-Helaire,,W/R/T,True,False,False,12.76,2.9,,Clyde Edwards-Helaire,W/R/T,"["""", ""Melvin Gordon III"", ""8.03"", ""5.30"", ""W/R/T"", ""W/R/T"", ""W/R/T"", ""2.90"", ""12.76"", ""Clyde Edwards-Helaire"", """"]",6,9,126.7,114.88
2021,5,1,7,left,Week 5 Recap (Lost),Big Sack Jack,2021-W05-M06,Greg Zuerlein,K,K,True,False,False,10.01,14.0,,Greg Zuerlein,K,"["""", ""Greg Zuerlein"", ""10.01"", ""14.00"", ""K"", ""K"", ""K"", ""9.00"", ""9.68"", ""Matt Gay"", """"]",6,9,114.88,126.7
2021,5,1,7,right,Big Sack Jack,Week 5 Recap (Lost),2021-W05-M06,Matt Gay,K,K,True,False,False,9.68,9.0,,Matt Gay,K,"["""", ""Greg Zuerlein"", ""10.01"", ""14.00"", ""K"", ""K"", ""K"", ""9.00"", ""9.68"", ""Matt Gay"", """"]",6,9,126.7,114.88
2021,5,1,8,left,Week 5 Recap (Lost),Big Sack Jack,2021-W05-M06,Cowboys - DEF,DEF,DEF,True,False,False,7.92,11.0,,Cowboys - DEF,DEF,"["""", ""Cowboys - DEF"", ""7.92"", ""11.00"", ""DEF"", ""DEF"", ""DEF"", ""5.00"", ""9.79"", ""Patriots - DEF"", """"]",6,9,114.88,126.7
2021,5,1,8,right,Big Sack Jack,Week 5 Recap (Lost),2021-W05-M06,Patriots - DEF,DEF,DEF,True,False,False,9.79,5.0,,Patriots - DEF,DEF,"["""", ""Cowboys - DEF"", ""7.92"", ""11.00"", ""DEF"", ""DEF"", ""DEF"", ""5.00"", ""9.79"", ""Patriots - DEF"", """"]",6,9,126.7,114.88
2021,5,2,0,left,Week 5 Recap (Lost),Big Sack Jack,2021-W05-M06,JuJu Smith-Schuster,,BN,False,True,False,9.8,0.6,,JuJu Smith-Schuster,BN,"["""", ""JuJu Smith-Schuster"", ""9.80"", ""0.60"", ""BN"", ""BN"", ""BN"", ""3.80"", ""7.35"", ""Dallas Goedert"", """"]",6,9,114.88,126.7
2021,5,2,0,right,Big Sack Jack,Week 5 Recap (Lost),2021-W05-M06,Dallas Goedert,,BN,False,True,False,7.35,3.8,,Dallas Goedert,BN,"["""", ""JuJu Smith-Schuster"", ""9.80"", ""0.60"", ""BN"", ""BN"", ""BN"", ""3.80"", ""7.35"", ""Dallas Goedert"", """"]",6,9,126.7,114.88
2021,5,2,1,left,Week 5 Recap (Lost),Big Sack Jack,2021-W05-M06,Kenny Gainwell,,BN,False,True,False,6.0,2.9,,Kenny Gainwell,BN,"["""", ""Kenny Gainwell"", ""6.00"", ""2.90"", ""BN"", ""BN"", ""BN"", ""0.00"", ""0.00"", ""Julio Jones"", """"]",6,9,114.88,126.7
2021,5,2,1,right,Big Sack Jack,Week 5 Recap (Lost),2021-W05-M06,Julio Jones,,BN,False,True,False,0.0,0.0,,Julio Jones,BN,"["""", ""Kenny Gainwell"", ""6.00"", ""2.90"", ""BN"", ""BN"", ""BN"", ""0.00"", ""0.00"", ""Julio Jones"", """"]",6,9,126.7,114.88
2021,5,2,2,left,Week 5 Recap (Lost),Big Sack Jack,2021-W05-M06,Robert Tonyan,,BN,False,True,False,7.4,1.3,,Robert Tonyan,BN,"["""", ""Robert Tonyan"", ""7.40"", ""1.30"", ""BN"", ""BN"", ""BN"", ""0.00"", ""0.00"", ""Chris Carson"", """"]",6,9,114.88,126.7
2021,5,2,2,right,Big Sack Jack,Week 5 Recap (Lost),2021-W05-M06,Chris Carson,,BN,False,True,False,0.0,0.0,,Chris Carson,BN,"["""", ""Robert Tonyan"", ""7.40"", ""1.30"", ""BN"", ""BN"", ""BN"", ""0.00"", ""0.00"", ""Chris Carson"", """"]",6,9,126.7,114.88
2021,5,2,3,left,Week 5 Recap (Lost),Big Sack Jack,2021-W05-M06,Marquez Callaway,,BN,False,True,False,8.14,22.5,,Marquez Callaway,BN,"["""", ""Marquez Callaway"", ""8.14"", ""22.50"", ""BN"", ""BN"", ""BN"", ""1.10"", ""10.20"", ""Kenyan Drake"", """"]",6,9,114.88,126.7
2021,5,2,3,right,Big Sack Jack,Week 5 Recap (Lost),2021-W05-M06,Kenyan Drake,,BN,False,True,False,10.2,1.1,,Kenyan Drake,BN,"["""", ""Marquez Callaway"", ""8.14"", ""22.50"", ""BN"", ""BN"", ""BN"", ""1.10"", ""10.20"", ""Kenyan Drake"", """"]",6,9,126.7,114.88
2021,5,2,4,left,Week 5 Recap (Lost),Big Sack Jack,2021-W05-M06,Mecole Hardman Jr.,,BN,False,True,False,8.42,12.1,,Mecole Hardman Jr.,BN,"["""", ""Mecole Hardman Jr."", ""8.42"", ""12.10"", ""BN"", ""BN"", ""BN"", ""5.00"", ""9.20"", ""Darnell Mooney"", """"]",6,9,114.88,126.7
2021,5,2,4,right,Big Sack Jack,Week 5 Recap (Lost),2021-W05-M06,Darnell Mooney,,BN,False,True,False,9.2,5.0,,Darnell Mooney,BN,"["""", ""Mecole Hardman Jr."", ""8.42"", ""12.10"", ""BN"", ""BN"", ""BN"", ""5.00"", ""9.20"", ""Darnell Mooney"", """"]",6,9,126.7,114.88
2021,5,2,5,left,Week 5 Recap (Lost),Big Sack Jack,2021-W05-M06,Sterling Shepard,,BN,False,True,False,0.0,0.0,,Sterling Shepard,BN,"["""", ""Sterling Shepard"", ""0.00"", ""0.00"", ""BN"", ""BN"", ""BN"", ""25.58"", ""22.27"", ""Matt Ryan"", """"]",6,9,114.88,126.7
2021,5,2,5,right,Big Sack Jack,Week 5 Recap (Lost),2021-W05-M06,Matt Ryan,,BN,False,True,False,22.27,25.58,,Matt Ryan,BN,"["""", ""Sterling Shepard"", ""0.00"", ""0.00"", ""BN"", ""BN"", ""BN"", ""25.58"", ""22.27"", ""Matt Ryan"", """"]",6,9,126.7,114.88
2021,5,2,6,left,Week 5 Recap (Lost),Big Sack Jack,2021-W05-M06,(Empty),,IR,False,False,True,0.0,,,(Empty),IR,"["""", ""(Empty)"", ""0.00"", ""–"", ""IR"", ""IR"", ""IR"", ""0.00"", ""0.00"", ""Travis Etienne Jr."", """"]",6,9,114.88,126.7
2021,5,2,6,right,Big Sack Jack,Week 5 Recap (Lost),2021-W05-M06,Travis Etienne Jr.,,IR,False,False,True,0.0,0.0,,Travis Etienne Jr.,IR,"["""", ""(Empty)"", ""0.00"", ""–"", ""IR"", ""IR"", ""IR"", ""0.00"", ""0.00"", ""Travis Etienne Jr."", """"]",6,9,126.7,114.88
2021,6,1,0,left,The Big Gronkowski,Post Mahomes,2021-W06-M01,Matthew Stafford,QB,QB,True,False,False,24.56,34.24,,Matthew Stafford,QB,"["""", ""Matthew Stafford"", ""24.56"", ""34.24"", ""QB"", ""QB"", ""QB"", ""33.76"", ""27.16"", ""Kyler Murray "", """"]",1,1,119.74,171.26
2021,6,1,0,right,Post Mahomes,The Big Gronkowski,2021-W06-M01,Kyler Murray,QB,QB,True,False,False,27.16,33.76,,Kyler Murray ,QB,"["""", ""Matthew Stafford"", ""24.56"", ""34.24"", ""QB"", ""QB"", ""QB"", ""33.76"", ""27.16"", ""Kyler Murray "", """"]",1,1,171.26,119.74
2021,6,1,1,left,The Big Gronkowski,Post Mahomes,2021-W06-M01,Cooper Kupp,WR,WR,True,False,False,15.57,29.5,,Cooper Kupp,WR,"["""", ""Cooper Kupp"", ""15.57"", ""29.50"", ""WR"", ""WR"", ""WR"", ""13.40"", ""10.94"", ""Brandin Cooks"", """"]",1,1,119.74,171.26
2021,6,1,1,right,Post Mahomes,The Big Gronkowski,2021-W06-M01,Brandin Cooks,WR,WR,True,False,False,10.94,13.4,,Brandin Cooks,WR,"["""", ""Cooper Kupp"", ""15.57"", ""29.50"", ""WR"", ""WR"", ""WR"", ""13.40"", ""10.94"", ""Brandin Cooks"", """"]",1,1,171.26,119.74
2021,6,1,2,left,The Big Gronkowski,Post Mahomes,2021-W06-M01,Chase Claypool,WR,WR,True,False,False,12.51,2.7,,Chase Claypool,WR,"["""", ""Chase Claypool"", ""12.51"", ""2.70"", ""WR"", ""WR"", ""WR"", ""31.60"", ""13.99"", ""CeeDee Lamb"", """"]",1,1,119.74,171.26
2021,6,1,2,right,Post Mahomes,The Big Gronkowski,2021-W06-M01,CeeDee Lamb,WR,WR,True,False,False,13.99,31.6,,CeeDee Lamb,WR,"["""", ""Chase Claypool"", ""12.51"", ""2.70"", ""WR"", ""WR"", ""WR"", ""31.60"", ""13.99"", ""CeeDee Lamb"", """"]",1,1,171.26,119.74
2021,6,1,3,left,The Big Gronkowski,Post Mahomes,2021-W06-M01,Antonio Gibson,RB,RB,True,False,False,14.35,3.4,,Antonio Gibson,RB,"["""", ""Antonio Gibson"", ""14.35"", ""3.40"", ""RB"", ""RB"", ""RB"", ""28.30"", ""16.67"", ""Jonathan Taylor"", """"]",1,1,119.74,171.26
2021,6,1,3,right,Post Mahomes,The Big Gronkowski,2021-W06-M01,Jonathan Taylor,RB,RB,True,False,False,16.67,28.3,,Jonathan Taylor,RB,"["""", ""Antonio Gibson"", ""14.35"", ""3.40"", ""RB"", ""RB"", ""RB"", ""28.30"", ""16.67"", ""Jonathan Taylor"", """"]",1,1,171.26,119.74
2021,6,1,4,left,The Big Gronkowski,Post Mahomes,2021-W06-M01,Najee Harris,RB,RB,True,False,False,16.73,21.7,,Najee Harris,RB,"["""", ""Najee Harris"", ""16.73"", ""21.70"", ""RB"", ""RB"", ""RB"", ""22.40"", ""11.58"", ""Darrel Williams"", """"]",1,1,119.74,171.26
2021,6,1,4,right,Post Mahomes,The Big Gronkowski,2021-W06-M01,Darrel Williams,RB,RB,True,False,False,11.58,22.4,,Darrel Williams,RB,"["""", ""Najee Harris"", ""16.73"", ""21.70"", ""RB"", ""RB"", ""RB"", ""22.40"", ""11.58"", ""Darrel Williams"", """"]",1,1,171.26,119.74
2021,6,1,5,left,The Big Gronkowski,Post Mahomes,2021-W06-M01,Darren Waller,TE,TE,True,False,False,12.87,8.4,,Darren Waller ,TE,"["""", ""Darren Waller "", ""12.87"", ""8.40"", ""TE"", ""TE"", ""TE"", ""10.90"", ""0.00"", ""Zach Ertz"", """"]",1,1,119.74,171.26
2021,6,1,5,right,Post Mahomes,The Big Gronkowski,2021-W06-M01,Zach Ertz,TE,TE,True,False,False,0.0,10.9,,Zach Ertz,TE,"["""", ""Darren Waller "", ""12.87"", ""8.40"", ""TE"", ""TE"", ""TE"", ""10.90"", ""0.00"", ""Zach Ertz"", """"]",1,1,171.26,119.74
2021,6,1,6,left,The Big Gronkowski,Post Mahomes,2021-W06-M01,Michael Pittman Jr.,,W/R/T,True,False,False,12.35,4.8,,Michael Pittman Jr.,W/R/T,"["""", ""Michael Pittman Jr."", ""12.35"", ""4.80"", ""W/R/T"", ""W/R/T"", ""W/R/T"", ""4.90"", ""10.68"", ""Zack Moss"", """"]",1,1,119.74,171.26
2021,6,1,6,right,Post Mahomes,The Big Gronkowski,2021-W06-M01,Zack Moss,,W/R/T,True,False,False,10.68,4.9,,Zack Moss,W/R/T,"["""", ""Michael Pittman Jr."", ""12.35"", ""4.80"", ""W/R/T"", ""W/R/T"", ""W/R/T"", ""4.90"", ""10.68"", ""Zack Moss"", """"]",1,1,171.26,119.74
2021,6,1,7,left,The Big Gronkowski,Post Mahomes,2021-W06-M01,Brandon McManus,K,K,True,False,False,9.31,6.0,,Brandon McManus,K,"["""", ""Brandon McManus"", ""9.31"", ""6.00"", ""K"", ""K"", ""K"", ""15.00"", ""8.92"", ""Matt Prater"", """"]",1,1,119.74,171.26
2021,6,1,7,right,Post Mahomes,The Big Gronkowski,2021-W06-M01,Matt Prater,K,K,True,False,False,8.92,15.0,,Matt Prater,K,"["""", ""Brandon McManus"", ""9.31"", ""6.00"", ""K"", ""K"", ""K"", ""15.00"", ""8.92"", ""Matt Prater"", """"]",1,1,171.26,119.74
2021,6,1,8,left,The Big Gronkowski,Post Mahomes,2021-W06-M01,Panthers - DEF,DEF,DEF,True,False,False,6.03,9.0,,Panthers - DEF,DEF,"["""", ""Panthers - DEF"", ""6.03"", ""9.00"", ""DEF"", ""DEF"", ""DEF"", ""11.00"", ""5.90"", ""Ravens - DEF"", """"]",1,1,119.74,171.26
2021,6,1,8,right,Post Mahomes,The Big Gronkowski,2021-W06-M01,Ravens - DEF,DEF,DEF,True,False,False,5.9,11.0,,Ravens - DEF,DEF,"["""", ""Panthers - DEF"", ""6.03"", ""9.00"", ""DEF"", ""DEF"", ""DEF"", ""11.00"", ""5.90"", ""Ravens - DEF"", """"]",1,1,171.26,119.74
2021,6,2,0,left,The Big Gronkowski,Post Mahomes,2021-W06-M01,Cole Beasley,,BN,False,True,False,9.49,18.3,,Cole Beasley,BN,"["""", ""Cole Beasley"", ""9.49"", ""18.30"", ""BN"", ""BN"", ""BN"", ""–"", ""0.00"", ""Kyle Pitts Sr."", """"]",1,1,119.74,171.26
2021,6,2,0,right,Post Mahomes,The Big Gronkowski,2021-W06-M01,Kyle Pitts Sr.,,BN,False,True,False,0.0,,,Kyle Pitts Sr.,BN,"["""", ""Cole Beasley"", ""9.49"", ""18.30"", ""BN"", ""BN"", ""BN"", ""–"", ""0.00"", ""Kyle Pitts Sr."", """"]",1,1,171.26,119.74
2021,6,2,1,left,The Big Gronkowski,Post Mahomes,2021-W06-M01,Tyler Lockett,,BN,False,True,False,12.4,4.5,,Tyler Lockett,BN,"["""", ""Tyler Lockett"", ""12.40"", ""4.50"", ""BN"", ""BN"", ""BN"", ""10.40"", ""11.00"", ""Odell Beckham Jr."", """"]",1,1,119.74,171.26
2021,6,2,1,right,Post Mahomes,The Big Gronkowski,2021-W06-M01,Odell Beckham Jr.,,BN,False,True,False,11.0,10.4,,Odell Beckham Jr.,BN,"["""", ""Tyler Lockett"", ""12.40"", ""4.50"", ""BN"", ""BN"", ""BN"", ""10.40"", ""11.00"", ""Odell Beckham Jr."", """"]",1,1,171.26,119.74
2021,6,2,2,left,The Big Gronkowski,Post Mahomes,2021-W06-M01,AJ Dillon,,BN,False,True,False,5.45,5.9,,AJ Dillon,BN,"["""", ""AJ Dillon"", ""5.45"", ""5.90"", ""BN"", ""BN"", ""BN"", ""0.00"", ""0.00"", ""Saquon Barkley"", """"]",1,1,119.74,171.26
2021,6,2,2,right,Post Mahomes,The Big Gronkowski,2021-W06-M01,Saquon Barkley,,BN,False,True,False,0.0,0.0,,Saquon Barkley,BN,"["""", ""AJ Dillon"", ""5.45"", ""5.90"", ""BN"", ""BN"", ""BN"", ""0.00"", ""0.00"", ""Saquon Barkley"", """"]",1,1,171.26,119.74
2021,6,2,3,left,The Big Gronkowski,Post Mahomes,2021-W06-M01,Nyheim Miller-Hines,,BN,False,True,False,10.63,2.7,,Nyheim Miller-Hines,BN,"["""", ""Nyheim Miller-Hines"", ""10.63"", ""2.70"", ""BN"", ""BN"", ""BN"", ""0.00"", ""0.00"", ""Kenny Golladay"", """"]",1,1,119.74,171.26
2021,6,2,3,right,Post Mahomes,The Big Gronkowski,2021-W06-M01,Kenny Golladay,,BN,False,True,False,0.0,0.0,,Kenny Golladay,BN,"["""", ""Nyheim Miller-Hines"", ""10.63"", ""2.70"", ""BN"", ""BN"", ""BN"", ""0.00"", ""0.00"", ""Kenny Golladay"", """"]",1,1,171.26,119.74
2021,6,2,4,left,The Big Gronkowski,Post Mahomes,2021-W06-M01,Gerald Everett,,BN,False,True,False,5.6,5.0,,Gerald Everett,BN,"["""", ""Gerald Everett"", ""5.60"", ""5.00"", ""BN"", ""BN"", ""BN"", ""7.80"", ""8.85"", ""Tony Pollard"", """"]",1,1,119.74,171.26
2021,6,2,4,right,Post Mahomes,The Big Gronkowski,2021-W06-M01,Tony Pollard,,BN,False,True,False,8.85,7.8,,Tony Pollard,BN,"["""", ""Gerald Everett"", ""5.60"", ""5.00"", ""BN"", ""BN"", ""BN"", ""7.80"", ""8.85"", ""Tony Pollard"", """"]",1,1,171.26,119.74
2021,6,2,5,left,The Big Gronkowski,Post Mahomes,2021-W06-M01,Joe Burrow,,BN,False,True,False,24.98,29.84,,Joe Burrow,BN,"["""", ""Joe Burrow"", ""24.98"", ""29.84"", ""BN"", ""BN"", ""BN"", ""15.00"", ""6.13"", ""J.D. McKissic"", """"]",1,1,119.74,171.26
2021,6,2,5,right,Post Mahomes,The Big Gronkowski,2021-W06-M01,J.D. McKissic,,BN,False,True,False,6.13,15.0,,J.D. McKissic,BN,"["""", ""Joe Burrow"", ""24.98"", ""29.84"", ""BN"", ""BN"", ""BN"", ""15.00"", ""6.13"", ""J.D. McKissic"", """"]",1,1,171.26,119.74
2021,6,2,6,left,The Big Gronkowski,Post Mahomes,2021-W06-M01,Robbie Gould,,IR,False,False,True,0.0,,,Robbie Gould,IR,"["""", ""Robbie Gould"", ""0.00"", ""–"", ""IR"", ""IR"", ""IR"", ""–"", ""0.00"", ""(Empty)"", """"]",1,1,119.74,171.26
2021,6,2,6,right,Post Mahomes,The Big Gronkowski,2021-W06-M01,(Empty),,IR,False,False,True,0.0,,,(Empty),IR,"["""", ""Robbie Gould"", ""0.00"", ""–"", ""IR"", ""IR"", ""IR"", ""–"", ""0.00"", ""(Empty)"", """"]",1,1,171.26,119.74
2021,6,1,0,left,Malle ❤️ 🐸,Pop Lockett Drop it,2021-W06-M02,Tom Brady,QB,QB,True,False,False,28.81,22.98,,Tom Brady,QB,"["""", ""Tom Brady"", ""28.81"", ""22.98"", ""QB"", ""QB"", ""QB"", ""17.16"", ""22.99"", ""Baker Mayfield"", """"]",2,2,118.08,93.26
2021,6,1,0,right,Pop Lockett Drop it,Malle ❤️ 🐸,2021-W06-M02,Baker Mayfield,QB,QB,True,False,False,22.99,17.16,,Baker Mayfield,QB,"["""", ""Tom Brady"", ""28.81"", ""22.98"", ""QB"", ""QB"", ""QB"", ""17.16"", ""22.99"", ""Baker Mayfield"", """"]",2,2,93.26,118.08
2021,6,1,1,left,Malle ❤️ 🐸,Pop Lockett Drop it,2021-W06-M02,Tyreek Hill,WR,WR,True,False,False,17.21,18.1,,Tyreek Hill,WR,"["""", ""Tyreek Hill"", ""17.21"", ""18.10"", ""WR"", ""WR"", ""WR"", ""19.40"", ""17.34"", ""Stefon Diggs "", """"]",2,2,118.08,93.26
2021,6,1,1,right,Pop Lockett Drop it,Malle ❤️ 🐸,2021-W06-M02,Stefon Diggs,WR,WR,True,False,False,17.34,19.4,,Stefon Diggs ,WR,"["""", ""Tyreek Hill"", ""17.21"", ""18.10"", ""WR"", ""WR"", ""WR"", ""19.40"", ""17.34"", ""Stefon Diggs "", """"]",2,2,93.26,118.08
2021,6,1,2,left,Malle ❤️ 🐸,Pop Lockett Drop it,2021-W06-M02,Keenan Allen,WR,WR,True,False,False,13.31,7.5,,Keenan Allen,WR,"["""", ""Keenan Allen"", ""13.31"", ""7.50"", ""WR"", ""WR"", ""WR"", ""5.50"", ""12.43"", ""Hollywood Brown"", """"]",2,2,118.08,93.26
2021,6,1,2,right,Pop Lockett Drop it,Malle ❤️ 🐸,2021-W06-M02,Hollywood Brown,WR,WR,True,False,False,12.43,5.5,,Hollywood Brown,WR,"["""", ""Keenan Allen"", ""13.31"", ""7.50"", ""WR"", ""WR"", ""WR"", ""5.50"", ""12.43"", ""Hollywood Brown"", """"]",2,2,93.26,118.08
2021,6,1,3,left,Malle ❤️ 🐸,Pop Lockett Drop it,2021-W06-M02,Damien Harris,RB,RB,True,False,False,10.18,17.3,,Damien Harris ,RB,"["""", ""Damien Harris "", ""10.18"", ""17.30"", ""RB"", ""RB"", ""RB"", ""7.50"", ""17.31"", ""Austin Ekeler"", """"]",2,2,118.08,93.26
2021,6,1,3,right,Pop Lockett Drop it,Malle ❤️ 🐸,2021-W06-M02,Austin Ekeler,RB,RB,True,False,False,17.31,7.5,,Austin Ekeler,RB,"["""", ""Damien Harris "", ""10.18"", ""17.30"", ""RB"", ""RB"", ""RB"", ""7.50"", ""17.31"", ""Austin Ekeler"", """"]",2,2,93.26,118.08
2021,6,1,4,left,Malle ❤️ 🐸,Pop Lockett Drop it,2021-W06-M02,Mark Ingram II,RB,RB,True,False,False,6.63,9.1,,Mark Ingram II,RB,"["""", ""Mark Ingram II"", ""6.63"", ""9.10"", ""RB"", ""RB"", ""RB"", ""1.40"", ""9.12"", ""Jamaal Williams"", """"]",2,2,118.08,93.26
2021,6,1,4,right,Pop Lockett Drop it,Malle ❤️ 🐸,2021-W06-M02,Jamaal Williams,RB,RB,True,False,False,9.12,1.4,,Jamaal Williams,RB,"["""", ""Mark Ingram II"", ""6.63"", ""9.10"", ""RB"", ""RB"", ""RB"", ""1.40"", ""9.12"", ""Jamaal Williams"", """"]",2,2,93.26,118.08
2021,6,1,5,left,Malle ❤️ 🐸,Pop Lockett Drop it,2021-W06-M02,T.J. Hockenson,TE,TE,True,False,False,10.04,11.4,,T.J. Hockenson,TE,"["""", ""T.J. Hockenson"", ""10.04"", ""11.40"", ""TE"", ""TE"", ""TE"", ""13.90"", ""15.97"", ""Travis Kelce"", """"]",2,2,118.08,93.26
2021,6,1,5,right,Pop Lockett Drop it,Malle ❤️ 🐸,2021-W06-M02,Travis Kelce,TE,TE,True,False,False,15.97,13.9,,Travis Kelce,TE,"["""", ""T.J. Hockenson"", ""10.04"", ""11.40"", ""TE"", ""TE"", ""TE"", ""13.90"", ""15.97"", ""Travis Kelce"", """"]",2,2,93.26,118.08
2021,6,1,6,left,Malle ❤️ 🐸,Pop Lockett Drop it,2021-W06-M02,Mike Evans,,W/R/T,True,False,False,13.94,3.7,,Mike Evans,W/R/T,"["""", ""Mike Evans"", ""13.94"", ""3.70"", ""W/R/T"", ""W/R/T"", ""W/R/T"", ""19.40"", ""12.41"", ""Courtland Sutton"", """"]",2,2,118.08,93.26
2021,6,1,6,right,Pop Lockett Drop it,Malle ❤️ 🐸,2021-W06-M02,Courtland Sutton,,W/R/T,True,False,False,12.41,19.4,,Courtland Sutton,W/R/T,"["""", ""Mike Evans"", ""13.94"", ""3.70"", ""W/R/T"", ""W/R/T"", ""W/R/T"", ""19.40"", ""12.41"", ""Courtland Sutton"", """"]",2,2,93.26,118.08
2021,6,1,7,left,Malle ❤️ 🐸,Pop Lockett Drop it,2021-W06-M02,Justin Tucker,K,K,True,False,False,10.18,12.0,,Justin Tucker,K,"["""", ""Justin Tucker"", ""10.18"", ""12.00"", ""K"", ""K"", ""K"", ""2.00"", ""8.61"", ""Chase McLaughlin"", """"]",2,2,118.08,93.26
2021,6,1,7,right,Pop Lockett Drop it,Malle ❤️ 🐸,2021-W06-M02,Chase McLaughlin,K,K,True,False,False,8.61,2.0,,Chase McLaughlin,K,"["""", ""Justin Tucker"", ""10.18"", ""12.00"", ""K"", ""K"", ""K"", ""2.00"", ""8.61"", ""Chase McLaughlin"", """"]",2,2,93.26,118.08
2021,6,1,8,left,Malle ❤️ 🐸,Pop Lockett Drop it,2021-W06-M02,Rams - DEF,DEF,DEF,True,False,False,8.54,16.0,,Rams - DEF,DEF,"["""", ""Rams - DEF"", ""8.54"", ""16.00"", ""DEF"", ""DEF"", ""DEF"", ""7.00"", ""8.17"", ""Packers - DEF"", """"]",2,2,118.08,93.26
2021,6,1,8,right,Pop Lockett Drop it,Malle ❤️ 🐸,2021-W06-M02,Packers - DEF,DEF,DEF,True,False,False,8.17,7.0,,Packers - DEF,DEF,"["""", ""Rams - DEF"", ""8.54"", ""16.00"", ""DEF"", ""DEF"", ""DEF"", ""7.00"", ""8.17"", ""Packers - DEF"", """"]",2,2,93.26,118.08
2021,6,2,0,left,Malle ❤️ 🐸,Pop Lockett Drop it,2021-W06-M02,Phillip Lindsay,,BN,False,True,False,3.19,6.4,,Phillip Lindsay,BN,"["""", ""Phillip Lindsay"", ""3.19"", ""6.40"", ""BN"", ""BN"", ""BN"", ""8.60"", ""9.02"", ""Robbie Chosen"", """"]",2,2,118.08,93.26
2021,6,2,0,right,Pop Lockett Drop it,Malle ❤️ 🐸,2021-W06-M02,Robbie Chosen,,BN,False,True,False,9.02,8.6,,Robbie Chosen,BN,"["""", ""Phillip Lindsay"", ""3.19"", ""6.40"", ""BN"", ""BN"", ""BN"", ""8.60"", ""9.02"", ""Robbie Chosen"", """"]",2,2,93.26,118.08
2021,6,2,1,left,Malle ❤️ 🐸,Pop Lockett Drop it,2021-W06-M02,Adam Thielen,,BN,False,True,False,12.67,24.3,,Adam Thielen,BN,"["""", ""Adam Thielen"", ""12.67"", ""24.30"", ""BN"", ""BN"", ""BN"", ""4.20"", ""5.74"", ""Sony Michel"", """"]",2,2,118.08,93.26
2021,6,2,1,right,Pop Lockett Drop it,Malle ❤️ 🐸,2021-W06-M02,Sony Michel,,BN,False,True,False,5.74,4.2,,Sony Michel,BN,"["""", ""Adam Thielen"", ""12.67"", ""24.30"", ""BN"", ""BN"", ""BN"", ""4.20"", ""5.74"", ""Sony Michel"", """"]",2,2,93.26,118.08
2021,6,2,2,left,Malle ❤️ 🐸,Pop Lockett Drop it,2021-W06-M02,Jalen Hurts,,BN,False,True,False,24.92,28.0,,Jalen Hurts,BN,"["""", ""Jalen Hurts"", ""24.92"", ""28.00"", ""BN"", ""BN"", ""BN"", ""0.60"", ""4.28"", ""David Johnson"", """"]",2,2,118.08,93.26
2021,6,2,2,right,Pop Lockett Drop it,Malle ❤️ 🐸,2021-W06-M02,David Johnson,,BN,False,True,False,4.28,0.6,,David Johnson,BN,"["""", ""Jalen Hurts"", ""24.92"", ""28.00"", ""BN"", ""BN"", ""BN"", ""0.60"", ""4.28"", ""David Johnson"", """"]",2,2,93.26,118.08
2021,6,2,3,left,Malle ❤️ 🐸,Pop Lockett Drop it,2021-W06-M02,Jonnu Smith,,BN,False,True,False,5.92,1.4,,Jonnu Smith,BN,"["""", ""Jonnu Smith"", ""5.92"", ""1.40"", ""BN"", ""BN"", ""BN"", ""0.00"", ""0.00"", ""Michael Gallup"", """"]",2,2,118.08,93.26
2021,6,2,3,right,Pop Lockett Drop it,Malle ❤️ 🐸,2021-W06-M02,Michael Gallup,,BN,False,True,False,0.0,0.0,,Michael Gallup,BN,"["""", ""Jonnu Smith"", ""5.92"", ""1.40"", ""BN"", ""BN"", ""BN"", ""0.00"", ""0.00"", ""Michael Gallup"", """"]",2,2,93.26,118.08
2021,6,2,4,left,Malle ❤️ 🐸,Pop Lockett Drop it,2021-W06-M02,Alexander Mattison,,BN,False,True,False,5.34,1.0,,Alexander Mattison,BN,"["""", ""Alexander Mattison"", ""5.34"", ""1.00"", ""BN"", ""BN"", ""BN"", ""17.20"", ""8.48"", ""Henry Ruggs III"", """"]",2,2,118.08,93.26
2021,6,2,4,right,Pop Lockett Drop it,Malle ❤️ 🐸,2021-W06-M02,Henry Ruggs III,,BN,False,True,False,8.48,17.2,,Henry Ruggs III,BN,"["""", ""Alexander Mattison"", ""5.34"", ""1.00"", ""BN"", ""BN"", ""BN"", ""17.20"", ""8.48"", ""Henry Ruggs III"", """"]",2,2,93.26,118.08
2021,6,2,5,left,Malle ❤️ 🐸,Pop Lockett Drop it,2021-W06-M02,Ryan Fitzpatrick,,BN,False,True,False,0.0,0.0,,Ryan Fitzpatrick,BN,"["""", ""Ryan Fitzpatrick"", ""0.00"", ""0.00"", ""BN"", ""BN"", ""BN"", ""0.00"", ""0.00"", ""DeVante Parker"", """"]",2,2,118.08,93.26
2021,6,2,5,right,Pop Lockett Drop it,Malle ❤️ 🐸,2021-W06-M02,DeVante Parker,,BN,False,True,False,0.0,0.0,,DeVante Parker,BN,"["""", ""Ryan Fitzpatrick"", ""0.00"", ""0.00"", ""BN"", ""BN"", ""BN"", ""0.00"", ""0.00"", ""DeVante Parker"", """"]",2,2,93.26,118.08
2021,6,1,0,left,ThreatLevelMidnight,Voldemort,2021-W06-M03,Dak Prescott,QB,QB,True,False,False,24.89,33.8,,Dak Prescott,QB,"["""", ""Dak Prescott"", ""24.89"", ""33.80"", ""QB"", ""QB"", ""QB"", ""12.28"", ""23.06"", ""Taylor Heinicke"", """"]",3,3,105.0,121.68
2021,6,1,0,right,Voldemort,ThreatLevelMidnight,2021-W06-M03,Taylor Heinicke,QB,QB,True,False,False,23.06,12.28,,Taylor Heinicke,QB,"["""", ""Dak Prescott"", ""24.89"", ""33.80"", ""QB"", ""QB"", ""QB"", ""12.28"", ""23.06"", ""Taylor Heinicke"", """"]",3,3,121.68,105.0
2021,6,1,1,left,ThreatLevelMidnight,Voldemort,2021-W06-M03,Justin Jefferson,WR,WR,True,False,False,14.81,10.0,,Justin Jefferson ,WR,"["""", ""Justin Jefferson "", ""14.81"", ""10.00"", ""WR"", ""WR"", ""WR"", ""10.90"", ""19.34"", ""Davante Adams"", """"]",3,3,105.0,121.68
2021,6,1,1,right,Voldemort,ThreatLevelMidnight,2021-W06-M03,Davante Adams,WR,WR,True,False,False,19.34,10.9,,Davante Adams,WR,"["""", ""Justin Jefferson "", ""14.81"", ""10.00"", ""WR"", ""WR"", ""WR"", ""10.90"", ""19.34"", ""Davante Adams"", """"]",3,3,121.68,105.0
2021,6,1,2,left,ThreatLevelMidnight,Voldemort,2021-W06-M03,Robert Woods,WR,WR,True,False,False,13.08,10.1,,Robert Woods,WR,"["""", ""Robert Woods"", ""13.08"", ""10.10"", ""WR"", ""WR"", ""WR"", ""6.80"", ""13.35"", ""Chris Godwin Jr."", """"]",3,3,105.0,121.68
2021,6,1,2,right,Voldemort,ThreatLevelMidnight,2021-W06-M03,Chris Godwin Jr.,WR,WR,True,False,False,13.35,6.8,,Chris Godwin Jr.,WR,"["""", ""Robert Woods"", ""13.08"", ""10.10"", ""WR"", ""WR"", ""WR"", ""6.80"", ""13.35"", ""Chris Godwin Jr."", """"]",3,3,121.68,105.0
2021,6,1,3,left,ThreatLevelMidnight,Voldemort,2021-W06-M03,Devontae Booker,RB,RB,True,False,False,10.53,8.9,,Devontae Booker,RB,"["""", ""Devontae Booker"", ""10.53"", ""8.90"", ""RB"", ""RB"", ""RB"", ""23.70"", ""14.74"", ""Darrell Henderson Jr."", """"]",3,3,105.0,121.68
2021,6,1,3,right,Voldemort,ThreatLevelMidnight,2021-W06-M03,Darrell Henderson Jr.,RB,RB,True,False,False,14.74,23.7,,Darrell Henderson Jr.,RB,"["""", ""Devontae Booker"", ""10.53"", ""8.90"", ""RB"", ""RB"", ""RB"", ""23.70"", ""14.74"", ""Darrell Henderson Jr."", """"]",3,3,121.68,105.0
2021,6,1,4,left,ThreatLevelMidnight,Voldemort,2021-W06-M03,Chase Edmonds,RB,RB,True,False,False,10.27,6.5,,Chase Edmonds,RB,"["""", ""Chase Edmonds"", ""10.27"", ""6.50"", ""RB"", ""RB"", ""RB"", ""23.80"", ""15.44"", ""Joe Mixon"", """"]",3,3,105.0,121.68
2021,6,1,4,right,Voldemort,ThreatLevelMidnight,2021-W06-M03,Joe Mixon,RB,RB,True,False,False,15.44,23.8,,Joe Mixon,RB,"["""", ""Chase Edmonds"", ""10.27"", ""6.50"", ""RB"", ""RB"", ""RB"", ""23.80"", ""15.44"", ""Joe Mixon"", """"]",3,3,121.68,105.0
2021,6,1,5,left,ThreatLevelMidnight,Voldemort,2021-W06-M03,Tyler Higbee,TE,TE,True,False,False,8.83,6.1,,Tyler Higbee,TE,"["""", ""Tyler Higbee"", ""8.83"", ""6.10"", ""TE"", ""TE"", ""TE"", ""20.20"", ""10.39"", ""Noah Fant"", """"]",3,3,105.0,121.68
2021,6,1,5,right,Voldemort,ThreatLevelMidnight,2021-W06-M03,Noah Fant,TE,TE,True,False,False,10.39,20.2,,Noah Fant,TE,"["""", ""Tyler Higbee"", ""8.83"", ""6.10"", ""TE"", ""TE"", ""TE"", ""20.20"", ""10.39"", ""Noah Fant"", """"]",3,3,121.68,105.0
2021,6,1,6,left,ThreatLevelMidnight,Voldemort,2021-W06-M03,Emmanuel Sanders,,W/R/T,True,False,False,11.45,11.6,,Emmanuel Sanders,W/R/T,"["""", ""Emmanuel Sanders"", ""11.45"", ""11.60"", ""W/R/T"", ""W/R/T"", ""W/R/T"", ""13.00"", ""12.40"", ""Chuba Hubbard"", """"]",3,3,105.0,121.68
2021,6,1,6,right,Voldemort,ThreatLevelMidnight,2021-W06-M03,Chuba Hubbard,,W/R/T,True,False,False,12.4,13.0,,Chuba Hubbard,W/R/T,"["""", ""Emmanuel Sanders"", ""11.45"", ""11.60"", ""W/R/T"", ""W/R/T"", ""W/R/T"", ""13.00"", ""12.40"", ""Chuba Hubbard"", """"]",3,3,121.68,105.0
2021,6,1,7,left,ThreatLevelMidnight,Voldemort,2021-W06-M03,Nick Folk,K,K,True,False,False,8.62,3.0,,Nick Folk,K,"["""", ""Nick Folk"", ""8.62"", ""3.00"", ""K"", ""K"", ""K"", ""13.00"", ""9.90"", ""Tyler Bass"", """"]",3,3,105.0,121.68
2021,6,1,7,right,Voldemort,ThreatLevelMidnight,2021-W06-M03,Tyler Bass,K,K,True,False,False,9.9,13.0,,Tyler Bass,K,"["""", ""Nick Folk"", ""8.62"", ""3.00"", ""K"", ""K"", ""K"", ""13.00"", ""9.90"", ""Tyler Bass"", """"]",3,3,121.68,105.0
2021,6,1,8,left,ThreatLevelMidnight,Voldemort,2021-W06-M03,Colts - DEF,DEF,DEF,True,False,False,8.78,15.0,,Colts - DEF,DEF,"["""", ""Colts - DEF"", ""8.78"", ""15.00"", ""DEF"", ""DEF"", ""DEF"", ""-2.00"", ""5.82"", ""Browns - DEF"", """"]",3,3,105.0,121.68
2021,6,1,8,right,Voldemort,ThreatLevelMidnight,2021-W06-M03,Browns - DEF,DEF,DEF,True,False,False,5.82,-2.0,,Browns - DEF,DEF,"["""", ""Colts - DEF"", ""8.78"", ""15.00"", ""DEF"", ""DEF"", ""DEF"", ""-2.00"", ""5.82"", ""Browns - DEF"", """"]",3,3,121.68,105.0
2021,6,2,0,left,ThreatLevelMidnight,Voldemort,2021-W06-M03,Nick Chubb,,BN,False,True,False,0.0,0.0,,Nick Chubb,BN,"["""", ""Nick Chubb"", ""0.00"", ""0.00"", ""BN"", ""BN"", ""BN"", ""24.00"", ""11.01"", ""Jaylen Waddle"", """"]",3,3,105.0,121.68
2021,6,2,0,right,Voldemort,ThreatLevelMidnight,2021-W06-M03,Jaylen Waddle,,BN,False,True,False,11.01,24.0,,Jaylen Waddle,BN,"["""", ""Nick Chubb"", ""0.00"", ""0.00"", ""BN"", ""BN"", ""BN"", ""24.00"", ""11.01"", ""Jaylen Waddle"", """"]",3,3,121.68,105.0
2021,6,2,1,left,ThreatLevelMidnight,Voldemort,2021-W06-M03,Cordarrelle Patterson,,BN,False,True,False,0.0,0.0,,Cordarrelle Patterson,BN,"["""", ""Cordarrelle Patterson"", ""0.00"", ""0.00"", ""BN"", ""BN"", ""BN"", ""8.90"", ""11.37"", ""Jakobi Meyers"", """"]",3,3,105.0,121.68
2021,6,2,1,right,Voldemort,ThreatLevelMidnight,2021-W06-M03,Jakobi Meyers,,BN,False,True,False,11.37,8.9,,Jakobi Meyers,BN,"["""", ""Cordarrelle Patterson"", ""0.00"", ""0.00"", ""BN"", ""BN"", ""BN"", ""8.90"", ""11.37"", ""Jakobi Meyers"", """"]",3,3,121.68,105.0
2021,6,2,2,left,ThreatLevelMidnight,Voldemort,2021-W06-M03,Christian Kirk,,BN,False,True,False,7.47,16.0,,Christian Kirk,BN,"["""", ""Christian Kirk"", ""7.47"", ""16.00"", ""BN"", ""BN"", ""BN"", ""0.00"", ""0.00"", ""Mike Davis "", """"]",3,3,105.0,121.68
2021,6,2,2,right,Voldemort,ThreatLevelMidnight,2021-W06-M03,Mike Davis,,BN,False,True,False,0.0,0.0,,Mike Davis ,BN,"["""", ""Christian Kirk"", ""7.47"", ""16.00"", ""BN"", ""BN"", ""BN"", ""0.00"", ""0.00"", ""Mike Davis "", """"]",3,3,121.68,105.0
2021,6,2,3,left,ThreatLevelMidnight,Voldemort,2021-W06-M03,Deebo Samuel Sr.,,BN,False,True,False,0.0,,,Deebo Samuel Sr.,BN,"["""", ""Deebo Samuel Sr."", ""0.00"", ""–"", ""BN"", ""BN"", ""BN"", ""0.00"", ""0.00"", ""Elijah Mitchell"", """"]",3,3,105.0,121.68
2021,6,2,3,right,Voldemort,ThreatLevelMidnight,2021-W06-M03,Elijah Mitchell,,BN,False,True,False,0.0,0.0,,Elijah Mitchell,BN,"["""", ""Deebo Samuel Sr."", ""0.00"", ""–"", ""BN"", ""BN"", ""BN"", ""0.00"", ""0.00"", ""Elijah Mitchell"", """"]",3,3,121.68,105.0
2021,6,2,4,left,ThreatLevelMidnight,Voldemort,2021-W06-M03,Calvin Ridley,,BN,False,True,False,0.0,0.0,,Calvin Ridley,BN,"["""", ""Calvin Ridley"", ""0.00"", ""0.00"", ""BN"", ""BN"", ""BN"", ""5.10"", ""11.62"", ""Kadarius Toney"", """"]",3,3,105.0,121.68
2021,6,2,4,right,Voldemort,ThreatLevelMidnight,2021-W06-M03,Kadarius Toney,,BN,False,True,False,11.62,5.1,,Kadarius Toney,BN,"["""", ""Calvin Ridley"", ""0.00"", ""0.00"", ""BN"", ""BN"", ""BN"", ""5.10"", ""11.62"", ""Kadarius Toney"", """"]",3,3,121.68,105.0
2021,6,2,5,left,ThreatLevelMidnight,Voldemort,2021-W06-M03,David Montgomery,,BN,False,True,False,0.0,0.0,,David Montgomery,BN,"["""", ""David Montgomery"", ""0.00"", ""0.00"", ""BN"", ""BN"", ""BN"", ""1.20"", ""2.76"", ""Marlon Mack"", """"]",3,3,105.0,121.68
2021,6,2,5,right,Voldemort,ThreatLevelMidnight,2021-W06-M03,Marlon Mack,,BN,False,True,False,2.76,1.2,,Marlon Mack,BN,"["""", ""David Montgomery"", ""0.00"", ""0.00"", ""BN"", ""BN"", ""BN"", ""1.20"", ""2.76"", ""Marlon Mack"", """"]",3,3,121.68,105.0
2021,6,2,6,left,ThreatLevelMidnight,Voldemort,2021-W06-M03,Michael Thomas,,IR,False,False,True,0.0,,,Michael Thomas,IR,"["""", ""Michael Thomas"", ""0.00"", ""–"", ""IR"", ""IR"", ""IR"", ""0.00"", ""0.00"", ""Russell Wilson"", """"]",3,3,105.0,121.68
2021,6,2,6,right,Voldemort,ThreatLevelMidnight,2021-W06-M03,Russell Wilson,,IR,False,False,True,0.0,0.0,,Russell Wilson,IR,"["""", ""Michael Thomas"", ""0.00"", ""–"", ""IR"", ""IR"", ""IR"", ""0.00"", ""0.00"", ""Russell Wilson"", """"]",3,3,121.68,105.0
2021,6,1,0,left,Patty Primetimes,Joe Mantegna,2021-W06-M04,Justin Herbert,QB,QB,True,False,False,25.99,14.0,,Justin Herbert,QB,"["""", ""Justin Herbert"", ""25.99"", ""14.00"", ""QB"", ""QB"", ""QB"", ""35.72"", ""30.76"", ""Josh Allen "", """"]",4,4,79.8,97.32
2021,6,1,0,right,Joe Mantegna,Patty Primetimes,2021-W06-M04,Josh Allen,QB,QB,True,False,False,30.76,35.72,,Josh Allen ,QB,"["""", ""Justin Herbert"", ""25.99"", ""14.00"", ""QB"", ""QB"", ""QB"", ""35.72"", ""30.76"", ""Josh Allen "", """"]",4,4,97.32,79.8
2021,6,1,1,left,Patty Primetimes,Joe Mantegna,2021-W06-M04,Terry McLaurin,WR,WR,True,False,False,14.09,4.8,,Terry McLaurin,WR,"["""", ""Terry McLaurin"", ""14.09"", ""4.80"", ""WR"", ""WR"", ""WR"", ""4.10"", ""12.00"", ""DeVonta Smith"", """"]",4,4,79.8,97.32
2021,6,1,1,right,Joe Mantegna,Patty Primetimes,2021-W06-M04,DeVonta Smith,WR,WR,True,False,False,12.0,4.1,,DeVonta Smith,WR,"["""", ""Terry McLaurin"", ""14.09"", ""4.80"", ""WR"", ""WR"", ""WR"", ""4.10"", ""12.00"", ""DeVonta Smith"", """"]",4,4,97.32,79.8
2021,6,1,2,left,Patty Primetimes,Joe Mantegna,2021-W06-M04,Diontae Johnson,WR,WR,True,False,False,14.06,14.1,,Diontae Johnson,WR,"["""", ""Diontae Johnson"", ""14.06"", ""14.10"", ""WR"", ""WR"", ""WR"", ""5.90"", ""12.96"", ""Tee Higgins"", """"]",4,4,79.8,97.32
2021,6,1,2,right,Joe Mantegna,Patty Primetimes,2021-W06-M04,Tee Higgins,WR,WR,True,False,False,12.96,5.9,,Tee Higgins,WR,"["""", ""Diontae Johnson"", ""14.06"", ""14.10"", ""WR"", ""WR"", ""WR"", ""5.90"", ""12.96"", ""Tee Higgins"", """"]",4,4,97.32,79.8
2021,6,1,3,left,Patty Primetimes,Joe Mantegna,2021-W06-M04,Miles Sanders,RB,RB,True,False,False,10.51,7.6,,Miles Sanders ,RB,"["""", ""Miles Sanders "", ""10.51"", ""7.60"", ""RB"", ""RB"", ""RB"", ""1.40"", ""5.98"", ""Giovani Bernard"", """"]",4,4,79.8,97.32
2021,6,1,3,right,Joe Mantegna,Patty Primetimes,2021-W06-M04,Giovani Bernard,RB,RB,True,False,False,5.98,1.4,,Giovani Bernard,RB,"["""", ""Miles Sanders "", ""10.51"", ""7.60"", ""RB"", ""RB"", ""RB"", ""1.40"", ""5.98"", ""Giovani Bernard"", """"]",4,4,97.32,79.8
2021,6,1,4,left,Patty Primetimes,Joe Mantegna,2021-W06-M04,Myles Gaskin,RB,RB,True,False,False,11.71,2.4,,Myles Gaskin,RB,"["""", ""Myles Gaskin"", ""11.71"", ""2.40"", ""RB"", ""RB"", ""RB"", ""16.30"", ""10.25"", ""Alex Collins"", """"]",4,4,79.8,97.32
2021,6,1,4,right,Joe Mantegna,Patty Primetimes,2021-W06-M04,Alex Collins,RB,RB,True,False,False,10.25,16.3,,Alex Collins,RB,"["""", ""Myles Gaskin"", ""11.71"", ""2.40"", ""RB"", ""RB"", ""RB"", ""16.30"", ""10.25"", ""Alex Collins"", """"]",4,4,97.32,79.8
2021,6,1,5,left,Patty Primetimes,Joe Mantegna,2021-W06-M04,Jared Cook,TE,TE,True,False,False,7.71,10.5,,Jared Cook,TE,"["""", ""Jared Cook"", ""7.71"", ""10.50"", ""TE"", ""TE"", ""TE"", ""15.50"", ""9.03"", ""Mike Gesicki"", """"]",4,4,79.8,97.32
2021,6,1,5,right,Joe Mantegna,Patty Primetimes,2021-W06-M04,Mike Gesicki,TE,TE,True,False,False,9.03,15.5,,Mike Gesicki,TE,"["""", ""Jared Cook"", ""7.71"", ""10.50"", ""TE"", ""TE"", ""TE"", ""15.50"", ""9.03"", ""Mike Gesicki"", """"]",4,4,97.32,79.8
2021,6,1,6,left,Patty Primetimes,Joe Mantegna,2021-W06-M04,A.J. Green,,W/R/T,True,False,False,7.59,16.4,,A.J. Green,W/R/T,"["""", ""A.J. Green"", ""7.59"", ""16.40"", ""W/R/T"", ""W/R/T"", ""W/R/T"", ""7.40"", ""12.31"", ""Julio Jones"", """"]",4,4,79.8,97.32
2021,6,1,6,right,Joe Mantegna,Patty Primetimes,2021-W06-M04,Julio Jones,,W/R/T,True,False,False,12.31,7.4,,Julio Jones,W/R/T,"["""", ""A.J. Green"", ""7.59"", ""16.40"", ""W/R/T"", ""W/R/T"", ""W/R/T"", ""7.40"", ""12.31"", ""Julio Jones"", """"]",4,4,97.32,79.8
2021,6,1,7,left,Patty Primetimes,Joe Mantegna,2021-W06-M04,Harrison Butker,K,K,True,False,False,10.0,9.0,,Harrison Butker,K,"["""", ""Harrison Butker"", ""10.00"", ""9.00"", ""K"", ""K"", ""K"", ""8.00"", ""9.37"", ""Matt Gay"", """"]",4,4,79.8,97.32
2021,6,1,7,right,Joe Mantegna,Patty Primetimes,2021-W06-M04,Matt Gay,K,K,True,False,False,9.37,8.0,,Matt Gay,K,"["""", ""Harrison Butker"", ""10.00"", ""9.00"", ""K"", ""K"", ""K"", ""8.00"", ""9.37"", ""Matt Gay"", """"]",4,4,97.32,79.8
2021,6,1,8,left,Patty Primetimes,Joe Mantegna,2021-W06-M04,Broncos - DEF,DEF,DEF,True,False,False,7.84,1.0,,Broncos - DEF,DEF,"["""", ""Broncos - DEF"", ""7.84"", ""1.00"", ""DEF"", ""DEF"", ""DEF"", ""3.00"", ""5.98"", ""Patriots - DEF"", """"]",4,4,79.8,97.32
2021,6,1,8,right,Joe Mantegna,Patty Primetimes,2021-W06-M04,Patriots - DEF,DEF,DEF,True,False,False,5.98,3.0,,Patriots - DEF,DEF,"["""", ""Broncos - DEF"", ""7.84"", ""1.00"", ""DEF"", ""DEF"", ""DEF"", ""3.00"", ""5.98"", ""Patriots - DEF"", """"]",4,4,97.32,79.8
2021,6,2,0,left,Patty Primetimes,Joe Mantegna,2021-W06-M04,Ronald Jones,,BN,False,True,False,4.36,3.4,,Ronald Jones,BN,"["""", ""Ronald Jones"", ""4.36"", ""3.40"", ""BN"", ""BN"", ""BN"", ""0.00"", ""0.00"", ""Chris Carson"", """"]",4,4,79.8,97.32
2021,6,2,0,right,Joe Mantegna,Patty Primetimes,2021-W06-M04,Chris Carson,,BN,False,True,False,0.0,0.0,,Chris Carson,BN,"["""", ""Ronald Jones"", ""4.36"", ""3.40"", ""BN"", ""BN"", ""BN"", ""0.00"", ""0.00"", ""Chris Carson"", """"]",4,4,97.32,79.8
2021,6,2,1,left,Patty Primetimes,Joe Mantegna,2021-W06-M04,Dalvin Cook,,BN,False,True,False,18.07,21.3,,Dalvin Cook,BN,"["""", ""Dalvin Cook"", ""18.07"", ""21.30"", ""BN"", ""BN"", ""BN"", ""0.00"", ""0.00"", ""Damien Williams"", """"]",4,4,79.8,97.32
2021,6,2,1,right,Joe Mantegna,Patty Primetimes,2021-W06-M04,Damien Williams,,BN,False,True,False,0.0,0.0,,Damien Williams,BN,"["""", ""Dalvin Cook"", ""18.07"", ""21.30"", ""BN"", ""BN"", ""BN"", ""0.00"", ""0.00"", ""Damien Williams"", """"]",4,4,97.32,79.8
2021,6,2,2,left,Patty Primetimes,Joe Mantegna,2021-W06-M04,George Kittle,,BN,False,True,False,0.0,,,George Kittle,BN,"["""", ""George Kittle"", ""0.00"", ""–"", ""BN"", ""BN"", ""BN"", ""0.00"", ""0.00"", ""Clyde Edwards-Helaire"", """"]",4,4,79.8,97.32
2021,6,2,2,right,Joe Mantegna,Patty Primetimes,2021-W06-M04,Clyde Edwards-Helaire,,BN,False,True,False,0.0,0.0,,Clyde Edwards-Helaire,BN,"["""", ""George Kittle"", ""0.00"", ""–"", ""BN"", ""BN"", ""BN"", ""0.00"", ""0.00"", ""Clyde Edwards-Helaire"", """"]",4,4,97.32,79.8
2021,6,2,3,left,Patty Primetimes,Joe Mantegna,2021-W06-M04,Kirk Cousins,,BN,False,True,False,24.83,34.52,,Kirk Cousins,BN,"["""", ""Kirk Cousins"", ""24.83"", ""34.52"", ""BN"", ""BN"", ""BN"", ""–"", ""0.00"", ""Alvin Kamara"", """"]",4,4,79.8,97.32
2021,6,2,3,right,Joe Mantegna,Patty Primetimes,2021-W06-M04,Alvin Kamara,,BN,False,True,False,0.0,,,Alvin Kamara,BN,"["""", ""Kirk Cousins"", ""24.83"", ""34.52"", ""BN"", ""BN"", ""BN"", ""–"", ""0.00"", ""Alvin Kamara"", """"]",4,4,97.32,79.8
2021,6,2,4,left,Patty Primetimes,Joe Mantegna,2021-W06-M04,Hunter Renfrow,,BN,False,True,False,8.34,5.1,,Hunter Renfrow,BN,"["""", ""Hunter Renfrow"", ""8.34"", ""5.10"", ""BN"", ""BN"", ""BN"", ""4.10"", ""7.19"", ""Rondale Moore"", """"]",4,4,79.8,97.32
2021,6,2,4,right,Joe Mantegna,Patty Primetimes,2021-W06-M04,Rondale Moore,,BN,False,True,False,7.19,4.1,,Rondale Moore,BN,"["""", ""Hunter Renfrow"", ""8.34"", ""5.10"", ""BN"", ""BN"", ""BN"", ""4.10"", ""7.19"", ""Rondale Moore"", """"]",4,4,97.32,79.8
2021,6,2,5,left,Patty Primetimes,Joe Mantegna,2021-W06-M04,Brandon Bolden,,BN,False,True,False,6.61,0.7,,Brandon Bolden,BN,"["""", ""Brandon Bolden"", ""6.61"", ""0.70"", ""BN"", ""BN"", ""BN"", ""9.50"", ""7.59"", ""Hunter Henry"", """"]",4,4,79.8,97.32
2021,6,2,5,right,Joe Mantegna,Patty Primetimes,2021-W06-M04,Hunter Henry,,BN,False,True,False,7.59,9.5,,Hunter Henry,BN,"["""", ""Brandon Bolden"", ""6.61"", ""0.70"", ""BN"", ""BN"", ""BN"", ""9.50"", ""7.59"", ""Hunter Henry"", """"]",4,4,97.32,79.8
2021,6,2,6,left,Patty Primetimes,Joe Mantegna,2021-W06-M04,Will Fuller V,,IR,False,False,True,0.0,0.0,,Will Fuller V,IR,"["""", ""Will Fuller V"", ""0.00"", ""0.00"", ""IR"", ""IR"", ""IR"", ""–"", ""0.00"", ""Travis Etienne Jr."", """"]",4,4,79.8,97.32
2021,6,2,6,right,Joe Mantegna,Patty Primetimes,2021-W06-M04,Travis Etienne Jr.,,IR,False,False,True,0.0,,,Travis Etienne Jr.,IR,"["""", ""Will Fuller V"", ""0.00"", ""0.00"", ""IR"", ""IR"", ""IR"", ""–"", ""0.00"", ""Travis Etienne Jr."", """"]",4,4,97.32,79.8
2021,6,1,0,left,Uncle Rico,Ginger FC,2021-W06-M05,Lamar Jackson,QB,QB,True,False,False,29.49,15.78,,Lamar Jackson,QB,"["""", ""Lamar Jackson"", ""29.49"", ""15.78"", ""QB"", ""QB"", ""QB"", ""27.70"", ""24.66"", ""Aaron Rodgers"", """"]",5,8,142.68,120.6
2021,6,1,0,right,Ginger FC,Uncle Rico,2021-W06-M05,Aaron Rodgers,QB,QB,True,False,False,24.66,27.7,,Aaron Rodgers,QB,"["""", ""Lamar Jackson"", ""29.49"", ""15.78"", ""QB"", ""QB"", ""QB"", ""27.70"", ""24.66"", ""Aaron Rodgers"", """"]",5,8,120.6,142.68
2021,6,1,1,left,Uncle Rico,Ginger FC,2021-W06-M05,Ja'Marr Chase,WR,WR,True,False,False,13.78,11.7,,Ja'Marr Chase,WR,"["""", ""Ja'Marr Chase"", ""13.78"", ""11.70"", ""WR"", ""WR"", ""WR"", ""19.00"", ""14.29"", ""DeAndre Hopkins"", """"]",5,8,142.68,120.6
2021,6,1,1,right,Ginger FC,Uncle Rico,2021-W06-M05,DeAndre Hopkins,WR,WR,True,False,False,14.29,19.0,,DeAndre Hopkins,WR,"["""", ""Ja'Marr Chase"", ""13.78"", ""11.70"", ""WR"", ""WR"", ""WR"", ""19.00"", ""14.29"", ""DeAndre Hopkins"", """"]",5,8,120.6,142.68
2021,6,1,2,left,Uncle Rico,Ginger FC,2021-W06-M05,Antonio Brown,WR,WR,True,False,False,11.57,19.8,,Antonio Brown,WR,"["""", ""Antonio Brown"", ""11.57"", ""19.80"", ""WR"", ""WR"", ""WR"", ""8.80"", ""13.62"", ""DK Metcalf "", """"]",5,8,142.68,120.6
2021,6,1,2,right,Ginger FC,Uncle Rico,2021-W06-M05,DK Metcalf,WR,WR,True,False,False,13.62,8.8,,DK Metcalf ,WR,"["""", ""Antonio Brown"", ""11.57"", ""19.80"", ""WR"", ""WR"", ""WR"", ""8.80"", ""13.62"", ""DK Metcalf "", """"]",5,8,120.6,142.68
2021,6,1,3,left,Uncle Rico,Ginger FC,2021-W06-M05,Derrick Henry,RB,RB,True,False,False,18.38,34.6,,Derrick Henry ,RB,"["""", ""Derrick Henry "", ""18.38"", ""34.60"", ""RB"", ""RB"", ""RB"", ""15.40"", ""16.05"", ""Ezekiel Elliott"", """"]",5,8,142.68,120.6
2021,6,1,3,right,Ginger FC,Uncle Rico,2021-W06-M05,Ezekiel Elliott,RB,RB,True,False,False,16.05,15.4,,Ezekiel Elliott,RB,"["""", ""Derrick Henry "", ""18.38"", ""34.60"", ""RB"", ""RB"", ""RB"", ""15.40"", ""16.05"", ""Ezekiel Elliott"", """"]",5,8,120.6,142.68
2021,6,1,4,left,Uncle Rico,Ginger FC,2021-W06-M05,Khalil Herbert,RB,RB,True,False,False,9.7,18.2,,Khalil Herbert,RB,"["""", ""Khalil Herbert"", ""9.70"", ""18.20"", ""RB"", ""RB"", ""RB"", ""27.70"", ""12.11"", ""Leonard Fournette"", """"]",5,8,142.68,120.6
2021,6,1,4,right,Ginger FC,Uncle Rico,2021-W06-M05,Leonard Fournette,RB,RB,True,False,False,12.11,27.7,,Leonard Fournette,RB,"["""", ""Khalil Herbert"", ""9.70"", ""18.20"", ""RB"", ""RB"", ""RB"", ""27.70"", ""12.11"", ""Leonard Fournette"", """"]",5,8,120.6,142.68
2021,6,1,5,left,Uncle Rico,Ginger FC,2021-W06-M05,Mark Andrews,TE,TE,True,False,False,12.32,15.3,,Mark Andrews,TE,"["""", ""Mark Andrews"", ""12.32"", ""15.30"", ""TE"", ""TE"", ""TE"", ""6.00"", ""9.34"", ""Dawson Knox"", """"]",5,8,142.68,120.6
2021,6,1,5,right,Ginger FC,Uncle Rico,2021-W06-M05,Dawson Knox,TE,TE,True,False,False,9.34,6.0,,Dawson Knox,TE,"["""", ""Mark Andrews"", ""12.32"", ""15.30"", ""TE"", ""TE"", ""TE"", ""6.00"", ""9.34"", ""Dawson Knox"", """"]",5,8,120.6,142.68
2021,6,1,6,left,Uncle Rico,Ginger FC,2021-W06-M05,Allen Robinson,,W/R/T,True,False,False,10.36,7.3,,Allen Robinson,W/R/T,"["""", ""Allen Robinson"", ""10.36"", ""7.30"", ""W/R/T"", ""W/R/T"", ""W/R/T"", ""8.00"", ""14.01"", ""Amari Cooper"", """"]",5,8,142.68,120.6
2021,6,1,6,right,Ginger FC,Uncle Rico,2021-W06-M05,Amari Cooper,,W/R/T,True,False,False,14.01,8.0,,Amari Cooper,W/R/T,"["""", ""Allen Robinson"", ""10.36"", ""7.30"", ""W/R/T"", ""W/R/T"", ""W/R/T"", ""8.00"", ""14.01"", ""Amari Cooper"", """"]",5,8,120.6,142.68
2021,6,1,7,left,Uncle Rico,Ginger FC,2021-W06-M05,Daniel Carlson,K,K,True,False,False,8.91,12.0,,Daniel Carlson,K,"["""", ""Daniel Carlson"", ""8.91"", ""12.00"", ""K"", ""K"", ""K"", ""4.00"", ""9.40"", ""Ryan Succop"", """"]",5,8,142.68,120.6
2021,6,1,7,right,Ginger FC,Uncle Rico,2021-W06-M05,Ryan Succop,K,K,True,False,False,9.4,4.0,,Ryan Succop,K,"["""", ""Daniel Carlson"", ""8.91"", ""12.00"", ""K"", ""K"", ""K"", ""4.00"", ""9.40"", ""Ryan Succop"", """"]",5,8,120.6,142.68
2021,6,1,8,left,Uncle Rico,Ginger FC,2021-W06-M05,Steelers - DEF,DEF,DEF,True,False,False,8.39,8.0,,Steelers - DEF,DEF,"["""", ""Steelers - DEF"", ""8.39"", ""8.00"", ""DEF"", ""DEF"", ""DEF"", ""4.00"", ""7.08"", ""Buccaneers - DEF"", """"]",5,8,142.68,120.6
2021,6,1,8,right,Ginger FC,Uncle Rico,2021-W06-M05,Buccaneers - DEF,DEF,DEF,True,False,False,7.08,4.0,,Buccaneers - DEF,DEF,"["""", ""Steelers - DEF"", ""8.39"", ""8.00"", ""DEF"", ""DEF"", ""DEF"", ""4.00"", ""7.08"", ""Buccaneers - DEF"", """"]",5,8,120.6,142.68
2021,6,2,0,left,Uncle Rico,Ginger FC,2021-W06-M05,Christian McCaffrey,,BN,False,True,False,0.0,,,Christian McCaffrey,BN,"["""", ""Christian McCaffrey"", ""0.00"", ""–"", ""BN"", ""BN"", ""BN"", ""0.00"", ""0.00"", ""Rob Gronkowski"", """"]",5,8,142.68,120.6
2021,6,2,0,right,Ginger FC,Uncle Rico,2021-W06-M05,Rob Gronkowski,,BN,False,True,False,0.0,0.0,,Rob Gronkowski,BN,"["""", ""Christian McCaffrey"", ""0.00"", ""–"", ""BN"", ""BN"", ""BN"", ""0.00"", ""0.00"", ""Rob Gronkowski"", """"]",5,8,120.6,142.68
2021,6,2,1,left,Uncle Rico,Ginger FC,2021-W06-M05,Latavius Murray,,BN,False,True,False,8.7,12.6,,Latavius Murray,BN,"["""", ""Latavius Murray"", ""8.70"", ""12.60"", ""BN"", ""BN"", ""BN"", ""8.30"", ""9.69"", ""Javonte Williams"", """"]",5,8,142.68,120.6
2021,6,2,1,right,Ginger FC,Uncle Rico,2021-W06-M05,Javonte Williams,,BN,False,True,False,9.69,8.3,,Javonte Williams,BN,"["""", ""Latavius Murray"", ""8.70"", ""12.60"", ""BN"", ""BN"", ""BN"", ""8.30"", ""9.69"", ""Javonte Williams"", """"]",5,8,120.6,142.68
2021,6,2,2,left,Uncle Rico,Ginger FC,2021-W06-M05,Peyton Barber,,BN,False,True,False,0.0,0.0,,Peyton Barber,BN,"["""", ""Peyton Barber"", ""0.00"", ""0.00"", ""BN"", ""BN"", ""BN"", ""6.80"", ""8.99"", ""Devin Singletary"", """"]",5,8,142.68,120.6
2021,6,2,2,right,Ginger FC,Uncle Rico,2021-W06-M05,Devin Singletary,,BN,False,True,False,8.99,6.8,,Devin Singletary,BN,"["""", ""Peyton Barber"", ""0.00"", ""0.00"", ""BN"", ""BN"", ""BN"", ""6.80"", ""8.99"", ""Devin Singletary"", """"]",5,8,120.6,142.68
2021,6,2,3,left,Uncle Rico,Ginger FC,2021-W06-M05,Tim Patrick,,BN,False,True,False,7.27,11.7,,Tim Patrick,BN,"["""", ""Tim Patrick"", ""7.27"", ""11.70"", ""BN"", ""BN"", ""BN"", ""8.40"", ""10.01"", ""Laviska Shenault Jr."", """"]",5,8,142.68,120.6
2021,6,2,3,right,Ginger FC,Uncle Rico,2021-W06-M05,Laviska Shenault Jr.,,BN,False,True,False,10.01,8.4,,Laviska Shenault Jr.,BN,"["""", ""Tim Patrick"", ""7.27"", ""11.70"", ""BN"", ""BN"", ""BN"", ""8.40"", ""10.01"", ""Laviska Shenault Jr."", """"]",5,8,120.6,142.68
2021,6,2,4,left,Uncle Rico,Ginger FC,2021-W06-M05,Daniel Jones,,BN,False,True,False,21.91,7.08,,Daniel Jones,BN,"["""", ""Daniel Jones"", ""21.91"", ""7.08"", ""BN"", ""BN"", ""BN"", ""10.00"", ""8.31"", ""T.Y. Hilton"", """"]",5,8,142.68,120.6
2021,6,2,4,right,Ginger FC,Uncle Rico,2021-W06-M05,T.Y. Hilton,,BN,False,True,False,8.31,10.0,,T.Y. Hilton,BN,"["""", ""Daniel Jones"", ""21.91"", ""7.08"", ""BN"", ""BN"", ""BN"", ""10.00"", ""8.31"", ""T.Y. Hilton"", """"]",5,8,120.6,142.68
2021,6,2,5,left,Uncle Rico,Ginger FC,2021-W06-M05,Brandon Aiyuk,,BN,False,True,False,0.0,,,Brandon Aiyuk,BN,"["""", ""Brandon Aiyuk"", ""0.00"", ""–"", ""BN"", ""BN"", ""BN"", ""0.00"", ""2.43"", ""Josh Gordon"", """"]",5,8,142.68,120.6
2021,6,2,5,right,Ginger FC,Uncle Rico,2021-W06-M05,Josh Gordon,,BN,False,True,False,2.43,0.0,,Josh Gordon,BN,"["""", ""Brandon Aiyuk"", ""0.00"", ""–"", ""BN"", ""BN"", ""BN"", ""0.00"", ""2.43"", ""Josh Gordon"", """"]",5,8,120.6,142.68
2021,6,2,6,left,Uncle Rico,Ginger FC,2021-W06-M05,(Empty),,IR,False,False,True,0.0,,,(Empty),IR,"["""", ""(Empty)"", ""0.00"", ""–"", ""IR"", ""IR"", ""IR"", ""–"", ""0.00"", ""Jarvis Landry"", """"]",5,8,142.68,120.6
2021,6,2,6,right,Ginger FC,Uncle Rico,2021-W06-M05,Jarvis Landry,,IR,False,False,True,0.0,,,Jarvis Landry,IR,"["""", ""(Empty)"", ""0.00"", ""–"", ""IR"", ""IR"", ""IR"", ""–"", ""0.00"", ""Jarvis Landry"", """"]",5,8,120.6,142.68
2021,6,1,0,left,Week 6 Recap (Won),Big Sack Jack,2021-W06-M06,Patrick Mahomes,QB,QB,True,False,False,30.09,28.98,,Patrick Mahomes ,QB,"["""", ""Patrick Mahomes "", ""30.09"", ""28.98"", ""QB"", ""QB"", ""QB"", ""13.94"", ""24.07"", ""Ryan Tannehill"", """"]",6,9,127.48,101.84
2021,6,1,0,right,Big Sack Jack,Week 6 Recap (Won),2021-W06-M06,Ryan Tannehill,QB,QB,True,False,False,24.07,13.94,,Ryan Tannehill,QB,"["""", ""Patrick Mahomes "", ""30.09"", ""28.98"", ""QB"", ""QB"", ""QB"", ""13.94"", ""24.07"", ""Ryan Tannehill"", """"]",6,9,101.84,127.48
2021,6,1,1,left,Week 6 Recap (Won),Big Sack Jack,2021-W06-M06,DJ Moore,WR,WR,True,False,False,14.18,8.4,,DJ Moore,WR,"["""", ""DJ Moore"", ""14.18"", ""8.40"", ""WR"", ""WR"", ""WR"", ""12.60"", ""13.59"", ""A.J. Brown"", """"]",6,9,127.48,101.84
2021,6,1,1,right,Big Sack Jack,Week 6 Recap (Won),2021-W06-M06,A.J. Brown,WR,WR,True,False,False,13.59,12.6,,A.J. Brown,WR,"["""", ""DJ Moore"", ""14.18"", ""8.40"", ""WR"", ""WR"", ""WR"", ""12.60"", ""13.59"", ""A.J. Brown"", """"]",6,9,101.84,127.48
2021,6,1,2,left,Week 6 Recap (Won),Big Sack Jack,2021-W06-M06,Sterling Shepard,WR,WR,True,False,False,10.17,12.6,,Sterling Shepard,WR,"["""", ""Sterling Shepard"", ""10.17"", ""12.60"", ""WR"", ""WR"", ""WR"", ""3.70"", ""14.08"", ""Mike Williams"", """"]",6,9,127.48,101.84
2021,6,1,2,right,Big Sack Jack,Week 6 Recap (Won),2021-W06-M06,Mike Williams,WR,WR,True,False,False,14.08,3.7,,Mike Williams,WR,"["""", ""Sterling Shepard"", ""10.17"", ""12.60"", ""WR"", ""WR"", ""WR"", ""3.70"", ""14.08"", ""Mike Williams"", """"]",6,9,101.84,127.48
2021,6,1,3,left,Week 6 Recap (Won),Big Sack Jack,2021-W06-M06,James Robinson,RB,RB,True,False,False,14.62,17.6,,James Robinson,RB,"["""", ""James Robinson"", ""14.62"", ""17.60"", ""RB"", ""RB"", ""RB"", ""19.00"", ""17.51"", ""Aaron Jones Sr."", """"]",6,9,127.48,101.84
2021,6,1,3,right,Big Sack Jack,Week 6 Recap (Won),2021-W06-M06,Aaron Jones Sr.,RB,RB,True,False,False,17.51,19.0,,Aaron Jones Sr.,RB,"["""", ""James Robinson"", ""14.62"", ""17.60"", ""RB"", ""RB"", ""RB"", ""19.00"", ""17.51"", ""Aaron Jones Sr."", """"]",6,9,101.84,127.48
2021,6,1,4,left,Week 6 Recap (Won),Big Sack Jack,2021-W06-M06,Josh Jacobs,RB,RB,True,False,False,10.92,14.7,,Josh Jacobs,RB,"["""", ""Josh Jacobs"", ""10.92"", ""14.70"", ""RB"", ""RB"", ""RB"", ""15.20"", ""15.85"", ""D'Andre Swift"", """"]",6,9,127.48,101.84
2021,6,1,4,right,Big Sack Jack,Week 6 Recap (Won),2021-W06-M06,D'Andre Swift,RB,RB,True,False,False,15.85,15.2,,D'Andre Swift,RB,"["""", ""Josh Jacobs"", ""10.92"", ""14.70"", ""RB"", ""RB"", ""RB"", ""15.20"", ""15.85"", ""D'Andre Swift"", """"]",6,9,101.84,127.48
2021,6,1,5,left,Week 6 Recap (Won),Big Sack Jack,2021-W06-M06,Dalton Schultz,TE,TE,True,False,False,9.28,10.4,,Dalton Schultz,TE,"["""", ""Dalton Schultz"", ""9.28"", ""10.40"", ""TE"", ""TE"", ""TE"", ""3.90"", ""7.30"", ""Evan Engram"", """"]",6,9,127.48,101.84
2021,6,1,5,right,Big Sack Jack,Week 6 Recap (Won),2021-W06-M06,Evan Engram,TE,TE,True,False,False,7.3,3.9,,Evan Engram,TE,"["""", ""Dalton Schultz"", ""9.28"", ""10.40"", ""TE"", ""TE"", ""TE"", ""3.90"", ""7.30"", ""Evan Engram"", """"]",6,9,101.84,127.48
2021,6,1,6,left,Week 6 Recap (Won),Big Sack Jack,2021-W06-M06,Melvin Gordon III,,W/R/T,True,False,False,9.85,8.8,,Melvin Gordon III,W/R/T,"["""", ""Melvin Gordon III"", ""9.85"", ""8.80"", ""W/R/T"", ""W/R/T"", ""W/R/T"", ""19.50"", ""10.95"", ""Marvin Jones Jr."", """"]",6,9,127.48,101.84
2021,6,1,6,right,Big Sack Jack,Week 6 Recap (Won),2021-W06-M06,Marvin Jones Jr.,,W/R/T,True,False,False,10.95,19.5,,Marvin Jones Jr.,W/R/T,"["""", ""Melvin Gordon III"", ""9.85"", ""8.80"", ""W/R/T"", ""W/R/T"", ""W/R/T"", ""19.50"", ""10.95"", ""Marvin Jones Jr."", """"]",6,9,101.84,127.48
2021,6,1,7,left,Week 6 Recap (Won),Big Sack Jack,2021-W06-M06,Greg Zuerlein,K,K,True,False,False,9.35,13.0,,Greg Zuerlein,K,"["""", ""Greg Zuerlein"", ""9.35"", ""13.00"", ""K"", ""K"", ""K"", ""13.00"", ""9.39"", ""Chris Boswell"", """"]",6,9,127.48,101.84
2021,6,1,7,right,Big Sack Jack,Week 6 Recap (Won),2021-W06-M06,Chris Boswell,K,K,True,False,False,9.39,13.0,,Chris Boswell,K,"["""", ""Greg Zuerlein"", ""9.35"", ""13.00"", ""K"", ""K"", ""K"", ""13.00"", ""9.39"", ""Chris Boswell"", """"]",6,9,101.84,127.48
2021,6,1,8,left,Week 6 Recap (Won),Big Sack Jack,2021-W06-M06,Cowboys - DEF,DEF,DEF,True,False,False,6.64,13.0,,Cowboys - DEF,DEF,"["""", ""Cowboys - DEF"", ""6.64"", ""13.00"", ""DEF"", ""DEF"", ""DEF"", ""1.00"", ""6.15"", ""Bills - DEF"", """"]",6,9,127.48,101.84
2021,6,1,8,right,Big Sack Jack,Week 6 Recap (Won),2021-W06-M06,Bills - DEF,DEF,DEF,True,False,False,6.15,1.0,,Bills - DEF,DEF,"["""", ""Cowboys - DEF"", ""6.64"", ""13.00"", ""DEF"", ""DEF"", ""DEF"", ""1.00"", ""6.15"", ""Bills - DEF"", """"]",6,9,101.84,127.48
2021,6,2,0,left,Week 6 Recap (Won),Big Sack Jack,2021-W06-M06,Corey Davis,,BN,False,True,False,0.0,,,Corey Davis,BN,"["""", ""Corey Davis"", ""0.00"", ""–"", ""BN"", ""BN"", ""BN"", ""1.20"", ""11.82"", ""Tyler Boyd"", """"]",6,9,127.48,101.84
2021,6,2,0,right,Big Sack Jack,Week 6 Recap (Won),2021-W06-M06,Tyler Boyd,,BN,False,True,False,11.82,1.2,,Tyler Boyd,BN,"["""", ""Corey Davis"", ""0.00"", ""–"", ""BN"", ""BN"", ""BN"", ""1.20"", ""11.82"", ""Tyler Boyd"", """"]",6,9,101.84,127.48
2021,6,2,1,left,Week 6 Recap (Won),Big Sack Jack,2021-W06-M06,JuJu Smith-Schuster,,BN,False,True,False,0.0,0.0,,JuJu Smith-Schuster,BN,"["""", ""JuJu Smith-Schuster"", ""0.00"", ""0.00"", ""BN"", ""BN"", ""BN"", ""18.08"", ""23.12"", ""Sam Darnold"", """"]",6,9,127.48,101.84
2021,6,2,1,right,Big Sack Jack,Week 6 Recap (Won),2021-W06-M06,Sam Darnold,,BN,False,True,False,23.12,18.08,,Sam Darnold,BN,"["""", ""JuJu Smith-Schuster"", ""0.00"", ""0.00"", ""BN"", ""BN"", ""BN"", ""18.08"", ""23.12"", ""Sam Darnold"", """"]",6,9,101.84,127.48
2021,6,2,2,left,Week 6 Recap (Won),Big Sack Jack,2021-W06-M06,Kenny Gainwell,,BN,False,True,False,6.9,0.6,,Kenny Gainwell,BN,"["""", ""Kenny Gainwell"", ""6.90"", ""0.60"", ""BN"", ""BN"", ""BN"", ""–"", ""0.00"", ""Logan Thomas"", """"]",6,9,127.48,101.84
2021,6,2,2,right,Big Sack Jack,Week 6 Recap (Won),2021-W06-M06,Logan Thomas,,BN,False,True,False,0.0,,,Logan Thomas,BN,"["""", ""Kenny Gainwell"", ""6.90"", ""0.60"", ""BN"", ""BN"", ""BN"", ""–"", ""0.00"", ""Logan Thomas"", """"]",6,9,101.84,127.48
2021,6,2,3,left,Week 6 Recap (Won),Big Sack Jack,2021-W06-M06,Robert Tonyan,,BN,False,True,False,5.95,2.0,,Robert Tonyan,BN,"["""", ""Robert Tonyan"", ""5.95"", ""2.00"", ""BN"", ""BN"", ""BN"", ""9.30"", ""16.06"", ""Kareem Hunt"", """"]",6,9,127.48,101.84
2021,6,2,3,right,Big Sack Jack,Week 6 Recap (Won),2021-W06-M06,Kareem Hunt,,BN,False,True,False,16.06,9.3,,Kareem Hunt,BN,"["""", ""Robert Tonyan"", ""5.95"", ""2.00"", ""BN"", ""BN"", ""BN"", ""9.30"", ""16.06"", ""Kareem Hunt"", """"]",6,9,101.84,127.48
2021,6,2,4,left,Week 6 Recap (Won),Big Sack Jack,2021-W06-M06,Marquez Callaway,,BN,False,True,False,0.0,0.0,,Marquez Callaway,BN,"["""", ""Marquez Callaway"", ""0.00"", ""0.00"", ""BN"", ""BN"", ""BN"", ""7.60"", ""10.06"", ""James Conner"", """"]",6,9,127.48,101.84
2021,6,2,4,right,Big Sack Jack,Week 6 Recap (Won),2021-W06-M06,James Conner,,BN,False,True,False,10.06,7.6,,James Conner,BN,"["""", ""Marquez Callaway"", ""0.00"", ""0.00"", ""BN"", ""BN"", ""BN"", ""7.60"", ""10.06"", ""James Conner"", """"]",6,9,101.84,127.48
2021,6,2,5,left,Week 6 Recap (Won),Big Sack Jack,2021-W06-M06,Mecole Hardman Jr.,,BN,False,True,False,9.51,6.8,,Mecole Hardman Jr.,BN,"["""", ""Mecole Hardman Jr."", ""9.51"", ""6.80"", ""BN"", ""BN"", ""BN"", ""0.00"", ""0.00"", ""Elijah Moore"", """"]",6,9,127.48,101.84
2021,6,2,5,right,Big Sack Jack,Week 6 Recap (Won),2021-W06-M06,Elijah Moore,,BN,False,True,False,0.0,0.0,,Elijah Moore,BN,"["""", ""Mecole Hardman Jr."", ""9.51"", ""6.80"", ""BN"", ""BN"", ""BN"", ""0.00"", ""0.00"", ""Elijah Moore"", """"]",6,9,101.84,127.48
2021,6,2,6,left,Week 6 Recap (Won),Big Sack Jack,2021-W06-M06,(Empty),,IR,False,False,True,0.0,,,(Empty),IR,"["""", ""(Empty)"", ""0.00"", ""–"", ""IR"", ""IR"", ""IR"", ""0.00"", ""0.00"", ""Jerry Jeudy "", """"]",6,9,127.48,101.84
2021,6,2,6,right,Big Sack Jack,Week 6 Recap (Won),2021-W06-M06,Jerry Jeudy,,IR,False,False,True,0.0,0.0,,Jerry Jeudy ,IR,"["""", ""(Empty)"", ""0.00"", ""–"", ""IR"", ""IR"", ""IR"", ""0.00"", ""0.00"", ""Jerry Jeudy "", """"]",6,9,101.84,127.48
2021,7,1,0,left,The Big Gronkowski,Ginger FC,2021-W07-M01,Matthew Stafford,QB,QB,True,False,False,27.49,33.16,,Matthew Stafford,QB,"["""", ""Matthew Stafford"", ""27.49"", ""33.16"", ""QB"", ""QB"", ""QB"", ""30.66"", ""27.91"", ""Aaron Rodgers"", """"]",1,1,96.36,140.66
2021,7,1,0,right,Ginger FC,The Big Gronkowski,2021-W07-M01,Aaron Rodgers,QB,QB,True,False,False,27.91,30.66,,Aaron Rodgers,QB,"["""", ""Matthew Stafford"", ""27.49"", ""33.16"", ""QB"", ""QB"", ""QB"", ""30.66"", ""27.91"", ""Aaron Rodgers"", """"]",1,1,140.66,96.36
2021,7,1,1,left,The Big Gronkowski,Ginger FC,2021-W07-M01,Cooper Kupp,WR,WR,True,False,False,16.19,32.6,,Cooper Kupp,WR,"["""", ""Cooper Kupp"", ""16.19"", ""32.60"", ""WR"", ""WR"", ""WR"", ""14.80"", ""13.85"", ""DeAndre Hopkins"", """"]",1,1,96.36,140.66
2021,7,1,1,right,Ginger FC,The Big Gronkowski,2021-W07-M01,DeAndre Hopkins,WR,WR,True,False,False,13.85,14.8,,DeAndre Hopkins,WR,"["""", ""Cooper Kupp"", ""16.19"", ""32.60"", ""WR"", ""WR"", ""WR"", ""14.80"", ""13.85"", ""DeAndre Hopkins"", """"]",1,1,140.66,96.36
2021,7,1,2,left,The Big Gronkowski,Ginger FC,2021-W07-M01,Tyler Lockett,WR,WR,True,False,False,11.66,2.2,,Tyler Lockett,WR,"["""", ""Tyler Lockett"", ""11.66"", ""2.20"", ""WR"", ""WR"", ""WR"", ""16.60"", ""13.41"", ""DK Metcalf "", """"]",1,1,96.36,140.66
2021,7,1,2,right,Ginger FC,The Big Gronkowski,2021-W07-M01,DK Metcalf,WR,WR,True,False,False,13.41,16.6,,DK Metcalf ,WR,"["""", ""Tyler Lockett"", ""11.66"", ""2.20"", ""WR"", ""WR"", ""WR"", ""16.60"", ""13.41"", ""DK Metcalf "", """"]",1,1,140.66,96.36
2021,7,1,3,left,The Big Gronkowski,Ginger FC,2021-W07-M01,Antonio Gibson,RB,RB,True,False,False,12.34,6.6,,Antonio Gibson,RB,"["""", ""Antonio Gibson"", ""12.34"", ""6.60"", ""RB"", ""RB"", ""RB"", ""16.00"", ""15.20"", ""Leonard Fournette"", """"]",1,1,96.36,140.66
2021,7,1,3,right,Ginger FC,The Big Gronkowski,2021-W07-M01,Leonard Fournette,RB,RB,True,False,False,15.2,16.0,,Leonard Fournette,RB,"["""", ""Antonio Gibson"", ""12.34"", ""6.60"", ""RB"", ""RB"", ""RB"", ""16.00"", ""15.20"", ""Leonard Fournette"", """"]",1,1,140.66,96.36
2021,7,1,4,left,The Big Gronkowski,Ginger FC,2021-W07-M01,AJ Dillon,RB,RB,True,False,False,7.81,-0.7,,AJ Dillon,RB,"["""", ""AJ Dillon"", ""7.81"", ""-0.70"", ""RB"", ""RB"", ""RB"", ""14.20"", ""8.01"", ""Javonte Williams"", """"]",1,1,96.36,140.66
2021,7,1,4,right,Ginger FC,The Big Gronkowski,2021-W07-M01,Javonte Williams,RB,RB,True,False,False,8.01,14.2,,Javonte Williams,RB,"["""", ""AJ Dillon"", ""7.81"", ""-0.70"", ""RB"", ""RB"", ""RB"", ""14.20"", ""8.01"", ""Javonte Williams"", """"]",1,1,140.66,96.36
2021,7,1,5,left,The Big Gronkowski,Ginger FC,2021-W07-M01,Darren Waller,TE,TE,True,False,False,0.0,0.0,,Darren Waller ,TE,"["""", ""Darren Waller "", ""0.00"", ""0.00"", ""TE"", ""TE"", ""TE"", ""14.50"", ""6.28"", ""Zach Ertz"", """"]",1,1,96.36,140.66
2021,7,1,5,right,Ginger FC,The Big Gronkowski,2021-W07-M01,Zach Ertz,TE,TE,True,False,False,6.28,14.5,,Zach Ertz,TE,"["""", ""Darren Waller "", ""0.00"", ""0.00"", ""TE"", ""TE"", ""TE"", ""14.50"", ""6.28"", ""Zach Ertz"", """"]",1,1,140.66,96.36
2021,7,1,6,left,The Big Gronkowski,Ginger FC,2021-W07-M01,Michael Pittman Jr.,,W/R/T,True,False,False,12.11,18.5,,Michael Pittman Jr.,W/R/T,"["""", ""Michael Pittman Jr."", ""12.11"", ""18.50"", ""W/R/T"", ""W/R/T"", ""W/R/T"", ""4.90"", ""8.78"", ""Darnell Mooney"", """"]",1,1,96.36,140.66
2021,7,1,6,right,Ginger FC,The Big Gronkowski,2021-W07-M01,Darnell Mooney,,W/R/T,True,False,False,8.78,4.9,,Darnell Mooney,W/R/T,"["""", ""Michael Pittman Jr."", ""12.11"", ""18.50"", ""W/R/T"", ""W/R/T"", ""W/R/T"", ""4.90"", ""8.78"", ""Darnell Mooney"", """"]",1,1,140.66,96.36
2021,7,1,7,left,The Big Gronkowski,Ginger FC,2021-W07-M01,Brandon McManus,K,K,True,False,False,7.84,2.0,,Brandon McManus,K,"["""", ""Brandon McManus"", ""7.84"", ""2.00"", ""K"", ""K"", ""K"", ""8.00"", ""9.74"", ""Ryan Succop"", """"]",1,1,96.36,140.66
2021,7,1,7,right,Ginger FC,The Big Gronkowski,2021-W07-M01,Ryan Succop,K,K,True,False,False,9.74,8.0,,Ryan Succop,K,"["""", ""Brandon McManus"", ""7.84"", ""2.00"", ""K"", ""K"", ""K"", ""8.00"", ""9.74"", ""Ryan Succop"", """"]",1,1,140.66,96.36
2021,7,1,8,left,The Big Gronkowski,Ginger FC,2021-W07-M01,Panthers - DEF,DEF,DEF,True,False,False,7.51,2.0,,Panthers - DEF,DEF,"["""", ""Panthers - DEF"", ""7.51"", ""2.00"", ""DEF"", ""DEF"", ""DEF"", ""21.00"", ""8.96"", ""Buccaneers - DEF"", """"]",1,1,96.36,140.66
2021,7,1,8,right,Ginger FC,The Big Gronkowski,2021-W07-M01,Buccaneers - DEF,DEF,DEF,True,False,False,8.96,21.0,,Buccaneers - DEF,DEF,"["""", ""Panthers - DEF"", ""7.51"", ""2.00"", ""DEF"", ""DEF"", ""DEF"", ""21.00"", ""8.96"", ""Buccaneers - DEF"", """"]",1,1,140.66,96.36
2021,7,2,0,left,The Big Gronkowski,Ginger FC,2021-W07-M01,Nyheim Miller-Hines,,BN,False,True,False,7.14,1.7,,Nyheim Miller-Hines,BN,"["""", ""Nyheim Miller-Hines"", ""7.14"", ""1.70"", ""BN"", ""BN"", ""BN"", ""–"", ""0.00"", ""T.Y. Hilton"", """"]",1,1,96.36,140.66
2021,7,2,0,right,Ginger FC,The Big Gronkowski,2021-W07-M01,T.Y. Hilton,,BN,False,True,False,0.0,,,T.Y. Hilton,BN,"["""", ""Nyheim Miller-Hines"", ""7.14"", ""1.70"", ""BN"", ""BN"", ""BN"", ""–"", ""0.00"", ""T.Y. Hilton"", """"]",1,1,140.66,96.36
2021,7,2,1,left,The Big Gronkowski,Ginger FC,2021-W07-M01,Najee Harris,,BN,False,True,False,0.0,0.0,,Najee Harris,BN,"["""", ""Najee Harris"", ""0.00"", ""0.00"", ""BN"", ""BN"", ""BN"", ""0.00"", ""0.00"", ""Rob Gronkowski"", """"]",1,1,96.36,140.66
2021,7,2,1,right,Ginger FC,The Big Gronkowski,2021-W07-M01,Rob Gronkowski,,BN,False,True,False,0.0,0.0,,Rob Gronkowski,BN,"["""", ""Najee Harris"", ""0.00"", ""0.00"", ""BN"", ""BN"", ""BN"", ""0.00"", ""0.00"", ""Rob Gronkowski"", """"]",1,1,140.66,96.36
2021,7,2,2,left,The Big Gronkowski,Ginger FC,2021-W07-M01,Chase Claypool,,BN,False,True,False,0.0,,,Chase Claypool,BN,"["""", ""Chase Claypool"", ""0.00"", ""–"", ""BN"", ""BN"", ""BN"", ""–"", ""0.00"", ""Dawson Knox"", """"]",1,1,96.36,140.66
2021,7,2,2,right,Ginger FC,The Big Gronkowski,2021-W07-M01,Dawson Knox,,BN,False,True,False,0.0,,,Dawson Knox,BN,"["""", ""Chase Claypool"", ""0.00"", ""–"", ""BN"", ""BN"", ""BN"", ""–"", ""0.00"", ""Dawson Knox"", """"]",1,1,140.66,96.36
2021,7,2,3,left,The Big Gronkowski,Ginger FC,2021-W07-M01,Cole Beasley,,BN,False,True,False,0.0,0.0,,Cole Beasley,BN,"["""", ""Cole Beasley"", ""0.00"", ""0.00"", ""BN"", ""BN"", ""BN"", ""–"", ""0.00"", ""Amari Cooper"", """"]",1,1,96.36,140.66
2021,7,2,3,right,Ginger FC,The Big Gronkowski,2021-W07-M01,Amari Cooper,,BN,False,True,False,0.0,,,Amari Cooper,BN,"["""", ""Cole Beasley"", ""0.00"", ""0.00"", ""BN"", ""BN"", ""BN"", ""–"", ""0.00"", ""Amari Cooper"", """"]",1,1,140.66,96.36
2021,7,2,4,left,The Big Gronkowski,Ginger FC,2021-W07-M01,Gerald Everett,,BN,False,True,False,5.95,3.8,,Gerald Everett,BN,"["""", ""Gerald Everett"", ""5.95"", ""3.80"", ""BN"", ""BN"", ""BN"", ""–"", ""0.00"", ""Ezekiel Elliott"", """"]",1,1,96.36,140.66
2021,7,2,4,right,Ginger FC,The Big Gronkowski,2021-W07-M01,Ezekiel Elliott,,BN,False,True,False,0.0,,,Ezekiel Elliott,BN,"["""", ""Gerald Everett"", ""5.95"", ""3.80"", ""BN"", ""BN"", ""BN"", ""–"", ""0.00"", ""Ezekiel Elliott"", """"]",1,1,140.66,96.36
2021,7,2,5,left,The Big Gronkowski,Ginger FC,2021-W07-M01,Joe Burrow,,BN,False,True,False,23.66,33.64,,Joe Burrow,BN,"["""", ""Joe Burrow"", ""23.66"", ""33.64"", ""BN"", ""BN"", ""BN"", ""0.00"", ""0.00"", ""Devin Singletary"", """"]",1,1,96.36,140.66
2021,7,2,5,right,Ginger FC,The Big Gronkowski,2021-W07-M01,Devin Singletary,,BN,False,True,False,0.0,0.0,,Devin Singletary,BN,"["""", ""Joe Burrow"", ""23.66"", ""33.64"", ""BN"", ""BN"", ""BN"", ""0.00"", ""0.00"", ""Devin Singletary"", """"]",1,1,140.66,96.36
2021,7,2,6,left,The Big Gronkowski,Ginger FC,2021-W07-M01,Robbie Gould,,IR,False,False,True,0.0,0.0,,Robbie Gould,IR,"["""", ""Robbie Gould"", ""0.00"", ""0.00"", ""IR"", ""IR"", ""IR"", ""–"", ""0.00"", ""(Empty)"", """"]",1,1,96.36,140.66
2021,7,2,6,right,Ginger FC,The Big Gronkowski,2021-W07-M01,(Empty),,IR,False,False,True,0.0,,,(Empty),IR,"["""", ""Robbie Gould"", ""0.00"", ""0.00"", ""IR"", ""IR"", ""IR"", ""–"", ""0.00"", ""(Empty)"", """"]",1,1,140.66,96.36
2021,7,1,0,left,Malle ❤️ 🐸,Post Mahomes,2021-W07-M02,Tom Brady,QB,QB,True,False,False,25.84,32.44,,Tom Brady,QB,"["""", ""Tom Brady"", ""25.84"", ""32.44"", ""QB"", ""QB"", ""QB"", ""28.44"", ""31.21"", ""Kyler Murray "", """"]",2,2,126.74,89.44
2021,7,1,0,right,Post Mahomes,Malle ❤️ 🐸,2021-W07-M02,Kyler Murray,QB,QB,True,False,False,31.21,28.44,,Kyler Murray ,QB,"["""", ""Tom Brady"", ""25.84"", ""32.44"", ""QB"", ""QB"", ""QB"", ""28.44"", ""31.21"", ""Kyler Murray "", """"]",2,2,89.44,126.74
2021,7,1,1,left,Malle ❤️ 🐸,Post Mahomes,2021-W07-M02,Tyreek Hill,WR,WR,True,False,False,17.24,9.7,,Tyreek Hill,WR,"["""", ""Tyreek Hill"", ""17.24"", ""9.70"", ""WR"", ""WR"", ""WR"", ""4.60"", ""10.38"", ""Brandin Cooks"", """"]",2,2,126.74,89.44
2021,7,1,1,right,Post Mahomes,Malle ❤️ 🐸,2021-W07-M02,Brandin Cooks,WR,WR,True,False,False,10.38,4.6,,Brandin Cooks,WR,"["""", ""Tyreek Hill"", ""17.24"", ""9.70"", ""WR"", ""WR"", ""WR"", ""4.60"", ""10.38"", ""Brandin Cooks"", """"]",2,2,89.44,126.74
2021,7,1,2,left,Malle ❤️ 🐸,Post Mahomes,2021-W07-M02,Mike Evans,WR,WR,True,False,False,14.02,28.6,,Mike Evans,WR,"["""", ""Mike Evans"", ""14.02"", ""28.60"", ""WR"", ""WR"", ""WR"", ""0.00"", ""8.45"", ""Amon-Ra St. Brown"", """"]",2,2,126.74,89.44
2021,7,1,2,right,Post Mahomes,Malle ❤️ 🐸,2021-W07-M02,Amon-Ra St. Brown,WR,WR,True,False,False,8.45,0.0,,Amon-Ra St. Brown,WR,"["""", ""Mike Evans"", ""14.02"", ""28.60"", ""WR"", ""WR"", ""WR"", ""0.00"", ""8.45"", ""Amon-Ra St. Brown"", """"]",2,2,89.44,126.74
2021,7,1,3,left,Malle ❤️ 🐸,Post Mahomes,2021-W07-M02,Damien Harris,RB,RB,True,False,False,12.31,24.3,,Damien Harris ,RB,"["""", ""Damien Harris "", ""12.31"", ""24.30"", ""RB"", ""RB"", ""RB"", ""6.50"", ""12.43"", ""Darrel Williams"", """"]",2,2,126.74,89.44
2021,7,1,3,right,Post Mahomes,Malle ❤️ 🐸,2021-W07-M02,Darrel Williams,RB,RB,True,False,False,12.43,6.5,,Darrel Williams,RB,"["""", ""Damien Harris "", ""12.31"", ""24.30"", ""RB"", ""RB"", ""RB"", ""6.50"", ""12.43"", ""Darrel Williams"", """"]",2,2,89.44,126.74
2021,7,1,4,left,Malle ❤️ 🐸,Post Mahomes,2021-W07-M02,Mark Ingram II,RB,RB,True,False,False,6.94,4.2,,Mark Ingram II,RB,"["""", ""Mark Ingram II"", ""6.94"", ""4.20"", ""RB"", ""RB"", ""RB"", ""7.60"", ""8.08"", ""J.D. McKissic"", """"]",2,2,126.74,89.44
2021,7,1,4,right,Post Mahomes,Malle ❤️ 🐸,2021-W07-M02,J.D. McKissic,RB,RB,True,False,False,8.08,7.6,,J.D. McKissic,RB,"["""", ""Mark Ingram II"", ""6.94"", ""4.20"", ""RB"", ""RB"", ""RB"", ""7.60"", ""8.08"", ""J.D. McKissic"", """"]",2,2,89.44,126.74
2021,7,1,5,left,Malle ❤️ 🐸,Post Mahomes,2021-W07-M02,T.J. Hockenson,TE,TE,True,False,False,9.39,7.8,,T.J. Hockenson,TE,"["""", ""T.J. Hockenson"", ""9.39"", ""7.80"", ""TE"", ""TE"", ""TE"", ""19.80"", ""10.13"", ""Kyle Pitts Sr."", """"]",2,2,126.74,89.44
2021,7,1,5,right,Post Mahomes,Malle ❤️ 🐸,2021-W07-M02,Kyle Pitts Sr.,TE,TE,True,False,False,10.13,19.8,,Kyle Pitts Sr.,TE,"["""", ""T.J. Hockenson"", ""9.39"", ""7.80"", ""TE"", ""TE"", ""TE"", ""19.80"", ""10.13"", ""Kyle Pitts Sr."", """"]",2,2,89.44,126.74
2021,7,1,6,left,Malle ❤️ 🐸,Post Mahomes,2021-W07-M02,Jonnu Smith,,W/R/T,True,False,False,6.19,6.7,,Jonnu Smith,W/R/T,"["""", ""Jonnu Smith"", ""6.19"", ""6.70"", ""W/R/T"", ""W/R/T"", ""W/R/T"", ""16.50"", ""15.47"", ""Jonathan Taylor"", """"]",2,2,126.74,89.44
2021,7,1,6,right,Post Mahomes,Malle ❤️ 🐸,2021-W07-M02,Jonathan Taylor,,W/R/T,True,False,False,15.47,16.5,,Jonathan Taylor,W/R/T,"["""", ""Jonnu Smith"", ""6.19"", ""6.70"", ""W/R/T"", ""W/R/T"", ""W/R/T"", ""16.50"", ""15.47"", ""Jonathan Taylor"", """"]",2,2,89.44,126.74
2021,7,1,7,left,Malle ❤️ 🐸,Post Mahomes,2021-W07-M02,Justin Tucker,K,K,True,False,False,10.32,6.0,,Justin Tucker,K,"["""", ""Justin Tucker"", ""10.32"", ""6.00"", ""K"", ""K"", ""K"", ""7.00"", ""9.84"", ""Matt Prater"", """"]",2,2,126.74,89.44
2021,7,1,7,right,Post Mahomes,Malle ❤️ 🐸,2021-W07-M02,Matt Prater,K,K,True,False,False,9.84,7.0,,Matt Prater,K,"["""", ""Justin Tucker"", ""10.32"", ""6.00"", ""K"", ""K"", ""K"", ""7.00"", ""9.84"", ""Matt Prater"", """"]",2,2,89.44,126.74
2021,7,1,8,left,Malle ❤️ 🐸,Post Mahomes,2021-W07-M02,Rams - DEF,DEF,DEF,True,False,False,9.07,7.0,,Rams - DEF,DEF,"["""", ""Rams - DEF"", ""9.07"", ""7.00"", ""DEF"", ""DEF"", ""DEF"", ""-1.00"", ""6.96"", ""Ravens - DEF"", """"]",2,2,126.74,89.44
2021,7,1,8,right,Post Mahomes,Malle ❤️ 🐸,2021-W07-M02,Ravens - DEF,DEF,DEF,True,False,False,6.96,-1.0,,Ravens - DEF,DEF,"["""", ""Rams - DEF"", ""9.07"", ""7.00"", ""DEF"", ""DEF"", ""DEF"", ""-1.00"", ""6.96"", ""Ravens - DEF"", """"]",2,2,89.44,126.74
2021,7,2,0,left,Malle ❤️ 🐸,Post Mahomes,2021-W07-M02,Keenan Allen,,BN,False,True,False,0.0,0.0,,Keenan Allen,BN,"["""", ""Keenan Allen"", ""0.00"", ""0.00"", ""BN"", ""BN"", ""BN"", ""3.30"", ""8.61"", ""Odell Beckham Jr."", """"]",2,2,126.74,89.44
2021,7,2,0,right,Post Mahomes,Malle ❤️ 🐸,2021-W07-M02,Odell Beckham Jr.,,BN,False,True,False,8.61,3.3,,Odell Beckham Jr.,BN,"["""", ""Keenan Allen"", ""0.00"", ""0.00"", ""BN"", ""BN"", ""BN"", ""3.30"", ""8.61"", ""Odell Beckham Jr."", """"]",2,2,89.44,126.74
2021,7,2,1,left,Malle ❤️ 🐸,Post Mahomes,2021-W07-M02,Phillip Lindsay,,BN,False,True,False,2.06,0.8,,Phillip Lindsay,BN,"["""", ""Phillip Lindsay"", ""2.06"", ""0.80"", ""BN"", ""BN"", ""BN"", ""–"", ""0.00"", ""CeeDee Lamb"", """"]",2,2,126.74,89.44
2021,7,2,1,right,Post Mahomes,Malle ❤️ 🐸,2021-W07-M02,CeeDee Lamb,,BN,False,True,False,0.0,,,CeeDee Lamb,BN,"["""", ""Phillip Lindsay"", ""2.06"", ""0.80"", ""BN"", ""BN"", ""BN"", ""–"", ""0.00"", ""CeeDee Lamb"", """"]",2,2,89.44,126.74
2021,7,2,2,left,Malle ❤️ 🐸,Post Mahomes,2021-W07-M02,Adam Thielen,,BN,False,True,False,0.0,,,Adam Thielen,BN,"["""", ""Adam Thielen"", ""0.00"", ""–"", ""BN"", ""BN"", ""BN"", ""0.00"", ""0.00"", ""Zack Moss"", """"]",2,2,126.74,89.44
2021,7,2,2,right,Post Mahomes,Malle ❤️ 🐸,2021-W07-M02,Zack Moss,,BN,False,True,False,0.0,0.0,,Zack Moss,BN,"["""", ""Adam Thielen"", ""0.00"", ""–"", ""BN"", ""BN"", ""BN"", ""0.00"", ""0.00"", ""Zack Moss"", """"]",2,2,89.44,126.74
2021,7,2,3,left,Malle ❤️ 🐸,Post Mahomes,2021-W07-M02,Jalen Hurts,,BN,False,True,False,25.21,27.54,,Jalen Hurts,BN,"["""", ""Jalen Hurts"", ""25.21"", ""27.54"", ""BN"", ""BN"", ""BN"", ""0.00"", ""0.00"", ""Kenny Golladay"", """"]",2,2,126.74,89.44
2021,7,2,3,right,Post Mahomes,Malle ❤️ 🐸,2021-W07-M02,Kenny Golladay,,BN,False,True,False,0.0,0.0,,Kenny Golladay,BN,"["""", ""Jalen Hurts"", ""25.21"", ""27.54"", ""BN"", ""BN"", ""BN"", ""0.00"", ""0.00"", ""Kenny Golladay"", """"]",2,2,89.44,126.74
2021,7,2,4,left,Malle ❤️ 🐸,Post Mahomes,2021-W07-M02,Alexander Mattison,,BN,False,True,False,0.0,0.0,,Alexander Mattison,BN,"["""", ""Alexander Mattison"", ""0.00"", ""0.00"", ""BN"", ""BN"", ""BN"", ""0.00"", ""0.00"", ""Tony Pollard"", """"]",2,2,126.74,89.44
2021,7,2,4,right,Post Mahomes,Malle ❤️ 🐸,2021-W07-M02,Tony Pollard,,BN,False,True,False,0.0,0.0,,Tony Pollard,BN,"["""", ""Alexander Mattison"", ""0.00"", ""0.00"", ""BN"", ""BN"", ""BN"", ""0.00"", ""0.00"", ""Tony Pollard"", """"]",2,2,89.44,126.74
2021,7,2,5,left,Malle ❤️ 🐸,Post Mahomes,2021-W07-M02,Ryan Fitzpatrick,,BN,False,True,False,0.0,0.0,,Ryan Fitzpatrick,BN,"["""", ""Ryan Fitzpatrick"", ""0.00"", ""0.00"", ""BN"", ""BN"", ""BN"", ""12.40"", ""9.48"", ""Michael Carter"", """"]",2,2,126.74,89.44
2021,7,2,5,right,Post Mahomes,Malle ❤️ 🐸,2021-W07-M02,Michael Carter,,BN,False,True,False,9.48,12.4,,Michael Carter,BN,"["""", ""Ryan Fitzpatrick"", ""0.00"", ""0.00"", ""BN"", ""BN"", ""BN"", ""12.40"", ""9.48"", ""Michael Carter"", """"]",2,2,89.44,126.74
2021,7,2,6,left,Malle ❤️ 🐸,Post Mahomes,2021-W07-M02,(Empty),,IR,False,False,True,0.0,,,(Empty),IR,"["""", ""(Empty)"", ""0.00"", ""–"", ""IR"", ""IR"", ""IR"", ""0.00"", ""0.00"", ""Saquon Barkley"", """"]",2,2,126.74,89.44
2021,7,2,6,right,Post Mahomes,Malle ❤️ 🐸,2021-W07-M02,Saquon Barkley,,IR,False,False,True,0.0,0.0,,Saquon Barkley,IR,"["""", ""(Empty)"", ""0.00"", ""–"", ""IR"", ""IR"", ""IR"", ""0.00"", ""0.00"", ""Saquon Barkley"", """"]",2,2,89.44,126.74
2021,7,1,0,left,Pop Lockett Drop it,Voldemort,2021-W07-M03,Jameis Winston,QB,QB,True,False,False,21.52,18.88,,Jameis Winston,QB,"["""", ""Jameis Winston"", ""21.52"", ""18.88"", ""QB"", ""QB"", ""QB"", ""22.44"", ""22.92"", ""Matt Ryan"", """"]",3,3,113.68,100.14
2021,7,1,0,right,Voldemort,Pop Lockett Drop it,2021-W07-M03,Matt Ryan,QB,QB,True,False,False,22.92,22.44,,Matt Ryan,QB,"["""", ""Jameis Winston"", ""21.52"", ""18.88"", ""QB"", ""QB"", ""QB"", ""22.44"", ""22.92"", ""Matt Ryan"", """"]",3,3,100.14,113.68
2021,7,1,1,left,Pop Lockett Drop it,Voldemort,2021-W07-M03,Robert Woods,WR,WR,True,False,False,14.02,12.0,,Robert Woods,WR,"["""", ""Robert Woods"", ""14.02"", ""12.00"", ""WR"", ""WR"", ""WR"", ""16.50"", ""12.53"", ""Hollywood Brown"", """"]",3,3,113.68,100.14
2021,7,1,1,right,Voldemort,Pop Lockett Drop it,2021-W07-M03,Hollywood Brown,WR,WR,True,False,False,12.53,16.5,,Hollywood Brown,WR,"["""", ""Robert Woods"", ""14.02"", ""12.00"", ""WR"", ""WR"", ""WR"", ""16.50"", ""12.53"", ""Hollywood Brown"", """"]",3,3,100.14,113.68
2021,7,1,2,left,Pop Lockett Drop it,Voldemort,2021-W07-M03,Calvin Ridley,WR,WR,True,False,False,14.04,10.6,,Calvin Ridley,WR,"["""", ""Calvin Ridley"", ""14.04"", ""10.60"", ""WR"", ""WR"", ""WR"", ""5.10"", ""9.63"", ""Henry Ruggs III"", """"]",3,3,113.68,100.14
2021,7,1,2,right,Voldemort,Pop Lockett Drop it,2021-W07-M03,Henry Ruggs III,WR,WR,True,False,False,9.63,5.1,,Henry Ruggs III,WR,"["""", ""Calvin Ridley"", ""14.04"", ""10.60"", ""WR"", ""WR"", ""WR"", ""5.10"", ""9.63"", ""Henry Ruggs III"", """"]",3,3,100.14,113.68
2021,7,1,3,left,Pop Lockett Drop it,Voldemort,2021-W07-M03,Chase Edmonds,RB,RB,True,False,False,11.98,9.5,,Chase Edmonds,RB,"["""", ""Chase Edmonds"", ""11.98"", ""9.50"", ""RB"", ""RB"", ""RB"", ""0.40"", ""7.28"", ""Sony Michel"", """"]",3,3,113.68,100.14
2021,7,1,3,right,Voldemort,Pop Lockett Drop it,2021-W07-M03,Sony Michel,RB,RB,True,False,False,7.28,0.4,,Sony Michel,RB,"["""", ""Chase Edmonds"", ""11.98"", ""9.50"", ""RB"", ""RB"", ""RB"", ""0.40"", ""7.28"", ""Sony Michel"", """"]",3,3,100.14,113.68
2021,7,1,4,left,Pop Lockett Drop it,Voldemort,2021-W07-M03,Cordarrelle Patterson,RB,RB,True,False,False,11.82,13.1,,Cordarrelle Patterson,RB,"["""", ""Cordarrelle Patterson"", ""11.82"", ""13.10"", ""RB"", ""RB"", ""RB"", ""15.40"", ""5.80"", ""Kenyan Drake"", """"]",3,3,113.68,100.14
2021,7,1,4,right,Voldemort,Pop Lockett Drop it,2021-W07-M03,Kenyan Drake,RB,RB,True,False,False,5.8,15.4,,Kenyan Drake,RB,"["""", ""Cordarrelle Patterson"", ""11.82"", ""13.10"", ""RB"", ""RB"", ""RB"", ""15.40"", ""5.80"", ""Kenyan Drake"", """"]",3,3,100.14,113.68
2021,7,1,5,left,Pop Lockett Drop it,Voldemort,2021-W07-M03,Tyler Higbee,TE,TE,True,False,False,9.87,7.1,,Tyler Higbee,TE,"["""", ""Tyler Higbee"", ""9.87"", ""7.10"", ""TE"", ""TE"", ""TE"", ""10.00"", ""17.23"", ""Travis Kelce"", """"]",3,3,113.68,100.14
2021,7,1,5,right,Voldemort,Pop Lockett Drop it,2021-W07-M03,Travis Kelce,TE,TE,True,False,False,17.23,10.0,,Travis Kelce,TE,"["""", ""Tyler Higbee"", ""9.87"", ""7.10"", ""TE"", ""TE"", ""TE"", ""10.00"", ""17.23"", ""Travis Kelce"", """"]",3,3,100.14,113.68
2021,7,1,6,left,Pop Lockett Drop it,Voldemort,2021-W07-M03,Deebo Samuel Sr.,,W/R/T,True,False,False,14.42,17.5,,Deebo Samuel Sr.,W/R/T,"["""", ""Deebo Samuel Sr."", ""14.42"", ""17.50"", ""W/R/T"", ""W/R/T"", ""W/R/T"", ""9.30"", ""11.53"", ""Courtland Sutton"", """"]",3,3,113.68,100.14
2021,7,1,6,right,Voldemort,Pop Lockett Drop it,2021-W07-M03,Courtland Sutton,,W/R/T,True,False,False,11.53,9.3,,Courtland Sutton,W/R/T,"["""", ""Deebo Samuel Sr."", ""14.42"", ""17.50"", ""W/R/T"", ""W/R/T"", ""W/R/T"", ""9.30"", ""11.53"", ""Courtland Sutton"", """"]",3,3,100.14,113.68
2021,7,1,7,left,Pop Lockett Drop it,Voldemort,2021-W07-M03,Nick Folk,K,K,True,False,False,8.48,14.0,,Nick Folk,K,"["""", ""Nick Folk"", ""8.48"", ""14.00"", ""K"", ""K"", ""K"", ""7.00"", ""8.11"", ""Chase McLaughlin"", """"]",3,3,113.68,100.14
2021,7,1,7,right,Voldemort,Pop Lockett Drop it,2021-W07-M03,Chase McLaughlin,K,K,True,False,False,8.11,7.0,,Chase McLaughlin,K,"["""", ""Nick Folk"", ""8.48"", ""14.00"", ""K"", ""K"", ""K"", ""7.00"", ""8.11"", ""Chase McLaughlin"", """"]",3,3,100.14,113.68
2021,7,1,8,left,Pop Lockett Drop it,Voldemort,2021-W07-M03,Colts - DEF,DEF,DEF,True,False,False,5.29,11.0,,Colts - DEF,DEF,"["""", ""Colts - DEF"", ""5.29"", ""11.00"", ""DEF"", ""DEF"", ""DEF"", ""14.00"", ""7.30"", ""Packers - DEF"", """"]",3,3,113.68,100.14
2021,7,1,8,right,Voldemort,Pop Lockett Drop it,2021-W07-M03,Packers - DEF,DEF,DEF,True,False,False,7.3,14.0,,Packers - DEF,DEF,"["""", ""Colts - DEF"", ""5.29"", ""11.00"", ""DEF"", ""DEF"", ""DEF"", ""14.00"", ""7.30"", ""Packers - DEF"", """"]",3,3,100.14,113.68
2021,7,2,0,left,Pop Lockett Drop it,Voldemort,2021-W07-M03,Dak Prescott,,BN,False,True,False,0.0,,,Dak Prescott,BN,"["""", ""Dak Prescott"", ""0.00"", ""–"", ""BN"", ""BN"", ""BN"", ""5.70"", ""5.56"", ""Jamaal Williams"", """"]",3,3,113.68,100.14
2021,7,2,0,right,Voldemort,Pop Lockett Drop it,2021-W07-M03,Jamaal Williams,,BN,False,True,False,5.56,5.7,,Jamaal Williams,BN,"["""", ""Dak Prescott"", ""0.00"", ""–"", ""BN"", ""BN"", ""BN"", ""5.70"", ""5.56"", ""Jamaal Williams"", """"]",3,3,100.14,113.68
2021,7,2,1,left,Pop Lockett Drop it,Voldemort,2021-W07-M03,Emmanuel Sanders,,BN,False,True,False,0.0,,,Emmanuel Sanders,BN,"["""", ""Emmanuel Sanders"", ""0.00"", ""–"", ""BN"", ""BN"", ""BN"", ""0.00"", ""0.00"", ""Austin Ekeler"", """"]",3,3,113.68,100.14
2021,7,2,1,right,Voldemort,Pop Lockett Drop it,2021-W07-M03,Austin Ekeler,,BN,False,True,False,0.0,0.0,,Austin Ekeler,BN,"["""", ""Emmanuel Sanders"", ""0.00"", ""–"", ""BN"", ""BN"", ""BN"", ""0.00"", ""0.00"", ""Austin Ekeler"", """"]",3,3,100.14,113.68
2021,7,2,2,left,Pop Lockett Drop it,Voldemort,2021-W07-M03,Justin Jefferson,,BN,False,True,False,0.0,,,Justin Jefferson ,BN,"["""", ""Justin Jefferson "", ""0.00"", ""–"", ""BN"", ""BN"", ""BN"", ""2.90"", ""9.23"", ""Robbie Chosen"", """"]",3,3,113.68,100.14
2021,7,2,2,right,Voldemort,Pop Lockett Drop it,2021-W07-M03,Robbie Chosen,,BN,False,True,False,9.23,2.9,,Robbie Chosen,BN,"["""", ""Justin Jefferson "", ""0.00"", ""–"", ""BN"", ""BN"", ""BN"", ""2.90"", ""9.23"", ""Robbie Chosen"", """"]",3,3,100.14,113.68
2021,7,2,3,left,Pop Lockett Drop it,Voldemort,2021-W07-M03,Nick Chubb,,BN,False,True,False,0.0,0.0,,Nick Chubb,BN,"["""", ""Nick Chubb"", ""0.00"", ""0.00"", ""BN"", ""BN"", ""BN"", ""0.00"", ""0.00"", ""Stefon Diggs "", """"]",3,3,113.68,100.14
2021,7,2,3,right,Voldemort,Pop Lockett Drop it,2021-W07-M03,Stefon Diggs,,BN,False,True,False,0.0,0.0,,Stefon Diggs ,BN,"["""", ""Nick Chubb"", ""0.00"", ""0.00"", ""BN"", ""BN"", ""BN"", ""0.00"", ""0.00"", ""Stefon Diggs "", """"]",3,3,100.14,113.68
2021,7,2,4,left,Pop Lockett Drop it,Voldemort,2021-W07-M03,Christian Kirk,,BN,False,True,False,10.09,13.0,,Christian Kirk,BN,"["""", ""Christian Kirk"", ""10.09"", ""13.00"", ""BN"", ""BN"", ""BN"", ""0.00"", ""0.00"", ""Michael Gallup"", """"]",3,3,113.68,100.14
2021,7,2,4,right,Voldemort,Pop Lockett Drop it,2021-W07-M03,Michael Gallup,,BN,False,True,False,0.0,0.0,,Michael Gallup,BN,"["""", ""Christian Kirk"", ""10.09"", ""13.00"", ""BN"", ""BN"", ""BN"", ""0.00"", ""0.00"", ""Michael Gallup"", """"]",3,3,100.14,113.68
2021,7,2,5,left,Pop Lockett Drop it,Voldemort,2021-W07-M03,David Montgomery,,BN,False,True,False,0.0,0.0,,David Montgomery,BN,"["""", ""David Montgomery"", ""0.00"", ""0.00"", ""BN"", ""BN"", ""BN"", ""0.00"", ""0.00"", ""DeVante Parker"", """"]",3,3,113.68,100.14
2021,7,2,5,right,Voldemort,Pop Lockett Drop it,2021-W07-M03,DeVante Parker,,BN,False,True,False,0.0,0.0,,DeVante Parker,BN,"["""", ""David Montgomery"", ""0.00"", ""0.00"", ""BN"", ""BN"", ""BN"", ""0.00"", ""0.00"", ""DeVante Parker"", """"]",3,3,100.14,113.68
2021,7,2,6,left,Pop Lockett Drop it,Voldemort,2021-W07-M03,Michael Thomas,,IR,False,False,True,0.0,0.0,,Michael Thomas,IR,"["""", ""Michael Thomas"", ""0.00"", ""0.00"", ""IR"", ""IR"", ""IR"", ""–"", ""0.00"", ""(Empty)"", """"]",3,3,113.68,100.14
2021,7,2,6,right,Voldemort,Pop Lockett Drop it,2021-W07-M03,(Empty),,IR,False,False,True,0.0,,,(Empty),IR,"["""", ""Michael Thomas"", ""0.00"", ""0.00"", ""IR"", ""IR"", ""IR"", ""–"", ""0.00"", ""(Empty)"", """"]",3,3,100.14,113.68
2021,7,1,0,left,Joe Mantegna,ThreatLevelMidnight,2021-W07-M04,Mac Jones,QB,QB,True,False,False,21.81,26.18,,Mac Jones,QB,"["""", ""Mac Jones"", ""21.81"", ""26.18"", ""QB"", ""QB"", ""QB"", ""36.54"", ""22.18"", ""Tua Tagovailoa"", """"]",4,4,100.28,119.04
2021,7,1,0,right,ThreatLevelMidnight,Joe Mantegna,2021-W07-M04,Tua Tagovailoa,QB,QB,True,False,False,22.18,36.54,,Tua Tagovailoa,QB,"["""", ""Mac Jones"", ""21.81"", ""26.18"", ""QB"", ""QB"", ""QB"", ""36.54"", ""22.18"", ""Tua Tagovailoa"", """"]",4,4,119.04,100.28
2021,7,1,1,left,Joe Mantegna,ThreatLevelMidnight,2021-W07-M04,Terry McLaurin,WR,WR,True,False,False,13.42,21.7,,Terry McLaurin,WR,"["""", ""Terry McLaurin"", ""13.42"", ""21.70"", ""WR"", ""WR"", ""WR"", ""16.60"", ""13.56"", ""Davante Adams"", """"]",4,4,100.28,119.04
2021,7,1,1,right,ThreatLevelMidnight,Joe Mantegna,2021-W07-M04,Davante Adams,WR,WR,True,False,False,13.56,16.6,,Davante Adams,WR,"["""", ""Terry McLaurin"", ""13.42"", ""21.70"", ""WR"", ""WR"", ""WR"", ""16.60"", ""13.56"", ""Davante Adams"", """"]",4,4,119.04,100.28
2021,7,1,2,left,Joe Mantegna,ThreatLevelMidnight,2021-W07-M04,Hunter Renfrow,WR,WR,True,False,False,9.91,9.3,,Hunter Renfrow,WR,"["""", ""Hunter Renfrow"", ""9.91"", ""9.30"", ""WR"", ""WR"", ""WR"", ""21.10"", ""14.37"", ""Chris Godwin Jr."", """"]",4,4,100.28,119.04
2021,7,1,2,right,ThreatLevelMidnight,Joe Mantegna,2021-W07-M04,Chris Godwin Jr.,WR,WR,True,False,False,14.37,21.1,,Chris Godwin Jr.,WR,"["""", ""Hunter Renfrow"", ""9.91"", ""9.30"", ""WR"", ""WR"", ""WR"", ""21.10"", ""14.37"", ""Chris Godwin Jr."", """"]",4,4,119.04,100.28
2021,7,1,3,left,Joe Mantegna,ThreatLevelMidnight,2021-W07-M04,Miles Sanders,RB,RB,True,False,False,11.49,3.2,,Miles Sanders ,RB,"["""", ""Miles Sanders "", ""11.49"", ""3.20"", ""RB"", ""RB"", ""RB"", ""7.90"", ""17.34"", ""Darrell Henderson Jr."", """"]",4,4,100.28,119.04
2021,7,1,3,right,ThreatLevelMidnight,Joe Mantegna,2021-W07-M04,Darrell Henderson Jr.,RB,RB,True,False,False,17.34,7.9,,Darrell Henderson Jr.,RB,"["""", ""Miles Sanders "", ""11.49"", ""3.20"", ""RB"", ""RB"", ""RB"", ""7.90"", ""17.34"", ""Darrell Henderson Jr."", """"]",4,4,119.04,100.28
2021,7,1,4,left,Joe Mantegna,ThreatLevelMidnight,2021-W07-M04,Myles Gaskin,RB,RB,True,False,False,7.73,15.7,,Myles Gaskin,RB,"["""", ""Myles Gaskin"", ""7.73"", ""15.70"", ""RB"", ""RB"", ""RB"", ""11.90"", ""14.12"", ""Joe Mixon"", """"]",4,4,100.28,119.04
2021,7,1,4,right,ThreatLevelMidnight,Joe Mantegna,2021-W07-M04,Joe Mixon,RB,RB,True,False,False,14.12,11.9,,Joe Mixon,RB,"["""", ""Myles Gaskin"", ""7.73"", ""15.70"", ""RB"", ""RB"", ""RB"", ""11.90"", ""14.12"", ""Joe Mixon"", """"]",4,4,119.04,100.28
2021,7,1,5,left,Joe Mantegna,ThreatLevelMidnight,2021-W07-M04,Ricky Seals-Jones,TE,TE,True,False,False,8.09,8.1,,Ricky Seals-Jones,TE,"["""", ""Ricky Seals-Jones"", ""8.09"", ""8.10"", ""TE"", ""TE"", ""TE"", ""6.40"", ""8.55"", ""Noah Fant"", """"]",4,4,100.28,119.04
2021,7,1,5,right,ThreatLevelMidnight,Joe Mantegna,2021-W07-M04,Noah Fant,TE,TE,True,False,False,8.55,6.4,,Noah Fant,TE,"["""", ""Ricky Seals-Jones"", ""8.09"", ""8.10"", ""TE"", ""TE"", ""TE"", ""6.40"", ""8.55"", ""Noah Fant"", """"]",4,4,119.04,100.28
2021,7,1,6,left,Joe Mantegna,ThreatLevelMidnight,2021-W07-M04,A.J. Green,,W/R/T,True,False,False,8.86,8.1,,A.J. Green,W/R/T,"["""", ""A.J. Green"", ""8.86"", ""8.10"", ""W/R/T"", ""W/R/T"", ""W/R/T"", ""7.60"", ""13.26"", ""Chuba Hubbard"", """"]",4,4,100.28,119.04
2021,7,1,6,right,ThreatLevelMidnight,Joe Mantegna,2021-W07-M04,Chuba Hubbard,,W/R/T,True,False,False,13.26,7.6,,Chuba Hubbard,W/R/T,"["""", ""A.J. Green"", ""8.86"", ""8.10"", ""W/R/T"", ""W/R/T"", ""W/R/T"", ""7.60"", ""13.26"", ""Chuba Hubbard"", """"]",4,4,119.04,100.28
2021,7,1,7,left,Joe Mantegna,ThreatLevelMidnight,2021-W07-M04,Harrison Butker,K,K,True,False,False,9.92,4.0,,Harrison Butker,K,"["""", ""Harrison Butker"", ""9.92"", ""4.00"", ""K"", ""K"", ""K"", ""6.00"", ""9.15"", ""Mason Crosby"", """"]",4,4,100.28,119.04
2021,7,1,7,right,ThreatLevelMidnight,Joe Mantegna,2021-W07-M04,Mason Crosby,K,K,True,False,False,9.15,6.0,,Mason Crosby,K,"["""", ""Harrison Butker"", ""9.92"", ""4.00"", ""K"", ""K"", ""K"", ""6.00"", ""9.15"", ""Mason Crosby"", """"]",4,4,119.04,100.28
2021,7,1,8,left,Joe Mantegna,ThreatLevelMidnight,2021-W07-M04,Broncos - DEF,DEF,DEF,True,False,False,5.77,4.0,,Broncos - DEF,DEF,"["""", ""Broncos - DEF"", ""5.77"", ""4.00"", ""DEF"", ""DEF"", ""DEF"", ""5.00"", ""6.66"", ""Browns - DEF"", """"]",4,4,100.28,119.04
2021,7,1,8,right,ThreatLevelMidnight,Joe Mantegna,2021-W07-M04,Browns - DEF,DEF,DEF,True,False,False,6.66,5.0,,Browns - DEF,DEF,"["""", ""Broncos - DEF"", ""5.77"", ""4.00"", ""DEF"", ""DEF"", ""DEF"", ""5.00"", ""6.66"", ""Browns - DEF"", """"]",4,4,119.04,100.28
2021,7,2,0,left,Joe Mantegna,ThreatLevelMidnight,2021-W07-M04,Justin Herbert,,BN,False,True,False,0.0,,,Justin Herbert,BN,"["""", ""Justin Herbert"", ""0.00"", ""–"", ""BN"", ""BN"", ""BN"", ""11.80"", ""11.01"", ""Jaylen Waddle"", """"]",4,4,100.28,119.04
2021,7,2,0,right,ThreatLevelMidnight,Joe Mantegna,2021-W07-M04,Jaylen Waddle,,BN,False,True,False,11.01,11.8,,Jaylen Waddle,BN,"["""", ""Justin Herbert"", ""0.00"", ""–"", ""BN"", ""BN"", ""BN"", ""11.80"", ""11.01"", ""Jaylen Waddle"", """"]",4,4,119.04,100.28
2021,7,2,1,left,Joe Mantegna,ThreatLevelMidnight,2021-W07-M04,Jared Cook,,BN,False,True,False,0.0,,,Jared Cook,BN,"["""", ""Jared Cook"", ""0.00"", ""–"", ""BN"", ""BN"", ""BN"", ""6.90"", ""12.67"", ""Jakobi Meyers"", """"]",4,4,100.28,119.04
2021,7,2,1,right,ThreatLevelMidnight,Joe Mantegna,2021-W07-M04,Jakobi Meyers,,BN,False,True,False,12.67,6.9,,Jakobi Meyers,BN,"["""", ""Jared Cook"", ""0.00"", ""–"", ""BN"", ""BN"", ""BN"", ""6.90"", ""12.67"", ""Jakobi Meyers"", """"]",4,4,119.04,100.28
2021,7,2,2,left,Joe Mantegna,ThreatLevelMidnight,2021-W07-M04,Diontae Johnson,,BN,False,True,False,0.0,0.0,,Diontae Johnson,BN,"["""", ""Diontae Johnson"", ""0.00"", ""0.00"", ""BN"", ""BN"", ""BN"", ""1.00"", ""12.00"", ""Mike Davis "", """"]",4,4,100.28,119.04
2021,7,2,2,right,ThreatLevelMidnight,Joe Mantegna,2021-W07-M04,Mike Davis,,BN,False,True,False,12.0,1.0,,Mike Davis ,BN,"["""", ""Diontae Johnson"", ""0.00"", ""0.00"", ""BN"", ""BN"", ""BN"", ""1.00"", ""12.00"", ""Mike Davis "", """"]",4,4,119.04,100.28
2021,7,2,3,left,Joe Mantegna,ThreatLevelMidnight,2021-W07-M04,Ronald Jones,,BN,False,True,False,3.65,4.3,,Ronald Jones,BN,"["""", ""Ronald Jones"", ""3.65"", ""4.30"", ""BN"", ""BN"", ""BN"", ""16.70"", ""10.65"", ""Elijah Mitchell"", """"]",4,4,100.28,119.04
2021,7,2,3,right,ThreatLevelMidnight,Joe Mantegna,2021-W07-M04,Elijah Mitchell,,BN,False,True,False,10.65,16.7,,Elijah Mitchell,BN,"["""", ""Ronald Jones"", ""3.65"", ""4.30"", ""BN"", ""BN"", ""BN"", ""16.70"", ""10.65"", ""Elijah Mitchell"", """"]",4,4,119.04,100.28
2021,7,2,4,left,Joe Mantegna,ThreatLevelMidnight,2021-W07-M04,Dalvin Cook,,BN,False,True,False,0.0,,,Dalvin Cook,BN,"["""", ""Dalvin Cook"", ""0.00"", ""–"", ""BN"", ""BN"", ""BN"", ""0.00"", ""0.00"", ""Kadarius Toney"", """"]",4,4,100.28,119.04
2021,7,2,4,right,ThreatLevelMidnight,Joe Mantegna,2021-W07-M04,Kadarius Toney,,BN,False,True,False,0.0,0.0,,Kadarius Toney,BN,"["""", ""Dalvin Cook"", ""0.00"", ""–"", ""BN"", ""BN"", ""BN"", ""0.00"", ""0.00"", ""Kadarius Toney"", """"]",4,4,119.04,100.28
2021,7,2,5,left,Joe Mantegna,ThreatLevelMidnight,2021-W07-M04,Kirk Cousins,,BN,False,True,False,0.0,0.0,,Kirk Cousins,BN,"["""", ""Kirk Cousins"", ""0.00"", ""0.00"", ""BN"", ""BN"", ""BN"", ""–"", ""0.00"", ""Tyler Bass"", """"]",4,4,100.28,119.04
2021,7,2,5,right,ThreatLevelMidnight,Joe Mantegna,2021-W07-M04,Tyler Bass,,BN,False,True,False,0.0,,,Tyler Bass,BN,"["""", ""Kirk Cousins"", ""0.00"", ""0.00"", ""BN"", ""BN"", ""BN"", ""–"", ""0.00"", ""Tyler Bass"", """"]",4,4,119.04,100.28
2021,7,2,6,left,Joe Mantegna,ThreatLevelMidnight,2021-W07-M04,George Kittle,,IR,False,False,True,0.0,0.0,,George Kittle,IR,"["""", ""George Kittle"", ""0.00"", ""0.00"", ""IR"", ""IR"", ""IR"", ""0.00"", ""0.00"", ""Russell Wilson"", """"]",4,4,100.28,119.04
2021,7,2,6,right,ThreatLevelMidnight,Joe Mantegna,2021-W07-M04,Russell Wilson,,IR,False,False,True,0.0,0.0,,Russell Wilson,IR,"["""", ""George Kittle"", ""0.00"", ""0.00"", ""IR"", ""IR"", ""IR"", ""0.00"", ""0.00"", ""Russell Wilson"", """"]",4,4,119.04,100.28
2021,7,1,0,left,Uncle Rico,Big Sack Jack,2021-W07-M05,Lamar Jackson,QB,QB,True,False,False,28.91,25.08,,Lamar Jackson,QB,"["""", ""Lamar Jackson"", ""28.91"", ""25.08"", ""QB"", ""QB"", ""QB"", ""8.74"", ""31.58"", ""Patrick Mahomes "", """"]",5,9,117.88,94.44
2021,7,1,0,right,Big Sack Jack,Uncle Rico,2021-W07-M05,Patrick Mahomes,QB,QB,True,False,False,31.58,8.74,,Patrick Mahomes ,QB,"["""", ""Lamar Jackson"", ""28.91"", ""25.08"", ""QB"", ""QB"", ""QB"", ""8.74"", ""31.58"", ""Patrick Mahomes "", """"]",5,9,94.44,117.88
2021,7,1,1,left,Uncle Rico,Big Sack Jack,2021-W07-M05,Ja'Marr Chase,WR,WR,True,False,False,12.55,30.1,,Ja'Marr Chase,WR,"["""", ""Ja'Marr Chase"", ""12.55"", ""30.10"", ""WR"", ""WR"", ""WR"", ""10.30"", ""13.95"", ""DJ Moore"", """"]",5,9,117.88,94.44
2021,7,1,1,right,Big Sack Jack,Uncle Rico,2021-W07-M05,DJ Moore,WR,WR,True,False,False,13.95,10.3,,DJ Moore,WR,"["""", ""Ja'Marr Chase"", ""12.55"", ""30.10"", ""WR"", ""WR"", ""WR"", ""10.30"", ""13.95"", ""DJ Moore"", """"]",5,9,94.44,117.88
2021,7,1,2,left,Uncle Rico,Big Sack Jack,2021-W07-M05,Tim Patrick,WR,WR,True,False,False,8.88,2.6,,Tim Patrick,WR,"["""", ""Tim Patrick"", ""8.88"", ""2.60"", ""WR"", ""WR"", ""WR"", ""4.70"", ""9.83"", ""Marquez Callaway"", """"]",5,9,117.88,94.44
2021,7,1,2,right,Big Sack Jack,Uncle Rico,2021-W07-M05,Marquez Callaway,WR,WR,True,False,False,9.83,4.7,,Marquez Callaway,WR,"["""", ""Tim Patrick"", ""8.88"", ""2.60"", ""WR"", ""WR"", ""WR"", ""4.70"", ""9.83"", ""Marquez Callaway"", """"]",5,9,94.44,117.88
2021,7,1,3,left,Uncle Rico,Big Sack Jack,2021-W07-M05,Derrick Henry,RB,RB,True,False,False,19.59,17.4,,Derrick Henry ,RB,"["""", ""Derrick Henry "", ""19.59"", ""17.40"", ""RB"", ""RB"", ""RB"", ""14.30"", ""12.30"", ""Josh Jacobs"", """"]",5,9,117.88,94.44
2021,7,1,3,right,Big Sack Jack,Uncle Rico,2021-W07-M05,Josh Jacobs,RB,RB,True,False,False,12.3,14.3,,Josh Jacobs,RB,"["""", ""Derrick Henry "", ""19.59"", ""17.40"", ""RB"", ""RB"", ""RB"", ""14.30"", ""12.30"", ""Josh Jacobs"", """"]",5,9,94.44,117.88
2021,7,1,4,left,Uncle Rico,Big Sack Jack,2021-W07-M05,Khalil Herbert,RB,RB,True,False,False,7.26,15.8,,Khalil Herbert,RB,"["""", ""Khalil Herbert"", ""7.26"", ""15.80"", ""RB"", ""RB"", ""RB"", ""10.20"", ""8.62"", ""Melvin Gordon III"", """"]",5,9,117.88,94.44
2021,7,1,4,right,Big Sack Jack,Uncle Rico,2021-W07-M05,Melvin Gordon III,RB,RB,True,False,False,8.62,10.2,,Melvin Gordon III,RB,"["""", ""Khalil Herbert"", ""7.26"", ""15.80"", ""RB"", ""RB"", ""RB"", ""10.20"", ""8.62"", ""Melvin Gordon III"", """"]",5,9,94.44,117.88
2021,7,1,5,left,Uncle Rico,Big Sack Jack,2021-W07-M05,Mark Andrews,TE,TE,True,False,False,12.94,6.3,,Mark Andrews,TE,"["""", ""Mark Andrews"", ""12.94"", ""6.30"", ""TE"", ""TE"", ""TE"", ""10.50"", ""8.42"", ""Dallas Goedert"", """"]",5,9,117.88,94.44
2021,7,1,5,right,Big Sack Jack,Uncle Rico,2021-W07-M05,Dallas Goedert,TE,TE,True,False,False,8.42,10.5,,Dallas Goedert,TE,"["""", ""Mark Andrews"", ""12.94"", ""6.30"", ""TE"", ""TE"", ""TE"", ""10.50"", ""8.42"", ""Dallas Goedert"", """"]",5,9,94.44,117.88
2021,7,1,6,left,Uncle Rico,Big Sack Jack,2021-W07-M05,Allen Robinson,,W/R/T,True,False,False,9.59,2.6,,Allen Robinson,W/R/T,"["""", ""Allen Robinson"", ""9.59"", ""2.60"", ""W/R/T"", ""W/R/T"", ""W/R/T"", ""12.70"", ""10.18"", ""Corey Davis"", """"]",5,9,117.88,94.44
2021,7,1,6,right,Big Sack Jack,Uncle Rico,2021-W07-M05,Corey Davis,,W/R/T,True,False,False,10.18,12.7,,Corey Davis,W/R/T,"["""", ""Allen Robinson"", ""9.59"", ""2.60"", ""W/R/T"", ""W/R/T"", ""W/R/T"", ""12.70"", ""10.18"", ""Corey Davis"", """"]",5,9,94.44,117.88
2021,7,1,7,left,Uncle Rico,Big Sack Jack,2021-W07-M05,Daniel Carlson,K,K,True,False,False,9.1,9.0,,Daniel Carlson,K,"["""", ""Daniel Carlson"", ""9.10"", ""9.00"", ""K"", ""K"", ""K"", ""12.00"", ""8.15"", ""Younghoe Koo"", """"]",5,9,117.88,94.44
2021,7,1,7,right,Big Sack Jack,Uncle Rico,2021-W07-M05,Younghoe Koo,K,K,True,False,False,8.15,12.0,,Younghoe Koo,K,"["""", ""Daniel Carlson"", ""9.10"", ""9.00"", ""K"", ""K"", ""K"", ""12.00"", ""8.15"", ""Younghoe Koo"", """"]",5,9,94.44,117.88
2021,7,1,8,left,Uncle Rico,Big Sack Jack,2021-W07-M05,Saints - DEF,DEF,DEF,True,False,False,8.21,9.0,,Saints - DEF,DEF,"["""", ""Saints - DEF"", ""8.21"", ""9.00"", ""DEF"", ""DEF"", ""DEF"", ""11.00"", ""9.18"", ""Cardinals - DEF"", """"]",5,9,117.88,94.44
2021,7,1,8,right,Big Sack Jack,Uncle Rico,2021-W07-M05,Cardinals - DEF,DEF,DEF,True,False,False,9.18,11.0,,Cardinals - DEF,DEF,"["""", ""Saints - DEF"", ""8.21"", ""9.00"", ""DEF"", ""DEF"", ""DEF"", ""11.00"", ""9.18"", ""Cardinals - DEF"", """"]",5,9,94.44,117.88
2021,7,2,0,left,Uncle Rico,Big Sack Jack,2021-W07-M05,Brandon Aiyuk,,BN,False,True,False,10.45,1.4,,Brandon Aiyuk,BN,"["""", ""Brandon Aiyuk"", ""10.45"", ""1.40"", ""BN"", ""BN"", ""BN"", ""0.00"", ""0.00"", ""Sterling Shepard"", """"]",5,9,117.88,94.44
2021,7,2,0,right,Big Sack Jack,Uncle Rico,2021-W07-M05,Sterling Shepard,,BN,False,True,False,0.0,0.0,,Sterling Shepard,BN,"["""", ""Brandon Aiyuk"", ""10.45"", ""1.40"", ""BN"", ""BN"", ""BN"", ""0.00"", ""0.00"", ""Sterling Shepard"", """"]",5,9,94.44,117.88
2021,7,2,1,left,Uncle Rico,Big Sack Jack,2021-W07-M05,Latavius Murray,,BN,False,True,False,0.0,,,Latavius Murray,BN,"["""", ""Latavius Murray"", ""0.00"", ""–"", ""BN"", ""BN"", ""BN"", ""0.00"", ""0.00"", ""James Robinson"", """"]",5,9,117.88,94.44
2021,7,2,1,right,Big Sack Jack,Uncle Rico,2021-W07-M05,James Robinson,,BN,False,True,False,0.0,0.0,,James Robinson,BN,"["""", ""Latavius Murray"", ""0.00"", ""–"", ""BN"", ""BN"", ""BN"", ""0.00"", ""0.00"", ""James Robinson"", """"]",5,9,94.44,117.88
2021,7,2,2,left,Uncle Rico,Big Sack Jack,2021-W07-M05,Antonio Brown,,BN,False,True,False,0.0,0.0,,Antonio Brown,BN,"["""", ""Antonio Brown"", ""0.00"", ""0.00"", ""BN"", ""BN"", ""BN"", ""0.00"", ""0.00"", ""Dalton Schultz"", """"]",5,9,117.88,94.44
2021,7,2,2,right,Big Sack Jack,Uncle Rico,2021-W07-M05,Dalton Schultz,,BN,False,True,False,0.0,0.0,,Dalton Schultz,BN,"["""", ""Antonio Brown"", ""0.00"", ""0.00"", ""BN"", ""BN"", ""BN"", ""0.00"", ""0.00"", ""Dalton Schultz"", """"]",5,9,94.44,117.88
2021,7,2,3,left,Uncle Rico,Big Sack Jack,2021-W07-M05,Rashaad Penny,,BN,False,True,False,6.15,0.9,,Rashaad Penny,BN,"["""", ""Rashaad Penny"", ""6.15"", ""0.90"", ""BN"", ""BN"", ""BN"", ""12.10"", ""6.22"", ""Kenny Gainwell"", """"]",5,9,117.88,94.44
2021,7,2,3,right,Big Sack Jack,Uncle Rico,2021-W07-M05,Kenny Gainwell,,BN,False,True,False,6.22,12.1,,Kenny Gainwell,BN,"["""", ""Rashaad Penny"", ""6.15"", ""0.90"", ""BN"", ""BN"", ""BN"", ""12.10"", ""6.22"", ""Kenny Gainwell"", """"]",5,9,94.44,117.88
2021,7,2,4,left,Uncle Rico,Big Sack Jack,2021-W07-M05,Sam Darnold,,BN,False,True,False,22.63,3.48,,Sam Darnold,BN,"["""", ""Sam Darnold"", ""22.63"", ""3.48"", ""BN"", ""BN"", ""BN"", ""2.80"", ""9.19"", ""Mecole Hardman Jr."", """"]",5,9,117.88,94.44
2021,7,2,4,right,Big Sack Jack,Uncle Rico,2021-W07-M05,Mecole Hardman Jr.,,BN,False,True,False,9.19,2.8,,Mecole Hardman Jr.,BN,"["""", ""Sam Darnold"", ""22.63"", ""3.48"", ""BN"", ""BN"", ""BN"", ""2.80"", ""9.19"", ""Mecole Hardman Jr."", """"]",5,9,94.44,117.88
2021,7,2,5,left,Uncle Rico,Big Sack Jack,2021-W07-M05,(Empty),,BN,False,True,False,0.0,,,(Empty),BN,"["""", ""(Empty)"", ""0.00"", ""–"", ""BN"", ""BN"", ""BN"", ""–"", ""0.00"", ""Cowboys - DEF"", """"]",5,9,117.88,94.44
2021,7,2,5,right,Big Sack Jack,Uncle Rico,2021-W07-M05,Cowboys - DEF,,BN,False,True,False,0.0,,,Cowboys - DEF,BN,"["""", ""(Empty)"", ""0.00"", ""–"", ""BN"", ""BN"", ""BN"", ""–"", ""0.00"", ""Cowboys - DEF"", """"]",5,9,94.44,117.88
2021,7,2,6,left,Uncle Rico,Big Sack Jack,2021-W07-M05,Christian McCaffrey,,IR,False,False,True,0.0,0.0,,Christian McCaffrey,IR,"["""", ""Christian McCaffrey"", ""0.00"", ""0.00"", ""IR"", ""IR"", ""IR"", ""–"", ""0.00"", ""(Empty)"", """"]",5,9,117.88,94.44
2021,7,2,6,right,Big Sack Jack,Uncle Rico,2021-W07-M05,(Empty),,IR,False,False,True,0.0,,,(Empty),IR,"["""", ""Christian McCaffrey"", ""0.00"", ""0.00"", ""IR"", ""IR"", ""IR"", ""–"", ""0.00"", ""(Empty)"", """"]",5,9,94.44,117.88
2021,7,1,0,left,malle_dips_pouches,Patty Primetimes,2021-W07-M06,Ryan Tannehill,QB,QB,True,False,False,25.82,22.4,,Ryan Tannehill,QB,"["""", ""Ryan Tannehill"", ""25.82"", ""22.40"", ""QB"", ""QB"", ""QB"", ""24.02"", ""22.97"", ""Derek Carr"", """"]",6,10,137.2,119.92
2021,7,1,0,right,Patty Primetimes,malle_dips_pouches,2021-W07-M06,Derek Carr,QB,QB,True,False,False,22.97,24.02,,Derek Carr,QB,"["""", ""Ryan Tannehill"", ""25.82"", ""22.40"", ""QB"", ""QB"", ""QB"", ""24.02"", ""22.97"", ""Derek Carr"", """"]",6,10,119.92,137.2
2021,7,1,1,left,malle_dips_pouches,Patty Primetimes,2021-W07-M06,A.J. Brown,WR,WR,True,False,False,13.87,23.3,,A.J. Brown,WR,"["""", ""A.J. Brown"", ""13.87"", ""23.30"", ""WR"", ""WR"", ""WR"", ""8.60"", ""11.46"", ""DeVonta Smith"", """"]",6,10,137.2,119.92
2021,7,1,1,right,Patty Primetimes,malle_dips_pouches,2021-W07-M06,DeVonta Smith,WR,WR,True,False,False,11.46,8.6,,DeVonta Smith,WR,"["""", ""A.J. Brown"", ""13.87"", ""23.30"", ""WR"", ""WR"", ""WR"", ""8.60"", ""11.46"", ""DeVonta Smith"", """"]",6,10,119.92,137.2
2021,7,1,2,left,malle_dips_pouches,Patty Primetimes,2021-W07-M06,Tyler Boyd,WR,WR,True,False,False,9.39,5.9,,Tyler Boyd,WR,"["""", ""Tyler Boyd"", ""9.39"", ""5.90"", ""WR"", ""WR"", ""WR"", ""9.70"", ""9.99"", ""Tee Higgins"", """"]",6,10,137.2,119.92
2021,7,1,2,right,Patty Primetimes,malle_dips_pouches,2021-W07-M06,Tee Higgins,WR,WR,True,False,False,9.99,9.7,,Tee Higgins,WR,"["""", ""Tyler Boyd"", ""9.39"", ""5.90"", ""WR"", ""WR"", ""WR"", ""9.70"", ""9.99"", ""Tee Higgins"", """"]",6,10,119.92,137.2
2021,7,1,3,left,malle_dips_pouches,Patty Primetimes,2021-W07-M06,Aaron Jones Sr.,RB,RB,True,False,False,19.02,6.4,,Aaron Jones Sr.,RB,"["""", ""Aaron Jones Sr."", ""19.02"", ""6.40"", ""RB"", ""RB"", ""RB"", ""4.90"", ""9.62"", ""Alex Collins"", """"]",6,10,137.2,119.92
2021,7,1,3,right,Patty Primetimes,malle_dips_pouches,2021-W07-M06,Alex Collins,RB,RB,True,False,False,9.62,4.9,,Alex Collins,RB,"["""", ""Aaron Jones Sr."", ""19.02"", ""6.40"", ""RB"", ""RB"", ""RB"", ""4.90"", ""9.62"", ""Alex Collins"", """"]",6,10,119.92,137.2
2021,7,1,4,left,malle_dips_pouches,Patty Primetimes,2021-W07-M06,D'Andre Swift,RB,RB,True,False,False,14.15,24.4,,D'Andre Swift,RB,"["""", ""D'Andre Swift"", ""14.15"", ""24.40"", ""RB"", ""RB"", ""RB"", ""28.90"", ""19.61"", ""Alvin Kamara"", """"]",6,10,137.2,119.92
2021,7,1,4,right,Patty Primetimes,malle_dips_pouches,2021-W07-M06,Alvin Kamara,RB,RB,True,False,False,19.61,28.9,,Alvin Kamara,RB,"["""", ""D'Andre Swift"", ""14.15"", ""24.40"", ""RB"", ""RB"", ""RB"", ""28.90"", ""19.61"", ""Alvin Kamara"", """"]",6,10,119.92,137.2
2021,7,1,5,left,malle_dips_pouches,Patty Primetimes,2021-W07-M06,Mo Alie-Cox,TE,TE,True,False,False,5.72,10.0,,Mo Alie-Cox,TE,"["""", ""Mo Alie-Cox"", ""5.72"", ""10.00"", ""TE"", ""TE"", ""TE"", ""18.00"", ""9.62"", ""Mike Gesicki"", """"]",6,10,137.2,119.92
2021,7,1,5,right,Patty Primetimes,malle_dips_pouches,2021-W07-M06,Mike Gesicki,TE,TE,True,False,False,9.62,18.0,,Mike Gesicki,TE,"["""", ""Mo Alie-Cox"", ""5.72"", ""10.00"", ""TE"", ""TE"", ""TE"", ""18.00"", ""9.62"", ""Mike Gesicki"", """"]",6,10,119.92,137.2
2021,7,1,6,left,malle_dips_pouches,Patty Primetimes,2021-W07-M06,D'Ernest Johnson,,W/R/T,True,False,False,11.62,23.8,,D'Ernest Johnson,W/R/T,"["""", ""D'Ernest Johnson"", ""11.62"", ""23.80"", ""W/R/T"", ""W/R/T"", ""W/R/T"", ""4.80"", ""12.02"", ""Julio Jones"", """"]",6,10,137.2,119.92
2021,7,1,6,right,Patty Primetimes,malle_dips_pouches,2021-W07-M06,Julio Jones,,W/R/T,True,False,False,12.02,4.8,,Julio Jones,W/R/T,"["""", ""D'Ernest Johnson"", ""11.62"", ""23.80"", ""W/R/T"", ""W/R/T"", ""W/R/T"", ""4.80"", ""12.02"", ""Julio Jones"", """"]",6,10,119.92,137.2
2021,7,1,7,left,malle_dips_pouches,Patty Primetimes,2021-W07-M06,Jason Sanders,K,K,True,False,False,8.15,4.0,,Jason Sanders,K,"["""", ""Jason Sanders"", ""8.15"", ""4.00"", ""K"", ""K"", ""K"", ""9.00"", ""9.79"", ""Matt Gay"", """"]",6,10,137.2,119.92
2021,7,1,7,right,Patty Primetimes,malle_dips_pouches,2021-W07-M06,Matt Gay,K,K,True,False,False,9.79,9.0,,Matt Gay,K,"["""", ""Jason Sanders"", ""8.15"", ""4.00"", ""K"", ""K"", ""K"", ""9.00"", ""9.79"", ""Matt Gay"", """"]",6,10,119.92,137.2
2021,7,1,8,left,malle_dips_pouches,Patty Primetimes,2021-W07-M06,Giants - DEF,DEF,DEF,True,False,False,6.35,17.0,,Giants - DEF,DEF,"["""", ""Giants - DEF"", ""6.35"", ""17.00"", ""DEF"", ""DEF"", ""DEF"", ""12.00"", ""9.52"", ""Patriots - DEF"", """"]",6,10,137.2,119.92
2021,7,1,8,right,Patty Primetimes,malle_dips_pouches,2021-W07-M06,Patriots - DEF,DEF,DEF,True,False,False,9.52,12.0,,Patriots - DEF,DEF,"["""", ""Giants - DEF"", ""6.35"", ""17.00"", ""DEF"", ""DEF"", ""DEF"", ""12.00"", ""9.52"", ""Patriots - DEF"", """"]",6,10,119.92,137.2
2021,7,2,0,left,malle_dips_pouches,Patty Primetimes,2021-W07-M06,James Conner,,BN,False,True,False,11.66,12.4,,James Conner,BN,"["""", ""James Conner"", ""11.66"", ""12.40"", ""BN"", ""BN"", ""BN"", ""–"", ""0.00"", ""Josh Allen "", """"]",6,10,137.2,119.92
2021,7,2,0,right,Patty Primetimes,malle_dips_pouches,2021-W07-M06,Josh Allen,,BN,False,True,False,0.0,,,Josh Allen ,BN,"["""", ""James Conner"", ""11.66"", ""12.40"", ""BN"", ""BN"", ""BN"", ""–"", ""0.00"", ""Josh Allen "", """"]",6,10,119.92,137.2
2021,7,2,1,left,malle_dips_pouches,Patty Primetimes,2021-W07-M06,Marvin Jones Jr.,,BN,False,True,False,0.0,0.0,,Marvin Jones Jr.,BN,"["""", ""Marvin Jones Jr."", ""0.00"", ""0.00"", ""BN"", ""BN"", ""BN"", ""0.00"", ""0.00"", ""Chris Carson"", """"]",6,10,137.2,119.92
2021,7,2,1,right,Patty Primetimes,malle_dips_pouches,2021-W07-M06,Chris Carson,,BN,False,True,False,0.0,0.0,,Chris Carson,BN,"["""", ""Marvin Jones Jr."", ""0.00"", ""0.00"", ""BN"", ""BN"", ""BN"", ""0.00"", ""0.00"", ""Chris Carson"", """"]",6,10,119.92,137.2
2021,7,2,2,left,malle_dips_pouches,Patty Primetimes,2021-W07-M06,Mike Williams,,BN,False,True,False,0.0,,,Mike Williams,BN,"["""", ""Mike Williams"", ""0.00"", ""–"", ""BN"", ""BN"", ""BN"", ""1.30"", ""5.00"", ""Damien Williams"", """"]",6,10,137.2,119.92
2021,7,2,2,right,Patty Primetimes,malle_dips_pouches,2021-W07-M06,Damien Williams,,BN,False,True,False,5.0,1.3,,Damien Williams,BN,"["""", ""Mike Williams"", ""0.00"", ""–"", ""BN"", ""BN"", ""BN"", ""1.30"", ""5.00"", ""Damien Williams"", """"]",6,10,119.92,137.2
2021,7,2,3,left,malle_dips_pouches,Patty Primetimes,2021-W07-M06,Logan Thomas,,BN,False,True,False,0.0,0.0,,Logan Thomas,BN,"["""", ""Logan Thomas"", ""0.00"", ""0.00"", ""BN"", ""BN"", ""BN"", ""0.00"", ""0.00"", ""Clyde Edwards-Helaire"", """"]",6,10,137.2,119.92
2021,7,2,3,right,Patty Primetimes,malle_dips_pouches,2021-W07-M06,Clyde Edwards-Helaire,,BN,False,True,False,0.0,0.0,,Clyde Edwards-Helaire,BN,"["""", ""Logan Thomas"", ""0.00"", ""0.00"", ""BN"", ""BN"", ""BN"", ""0.00"", ""0.00"", ""Clyde Edwards-Helaire"", """"]",6,10,119.92,137.2
2021,7,2,4,left,malle_dips_pouches,Patty Primetimes,2021-W07-M06,Kareem Hunt,,BN,False,True,False,0.0,0.0,,Kareem Hunt,BN,"["""", ""Kareem Hunt"", ""0.00"", ""0.00"", ""BN"", ""BN"", ""BN"", ""2.70"", ""9.53"", ""Rondale Moore"", """"]",6,10,137.2,119.92
2021,7,2,4,right,Patty Primetimes,malle_dips_pouches,2021-W07-M06,Rondale Moore,,BN,False,True,False,9.53,2.7,,Rondale Moore,BN,"["""", ""Kareem Hunt"", ""0.00"", ""0.00"", ""BN"", ""BN"", ""BN"", ""2.70"", ""9.53"", ""Rondale Moore"", """"]",6,10,119.92,137.2
2021,7,2,5,left,malle_dips_pouches,Patty Primetimes,2021-W07-M06,Bills - DEF,,BN,False,True,False,0.0,,,Bills - DEF,BN,"["""", ""Bills - DEF"", ""0.00"", ""–"", ""BN"", ""BN"", ""BN"", ""9.30"", ""8.67"", ""Hunter Henry"", """"]",6,10,137.2,119.92
2021,7,2,5,right,Patty Primetimes,malle_dips_pouches,2021-W07-M06,Hunter Henry,,BN,False,True,False,8.67,9.3,,Hunter Henry,BN,"["""", ""Bills - DEF"", ""0.00"", ""–"", ""BN"", ""BN"", ""BN"", ""9.30"", ""8.67"", ""Hunter Henry"", """"]",6,10,119.92,137.2
2021,7,2,6,left,malle_dips_pouches,Patty Primetimes,2021-W07-M06,Jerry Jeudy,,IR,False,False,True,0.0,0.0,,Jerry Jeudy ,IR,"["""", ""Jerry Jeudy "", ""0.00"", ""0.00"", ""IR"", ""IR"", ""IR"", ""0.00"", ""0.00"", ""Travis Etienne Jr."", """"]",6,10,137.2,119.92
2021,7,2,6,right,Patty Primetimes,malle_dips_pouches,2021-W07-M06,Travis Etienne Jr.,,IR,False,False,True,0.0,0.0,,Travis Etienne Jr.,IR,"["""", ""Jerry Jeudy "", ""0.00"", ""0.00"", ""IR"", ""IR"", ""IR"", ""0.00"", ""0.00"", ""Travis Etienne Jr."", """"]",6,10,119.92,137.2
2021,8,1,0,left,Week 8 Recap (Won),The Big Gronkowski,2021-W08-M01,Matthew Stafford,QB,QB,True,False,False,27.71,30.2,,Matthew Stafford,QB,"["""", ""Matthew Stafford"", ""27.71"", ""30.20"", ""QB"", ""QB"", ""QB"", ""17.00"", ""31.49"", ""Patrick Mahomes "", """"]",1,1,148.6,69.1
2021,8,1,0,right,The Big Gronkowski,Week 8 Recap (Won),2021-W08-M01,Patrick Mahomes,QB,QB,True,False,False,31.49,17.0,,Patrick Mahomes ,QB,"["""", ""Matthew Stafford"", ""27.71"", ""30.20"", ""QB"", ""QB"", ""QB"", ""17.00"", ""31.49"", ""Patrick Mahomes "", """"]",1,1,69.1,148.6
2021,8,1,1,left,Week 8 Recap (Won),The Big Gronkowski,2021-W08-M01,Cooper Kupp,WR,WR,True,False,False,17.7,21.0,,Cooper Kupp,WR,"["""", ""Cooper Kupp"", ""17.70"", ""21.00"", ""WR"", ""WR"", ""WR"", ""7.90"", ""13.63"", ""DJ Moore"", """"]",1,1,148.6,69.1
2021,8,1,1,right,The Big Gronkowski,Week 8 Recap (Won),2021-W08-M01,DJ Moore,WR,WR,True,False,False,13.63,7.9,,DJ Moore,WR,"["""", ""Cooper Kupp"", ""17.70"", ""21.00"", ""WR"", ""WR"", ""WR"", ""7.90"", ""13.63"", ""DJ Moore"", """"]",1,1,69.1,148.6
2021,8,1,2,left,Week 8 Recap (Won),The Big Gronkowski,2021-W08-M01,Tyler Lockett,WR,WR,True,False,False,10.79,20.2,,Tyler Lockett,WR,"["""", ""Tyler Lockett"", ""10.79"", ""20.20"", ""WR"", ""WR"", ""WR"", ""4.50"", ""9.94"", ""Marquez Callaway"", """"]",1,1,148.6,69.1
2021,8,1,2,right,The Big Gronkowski,Week 8 Recap (Won),2021-W08-M01,Marquez Callaway,WR,WR,True,False,False,9.94,4.5,,Marquez Callaway,WR,"["""", ""Tyler Lockett"", ""10.79"", ""20.20"", ""WR"", ""WR"", ""WR"", ""4.50"", ""9.94"", ""Marquez Callaway"", """"]",1,1,69.1,148.6
2021,8,1,3,left,Week 8 Recap (Won),The Big Gronkowski,2021-W08-M01,Antonio Gibson,RB,RB,True,False,False,11.46,6.9,,Antonio Gibson,RB,"["""", ""Antonio Gibson"", ""11.46"", ""6.90"", ""RB"", ""RB"", ""RB"", ""17.70"", ""9.10"", ""Melvin Gordon III"", """"]",1,1,148.6,69.1
2021,8,1,3,right,The Big Gronkowski,Week 8 Recap (Won),2021-W08-M01,Melvin Gordon III,RB,RB,True,False,False,9.1,17.7,,Melvin Gordon III,RB,"["""", ""Antonio Gibson"", ""11.46"", ""6.90"", ""RB"", ""RB"", ""RB"", ""17.70"", ""9.10"", ""Melvin Gordon III"", """"]",1,1,69.1,148.6
2021,8,1,4,left,Week 8 Recap (Won),The Big Gronkowski,2021-W08-M01,Najee Harris,RB,RB,True,False,False,15.93,19.5,,Najee Harris,RB,"["""", ""Najee Harris"", ""15.93"", ""19.50"", ""RB"", ""RB"", ""RB"", ""4.40"", ""14.67"", ""James Robinson"", """"]",1,1,148.6,69.1
2021,8,1,4,right,The Big Gronkowski,Week 8 Recap (Won),2021-W08-M01,James Robinson,RB,RB,True,False,False,14.67,4.4,,James Robinson,RB,"["""", ""Najee Harris"", ""15.93"", ""19.50"", ""RB"", ""RB"", ""RB"", ""4.40"", ""14.67"", ""James Robinson"", """"]",1,1,69.1,148.6
2021,8,1,5,left,Week 8 Recap (Won),The Big Gronkowski,2021-W08-M01,Tyler Conklin,TE,TE,True,False,False,7.95,8.2,,Tyler Conklin,TE,"["""", ""Tyler Conklin"", ""7.95"", ""8.20"", ""TE"", ""TE"", ""TE"", ""2.10"", ""9.48"", ""Dalton Schultz"", """"]",1,1,148.6,69.1
2021,8,1,5,right,The Big Gronkowski,Week 8 Recap (Won),2021-W08-M01,Dalton Schultz,TE,TE,True,False,False,9.48,2.1,,Dalton Schultz,TE,"["""", ""Tyler Conklin"", ""7.95"", ""8.20"", ""TE"", ""TE"", ""TE"", ""2.10"", ""9.48"", ""Dalton Schultz"", """"]",1,1,69.1,148.6
2021,8,1,6,left,Week 8 Recap (Won),The Big Gronkowski,2021-W08-M01,Michael Pittman Jr.,,W/R/T,True,False,False,12.85,25.6,,Michael Pittman Jr.,W/R/T,"["""", ""Michael Pittman Jr."", ""12.85"", ""25.60"", ""W/R/T"", ""W/R/T"", ""W/R/T"", ""4.50"", ""10.54"", ""Sterling Shepard"", """"]",1,1,148.6,69.1
2021,8,1,6,right,The Big Gronkowski,Week 8 Recap (Won),2021-W08-M01,Sterling Shepard,,W/R/T,True,False,False,10.54,4.5,,Sterling Shepard,W/R/T,"["""", ""Michael Pittman Jr."", ""12.85"", ""25.60"", ""W/R/T"", ""W/R/T"", ""W/R/T"", ""4.50"", ""10.54"", ""Sterling Shepard"", """"]",1,1,69.1,148.6
2021,8,1,7,left,Week 8 Recap (Won),The Big Gronkowski,2021-W08-M01,Brandon McManus,K,K,True,False,False,8.33,6.0,,Brandon McManus,K,"["""", ""Brandon McManus"", ""8.33"", ""6.00"", ""K"", ""K"", ""K"", ""10.00"", ""8.16"", ""Younghoe Koo"", """"]",1,1,148.6,69.1
2021,8,1,7,right,The Big Gronkowski,Week 8 Recap (Won),2021-W08-M01,Younghoe Koo,K,K,True,False,False,8.16,10.0,,Younghoe Koo,K,"["""", ""Brandon McManus"", ""8.33"", ""6.00"", ""K"", ""K"", ""K"", ""10.00"", ""8.16"", ""Younghoe Koo"", """"]",1,1,69.1,148.6
2021,8,1,8,left,Week 8 Recap (Won),The Big Gronkowski,2021-W08-M01,Panthers - DEF,DEF,DEF,True,False,False,5.67,11.0,,Panthers - DEF,DEF,"["""", ""Panthers - DEF"", ""5.67"", ""11.00"", ""DEF"", ""DEF"", ""DEF"", ""1.00"", ""6.43"", ""Cardinals - DEF"", """"]",1,1,148.6,69.1
2021,8,1,8,right,The Big Gronkowski,Week 8 Recap (Won),2021-W08-M01,Cardinals - DEF,DEF,DEF,True,False,False,6.43,1.0,,Cardinals - DEF,DEF,"["""", ""Panthers - DEF"", ""5.67"", ""11.00"", ""DEF"", ""DEF"", ""DEF"", ""1.00"", ""6.43"", ""Cardinals - DEF"", """"]",1,1,69.1,148.6
2021,8,2,0,left,Week 8 Recap (Won),The Big Gronkowski,2021-W08-M01,Darren Waller,,BN,False,True,False,0.0,0.0,,Darren Waller ,BN,"["""", ""Darren Waller "", ""0.00"", ""0.00"", ""BN"", ""BN"", ""BN"", ""0.00"", ""0.00"", ""Corey Davis"", """"]",1,1,148.6,69.1
2021,8,2,0,right,The Big Gronkowski,Week 8 Recap (Won),2021-W08-M01,Corey Davis,,BN,False,True,False,0.0,0.0,,Corey Davis,BN,"["""", ""Darren Waller "", ""0.00"", ""0.00"", ""BN"", ""BN"", ""BN"", ""0.00"", ""0.00"", ""Corey Davis"", """"]",1,1,69.1,148.6
2021,8,2,1,left,Week 8 Recap (Won),The Big Gronkowski,2021-W08-M01,AJ Dillon,,BN,False,True,False,5.53,7.8,,AJ Dillon,BN,"["""", ""AJ Dillon"", ""5.53"", ""7.80"", ""BN"", ""BN"", ""BN"", ""2.70"", ""11.31"", ""Kenny Gainwell"", """"]",1,1,148.6,69.1
2021,8,2,1,right,The Big Gronkowski,Week 8 Recap (Won),2021-W08-M01,Kenny Gainwell,,BN,False,True,False,11.31,2.7,,Kenny Gainwell,BN,"["""", ""AJ Dillon"", ""5.53"", ""7.80"", ""BN"", ""BN"", ""BN"", ""2.70"", ""11.31"", ""Kenny Gainwell"", """"]",1,1,69.1,148.6
2021,8,2,2,left,Week 8 Recap (Won),The Big Gronkowski,2021-W08-M01,Nyheim Miller-Hines,,BN,False,True,False,7.53,4.4,,Nyheim Miller-Hines,BN,"["""", ""Nyheim Miller-Hines"", ""7.53"", ""4.40"", ""BN"", ""BN"", ""BN"", ""10.20"", ""9.20"", ""Dallas Goedert"", """"]",1,1,148.6,69.1
2021,8,2,2,right,The Big Gronkowski,Week 8 Recap (Won),2021-W08-M01,Dallas Goedert,,BN,False,True,False,9.2,10.2,,Dallas Goedert,BN,"["""", ""Nyheim Miller-Hines"", ""7.53"", ""4.40"", ""BN"", ""BN"", ""BN"", ""10.20"", ""9.20"", ""Dallas Goedert"", """"]",1,1,69.1,148.6
2021,8,2,3,left,Week 8 Recap (Won),The Big Gronkowski,2021-W08-M01,Chase Claypool,,BN,False,True,False,11.76,8.1,,Chase Claypool,BN,"["""", ""Chase Claypool"", ""11.76"", ""8.10"", ""BN"", ""BN"", ""BN"", ""0.00"", ""0.00"", ""Josh Jacobs"", """"]",1,1,148.6,69.1
2021,8,2,3,right,The Big Gronkowski,Week 8 Recap (Won),2021-W08-M01,Josh Jacobs,,BN,False,True,False,0.0,0.0,,Josh Jacobs,BN,"["""", ""Chase Claypool"", ""11.76"", ""8.10"", ""BN"", ""BN"", ""BN"", ""0.00"", ""0.00"", ""Josh Jacobs"", """"]",1,1,69.1,148.6
2021,8,2,4,left,Week 8 Recap (Won),The Big Gronkowski,2021-W08-M01,Cole Beasley,,BN,False,True,False,9.89,16.0,,Cole Beasley,BN,"["""", ""Cole Beasley"", ""9.89"", ""16.00"", ""BN"", ""BN"", ""BN"", ""8.80"", ""7.56"", ""Mecole Hardman Jr."", """"]",1,1,148.6,69.1
2021,8,2,4,right,The Big Gronkowski,Week 8 Recap (Won),2021-W08-M01,Mecole Hardman Jr.,,BN,False,True,False,7.56,8.8,,Mecole Hardman Jr.,BN,"["""", ""Cole Beasley"", ""9.89"", ""16.00"", ""BN"", ""BN"", ""BN"", ""8.80"", ""7.56"", ""Mecole Hardman Jr."", """"]",1,1,69.1,148.6
2021,8,2,5,left,Week 8 Recap (Won),The Big Gronkowski,2021-W08-M01,Joe Burrow,,BN,False,True,False,24.92,27.26,,Joe Burrow,BN,"["""", ""Joe Burrow"", ""24.92"", ""27.26"", ""BN"", ""BN"", ""BN"", ""2.00"", ""5.09"", ""Cowboys - DEF"", """"]",1,1,148.6,69.1
2021,8,2,5,right,The Big Gronkowski,Week 8 Recap (Won),2021-W08-M01,Cowboys - DEF,,BN,False,True,False,5.09,2.0,,Cowboys - DEF,BN,"["""", ""Joe Burrow"", ""24.92"", ""27.26"", ""BN"", ""BN"", ""BN"", ""2.00"", ""5.09"", ""Cowboys - DEF"", """"]",1,1,69.1,148.6
2021,8,2,6,left,Week 8 Recap (Won),The Big Gronkowski,2021-W08-M01,Robbie Gould,,IR,False,False,True,0.0,0.0,,Robbie Gould,IR,"["""", ""Robbie Gould"", ""0.00"", ""0.00"", ""IR"", ""IR"", ""IR"", ""–"", ""0.00"", ""(Empty)"", """"]",1,1,148.6,69.1
2021,8,2,6,right,The Big Gronkowski,Week 8 Recap (Won),2021-W08-M01,(Empty),,IR,False,False,True,0.0,,,(Empty),IR,"["""", ""Robbie Gould"", ""0.00"", ""0.00"", ""IR"", ""IR"", ""IR"", ""–"", ""0.00"", ""(Empty)"", """"]",1,1,69.1,148.6
2021,8,1,0,left,Malle ❤️ 🐸,Ginger FC,2021-W08-M02,Tom Brady,QB,QB,True,False,False,26.39,35.2,,Tom Brady,QB,"["""", ""Tom Brady"", ""26.39"", ""35.20"", ""QB"", ""QB"", ""QB"", ""19.66"", ""23.90"", ""Aaron Rodgers"", """"]",2,2,134.2,85.86
2021,8,1,0,right,Ginger FC,Malle ❤️ 🐸,2021-W08-M02,Aaron Rodgers,QB,QB,True,False,False,23.9,19.66,,Aaron Rodgers,QB,"["""", ""Tom Brady"", ""26.39"", ""35.20"", ""QB"", ""QB"", ""QB"", ""19.66"", ""23.90"", ""Aaron Rodgers"", """"]",2,2,85.86,134.2
2021,8,1,1,left,Malle ❤️ 🐸,Ginger FC,2021-W08-M02,Tyreek Hill,WR,WR,True,False,False,16.96,21.4,,Tyreek Hill,WR,"["""", ""Tyreek Hill"", ""16.96"", ""21.40"", ""WR"", ""WR"", ""WR"", ""7.60"", ""15.44"", ""DeAndre Hopkins"", """"]",2,2,134.2,85.86
2021,8,1,1,right,Ginger FC,Malle ❤️ 🐸,2021-W08-M02,DeAndre Hopkins,WR,WR,True,False,False,15.44,7.6,,DeAndre Hopkins,WR,"["""", ""Tyreek Hill"", ""16.96"", ""21.40"", ""WR"", ""WR"", ""WR"", ""7.60"", ""15.44"", ""DeAndre Hopkins"", """"]",2,2,85.86,134.2
2021,8,1,2,left,Malle ❤️ 🐸,Ginger FC,2021-W08-M02,Mike Evans,WR,WR,True,False,False,14.46,11.8,,Mike Evans,WR,"["""", ""Mike Evans"", ""14.46"", ""11.80"", ""WR"", ""WR"", ""WR"", ""19.30"", ""13.74"", ""DK Metcalf "", """"]",2,2,134.2,85.86
2021,8,1,2,right,Ginger FC,Malle ❤️ 🐸,2021-W08-M02,DK Metcalf,WR,WR,True,False,False,13.74,19.3,,DK Metcalf ,WR,"["""", ""Mike Evans"", ""14.46"", ""11.80"", ""WR"", ""WR"", ""WR"", ""19.30"", ""13.74"", ""DK Metcalf "", """"]",2,2,85.86,134.2
2021,8,1,3,left,Malle ❤️ 🐸,Ginger FC,2021-W08-M02,Damien Harris,RB,RB,True,False,False,12.08,14.0,,Damien Harris ,RB,"["""", ""Damien Harris "", ""12.08"", ""14.00"", ""RB"", ""RB"", ""RB"", ""5.80"", ""15.49"", ""Leonard Fournette"", """"]",2,2,134.2,85.86
2021,8,1,3,right,Ginger FC,Malle ❤️ 🐸,2021-W08-M02,Leonard Fournette,RB,RB,True,False,False,15.49,5.8,,Leonard Fournette,RB,"["""", ""Damien Harris "", ""12.08"", ""14.00"", ""RB"", ""RB"", ""RB"", ""5.80"", ""15.49"", ""Leonard Fournette"", """"]",2,2,85.86,134.2
2021,8,1,4,left,Malle ❤️ 🐸,Ginger FC,2021-W08-M02,Mark Ingram II,RB,RB,True,False,False,3.93,6.2,,Mark Ingram II,RB,"["""", ""Mark Ingram II"", ""3.93"", ""6.20"", ""RB"", ""RB"", ""RB"", ""9.30"", ""14.44"", ""Ezekiel Elliott"", """"]",2,2,134.2,85.86
2021,8,1,4,right,Ginger FC,Malle ❤️ 🐸,2021-W08-M02,Ezekiel Elliott,RB,RB,True,False,False,14.44,9.3,,Ezekiel Elliott,RB,"["""", ""Mark Ingram II"", ""3.93"", ""6.20"", ""RB"", ""RB"", ""RB"", ""9.30"", ""14.44"", ""Ezekiel Elliott"", """"]",2,2,85.86,134.2
2021,8,1,5,left,Malle ❤️ 🐸,Ginger FC,2021-W08-M02,T.J. Hockenson,TE,TE,True,False,False,11.32,13.9,,T.J. Hockenson,TE,"["""", ""T.J. Hockenson"", ""11.32"", ""13.90"", ""TE"", ""TE"", ""TE"", ""6.20"", ""7.92"", ""Zach Ertz"", """"]",2,2,134.2,85.86
2021,8,1,5,right,Ginger FC,Malle ❤️ 🐸,2021-W08-M02,Zach Ertz,TE,TE,True,False,False,7.92,6.2,,Zach Ertz,TE,"["""", ""T.J. Hockenson"", ""11.32"", ""13.90"", ""TE"", ""TE"", ""TE"", ""6.20"", ""7.92"", ""Zach Ertz"", """"]",2,2,85.86,134.2
2021,8,1,6,left,Malle ❤️ 🐸,Ginger FC,2021-W08-M02,Keenan Allen,,W/R/T,True,False,False,12.85,16.7,,Keenan Allen,W/R/T,"["""", ""Keenan Allen"", ""12.85"", ""16.70"", ""W/R/T"", ""W/R/T"", ""W/R/T"", ""15.00"", ""12.35"", ""Devontae Booker"", """"]",2,2,134.2,85.86
2021,8,1,6,right,Ginger FC,Malle ❤️ 🐸,2021-W08-M02,Devontae Booker,,W/R/T,True,False,False,12.35,15.0,,Devontae Booker,W/R/T,"["""", ""Keenan Allen"", ""12.85"", ""16.70"", ""W/R/T"", ""W/R/T"", ""W/R/T"", ""15.00"", ""12.35"", ""Devontae Booker"", """"]",2,2,85.86,134.2
2021,8,1,7,left,Malle ❤️ 🐸,Ginger FC,2021-W08-M02,Greg Zuerlein,K,K,True,False,False,8.47,8.0,,Greg Zuerlein,K,"["""", ""Greg Zuerlein"", ""8.47"", ""8.00"", ""K"", ""K"", ""K"", ""3.00"", ""8.88"", ""Ryan Succop"", """"]",2,2,134.2,85.86
2021,8,1,7,right,Ginger FC,Malle ❤️ 🐸,2021-W08-M02,Ryan Succop,K,K,True,False,False,8.88,3.0,,Ryan Succop,K,"["""", ""Greg Zuerlein"", ""8.47"", ""8.00"", ""K"", ""K"", ""K"", ""3.00"", ""8.88"", ""Ryan Succop"", """"]",2,2,85.86,134.2
2021,8,1,8,left,Malle ❤️ 🐸,Ginger FC,2021-W08-M02,Rams - DEF,DEF,DEF,True,False,False,9.04,7.0,,Rams - DEF,DEF,"["""", ""Rams - DEF"", ""9.04"", ""7.00"", ""DEF"", ""DEF"", ""DEF"", ""0.00"", ""6.77"", ""Buccaneers - DEF"", """"]",2,2,134.2,85.86
2021,8,1,8,right,Ginger FC,Malle ❤️ 🐸,2021-W08-M02,Buccaneers - DEF,DEF,DEF,True,False,False,6.77,0.0,,Buccaneers - DEF,DEF,"["""", ""Rams - DEF"", ""9.04"", ""7.00"", ""DEF"", ""DEF"", ""DEF"", ""0.00"", ""6.77"", ""Buccaneers - DEF"", """"]",2,2,85.86,134.2
2021,8,2,0,left,Malle ❤️ 🐸,Ginger FC,2021-W08-M02,Jonnu Smith,,BN,False,True,False,6.09,2.3,,Jonnu Smith,BN,"["""", ""Jonnu Smith"", ""6.09"", ""2.30"", ""BN"", ""BN"", ""BN"", ""22.20"", ""12.32"", ""Amari Cooper"", """"]",2,2,134.2,85.86
2021,8,2,0,right,Ginger FC,Malle ❤️ 🐸,2021-W08-M02,Amari Cooper,,BN,False,True,False,12.32,22.2,,Amari Cooper,BN,"["""", ""Jonnu Smith"", ""6.09"", ""2.30"", ""BN"", ""BN"", ""BN"", ""22.20"", ""12.32"", ""Amari Cooper"", """"]",2,2,85.86,134.2
2021,8,2,1,left,Malle ❤️ 🐸,Ginger FC,2021-W08-M02,Adam Thielen,,BN,False,True,False,13.78,16.8,,Adam Thielen,BN,"["""", ""Adam Thielen"", ""13.78"", ""16.80"", ""BN"", ""BN"", ""BN"", ""5.80"", ""12.21"", ""Javonte Williams"", """"]",2,2,134.2,85.86
2021,8,2,1,right,Ginger FC,Malle ❤️ 🐸,2021-W08-M02,Javonte Williams,,BN,False,True,False,12.21,5.8,,Javonte Williams,BN,"["""", ""Adam Thielen"", ""13.78"", ""16.80"", ""BN"", ""BN"", ""BN"", ""5.80"", ""12.21"", ""Javonte Williams"", """"]",2,2,85.86,134.2
2021,8,2,2,left,Malle ❤️ 🐸,Ginger FC,2021-W08-M02,Jalen Hurts,,BN,False,True,False,25.99,11.22,,Jalen Hurts,BN,"["""", ""Jalen Hurts"", ""25.99"", ""11.22"", ""BN"", ""BN"", ""BN"", ""2.60"", ""11.45"", ""T.Y. Hilton"", """"]",2,2,134.2,85.86
2021,8,2,2,right,Ginger FC,Malle ❤️ 🐸,2021-W08-M02,T.Y. Hilton,,BN,False,True,False,11.45,2.6,,T.Y. Hilton,BN,"["""", ""Jalen Hurts"", ""25.99"", ""11.22"", ""BN"", ""BN"", ""BN"", ""2.60"", ""11.45"", ""T.Y. Hilton"", """"]",2,2,85.86,134.2
2021,8,2,3,left,Malle ❤️ 🐸,Ginger FC,2021-W08-M02,Alexander Mattison,,BN,False,True,False,5.86,1.0,,Alexander Mattison,BN,"["""", ""Alexander Mattison"", ""5.86"", ""1.00"", ""BN"", ""BN"", ""BN"", ""0.00"", ""8.44"", ""Rob Gronkowski"", """"]",2,2,134.2,85.86
2021,8,2,3,right,Ginger FC,Malle ❤️ 🐸,2021-W08-M02,Rob Gronkowski,,BN,False,True,False,8.44,0.0,,Rob Gronkowski,BN,"["""", ""Alexander Mattison"", ""5.86"", ""1.00"", ""BN"", ""BN"", ""BN"", ""0.00"", ""8.44"", ""Rob Gronkowski"", """"]",2,2,85.86,134.2
2021,8,2,4,left,Malle ❤️ 🐸,Ginger FC,2021-W08-M02,Ryan Fitzpatrick,,BN,False,True,False,0.0,0.0,,Ryan Fitzpatrick,BN,"["""", ""Ryan Fitzpatrick"", ""0.00"", ""0.00"", ""BN"", ""BN"", ""BN"", ""0.00"", ""0.00"", ""Dawson Knox"", """"]",2,2,134.2,85.86
2021,8,2,4,right,Ginger FC,Malle ❤️ 🐸,2021-W08-M02,Dawson Knox,,BN,False,True,False,0.0,0.0,,Dawson Knox,BN,"["""", ""Ryan Fitzpatrick"", ""0.00"", ""0.00"", ""BN"", ""BN"", ""BN"", ""0.00"", ""0.00"", ""Dawson Knox"", """"]",2,2,85.86,134.2
2021,8,2,5,left,Malle ❤️ 🐸,Ginger FC,2021-W08-M02,Justin Tucker,,BN,False,True,False,0.0,,,Justin Tucker,BN,"["""", ""Justin Tucker"", ""0.00"", ""–"", ""BN"", ""BN"", ""BN"", ""3.40"", ""9.16"", ""Devin Singletary"", """"]",2,2,134.2,85.86
2021,8,2,5,right,Ginger FC,Malle ❤️ 🐸,2021-W08-M02,Devin Singletary,,BN,False,True,False,9.16,3.4,,Devin Singletary,BN,"["""", ""Justin Tucker"", ""0.00"", ""–"", ""BN"", ""BN"", ""BN"", ""3.40"", ""9.16"", ""Devin Singletary"", """"]",2,2,85.86,134.2
2021,8,1,0,left,Voldemort,Post Mahomes,2021-W08-M03,Daniel Jones,QB,QB,True,False,False,22.21,21.08,,Daniel Jones,QB,"["""", ""Daniel Jones"", ""22.21"", ""21.08"", ""QB"", ""QB"", ""QB"", ""11.06"", ""30.33"", ""Kyler Murray "", """"]",3,3,99.38,100.36
2021,8,1,0,right,Post Mahomes,Voldemort,2021-W08-M03,Kyler Murray,QB,QB,True,False,False,30.33,11.06,,Kyler Murray ,QB,"["""", ""Daniel Jones"", ""22.21"", ""21.08"", ""QB"", ""QB"", ""QB"", ""11.06"", ""30.33"", ""Kyler Murray "", """"]",3,3,100.36,99.38
2021,8,1,1,left,Voldemort,Post Mahomes,2021-W08-M03,Justin Jefferson,WR,WR,True,False,False,15.51,3.1,,Justin Jefferson ,WR,"["""", ""Justin Jefferson "", ""15.51"", ""3.10"", ""WR"", ""WR"", ""WR"", ""17.30"", ""12.05"", ""Brandin Cooks"", """"]",3,3,99.38,100.36
2021,8,1,1,right,Post Mahomes,Voldemort,2021-W08-M03,Brandin Cooks,WR,WR,True,False,False,12.05,17.3,,Brandin Cooks,WR,"["""", ""Justin Jefferson "", ""15.51"", ""3.10"", ""WR"", ""WR"", ""WR"", ""17.30"", ""12.05"", ""Brandin Cooks"", """"]",3,3,100.36,99.38
2021,8,1,2,left,Voldemort,Post Mahomes,2021-W08-M03,Deebo Samuel Sr.,WR,WR,True,False,False,14.86,20.1,,Deebo Samuel Sr.,WR,"["""", ""Deebo Samuel Sr."", ""14.86"", ""20.10"", ""WR"", ""WR"", ""WR"", ""14.20"", ""14.44"", ""CeeDee Lamb"", """"]",3,3,99.38,100.36
2021,8,1,2,right,Post Mahomes,Voldemort,2021-W08-M03,CeeDee Lamb,WR,WR,True,False,False,14.44,14.2,,CeeDee Lamb,WR,"["""", ""Deebo Samuel Sr."", ""14.86"", ""20.10"", ""WR"", ""WR"", ""WR"", ""14.20"", ""14.44"", ""CeeDee Lamb"", """"]",3,3,100.36,99.38
2021,8,1,3,left,Voldemort,Post Mahomes,2021-W08-M03,Cordarrelle Patterson,RB,RB,True,False,False,14.34,15.7,,Cordarrelle Patterson,RB,"["""", ""Cordarrelle Patterson"", ""14.34"", ""15.70"", ""RB"", ""RB"", ""RB"", ""19.70"", ""17.43"", ""Jonathan Taylor"", """"]",3,3,99.38,100.36
2021,8,1,3,right,Post Mahomes,Voldemort,2021-W08-M03,Jonathan Taylor,RB,RB,True,False,False,17.43,19.7,,Jonathan Taylor,RB,"["""", ""Cordarrelle Patterson"", ""14.34"", ""15.70"", ""RB"", ""RB"", ""RB"", ""19.70"", ""17.43"", ""Jonathan Taylor"", """"]",3,3,100.36,99.38
2021,8,1,4,left,Voldemort,Post Mahomes,2021-W08-M03,Nick Chubb,RB,RB,True,False,False,15.92,7.4,,Nick Chubb,RB,"["""", ""Nick Chubb"", ""15.92"", ""7.40"", ""RB"", ""RB"", ""RB"", ""8.80"", ""11.37"", ""Zack Moss"", """"]",3,3,99.38,100.36
2021,8,1,4,right,Post Mahomes,Voldemort,2021-W08-M03,Zack Moss,RB,RB,True,False,False,11.37,8.8,,Zack Moss,RB,"["""", ""Nick Chubb"", ""15.92"", ""7.40"", ""RB"", ""RB"", ""RB"", ""8.80"", ""11.37"", ""Zack Moss"", """"]",3,3,100.36,99.38
2021,8,1,5,left,Voldemort,Post Mahomes,2021-W08-M03,Tyler Higbee,TE,TE,True,False,False,9.08,4.0,,Tyler Higbee,TE,"["""", ""Tyler Higbee"", ""9.08"", ""4.00"", ""TE"", ""TE"", ""TE"", ""2.30"", ""13.39"", ""Kyle Pitts Sr."", """"]",3,3,99.38,100.36
2021,8,1,5,right,Post Mahomes,Voldemort,2021-W08-M03,Kyle Pitts Sr.,TE,TE,True,False,False,13.39,2.3,,Kyle Pitts Sr.,TE,"["""", ""Tyler Higbee"", ""9.08"", ""4.00"", ""TE"", ""TE"", ""TE"", ""2.30"", ""13.39"", ""Kyle Pitts Sr."", """"]",3,3,100.36,99.38
2021,8,1,6,left,Voldemort,Post Mahomes,2021-W08-M03,Emmanuel Sanders,,W/R/T,True,False,False,11.85,0.0,,Emmanuel Sanders,W/R/T,"["""", ""Emmanuel Sanders"", ""11.85"", ""0.00"", ""W/R/T"", ""W/R/T"", ""W/R/T"", ""14.00"", ""12.45"", ""Darrel Williams"", """"]",3,3,99.38,100.36
2021,8,1,6,right,Post Mahomes,Voldemort,2021-W08-M03,Darrel Williams,,W/R/T,True,False,False,12.45,14.0,,Darrel Williams,W/R/T,"["""", ""Emmanuel Sanders"", ""11.85"", ""0.00"", ""W/R/T"", ""W/R/T"", ""W/R/T"", ""14.00"", ""12.45"", ""Darrel Williams"", """"]",3,3,100.36,99.38
2021,8,1,7,left,Voldemort,Post Mahomes,2021-W08-M03,Nick Folk,K,K,True,False,False,8.71,15.0,,Nick Folk,K,"["""", ""Nick Folk"", ""8.71"", ""15.00"", ""K"", ""K"", ""K"", ""3.00"", ""9.15"", ""Matt Prater"", """"]",3,3,99.38,100.36
2021,8,1,7,right,Post Mahomes,Voldemort,2021-W08-M03,Matt Prater,K,K,True,False,False,9.15,3.0,,Matt Prater,K,"["""", ""Nick Folk"", ""8.71"", ""15.00"", ""K"", ""K"", ""K"", ""3.00"", ""9.15"", ""Matt Prater"", """"]",3,3,100.36,99.38
2021,8,1,8,left,Voldemort,Post Mahomes,2021-W08-M03,Seahawks - DEF,DEF,DEF,True,False,False,8.06,13.0,,Seahawks - DEF,DEF,"["""", ""Seahawks - DEF"", ""8.06"", ""13.00"", ""DEF"", ""DEF"", ""DEF"", ""10.00"", ""6.58"", ""Steelers - DEF"", """"]",3,3,99.38,100.36
2021,8,1,8,right,Post Mahomes,Voldemort,2021-W08-M03,Steelers - DEF,DEF,DEF,True,False,False,6.58,10.0,,Steelers - DEF,DEF,"["""", ""Seahawks - DEF"", ""8.06"", ""13.00"", ""DEF"", ""DEF"", ""DEF"", ""10.00"", ""6.58"", ""Steelers - DEF"", """"]",3,3,100.36,99.38
2021,8,2,0,left,Voldemort,Post Mahomes,2021-W08-M03,Calvin Ridley,,BN,False,True,False,0.0,0.0,,Calvin Ridley,BN,"["""", ""Calvin Ridley"", ""0.00"", ""0.00"", ""BN"", ""BN"", ""BN"", ""0.00"", ""0.00"", ""Saquon Barkley"", """"]",3,3,99.38,100.36
2021,8,2,0,right,Post Mahomes,Voldemort,2021-W08-M03,Saquon Barkley,,BN,False,True,False,0.0,0.0,,Saquon Barkley,BN,"["""", ""Calvin Ridley"", ""0.00"", ""0.00"", ""BN"", ""BN"", ""BN"", ""0.00"", ""0.00"", ""Saquon Barkley"", """"]",3,3,100.36,99.38
2021,8,2,1,left,Voldemort,Post Mahomes,2021-W08-M03,Dak Prescott,,BN,False,True,False,0.0,0.0,,Dak Prescott,BN,"["""", ""Dak Prescott"", ""0.00"", ""0.00"", ""BN"", ""BN"", ""BN"", ""13.30"", ""8.13"", ""J.D. McKissic"", """"]",3,3,99.38,100.36
2021,8,2,1,right,Post Mahomes,Voldemort,2021-W08-M03,J.D. McKissic,,BN,False,True,False,8.13,13.3,,J.D. McKissic,BN,"["""", ""Dak Prescott"", ""0.00"", ""0.00"", ""BN"", ""BN"", ""BN"", ""13.30"", ""8.13"", ""J.D. McKissic"", """"]",3,3,100.36,99.38
2021,8,2,2,left,Voldemort,Post Mahomes,2021-W08-M03,Robert Woods,,BN,False,True,False,13.24,19.2,,Robert Woods,BN,"["""", ""Robert Woods"", ""13.24"", ""19.20"", ""BN"", ""BN"", ""BN"", ""1.10"", ""10.83"", ""Odell Beckham Jr."", """"]",3,3,99.38,100.36
2021,8,2,2,right,Post Mahomes,Voldemort,2021-W08-M03,Odell Beckham Jr.,,BN,False,True,False,10.83,1.1,,Odell Beckham Jr.,BN,"["""", ""Robert Woods"", ""13.24"", ""19.20"", ""BN"", ""BN"", ""BN"", ""1.10"", ""10.83"", ""Odell Beckham Jr."", """"]",3,3,100.36,99.38
2021,8,2,3,left,Voldemort,Post Mahomes,2021-W08-M03,Chase Edmonds,,BN,False,True,False,13.26,14.4,,Chase Edmonds,BN,"["""", ""Chase Edmonds"", ""13.26"", ""14.40"", ""BN"", ""BN"", ""BN"", ""0.00"", ""0.00"", ""Kenny Golladay"", """"]",3,3,99.38,100.36
2021,8,2,3,right,Post Mahomes,Voldemort,2021-W08-M03,Kenny Golladay,,BN,False,True,False,0.0,0.0,,Kenny Golladay,BN,"["""", ""Chase Edmonds"", ""13.26"", ""14.40"", ""BN"", ""BN"", ""BN"", ""0.00"", ""0.00"", ""Kenny Golladay"", """"]",3,3,100.36,99.38
2021,8,2,4,left,Voldemort,Post Mahomes,2021-W08-M03,Christian Kirk,,BN,False,True,False,8.83,6.6,,Christian Kirk,BN,"["""", ""Christian Kirk"", ""8.83"", ""6.60"", ""BN"", ""BN"", ""BN"", ""3.20"", ""8.64"", ""Tony Pollard"", """"]",3,3,99.38,100.36
2021,8,2,4,right,Post Mahomes,Voldemort,2021-W08-M03,Tony Pollard,,BN,False,True,False,8.64,3.2,,Tony Pollard,BN,"["""", ""Christian Kirk"", ""8.83"", ""6.60"", ""BN"", ""BN"", ""BN"", ""3.20"", ""8.64"", ""Tony Pollard"", """"]",3,3,100.36,99.38
2021,8,2,5,left,Voldemort,Post Mahomes,2021-W08-M03,David Montgomery,,BN,False,True,False,0.0,0.0,,David Montgomery,BN,"["""", ""David Montgomery"", ""0.00"", ""0.00"", ""BN"", ""BN"", ""BN"", ""27.70"", ""10.24"", ""Michael Carter"", """"]",3,3,99.38,100.36
2021,8,2,5,right,Post Mahomes,Voldemort,2021-W08-M03,Michael Carter,,BN,False,True,False,10.24,27.7,,Michael Carter,BN,"["""", ""David Montgomery"", ""0.00"", ""0.00"", ""BN"", ""BN"", ""BN"", ""27.70"", ""10.24"", ""Michael Carter"", """"]",3,3,100.36,99.38
2021,8,2,6,left,Voldemort,Post Mahomes,2021-W08-M03,Michael Thomas,,IR,False,False,True,0.0,0.0,,Michael Thomas,IR,"["""", ""Michael Thomas"", ""0.00"", ""0.00"", ""IR"", ""IR"", ""IR"", ""–"", ""0.00"", ""(Empty)"", """"]",3,3,99.38,100.36
2021,8,2,6,right,Post Mahomes,Voldemort,2021-W08-M03,(Empty),,IR,False,False,True,0.0,,,(Empty),IR,"["""", ""Michael Thomas"", ""0.00"", ""0.00"", ""IR"", ""IR"", ""IR"", ""–"", ""0.00"", ""(Empty)"", """"]",3,3,100.36,99.38
2021,8,1,0,left,Joe Mantegna,Pop Lockett Drop it,2021-W08-M04,Justin Herbert,QB,QB,True,False,False,24.77,19.82,,Justin Herbert,QB,"["""", ""Justin Herbert"", ""24.77"", ""19.82"", ""QB"", ""QB"", ""QB"", ""10.14"", ""22.00"", ""Matt Ryan"", """"]",4,4,88.42,75.24
2021,8,1,0,right,Pop Lockett Drop it,Joe Mantegna,2021-W08-M04,Matt Ryan,QB,QB,True,False,False,22.0,10.14,,Matt Ryan,QB,"["""", ""Justin Herbert"", ""24.77"", ""19.82"", ""QB"", ""QB"", ""QB"", ""10.14"", ""22.00"", ""Matt Ryan"", """"]",4,4,75.24,88.42
2021,8,1,1,left,Joe Mantegna,Pop Lockett Drop it,2021-W08-M04,Diontae Johnson,WR,WR,True,False,False,13.72,12.8,,Diontae Johnson,WR,"["""", ""Diontae Johnson"", ""13.72"", ""12.80"", ""WR"", ""WR"", ""WR"", ""12.50"", ""16.47"", ""Stefon Diggs "", """"]",4,4,88.42,75.24
2021,8,1,1,right,Pop Lockett Drop it,Joe Mantegna,2021-W08-M04,Stefon Diggs,WR,WR,True,False,False,16.47,12.5,,Stefon Diggs ,WR,"["""", ""Diontae Johnson"", ""13.72"", ""12.80"", ""WR"", ""WR"", ""WR"", ""12.50"", ""16.47"", ""Stefon Diggs "", """"]",4,4,75.24,88.42
2021,8,1,2,left,Joe Mantegna,Pop Lockett Drop it,2021-W08-M04,A.J. Green,WR,WR,True,False,False,8.95,7.5,,A.J. Green,WR,"["""", ""A.J. Green"", ""8.95"", ""7.50"", ""WR"", ""WR"", ""WR"", ""12.50"", ""9.03"", ""DeVante Parker"", """"]",4,4,88.42,75.24
2021,8,1,2,right,Pop Lockett Drop it,Joe Mantegna,2021-W08-M04,DeVante Parker,WR,WR,True,False,False,9.03,12.5,,DeVante Parker,WR,"["""", ""A.J. Green"", ""8.95"", ""7.50"", ""WR"", ""WR"", ""WR"", ""12.50"", ""9.03"", ""DeVante Parker"", """"]",4,4,75.24,88.42
2021,8,1,3,left,Joe Mantegna,Pop Lockett Drop it,2021-W08-M04,Myles Gaskin,RB,RB,True,False,False,11.48,7.0,,Myles Gaskin,RB,"["""", ""Myles Gaskin"", ""11.48"", ""7.00"", ""RB"", ""RB"", ""RB"", ""21.40"", ""17.86"", ""Austin Ekeler"", """"]",4,4,88.42,75.24
2021,8,1,3,right,Pop Lockett Drop it,Joe Mantegna,2021-W08-M04,Austin Ekeler,RB,RB,True,False,False,17.86,21.4,,Austin Ekeler,RB,"["""", ""Myles Gaskin"", ""11.48"", ""7.00"", ""RB"", ""RB"", ""RB"", ""21.40"", ""17.86"", ""Austin Ekeler"", """"]",4,4,75.24,88.42
2021,8,1,4,left,Joe Mantegna,Pop Lockett Drop it,2021-W08-M04,Dalvin Cook,RB,RB,True,False,False,19.07,7.8,,Dalvin Cook,RB,"["""", ""Dalvin Cook"", ""19.07"", ""7.80"", ""RB"", ""RB"", ""RB"", ""0.00"", ""0.00"", ""Jamaal Williams"", """"]",4,4,88.42,75.24
2021,8,1,4,right,Pop Lockett Drop it,Joe Mantegna,2021-W08-M04,Jamaal Williams,RB,RB,True,False,False,0.0,0.0,,Jamaal Williams,RB,"["""", ""Dalvin Cook"", ""19.07"", ""7.80"", ""RB"", ""RB"", ""RB"", ""0.00"", ""0.00"", ""Jamaal Williams"", """"]",4,4,75.24,88.42
2021,8,1,5,left,Joe Mantegna,Pop Lockett Drop it,2021-W08-M04,Jared Cook,TE,TE,True,False,False,8.16,3.5,,Jared Cook,TE,"["""", ""Jared Cook"", ""8.16"", ""3.50"", ""TE"", ""TE"", ""TE"", ""2.70"", ""16.66"", ""Travis Kelce"", """"]",4,4,88.42,75.24
2021,8,1,5,right,Pop Lockett Drop it,Joe Mantegna,2021-W08-M04,Travis Kelce,TE,TE,True,False,False,16.66,2.7,,Travis Kelce,TE,"["""", ""Jared Cook"", ""8.16"", ""3.50"", ""TE"", ""TE"", ""TE"", ""2.70"", ""16.66"", ""Travis Kelce"", """"]",4,4,75.24,88.42
2021,8,1,6,left,Joe Mantegna,Pop Lockett Drop it,2021-W08-M04,Terry McLaurin,,W/R/T,True,False,False,13.67,5.0,,Terry McLaurin,W/R/T,"["""", ""Terry McLaurin"", ""13.67"", ""5.00"", ""W/R/T"", ""W/R/T"", ""W/R/T"", ""5.00"", ""13.04"", ""Courtland Sutton"", """"]",4,4,88.42,75.24
2021,8,1,6,right,Pop Lockett Drop it,Joe Mantegna,2021-W08-M04,Courtland Sutton,,W/R/T,True,False,False,13.04,5.0,,Courtland Sutton,W/R/T,"["""", ""Terry McLaurin"", ""13.67"", ""5.00"", ""W/R/T"", ""W/R/T"", ""W/R/T"", ""5.00"", ""13.04"", ""Courtland Sutton"", """"]",4,4,75.24,88.42
2021,8,1,7,left,Joe Mantegna,Pop Lockett Drop it,2021-W08-M04,Harrison Butker,K,K,True,False,False,9.24,8.0,,Harrison Butker,K,"["""", ""Harrison Butker"", ""9.24"", ""8.00"", ""K"", ""K"", ""K"", ""4.00"", ""8.28"", ""Chase McLaughlin"", """"]",4,4,88.42,75.24
2021,8,1,7,right,Pop Lockett Drop it,Joe Mantegna,2021-W08-M04,Chase McLaughlin,K,K,True,False,False,8.28,4.0,,Chase McLaughlin,K,"["""", ""Harrison Butker"", ""9.24"", ""8.00"", ""K"", ""K"", ""K"", ""4.00"", ""8.28"", ""Chase McLaughlin"", """"]",4,4,75.24,88.42
2021,8,1,8,left,Joe Mantegna,Pop Lockett Drop it,2021-W08-M04,Broncos - DEF,DEF,DEF,True,False,False,7.76,17.0,,Broncos - DEF,DEF,"["""", ""Broncos - DEF"", ""7.76"", ""17.00"", ""DEF"", ""DEF"", ""DEF"", ""7.00"", ""8.73"", ""Bengals - DEF"", """"]",4,4,88.42,75.24
2021,8,1,8,right,Pop Lockett Drop it,Joe Mantegna,2021-W08-M04,Bengals - DEF,DEF,DEF,True,False,False,8.73,7.0,,Bengals - DEF,DEF,"["""", ""Broncos - DEF"", ""7.76"", ""17.00"", ""DEF"", ""DEF"", ""DEF"", ""7.00"", ""8.73"", ""Bengals - DEF"", """"]",4,4,75.24,88.42
2021,8,2,0,left,Joe Mantegna,Pop Lockett Drop it,2021-W08-M04,Ricky Seals-Jones,,BN,False,True,False,8.34,2.2,,Ricky Seals-Jones,BN,"["""", ""Ricky Seals-Jones"", ""8.34"", ""2.20"", ""BN"", ""BN"", ""BN"", ""–"", ""0.00"", ""Kenyan Drake"", """"]",4,4,88.42,75.24
2021,8,2,0,right,Pop Lockett Drop it,Joe Mantegna,2021-W08-M04,Kenyan Drake,,BN,False,True,False,0.0,,,Kenyan Drake,BN,"["""", ""Ricky Seals-Jones"", ""8.34"", ""2.20"", ""BN"", ""BN"", ""BN"", ""–"", ""0.00"", ""Kenyan Drake"", """"]",4,4,75.24,88.42
2021,8,2,1,left,Joe Mantegna,Pop Lockett Drop it,2021-W08-M04,Hunter Renfrow,,BN,False,True,False,0.0,0.0,,Hunter Renfrow,BN,"["""", ""Hunter Renfrow"", ""0.00"", ""0.00"", ""BN"", ""BN"", ""BN"", ""–"", ""0.00"", ""Henry Ruggs III"", """"]",4,4,88.42,75.24
2021,8,2,1,right,Pop Lockett Drop it,Joe Mantegna,2021-W08-M04,Henry Ruggs III,,BN,False,True,False,0.0,,,Henry Ruggs III,BN,"["""", ""Hunter Renfrow"", ""0.00"", ""0.00"", ""BN"", ""BN"", ""BN"", ""–"", ""0.00"", ""Henry Ruggs III"", """"]",4,4,75.24,88.42
2021,8,2,2,left,Joe Mantegna,Pop Lockett Drop it,2021-W08-M04,Miles Sanders,,BN,False,True,False,0.0,0.0,,Miles Sanders ,BN,"["""", ""Miles Sanders "", ""0.00"", ""0.00"", ""BN"", ""BN"", ""BN"", ""0.00"", ""0.00"", ""Hollywood Brown"", """"]",4,4,88.42,75.24
2021,8,2,2,right,Pop Lockett Drop it,Joe Mantegna,2021-W08-M04,Hollywood Brown,,BN,False,True,False,0.0,0.0,,Hollywood Brown,BN,"["""", ""Miles Sanders "", ""0.00"", ""0.00"", ""BN"", ""BN"", ""BN"", ""0.00"", ""0.00"", ""Hollywood Brown"", """"]",4,4,75.24,88.42
2021,8,2,3,left,Joe Mantegna,Pop Lockett Drop it,2021-W08-M04,Ronald Jones,,BN,False,True,False,3.22,2.4,,Ronald Jones,BN,"["""", ""Ronald Jones"", ""3.22"", ""2.40"", ""BN"", ""BN"", ""BN"", ""6.60"", ""5.01"", ""Sony Michel"", """"]",4,4,88.42,75.24
2021,8,2,3,right,Pop Lockett Drop it,Joe Mantegna,2021-W08-M04,Sony Michel,,BN,False,True,False,5.01,6.6,,Sony Michel,BN,"["""", ""Ronald Jones"", ""3.22"", ""2.40"", ""BN"", ""BN"", ""BN"", ""6.60"", ""5.01"", ""Sony Michel"", """"]",4,4,75.24,88.42
2021,8,2,4,left,Joe Mantegna,Pop Lockett Drop it,2021-W08-M04,Kirk Cousins,,BN,False,True,False,24.36,15.16,,Kirk Cousins,BN,"["""", ""Kirk Cousins"", ""24.36"", ""15.16"", ""BN"", ""BN"", ""BN"", ""0.00"", ""9.26"", ""Robbie Chosen"", """"]",4,4,88.42,75.24
2021,8,2,4,right,Pop Lockett Drop it,Joe Mantegna,2021-W08-M04,Robbie Chosen,,BN,False,True,False,9.26,0.0,,Robbie Chosen,BN,"["""", ""Kirk Cousins"", ""24.36"", ""15.16"", ""BN"", ""BN"", ""BN"", ""0.00"", ""9.26"", ""Robbie Chosen"", """"]",4,4,75.24,88.42
2021,8,2,5,left,Joe Mantegna,Pop Lockett Drop it,2021-W08-M04,Jarvis Landry,,BN,False,True,False,11.42,7.5,,Jarvis Landry,BN,"["""", ""Jarvis Landry"", ""11.42"", ""7.50"", ""BN"", ""BN"", ""BN"", ""0.00"", ""0.00"", ""Michael Gallup"", """"]",4,4,88.42,75.24
2021,8,2,5,right,Pop Lockett Drop it,Joe Mantegna,2021-W08-M04,Michael Gallup,,BN,False,True,False,0.0,0.0,,Michael Gallup,BN,"["""", ""Jarvis Landry"", ""11.42"", ""7.50"", ""BN"", ""BN"", ""BN"", ""0.00"", ""0.00"", ""Michael Gallup"", """"]",4,4,75.24,88.42
2021,8,2,6,left,Joe Mantegna,Pop Lockett Drop it,2021-W08-M04,George Kittle,,IR,False,False,True,0.0,0.0,,George Kittle,IR,"["""", ""George Kittle"", ""0.00"", ""0.00"", ""IR"", ""IR"", ""IR"", ""–"", ""0.00"", ""(Empty)"", """"]",4,4,88.42,75.24
2021,8,2,6,right,Pop Lockett Drop it,Joe Mantegna,2021-W08-M04,(Empty),,IR,False,False,True,0.0,,,(Empty),IR,"["""", ""George Kittle"", ""0.00"", ""0.00"", ""IR"", ""IR"", ""IR"", ""–"", ""0.00"", ""(Empty)"", """"]",4,4,75.24,88.42
2021,8,1,0,left,Patty Primetimes,ThreatLevelMidnight,2021-W08-M05,Carson Wentz,QB,QB,True,False,False,23.45,26.34,,Carson Wentz,QB,"["""", ""Carson Wentz"", ""23.45"", ""26.34"", ""QB"", ""QB"", ""QB"", ""33.46"", ""30.30"", ""Josh Allen "", """"]",5,5,129.0,99.76
2021,8,1,0,right,ThreatLevelMidnight,Patty Primetimes,2021-W08-M05,Josh Allen,QB,QB,True,False,False,30.3,33.46,,Josh Allen ,QB,"["""", ""Carson Wentz"", ""23.45"", ""26.34"", ""QB"", ""QB"", ""QB"", ""33.46"", ""30.30"", ""Josh Allen "", """"]",5,5,99.76,129.0
2021,8,1,1,left,Patty Primetimes,ThreatLevelMidnight,2021-W08-M05,Chris Godwin Jr.,WR,WR,True,False,False,14.01,24.0,,Chris Godwin Jr.,WR,"["""", ""Chris Godwin Jr."", ""14.01"", ""24.00"", ""WR"", ""WR"", ""WR"", ""2.00"", ""12.50"", ""DeVonta Smith"", """"]",5,5,129.0,99.76
2021,8,1,1,right,ThreatLevelMidnight,Patty Primetimes,2021-W08-M05,DeVonta Smith,WR,WR,True,False,False,12.5,2.0,,DeVonta Smith,WR,"["""", ""Chris Godwin Jr."", ""14.01"", ""24.00"", ""WR"", ""WR"", ""WR"", ""2.00"", ""12.50"", ""DeVonta Smith"", """"]",5,5,99.76,129.0
2021,8,1,2,left,Patty Primetimes,ThreatLevelMidnight,2021-W08-M05,Kadarius Toney,WR,WR,True,False,False,10.96,5.36,,Kadarius Toney,WR,"["""", ""Kadarius Toney"", ""10.96"", ""5.36"", ""WR"", ""WR"", ""WR"", ""11.70"", ""11.50"", ""Tee Higgins"", """"]",5,5,129.0,99.76
2021,8,1,2,right,ThreatLevelMidnight,Patty Primetimes,2021-W08-M05,Tee Higgins,WR,WR,True,False,False,11.5,11.7,,Tee Higgins,WR,"["""", ""Kadarius Toney"", ""10.96"", ""5.36"", ""WR"", ""WR"", ""WR"", ""11.70"", ""11.50"", ""Tee Higgins"", """"]",5,5,99.76,129.0
2021,8,1,3,left,Patty Primetimes,ThreatLevelMidnight,2021-W08-M05,Darrell Henderson Jr.,RB,RB,True,False,False,17.31,21.8,,Darrell Henderson Jr.,RB,"["""", ""Darrell Henderson Jr."", ""17.31"", ""21.80"", ""RB"", ""RB"", ""RB"", ""4.40"", ""10.24"", ""Alex Collins"", """"]",5,5,129.0,99.76
2021,8,1,3,right,ThreatLevelMidnight,Patty Primetimes,2021-W08-M05,Alex Collins,RB,RB,True,False,False,10.24,4.4,,Alex Collins,RB,"["""", ""Darrell Henderson Jr."", ""17.31"", ""21.80"", ""RB"", ""RB"", ""RB"", ""4.40"", ""10.24"", ""Alex Collins"", """"]",5,5,99.76,129.0
2021,8,1,4,left,Patty Primetimes,ThreatLevelMidnight,2021-W08-M05,Joe Mixon,RB,RB,True,False,False,14.44,23.1,,Joe Mixon,RB,"["""", ""Joe Mixon"", ""14.44"", ""23.10"", ""RB"", ""RB"", ""RB"", ""15.10"", ""19.96"", ""Alvin Kamara"", """"]",5,5,129.0,99.76
2021,8,1,4,right,ThreatLevelMidnight,Patty Primetimes,2021-W08-M05,Alvin Kamara,RB,RB,True,False,False,19.96,15.1,,Alvin Kamara,RB,"["""", ""Joe Mixon"", ""14.44"", ""23.10"", ""RB"", ""RB"", ""RB"", ""15.10"", ""19.96"", ""Alvin Kamara"", """"]",5,5,99.76,129.0
2021,8,1,5,left,Patty Primetimes,ThreatLevelMidnight,2021-W08-M05,Noah Fant,TE,TE,True,False,False,10.5,1.8,,Noah Fant,TE,"["""", ""Noah Fant"", ""10.50"", ""1.80"", ""TE"", ""TE"", ""TE"", ""8.30"", ""8.17"", ""Mike Gesicki"", """"]",5,5,129.0,99.76
2021,8,1,5,right,ThreatLevelMidnight,Patty Primetimes,2021-W08-M05,Mike Gesicki,TE,TE,True,False,False,8.17,8.3,,Mike Gesicki,TE,"["""", ""Noah Fant"", ""10.50"", ""1.80"", ""TE"", ""TE"", ""TE"", ""8.30"", ""8.17"", ""Mike Gesicki"", """"]",5,5,99.76,129.0
2021,8,1,6,left,Patty Primetimes,ThreatLevelMidnight,2021-W08-M05,Chuba Hubbard,,W/R/T,True,False,False,12.77,13.6,,Chuba Hubbard,W/R/T,"["""", ""Chuba Hubbard"", ""12.77"", ""13.60"", ""W/R/T"", ""W/R/T"", ""W/R/T"", ""3.80"", ""8.41"", ""Hunter Henry"", """"]",5,5,129.0,99.76
2021,8,1,6,right,ThreatLevelMidnight,Patty Primetimes,2021-W08-M05,Hunter Henry,,W/R/T,True,False,False,8.41,3.8,,Hunter Henry,W/R/T,"["""", ""Chuba Hubbard"", ""12.77"", ""13.60"", ""W/R/T"", ""W/R/T"", ""W/R/T"", ""3.80"", ""8.41"", ""Hunter Henry"", """"]",5,5,99.76,129.0
2021,8,1,7,left,Patty Primetimes,ThreatLevelMidnight,2021-W08-M05,Tyler Bass,K,K,True,False,False,10.48,10.0,,Tyler Bass,K,"["""", ""Tyler Bass"", ""10.48"", ""10.00"", ""K"", ""K"", ""K"", ""8.00"", ""9.75"", ""Matt Gay"", """"]",5,5,129.0,99.76
2021,8,1,7,right,ThreatLevelMidnight,Patty Primetimes,2021-W08-M05,Matt Gay,K,K,True,False,False,9.75,8.0,,Matt Gay,K,"["""", ""Tyler Bass"", ""10.48"", ""10.00"", ""K"", ""K"", ""K"", ""8.00"", ""9.75"", ""Matt Gay"", """"]",5,5,99.76,129.0
2021,8,1,8,left,Patty Primetimes,ThreatLevelMidnight,2021-W08-M05,Browns - DEF,DEF,DEF,True,False,False,8.18,3.0,,Browns - DEF,DEF,"["""", ""Browns - DEF"", ""8.18"", ""3.00"", ""DEF"", ""DEF"", ""DEF"", ""13.00"", ""5.43"", ""Patriots - DEF"", """"]",5,5,129.0,99.76
2021,8,1,8,right,ThreatLevelMidnight,Patty Primetimes,2021-W08-M05,Patriots - DEF,DEF,DEF,True,False,False,5.43,13.0,,Patriots - DEF,DEF,"["""", ""Browns - DEF"", ""8.18"", ""3.00"", ""DEF"", ""DEF"", ""DEF"", ""13.00"", ""5.43"", ""Patriots - DEF"", """"]",5,5,99.76,129.0
2021,8,2,0,left,Patty Primetimes,ThreatLevelMidnight,2021-W08-M05,Jaylen Waddle,,BN,False,True,False,10.61,4.9,,Jaylen Waddle,BN,"["""", ""Jaylen Waddle"", ""10.61"", ""4.90"", ""BN"", ""BN"", ""BN"", ""0.00"", ""0.00"", ""Julio Jones"", """"]",5,5,129.0,99.76
2021,8,2,0,right,ThreatLevelMidnight,Patty Primetimes,2021-W08-M05,Julio Jones,,BN,False,True,False,0.0,0.0,,Julio Jones,BN,"["""", ""Jaylen Waddle"", ""10.61"", ""4.90"", ""BN"", ""BN"", ""BN"", ""0.00"", ""0.00"", ""Julio Jones"", """"]",5,5,99.76,129.0
2021,8,2,1,left,Patty Primetimes,ThreatLevelMidnight,2021-W08-M05,Davante Adams,,BN,False,True,False,0.0,0.0,,Davante Adams,BN,"["""", ""Davante Adams"", ""0.00"", ""0.00"", ""BN"", ""BN"", ""BN"", ""0.00"", ""0.00"", ""Derek Carr"", """"]",5,5,129.0,99.76
2021,8,2,1,right,ThreatLevelMidnight,Patty Primetimes,2021-W08-M05,Derek Carr,,BN,False,True,False,0.0,0.0,,Derek Carr,BN,"["""", ""Davante Adams"", ""0.00"", ""0.00"", ""BN"", ""BN"", ""BN"", ""0.00"", ""0.00"", ""Derek Carr"", """"]",5,5,99.76,129.0
2021,8,2,2,left,Patty Primetimes,ThreatLevelMidnight,2021-W08-M05,Jakobi Meyers,,BN,False,True,False,10.85,7.6,,Jakobi Meyers,BN,"["""", ""Jakobi Meyers"", ""10.85"", ""7.60"", ""BN"", ""BN"", ""BN"", ""0.00"", ""0.00"", ""Chris Carson"", """"]",5,5,129.0,99.76
2021,8,2,2,right,ThreatLevelMidnight,Patty Primetimes,2021-W08-M05,Chris Carson,,BN,False,True,False,0.0,0.0,,Chris Carson,BN,"["""", ""Jakobi Meyers"", ""10.85"", ""7.60"", ""BN"", ""BN"", ""BN"", ""0.00"", ""0.00"", ""Chris Carson"", """"]",5,5,99.76,129.0
2021,8,2,3,left,Patty Primetimes,ThreatLevelMidnight,2021-W08-M05,Mike Davis,,BN,False,True,False,9.1,9.1,,Mike Davis ,BN,"["""", ""Mike Davis "", ""9.10"", ""9.10"", ""BN"", ""BN"", ""BN"", ""-0.30"", ""5.99"", ""Damien Williams"", """"]",5,5,129.0,99.76
2021,8,2,3,right,ThreatLevelMidnight,Patty Primetimes,2021-W08-M05,Damien Williams,,BN,False,True,False,5.99,-0.3,,Damien Williams,BN,"["""", ""Mike Davis "", ""9.10"", ""9.10"", ""BN"", ""BN"", ""BN"", ""-0.30"", ""5.99"", ""Damien Williams"", """"]",5,5,99.76,129.0
2021,8,2,4,left,Patty Primetimes,ThreatLevelMidnight,2021-W08-M05,Elijah Mitchell,,BN,False,True,False,10.83,19.7,,Elijah Mitchell,BN,"["""", ""Elijah Mitchell"", ""10.83"", ""19.70"", ""BN"", ""BN"", ""BN"", ""0.00"", ""0.00"", ""Clyde Edwards-Helaire"", """"]",5,5,129.0,99.76
2021,8,2,4,right,ThreatLevelMidnight,Patty Primetimes,2021-W08-M05,Clyde Edwards-Helaire,,BN,False,True,False,0.0,0.0,,Clyde Edwards-Helaire,BN,"["""", ""Elijah Mitchell"", ""10.83"", ""19.70"", ""BN"", ""BN"", ""BN"", ""0.00"", ""0.00"", ""Clyde Edwards-Helaire"", """"]",5,5,99.76,129.0
2021,8,2,5,left,Patty Primetimes,ThreatLevelMidnight,2021-W08-M05,Marlon Mack,,BN,False,True,False,2.21,0.0,,Marlon Mack,BN,"["""", ""Marlon Mack"", ""2.21"", ""0.00"", ""BN"", ""BN"", ""BN"", ""2.00"", ""7.46"", ""Rondale Moore"", """"]",5,5,129.0,99.76
2021,8,2,5,right,ThreatLevelMidnight,Patty Primetimes,2021-W08-M05,Rondale Moore,,BN,False,True,False,7.46,2.0,,Rondale Moore,BN,"["""", ""Marlon Mack"", ""2.21"", ""0.00"", ""BN"", ""BN"", ""BN"", ""2.00"", ""7.46"", ""Rondale Moore"", """"]",5,5,99.76,129.0
2021,8,2,6,left,Patty Primetimes,ThreatLevelMidnight,2021-W08-M05,Russell Wilson,,IR,False,False,True,0.0,0.0,,Russell Wilson,IR,"["""", ""Russell Wilson"", ""0.00"", ""0.00"", ""IR"", ""IR"", ""IR"", ""0.00"", ""0.00"", ""Travis Etienne Jr."", """"]",5,5,129.0,99.76
2021,8,2,6,right,ThreatLevelMidnight,Patty Primetimes,2021-W08-M05,Travis Etienne Jr.,,IR,False,False,True,0.0,0.0,,Travis Etienne Jr.,IR,"["""", ""Russell Wilson"", ""0.00"", ""0.00"", ""IR"", ""IR"", ""IR"", ""0.00"", ""0.00"", ""Travis Etienne Jr."", """"]",5,5,99.76,129.0
2021,8,1,0,left,Week 8 Recap (Lost),Big Sack Jack,2021-W08-M06,Patrick Mahomes,QB,QB,True,False,False,31.49,17.0,,Patrick Mahomes ,QB,"["""", ""Patrick Mahomes "", ""31.49"", ""17.00"", ""QB"", ""QB"", ""QB"", ""30.20"", ""27.71"", ""Matthew Stafford"", """"]",6,9,69.1,148.6
2021,8,1,0,right,Big Sack Jack,Week 8 Recap (Lost),2021-W08-M06,Matthew Stafford,QB,QB,True,False,False,27.71,30.2,,Matthew Stafford,QB,"["""", ""Patrick Mahomes "", ""31.49"", ""17.00"", ""QB"", ""QB"", ""QB"", ""30.20"", ""27.71"", ""Matthew Stafford"", """"]",6,9,148.6,69.1
2021,8,1,1,left,Week 8 Recap (Lost),Big Sack Jack,2021-W08-M06,DJ Moore,WR,WR,True,False,False,13.63,7.9,,DJ Moore,WR,"["""", ""DJ Moore"", ""13.63"", ""7.90"", ""WR"", ""WR"", ""WR"", ""21.00"", ""17.70"", ""Cooper Kupp"", """"]",6,9,69.1,148.6
2021,8,1,1,right,Big Sack Jack,Week 8 Recap (Lost),2021-W08-M06,Cooper Kupp,WR,WR,True,False,False,17.7,21.0,,Cooper Kupp,WR,"["""", ""DJ Moore"", ""13.63"", ""7.90"", ""WR"", ""WR"", ""WR"", ""21.00"", ""17.70"", ""Cooper Kupp"", """"]",6,9,148.6,69.1
2021,8,1,2,left,Week 8 Recap (Lost),Big Sack Jack,2021-W08-M06,Marquez Callaway,WR,WR,True,False,False,9.94,4.5,,Marquez Callaway,WR,"["""", ""Marquez Callaway"", ""9.94"", ""4.50"", ""WR"", ""WR"", ""WR"", ""20.20"", ""10.79"", ""Tyler Lockett"", """"]",6,9,69.1,148.6
2021,8,1,2,right,Big Sack Jack,Week 8 Recap (Lost),2021-W08-M06,Tyler Lockett,WR,WR,True,False,False,10.79,20.2,,Tyler Lockett,WR,"["""", ""Marquez Callaway"", ""9.94"", ""4.50"", ""WR"", ""WR"", ""WR"", ""20.20"", ""10.79"", ""Tyler Lockett"", """"]",6,9,148.6,69.1
2021,8,1,3,left,Week 8 Recap (Lost),Big Sack Jack,2021-W08-M06,Melvin Gordon III,RB,RB,True,False,False,9.1,17.7,,Melvin Gordon III,RB,"["""", ""Melvin Gordon III"", ""9.10"", ""17.70"", ""RB"", ""RB"", ""RB"", ""6.90"", ""11.46"", ""Antonio Gibson"", """"]",6,9,69.1,148.6
2021,8,1,3,right,Big Sack Jack,Week 8 Recap (Lost),2021-W08-M06,Antonio Gibson,RB,RB,True,False,False,11.46,6.9,,Antonio Gibson,RB,"["""", ""Melvin Gordon III"", ""9.10"", ""17.70"", ""RB"", ""RB"", ""RB"", ""6.90"", ""11.46"", ""Antonio Gibson"", """"]",6,9,148.6,69.1
2021,8,1,4,left,Week 8 Recap (Lost),Big Sack Jack,2021-W08-M06,James Robinson,RB,RB,True,False,False,14.67,4.4,,James Robinson,RB,"["""", ""James Robinson"", ""14.67"", ""4.40"", ""RB"", ""RB"", ""RB"", ""19.50"", ""15.93"", ""Najee Harris"", """"]",6,9,69.1,148.6
2021,8,1,4,right,Big Sack Jack,Week 8 Recap (Lost),2021-W08-M06,Najee Harris,RB,RB,True,False,False,15.93,19.5,,Najee Harris,RB,"["""", ""James Robinson"", ""14.67"", ""4.40"", ""RB"", ""RB"", ""RB"", ""19.50"", ""15.93"", ""Najee Harris"", """"]",6,9,148.6,69.1
2021,8,1,5,left,Week 8 Recap (Lost),Big Sack Jack,2021-W08-M06,Dalton Schultz,TE,TE,True,False,False,9.48,2.1,,Dalton Schultz,TE,"["""", ""Dalton Schultz"", ""9.48"", ""2.10"", ""TE"", ""TE"", ""TE"", ""8.20"", ""7.95"", ""Tyler Conklin"", """"]",6,9,69.1,148.6
2021,8,1,5,right,Big Sack Jack,Week 8 Recap (Lost),2021-W08-M06,Tyler Conklin,TE,TE,True,False,False,7.95,8.2,,Tyler Conklin,TE,"["""", ""Dalton Schultz"", ""9.48"", ""2.10"", ""TE"", ""TE"", ""TE"", ""8.20"", ""7.95"", ""Tyler Conklin"", """"]",6,9,148.6,69.1
2021,8,1,6,left,Week 8 Recap (Lost),Big Sack Jack,2021-W08-M06,Sterling Shepard,,W/R/T,True,False,False,10.54,4.5,,Sterling Shepard,W/R/T,"["""", ""Sterling Shepard"", ""10.54"", ""4.50"", ""W/R/T"", ""W/R/T"", ""W/R/T"", ""25.60"", ""12.85"", ""Michael Pittman Jr."", """"]",6,9,69.1,148.6
2021,8,1,6,right,Big Sack Jack,Week 8 Recap (Lost),2021-W08-M06,Michael Pittman Jr.,,W/R/T,True,False,False,12.85,25.6,,Michael Pittman Jr.,W/R/T,"["""", ""Sterling Shepard"", ""10.54"", ""4.50"", ""W/R/T"", ""W/R/T"", ""W/R/T"", ""25.60"", ""12.85"", ""Michael Pittman Jr."", """"]",6,9,148.6,69.1
2021,8,1,7,left,Week 8 Recap (Lost),Big Sack Jack,2021-W08-M06,Younghoe Koo,K,K,True,False,False,8.16,10.0,,Younghoe Koo,K,"["""", ""Younghoe Koo"", ""8.16"", ""10.00"", ""K"", ""K"", ""K"", ""6.00"", ""8.33"", ""Brandon McManus"", """"]",6,9,69.1,148.6
2021,8,1,7,right,Big Sack Jack,Week 8 Recap (Lost),2021-W08-M06,Brandon McManus,K,K,True,False,False,8.33,6.0,,Brandon McManus,K,"["""", ""Younghoe Koo"", ""8.16"", ""10.00"", ""K"", ""K"", ""K"", ""6.00"", ""8.33"", ""Brandon McManus"", """"]",6,9,148.6,69.1
2021,8,1,8,left,Week 8 Recap (Lost),Big Sack Jack,2021-W08-M06,Cardinals - DEF,DEF,DEF,True,False,False,6.43,1.0,,Cardinals - DEF,DEF,"["""", ""Cardinals - DEF"", ""6.43"", ""1.00"", ""DEF"", ""DEF"", ""DEF"", ""11.00"", ""5.67"", ""Panthers - DEF"", """"]",6,9,69.1,148.6
2021,8,1,8,right,Big Sack Jack,Week 8 Recap (Lost),2021-W08-M06,Panthers - DEF,DEF,DEF,True,False,False,5.67,11.0,,Panthers - DEF,DEF,"["""", ""Cardinals - DEF"", ""6.43"", ""1.00"", ""DEF"", ""DEF"", ""DEF"", ""11.00"", ""5.67"", ""Panthers - DEF"", """"]",6,9,148.6,69.1
2021,8,2,0,left,Week 8 Recap (Lost),Big Sack Jack,2021-W08-M06,Corey Davis,,BN,False,True,False,0.0,0.0,,Corey Davis,BN,"["""", ""Corey Davis"", ""0.00"", ""0.00"", ""BN"", ""BN"", ""BN"", ""0.00"", ""0.00"", ""Darren Waller "", """"]",6,9,69.1,148.6
2021,8,2,0,right,Big Sack Jack,Week 8 Recap (Lost),2021-W08-M06,Darren Waller,,BN,False,True,False,0.0,0.0,,Darren Waller ,BN,"["""", ""Corey Davis"", ""0.00"", ""0.00"", ""BN"", ""BN"", ""BN"", ""0.00"", ""0.00"", ""Darren Waller "", """"]",6,9,148.6,69.1
2021,8,2,1,left,Week 8 Recap (Lost),Big Sack Jack,2021-W08-M06,Kenny Gainwell,,BN,False,True,False,11.31,2.7,,Kenny Gainwell,BN,"["""", ""Kenny Gainwell"", ""11.31"", ""2.70"", ""BN"", ""BN"", ""BN"", ""7.80"", ""5.53"", ""AJ Dillon"", """"]",6,9,69.1,148.6
2021,8,2,1,right,Big Sack Jack,Week 8 Recap (Lost),2021-W08-M06,AJ Dillon,,BN,False,True,False,5.53,7.8,,AJ Dillon,BN,"["""", ""Kenny Gainwell"", ""11.31"", ""2.70"", ""BN"", ""BN"", ""BN"", ""7.80"", ""5.53"", ""AJ Dillon"", """"]",6,9,148.6,69.1
2021,8,2,2,left,Week 8 Recap (Lost),Big Sack Jack,2021-W08-M06,Dallas Goedert,,BN,False,True,False,9.2,10.2,,Dallas Goedert,BN,"["""", ""Dallas Goedert"", ""9.20"", ""10.20"", ""BN"", ""BN"", ""BN"", ""4.40"", ""7.53"", ""Nyheim Miller-Hines"", """"]",6,9,69.1,148.6
2021,8,2,2,right,Big Sack Jack,Week 8 Recap (Lost),2021-W08-M06,Nyheim Miller-Hines,,BN,False,True,False,7.53,4.4,,Nyheim Miller-Hines,BN,"["""", ""Dallas Goedert"", ""9.20"", ""10.20"", ""BN"", ""BN"", ""BN"", ""4.40"", ""7.53"", ""Nyheim Miller-Hines"", """"]",6,9,148.6,69.1
2021,8,2,3,left,Week 8 Recap (Lost),Big Sack Jack,2021-W08-M06,Josh Jacobs,,BN,False,True,False,0.0,0.0,,Josh Jacobs,BN,"["""", ""Josh Jacobs"", ""0.00"", ""0.00"", ""BN"", ""BN"", ""BN"", ""8.10"", ""11.76"", ""Chase Claypool"", """"]",6,9,69.1,148.6
2021,8,2,3,right,Big Sack Jack,Week 8 Recap (Lost),2021-W08-M06,Chase Claypool,,BN,False,True,False,11.76,8.1,,Chase Claypool,BN,"["""", ""Josh Jacobs"", ""0.00"", ""0.00"", ""BN"", ""BN"", ""BN"", ""8.10"", ""11.76"", ""Chase Claypool"", """"]",6,9,148.6,69.1
2021,8,2,4,left,Week 8 Recap (Lost),Big Sack Jack,2021-W08-M06,Mecole Hardman Jr.,,BN,False,True,False,7.56,8.8,,Mecole Hardman Jr.,BN,"["""", ""Mecole Hardman Jr."", ""7.56"", ""8.80"", ""BN"", ""BN"", ""BN"", ""16.00"", ""9.89"", ""Cole Beasley"", """"]",6,9,69.1,148.6
2021,8,2,4,right,Big Sack Jack,Week 8 Recap (Lost),2021-W08-M06,Cole Beasley,,BN,False,True,False,9.89,16.0,,Cole Beasley,BN,"["""", ""Mecole Hardman Jr."", ""7.56"", ""8.80"", ""BN"", ""BN"", ""BN"", ""16.00"", ""9.89"", ""Cole Beasley"", """"]",6,9,148.6,69.1
2021,8,2,5,left,Week 8 Recap (Lost),Big Sack Jack,2021-W08-M06,Cowboys - DEF,,BN,False,True,False,5.09,2.0,,Cowboys - DEF,BN,"["""", ""Cowboys - DEF"", ""5.09"", ""2.00"", ""BN"", ""BN"", ""BN"", ""27.26"", ""24.92"", ""Joe Burrow"", """"]",6,9,69.1,148.6
2021,8,2,5,right,Big Sack Jack,Week 8 Recap (Lost),2021-W08-M06,Joe Burrow,,BN,False,True,False,24.92,27.26,,Joe Burrow,BN,"["""", ""Cowboys - DEF"", ""5.09"", ""2.00"", ""BN"", ""BN"", ""BN"", ""27.26"", ""24.92"", ""Joe Burrow"", """"]",6,9,148.6,69.1
2021,8,2,6,left,Week 8 Recap (Lost),Big Sack Jack,2021-W08-M06,(Empty),,IR,False,False,True,0.0,,,(Empty),IR,"["""", ""(Empty)"", ""0.00"", ""–"", ""IR"", ""IR"", ""IR"", ""0.00"", ""0.00"", ""Robbie Gould"", """"]",6,9,69.1,148.6
2021,8,2,6,right,Big Sack Jack,Week 8 Recap (Lost),2021-W08-M06,Robbie Gould,,IR,False,False,True,0.0,0.0,,Robbie Gould,IR,"["""", ""(Empty)"", ""0.00"", ""–"", ""IR"", ""IR"", ""IR"", ""0.00"", ""0.00"", ""Robbie Gould"", """"]",6,9,148.6,69.1
2021,9,1,0,left,malle_dips_pouches,The Big Gronkowski,2021-W09-M01,Matthew Stafford,QB,QB,True,False,False,27.65,17.06,,Matthew Stafford,QB,"["""", ""Matthew Stafford"", ""27.65"", ""17.06"", ""QB"", ""QB"", ""QB"", ""17.02"", ""23.28"", ""Ryan Tannehill"", """"]",1,1,111.76,100.82
2021,9,1,0,right,The Big Gronkowski,malle_dips_pouches,2021-W09-M01,Ryan Tannehill,QB,QB,True,False,False,23.28,17.02,,Ryan Tannehill,QB,"["""", ""Matthew Stafford"", ""27.65"", ""17.06"", ""QB"", ""QB"", ""QB"", ""17.02"", ""23.28"", ""Ryan Tannehill"", """"]",1,1,100.82,111.76
2021,9,1,1,left,malle_dips_pouches,The Big Gronkowski,2021-W09-M01,Cooper Kupp,WR,WR,True,False,False,20.09,15.0,,Cooper Kupp,WR,"["""", ""Cooper Kupp"", ""20.09"", ""15.00"", ""WR"", ""WR"", ""WR"", ""6.70"", ""13.46"", ""A.J. Brown"", """"]",1,1,111.76,100.82
2021,9,1,1,right,The Big Gronkowski,malle_dips_pouches,2021-W09-M01,A.J. Brown,WR,WR,True,False,False,13.46,6.7,,A.J. Brown,WR,"["""", ""Cooper Kupp"", ""20.09"", ""15.00"", ""WR"", ""WR"", ""WR"", ""6.70"", ""13.46"", ""A.J. Brown"", """"]",1,1,100.82,111.76
2021,9,1,2,left,malle_dips_pouches,The Big Gronkowski,2021-W09-M01,Chase Claypool,WR,WR,True,False,False,12.05,5.8,,Chase Claypool,WR,"["""", ""Chase Claypool"", ""12.05"", ""5.80"", ""WR"", ""WR"", ""WR"", ""6.80"", ""15.31"", ""Mike Williams"", """"]",1,1,111.76,100.82
2021,9,1,2,right,The Big Gronkowski,malle_dips_pouches,2021-W09-M01,Mike Williams,WR,WR,True,False,False,15.31,6.8,,Mike Williams,WR,"["""", ""Chase Claypool"", ""12.05"", ""5.80"", ""WR"", ""WR"", ""WR"", ""6.80"", ""15.31"", ""Mike Williams"", """"]",1,1,100.82,111.76
2021,9,1,3,left,malle_dips_pouches,The Big Gronkowski,2021-W09-M01,Najee Harris,RB,RB,True,False,False,17.55,15.3,,Najee Harris,RB,"["""", ""Najee Harris"", ""17.55"", ""15.30"", ""RB"", ""RB"", ""RB"", ""5.30"", ""18.66"", ""Aaron Jones Sr."", """"]",1,1,111.76,100.82
2021,9,1,3,right,The Big Gronkowski,malle_dips_pouches,2021-W09-M01,Aaron Jones Sr.,RB,RB,True,False,False,18.66,5.3,,Aaron Jones Sr.,RB,"["""", ""Najee Harris"", ""17.55"", ""15.30"", ""RB"", ""RB"", ""RB"", ""5.30"", ""18.66"", ""Aaron Jones Sr."", """"]",1,1,100.82,111.76
2021,9,1,4,left,malle_dips_pouches,The Big Gronkowski,2021-W09-M01,AJ Dillon,RB,RB,True,False,False,7.73,11.0,,AJ Dillon,RB,"["""", ""AJ Dillon"", ""7.73"", ""11.00"", ""RB"", ""RB"", ""RB"", ""37.80"", ""8.06"", ""James Conner"", """"]",1,1,111.76,100.82
2021,9,1,4,right,The Big Gronkowski,malle_dips_pouches,2021-W09-M01,James Conner,RB,RB,True,False,False,8.06,37.8,,James Conner,RB,"["""", ""AJ Dillon"", ""7.73"", ""11.00"", ""RB"", ""RB"", ""RB"", ""37.80"", ""8.06"", ""James Conner"", """"]",1,1,100.82,111.76
2021,9,1,5,left,malle_dips_pouches,The Big Gronkowski,2021-W09-M01,Darren Waller,TE,TE,True,False,False,13.34,12.7,,Darren Waller ,TE,"["""", ""Darren Waller "", ""13.34"", ""12.70"", ""TE"", ""TE"", ""TE"", ""3.30"", ""5.65"", ""Mo Alie-Cox"", """"]",1,1,111.76,100.82
2021,9,1,5,right,The Big Gronkowski,malle_dips_pouches,2021-W09-M01,Mo Alie-Cox,TE,TE,True,False,False,5.65,3.3,,Mo Alie-Cox,TE,"["""", ""Darren Waller "", ""13.34"", ""12.70"", ""TE"", ""TE"", ""TE"", ""3.30"", ""5.65"", ""Mo Alie-Cox"", """"]",1,1,100.82,111.76
2021,9,1,6,left,malle_dips_pouches,The Big Gronkowski,2021-W09-M01,Michael Pittman Jr.,,W/R/T,True,False,False,13.78,14.9,,Michael Pittman Jr.,W/R/T,"["""", ""Michael Pittman Jr."", ""13.78"", ""14.90"", ""W/R/T"", ""W/R/T"", ""W/R/T"", ""9.90"", ""11.16"", ""Jerry Jeudy "", """"]",1,1,111.76,100.82
2021,9,1,6,right,The Big Gronkowski,malle_dips_pouches,2021-W09-M01,Jerry Jeudy,,W/R/T,True,False,False,11.16,9.9,,Jerry Jeudy ,W/R/T,"["""", ""Michael Pittman Jr."", ""13.78"", ""14.90"", ""W/R/T"", ""W/R/T"", ""W/R/T"", ""9.90"", ""11.16"", ""Jerry Jeudy "", """"]",1,1,100.82,111.76
2021,9,1,7,left,malle_dips_pouches,The Big Gronkowski,2021-W09-M01,Brandon McManus,K,K,True,False,False,8.15,13.0,,Brandon McManus,K,"["""", ""Brandon McManus"", ""8.15"", ""13.00"", ""K"", ""K"", ""K"", ""6.00"", ""8.76"", ""Jason Sanders"", """"]",1,1,111.76,100.82
2021,9,1,7,right,The Big Gronkowski,malle_dips_pouches,2021-W09-M01,Jason Sanders,K,K,True,False,False,8.76,6.0,,Jason Sanders,K,"["""", ""Brandon McManus"", ""8.15"", ""13.00"", ""K"", ""K"", ""K"", ""6.00"", ""8.76"", ""Jason Sanders"", """"]",1,1,100.82,111.76
2021,9,1,8,left,malle_dips_pouches,The Big Gronkowski,2021-W09-M01,Panthers - DEF,DEF,DEF,True,False,False,5.91,7.0,,Panthers - DEF,DEF,"["""", ""Panthers - DEF"", ""5.91"", ""7.00"", ""DEF"", ""DEF"", ""DEF"", ""8.00"", ""8.96"", ""Bills - DEF"", """"]",1,1,111.76,100.82
2021,9,1,8,right,The Big Gronkowski,malle_dips_pouches,2021-W09-M01,Bills - DEF,DEF,DEF,True,False,False,8.96,8.0,,Bills - DEF,DEF,"["""", ""Panthers - DEF"", ""5.91"", ""7.00"", ""DEF"", ""DEF"", ""DEF"", ""8.00"", ""8.96"", ""Bills - DEF"", """"]",1,1,100.82,111.76
2021,9,2,0,left,malle_dips_pouches,The Big Gronkowski,2021-W09-M01,Nyheim Miller-Hines,,BN,False,True,False,9.13,18.8,,Nyheim Miller-Hines,BN,"["""", ""Nyheim Miller-Hines"", ""9.13"", ""18.80"", ""BN"", ""BN"", ""BN"", ""0.00"", ""0.00"", ""D'Andre Swift"", """"]",1,1,111.76,100.82
2021,9,2,0,right,The Big Gronkowski,malle_dips_pouches,2021-W09-M01,D'Andre Swift,,BN,False,True,False,0.0,0.0,,D'Andre Swift,BN,"["""", ""Nyheim Miller-Hines"", ""9.13"", ""18.80"", ""BN"", ""BN"", ""BN"", ""0.00"", ""0.00"", ""D'Andre Swift"", """"]",1,1,100.82,111.76
2021,9,2,1,left,malle_dips_pouches,The Big Gronkowski,2021-W09-M01,Tyler Conklin,,BN,False,True,False,6.22,7.0,,Tyler Conklin,BN,"["""", ""Tyler Conklin"", ""6.22"", ""7.00"", ""BN"", ""BN"", ""BN"", ""3.60"", ""10.88"", ""Marvin Jones Jr."", """"]",1,1,111.76,100.82
2021,9,2,1,right,The Big Gronkowski,malle_dips_pouches,2021-W09-M01,Marvin Jones Jr.,,BN,False,True,False,10.88,3.6,,Marvin Jones Jr.,BN,"["""", ""Tyler Conklin"", ""6.22"", ""7.00"", ""BN"", ""BN"", ""BN"", ""3.60"", ""10.88"", ""Marvin Jones Jr."", """"]",1,1,100.82,111.76
2021,9,2,2,left,malle_dips_pouches,The Big Gronkowski,2021-W09-M01,Antonio Gibson,,BN,False,True,False,0.0,0.0,,Antonio Gibson,BN,"["""", ""Antonio Gibson"", ""0.00"", ""0.00"", ""BN"", ""BN"", ""BN"", ""1.60"", ""8.69"", ""Tyler Boyd"", """"]",1,1,111.76,100.82
2021,9,2,2,right,The Big Gronkowski,malle_dips_pouches,2021-W09-M01,Tyler Boyd,,BN,False,True,False,8.69,1.6,,Tyler Boyd,BN,"["""", ""Antonio Gibson"", ""0.00"", ""0.00"", ""BN"", ""BN"", ""BN"", ""1.60"", ""8.69"", ""Tyler Boyd"", """"]",1,1,100.82,111.76
2021,9,2,3,left,malle_dips_pouches,The Big Gronkowski,2021-W09-M01,Tyler Lockett,,BN,False,True,False,0.0,0.0,,Tyler Lockett,BN,"["""", ""Tyler Lockett"", ""0.00"", ""0.00"", ""BN"", ""BN"", ""BN"", ""0.00"", ""0.00"", ""Logan Thomas"", """"]",1,1,111.76,100.82
2021,9,2,3,right,The Big Gronkowski,malle_dips_pouches,2021-W09-M01,Logan Thomas,,BN,False,True,False,0.0,0.0,,Logan Thomas,BN,"["""", ""Tyler Lockett"", ""0.00"", ""0.00"", ""BN"", ""BN"", ""BN"", ""0.00"", ""0.00"", ""Logan Thomas"", """"]",1,1,100.82,111.76
2021,9,2,4,left,malle_dips_pouches,The Big Gronkowski,2021-W09-M01,Cole Beasley,,BN,False,True,False,11.52,7.3,,Cole Beasley,BN,"["""", ""Cole Beasley"", ""11.52"", ""7.30"", ""BN"", ""BN"", ""BN"", ""2.40"", ""9.09"", ""Derrick Gore"", """"]",1,1,111.76,100.82
2021,9,2,4,right,The Big Gronkowski,malle_dips_pouches,2021-W09-M01,Derrick Gore,,BN,False,True,False,9.09,2.4,,Derrick Gore,BN,"["""", ""Cole Beasley"", ""11.52"", ""7.30"", ""BN"", ""BN"", ""BN"", ""2.40"", ""9.09"", ""Derrick Gore"", """"]",1,1,100.82,111.76
2021,9,2,5,left,malle_dips_pouches,The Big Gronkowski,2021-W09-M01,Joe Burrow,,BN,False,True,False,23.94,9.38,,Joe Burrow,BN,"["""", ""Joe Burrow"", ""23.94"", ""9.38"", ""BN"", ""BN"", ""BN"", ""15.30"", ""6.78"", ""Devonta Freeman"", """"]",1,1,111.76,100.82
2021,9,2,5,right,The Big Gronkowski,malle_dips_pouches,2021-W09-M01,Devonta Freeman,,BN,False,True,False,6.78,15.3,,Devonta Freeman,BN,"["""", ""Joe Burrow"", ""23.94"", ""9.38"", ""BN"", ""BN"", ""BN"", ""15.30"", ""6.78"", ""Devonta Freeman"", """"]",1,1,100.82,111.76
2021,9,2,6,left,malle_dips_pouches,The Big Gronkowski,2021-W09-M01,Robbie Gould,,IR,False,False,True,8.35,5.0,,Robbie Gould,IR,"["""", ""Robbie Gould"", ""8.35"", ""5.00"", ""IR"", ""IR"", ""IR"", ""0.00"", ""0.00"", ""Kareem Hunt"", """"]",1,1,111.76,100.82
2021,9,2,6,right,The Big Gronkowski,malle_dips_pouches,2021-W09-M01,Kareem Hunt,,IR,False,False,True,0.0,0.0,,Kareem Hunt,IR,"["""", ""Robbie Gould"", ""8.35"", ""5.00"", ""IR"", ""IR"", ""IR"", ""0.00"", ""0.00"", ""Kareem Hunt"", """"]",1,1,100.82,111.76
2021,9,1,0,left,Week 9 Recap (Won),Malle ❤️ 🐸,2021-W09-M02,Jalen Hurts,QB,QB,True,False,False,24.24,18.68,,Jalen Hurts,QB,"["""", ""Jalen Hurts"", ""24.24"", ""18.68"", ""QB"", ""QB"", ""QB"", ""12.44"", ""28.84"", ""Patrick Mahomes "", """"]",2,2,82.98,75.24
2021,9,1,0,right,Malle ❤️ 🐸,Week 9 Recap (Won),2021-W09-M02,Patrick Mahomes,QB,QB,True,False,False,28.84,12.44,,Patrick Mahomes ,QB,"["""", ""Jalen Hurts"", ""24.24"", ""18.68"", ""QB"", ""QB"", ""QB"", ""12.44"", ""28.84"", ""Patrick Mahomes "", """"]",2,2,75.24,82.98
2021,9,1,1,left,Week 9 Recap (Won),Malle ❤️ 🐸,2021-W09-M02,Tyreek Hill,WR,WR,True,False,False,17.02,5.3,,Tyreek Hill,WR,"["""", ""Tyreek Hill"", ""17.02"", ""5.30"", ""WR"", ""WR"", ""WR"", ""6.10"", ""12.96"", ""DJ Moore"", """"]",2,2,82.98,75.24
2021,9,1,1,right,Malle ❤️ 🐸,Week 9 Recap (Won),2021-W09-M02,DJ Moore,WR,WR,True,False,False,12.96,6.1,,DJ Moore,WR,"["""", ""Tyreek Hill"", ""17.02"", ""5.30"", ""WR"", ""WR"", ""WR"", ""6.10"", ""12.96"", ""DJ Moore"", """"]",2,2,75.24,82.98
2021,9,1,2,left,Week 9 Recap (Won),Malle ❤️ 🐸,2021-W09-M02,Adam Thielen,WR,WR,True,False,False,12.89,7.6,,Adam Thielen,WR,"["""", ""Adam Thielen"", ""12.89"", ""7.60"", ""WR"", ""WR"", ""WR"", ""3.50"", ""9.25"", ""Mecole Hardman Jr."", """"]",2,2,82.98,75.24
2021,9,1,2,right,Malle ❤️ 🐸,Week 9 Recap (Won),2021-W09-M02,Mecole Hardman Jr.,WR,WR,True,False,False,9.25,3.5,,Mecole Hardman Jr.,WR,"["""", ""Adam Thielen"", ""12.89"", ""7.60"", ""WR"", ""WR"", ""WR"", ""3.50"", ""9.25"", ""Mecole Hardman Jr."", """"]",2,2,75.24,82.98
2021,9,1,3,left,Week 9 Recap (Won),Malle ❤️ 🐸,2021-W09-M02,Damien Harris,RB,RB,True,False,False,11.84,9.8,,Damien Harris ,RB,"["""", ""Damien Harris "", ""11.84"", ""9.80"", ""RB"", ""RB"", ""RB"", ""16.50"", ""10.00"", ""Melvin Gordon III"", """"]",2,2,82.98,75.24
2021,9,1,3,right,Malle ❤️ 🐸,Week 9 Recap (Won),2021-W09-M02,Melvin Gordon III,RB,RB,True,False,False,10.0,16.5,,Melvin Gordon III,RB,"["""", ""Damien Harris "", ""11.84"", ""9.80"", ""RB"", ""RB"", ""RB"", ""16.50"", ""10.00"", ""Melvin Gordon III"", """"]",2,2,75.24,82.98
2021,9,1,4,left,Week 9 Recap (Won),Malle ❤️ 🐸,2021-W09-M02,Mark Ingram II,RB,RB,True,False,False,6.04,8.9,,Mark Ingram II,RB,"["""", ""Mark Ingram II"", ""6.04"", ""8.90"", ""RB"", ""RB"", ""RB"", ""11.50"", ""12.93"", ""Josh Jacobs"", """"]",2,2,82.98,75.24
2021,9,1,4,right,Malle ❤️ 🐸,Week 9 Recap (Won),2021-W09-M02,Josh Jacobs,RB,RB,True,False,False,12.93,11.5,,Josh Jacobs,RB,"["""", ""Mark Ingram II"", ""6.04"", ""8.90"", ""RB"", ""RB"", ""RB"", ""11.50"", ""12.93"", ""Josh Jacobs"", """"]",2,2,75.24,82.98
2021,9,1,5,left,Week 9 Recap (Won),Malle ❤️ 🐸,2021-W09-M02,Jonnu Smith,TE,TE,True,False,False,5.86,1.3,,Jonnu Smith,TE,"["""", ""Jonnu Smith"", ""5.86"", ""1.30"", ""TE"", ""TE"", ""TE"", ""7.40"", ""8.83"", ""Dalton Schultz"", """"]",2,2,82.98,75.24
2021,9,1,5,right,Malle ❤️ 🐸,Week 9 Recap (Won),2021-W09-M02,Dalton Schultz,TE,TE,True,False,False,8.83,7.4,,Dalton Schultz,TE,"["""", ""Jonnu Smith"", ""5.86"", ""1.30"", ""TE"", ""TE"", ""TE"", ""7.40"", ""8.83"", ""Dalton Schultz"", """"]",2,2,75.24,82.98
2021,9,1,6,left,Week 9 Recap (Won),Malle ❤️ 🐸,2021-W09-M02,Keenan Allen,,W/R/T,True,False,False,13.67,16.4,,Keenan Allen,W/R/T,"["""", ""Keenan Allen"", ""13.67"", ""16.40"", ""W/R/T"", ""W/R/T"", ""W/R/T"", ""5.80"", ""9.04"", ""Dallas Goedert"", """"]",2,2,82.98,75.24
2021,9,1,6,right,Malle ❤️ 🐸,Week 9 Recap (Won),2021-W09-M02,Dallas Goedert,,W/R/T,True,False,False,9.04,5.8,,Dallas Goedert,W/R/T,"["""", ""Keenan Allen"", ""13.67"", ""16.40"", ""W/R/T"", ""W/R/T"", ""W/R/T"", ""5.80"", ""9.04"", ""Dallas Goedert"", """"]",2,2,75.24,82.98
2021,9,1,7,left,Week 9 Recap (Won),Malle ❤️ 🐸,2021-W09-M02,Justin Tucker,K,K,True,False,False,10.52,10.0,,Justin Tucker,K,"["""", ""Justin Tucker"", ""10.52"", ""10.00"", ""K"", ""K"", ""K"", ""9.00"", ""6.68"", ""Younghoe Koo"", """"]",2,2,82.98,75.24
2021,9,1,7,right,Malle ❤️ 🐸,Week 9 Recap (Won),2021-W09-M02,Younghoe Koo,K,K,True,False,False,6.68,9.0,,Younghoe Koo,K,"["""", ""Justin Tucker"", ""10.52"", ""10.00"", ""K"", ""K"", ""K"", ""9.00"", ""6.68"", ""Younghoe Koo"", """"]",2,2,75.24,82.98
2021,9,1,8,left,Week 9 Recap (Won),Malle ❤️ 🐸,2021-W09-M02,Rams - DEF,DEF,DEF,True,False,False,8.12,5.0,,Rams - DEF,DEF,"["""", ""Rams - DEF"", ""8.12"", ""5.00"", ""DEF"", ""DEF"", ""DEF"", ""3.00"", ""8.74"", ""Cowboys - DEF"", """"]",2,2,82.98,75.24
2021,9,1,8,right,Malle ❤️ 🐸,Week 9 Recap (Won),2021-W09-M02,Cowboys - DEF,DEF,DEF,True,False,False,8.74,3.0,,Cowboys - DEF,DEF,"["""", ""Rams - DEF"", ""8.12"", ""5.00"", ""DEF"", ""DEF"", ""DEF"", ""3.00"", ""8.74"", ""Cowboys - DEF"", """"]",2,2,75.24,82.98
2021,9,2,0,left,Week 9 Recap (Won),Malle ❤️ 🐸,2021-W09-M02,T.J. Hockenson,,BN,False,True,False,0.0,0.0,,T.J. Hockenson,BN,"["""", ""T.J. Hockenson"", ""0.00"", ""0.00"", ""BN"", ""BN"", ""BN"", ""10.00"", ""7.52"", ""Marquez Callaway"", """"]",2,2,82.98,75.24
2021,9,2,0,right,Malle ❤️ 🐸,Week 9 Recap (Won),2021-W09-M02,Marquez Callaway,,BN,False,True,False,7.52,10.0,,Marquez Callaway,BN,"["""", ""T.J. Hockenson"", ""0.00"", ""0.00"", ""BN"", ""BN"", ""BN"", ""10.00"", ""7.52"", ""Marquez Callaway"", """"]",2,2,75.24,82.98
2021,9,2,1,left,Week 9 Recap (Won),Malle ❤️ 🐸,2021-W09-M02,Mike Evans,,BN,False,True,False,0.0,0.0,,Mike Evans,BN,"["""", ""Mike Evans"", ""0.00"", ""0.00"", ""BN"", ""BN"", ""BN"", ""0.00"", ""0.00"", ""Sterling Shepard"", """"]",2,2,82.98,75.24
2021,9,2,1,right,Malle ❤️ 🐸,Week 9 Recap (Won),2021-W09-M02,Sterling Shepard,,BN,False,True,False,0.0,0.0,,Sterling Shepard,BN,"["""", ""Mike Evans"", ""0.00"", ""0.00"", ""BN"", ""BN"", ""BN"", ""0.00"", ""0.00"", ""Sterling Shepard"", """"]",2,2,75.24,82.98
2021,9,2,2,left,Week 9 Recap (Won),Malle ❤️ 🐸,2021-W09-M02,Tom Brady,,BN,False,True,False,0.0,,,Tom Brady,BN,"["""", ""Tom Brady"", ""0.00"", ""–"", ""BN"", ""BN"", ""BN"", ""0.00"", ""0.00"", ""James Robinson"", """"]",2,2,82.98,75.24
2021,9,2,2,right,Malle ❤️ 🐸,Week 9 Recap (Won),2021-W09-M02,James Robinson,,BN,False,True,False,0.0,0.0,,James Robinson,BN,"["""", ""Tom Brady"", ""0.00"", ""–"", ""BN"", ""BN"", ""BN"", ""0.00"", ""0.00"", ""James Robinson"", """"]",2,2,75.24,82.98
2021,9,2,3,left,Week 9 Recap (Won),Malle ❤️ 🐸,2021-W09-M02,Alexander Mattison,,BN,False,True,False,4.98,0.8,,Alexander Mattison,BN,"["""", ""Alexander Mattison"", ""4.98"", ""0.80"", ""BN"", ""BN"", ""BN"", ""0.00"", ""0.00"", ""Corey Davis"", """"]",2,2,82.98,75.24
2021,9,2,3,right,Malle ❤️ 🐸,Week 9 Recap (Won),2021-W09-M02,Corey Davis,,BN,False,True,False,0.0,0.0,,Corey Davis,BN,"["""", ""Alexander Mattison"", ""4.98"", ""0.80"", ""BN"", ""BN"", ""BN"", ""0.00"", ""0.00"", ""Corey Davis"", """"]",2,2,75.24,82.98
2021,9,2,4,left,Week 9 Recap (Won),Malle ❤️ 🐸,2021-W09-M02,Ryan Fitzpatrick,,BN,False,True,False,0.0,,,Ryan Fitzpatrick,BN,"["""", ""Ryan Fitzpatrick"", ""0.00"", ""–"", ""BN"", ""BN"", ""BN"", ""6.30"", ""7.79"", ""Kenny Gainwell"", """"]",2,2,82.98,75.24
2021,9,2,4,right,Malle ❤️ 🐸,Week 9 Recap (Won),2021-W09-M02,Kenny Gainwell,,BN,False,True,False,7.79,6.3,,Kenny Gainwell,BN,"["""", ""Ryan Fitzpatrick"", ""0.00"", ""–"", ""BN"", ""BN"", ""BN"", ""6.30"", ""7.79"", ""Kenny Gainwell"", """"]",2,2,75.24,82.98
2021,9,2,5,left,Week 9 Recap (Won),Malle ❤️ 🐸,2021-W09-M02,Greg Zuerlein,,BN,False,True,False,10.06,0.0,,Greg Zuerlein,BN,"["""", ""Greg Zuerlein"", ""10.06"", ""0.00"", ""BN"", ""BN"", ""BN"", ""12.00"", ""5.66"", ""Cardinals - DEF"", """"]",2,2,82.98,75.24
2021,9,2,5,right,Malle ❤️ 🐸,Week 9 Recap (Won),2021-W09-M02,Cardinals - DEF,,BN,False,True,False,5.66,12.0,,Cardinals - DEF,BN,"["""", ""Greg Zuerlein"", ""10.06"", ""0.00"", ""BN"", ""BN"", ""BN"", ""12.00"", ""5.66"", ""Cardinals - DEF"", """"]",2,2,75.24,82.98
2021,9,1,0,left,Voldemort,Ginger FC,2021-W09-M03,Dak Prescott,QB,QB,True,False,False,26.55,23.88,,Dak Prescott,QB,"["""", ""Dak Prescott"", ""26.55"", ""23.88"", ""QB"", ""QB"", ""QB"", ""10.10"", ""22.46"", ""Daniel Jones"", """"]",3,3,126.58,72.1
2021,9,1,0,right,Ginger FC,Voldemort,2021-W09-M03,Daniel Jones,QB,QB,True,False,False,22.46,10.1,,Daniel Jones,QB,"["""", ""Dak Prescott"", ""26.55"", ""23.88"", ""QB"", ""QB"", ""QB"", ""10.10"", ""22.46"", ""Daniel Jones"", """"]",3,3,72.1,126.58
2021,9,1,1,left,Voldemort,Ginger FC,2021-W09-M03,Justin Jefferson,WR,WR,True,False,False,13.77,15.5,,Justin Jefferson ,WR,"["""", ""Justin Jefferson "", ""13.77"", ""15.50"", ""WR"", ""WR"", ""WR"", ""4.70"", ""12.48"", ""Amari Cooper"", """"]",3,3,126.58,72.1
2021,9,1,1,right,Ginger FC,Voldemort,2021-W09-M03,Amari Cooper,WR,WR,True,False,False,12.48,4.7,,Amari Cooper,WR,"["""", ""Justin Jefferson "", ""13.77"", ""15.50"", ""WR"", ""WR"", ""WR"", ""4.70"", ""12.48"", ""Amari Cooper"", """"]",3,3,72.1,126.58
2021,9,1,2,left,Voldemort,Ginger FC,2021-W09-M03,Deebo Samuel Sr.,WR,WR,True,False,False,15.27,8.8,,Deebo Samuel Sr.,WR,"["""", ""Deebo Samuel Sr."", ""15.27"", ""8.80"", ""WR"", ""WR"", ""WR"", ""8.20"", ""8.59"", ""Deonte Harty"", """"]",3,3,126.58,72.1
2021,9,1,2,right,Ginger FC,Voldemort,2021-W09-M03,Deonte Harty,WR,WR,True,False,False,8.59,8.2,,Deonte Harty,WR,"["""", ""Deebo Samuel Sr."", ""15.27"", ""8.80"", ""WR"", ""WR"", ""WR"", ""8.20"", ""8.59"", ""Deonte Harty"", """"]",3,3,72.1,126.58
2021,9,1,3,left,Voldemort,Ginger FC,2021-W09-M03,Cordarrelle Patterson,RB,RB,True,False,False,11.18,16.6,,Cordarrelle Patterson,RB,"["""", ""Cordarrelle Patterson"", ""11.18"", ""16.60"", ""RB"", ""RB"", ""RB"", ""11.10"", ""15.88"", ""Ezekiel Elliott"", """"]",3,3,126.58,72.1
2021,9,1,3,right,Ginger FC,Voldemort,2021-W09-M03,Ezekiel Elliott,RB,RB,True,False,False,15.88,11.1,,Ezekiel Elliott,RB,"["""", ""Cordarrelle Patterson"", ""11.18"", ""16.60"", ""RB"", ""RB"", ""RB"", ""11.10"", ""15.88"", ""Ezekiel Elliott"", """"]",3,3,72.1,126.58
2021,9,1,4,left,Voldemort,Ginger FC,2021-W09-M03,Nick Chubb,RB,RB,True,False,False,13.8,29.3,,Nick Chubb,RB,"["""", ""Nick Chubb"", ""13.80"", ""29.30"", ""RB"", ""RB"", ""RB"", ""11.10"", ""8.97"", ""Javonte Williams"", """"]",3,3,126.58,72.1
2021,9,1,4,right,Ginger FC,Voldemort,2021-W09-M03,Javonte Williams,RB,RB,True,False,False,8.97,11.1,,Javonte Williams,RB,"["""", ""Nick Chubb"", ""13.80"", ""29.30"", ""RB"", ""RB"", ""RB"", ""11.10"", ""8.97"", ""Javonte Williams"", """"]",3,3,72.1,126.58
2021,9,1,5,left,Voldemort,Ginger FC,2021-W09-M03,Tyler Higbee,TE,TE,True,False,False,9.4,7.6,,Tyler Higbee,TE,"["""", ""Tyler Higbee"", ""9.40"", ""7.60"", ""TE"", ""TE"", ""TE"", ""4.20"", ""8.52"", ""Zach Ertz"", """"]",3,3,126.58,72.1
2021,9,1,5,right,Ginger FC,Voldemort,2021-W09-M03,Zach Ertz,TE,TE,True,False,False,8.52,4.2,,Zach Ertz,TE,"["""", ""Tyler Higbee"", ""9.40"", ""7.60"", ""TE"", ""TE"", ""TE"", ""4.20"", ""8.52"", ""Zach Ertz"", """"]",3,3,72.1,126.58
2021,9,1,6,left,Voldemort,Ginger FC,2021-W09-M03,Robert Woods,,W/R/T,True,False,False,12.77,13.9,,Robert Woods,W/R/T,"["""", ""Robert Woods"", ""12.77"", ""13.90"", ""W/R/T"", ""W/R/T"", ""W/R/T"", ""13.70"", ""11.38"", ""Devontae Booker"", """"]",3,3,126.58,72.1
2021,9,1,6,right,Ginger FC,Voldemort,2021-W09-M03,Devontae Booker,,W/R/T,True,False,False,11.38,13.7,,Devontae Booker,W/R/T,"["""", ""Robert Woods"", ""12.77"", ""13.90"", ""W/R/T"", ""W/R/T"", ""W/R/T"", ""13.70"", ""11.38"", ""Devontae Booker"", """"]",3,3,72.1,126.58
2021,9,1,7,left,Voldemort,Ginger FC,2021-W09-M03,Nick Folk,K,K,True,False,False,9.19,6.0,,Nick Folk,K,"["""", ""Nick Folk"", ""9.19"", ""6.00"", ""K"", ""K"", ""K"", ""7.00"", ""7.94"", ""Greg Joseph"", """"]",3,3,126.58,72.1
2021,9,1,7,right,Ginger FC,Voldemort,2021-W09-M03,Greg Joseph,K,K,True,False,False,7.94,7.0,,Greg Joseph,K,"["""", ""Nick Folk"", ""9.19"", ""6.00"", ""K"", ""K"", ""K"", ""7.00"", ""7.94"", ""Greg Joseph"", """"]",3,3,72.1,126.58
2021,9,1,8,left,Voldemort,Ginger FC,2021-W09-M03,Packers - DEF,DEF,DEF,True,False,False,4.27,5.0,,Packers - DEF,DEF,"["""", ""Packers - DEF"", ""4.27"", ""5.00"", ""DEF"", ""DEF"", ""DEF"", ""2.00"", ""8.22"", ""Saints - DEF"", """"]",3,3,126.58,72.1
2021,9,1,8,right,Ginger FC,Voldemort,2021-W09-M03,Saints - DEF,DEF,DEF,True,False,False,8.22,2.0,,Saints - DEF,DEF,"["""", ""Packers - DEF"", ""4.27"", ""5.00"", ""DEF"", ""DEF"", ""DEF"", ""2.00"", ""8.22"", ""Saints - DEF"", """"]",3,3,72.1,126.58
2021,9,2,0,left,Voldemort,Ginger FC,2021-W09-M03,Chase Edmonds,,BN,False,True,False,10.67,0.3,,Chase Edmonds,BN,"["""", ""Chase Edmonds"", ""10.67"", ""0.30"", ""BN"", ""BN"", ""BN"", ""0.00"", ""0.00"", ""DeAndre Hopkins"", """"]",3,3,126.58,72.1
2021,9,2,0,right,Ginger FC,Voldemort,2021-W09-M03,DeAndre Hopkins,,BN,False,True,False,0.0,0.0,,DeAndre Hopkins,BN,"["""", ""Chase Edmonds"", ""10.67"", ""0.30"", ""BN"", ""BN"", ""BN"", ""0.00"", ""0.00"", ""DeAndre Hopkins"", """"]",3,3,72.1,126.58
2021,9,2,1,left,Voldemort,Ginger FC,2021-W09-M03,Emmanuel Sanders,,BN,False,True,False,10.91,8.5,,Emmanuel Sanders,BN,"["""", ""Emmanuel Sanders"", ""10.91"", ""8.50"", ""BN"", ""BN"", ""BN"", ""9.40"", ""8.10"", ""Devin Singletary"", """"]",3,3,126.58,72.1
2021,9,2,1,right,Ginger FC,Voldemort,2021-W09-M03,Devin Singletary,,BN,False,True,False,8.1,9.4,,Devin Singletary,BN,"["""", ""Emmanuel Sanders"", ""10.91"", ""8.50"", ""BN"", ""BN"", ""BN"", ""9.40"", ""8.10"", ""Devin Singletary"", """"]",3,3,72.1,126.58
2021,9,2,2,left,Voldemort,Ginger FC,2021-W09-M03,Christian Kirk,,BN,False,True,False,9.58,13.42,,Christian Kirk,BN,"["""", ""Christian Kirk"", ""9.58"", ""13.42"", ""BN"", ""BN"", ""BN"", ""0.00"", ""0.00"", ""Aaron Rodgers"", """"]",3,3,126.58,72.1
2021,9,2,2,right,Ginger FC,Voldemort,2021-W09-M03,Aaron Rodgers,,BN,False,True,False,0.0,0.0,,Aaron Rodgers,BN,"["""", ""Christian Kirk"", ""9.58"", ""13.42"", ""BN"", ""BN"", ""BN"", ""0.00"", ""0.00"", ""Aaron Rodgers"", """"]",3,3,72.1,126.58
2021,9,2,3,left,Voldemort,Ginger FC,2021-W09-M03,David Montgomery,,BN,False,True,False,11.46,9.0,,David Montgomery,BN,"["""", ""David Montgomery"", ""11.46"", ""9.00"", ""BN"", ""BN"", ""BN"", ""0.00"", ""0.00"", ""Leonard Fournette"", """"]",3,3,126.58,72.1
2021,9,2,3,right,Ginger FC,Voldemort,2021-W09-M03,Leonard Fournette,,BN,False,True,False,0.0,0.0,,Leonard Fournette,BN,"["""", ""David Montgomery"", ""11.46"", ""9.00"", ""BN"", ""BN"", ""BN"", ""0.00"", ""0.00"", ""Leonard Fournette"", """"]",3,3,72.1,126.58
2021,9,2,4,left,Voldemort,Ginger FC,2021-W09-M03,Carlos Hyde,,BN,False,True,False,8.93,5.8,,Carlos Hyde,BN,"["""", ""Carlos Hyde"", ""8.93"", ""5.80"", ""BN"", ""BN"", ""BN"", ""0.00"", ""0.00"", ""DK Metcalf "", """"]",3,3,126.58,72.1
2021,9,2,4,right,Ginger FC,Voldemort,2021-W09-M03,DK Metcalf,,BN,False,True,False,0.0,0.0,,DK Metcalf ,BN,"["""", ""Carlos Hyde"", ""8.93"", ""5.80"", ""BN"", ""BN"", ""BN"", ""0.00"", ""0.00"", ""DK Metcalf "", """"]",3,3,72.1,126.58
2021,9,2,5,left,Voldemort,Ginger FC,2021-W09-M03,Buccaneers - DEF,,BN,False,True,False,0.0,,,Buccaneers - DEF,BN,"["""", ""Buccaneers - DEF"", ""0.00"", ""–"", ""BN"", ""BN"", ""BN"", ""–"", ""0.00"", ""Rob Gronkowski"", """"]",3,3,126.58,72.1
2021,9,2,5,right,Ginger FC,Voldemort,2021-W09-M03,Rob Gronkowski,,BN,False,True,False,0.0,,,Rob Gronkowski,BN,"["""", ""Buccaneers - DEF"", ""0.00"", ""–"", ""BN"", ""BN"", ""BN"", ""–"", ""0.00"", ""Rob Gronkowski"", """"]",3,3,72.1,126.58
2021,9,2,6,left,Voldemort,Ginger FC,2021-W09-M03,Calvin Ridley,,IR,False,False,True,0.0,0.0,,Calvin Ridley,IR,"["""", ""Calvin Ridley"", ""0.00"", ""0.00"", ""IR"", ""IR"", ""IR"", ""–"", ""0.00"", ""(Empty)"", """"]",3,3,126.58,72.1
2021,9,2,6,right,Ginger FC,Voldemort,2021-W09-M03,(Empty),,IR,False,False,True,0.0,,,(Empty),IR,"["""", ""Calvin Ridley"", ""0.00"", ""0.00"", ""IR"", ""IR"", ""IR"", ""–"", ""0.00"", ""(Empty)"", """"]",3,3,72.1,126.58
2021,9,1,0,left,Joe Mantegna,Post Mahomes,2021-W09-M04,Justin Herbert,QB,QB,True,False,False,27.12,35.64,,Justin Herbert,QB,"["""", ""Justin Herbert"", ""27.12"", ""35.64"", ""QB"", ""QB"", ""QB"", ""14.90"", ""21.13"", ""Jordan Love"", """"]",4,4,126.14,94.0
2021,9,1,0,right,Post Mahomes,Joe Mantegna,2021-W09-M04,Jordan Love,QB,QB,True,False,False,21.13,14.9,,Jordan Love,QB,"["""", ""Justin Herbert"", ""27.12"", ""35.64"", ""QB"", ""QB"", ""QB"", ""14.90"", ""21.13"", ""Jordan Love"", """"]",4,4,94.0,126.14
2021,9,1,1,left,Joe Mantegna,Post Mahomes,2021-W09-M04,Diontae Johnson,WR,WR,True,False,False,14.24,9.2,,Diontae Johnson,WR,"["""", ""Diontae Johnson"", ""14.24"", ""9.20"", ""WR"", ""WR"", ""WR"", ""8.60"", ""12.43"", ""Brandin Cooks"", """"]",4,4,126.14,94.0
2021,9,1,1,right,Post Mahomes,Joe Mantegna,2021-W09-M04,Brandin Cooks,WR,WR,True,False,False,12.43,8.6,,Brandin Cooks,WR,"["""", ""Diontae Johnson"", ""14.24"", ""9.20"", ""WR"", ""WR"", ""WR"", ""8.60"", ""12.43"", ""Brandin Cooks"", """"]",4,4,94.0,126.14
2021,9,1,2,left,Joe Mantegna,Post Mahomes,2021-W09-M04,Brandon Aiyuk,WR,WR,True,False,False,10.09,15.7,,Brandon Aiyuk,WR,"["""", ""Brandon Aiyuk"", ""10.09"", ""15.70"", ""WR"", ""WR"", ""WR"", ""3.30"", ""15.02"", ""CeeDee Lamb"", """"]",4,4,126.14,94.0
2021,9,1,2,right,Post Mahomes,Joe Mantegna,2021-W09-M04,CeeDee Lamb,WR,WR,True,False,False,15.02,3.3,,CeeDee Lamb,WR,"["""", ""Brandon Aiyuk"", ""10.09"", ""15.70"", ""WR"", ""WR"", ""WR"", ""3.30"", ""15.02"", ""CeeDee Lamb"", """"]",4,4,94.0,126.14
2021,9,1,3,left,Joe Mantegna,Post Mahomes,2021-W09-M04,Myles Gaskin,RB,RB,True,False,False,14.24,12.7,,Myles Gaskin,RB,"["""", ""Myles Gaskin"", ""14.24"", ""12.70"", ""RB"", ""RB"", ""RB"", ""33.00"", ""17.13"", ""Jonathan Taylor"", """"]",4,4,126.14,94.0
2021,9,1,3,right,Post Mahomes,Joe Mantegna,2021-W09-M04,Jonathan Taylor,RB,RB,True,False,False,17.13,33.0,,Jonathan Taylor,RB,"["""", ""Myles Gaskin"", ""14.24"", ""12.70"", ""RB"", ""RB"", ""RB"", ""33.00"", ""17.13"", ""Jonathan Taylor"", """"]",4,4,94.0,126.14
2021,9,1,4,left,Joe Mantegna,Post Mahomes,2021-W09-M04,Dalvin Cook,RB,RB,True,False,False,16.58,13.7,,Dalvin Cook,RB,"["""", ""Dalvin Cook"", ""16.58"", ""13.70"", ""RB"", ""RB"", ""RB"", ""9.10"", ""10.87"", ""Michael Carter"", """"]",4,4,126.14,94.0
2021,9,1,4,right,Post Mahomes,Joe Mantegna,2021-W09-M04,Michael Carter,RB,RB,True,False,False,10.87,9.1,,Michael Carter,RB,"["""", ""Dalvin Cook"", ""16.58"", ""13.70"", ""RB"", ""RB"", ""RB"", ""9.10"", ""10.87"", ""Michael Carter"", """"]",4,4,94.0,126.14
2021,9,1,5,left,Joe Mantegna,Post Mahomes,2021-W09-M04,Jared Cook,TE,TE,True,False,False,7.73,8.8,,Jared Cook,TE,"["""", ""Jared Cook"", ""7.73"", ""8.80"", ""TE"", ""TE"", ""TE"", ""7.70"", ""10.77"", ""Kyle Pitts Sr."", """"]",4,4,126.14,94.0
2021,9,1,5,right,Post Mahomes,Joe Mantegna,2021-W09-M04,Kyle Pitts Sr.,TE,TE,True,False,False,10.77,7.7,,Kyle Pitts Sr.,TE,"["""", ""Jared Cook"", ""7.73"", ""8.80"", ""TE"", ""TE"", ""TE"", ""7.70"", ""10.77"", ""Kyle Pitts Sr."", """"]",4,4,94.0,126.14
2021,9,1,6,left,Joe Mantegna,Post Mahomes,2021-W09-M04,Hunter Renfrow,,W/R/T,True,False,False,10.89,14.4,,Hunter Renfrow,W/R/T,"["""", ""Hunter Renfrow"", ""10.89"", ""14.40"", ""W/R/T"", ""W/R/T"", ""W/R/T"", ""3.40"", ""12.23"", ""Zack Moss"", """"]",4,4,126.14,94.0
2021,9,1,6,right,Post Mahomes,Joe Mantegna,2021-W09-M04,Zack Moss,,W/R/T,True,False,False,12.23,3.4,,Zack Moss,W/R/T,"["""", ""Hunter Renfrow"", ""10.89"", ""14.40"", ""W/R/T"", ""W/R/T"", ""W/R/T"", ""3.40"", ""12.23"", ""Zack Moss"", """"]",4,4,94.0,126.14
2021,9,1,7,left,Joe Mantegna,Post Mahomes,2021-W09-M04,Harrison Butker,K,K,True,False,False,9.48,9.0,,Harrison Butker,K,"["""", ""Harrison Butker"", ""9.48"", ""9.00"", ""K"", ""K"", ""K"", ""7.00"", ""8.64"", ""Matt Prater"", """"]",4,4,126.14,94.0
2021,9,1,7,right,Post Mahomes,Joe Mantegna,2021-W09-M04,Matt Prater,K,K,True,False,False,8.64,7.0,,Matt Prater,K,"["""", ""Harrison Butker"", ""9.48"", ""9.00"", ""K"", ""K"", ""K"", ""7.00"", ""8.64"", ""Matt Prater"", """"]",4,4,94.0,126.14
2021,9,1,8,left,Joe Mantegna,Post Mahomes,2021-W09-M04,Broncos - DEF,DEF,DEF,True,False,False,3.88,7.0,,Broncos - DEF,DEF,"["""", ""Broncos - DEF"", ""3.88"", ""7.00"", ""DEF"", ""DEF"", ""DEF"", ""7.00"", ""8.85"", ""Steelers - DEF"", """"]",4,4,126.14,94.0
2021,9,1,8,right,Post Mahomes,Joe Mantegna,2021-W09-M04,Steelers - DEF,DEF,DEF,True,False,False,8.85,7.0,,Steelers - DEF,DEF,"["""", ""Broncos - DEF"", ""3.88"", ""7.00"", ""DEF"", ""DEF"", ""DEF"", ""7.00"", ""8.85"", ""Steelers - DEF"", """"]",4,4,94.0,126.14
2021,9,2,0,left,Joe Mantegna,Post Mahomes,2021-W09-M04,A.J. Green,,BN,False,True,False,0.0,0.0,,A.J. Green,BN,"["""", ""A.J. Green"", ""0.00"", ""0.00"", ""BN"", ""BN"", ""BN"", ""0.00"", ""0.00"", ""Kyler Murray "", """"]",4,4,126.14,94.0
2021,9,2,0,right,Post Mahomes,Joe Mantegna,2021-W09-M04,Kyler Murray,,BN,False,True,False,0.0,0.0,,Kyler Murray ,BN,"["""", ""A.J. Green"", ""0.00"", ""0.00"", ""BN"", ""BN"", ""BN"", ""0.00"", ""0.00"", ""Kyler Murray "", """"]",4,4,94.0,126.14
2021,9,2,1,left,Joe Mantegna,Post Mahomes,2021-W09-M04,Terry McLaurin,,BN,False,True,False,0.0,,,Terry McLaurin,BN,"["""", ""Terry McLaurin"", ""0.00"", ""–"", ""BN"", ""BN"", ""BN"", ""9.20"", ""11.20"", ""Darrel Williams"", """"]",4,4,126.14,94.0
2021,9,2,1,right,Post Mahomes,Joe Mantegna,2021-W09-M04,Darrel Williams,,BN,False,True,False,11.2,9.2,,Darrel Williams,BN,"["""", ""Terry McLaurin"", ""0.00"", ""–"", ""BN"", ""BN"", ""BN"", ""9.20"", ""11.20"", ""Darrel Williams"", """"]",4,4,94.0,126.14
2021,9,2,2,left,Joe Mantegna,Post Mahomes,2021-W09-M04,Miles Sanders,,BN,False,True,False,0.0,0.0,,Miles Sanders ,BN,"["""", ""Miles Sanders "", ""0.00"", ""0.00"", ""BN"", ""BN"", ""BN"", ""0.00"", ""0.00"", ""Saquon Barkley"", """"]",4,4,126.14,94.0
2021,9,2,2,right,Post Mahomes,Joe Mantegna,2021-W09-M04,Saquon Barkley,,BN,False,True,False,0.0,0.0,,Saquon Barkley,BN,"["""", ""Miles Sanders "", ""0.00"", ""0.00"", ""BN"", ""BN"", ""BN"", ""0.00"", ""0.00"", ""Saquon Barkley"", """"]",4,4,94.0,126.14
2021,9,2,3,left,Joe Mantegna,Post Mahomes,2021-W09-M04,Kirk Cousins,,BN,False,True,False,23.29,25.58,,Kirk Cousins,BN,"["""", ""Kirk Cousins"", ""23.29"", ""25.58"", ""BN"", ""BN"", ""BN"", ""–"", ""0.00"", ""J.D. McKissic"", """"]",4,4,126.14,94.0
2021,9,2,3,right,Post Mahomes,Joe Mantegna,2021-W09-M04,J.D. McKissic,,BN,False,True,False,0.0,,,J.D. McKissic,BN,"["""", ""Kirk Cousins"", ""23.29"", ""25.58"", ""BN"", ""BN"", ""BN"", ""–"", ""0.00"", ""J.D. McKissic"", """"]",4,4,94.0,126.14
2021,9,2,4,left,Joe Mantegna,Post Mahomes,2021-W09-M04,Jarvis Landry,,BN,False,True,False,11.74,2.6,,Jarvis Landry,BN,"["""", ""Jarvis Landry"", ""11.74"", ""2.60"", ""BN"", ""BN"", ""BN"", ""3.80"", ""10.45"", ""Kenny Golladay"", """"]",4,4,126.14,94.0
2021,9,2,4,right,Post Mahomes,Joe Mantegna,2021-W09-M04,Kenny Golladay,,BN,False,True,False,10.45,3.8,,Kenny Golladay,BN,"["""", ""Jarvis Landry"", ""11.74"", ""2.60"", ""BN"", ""BN"", ""BN"", ""3.80"", ""10.45"", ""Kenny Golladay"", """"]",4,4,94.0,126.14
2021,9,2,5,left,Joe Mantegna,Post Mahomes,2021-W09-M04,Adrian Peterson,,BN,False,True,False,5.18,9.1,,Adrian Peterson,BN,"["""", ""Adrian Peterson"", ""5.18"", ""9.10"", ""BN"", ""BN"", ""BN"", ""4.80"", ""8.38"", ""Tony Pollard"", """"]",4,4,126.14,94.0
2021,9,2,5,right,Post Mahomes,Joe Mantegna,2021-W09-M04,Tony Pollard,,BN,False,True,False,8.38,4.8,,Tony Pollard,BN,"["""", ""Adrian Peterson"", ""5.18"", ""9.10"", ""BN"", ""BN"", ""BN"", ""4.80"", ""8.38"", ""Tony Pollard"", """"]",4,4,94.0,126.14
2021,9,2,6,left,Joe Mantegna,Post Mahomes,2021-W09-M04,George Kittle,,IR,False,False,True,8.79,17.1,,George Kittle,IR,"["""", ""George Kittle"", ""8.79"", ""17.10"", ""IR"", ""IR"", ""IR"", ""0.00"", ""0.00"", ""Odell Beckham Jr."", """"]",4,4,126.14,94.0
2021,9,2,6,right,Post Mahomes,Joe Mantegna,2021-W09-M04,Odell Beckham Jr.,,IR,False,False,True,0.0,0.0,,Odell Beckham Jr.,IR,"["""", ""George Kittle"", ""8.79"", ""17.10"", ""IR"", ""IR"", ""IR"", ""0.00"", ""0.00"", ""Odell Beckham Jr."", """"]",4,4,94.0,126.14
2021,9,1,0,left,ThreatLevelMidnight,Pop Lockett Drop it,2021-W09-M05,Teddy Bridgewater,QB,QB,True,False,False,21.48,23.86,,Teddy Bridgewater,QB,"["""", ""Teddy Bridgewater"", ""21.48"", ""23.86"", ""QB"", ""QB"", ""QB"", ""8.96"", ""21.13"", ""Mac Jones"", """"]",5,5,91.36,89.56
2021,9,1,0,right,Pop Lockett Drop it,ThreatLevelMidnight,2021-W09-M05,Mac Jones,QB,QB,True,False,False,21.13,8.96,,Mac Jones,QB,"["""", ""Teddy Bridgewater"", ""21.48"", ""23.86"", ""QB"", ""QB"", ""QB"", ""8.96"", ""21.13"", ""Mac Jones"", """"]",5,5,89.56,91.36
2021,9,1,1,left,ThreatLevelMidnight,Pop Lockett Drop it,2021-W09-M05,Davante Adams,WR,WR,True,False,False,16.31,7.2,,Davante Adams,WR,"["""", ""Davante Adams"", ""16.31"", ""7.20"", ""WR"", ""WR"", ""WR"", ""11.50"", ""16.64"", ""Stefon Diggs "", """"]",5,5,91.36,89.56
2021,9,1,1,right,Pop Lockett Drop it,ThreatLevelMidnight,2021-W09-M05,Stefon Diggs,WR,WR,True,False,False,16.64,11.5,,Stefon Diggs ,WR,"["""", ""Davante Adams"", ""16.31"", ""7.20"", ""WR"", ""WR"", ""WR"", ""11.50"", ""16.64"", ""Stefon Diggs "", """"]",5,5,89.56,91.36
2021,9,1,2,left,ThreatLevelMidnight,Pop Lockett Drop it,2021-W09-M05,Jaylen Waddle,WR,WR,True,False,False,12.8,12.3,,Jaylen Waddle,WR,"["""", ""Jaylen Waddle"", ""12.80"", ""12.30"", ""WR"", ""WR"", ""WR"", ""16.10"", ""12.18"", ""Hollywood Brown"", """"]",5,5,91.36,89.56
2021,9,1,2,right,Pop Lockett Drop it,ThreatLevelMidnight,2021-W09-M05,Hollywood Brown,WR,WR,True,False,False,12.18,16.1,,Hollywood Brown,WR,"["""", ""Jaylen Waddle"", ""12.80"", ""12.30"", ""WR"", ""WR"", ""WR"", ""16.10"", ""12.18"", ""Hollywood Brown"", """"]",5,5,89.56,91.36
2021,9,1,3,left,ThreatLevelMidnight,Pop Lockett Drop it,2021-W09-M05,Darrell Henderson Jr.,RB,RB,True,False,False,17.53,7.3,,Darrell Henderson Jr.,RB,"["""", ""Darrell Henderson Jr."", ""17.53"", ""7.30"", ""RB"", ""RB"", ""RB"", ""9.70"", ""19.12"", ""Austin Ekeler"", """"]",5,5,91.36,89.56
2021,9,1,3,right,Pop Lockett Drop it,ThreatLevelMidnight,2021-W09-M05,Austin Ekeler,RB,RB,True,False,False,19.12,9.7,,Austin Ekeler,RB,"["""", ""Darrell Henderson Jr."", ""17.53"", ""7.30"", ""RB"", ""RB"", ""RB"", ""9.70"", ""19.12"", ""Austin Ekeler"", """"]",5,5,89.56,91.36
2021,9,1,4,left,ThreatLevelMidnight,Pop Lockett Drop it,2021-W09-M05,Joe Mixon,RB,RB,True,False,False,15.37,25.5,,Joe Mixon,RB,"["""", ""Joe Mixon"", ""15.37"", ""25.50"", ""RB"", ""RB"", ""RB"", ""9.60"", ""6.63"", ""Sony Michel"", """"]",5,5,91.36,89.56
2021,9,1,4,right,Pop Lockett Drop it,ThreatLevelMidnight,2021-W09-M05,Sony Michel,RB,RB,True,False,False,6.63,9.6,,Sony Michel,RB,"["""", ""Joe Mixon"", ""15.37"", ""25.50"", ""RB"", ""RB"", ""RB"", ""9.60"", ""6.63"", ""Sony Michel"", """"]",5,5,89.56,91.36
2021,9,1,5,left,ThreatLevelMidnight,Pop Lockett Drop it,2021-W09-M05,Dan Arnold,TE,TE,True,False,False,6.96,8.0,,Dan Arnold,TE,"["""", ""Dan Arnold"", ""6.96"", ""8.00"", ""TE"", ""TE"", ""TE"", ""15.30"", ""15.71"", ""Travis Kelce"", """"]",5,5,91.36,89.56
2021,9,1,5,right,Pop Lockett Drop it,ThreatLevelMidnight,2021-W09-M05,Travis Kelce,TE,TE,True,False,False,15.71,15.3,,Travis Kelce,TE,"["""", ""Dan Arnold"", ""6.96"", ""8.00"", ""TE"", ""TE"", ""TE"", ""15.30"", ""15.71"", ""Travis Kelce"", """"]",5,5,89.56,91.36
2021,9,1,6,left,ThreatLevelMidnight,Pop Lockett Drop it,2021-W09-M05,Kadarius Toney,,W/R/T,True,False,False,11.82,1.2,,Kadarius Toney,W/R/T,"["""", ""Kadarius Toney"", ""11.82"", ""1.20"", ""W/R/T"", ""W/R/T"", ""W/R/T"", ""3.40"", ""11.59"", ""Courtland Sutton"", """"]",5,5,91.36,89.56
2021,9,1,6,right,Pop Lockett Drop it,ThreatLevelMidnight,2021-W09-M05,Courtland Sutton,,W/R/T,True,False,False,11.59,3.4,,Courtland Sutton,W/R/T,"["""", ""Kadarius Toney"", ""11.82"", ""1.20"", ""W/R/T"", ""W/R/T"", ""W/R/T"", ""3.40"", ""11.59"", ""Courtland Sutton"", """"]",5,5,89.56,91.36
2021,9,1,7,left,ThreatLevelMidnight,Pop Lockett Drop it,2021-W09-M05,Tyler Bass,K,K,True,False,False,10.2,7.0,,Tyler Bass,K,"["""", ""Tyler Bass"", ""10.20"", ""7.00"", ""K"", ""K"", ""K"", ""10.00"", ""9.45"", ""Daniel Carlson"", """"]",5,5,91.36,89.56
2021,9,1,7,right,Pop Lockett Drop it,ThreatLevelMidnight,2021-W09-M05,Daniel Carlson,K,K,True,False,False,9.45,10.0,,Daniel Carlson,K,"["""", ""Tyler Bass"", ""10.20"", ""7.00"", ""K"", ""K"", ""K"", ""10.00"", ""9.45"", ""Daniel Carlson"", """"]",5,5,89.56,91.36
2021,9,1,8,left,ThreatLevelMidnight,Pop Lockett Drop it,2021-W09-M05,Ravens - DEF,DEF,DEF,True,False,False,6.6,-1.0,,Ravens - DEF,DEF,"["""", ""Ravens - DEF"", ""6.60"", ""-1.00"", ""DEF"", ""DEF"", ""DEF"", ""5.00"", ""8.91"", ""Colts - DEF"", """"]",5,5,91.36,89.56
2021,9,1,8,right,Pop Lockett Drop it,ThreatLevelMidnight,2021-W09-M05,Colts - DEF,DEF,DEF,True,False,False,8.91,5.0,,Colts - DEF,DEF,"["""", ""Ravens - DEF"", ""6.60"", ""-1.00"", ""DEF"", ""DEF"", ""DEF"", ""5.00"", ""8.91"", ""Colts - DEF"", """"]",5,5,89.56,91.36
2021,9,2,0,left,ThreatLevelMidnight,Pop Lockett Drop it,2021-W09-M05,Elijah Mitchell,,BN,False,True,False,8.92,10.4,,Elijah Mitchell,BN,"["""", ""Elijah Mitchell"", ""8.92"", ""10.40"", ""BN"", ""BN"", ""BN"", ""0.00"", ""0.00"", ""DeVante Parker"", """"]",5,5,91.36,89.56
2021,9,2,0,right,Pop Lockett Drop it,ThreatLevelMidnight,2021-W09-M05,DeVante Parker,,BN,False,True,False,0.0,0.0,,DeVante Parker,BN,"["""", ""Elijah Mitchell"", ""8.92"", ""10.40"", ""BN"", ""BN"", ""BN"", ""0.00"", ""0.00"", ""DeVante Parker"", """"]",5,5,89.56,91.36
2021,9,2,1,left,ThreatLevelMidnight,Pop Lockett Drop it,2021-W09-M05,Noah Fant,,BN,False,True,False,0.0,0.0,,Noah Fant,BN,"["""", ""Noah Fant"", ""0.00"", ""0.00"", ""BN"", ""BN"", ""BN"", ""0.00"", ""0.00"", ""Jamaal Williams"", """"]",5,5,91.36,89.56
2021,9,2,1,right,Pop Lockett Drop it,ThreatLevelMidnight,2021-W09-M05,Jamaal Williams,,BN,False,True,False,0.0,0.0,,Jamaal Williams,BN,"["""", ""Noah Fant"", ""0.00"", ""0.00"", ""BN"", ""BN"", ""BN"", ""0.00"", ""0.00"", ""Jamaal Williams"", """"]",5,5,89.56,91.36
2021,9,2,2,left,ThreatLevelMidnight,Pop Lockett Drop it,2021-W09-M05,Chuba Hubbard,,BN,False,True,False,6.35,4.1,,Chuba Hubbard,BN,"["""", ""Chuba Hubbard"", ""6.35"", ""4.10"", ""BN"", ""BN"", ""BN"", ""13.00"", ""5.89"", ""Kenyan Drake"", """"]",5,5,91.36,89.56
2021,9,2,2,right,Pop Lockett Drop it,ThreatLevelMidnight,2021-W09-M05,Kenyan Drake,,BN,False,True,False,5.89,13.0,,Kenyan Drake,BN,"["""", ""Chuba Hubbard"", ""6.35"", ""4.10"", ""BN"", ""BN"", ""BN"", ""13.00"", ""5.89"", ""Kenyan Drake"", """"]",5,5,89.56,91.36
2021,9,2,3,left,ThreatLevelMidnight,Pop Lockett Drop it,2021-W09-M05,Chris Godwin Jr.,,BN,False,True,False,0.0,,,Chris Godwin Jr.,BN,"["""", ""Chris Godwin Jr."", ""0.00"", ""–"", ""BN"", ""BN"", ""BN"", ""0.00"", ""0.00"", ""Henry Ruggs III"", """"]",5,5,91.36,89.56
2021,9,2,3,right,Pop Lockett Drop it,ThreatLevelMidnight,2021-W09-M05,Henry Ruggs III,,BN,False,True,False,0.0,0.0,,Henry Ruggs III,BN,"["""", ""Chris Godwin Jr."", ""0.00"", ""–"", ""BN"", ""BN"", ""BN"", ""0.00"", ""0.00"", ""Henry Ruggs III"", """"]",5,5,89.56,91.36
2021,9,2,4,left,ThreatLevelMidnight,Pop Lockett Drop it,2021-W09-M05,Jakobi Meyers,,BN,False,True,False,11.99,1.3,,Jakobi Meyers,BN,"["""", ""Jakobi Meyers"", ""11.99"", ""1.30"", ""BN"", ""BN"", ""BN"", ""0.70"", ""7.03"", ""Robbie Chosen"", """"]",5,5,91.36,89.56
2021,9,2,4,right,Pop Lockett Drop it,ThreatLevelMidnight,2021-W09-M05,Robbie Chosen,,BN,False,True,False,7.03,0.7,,Robbie Chosen,BN,"["""", ""Jakobi Meyers"", ""11.99"", ""1.30"", ""BN"", ""BN"", ""BN"", ""0.70"", ""7.03"", ""Robbie Chosen"", """"]",5,5,89.56,91.36
2021,9,2,5,left,ThreatLevelMidnight,Pop Lockett Drop it,2021-W09-M05,(Empty),,BN,False,True,False,0.0,,,(Empty),BN,"["""", ""(Empty)"", ""0.00"", ""–"", ""BN"", ""BN"", ""BN"", ""–"", ""0.00"", ""Michael Gallup"", """"]",5,5,91.36,89.56
2021,9,2,5,right,Pop Lockett Drop it,ThreatLevelMidnight,2021-W09-M05,Michael Gallup,,BN,False,True,False,0.0,,,Michael Gallup,BN,"["""", ""(Empty)"", ""0.00"", ""–"", ""BN"", ""BN"", ""BN"", ""–"", ""0.00"", ""Michael Gallup"", """"]",5,5,89.56,91.36
2021,9,2,6,left,ThreatLevelMidnight,Pop Lockett Drop it,2021-W09-M05,Russell Wilson,,IR,False,False,True,0.0,0.0,,Russell Wilson,IR,"["""", ""Russell Wilson"", ""0.00"", ""0.00"", ""IR"", ""IR"", ""IR"", ""–"", ""0.00"", ""(Empty)"", """"]",5,5,91.36,89.56
2021,9,2,6,right,Pop Lockett Drop it,ThreatLevelMidnight,2021-W09-M05,(Empty),,IR,False,False,True,0.0,,,(Empty),IR,"["""", ""Russell Wilson"", ""0.00"", ""0.00"", ""IR"", ""IR"", ""IR"", ""–"", ""0.00"", ""(Empty)"", """"]",5,5,89.56,91.36
2021,9,1,0,left,Week 9 Recap (Lost),Big Sack Jack,2021-W09-M06,Patrick Mahomes,QB,QB,True,False,False,28.84,12.44,,Patrick Mahomes ,QB,"["""", ""Patrick Mahomes "", ""28.84"", ""12.44"", ""QB"", ""QB"", ""QB"", ""18.68"", ""24.24"", ""Jalen Hurts"", """"]",6,9,75.24,82.98
2021,9,1,0,right,Big Sack Jack,Week 9 Recap (Lost),2021-W09-M06,Jalen Hurts,QB,QB,True,False,False,24.24,18.68,,Jalen Hurts,QB,"["""", ""Patrick Mahomes "", ""28.84"", ""12.44"", ""QB"", ""QB"", ""QB"", ""18.68"", ""24.24"", ""Jalen Hurts"", """"]",6,9,82.98,75.24
2021,9,1,1,left,Week 9 Recap (Lost),Big Sack Jack,2021-W09-M06,DJ Moore,WR,WR,True,False,False,12.96,6.1,,DJ Moore,WR,"["""", ""DJ Moore"", ""12.96"", ""6.10"", ""WR"", ""WR"", ""WR"", ""5.30"", ""17.02"", ""Tyreek Hill"", """"]",6,9,75.24,82.98
2021,9,1,1,right,Big Sack Jack,Week 9 Recap (Lost),2021-W09-M06,Tyreek Hill,WR,WR,True,False,False,17.02,5.3,,Tyreek Hill,WR,"["""", ""DJ Moore"", ""12.96"", ""6.10"", ""WR"", ""WR"", ""WR"", ""5.30"", ""17.02"", ""Tyreek Hill"", """"]",6,9,82.98,75.24
2021,9,1,2,left,Week 9 Recap (Lost),Big Sack Jack,2021-W09-M06,Mecole Hardman Jr.,WR,WR,True,False,False,9.25,3.5,,Mecole Hardman Jr.,WR,"["""", ""Mecole Hardman Jr."", ""9.25"", ""3.50"", ""WR"", ""WR"", ""WR"", ""7.60"", ""12.89"", ""Adam Thielen"", """"]",6,9,75.24,82.98
2021,9,1,2,right,Big Sack Jack,Week 9 Recap (Lost),2021-W09-M06,Adam Thielen,WR,WR,True,False,False,12.89,7.6,,Adam Thielen,WR,"["""", ""Mecole Hardman Jr."", ""9.25"", ""3.50"", ""WR"", ""WR"", ""WR"", ""7.60"", ""12.89"", ""Adam Thielen"", """"]",6,9,82.98,75.24
2021,9,1,3,left,Week 9 Recap (Lost),Big Sack Jack,2021-W09-M06,Melvin Gordon III,RB,RB,True,False,False,10.0,16.5,,Melvin Gordon III,RB,"["""", ""Melvin Gordon III"", ""10.00"", ""16.50"", ""RB"", ""RB"", ""RB"", ""9.80"", ""11.84"", ""Damien Harris "", """"]",6,9,75.24,82.98
2021,9,1,3,right,Big Sack Jack,Week 9 Recap (Lost),2021-W09-M06,Damien Harris,RB,RB,True,False,False,11.84,9.8,,Damien Harris ,RB,"["""", ""Melvin Gordon III"", ""10.00"", ""16.50"", ""RB"", ""RB"", ""RB"", ""9.80"", ""11.84"", ""Damien Harris "", """"]",6,9,82.98,75.24
2021,9,1,4,left,Week 9 Recap (Lost),Big Sack Jack,2021-W09-M06,Josh Jacobs,RB,RB,True,False,False,12.93,11.5,,Josh Jacobs,RB,"["""", ""Josh Jacobs"", ""12.93"", ""11.50"", ""RB"", ""RB"", ""RB"", ""8.90"", ""6.04"", ""Mark Ingram II"", """"]",6,9,75.24,82.98
2021,9,1,4,right,Big Sack Jack,Week 9 Recap (Lost),2021-W09-M06,Mark Ingram II,RB,RB,True,False,False,6.04,8.9,,Mark Ingram II,RB,"["""", ""Josh Jacobs"", ""12.93"", ""11.50"", ""RB"", ""RB"", ""RB"", ""8.90"", ""6.04"", ""Mark Ingram II"", """"]",6,9,82.98,75.24
2021,9,1,5,left,Week 9 Recap (Lost),Big Sack Jack,2021-W09-M06,Dalton Schultz,TE,TE,True,False,False,8.83,7.4,,Dalton Schultz,TE,"["""", ""Dalton Schultz"", ""8.83"", ""7.40"", ""TE"", ""TE"", ""TE"", ""1.30"", ""5.86"", ""Jonnu Smith"", """"]",6,9,75.24,82.98
2021,9,1,5,right,Big Sack Jack,Week 9 Recap (Lost),2021-W09-M06,Jonnu Smith,TE,TE,True,False,False,5.86,1.3,,Jonnu Smith,TE,"["""", ""Dalton Schultz"", ""8.83"", ""7.40"", ""TE"", ""TE"", ""TE"", ""1.30"", ""5.86"", ""Jonnu Smith"", """"]",6,9,82.98,75.24
2021,9,1,6,left,Week 9 Recap (Lost),Big Sack Jack,2021-W09-M06,Dallas Goedert,,W/R/T,True,False,False,9.04,5.8,,Dallas Goedert,W/R/T,"["""", ""Dallas Goedert"", ""9.04"", ""5.80"", ""W/R/T"", ""W/R/T"", ""W/R/T"", ""16.40"", ""13.67"", ""Keenan Allen"", """"]",6,9,75.24,82.98
2021,9,1,6,right,Big Sack Jack,Week 9 Recap (Lost),2021-W09-M06,Keenan Allen,,W/R/T,True,False,False,13.67,16.4,,Keenan Allen,W/R/T,"["""", ""Dallas Goedert"", ""9.04"", ""5.80"", ""W/R/T"", ""W/R/T"", ""W/R/T"", ""16.40"", ""13.67"", ""Keenan Allen"", """"]",6,9,82.98,75.24
2021,9,1,7,left,Week 9 Recap (Lost),Big Sack Jack,2021-W09-M06,Younghoe Koo,K,K,True,False,False,6.68,9.0,,Younghoe Koo,K,"["""", ""Younghoe Koo"", ""6.68"", ""9.00"", ""K"", ""K"", ""K"", ""10.00"", ""10.52"", ""Justin Tucker"", """"]",6,9,75.24,82.98
2021,9,1,7,right,Big Sack Jack,Week 9 Recap (Lost),2021-W09-M06,Justin Tucker,K,K,True,False,False,10.52,10.0,,Justin Tucker,K,"["""", ""Younghoe Koo"", ""6.68"", ""9.00"", ""K"", ""K"", ""K"", ""10.00"", ""10.52"", ""Justin Tucker"", """"]",6,9,82.98,75.24
2021,9,1,8,left,Week 9 Recap (Lost),Big Sack Jack,2021-W09-M06,Cowboys - DEF,DEF,DEF,True,False,False,8.74,3.0,,Cowboys - DEF,DEF,"["""", ""Cowboys - DEF"", ""8.74"", ""3.00"", ""DEF"", ""DEF"", ""DEF"", ""5.00"", ""8.12"", ""Rams - DEF"", """"]",6,9,75.24,82.98
2021,9,1,8,right,Big Sack Jack,Week 9 Recap (Lost),2021-W09-M06,Rams - DEF,DEF,DEF,True,False,False,8.12,5.0,,Rams - DEF,DEF,"["""", ""Cowboys - DEF"", ""8.74"", ""3.00"", ""DEF"", ""DEF"", ""DEF"", ""5.00"", ""8.12"", ""Rams - DEF"", """"]",6,9,82.98,75.24
2021,9,2,0,left,Week 9 Recap (Lost),Big Sack Jack,2021-W09-M06,Marquez Callaway,,BN,False,True,False,7.52,10.0,,Marquez Callaway,BN,"["""", ""Marquez Callaway"", ""7.52"", ""10.00"", ""BN"", ""BN"", ""BN"", ""0.00"", ""0.00"", ""T.J. Hockenson"", """"]",6,9,75.24,82.98
2021,9,2,0,right,Big Sack Jack,Week 9 Recap (Lost),2021-W09-M06,T.J. Hockenson,,BN,False,True,False,0.0,0.0,,T.J. Hockenson,BN,"["""", ""Marquez Callaway"", ""7.52"", ""10.00"", ""BN"", ""BN"", ""BN"", ""0.00"", ""0.00"", ""T.J. Hockenson"", """"]",6,9,82.98,75.24
2021,9,2,1,left,Week 9 Recap (Lost),Big Sack Jack,2021-W09-M06,Sterling Shepard,,BN,False,True,False,0.0,0.0,,Sterling Shepard,BN,"["""", ""Sterling Shepard"", ""0.00"", ""0.00"", ""BN"", ""BN"", ""BN"", ""0.00"", ""0.00"", ""Mike Evans"", """"]",6,9,75.24,82.98
2021,9,2,1,right,Big Sack Jack,Week 9 Recap (Lost),2021-W09-M06,Mike Evans,,BN,False,True,False,0.0,0.0,,Mike Evans,BN,"["""", ""Sterling Shepard"", ""0.00"", ""0.00"", ""BN"", ""BN"", ""BN"", ""0.00"", ""0.00"", ""Mike Evans"", """"]",6,9,82.98,75.24
2021,9,2,2,left,Week 9 Recap (Lost),Big Sack Jack,2021-W09-M06,James Robinson,,BN,False,True,False,0.0,0.0,,James Robinson,BN,"["""", ""James Robinson"", ""0.00"", ""0.00"", ""BN"", ""BN"", ""BN"", ""–"", ""0.00"", ""Tom Brady"", """"]",6,9,75.24,82.98
2021,9,2,2,right,Big Sack Jack,Week 9 Recap (Lost),2021-W09-M06,Tom Brady,,BN,False,True,False,0.0,,,Tom Brady,BN,"["""", ""James Robinson"", ""0.00"", ""0.00"", ""BN"", ""BN"", ""BN"", ""–"", ""0.00"", ""Tom Brady"", """"]",6,9,82.98,75.24
2021,9,2,3,left,Week 9 Recap (Lost),Big Sack Jack,2021-W09-M06,Corey Davis,,BN,False,True,False,0.0,0.0,,Corey Davis,BN,"["""", ""Corey Davis"", ""0.00"", ""0.00"", ""BN"", ""BN"", ""BN"", ""0.80"", ""4.98"", ""Alexander Mattison"", """"]",6,9,75.24,82.98
2021,9,2,3,right,Big Sack Jack,Week 9 Recap (Lost),2021-W09-M06,Alexander Mattison,,BN,False,True,False,4.98,0.8,,Alexander Mattison,BN,"["""", ""Corey Davis"", ""0.00"", ""0.00"", ""BN"", ""BN"", ""BN"", ""0.80"", ""4.98"", ""Alexander Mattison"", """"]",6,9,82.98,75.24
2021,9,2,4,left,Week 9 Recap (Lost),Big Sack Jack,2021-W09-M06,Kenny Gainwell,,BN,False,True,False,7.79,6.3,,Kenny Gainwell,BN,"["""", ""Kenny Gainwell"", ""7.79"", ""6.30"", ""BN"", ""BN"", ""BN"", ""–"", ""0.00"", ""Ryan Fitzpatrick"", """"]",6,9,75.24,82.98
2021,9,2,4,right,Big Sack Jack,Week 9 Recap (Lost),2021-W09-M06,Ryan Fitzpatrick,,BN,False,True,False,0.0,,,Ryan Fitzpatrick,BN,"["""", ""Kenny Gainwell"", ""7.79"", ""6.30"", ""BN"", ""BN"", ""BN"", ""–"", ""0.00"", ""Ryan Fitzpatrick"", """"]",6,9,82.98,75.24
2021,9,2,5,left,Week 9 Recap (Lost),Big Sack Jack,2021-W09-M06,Cardinals - DEF,,BN,False,True,False,5.66,12.0,,Cardinals - DEF,BN,"["""", ""Cardinals - DEF"", ""5.66"", ""12.00"", ""BN"", ""BN"", ""BN"", ""0.00"", ""10.06"", ""Greg Zuerlein"", """"]",6,9,75.24,82.98
2021,9,2,5,right,Big Sack Jack,Week 9 Recap (Lost),2021-W09-M06,Greg Zuerlein,,BN,False,True,False,10.06,0.0,,Greg Zuerlein,BN,"["""", ""Cardinals - DEF"", ""5.66"", ""12.00"", ""BN"", ""BN"", ""BN"", ""0.00"", ""10.06"", ""Greg Zuerlein"", """"]",6,9,82.98,75.24
2021,10,1,0,left,The Big Gronkowski,Uncle Rico,2021-W10-M01,Lamar Jackson,QB,QB,True,False,False,29.61,18.42,,Lamar Jackson,QB,"["""", ""Lamar Jackson"", ""29.61"", ""18.42"", ""QB"", ""QB"", ""QB"", ""13.82"", ""24.84"", ""Matthew Stafford"", """"]",1,1,98.42,103.92
2021,10,1,0,right,Uncle Rico,The Big Gronkowski,2021-W10-M01,Matthew Stafford,QB,QB,True,False,False,24.84,13.82,,Matthew Stafford,QB,"["""", ""Lamar Jackson"", ""29.61"", ""18.42"", ""QB"", ""QB"", ""QB"", ""13.82"", ""24.84"", ""Matthew Stafford"", """"]",1,1,103.92,98.42
2021,10,1,1,left,The Big Gronkowski,Uncle Rico,2021-W10-M01,Bryan Edwards,WR,WR,True,False,False,8.78,16.3,,Bryan Edwards,WR,"["""", ""Bryan Edwards"", ""8.78"", ""16.30"", ""WR"", ""WR"", ""WR"", ""17.70"", ""18.80"", ""Cooper Kupp"", """"]",1,1,98.42,103.92
2021,10,1,1,right,Uncle Rico,The Big Gronkowski,2021-W10-M01,Cooper Kupp,WR,WR,True,False,False,18.8,17.7,,Cooper Kupp,WR,"["""", ""Bryan Edwards"", ""8.78"", ""16.30"", ""WR"", ""WR"", ""WR"", ""17.70"", ""18.80"", ""Cooper Kupp"", """"]",1,1,103.92,98.42
2021,10,1,2,left,The Big Gronkowski,Uncle Rico,2021-W10-M01,Van Jefferson,WR,WR,True,False,False,10.45,6.9,,Van Jefferson,WR,"["""", ""Van Jefferson"", ""10.45"", ""6.90"", ""WR"", ""WR"", ""WR"", ""3.30"", ""12.69"", ""Tyler Lockett"", """"]",1,1,98.42,103.92
2021,10,1,2,right,Uncle Rico,The Big Gronkowski,2021-W10-M01,Tyler Lockett,WR,WR,True,False,False,12.69,3.3,,Tyler Lockett,WR,"["""", ""Van Jefferson"", ""10.45"", ""6.90"", ""WR"", ""WR"", ""WR"", ""3.30"", ""12.69"", ""Tyler Lockett"", """"]",1,1,103.92,98.42
2021,10,1,3,left,The Big Gronkowski,Uncle Rico,2021-W10-M01,Christian McCaffrey,RB,RB,True,False,False,20.04,21.1,,Christian McCaffrey,RB,"["""", ""Christian McCaffrey"", ""20.04"", ""21.10"", ""RB"", ""RB"", ""RB"", ""15.30"", ""19.53"", ""Najee Harris"", """"]",1,1,98.42,103.92
2021,10,1,3,right,Uncle Rico,The Big Gronkowski,2021-W10-M01,Najee Harris,RB,RB,True,False,False,19.53,15.3,,Najee Harris,RB,"["""", ""Christian McCaffrey"", ""20.04"", ""21.10"", ""RB"", ""RB"", ""RB"", ""15.30"", ""19.53"", ""Najee Harris"", """"]",1,1,103.92,98.42
2021,10,1,4,left,The Big Gronkowski,Uncle Rico,2021-W10-M01,Brandon Bolden,RB,RB,True,False,False,9.44,8.5,,Brandon Bolden,RB,"["""", ""Brandon Bolden"", ""9.44"", ""8.50"", ""RB"", ""RB"", ""RB"", ""20.80"", ""10.52"", ""Antonio Gibson"", """"]",1,1,98.42,103.92
2021,10,1,4,right,Uncle Rico,The Big Gronkowski,2021-W10-M01,Antonio Gibson,RB,RB,True,False,False,10.52,20.8,,Antonio Gibson,RB,"["""", ""Brandon Bolden"", ""9.44"", ""8.50"", ""RB"", ""RB"", ""RB"", ""20.80"", ""10.52"", ""Antonio Gibson"", """"]",1,1,103.92,98.42
2021,10,1,5,left,The Big Gronkowski,Uncle Rico,2021-W10-M01,Mark Andrews,TE,TE,True,False,False,12.16,15.3,,Mark Andrews,TE,"["""", ""Mark Andrews"", ""12.16"", ""15.30"", ""TE"", ""TE"", ""TE"", ""4.40"", ""13.86"", ""Darren Waller "", """"]",1,1,98.42,103.92
2021,10,1,5,right,Uncle Rico,The Big Gronkowski,2021-W10-M01,Darren Waller,TE,TE,True,False,False,13.86,4.4,,Darren Waller ,TE,"["""", ""Mark Andrews"", ""12.16"", ""15.30"", ""TE"", ""TE"", ""TE"", ""4.40"", ""13.86"", ""Darren Waller "", """"]",1,1,103.92,98.42
2021,10,1,6,left,The Big Gronkowski,Uncle Rico,2021-W10-M01,Tim Patrick,,W/R/T,True,False,False,7.96,2.9,,Tim Patrick,W/R/T,"["""", ""Tim Patrick"", ""7.96"", ""2.90"", ""W/R/T"", ""W/R/T"", ""W/R/T"", ""9.60"", ""13.34"", ""Michael Pittman Jr."", """"]",1,1,98.42,103.92
2021,10,1,6,right,Uncle Rico,The Big Gronkowski,2021-W10-M01,Michael Pittman Jr.,,W/R/T,True,False,False,13.34,9.6,,Michael Pittman Jr.,W/R/T,"["""", ""Tim Patrick"", ""7.96"", ""2.90"", ""W/R/T"", ""W/R/T"", ""W/R/T"", ""9.60"", ""13.34"", ""Michael Pittman Jr."", """"]",1,1,103.92,98.42
2021,10,1,7,left,The Big Gronkowski,Uncle Rico,2021-W10-M01,Michael Badgley,K,K,True,False,False,9.64,11.0,,Michael Badgley,K,"["""", ""Michael Badgley"", ""9.64"", ""11.00"", ""K"", ""K"", ""K"", ""7.00"", ""8.47"", ""Brandon McManus"", """"]",1,1,98.42,103.92
2021,10,1,7,right,Uncle Rico,The Big Gronkowski,2021-W10-M01,Brandon McManus,K,K,True,False,False,8.47,7.0,,Brandon McManus,K,"["""", ""Michael Badgley"", ""9.64"", ""11.00"", ""K"", ""K"", ""K"", ""7.00"", ""8.47"", ""Brandon McManus"", """"]",1,1,103.92,98.42
2021,10,1,8,left,The Big Gronkowski,Uncle Rico,2021-W10-M01,Raiders - DEF,DEF,DEF,True,False,False,4.51,-2.0,,Raiders - DEF,DEF,"["""", ""Raiders - DEF"", ""4.51"", ""-2.00"", ""DEF"", ""DEF"", ""DEF"", ""12.00"", ""4.36"", ""Panthers - DEF"", """"]",1,1,98.42,103.92
2021,10,1,8,right,Uncle Rico,The Big Gronkowski,2021-W10-M01,Panthers - DEF,DEF,DEF,True,False,False,4.36,12.0,,Panthers - DEF,DEF,"["""", ""Raiders - DEF"", ""4.51"", ""-2.00"", ""DEF"", ""DEF"", ""DEF"", ""12.00"", ""4.36"", ""Panthers - DEF"", """"]",1,1,103.92,98.42
2021,10,2,0,left,The Big Gronkowski,Uncle Rico,2021-W10-M01,Antonio Brown,,BN,False,True,False,0.0,0.0,,Antonio Brown,BN,"["""", ""Antonio Brown"", ""0.00"", ""0.00"", ""BN"", ""BN"", ""BN"", ""0.00"", ""0.00"", ""Chase Claypool"", """"]",1,1,98.42,103.92
2021,10,2,0,right,Uncle Rico,The Big Gronkowski,2021-W10-M01,Chase Claypool,,BN,False,True,False,0.0,0.0,,Chase Claypool,BN,"["""", ""Antonio Brown"", ""0.00"", ""0.00"", ""BN"", ""BN"", ""BN"", ""0.00"", ""0.00"", ""Chase Claypool"", """"]",1,1,103.92,98.42
2021,10,2,1,left,The Big Gronkowski,Uncle Rico,2021-W10-M01,Ja'Marr Chase,,BN,False,True,False,0.0,,,Ja'Marr Chase,BN,"["""", ""Ja'Marr Chase"", ""0.00"", ""–"", ""BN"", ""BN"", ""BN"", ""25.80"", ""7.38"", ""AJ Dillon"", """"]",1,1,98.42,103.92
2021,10,2,1,right,Uncle Rico,The Big Gronkowski,2021-W10-M01,AJ Dillon,,BN,False,True,False,7.38,25.8,,AJ Dillon,BN,"["""", ""Ja'Marr Chase"", ""0.00"", ""–"", ""BN"", ""BN"", ""BN"", ""25.80"", ""7.38"", ""AJ Dillon"", """"]",1,1,103.92,98.42
2021,10,2,2,left,The Big Gronkowski,Uncle Rico,2021-W10-M01,Allen Robinson,,BN,False,True,False,0.0,0.0,,Allen Robinson,BN,"["""", ""Allen Robinson"", ""0.00"", ""0.00"", ""BN"", ""BN"", ""BN"", ""3.90"", ""9.54"", ""Nyheim Miller-Hines"", """"]",1,1,98.42,103.92
2021,10,2,2,right,Uncle Rico,The Big Gronkowski,2021-W10-M01,Nyheim Miller-Hines,,BN,False,True,False,9.54,3.9,,Nyheim Miller-Hines,BN,"["""", ""Allen Robinson"", ""0.00"", ""0.00"", ""BN"", ""BN"", ""BN"", ""3.90"", ""9.54"", ""Nyheim Miller-Hines"", """"]",1,1,103.92,98.42
2021,10,2,3,left,The Big Gronkowski,Uncle Rico,2021-W10-M01,Randall Cobb,,BN,False,True,False,4.61,3.6,,Randall Cobb,BN,"["""", ""Randall Cobb"", ""4.61"", ""3.60"", ""BN"", ""BN"", ""BN"", ""14.60"", ""6.86"", ""Tyler Conklin"", """"]",1,1,98.42,103.92
2021,10,2,3,right,Uncle Rico,The Big Gronkowski,2021-W10-M01,Tyler Conklin,,BN,False,True,False,6.86,14.6,,Tyler Conklin,BN,"["""", ""Randall Cobb"", ""4.61"", ""3.60"", ""BN"", ""BN"", ""BN"", ""14.60"", ""6.86"", ""Tyler Conklin"", """"]",1,1,103.92,98.42
2021,10,2,4,left,The Big Gronkowski,Uncle Rico,2021-W10-M01,Latavius Murray,,BN,False,True,False,0.0,0.0,,Latavius Murray,BN,"["""", ""Latavius Murray"", ""0.00"", ""0.00"", ""BN"", ""BN"", ""BN"", ""2.50"", ""10.32"", ""Cole Beasley"", """"]",1,1,98.42,103.92
2021,10,2,4,right,Uncle Rico,The Big Gronkowski,2021-W10-M01,Cole Beasley,,BN,False,True,False,10.32,2.5,,Cole Beasley,BN,"["""", ""Latavius Murray"", ""0.00"", ""0.00"", ""BN"", ""BN"", ""BN"", ""2.50"", ""10.32"", ""Cole Beasley"", """"]",1,1,103.92,98.42
2021,10,2,5,left,The Big Gronkowski,Uncle Rico,2021-W10-M01,Jordan Howard,,BN,False,True,False,6.49,8.3,,Jordan Howard,BN,"["""", ""Jordan Howard"", ""6.49"", ""8.30"", ""BN"", ""BN"", ""BN"", ""–"", ""0.00"", ""Joe Burrow"", """"]",1,1,98.42,103.92
2021,10,2,5,right,Uncle Rico,The Big Gronkowski,2021-W10-M01,Joe Burrow,,BN,False,True,False,0.0,,,Joe Burrow,BN,"["""", ""Jordan Howard"", ""6.49"", ""8.30"", ""BN"", ""BN"", ""BN"", ""–"", ""0.00"", ""Joe Burrow"", """"]",1,1,103.92,98.42
2021,10,2,6,left,The Big Gronkowski,Uncle Rico,2021-W10-M01,Derrick Henry,,IR,False,False,True,0.0,0.0,,Derrick Henry ,IR,"["""", ""Derrick Henry "", ""0.00"", ""0.00"", ""IR"", ""IR"", ""IR"", ""9.00"", ""7.81"", ""Robbie Gould"", """"]",1,1,98.42,103.92
2021,10,2,6,right,Uncle Rico,The Big Gronkowski,2021-W10-M01,Robbie Gould,,IR,False,False,True,7.81,9.0,,Robbie Gould,IR,"["""", ""Derrick Henry "", ""0.00"", ""0.00"", ""IR"", ""IR"", ""IR"", ""9.00"", ""7.81"", ""Robbie Gould"", """"]",1,1,103.92,98.42
2021,10,1,0,left,malle_dips_pouches,Malle ❤️ 🐸,2021-W10-M02,Tom Brady,QB,QB,True,False,False,27.32,19.0,,Tom Brady,QB,"["""", ""Tom Brady"", ""27.32"", ""19.00"", ""QB"", ""QB"", ""QB"", ""20.62"", ""23.97"", ""Ryan Tannehill"", """"]",2,2,95.6,91.32
2021,10,1,0,right,Malle ❤️ 🐸,malle_dips_pouches,2021-W10-M02,Ryan Tannehill,QB,QB,True,False,False,23.97,20.62,,Ryan Tannehill,QB,"["""", ""Tom Brady"", ""27.32"", ""19.00"", ""QB"", ""QB"", ""QB"", ""20.62"", ""23.97"", ""Ryan Tannehill"", """"]",2,2,91.32,95.6
2021,10,1,1,left,malle_dips_pouches,Malle ❤️ 🐸,2021-W10-M02,Tyreek Hill,WR,WR,True,False,False,16.81,24.0,,Tyreek Hill,WR,"["""", ""Tyreek Hill"", ""16.81"", ""24.00"", ""WR"", ""WR"", ""WR"", ""2.80"", ""15.75"", ""A.J. Brown"", """"]",2,2,95.6,91.32
2021,10,1,1,right,Malle ❤️ 🐸,malle_dips_pouches,2021-W10-M02,A.J. Brown,WR,WR,True,False,False,15.75,2.8,,A.J. Brown,WR,"["""", ""Tyreek Hill"", ""16.81"", ""24.00"", ""WR"", ""WR"", ""WR"", ""2.80"", ""15.75"", ""A.J. Brown"", """"]",2,2,91.32,95.6
2021,10,1,2,left,malle_dips_pouches,Malle ❤️ 🐸,2021-W10-M02,Keenan Allen,WR,WR,True,False,False,14.79,13.8,,Keenan Allen,WR,"["""", ""Keenan Allen"", ""14.79"", ""13.80"", ""WR"", ""WR"", ""WR"", ""5.30"", ""13.09"", ""Mike Williams"", """"]",2,2,95.6,91.32
2021,10,1,2,right,Malle ❤️ 🐸,malle_dips_pouches,2021-W10-M02,Mike Williams,WR,WR,True,False,False,13.09,5.3,,Mike Williams,WR,"["""", ""Keenan Allen"", ""14.79"", ""13.80"", ""WR"", ""WR"", ""WR"", ""5.30"", ""13.09"", ""Mike Williams"", """"]",2,2,91.32,95.6
2021,10,1,3,left,malle_dips_pouches,Malle ❤️ 🐸,2021-W10-M02,Mike Davis,RB,RB,True,False,False,8.66,1.8,,Mike Davis ,RB,"["""", ""Mike Davis "", ""8.66"", ""1.80"", ""RB"", ""RB"", ""RB"", ""10.60"", ""17.91"", ""Aaron Jones Sr."", """"]",2,2,95.6,91.32
2021,10,1,3,right,Malle ❤️ 🐸,malle_dips_pouches,2021-W10-M02,Aaron Jones Sr.,RB,RB,True,False,False,17.91,10.6,,Aaron Jones Sr.,RB,"["""", ""Mike Davis "", ""8.66"", ""1.80"", ""RB"", ""RB"", ""RB"", ""10.60"", ""17.91"", ""Aaron Jones Sr."", """"]",2,2,91.32,95.6
2021,10,1,4,left,malle_dips_pouches,Malle ❤️ 🐸,2021-W10-M02,Mark Ingram II,RB,RB,True,False,False,12.44,18.8,,Mark Ingram II,RB,"["""", ""Mark Ingram II"", ""12.44"", ""18.80"", ""RB"", ""RB"", ""RB"", ""15.00"", ""15.91"", ""D'Andre Swift"", """"]",2,2,95.6,91.32
2021,10,1,4,right,Malle ❤️ 🐸,malle_dips_pouches,2021-W10-M02,D'Andre Swift,RB,RB,True,False,False,15.91,15.0,,D'Andre Swift,RB,"["""", ""Mark Ingram II"", ""12.44"", ""18.80"", ""RB"", ""RB"", ""RB"", ""15.00"", ""15.91"", ""D'Andre Swift"", """"]",2,2,91.32,95.6
2021,10,1,5,left,malle_dips_pouches,Malle ❤️ 🐸,2021-W10-M02,T.J. Hockenson,TE,TE,True,False,False,10.49,0.0,,T.J. Hockenson,TE,"["""", ""T.J. Hockenson"", ""10.49"", ""0.00"", ""TE"", ""TE"", ""TE"", ""1.10"", ""5.72"", ""Mo Alie-Cox"", """"]",2,2,95.6,91.32
2021,10,1,5,right,Malle ❤️ 🐸,malle_dips_pouches,2021-W10-M02,Mo Alie-Cox,TE,TE,True,False,False,5.72,1.1,,Mo Alie-Cox,TE,"["""", ""T.J. Hockenson"", ""10.49"", ""0.00"", ""TE"", ""TE"", ""TE"", ""1.10"", ""5.72"", ""Mo Alie-Cox"", """"]",2,2,91.32,95.6
2021,10,1,6,left,malle_dips_pouches,Malle ❤️ 🐸,2021-W10-M02,Mike Evans,,W/R/T,True,False,False,14.62,13.2,,Mike Evans,W/R/T,"["""", ""Mike Evans"", ""14.62"", ""13.20"", ""W/R/T"", ""W/R/T"", ""W/R/T"", ""13.90"", ""15.81"", ""James Conner"", """"]",2,2,95.6,91.32
2021,10,1,6,right,Malle ❤️ 🐸,malle_dips_pouches,2021-W10-M02,James Conner,,W/R/T,True,False,False,15.81,13.9,,James Conner,W/R/T,"["""", ""Mike Evans"", ""14.62"", ""13.20"", ""W/R/T"", ""W/R/T"", ""W/R/T"", ""13.90"", ""15.81"", ""James Conner"", """"]",2,2,91.32,95.6
2021,10,1,7,left,malle_dips_pouches,Malle ❤️ 🐸,2021-W10-M02,Justin Tucker,K,K,True,False,False,9.85,5.0,,Justin Tucker,K,"["""", ""Justin Tucker"", ""9.85"", ""5.00"", ""K"", ""K"", ""K"", ""10.00"", ""7.29"", ""Jason Sanders"", """"]",2,2,95.6,91.32
2021,10,1,7,right,Malle ❤️ 🐸,malle_dips_pouches,2021-W10-M02,Jason Sanders,K,K,True,False,False,7.29,10.0,,Jason Sanders,K,"["""", ""Justin Tucker"", ""9.85"", ""5.00"", ""K"", ""K"", ""K"", ""10.00"", ""7.29"", ""Jason Sanders"", """"]",2,2,91.32,95.6
2021,10,1,8,left,malle_dips_pouches,Malle ❤️ 🐸,2021-W10-M02,(Empty),DEF,DEF,True,False,False,0.0,,,(Empty),DEF,"["""", ""(Empty)"", ""0.00"", ""–"", ""DEF"", ""DEF"", ""DEF"", ""12.00"", ""9.13"", ""Bills - DEF"", """"]",2,2,95.6,91.32
2021,10,1,8,right,Malle ❤️ 🐸,malle_dips_pouches,2021-W10-M02,Bills - DEF,DEF,DEF,True,False,False,9.13,12.0,,Bills - DEF,DEF,"["""", ""(Empty)"", ""0.00"", ""–"", ""DEF"", ""DEF"", ""DEF"", ""12.00"", ""9.13"", ""Bills - DEF"", """"]",2,2,91.32,95.6
2021,10,2,0,left,malle_dips_pouches,Malle ❤️ 🐸,2021-W10-M02,Damien Harris,,BN,False,True,False,0.0,0.0,,Damien Harris ,BN,"["""", ""Damien Harris "", ""0.00"", ""0.00"", ""BN"", ""BN"", ""BN"", ""7.30"", ""9.83"", ""Devonta Freeman"", """"]",2,2,95.6,91.32
2021,10,2,0,right,Malle ❤️ 🐸,malle_dips_pouches,2021-W10-M02,Devonta Freeman,,BN,False,True,False,9.83,7.3,,Devonta Freeman,BN,"["""", ""Damien Harris "", ""0.00"", ""0.00"", ""BN"", ""BN"", ""BN"", ""7.30"", ""9.83"", ""Devonta Freeman"", """"]",2,2,91.32,95.6
2021,10,2,1,left,malle_dips_pouches,Malle ❤️ 🐸,2021-W10-M02,Adam Thielen,,BN,False,True,False,12.8,9.0,,Adam Thielen,BN,"["""", ""Adam Thielen"", ""12.80"", ""9.00"", ""BN"", ""BN"", ""BN"", ""8.10"", ""11.76"", ""Jerry Jeudy "", """"]",2,2,95.6,91.32
2021,10,2,1,right,Malle ❤️ 🐸,malle_dips_pouches,2021-W10-M02,Jerry Jeudy,,BN,False,True,False,11.76,8.1,,Jerry Jeudy ,BN,"["""", ""Adam Thielen"", ""12.80"", ""9.00"", ""BN"", ""BN"", ""BN"", ""8.10"", ""11.76"", ""Jerry Jeudy "", """"]",2,2,91.32,95.6
2021,10,2,2,left,malle_dips_pouches,Malle ❤️ 🐸,2021-W10-M02,Jonnu Smith,,BN,False,True,False,0.0,0.0,,Jonnu Smith,BN,"["""", ""Jonnu Smith"", ""0.00"", ""0.00"", ""BN"", ""BN"", ""BN"", ""4.50"", ""9.66"", ""Marvin Jones Jr."", """"]",2,2,95.6,91.32
2021,10,2,2,right,Malle ❤️ 🐸,malle_dips_pouches,2021-W10-M02,Marvin Jones Jr.,,BN,False,True,False,9.66,4.5,,Marvin Jones Jr.,BN,"["""", ""Jonnu Smith"", ""0.00"", ""0.00"", ""BN"", ""BN"", ""BN"", ""4.50"", ""9.66"", ""Marvin Jones Jr."", """"]",2,2,91.32,95.6
2021,10,2,3,left,malle_dips_pouches,Malle ❤️ 🐸,2021-W10-M02,Jalen Hurts,,BN,False,True,False,23.19,23.42,,Jalen Hurts,BN,"["""", ""Jalen Hurts"", ""23.19"", ""23.42"", ""BN"", ""BN"", ""BN"", ""0.00"", ""0.00"", ""Tyler Boyd"", """"]",2,2,95.6,91.32
2021,10,2,3,right,Malle ❤️ 🐸,malle_dips_pouches,2021-W10-M02,Tyler Boyd,,BN,False,True,False,0.0,0.0,,Tyler Boyd,BN,"["""", ""Jalen Hurts"", ""23.19"", ""23.42"", ""BN"", ""BN"", ""BN"", ""0.00"", ""0.00"", ""Tyler Boyd"", """"]",2,2,91.32,95.6
2021,10,2,4,left,malle_dips_pouches,Malle ❤️ 🐸,2021-W10-M02,Ryan Fitzpatrick,,BN,False,True,False,0.0,0.0,,Ryan Fitzpatrick,BN,"["""", ""Ryan Fitzpatrick"", ""0.00"", ""0.00"", ""BN"", ""BN"", ""BN"", ""0.00"", ""0.00"", ""Logan Thomas"", """"]",2,2,95.6,91.32
2021,10,2,4,right,Malle ❤️ 🐸,malle_dips_pouches,2021-W10-M02,Logan Thomas,,BN,False,True,False,0.0,0.0,,Logan Thomas,BN,"["""", ""Ryan Fitzpatrick"", ""0.00"", ""0.00"", ""BN"", ""BN"", ""BN"", ""0.00"", ""0.00"", ""Logan Thomas"", """"]",2,2,91.32,95.6
2021,10,2,5,left,malle_dips_pouches,Malle ❤️ 🐸,2021-W10-M02,Greg Zuerlein,,BN,False,True,False,0.0,0.0,,Greg Zuerlein,BN,"["""", ""Greg Zuerlein"", ""0.00"", ""0.00"", ""BN"", ""BN"", ""BN"", ""8.70"", ""11.50"", ""Zack Moss"", """"]",2,2,95.6,91.32
2021,10,2,5,right,Malle ❤️ 🐸,malle_dips_pouches,2021-W10-M02,Zack Moss,,BN,False,True,False,11.5,8.7,,Zack Moss,BN,"["""", ""Greg Zuerlein"", ""0.00"", ""0.00"", ""BN"", ""BN"", ""BN"", ""8.70"", ""11.50"", ""Zack Moss"", """"]",2,2,91.32,95.6
2021,10,2,6,left,malle_dips_pouches,Malle ❤️ 🐸,2021-W10-M02,Rams - DEF,,BN,False,True,False,6.78,1.0,,Rams - DEF,BN,"["""", ""Rams - DEF"", ""6.78"", ""1.00"", ""BN"", ""BN"", ""BN"", ""–"", ""0.00"", ""(Empty)"", """"]",2,2,95.6,91.32
2021,10,2,6,right,Malle ❤️ 🐸,malle_dips_pouches,2021-W10-M02,(Empty),,BN,False,True,False,0.0,,,(Empty),BN,"["""", ""Rams - DEF"", ""6.78"", ""1.00"", ""BN"", ""BN"", ""BN"", ""–"", ""0.00"", ""(Empty)"", """"]",2,2,91.32,95.6
2021,10,2,7,left,malle_dips_pouches,Malle ❤️ 🐸,2021-W10-M02,(Empty),,IR,False,False,True,0.0,,,(Empty),IR,"["""", ""(Empty)"", ""0.00"", ""–"", ""IR"", ""IR"", ""IR"", ""0.00"", ""0.00"", ""Kareem Hunt"", """"]",2,2,95.6,91.32
2021,10,2,7,right,Malle ❤️ 🐸,malle_dips_pouches,2021-W10-M02,Kareem Hunt,,IR,False,False,True,0.0,0.0,,Kareem Hunt,IR,"["""", ""(Empty)"", ""0.00"", ""–"", ""IR"", ""IR"", ""IR"", ""0.00"", ""0.00"", ""Kareem Hunt"", """"]",2,2,91.32,95.6
2021,10,1,0,left,Week 10 Recap (Won),Voldemort,2021-W10-M03,Dak Prescott,QB,QB,True,False,False,29.91,30.34,,Dak Prescott,QB,"["""", ""Dak Prescott"", ""29.91"", ""30.34"", ""QB"", ""QB"", ""QB"", ""46.24"", ""29.22"", ""Patrick Mahomes "", """"]",3,3,126.64,99.64
2021,10,1,0,right,Voldemort,Week 10 Recap (Won),2021-W10-M03,Patrick Mahomes,QB,QB,True,False,False,29.22,46.24,,Patrick Mahomes ,QB,"["""", ""Dak Prescott"", ""29.91"", ""30.34"", ""QB"", ""QB"", ""QB"", ""46.24"", ""29.22"", ""Patrick Mahomes "", """"]",3,3,99.64,126.64
2021,10,1,1,left,Week 10 Recap (Won),Voldemort,2021-W10-M03,Justin Jefferson,WR,WR,True,False,False,14.75,18.4,,Justin Jefferson ,WR,"["""", ""Justin Jefferson "", ""14.75"", ""18.40"", ""WR"", ""WR"", ""WR"", ""4.40"", ""11.79"", ""DJ Moore"", """"]",3,3,126.64,99.64
2021,10,1,1,right,Voldemort,Week 10 Recap (Won),2021-W10-M03,DJ Moore,WR,WR,True,False,False,11.79,4.4,,DJ Moore,WR,"["""", ""Justin Jefferson "", ""14.75"", ""18.40"", ""WR"", ""WR"", ""WR"", ""4.40"", ""11.79"", ""DJ Moore"", """"]",3,3,99.64,126.64
2021,10,1,2,left,Week 10 Recap (Won),Voldemort,2021-W10-M03,Deebo Samuel Sr.,WR,WR,True,False,False,14.05,27.8,,Deebo Samuel Sr.,WR,"["""", ""Deebo Samuel Sr."", ""14.05"", ""27.80"", ""WR"", ""WR"", ""WR"", ""9.80"", ""9.02"", ""Corey Davis"", """"]",3,3,126.64,99.64
2021,10,1,2,right,Voldemort,Week 10 Recap (Won),2021-W10-M03,Corey Davis,WR,WR,True,False,False,9.02,9.8,,Corey Davis,WR,"["""", ""Deebo Samuel Sr."", ""14.05"", ""27.80"", ""WR"", ""WR"", ""WR"", ""9.80"", ""9.02"", ""Corey Davis"", """"]",3,3,99.64,126.64
2021,10,1,3,left,Week 10 Recap (Won),Voldemort,2021-W10-M03,Cordarrelle Patterson,RB,RB,True,False,False,14.21,4.4,,Cordarrelle Patterson,RB,"["""", ""Cordarrelle Patterson"", ""14.21"", ""4.40"", ""RB"", ""RB"", ""RB"", ""8.80"", ""10.25"", ""Melvin Gordon III"", """"]",3,3,126.64,99.64
2021,10,1,3,right,Voldemort,Week 10 Recap (Won),2021-W10-M03,Melvin Gordon III,RB,RB,True,False,False,10.25,8.8,,Melvin Gordon III,RB,"["""", ""Cordarrelle Patterson"", ""14.21"", ""4.40"", ""RB"", ""RB"", ""RB"", ""8.80"", ""10.25"", ""Melvin Gordon III"", """"]",3,3,99.64,126.64
2021,10,1,4,left,Week 10 Recap (Won),Voldemort,2021-W10-M03,D'Ernest Johnson,RB,RB,True,False,False,14.48,19.2,,D'Ernest Johnson,RB,"["""", ""D'Ernest Johnson"", ""14.48"", ""19.20"", ""RB"", ""RB"", ""RB"", ""6.10"", ""12.68"", ""Josh Jacobs"", """"]",3,3,126.64,99.64
2021,10,1,4,right,Voldemort,Week 10 Recap (Won),2021-W10-M03,Josh Jacobs,RB,RB,True,False,False,12.68,6.1,,Josh Jacobs,RB,"["""", ""D'Ernest Johnson"", ""14.48"", ""19.20"", ""RB"", ""RB"", ""RB"", ""6.10"", ""12.68"", ""Josh Jacobs"", """"]",3,3,99.64,126.64
2021,10,1,5,left,Week 10 Recap (Won),Voldemort,2021-W10-M03,Dawson Knox,TE,TE,True,False,False,8.75,2.2,,Dawson Knox,TE,"["""", ""Dawson Knox"", ""8.75"", ""2.20"", ""TE"", ""TE"", ""TE"", ""1.90"", ""10.02"", ""Dalton Schultz"", """"]",3,3,126.64,99.64
2021,10,1,5,right,Voldemort,Week 10 Recap (Won),2021-W10-M03,Dalton Schultz,TE,TE,True,False,False,10.02,1.9,,Dalton Schultz,TE,"["""", ""Dawson Knox"", ""8.75"", ""2.20"", ""TE"", ""TE"", ""TE"", ""1.90"", ""10.02"", ""Dalton Schultz"", """"]",3,3,99.64,126.64
2021,10,1,6,left,Week 10 Recap (Won),Voldemort,2021-W10-M03,Christian Kirk,,W/R/T,True,False,False,11.31,9.3,,Christian Kirk,W/R/T,"["""", ""Christian Kirk"", ""11.31"", ""9.30"", ""W/R/T"", ""W/R/T"", ""W/R/T"", ""16.40"", ""12.94"", ""James Robinson"", """"]",3,3,126.64,99.64
2021,10,1,6,right,Voldemort,Week 10 Recap (Won),2021-W10-M03,James Robinson,,W/R/T,True,False,False,12.94,16.4,,James Robinson,W/R/T,"["""", ""Christian Kirk"", ""11.31"", ""9.30"", ""W/R/T"", ""W/R/T"", ""W/R/T"", ""16.40"", ""12.94"", ""James Robinson"", """"]",3,3,99.64,126.64
2021,10,1,7,left,Week 10 Recap (Won),Voldemort,2021-W10-M03,Nick Folk,K,K,True,False,False,8.99,9.0,,Nick Folk,K,"["""", ""Nick Folk"", ""8.99"", ""9.00"", ""K"", ""K"", ""K"", ""3.00"", ""7.42"", ""Younghoe Koo"", """"]",3,3,126.64,99.64
2021,10,1,7,right,Voldemort,Week 10 Recap (Won),2021-W10-M03,Younghoe Koo,K,K,True,False,False,7.42,3.0,,Younghoe Koo,K,"["""", ""Nick Folk"", ""8.99"", ""9.00"", ""K"", ""K"", ""K"", ""3.00"", ""7.42"", ""Younghoe Koo"", """"]",3,3,99.64,126.64
2021,10,1,8,left,Week 10 Recap (Won),Voldemort,2021-W10-M03,Buccaneers - DEF,DEF,DEF,True,False,False,7.22,6.0,,Buccaneers - DEF,DEF,"["""", ""Buccaneers - DEF"", ""7.22"", ""6.00"", ""DEF"", ""DEF"", ""DEF"", ""3.00"", ""9.13"", ""Cardinals - DEF"", """"]",3,3,126.64,99.64
2021,10,1,8,right,Voldemort,Week 10 Recap (Won),2021-W10-M03,Cardinals - DEF,DEF,DEF,True,False,False,9.13,3.0,,Cardinals - DEF,DEF,"["""", ""Buccaneers - DEF"", ""7.22"", ""6.00"", ""DEF"", ""DEF"", ""DEF"", ""3.00"", ""9.13"", ""Cardinals - DEF"", """"]",3,3,99.64,126.64
2021,10,2,0,left,Week 10 Recap (Won),Voldemort,2021-W10-M03,Nick Chubb,,BN,False,True,False,0.0,,,Nick Chubb,BN,"["""", ""Nick Chubb"", ""0.00"", ""–"", ""BN"", ""BN"", ""BN"", ""4.00"", ""8.23"", ""Mecole Hardman Jr."", """"]",3,3,126.64,99.64
2021,10,2,0,right,Voldemort,Week 10 Recap (Won),2021-W10-M03,Mecole Hardman Jr.,,BN,False,True,False,8.23,4.0,,Mecole Hardman Jr.,BN,"["""", ""Nick Chubb"", ""0.00"", ""–"", ""BN"", ""BN"", ""BN"", ""4.00"", ""8.23"", ""Mecole Hardman Jr."", """"]",3,3,99.64,126.64
2021,10,2,1,left,Week 10 Recap (Won),Voldemort,2021-W10-M03,Tyler Higbee,,BN,False,True,False,9.46,9.5,,Tyler Higbee,BN,"["""", ""Tyler Higbee"", ""9.46"", ""9.50"", ""BN"", ""BN"", ""BN"", ""3.80"", ""8.74"", ""Dallas Goedert"", """"]",3,3,126.64,99.64
2021,10,2,1,right,Voldemort,Week 10 Recap (Won),2021-W10-M03,Dallas Goedert,,BN,False,True,False,8.74,3.8,,Dallas Goedert,BN,"["""", ""Tyler Higbee"", ""9.46"", ""9.50"", ""BN"", ""BN"", ""BN"", ""3.80"", ""8.74"", ""Dallas Goedert"", """"]",3,3,99.64,126.64
2021,10,2,2,left,Week 10 Recap (Won),Voldemort,2021-W10-M03,Chase Edmonds,,BN,False,True,False,0.0,0.0,,Chase Edmonds,BN,"["""", ""Chase Edmonds"", ""0.00"", ""0.00"", ""BN"", ""BN"", ""BN"", ""10.70"", ""8.04"", ""Marquez Callaway"", """"]",3,3,126.64,99.64
2021,10,2,2,right,Voldemort,Week 10 Recap (Won),2021-W10-M03,Marquez Callaway,,BN,False,True,False,8.04,10.7,,Marquez Callaway,BN,"["""", ""Chase Edmonds"", ""0.00"", ""0.00"", ""BN"", ""BN"", ""BN"", ""10.70"", ""8.04"", ""Marquez Callaway"", """"]",3,3,99.64,126.64
2021,10,2,3,left,Week 10 Recap (Won),Voldemort,2021-W10-M03,Emmanuel Sanders,,BN,False,True,False,10.01,6.1,,Emmanuel Sanders,BN,"["""", ""Emmanuel Sanders"", ""10.01"", ""6.10"", ""BN"", ""BN"", ""BN"", ""–"", ""0.00"", ""Sterling Shepard"", """"]",3,3,126.64,99.64
2021,10,2,3,right,Voldemort,Week 10 Recap (Won),2021-W10-M03,Sterling Shepard,,BN,False,True,False,0.0,,,Sterling Shepard,BN,"["""", ""Emmanuel Sanders"", ""10.01"", ""6.10"", ""BN"", ""BN"", ""BN"", ""–"", ""0.00"", ""Sterling Shepard"", """"]",3,3,99.64,126.64
2021,10,2,4,left,Week 10 Recap (Won),Voldemort,2021-W10-M03,David Montgomery,,BN,False,True,False,0.0,,,David Montgomery,BN,"["""", ""David Montgomery"", ""0.00"", ""–"", ""BN"", ""BN"", ""BN"", ""1.90"", ""4.88"", ""Kenny Gainwell"", """"]",3,3,126.64,99.64
2021,10,2,4,right,Voldemort,Week 10 Recap (Won),2021-W10-M03,Kenny Gainwell,,BN,False,True,False,4.88,1.9,,Kenny Gainwell,BN,"["""", ""David Montgomery"", ""0.00"", ""–"", ""BN"", ""BN"", ""BN"", ""1.90"", ""4.88"", ""Kenny Gainwell"", """"]",3,3,99.64,126.64
2021,10,2,5,left,Week 10 Recap (Won),Voldemort,2021-W10-M03,Jeff Wilson Jr.,,BN,False,True,False,3.62,2.8,,Jeff Wilson Jr.,BN,"["""", ""Jeff Wilson Jr."", ""3.62"", ""2.80"", ""BN"", ""BN"", ""BN"", ""23.00"", ""6.88"", ""Cowboys - DEF"", """"]",3,3,126.64,99.64
2021,10,2,5,right,Voldemort,Week 10 Recap (Won),2021-W10-M03,Cowboys - DEF,,BN,False,True,False,6.88,23.0,,Cowboys - DEF,BN,"["""", ""Jeff Wilson Jr."", ""3.62"", ""2.80"", ""BN"", ""BN"", ""BN"", ""23.00"", ""6.88"", ""Cowboys - DEF"", """"]",3,3,99.64,126.64
2021,10,2,6,left,Week 10 Recap (Won),Voldemort,2021-W10-M03,Calvin Ridley,,IR,False,False,True,0.0,0.0,,Calvin Ridley,IR,"["""", ""Calvin Ridley"", ""0.00"", ""0.00"", ""IR"", ""IR"", ""IR"", ""–"", ""0.00"", ""(Empty)"", """"]",3,3,126.64,99.64
2021,10,2,6,right,Voldemort,Week 10 Recap (Won),2021-W10-M03,(Empty),,IR,False,False,True,0.0,,,(Empty),IR,"["""", ""Calvin Ridley"", ""0.00"", ""0.00"", ""IR"", ""IR"", ""IR"", ""–"", ""0.00"", ""(Empty)"", """"]",3,3,99.64,126.64
2021,10,1,0,left,Joe Mantegna,Ginger FC,2021-W10-M04,Justin Herbert,QB,QB,True,False,False,26.2,15.0,,Justin Herbert,QB,"["""", ""Justin Herbert"", ""26.20"", ""15.00"", ""QB"", ""QB"", ""QB"", ""7.10"", ""22.71"", ""Carson Wentz"", """"]",4,4,100.6,79.26
2021,10,1,0,right,Ginger FC,Joe Mantegna,2021-W10-M04,Carson Wentz,QB,QB,True,False,False,22.71,7.1,,Carson Wentz,QB,"["""", ""Justin Herbert"", ""26.20"", ""15.00"", ""QB"", ""QB"", ""QB"", ""7.10"", ""22.71"", ""Carson Wentz"", """"]",4,4,79.26,100.6
2021,10,1,1,left,Joe Mantegna,Ginger FC,2021-W10-M04,Diontae Johnson,WR,WR,True,False,False,13.41,9.8,,Diontae Johnson,WR,"["""", ""Diontae Johnson"", ""13.41"", ""9.80"", ""WR"", ""WR"", ""WR"", ""7.10"", ""14.65"", ""Amari Cooper"", """"]",4,4,100.6,79.26
2021,10,1,1,right,Ginger FC,Joe Mantegna,2021-W10-M04,Amari Cooper,WR,WR,True,False,False,14.65,7.1,,Amari Cooper,WR,"["""", ""Diontae Johnson"", ""13.41"", ""9.80"", ""WR"", ""WR"", ""WR"", ""7.10"", ""14.65"", ""Amari Cooper"", """"]",4,4,79.26,100.6
2021,10,1,2,left,Joe Mantegna,Ginger FC,2021-W10-M04,Terry McLaurin,WR,WR,True,False,False,13.45,8.9,,Terry McLaurin,WR,"["""", ""Terry McLaurin"", ""13.45"", ""8.90"", ""WR"", ""WR"", ""WR"", ""4.10"", ""14.62"", ""DK Metcalf "", """"]",4,4,100.6,79.26
2021,10,1,2,right,Ginger FC,Joe Mantegna,2021-W10-M04,DK Metcalf,WR,WR,True,False,False,14.62,4.1,,DK Metcalf ,WR,"["""", ""Terry McLaurin"", ""13.45"", ""8.90"", ""WR"", ""WR"", ""WR"", ""4.10"", ""14.62"", ""DK Metcalf "", """"]",4,4,79.26,100.6
2021,10,1,3,left,Joe Mantegna,Ginger FC,2021-W10-M04,Myles Gaskin,RB,RB,True,False,False,11.73,5.0,,Myles Gaskin,RB,"["""", ""Myles Gaskin"", ""11.73"", ""5.00"", ""RB"", ""RB"", ""RB"", ""19.26"", ""17.06"", ""Ezekiel Elliott"", """"]",4,4,100.6,79.26
2021,10,1,3,right,Ginger FC,Joe Mantegna,2021-W10-M04,Ezekiel Elliott,RB,RB,True,False,False,17.06,19.26,,Ezekiel Elliott,RB,"["""", ""Myles Gaskin"", ""11.73"", ""5.00"", ""RB"", ""RB"", ""RB"", ""19.26"", ""17.06"", ""Ezekiel Elliott"", """"]",4,4,79.26,100.6
2021,10,1,4,left,Joe Mantegna,Ginger FC,2021-W10-M04,Dalvin Cook,RB,RB,True,False,False,20.19,19.3,,Dalvin Cook,RB,"["""", ""Dalvin Cook"", ""20.19"", ""19.30"", ""RB"", ""RB"", ""RB"", ""5.90"", ""9.49"", ""Javonte Williams"", """"]",4,4,100.6,79.26
2021,10,1,4,right,Ginger FC,Joe Mantegna,2021-W10-M04,Javonte Williams,RB,RB,True,False,False,9.49,5.9,,Javonte Williams,RB,"["""", ""Dalvin Cook"", ""20.19"", ""19.30"", ""RB"", ""RB"", ""RB"", ""5.90"", ""9.49"", ""Javonte Williams"", """"]",4,4,79.26,100.6
2021,10,1,5,left,Joe Mantegna,Ginger FC,2021-W10-M04,George Kittle,TE,TE,True,False,False,12.85,13.5,,George Kittle,TE,"["""", ""George Kittle"", ""12.85"", ""13.50"", ""TE"", ""TE"", ""TE"", ""6.60"", ""9.38"", ""Zach Ertz"", """"]",4,4,100.6,79.26
2021,10,1,5,right,Ginger FC,Joe Mantegna,2021-W10-M04,Zach Ertz,TE,TE,True,False,False,9.38,6.6,,Zach Ertz,TE,"["""", ""George Kittle"", ""12.85"", ""13.50"", ""TE"", ""TE"", ""TE"", ""6.60"", ""9.38"", ""Zach Ertz"", """"]",4,4,79.26,100.6
2021,10,1,6,left,Joe Mantegna,Ginger FC,2021-W10-M04,Hunter Renfrow,,W/R/T,True,False,False,10.93,14.1,,Hunter Renfrow,W/R/T,"["""", ""Hunter Renfrow"", ""10.93"", ""14.10"", ""W/R/T"", ""W/R/T"", ""W/R/T"", ""13.20"", ""15.58"", ""Leonard Fournette"", """"]",4,4,100.6,79.26
2021,10,1,6,right,Ginger FC,Joe Mantegna,2021-W10-M04,Leonard Fournette,,W/R/T,True,False,False,15.58,13.2,,Leonard Fournette,W/R/T,"["""", ""Hunter Renfrow"", ""10.93"", ""14.10"", ""W/R/T"", ""W/R/T"", ""W/R/T"", ""13.20"", ""15.58"", ""Leonard Fournette"", """"]",4,4,79.26,100.6
2021,10,1,7,left,Joe Mantegna,Ginger FC,2021-W10-M04,Harrison Butker,K,K,True,False,False,8.91,12.0,,Harrison Butker,K,"["""", ""Harrison Butker"", ""8.91"", ""12.00"", ""K"", ""K"", ""K"", ""10.00"", ""8.55"", ""Greg Joseph"", """"]",4,4,100.6,79.26
2021,10,1,7,right,Ginger FC,Joe Mantegna,2021-W10-M04,Greg Joseph,K,K,True,False,False,8.55,10.0,,Greg Joseph,K,"["""", ""Harrison Butker"", ""8.91"", ""12.00"", ""K"", ""K"", ""K"", ""10.00"", ""8.55"", ""Greg Joseph"", """"]",4,4,79.26,100.6
2021,10,1,8,left,Joe Mantegna,Ginger FC,2021-W10-M04,Broncos - DEF,DEF,DEF,True,False,False,6.84,3.0,,Broncos - DEF,DEF,"["""", ""Broncos - DEF"", ""6.84"", ""3.00"", ""DEF"", ""DEF"", ""DEF"", ""6.00"", ""7.17"", ""Titans - DEF"", """"]",4,4,100.6,79.26
2021,10,1,8,right,Ginger FC,Joe Mantegna,2021-W10-M04,Titans - DEF,DEF,DEF,True,False,False,7.17,6.0,,Titans - DEF,DEF,"["""", ""Broncos - DEF"", ""6.84"", ""3.00"", ""DEF"", ""DEF"", ""DEF"", ""6.00"", ""7.17"", ""Titans - DEF"", """"]",4,4,79.26,100.6
2021,10,2,0,left,Joe Mantegna,Ginger FC,2021-W10-M04,Jared Cook,,BN,False,True,False,8.06,1.5,,Jared Cook,BN,"["""", ""Jared Cook"", ""8.06"", ""1.50"", ""BN"", ""BN"", ""BN"", ""–"", ""0.00"", ""Devontae Booker"", """"]",4,4,100.6,79.26
2021,10,2,0,right,Ginger FC,Joe Mantegna,2021-W10-M04,Devontae Booker,,BN,False,True,False,0.0,,,Devontae Booker,BN,"["""", ""Jared Cook"", ""8.06"", ""1.50"", ""BN"", ""BN"", ""BN"", ""–"", ""0.00"", ""Devontae Booker"", """"]",4,4,79.26,100.6
2021,10,2,1,left,Joe Mantegna,Ginger FC,2021-W10-M04,Brandon Aiyuk,,BN,False,True,False,10.54,4.1,,Brandon Aiyuk,BN,"["""", ""Brandon Aiyuk"", ""10.54"", ""4.10"", ""BN"", ""BN"", ""BN"", ""8.50"", ""7.49"", ""Deonte Harty"", """"]",4,4,100.6,79.26
2021,10,2,1,right,Ginger FC,Joe Mantegna,2021-W10-M04,Deonte Harty,,BN,False,True,False,7.49,8.5,,Deonte Harty,BN,"["""", ""Brandon Aiyuk"", ""10.54"", ""4.10"", ""BN"", ""BN"", ""BN"", ""8.50"", ""7.49"", ""Deonte Harty"", """"]",4,4,79.26,100.6
2021,10,2,2,left,Joe Mantegna,Ginger FC,2021-W10-M04,A.J. Green,,BN,False,True,False,9.9,0.9,,A.J. Green,BN,"["""", ""A.J. Green"", ""9.90"", ""0.90"", ""BN"", ""BN"", ""BN"", ""0.00"", ""0.00"", ""DeAndre Hopkins"", """"]",4,4,100.6,79.26
2021,10,2,2,right,Ginger FC,Joe Mantegna,2021-W10-M04,DeAndre Hopkins,,BN,False,True,False,0.0,0.0,,DeAndre Hopkins,BN,"["""", ""A.J. Green"", ""9.90"", ""0.90"", ""BN"", ""BN"", ""BN"", ""0.00"", ""0.00"", ""DeAndre Hopkins"", """"]",4,4,79.26,100.6
2021,10,2,3,left,Joe Mantegna,Ginger FC,2021-W10-M04,Kirk Cousins,,BN,False,True,False,23.53,21.46,,Kirk Cousins,BN,"["""", ""Kirk Cousins"", ""23.53"", ""21.46"", ""BN"", ""BN"", ""BN"", ""11.40"", ""8.10"", ""Devin Singletary"", """"]",4,4,100.6,79.26
2021,10,2,3,right,Ginger FC,Joe Mantegna,2021-W10-M04,Devin Singletary,,BN,False,True,False,8.1,11.4,,Devin Singletary,BN,"["""", ""Kirk Cousins"", ""23.53"", ""21.46"", ""BN"", ""BN"", ""BN"", ""11.40"", ""8.10"", ""Devin Singletary"", """"]",4,4,79.26,100.6
2021,10,2,4,left,Joe Mantegna,Ginger FC,2021-W10-M04,Jarvis Landry,,BN,False,True,False,11.07,4.6,,Jarvis Landry,BN,"["""", ""Jarvis Landry"", ""11.07"", ""4.60"", ""BN"", ""BN"", ""BN"", ""11.48"", ""26.47"", ""Aaron Rodgers"", """"]",4,4,100.6,79.26
2021,10,2,4,right,Ginger FC,Joe Mantegna,2021-W10-M04,Aaron Rodgers,,BN,False,True,False,26.47,11.48,,Aaron Rodgers,BN,"["""", ""Jarvis Landry"", ""11.07"", ""4.60"", ""BN"", ""BN"", ""BN"", ""11.48"", ""26.47"", ""Aaron Rodgers"", """"]",4,4,79.26,100.6
2021,10,2,5,left,Joe Mantegna,Ginger FC,2021-W10-M04,Adrian Peterson,,BN,False,True,False,7.13,2.5,,Adrian Peterson,BN,"["""", ""Adrian Peterson"", ""7.13"", ""2.50"", ""BN"", ""BN"", ""BN"", ""0.00"", ""0.00"", ""Rob Gronkowski"", """"]",4,4,100.6,79.26
2021,10,2,5,right,Ginger FC,Joe Mantegna,2021-W10-M04,Rob Gronkowski,,BN,False,True,False,0.0,0.0,,Rob Gronkowski,BN,"["""", ""Adrian Peterson"", ""7.13"", ""2.50"", ""BN"", ""BN"", ""BN"", ""0.00"", ""0.00"", ""Rob Gronkowski"", """"]",4,4,79.26,100.6
2021,10,2,6,left,Joe Mantegna,Ginger FC,2021-W10-M04,Miles Sanders,,IR,False,False,True,0.0,0.0,,Miles Sanders ,IR,"["""", ""Miles Sanders "", ""0.00"", ""0.00"", ""IR"", ""IR"", ""IR"", ""–"", ""0.00"", ""(Empty)"", """"]",4,4,100.6,79.26
2021,10,2,6,right,Ginger FC,Joe Mantegna,2021-W10-M04,(Empty),,IR,False,False,True,0.0,,,(Empty),IR,"["""", ""Miles Sanders "", ""0.00"", ""0.00"", ""IR"", ""IR"", ""IR"", ""–"", ""0.00"", ""(Empty)"", """"]",4,4,79.26,100.6
2021,10,1,0,left,ThreatLevelMidnight,Post Mahomes,2021-W10-M05,Russell Wilson,QB,QB,True,False,False,26.05,7.64,,Russell Wilson,QB,"["""", ""Russell Wilson"", ""26.05"", ""7.64"", ""QB"", ""QB"", ""QB"", ""9.04"", ""21.43"", ""Teddy Bridgewater"", """"]",5,5,66.84,126.34
2021,10,1,0,right,Post Mahomes,ThreatLevelMidnight,2021-W10-M05,Teddy Bridgewater,QB,QB,True,False,False,21.43,9.04,,Teddy Bridgewater,QB,"["""", ""Russell Wilson"", ""26.05"", ""7.64"", ""QB"", ""QB"", ""QB"", ""9.04"", ""21.43"", ""Teddy Bridgewater"", """"]",5,5,126.34,66.84
2021,10,1,1,left,ThreatLevelMidnight,Post Mahomes,2021-W10-M05,Davante Adams,WR,WR,True,False,False,17.64,11.3,,Davante Adams,WR,"["""", ""Davante Adams"", ""17.64"", ""11.30"", ""WR"", ""WR"", ""WR"", ""25.60"", ""14.96"", ""CeeDee Lamb"", """"]",5,5,66.84,126.34
2021,10,1,1,right,Post Mahomes,ThreatLevelMidnight,2021-W10-M05,CeeDee Lamb,WR,WR,True,False,False,14.96,25.6,,CeeDee Lamb,WR,"["""", ""Davante Adams"", ""17.64"", ""11.30"", ""WR"", ""WR"", ""WR"", ""25.60"", ""14.96"", ""CeeDee Lamb"", """"]",5,5,126.34,66.84
2021,10,1,2,left,ThreatLevelMidnight,Post Mahomes,2021-W10-M05,Jaylen Waddle,WR,WR,True,False,False,11.63,8.1,,Jaylen Waddle,WR,"["""", ""Jaylen Waddle"", ""11.63"", ""8.10"", ""WR"", ""WR"", ""WR"", ""11.00"", ""10.26"", ""Rashod Bateman"", """"]",5,5,66.84,126.34
2021,10,1,2,right,Post Mahomes,ThreatLevelMidnight,2021-W10-M05,Rashod Bateman,WR,WR,True,False,False,10.26,11.0,,Rashod Bateman,WR,"["""", ""Jaylen Waddle"", ""11.63"", ""8.10"", ""WR"", ""WR"", ""WR"", ""11.00"", ""10.26"", ""Rashod Bateman"", """"]",5,5,126.34,66.84
2021,10,1,3,left,ThreatLevelMidnight,Post Mahomes,2021-W10-M05,Darrell Henderson Jr.,RB,RB,True,False,False,14.87,6.1,,Darrell Henderson Jr.,RB,"["""", ""Darrell Henderson Jr."", ""14.87"", ""6.10"", ""RB"", ""RB"", ""RB"", ""21.60"", ""19.02"", ""Jonathan Taylor"", """"]",5,5,66.84,126.34
2021,10,1,3,right,Post Mahomes,ThreatLevelMidnight,2021-W10-M05,Jonathan Taylor,RB,RB,True,False,False,19.02,21.6,,Jonathan Taylor,RB,"["""", ""Darrell Henderson Jr."", ""14.87"", ""6.10"", ""RB"", ""RB"", ""RB"", ""21.60"", ""19.02"", ""Jonathan Taylor"", """"]",5,5,126.34,66.84
2021,10,1,4,left,ThreatLevelMidnight,Post Mahomes,2021-W10-M05,Elijah Mitchell,RB,RB,True,False,False,12.83,9.1,,Elijah Mitchell,RB,"["""", ""Elijah Mitchell"", ""12.83"", ""9.10"", ""RB"", ""RB"", ""RB"", ""16.20"", ""11.33"", ""Michael Carter"", """"]",5,5,66.84,126.34
2021,10,1,4,right,Post Mahomes,ThreatLevelMidnight,2021-W10-M05,Michael Carter,RB,RB,True,False,False,11.33,16.2,,Michael Carter,RB,"["""", ""Elijah Mitchell"", ""12.83"", ""9.10"", ""RB"", ""RB"", ""RB"", ""16.20"", ""11.33"", ""Michael Carter"", """"]",5,5,126.34,66.84
2021,10,1,5,left,ThreatLevelMidnight,Post Mahomes,2021-W10-M05,Noah Fant,TE,TE,True,False,False,9.39,8.4,,Noah Fant,TE,"["""", ""Noah Fant"", ""9.39"", ""8.40"", ""TE"", ""TE"", ""TE"", ""8.00"", ""10.08"", ""Kyle Pitts Sr."", """"]",5,5,66.84,126.34
2021,10,1,5,right,Post Mahomes,ThreatLevelMidnight,2021-W10-M05,Kyle Pitts Sr.,TE,TE,True,False,False,10.08,8.0,,Kyle Pitts Sr.,TE,"["""", ""Noah Fant"", ""9.39"", ""8.40"", ""TE"", ""TE"", ""TE"", ""8.00"", ""10.08"", ""Kyle Pitts Sr."", """"]",5,5,126.34,66.84
2021,10,1,6,left,ThreatLevelMidnight,Post Mahomes,2021-W10-M05,Chris Godwin Jr.,,W/R/T,True,False,False,14.24,9.2,,Chris Godwin Jr.,W/R/T,"["""", ""Chris Godwin Jr."", ""14.24"", ""9.20"", ""W/R/T"", ""W/R/T"", ""W/R/T"", ""24.90"", ""12.19"", ""Darrel Williams"", """"]",5,5,66.84,126.34
2021,10,1,6,right,Post Mahomes,ThreatLevelMidnight,2021-W10-M05,Darrel Williams,,W/R/T,True,False,False,12.19,24.9,,Darrel Williams,W/R/T,"["""", ""Chris Godwin Jr."", ""14.24"", ""9.20"", ""W/R/T"", ""W/R/T"", ""W/R/T"", ""24.90"", ""12.19"", ""Darrel Williams"", """"]",5,5,126.34,66.84
2021,10,1,7,left,ThreatLevelMidnight,Post Mahomes,2021-W10-M05,Tyler Bass,K,K,True,False,False,10.36,9.0,,Tyler Bass,K,"["""", ""Tyler Bass"", ""10.36"", ""9.00"", ""K"", ""K"", ""K"", ""5.00"", ""8.76"", ""Matt Prater"", """"]",5,5,66.84,126.34
2021,10,1,7,right,Post Mahomes,ThreatLevelMidnight,2021-W10-M05,Matt Prater,K,K,True,False,False,8.76,5.0,,Matt Prater,K,"["""", ""Tyler Bass"", ""10.36"", ""9.00"", ""K"", ""K"", ""K"", ""5.00"", ""8.76"", ""Matt Prater"", """"]",5,5,126.34,66.84
2021,10,1,8,left,ThreatLevelMidnight,Post Mahomes,2021-W10-M05,Browns - DEF,DEF,DEF,True,False,False,6.34,-2.0,,Browns - DEF,DEF,"["""", ""Browns - DEF"", ""6.34"", ""-2.00"", ""DEF"", ""DEF"", ""DEF"", ""5.00"", ""9.13"", ""Steelers - DEF"", """"]",5,5,66.84,126.34
2021,10,1,8,right,Post Mahomes,ThreatLevelMidnight,2021-W10-M05,Steelers - DEF,DEF,DEF,True,False,False,9.13,5.0,,Steelers - DEF,DEF,"["""", ""Browns - DEF"", ""6.34"", ""-2.00"", ""DEF"", ""DEF"", ""DEF"", ""5.00"", ""9.13"", ""Steelers - DEF"", """"]",5,5,126.34,66.84
2021,10,2,0,left,ThreatLevelMidnight,Post Mahomes,2021-W10-M05,Dan Arnold,,BN,False,True,False,7.61,11.2,,Dan Arnold,BN,"["""", ""Dan Arnold"", ""7.61"", ""11.20"", ""BN"", ""BN"", ""BN"", ""0.00"", ""0.00"", ""Kyler Murray "", """"]",5,5,66.84,126.34
2021,10,2,0,right,Post Mahomes,ThreatLevelMidnight,2021-W10-M05,Kyler Murray,,BN,False,True,False,0.0,0.0,,Kyler Murray ,BN,"["""", ""Dan Arnold"", ""7.61"", ""11.20"", ""BN"", ""BN"", ""BN"", ""0.00"", ""0.00"", ""Kyler Murray "", """"]",5,5,126.34,66.84
2021,10,2,1,left,ThreatLevelMidnight,Post Mahomes,2021-W10-M05,Kadarius Toney,,BN,False,True,False,0.0,0.0,,Kadarius Toney,BN,"["""", ""Kadarius Toney"", ""0.00"", ""0.00"", ""BN"", ""BN"", ""BN"", ""0.00"", ""0.00"", ""Brandin Cooks"", """"]",5,5,66.84,126.34
2021,10,2,1,right,Post Mahomes,ThreatLevelMidnight,2021-W10-M05,Brandin Cooks,,BN,False,True,False,0.0,0.0,,Brandin Cooks,BN,"["""", ""Kadarius Toney"", ""0.00"", ""0.00"", ""BN"", ""BN"", ""BN"", ""0.00"", ""0.00"", ""Brandin Cooks"", """"]",5,5,126.34,66.84
2021,10,2,2,left,ThreatLevelMidnight,Post Mahomes,2021-W10-M05,Joe Mixon,,BN,False,True,False,0.0,,,Joe Mixon,BN,"["""", ""Joe Mixon"", ""0.00"", ""–"", ""BN"", ""BN"", ""BN"", ""0.00"", ""0.00"", ""Saquon Barkley"", """"]",5,5,66.84,126.34
2021,10,2,2,right,Post Mahomes,ThreatLevelMidnight,2021-W10-M05,Saquon Barkley,,BN,False,True,False,0.0,0.0,,Saquon Barkley,BN,"["""", ""Joe Mixon"", ""0.00"", ""–"", ""BN"", ""BN"", ""BN"", ""0.00"", ""0.00"", ""Saquon Barkley"", """"]",5,5,126.34,66.84
2021,10,2,3,left,ThreatLevelMidnight,Post Mahomes,2021-W10-M05,Chuba Hubbard,,BN,False,True,False,2.2,8.7,,Chuba Hubbard,BN,"["""", ""Chuba Hubbard"", ""2.20"", ""8.70"", ""BN"", ""BN"", ""BN"", ""–"", ""0.00"", ""Kenny Golladay"", """"]",5,5,66.84,126.34
2021,10,2,3,right,Post Mahomes,ThreatLevelMidnight,2021-W10-M05,Kenny Golladay,,BN,False,True,False,0.0,,,Kenny Golladay,BN,"["""", ""Chuba Hubbard"", ""2.20"", ""8.70"", ""BN"", ""BN"", ""BN"", ""–"", ""0.00"", ""Kenny Golladay"", """"]",5,5,126.34,66.84
2021,10,2,4,left,ThreatLevelMidnight,Post Mahomes,2021-W10-M05,Jakobi Meyers,,BN,False,True,False,11.06,12.9,,Jakobi Meyers,BN,"["""", ""Jakobi Meyers"", ""11.06"", ""12.90"", ""BN"", ""BN"", ""BN"", ""12.80"", ""9.69"", ""Tony Pollard"", """"]",5,5,66.84,126.34
2021,10,2,4,right,Post Mahomes,ThreatLevelMidnight,2021-W10-M05,Tony Pollard,,BN,False,True,False,9.69,12.8,,Tony Pollard,BN,"["""", ""Jakobi Meyers"", ""11.06"", ""12.90"", ""BN"", ""BN"", ""BN"", ""12.80"", ""9.69"", ""Tony Pollard"", """"]",5,5,126.34,66.84
2021,10,2,5,left,ThreatLevelMidnight,Post Mahomes,2021-W10-M05,Rhamondre Stevenson,,BN,False,True,False,8.02,25.4,,Rhamondre Stevenson,BN,"["""", ""Rhamondre Stevenson"", ""8.02"", ""25.40"", ""BN"", ""BN"", ""BN"", ""2.80"", ""9.66"", ""Odell Beckham Jr."", """"]",5,5,66.84,126.34
2021,10,2,5,right,Post Mahomes,ThreatLevelMidnight,2021-W10-M05,Odell Beckham Jr.,,BN,False,True,False,9.66,2.8,,Odell Beckham Jr.,BN,"["""", ""Rhamondre Stevenson"", ""8.02"", ""25.40"", ""BN"", ""BN"", ""BN"", ""2.80"", ""9.66"", ""Odell Beckham Jr."", """"]",5,5,126.34,66.84
2021,10,2,6,left,ThreatLevelMidnight,Post Mahomes,2021-W10-M05,Michael Thomas,,IR,False,False,True,0.0,0.0,,Michael Thomas,IR,"["""", ""Michael Thomas"", ""0.00"", ""0.00"", ""IR"", ""IR"", ""IR"", ""–"", ""0.00"", ""(Empty)"", """"]",5,5,66.84,126.34
2021,10,2,6,right,Post Mahomes,ThreatLevelMidnight,2021-W10-M05,(Empty),,IR,False,False,True,0.0,,,(Empty),IR,"["""", ""Michael Thomas"", ""0.00"", ""0.00"", ""IR"", ""IR"", ""IR"", ""–"", ""0.00"", ""(Empty)"", """"]",5,5,126.34,66.84
2021,10,1,0,left,Patty Primetimes,Pop Lockett Drop it,2021-W10-M06,Mac Jones,QB,QB,True,False,False,21.66,25.92,,Mac Jones,QB,"["""", ""Mac Jones"", ""21.66"", ""25.92"", ""QB"", ""QB"", ""QB"", ""25.94"", ""30.28"", ""Josh Allen "", """"]",6,6,112.12,73.84
2021,10,1,0,right,Pop Lockett Drop it,Patty Primetimes,2021-W10-M06,Josh Allen,QB,QB,True,False,False,30.28,25.94,,Josh Allen ,QB,"["""", ""Mac Jones"", ""21.66"", ""25.92"", ""QB"", ""QB"", ""QB"", ""25.94"", ""30.28"", ""Josh Allen "", """"]",6,6,73.84,112.12
2021,10,1,1,left,Patty Primetimes,Pop Lockett Drop it,2021-W10-M06,Stefon Diggs,WR,WR,True,False,False,15.43,26.2,,Stefon Diggs ,WR,"["""", ""Stefon Diggs "", ""15.43"", ""26.20"", ""WR"", ""WR"", ""WR"", ""20.60"", ""11.20"", ""DeVonta Smith"", """"]",6,6,112.12,73.84
2021,10,1,1,right,Pop Lockett Drop it,Patty Primetimes,2021-W10-M06,DeVonta Smith,WR,WR,True,False,False,11.2,20.6,,DeVonta Smith,WR,"["""", ""Stefon Diggs "", ""15.43"", ""26.20"", ""WR"", ""WR"", ""WR"", ""20.60"", ""11.20"", ""DeVonta Smith"", """"]",6,6,73.84,112.12
2021,10,1,2,left,Patty Primetimes,Pop Lockett Drop it,2021-W10-M06,Hollywood Brown,WR,WR,True,False,False,13.27,6.7,,Hollywood Brown,WR,"["""", ""Hollywood Brown"", ""13.27"", ""6.70"", ""WR"", ""WR"", ""WR"", ""3.50"", ""8.99"", ""Jamison Crowder"", """"]",6,6,112.12,73.84
2021,10,1,2,right,Pop Lockett Drop it,Patty Primetimes,2021-W10-M06,Jamison Crowder,WR,WR,True,False,False,8.99,3.5,,Jamison Crowder,WR,"["""", ""Hollywood Brown"", ""13.27"", ""6.70"", ""WR"", ""WR"", ""WR"", ""3.50"", ""8.99"", ""Jamison Crowder"", """"]",6,6,73.84,112.12
2021,10,1,3,left,Patty Primetimes,Pop Lockett Drop it,2021-W10-M06,Austin Ekeler,RB,RB,True,False,False,18.86,13.4,,Austin Ekeler,RB,"["""", ""Austin Ekeler"", ""18.86"", ""13.40"", ""RB"", ""RB"", ""RB"", ""1.30"", ""8.65"", ""Jeremy McNichols"", """"]",6,6,112.12,73.84
2021,10,1,3,right,Pop Lockett Drop it,Patty Primetimes,2021-W10-M06,Jeremy McNichols,RB,RB,True,False,False,8.65,1.3,,Jeremy McNichols,RB,"["""", ""Austin Ekeler"", ""18.86"", ""13.40"", ""RB"", ""RB"", ""RB"", ""1.30"", ""8.65"", ""Jeremy McNichols"", """"]",6,6,73.84,112.12
2021,10,1,4,left,Patty Primetimes,Pop Lockett Drop it,2021-W10-M06,Kenyan Drake,RB,RB,True,False,False,5.91,4.1,,Kenyan Drake,RB,"["""", ""Kenyan Drake"", ""5.91"", ""4.10"", ""RB"", ""RB"", ""RB"", ""5.40"", ""10.80"", ""Alex Collins"", """"]",6,6,112.12,73.84
2021,10,1,4,right,Pop Lockett Drop it,Patty Primetimes,2021-W10-M06,Alex Collins,RB,RB,True,False,False,10.8,5.4,,Alex Collins,RB,"["""", ""Kenyan Drake"", ""5.91"", ""4.10"", ""RB"", ""RB"", ""RB"", ""5.40"", ""10.80"", ""Alex Collins"", """"]",6,6,73.84,112.12
2021,10,1,5,left,Patty Primetimes,Pop Lockett Drop it,2021-W10-M06,Travis Kelce,TE,TE,True,False,False,15.72,15.9,,Travis Kelce,TE,"["""", ""Travis Kelce"", ""15.72"", ""15.90"", ""TE"", ""TE"", ""TE"", ""–"", ""9.90"", ""Mike Gesicki"", """"]",6,6,112.12,73.84
2021,10,1,5,right,Pop Lockett Drop it,Patty Primetimes,2021-W10-M06,Mike Gesicki,TE,TE,True,False,False,9.9,,,Mike Gesicki,TE,"["""", ""Travis Kelce"", ""15.72"", ""15.90"", ""TE"", ""TE"", ""TE"", ""–"", ""9.90"", ""Mike Gesicki"", """"]",6,6,73.84,112.12
2021,10,1,6,left,Patty Primetimes,Pop Lockett Drop it,2021-W10-M06,Courtland Sutton,,W/R/T,True,False,False,11.27,3.9,,Courtland Sutton,W/R/T,"["""", ""Courtland Sutton"", ""11.27"", ""3.90"", ""W/R/T"", ""W/R/T"", ""W/R/T"", ""2.10"", ""8.61"", ""Rondale Moore"", """"]",6,6,112.12,73.84
2021,10,1,6,right,Pop Lockett Drop it,Patty Primetimes,2021-W10-M06,Rondale Moore,,W/R/T,True,False,False,8.61,2.1,,Rondale Moore,W/R/T,"["""", ""Courtland Sutton"", ""11.27"", ""3.90"", ""W/R/T"", ""W/R/T"", ""W/R/T"", ""2.10"", ""8.61"", ""Rondale Moore"", """"]",6,6,73.84,112.12
2021,10,1,7,left,Patty Primetimes,Pop Lockett Drop it,2021-W10-M06,Daniel Carlson,K,K,True,False,False,9.49,2.0,,Daniel Carlson,K,"["""", ""Daniel Carlson"", ""9.49"", ""2.00"", ""K"", ""K"", ""K"", ""4.00"", ""9.05"", ""Matt Gay"", """"]",6,6,112.12,73.84
2021,10,1,7,right,Pop Lockett Drop it,Patty Primetimes,2021-W10-M06,Matt Gay,K,K,True,False,False,9.05,4.0,,Matt Gay,K,"["""", ""Daniel Carlson"", ""9.49"", ""2.00"", ""K"", ""K"", ""K"", ""4.00"", ""9.05"", ""Matt Gay"", """"]",6,6,73.84,112.12
2021,10,1,8,left,Patty Primetimes,Pop Lockett Drop it,2021-W10-M06,Colts - DEF,DEF,DEF,True,False,False,8.82,14.0,,Colts - DEF,DEF,"["""", ""Colts - DEF"", ""8.82"", ""14.00"", ""DEF"", ""DEF"", ""DEF"", ""11.00"", ""7.35"", ""Patriots - DEF"", """"]",6,6,112.12,73.84
2021,10,1,8,right,Pop Lockett Drop it,Patty Primetimes,2021-W10-M06,Patriots - DEF,DEF,DEF,True,False,False,7.35,11.0,,Patriots - DEF,DEF,"["""", ""Colts - DEF"", ""8.82"", ""14.00"", ""DEF"", ""DEF"", ""DEF"", ""11.00"", ""7.35"", ""Patriots - DEF"", """"]",6,6,73.84,112.12
2021,10,2,0,left,Patty Primetimes,Pop Lockett Drop it,2021-W10-M06,Sony Michel,,BN,False,True,False,4.46,4.1,,Sony Michel,BN,"["""", ""Sony Michel"", ""4.46"", ""4.10"", ""BN"", ""BN"", ""BN"", ""0.00"", ""0.00"", ""Julio Jones"", """"]",6,6,112.12,73.84
2021,10,2,0,right,Pop Lockett Drop it,Patty Primetimes,2021-W10-M06,Julio Jones,,BN,False,True,False,0.0,0.0,,Julio Jones,BN,"["""", ""Sony Michel"", ""4.46"", ""4.10"", ""BN"", ""BN"", ""BN"", ""0.00"", ""0.00"", ""Julio Jones"", """"]",6,6,73.84,112.12
2021,10,2,1,left,Patty Primetimes,Pop Lockett Drop it,2021-W10-M06,DeVante Parker,,BN,False,True,False,0.0,0.0,,DeVante Parker,BN,"["""", ""DeVante Parker"", ""0.00"", ""0.00"", ""BN"", ""BN"", ""BN"", ""0.00"", ""0.00"", ""Chris Carson"", """"]",6,6,112.12,73.84
2021,10,2,1,right,Pop Lockett Drop it,Patty Primetimes,2021-W10-M06,Chris Carson,,BN,False,True,False,0.0,0.0,,Chris Carson,BN,"["""", ""DeVante Parker"", ""0.00"", ""0.00"", ""BN"", ""BN"", ""BN"", ""0.00"", ""0.00"", ""Chris Carson"", """"]",6,6,73.84,112.12
2021,10,2,2,left,Patty Primetimes,Pop Lockett Drop it,2021-W10-M06,Jamaal Williams,,BN,False,True,False,0.0,0.0,,Jamaal Williams,BN,"["""", ""Jamaal Williams"", ""0.00"", ""0.00"", ""BN"", ""BN"", ""BN"", ""0.00"", ""0.00"", ""Alvin Kamara"", """"]",6,6,112.12,73.84
2021,10,2,2,right,Pop Lockett Drop it,Patty Primetimes,2021-W10-M06,Alvin Kamara,,BN,False,True,False,0.0,0.0,,Alvin Kamara,BN,"["""", ""Jamaal Williams"", ""0.00"", ""0.00"", ""BN"", ""BN"", ""BN"", ""0.00"", ""0.00"", ""Alvin Kamara"", """"]",6,6,73.84,112.12
2021,10,2,3,left,Patty Primetimes,Pop Lockett Drop it,2021-W10-M06,Henry Ruggs III,,BN,False,True,False,0.0,0.0,,Henry Ruggs III,BN,"["""", ""Henry Ruggs III"", ""0.00"", ""0.00"", ""BN"", ""BN"", ""BN"", ""–"", ""0.00"", ""Tee Higgins"", """"]",6,6,112.12,73.84
2021,10,2,3,right,Pop Lockett Drop it,Patty Primetimes,2021-W10-M06,Tee Higgins,,BN,False,True,False,0.0,,,Tee Higgins,BN,"["""", ""Henry Ruggs III"", ""0.00"", ""0.00"", ""BN"", ""BN"", ""BN"", ""–"", ""0.00"", ""Tee Higgins"", """"]",6,6,73.84,112.12
2021,10,2,4,left,Patty Primetimes,Pop Lockett Drop it,2021-W10-M06,Robbie Chosen,,BN,False,True,False,6.46,11.7,,Robbie Chosen,BN,"["""", ""Robbie Chosen"", ""6.46"", ""11.70"", ""BN"", ""BN"", ""BN"", ""17.70"", ""9.17"", ""Hunter Henry"", """"]",6,6,112.12,73.84
2021,10,2,4,right,Pop Lockett Drop it,Patty Primetimes,2021-W10-M06,Hunter Henry,,BN,False,True,False,9.17,17.7,,Hunter Henry,BN,"["""", ""Robbie Chosen"", ""6.46"", ""11.70"", ""BN"", ""BN"", ""BN"", ""17.70"", ""9.17"", ""Hunter Henry"", """"]",6,6,73.84,112.12
2021,10,2,5,left,Patty Primetimes,Pop Lockett Drop it,2021-W10-M06,Michael Gallup,,BN,False,True,False,9.2,5.7,,Michael Gallup,BN,"["""", ""Michael Gallup"", ""9.20"", ""5.70"", ""BN"", ""BN"", ""BN"", ""0.00"", ""0.00"", ""Clyde Edwards-Helaire"", """"]",6,6,112.12,73.84
2021,10,2,5,right,Pop Lockett Drop it,Patty Primetimes,2021-W10-M06,Clyde Edwards-Helaire,,BN,False,True,False,0.0,0.0,,Clyde Edwards-Helaire,BN,"["""", ""Michael Gallup"", ""9.20"", ""5.70"", ""BN"", ""BN"", ""BN"", ""0.00"", ""0.00"", ""Clyde Edwards-Helaire"", """"]",6,6,73.84,112.12
2021,10,2,6,left,Patty Primetimes,Pop Lockett Drop it,2021-W10-M06,(Empty),,IR,False,False,True,0.0,,,(Empty),IR,"["""", ""(Empty)"", ""0.00"", ""–"", ""IR"", ""IR"", ""IR"", ""0.00"", ""0.00"", ""Travis Etienne Jr."", """"]",6,6,112.12,73.84
2021,10,2,6,right,Pop Lockett Drop it,Patty Primetimes,2021-W10-M06,Travis Etienne Jr.,,IR,False,False,True,0.0,0.0,,Travis Etienne Jr.,IR,"["""", ""(Empty)"", ""0.00"", ""–"", ""IR"", ""IR"", ""IR"", ""0.00"", ""0.00"", ""Travis Etienne Jr."", """"]",6,6,73.84,112.12
2021,11,1,0,left,Patty Primetimes,The Big Gronkowski,2021-W11-M01,Joe Burrow,QB,QB,True,False,False,23.69,11.02,,Joe Burrow,QB,"["""", ""Joe Burrow"", ""23.69"", ""11.02"", ""QB"", ""QB"", ""QB"", ""22.16"", ""30.25"", ""Josh Allen "", """"]",1,1,96.52,103.96
2021,11,1,0,right,The Big Gronkowski,Patty Primetimes,2021-W11-M01,Josh Allen,QB,QB,True,False,False,30.25,22.16,,Josh Allen ,QB,"["""", ""Joe Burrow"", ""23.69"", ""11.02"", ""QB"", ""QB"", ""QB"", ""22.16"", ""30.25"", ""Josh Allen "", """"]",1,1,103.96,96.52
2021,11,1,1,left,Patty Primetimes,The Big Gronkowski,2021-W11-M01,Tyler Lockett,WR,WR,True,False,False,12.43,13.5,,Tyler Lockett,WR,"["""", ""Tyler Lockett"", ""12.43"", ""13.50"", ""WR"", ""WR"", ""WR"", ""8.10"", ""11.25"", ""DeVonta Smith"", """"]",1,1,96.52,103.96
2021,11,1,1,right,The Big Gronkowski,Patty Primetimes,2021-W11-M01,DeVonta Smith,WR,WR,True,False,False,11.25,8.1,,DeVonta Smith,WR,"["""", ""Tyler Lockett"", ""12.43"", ""13.50"", ""WR"", ""WR"", ""WR"", ""8.10"", ""11.25"", ""DeVonta Smith"", """"]",1,1,103.96,96.52
2021,11,1,2,left,Patty Primetimes,The Big Gronkowski,2021-W11-M01,Michael Pittman Jr.,WR,WR,True,False,False,11.28,3.3,,Michael Pittman Jr.,WR,"["""", ""Michael Pittman Jr."", ""11.28"", ""3.30"", ""WR"", ""WR"", ""WR"", ""2.50"", ""12.21"", ""Tee Higgins"", """"]",1,1,96.52,103.96
2021,11,1,2,right,The Big Gronkowski,Patty Primetimes,2021-W11-M01,Tee Higgins,WR,WR,True,False,False,12.21,2.5,,Tee Higgins,WR,"["""", ""Michael Pittman Jr."", ""11.28"", ""3.30"", ""WR"", ""WR"", ""WR"", ""2.50"", ""12.21"", ""Tee Higgins"", """"]",1,1,103.96,96.52
2021,11,1,3,left,Patty Primetimes,The Big Gronkowski,2021-W11-M01,Najee Harris,RB,RB,True,False,False,17.94,14.4,,Najee Harris,RB,"["""", ""Najee Harris"", ""17.94"", ""14.40"", ""RB"", ""RB"", ""RB"", ""3.60"", ""9.62"", ""Alex Collins"", """"]",1,1,96.52,103.96
2021,11,1,3,right,The Big Gronkowski,Patty Primetimes,2021-W11-M01,Alex Collins,RB,RB,True,False,False,9.62,3.6,,Alex Collins,RB,"["""", ""Najee Harris"", ""17.94"", ""14.40"", ""RB"", ""RB"", ""RB"", ""3.60"", ""9.62"", ""Alex Collins"", """"]",1,1,103.96,96.52
2021,11,1,4,left,Patty Primetimes,The Big Gronkowski,2021-W11-M01,Antonio Gibson,RB,RB,True,False,False,13.16,7.5,,Antonio Gibson,RB,"["""", ""Antonio Gibson"", ""13.16"", ""7.50"", ""RB"", ""RB"", ""RB"", ""14.60"", ""7.69"", ""Clyde Edwards-Helaire"", """"]",1,1,96.52,103.96
2021,11,1,4,right,The Big Gronkowski,Patty Primetimes,2021-W11-M01,Clyde Edwards-Helaire,RB,RB,True,False,False,7.69,14.6,,Clyde Edwards-Helaire,RB,"["""", ""Antonio Gibson"", ""13.16"", ""7.50"", ""RB"", ""RB"", ""RB"", ""14.60"", ""7.69"", ""Clyde Edwards-Helaire"", """"]",1,1,103.96,96.52
2021,11,1,5,left,Patty Primetimes,The Big Gronkowski,2021-W11-M01,Darren Waller,TE,TE,True,False,False,11.69,15.1,,Darren Waller ,TE,"["""", ""Darren Waller "", ""11.69"", ""15.10"", ""TE"", ""TE"", ""TE"", ""3.50"", ""8.21"", ""Hunter Henry"", """"]",1,1,96.52,103.96
2021,11,1,5,right,The Big Gronkowski,Patty Primetimes,2021-W11-M01,Hunter Henry,TE,TE,True,False,False,8.21,3.5,,Hunter Henry,TE,"["""", ""Darren Waller "", ""11.69"", ""15.10"", ""TE"", ""TE"", ""TE"", ""3.50"", ""8.21"", ""Hunter Henry"", """"]",1,1,103.96,96.52
2021,11,1,6,left,Patty Primetimes,The Big Gronkowski,2021-W11-M01,AJ Dillon,,W/R/T,True,False,False,15.11,12.7,,AJ Dillon,W/R/T,"["""", ""AJ Dillon"", ""15.11"", ""12.70"", ""W/R/T"", ""W/R/T"", ""W/R/T"", ""7.50"", ""10.08"", ""Mike Gesicki"", """"]",1,1,96.52,103.96
2021,11,1,6,right,The Big Gronkowski,Patty Primetimes,2021-W11-M01,Mike Gesicki,,W/R/T,True,False,False,10.08,7.5,,Mike Gesicki,W/R/T,"["""", ""AJ Dillon"", ""15.11"", ""12.70"", ""W/R/T"", ""W/R/T"", ""W/R/T"", ""7.50"", ""10.08"", ""Mike Gesicki"", """"]",1,1,103.96,96.52
2021,11,1,7,left,Patty Primetimes,The Big Gronkowski,2021-W11-M01,Robbie Gould,K,K,True,False,False,8.6,14.0,,Robbie Gould,K,"["""", ""Robbie Gould"", ""8.60"", ""14.00"", ""K"", ""K"", ""K"", ""14.00"", ""8.57"", ""Chris Boswell"", """"]",1,1,96.52,103.96
2021,11,1,7,right,The Big Gronkowski,Patty Primetimes,2021-W11-M01,Chris Boswell,K,K,True,False,False,8.57,14.0,,Chris Boswell,K,"["""", ""Robbie Gould"", ""8.60"", ""14.00"", ""K"", ""K"", ""K"", ""14.00"", ""8.57"", ""Chris Boswell"", """"]",1,1,103.96,96.52
2021,11,1,8,left,Patty Primetimes,The Big Gronkowski,2021-W11-M01,Panthers - DEF,DEF,DEF,True,False,False,8.3,5.0,,Panthers - DEF,DEF,"["""", ""Panthers - DEF"", ""8.30"", ""5.00"", ""DEF"", ""DEF"", ""DEF"", ""28.00"", ""8.87"", ""Patriots - DEF"", """"]",1,1,96.52,103.96
2021,11,1,8,right,The Big Gronkowski,Patty Primetimes,2021-W11-M01,Patriots - DEF,DEF,DEF,True,False,False,8.87,28.0,,Patriots - DEF,DEF,"["""", ""Panthers - DEF"", ""8.30"", ""5.00"", ""DEF"", ""DEF"", ""DEF"", ""28.00"", ""8.87"", ""Patriots - DEF"", """"]",1,1,103.96,96.52
2021,11,2,0,left,Patty Primetimes,The Big Gronkowski,2021-W11-M01,Cooper Kupp,,BN,False,True,False,0.0,0.0,,Cooper Kupp,BN,"["""", ""Cooper Kupp"", ""0.00"", ""0.00"", ""BN"", ""BN"", ""BN"", ""0.00"", ""0.00"", ""Alvin Kamara"", """"]",1,1,96.52,103.96
2021,11,2,0,right,The Big Gronkowski,Patty Primetimes,2021-W11-M01,Alvin Kamara,,BN,False,True,False,0.0,0.0,,Alvin Kamara,BN,"["""", ""Cooper Kupp"", ""0.00"", ""0.00"", ""BN"", ""BN"", ""BN"", ""0.00"", ""0.00"", ""Alvin Kamara"", """"]",1,1,103.96,96.52
2021,11,2,1,left,Patty Primetimes,The Big Gronkowski,2021-W11-M01,Matthew Stafford,,BN,False,True,False,0.0,,,Matthew Stafford,BN,"["""", ""Matthew Stafford"", ""0.00"", ""–"", ""BN"", ""BN"", ""BN"", ""0.00"", ""0.00"", ""Chris Carson"", """"]",1,1,96.52,103.96
2021,11,2,1,right,The Big Gronkowski,Patty Primetimes,2021-W11-M01,Chris Carson,,BN,False,True,False,0.0,0.0,,Chris Carson,BN,"["""", ""Matthew Stafford"", ""0.00"", ""–"", ""BN"", ""BN"", ""BN"", ""0.00"", ""0.00"", ""Chris Carson"", """"]",1,1,103.96,96.52
2021,11,2,2,left,Patty Primetimes,The Big Gronkowski,2021-W11-M01,Chase Claypool,,BN,False,True,False,10.54,11.9,,Chase Claypool,BN,"["""", ""Chase Claypool"", ""10.54"", ""11.90"", ""BN"", ""BN"", ""BN"", ""10.60"", ""7.37"", ""Rondale Moore"", """"]",1,1,96.52,103.96
2021,11,2,2,right,The Big Gronkowski,Patty Primetimes,2021-W11-M01,Rondale Moore,,BN,False,True,False,7.37,10.6,,Rondale Moore,BN,"["""", ""Chase Claypool"", ""10.54"", ""11.90"", ""BN"", ""BN"", ""BN"", ""10.60"", ""7.37"", ""Rondale Moore"", """"]",1,1,103.96,96.52
2021,11,2,3,left,Patty Primetimes,The Big Gronkowski,2021-W11-M01,Nyheim Miller-Hines,,BN,False,True,False,7.31,3.1,,Nyheim Miller-Hines,BN,"["""", ""Nyheim Miller-Hines"", ""7.31"", ""3.10"", ""BN"", ""BN"", ""BN"", ""13.40"", ""8.04"", ""Jamison Crowder"", """"]",1,1,96.52,103.96
2021,11,2,3,right,The Big Gronkowski,Patty Primetimes,2021-W11-M01,Jamison Crowder,,BN,False,True,False,8.04,13.4,,Jamison Crowder,BN,"["""", ""Nyheim Miller-Hines"", ""7.31"", ""3.10"", ""BN"", ""BN"", ""BN"", ""13.40"", ""8.04"", ""Jamison Crowder"", """"]",1,1,103.96,96.52
2021,11,2,4,left,Patty Primetimes,The Big Gronkowski,2021-W11-M01,Tyler Conklin,,BN,False,True,False,7.55,5.0,,Tyler Conklin,BN,"["""", ""Tyler Conklin"", ""7.55"", ""5.00"", ""BN"", ""BN"", ""BN"", ""0.00"", ""0.00"", ""Jeremy McNichols"", """"]",1,1,96.52,103.96
2021,11,2,4,right,The Big Gronkowski,Patty Primetimes,2021-W11-M01,Jeremy McNichols,,BN,False,True,False,0.0,0.0,,Jeremy McNichols,BN,"["""", ""Tyler Conklin"", ""7.55"", ""5.00"", ""BN"", ""BN"", ""BN"", ""0.00"", ""0.00"", ""Jeremy McNichols"", """"]",1,1,103.96,96.52
2021,11,2,5,left,Patty Primetimes,The Big Gronkowski,2021-W11-M01,Cole Beasley,,BN,False,True,False,9.32,4.3,,Cole Beasley,BN,"["""", ""Cole Beasley"", ""9.32"", ""4.30"", ""BN"", ""BN"", ""BN"", ""7.00"", ""8.39"", ""Matt Prater"", """"]",1,1,96.52,103.96
2021,11,2,5,right,The Big Gronkowski,Patty Primetimes,2021-W11-M01,Matt Prater,,BN,False,True,False,8.39,7.0,,Matt Prater,BN,"["""", ""Cole Beasley"", ""9.32"", ""4.30"", ""BN"", ""BN"", ""BN"", ""7.00"", ""8.39"", ""Matt Prater"", """"]",1,1,103.96,96.52
2021,11,2,6,left,Patty Primetimes,The Big Gronkowski,2021-W11-M01,(Empty),,IR,False,False,True,0.0,,,(Empty),IR,"["""", ""(Empty)"", ""0.00"", ""–"", ""IR"", ""IR"", ""IR"", ""0.00"", ""0.00"", ""Travis Etienne Jr."", """"]",1,1,96.52,103.96
2021,11,2,6,right,The Big Gronkowski,Patty Primetimes,2021-W11-M01,Travis Etienne Jr.,,IR,False,False,True,0.0,0.0,,Travis Etienne Jr.,IR,"["""", ""(Empty)"", ""0.00"", ""–"", ""IR"", ""IR"", ""IR"", ""0.00"", ""0.00"", ""Travis Etienne Jr."", """"]",1,1,103.96,96.52
2021,11,1,0,left,Malle ❤️ 🐸,Uncle Rico,2021-W11-M02,Jimmy Garoppolo,QB,QB,True,False,False,22.47,19.64,,Jimmy Garoppolo,QB,"["""", ""Jimmy Garoppolo"", ""22.47"", ""19.64"", ""QB"", ""QB"", ""QB"", ""24.28"", ""26.82"", ""Tom Brady"", """"]",2,2,96.64,110.18
2021,11,1,0,right,Uncle Rico,Malle ❤️ 🐸,2021-W11-M02,Tom Brady,QB,QB,True,False,False,26.82,24.28,,Tom Brady,QB,"["""", ""Jimmy Garoppolo"", ""22.47"", ""19.64"", ""QB"", ""QB"", ""QB"", ""24.28"", ""26.82"", ""Tom Brady"", """"]",2,2,110.18,96.64
2021,11,1,1,left,Malle ❤️ 🐸,Uncle Rico,2021-W11-M02,Ja'Marr Chase,WR,WR,True,False,False,14.11,11.5,,Ja'Marr Chase,WR,"["""", ""Ja'Marr Chase"", ""14.11"", ""11.50"", ""WR"", ""WR"", ""WR"", ""15.50"", ""17.55"", ""Tyreek Hill"", """"]",2,2,96.64,110.18
2021,11,1,1,right,Uncle Rico,Malle ❤️ 🐸,2021-W11-M02,Tyreek Hill,WR,WR,True,False,False,17.55,15.5,,Tyreek Hill,WR,"["""", ""Ja'Marr Chase"", ""14.11"", ""11.50"", ""WR"", ""WR"", ""WR"", ""15.50"", ""17.55"", ""Tyreek Hill"", """"]",2,2,110.18,96.64
2021,11,1,2,left,Malle ❤️ 🐸,Uncle Rico,2021-W11-M02,Bryan Edwards,WR,WR,True,False,False,7.16,0.0,,Bryan Edwards,WR,"["""", ""Bryan Edwards"", ""7.16"", ""0.00"", ""WR"", ""WR"", ""WR"", ""15.70"", ""14.26"", ""Keenan Allen"", """"]",2,2,96.64,110.18
2021,11,1,2,right,Uncle Rico,Malle ❤️ 🐸,2021-W11-M02,Keenan Allen,WR,WR,True,False,False,14.26,15.7,,Keenan Allen,WR,"["""", ""Bryan Edwards"", ""7.16"", ""0.00"", ""WR"", ""WR"", ""WR"", ""15.70"", ""14.26"", ""Keenan Allen"", """"]",2,2,110.18,96.64
2021,11,1,3,left,Malle ❤️ 🐸,Uncle Rico,2021-W11-M02,Christian McCaffrey,RB,RB,True,False,False,19.57,21.4,,Christian McCaffrey,RB,"["""", ""Christian McCaffrey"", ""19.57"", ""21.40"", ""RB"", ""RB"", ""RB"", ""12.30"", ""12.73"", ""Mark Ingram II"", """"]",2,2,96.64,110.18
2021,11,1,3,right,Uncle Rico,Malle ❤️ 🐸,2021-W11-M02,Mark Ingram II,RB,RB,True,False,False,12.73,12.3,,Mark Ingram II,RB,"["""", ""Christian McCaffrey"", ""19.57"", ""21.40"", ""RB"", ""RB"", ""RB"", ""12.30"", ""12.73"", ""Mark Ingram II"", """"]",2,2,110.18,96.64
2021,11,1,4,left,Malle ❤️ 🐸,Uncle Rico,2021-W11-M02,D'Onta Foreman,RB,RB,True,False,False,9.6,4.5,,D'Onta Foreman,RB,"["""", ""D'Onta Foreman"", ""9.60"", ""4.50"", ""RB"", ""RB"", ""RB"", ""7.00"", ""10.51"", ""Damien Harris "", """"]",2,2,96.64,110.18
2021,11,1,4,right,Uncle Rico,Malle ❤️ 🐸,2021-W11-M02,Damien Harris,RB,RB,True,False,False,10.51,7.0,,Damien Harris ,RB,"["""", ""D'Onta Foreman"", ""9.60"", ""4.50"", ""RB"", ""RB"", ""RB"", ""7.00"", ""10.51"", ""Damien Harris "", """"]",2,2,110.18,96.64
2021,11,1,5,left,Malle ❤️ 🐸,Uncle Rico,2021-W11-M02,Mark Andrews,TE,TE,True,False,False,12.93,11.3,,Mark Andrews,TE,"["""", ""Mark Andrews"", ""12.93"", ""11.30"", ""TE"", ""TE"", ""TE"", ""8.10"", ""8.56"", ""T.J. Hockenson"", """"]",2,2,96.64,110.18
2021,11,1,5,right,Uncle Rico,Malle ❤️ 🐸,2021-W11-M02,T.J. Hockenson,TE,TE,True,False,False,8.56,8.1,,T.J. Hockenson,TE,"["""", ""Mark Andrews"", ""12.93"", ""11.30"", ""TE"", ""TE"", ""TE"", ""8.10"", ""8.56"", ""T.J. Hockenson"", """"]",2,2,110.18,96.64
2021,11,1,6,left,Malle ❤️ 🐸,Uncle Rico,2021-W11-M02,Latavius Murray,,W/R/T,True,False,False,5.66,4.3,,Latavius Murray,W/R/T,"["""", ""Latavius Murray"", ""5.66"", ""4.30"", ""W/R/T"", ""W/R/T"", ""W/R/T"", ""17.30"", ""16.28"", ""Mike Evans"", """"]",2,2,96.64,110.18
2021,11,1,6,right,Uncle Rico,Malle ❤️ 🐸,2021-W11-M02,Mike Evans,,W/R/T,True,False,False,16.28,17.3,,Mike Evans,W/R/T,"["""", ""Latavius Murray"", ""5.66"", ""4.30"", ""W/R/T"", ""W/R/T"", ""W/R/T"", ""17.30"", ""16.28"", ""Mike Evans"", """"]",2,2,110.18,96.64
2021,11,1,7,left,Malle ❤️ 🐸,Uncle Rico,2021-W11-M02,Ryan Succop,K,K,True,False,False,9.83,13.0,,Ryan Succop,K,"["""", ""Ryan Succop"", ""9.83"", ""13.00"", ""K"", ""K"", ""K"", ""11.00"", ""9.25"", ""Justin Tucker"", """"]",2,2,96.64,110.18
2021,11,1,7,right,Uncle Rico,Malle ❤️ 🐸,2021-W11-M02,Justin Tucker,K,K,True,False,False,9.25,11.0,,Justin Tucker,K,"["""", ""Ryan Succop"", ""9.83"", ""13.00"", ""K"", ""K"", ""K"", ""11.00"", ""9.25"", ""Justin Tucker"", """"]",2,2,110.18,96.64
2021,11,1,8,left,Malle ❤️ 🐸,Uncle Rico,2021-W11-M02,49ers - DEF,DEF,DEF,True,False,False,8.33,11.0,,49ers - DEF,DEF,"["""", ""49ers - DEF"", ""8.33"", ""11.00"", ""DEF"", ""DEF"", ""DEF"", ""-1.00"", ""7.60"", ""Chargers - DEF"", """"]",2,2,96.64,110.18
2021,11,1,8,right,Uncle Rico,Malle ❤️ 🐸,2021-W11-M02,Chargers - DEF,DEF,DEF,True,False,False,7.6,-1.0,,Chargers - DEF,DEF,"["""", ""49ers - DEF"", ""8.33"", ""11.00"", ""DEF"", ""DEF"", ""DEF"", ""-1.00"", ""7.60"", ""Chargers - DEF"", """"]",2,2,110.18,96.64
2021,11,2,0,left,Malle ❤️ 🐸,Uncle Rico,2021-W11-M02,Lamar Jackson,,BN,False,True,False,0.0,0.0,,Lamar Jackson,BN,"["""", ""Lamar Jackson"", ""0.00"", ""0.00"", ""BN"", ""BN"", ""BN"", ""3.60"", ""8.41"", ""Mike Davis "", """"]",2,2,96.64,110.18
2021,11,2,0,right,Uncle Rico,Malle ❤️ 🐸,2021-W11-M02,Mike Davis,,BN,False,True,False,8.41,3.6,,Mike Davis ,BN,"["""", ""Lamar Jackson"", ""0.00"", ""0.00"", ""BN"", ""BN"", ""BN"", ""3.60"", ""8.41"", ""Mike Davis "", """"]",2,2,110.18,96.64
2021,11,2,1,left,Malle ❤️ 🐸,Uncle Rico,2021-W11-M02,Antonio Brown,,BN,False,True,False,0.0,0.0,,Antonio Brown,BN,"["""", ""Antonio Brown"", ""0.00"", ""0.00"", ""BN"", ""BN"", ""BN"", ""18.20"", ""12.12"", ""Adam Thielen"", """"]",2,2,96.64,110.18
2021,11,2,1,right,Uncle Rico,Malle ❤️ 🐸,2021-W11-M02,Adam Thielen,,BN,False,True,False,12.12,18.2,,Adam Thielen,BN,"["""", ""Antonio Brown"", ""0.00"", ""0.00"", ""BN"", ""BN"", ""BN"", ""18.20"", ""12.12"", ""Adam Thielen"", """"]",2,2,110.18,96.64
2021,11,2,2,left,Malle ❤️ 🐸,Uncle Rico,2021-W11-M02,Brandon Bolden,,BN,False,True,False,7.28,2.6,,Brandon Bolden,BN,"["""", ""Brandon Bolden"", ""7.28"", ""2.60"", ""BN"", ""BN"", ""BN"", ""2.20"", ""5.89"", ""Jonnu Smith"", """"]",2,2,96.64,110.18
2021,11,2,2,right,Uncle Rico,Malle ❤️ 🐸,2021-W11-M02,Jonnu Smith,,BN,False,True,False,5.89,2.2,,Jonnu Smith,BN,"["""", ""Brandon Bolden"", ""7.28"", ""2.60"", ""BN"", ""BN"", ""BN"", ""2.20"", ""5.89"", ""Jonnu Smith"", """"]",2,2,110.18,96.64
2021,11,2,3,left,Malle ❤️ 🐸,Uncle Rico,2021-W11-M02,Tim Patrick,,BN,False,True,False,0.0,0.0,,Tim Patrick,BN,"["""", ""Tim Patrick"", ""0.00"", ""0.00"", ""BN"", ""BN"", ""BN"", ""30.78"", ""22.45"", ""Jalen Hurts"", """"]",2,2,96.64,110.18
2021,11,2,3,right,Uncle Rico,Malle ❤️ 🐸,2021-W11-M02,Jalen Hurts,,BN,False,True,False,22.45,30.78,,Jalen Hurts,BN,"["""", ""Tim Patrick"", ""0.00"", ""0.00"", ""BN"", ""BN"", ""BN"", ""30.78"", ""22.45"", ""Jalen Hurts"", """"]",2,2,110.18,96.64
2021,11,2,4,left,Malle ❤️ 🐸,Uncle Rico,2021-W11-M02,Allen Robinson,,BN,False,True,False,0.0,0.0,,Allen Robinson,BN,"["""", ""Allen Robinson"", ""0.00"", ""0.00"", ""BN"", ""BN"", ""BN"", ""0.00"", ""0.00"", ""Ryan Fitzpatrick"", """"]",2,2,96.64,110.18
2021,11,2,4,right,Uncle Rico,Malle ❤️ 🐸,2021-W11-M02,Ryan Fitzpatrick,,BN,False,True,False,0.0,0.0,,Ryan Fitzpatrick,BN,"["""", ""Allen Robinson"", ""0.00"", ""0.00"", ""BN"", ""BN"", ""BN"", ""0.00"", ""0.00"", ""Ryan Fitzpatrick"", """"]",2,2,110.18,96.64
2021,11,2,5,left,Malle ❤️ 🐸,Uncle Rico,2021-W11-M02,Randall Cobb,,BN,False,True,False,7.71,2.0,,Randall Cobb,BN,"["""", ""Randall Cobb"", ""7.71"", ""2.00"", ""BN"", ""BN"", ""BN"", ""10.00"", ""8.66"", ""Greg Zuerlein"", """"]",2,2,96.64,110.18
2021,11,2,5,right,Uncle Rico,Malle ❤️ 🐸,2021-W11-M02,Greg Zuerlein,,BN,False,True,False,8.66,10.0,,Greg Zuerlein,BN,"["""", ""Randall Cobb"", ""7.71"", ""2.00"", ""BN"", ""BN"", ""BN"", ""10.00"", ""8.66"", ""Greg Zuerlein"", """"]",2,2,110.18,96.64
2021,11,2,6,left,Malle ❤️ 🐸,Uncle Rico,2021-W11-M02,Derrick Henry,,IR,False,False,True,0.0,0.0,,Derrick Henry ,IR,"["""", ""Derrick Henry "", ""0.00"", ""0.00"", ""IR"", ""IR"", ""IR"", ""–"", ""0.00"", ""(Empty)"", """"]",2,2,96.64,110.18
2021,11,2,6,right,Uncle Rico,Malle ❤️ 🐸,2021-W11-M02,(Empty),,IR,False,False,True,0.0,,,(Empty),IR,"["""", ""Derrick Henry "", ""0.00"", ""0.00"", ""IR"", ""IR"", ""IR"", ""–"", ""0.00"", ""(Empty)"", """"]",2,2,110.18,96.64
2021,11,1,0,left,malle_dips_pouches,Voldemort,2021-W11-M03,Dak Prescott,QB,QB,True,False,False,29.17,4.64,,Dak Prescott,QB,"["""", ""Dak Prescott"", ""29.17"", ""4.64"", ""QB"", ""QB"", ""QB"", ""15.22"", ""24.15"", ""Ryan Tannehill"", """"]",3,3,127.64,93.42
2021,11,1,0,right,Voldemort,malle_dips_pouches,2021-W11-M03,Ryan Tannehill,QB,QB,True,False,False,24.15,15.22,,Ryan Tannehill,QB,"["""", ""Dak Prescott"", ""29.17"", ""4.64"", ""QB"", ""QB"", ""QB"", ""15.22"", ""24.15"", ""Ryan Tannehill"", """"]",3,3,93.42,127.64
2021,11,1,1,left,malle_dips_pouches,Voldemort,2021-W11-M03,Justin Jefferson,WR,WR,True,False,False,14.84,33.2,,Justin Jefferson ,WR,"["""", ""Justin Jefferson "", ""14.84"", ""33.20"", ""WR"", ""WR"", ""WR"", ""7.30"", ""15.87"", ""A.J. Brown"", """"]",3,3,127.64,93.42
2021,11,1,1,right,Voldemort,malle_dips_pouches,2021-W11-M03,A.J. Brown,WR,WR,True,False,False,15.87,7.3,,A.J. Brown,WR,"["""", ""Justin Jefferson "", ""14.84"", ""33.20"", ""WR"", ""WR"", ""WR"", ""7.30"", ""15.87"", ""A.J. Brown"", """"]",3,3,93.42,127.64
2021,11,1,2,left,malle_dips_pouches,Voldemort,2021-W11-M03,Deebo Samuel Sr.,WR,WR,True,False,False,14.42,15.9,,Deebo Samuel Sr.,WR,"["""", ""Deebo Samuel Sr."", ""14.42"", ""15.90"", ""WR"", ""WR"", ""WR"", ""18.20"", ""12.00"", ""Mike Williams"", """"]",3,3,127.64,93.42
2021,11,1,2,right,Voldemort,malle_dips_pouches,2021-W11-M03,Mike Williams,WR,WR,True,False,False,12.0,18.2,,Mike Williams,WR,"["""", ""Deebo Samuel Sr."", ""14.42"", ""15.90"", ""WR"", ""WR"", ""WR"", ""18.20"", ""12.00"", ""Mike Williams"", """"]",3,3,93.42,127.64
2021,11,1,3,left,malle_dips_pouches,Voldemort,2021-W11-M03,Nick Chubb,RB,RB,True,False,False,16.35,21.4,,Nick Chubb,RB,"["""", ""Nick Chubb"", ""16.35"", ""21.40"", ""RB"", ""RB"", ""RB"", ""21.10"", ""14.26"", ""D'Andre Swift"", """"]",3,3,127.64,93.42
2021,11,1,3,right,Voldemort,malle_dips_pouches,2021-W11-M03,D'Andre Swift,RB,RB,True,False,False,14.26,21.1,,D'Andre Swift,RB,"["""", ""Nick Chubb"", ""16.35"", ""21.40"", ""RB"", ""RB"", ""RB"", ""21.10"", ""14.26"", ""D'Andre Swift"", """"]",3,3,93.42,127.64
2021,11,1,4,left,malle_dips_pouches,Voldemort,2021-W11-M03,David Montgomery,RB,RB,True,False,False,13.03,7.2,,David Montgomery,RB,"["""", ""David Montgomery"", ""13.03"", ""7.20"", ""RB"", ""RB"", ""RB"", ""18.40"", ""14.30"", ""James Conner"", """"]",3,3,127.64,93.42
2021,11,1,4,right,Voldemort,malle_dips_pouches,2021-W11-M03,James Conner,RB,RB,True,False,False,14.3,18.4,,James Conner,RB,"["""", ""David Montgomery"", ""13.03"", ""7.20"", ""RB"", ""RB"", ""RB"", ""18.40"", ""14.30"", ""James Conner"", """"]",3,3,93.42,127.64
2021,11,1,5,left,malle_dips_pouches,Voldemort,2021-W11-M03,Dawson Knox,TE,TE,True,False,False,7.95,11.0,,Dawson Knox,TE,"["""", ""Dawson Knox"", ""7.95"", ""11.00"", ""TE"", ""TE"", ""TE"", ""1.90"", ""6.81"", ""C.J. Uzomah"", """"]",3,3,127.64,93.42
2021,11,1,5,right,Voldemort,malle_dips_pouches,2021-W11-M03,C.J. Uzomah,TE,TE,True,False,False,6.81,1.9,,C.J. Uzomah,TE,"["""", ""Dawson Knox"", ""7.95"", ""11.00"", ""TE"", ""TE"", ""TE"", ""1.90"", ""6.81"", ""C.J. Uzomah"", """"]",3,3,93.42,127.64
2021,11,1,6,left,malle_dips_pouches,Voldemort,2021-W11-M03,Jeff Wilson Jr.,,W/R/T,True,False,False,12.26,6.3,,Jeff Wilson Jr.,W/R/T,"["""", ""Jeff Wilson Jr."", ""12.26"", ""6.30"", ""W/R/T"", ""W/R/T"", ""W/R/T"", ""9.30"", ""9.24"", ""Tyler Boyd"", """"]",3,3,127.64,93.42
2021,11,1,6,right,Voldemort,malle_dips_pouches,2021-W11-M03,Tyler Boyd,,W/R/T,True,False,False,9.24,9.3,,Tyler Boyd,W/R/T,"["""", ""Jeff Wilson Jr."", ""12.26"", ""6.30"", ""W/R/T"", ""W/R/T"", ""W/R/T"", ""9.30"", ""9.24"", ""Tyler Boyd"", """"]",3,3,93.42,127.64
2021,11,1,7,left,malle_dips_pouches,Voldemort,2021-W11-M03,Nick Folk,K,K,True,False,False,9.31,16.0,,Nick Folk,K,"["""", ""Nick Folk"", ""9.31"", ""16.00"", ""K"", ""K"", ""K"", ""6.00"", ""8.29"", ""Jason Sanders"", """"]",3,3,127.64,93.42
2021,11,1,7,right,Voldemort,malle_dips_pouches,2021-W11-M03,Jason Sanders,K,K,True,False,False,8.29,6.0,,Jason Sanders,K,"["""", ""Nick Folk"", ""9.31"", ""16.00"", ""K"", ""K"", ""K"", ""6.00"", ""8.29"", ""Jason Sanders"", """"]",3,3,93.42,127.64
2021,11,1,8,left,malle_dips_pouches,Voldemort,2021-W11-M03,Buccaneers - DEF,DEF,DEF,True,False,False,8.76,12.0,,Buccaneers - DEF,DEF,"["""", ""Buccaneers - DEF"", ""8.76"", ""12.00"", ""DEF"", ""DEF"", ""DEF"", ""-4.00"", ""8.01"", ""Bills - DEF"", """"]",3,3,127.64,93.42
2021,11,1,8,right,Voldemort,malle_dips_pouches,2021-W11-M03,Bills - DEF,DEF,DEF,True,False,False,8.01,-4.0,,Bills - DEF,DEF,"["""", ""Buccaneers - DEF"", ""8.76"", ""12.00"", ""DEF"", ""DEF"", ""DEF"", ""-4.00"", ""8.01"", ""Bills - DEF"", """"]",3,3,93.42,127.64
2021,11,2,0,left,malle_dips_pouches,Voldemort,2021-W11-M03,Christian Kirk,,BN,False,True,False,11.04,3.5,,Christian Kirk,BN,"["""", ""Christian Kirk"", ""11.04"", ""3.50"", ""BN"", ""BN"", ""BN"", ""0.00"", ""0.00"", ""Aaron Jones Sr."", """"]",3,3,127.64,93.42
2021,11,2,0,right,Voldemort,malle_dips_pouches,2021-W11-M03,Aaron Jones Sr.,,BN,False,True,False,0.0,0.0,,Aaron Jones Sr.,BN,"["""", ""Christian Kirk"", ""11.04"", ""3.50"", ""BN"", ""BN"", ""BN"", ""0.00"", ""0.00"", ""Aaron Jones Sr."", """"]",3,3,93.42,127.64
2021,11,2,1,left,malle_dips_pouches,Voldemort,2021-W11-M03,D'Ernest Johnson,,BN,False,True,False,6.95,2.6,,D'Ernest Johnson,BN,"["""", ""D'Ernest Johnson"", ""6.95"", ""2.60"", ""BN"", ""BN"", ""BN"", ""17.00"", ""8.43"", ""Devonta Freeman"", """"]",3,3,127.64,93.42
2021,11,2,1,right,Voldemort,malle_dips_pouches,2021-W11-M03,Devonta Freeman,,BN,False,True,False,8.43,17.0,,Devonta Freeman,BN,"["""", ""D'Ernest Johnson"", ""6.95"", ""2.60"", ""BN"", ""BN"", ""BN"", ""17.00"", ""8.43"", ""Devonta Freeman"", """"]",3,3,93.42,127.64
2021,11,2,2,left,malle_dips_pouches,Voldemort,2021-W11-M03,Cordarrelle Patterson,,BN,False,True,False,0.0,0.0,,Cordarrelle Patterson,BN,"["""", ""Cordarrelle Patterson"", ""0.00"", ""0.00"", ""BN"", ""BN"", ""BN"", ""0.00"", ""0.00"", ""Jerry Jeudy "", """"]",3,3,127.64,93.42
2021,11,2,2,right,Voldemort,malle_dips_pouches,2021-W11-M03,Jerry Jeudy,,BN,False,True,False,0.0,0.0,,Jerry Jeudy ,BN,"["""", ""Cordarrelle Patterson"", ""0.00"", ""0.00"", ""BN"", ""BN"", ""BN"", ""0.00"", ""0.00"", ""Jerry Jeudy "", """"]",3,3,93.42,127.64
2021,11,2,3,left,malle_dips_pouches,Voldemort,2021-W11-M03,Tyler Higbee,,BN,False,True,False,0.0,,,Tyler Higbee,BN,"["""", ""Tyler Higbee"", ""0.00"", ""–"", ""BN"", ""BN"", ""BN"", ""7.20"", ""9.11"", ""Marvin Jones Jr."", """"]",3,3,127.64,93.42
2021,11,2,3,right,Voldemort,malle_dips_pouches,2021-W11-M03,Marvin Jones Jr.,,BN,False,True,False,9.11,7.2,,Marvin Jones Jr.,BN,"["""", ""Tyler Higbee"", ""0.00"", ""–"", ""BN"", ""BN"", ""BN"", ""7.20"", ""9.11"", ""Marvin Jones Jr."", """"]",3,3,93.42,127.64
2021,11,2,4,left,malle_dips_pouches,Voldemort,2021-W11-M03,Chase Edmonds,,BN,False,True,False,0.0,0.0,,Chase Edmonds,BN,"["""", ""Chase Edmonds"", ""0.00"", ""0.00"", ""BN"", ""BN"", ""BN"", ""0.00"", ""0.00"", ""Logan Thomas"", """"]",3,3,127.64,93.42
2021,11,2,4,right,Voldemort,malle_dips_pouches,2021-W11-M03,Logan Thomas,,BN,False,True,False,0.0,0.0,,Logan Thomas,BN,"["""", ""Chase Edmonds"", ""0.00"", ""0.00"", ""BN"", ""BN"", ""BN"", ""0.00"", ""0.00"", ""Logan Thomas"", """"]",3,3,93.42,127.64
2021,11,2,5,left,malle_dips_pouches,Voldemort,2021-W11-M03,Emmanuel Sanders,,BN,False,True,False,9.33,4.1,,Emmanuel Sanders,BN,"["""", ""Emmanuel Sanders"", ""9.33"", ""4.10"", ""BN"", ""BN"", ""BN"", ""0.50"", ""9.41"", ""Zack Moss"", """"]",3,3,127.64,93.42
2021,11,2,5,right,Voldemort,malle_dips_pouches,2021-W11-M03,Zack Moss,,BN,False,True,False,9.41,0.5,,Zack Moss,BN,"["""", ""Emmanuel Sanders"", ""9.33"", ""4.10"", ""BN"", ""BN"", ""BN"", ""0.50"", ""9.41"", ""Zack Moss"", """"]",3,3,93.42,127.64
2021,11,2,6,left,malle_dips_pouches,Voldemort,2021-W11-M03,Calvin Ridley,,IR,False,False,True,0.0,0.0,,Calvin Ridley,IR,"["""", ""Calvin Ridley"", ""0.00"", ""0.00"", ""IR"", ""IR"", ""IR"", ""0.00"", ""0.00"", ""Kareem Hunt"", """"]",3,3,127.64,93.42
2021,11,2,6,right,Voldemort,malle_dips_pouches,2021-W11-M03,Kareem Hunt,,IR,False,False,True,0.0,0.0,,Kareem Hunt,IR,"["""", ""Calvin Ridley"", ""0.00"", ""0.00"", ""IR"", ""IR"", ""IR"", ""0.00"", ""0.00"", ""Kareem Hunt"", """"]",3,3,93.42,127.64
2021,11,1,0,left,Week 11 Recap (Won),Joe Mantegna,2021-W11-M04,Justin Herbert,QB,QB,True,False,False,24.92,41.28,,Justin Herbert,QB,"["""", ""Justin Herbert"", ""24.92"", ""41.28"", ""QB"", ""QB"", ""QB"", ""8.50"", ""29.66"", ""Patrick Mahomes "", """"]",4,4,161.38,71.4
2021,11,1,0,right,Joe Mantegna,Week 11 Recap (Won),2021-W11-M04,Patrick Mahomes,QB,QB,True,False,False,29.66,8.5,,Patrick Mahomes ,QB,"["""", ""Justin Herbert"", ""24.92"", ""41.28"", ""QB"", ""QB"", ""QB"", ""8.50"", ""29.66"", ""Patrick Mahomes "", """"]",4,4,71.4,161.38
2021,11,1,1,left,Week 11 Recap (Won),Joe Mantegna,2021-W11-M04,Diontae Johnson,WR,WR,True,False,False,13.23,19.6,,Diontae Johnson,WR,"["""", ""Diontae Johnson"", ""13.23"", ""19.60"", ""WR"", ""WR"", ""WR"", ""13.50"", ""12.04"", ""DJ Moore"", """"]",4,4,161.38,71.4
2021,11,1,1,right,Joe Mantegna,Week 11 Recap (Won),2021-W11-M04,DJ Moore,WR,WR,True,False,False,12.04,13.5,,DJ Moore,WR,"["""", ""Diontae Johnson"", ""13.23"", ""19.60"", ""WR"", ""WR"", ""WR"", ""13.50"", ""12.04"", ""DJ Moore"", """"]",4,4,71.4,161.38
2021,11,1,2,left,Week 11 Recap (Won),Joe Mantegna,2021-W11-M04,Terry McLaurin,WR,WR,True,False,False,13.15,18.8,,Terry McLaurin,WR,"["""", ""Terry McLaurin"", ""13.15"", ""18.80"", ""WR"", ""WR"", ""WR"", ""5.00"", ""9.88"", ""Corey Davis"", """"]",4,4,161.38,71.4
2021,11,1,2,right,Joe Mantegna,Week 11 Recap (Won),2021-W11-M04,Corey Davis,WR,WR,True,False,False,9.88,5.0,,Corey Davis,WR,"["""", ""Terry McLaurin"", ""13.15"", ""18.80"", ""WR"", ""WR"", ""WR"", ""5.00"", ""9.88"", ""Corey Davis"", """"]",4,4,71.4,161.38
2021,11,1,3,left,Week 11 Recap (Won),Joe Mantegna,2021-W11-M04,Myles Gaskin,RB,RB,True,False,False,9.79,17.1,,Myles Gaskin,RB,"["""", ""Myles Gaskin"", ""9.79"", ""17.10"", ""RB"", ""RB"", ""RB"", ""8.60"", ""12.03"", ""Josh Jacobs"", """"]",4,4,161.38,71.4
2021,11,1,3,right,Joe Mantegna,Week 11 Recap (Won),2021-W11-M04,Josh Jacobs,RB,RB,True,False,False,12.03,8.6,,Josh Jacobs,RB,"["""", ""Myles Gaskin"", ""9.79"", ""17.10"", ""RB"", ""RB"", ""RB"", ""8.60"", ""12.03"", ""Josh Jacobs"", """"]",4,4,71.4,161.38
2021,11,1,4,left,Week 11 Recap (Won),Joe Mantegna,2021-W11-M04,Dalvin Cook,RB,RB,True,False,False,17.28,21.0,,Dalvin Cook,RB,"["""", ""Dalvin Cook"", ""17.28"", ""21.00"", ""RB"", ""RB"", ""RB"", ""10.80"", ""13.17"", ""James Robinson"", """"]",4,4,161.38,71.4
2021,11,1,4,right,Joe Mantegna,Week 11 Recap (Won),2021-W11-M04,James Robinson,RB,RB,True,False,False,13.17,10.8,,James Robinson,RB,"["""", ""Dalvin Cook"", ""17.28"", ""21.00"", ""RB"", ""RB"", ""RB"", ""10.80"", ""13.17"", ""James Robinson"", """"]",4,4,71.4,161.38
2021,11,1,5,left,Week 11 Recap (Won),Joe Mantegna,2021-W11-M04,George Kittle,TE,TE,True,False,False,13.5,11.4,,George Kittle,TE,"["""", ""George Kittle"", ""13.50"", ""11.40"", ""TE"", ""TE"", ""TE"", ""8.30"", ""9.49"", ""Dalton Schultz"", """"]",4,4,161.38,71.4
2021,11,1,5,right,Joe Mantegna,Week 11 Recap (Won),2021-W11-M04,Dalton Schultz,TE,TE,True,False,False,9.49,8.3,,Dalton Schultz,TE,"["""", ""George Kittle"", ""13.50"", ""11.40"", ""TE"", ""TE"", ""TE"", ""8.30"", ""9.49"", ""Dalton Schultz"", """"]",4,4,71.4,161.38
2021,11,1,6,left,Week 11 Recap (Won),Joe Mantegna,2021-W11-M04,Jarvis Landry,,W/R/T,True,False,False,12.27,12.2,,Jarvis Landry,W/R/T,"["""", ""Jarvis Landry"", ""12.27"", ""12.20"", ""W/R/T"", ""W/R/T"", ""W/R/T"", ""8.70"", ""8.43"", ""Dallas Goedert"", """"]",4,4,161.38,71.4
2021,11,1,6,right,Joe Mantegna,Week 11 Recap (Won),2021-W11-M04,Dallas Goedert,,W/R/T,True,False,False,8.43,8.7,,Dallas Goedert,W/R/T,"["""", ""Jarvis Landry"", ""12.27"", ""12.20"", ""W/R/T"", ""W/R/T"", ""W/R/T"", ""8.70"", ""8.43"", ""Dallas Goedert"", """"]",4,4,71.4,161.38
2021,11,1,7,left,Week 11 Recap (Won),Joe Mantegna,2021-W11-M04,Harrison Butker,K,K,True,False,False,9.79,9.0,,Harrison Butker,K,"["""", ""Harrison Butker"", ""9.79"", ""9.00"", ""K"", ""K"", ""K"", ""0.00"", ""7.31"", ""Younghoe Koo"", """"]",4,4,161.38,71.4
2021,11,1,7,right,Joe Mantegna,Week 11 Recap (Won),2021-W11-M04,Younghoe Koo,K,K,True,False,False,7.31,0.0,,Younghoe Koo,K,"["""", ""Harrison Butker"", ""9.79"", ""9.00"", ""K"", ""K"", ""K"", ""0.00"", ""7.31"", ""Younghoe Koo"", """"]",4,4,71.4,161.38
2021,11,1,8,left,Week 11 Recap (Won),Joe Mantegna,2021-W11-M04,Eagles - DEF,DEF,DEF,True,False,False,6.75,11.0,,Eagles - DEF,DEF,"["""", ""Eagles - DEF"", ""6.75"", ""11.00"", ""DEF"", ""DEF"", ""DEF"", ""8.00"", ""6.29"", ""Cardinals - DEF"", """"]",4,4,161.38,71.4
2021,11,1,8,right,Joe Mantegna,Week 11 Recap (Won),2021-W11-M04,Cardinals - DEF,DEF,DEF,True,False,False,6.29,8.0,,Cardinals - DEF,DEF,"["""", ""Eagles - DEF"", ""6.75"", ""11.00"", ""DEF"", ""DEF"", ""DEF"", ""8.00"", ""6.29"", ""Cardinals - DEF"", """"]",4,4,71.4,161.38
2021,11,2,0,left,Week 11 Recap (Won),Joe Mantegna,2021-W11-M04,Hunter Renfrow,,BN,False,True,False,10.99,5.5,,Hunter Renfrow,BN,"["""", ""Hunter Renfrow"", ""10.99"", ""5.50"", ""BN"", ""BN"", ""BN"", ""3.50"", ""11.02"", ""Mecole Hardman Jr."", """"]",4,4,161.38,71.4
2021,11,2,0,right,Joe Mantegna,Week 11 Recap (Won),2021-W11-M04,Mecole Hardman Jr.,,BN,False,True,False,11.02,3.5,,Mecole Hardman Jr.,BN,"["""", ""Hunter Renfrow"", ""10.99"", ""5.50"", ""BN"", ""BN"", ""BN"", ""3.50"", ""11.02"", ""Mecole Hardman Jr."", """"]",4,4,71.4,161.38
2021,11,2,1,left,Week 11 Recap (Won),Joe Mantegna,2021-W11-M04,Jared Cook,,BN,False,True,False,7.11,4.3,,Jared Cook,BN,"["""", ""Jared Cook"", ""7.11"", ""4.30"", ""BN"", ""BN"", ""BN"", ""0.00"", ""0.00"", ""Melvin Gordon III"", """"]",4,4,161.38,71.4
2021,11,2,1,right,Joe Mantegna,Week 11 Recap (Won),2021-W11-M04,Melvin Gordon III,,BN,False,True,False,0.0,0.0,,Melvin Gordon III,BN,"["""", ""Jared Cook"", ""7.11"", ""4.30"", ""BN"", ""BN"", ""BN"", ""0.00"", ""0.00"", ""Melvin Gordon III"", """"]",4,4,71.4,161.38
2021,11,2,2,left,Week 11 Recap (Won),Joe Mantegna,2021-W11-M04,Brandon Aiyuk,,BN,False,True,False,10.84,18.0,,Brandon Aiyuk,BN,"["""", ""Brandon Aiyuk"", ""10.84"", ""18.00"", ""BN"", ""BN"", ""BN"", ""9.10"", ""7.65"", ""Marquez Callaway"", """"]",4,4,161.38,71.4
2021,11,2,2,right,Joe Mantegna,Week 11 Recap (Won),2021-W11-M04,Marquez Callaway,,BN,False,True,False,7.65,9.1,,Marquez Callaway,BN,"["""", ""Brandon Aiyuk"", ""10.84"", ""18.00"", ""BN"", ""BN"", ""BN"", ""9.10"", ""7.65"", ""Marquez Callaway"", """"]",4,4,71.4,161.38
2021,11,2,3,left,Week 11 Recap (Won),Joe Mantegna,2021-W11-M04,A.J. Green,,BN,False,True,False,9.84,9.8,,A.J. Green,BN,"["""", ""A.J. Green"", ""9.84"", ""9.80"", ""BN"", ""BN"", ""BN"", ""0.00"", ""0.00"", ""Sterling Shepard"", """"]",4,4,161.38,71.4
2021,11,2,3,right,Joe Mantegna,Week 11 Recap (Won),2021-W11-M04,Sterling Shepard,,BN,False,True,False,0.0,0.0,,Sterling Shepard,BN,"["""", ""A.J. Green"", ""9.84"", ""9.80"", ""BN"", ""BN"", ""BN"", ""0.00"", ""0.00"", ""Sterling Shepard"", """"]",4,4,71.4,161.38
2021,11,2,4,left,Week 11 Recap (Won),Joe Mantegna,2021-W11-M04,Kirk Cousins,,BN,False,True,False,23.53,31.24,,Kirk Cousins,BN,"["""", ""Kirk Cousins"", ""23.53"", ""31.24"", ""BN"", ""BN"", ""BN"", ""0.00"", ""0.00"", ""Kenny Gainwell"", """"]",4,4,161.38,71.4
2021,11,2,4,right,Joe Mantegna,Week 11 Recap (Won),2021-W11-M04,Kenny Gainwell,,BN,False,True,False,0.0,0.0,,Kenny Gainwell,BN,"["""", ""Kirk Cousins"", ""23.53"", ""31.24"", ""BN"", ""BN"", ""BN"", ""0.00"", ""0.00"", ""Kenny Gainwell"", """"]",4,4,71.4,161.38
2021,11,2,5,left,Week 11 Recap (Won),Joe Mantegna,2021-W11-M04,Adrian Peterson,,BN,False,True,False,6.06,5.4,,Adrian Peterson,BN,"["""", ""Adrian Peterson"", ""6.06"", ""5.40"", ""BN"", ""BN"", ""BN"", ""8.00"", ""4.72"", ""Cowboys - DEF"", """"]",4,4,161.38,71.4
2021,11,2,5,right,Joe Mantegna,Week 11 Recap (Won),2021-W11-M04,Cowboys - DEF,,BN,False,True,False,4.72,8.0,,Cowboys - DEF,BN,"["""", ""Adrian Peterson"", ""6.06"", ""5.40"", ""BN"", ""BN"", ""BN"", ""8.00"", ""4.72"", ""Cowboys - DEF"", """"]",4,4,71.4,161.38
2021,11,2,6,left,Week 11 Recap (Won),Joe Mantegna,2021-W11-M04,Miles Sanders,,IR,False,False,True,9.22,7.4,,Miles Sanders ,IR,"["""", ""Miles Sanders "", ""9.22"", ""7.40"", ""IR"", ""IR"", ""IR"", ""–"", ""0.00"", ""(Empty)"", """"]",4,4,161.38,71.4
2021,11,2,6,right,Joe Mantegna,Week 11 Recap (Won),2021-W11-M04,(Empty),,IR,False,False,True,0.0,,,(Empty),IR,"["""", ""Miles Sanders "", ""9.22"", ""7.40"", ""IR"", ""IR"", ""IR"", ""–"", ""0.00"", ""(Empty)"", """"]",4,4,71.4,161.38
2021,11,1,0,left,ThreatLevelMidnight,Ginger FC,2021-W11-M05,Russell Wilson,QB,QB,True,False,False,25.62,8.48,,Russell Wilson,QB,"["""", ""Russell Wilson"", ""25.62"", ""8.48"", ""QB"", ""QB"", ""QB"", ""41.50"", ""24.61"", ""Aaron Rodgers"", """"]",5,5,107.08,94.8
2021,11,1,0,right,Ginger FC,ThreatLevelMidnight,2021-W11-M05,Aaron Rodgers,QB,QB,True,False,False,24.61,41.5,,Aaron Rodgers,QB,"["""", ""Russell Wilson"", ""25.62"", ""8.48"", ""QB"", ""QB"", ""QB"", ""41.50"", ""24.61"", ""Aaron Rodgers"", """"]",5,5,94.8,107.08
2021,11,1,1,left,ThreatLevelMidnight,Ginger FC,2021-W11-M05,Davante Adams,WR,WR,True,False,False,17.87,27.0,,Davante Adams,WR,"["""", ""Davante Adams"", ""17.87"", ""27.00"", ""WR"", ""WR"", ""WR"", ""5.10"", ""14.27"", ""DK Metcalf "", """"]",5,5,107.08,94.8
2021,11,1,1,right,Ginger FC,ThreatLevelMidnight,2021-W11-M05,DK Metcalf,WR,WR,True,False,False,14.27,5.1,,DK Metcalf ,WR,"["""", ""Davante Adams"", ""17.87"", ""27.00"", ""WR"", ""WR"", ""WR"", ""5.10"", ""14.27"", ""DK Metcalf "", """"]",5,5,94.8,107.08
2021,11,1,2,left,ThreatLevelMidnight,Ginger FC,2021-W11-M05,Jaylen Waddle,WR,WR,True,False,False,12.38,16.6,,Jaylen Waddle,WR,"["""", ""Jaylen Waddle"", ""12.38"", ""16.60"", ""WR"", ""WR"", ""WR"", ""2.10"", ""7.88"", ""Deonte Harty"", """"]",5,5,107.08,94.8
2021,11,1,2,right,Ginger FC,ThreatLevelMidnight,2021-W11-M05,Deonte Harty,WR,WR,True,False,False,7.88,2.1,,Deonte Harty,WR,"["""", ""Jaylen Waddle"", ""12.38"", ""16.60"", ""WR"", ""WR"", ""WR"", ""2.10"", ""7.88"", ""Deonte Harty"", """"]",5,5,94.8,107.08
2021,11,1,3,left,ThreatLevelMidnight,Ginger FC,2021-W11-M05,Joe Mixon,RB,RB,True,False,False,15.33,24.3,,Joe Mixon,RB,"["""", ""Joe Mixon"", ""15.33"", ""24.30"", ""RB"", ""RB"", ""RB"", ""9.80"", ""15.36"", ""Ezekiel Elliott"", """"]",5,5,107.08,94.8
2021,11,1,3,right,Ginger FC,ThreatLevelMidnight,2021-W11-M05,Ezekiel Elliott,RB,RB,True,False,False,15.36,9.8,,Ezekiel Elliott,RB,"["""", ""Joe Mixon"", ""15.33"", ""24.30"", ""RB"", ""RB"", ""RB"", ""9.80"", ""15.36"", ""Ezekiel Elliott"", """"]",5,5,94.8,107.08
2021,11,1,4,left,ThreatLevelMidnight,Ginger FC,2021-W11-M05,J.D. McKissic,RB,RB,True,False,False,7.62,5.5,,J.D. McKissic,RB,"["""", ""J.D. McKissic"", ""7.62"", ""5.50"", ""RB"", ""RB"", ""RB"", ""10.40"", ""14.25"", ""Leonard Fournette"", """"]",5,5,107.08,94.8
2021,11,1,4,right,Ginger FC,ThreatLevelMidnight,2021-W11-M05,Leonard Fournette,RB,RB,True,False,False,14.25,10.4,,Leonard Fournette,RB,"["""", ""J.D. McKissic"", ""7.62"", ""5.50"", ""RB"", ""RB"", ""RB"", ""10.40"", ""14.25"", ""Leonard Fournette"", """"]",5,5,94.8,107.08
2021,11,1,5,left,ThreatLevelMidnight,Ginger FC,2021-W11-M05,Dan Arnold,TE,TE,True,False,False,8.05,0.0,,Dan Arnold,TE,"["""", ""Dan Arnold"", ""8.05"", ""0.00"", ""TE"", ""TE"", ""TE"", ""10.10"", ""8.35"", ""Rob Gronkowski"", """"]",5,5,107.08,94.8
2021,11,1,5,right,Ginger FC,ThreatLevelMidnight,2021-W11-M05,Rob Gronkowski,TE,TE,True,False,False,8.35,10.1,,Rob Gronkowski,TE,"["""", ""Dan Arnold"", ""8.05"", ""0.00"", ""TE"", ""TE"", ""TE"", ""10.10"", ""8.35"", ""Rob Gronkowski"", """"]",5,5,94.8,107.08
2021,11,1,6,left,ThreatLevelMidnight,Ginger FC,2021-W11-M05,Chris Godwin Jr.,,W/R/T,True,False,False,14.25,16.2,,Chris Godwin Jr.,W/R/T,"["""", ""Chris Godwin Jr."", ""14.25"", ""16.20"", ""W/R/T"", ""W/R/T"", ""W/R/T"", ""5.80"", ""8.07"", ""Devin Singletary"", """"]",5,5,107.08,94.8
2021,11,1,6,right,Ginger FC,ThreatLevelMidnight,2021-W11-M05,Devin Singletary,,W/R/T,True,False,False,8.07,5.8,,Devin Singletary,W/R/T,"["""", ""Chris Godwin Jr."", ""14.25"", ""16.20"", ""W/R/T"", ""W/R/T"", ""W/R/T"", ""5.80"", ""8.07"", ""Devin Singletary"", """"]",5,5,94.8,107.08
2021,11,1,7,left,ThreatLevelMidnight,Ginger FC,2021-W11-M05,Tyler Bass,K,K,True,False,False,10.17,1.0,,Tyler Bass,K,"["""", ""Tyler Bass"", ""10.17"", ""1.00"", ""K"", ""K"", ""K"", ""10.00"", ""8.47"", ""Greg Joseph"", """"]",5,5,107.08,94.8
2021,11,1,7,right,Ginger FC,ThreatLevelMidnight,2021-W11-M05,Greg Joseph,K,K,True,False,False,8.47,10.0,,Greg Joseph,K,"["""", ""Tyler Bass"", ""10.17"", ""1.00"", ""K"", ""K"", ""K"", ""10.00"", ""8.47"", ""Greg Joseph"", """"]",5,5,94.8,107.08
2021,11,1,8,left,ThreatLevelMidnight,Ginger FC,2021-W11-M05,Browns - DEF,DEF,DEF,True,False,False,9.37,8.0,,Browns - DEF,DEF,"["""", ""Browns - DEF"", ""9.37"", ""8.00"", ""DEF"", ""DEF"", ""DEF"", ""0.00"", ""9.17"", ""Titans - DEF"", """"]",5,5,107.08,94.8
2021,11,1,8,right,Ginger FC,ThreatLevelMidnight,2021-W11-M05,Titans - DEF,DEF,DEF,True,False,False,9.17,0.0,,Titans - DEF,DEF,"["""", ""Browns - DEF"", ""9.37"", ""8.00"", ""DEF"", ""DEF"", ""DEF"", ""0.00"", ""9.17"", ""Titans - DEF"", """"]",5,5,94.8,107.08
2021,11,2,0,left,ThreatLevelMidnight,Ginger FC,2021-W11-M05,Elijah Mitchell,,BN,False,True,False,0.0,0.0,,Elijah Mitchell,BN,"["""", ""Elijah Mitchell"", ""0.00"", ""0.00"", ""BN"", ""BN"", ""BN"", ""24.80"", ""9.08"", ""Zach Ertz"", """"]",5,5,107.08,94.8
2021,11,2,0,right,Ginger FC,ThreatLevelMidnight,2021-W11-M05,Zach Ertz,,BN,False,True,False,9.08,24.8,,Zach Ertz,BN,"["""", ""Elijah Mitchell"", ""0.00"", ""0.00"", ""BN"", ""BN"", ""BN"", ""24.80"", ""9.08"", ""Zach Ertz"", """"]",5,5,94.8,107.08
2021,11,2,1,left,ThreatLevelMidnight,Ginger FC,2021-W11-M05,Darrell Henderson Jr.,,BN,False,True,False,0.0,,,Darrell Henderson Jr.,BN,"["""", ""Darrell Henderson Jr."", ""0.00"", ""–"", ""BN"", ""BN"", ""BN"", ""0.00"", ""0.00"", ""Amari Cooper"", """"]",5,5,107.08,94.8
2021,11,2,1,right,Ginger FC,ThreatLevelMidnight,2021-W11-M05,Amari Cooper,,BN,False,True,False,0.0,0.0,,Amari Cooper,BN,"["""", ""Darrell Henderson Jr."", ""0.00"", ""–"", ""BN"", ""BN"", ""BN"", ""0.00"", ""0.00"", ""Amari Cooper"", """"]",5,5,94.8,107.08
2021,11,2,2,left,ThreatLevelMidnight,Ginger FC,2021-W11-M05,Noah Fant,,BN,False,True,False,0.0,0.0,,Noah Fant,BN,"["""", ""Noah Fant"", ""0.00"", ""0.00"", ""BN"", ""BN"", ""BN"", ""0.00"", ""0.00"", ""Javonte Williams"", """"]",5,5,107.08,94.8
2021,11,2,2,right,Ginger FC,ThreatLevelMidnight,2021-W11-M05,Javonte Williams,,BN,False,True,False,0.0,0.0,,Javonte Williams,BN,"["""", ""Noah Fant"", ""0.00"", ""0.00"", ""BN"", ""BN"", ""BN"", ""0.00"", ""0.00"", ""Javonte Williams"", """"]",5,5,94.8,107.08
2021,11,2,3,left,ThreatLevelMidnight,Ginger FC,2021-W11-M05,Kadarius Toney,,BN,False,True,False,10.47,7.5,,Kadarius Toney,BN,"["""", ""Kadarius Toney"", ""10.47"", ""7.50"", ""BN"", ""BN"", ""BN"", ""2.50"", ""4.74"", ""Devontae Booker"", """"]",5,5,107.08,94.8
2021,11,2,3,right,Ginger FC,ThreatLevelMidnight,2021-W11-M05,Devontae Booker,,BN,False,True,False,4.74,2.5,,Devontae Booker,BN,"["""", ""Kadarius Toney"", ""10.47"", ""7.50"", ""BN"", ""BN"", ""BN"", ""2.50"", ""4.74"", ""Devontae Booker"", """"]",5,5,94.8,107.08
2021,11,2,4,left,ThreatLevelMidnight,Ginger FC,2021-W11-M05,Chuba Hubbard,,BN,False,True,False,2.56,0.0,,Chuba Hubbard,BN,"["""", ""Chuba Hubbard"", ""2.56"", ""0.00"", ""BN"", ""BN"", ""BN"", ""0.00"", ""0.00"", ""DeAndre Hopkins"", """"]",5,5,107.08,94.8
2021,11,2,4,right,Ginger FC,ThreatLevelMidnight,2021-W11-M05,DeAndre Hopkins,,BN,False,True,False,0.0,0.0,,DeAndre Hopkins,BN,"["""", ""Chuba Hubbard"", ""2.56"", ""0.00"", ""BN"", ""BN"", ""BN"", ""0.00"", ""0.00"", ""DeAndre Hopkins"", """"]",5,5,94.8,107.08
2021,11,2,5,left,ThreatLevelMidnight,Ginger FC,2021-W11-M05,Rhamondre Stevenson,,BN,False,True,False,4.99,8.0,,Rhamondre Stevenson,BN,"["""", ""Rhamondre Stevenson"", ""4.99"", ""8.00"", ""BN"", ""BN"", ""BN"", ""11.60"", ""23.12"", ""Derek Carr"", """"]",5,5,107.08,94.8
2021,11,2,5,right,Ginger FC,ThreatLevelMidnight,2021-W11-M05,Derek Carr,,BN,False,True,False,23.12,11.6,,Derek Carr,BN,"["""", ""Rhamondre Stevenson"", ""4.99"", ""8.00"", ""BN"", ""BN"", ""BN"", ""11.60"", ""23.12"", ""Derek Carr"", """"]",5,5,94.8,107.08
2021,11,2,6,left,ThreatLevelMidnight,Ginger FC,2021-W11-M05,Michael Thomas,,IR,False,False,True,0.0,0.0,,Michael Thomas,IR,"["""", ""Michael Thomas"", ""0.00"", ""0.00"", ""IR"", ""IR"", ""IR"", ""–"", ""0.00"", ""(Empty)"", """"]",5,5,107.08,94.8
2021,11,2,6,right,Ginger FC,ThreatLevelMidnight,2021-W11-M05,(Empty),,IR,False,False,True,0.0,,,(Empty),IR,"["""", ""Michael Thomas"", ""0.00"", ""0.00"", ""IR"", ""IR"", ""IR"", ""–"", ""0.00"", ""(Empty)"", """"]",5,5,94.8,107.08
2021,11,1,0,left,Pop Lockett Drop it,Post Mahomes,2021-W11-M06,Mac Jones,QB,QB,True,False,False,21.84,13.38,,Mac Jones,QB,"["""", ""Mac Jones"", ""21.84"", ""13.38"", ""QB"", ""QB"", ""QB"", ""22.52"", ""22.79"", ""Tua Tagovailoa"", """"]",6,6,132.38,106.12
2021,11,1,0,right,Post Mahomes,Pop Lockett Drop it,2021-W11-M06,Tua Tagovailoa,QB,QB,True,False,False,22.79,22.52,,Tua Tagovailoa,QB,"["""", ""Mac Jones"", ""21.84"", ""13.38"", ""QB"", ""QB"", ""QB"", ""22.52"", ""22.79"", ""Tua Tagovailoa"", """"]",6,6,106.12,132.38
2021,11,1,1,left,Pop Lockett Drop it,Post Mahomes,2021-W11-M06,Darnell Mooney,WR,WR,True,False,False,10.9,20.6,,Darnell Mooney,WR,"["""", ""Darnell Mooney"", ""10.90"", ""20.60"", ""WR"", ""WR"", ""WR"", ""2.90"", ""15.43"", ""CeeDee Lamb"", """"]",6,6,132.38,106.12
2021,11,1,1,right,Post Mahomes,Pop Lockett Drop it,2021-W11-M06,CeeDee Lamb,WR,WR,True,False,False,15.43,2.9,,CeeDee Lamb,WR,"["""", ""Darnell Mooney"", ""10.90"", ""20.60"", ""WR"", ""WR"", ""WR"", ""2.90"", ""15.43"", ""CeeDee Lamb"", """"]",6,6,106.12,132.38
2021,11,1,2,left,Pop Lockett Drop it,Post Mahomes,2021-W11-M06,Michael Gallup,WR,WR,True,False,False,10.81,6.9,,Michael Gallup,WR,"["""", ""Michael Gallup"", ""10.81"", ""6.90"", ""WR"", ""WR"", ""WR"", ""2.80"", ""12.12"", ""Brandin Cooks"", """"]",6,6,132.38,106.12
2021,11,1,2,right,Post Mahomes,Pop Lockett Drop it,2021-W11-M06,Brandin Cooks,WR,WR,True,False,False,12.12,2.8,,Brandin Cooks,WR,"["""", ""Michael Gallup"", ""10.81"", ""6.90"", ""WR"", ""WR"", ""WR"", ""2.80"", ""12.12"", ""Brandin Cooks"", """"]",6,6,106.12,132.38
2021,11,1,3,left,Pop Lockett Drop it,Post Mahomes,2021-W11-M06,Austin Ekeler,RB,RB,True,False,False,15.56,38.5,,Austin Ekeler,RB,"["""", ""Austin Ekeler"", ""15.56"", ""38.50"", ""RB"", ""RB"", ""RB"", ""51.90"", ""17.62"", ""Jonathan Taylor"", """"]",6,6,132.38,106.12
2021,11,1,3,right,Post Mahomes,Pop Lockett Drop it,2021-W11-M06,Jonathan Taylor,RB,RB,True,False,False,17.62,51.9,,Jonathan Taylor,RB,"["""", ""Austin Ekeler"", ""15.56"", ""38.50"", ""RB"", ""RB"", ""RB"", ""51.90"", ""17.62"", ""Jonathan Taylor"", """"]",6,6,106.12,132.38
2021,11,1,4,left,Pop Lockett Drop it,Post Mahomes,2021-W11-M06,Kenyan Drake,RB,RB,True,False,False,7.12,3.4,,Kenyan Drake,RB,"["""", ""Kenyan Drake"", ""7.12"", ""3.40"", ""RB"", ""RB"", ""RB"", ""7.00"", ""12.38"", ""Michael Carter"", """"]",6,6,132.38,106.12
2021,11,1,4,right,Post Mahomes,Pop Lockett Drop it,2021-W11-M06,Michael Carter,RB,RB,True,False,False,12.38,7.0,,Michael Carter,RB,"["""", ""Kenyan Drake"", ""7.12"", ""3.40"", ""RB"", ""RB"", ""RB"", ""7.00"", ""12.38"", ""Michael Carter"", """"]",6,6,106.12,132.38
2021,11,1,5,left,Pop Lockett Drop it,Post Mahomes,2021-W11-M06,Travis Kelce,TE,TE,True,False,False,16.15,16.3,,Travis Kelce,TE,"["""", ""Travis Kelce"", ""16.15"", ""16.30"", ""TE"", ""TE"", ""TE"", ""4.40"", ""10.20"", ""Kyle Pitts Sr."", """"]",6,6,132.38,106.12
2021,11,1,5,right,Post Mahomes,Pop Lockett Drop it,2021-W11-M06,Kyle Pitts Sr.,TE,TE,True,False,False,10.2,4.4,,Kyle Pitts Sr.,TE,"["""", ""Travis Kelce"", ""16.15"", ""16.30"", ""TE"", ""TE"", ""TE"", ""4.40"", ""10.20"", ""Kyle Pitts Sr."", """"]",6,6,106.12,132.38
2021,11,1,6,left,Pop Lockett Drop it,Post Mahomes,2021-W11-M06,Stefon Diggs,,W/R/T,True,False,False,15.78,16.3,,Stefon Diggs ,W/R/T,"["""", ""Stefon Diggs "", ""15.78"", ""16.30"", ""W/R/T"", ""W/R/T"", ""W/R/T"", ""8.60"", ""13.50"", ""Saquon Barkley"", """"]",6,6,132.38,106.12
2021,11,1,6,right,Post Mahomes,Pop Lockett Drop it,2021-W11-M06,Saquon Barkley,,W/R/T,True,False,False,13.5,8.6,,Saquon Barkley,W/R/T,"["""", ""Stefon Diggs "", ""15.78"", ""16.30"", ""W/R/T"", ""W/R/T"", ""W/R/T"", ""8.60"", ""13.50"", ""Saquon Barkley"", """"]",6,6,106.12,132.38
2021,11,1,7,left,Pop Lockett Drop it,Post Mahomes,2021-W11-M06,Daniel Carlson,K,K,True,False,False,9.03,8.0,,Daniel Carlson,K,"["""", ""Daniel Carlson"", ""9.03"", ""8.00"", ""K"", ""K"", ""K"", ""1.00"", ""9.33"", ""Randy Bullock"", """"]",6,6,132.38,106.12
2021,11,1,7,right,Post Mahomes,Pop Lockett Drop it,2021-W11-M06,Randy Bullock,K,K,True,False,False,9.33,1.0,,Randy Bullock,K,"["""", ""Daniel Carlson"", ""9.03"", ""8.00"", ""K"", ""K"", ""K"", ""1.00"", ""9.33"", ""Randy Bullock"", """"]",6,6,106.12,132.38
2021,11,1,8,left,Pop Lockett Drop it,Post Mahomes,2021-W11-M06,Ravens - DEF,DEF,DEF,True,False,False,8.4,9.0,,Ravens - DEF,DEF,"["""", ""Ravens - DEF"", ""8.40"", ""9.00"", ""DEF"", ""DEF"", ""DEF"", ""5.00"", ""6.65"", ""Dolphins - DEF"", """"]",6,6,132.38,106.12
2021,11,1,8,right,Post Mahomes,Pop Lockett Drop it,2021-W11-M06,Dolphins - DEF,DEF,DEF,True,False,False,6.65,5.0,,Dolphins - DEF,DEF,"["""", ""Ravens - DEF"", ""8.40"", ""9.00"", ""DEF"", ""DEF"", ""DEF"", ""5.00"", ""6.65"", ""Dolphins - DEF"", """"]",6,6,106.12,132.38
2021,11,2,0,left,Pop Lockett Drop it,Post Mahomes,2021-W11-M06,Robbie Chosen,,BN,False,True,False,8.72,5.5,,Robbie Chosen,BN,"["""", ""Robbie Chosen"", ""8.72"", ""5.50"", ""BN"", ""BN"", ""BN"", ""0.00"", ""0.00"", ""Kyler Murray "", """"]",6,6,132.38,106.12
2021,11,2,0,right,Post Mahomes,Pop Lockett Drop it,2021-W11-M06,Kyler Murray,,BN,False,True,False,0.0,0.0,,Kyler Murray ,BN,"["""", ""Robbie Chosen"", ""8.72"", ""5.50"", ""BN"", ""BN"", ""BN"", ""0.00"", ""0.00"", ""Kyler Murray "", """"]",6,6,106.12,132.38
2021,11,2,1,left,Pop Lockett Drop it,Post Mahomes,2021-W11-M06,Hollywood Brown,,BN,False,True,False,0.0,0.0,,Hollywood Brown,BN,"["""", ""Hollywood Brown"", ""0.00"", ""0.00"", ""BN"", ""BN"", ""BN"", ""3.10"", ""9.57"", ""Darrel Williams"", """"]",6,6,132.38,106.12
2021,11,2,1,right,Post Mahomes,Pop Lockett Drop it,2021-W11-M06,Darrel Williams,,BN,False,True,False,9.57,3.1,,Darrel Williams,BN,"["""", ""Hollywood Brown"", ""0.00"", ""0.00"", ""BN"", ""BN"", ""BN"", ""3.10"", ""9.57"", ""Darrel Williams"", """"]",6,6,106.12,132.38
2021,11,2,2,left,Pop Lockett Drop it,Post Mahomes,2021-W11-M06,Courtland Sutton,,BN,False,True,False,0.0,,,Courtland Sutton,BN,"["""", ""Courtland Sutton"", ""0.00"", ""–"", ""BN"", ""BN"", ""BN"", ""4.40"", ""10.74"", ""Rashod Bateman"", """"]",6,6,132.38,106.12
2021,11,2,2,right,Post Mahomes,Pop Lockett Drop it,2021-W11-M06,Rashod Bateman,,BN,False,True,False,10.74,4.4,,Rashod Bateman,BN,"["""", ""Courtland Sutton"", ""0.00"", ""–"", ""BN"", ""BN"", ""BN"", ""4.40"", ""10.74"", ""Rashod Bateman"", """"]",6,6,106.12,132.38
2021,11,2,3,left,Pop Lockett Drop it,Post Mahomes,2021-W11-M06,DeVante Parker,,BN,False,True,False,0.0,0.0,,DeVante Parker,BN,"["""", ""DeVante Parker"", ""0.00"", ""0.00"", ""BN"", ""BN"", ""BN"", ""1.70"", ""9.74"", ""Kenny Golladay"", """"]",6,6,132.38,106.12
2021,11,2,3,right,Post Mahomes,Pop Lockett Drop it,2021-W11-M06,Kenny Golladay,,BN,False,True,False,9.74,1.7,,Kenny Golladay,BN,"["""", ""DeVante Parker"", ""0.00"", ""0.00"", ""BN"", ""BN"", ""BN"", ""1.70"", ""9.74"", ""Kenny Golladay"", """"]",6,6,106.12,132.38
2021,11,2,4,left,Pop Lockett Drop it,Post Mahomes,2021-W11-M06,Jamaal Williams,,BN,False,True,False,4.95,1.1,,Jamaal Williams,BN,"["""", ""Jamaal Williams"", ""4.95"", ""1.10"", ""BN"", ""BN"", ""BN"", ""8.00"", ""8.09"", ""Tony Pollard"", """"]",6,6,132.38,106.12
2021,11,2,4,right,Post Mahomes,Pop Lockett Drop it,2021-W11-M06,Tony Pollard,,BN,False,True,False,8.09,8.0,,Tony Pollard,BN,"["""", ""Jamaal Williams"", ""4.95"", ""1.10"", ""BN"", ""BN"", ""BN"", ""8.00"", ""8.09"", ""Tony Pollard"", """"]",6,6,106.12,132.38
2021,11,2,5,left,Pop Lockett Drop it,Post Mahomes,2021-W11-M06,Ty Johnson,,BN,False,True,False,5.75,1.8,,Ty Johnson,BN,"["""", ""Ty Johnson"", ""5.75"", ""1.80"", ""BN"", ""BN"", ""BN"", ""0.00"", ""0.00"", ""Odell Beckham Jr."", """"]",6,6,132.38,106.12
2021,11,2,5,right,Post Mahomes,Pop Lockett Drop it,2021-W11-M06,Odell Beckham Jr.,,BN,False,True,False,0.0,0.0,,Odell Beckham Jr.,BN,"["""", ""Ty Johnson"", ""5.75"", ""1.80"", ""BN"", ""BN"", ""BN"", ""0.00"", ""0.00"", ""Odell Beckham Jr."", """"]",6,6,106.12,132.38
2021,12,1,0,left,Malle ❤️ 🐸,The Big Gronkowski,2021-W12-M01,Matthew Stafford,QB,QB,True,False,False,25.3,28.98,,Matthew Stafford,QB,"["""", ""Matthew Stafford"", ""25.30"", ""28.98"", ""QB"", ""QB"", ""QB"", ""14.24"", ""25.83"", ""Tom Brady"", """"]",1,1,116.28,94.34
2021,12,1,0,right,The Big Gronkowski,Malle ❤️ 🐸,2021-W12-M01,Tom Brady,QB,QB,True,False,False,25.83,14.24,,Tom Brady,QB,"["""", ""Matthew Stafford"", ""25.30"", ""28.98"", ""QB"", ""QB"", ""QB"", ""14.24"", ""25.83"", ""Tom Brady"", """"]",1,1,94.34,116.28
2021,12,1,1,left,Malle ❤️ 🐸,The Big Gronkowski,2021-W12-M01,Tyler Lockett,WR,WR,True,False,False,12.91,11.1,,Tyler Lockett,WR,"["""", ""Tyler Lockett"", ""12.91"", ""11.10"", ""WR"", ""WR"", ""WR"", ""12.00"", ""14.22"", ""Keenan Allen"", """"]",1,1,116.28,94.34
2021,12,1,1,right,The Big Gronkowski,Malle ❤️ 🐸,2021-W12-M01,Keenan Allen,WR,WR,True,False,False,14.22,12.0,,Keenan Allen,WR,"["""", ""Tyler Lockett"", ""12.91"", ""11.10"", ""WR"", ""WR"", ""WR"", ""12.00"", ""14.22"", ""Keenan Allen"", """"]",1,1,94.34,116.28
2021,12,1,2,left,Malle ❤️ 🐸,The Big Gronkowski,2021-W12-M01,Cooper Kupp,WR,WR,True,False,False,19.4,15.1,,Cooper Kupp,WR,"["""", ""Cooper Kupp"", ""19.40"", ""15.10"", ""WR"", ""WR"", ""WR"", ""20.70"", ""12.65"", ""Adam Thielen"", """"]",1,1,116.28,94.34
2021,12,1,2,right,The Big Gronkowski,Malle ❤️ 🐸,2021-W12-M01,Adam Thielen,WR,WR,True,False,False,12.65,20.7,,Adam Thielen,WR,"["""", ""Cooper Kupp"", ""19.40"", ""15.10"", ""WR"", ""WR"", ""WR"", ""20.70"", ""12.65"", ""Adam Thielen"", """"]",1,1,94.34,116.28
2021,12,1,3,left,Malle ❤️ 🐸,The Big Gronkowski,2021-W12-M01,Najee Harris,RB,RB,True,False,False,17.19,5.2,,Najee Harris,RB,"["""", ""Najee Harris"", ""17.19"", ""5.20"", ""RB"", ""RB"", ""RB"", ""11.70"", ""9.27"", ""Damien Harris "", """"]",1,1,116.28,94.34
2021,12,1,3,right,The Big Gronkowski,Malle ❤️ 🐸,2021-W12-M01,Damien Harris,RB,RB,True,False,False,9.27,11.7,,Damien Harris ,RB,"["""", ""Najee Harris"", ""17.19"", ""5.20"", ""RB"", ""RB"", ""RB"", ""11.70"", ""9.27"", ""Damien Harris "", """"]",1,1,94.34,116.28
2021,12,1,4,left,Malle ❤️ 🐸,The Big Gronkowski,2021-W12-M01,Antonio Gibson,RB,RB,True,False,False,13.3,20.1,,Antonio Gibson,RB,"["""", ""Antonio Gibson"", ""13.30"", ""20.10"", ""RB"", ""RB"", ""RB"", ""5.60"", ""5.91"", ""Mike Davis "", """"]",1,1,116.28,94.34
2021,12,1,4,right,The Big Gronkowski,Malle ❤️ 🐸,2021-W12-M01,Mike Davis,RB,RB,True,False,False,5.91,5.6,,Mike Davis ,RB,"["""", ""Antonio Gibson"", ""13.30"", ""20.10"", ""RB"", ""RB"", ""RB"", ""5.60"", ""5.91"", ""Mike Davis "", """"]",1,1,94.34,116.28
2021,12,1,5,left,Malle ❤️ 🐸,The Big Gronkowski,2021-W12-M01,Darren Waller,TE,TE,True,False,False,12.05,4.3,,Darren Waller ,TE,"["""", ""Darren Waller "", ""12.05"", ""4.30"", ""TE"", ""TE"", ""TE"", ""11.00"", ""9.97"", ""T.J. Hockenson"", """"]",1,1,116.28,94.34
2021,12,1,5,right,The Big Gronkowski,Malle ❤️ 🐸,2021-W12-M01,T.J. Hockenson,TE,TE,True,False,False,9.97,11.0,,T.J. Hockenson,TE,"["""", ""Darren Waller "", ""12.05"", ""4.30"", ""TE"", ""TE"", ""TE"", ""11.00"", ""9.97"", ""T.J. Hockenson"", """"]",1,1,94.34,116.28
2021,12,1,6,left,Malle ❤️ 🐸,The Big Gronkowski,2021-W12-M01,AJ Dillon,,W/R/T,True,False,False,9.23,17.5,,AJ Dillon,W/R/T,"["""", ""AJ Dillon"", ""9.23"", ""17.50"", ""W/R/T"", ""W/R/T"", ""W/R/T"", ""3.10"", ""14.56"", ""Mike Evans"", """"]",1,1,116.28,94.34
2021,12,1,6,right,The Big Gronkowski,Malle ❤️ 🐸,2021-W12-M01,Mike Evans,,W/R/T,True,False,False,14.56,3.1,,Mike Evans,W/R/T,"["""", ""AJ Dillon"", ""9.23"", ""17.50"", ""W/R/T"", ""W/R/T"", ""W/R/T"", ""3.10"", ""14.56"", ""Mike Evans"", """"]",1,1,94.34,116.28
2021,12,1,7,left,Malle ❤️ 🐸,The Big Gronkowski,2021-W12-M01,Robbie Gould,K,K,True,False,False,8.65,11.0,,Robbie Gould,K,"["""", ""Robbie Gould"", ""8.65"", ""11.00"", ""K"", ""K"", ""K"", ""13.00"", ""9.61"", ""Justin Tucker"", """"]",1,1,116.28,94.34
2021,12,1,7,right,The Big Gronkowski,Malle ❤️ 🐸,2021-W12-M01,Justin Tucker,K,K,True,False,False,9.61,13.0,,Justin Tucker,K,"["""", ""Robbie Gould"", ""8.65"", ""11.00"", ""K"", ""K"", ""K"", ""13.00"", ""9.61"", ""Justin Tucker"", """"]",1,1,94.34,116.28
2021,12,1,8,left,Malle ❤️ 🐸,The Big Gronkowski,2021-W12-M01,Panthers - DEF,DEF,DEF,True,False,False,6.85,3.0,,Panthers - DEF,DEF,"["""", ""Panthers - DEF"", ""6.85"", ""3.00"", ""DEF"", ""DEF"", ""DEF"", ""3.00"", ""6.76"", ""Jaguars - DEF"", """"]",1,1,116.28,94.34
2021,12,1,8,right,The Big Gronkowski,Malle ❤️ 🐸,2021-W12-M01,Jaguars - DEF,DEF,DEF,True,False,False,6.76,3.0,,Jaguars - DEF,DEF,"["""", ""Panthers - DEF"", ""6.85"", ""3.00"", ""DEF"", ""DEF"", ""DEF"", ""3.00"", ""6.76"", ""Jaguars - DEF"", """"]",1,1,94.34,116.28
2021,12,2,0,left,Malle ❤️ 🐸,The Big Gronkowski,2021-W12-M01,Michael Pittman Jr.,,BN,False,True,False,12.36,7.3,,Michael Pittman Jr.,BN,"["""", ""Michael Pittman Jr."", ""12.36"", ""7.30"", ""BN"", ""BN"", ""BN"", ""0.00"", ""0.00"", ""Mark Ingram II"", """"]",1,1,116.28,94.34
2021,12,2,0,right,The Big Gronkowski,Malle ❤️ 🐸,2021-W12-M01,Mark Ingram II,,BN,False,True,False,0.0,0.0,,Mark Ingram II,BN,"["""", ""Michael Pittman Jr."", ""12.36"", ""7.30"", ""BN"", ""BN"", ""BN"", ""0.00"", ""0.00"", ""Mark Ingram II"", """"]",1,1,94.34,116.28
2021,12,2,1,left,Malle ❤️ 🐸,The Big Gronkowski,2021-W12-M01,Joe Burrow,,BN,False,True,False,24.67,19.4,,Joe Burrow,BN,"["""", ""Joe Burrow"", ""24.67"", ""19.40"", ""BN"", ""BN"", ""BN"", ""0.00"", ""0.00"", ""Tyreek Hill"", """"]",1,1,116.28,94.34
2021,12,2,1,right,The Big Gronkowski,Malle ❤️ 🐸,2021-W12-M01,Tyreek Hill,,BN,False,True,False,0.0,0.0,,Tyreek Hill,BN,"["""", ""Joe Burrow"", ""24.67"", ""19.40"", ""BN"", ""BN"", ""BN"", ""0.00"", ""0.00"", ""Tyreek Hill"", """"]",1,1,94.34,116.28
2021,12,2,2,left,Malle ❤️ 🐸,The Big Gronkowski,2021-W12-M01,Chase Claypool,,BN,False,True,False,11.82,9.7,,Chase Claypool,BN,"["""", ""Chase Claypool"", ""11.82"", ""9.70"", ""BN"", ""BN"", ""BN"", ""7.30"", ""5.77"", ""Jonnu Smith"", """"]",1,1,116.28,94.34
2021,12,2,2,right,The Big Gronkowski,Malle ❤️ 🐸,2021-W12-M01,Jonnu Smith,,BN,False,True,False,5.77,7.3,,Jonnu Smith,BN,"["""", ""Chase Claypool"", ""11.82"", ""9.70"", ""BN"", ""BN"", ""BN"", ""7.30"", ""5.77"", ""Jonnu Smith"", """"]",1,1,94.34,116.28
2021,12,2,3,left,Malle ❤️ 🐸,The Big Gronkowski,2021-W12-M01,Nyheim Miller-Hines,,BN,False,True,False,8.22,2.4,,Nyheim Miller-Hines,BN,"["""", ""Nyheim Miller-Hines"", ""8.22"", ""2.40"", ""BN"", ""BN"", ""BN"", ""9.86"", ""24.05"", ""Jalen Hurts"", """"]",1,1,116.28,94.34
2021,12,2,3,right,The Big Gronkowski,Malle ❤️ 🐸,2021-W12-M01,Jalen Hurts,,BN,False,True,False,24.05,9.86,,Jalen Hurts,BN,"["""", ""Nyheim Miller-Hines"", ""8.22"", ""2.40"", ""BN"", ""BN"", ""BN"", ""9.86"", ""24.05"", ""Jalen Hurts"", """"]",1,1,94.34,116.28
2021,12,2,4,left,Malle ❤️ 🐸,The Big Gronkowski,2021-W12-M01,Tyler Conklin,,BN,False,True,False,7.44,3.5,,Tyler Conklin,BN,"["""", ""Tyler Conklin"", ""7.44"", ""3.50"", ""BN"", ""BN"", ""BN"", ""0.00"", ""0.00"", ""Ryan Fitzpatrick"", """"]",1,1,116.28,94.34
2021,12,2,4,right,The Big Gronkowski,Malle ❤️ 🐸,2021-W12-M01,Ryan Fitzpatrick,,BN,False,True,False,0.0,0.0,,Ryan Fitzpatrick,BN,"["""", ""Tyler Conklin"", ""7.44"", ""3.50"", ""BN"", ""BN"", ""BN"", ""0.00"", ""0.00"", ""Ryan Fitzpatrick"", """"]",1,1,94.34,116.28
2021,12,2,5,left,Malle ❤️ 🐸,The Big Gronkowski,2021-W12-M01,Cole Beasley,,BN,False,True,False,10.5,7.1,,Cole Beasley,BN,"["""", ""Cole Beasley"", ""10.50"", ""7.10"", ""BN"", ""BN"", ""BN"", ""4.00"", ""8.49"", ""Bears - DEF"", """"]",1,1,116.28,94.34
2021,12,2,5,right,The Big Gronkowski,Malle ❤️ 🐸,2021-W12-M01,Bears - DEF,,BN,False,True,False,8.49,4.0,,Bears - DEF,BN,"["""", ""Cole Beasley"", ""10.50"", ""7.10"", ""BN"", ""BN"", ""BN"", ""4.00"", ""8.49"", ""Bears - DEF"", """"]",1,1,94.34,116.28
2021,12,1,0,left,Voldemort,Uncle Rico,2021-W12-M02,Lamar Jackson,QB,QB,True,False,False,29.0,15.4,,Lamar Jackson,QB,"["""", ""Lamar Jackson"", ""29.00"", ""15.40"", ""QB"", ""QB"", ""QB"", ""29.30"", ""25.65"", ""Dak Prescott"", """"]",2,3,90.7,150.86
2021,12,1,0,right,Uncle Rico,Voldemort,2021-W12-M02,Dak Prescott,QB,QB,True,False,False,25.65,29.3,,Dak Prescott,QB,"["""", ""Lamar Jackson"", ""29.00"", ""15.40"", ""QB"", ""QB"", ""QB"", ""29.30"", ""25.65"", ""Dak Prescott"", """"]",2,3,150.86,90.7
2021,12,1,1,left,Voldemort,Uncle Rico,2021-W12-M02,Ja'Marr Chase,WR,WR,True,False,False,13.52,5.4,,Ja'Marr Chase,WR,"["""", ""Ja'Marr Chase"", ""13.52"", ""5.40"", ""WR"", ""WR"", ""WR"", ""11.26"", ""15.29"", ""Justin Jefferson "", """"]",2,3,90.7,150.86
2021,12,1,1,right,Uncle Rico,Voldemort,2021-W12-M02,Justin Jefferson,WR,WR,True,False,False,15.29,11.26,,Justin Jefferson ,WR,"["""", ""Ja'Marr Chase"", ""13.52"", ""5.40"", ""WR"", ""WR"", ""WR"", ""11.26"", ""15.29"", ""Justin Jefferson "", """"]",2,3,150.86,90.7
2021,12,1,2,left,Voldemort,Uncle Rico,2021-W12-M02,Jakobi Meyers,WR,WR,True,False,False,11.08,12.3,,Jakobi Meyers,WR,"["""", ""Jakobi Meyers"", ""11.08"", ""12.30"", ""WR"", ""WR"", ""WR"", ""20.30"", ""14.99"", ""Deebo Samuel Sr."", """"]",2,3,90.7,150.86
2021,12,1,2,right,Uncle Rico,Voldemort,2021-W12-M02,Deebo Samuel Sr.,WR,WR,True,False,False,14.99,20.3,,Deebo Samuel Sr.,WR,"["""", ""Jakobi Meyers"", ""11.08"", ""12.30"", ""WR"", ""WR"", ""WR"", ""20.30"", ""14.99"", ""Deebo Samuel Sr."", """"]",2,3,150.86,90.7
2021,12,1,3,left,Voldemort,Uncle Rico,2021-W12-M02,Christian McCaffrey,RB,RB,True,False,False,23.29,3.5,,Christian McCaffrey,RB,"["""", ""Christian McCaffrey"", ""23.29"", ""3.50"", ""RB"", ""RB"", ""RB"", ""4.90"", ""15.10"", ""Nick Chubb"", """"]",2,3,90.7,150.86
2021,12,1,3,right,Uncle Rico,Voldemort,2021-W12-M02,Nick Chubb,RB,RB,True,False,False,15.1,4.9,,Nick Chubb,RB,"["""", ""Christian McCaffrey"", ""23.29"", ""3.50"", ""RB"", ""RB"", ""RB"", ""4.90"", ""15.10"", ""Nick Chubb"", """"]",2,3,150.86,90.7
2021,12,1,4,left,Voldemort,Uncle Rico,2021-W12-M02,David Johnson,RB,RB,True,False,False,10.5,6.5,,David Johnson,RB,"["""", ""David Johnson"", ""10.50"", ""6.50"", ""RB"", ""RB"", ""RB"", ""8.90"", ""15.16"", ""David Montgomery"", """"]",2,3,90.7,150.86
2021,12,1,4,right,Uncle Rico,Voldemort,2021-W12-M02,David Montgomery,RB,RB,True,False,False,15.16,8.9,,David Montgomery,RB,"["""", ""David Johnson"", ""10.50"", ""6.50"", ""RB"", ""RB"", ""RB"", ""8.90"", ""15.16"", ""David Montgomery"", """"]",2,3,150.86,90.7
2021,12,1,5,left,Voldemort,Uncle Rico,2021-W12-M02,Mark Andrews,TE,TE,True,False,False,12.6,14.5,,Mark Andrews,TE,"["""", ""Mark Andrews"", ""12.60"", ""14.50"", ""TE"", ""TE"", ""TE"", ""16.70"", ""8.11"", ""Dawson Knox"", """"]",2,3,90.7,150.86
2021,12,1,5,right,Uncle Rico,Voldemort,2021-W12-M02,Dawson Knox,TE,TE,True,False,False,8.11,16.7,,Dawson Knox,TE,"["""", ""Mark Andrews"", ""12.60"", ""14.50"", ""TE"", ""TE"", ""TE"", ""16.70"", ""8.11"", ""Dawson Knox"", """"]",2,3,150.86,90.7
2021,12,1,6,left,Voldemort,Uncle Rico,2021-W12-M02,J.D. McKissic,,W/R/T,True,False,False,6.47,20.1,,J.D. McKissic,W/R/T,"["""", ""J.D. McKissic"", ""6.47"", ""20.10"", ""W/R/T"", ""W/R/T"", ""W/R/T"", ""26.50"", ""13.03"", ""Cordarrelle Patterson"", """"]",2,3,90.7,150.86
2021,12,1,6,right,Uncle Rico,Voldemort,2021-W12-M02,Cordarrelle Patterson,,W/R/T,True,False,False,13.03,26.5,,Cordarrelle Patterson,W/R/T,"["""", ""J.D. McKissic"", ""6.47"", ""20.10"", ""W/R/T"", ""W/R/T"", ""W/R/T"", ""26.50"", ""13.03"", ""Cordarrelle Patterson"", """"]",2,3,150.86,90.7
2021,12,1,7,left,Voldemort,Uncle Rico,2021-W12-M02,Ryan Succop,K,K,True,False,False,8.89,8.0,,Ryan Succop,K,"["""", ""Ryan Succop"", ""8.89"", ""8.00"", ""K"", ""K"", ""K"", ""21.00"", ""9.83"", ""Nick Folk"", """"]",2,3,90.7,150.86
2021,12,1,7,right,Uncle Rico,Voldemort,2021-W12-M02,Nick Folk,K,K,True,False,False,9.83,21.0,,Nick Folk,K,"["""", ""Ryan Succop"", ""8.89"", ""8.00"", ""K"", ""K"", ""K"", ""21.00"", ""9.83"", ""Nick Folk"", """"]",2,3,150.86,90.7
2021,12,1,8,left,Voldemort,Uncle Rico,2021-W12-M02,49ers - DEF,DEF,DEF,True,False,False,6.69,5.0,,49ers - DEF,DEF,"["""", ""49ers - DEF"", ""6.69"", ""5.00"", ""DEF"", ""DEF"", ""DEF"", ""12.00"", ""6.57"", ""Buccaneers - DEF"", """"]",2,3,90.7,150.86
2021,12,1,8,right,Uncle Rico,Voldemort,2021-W12-M02,Buccaneers - DEF,DEF,DEF,True,False,False,6.57,12.0,,Buccaneers - DEF,DEF,"["""", ""49ers - DEF"", ""6.69"", ""5.00"", ""DEF"", ""DEF"", ""DEF"", ""12.00"", ""6.57"", ""Buccaneers - DEF"", """"]",2,3,150.86,90.7
2021,12,2,0,left,Voldemort,Uncle Rico,2021-W12-M02,D'Onta Foreman,,BN,False,True,False,9.66,9.7,,D'Onta Foreman,BN,"["""", ""D'Onta Foreman"", ""9.66"", ""9.70"", ""BN"", ""BN"", ""BN"", ""7.30"", ""11.42"", ""Elijah Moore"", """"]",2,3,90.7,150.86
2021,12,2,0,right,Uncle Rico,Voldemort,2021-W12-M02,Elijah Moore,,BN,False,True,False,11.42,7.3,,Elijah Moore,BN,"["""", ""D'Onta Foreman"", ""9.66"", ""9.70"", ""BN"", ""BN"", ""BN"", ""7.30"", ""11.42"", ""Elijah Moore"", """"]",2,3,150.86,90.7
2021,12,2,1,left,Voldemort,Uncle Rico,2021-W12-M02,Antonio Brown,,BN,False,True,False,0.0,0.0,,Antonio Brown,BN,"["""", ""Antonio Brown"", ""0.00"", ""0.00"", ""BN"", ""BN"", ""BN"", ""1.20"", ""6.47"", ""Jeff Wilson Jr."", """"]",2,3,90.7,150.86
2021,12,2,1,right,Uncle Rico,Voldemort,2021-W12-M02,Jeff Wilson Jr.,,BN,False,True,False,6.47,1.2,,Jeff Wilson Jr.,BN,"["""", ""Antonio Brown"", ""0.00"", ""0.00"", ""BN"", ""BN"", ""BN"", ""1.20"", ""6.47"", ""Jeff Wilson Jr."", """"]",2,3,150.86,90.7
2021,12,2,2,left,Voldemort,Uncle Rico,2021-W12-M02,Latavius Murray,,BN,False,True,False,7.29,1.4,,Latavius Murray,BN,"["""", ""Latavius Murray"", ""7.29"", ""1.40"", ""BN"", ""BN"", ""BN"", ""0.00"", ""0.00"", ""Christian Kirk"", """"]",2,3,90.7,150.86
2021,12,2,2,right,Uncle Rico,Voldemort,2021-W12-M02,Christian Kirk,,BN,False,True,False,0.0,0.0,,Christian Kirk,BN,"["""", ""Latavius Murray"", ""7.29"", ""1.40"", ""BN"", ""BN"", ""BN"", ""0.00"", ""0.00"", ""Christian Kirk"", """"]",2,3,150.86,90.7
2021,12,2,3,left,Voldemort,Uncle Rico,2021-W12-M02,Jimmy Garoppolo,,BN,False,True,False,21.39,14.2,,Jimmy Garoppolo,BN,"["""", ""Jimmy Garoppolo"", ""21.39"", ""14.20"", ""BN"", ""BN"", ""BN"", ""0.80"", ""8.99"", ""Tyler Higbee"", """"]",2,3,90.7,150.86
2021,12,2,3,right,Uncle Rico,Voldemort,2021-W12-M02,Tyler Higbee,,BN,False,True,False,8.99,0.8,,Tyler Higbee,BN,"["""", ""Jimmy Garoppolo"", ""21.39"", ""14.20"", ""BN"", ""BN"", ""BN"", ""0.80"", ""8.99"", ""Tyler Higbee"", """"]",2,3,150.86,90.7
2021,12,2,4,left,Voldemort,Uncle Rico,2021-W12-M02,Tim Patrick,,BN,False,True,False,7.84,3.6,,Tim Patrick,BN,"["""", ""Tim Patrick"", ""7.84"", ""3.60"", ""BN"", ""BN"", ""BN"", ""0.00"", ""0.00"", ""Chase Edmonds"", """"]",2,3,90.7,150.86
2021,12,2,4,right,Uncle Rico,Voldemort,2021-W12-M02,Chase Edmonds,,BN,False,True,False,0.0,0.0,,Chase Edmonds,BN,"["""", ""Tim Patrick"", ""7.84"", ""3.60"", ""BN"", ""BN"", ""BN"", ""0.00"", ""0.00"", ""Chase Edmonds"", """"]",2,3,150.86,90.7
2021,12,2,5,left,Voldemort,Uncle Rico,2021-W12-M02,Allen Robinson,,BN,False,True,False,0.0,0.0,,Allen Robinson,BN,"["""", ""Allen Robinson"", ""0.00"", ""0.00"", ""BN"", ""BN"", ""BN"", ""4.30"", ""9.32"", ""Emmanuel Sanders"", """"]",2,3,90.7,150.86
2021,12,2,5,right,Uncle Rico,Voldemort,2021-W12-M02,Emmanuel Sanders,,BN,False,True,False,9.32,4.3,,Emmanuel Sanders,BN,"["""", ""Allen Robinson"", ""0.00"", ""0.00"", ""BN"", ""BN"", ""BN"", ""4.30"", ""9.32"", ""Emmanuel Sanders"", """"]",2,3,150.86,90.7
2021,12,2,6,left,Voldemort,Uncle Rico,2021-W12-M02,Derrick Henry,,IR,False,False,True,0.0,0.0,,Derrick Henry ,IR,"["""", ""Derrick Henry "", ""0.00"", ""0.00"", ""IR"", ""IR"", ""IR"", ""0.00"", ""0.00"", ""Calvin Ridley"", """"]",2,3,90.7,150.86
2021,12,2,6,right,Uncle Rico,Voldemort,2021-W12-M02,Calvin Ridley,,IR,False,False,True,0.0,0.0,,Calvin Ridley,IR,"["""", ""Derrick Henry "", ""0.00"", ""0.00"", ""IR"", ""IR"", ""IR"", ""0.00"", ""0.00"", ""Calvin Ridley"", """"]",2,3,150.86,90.7
2021,12,1,0,left,malle_dips_pouches,Joe Mantegna,2021-W12-M03,Justin Herbert,QB,QB,True,False,False,26.53,25.72,,Justin Herbert,QB,"["""", ""Justin Herbert"", ""26.53"", ""25.72"", ""QB"", ""QB"", ""QB"", ""14.22"", ""22.02"", ""Taylor Heinicke"", """"]",3,4,102.12,60.42
2021,12,1,0,right,Joe Mantegna,malle_dips_pouches,2021-W12-M03,Taylor Heinicke,QB,QB,True,False,False,22.02,14.22,,Taylor Heinicke,QB,"["""", ""Justin Herbert"", ""26.53"", ""25.72"", ""QB"", ""QB"", ""QB"", ""14.22"", ""22.02"", ""Taylor Heinicke"", """"]",3,4,60.42,102.12
2021,12,1,1,left,malle_dips_pouches,Joe Mantegna,2021-W12-M03,Diontae Johnson,WR,WR,True,False,False,13.34,14.0,,Diontae Johnson,WR,"["""", ""Diontae Johnson"", ""13.34"", ""14.00"", ""WR"", ""WR"", ""WR"", ""5.90"", ""11.03"", ""Mike Williams"", """"]",3,4,102.12,60.42
2021,12,1,1,right,Joe Mantegna,malle_dips_pouches,2021-W12-M03,Mike Williams,WR,WR,True,False,False,11.03,5.9,,Mike Williams,WR,"["""", ""Diontae Johnson"", ""13.34"", ""14.00"", ""WR"", ""WR"", ""WR"", ""5.90"", ""11.03"", ""Mike Williams"", """"]",3,4,60.42,102.12
2021,12,1,2,left,malle_dips_pouches,Joe Mantegna,2021-W12-M03,Terry McLaurin,WR,WR,True,False,False,13.35,7.1,,Terry McLaurin,WR,"["""", ""Terry McLaurin"", ""13.35"", ""7.10"", ""WR"", ""WR"", ""WR"", ""3.50"", ""11.39"", ""Jerry Jeudy "", """"]",3,4,102.12,60.42
2021,12,1,2,right,Joe Mantegna,malle_dips_pouches,2021-W12-M03,Jerry Jeudy,WR,WR,True,False,False,11.39,3.5,,Jerry Jeudy ,WR,"["""", ""Terry McLaurin"", ""13.35"", ""7.10"", ""WR"", ""WR"", ""WR"", ""3.50"", ""11.39"", ""Jerry Jeudy "", """"]",3,4,60.42,102.12
2021,12,1,3,left,malle_dips_pouches,Joe Mantegna,2021-W12-M03,Myles Gaskin,RB,RB,True,False,False,10.84,18.2,,Myles Gaskin,RB,"["""", ""Myles Gaskin"", ""10.84"", ""18.20"", ""RB"", ""RB"", ""RB"", ""2.40"", ""17.74"", ""D'Andre Swift"", """"]",3,4,102.12,60.42
2021,12,1,3,right,Joe Mantegna,malle_dips_pouches,2021-W12-M03,D'Andre Swift,RB,RB,True,False,False,17.74,2.4,,D'Andre Swift,RB,"["""", ""Myles Gaskin"", ""10.84"", ""18.20"", ""RB"", ""RB"", ""RB"", ""2.40"", ""17.74"", ""D'Andre Swift"", """"]",3,4,60.42,102.12
2021,12,1,4,left,malle_dips_pouches,Joe Mantegna,2021-W12-M03,Dalvin Cook,RB,RB,True,False,False,17.69,11.3,,Dalvin Cook,RB,"["""", ""Dalvin Cook"", ""17.69"", ""11.30"", ""RB"", ""RB"", ""RB"", ""2.30"", ""14.19"", ""Aaron Jones Sr."", """"]",3,4,102.12,60.42
2021,12,1,4,right,Joe Mantegna,malle_dips_pouches,2021-W12-M03,Aaron Jones Sr.,RB,RB,True,False,False,14.19,2.3,,Aaron Jones Sr.,RB,"["""", ""Dalvin Cook"", ""17.69"", ""11.30"", ""RB"", ""RB"", ""RB"", ""2.30"", ""14.19"", ""Aaron Jones Sr."", """"]",3,4,60.42,102.12
2021,12,1,5,left,malle_dips_pouches,Joe Mantegna,2021-W12-M03,George Kittle,TE,TE,True,False,False,13.28,1.8,,George Kittle,TE,"["""", ""George Kittle"", ""13.28"", ""1.80"", ""TE"", ""TE"", ""TE"", ""4.60"", ""6.62"", ""Logan Thomas"", """"]",3,4,102.12,60.42
2021,12,1,5,right,Joe Mantegna,malle_dips_pouches,2021-W12-M03,Logan Thomas,TE,TE,True,False,False,6.62,4.6,,Logan Thomas,TE,"["""", ""George Kittle"", ""13.28"", ""1.80"", ""TE"", ""TE"", ""TE"", ""4.60"", ""6.62"", ""Logan Thomas"", """"]",3,4,60.42,102.12
2021,12,1,6,left,malle_dips_pouches,Joe Mantegna,2021-W12-M03,Brandon Aiyuk,,W/R/T,True,False,False,12.16,11.0,,Brandon Aiyuk,W/R/T,"["""", ""Brandon Aiyuk"", ""12.16"", ""11.00"", ""W/R/T"", ""W/R/T"", ""W/R/T"", ""6.50"", ""9.94"", ""Devonta Freeman"", """"]",3,4,102.12,60.42
2021,12,1,6,right,Joe Mantegna,malle_dips_pouches,2021-W12-M03,Devonta Freeman,,W/R/T,True,False,False,9.94,6.5,,Devonta Freeman,W/R/T,"["""", ""Brandon Aiyuk"", ""12.16"", ""11.00"", ""W/R/T"", ""W/R/T"", ""W/R/T"", ""6.50"", ""9.94"", ""Devonta Freeman"", """"]",3,4,60.42,102.12
2021,12,1,7,left,malle_dips_pouches,Joe Mantegna,2021-W12-M03,Michael Badgley,K,K,True,False,False,8.84,8.0,,Michael Badgley,K,"["""", ""Michael Badgley"", ""8.84"", ""8.00"", ""K"", ""K"", ""K"", ""10.00"", ""7.73"", ""Jason Sanders"", """"]",3,4,102.12,60.42
2021,12,1,7,right,Joe Mantegna,malle_dips_pouches,2021-W12-M03,Jason Sanders,K,K,True,False,False,7.73,10.0,,Jason Sanders,K,"["""", ""Michael Badgley"", ""8.84"", ""8.00"", ""K"", ""K"", ""K"", ""10.00"", ""7.73"", ""Jason Sanders"", """"]",3,4,60.42,102.12
2021,12,1,8,left,malle_dips_pouches,Joe Mantegna,2021-W12-M03,Eagles - DEF,DEF,DEF,True,False,False,6.92,5.0,,Eagles - DEF,DEF,"["""", ""Eagles - DEF"", ""6.92"", ""5.00"", ""DEF"", ""DEF"", ""DEF"", ""11.00"", ""8.22"", ""Bills - DEF"", """"]",3,4,102.12,60.42
2021,12,1,8,right,Joe Mantegna,malle_dips_pouches,2021-W12-M03,Bills - DEF,DEF,DEF,True,False,False,8.22,11.0,,Bills - DEF,DEF,"["""", ""Eagles - DEF"", ""6.92"", ""5.00"", ""DEF"", ""DEF"", ""DEF"", ""11.00"", ""8.22"", ""Bills - DEF"", """"]",3,4,60.42,102.12
2021,12,2,0,left,malle_dips_pouches,Joe Mantegna,2021-W12-M03,Jarvis Landry,,BN,False,True,False,10.41,12.1,,Jarvis Landry,BN,"["""", ""Jarvis Landry"", ""10.41"", ""12.10"", ""BN"", ""BN"", ""BN"", ""11.12"", ""19.31"", ""Ryan Tannehill"", """"]",3,4,102.12,60.42
2021,12,2,0,right,Joe Mantegna,malle_dips_pouches,2021-W12-M03,Ryan Tannehill,,BN,False,True,False,19.31,11.12,,Ryan Tannehill,BN,"["""", ""Jarvis Landry"", ""10.41"", ""12.10"", ""BN"", ""BN"", ""BN"", ""11.12"", ""19.31"", ""Ryan Tannehill"", """"]",3,4,60.42,102.12
2021,12,2,1,left,malle_dips_pouches,Joe Mantegna,2021-W12-M03,Hunter Renfrow,,BN,False,True,False,10.14,17.6,,Hunter Renfrow,BN,"["""", ""Hunter Renfrow"", ""10.14"", ""17.60"", ""BN"", ""BN"", ""BN"", ""2.30"", ""8.65"", ""Tyler Boyd"", """"]",3,4,102.12,60.42
2021,12,2,1,right,Joe Mantegna,malle_dips_pouches,2021-W12-M03,Tyler Boyd,,BN,False,True,False,8.65,2.3,,Tyler Boyd,BN,"["""", ""Hunter Renfrow"", ""10.14"", ""17.60"", ""BN"", ""BN"", ""BN"", ""2.30"", ""8.65"", ""Tyler Boyd"", """"]",3,4,60.42,102.12
2021,12,2,2,left,malle_dips_pouches,Joe Mantegna,2021-W12-M03,Jared Cook,,BN,False,True,False,7.02,9.5,,Jared Cook,BN,"["""", ""Jared Cook"", ""7.02"", ""9.50"", ""BN"", ""BN"", ""BN"", ""0.00"", ""0.00"", ""A.J. Brown"", """"]",3,4,102.12,60.42
2021,12,2,2,right,Joe Mantegna,malle_dips_pouches,2021-W12-M03,A.J. Brown,,BN,False,True,False,0.0,0.0,,A.J. Brown,BN,"["""", ""Jared Cook"", ""7.02"", ""9.50"", ""BN"", ""BN"", ""BN"", ""0.00"", ""0.00"", ""A.J. Brown"", """"]",3,4,60.42,102.12
2021,12,2,3,left,malle_dips_pouches,Joe Mantegna,2021-W12-M03,Kirk Cousins,,BN,False,True,False,22.69,20.52,,Kirk Cousins,BN,"["""", ""Kirk Cousins"", ""22.69"", ""20.52"", ""BN"", ""BN"", ""BN"", ""–"", ""0.00"", ""James Conner"", """"]",3,4,102.12,60.42
2021,12,2,3,right,Joe Mantegna,malle_dips_pouches,2021-W12-M03,James Conner,,BN,False,True,False,0.0,,,James Conner,BN,"["""", ""Kirk Cousins"", ""22.69"", ""20.52"", ""BN"", ""BN"", ""BN"", ""–"", ""0.00"", ""James Conner"", """"]",3,4,60.42,102.12
2021,12,2,4,left,malle_dips_pouches,Joe Mantegna,2021-W12-M03,Miles Sanders,,BN,False,True,False,12.89,6.9,,Miles Sanders ,BN,"["""", ""Miles Sanders "", ""12.89"", ""6.90"", ""BN"", ""BN"", ""BN"", ""6.30"", ""9.47"", ""Marvin Jones Jr."", """"]",3,4,102.12,60.42
2021,12,2,4,right,Joe Mantegna,malle_dips_pouches,2021-W12-M03,Marvin Jones Jr.,,BN,False,True,False,9.47,6.3,,Marvin Jones Jr.,BN,"["""", ""Miles Sanders "", ""12.89"", ""6.90"", ""BN"", ""BN"", ""BN"", ""6.30"", ""9.47"", ""Marvin Jones Jr."", """"]",3,4,60.42,102.12
2021,12,2,5,left,malle_dips_pouches,Joe Mantegna,2021-W12-M03,Harrison Butker,,BN,False,True,False,0.0,,,Harrison Butker,BN,"["""", ""Harrison Butker"", ""0.00"", ""–"", ""BN"", ""BN"", ""BN"", ""2.00"", ""8.39"", ""Kareem Hunt"", """"]",3,4,102.12,60.42
2021,12,2,5,right,Joe Mantegna,malle_dips_pouches,2021-W12-M03,Kareem Hunt,,BN,False,True,False,8.39,2.0,,Kareem Hunt,BN,"["""", ""Harrison Butker"", ""0.00"", ""–"", ""BN"", ""BN"", ""BN"", ""2.00"", ""8.39"", ""Kareem Hunt"", """"]",3,4,60.42,102.12
2021,12,1,0,left,Week 12 Recap (Won),ThreatLevelMidnight,2021-W12-M04,Russell Wilson,QB,QB,True,False,False,24.32,23.48,,Russell Wilson,QB,"["""", ""Russell Wilson"", ""24.32"", ""23.48"", ""QB"", ""QB"", ""QB"", ""14.28"", ""20.79"", ""Baker Mayfield"", """"]",4,5,140.18,88.68
2021,12,1,0,right,ThreatLevelMidnight,Week 12 Recap (Won),2021-W12-M04,Baker Mayfield,QB,QB,True,False,False,20.79,14.28,,Baker Mayfield,QB,"["""", ""Russell Wilson"", ""24.32"", ""23.48"", ""QB"", ""QB"", ""QB"", ""14.28"", ""20.79"", ""Baker Mayfield"", """"]",4,5,88.68,140.18
2021,12,1,1,left,Week 12 Recap (Won),ThreatLevelMidnight,2021-W12-M04,Davante Adams,WR,WR,True,False,False,18.63,14.4,,Davante Adams,WR,"["""", ""Davante Adams"", ""18.63"", ""14.40"", ""WR"", ""WR"", ""WR"", ""12.30"", ""12.21"", ""DJ Moore"", """"]",4,5,140.18,88.68
2021,12,1,1,right,ThreatLevelMidnight,Week 12 Recap (Won),2021-W12-M04,DJ Moore,WR,WR,True,False,False,12.21,12.3,,DJ Moore,WR,"["""", ""Davante Adams"", ""18.63"", ""14.40"", ""WR"", ""WR"", ""WR"", ""12.30"", ""12.21"", ""DJ Moore"", """"]",4,5,88.68,140.18
2021,12,1,2,left,Week 12 Recap (Won),ThreatLevelMidnight,2021-W12-M04,Chris Godwin Jr.,WR,WR,True,False,False,12.94,2.7,,Chris Godwin Jr.,WR,"["""", ""Chris Godwin Jr."", ""12.94"", ""2.70"", ""WR"", ""WR"", ""WR"", ""6.50"", ""10.33"", ""Kenny Golladay"", """"]",4,5,140.18,88.68
2021,12,1,2,right,ThreatLevelMidnight,Week 12 Recap (Won),2021-W12-M04,Kenny Golladay,WR,WR,True,False,False,10.33,6.5,,Kenny Golladay,WR,"["""", ""Chris Godwin Jr."", ""12.94"", ""2.70"", ""WR"", ""WR"", ""WR"", ""6.50"", ""10.33"", ""Kenny Golladay"", """"]",4,5,88.68,140.18
2021,12,1,3,left,Week 12 Recap (Won),ThreatLevelMidnight,2021-W12-M04,Joe Mixon,RB,RB,True,False,False,15.09,30.3,,Joe Mixon,RB,"["""", ""Joe Mixon"", ""15.09"", ""30.30"", ""RB"", ""RB"", ""RB"", ""18.20"", ""11.18"", ""Josh Jacobs"", """"]",4,5,140.18,88.68
2021,12,1,3,right,ThreatLevelMidnight,Week 12 Recap (Won),2021-W12-M04,Josh Jacobs,RB,RB,True,False,False,11.18,18.2,,Josh Jacobs,RB,"["""", ""Joe Mixon"", ""15.09"", ""30.30"", ""RB"", ""RB"", ""RB"", ""18.20"", ""11.18"", ""Josh Jacobs"", """"]",4,5,88.68,140.18
2021,12,1,4,left,Week 12 Recap (Won),ThreatLevelMidnight,2021-W12-M04,Darrell Henderson Jr.,RB,RB,True,False,False,15.28,15.3,,Darrell Henderson Jr.,RB,"["""", ""Darrell Henderson Jr."", ""15.28"", ""15.30"", ""RB"", ""RB"", ""RB"", ""11.00"", ""14.52"", ""James Robinson"", """"]",4,5,140.18,88.68
2021,12,1,4,right,ThreatLevelMidnight,Week 12 Recap (Won),2021-W12-M04,James Robinson,RB,RB,True,False,False,14.52,11.0,,James Robinson,RB,"["""", ""Darrell Henderson Jr."", ""15.28"", ""15.30"", ""RB"", ""RB"", ""RB"", ""11.00"", ""14.52"", ""James Robinson"", """"]",4,5,88.68,140.18
2021,12,1,5,left,Week 12 Recap (Won),ThreatLevelMidnight,2021-W12-M04,Noah Fant,TE,TE,True,False,False,8.99,2.7,,Noah Fant,TE,"["""", ""Noah Fant"", ""8.99"", ""2.70"", ""TE"", ""TE"", ""TE"", ""14.10"", ""10.52"", ""Dalton Schultz"", """"]",4,5,140.18,88.68
2021,12,1,5,right,ThreatLevelMidnight,Week 12 Recap (Won),2021-W12-M04,Dalton Schultz,TE,TE,True,False,False,10.52,14.1,,Dalton Schultz,TE,"["""", ""Noah Fant"", ""8.99"", ""2.70"", ""TE"", ""TE"", ""TE"", ""14.10"", ""10.52"", ""Dalton Schultz"", """"]",4,5,88.68,140.18
2021,12,1,6,left,Week 12 Recap (Won),ThreatLevelMidnight,2021-W12-M04,Elijah Mitchell,,W/R/T,True,False,False,10.94,25.3,,Elijah Mitchell,W/R/T,"["""", ""Elijah Mitchell"", ""10.94"", ""25.30"", ""W/R/T"", ""W/R/T"", ""W/R/T"", ""9.30"", ""10.79"", ""Melvin Gordon III"", """"]",4,5,140.18,88.68
2021,12,1,6,right,ThreatLevelMidnight,Week 12 Recap (Won),2021-W12-M04,Melvin Gordon III,,W/R/T,True,False,False,10.79,9.3,,Melvin Gordon III,W/R/T,"["""", ""Elijah Mitchell"", ""10.94"", ""25.30"", ""W/R/T"", ""W/R/T"", ""W/R/T"", ""9.30"", ""10.79"", ""Melvin Gordon III"", """"]",4,5,88.68,140.18
2021,12,1,7,left,Week 12 Recap (Won),ThreatLevelMidnight,2021-W12-M04,Tyler Bass,K,K,True,False,False,9.31,7.0,,Tyler Bass,K,"["""", ""Tyler Bass"", ""9.31"", ""7.00"", ""K"", ""K"", ""K"", ""3.00"", ""7.82"", ""Younghoe Koo"", """"]",4,5,140.18,88.68
2021,12,1,7,right,ThreatLevelMidnight,Week 12 Recap (Won),2021-W12-M04,Younghoe Koo,K,K,True,False,False,7.82,3.0,,Younghoe Koo,K,"["""", ""Tyler Bass"", ""9.31"", ""7.00"", ""K"", ""K"", ""K"", ""3.00"", ""7.82"", ""Younghoe Koo"", """"]",4,5,88.68,140.18
2021,12,1,8,left,Week 12 Recap (Won),ThreatLevelMidnight,2021-W12-M04,Bengals - DEF,DEF,DEF,True,False,False,6.95,19.0,,Bengals - DEF,DEF,"["""", ""Bengals - DEF"", ""6.95"", ""19.00"", ""DEF"", ""DEF"", ""DEF"", ""0.00"", ""6.58"", ""Steelers - DEF"", """"]",4,5,140.18,88.68
2021,12,1,8,right,ThreatLevelMidnight,Week 12 Recap (Won),2021-W12-M04,Steelers - DEF,DEF,DEF,True,False,False,6.58,0.0,,Steelers - DEF,DEF,"["""", ""Bengals - DEF"", ""6.95"", ""19.00"", ""DEF"", ""DEF"", ""DEF"", ""0.00"", ""6.58"", ""Steelers - DEF"", """"]",4,5,88.68,140.18
2021,12,2,0,left,Week 12 Recap (Won),ThreatLevelMidnight,2021-W12-M04,Jaylen Waddle,,BN,False,True,False,12.46,24.2,,Jaylen Waddle,BN,"["""", ""Jaylen Waddle"", ""12.46"", ""24.20"", ""BN"", ""BN"", ""BN"", ""0.00"", ""0.00"", ""Mecole Hardman Jr."", """"]",4,5,140.18,88.68
2021,12,2,0,right,ThreatLevelMidnight,Week 12 Recap (Won),2021-W12-M04,Mecole Hardman Jr.,,BN,False,True,False,0.0,0.0,,Mecole Hardman Jr.,BN,"["""", ""Jaylen Waddle"", ""12.46"", ""24.20"", ""BN"", ""BN"", ""BN"", ""0.00"", ""0.00"", ""Mecole Hardman Jr."", """"]",4,5,88.68,140.18
2021,12,2,1,left,Week 12 Recap (Won),ThreatLevelMidnight,2021-W12-M04,Kadarius Toney,,BN,False,True,False,0.0,0.0,,Kadarius Toney,BN,"["""", ""Kadarius Toney"", ""0.00"", ""0.00"", ""BN"", ""BN"", ""BN"", ""0.50"", ""8.70"", ""Dallas Goedert"", """"]",4,5,140.18,88.68
2021,12,2,1,right,ThreatLevelMidnight,Week 12 Recap (Won),2021-W12-M04,Dallas Goedert,,BN,False,True,False,8.7,0.5,,Dallas Goedert,BN,"["""", ""Kadarius Toney"", ""0.00"", ""0.00"", ""BN"", ""BN"", ""BN"", ""0.50"", ""8.70"", ""Dallas Goedert"", """"]",4,5,88.68,140.18
2021,12,2,2,left,Week 12 Recap (Won),ThreatLevelMidnight,2021-W12-M04,Chuba Hubbard,,BN,False,True,False,2.43,0.6,,Chuba Hubbard,BN,"["""", ""Chuba Hubbard"", ""2.43"", ""0.60"", ""BN"", ""BN"", ""BN"", ""–"", ""0.00"", ""Patrick Mahomes "", """"]",4,5,140.18,88.68
2021,12,2,2,right,ThreatLevelMidnight,Week 12 Recap (Won),2021-W12-M04,Patrick Mahomes,,BN,False,True,False,0.0,,,Patrick Mahomes ,BN,"["""", ""Chuba Hubbard"", ""2.43"", ""0.60"", ""BN"", ""BN"", ""BN"", ""–"", ""0.00"", ""Patrick Mahomes "", """"]",4,5,88.68,140.18
2021,12,2,3,left,Week 12 Recap (Won),ThreatLevelMidnight,2021-W12-M04,Rhamondre Stevenson,,BN,False,True,False,9.77,4.6,,Rhamondre Stevenson,BN,"["""", ""Rhamondre Stevenson"", ""9.77"", ""4.60"", ""BN"", ""BN"", ""BN"", ""0.00"", ""0.00"", ""Corey Davis"", """"]",4,5,140.18,88.68
2021,12,2,3,right,ThreatLevelMidnight,Week 12 Recap (Won),2021-W12-M04,Corey Davis,,BN,False,True,False,0.0,0.0,,Corey Davis,BN,"["""", ""Rhamondre Stevenson"", ""9.77"", ""4.60"", ""BN"", ""BN"", ""BN"", ""0.00"", ""0.00"", ""Corey Davis"", """"]",4,5,88.68,140.18
2021,12,2,4,left,Week 12 Recap (Won),ThreatLevelMidnight,2021-W12-M04,Sony Michel,,BN,False,True,False,4.41,3.0,,Sony Michel,BN,"["""", ""Sony Michel"", ""4.41"", ""3.00"", ""BN"", ""BN"", ""BN"", ""3.40"", ""7.08"", ""Marquez Callaway"", """"]",4,5,140.18,88.68
2021,12,2,4,right,ThreatLevelMidnight,Week 12 Recap (Won),2021-W12-M04,Marquez Callaway,,BN,False,True,False,7.08,3.4,,Marquez Callaway,BN,"["""", ""Sony Michel"", ""4.41"", ""3.00"", ""BN"", ""BN"", ""BN"", ""3.40"", ""7.08"", ""Marquez Callaway"", """"]",4,5,88.68,140.18
2021,12,2,5,left,Week 12 Recap (Won),ThreatLevelMidnight,2021-W12-M04,Alexander Mattison,,BN,False,True,False,4.27,9.8,,Alexander Mattison,BN,"["""", ""Alexander Mattison"", ""4.27"", ""9.80"", ""BN"", ""BN"", ""BN"", ""5.00"", ""7.36"", ""Cowboys - DEF"", """"]",4,5,140.18,88.68
2021,12,2,5,right,ThreatLevelMidnight,Week 12 Recap (Won),2021-W12-M04,Cowboys - DEF,,BN,False,True,False,7.36,5.0,,Cowboys - DEF,BN,"["""", ""Alexander Mattison"", ""4.27"", ""9.80"", ""BN"", ""BN"", ""BN"", ""5.00"", ""7.36"", ""Cowboys - DEF"", """"]",4,5,88.68,140.18
2021,12,2,6,left,Week 12 Recap (Won),ThreatLevelMidnight,2021-W12-M04,Michael Thomas,,IR,False,False,True,0.0,0.0,,Michael Thomas,IR,"["""", ""Michael Thomas"", ""0.00"", ""0.00"", ""IR"", ""IR"", ""IR"", ""–"", ""0.00"", ""(Empty)"", """"]",4,5,140.18,88.68
2021,12,2,6,right,ThreatLevelMidnight,Week 12 Recap (Won),2021-W12-M04,(Empty),,IR,False,False,True,0.0,,,(Empty),IR,"["""", ""Michael Thomas"", ""0.00"", ""0.00"", ""IR"", ""IR"", ""IR"", ""–"", ""0.00"", ""(Empty)"", """"]",4,5,88.68,140.18
2021,12,1,0,left,Pop Lockett Drop it,Ginger FC,2021-W12-M05,Mac Jones,QB,QB,True,False,False,21.82,25.5,,Mac Jones,QB,"["""", ""Mac Jones"", ""21.82"", ""25.50"", ""QB"", ""QB"", ""QB"", ""30.28"", ""26.36"", ""Aaron Rodgers"", """"]",5,6,141.4,130.38
2021,12,1,0,right,Ginger FC,Pop Lockett Drop it,2021-W12-M05,Aaron Rodgers,QB,QB,True,False,False,26.36,30.28,,Aaron Rodgers,QB,"["""", ""Mac Jones"", ""21.82"", ""25.50"", ""QB"", ""QB"", ""QB"", ""30.28"", ""26.36"", ""Aaron Rodgers"", """"]",5,6,130.38,141.4
2021,12,1,1,left,Pop Lockett Drop it,Ginger FC,2021-W12-M05,Darnell Mooney,WR,WR,True,False,False,12.98,15.0,,Darnell Mooney,WR,"["""", ""Darnell Mooney"", ""12.98"", ""15.00"", ""WR"", ""WR"", ""WR"", ""1.80"", ""14.46"", ""DK Metcalf "", """"]",5,6,141.4,130.38
2021,12,1,1,right,Ginger FC,Pop Lockett Drop it,2021-W12-M05,DK Metcalf,WR,WR,True,False,False,14.46,1.8,,DK Metcalf ,WR,"["""", ""Darnell Mooney"", ""12.98"", ""15.00"", ""WR"", ""WR"", ""WR"", ""1.80"", ""14.46"", ""DK Metcalf "", """"]",5,6,130.38,141.4
2021,12,1,2,left,Pop Lockett Drop it,Ginger FC,2021-W12-M05,Michael Gallup,WR,WR,True,False,False,12.46,13.1,,Michael Gallup,WR,"["""", ""Michael Gallup"", ""12.46"", ""13.10"", ""WR"", ""WR"", ""WR"", ""1.40"", ""8.92"", ""Deonte Harty"", """"]",5,6,141.4,130.38
2021,12,1,2,right,Ginger FC,Pop Lockett Drop it,2021-W12-M05,Deonte Harty,WR,WR,True,False,False,8.92,1.4,,Deonte Harty,WR,"["""", ""Michael Gallup"", ""12.46"", ""13.10"", ""WR"", ""WR"", ""WR"", ""1.40"", ""8.92"", ""Deonte Harty"", """"]",5,6,130.38,141.4
2021,12,1,3,left,Pop Lockett Drop it,Ginger FC,2021-W12-M05,Austin Ekeler,RB,RB,True,False,False,17.71,18.9,,Austin Ekeler,RB,"["""", ""Austin Ekeler"", ""17.71"", ""18.90"", ""RB"", ""RB"", ""RB"", ""13.90"", ""16.25"", ""Ezekiel Elliott"", """"]",5,6,141.4,130.38
2021,12,1,3,right,Ginger FC,Pop Lockett Drop it,2021-W12-M05,Ezekiel Elliott,RB,RB,True,False,False,16.25,13.9,,Ezekiel Elliott,RB,"["""", ""Austin Ekeler"", ""17.71"", ""18.90"", ""RB"", ""RB"", ""RB"", ""13.90"", ""16.25"", ""Ezekiel Elliott"", """"]",5,6,130.38,141.4
2021,12,1,4,left,Pop Lockett Drop it,Ginger FC,2021-W12-M05,Tevin Coleman,RB,RB,True,False,False,7.58,8.0,,Tevin Coleman,RB,"["""", ""Tevin Coleman"", ""7.58"", ""8.00"", ""RB"", ""RB"", ""RB"", ""40.60"", ""14.03"", ""Leonard Fournette"", """"]",5,6,141.4,130.38
2021,12,1,4,right,Ginger FC,Pop Lockett Drop it,2021-W12-M05,Leonard Fournette,RB,RB,True,False,False,14.03,40.6,,Leonard Fournette,RB,"["""", ""Tevin Coleman"", ""7.58"", ""8.00"", ""RB"", ""RB"", ""RB"", ""40.60"", ""14.03"", ""Leonard Fournette"", """"]",5,6,130.38,141.4
2021,12,1,5,left,Pop Lockett Drop it,Ginger FC,2021-W12-M05,Pat Freiermuth,TE,TE,True,False,False,8.18,12.0,,Pat Freiermuth,TE,"["""", ""Pat Freiermuth"", ""8.18"", ""12.00"", ""TE"", ""TE"", ""TE"", ""15.80"", ""8.44"", ""Rob Gronkowski"", """"]",5,6,141.4,130.38
2021,12,1,5,right,Ginger FC,Pop Lockett Drop it,2021-W12-M05,Rob Gronkowski,TE,TE,True,False,False,8.44,15.8,,Rob Gronkowski,TE,"["""", ""Pat Freiermuth"", ""8.18"", ""12.00"", ""TE"", ""TE"", ""TE"", ""15.80"", ""8.44"", ""Rob Gronkowski"", """"]",5,6,130.38,141.4
2021,12,1,6,left,Pop Lockett Drop it,Ginger FC,2021-W12-M05,Stefon Diggs,,W/R/T,True,False,False,15.19,16.9,,Stefon Diggs ,W/R/T,"["""", ""Stefon Diggs "", ""15.19"", ""16.90"", ""W/R/T"", ""W/R/T"", ""W/R/T"", ""18.60"", ""10.19"", ""Javonte Williams"", """"]",5,6,141.4,130.38
2021,12,1,6,right,Ginger FC,Pop Lockett Drop it,2021-W12-M05,Javonte Williams,,W/R/T,True,False,False,10.19,18.6,,Javonte Williams,W/R/T,"["""", ""Stefon Diggs "", ""15.19"", ""16.90"", ""W/R/T"", ""W/R/T"", ""W/R/T"", ""18.60"", ""10.19"", ""Javonte Williams"", """"]",5,6,130.38,141.4
2021,12,1,7,left,Pop Lockett Drop it,Ginger FC,2021-W12-M05,Daniel Carlson,K,K,True,False,False,8.71,21.0,,Daniel Carlson,K,"["""", ""Daniel Carlson"", ""8.71"", ""21.00"", ""K"", ""K"", ""K"", ""2.00"", ""9.02"", ""Greg Joseph"", """"]",5,6,141.4,130.38
2021,12,1,7,right,Ginger FC,Pop Lockett Drop it,2021-W12-M05,Greg Joseph,K,K,True,False,False,9.02,2.0,,Greg Joseph,K,"["""", ""Daniel Carlson"", ""8.71"", ""21.00"", ""K"", ""K"", ""K"", ""2.00"", ""9.02"", ""Greg Joseph"", """"]",5,6,130.38,141.4
2021,12,1,8,left,Pop Lockett Drop it,Ginger FC,2021-W12-M05,Ravens - DEF,DEF,DEF,True,False,False,6.92,11.0,,Ravens - DEF,DEF,"["""", ""Ravens - DEF"", ""6.92"", ""11.00"", ""DEF"", ""DEF"", ""DEF"", ""6.00"", ""7.20"", ""Texans - DEF"", """"]",5,6,141.4,130.38
2021,12,1,8,right,Ginger FC,Pop Lockett Drop it,2021-W12-M05,Texans - DEF,DEF,DEF,True,False,False,7.2,6.0,,Texans - DEF,DEF,"["""", ""Ravens - DEF"", ""6.92"", ""11.00"", ""DEF"", ""DEF"", ""DEF"", ""6.00"", ""7.20"", ""Texans - DEF"", """"]",5,6,130.38,141.4
2021,12,2,0,left,Pop Lockett Drop it,Ginger FC,2021-W12-M05,Jamaal Williams,,BN,False,True,False,6.43,10.8,,Jamaal Williams,BN,"["""", ""Jamaal Williams"", ""6.43"", ""10.80"", ""BN"", ""BN"", ""BN"", ""5.30"", ""9.17"", ""Devin Singletary"", """"]",5,6,141.4,130.38
2021,12,2,0,right,Ginger FC,Pop Lockett Drop it,2021-W12-M05,Devin Singletary,,BN,False,True,False,9.17,5.3,,Devin Singletary,BN,"["""", ""Jamaal Williams"", ""6.43"", ""10.80"", ""BN"", ""BN"", ""BN"", ""5.30"", ""9.17"", ""Devin Singletary"", """"]",5,6,130.38,141.4
2021,12,2,1,left,Pop Lockett Drop it,Ginger FC,2021-W12-M05,Travis Kelce,,BN,False,True,False,0.0,,,Travis Kelce,BN,"["""", ""Travis Kelce"", ""0.00"", ""–"", ""BN"", ""BN"", ""BN"", ""0.00"", ""0.00"", ""Zach Ertz"", """"]",5,6,141.4,130.38
2021,12,2,1,right,Ginger FC,Pop Lockett Drop it,2021-W12-M05,Zach Ertz,,BN,False,True,False,0.0,0.0,,Zach Ertz,BN,"["""", ""Travis Kelce"", ""0.00"", ""–"", ""BN"", ""BN"", ""BN"", ""0.00"", ""0.00"", ""Zach Ertz"", """"]",5,6,130.38,141.4
2021,12,2,2,left,Pop Lockett Drop it,Ginger FC,2021-W12-M05,Robbie Chosen,,BN,False,True,False,7.89,2.0,,Robbie Chosen,BN,"["""", ""Robbie Chosen"", ""7.89"", ""2.00"", ""BN"", ""BN"", ""BN"", ""0.00"", ""0.00"", ""Amari Cooper"", """"]",5,6,141.4,130.38
2021,12,2,2,right,Ginger FC,Pop Lockett Drop it,2021-W12-M05,Amari Cooper,,BN,False,True,False,0.0,0.0,,Amari Cooper,BN,"["""", ""Robbie Chosen"", ""7.89"", ""2.00"", ""BN"", ""BN"", ""BN"", ""0.00"", ""0.00"", ""Amari Cooper"", """"]",5,6,130.38,141.4
2021,12,2,3,left,Pop Lockett Drop it,Ginger FC,2021-W12-M05,Hollywood Brown,,BN,False,True,False,13.12,9.1,,Hollywood Brown,BN,"["""", ""Hollywood Brown"", ""13.12"", ""9.10"", ""BN"", ""BN"", ""BN"", ""3.20"", ""3.06"", ""Devontae Booker"", """"]",5,6,141.4,130.38
2021,12,2,3,right,Ginger FC,Pop Lockett Drop it,2021-W12-M05,Devontae Booker,,BN,False,True,False,3.06,3.2,,Devontae Booker,BN,"["""", ""Hollywood Brown"", ""13.12"", ""9.10"", ""BN"", ""BN"", ""BN"", ""3.20"", ""3.06"", ""Devontae Booker"", """"]",5,6,130.38,141.4
2021,12,2,4,left,Pop Lockett Drop it,Ginger FC,2021-W12-M05,Courtland Sutton,,BN,False,True,False,10.06,2.7,,Courtland Sutton,BN,"["""", ""Courtland Sutton"", ""10.06"", ""2.70"", ""BN"", ""BN"", ""BN"", ""0.00"", ""0.00"", ""DeAndre Hopkins"", """"]",5,6,141.4,130.38
2021,12,2,4,right,Ginger FC,Pop Lockett Drop it,2021-W12-M05,DeAndre Hopkins,,BN,False,True,False,0.0,0.0,,DeAndre Hopkins,BN,"["""", ""Courtland Sutton"", ""10.06"", ""2.70"", ""BN"", ""BN"", ""BN"", ""0.00"", ""0.00"", ""DeAndre Hopkins"", """"]",5,6,130.38,141.4
2021,12,2,5,left,Pop Lockett Drop it,Ginger FC,2021-W12-M05,DeVante Parker,,BN,False,True,False,0.0,0.0,,DeVante Parker,BN,"["""", ""DeVante Parker"", ""0.00"", ""0.00"", ""BN"", ""BN"", ""BN"", ""23.02"", ""22.19"", ""Derek Carr"", """"]",5,6,141.4,130.38
2021,12,2,5,right,Ginger FC,Pop Lockett Drop it,2021-W12-M05,Derek Carr,,BN,False,True,False,22.19,23.02,,Derek Carr,BN,"["""", ""DeVante Parker"", ""0.00"", ""0.00"", ""BN"", ""BN"", ""BN"", ""23.02"", ""22.19"", ""Derek Carr"", """"]",5,6,130.38,141.4
2021,12,1,0,left,Patty Primetimes,Post Mahomes,2021-W12-M06,Cam Newton,QB,QB,True,False,False,22.35,8.18,,Cam Newton,QB,"["""", ""Cam Newton"", ""22.35"", ""8.18"", ""QB"", ""QB"", ""QB"", ""36.70"", ""27.93"", ""Josh Allen "", """"]",6,7,103.78,89.0
2021,12,1,0,right,Post Mahomes,Patty Primetimes,2021-W12-M06,Josh Allen,QB,QB,True,False,False,27.93,36.7,,Josh Allen ,QB,"["""", ""Cam Newton"", ""22.35"", ""8.18"", ""QB"", ""QB"", ""QB"", ""36.70"", ""27.93"", ""Josh Allen "", """"]",6,7,89.0,103.78
2021,12,1,1,left,Patty Primetimes,Post Mahomes,2021-W12-M06,Brandin Cooks,WR,WR,True,False,False,12.01,12.0,,Brandin Cooks,WR,"["""", ""Brandin Cooks"", ""12.01"", ""12.00"", ""WR"", ""WR"", ""WR"", ""3.20"", ""11.80"", ""DeVonta Smith"", """"]",6,7,103.78,89.0
2021,12,1,1,right,Post Mahomes,Patty Primetimes,2021-W12-M06,DeVonta Smith,WR,WR,True,False,False,11.8,3.2,,DeVonta Smith,WR,"["""", ""Brandin Cooks"", ""12.01"", ""12.00"", ""WR"", ""WR"", ""WR"", ""3.20"", ""11.80"", ""DeVonta Smith"", """"]",6,7,89.0,103.78
2021,12,1,2,left,Patty Primetimes,Post Mahomes,2021-W12-M06,Cedrick Wilson Jr.,WR,WR,True,False,False,8.41,13.9,,Cedrick Wilson Jr.,WR,"["""", ""Cedrick Wilson Jr."", ""8.41"", ""13.90"", ""WR"", ""WR"", ""WR"", ""20.40"", ""11.90"", ""Tee Higgins"", """"]",6,7,103.78,89.0
2021,12,1,2,right,Post Mahomes,Patty Primetimes,2021-W12-M06,Tee Higgins,WR,WR,True,False,False,11.9,20.4,,Tee Higgins,WR,"["""", ""Cedrick Wilson Jr."", ""8.41"", ""13.90"", ""WR"", ""WR"", ""WR"", ""20.40"", ""11.90"", ""Tee Higgins"", """"]",6,7,89.0,103.78
2021,12,1,3,left,Patty Primetimes,Post Mahomes,2021-W12-M06,Jonathan Taylor,RB,RB,True,False,False,20.28,17.7,,Jonathan Taylor,RB,"["""", ""Jonathan Taylor"", ""20.28"", ""17.70"", ""RB"", ""RB"", ""RB"", ""1.20"", ""9.37"", ""Alex Collins"", """"]",6,7,103.78,89.0
2021,12,1,3,right,Post Mahomes,Patty Primetimes,2021-W12-M06,Alex Collins,RB,RB,True,False,False,9.37,1.2,,Alex Collins,RB,"["""", ""Jonathan Taylor"", ""20.28"", ""17.70"", ""RB"", ""RB"", ""RB"", ""1.20"", ""9.37"", ""Alex Collins"", """"]",6,7,89.0,103.78
2021,12,1,4,left,Patty Primetimes,Post Mahomes,2021-W12-M06,Saquon Barkley,RB,RB,True,False,False,15.2,7.3,,Saquon Barkley,RB,"["""", ""Saquon Barkley"", ""15.20"", ""7.30"", ""RB"", ""RB"", ""RB"", ""2.70"", ""9.47"", ""Tony Jones"", """"]",6,7,103.78,89.0
2021,12,1,4,right,Post Mahomes,Patty Primetimes,2021-W12-M06,Tony Jones,RB,RB,True,False,False,9.47,2.7,,Tony Jones,RB,"["""", ""Saquon Barkley"", ""15.20"", ""7.30"", ""RB"", ""RB"", ""RB"", ""2.70"", ""9.47"", ""Tony Jones"", """"]",6,7,89.0,103.78
2021,12,1,5,left,Patty Primetimes,Post Mahomes,2021-W12-M06,Kyle Pitts Sr.,TE,TE,True,False,False,10.91,3.6,,Kyle Pitts Sr.,TE,"["""", ""Kyle Pitts Sr."", ""10.91"", ""3.60"", ""TE"", ""TE"", ""TE"", ""2.60"", ""7.69"", ""Hunter Henry"", """"]",6,7,103.78,89.0
2021,12,1,5,right,Post Mahomes,Patty Primetimes,2021-W12-M06,Hunter Henry,TE,TE,True,False,False,7.69,2.6,,Hunter Henry,TE,"["""", ""Kyle Pitts Sr."", ""10.91"", ""3.60"", ""TE"", ""TE"", ""TE"", ""2.60"", ""7.69"", ""Hunter Henry"", """"]",6,7,89.0,103.78
2021,12,1,6,left,Patty Primetimes,Post Mahomes,2021-W12-M06,Rashod Bateman,,W/R/T,True,False,False,9.27,5.1,,Rashod Bateman,W/R/T,"["""", ""Rashod Bateman"", ""9.27"", ""5.10"", ""W/R/T"", ""W/R/T"", ""W/R/T"", ""3.20"", ""8.94"", ""Mike Gesicki"", """"]",6,7,103.78,89.0
2021,12,1,6,right,Post Mahomes,Patty Primetimes,2021-W12-M06,Mike Gesicki,,W/R/T,True,False,False,8.94,3.2,,Mike Gesicki,W/R/T,"["""", ""Rashod Bateman"", ""9.27"", ""5.10"", ""W/R/T"", ""W/R/T"", ""W/R/T"", ""3.20"", ""8.94"", ""Mike Gesicki"", """"]",6,7,89.0,103.78
2021,12,1,7,left,Patty Primetimes,Post Mahomes,2021-W12-M06,Evan McPherson,K,K,True,False,False,7.85,13.0,,Evan McPherson,K,"["""", ""Evan McPherson"", ""7.85"", ""13.00"", ""K"", ""K"", ""K"", ""5.00"", ""8.80"", ""Chris Boswell"", """"]",6,7,103.78,89.0
2021,12,1,7,right,Post Mahomes,Patty Primetimes,2021-W12-M06,Chris Boswell,K,K,True,False,False,8.8,5.0,,Chris Boswell,K,"["""", ""Evan McPherson"", ""7.85"", ""13.00"", ""K"", ""K"", ""K"", ""5.00"", ""8.80"", ""Chris Boswell"", """"]",6,7,89.0,103.78
2021,12,1,8,left,Patty Primetimes,Post Mahomes,2021-W12-M06,Dolphins - DEF,DEF,DEF,True,False,False,6.75,23.0,,Dolphins - DEF,DEF,"["""", ""Dolphins - DEF"", ""6.75"", ""23.00"", ""DEF"", ""DEF"", ""DEF"", ""14.00"", ""9.21"", ""Patriots - DEF"", """"]",6,7,103.78,89.0
2021,12,1,8,right,Post Mahomes,Patty Primetimes,2021-W12-M06,Patriots - DEF,DEF,DEF,True,False,False,9.21,14.0,,Patriots - DEF,DEF,"["""", ""Dolphins - DEF"", ""6.75"", ""23.00"", ""DEF"", ""DEF"", ""DEF"", ""14.00"", ""9.21"", ""Patriots - DEF"", """"]",6,7,89.0,103.78
2021,12,2,0,left,Patty Primetimes,Post Mahomes,2021-W12-M06,Tony Pollard,,BN,False,True,False,11.63,14.8,,Tony Pollard,BN,"["""", ""Tony Pollard"", ""11.63"", ""14.80"", ""BN"", ""BN"", ""BN"", ""6.90"", ""6.74"", ""Rex Burkhead"", """"]",6,7,103.78,89.0
2021,12,2,0,right,Post Mahomes,Patty Primetimes,2021-W12-M06,Rex Burkhead,,BN,False,True,False,6.74,6.9,,Rex Burkhead,BN,"["""", ""Tony Pollard"", ""11.63"", ""14.80"", ""BN"", ""BN"", ""BN"", ""6.90"", ""6.74"", ""Rex Burkhead"", """"]",6,7,89.0,103.78
2021,12,2,1,left,Patty Primetimes,Post Mahomes,2021-W12-M06,CeeDee Lamb,,BN,False,True,False,0.0,0.0,,CeeDee Lamb,BN,"["""", ""CeeDee Lamb"", ""0.00"", ""0.00"", ""BN"", ""BN"", ""BN"", ""0.00"", ""0.00"", ""Alvin Kamara"", """"]",6,7,103.78,89.0
2021,12,2,1,right,Post Mahomes,Patty Primetimes,2021-W12-M06,Alvin Kamara,,BN,False,True,False,0.0,0.0,,Alvin Kamara,BN,"["""", ""CeeDee Lamb"", ""0.00"", ""0.00"", ""BN"", ""BN"", ""BN"", ""0.00"", ""0.00"", ""Alvin Kamara"", """"]",6,7,89.0,103.78
2021,12,2,2,left,Patty Primetimes,Post Mahomes,2021-W12-M06,Odell Beckham Jr.,,BN,False,True,False,9.78,16.6,,Odell Beckham Jr.,BN,"["""", ""Odell Beckham Jr."", ""9.78"", ""16.60"", ""BN"", ""BN"", ""BN"", ""–"", ""0.00"", ""Clyde Edwards-Helaire"", """"]",6,7,103.78,89.0
2021,12,2,2,right,Post Mahomes,Patty Primetimes,2021-W12-M06,Clyde Edwards-Helaire,,BN,False,True,False,0.0,,,Clyde Edwards-Helaire,BN,"["""", ""Odell Beckham Jr."", ""9.78"", ""16.60"", ""BN"", ""BN"", ""BN"", ""–"", ""0.00"", ""Clyde Edwards-Helaire"", """"]",6,7,89.0,103.78
2021,12,2,3,left,Patty Primetimes,Post Mahomes,2021-W12-M06,Kyler Murray,,BN,False,True,False,0.0,0.0,,Kyler Murray ,BN,"["""", ""Kyler Murray "", ""0.00"", ""0.00"", ""BN"", ""BN"", ""BN"", ""0.00"", ""0.00"", ""Rondale Moore"", """"]",6,7,103.78,89.0
2021,12,2,3,right,Post Mahomes,Patty Primetimes,2021-W12-M06,Rondale Moore,,BN,False,True,False,0.0,0.0,,Rondale Moore,BN,"["""", ""Kyler Murray "", ""0.00"", ""0.00"", ""BN"", ""BN"", ""BN"", ""0.00"", ""0.00"", ""Rondale Moore"", """"]",6,7,89.0,103.78
2021,12,2,4,left,Patty Primetimes,Post Mahomes,2021-W12-M06,Darrel Williams,,BN,False,True,False,0.0,0.0,,Darrel Williams,BN,"["""", ""Darrel Williams"", ""0.00"", ""0.00"", ""BN"", ""BN"", ""BN"", ""1.00"", ""8.27"", ""Jamison Crowder"", """"]",6,7,103.78,89.0
2021,12,2,4,right,Post Mahomes,Patty Primetimes,2021-W12-M06,Jamison Crowder,,BN,False,True,False,8.27,1.0,,Jamison Crowder,BN,"["""", ""Darrel Williams"", ""0.00"", ""0.00"", ""BN"", ""BN"", ""BN"", ""1.00"", ""8.27"", ""Jamison Crowder"", """"]",6,7,89.0,103.78
2021,12,2,5,left,Patty Primetimes,Post Mahomes,2021-W12-M06,Rams - DEF,,BN,False,True,False,5.84,2.0,,Rams - DEF,BN,"["""", ""Rams - DEF"", ""5.84"", ""2.00"", ""BN"", ""BN"", ""BN"", ""0.00"", ""0.00"", ""Matt Prater"", """"]",6,7,103.78,89.0
2021,12,2,5,right,Post Mahomes,Patty Primetimes,2021-W12-M06,Matt Prater,,BN,False,True,False,0.0,0.0,,Matt Prater,BN,"["""", ""Rams - DEF"", ""5.84"", ""2.00"", ""BN"", ""BN"", ""BN"", ""0.00"", ""0.00"", ""Matt Prater"", """"]",6,7,89.0,103.78
2021,12,2,6,left,Patty Primetimes,Post Mahomes,2021-W12-M06,Michael Carter,,IR,False,False,True,0.0,0.0,,Michael Carter,IR,"["""", ""Michael Carter"", ""0.00"", ""0.00"", ""IR"", ""IR"", ""IR"", ""0.00"", ""0.00"", ""Travis Etienne Jr."", """"]",6,7,103.78,89.0
2021,12,2,6,right,Post Mahomes,Patty Primetimes,2021-W12-M06,Travis Etienne Jr.,,IR,False,False,True,0.0,0.0,,Travis Etienne Jr.,IR,"["""", ""Michael Carter"", ""0.00"", ""0.00"", ""IR"", ""IR"", ""IR"", ""0.00"", ""0.00"", ""Travis Etienne Jr."", """"]",6,7,89.0,103.78
2021,13,1,0,left,The Big Gronkowski,Voldemort,2021-W13-M01,Matthew Stafford,QB,QB,True,False,False,27.78,30.0,,Matthew Stafford,QB,"["""", ""Matthew Stafford"", ""27.78"", ""30.00"", ""QB"", ""QB"", ""QB"", ""14.22"", ""28.55"", ""Dak Prescott"", """"]",1,1,149.1,118.42
2021,13,1,0,right,Voldemort,The Big Gronkowski,2021-W13-M01,Dak Prescott,QB,QB,True,False,False,28.55,14.22,,Dak Prescott,QB,"["""", ""Matthew Stafford"", ""27.78"", ""30.00"", ""QB"", ""QB"", ""QB"", ""14.22"", ""28.55"", ""Dak Prescott"", """"]",1,1,118.42,149.1
2021,13,1,1,left,The Big Gronkowski,Voldemort,2021-W13-M01,Tyler Lockett,WR,WR,True,False,False,12.24,16.3,,Tyler Lockett,WR,"["""", ""Tyler Lockett"", ""12.24"", ""16.30"", ""WR"", ""WR"", ""WR"", ""30.10"", ""16.05"", ""Justin Jefferson "", """"]",1,1,149.1,118.42
2021,13,1,1,right,Voldemort,The Big Gronkowski,2021-W13-M01,Justin Jefferson,WR,WR,True,False,False,16.05,30.1,,Justin Jefferson ,WR,"["""", ""Tyler Lockett"", ""12.24"", ""16.30"", ""WR"", ""WR"", ""WR"", ""30.10"", ""16.05"", ""Justin Jefferson "", """"]",1,1,118.42,149.1
2021,13,1,2,left,The Big Gronkowski,Voldemort,2021-W13-M01,Cooper Kupp,WR,WR,True,False,False,18.73,22.9,,Cooper Kupp,WR,"["""", ""Cooper Kupp"", ""18.73"", ""22.90"", ""WR"", ""WR"", ""WR"", ""17.60"", ""10.61"", ""Elijah Moore"", """"]",1,1,149.1,118.42
2021,13,1,2,right,Voldemort,The Big Gronkowski,2021-W13-M01,Elijah Moore,WR,WR,True,False,False,10.61,17.6,,Elijah Moore,WR,"["""", ""Cooper Kupp"", ""18.73"", ""22.90"", ""WR"", ""WR"", ""WR"", ""17.60"", ""10.61"", ""Elijah Moore"", """"]",1,1,118.42,149.1
2021,13,1,3,left,The Big Gronkowski,Voldemort,2021-W13-M01,Najee Harris,RB,RB,True,False,False,16.26,13.2,,Najee Harris,RB,"["""", ""Najee Harris"", ""16.26"", ""13.20"", ""RB"", ""RB"", ""RB"", ""24.10"", ""11.76"", ""David Montgomery"", """"]",1,1,149.1,118.42
2021,13,1,3,right,Voldemort,The Big Gronkowski,2021-W13-M01,David Montgomery,RB,RB,True,False,False,11.76,24.1,,David Montgomery,RB,"["""", ""Najee Harris"", ""16.26"", ""13.20"", ""RB"", ""RB"", ""RB"", ""24.10"", ""11.76"", ""David Montgomery"", """"]",1,1,118.42,149.1
2021,13,1,4,left,The Big Gronkowski,Voldemort,2021-W13-M01,Antonio Gibson,RB,RB,True,False,False,15.01,19.6,,Antonio Gibson,RB,"["""", ""Antonio Gibson"", ""15.01"", ""19.60"", ""RB"", ""RB"", ""RB"", ""11.10"", ""14.01"", ""Cordarrelle Patterson"", """"]",1,1,149.1,118.42
2021,13,1,4,right,Voldemort,The Big Gronkowski,2021-W13-M01,Cordarrelle Patterson,RB,RB,True,False,False,14.01,11.1,,Cordarrelle Patterson,RB,"["""", ""Antonio Gibson"", ""15.01"", ""19.60"", ""RB"", ""RB"", ""RB"", ""11.10"", ""14.01"", ""Cordarrelle Patterson"", """"]",1,1,118.42,149.1
2021,13,1,5,left,The Big Gronkowski,Voldemort,2021-W13-M01,Tyler Conklin,TE,TE,True,False,False,7.27,9.1,,Tyler Conklin,TE,"["""", ""Tyler Conklin"", ""7.27"", ""9.10"", ""TE"", ""TE"", ""TE"", ""2.40"", ""7.98"", ""Dawson Knox"", """"]",1,1,149.1,118.42
2021,13,1,5,right,Voldemort,The Big Gronkowski,2021-W13-M01,Dawson Knox,TE,TE,True,False,False,7.98,2.4,,Dawson Knox,TE,"["""", ""Tyler Conklin"", ""7.27"", ""9.10"", ""TE"", ""TE"", ""TE"", ""2.40"", ""7.98"", ""Dawson Knox"", """"]",1,1,118.42,149.1
2021,13,1,6,left,The Big Gronkowski,Voldemort,2021-W13-M01,Michael Pittman Jr.,,W/R/T,True,False,False,12.61,14.0,,Michael Pittman Jr.,W/R/T,"["""", ""Michael Pittman Jr."", ""12.61"", ""14.00"", ""W/R/T"", ""W/R/T"", ""W/R/T"", ""0.90"", ""10.12"", ""Christian Kirk"", """"]",1,1,149.1,118.42
2021,13,1,6,right,Voldemort,The Big Gronkowski,2021-W13-M01,Christian Kirk,,W/R/T,True,False,False,10.12,0.9,,Christian Kirk,W/R/T,"["""", ""Michael Pittman Jr."", ""12.61"", ""14.00"", ""W/R/T"", ""W/R/T"", ""W/R/T"", ""0.90"", ""10.12"", ""Christian Kirk"", """"]",1,1,118.42,149.1
2021,13,1,7,left,The Big Gronkowski,Voldemort,2021-W13-M01,Robbie Gould,K,K,True,False,False,8.4,7.0,,Robbie Gould,K,"["""", ""Robbie Gould"", ""8.40"", ""7.00"", ""K"", ""K"", ""K"", ""7.00"", ""9.36"", ""Nick Folk"", """"]",1,1,149.1,118.42
2021,13,1,7,right,Voldemort,The Big Gronkowski,2021-W13-M01,Nick Folk,K,K,True,False,False,9.36,7.0,,Nick Folk,K,"["""", ""Robbie Gould"", ""8.40"", ""7.00"", ""K"", ""K"", ""K"", ""7.00"", ""9.36"", ""Nick Folk"", """"]",1,1,118.42,149.1
2021,13,1,8,left,The Big Gronkowski,Voldemort,2021-W13-M01,Chiefs - DEF,DEF,DEF,True,False,False,7.24,17.0,,Chiefs - DEF,DEF,"["""", ""Chiefs - DEF"", ""7.24"", ""17.00"", ""DEF"", ""DEF"", ""DEF"", ""11.00"", ""7.59"", ""Buccaneers - DEF"", """"]",1,1,149.1,118.42
2021,13,1,8,right,Voldemort,The Big Gronkowski,2021-W13-M01,Buccaneers - DEF,DEF,DEF,True,False,False,7.59,11.0,,Buccaneers - DEF,DEF,"["""", ""Chiefs - DEF"", ""7.24"", ""17.00"", ""DEF"", ""DEF"", ""DEF"", ""11.00"", ""7.59"", ""Buccaneers - DEF"", """"]",1,1,118.42,149.1
2021,13,2,0,left,The Big Gronkowski,Voldemort,2021-W13-M01,AJ Dillon,,BN,False,True,False,0.0,,,AJ Dillon,BN,"["""", ""AJ Dillon"", ""0.00"", ""–"", ""BN"", ""BN"", ""BN"", ""0.00"", ""0.00"", ""Nick Chubb"", """"]",1,1,149.1,118.42
2021,13,2,0,right,Voldemort,The Big Gronkowski,2021-W13-M01,Nick Chubb,,BN,False,True,False,0.0,0.0,,Nick Chubb,BN,"["""", ""AJ Dillon"", ""0.00"", ""–"", ""BN"", ""BN"", ""BN"", ""0.00"", ""0.00"", ""Nick Chubb"", """"]",1,1,118.42,149.1
2021,13,2,1,left,The Big Gronkowski,Voldemort,2021-W13-M01,Darren Waller,,BN,False,True,False,0.0,,,Darren Waller ,BN,"["""", ""Darren Waller "", ""0.00"", ""–"", ""BN"", ""BN"", ""BN"", ""0.00"", ""0.00"", ""Deebo Samuel Sr."", """"]",1,1,149.1,118.42
2021,13,2,1,right,Voldemort,The Big Gronkowski,2021-W13-M01,Deebo Samuel Sr.,,BN,False,True,False,0.0,0.0,,Deebo Samuel Sr.,BN,"["""", ""Darren Waller "", ""0.00"", ""–"", ""BN"", ""BN"", ""BN"", ""0.00"", ""0.00"", ""Deebo Samuel Sr."", """"]",1,1,118.42,149.1
2021,13,2,2,left,The Big Gronkowski,Voldemort,2021-W13-M01,Joe Burrow,,BN,False,True,False,25.66,20.6,,Joe Burrow,BN,"["""", ""Joe Burrow"", ""25.66"", ""20.60"", ""BN"", ""BN"", ""BN"", ""7.30"", ""8.46"", ""Tyler Higbee"", """"]",1,1,149.1,118.42
2021,13,2,2,right,Voldemort,The Big Gronkowski,2021-W13-M01,Tyler Higbee,,BN,False,True,False,8.46,7.3,,Tyler Higbee,BN,"["""", ""Joe Burrow"", ""25.66"", ""20.60"", ""BN"", ""BN"", ""BN"", ""7.30"", ""8.46"", ""Tyler Higbee"", """"]",1,1,118.42,149.1
2021,13,2,3,left,The Big Gronkowski,Voldemort,2021-W13-M01,Chase Claypool,,BN,False,True,False,10.81,6.4,,Chase Claypool,BN,"["""", ""Chase Claypool"", ""10.81"", ""6.40"", ""BN"", ""BN"", ""BN"", ""0.00"", ""0.00"", ""Chase Edmonds"", """"]",1,1,149.1,118.42
2021,13,2,3,right,Voldemort,The Big Gronkowski,2021-W13-M01,Chase Edmonds,,BN,False,True,False,0.0,0.0,,Chase Edmonds,BN,"["""", ""Chase Claypool"", ""10.81"", ""6.40"", ""BN"", ""BN"", ""BN"", ""0.00"", ""0.00"", ""Chase Edmonds"", """"]",1,1,118.42,149.1
2021,13,2,4,left,The Big Gronkowski,Voldemort,2021-W13-M01,Cole Beasley,,BN,False,True,False,10.31,1.6,,Cole Beasley,BN,"["""", ""Cole Beasley"", ""10.31"", ""1.60"", ""BN"", ""BN"", ""BN"", ""3.70"", ""9.12"", ""Emmanuel Sanders"", """"]",1,1,149.1,118.42
2021,13,2,4,right,Voldemort,The Big Gronkowski,2021-W13-M01,Emmanuel Sanders,,BN,False,True,False,9.12,3.7,,Emmanuel Sanders,BN,"["""", ""Cole Beasley"", ""10.31"", ""1.60"", ""BN"", ""BN"", ""BN"", ""3.70"", ""9.12"", ""Emmanuel Sanders"", """"]",1,1,118.42,149.1
2021,13,2,5,left,The Big Gronkowski,Voldemort,2021-W13-M01,Panthers - DEF,,BN,False,True,False,0.0,,,Panthers - DEF,BN,"["""", ""Panthers - DEF"", ""0.00"", ""–"", ""BN"", ""BN"", ""BN"", ""0.30"", ""7.97"", ""Kendrick Bourne"", """"]",1,1,149.1,118.42
2021,13,2,5,right,Voldemort,The Big Gronkowski,2021-W13-M01,Kendrick Bourne,,BN,False,True,False,7.97,0.3,,Kendrick Bourne,BN,"["""", ""Panthers - DEF"", ""0.00"", ""–"", ""BN"", ""BN"", ""BN"", ""0.30"", ""7.97"", ""Kendrick Bourne"", """"]",1,1,118.42,149.1
2021,13,2,6,left,The Big Gronkowski,Voldemort,2021-W13-M01,(Empty),,IR,False,False,True,0.0,,,(Empty),IR,"["""", ""(Empty)"", ""0.00"", ""–"", ""IR"", ""IR"", ""IR"", ""–"", ""0.00"", ""Calvin Ridley"", """"]",1,1,149.1,118.42
2021,13,2,6,right,Voldemort,The Big Gronkowski,2021-W13-M01,Calvin Ridley,,IR,False,False,True,0.0,,,Calvin Ridley,IR,"["""", ""(Empty)"", ""0.00"", ""–"", ""IR"", ""IR"", ""IR"", ""–"", ""0.00"", ""Calvin Ridley"", """"]",1,1,118.42,149.1
2021,13,1,0,left,Patty Primetimes,Malle ❤️ 🐸,2021-W13-M02,Tom Brady,QB,QB,True,False,False,27.51,37.62,,Tom Brady,QB,"["""", ""Tom Brady"", ""27.51"", ""37.62"", ""QB"", ""QB"", ""QB"", ""13.70"", ""28.22"", ""Josh Allen "", """"]",2,2,130.02,80.3
2021,13,1,0,right,Malle ❤️ 🐸,Patty Primetimes,2021-W13-M02,Josh Allen,QB,QB,True,False,False,28.22,13.7,,Josh Allen ,QB,"["""", ""Tom Brady"", ""27.51"", ""37.62"", ""QB"", ""QB"", ""QB"", ""13.70"", ""28.22"", ""Josh Allen "", """"]",2,2,80.3,130.02
2021,13,1,1,left,Patty Primetimes,Malle ❤️ 🐸,2021-W13-M02,Keenan Allen,WR,WR,True,False,False,13.56,19.9,,Keenan Allen,WR,"["""", ""Keenan Allen"", ""13.56"", ""19.90"", ""WR"", ""WR"", ""WR"", ""2.50"", ""12.03"", ""DeVonta Smith"", """"]",2,2,130.02,80.3
2021,13,1,1,right,Malle ❤️ 🐸,Patty Primetimes,2021-W13-M02,DeVonta Smith,WR,WR,True,False,False,12.03,2.5,,DeVonta Smith,WR,"["""", ""Keenan Allen"", ""13.56"", ""19.90"", ""WR"", ""WR"", ""WR"", ""2.50"", ""12.03"", ""DeVonta Smith"", """"]",2,2,80.3,130.02
2021,13,1,2,left,Patty Primetimes,Malle ❤️ 🐸,2021-W13-M02,Tyreek Hill,WR,WR,True,False,False,16.26,3.2,,Tyreek Hill,WR,"["""", ""Tyreek Hill"", ""16.26"", ""3.20"", ""WR"", ""WR"", ""WR"", ""24.30"", ""12.06"", ""Tee Higgins"", """"]",2,2,130.02,80.3
2021,13,1,2,right,Malle ❤️ 🐸,Patty Primetimes,2021-W13-M02,Tee Higgins,WR,WR,True,False,False,12.06,24.3,,Tee Higgins,WR,"["""", ""Tyreek Hill"", ""16.26"", ""3.20"", ""WR"", ""WR"", ""WR"", ""24.30"", ""12.06"", ""Tee Higgins"", """"]",2,2,80.3,130.02
2021,13,1,3,left,Patty Primetimes,Malle ❤️ 🐸,2021-W13-M02,Damien Harris,RB,RB,True,False,False,7.6,17.1,,Damien Harris ,RB,"["""", ""Damien Harris "", ""7.60"", ""17.10"", ""RB"", ""RB"", ""RB"", ""9.70"", ""11.36"", ""Clyde Edwards-Helaire"", """"]",2,2,130.02,80.3
2021,13,1,3,right,Malle ❤️ 🐸,Patty Primetimes,2021-W13-M02,Clyde Edwards-Helaire,RB,RB,True,False,False,11.36,9.7,,Clyde Edwards-Helaire,RB,"["""", ""Damien Harris "", ""7.60"", ""17.10"", ""RB"", ""RB"", ""RB"", ""9.70"", ""11.36"", ""Clyde Edwards-Helaire"", """"]",2,2,80.3,130.02
2021,13,1,4,left,Patty Primetimes,Malle ❤️ 🐸,2021-W13-M02,Mike Davis,RB,RB,True,False,False,6.55,14.9,,Mike Davis ,RB,"["""", ""Mike Davis "", ""6.55"", ""14.90"", ""RB"", ""RB"", ""RB"", ""5.00"", ""9.68"", ""Rex Burkhead"", """"]",2,2,130.02,80.3
2021,13,1,4,right,Malle ❤️ 🐸,Patty Primetimes,2021-W13-M02,Rex Burkhead,RB,RB,True,False,False,9.68,5.0,,Rex Burkhead,RB,"["""", ""Mike Davis "", ""6.55"", ""14.90"", ""RB"", ""RB"", ""RB"", ""5.00"", ""9.68"", ""Rex Burkhead"", """"]",2,2,80.3,130.02
2021,13,1,5,left,Patty Primetimes,Malle ❤️ 🐸,2021-W13-M02,T.J. Hockenson,TE,TE,True,False,False,9.54,12.9,,T.J. Hockenson,TE,"["""", ""T.J. Hockenson"", ""9.54"", ""12.90"", ""TE"", ""TE"", ""TE"", ""0.00"", ""6.84"", ""Hunter Henry"", """"]",2,2,130.02,80.3
2021,13,1,5,right,Malle ❤️ 🐸,Patty Primetimes,2021-W13-M02,Hunter Henry,TE,TE,True,False,False,6.84,0.0,,Hunter Henry,TE,"["""", ""T.J. Hockenson"", ""9.54"", ""12.90"", ""TE"", ""TE"", ""TE"", ""0.00"", ""6.84"", ""Hunter Henry"", """"]",2,2,80.3,130.02
2021,13,1,6,left,Patty Primetimes,Malle ❤️ 🐸,2021-W13-M02,Mike Evans,,W/R/T,True,False,False,14.1,13.4,,Mike Evans,W/R/T,"["""", ""Mike Evans"", ""14.10"", ""13.40"", ""W/R/T"", ""W/R/T"", ""W/R/T"", ""8.10"", ""8.67"", ""Mike Gesicki"", """"]",2,2,130.02,80.3
2021,13,1,6,right,Malle ❤️ 🐸,Patty Primetimes,2021-W13-M02,Mike Gesicki,,W/R/T,True,False,False,8.67,8.1,,Mike Gesicki,W/R/T,"["""", ""Mike Evans"", ""14.10"", ""13.40"", ""W/R/T"", ""W/R/T"", ""W/R/T"", ""8.10"", ""8.67"", ""Mike Gesicki"", """"]",2,2,80.3,130.02
2021,13,1,7,left,Patty Primetimes,Malle ❤️ 🐸,2021-W13-M02,Justin Tucker,K,K,True,False,False,9.59,7.0,,Justin Tucker,K,"["""", ""Justin Tucker"", ""9.59"", ""7.00"", ""K"", ""K"", ""K"", ""9.00"", ""8.57"", ""Chris Boswell"", """"]",2,2,130.02,80.3
2021,13,1,7,right,Malle ❤️ 🐸,Patty Primetimes,2021-W13-M02,Chris Boswell,K,K,True,False,False,8.57,9.0,,Chris Boswell,K,"["""", ""Justin Tucker"", ""9.59"", ""7.00"", ""K"", ""K"", ""K"", ""9.00"", ""8.57"", ""Chris Boswell"", """"]",2,2,80.3,130.02
2021,13,1,8,left,Patty Primetimes,Malle ❤️ 🐸,2021-W13-M02,Raiders - DEF,DEF,DEF,True,False,False,6.18,4.0,,Raiders - DEF,DEF,"["""", ""Raiders - DEF"", ""6.18"", ""4.00"", ""DEF"", ""DEF"", ""DEF"", ""8.00"", ""6.68"", ""Patriots - DEF"", """"]",2,2,130.02,80.3
2021,13,1,8,right,Malle ❤️ 🐸,Patty Primetimes,2021-W13-M02,Patriots - DEF,DEF,DEF,True,False,False,6.68,8.0,,Patriots - DEF,DEF,"["""", ""Raiders - DEF"", ""6.18"", ""4.00"", ""DEF"", ""DEF"", ""DEF"", ""8.00"", ""6.68"", ""Patriots - DEF"", """"]",2,2,80.3,130.02
2021,13,2,0,left,Patty Primetimes,Malle ❤️ 🐸,2021-W13-M02,Adam Thielen,,BN,False,True,False,13.73,0.5,,Adam Thielen,BN,"["""", ""Adam Thielen"", ""13.73"", ""0.50"", ""BN"", ""BN"", ""BN"", ""0.00"", ""0.00"", ""Alvin Kamara"", """"]",2,2,130.02,80.3
2021,13,2,0,right,Malle ❤️ 🐸,Patty Primetimes,2021-W13-M02,Alvin Kamara,,BN,False,True,False,0.0,0.0,,Alvin Kamara,BN,"["""", ""Adam Thielen"", ""13.73"", ""0.50"", ""BN"", ""BN"", ""BN"", ""0.00"", ""0.00"", ""Alvin Kamara"", """"]",2,2,80.3,130.02
2021,13,2,1,left,Patty Primetimes,Malle ❤️ 🐸,2021-W13-M02,Mark Ingram II,,BN,False,True,False,13.37,3.1,,Mark Ingram II,BN,"["""", ""Mark Ingram II"", ""13.37"", ""3.10"", ""BN"", ""BN"", ""BN"", ""0.00"", ""0.00"", ""Tony Jones"", """"]",2,2,130.02,80.3
2021,13,2,1,right,Malle ❤️ 🐸,Patty Primetimes,2021-W13-M02,Tony Jones,,BN,False,True,False,0.0,0.0,,Tony Jones,BN,"["""", ""Mark Ingram II"", ""13.37"", ""3.10"", ""BN"", ""BN"", ""BN"", ""0.00"", ""0.00"", ""Tony Jones"", """"]",2,2,80.3,130.02
2021,13,2,2,left,Patty Primetimes,Malle ❤️ 🐸,2021-W13-M02,Jonnu Smith,,BN,False,True,False,4.46,1.6,,Jonnu Smith,BN,"["""", ""Jonnu Smith"", ""4.46"", ""1.60"", ""BN"", ""BN"", ""BN"", ""0.00"", ""0.00"", ""Alex Collins"", """"]",2,2,130.02,80.3
2021,13,2,2,right,Malle ❤️ 🐸,Patty Primetimes,2021-W13-M02,Alex Collins,,BN,False,True,False,0.0,0.0,,Alex Collins,BN,"["""", ""Jonnu Smith"", ""4.46"", ""1.60"", ""BN"", ""BN"", ""BN"", ""0.00"", ""0.00"", ""Alex Collins"", """"]",2,2,80.3,130.02
2021,13,2,3,left,Patty Primetimes,Malle ❤️ 🐸,2021-W13-M02,Jalen Hurts,,BN,False,True,False,0.0,0.0,,Jalen Hurts,BN,"["""", ""Jalen Hurts"", ""0.00"", ""0.00"", ""BN"", ""BN"", ""BN"", ""1.50"", ""7.29"", ""Rondale Moore"", """"]",2,2,130.02,80.3
2021,13,2,3,right,Malle ❤️ 🐸,Patty Primetimes,2021-W13-M02,Rondale Moore,,BN,False,True,False,7.29,1.5,,Rondale Moore,BN,"["""", ""Jalen Hurts"", ""0.00"", ""0.00"", ""BN"", ""BN"", ""BN"", ""1.50"", ""7.29"", ""Rondale Moore"", """"]",2,2,80.3,130.02
2021,13,2,4,left,Patty Primetimes,Malle ❤️ 🐸,2021-W13-M02,Ryan Fitzpatrick,,BN,False,True,False,0.0,0.0,,Ryan Fitzpatrick,BN,"["""", ""Ryan Fitzpatrick"", ""0.00"", ""0.00"", ""BN"", ""BN"", ""BN"", ""8.20"", ""9.20"", ""Jamison Crowder"", """"]",2,2,130.02,80.3
2021,13,2,4,right,Malle ❤️ 🐸,Patty Primetimes,2021-W13-M02,Jamison Crowder,,BN,False,True,False,9.2,8.2,,Jamison Crowder,BN,"["""", ""Ryan Fitzpatrick"", ""0.00"", ""0.00"", ""BN"", ""BN"", ""BN"", ""8.20"", ""9.20"", ""Jamison Crowder"", """"]",2,2,80.3,130.02
2021,13,2,5,left,Patty Primetimes,Malle ❤️ 🐸,2021-W13-M02,Bears - DEF,,BN,False,True,False,5.26,0.0,,Bears - DEF,BN,"["""", ""Bears - DEF"", ""5.26"", ""0.00"", ""BN"", ""BN"", ""BN"", ""9.00"", ""8.44"", ""Matt Prater"", """"]",2,2,130.02,80.3
2021,13,2,5,right,Malle ❤️ 🐸,Patty Primetimes,2021-W13-M02,Matt Prater,,BN,False,True,False,8.44,9.0,,Matt Prater,BN,"["""", ""Bears - DEF"", ""5.26"", ""0.00"", ""BN"", ""BN"", ""BN"", ""9.00"", ""8.44"", ""Matt Prater"", """"]",2,2,80.3,130.02
2021,13,2,6,left,Patty Primetimes,Malle ❤️ 🐸,2021-W13-M02,(Empty),,IR,False,False,True,0.0,,,(Empty),IR,"["""", ""(Empty)"", ""0.00"", ""–"", ""IR"", ""IR"", ""IR"", ""0.00"", ""0.00"", ""Travis Etienne Jr."", """"]",2,2,130.02,80.3
2021,13,2,6,right,Malle ❤️ 🐸,Patty Primetimes,2021-W13-M02,Travis Etienne Jr.,,IR,False,False,True,0.0,0.0,,Travis Etienne Jr.,IR,"["""", ""(Empty)"", ""0.00"", ""–"", ""IR"", ""IR"", ""IR"", ""0.00"", ""0.00"", ""Travis Etienne Jr."", """"]",2,2,80.3,130.02
2021,13,1,0,left,Joe Mantegna,Uncle Rico,2021-W13-M03,Lamar Jackson,QB,QB,True,False,False,28.5,20.62,,Lamar Jackson,QB,"["""", ""Lamar Jackson"", ""28.50"", ""20.62"", ""QB"", ""QB"", ""QB"", ""32.28"", ""25.69"", ""Justin Herbert"", """"]",3,4,49.72,144.18
2021,13,1,0,right,Uncle Rico,Joe Mantegna,2021-W13-M03,Justin Herbert,QB,QB,True,False,False,25.69,32.28,,Justin Herbert,QB,"["""", ""Lamar Jackson"", ""28.50"", ""20.62"", ""QB"", ""QB"", ""QB"", ""32.28"", ""25.69"", ""Justin Herbert"", """"]",3,4,144.18,49.72
2021,13,1,1,left,Joe Mantegna,Uncle Rico,2021-W13-M03,Ja'Marr Chase,WR,WR,True,False,False,12.83,7.7,,Ja'Marr Chase,WR,"["""", ""Ja'Marr Chase"", ""12.83"", ""7.70"", ""WR"", ""WR"", ""WR"", ""26.50"", ""12.97"", ""Diontae Johnson"", """"]",3,4,49.72,144.18
2021,13,1,1,right,Uncle Rico,Joe Mantegna,2021-W13-M03,Diontae Johnson,WR,WR,True,False,False,12.97,26.5,,Diontae Johnson,WR,"["""", ""Ja'Marr Chase"", ""12.83"", ""7.70"", ""WR"", ""WR"", ""WR"", ""26.50"", ""12.97"", ""Diontae Johnson"", """"]",3,4,144.18,49.72
2021,13,1,2,left,Joe Mantegna,Uncle Rico,2021-W13-M03,Jakobi Meyers,WR,WR,True,False,False,9.56,0.0,,Jakobi Meyers,WR,"["""", ""Jakobi Meyers"", ""9.56"", ""0.00"", ""WR"", ""WR"", ""WR"", ""3.70"", ""12.79"", ""Terry McLaurin"", """"]",3,4,49.72,144.18
2021,13,1,2,right,Uncle Rico,Joe Mantegna,2021-W13-M03,Terry McLaurin,WR,WR,True,False,False,12.79,3.7,,Terry McLaurin,WR,"["""", ""Jakobi Meyers"", ""9.56"", ""0.00"", ""WR"", ""WR"", ""WR"", ""3.70"", ""12.79"", ""Terry McLaurin"", """"]",3,4,144.18,49.72
2021,13,1,3,left,Joe Mantegna,Uncle Rico,2021-W13-M03,Latavius Murray,RB,RB,True,False,False,6.98,4.5,,Latavius Murray,RB,"["""", ""Latavius Murray"", ""6.98"", ""4.50"", ""RB"", ""RB"", ""RB"", ""5.90"", ""13.73"", ""Myles Gaskin"", """"]",3,4,49.72,144.18
2021,13,1,3,right,Uncle Rico,Joe Mantegna,2021-W13-M03,Myles Gaskin,RB,RB,True,False,False,13.73,5.9,,Myles Gaskin,RB,"["""", ""Latavius Murray"", ""6.98"", ""4.50"", ""RB"", ""RB"", ""RB"", ""5.90"", ""13.73"", ""Myles Gaskin"", """"]",3,4,144.18,49.72
2021,13,1,4,left,Joe Mantegna,Uncle Rico,2021-W13-M03,Boston Scott,RB,RB,True,False,False,7.6,0.0,,Boston Scott,RB,"["""", ""Boston Scott"", ""7.60"", ""0.00"", ""RB"", ""RB"", ""RB"", ""15.70"", ""13.48"", ""Miles Sanders "", """"]",3,4,49.72,144.18
2021,13,1,4,right,Uncle Rico,Joe Mantegna,2021-W13-M03,Miles Sanders,RB,RB,True,False,False,13.48,15.7,,Miles Sanders ,RB,"["""", ""Boston Scott"", ""7.60"", ""0.00"", ""RB"", ""RB"", ""RB"", ""15.70"", ""13.48"", ""Miles Sanders "", """"]",3,4,144.18,49.72
2021,13,1,5,left,Joe Mantegna,Uncle Rico,2021-W13-M03,Mark Andrews,TE,TE,True,False,False,12.14,7.0,,Mark Andrews,TE,"["""", ""Mark Andrews"", ""12.14"", ""7.00"", ""TE"", ""TE"", ""TE"", ""35.10"", ""11.84"", ""George Kittle"", """"]",3,4,49.72,144.18
2021,13,1,5,right,Uncle Rico,Joe Mantegna,2021-W13-M03,George Kittle,TE,TE,True,False,False,11.84,35.1,,George Kittle,TE,"["""", ""Mark Andrews"", ""12.14"", ""7.00"", ""TE"", ""TE"", ""TE"", ""35.10"", ""11.84"", ""George Kittle"", """"]",3,4,144.18,49.72
2021,13,1,6,left,Joe Mantegna,Uncle Rico,2021-W13-M03,A.J. Green,,W/R/T,True,False,False,8.84,1.9,,A.J. Green,W/R/T,"["""", ""A.J. Green"", ""8.84"", ""1.90"", ""W/R/T"", ""W/R/T"", ""W/R/T"", ""7.00"", ""11.94"", ""Brandon Aiyuk"", """"]",3,4,49.72,144.18
2021,13,1,6,right,Uncle Rico,Joe Mantegna,2021-W13-M03,Brandon Aiyuk,,W/R/T,True,False,False,11.94,7.0,,Brandon Aiyuk,W/R/T,"["""", ""A.J. Green"", ""8.84"", ""1.90"", ""W/R/T"", ""W/R/T"", ""W/R/T"", ""7.00"", ""11.94"", ""Brandon Aiyuk"", """"]",3,4,144.18,49.72
2021,13,1,7,left,Joe Mantegna,Uncle Rico,2021-W13-M03,Ryan Succop,K,K,True,False,False,9.54,6.0,,Ryan Succop,K,"["""", ""Ryan Succop"", ""9.54"", ""6.00"", ""K"", ""K"", ""K"", ""13.00"", ""10.11"", ""Harrison Butker"", """"]",3,4,49.72,144.18
2021,13,1,7,right,Uncle Rico,Joe Mantegna,2021-W13-M03,Harrison Butker,K,K,True,False,False,10.11,13.0,,Harrison Butker,K,"["""", ""Ryan Succop"", ""9.54"", ""6.00"", ""K"", ""K"", ""K"", ""13.00"", ""10.11"", ""Harrison Butker"", """"]",3,4,144.18,49.72
2021,13,1,8,left,Joe Mantegna,Uncle Rico,2021-W13-M03,Ravens - DEF,DEF,DEF,True,False,False,7.87,2.0,,Ravens - DEF,DEF,"["""", ""Ravens - DEF"", ""7.87"", ""2.00"", ""DEF"", ""DEF"", ""DEF"", ""5.00"", ""7.34"", ""Eagles - DEF"", """"]",3,4,49.72,144.18
2021,13,1,8,right,Uncle Rico,Joe Mantegna,2021-W13-M03,Eagles - DEF,DEF,DEF,True,False,False,7.34,5.0,,Eagles - DEF,DEF,"["""", ""Ravens - DEF"", ""7.87"", ""2.00"", ""DEF"", ""DEF"", ""DEF"", ""5.00"", ""7.34"", ""Eagles - DEF"", """"]",3,4,144.18,49.72
2021,13,2,0,left,Joe Mantegna,Uncle Rico,2021-W13-M03,Tim Patrick,,BN,False,True,False,6.41,1.4,,Tim Patrick,BN,"["""", ""Tim Patrick"", ""6.41"", ""1.40"", ""BN"", ""BN"", ""BN"", ""0.00"", ""0.00"", ""Dalvin Cook"", """"]",3,4,49.72,144.18
2021,13,2,0,right,Uncle Rico,Joe Mantegna,2021-W13-M03,Dalvin Cook,,BN,False,True,False,0.0,0.0,,Dalvin Cook,BN,"["""", ""Tim Patrick"", ""6.41"", ""1.40"", ""BN"", ""BN"", ""BN"", ""0.00"", ""0.00"", ""Dalvin Cook"", """"]",3,4,144.18,49.72
2021,13,2,1,left,Joe Mantegna,Uncle Rico,2021-W13-M03,Allen Robinson,,BN,False,True,False,0.0,0.0,,Allen Robinson,BN,"["""", ""Allen Robinson"", ""0.00"", ""0.00"", ""BN"", ""BN"", ""BN"", ""0.00"", ""0.00"", ""Jarvis Landry"", """"]",3,4,49.72,144.18
2021,13,2,1,right,Uncle Rico,Joe Mantegna,2021-W13-M03,Jarvis Landry,,BN,False,True,False,0.0,0.0,,Jarvis Landry,BN,"["""", ""Allen Robinson"", ""0.00"", ""0.00"", ""BN"", ""BN"", ""BN"", ""0.00"", ""0.00"", ""Jarvis Landry"", """"]",3,4,144.18,49.72
2021,13,2,2,left,Joe Mantegna,Uncle Rico,2021-W13-M03,J.D. McKissic,,BN,False,True,False,0.0,0.0,,J.D. McKissic,BN,"["""", ""J.D. McKissic"", ""0.00"", ""0.00"", ""BN"", ""BN"", ""BN"", ""14.70"", ""10.57"", ""Hunter Renfrow"", """"]",3,4,49.72,144.18
2021,13,2,2,right,Uncle Rico,Joe Mantegna,2021-W13-M03,Hunter Renfrow,,BN,False,True,False,10.57,14.7,,Hunter Renfrow,BN,"["""", ""J.D. McKissic"", ""0.00"", ""0.00"", ""BN"", ""BN"", ""BN"", ""14.70"", ""10.57"", ""Hunter Renfrow"", """"]",3,4,144.18,49.72
2021,13,2,3,left,Joe Mantegna,Uncle Rico,2021-W13-M03,D'Onta Foreman,,BN,False,True,False,0.0,,,D'Onta Foreman,BN,"["""", ""D'Onta Foreman"", ""0.00"", ""–"", ""BN"", ""BN"", ""BN"", ""4.40"", ""6.91"", ""Jared Cook"", """"]",3,4,49.72,144.18
2021,13,2,3,right,Uncle Rico,Joe Mantegna,2021-W13-M03,Jared Cook,,BN,False,True,False,6.91,4.4,,Jared Cook,BN,"["""", ""D'Onta Foreman"", ""0.00"", ""–"", ""BN"", ""BN"", ""BN"", ""4.40"", ""6.91"", ""Jared Cook"", """"]",3,4,144.18,49.72
2021,13,2,4,left,Joe Mantegna,Uncle Rico,2021-W13-M03,Antonio Brown,,BN,False,True,False,0.0,0.0,,Antonio Brown,BN,"["""", ""Antonio Brown"", ""0.00"", ""0.00"", ""BN"", ""BN"", ""BN"", ""24.20"", ""25.57"", ""Kirk Cousins"", """"]",3,4,49.72,144.18
2021,13,2,4,right,Uncle Rico,Joe Mantegna,2021-W13-M03,Kirk Cousins,,BN,False,True,False,25.57,24.2,,Kirk Cousins,BN,"["""", ""Antonio Brown"", ""0.00"", ""0.00"", ""BN"", ""BN"", ""BN"", ""24.20"", ""25.57"", ""Kirk Cousins"", """"]",3,4,144.18,49.72
2021,13,2,5,left,Joe Mantegna,Uncle Rico,2021-W13-M03,Jimmy Garoppolo,,BN,False,True,False,21.79,21.96,,Jimmy Garoppolo,BN,"["""", ""Jimmy Garoppolo"", ""21.79"", ""21.96"", ""BN"", ""BN"", ""BN"", ""7.10"", ""8.59"", ""Nyheim Miller-Hines"", """"]",3,4,49.72,144.18
2021,13,2,5,right,Uncle Rico,Joe Mantegna,2021-W13-M03,Nyheim Miller-Hines,,BN,False,True,False,8.59,7.1,,Nyheim Miller-Hines,BN,"["""", ""Jimmy Garoppolo"", ""21.79"", ""21.96"", ""BN"", ""BN"", ""BN"", ""7.10"", ""8.59"", ""Nyheim Miller-Hines"", """"]",3,4,144.18,49.72
2021,13,2,6,left,Joe Mantegna,Uncle Rico,2021-W13-M03,Derrick Henry,,IR,False,False,True,0.0,0.0,,Derrick Henry ,IR,"["""", ""Derrick Henry "", ""0.00"", ""0.00"", ""IR"", ""IR"", ""IR"", ""–"", ""0.00"", ""(Empty)"", """"]",3,4,49.72,144.18
2021,13,2,6,right,Uncle Rico,Joe Mantegna,2021-W13-M03,(Empty),,IR,False,False,True,0.0,,,(Empty),IR,"["""", ""Derrick Henry "", ""0.00"", ""0.00"", ""IR"", ""IR"", ""IR"", ""–"", ""0.00"", ""(Empty)"", """"]",3,4,144.18,49.72
2021,13,1,0,left,malle_dips_pouches,ThreatLevelMidnight,2021-W13-M04,Taysom Hill,QB,QB,True,False,False,22.31,28.66,,Taysom Hill,QB,"["""", ""Taysom Hill"", ""22.31"", ""28.66"", ""QB"", ""QB"", ""QB"", ""19.84"", ""21.96"", ""Taylor Heinicke"", """"]",4,5,137.36,88.64
2021,13,1,0,right,ThreatLevelMidnight,malle_dips_pouches,2021-W13-M04,Taylor Heinicke,QB,QB,True,False,False,21.96,19.84,,Taylor Heinicke,QB,"["""", ""Taysom Hill"", ""22.31"", ""28.66"", ""QB"", ""QB"", ""QB"", ""19.84"", ""21.96"", ""Taylor Heinicke"", """"]",4,5,88.64,137.36
2021,13,1,1,left,malle_dips_pouches,ThreatLevelMidnight,2021-W13-M04,Chris Godwin Jr.,WR,WR,True,False,False,14.4,22.7,,Chris Godwin Jr.,WR,"["""", ""Chris Godwin Jr."", ""14.40"", ""22.70"", ""WR"", ""WR"", ""WR"", ""13.50"", ""10.98"", ""Mike Williams"", """"]",4,5,137.36,88.64
2021,13,1,1,right,ThreatLevelMidnight,malle_dips_pouches,2021-W13-M04,Mike Williams,WR,WR,True,False,False,10.98,13.5,,Mike Williams,WR,"["""", ""Chris Godwin Jr."", ""14.40"", ""22.70"", ""WR"", ""WR"", ""WR"", ""13.50"", ""10.98"", ""Mike Williams"", """"]",4,5,88.64,137.36
2021,13,1,2,left,malle_dips_pouches,ThreatLevelMidnight,2021-W13-M04,Jaylen Waddle,WR,WR,True,False,False,11.23,13.5,,Jaylen Waddle,WR,"["""", ""Jaylen Waddle"", ""11.23"", ""13.50"", ""WR"", ""WR"", ""WR"", ""9.70"", ""9.76"", ""Jerry Jeudy "", """"]",4,5,137.36,88.64
2021,13,1,2,right,ThreatLevelMidnight,malle_dips_pouches,2021-W13-M04,Jerry Jeudy,WR,WR,True,False,False,9.76,9.7,,Jerry Jeudy ,WR,"["""", ""Jaylen Waddle"", ""11.23"", ""13.50"", ""WR"", ""WR"", ""WR"", ""9.70"", ""9.76"", ""Jerry Jeudy "", """"]",4,5,88.64,137.36
2021,13,1,3,left,malle_dips_pouches,ThreatLevelMidnight,2021-W13-M04,Joe Mixon,RB,RB,True,False,False,18.36,9.4,,Joe Mixon,RB,"["""", ""Joe Mixon"", ""18.36"", ""9.40"", ""RB"", ""RB"", ""RB"", ""0.00"", ""0.00"", ""D'Andre Swift"", """"]",4,5,137.36,88.64
2021,13,1,3,right,ThreatLevelMidnight,malle_dips_pouches,2021-W13-M04,D'Andre Swift,RB,RB,True,False,False,0.0,0.0,,D'Andre Swift,RB,"["""", ""Joe Mixon"", ""18.36"", ""9.40"", ""RB"", ""RB"", ""RB"", ""0.00"", ""0.00"", ""D'Andre Swift"", """"]",4,5,88.64,137.36
2021,13,1,4,left,malle_dips_pouches,ThreatLevelMidnight,2021-W13-M04,Alexander Mattison,RB,RB,True,False,False,16.99,19.9,,Alexander Mattison,RB,"["""", ""Alexander Mattison"", ""16.99"", ""19.90"", ""RB"", ""RB"", ""RB"", ""18.20"", ""10.72"", ""Devonta Freeman"", """"]",4,5,137.36,88.64
2021,13,1,4,right,ThreatLevelMidnight,malle_dips_pouches,2021-W13-M04,Devonta Freeman,RB,RB,True,False,False,10.72,18.2,,Devonta Freeman,RB,"["""", ""Alexander Mattison"", ""16.99"", ""19.90"", ""RB"", ""RB"", ""RB"", ""18.20"", ""10.72"", ""Devonta Freeman"", """"]",4,5,88.64,137.36
2021,13,1,5,left,malle_dips_pouches,ThreatLevelMidnight,2021-W13-M04,Noah Fant,TE,TE,True,False,False,8.29,5.3,,Noah Fant,TE,"["""", ""Noah Fant"", ""8.29"", ""5.30"", ""TE"", ""TE"", ""TE"", ""12.30"", ""8.75"", ""Logan Thomas"", """"]",4,5,137.36,88.64
2021,13,1,5,right,ThreatLevelMidnight,malle_dips_pouches,2021-W13-M04,Logan Thomas,TE,TE,True,False,False,8.75,12.3,,Logan Thomas,TE,"["""", ""Noah Fant"", ""8.29"", ""5.30"", ""TE"", ""TE"", ""TE"", ""12.30"", ""8.75"", ""Logan Thomas"", """"]",4,5,88.64,137.36
2021,13,1,6,left,malle_dips_pouches,ThreatLevelMidnight,2021-W13-M04,Elijah Mitchell,,W/R/T,True,False,False,12.21,15.9,,Elijah Mitchell,W/R/T,"["""", ""Elijah Mitchell"", ""12.21"", ""15.90"", ""W/R/T"", ""W/R/T"", ""W/R/T"", ""2.10"", ""7.79"", ""Marvin Jones Jr."", """"]",4,5,137.36,88.64
2021,13,1,6,right,ThreatLevelMidnight,malle_dips_pouches,2021-W13-M04,Marvin Jones Jr.,,W/R/T,True,False,False,7.79,2.1,,Marvin Jones Jr.,W/R/T,"["""", ""Elijah Mitchell"", ""12.21"", ""15.90"", ""W/R/T"", ""W/R/T"", ""W/R/T"", ""2.10"", ""7.79"", ""Marvin Jones Jr."", """"]",4,5,88.64,137.36
2021,13,1,7,left,malle_dips_pouches,ThreatLevelMidnight,2021-W13-M04,Tyler Bass,K,K,True,False,False,9.5,4.0,,Tyler Bass,K,"["""", ""Tyler Bass"", ""9.50"", ""4.00"", ""K"", ""K"", ""K"", ""10.00"", ""8.44"", ""Jason Sanders"", """"]",4,5,137.36,88.64
2021,13,1,7,right,ThreatLevelMidnight,malle_dips_pouches,2021-W13-M04,Jason Sanders,K,K,True,False,False,8.44,10.0,,Jason Sanders,K,"["""", ""Tyler Bass"", ""9.50"", ""4.00"", ""K"", ""K"", ""K"", ""10.00"", ""8.44"", ""Jason Sanders"", """"]",4,5,88.64,137.36
2021,13,1,8,left,malle_dips_pouches,ThreatLevelMidnight,2021-W13-M04,Colts - DEF,DEF,DEF,True,False,False,8.89,18.0,,Colts - DEF,DEF,"["""", ""Colts - DEF"", ""8.89"", ""18.00"", ""DEF"", ""DEF"", ""DEF"", ""3.00"", ""7.50"", ""Bills - DEF"", """"]",4,5,137.36,88.64
2021,13,1,8,right,ThreatLevelMidnight,malle_dips_pouches,2021-W13-M04,Bills - DEF,DEF,DEF,True,False,False,7.5,3.0,,Bills - DEF,DEF,"["""", ""Colts - DEF"", ""8.89"", ""18.00"", ""DEF"", ""DEF"", ""DEF"", ""3.00"", ""7.50"", ""Bills - DEF"", """"]",4,5,88.64,137.36
2021,13,2,0,left,malle_dips_pouches,ThreatLevelMidnight,2021-W13-M04,Russell Wilson,,BN,False,True,False,25.01,21.74,,Russell Wilson,BN,"["""", ""Russell Wilson"", ""25.01"", ""21.74"", ""BN"", ""BN"", ""BN"", ""0.00"", ""0.00"", ""Aaron Jones Sr."", """"]",4,5,137.36,88.64
2021,13,2,0,right,ThreatLevelMidnight,malle_dips_pouches,2021-W13-M04,Aaron Jones Sr.,,BN,False,True,False,0.0,0.0,,Aaron Jones Sr.,BN,"["""", ""Russell Wilson"", ""25.01"", ""21.74"", ""BN"", ""BN"", ""BN"", ""0.00"", ""0.00"", ""Aaron Jones Sr."", """"]",4,5,88.64,137.36
2021,13,2,1,left,malle_dips_pouches,ThreatLevelMidnight,2021-W13-M04,Darrell Henderson Jr.,,BN,False,True,False,4.74,0.0,,Darrell Henderson Jr.,BN,"["""", ""Darrell Henderson Jr."", ""4.74"", ""0.00"", ""BN"", ""BN"", ""BN"", ""–"", ""0.00"", ""Ryan Tannehill"", """"]",4,5,137.36,88.64
2021,13,2,1,right,ThreatLevelMidnight,malle_dips_pouches,2021-W13-M04,Ryan Tannehill,,BN,False,True,False,0.0,,,Ryan Tannehill,BN,"["""", ""Darrell Henderson Jr."", ""4.74"", ""0.00"", ""BN"", ""BN"", ""BN"", ""–"", ""0.00"", ""Ryan Tannehill"", """"]",4,5,88.64,137.36
2021,13,2,2,left,malle_dips_pouches,ThreatLevelMidnight,2021-W13-M04,Davante Adams,,BN,False,True,False,0.0,0.0,,Davante Adams,BN,"["""", ""Davante Adams"", ""0.00"", ""0.00"", ""BN"", ""BN"", ""BN"", ""11.00"", ""8.40"", ""Tyler Boyd"", """"]",4,5,137.36,88.64
2021,13,2,2,right,ThreatLevelMidnight,malle_dips_pouches,2021-W13-M04,Tyler Boyd,,BN,False,True,False,8.4,11.0,,Tyler Boyd,BN,"["""", ""Davante Adams"", ""0.00"", ""0.00"", ""BN"", ""BN"", ""BN"", ""11.00"", ""8.40"", ""Tyler Boyd"", """"]",4,5,88.64,137.36
2021,13,2,3,left,malle_dips_pouches,ThreatLevelMidnight,2021-W13-M04,Chuba Hubbard,,BN,False,True,False,0.0,,,Chuba Hubbard,BN,"["""", ""Chuba Hubbard"", ""0.00"", ""–"", ""BN"", ""BN"", ""BN"", ""0.00"", ""0.00"", ""A.J. Brown"", """"]",4,5,137.36,88.64
2021,13,2,3,right,ThreatLevelMidnight,malle_dips_pouches,2021-W13-M04,A.J. Brown,,BN,False,True,False,0.0,0.0,,A.J. Brown,BN,"["""", ""Chuba Hubbard"", ""0.00"", ""–"", ""BN"", ""BN"", ""BN"", ""0.00"", ""0.00"", ""A.J. Brown"", """"]",4,5,88.64,137.36
2021,13,2,4,left,malle_dips_pouches,ThreatLevelMidnight,2021-W13-M04,Rhamondre Stevenson,,BN,False,True,False,8.09,7.8,,Rhamondre Stevenson,BN,"["""", ""Rhamondre Stevenson"", ""8.09"", ""7.80"", ""BN"", ""BN"", ""BN"", ""18.10"", ""16.07"", ""James Conner"", """"]",4,5,137.36,88.64
2021,13,2,4,right,ThreatLevelMidnight,malle_dips_pouches,2021-W13-M04,James Conner,,BN,False,True,False,16.07,18.1,,James Conner,BN,"["""", ""Rhamondre Stevenson"", ""8.09"", ""7.80"", ""BN"", ""BN"", ""BN"", ""18.10"", ""16.07"", ""James Conner"", """"]",4,5,88.64,137.36
2021,13,2,5,left,malle_dips_pouches,ThreatLevelMidnight,2021-W13-M04,Sony Michel,,BN,False,True,False,13.9,20.4,,Sony Michel,BN,"["""", ""Sony Michel"", ""13.90"", ""20.40"", ""BN"", ""BN"", ""BN"", ""0.00"", ""0.00"", ""Kareem Hunt"", """"]",4,5,137.36,88.64
2021,13,2,5,right,ThreatLevelMidnight,malle_dips_pouches,2021-W13-M04,Kareem Hunt,,BN,False,True,False,0.0,0.0,,Kareem Hunt,BN,"["""", ""Sony Michel"", ""13.90"", ""20.40"", ""BN"", ""BN"", ""BN"", ""0.00"", ""0.00"", ""Kareem Hunt"", """"]",4,5,88.64,137.36
2021,13,2,6,left,malle_dips_pouches,ThreatLevelMidnight,2021-W13-M04,Michael Thomas,,IR,False,False,True,0.0,0.0,,Michael Thomas,IR,"["""", ""Michael Thomas"", ""0.00"", ""0.00"", ""IR"", ""IR"", ""IR"", ""–"", ""0.00"", ""(Empty)"", """"]",4,5,137.36,88.64
2021,13,2,6,right,ThreatLevelMidnight,malle_dips_pouches,2021-W13-M04,(Empty),,IR,False,False,True,0.0,,,(Empty),IR,"["""", ""Michael Thomas"", ""0.00"", ""0.00"", ""IR"", ""IR"", ""IR"", ""–"", ""0.00"", ""(Empty)"", """"]",4,5,88.64,137.36
2021,13,1,0,left,Week 13 Recap (Lost),Pop Lockett Drop it,2021-W13-M05,Mac Jones,QB,QB,True,False,False,19.19,0.46,,Mac Jones,QB,"["""", ""Mac Jones"", ""19.19"", ""0.46"", ""QB"", ""QB"", ""QB"", ""13.56"", ""30.24"", ""Patrick Mahomes "", """"]",5,6,65.36,96.36
2021,13,1,0,right,Pop Lockett Drop it,Week 13 Recap (Lost),2021-W13-M05,Patrick Mahomes,QB,QB,True,False,False,30.24,13.56,,Patrick Mahomes ,QB,"["""", ""Mac Jones"", ""19.19"", ""0.46"", ""QB"", ""QB"", ""QB"", ""13.56"", ""30.24"", ""Patrick Mahomes "", """"]",5,6,96.36,65.36
2021,13,1,1,left,Week 13 Recap (Lost),Pop Lockett Drop it,2021-W13-M05,Darnell Mooney,WR,WR,True,False,False,11.17,5.2,,Darnell Mooney,WR,"["""", ""Darnell Mooney"", ""11.17"", ""5.20"", ""WR"", ""WR"", ""WR"", ""5.20"", ""9.98"", ""Kenny Golladay"", """"]",5,6,65.36,96.36
2021,13,1,1,right,Pop Lockett Drop it,Week 13 Recap (Lost),2021-W13-M05,Kenny Golladay,WR,WR,True,False,False,9.98,5.2,,Kenny Golladay,WR,"["""", ""Darnell Mooney"", ""11.17"", ""5.20"", ""WR"", ""WR"", ""WR"", ""5.20"", ""9.98"", ""Kenny Golladay"", """"]",5,6,96.36,65.36
2021,13,1,2,left,Week 13 Recap (Lost),Pop Lockett Drop it,2021-W13-M05,Hollywood Brown,WR,WR,True,False,False,11.67,8.0,,Hollywood Brown,WR,"["""", ""Hollywood Brown"", ""11.67"", ""8.00"", ""WR"", ""WR"", ""WR"", ""1.80"", ""5.49"", ""Marquez Callaway"", """"]",5,6,65.36,96.36
2021,13,1,2,right,Pop Lockett Drop it,Week 13 Recap (Lost),2021-W13-M05,Marquez Callaway,WR,WR,True,False,False,5.49,1.8,,Marquez Callaway,WR,"["""", ""Hollywood Brown"", ""11.67"", ""8.00"", ""WR"", ""WR"", ""WR"", ""1.80"", ""5.49"", ""Marquez Callaway"", """"]",5,6,96.36,65.36
2021,13,1,3,left,Week 13 Recap (Lost),Pop Lockett Drop it,2021-W13-M05,Austin Ekeler,RB,RB,True,False,False,18.51,14.9,,Austin Ekeler,RB,"["""", ""Austin Ekeler"", ""18.51"", ""14.90"", ""RB"", ""RB"", ""RB"", ""19.50"", ""13.84"", ""Josh Jacobs"", """"]",5,6,65.36,96.36
2021,13,1,3,right,Pop Lockett Drop it,Week 13 Recap (Lost),2021-W13-M05,Josh Jacobs,RB,RB,True,False,False,13.84,19.5,,Josh Jacobs,RB,"["""", ""Austin Ekeler"", ""18.51"", ""14.90"", ""RB"", ""RB"", ""RB"", ""19.50"", ""13.84"", ""Josh Jacobs"", """"]",5,6,96.36,65.36
2021,13,1,4,left,Week 13 Recap (Lost),Pop Lockett Drop it,2021-W13-M05,Jamaal Williams,RB,RB,True,False,False,13.33,8.5,,Jamaal Williams,RB,"["""", ""Jamaal Williams"", ""13.33"", ""8.50"", ""RB"", ""RB"", ""RB"", ""2.00"", ""12.20"", ""James Robinson"", """"]",5,6,65.36,96.36
2021,13,1,4,right,Pop Lockett Drop it,Week 13 Recap (Lost),2021-W13-M05,James Robinson,RB,RB,True,False,False,12.2,2.0,,James Robinson,RB,"["""", ""Jamaal Williams"", ""13.33"", ""8.50"", ""RB"", ""RB"", ""RB"", ""2.00"", ""12.20"", ""James Robinson"", """"]",5,6,96.36,65.36
2021,13,1,5,left,Week 13 Recap (Lost),Pop Lockett Drop it,2021-W13-M05,Travis Kelce,TE,TE,True,False,False,16.0,4.2,,Travis Kelce,TE,"["""", ""Travis Kelce"", ""16.00"", ""4.20"", ""TE"", ""TE"", ""TE"", ""6.80"", ""9.61"", ""Dalton Schultz"", """"]",5,6,65.36,96.36
2021,13,1,5,right,Pop Lockett Drop it,Week 13 Recap (Lost),2021-W13-M05,Dalton Schultz,TE,TE,True,False,False,9.61,6.8,,Dalton Schultz,TE,"["""", ""Travis Kelce"", ""16.00"", ""4.20"", ""TE"", ""TE"", ""TE"", ""6.80"", ""9.61"", ""Dalton Schultz"", """"]",5,6,96.36,65.36
2021,13,1,6,left,Week 13 Recap (Lost),Pop Lockett Drop it,2021-W13-M05,Stefon Diggs,,W/R/T,True,False,False,14.94,7.1,,Stefon Diggs ,W/R/T,"["""", ""Stefon Diggs "", ""14.94"", ""7.10"", ""W/R/T"", ""W/R/T"", ""W/R/T"", ""25.50"", ""8.62"", ""Dallas Goedert"", """"]",5,6,65.36,96.36
2021,13,1,6,right,Pop Lockett Drop it,Week 13 Recap (Lost),2021-W13-M05,Dallas Goedert,,W/R/T,True,False,False,8.62,25.5,,Dallas Goedert,W/R/T,"["""", ""Stefon Diggs "", ""14.94"", ""7.10"", ""W/R/T"", ""W/R/T"", ""W/R/T"", ""25.50"", ""8.62"", ""Dallas Goedert"", """"]",5,6,96.36,65.36
2021,13,1,7,left,Week 13 Recap (Lost),Pop Lockett Drop it,2021-W13-M05,Daniel Carlson,K,K,True,False,False,9.61,11.0,,Daniel Carlson,K,"["""", ""Daniel Carlson"", ""9.61"", ""11.00"", ""K"", ""K"", ""K"", ""5.00"", ""6.80"", ""Younghoe Koo"", """"]",5,6,65.36,96.36
2021,13,1,7,right,Pop Lockett Drop it,Week 13 Recap (Lost),2021-W13-M05,Younghoe Koo,K,K,True,False,False,6.8,5.0,,Younghoe Koo,K,"["""", ""Daniel Carlson"", ""9.61"", ""11.00"", ""K"", ""K"", ""K"", ""5.00"", ""6.80"", ""Younghoe Koo"", """"]",5,6,96.36,65.36
2021,13,1,8,left,Week 13 Recap (Lost),Pop Lockett Drop it,2021-W13-M05,Vikings - DEF,DEF,DEF,True,False,False,8.52,6.0,,Vikings - DEF,DEF,"["""", ""Vikings - DEF"", ""8.52"", ""6.00"", ""DEF"", ""DEF"", ""DEF"", ""17.00"", ""7.64"", ""Cowboys - DEF"", """"]",5,6,65.36,96.36
2021,13,1,8,right,Pop Lockett Drop it,Week 13 Recap (Lost),2021-W13-M05,Cowboys - DEF,DEF,DEF,True,False,False,7.64,17.0,,Cowboys - DEF,DEF,"["""", ""Vikings - DEF"", ""8.52"", ""6.00"", ""DEF"", ""DEF"", ""DEF"", ""17.00"", ""7.64"", ""Cowboys - DEF"", """"]",5,6,96.36,65.36
2021,13,2,0,left,Week 13 Recap (Lost),Pop Lockett Drop it,2021-W13-M05,Michael Gallup,,BN,False,True,False,8.34,12.1,,Michael Gallup,BN,"["""", ""Michael Gallup"", ""8.34"", ""12.10"", ""BN"", ""BN"", ""BN"", ""1.30"", ""7.15"", ""Kenyan Drake"", """"]",5,6,65.36,96.36
2021,13,2,0,right,Pop Lockett Drop it,Week 13 Recap (Lost),2021-W13-M05,Kenyan Drake,,BN,False,True,False,7.15,1.3,,Kenyan Drake,BN,"["""", ""Michael Gallup"", ""8.34"", ""12.10"", ""BN"", ""BN"", ""BN"", ""1.30"", ""7.15"", ""Kenyan Drake"", """"]",5,6,96.36,65.36
2021,13,2,1,left,Week 13 Recap (Lost),Pop Lockett Drop it,2021-W13-M05,Tevin Coleman,,BN,False,True,False,8.54,9.2,,Tevin Coleman,BN,"["""", ""Tevin Coleman"", ""8.54"", ""9.20"", ""BN"", ""BN"", ""BN"", ""0.00"", ""0.00"", ""Melvin Gordon III"", """"]",5,6,65.36,96.36
2021,13,2,1,right,Pop Lockett Drop it,Week 13 Recap (Lost),2021-W13-M05,Melvin Gordon III,,BN,False,True,False,0.0,0.0,,Melvin Gordon III,BN,"["""", ""Tevin Coleman"", ""8.54"", ""9.20"", ""BN"", ""BN"", ""BN"", ""0.00"", ""0.00"", ""Melvin Gordon III"", """"]",5,6,96.36,65.36
2021,13,2,2,left,Week 13 Recap (Lost),Pop Lockett Drop it,2021-W13-M05,Robbie Chosen,,BN,False,True,False,0.0,0.0,,Robbie Chosen,BN,"["""", ""Robbie Chosen"", ""0.00"", ""0.00"", ""BN"", ""BN"", ""BN"", ""0.00"", ""0.00"", ""DJ Moore"", """"]",5,6,65.36,96.36
2021,13,2,2,right,Pop Lockett Drop it,Week 13 Recap (Lost),2021-W13-M05,DJ Moore,,BN,False,True,False,0.0,0.0,,DJ Moore,BN,"["""", ""Robbie Chosen"", ""0.00"", ""0.00"", ""BN"", ""BN"", ""BN"", ""0.00"", ""0.00"", ""DJ Moore"", """"]",5,6,96.36,65.36
2021,13,2,3,left,Week 13 Recap (Lost),Pop Lockett Drop it,2021-W13-M05,Courtland Sutton,,BN,False,True,False,8.63,2.5,,Courtland Sutton,BN,"["""", ""Courtland Sutton"", ""8.63"", ""2.50"", ""BN"", ""BN"", ""BN"", ""1.70"", ""8.21"", ""Mecole Hardman Jr."", """"]",5,6,65.36,96.36
2021,13,2,3,right,Pop Lockett Drop it,Week 13 Recap (Lost),2021-W13-M05,Mecole Hardman Jr.,,BN,False,True,False,8.21,1.7,,Mecole Hardman Jr.,BN,"["""", ""Courtland Sutton"", ""8.63"", ""2.50"", ""BN"", ""BN"", ""BN"", ""1.70"", ""8.21"", ""Mecole Hardman Jr."", """"]",5,6,96.36,65.36
2021,13,2,4,left,Week 13 Recap (Lost),Pop Lockett Drop it,2021-W13-M05,DeVante Parker,,BN,False,True,False,10.81,8.7,,DeVante Parker,BN,"["""", ""DeVante Parker"", ""10.81"", ""8.70"", ""BN"", ""BN"", ""BN"", ""2.50"", ""5.82"", ""Corey Davis"", """"]",5,6,65.36,96.36
2021,13,2,4,right,Pop Lockett Drop it,Week 13 Recap (Lost),2021-W13-M05,Corey Davis,,BN,False,True,False,5.82,2.5,,Corey Davis,BN,"["""", ""DeVante Parker"", ""10.81"", ""8.70"", ""BN"", ""BN"", ""BN"", ""2.50"", ""5.82"", ""Corey Davis"", """"]",5,6,96.36,65.36
2021,13,2,5,left,Week 13 Recap (Lost),Pop Lockett Drop it,2021-W13-M05,Russell Gage Jr.,,BN,False,True,False,9.4,16.5,,Russell Gage Jr.,BN,"["""", ""Russell Gage Jr."", ""9.40"", ""16.50"", ""BN"", ""BN"", ""BN"", ""10.00"", ""5.84"", ""Steelers - DEF"", """"]",5,6,65.36,96.36
2021,13,2,5,right,Pop Lockett Drop it,Week 13 Recap (Lost),2021-W13-M05,Steelers - DEF,,BN,False,True,False,5.84,10.0,,Steelers - DEF,BN,"["""", ""Russell Gage Jr."", ""9.40"", ""16.50"", ""BN"", ""BN"", ""BN"", ""10.00"", ""5.84"", ""Steelers - DEF"", """"]",5,6,96.36,65.36
2021,13,1,0,left,Post Mahomes,Ginger FC,2021-W13-M06,Kyler Murray,QB,QB,True,False,False,24.36,34.82,,Kyler Murray ,QB,"["""", ""Kyler Murray "", ""24.36"", ""34.82"", ""QB"", ""QB"", ""QB"", ""12.36"", ""22.68"", ""Derek Carr"", """"]",6,7,138.32,117.96
2021,13,1,0,right,Ginger FC,Post Mahomes,2021-W13-M06,Derek Carr,QB,QB,True,False,False,22.68,12.36,,Derek Carr,QB,"["""", ""Kyler Murray "", ""24.36"", ""34.82"", ""QB"", ""QB"", ""QB"", ""12.36"", ""22.68"", ""Derek Carr"", """"]",6,7,117.96,138.32
2021,13,1,1,left,Post Mahomes,Ginger FC,2021-W13-M06,Brandin Cooks,WR,WR,True,False,False,11.66,6.9,,Brandin Cooks,WR,"["""", ""Brandin Cooks"", ""11.66"", ""6.90"", ""WR"", ""WR"", ""WR"", ""8.50"", ""13.08"", ""DK Metcalf "", """"]",6,7,138.32,117.96
2021,13,1,1,right,Ginger FC,Post Mahomes,2021-W13-M06,DK Metcalf,WR,WR,True,False,False,13.08,8.5,,DK Metcalf ,WR,"["""", ""Brandin Cooks"", ""11.66"", ""6.90"", ""WR"", ""WR"", ""WR"", ""8.50"", ""13.08"", ""DK Metcalf "", """"]",6,7,117.96,138.32
2021,13,1,2,left,Post Mahomes,Ginger FC,2021-W13-M06,CeeDee Lamb,WR,WR,True,False,False,15.18,15.7,,CeeDee Lamb,WR,"["""", ""CeeDee Lamb"", ""15.18"", ""15.70"", ""WR"", ""WR"", ""WR"", ""5.10"", ""11.28"", ""Amari Cooper"", """"]",6,7,138.32,117.96
2021,13,1,2,right,Ginger FC,Post Mahomes,2021-W13-M06,Amari Cooper,WR,WR,True,False,False,11.28,5.1,,Amari Cooper,WR,"["""", ""CeeDee Lamb"", ""15.18"", ""15.70"", ""WR"", ""WR"", ""WR"", ""5.10"", ""11.28"", ""Amari Cooper"", """"]",6,7,117.96,138.32
2021,13,1,3,left,Post Mahomes,Ginger FC,2021-W13-M06,Saquon Barkley,RB,RB,True,False,False,14.79,10.4,,Saquon Barkley,RB,"["""", ""Saquon Barkley"", ""14.79"", ""10.40"", ""RB"", ""RB"", ""RB"", ""5.70"", ""15.16"", ""Ezekiel Elliott"", """"]",6,7,138.32,117.96
2021,13,1,3,right,Ginger FC,Post Mahomes,2021-W13-M06,Ezekiel Elliott,RB,RB,True,False,False,15.16,5.7,,Ezekiel Elliott,RB,"["""", ""Saquon Barkley"", ""14.79"", ""10.40"", ""RB"", ""RB"", ""RB"", ""5.70"", ""15.16"", ""Ezekiel Elliott"", """"]",6,7,117.96,138.32
2021,13,1,4,left,Post Mahomes,Ginger FC,2021-W13-M06,Tony Pollard,RB,RB,True,False,False,10.6,14.4,,Tony Pollard,RB,"["""", ""Tony Pollard"", ""10.60"", ""14.40"", ""RB"", ""RB"", ""RB"", ""18.70"", ""16.40"", ""Leonard Fournette"", """"]",6,7,138.32,117.96
2021,13,1,4,right,Ginger FC,Post Mahomes,2021-W13-M06,Leonard Fournette,RB,RB,True,False,False,16.4,18.7,,Leonard Fournette,RB,"["""", ""Tony Pollard"", ""10.60"", ""14.40"", ""RB"", ""RB"", ""RB"", ""18.70"", ""16.40"", ""Leonard Fournette"", """"]",6,7,117.96,138.32
2021,13,1,5,left,Post Mahomes,Ginger FC,2021-W13-M06,Kyle Pitts Sr.,TE,TE,True,False,False,9.43,6.8,,Kyle Pitts Sr.,TE,"["""", ""Kyle Pitts Sr."", ""9.43"", ""6.80"", ""TE"", ""TE"", ""TE"", ""19.80"", ""11.82"", ""Rob Gronkowski"", """"]",6,7,138.32,117.96
2021,13,1,5,right,Ginger FC,Post Mahomes,2021-W13-M06,Rob Gronkowski,TE,TE,True,False,False,11.82,19.8,,Rob Gronkowski,TE,"["""", ""Kyle Pitts Sr."", ""9.43"", ""6.80"", ""TE"", ""TE"", ""TE"", ""19.80"", ""11.82"", ""Rob Gronkowski"", """"]",6,7,117.96,138.32
2021,13,1,6,left,Post Mahomes,Ginger FC,2021-W13-M06,Jonathan Taylor,,W/R/T,True,False,False,21.04,24.3,,Jonathan Taylor,W/R/T,"["""", ""Jonathan Taylor"", ""21.04"", ""24.30"", ""W/R/T"", ""W/R/T"", ""W/R/T"", ""26.80"", ""15.07"", ""Javonte Williams"", """"]",6,7,138.32,117.96
2021,13,1,6,right,Ginger FC,Post Mahomes,2021-W13-M06,Javonte Williams,,W/R/T,True,False,False,15.07,26.8,,Javonte Williams,W/R/T,"["""", ""Jonathan Taylor"", ""21.04"", ""24.30"", ""W/R/T"", ""W/R/T"", ""W/R/T"", ""26.80"", ""15.07"", ""Javonte Williams"", """"]",6,7,117.96,138.32
2021,13,1,7,left,Post Mahomes,Ginger FC,2021-W13-M06,Matt Gay,K,K,True,False,False,10.35,15.0,,Matt Gay,K,"["""", ""Matt Gay"", ""10.35"", ""15.00"", ""K"", ""K"", ""K"", ""10.00"", ""9.07"", ""Greg Joseph"", """"]",6,7,138.32,117.96
2021,13,1,7,right,Ginger FC,Post Mahomes,2021-W13-M06,Greg Joseph,K,K,True,False,False,9.07,10.0,,Greg Joseph,K,"["""", ""Matt Gay"", ""10.35"", ""15.00"", ""K"", ""K"", ""K"", ""10.00"", ""9.07"", ""Greg Joseph"", """"]",6,7,117.96,138.32
2021,13,1,8,left,Post Mahomes,Ginger FC,2021-W13-M06,Rams - DEF,DEF,DEF,True,False,False,9.25,10.0,,Rams - DEF,DEF,"["""", ""Rams - DEF"", ""9.25"", ""10.00"", ""DEF"", ""DEF"", ""DEF"", ""11.00"", ""8.88"", ""Cardinals - DEF"", """"]",6,7,138.32,117.96
2021,13,1,8,right,Ginger FC,Post Mahomes,2021-W13-M06,Cardinals - DEF,DEF,DEF,True,False,False,8.88,11.0,,Cardinals - DEF,DEF,"["""", ""Rams - DEF"", ""9.25"", ""10.00"", ""DEF"", ""DEF"", ""DEF"", ""11.00"", ""8.88"", ""Cardinals - DEF"", """"]",6,7,117.96,138.32
2021,13,2,0,left,Post Mahomes,Ginger FC,2021-W13-M06,Odell Beckham Jr.,,BN,False,True,False,11.05,9.8,,Odell Beckham Jr.,BN,"["""", ""Odell Beckham Jr."", ""11.05"", ""9.80"", ""BN"", ""BN"", ""BN"", ""10.20"", ""11.78"", ""DeAndre Hopkins"", """"]",6,7,138.32,117.96
2021,13,2,0,right,Ginger FC,Post Mahomes,2021-W13-M06,DeAndre Hopkins,,BN,False,True,False,11.78,10.2,,DeAndre Hopkins,BN,"["""", ""Odell Beckham Jr."", ""11.05"", ""9.80"", ""BN"", ""BN"", ""BN"", ""10.20"", ""11.78"", ""DeAndre Hopkins"", """"]",6,7,117.96,138.32
2021,13,2,1,left,Post Mahomes,Ginger FC,2021-W13-M06,Rashod Bateman,,BN,False,True,False,8.82,0.0,,Rashod Bateman,BN,"["""", ""Rashod Bateman"", ""8.82"", ""0.00"", ""BN"", ""BN"", ""BN"", ""17.90"", ""7.61"", ""Deonte Harty"", """"]",6,7,138.32,117.96
2021,13,2,1,right,Ginger FC,Post Mahomes,2021-W13-M06,Deonte Harty,,BN,False,True,False,7.61,17.9,,Deonte Harty,BN,"["""", ""Rashod Bateman"", ""8.82"", ""0.00"", ""BN"", ""BN"", ""BN"", ""17.90"", ""7.61"", ""Deonte Harty"", """"]",6,7,117.96,138.32
2021,13,2,2,left,Post Mahomes,Ginger FC,2021-W13-M06,Darrel Williams,,BN,False,True,False,7.43,9.5,,Darrel Williams,BN,"["""", ""Darrel Williams"", ""7.43"", ""9.50"", ""BN"", ""BN"", ""BN"", ""0.00"", ""0.00"", ""Aaron Rodgers"", """"]",6,7,138.32,117.96
2021,13,2,2,right,Ginger FC,Post Mahomes,2021-W13-M06,Aaron Rodgers,,BN,False,True,False,0.0,0.0,,Aaron Rodgers,BN,"["""", ""Darrel Williams"", ""7.43"", ""9.50"", ""BN"", ""BN"", ""BN"", ""0.00"", ""0.00"", ""Aaron Rodgers"", """"]",6,7,117.96,138.32
2021,13,2,3,left,Post Mahomes,Ginger FC,2021-W13-M06,Dontrell Hilliard,,BN,False,True,False,0.0,,,Dontrell Hilliard,BN,"["""", ""Dontrell Hilliard"", ""0.00"", ""–"", ""BN"", ""BN"", ""BN"", ""3.60"", ""8.62"", ""Devin Singletary"", """"]",6,7,138.32,117.96
2021,13,2,3,right,Ginger FC,Post Mahomes,2021-W13-M06,Devin Singletary,,BN,False,True,False,8.62,3.6,,Devin Singletary,BN,"["""", ""Dontrell Hilliard"", ""0.00"", ""–"", ""BN"", ""BN"", ""BN"", ""3.60"", ""8.62"", ""Devin Singletary"", """"]",6,7,117.96,138.32
2021,13,2,4,left,Post Mahomes,Ginger FC,2021-W13-M06,Julio Jones,,BN,False,True,False,0.0,0.0,,Julio Jones,BN,"["""", ""Julio Jones"", ""0.00"", ""0.00"", ""BN"", ""BN"", ""BN"", ""1.50"", ""9.23"", ""Zach Ertz"", """"]",6,7,138.32,117.96
2021,13,2,4,right,Ginger FC,Post Mahomes,2021-W13-M06,Zach Ertz,,BN,False,True,False,9.23,1.5,,Zach Ertz,BN,"["""", ""Julio Jones"", ""0.00"", ""0.00"", ""BN"", ""BN"", ""BN"", ""1.50"", ""9.23"", ""Zach Ertz"", """"]",6,7,117.96,138.32
2021,13,2,5,left,Post Mahomes,Ginger FC,2021-W13-M06,Packers - DEF,,BN,False,True,False,0.0,,,Packers - DEF,BN,"["""", ""Packers - DEF"", ""0.00"", ""–"", ""BN"", ""BN"", ""BN"", ""13.10"", ""10.55"", ""Van Jefferson"", """"]",6,7,138.32,117.96
2021,13,2,5,right,Ginger FC,Post Mahomes,2021-W13-M06,Van Jefferson,,BN,False,True,False,10.55,13.1,,Van Jefferson,BN,"["""", ""Packers - DEF"", ""0.00"", ""–"", ""BN"", ""BN"", ""BN"", ""13.10"", ""10.55"", ""Van Jefferson"", """"]",6,7,117.96,138.32
2021,13,2,6,left,Post Mahomes,Ginger FC,2021-W13-M06,Michael Carter,,IR,False,False,True,0.0,,,Michael Carter,IR,"["""", ""Michael Carter"", ""0.00"", ""–"", ""IR"", ""IR"", ""IR"", ""–"", ""0.00"", ""(Empty)"", """"]",6,7,138.32,117.96
2021,13,2,6,right,Ginger FC,Post Mahomes,2021-W13-M06,(Empty),,IR,False,False,True,0.0,,,(Empty),IR,"["""", ""Michael Carter"", ""0.00"", ""–"", ""IR"", ""IR"", ""IR"", ""–"", ""0.00"", ""(Empty)"", """"]",6,7,117.96,138.32
2021,14,1,0,left,Joe Mantegna,The Big Gronkowski,2021-W14-M01,Matthew Stafford,QB,QB,True,False,False,24.62,29.48,,Matthew Stafford,QB,"["""", ""Matthew Stafford"", ""24.62"", ""29.48"", ""QB"", ""QB"", ""QB"", ""30.90"", ""27.42"", ""Justin Herbert"", """"]",1,1,148.08,153.3
2021,14,1,0,right,The Big Gronkowski,Joe Mantegna,2021-W14-M01,Justin Herbert,QB,QB,True,False,False,27.42,30.9,,Justin Herbert,QB,"["""", ""Matthew Stafford"", ""24.62"", ""29.48"", ""QB"", ""QB"", ""QB"", ""30.90"", ""27.42"", ""Justin Herbert"", """"]",1,1,153.3,148.08
2021,14,1,1,left,Joe Mantegna,The Big Gronkowski,2021-W14-M01,Tyler Lockett,WR,WR,True,False,False,12.25,24.7,,Tyler Lockett,WR,"["""", ""Tyler Lockett"", ""12.25"", ""24.70"", ""WR"", ""WR"", ""WR"", ""12.80"", ""12.86"", ""Diontae Johnson"", """"]",1,1,148.08,153.3
2021,14,1,1,right,The Big Gronkowski,Joe Mantegna,2021-W14-M01,Diontae Johnson,WR,WR,True,False,False,12.86,12.8,,Diontae Johnson,WR,"["""", ""Tyler Lockett"", ""12.25"", ""24.70"", ""WR"", ""WR"", ""WR"", ""12.80"", ""12.86"", ""Diontae Johnson"", """"]",1,1,153.3,148.08
2021,14,1,2,left,Joe Mantegna,The Big Gronkowski,2021-W14-M01,Cooper Kupp,WR,WR,True,False,False,19.23,24.8,,Cooper Kupp,WR,"["""", ""Cooper Kupp"", ""19.23"", ""24.80"", ""WR"", ""WR"", ""WR"", ""0.00"", ""12.56"", ""Terry McLaurin"", """"]",1,1,148.08,153.3
2021,14,1,2,right,The Big Gronkowski,Joe Mantegna,2021-W14-M01,Terry McLaurin,WR,WR,True,False,False,12.56,0.0,,Terry McLaurin,WR,"["""", ""Cooper Kupp"", ""19.23"", ""24.80"", ""WR"", ""WR"", ""WR"", ""0.00"", ""12.56"", ""Terry McLaurin"", """"]",1,1,153.3,148.08
2021,14,1,3,left,Joe Mantegna,The Big Gronkowski,2021-W14-M01,Najee Harris,RB,RB,True,False,False,16.22,23.9,,Najee Harris,RB,"["""", ""Najee Harris"", ""16.22"", ""23.90"", ""RB"", ""RB"", ""RB"", ""34.70"", ""15.15"", ""Dalvin Cook"", """"]",1,1,148.08,153.3
2021,14,1,3,right,The Big Gronkowski,Joe Mantegna,2021-W14-M01,Dalvin Cook,RB,RB,True,False,False,15.15,34.7,,Dalvin Cook,RB,"["""", ""Najee Harris"", ""16.22"", ""23.90"", ""RB"", ""RB"", ""RB"", ""34.70"", ""15.15"", ""Dalvin Cook"", """"]",1,1,153.3,148.08
2021,14,1,4,left,Joe Mantegna,The Big Gronkowski,2021-W14-M01,Antonio Gibson,RB,RB,True,False,False,16.9,3.1,,Antonio Gibson,RB,"["""", ""Antonio Gibson"", ""16.90"", ""3.10"", ""RB"", ""RB"", ""RB"", ""7.70"", ""9.46"", ""Ty Johnson"", """"]",1,1,148.08,153.3
2021,14,1,4,right,The Big Gronkowski,Joe Mantegna,2021-W14-M01,Ty Johnson,RB,RB,True,False,False,9.46,7.7,,Ty Johnson,RB,"["""", ""Antonio Gibson"", ""16.90"", ""3.10"", ""RB"", ""RB"", ""RB"", ""7.70"", ""9.46"", ""Ty Johnson"", """"]",1,1,153.3,148.08
2021,14,1,5,left,Joe Mantegna,The Big Gronkowski,2021-W14-M01,Tyler Conklin,TE,TE,True,False,False,8.44,3.0,,Tyler Conklin,TE,"["""", ""Tyler Conklin"", ""8.44"", ""3.00"", ""TE"", ""TE"", ""TE"", ""27.60"", ""13.55"", ""George Kittle"", """"]",1,1,148.08,153.3
2021,14,1,5,right,The Big Gronkowski,Joe Mantegna,2021-W14-M01,George Kittle,TE,TE,True,False,False,13.55,27.6,,George Kittle,TE,"["""", ""Tyler Conklin"", ""8.44"", ""3.00"", ""TE"", ""TE"", ""TE"", ""27.60"", ""13.55"", ""George Kittle"", """"]",1,1,153.3,148.08
2021,14,1,6,left,Joe Mantegna,The Big Gronkowski,2021-W14-M01,AJ Dillon,,W/R/T,True,False,False,10.38,7.1,,AJ Dillon,W/R/T,"["""", ""AJ Dillon"", ""10.38"", ""7.10"", ""W/R/T"", ""W/R/T"", ""W/R/T"", ""15.60"", ""11.55"", ""Brandon Aiyuk"", """"]",1,1,148.08,153.3
2021,14,1,6,right,The Big Gronkowski,Joe Mantegna,2021-W14-M01,Brandon Aiyuk,,W/R/T,True,False,False,11.55,15.6,,Brandon Aiyuk,W/R/T,"["""", ""AJ Dillon"", ""10.38"", ""7.10"", ""W/R/T"", ""W/R/T"", ""W/R/T"", ""15.60"", ""11.55"", ""Brandon Aiyuk"", """"]",1,1,153.3,148.08
2021,14,1,7,left,Joe Mantegna,The Big Gronkowski,2021-W14-M01,Robbie Gould,K,K,True,False,False,8.14,8.0,,Robbie Gould,K,"["""", ""Robbie Gould"", ""8.14"", ""8.00"", ""K"", ""K"", ""K"", ""14.00"", ""9.49"", ""Harrison Butker"", """"]",1,1,148.08,153.3
2021,14,1,7,right,The Big Gronkowski,Joe Mantegna,2021-W14-M01,Harrison Butker,K,K,True,False,False,9.49,14.0,,Harrison Butker,K,"["""", ""Robbie Gould"", ""8.14"", ""8.00"", ""K"", ""K"", ""K"", ""14.00"", ""9.49"", ""Harrison Butker"", """"]",1,1,153.3,148.08
2021,14,1,8,left,Joe Mantegna,The Big Gronkowski,2021-W14-M01,Chiefs - DEF,DEF,DEF,True,False,False,8.24,24.0,,Chiefs - DEF,DEF,"["""", ""Chiefs - DEF"", ""8.24"", ""24.00"", ""DEF"", ""DEF"", ""DEF"", ""10.00"", ""9.01"", ""Broncos - DEF"", """"]",1,1,148.08,153.3
2021,14,1,8,right,The Big Gronkowski,Joe Mantegna,2021-W14-M01,Broncos - DEF,DEF,DEF,True,False,False,9.01,10.0,,Broncos - DEF,DEF,"["""", ""Chiefs - DEF"", ""8.24"", ""24.00"", ""DEF"", ""DEF"", ""DEF"", ""10.00"", ""9.01"", ""Broncos - DEF"", """"]",1,1,153.3,148.08
2021,14,2,0,left,Joe Mantegna,The Big Gronkowski,2021-W14-M01,Michael Pittman Jr.,,BN,False,True,False,0.0,0.0,,Michael Pittman Jr.,BN,"["""", ""Michael Pittman Jr."", ""0.00"", ""0.00"", ""BN"", ""BN"", ""BN"", ""0.00"", ""0.00"", ""David Johnson"", """"]",1,1,148.08,153.3
2021,14,2,0,right,The Big Gronkowski,Joe Mantegna,2021-W14-M01,David Johnson,,BN,False,True,False,0.0,0.0,,David Johnson,BN,"["""", ""Michael Pittman Jr."", ""0.00"", ""0.00"", ""BN"", ""BN"", ""BN"", ""0.00"", ""0.00"", ""David Johnson"", """"]",1,1,153.3,148.08
2021,14,2,1,left,Joe Mantegna,The Big Gronkowski,2021-W14-M01,Darren Waller,,BN,False,True,False,0.0,0.0,,Darren Waller ,BN,"["""", ""Darren Waller "", ""0.00"", ""0.00"", ""BN"", ""BN"", ""BN"", ""0.00"", ""0.00"", ""Miles Sanders "", """"]",1,1,148.08,153.3
2021,14,2,1,right,The Big Gronkowski,Joe Mantegna,2021-W14-M01,Miles Sanders,,BN,False,True,False,0.0,0.0,,Miles Sanders ,BN,"["""", ""Darren Waller "", ""0.00"", ""0.00"", ""BN"", ""BN"", ""BN"", ""0.00"", ""0.00"", ""Miles Sanders "", """"]",1,1,153.3,148.08
2021,14,2,2,left,Joe Mantegna,The Big Gronkowski,2021-W14-M01,Joe Burrow,,BN,False,True,False,24.84,26.22,,Joe Burrow,BN,"["""", ""Joe Burrow"", ""24.84"", ""26.22"", ""BN"", ""BN"", ""BN"", ""0.00"", ""0.00"", ""Myles Gaskin"", """"]",1,1,148.08,153.3
2021,14,2,2,right,The Big Gronkowski,Joe Mantegna,2021-W14-M01,Myles Gaskin,,BN,False,True,False,0.0,0.0,,Myles Gaskin,BN,"["""", ""Joe Burrow"", ""24.84"", ""26.22"", ""BN"", ""BN"", ""BN"", ""0.00"", ""0.00"", ""Myles Gaskin"", """"]",1,1,153.3,148.08
2021,14,2,3,left,Joe Mantegna,The Big Gronkowski,2021-W14-M01,Chase Claypool,,BN,False,True,False,10.72,13.5,,Chase Claypool,BN,"["""", ""Chase Claypool"", ""10.72"", ""13.50"", ""BN"", ""BN"", ""BN"", ""12.60"", ""10.46"", ""Jarvis Landry"", """"]",1,1,148.08,153.3
2021,14,2,3,right,The Big Gronkowski,Joe Mantegna,2021-W14-M01,Jarvis Landry,,BN,False,True,False,10.46,12.6,,Jarvis Landry,BN,"["""", ""Chase Claypool"", ""10.72"", ""13.50"", ""BN"", ""BN"", ""BN"", ""12.60"", ""10.46"", ""Jarvis Landry"", """"]",1,1,153.3,148.08
2021,14,2,4,left,Joe Mantegna,The Big Gronkowski,2021-W14-M01,Cole Beasley,,BN,False,True,False,9.96,10.9,,Cole Beasley,BN,"["""", ""Cole Beasley"", ""9.96"", ""10.90"", ""BN"", ""BN"", ""BN"", ""22.20"", ""10.68"", ""Hunter Renfrow"", """"]",1,1,148.08,153.3
2021,14,2,4,right,The Big Gronkowski,Joe Mantegna,2021-W14-M01,Hunter Renfrow,,BN,False,True,False,10.68,22.2,,Hunter Renfrow,BN,"["""", ""Cole Beasley"", ""9.96"", ""10.90"", ""BN"", ""BN"", ""BN"", ""22.20"", ""10.68"", ""Hunter Renfrow"", """"]",1,1,153.3,148.08
2021,14,2,5,left,Joe Mantegna,The Big Gronkowski,2021-W14-M01,Panthers - DEF,,BN,False,True,False,7.95,2.0,,Panthers - DEF,BN,"["""", ""Panthers - DEF"", ""7.95"", ""2.00"", ""BN"", ""BN"", ""BN"", ""20.04"", ""23.79"", ""Kirk Cousins"", """"]",1,1,148.08,153.3
2021,14,2,5,right,The Big Gronkowski,Joe Mantegna,2021-W14-M01,Kirk Cousins,,BN,False,True,False,23.79,20.04,,Kirk Cousins,BN,"["""", ""Panthers - DEF"", ""7.95"", ""2.00"", ""BN"", ""BN"", ""BN"", ""20.04"", ""23.79"", ""Kirk Cousins"", """"]",1,1,153.3,148.08
2021,14,1,0,left,Malle ❤️ 🐸,Voldemort,2021-W14-M02,Tom Brady,QB,QB,True,False,False,26.37,34.12,,Tom Brady,QB,"["""", ""Tom Brady"", ""26.37"", ""34.12"", ""QB"", ""QB"", ""QB"", ""13.94"", ""28.78"", ""Dak Prescott"", """"]",2,2,113.22,108.84
2021,14,1,0,right,Voldemort,Malle ❤️ 🐸,2021-W14-M02,Dak Prescott,QB,QB,True,False,False,28.78,13.94,,Dak Prescott,QB,"["""", ""Tom Brady"", ""26.37"", ""34.12"", ""QB"", ""QB"", ""QB"", ""13.94"", ""28.78"", ""Dak Prescott"", """"]",2,2,108.84,113.22
2021,14,1,1,left,Malle ❤️ 🐸,Voldemort,2021-W14-M02,Tyreek Hill,WR,WR,True,False,False,17.29,9.6,,Tyreek Hill,WR,"["""", ""Tyreek Hill"", ""17.29"", ""9.60"", ""WR"", ""WR"", ""WR"", ""17.00"", ""18.85"", ""Justin Jefferson "", """"]",2,2,113.22,108.84
2021,14,1,1,right,Voldemort,Malle ❤️ 🐸,2021-W14-M02,Justin Jefferson,WR,WR,True,False,False,18.85,17.0,,Justin Jefferson ,WR,"["""", ""Tyreek Hill"", ""17.29"", ""9.60"", ""WR"", ""WR"", ""WR"", ""17.00"", ""18.85"", ""Justin Jefferson "", """"]",2,2,108.84,113.22
2021,14,1,2,left,Malle ❤️ 🐸,Voldemort,2021-W14-M02,M. Valdes-Scantling,WR,WR,True,False,False,10.17,3.5,,M. Valdes-Scantling,WR,"["""", ""M. Valdes-Scantling"", ""10.17"", ""3.50"", ""WR"", ""WR"", ""WR"", ""12.40"", ""15.06"", ""Deebo Samuel Sr."", """"]",2,2,113.22,108.84
2021,14,1,2,right,Voldemort,Malle ❤️ 🐸,2021-W14-M02,Deebo Samuel Sr.,WR,WR,True,False,False,15.06,12.4,,Deebo Samuel Sr.,WR,"["""", ""M. Valdes-Scantling"", ""10.17"", ""3.50"", ""WR"", ""WR"", ""WR"", ""12.40"", ""15.06"", ""Deebo Samuel Sr."", """"]",2,2,108.84,113.22
2021,14,1,3,left,Malle ❤️ 🐸,Voldemort,2021-W14-M02,Mike Davis,RB,RB,True,False,False,6.45,11.1,,Mike Davis ,RB,"["""", ""Mike Davis "", ""6.45"", ""11.10"", ""RB"", ""RB"", ""RB"", ""12.90"", ""13.10"", ""Cordarrelle Patterson"", """"]",2,2,113.22,108.84
2021,14,1,3,right,Voldemort,Malle ❤️ 🐸,2021-W14-M02,Cordarrelle Patterson,RB,RB,True,False,False,13.1,12.9,,Cordarrelle Patterson,RB,"["""", ""Mike Davis "", ""6.45"", ""11.10"", ""RB"", ""RB"", ""RB"", ""12.90"", ""13.10"", ""Cordarrelle Patterson"", """"]",2,2,108.84,113.22
2021,14,1,4,left,Malle ❤️ 🐸,Voldemort,2021-W14-M02,Mark Ingram II,RB,RB,True,False,False,2.0,0.0,,Mark Ingram II,RB,"["""", ""Mark Ingram II"", ""2.00"", ""0.00"", ""RB"", ""RB"", ""RB"", ""8.00"", ""15.00"", ""Nick Chubb"", """"]",2,2,113.22,108.84
2021,14,1,4,right,Voldemort,Malle ❤️ 🐸,2021-W14-M02,Nick Chubb,RB,RB,True,False,False,15.0,8.0,,Nick Chubb,RB,"["""", ""Mark Ingram II"", ""2.00"", ""0.00"", ""RB"", ""RB"", ""RB"", ""8.00"", ""15.00"", ""Nick Chubb"", """"]",2,2,108.84,113.22
2021,14,1,5,left,Malle ❤️ 🐸,Voldemort,2021-W14-M02,Jared Cook,TE,TE,True,False,False,8.22,7.8,,Jared Cook,TE,"["""", ""Jared Cook"", ""8.22"", ""7.80"", ""TE"", ""TE"", ""TE"", ""15.50"", ""7.70"", ""Dawson Knox"", """"]",2,2,113.22,108.84
2021,14,1,5,right,Voldemort,Malle ❤️ 🐸,2021-W14-M02,Dawson Knox,TE,TE,True,False,False,7.7,15.5,,Dawson Knox,TE,"["""", ""Jared Cook"", ""8.22"", ""7.80"", ""TE"", ""TE"", ""TE"", ""15.50"", ""7.70"", ""Dawson Knox"", """"]",2,2,108.84,113.22
2021,14,1,6,left,Malle ❤️ 🐸,Voldemort,2021-W14-M02,Mike Evans,,W/R/T,True,False,False,14.31,18.1,,Mike Evans,W/R/T,"["""", ""Mike Evans"", ""14.31"", ""18.10"", ""W/R/T"", ""W/R/T"", ""W/R/T"", ""11.10"", ""13.91"", ""David Montgomery"", """"]",2,2,113.22,108.84
2021,14,1,6,right,Voldemort,Malle ❤️ 🐸,2021-W14-M02,David Montgomery,,W/R/T,True,False,False,13.91,11.1,,David Montgomery,W/R/T,"["""", ""Mike Evans"", ""14.31"", ""18.10"", ""W/R/T"", ""W/R/T"", ""W/R/T"", ""11.10"", ""13.91"", ""David Montgomery"", """"]",2,2,108.84,113.22
2021,14,1,7,left,Malle ❤️ 🐸,Voldemort,2021-W14-M02,Justin Tucker,K,K,True,False,False,9.46,15.0,,Justin Tucker,K,"["""", ""Justin Tucker"", ""9.46"", ""15.00"", ""K"", ""K"", ""K"", ""13.00"", ""9.31"", ""Greg Zuerlein"", """"]",2,2,113.22,108.84
2021,14,1,7,right,Voldemort,Malle ❤️ 🐸,2021-W14-M02,Greg Zuerlein,K,K,True,False,False,9.31,13.0,,Greg Zuerlein,K,"["""", ""Justin Tucker"", ""9.46"", ""15.00"", ""K"", ""K"", ""K"", ""13.00"", ""9.31"", ""Greg Zuerlein"", """"]",2,2,108.84,113.22
2021,14,1,8,left,Malle ❤️ 🐸,Voldemort,2021-W14-M02,Browns - DEF,DEF,DEF,True,False,False,7.38,14.0,,Browns - DEF,DEF,"["""", ""Browns - DEF"", ""7.38"", ""14.00"", ""DEF"", ""DEF"", ""DEF"", ""5.00"", ""5.87"", ""Buccaneers - DEF"", """"]",2,2,113.22,108.84
2021,14,1,8,right,Voldemort,Malle ❤️ 🐸,2021-W14-M02,Buccaneers - DEF,DEF,DEF,True,False,False,5.87,5.0,,Buccaneers - DEF,DEF,"["""", ""Browns - DEF"", ""7.38"", ""14.00"", ""DEF"", ""DEF"", ""DEF"", ""5.00"", ""5.87"", ""Buccaneers - DEF"", """"]",2,2,108.84,113.22
2021,14,2,0,left,Malle ❤️ 🐸,Voldemort,2021-W14-M02,T.J. Hockenson,,BN,False,True,False,0.0,0.0,,T.J. Hockenson,BN,"["""", ""T.J. Hockenson"", ""0.00"", ""0.00"", ""BN"", ""BN"", ""BN"", ""0.00"", ""0.00"", ""Tyler Higbee"", """"]",2,2,113.22,108.84
2021,14,2,0,right,Voldemort,Malle ❤️ 🐸,2021-W14-M02,Tyler Higbee,,BN,False,True,False,0.0,0.0,,Tyler Higbee,BN,"["""", ""T.J. Hockenson"", ""0.00"", ""0.00"", ""BN"", ""BN"", ""BN"", ""0.00"", ""0.00"", ""Tyler Higbee"", """"]",2,2,108.84,113.22
2021,14,2,1,left,Malle ❤️ 🐸,Voldemort,2021-W14-M02,Keenan Allen,,BN,False,True,False,0.0,,,Keenan Allen,BN,"["""", ""Keenan Allen"", ""0.00"", ""–"", ""BN"", ""BN"", ""BN"", ""0.00"", ""0.00"", ""Chase Edmonds"", """"]",2,2,113.22,108.84
2021,14,2,1,right,Voldemort,Malle ❤️ 🐸,2021-W14-M02,Chase Edmonds,,BN,False,True,False,0.0,0.0,,Chase Edmonds,BN,"["""", ""Keenan Allen"", ""0.00"", ""–"", ""BN"", ""BN"", ""BN"", ""0.00"", ""0.00"", ""Chase Edmonds"", """"]",2,2,108.84,113.22
2021,14,2,2,left,Malle ❤️ 🐸,Voldemort,2021-W14-M02,Damien Harris,,BN,False,True,False,0.0,0.0,,Damien Harris ,BN,"["""", ""Damien Harris "", ""0.00"", ""0.00"", ""BN"", ""BN"", ""BN"", ""0.00"", ""0.00"", ""Kendrick Bourne"", """"]",2,2,113.22,108.84
2021,14,2,2,right,Voldemort,Malle ❤️ 🐸,2021-W14-M02,Kendrick Bourne,,BN,False,True,False,0.0,0.0,,Kendrick Bourne,BN,"["""", ""Damien Harris "", ""0.00"", ""0.00"", ""BN"", ""BN"", ""BN"", ""0.00"", ""0.00"", ""Kendrick Bourne"", """"]",2,2,108.84,113.22
2021,14,2,3,left,Malle ❤️ 🐸,Voldemort,2021-W14-M02,Adam Thielen,,BN,False,True,False,0.0,0.0,,Adam Thielen,BN,"["""", ""Adam Thielen"", ""0.00"", ""0.00"", ""BN"", ""BN"", ""BN"", ""5.60"", ""11.98"", ""Jeff Wilson Jr."", """"]",2,2,113.22,108.84
2021,14,2,3,right,Voldemort,Malle ❤️ 🐸,2021-W14-M02,Jeff Wilson Jr.,,BN,False,True,False,11.98,5.6,,Jeff Wilson Jr.,BN,"["""", ""Adam Thielen"", ""0.00"", ""0.00"", ""BN"", ""BN"", ""BN"", ""5.60"", ""11.98"", ""Jeff Wilson Jr."", """"]",2,2,108.84,113.22
2021,14,2,4,left,Malle ❤️ 🐸,Voldemort,2021-W14-M02,Jonnu Smith,,BN,False,True,False,0.0,0.0,,Jonnu Smith,BN,"["""", ""Jonnu Smith"", ""0.00"", ""0.00"", ""BN"", ""BN"", ""BN"", ""10.10"", ""9.33"", ""Christian Kirk"", """"]",2,2,113.22,108.84
2021,14,2,4,right,Voldemort,Malle ❤️ 🐸,2021-W14-M02,Christian Kirk,,BN,False,True,False,9.33,10.1,,Christian Kirk,BN,"["""", ""Jonnu Smith"", ""0.00"", ""0.00"", ""BN"", ""BN"", ""BN"", ""10.10"", ""9.33"", ""Christian Kirk"", """"]",2,2,108.84,113.22
2021,14,2,5,left,Malle ❤️ 🐸,Voldemort,2021-W14-M02,Raiders - DEF,,BN,False,True,False,3.61,-1.0,,Raiders - DEF,BN,"["""", ""Raiders - DEF"", ""3.61"", ""-1.00"", ""BN"", ""BN"", ""BN"", ""0.00"", ""0.00"", ""Nick Folk"", """"]",2,2,113.22,108.84
2021,14,2,5,right,Voldemort,Malle ❤️ 🐸,2021-W14-M02,Nick Folk,,BN,False,True,False,0.0,0.0,,Nick Folk,BN,"["""", ""Raiders - DEF"", ""3.61"", ""-1.00"", ""BN"", ""BN"", ""BN"", ""0.00"", ""0.00"", ""Nick Folk"", """"]",2,2,108.84,113.22
2021,14,2,6,left,Malle ❤️ 🐸,Voldemort,2021-W14-M02,(Empty),,IR,False,False,True,0.0,,,(Empty),IR,"["""", ""(Empty)"", ""0.00"", ""–"", ""IR"", ""IR"", ""IR"", ""0.00"", ""0.00"", ""Calvin Ridley"", """"]",2,2,113.22,108.84
2021,14,2,6,right,Voldemort,Malle ❤️ 🐸,2021-W14-M02,Calvin Ridley,,IR,False,False,True,0.0,0.0,,Calvin Ridley,IR,"["""", ""(Empty)"", ""0.00"", ""–"", ""IR"", ""IR"", ""IR"", ""0.00"", ""0.00"", ""Calvin Ridley"", """"]",2,2,108.84,113.22
2021,14,1,0,left,ThreatLevelMidnight,Uncle Rico,2021-W14-M03,Lamar Jackson,QB,QB,True,False,False,26.56,1.18,,Lamar Jackson,QB,"["""", ""Lamar Jackson"", ""26.56"", ""1.18"", ""QB"", ""QB"", ""QB"", ""26.30"", ""24.88"", ""Taysom Hill"", """"]",3,5,95.08,118.0
2021,14,1,0,right,Uncle Rico,ThreatLevelMidnight,2021-W14-M03,Taysom Hill,QB,QB,True,False,False,24.88,26.3,,Taysom Hill,QB,"["""", ""Lamar Jackson"", ""26.56"", ""1.18"", ""QB"", ""QB"", ""QB"", ""26.30"", ""24.88"", ""Taysom Hill"", """"]",3,5,118.0,95.08
2021,14,1,1,left,ThreatLevelMidnight,Uncle Rico,2021-W14-M03,Ja'Marr Chase,WR,WR,True,False,False,12.98,22.8,,Ja'Marr Chase,WR,"["""", ""Ja'Marr Chase"", ""12.98"", ""22.80"", ""WR"", ""WR"", ""WR"", ""15.50"", ""13.84"", ""Chris Godwin Jr."", """"]",3,5,95.08,118.0
2021,14,1,1,right,Uncle Rico,ThreatLevelMidnight,2021-W14-M03,Chris Godwin Jr.,WR,WR,True,False,False,13.84,15.5,,Chris Godwin Jr.,WR,"["""", ""Ja'Marr Chase"", ""12.98"", ""22.80"", ""WR"", ""WR"", ""WR"", ""15.50"", ""13.84"", ""Chris Godwin Jr."", """"]",3,5,118.0,95.08
2021,14,1,2,left,ThreatLevelMidnight,Uncle Rico,2021-W14-M03,Tim Patrick,WR,WR,True,False,False,8.63,3.1,,Tim Patrick,WR,"["""", ""Tim Patrick"", ""8.63"", ""3.10"", ""WR"", ""WR"", ""WR"", ""29.10"", ""18.06"", ""Davante Adams"", """"]",3,5,95.08,118.0
2021,14,1,2,right,Uncle Rico,ThreatLevelMidnight,2021-W14-M03,Davante Adams,WR,WR,True,False,False,18.06,29.1,,Davante Adams,WR,"["""", ""Tim Patrick"", ""8.63"", ""3.10"", ""WR"", ""WR"", ""WR"", ""29.10"", ""18.06"", ""Davante Adams"", """"]",3,5,118.0,95.08
2021,14,1,3,left,ThreatLevelMidnight,Uncle Rico,2021-W14-M03,Latavius Murray,RB,RB,True,False,False,6.14,6.1,,Latavius Murray,RB,"["""", ""Latavius Murray"", ""6.14"", ""6.10"", ""RB"", ""RB"", ""RB"", ""7.80"", ""15.88"", ""Joe Mixon"", """"]",3,5,95.08,118.0
2021,14,1,3,right,Uncle Rico,ThreatLevelMidnight,2021-W14-M03,Joe Mixon,RB,RB,True,False,False,15.88,7.8,,Joe Mixon,RB,"["""", ""Latavius Murray"", ""6.14"", ""6.10"", ""RB"", ""RB"", ""RB"", ""7.80"", ""15.88"", ""Joe Mixon"", """"]",3,5,118.0,95.08
2021,14,1,4,left,ThreatLevelMidnight,Uncle Rico,2021-W14-M03,D'Onta Foreman,RB,RB,True,False,False,9.05,13.2,,D'Onta Foreman,RB,"["""", ""D'Onta Foreman"", ""9.05"", ""13.20"", ""RB"", ""RB"", ""RB"", ""9.30"", ""12.22"", ""Chuba Hubbard"", """"]",3,5,95.08,118.0
2021,14,1,4,right,Uncle Rico,ThreatLevelMidnight,2021-W14-M03,Chuba Hubbard,RB,RB,True,False,False,12.22,9.3,,Chuba Hubbard,RB,"["""", ""D'Onta Foreman"", ""9.05"", ""13.20"", ""RB"", ""RB"", ""RB"", ""9.30"", ""12.22"", ""Chuba Hubbard"", """"]",3,5,118.0,95.08
2021,14,1,5,left,ThreatLevelMidnight,Uncle Rico,2021-W14-M03,Mark Andrews,TE,TE,True,False,False,10.76,23.0,,Mark Andrews,TE,"["""", ""Mark Andrews"", ""10.76"", ""23.00"", ""TE"", ""TE"", ""TE"", ""7.10"", ""8.13"", ""Noah Fant"", """"]",3,5,95.08,118.0
2021,14,1,5,right,Uncle Rico,ThreatLevelMidnight,2021-W14-M03,Noah Fant,TE,TE,True,False,False,8.13,7.1,,Noah Fant,TE,"["""", ""Mark Andrews"", ""10.76"", ""23.00"", ""TE"", ""TE"", ""TE"", ""7.10"", ""8.13"", ""Noah Fant"", """"]",3,5,118.0,95.08
2021,14,1,6,left,ThreatLevelMidnight,Uncle Rico,2021-W14-M03,A.J. Green,,W/R/T,True,False,False,8.35,13.7,,A.J. Green,W/R/T,"["""", ""A.J. Green"", ""8.35"", ""13.70"", ""W/R/T"", ""W/R/T"", ""W/R/T"", ""7.90"", ""14.68"", ""Sony Michel"", """"]",3,5,95.08,118.0
2021,14,1,6,right,Uncle Rico,ThreatLevelMidnight,2021-W14-M03,Sony Michel,,W/R/T,True,False,False,14.68,7.9,,Sony Michel,W/R/T,"["""", ""A.J. Green"", ""8.35"", ""13.70"", ""W/R/T"", ""W/R/T"", ""W/R/T"", ""7.90"", ""14.68"", ""Sony Michel"", """"]",3,5,118.0,95.08
2021,14,1,7,left,ThreatLevelMidnight,Uncle Rico,2021-W14-M03,Ryan Succop,K,K,True,False,False,9.15,9.0,,Ryan Succop,K,"["""", ""Ryan Succop"", ""9.15"", ""9.00"", ""K"", ""K"", ""K"", ""9.00"", ""9.42"", ""Tyler Bass"", """"]",3,5,95.08,118.0
2021,14,1,7,right,Uncle Rico,ThreatLevelMidnight,2021-W14-M03,Tyler Bass,K,K,True,False,False,9.42,9.0,,Tyler Bass,K,"["""", ""Ryan Succop"", ""9.15"", ""9.00"", ""K"", ""K"", ""K"", ""9.00"", ""9.42"", ""Tyler Bass"", """"]",3,5,118.0,95.08
2021,14,1,8,left,ThreatLevelMidnight,Uncle Rico,2021-W14-M03,Ravens - DEF,DEF,DEF,True,False,False,6.05,3.0,,Ravens - DEF,DEF,"["""", ""Ravens - DEF"", ""6.05"", ""3.00"", ""DEF"", ""DEF"", ""DEF"", ""6.00"", ""8.22"", ""Seahawks - DEF"", """"]",3,5,95.08,118.0
2021,14,1,8,right,Uncle Rico,ThreatLevelMidnight,2021-W14-M03,Seahawks - DEF,DEF,DEF,True,False,False,8.22,6.0,,Seahawks - DEF,DEF,"["""", ""Ravens - DEF"", ""6.05"", ""3.00"", ""DEF"", ""DEF"", ""DEF"", ""6.00"", ""8.22"", ""Seahawks - DEF"", """"]",3,5,118.0,95.08
2021,14,2,0,left,ThreatLevelMidnight,Uncle Rico,2021-W14-M03,Boston Scott,,BN,False,True,False,0.0,0.0,,Boston Scott,BN,"["""", ""Boston Scott"", ""0.00"", ""0.00"", ""BN"", ""BN"", ""BN"", ""0.00"", ""0.00"", ""Darrell Henderson Jr."", """"]",3,5,95.08,118.0
2021,14,2,0,right,Uncle Rico,ThreatLevelMidnight,2021-W14-M03,Darrell Henderson Jr.,,BN,False,True,False,0.0,0.0,,Darrell Henderson Jr.,BN,"["""", ""Boston Scott"", ""0.00"", ""0.00"", ""BN"", ""BN"", ""BN"", ""0.00"", ""0.00"", ""Darrell Henderson Jr."", """"]",3,5,118.0,95.08
2021,14,2,1,left,ThreatLevelMidnight,Uncle Rico,2021-W14-M03,Jakobi Meyers,,BN,False,True,False,0.0,0.0,,Jakobi Meyers,BN,"["""", ""Jakobi Meyers"", ""0.00"", ""0.00"", ""BN"", ""BN"", ""BN"", ""25.20"", ""26.54"", ""Russell Wilson"", """"]",3,5,95.08,118.0
2021,14,2,1,right,Uncle Rico,ThreatLevelMidnight,2021-W14-M03,Russell Wilson,,BN,False,True,False,26.54,25.2,,Russell Wilson,BN,"["""", ""Jakobi Meyers"", ""0.00"", ""0.00"", ""BN"", ""BN"", ""BN"", ""25.20"", ""26.54"", ""Russell Wilson"", """"]",3,5,118.0,95.08
2021,14,2,2,left,ThreatLevelMidnight,Uncle Rico,2021-W14-M03,Allen Robinson,,BN,False,True,False,7.95,2.4,,Allen Robinson,BN,"["""", ""Allen Robinson"", ""7.95"", ""2.40"", ""BN"", ""BN"", ""BN"", ""0.00"", ""0.00"", ""Elijah Mitchell"", """"]",3,5,95.08,118.0
2021,14,2,2,right,Uncle Rico,ThreatLevelMidnight,2021-W14-M03,Elijah Mitchell,,BN,False,True,False,0.0,0.0,,Elijah Mitchell,BN,"["""", ""Allen Robinson"", ""7.95"", ""2.40"", ""BN"", ""BN"", ""BN"", ""0.00"", ""0.00"", ""Elijah Mitchell"", """"]",3,5,118.0,95.08
2021,14,2,3,left,ThreatLevelMidnight,Uncle Rico,2021-W14-M03,J.D. McKissic,,BN,False,True,False,0.0,0.0,,J.D. McKissic,BN,"["""", ""J.D. McKissic"", ""0.00"", ""0.00"", ""BN"", ""BN"", ""BN"", ""2.70"", ""7.49"", ""Alexander Mattison"", """"]",3,5,95.08,118.0
2021,14,2,3,right,Uncle Rico,ThreatLevelMidnight,2021-W14-M03,Alexander Mattison,,BN,False,True,False,7.49,2.7,,Alexander Mattison,BN,"["""", ""J.D. McKissic"", ""0.00"", ""0.00"", ""BN"", ""BN"", ""BN"", ""2.70"", ""7.49"", ""Alexander Mattison"", """"]",3,5,118.0,95.08
2021,14,2,4,left,ThreatLevelMidnight,Uncle Rico,2021-W14-M03,Antonio Brown,,BN,False,True,False,0.0,0.0,,Antonio Brown,BN,"["""", ""Antonio Brown"", ""0.00"", ""0.00"", ""BN"", ""BN"", ""BN"", ""0.00"", ""0.00"", ""Jaylen Waddle"", """"]",3,5,95.08,118.0
2021,14,2,4,right,Uncle Rico,ThreatLevelMidnight,2021-W14-M03,Jaylen Waddle,,BN,False,True,False,0.0,0.0,,Jaylen Waddle,BN,"["""", ""Antonio Brown"", ""0.00"", ""0.00"", ""BN"", ""BN"", ""BN"", ""0.00"", ""0.00"", ""Jaylen Waddle"", """"]",3,5,118.0,95.08
2021,14,2,5,left,ThreatLevelMidnight,Uncle Rico,2021-W14-M03,Jimmy Garoppolo,,BN,False,True,False,22.79,24.14,,Jimmy Garoppolo,BN,"["""", ""Jimmy Garoppolo"", ""22.79"", ""24.14"", ""BN"", ""BN"", ""BN"", ""5.30"", ""4.62"", ""Samaje Perine"", """"]",3,5,95.08,118.0
2021,14,2,5,right,Uncle Rico,ThreatLevelMidnight,2021-W14-M03,Samaje Perine,,BN,False,True,False,4.62,5.3,,Samaje Perine,BN,"["""", ""Jimmy Garoppolo"", ""22.79"", ""24.14"", ""BN"", ""BN"", ""BN"", ""5.30"", ""4.62"", ""Samaje Perine"", """"]",3,5,118.0,95.08
2021,14,2,6,left,ThreatLevelMidnight,Uncle Rico,2021-W14-M03,Derrick Henry,,IR,False,False,True,0.0,0.0,,Derrick Henry ,IR,"["""", ""Derrick Henry "", ""0.00"", ""0.00"", ""IR"", ""IR"", ""IR"", ""0.00"", ""0.00"", ""Michael Thomas"", """"]",3,5,95.08,118.0
2021,14,2,6,right,Uncle Rico,ThreatLevelMidnight,2021-W14-M03,Michael Thomas,,IR,False,False,True,0.0,0.0,,Michael Thomas,IR,"["""", ""Derrick Henry "", ""0.00"", ""0.00"", ""IR"", ""IR"", ""IR"", ""0.00"", ""0.00"", ""Michael Thomas"", """"]",3,5,118.0,95.08
2021,14,1,0,left,malle_dips_pouches,Pop Lockett Drop it,2021-W14-M04,Teddy Bridgewater,QB,QB,True,False,False,24.19,19.16,,Teddy Bridgewater,QB,"["""", ""Teddy Bridgewater"", ""24.19"", ""19.16"", ""QB"", ""QB"", ""QB"", ""10.68"", ""23.28"", ""Taylor Heinicke"", """"]",4,6,88.76,47.68
2021,14,1,0,right,Pop Lockett Drop it,malle_dips_pouches,2021-W14-M04,Taylor Heinicke,QB,QB,True,False,False,23.28,10.68,,Taylor Heinicke,QB,"["""", ""Teddy Bridgewater"", ""24.19"", ""19.16"", ""QB"", ""QB"", ""QB"", ""10.68"", ""23.28"", ""Taylor Heinicke"", """"]",4,6,47.68,88.76
2021,14,1,1,left,malle_dips_pouches,Pop Lockett Drop it,2021-W14-M04,Hollywood Brown,WR,WR,True,False,False,12.38,6.6,,Hollywood Brown,WR,"["""", ""Hollywood Brown"", ""12.38"", ""6.60"", ""WR"", ""WR"", ""WR"", ""9.10"", ""12.90"", ""Mike Williams"", """"]",4,6,88.76,47.68
2021,14,1,1,right,Pop Lockett Drop it,malle_dips_pouches,2021-W14-M04,Mike Williams,WR,WR,True,False,False,12.9,9.1,,Mike Williams,WR,"["""", ""Hollywood Brown"", ""12.38"", ""6.60"", ""WR"", ""WR"", ""WR"", ""9.10"", ""12.90"", ""Mike Williams"", """"]",4,6,47.68,88.76
2021,14,1,2,left,malle_dips_pouches,Pop Lockett Drop it,2021-W14-M04,Michael Gallup,WR,WR,True,False,False,9.84,8.5,,Michael Gallup,WR,"["""", ""Michael Gallup"", ""9.84"", ""8.50"", ""WR"", ""WR"", ""WR"", ""7.20"", ""11.66"", ""Jerry Jeudy "", """"]",4,6,88.76,47.68
2021,14,1,2,right,Pop Lockett Drop it,malle_dips_pouches,2021-W14-M04,Jerry Jeudy,WR,WR,True,False,False,11.66,7.2,,Jerry Jeudy ,WR,"["""", ""Michael Gallup"", ""9.84"", ""8.50"", ""WR"", ""WR"", ""WR"", ""7.20"", ""11.66"", ""Jerry Jeudy "", """"]",4,6,47.68,88.76
2021,14,1,3,left,malle_dips_pouches,Pop Lockett Drop it,2021-W14-M04,Austin Ekeler,RB,RB,True,False,False,16.97,15.4,,Austin Ekeler,RB,"["""", ""Austin Ekeler"", ""16.97"", ""15.40"", ""RB"", ""RB"", ""RB"", ""0.00"", ""0.00"", ""D'Andre Swift"", """"]",4,6,88.76,47.68
2021,14,1,3,right,Pop Lockett Drop it,malle_dips_pouches,2021-W14-M04,D'Andre Swift,RB,RB,True,False,False,0.0,0.0,,D'Andre Swift,RB,"["""", ""Austin Ekeler"", ""16.97"", ""15.40"", ""RB"", ""RB"", ""RB"", ""0.00"", ""0.00"", ""D'Andre Swift"", """"]",4,6,47.68,88.76
2021,14,1,4,left,malle_dips_pouches,Pop Lockett Drop it,2021-W14-M04,Jermar Jefferson,RB,RB,True,False,False,8.4,0.0,,Jermar Jefferson,RB,"["""", ""Jermar Jefferson"", ""8.40"", ""0.00"", ""RB"", ""RB"", ""RB"", ""9.70"", ""11.14"", ""Devonta Freeman"", """"]",4,6,88.76,47.68
2021,14,1,4,right,Pop Lockett Drop it,malle_dips_pouches,2021-W14-M04,Devonta Freeman,RB,RB,True,False,False,11.14,9.7,,Devonta Freeman,RB,"["""", ""Jermar Jefferson"", ""8.40"", ""0.00"", ""RB"", ""RB"", ""RB"", ""9.70"", ""11.14"", ""Devonta Freeman"", """"]",4,6,47.68,88.76
2021,14,1,5,left,malle_dips_pouches,Pop Lockett Drop it,2021-W14-M04,Travis Kelce,TE,TE,True,False,False,16.76,4.2,,Travis Kelce,TE,"["""", ""Travis Kelce"", ""16.76"", ""4.20"", ""TE"", ""TE"", ""TE"", ""0.00"", ""0.00"", ""Logan Thomas"", """"]",4,6,88.76,47.68
2021,14,1,5,right,Pop Lockett Drop it,malle_dips_pouches,2021-W14-M04,Logan Thomas,TE,TE,True,False,False,0.0,0.0,,Logan Thomas,TE,"["""", ""Travis Kelce"", ""16.76"", ""4.20"", ""TE"", ""TE"", ""TE"", ""0.00"", ""0.00"", ""Logan Thomas"", """"]",4,6,47.68,88.76
2021,14,1,6,left,malle_dips_pouches,Pop Lockett Drop it,2021-W14-M04,Stefon Diggs,,W/R/T,True,False,False,15.61,10.9,,Stefon Diggs ,W/R/T,"["""", ""Stefon Diggs "", ""15.61"", ""10.90"", ""W/R/T"", ""W/R/T"", ""W/R/T"", ""10.00"", ""8.17"", ""Marvin Jones Jr."", """"]",4,6,88.76,47.68
2021,14,1,6,right,Pop Lockett Drop it,malle_dips_pouches,2021-W14-M04,Marvin Jones Jr.,,W/R/T,True,False,False,8.17,10.0,,Marvin Jones Jr.,W/R/T,"["""", ""Stefon Diggs "", ""15.61"", ""10.90"", ""W/R/T"", ""W/R/T"", ""W/R/T"", ""10.00"", ""8.17"", ""Marvin Jones Jr."", """"]",4,6,47.68,88.76
2021,14,1,7,left,malle_dips_pouches,Pop Lockett Drop it,2021-W14-M04,Daniel Carlson,K,K,True,False,False,8.88,3.0,,Daniel Carlson,K,"["""", ""Daniel Carlson"", ""8.88"", ""3.00"", ""K"", ""K"", ""K"", ""0.00"", ""0.00"", ""Jason Sanders"", """"]",4,6,88.76,47.68
2021,14,1,7,right,Pop Lockett Drop it,malle_dips_pouches,2021-W14-M04,Jason Sanders,K,K,True,False,False,0.0,0.0,,Jason Sanders,K,"["""", ""Daniel Carlson"", ""8.88"", ""3.00"", ""K"", ""K"", ""K"", ""0.00"", ""0.00"", ""Jason Sanders"", """"]",4,6,47.68,88.76
2021,14,1,8,left,malle_dips_pouches,Pop Lockett Drop it,2021-W14-M04,Titans - DEF,DEF,DEF,True,False,False,8.76,21.0,,Titans - DEF,DEF,"["""", ""Titans - DEF"", ""8.76"", ""21.00"", ""DEF"", ""DEF"", ""DEF"", ""1.00"", ""4.71"", ""Bills - DEF"", """"]",4,6,88.76,47.68
2021,14,1,8,right,Pop Lockett Drop it,malle_dips_pouches,2021-W14-M04,Bills - DEF,DEF,DEF,True,False,False,4.71,1.0,,Bills - DEF,DEF,"["""", ""Titans - DEF"", ""8.76"", ""21.00"", ""DEF"", ""DEF"", ""DEF"", ""1.00"", ""4.71"", ""Bills - DEF"", """"]",4,6,47.68,88.76
2021,14,2,0,left,malle_dips_pouches,Pop Lockett Drop it,2021-W14-M04,Jamaal Williams,,BN,False,True,False,0.0,0.0,,Jamaal Williams,BN,"["""", ""Jamaal Williams"", ""0.00"", ""0.00"", ""BN"", ""BN"", ""BN"", ""20.00"", ""15.79"", ""Aaron Jones Sr."", """"]",4,6,88.76,47.68
2021,14,2,0,right,Pop Lockett Drop it,malle_dips_pouches,2021-W14-M04,Aaron Jones Sr.,,BN,False,True,False,15.79,20.0,,Aaron Jones Sr.,BN,"["""", ""Jamaal Williams"", ""0.00"", ""0.00"", ""BN"", ""BN"", ""BN"", ""20.00"", ""15.79"", ""Aaron Jones Sr."", """"]",4,6,47.68,88.76
2021,14,2,1,left,malle_dips_pouches,Pop Lockett Drop it,2021-W14-M04,Darnell Mooney,,BN,False,True,False,9.08,2.4,,Darnell Mooney,BN,"["""", ""Darnell Mooney"", ""9.08"", ""2.40"", ""BN"", ""BN"", ""BN"", ""16.54"", ""22.41"", ""Ryan Tannehill"", """"]",4,6,88.76,47.68
2021,14,2,1,right,Pop Lockett Drop it,malle_dips_pouches,2021-W14-M04,Ryan Tannehill,,BN,False,True,False,22.41,16.54,,Ryan Tannehill,BN,"["""", ""Darnell Mooney"", ""9.08"", ""2.40"", ""BN"", ""BN"", ""BN"", ""16.54"", ""22.41"", ""Ryan Tannehill"", """"]",4,6,47.68,88.76
2021,14,2,2,left,malle_dips_pouches,Pop Lockett Drop it,2021-W14-M04,Robbie Chosen,,BN,False,True,False,6.65,17.9,,Robbie Chosen,BN,"["""", ""Robbie Chosen"", ""6.65"", ""17.90"", ""BN"", ""BN"", ""BN"", ""8.30"", ""8.89"", ""Tyler Boyd"", """"]",4,6,88.76,47.68
2021,14,2,2,right,Pop Lockett Drop it,malle_dips_pouches,2021-W14-M04,Tyler Boyd,,BN,False,True,False,8.89,8.3,,Tyler Boyd,BN,"["""", ""Robbie Chosen"", ""6.65"", ""17.90"", ""BN"", ""BN"", ""BN"", ""8.30"", ""8.89"", ""Tyler Boyd"", """"]",4,6,47.68,88.76
2021,14,2,3,left,malle_dips_pouches,Pop Lockett Drop it,2021-W14-M04,Courtland Sutton,,BN,False,True,False,11.62,1.4,,Courtland Sutton,BN,"["""", ""Courtland Sutton"", ""11.62"", ""1.40"", ""BN"", ""BN"", ""BN"", ""–"", ""0.00"", ""A.J. Brown"", """"]",4,6,88.76,47.68
2021,14,2,3,right,Pop Lockett Drop it,malle_dips_pouches,2021-W14-M04,A.J. Brown,,BN,False,True,False,0.0,,,A.J. Brown,BN,"["""", ""Courtland Sutton"", ""11.62"", ""1.40"", ""BN"", ""BN"", ""BN"", ""–"", ""0.00"", ""A.J. Brown"", """"]",4,6,47.68,88.76
2021,14,2,4,left,malle_dips_pouches,Pop Lockett Drop it,2021-W14-M04,DeVante Parker,,BN,False,True,False,0.0,,,DeVante Parker,BN,"["""", ""DeVante Parker"", ""0.00"", ""–"", ""BN"", ""BN"", ""BN"", ""29.00"", ""14.44"", ""James Conner"", """"]",4,6,88.76,47.68
2021,14,2,4,right,Pop Lockett Drop it,malle_dips_pouches,2021-W14-M04,James Conner,,BN,False,True,False,14.44,29.0,,James Conner,BN,"["""", ""DeVante Parker"", ""0.00"", ""–"", ""BN"", ""BN"", ""BN"", ""29.00"", ""14.44"", ""James Conner"", """"]",4,6,47.68,88.76
2021,14,2,5,left,malle_dips_pouches,Pop Lockett Drop it,2021-W14-M04,Russell Gage Jr.,,BN,False,True,False,9.72,8.4,,Russell Gage Jr.,BN,"["""", ""Russell Gage Jr."", ""9.72"", ""8.40"", ""BN"", ""BN"", ""BN"", ""2.80"", ""9.83"", ""Kareem Hunt"", """"]",4,6,88.76,47.68
2021,14,2,5,right,Pop Lockett Drop it,malle_dips_pouches,2021-W14-M04,Kareem Hunt,,BN,False,True,False,9.83,2.8,,Kareem Hunt,BN,"["""", ""Russell Gage Jr."", ""9.72"", ""8.40"", ""BN"", ""BN"", ""BN"", ""2.80"", ""9.83"", ""Kareem Hunt"", """"]",4,6,47.68,88.76
2021,14,1,0,left,Week 14 Recap (Won),Post Mahomes,2021-W14-M05,Kyler Murray,QB,QB,True,False,False,27.81,19.42,,Kyler Murray ,QB,"["""", ""Kyler Murray "", ""27.81"", ""19.42"", ""QB"", ""QB"", ""QB"", ""24.32"", ""29.26"", ""Patrick Mahomes "", """"]",5,7,115.22,97.62
2021,14,1,0,right,Post Mahomes,Week 14 Recap (Won),2021-W14-M05,Patrick Mahomes,QB,QB,True,False,False,29.26,24.32,,Patrick Mahomes ,QB,"["""", ""Kyler Murray "", ""27.81"", ""19.42"", ""QB"", ""QB"", ""QB"", ""24.32"", ""29.26"", ""Patrick Mahomes "", """"]",5,7,97.62,115.22
2021,14,1,1,left,Week 14 Recap (Won),Post Mahomes,2021-W14-M05,Brandin Cooks,WR,WR,True,False,False,11.2,14.1,,Brandin Cooks,WR,"["""", ""Brandin Cooks"", ""11.20"", ""14.10"", ""WR"", ""WR"", ""WR"", ""4.40"", ""7.60"", ""Marquez Callaway"", """"]",5,7,115.22,97.62
2021,14,1,1,right,Post Mahomes,Week 14 Recap (Won),2021-W14-M05,Marquez Callaway,WR,WR,True,False,False,7.6,4.4,,Marquez Callaway,WR,"["""", ""Brandin Cooks"", ""11.20"", ""14.10"", ""WR"", ""WR"", ""WR"", ""4.40"", ""7.60"", ""Marquez Callaway"", """"]",5,7,97.62,115.22
2021,14,1,2,left,Week 14 Recap (Won),Post Mahomes,2021-W14-M05,CeeDee Lamb,WR,WR,True,False,False,14.45,11.1,,CeeDee Lamb,WR,"["""", ""CeeDee Lamb"", ""14.45"", ""11.10"", ""WR"", ""WR"", ""WR"", ""3.00"", ""8.85"", ""Emmanuel Sanders"", """"]",5,7,115.22,97.62
2021,14,1,2,right,Post Mahomes,Week 14 Recap (Won),2021-W14-M05,Emmanuel Sanders,WR,WR,True,False,False,8.85,3.0,,Emmanuel Sanders,WR,"["""", ""CeeDee Lamb"", ""14.45"", ""11.10"", ""WR"", ""WR"", ""WR"", ""3.00"", ""8.85"", ""Emmanuel Sanders"", """"]",5,7,97.62,115.22
2021,14,1,3,left,Week 14 Recap (Won),Post Mahomes,2021-W14-M05,Saquon Barkley,RB,RB,True,False,False,15.04,17.0,,Saquon Barkley,RB,"["""", ""Saquon Barkley"", ""15.04"", ""17.00"", ""RB"", ""RB"", ""RB"", ""7.50"", ""13.36"", ""Josh Jacobs"", """"]",5,7,115.22,97.62
2021,14,1,3,right,Post Mahomes,Week 14 Recap (Won),2021-W14-M05,Josh Jacobs,RB,RB,True,False,False,13.36,7.5,,Josh Jacobs,RB,"["""", ""Saquon Barkley"", ""15.04"", ""17.00"", ""RB"", ""RB"", ""RB"", ""7.50"", ""13.36"", ""Josh Jacobs"", """"]",5,7,97.62,115.22
2021,14,1,4,left,Week 14 Recap (Won),Post Mahomes,2021-W14-M05,Dontrell Hilliard,RB,RB,True,False,False,7.75,1.3,,Dontrell Hilliard,RB,"["""", ""Dontrell Hilliard"", ""7.75"", ""1.30"", ""RB"", ""RB"", ""RB"", ""0.40"", ""12.24"", ""James Robinson"", """"]",5,7,115.22,97.62
2021,14,1,4,right,Post Mahomes,Week 14 Recap (Won),2021-W14-M05,James Robinson,RB,RB,True,False,False,12.24,0.4,,James Robinson,RB,"["""", ""Dontrell Hilliard"", ""7.75"", ""1.30"", ""RB"", ""RB"", ""RB"", ""0.40"", ""12.24"", ""James Robinson"", """"]",5,7,97.62,115.22
2021,14,1,5,left,Week 14 Recap (Won),Post Mahomes,2021-W14-M05,Kyle Pitts Sr.,TE,TE,True,False,False,8.57,8.6,,Kyle Pitts Sr.,TE,"["""", ""Kyle Pitts Sr."", ""8.57"", ""8.60"", ""TE"", ""TE"", ""TE"", ""0.90"", ""9.34"", ""Dalton Schultz"", """"]",5,7,115.22,97.62
2021,14,1,5,right,Post Mahomes,Week 14 Recap (Won),2021-W14-M05,Dalton Schultz,TE,TE,True,False,False,9.34,0.9,,Dalton Schultz,TE,"["""", ""Kyle Pitts Sr."", ""8.57"", ""8.60"", ""TE"", ""TE"", ""TE"", ""0.90"", ""9.34"", ""Dalton Schultz"", """"]",5,7,97.62,115.22
2021,14,1,6,left,Week 14 Recap (Won),Post Mahomes,2021-W14-M05,Odell Beckham Jr.,,W/R/T,True,False,False,10.82,16.7,,Odell Beckham Jr.,W/R/T,"["""", ""Odell Beckham Jr."", ""10.82"", ""16.70"", ""W/R/T"", ""W/R/T"", ""W/R/T"", ""23.10"", ""8.54"", ""Melvin Gordon III"", """"]",5,7,115.22,97.62
2021,14,1,6,right,Post Mahomes,Week 14 Recap (Won),2021-W14-M05,Melvin Gordon III,,W/R/T,True,False,False,8.54,23.1,,Melvin Gordon III,W/R/T,"["""", ""Odell Beckham Jr."", ""10.82"", ""16.70"", ""W/R/T"", ""W/R/T"", ""W/R/T"", ""23.10"", ""8.54"", ""Melvin Gordon III"", """"]",5,7,97.62,115.22
2021,14,1,7,left,Week 14 Recap (Won),Post Mahomes,2021-W14-M05,Matt Gay,K,K,True,False,False,8.79,14.0,,Matt Gay,K,"["""", ""Matt Gay"", ""8.79"", ""14.00"", ""K"", ""K"", ""K"", ""12.00"", ""7.12"", ""Younghoe Koo"", """"]",5,7,115.22,97.62
2021,14,1,7,right,Post Mahomes,Week 14 Recap (Won),2021-W14-M05,Younghoe Koo,K,K,True,False,False,7.12,12.0,,Younghoe Koo,K,"["""", ""Matt Gay"", ""8.79"", ""14.00"", ""K"", ""K"", ""K"", ""12.00"", ""7.12"", ""Younghoe Koo"", """"]",5,7,97.62,115.22
2021,14,1,8,left,Week 14 Recap (Won),Post Mahomes,2021-W14-M05,Packers - DEF,DEF,DEF,True,False,False,8.94,13.0,,Packers - DEF,DEF,"["""", ""Packers - DEF"", ""8.94"", ""13.00"", ""DEF"", ""DEF"", ""DEF"", ""22.00"", ""6.37"", ""Cowboys - DEF"", """"]",5,7,115.22,97.62
2021,14,1,8,right,Post Mahomes,Week 14 Recap (Won),2021-W14-M05,Cowboys - DEF,DEF,DEF,True,False,False,6.37,22.0,,Cowboys - DEF,DEF,"["""", ""Packers - DEF"", ""8.94"", ""13.00"", ""DEF"", ""DEF"", ""DEF"", ""22.00"", ""6.37"", ""Cowboys - DEF"", """"]",5,7,97.62,115.22
2021,14,2,0,left,Week 14 Recap (Won),Post Mahomes,2021-W14-M05,Tony Pollard,,BN,False,True,False,0.0,0.0,,Tony Pollard,BN,"["""", ""Tony Pollard"", ""0.00"", ""0.00"", ""BN"", ""BN"", ""BN"", ""–"", ""0.00"", ""Dallas Goedert"", """"]",5,7,115.22,97.62
2021,14,2,0,right,Post Mahomes,Week 14 Recap (Won),2021-W14-M05,Dallas Goedert,,BN,False,True,False,0.0,,,Dallas Goedert,BN,"["""", ""Tony Pollard"", ""0.00"", ""0.00"", ""BN"", ""BN"", ""BN"", ""–"", ""0.00"", ""Dallas Goedert"", """"]",5,7,97.62,115.22
2021,14,2,1,left,Week 14 Recap (Won),Post Mahomes,2021-W14-M05,Jonathan Taylor,,BN,False,True,False,0.0,,,Jonathan Taylor,BN,"["""", ""Jonathan Taylor"", ""0.00"", ""–"", ""BN"", ""BN"", ""BN"", ""0.00"", ""0.00"", ""Kenyan Drake"", """"]",5,7,115.22,97.62
2021,14,2,1,right,Post Mahomes,Week 14 Recap (Won),2021-W14-M05,Kenyan Drake,,BN,False,True,False,0.0,0.0,,Kenyan Drake,BN,"["""", ""Jonathan Taylor"", ""0.00"", ""–"", ""BN"", ""BN"", ""BN"", ""0.00"", ""0.00"", ""Kenyan Drake"", """"]",5,7,97.62,115.22
2021,14,2,2,left,Week 14 Recap (Won),Post Mahomes,2021-W14-M05,Darrel Williams,,BN,False,True,False,7.44,11.4,,Darrel Williams,BN,"["""", ""Darrel Williams"", ""7.44"", ""11.40"", ""BN"", ""BN"", ""BN"", ""11.40"", ""11.80"", ""DJ Moore"", """"]",5,7,115.22,97.62
2021,14,2,2,right,Post Mahomes,Week 14 Recap (Won),2021-W14-M05,DJ Moore,,BN,False,True,False,11.8,11.4,,DJ Moore,BN,"["""", ""Darrel Williams"", ""7.44"", ""11.40"", ""BN"", ""BN"", ""BN"", ""11.40"", ""11.80"", ""DJ Moore"", """"]",5,7,97.62,115.22
2021,14,2,3,left,Week 14 Recap (Won),Post Mahomes,2021-W14-M05,Julio Jones,,BN,False,True,False,9.86,5.3,,Julio Jones,BN,"["""", ""Julio Jones"", ""9.86"", ""5.30"", ""BN"", ""BN"", ""BN"", ""6.90"", ""4.24"", ""Mecole Hardman Jr."", """"]",5,7,115.22,97.62
2021,14,2,3,right,Post Mahomes,Week 14 Recap (Won),2021-W14-M05,Mecole Hardman Jr.,,BN,False,True,False,4.24,6.9,,Mecole Hardman Jr.,BN,"["""", ""Julio Jones"", ""9.86"", ""5.30"", ""BN"", ""BN"", ""BN"", ""6.90"", ""4.24"", ""Mecole Hardman Jr."", """"]",5,7,97.62,115.22
2021,14,2,4,left,Week 14 Recap (Won),Post Mahomes,2021-W14-M05,Ameer Abdullah,,BN,False,True,False,5.6,4.3,,Ameer Abdullah,BN,"["""", ""Ameer Abdullah"", ""5.60"", ""4.30"", ""BN"", ""BN"", ""BN"", ""0.00"", ""0.00"", ""Corey Davis"", """"]",5,7,115.22,97.62
2021,14,2,4,right,Post Mahomes,Week 14 Recap (Won),2021-W14-M05,Corey Davis,,BN,False,True,False,0.0,0.0,,Corey Davis,BN,"["""", ""Ameer Abdullah"", ""5.60"", ""4.30"", ""BN"", ""BN"", ""BN"", ""0.00"", ""0.00"", ""Corey Davis"", """"]",5,7,97.62,115.22
2021,14,2,5,left,Week 14 Recap (Won),Post Mahomes,2021-W14-M05,Rams - DEF,,BN,False,True,False,5.29,8.0,,Rams - DEF,BN,"["""", ""Rams - DEF"", ""5.29"", ""8.00"", ""BN"", ""BN"", ""BN"", ""0.00"", ""6.22"", ""Steelers - DEF"", """"]",5,7,115.22,97.62
2021,14,2,5,right,Post Mahomes,Week 14 Recap (Won),2021-W14-M05,Steelers - DEF,,BN,False,True,False,6.22,0.0,,Steelers - DEF,BN,"["""", ""Rams - DEF"", ""5.29"", ""8.00"", ""BN"", ""BN"", ""BN"", ""0.00"", ""6.22"", ""Steelers - DEF"", """"]",5,7,97.62,115.22
2021,14,2,6,left,Week 14 Recap (Won),Post Mahomes,2021-W14-M05,Michael Carter,,IR,False,False,True,0.0,0.0,,Michael Carter,IR,"["""", ""Michael Carter"", ""0.00"", ""0.00"", ""IR"", ""IR"", ""IR"", ""–"", ""0.00"", ""(Empty)"", """"]",5,7,115.22,97.62
2021,14,2,6,right,Post Mahomes,Week 14 Recap (Won),2021-W14-M05,(Empty),,IR,False,False,True,0.0,,,(Empty),IR,"["""", ""Michael Carter"", ""0.00"", ""0.00"", ""IR"", ""IR"", ""IR"", ""–"", ""0.00"", ""(Empty)"", """"]",5,7,97.62,115.22
2021,14,1,0,left,Patty Primetimes,Ginger FC,2021-W14-M06,Aaron Rodgers,QB,QB,True,False,False,28.23,37.64,,Aaron Rodgers,QB,"["""", ""Aaron Rodgers"", ""28.23"", ""37.64"", ""QB"", ""QB"", ""QB"", ""40.22"", ""26.72"", ""Josh Allen "", """"]",6,8,136.14,138.52
2021,14,1,0,right,Ginger FC,Patty Primetimes,2021-W14-M06,Josh Allen,QB,QB,True,False,False,26.72,40.22,,Josh Allen ,QB,"["""", ""Aaron Rodgers"", ""28.23"", ""37.64"", ""QB"", ""QB"", ""QB"", ""40.22"", ""26.72"", ""Josh Allen "", """"]",6,8,138.52,136.14
2021,14,1,1,left,Patty Primetimes,Ginger FC,2021-W14-M06,DK Metcalf,WR,WR,True,False,False,13.19,6.3,,DK Metcalf ,WR,"["""", ""DK Metcalf "", ""13.19"", ""6.30"", ""WR"", ""WR"", ""WR"", ""13.90"", ""11.28"", ""Tee Higgins"", """"]",6,8,136.14,138.52
2021,14,1,1,right,Ginger FC,Patty Primetimes,2021-W14-M06,Tee Higgins,WR,WR,True,False,False,11.28,13.9,,Tee Higgins,WR,"["""", ""DK Metcalf "", ""13.19"", ""6.30"", ""WR"", ""WR"", ""WR"", ""13.90"", ""11.28"", ""Tee Higgins"", """"]",6,8,138.52,136.14
2021,14,1,2,left,Patty Primetimes,Ginger FC,2021-W14-M06,DeAndre Hopkins,WR,WR,True,False,False,12.14,7.9,,DeAndre Hopkins,WR,"["""", ""DeAndre Hopkins"", ""12.14"", ""7.90"", ""WR"", ""WR"", ""WR"", ""3.40"", ""11.15"", ""Jamison Crowder"", """"]",6,8,136.14,138.52
2021,14,1,2,right,Ginger FC,Patty Primetimes,2021-W14-M06,Jamison Crowder,WR,WR,True,False,False,11.15,3.4,,Jamison Crowder,WR,"["""", ""DeAndre Hopkins"", ""12.14"", ""7.90"", ""WR"", ""WR"", ""WR"", ""3.40"", ""11.15"", ""Jamison Crowder"", """"]",6,8,138.52,136.14
2021,14,1,3,left,Patty Primetimes,Ginger FC,2021-W14-M06,Leonard Fournette,RB,RB,True,False,False,16.93,21.2,,Leonard Fournette,RB,"["""", ""Leonard Fournette"", ""16.93"", ""21.20"", ""RB"", ""RB"", ""RB"", ""17.70"", ""11.67"", ""Clyde Edwards-Helaire"", """"]",6,8,136.14,138.52
2021,14,1,3,right,Ginger FC,Patty Primetimes,2021-W14-M06,Clyde Edwards-Helaire,RB,RB,True,False,False,11.67,17.7,,Clyde Edwards-Helaire,RB,"["""", ""Leonard Fournette"", ""16.93"", ""21.20"", ""RB"", ""RB"", ""RB"", ""17.70"", ""11.67"", ""Clyde Edwards-Helaire"", """"]",6,8,138.52,136.14
2021,14,1,4,left,Patty Primetimes,Ginger FC,2021-W14-M06,Javonte Williams,RB,RB,True,False,False,12.24,20.8,,Javonte Williams,RB,"["""", ""Javonte Williams"", ""12.24"", ""20.80"", ""RB"", ""RB"", ""RB"", ""8.60"", ""8.61"", ""Rex Burkhead"", """"]",6,8,136.14,138.52
2021,14,1,4,right,Ginger FC,Patty Primetimes,2021-W14-M06,Rex Burkhead,RB,RB,True,False,False,8.61,8.6,,Rex Burkhead,RB,"["""", ""Javonte Williams"", ""12.24"", ""20.80"", ""RB"", ""RB"", ""RB"", ""8.60"", ""8.61"", ""Rex Burkhead"", """"]",6,8,138.52,136.14
2021,14,1,5,left,Patty Primetimes,Ginger FC,2021-W14-M06,Rob Gronkowski,TE,TE,True,False,False,11.81,8.7,,Rob Gronkowski,TE,"["""", ""Rob Gronkowski"", ""11.81"", ""8.70"", ""TE"", ""TE"", ""TE"", ""10.20"", ""8.28"", ""Pat Freiermuth"", """"]",6,8,136.14,138.52
2021,14,1,5,right,Ginger FC,Patty Primetimes,2021-W14-M06,Pat Freiermuth,TE,TE,True,False,False,8.28,10.2,,Pat Freiermuth,TE,"["""", ""Rob Gronkowski"", ""11.81"", ""8.70"", ""TE"", ""TE"", ""TE"", ""10.20"", ""8.28"", ""Pat Freiermuth"", """"]",6,8,138.52,136.14
2021,14,1,6,left,Patty Primetimes,Ginger FC,2021-W14-M06,Amari Cooper,,W/R/T,True,False,False,12.11,13.6,,Amari Cooper,W/R/T,"["""", ""Amari Cooper"", ""12.11"", ""13.60"", ""W/R/T"", ""W/R/T"", ""W/R/T"", ""22.50"", ""16.67"", ""Alvin Kamara"", """"]",6,8,136.14,138.52
2021,14,1,6,right,Ginger FC,Patty Primetimes,2021-W14-M06,Alvin Kamara,,W/R/T,True,False,False,16.67,22.5,,Alvin Kamara,W/R/T,"["""", ""Amari Cooper"", ""12.11"", ""13.60"", ""W/R/T"", ""W/R/T"", ""W/R/T"", ""22.50"", ""16.67"", ""Alvin Kamara"", """"]",6,8,138.52,136.14
2021,14,1,7,left,Patty Primetimes,Ginger FC,2021-W14-M06,Greg Joseph,K,K,True,False,False,8.81,13.0,,Greg Joseph,K,"["""", ""Greg Joseph"", ""8.81"", ""13.00"", ""K"", ""K"", ""K"", ""16.00"", ""9.45"", ""Matt Prater"", """"]",6,8,136.14,138.52
2021,14,1,7,right,Ginger FC,Patty Primetimes,2021-W14-M06,Matt Prater,K,K,True,False,False,9.45,16.0,,Matt Prater,K,"["""", ""Greg Joseph"", ""8.81"", ""13.00"", ""K"", ""K"", ""K"", ""16.00"", ""9.45"", ""Matt Prater"", """"]",6,8,138.52,136.14
2021,14,1,8,left,Patty Primetimes,Ginger FC,2021-W14-M06,Saints - DEF,DEF,DEF,True,False,False,8.63,7.0,,Saints - DEF,DEF,"["""", ""Saints - DEF"", ""8.63"", ""7.00"", ""DEF"", ""DEF"", ""DEF"", ""6.00"", ""8.68"", ""Chargers - DEF"", """"]",6,8,136.14,138.52
2021,14,1,8,right,Ginger FC,Patty Primetimes,2021-W14-M06,Chargers - DEF,DEF,DEF,True,False,False,8.68,6.0,,Chargers - DEF,DEF,"["""", ""Saints - DEF"", ""8.63"", ""7.00"", ""DEF"", ""DEF"", ""DEF"", ""6.00"", ""8.68"", ""Chargers - DEF"", """"]",6,8,138.52,136.14
2021,14,2,0,left,Patty Primetimes,Ginger FC,2021-W14-M06,Ezekiel Elliott,,BN,False,True,False,15.55,8.5,,Ezekiel Elliott,BN,"["""", ""Ezekiel Elliott"", ""15.55"", ""8.50"", ""BN"", ""BN"", ""BN"", ""0.00"", ""0.00"", ""Mike Gesicki"", """"]",6,8,136.14,138.52
2021,14,2,0,right,Ginger FC,Patty Primetimes,2021-W14-M06,Mike Gesicki,,BN,False,True,False,0.0,0.0,,Mike Gesicki,BN,"["""", ""Ezekiel Elliott"", ""15.55"", ""8.50"", ""BN"", ""BN"", ""BN"", ""0.00"", ""0.00"", ""Mike Gesicki"", """"]",6,8,138.52,136.14
2021,14,2,1,left,Patty Primetimes,Ginger FC,2021-W14-M06,Derek Carr,,BN,False,True,False,22.73,13.52,,Derek Carr,BN,"["""", ""Derek Carr"", ""22.73"", ""13.52"", ""BN"", ""BN"", ""BN"", ""–"", ""0.00"", ""DeVonta Smith"", """"]",6,8,136.14,138.52
2021,14,2,1,right,Ginger FC,Patty Primetimes,2021-W14-M06,DeVonta Smith,,BN,False,True,False,0.0,,,DeVonta Smith,BN,"["""", ""Derek Carr"", ""22.73"", ""13.52"", ""BN"", ""BN"", ""BN"", ""–"", ""0.00"", ""DeVonta Smith"", """"]",6,8,138.52,136.14
2021,14,2,2,left,Patty Primetimes,Ginger FC,2021-W14-M06,Deonte Harty,,BN,False,True,False,1.28,0.0,,Deonte Harty,BN,"["""", ""Deonte Harty"", ""1.28"", ""0.00"", ""BN"", ""BN"", ""BN"", ""2.20"", ""7.50"", ""Alex Collins"", """"]",6,8,136.14,138.52
2021,14,2,2,right,Ginger FC,Patty Primetimes,2021-W14-M06,Alex Collins,,BN,False,True,False,7.5,2.2,,Alex Collins,BN,"["""", ""Deonte Harty"", ""1.28"", ""0.00"", ""BN"", ""BN"", ""BN"", ""2.20"", ""7.50"", ""Alex Collins"", """"]",6,8,138.52,136.14
2021,14,2,3,left,Patty Primetimes,Ginger FC,2021-W14-M06,Devin Singletary,,BN,False,True,False,8.56,11.9,,Devin Singletary,BN,"["""", ""Devin Singletary"", ""8.56"", ""11.90"", ""BN"", ""BN"", ""BN"", ""3.10"", ""7.38"", ""Rondale Moore"", """"]",6,8,136.14,138.52
2021,14,2,3,right,Ginger FC,Patty Primetimes,2021-W14-M06,Rondale Moore,,BN,False,True,False,7.38,3.1,,Rondale Moore,BN,"["""", ""Devin Singletary"", ""8.56"", ""11.90"", ""BN"", ""BN"", ""BN"", ""3.10"", ""7.38"", ""Rondale Moore"", """"]",6,8,138.52,136.14
2021,14,2,4,left,Patty Primetimes,Ginger FC,2021-W14-M06,Zach Ertz,,BN,False,True,False,8.3,6.7,,Zach Ertz,BN,"["""", ""Zach Ertz"", ""8.30"", ""6.70"", ""BN"", ""BN"", ""BN"", ""2.00"", ""8.49"", ""Chris Boswell"", """"]",6,8,136.14,138.52
2021,14,2,4,right,Ginger FC,Patty Primetimes,2021-W14-M06,Chris Boswell,,BN,False,True,False,8.49,2.0,,Chris Boswell,BN,"["""", ""Zach Ertz"", ""8.30"", ""6.70"", ""BN"", ""BN"", ""BN"", ""2.00"", ""8.49"", ""Chris Boswell"", """"]",6,8,138.52,136.14
2021,14,2,5,left,Patty Primetimes,Ginger FC,2021-W14-M06,Van Jefferson,,BN,False,True,False,9.89,13.8,,Van Jefferson,BN,"["""", ""Van Jefferson"", ""9.89"", ""13.80"", ""BN"", ""BN"", ""BN"", ""–"", ""0.00"", ""Patriots - DEF"", """"]",6,8,136.14,138.52
2021,14,2,5,right,Ginger FC,Patty Primetimes,2021-W14-M06,Patriots - DEF,,BN,False,True,False,0.0,,,Patriots - DEF,BN,"["""", ""Van Jefferson"", ""9.89"", ""13.80"", ""BN"", ""BN"", ""BN"", ""–"", ""0.00"", ""Patriots - DEF"", """"]",6,8,138.52,136.14
2021,14,2,6,left,Patty Primetimes,Ginger FC,2021-W14-M06,(Empty),,IR,False,False,True,0.0,,,(Empty),IR,"["""", ""(Empty)"", ""0.00"", ""–"", ""IR"", ""IR"", ""IR"", ""0.00"", ""0.00"", ""Travis Etienne Jr."", """"]",6,8,136.14,138.52
2021,14,2,6,right,Ginger FC,Patty Primetimes,2021-W14-M06,Travis Etienne Jr.,,IR,False,False,True,0.0,0.0,,Travis Etienne Jr.,IR,"["""", ""(Empty)"", ""0.00"", ""–"", ""IR"", ""IR"", ""IR"", ""0.00"", ""0.00"", ""Travis Etienne Jr."", """"]",6,8,138.52,136.14
