year,week,table_index,row_index,side,fantasy_team,opponent,matchup_id,matchup_number,team_score,opponent_score,player,player_position,lineup_slot,is_starter,is_bench,is_ir,projected_points,fantasy_points,stat_summary,raw_player_text,raw_position,raw_cells,player_key,player_id,nfl_team,source
2022,1,,1,api,Big Sack Jack,Pop Lockett Drop it,2022-W01-05,5,105.02,100.0,Joe Burrow,QB,QB,True,False,False,,26.22,,Joe Burrow,QB,,414.p.32671,32671,Cin,yahoo_fantasy_api
2022,1,,2,api,Big Sack Jack,Pop Lockett Drop it,2022-W01-05,5,105.02,100.0,Tyreek Hill,WR,WR,True,False,False,,14.0,,Tyreek Hill,WR,,414.p.29399,29399,Mia,yahoo_fantasy_api
2022,1,,3,api,Big Sack Jack,Pop Lockett Drop it,2022-W01-05,5,105.02,100.0,DJ Moore,WR,WR,True,False,False,,6.5,,DJ Moore,WR,,414.p.30994,30994,Buf,yahoo_fantasy_api
2022,1,,4,api,Big Sack Jack,Pop Lockett Drop it,2022-W01-05,5,105.02,100.0,Dalvin Cook,RB,RB,True,False,False,,12.3,,Dalvin Cook,RB,,414.p.30154,30154,Dal,yahoo_fantasy_api
2022,1,,5,api,Big Sack Jack,Pop Lockett Drop it,2022-W01-05,5,105.02,100.0,AJ Dillon,RB,RB,True,False,False,,17.6,,AJ Dillon,RB,,414.p.32732,32732,Car,yahoo_fantasy_api
2022,1,,6,api,Big Sack Jack,Pop Lockett Drop it,2022-W01-05,5,105.02,100.0,Dawson Knox,TE,TE,True,False,False,,1.0,,Dawson Knox,TE,,414.p.31928,31928,Buf,yahoo_fantasy_api
2022,1,,7,api,Big Sack Jack,Pop Lockett Drop it,2022-W01-05,5,105.02,100.0,Amon-Ra St. Brown,WR,W/R/T,True,False,False,,16.4,,Amon-Ra St. Brown,WR,,414.p.33500,33500,Det,yahoo_fantasy_api
2022,1,,8,api,Big Sack Jack,Pop Lockett Drop it,2022-W01-05,5,105.02,100.0,Nyheim Miller-Hines,RB,BN,False,True,False,,8.4,,Nyheim Miller-Hines,RB,,414.p.31074,31074,LAC,yahoo_fantasy_api
2022,1,,9,api,Big Sack Jack,Pop Lockett Drop it,2022-W01-05,5,105.02,100.0,Derek Carr,QB,BN,False,True,False,,20.8,,Derek Carr,QB,,414.p.27564,27564,NO,yahoo_fantasy_api
2022,1,,10,api,Big Sack Jack,Pop Lockett Drop it,2022-W01-05,5,105.02,100.0,Khalil Herbert,RB,BN,False,True,False,,10.8,,Khalil Herbert,RB,,414.p.33605,33605,Atl,yahoo_fantasy_api
2022,1,,11,api,Big Sack Jack,Pop Lockett Drop it,2022-W01-05,5,105.02,100.0,Nico Collins,WR,BN,False,True,False,,3.6,,Nico Collins,WR,,414.p.33477,33477,Hou,yahoo_fantasy_api
2022,1,,12,api,Big Sack Jack,Pop Lockett Drop it,2022-W01-05,5,105.02,100.0,Hunter Henry,TE,BN,False,True,False,,3.0,,Hunter Henry,TE,,414.p.29269,29269,NE,yahoo_fantasy_api
2022,1,,13,api,Big Sack Jack,Pop Lockett Drop it,2022-W01-05,5,105.02,100.0,Justin Tucker,K,K,True,False,False,,6.0,,Justin Tucker,K,,414.p.26534,26534,Bal,yahoo_fantasy_api
2022,1,,14,api,Big Sack Jack,Pop Lockett Drop it,2022-W01-05,5,105.02,100.0,49ers,DEF,DEF,True,False,False,,5.0,,49ers,DEF,,414.p.100025,100025,SF,yahoo_fantasy_api
2022,1,,15,api,Big Sack Jack,Pop Lockett Drop it,2022-W01-05,5,105.02,100.0,Chiefs,DEF,BN,False,True,False,,3.0,,Chiefs,DEF,,414.p.100012,100012,KC,yahoo_fantasy_api
2022,1,,1,api,Ginger FC 🏆🏆,ThreatLevelMidnight,2022-W01-04,4,126.72,66.36,Kyler Murray,QB,QB,True,False,False,,24.62,,Kyler Murray,QB,,414.p.31833,31833,Min,yahoo_fantasy_api
2022,1,,2,api,Ginger FC 🏆🏆,ThreatLevelMidnight,2022-W01-04,4,126.72,66.36,Mike Williams,WR,WR,True,False,False,,2.0,,Mike Williams,WR,,414.p.30120,30120,Pit,yahoo_fantasy_api
2022,1,,3,api,Ginger FC 🏆🏆,ThreatLevelMidnight,2022-W01-04,4,126.72,66.36,Jerry Jeudy,WR,WR,True,False,False,,18.2,,Jerry Jeudy,WR,,414.p.32685,32685,Cle,yahoo_fantasy_api
2022,1,,4,api,Ginger FC 🏆🏆,ThreatLevelMidnight,2022-W01-04,4,126.72,66.36,Alvin Kamara,RB,RB,True,False,False,,6.1,,Alvin Kamara,RB,,414.p.30180,30180,NO,yahoo_fantasy_api
2022,1,,5,api,Ginger FC 🏆🏆,ThreatLevelMidnight,2022-W01-04,4,126.72,66.36,Leonard Fournette,RB,RB,True,False,False,,14.7,,Leonard Fournette,RB,,414.p.30117,30117,Buf,yahoo_fantasy_api
2022,1,,6,api,Ginger FC 🏆🏆,ThreatLevelMidnight,2022-W01-04,4,126.72,66.36,Travis Kelce,TE,TE,True,False,False,,22.1,,Travis Kelce,TE,,414.p.26686,26686,KC,yahoo_fantasy_api
2022,1,,7,api,Ginger FC 🏆🏆,ThreatLevelMidnight,2022-W01-04,4,126.72,66.36,Kareem Hunt,RB,W/R/T,True,False,False,,21.0,,Kareem Hunt,RB,,414.p.30199,30199,KC,yahoo_fantasy_api
2022,1,,8,api,Ginger FC 🏆🏆,ThreatLevelMidnight,2022-W01-04,4,126.72,66.36,Rhamondre Stevenson,RB,BN,False,True,False,,3.7,,Rhamondre Stevenson,RB,,414.p.33508,33508,NE,yahoo_fantasy_api
2022,1,,9,api,Ginger FC 🏆🏆,ThreatLevelMidnight,2022-W01-04,4,126.72,66.36,Tyler Lockett,WR,BN,False,True,False,,4.3,,Tyler Lockett,WR,,414.p.28457,28457,LV,yahoo_fantasy_api
2022,1,,10,api,Ginger FC 🏆🏆,ThreatLevelMidnight,2022-W01-04,4,126.72,66.36,Devin Duvernay,WR,BN,False,True,False,,19.4,,Devin Duvernay,WR,,414.p.32762,32762,Ari,yahoo_fantasy_api
2022,1,,11,api,Ginger FC 🏆🏆,ThreatLevelMidnight,2022-W01-04,4,126.72,66.36,DJ Chark,WR,BN,False,True,False,,13.2,,DJ Chark,WR,,414.p.31031,31031,Atl,yahoo_fantasy_api
2022,1,,12,api,Ginger FC 🏆🏆,ThreatLevelMidnight,2022-W01-04,4,126.72,66.36,Sammy Watkins,WR,BN,False,True,False,,3.3,,Sammy Watkins,WR,,414.p.27532,27532,Bal,yahoo_fantasy_api
2022,1,,13,api,Ginger FC 🏆🏆,ThreatLevelMidnight,2022-W01-04,4,126.72,66.36,Mark Ingram II,RB,BN,False,True,False,,0.8,,Mark Ingram II,RB,,414.p.24815,24815,NO,yahoo_fantasy_api
2022,1,,14,api,Ginger FC 🏆🏆,ThreatLevelMidnight,2022-W01-04,4,126.72,66.36,Daniel Carlson,K,K,True,False,False,,9.0,,Daniel Carlson,K,,414.p.31137,31137,NO,yahoo_fantasy_api
2022,1,,15,api,Ginger FC 🏆🏆,ThreatLevelMidnight,2022-W01-04,4,126.72,66.36,Rams,DEF,DEF,True,False,False,,9.0,,Rams,DEF,,414.p.100014,100014,LAR,yahoo_fantasy_api
2022,1,,1,api,Joe Mantegna,Post Mahomes,2022-W01-03,3,118.46,96.58,Justin Herbert,QB,QB,True,False,False,,29.26,,Justin Herbert,QB,,414.p.32676,32676,LAC,yahoo_fantasy_api
2022,1,,2,api,Joe Mantegna,Post Mahomes,2022-W01-03,3,118.46,96.58,Davante Adams,WR,WR,True,False,False,,25.1,,Davante Adams,WR,,414.p.27581,27581,LAR,yahoo_fantasy_api
2022,1,,3,api,Joe Mantegna,Post Mahomes,2022-W01-03,3,118.46,96.58,Courtland Sutton,WR,WR,True,False,False,,9.2,,Courtland Sutton,WR,,414.p.31010,31010,Den,yahoo_fantasy_api
2022,1,,4,api,Joe Mantegna,Post Mahomes,2022-W01-03,3,118.46,96.58,Aaron Jones Sr.,RB,RB,True,False,False,,9.1,,Aaron Jones Sr.,RB,,414.p.30295,30295,Min,yahoo_fantasy_api
2022,1,,5,api,Joe Mantegna,Post Mahomes,2022-W01-03,3,118.46,96.58,Breece Hall,RB,RB,True,False,False,,7.1,,Breece Hall,RB,,414.p.33991,33991,NYJ,yahoo_fantasy_api
2022,1,,6,api,Joe Mantegna,Post Mahomes,2022-W01-03,3,118.46,96.58,Dallas Goedert,TE,TE,True,False,False,,7.5,,Dallas Goedert,TE,,414.p.31019,31019,Phi,yahoo_fantasy_api
2022,1,,7,api,Joe Mantegna,Post Mahomes,2022-W01-03,3,118.46,96.58,Devin Singletary,RB,W/R/T,True,False,False,,7.2,,Devin Singletary,RB,,414.p.31906,31906,NYG,yahoo_fantasy_api
2022,1,,8,api,Joe Mantegna,Post Mahomes,2022-W01-03,3,118.46,96.58,Elijah Moore,WR,BN,False,True,False,,7.4,,Elijah Moore,WR,,414.p.33422,33422,Phi,yahoo_fantasy_api
2022,1,,9,api,Joe Mantegna,Post Mahomes,2022-W01-03,3,118.46,96.58,Darrell Henderson Jr.,RB,BN,False,True,False,,9.8,,Darrell Henderson Jr.,RB,,414.p.31902,31902,LAR,yahoo_fantasy_api
2022,1,,10,api,Joe Mantegna,Post Mahomes,2022-W01-03,3,118.46,96.58,Russell Gage Jr.,WR,BN,False,True,False,,2.3,,Russell Gage Jr.,WR,,414.p.31164,31164,SF,yahoo_fantasy_api
2022,1,,11,api,Joe Mantegna,Post Mahomes,2022-W01-03,3,118.46,96.58,Julio Jones,WR,BN,False,True,False,,10.1,,Julio Jones,WR,,414.p.24793,24793,Phi,yahoo_fantasy_api
2022,1,,12,api,Joe Mantegna,Post Mahomes,2022-W01-03,3,118.46,96.58,Chase Claypool,WR,BN,False,True,False,,7.4,,Chase Claypool,WR,,414.p.32719,32719,Buf,yahoo_fantasy_api
2022,1,,13,api,Joe Mantegna,Post Mahomes,2022-W01-03,3,118.46,96.58,Ronald Jones,RB,BN,False,True,False,,0.0,,Ronald Jones,RB,,414.p.31008,31008,Dal,yahoo_fantasy_api
2022,1,,14,api,Joe Mantegna,Post Mahomes,2022-W01-03,3,118.46,96.58,Younghoe Koo,K,K,True,False,False,,19.0,,Younghoe Koo,K,,414.p.30426,30426,NYG,yahoo_fantasy_api
2022,1,,15,api,Joe Mantegna,Post Mahomes,2022-W01-03,3,118.46,96.58,Broncos,DEF,DEF,True,False,False,,5.0,,Broncos,DEF,,414.p.100007,100007,Den,yahoo_fantasy_api
2022,1,,1,api,Malle ❤️ 🐸,Uncle Rico,2022-W01-02,2,104.82,138.4,Jalen Hurts,QB,QB,True,False,False,,24.72,,Jalen Hurts,QB,,414.p.32723,32723,Phi,yahoo_fantasy_api
2022,1,,2,api,Malle ❤️ 🐸,Uncle Rico,2022-W01-02,2,104.82,138.4,CeeDee Lamb,WR,WR,True,False,False,,3.9,,CeeDee Lamb,WR,,414.p.32687,32687,Dal,yahoo_fantasy_api
2022,1,,3,api,Malle ❤️ 🐸,Uncle Rico,2022-W01-02,2,104.82,138.4,Adam Thielen,WR,WR,True,False,False,,5.1,,Adam Thielen,WR,,414.p.27277,27277,Pit,yahoo_fantasy_api
2022,1,,4,api,Malle ❤️ 🐸,Uncle Rico,2022-W01-02,2,104.82,138.4,D'Andre Swift,RB,RB,True,False,False,,25.0,,D'Andre Swift,RB,,414.p.32705,32705,Chi,yahoo_fantasy_api
2022,1,,5,api,Malle ❤️ 🐸,Uncle Rico,2022-W01-02,2,104.82,138.4,J.D. McKissic,RB,RB,True,False,False,,6.3,,J.D. McKissic,RB,,414.p.29650,29650,Was,yahoo_fantasy_api
2022,1,,6,api,Malle ❤️ 🐸,Uncle Rico,2022-W01-02,2,104.82,138.4,T.J. Hockenson,TE,TE,True,False,False,,5.8,,T.J. Hockenson,TE,,414.p.31840,31840,Min,yahoo_fantasy_api
2022,1,,7,api,Malle ❤️ 🐸,Uncle Rico,2022-W01-02,2,104.82,138.4,Diontae Johnson,WR,W/R/T,True,False,False,,9.0,,Diontae Johnson,WR,,414.p.31898,31898,Cle,yahoo_fantasy_api
2022,1,,8,api,Malle ❤️ 🐸,Uncle Rico,2022-W01-02,2,104.82,138.4,J.K. Dobbins,RB,BN,False,True,False,,0.0,,J.K. Dobbins,RB,,414.p.32725,32725,Den,yahoo_fantasy_api
2022,1,,9,api,Malle ❤️ 🐸,Uncle Rico,2022-W01-02,2,104.82,138.4,Cole Kmet,TE,BN,False,True,False,,0.0,,Cole Kmet,TE,,414.p.32713,32713,Chi,yahoo_fantasy_api
2022,1,,10,api,Malle ❤️ 🐸,Uncle Rico,2022-W01-02,2,104.82,138.4,Trevor Lawrence,QB,BN,False,True,False,,16.4,,Trevor Lawrence,QB,,414.p.33389,33389,Jax,yahoo_fantasy_api
2022,1,,11,api,Malle ❤️ 🐸,Uncle Rico,2022-W01-02,2,104.82,138.4,Jamaal Williams,RB,BN,False,True,False,,15.5,,Jamaal Williams,RB,,414.p.30247,30247,NO,yahoo_fantasy_api
2022,1,,12,api,Malle ❤️ 🐸,Uncle Rico,2022-W01-02,2,104.82,138.4,Jarvis Landry,WR,BN,False,True,False,,14.9,,Jarvis Landry,WR,,414.p.27591,27591,NO,yahoo_fantasy_api
2022,1,,13,api,Malle ❤️ 🐸,Uncle Rico,2022-W01-02,2,104.82,138.4,Evan McPherson,K,K,True,False,False,,8.0,,Evan McPherson,K,,414.p.33537,33537,Cin,yahoo_fantasy_api
2022,1,,14,api,Malle ❤️ 🐸,Uncle Rico,2022-W01-02,2,104.82,138.4,Bills,DEF,DEF,True,False,False,,17.0,,Bills,DEF,,414.p.100002,100002,Buf,yahoo_fantasy_api
2022,1,,15,api,Malle ❤️ 🐸,Uncle Rico,2022-W01-02,2,104.82,138.4,Eagles,DEF,BN,False,True,False,,5.0,,Eagles,DEF,,414.p.100021,100021,Phi,yahoo_fantasy_api
2022,1,,1,api,Patty Primetimes,malle_dips_pouches,2022-W01-06,6,104.7,106.32,Matthew Stafford,QB,QB,True,False,False,,12.8,,Matthew Stafford,QB,,414.p.9265,9265,LAR,yahoo_fantasy_api
2022,1,,2,api,Patty Primetimes,malle_dips_pouches,2022-W01-06,6,104.7,106.32,Terry McLaurin,WR,WR,True,False,False,,12.8,,Terry McLaurin,WR,,414.p.31908,31908,Was,yahoo_fantasy_api
2022,1,,3,api,Patty Primetimes,malle_dips_pouches,2022-W01-06,6,104.7,106.32,Michael Thomas,WR,WR,True,False,False,,20.2,,Michael Thomas,WR,,414.p.29281,29281,NO,yahoo_fantasy_api
2022,1,,4,api,Patty Primetimes,malle_dips_pouches,2022-W01-06,6,104.7,106.32,Derrick Henry,RB,RB,True,False,False,,8.2,,Derrick Henry,RB,,414.p.29279,29279,Bal,yahoo_fantasy_api
2022,1,,5,api,Patty Primetimes,malle_dips_pouches,2022-W01-06,6,104.7,106.32,Javonte Williams,RB,RB,True,False,False,,14.3,,Javonte Williams,RB,,414.p.33423,33423,Dal,yahoo_fantasy_api
2022,1,,6,api,Patty Primetimes,malle_dips_pouches,2022-W01-06,6,104.7,106.32,Darren Waller,TE,TE,True,False,False,,9.9,,Darren Waller,TE,,414.p.28592,28592,Car,yahoo_fantasy_api
2022,1,,7,api,Patty Primetimes,malle_dips_pouches,2022-W01-06,6,104.7,106.32,Travis Etienne Jr.,RB,W/R/T,True,False,False,,7.5,,Travis Etienne Jr.,RB,,414.p.33413,33413,NO,yahoo_fantasy_api
2022,1,,8,api,Patty Primetimes,malle_dips_pouches,2022-W01-06,6,104.7,106.32,Hunter Renfrow,WR,BN,False,True,False,,3.6,,Hunter Renfrow,WR,,414.p.31981,31981,Car,yahoo_fantasy_api
2022,1,,9,api,Patty Primetimes,malle_dips_pouches,2022-W01-06,6,104.7,106.32,DK Metcalf,WR,BN,False,True,False,,5.1,,DK Metcalf,WR,,414.p.31896,31896,Pit,yahoo_fantasy_api
2022,1,,10,api,Patty Primetimes,malle_dips_pouches,2022-W01-06,6,104.7,106.32,Chris Olave,WR,BN,False,True,False,,7.6,,Chris Olave,WR,,414.p.33966,33966,NO,yahoo_fantasy_api
2022,1,,11,api,Patty Primetimes,malle_dips_pouches,2022-W01-06,6,104.7,106.32,Aaron Rodgers,QB,BN,False,True,False,,4.7,,Aaron Rodgers,QB,,414.p.7200,7200,Pit,yahoo_fantasy_api
2022,1,,12,api,Patty Primetimes,malle_dips_pouches,2022-W01-06,6,104.7,106.32,Skyy Moore,WR,BN,False,True,False,,3.5,,Skyy Moore,WR,,414.p.34009,34009,GB,yahoo_fantasy_api
2022,1,,13,api,Patty Primetimes,malle_dips_pouches,2022-W01-06,6,104.7,106.32,Robert Tonyan,TE,BN,False,True,False,,5.1,,Robert Tonyan,TE,,414.p.30777,30777,Pit,yahoo_fantasy_api
2022,1,,14,api,Patty Primetimes,malle_dips_pouches,2022-W01-06,6,104.7,106.32,Michael Gallup,WR,IR,False,False,True,,0.0,,Michael Gallup,WR,,414.p.31051,31051,Was,yahoo_fantasy_api
2022,1,,15,api,Patty Primetimes,malle_dips_pouches,2022-W01-06,6,104.7,106.32,Greg Joseph,K,K,True,False,False,,13.0,,Greg Joseph,K,,414.p.31538,31538,LV,yahoo_fantasy_api
2022,1,,16,api,Patty Primetimes,malle_dips_pouches,2022-W01-06,6,104.7,106.32,Colts,DEF,DEF,True,False,False,,6.0,,Colts,DEF,,414.p.100011,100011,Ind,yahoo_fantasy_api
2022,1,,1,api,Pop Lockett Drop it,Big Sack Jack,2022-W01-05,5,100.0,105.02,Russell Wilson,QB,QB,True,False,False,,19.8,,Russell Wilson,QB,,414.p.25785,25785,NYG,yahoo_fantasy_api
2022,1,,2,api,Pop Lockett Drop it,Big Sack Jack,2022-W01-05,5,100.0,105.02,Michael Pittman Jr.,WR,WR,True,False,False,,22.6,,Michael Pittman Jr.,WR,,414.p.32704,32704,Pit,yahoo_fantasy_api
2022,1,,3,api,Pop Lockett Drop it,Big Sack Jack,2022-W01-05,5,100.0,105.02,Keenan Allen,WR,WR,True,False,False,,8.6,,Keenan Allen,WR,,414.p.26699,26699,Ind,yahoo_fantasy_api
2022,1,,4,api,Pop Lockett Drop it,Big Sack Jack,2022-W01-05,5,100.0,105.02,Najee Harris,RB,RB,True,False,False,,9.6,,Najee Harris,RB,,414.p.33412,33412,NYG,yahoo_fantasy_api
2022,1,,5,api,Pop Lockett Drop it,Big Sack Jack,2022-W01-05,5,100.0,105.02,Dameon Pierce,RB,RB,True,False,False,,4.4,,Dameon Pierce,RB,,414.p.34063,34063,Phi,yahoo_fantasy_api
2022,1,,6,api,Pop Lockett Drop it,Big Sack Jack,2022-W01-05,5,100.0,105.02,Dalton Schultz,TE,TE,True,False,False,,9.7,,Dalton Schultz,TE,,414.p.31107,31107,Hou,yahoo_fantasy_api
2022,1,,7,api,Pop Lockett Drop it,Big Sack Jack,2022-W01-05,5,100.0,105.02,Hollywood Brown,WR,W/R/T,True,False,False,,12.3,,Hollywood Brown,WR,,414.p.31857,31857,Phi,yahoo_fantasy_api
2022,1,,8,api,Pop Lockett Drop it,Big Sack Jack,2022-W01-05,5,100.0,105.02,Melvin Gordon III,RB,BN,False,True,False,,6.2,,Melvin Gordon III,RB,,414.p.28403,28403,Bal,yahoo_fantasy_api
2022,1,,9,api,Pop Lockett Drop it,Big Sack Jack,2022-W01-05,5,100.0,105.02,Christian Kirk,WR,BN,False,True,False,,14.7,,Christian Kirk,WR,,414.p.31017,31017,SF,yahoo_fantasy_api
2022,1,,10,api,Pop Lockett Drop it,Big Sack Jack,2022-W01-05,5,100.0,105.02,Rondale Moore,WR,BN,False,True,False,,0.0,,Rondale Moore,WR,,414.p.33437,33437,Min,yahoo_fantasy_api
2022,1,,11,api,Pop Lockett Drop it,Big Sack Jack,2022-W01-05,5,100.0,105.02,Alexander Mattison,RB,BN,False,True,False,,3.6,,Alexander Mattison,RB,,414.p.31934,31934,Mia,yahoo_fantasy_api
2022,1,,12,api,Pop Lockett Drop it,Big Sack Jack,2022-W01-05,5,100.0,105.02,Romeo Doubs,WR,BN,False,True,False,,6.8,,Romeo Doubs,WR,,414.p.34088,34088,NE,yahoo_fantasy_api
2022,1,,13,api,Pop Lockett Drop it,Big Sack Jack,2022-W01-05,5,100.0,105.02,Tua Tagovailoa,QB,BN,False,True,False,,16.8,,Tua Tagovailoa,QB,,414.p.32675,32675,Atl,yahoo_fantasy_api
2022,1,,14,api,Pop Lockett Drop it,Big Sack Jack,2022-W01-05,5,100.0,105.02,Robbie Gould,K,K,True,False,False,,4.0,,Robbie Gould,K,,414.p.7520,7520,SF,yahoo_fantasy_api
2022,1,,15,api,Pop Lockett Drop it,Big Sack Jack,2022-W01-05,5,100.0,105.02,Titans,DEF,DEF,True,False,False,,9.0,,Titans,DEF,,414.p.100010,100010,Ten,yahoo_fantasy_api
2022,1,,1,api,Post Mahomes,Joe Mantegna,2022-W01-03,3,96.58,118.46,Tom Brady,QB,QB,True,False,False,,13.38,,Tom Brady,QB,,414.p.5228,5228,TB,yahoo_fantasy_api
2022,1,,2,api,Post Mahomes,Joe Mantegna,2022-W01-03,3,96.58,118.46,A.J. Brown,WR,WR,True,False,False,,20.5,,A.J. Brown,WR,,414.p.31883,31883,NE,yahoo_fantasy_api
2022,1,,3,api,Post Mahomes,Joe Mantegna,2022-W01-03,3,96.58,118.46,Gabe Davis,WR,WR,True,False,False,,16.8,,Gabe Davis,WR,,414.p.32798,32798,Buf,yahoo_fantasy_api
2022,1,,4,api,Post Mahomes,Joe Mantegna,2022-W01-03,3,96.58,118.46,Jonathan Taylor,RB,RB,True,False,False,,25.5,,Jonathan Taylor,RB,,414.p.32711,32711,Ind,yahoo_fantasy_api
2022,1,,5,api,Post Mahomes,Joe Mantegna,2022-W01-03,3,96.58,118.46,Cam Akers,RB,RB,True,False,False,,0.0,,Cam Akers,RB,,414.p.32722,32722,Sea,yahoo_fantasy_api
2022,1,,6,api,Post Mahomes,Joe Mantegna,2022-W01-03,3,96.58,118.46,Irv Smith Jr.,TE,TE,True,False,False,,0.0,,Irv Smith Jr.,TE,,414.p.31882,31882,Hou,yahoo_fantasy_api
2022,1,,7,api,Post Mahomes,Joe Mantegna,2022-W01-03,3,96.58,118.46,Ezekiel Elliott,RB,W/R/T,True,False,False,,5.4,,Ezekiel Elliott,RB,,414.p.29238,29238,Dal,yahoo_fantasy_api
2022,1,,8,api,Post Mahomes,Joe Mantegna,2022-W01-03,3,96.58,118.46,Brandin Cooks,WR,BN,False,True,False,,11.7,,Brandin Cooks,WR,,414.p.27548,27548,SF,yahoo_fantasy_api
2022,1,,9,api,Post Mahomes,Joe Mantegna,2022-W01-03,3,96.58,118.46,Clyde Edwards-Helaire,RB,BN,False,True,False,,20.9,,Clyde Edwards-Helaire,RB,,414.p.32702,32702,KC,yahoo_fantasy_api
2022,1,,10,api,Post Mahomes,Joe Mantegna,2022-W01-03,3,96.58,118.46,Allen Lazard,WR,BN,False,True,False,,0.0,,Allen Lazard,WR,,414.p.31268,31268,NYJ,yahoo_fantasy_api
2022,1,,11,api,Post Mahomes,Joe Mantegna,2022-W01-03,3,96.58,118.46,Drake London,WR,BN,False,True,False,,9.9,,Drake London,WR,,414.p.33963,33963,Atl,yahoo_fantasy_api
2022,1,,12,api,Post Mahomes,Joe Mantegna,2022-W01-03,3,96.58,118.46,Kenneth Walker III,RB,BN,False,True,False,,0.0,,Kenneth Walker III,RB,,414.p.33996,33996,KC,yahoo_fantasy_api
2022,1,,13,api,Post Mahomes,Joe Mantegna,2022-W01-03,3,96.58,118.46,Zamir White,RB,BN,False,True,False,,0.0,,Zamir White,RB,,414.p.34078,34078,NO,yahoo_fantasy_api
2022,1,,14,api,Post Mahomes,Joe Mantegna,2022-W01-03,3,96.58,118.46,Harrison Butker,K,K,True,False,False,,9.0,,Harrison Butker,K,,414.p.30346,30346,KC,yahoo_fantasy_api
2022,1,,15,api,Post Mahomes,Joe Mantegna,2022-W01-03,3,96.58,118.46,Saints,DEF,DEF,True,False,False,,6.0,,Saints,DEF,,414.p.100018,100018,NO,yahoo_fantasy_api
2022,1,,1,api,The Big Gronkowski,Voldemort,2022-W01-01,1,99.18,156.38,Kirk Cousins,QB,QB,True,False,False,,23.08,,Kirk Cousins,QB,,414.p.25812,25812,LV,yahoo_fantasy_api
2022,1,,2,api,The Big Gronkowski,Voldemort,2022-W01-01,1,99.18,156.38,Cooper Kupp,WR,WR,True,False,False,,25.3,,Cooper Kupp,WR,,414.p.30182,30182,Sea,yahoo_fantasy_api
2022,1,,3,api,The Big Gronkowski,Voldemort,2022-W01-01,1,99.18,156.38,Tee Higgins,WR,WR,True,False,False,,3.7,,Tee Higgins,WR,,414.p.32703,32703,Cin,yahoo_fantasy_api
2022,1,,4,api,The Big Gronkowski,Voldemort,2022-W01-01,1,99.18,156.38,Austin Ekeler,RB,RB,True,False,False,,9.2,,Austin Ekeler,RB,,414.p.30423,30423,Was,yahoo_fantasy_api
2022,1,,5,api,The Big Gronkowski,Voldemort,2022-W01-01,1,99.18,156.38,Damien Harris,RB,RB,True,False,False,,6.8,,Damien Harris,RB,,414.p.31919,31919,Buf,yahoo_fantasy_api
2022,1,,6,api,The Big Gronkowski,Voldemort,2022-W01-01,1,99.18,156.38,David Njoku,TE,TE,True,False,False,,1.2,,David Njoku,TE,,414.p.30142,30142,LAC,yahoo_fantasy_api
2022,1,,7,api,The Big Gronkowski,Voldemort,2022-W01-01,1,99.18,156.38,JuJu Smith-Schuster,WR,W/R/T,True,False,False,,8.9,,JuJu Smith-Schuster,WR,,414.p.30175,30175,NYG,yahoo_fantasy_api
2022,1,,8,api,The Big Gronkowski,Voldemort,2022-W01-01,1,99.18,156.38,Trey Lance,QB,BN,False,True,False,,10.96,,Trey Lance,QB,,414.p.33391,33391,LAC,yahoo_fantasy_api
2022,1,,9,api,The Big Gronkowski,Voldemort,2022-W01-01,1,99.18,156.38,George Kittle,TE,BN,False,True,False,,0.0,,George Kittle,TE,,414.p.30259,30259,SF,yahoo_fantasy_api
2022,1,,10,api,The Big Gronkowski,Voldemort,2022-W01-01,1,99.18,156.38,Tony Pollard,RB,BN,False,True,False,,3.2,,Tony Pollard,RB,,414.p.31960,31960,Ten,yahoo_fantasy_api
2022,1,,11,api,The Big Gronkowski,Voldemort,2022-W01-01,1,99.18,156.38,Isaiah McKenzie,WR,BN,False,True,False,,8.9,,Isaiah McKenzie,WR,,414.p.30285,30285,Mia,yahoo_fantasy_api
2022,1,,12,api,The Big Gronkowski,Voldemort,2022-W01-01,1,99.18,156.38,Jeff Wilson Jr.,RB,BN,False,True,False,,4.0,,Jeff Wilson Jr.,RB,,414.p.31394,31394,Mia,yahoo_fantasy_api
2022,1,,13,api,The Big Gronkowski,Voldemort,2022-W01-01,1,99.18,156.38,Tyler Bass,K,K,True,False,False,,8.0,,Tyler Bass,K,,414.p.32858,32858,Buf,yahoo_fantasy_api
2022,1,,14,api,The Big Gronkowski,Voldemort,2022-W01-01,1,99.18,156.38,Buccaneers,DEF,DEF,True,False,False,,13.0,,Buccaneers,DEF,,414.p.100027,100027,TB,yahoo_fantasy_api
2022,1,,15,api,The Big Gronkowski,Voldemort,2022-W01-01,1,99.18,156.38,Packers,DEF,BN,False,True,False,,1.0,,Packers,DEF,,414.p.100009,100009,GB,yahoo_fantasy_api
2022,1,,1,api,ThreatLevelMidnight,Ginger FC 🏆🏆,2022-W01-04,4,66.36,126.72,Dak Prescott,QB,QB,True,False,False,,5.46,,Dak Prescott,QB,,414.p.29369,29369,Dal,yahoo_fantasy_api
2022,1,,2,api,ThreatLevelMidnight,Ginger FC 🏆🏆,2022-W01-04,4,66.36,126.72,Stefon Diggs,WR,WR,True,False,False,,22.2,,Stefon Diggs,WR,,414.p.28534,28534,Was,yahoo_fantasy_api
2022,1,,3,api,ThreatLevelMidnight,Ginger FC 🏆🏆,2022-W01-04,4,66.36,126.72,Allen Robinson,WR,WR,True,False,False,,1.7,,Allen Robinson,WR,,414.p.27589,27589,Det,yahoo_fantasy_api
2022,1,,4,api,ThreatLevelMidnight,Ginger FC 🏆🏆,2022-W01-04,4,66.36,126.72,Chase Edmonds,RB,RB,True,False,False,,8.5,,Chase Edmonds,RB,,414.p.31104,31104,Was,yahoo_fantasy_api
2022,1,,5,api,ThreatLevelMidnight,Ginger FC 🏆🏆,2022-W01-04,4,66.36,126.72,Elijah Mitchell,RB,RB,True,False,False,,4.1,,Elijah Mitchell,RB,,414.p.33582,33582,KC,yahoo_fantasy_api
2022,1,,6,api,ThreatLevelMidnight,Ginger FC 🏆🏆,2022-W01-04,4,66.36,126.72,Albert Okwuegbunam Jr.,TE,TE,True,False,False,,5.8,,Albert Okwuegbunam Jr.,TE,,414.p.32788,32788,LV,yahoo_fantasy_api
2022,1,,7,api,ThreatLevelMidnight,Ginger FC 🏆🏆,2022-W01-04,4,66.36,126.72,Mike Evans,WR,W/R/T,True,False,False,,15.6,,Mike Evans,WR,,414.p.27535,27535,SF,yahoo_fantasy_api
2022,1,,8,api,ThreatLevelMidnight,Ginger FC 🏆🏆,2022-W01-04,4,66.36,126.72,Rashaad Penny,RB,BN,False,True,False,,7.7,,Rashaad Penny,RB,,414.p.30997,30997,Phi,yahoo_fantasy_api
2022,1,,9,api,ThreatLevelMidnight,Ginger FC 🏆🏆,2022-W01-04,4,66.36,126.72,Rashod Bateman,WR,BN,False,True,False,,12.9,,Rashod Bateman,WR,,414.p.33415,33415,Bal,yahoo_fantasy_api
2022,1,,10,api,ThreatLevelMidnight,Ginger FC 🏆🏆,2022-W01-04,4,66.36,126.72,Miles Sanders,RB,BN,False,True,False,,17.5,,Miles Sanders,RB,,414.p.31885,31885,Dal,yahoo_fantasy_api
2022,1,,11,api,ThreatLevelMidnight,Ginger FC 🏆🏆,2022-W01-04,4,66.36,126.72,DeAndre Hopkins,WR,BN,False,True,False,,0.0,,DeAndre Hopkins,WR,,414.p.26650,26650,Bal,yahoo_fantasy_api
2022,1,,12,api,ThreatLevelMidnight,Ginger FC 🏆🏆,2022-W01-04,4,66.36,126.72,Raheem Mostert,RB,BN,False,True,False,,3.7,,Raheem Mostert,RB,,414.p.28654,28654,LV,yahoo_fantasy_api
2022,1,,13,api,ThreatLevelMidnight,Ginger FC 🏆🏆,2022-W01-04,4,66.36,126.72,Treylon Burks,WR,BN,False,True,False,,7.0,,Treylon Burks,WR,,414.p.33973,33973,Was,yahoo_fantasy_api
2022,1,,14,api,ThreatLevelMidnight,Ginger FC 🏆🏆,2022-W01-04,4,66.36,126.72,Brian Robinson,RB,IR,False,False,True,,0.0,,Brian Robinson,RB,,414.p.34054,34054,Atl,yahoo_fantasy_api
2022,1,,15,api,ThreatLevelMidnight,Ginger FC 🏆🏆,2022-W01-04,4,66.36,126.72,Matt Prater,K,K,True,False,False,,1.0,,Matt Prater,K,,414.p.8565,8565,Buf,yahoo_fantasy_api
2022,1,,16,api,ThreatLevelMidnight,Ginger FC 🏆🏆,2022-W01-04,4,66.36,126.72,Bengals,DEF,DEF,True,False,False,,2.0,,Bengals,DEF,,414.p.100004,100004,Cin,yahoo_fantasy_api
2022,1,,1,api,Uncle Rico,Malle ❤️ 🐸,2022-W01-02,2,138.4,104.82,Patrick Mahomes,QB,QB,True,False,False,,44.9,,Patrick Mahomes,QB,,414.p.30123,30123,KC,yahoo_fantasy_api
2022,1,,2,api,Uncle Rico,Malle ❤️ 🐸,2022-W01-02,2,138.4,104.82,Brandon Aiyuk,WR,WR,True,False,False,,5.7,,Brandon Aiyuk,WR,,414.p.32695,32695,SF,yahoo_fantasy_api
2022,1,,3,api,Uncle Rico,Malle ❤️ 🐸,2022-W01-02,2,138.4,104.82,Ja'Marr Chase,WR,WR,True,False,False,,23.9,,Ja'Marr Chase,WR,,414.p.33393,33393,Cin,yahoo_fantasy_api
2022,1,,4,api,Uncle Rico,Malle ❤️ 🐸,2022-W01-02,2,138.4,104.82,Saquon Barkley,RB,RB,True,False,False,,30.4,,Saquon Barkley,RB,,414.p.30972,30972,Phi,yahoo_fantasy_api
2022,1,,5,api,Uncle Rico,Malle ❤️ 🐸,2022-W01-02,2,138.4,104.82,Nick Chubb,RB,RB,True,False,False,,14.8,,Nick Chubb,RB,,414.p.31005,31005,Hou,yahoo_fantasy_api
2022,1,,6,api,Uncle Rico,Malle ❤️ 🐸,2022-W01-02,2,138.4,104.82,Kyle Pitts Sr.,TE,TE,True,False,False,,2.9,,Kyle Pitts Sr.,TE,,414.p.33392,33392,Atl,yahoo_fantasy_api
2022,1,,7,api,Uncle Rico,Malle ❤️ 🐸,2022-W01-02,2,138.4,104.82,Robert Woods,WR,W/R/T,True,False,False,,1.8,,Robert Woods,WR,,414.p.26664,26664,Pit,yahoo_fantasy_api
2022,1,,8,api,Uncle Rico,Malle ❤️ 🐸,2022-W01-02,2,138.4,104.82,Cordarrelle Patterson,RB,BN,False,True,False,,21.1,,Cordarrelle Patterson,RB,,414.p.26652,26652,Pit,yahoo_fantasy_api
2022,1,,9,api,Uncle Rico,Malle ❤️ 🐸,2022-W01-02,2,138.4,104.82,Kadarius Toney,WR,BN,False,True,False,,2.3,,Kadarius Toney,WR,,414.p.33408,33408,Cle,yahoo_fantasy_api
2022,1,,10,api,Uncle Rico,Malle ❤️ 🐸,2022-W01-02,2,138.4,104.82,George Pickens,WR,BN,False,True,False,,0.8,,George Pickens,WR,,414.p.34007,34007,Dal,yahoo_fantasy_api
2022,1,,11,api,Uncle Rico,Malle ❤️ 🐸,2022-W01-02,2,138.4,104.82,Jakobi Meyers,WR,BN,False,True,False,,8.2,,Jakobi Meyers,WR,,414.p.32231,32231,Jax,yahoo_fantasy_api
2022,1,,12,api,Uncle Rico,Malle ❤️ 🐸,2022-W01-02,2,138.4,104.82,Isiah Pacheco,RB,BN,False,True,False,,12.2,,Isiah Pacheco,RB,,414.p.34207,34207,Det,yahoo_fantasy_api
2022,1,,13,api,Uncle Rico,Malle ❤️ 🐸,2022-W01-02,2,138.4,104.82,Tyler Allgeier,RB,BN,False,True,False,,0.0,,Tyler Allgeier,RB,,414.p.34107,34107,Ari,yahoo_fantasy_api
2022,1,,14,api,Uncle Rico,Malle ❤️ 🐸,2022-W01-02,2,138.4,104.82,Jake Elliott,K,K,True,False,False,,8.0,,Jake Elliott,K,,414.p.30266,30266,Phi,yahoo_fantasy_api
2022,1,,15,api,Uncle Rico,Malle ❤️ 🐸,2022-W01-02,2,138.4,104.82,Browns,DEF,DEF,True,False,False,,6.0,,Browns,DEF,,414.p.100005,100005,Cle,yahoo_fantasy_api
2022,1,,1,api,Voldemort,The Big Gronkowski,2022-W01-01,1,156.38,99.18,Josh Allen,QB,QB,True,False,False,,39.48,,Josh Allen,QB,,414.p.30977,30977,Buf,yahoo_fantasy_api
2022,1,,2,api,Voldemort,The Big Gronkowski,2022-W01-01,1,156.38,99.18,Deebo Samuel Sr.,WR,WR,True,False,False,,11.6,,Deebo Samuel Sr.,WR,,414.p.31868,31868,SF,yahoo_fantasy_api
2022,1,,3,api,Voldemort,The Big Gronkowski,2022-W01-01,1,156.38,99.18,Justin Jefferson,WR,WR,True,False,False,,34.9,,Justin Jefferson,WR,,414.p.32692,32692,Min,yahoo_fantasy_api
2022,1,,4,api,Voldemort,The Big Gronkowski,2022-W01-01,1,156.38,99.18,Joe Mixon,RB,RB,True,False,False,,18.0,,Joe Mixon,RB,,414.p.30161,30161,Hou,yahoo_fantasy_api
2022,1,,5,api,Voldemort,The Big Gronkowski,2022-W01-01,1,156.38,99.18,David Montgomery,RB,RB,True,False,False,,6.5,,David Montgomery,RB,,414.p.31905,31905,Hou,yahoo_fantasy_api
2022,1,,6,api,Voldemort,The Big Gronkowski,2022-W01-01,1,156.38,99.18,Zach Ertz,TE,TE,True,False,False,,10.4,,Zach Ertz,TE,,414.p.26658,26658,Phi,yahoo_fantasy_api
2022,1,,7,api,Voldemort,The Big Gronkowski,2022-W01-01,1,156.38,99.18,Antonio Gibson,RB,W/R/T,True,False,False,,16.5,,Antonio Gibson,RB,,414.p.32736,32736,NE,yahoo_fantasy_api
2022,1,,8,api,Voldemort,The Big Gronkowski,2022-W01-01,1,156.38,99.18,Darnell Mooney,WR,BN,False,True,False,,1.3,,Darnell Mooney,WR,,414.p.32843,32843,NYG,yahoo_fantasy_api
2022,1,,9,api,Voldemort,The Big Gronkowski,2022-W01-01,1,156.38,99.18,Chris Godwin Jr.,WR,BN,False,True,False,,5.0,,Chris Godwin Jr.,WR,,414.p.30197,30197,TB,yahoo_fantasy_api
2022,1,,10,api,Voldemort,The Big Gronkowski,2022-W01-01,1,156.38,99.18,James Cook III,RB,BN,False,True,False,,-1.8,,James Cook III,RB,,414.p.34019,34019,Buf,yahoo_fantasy_api
2022,1,,11,api,Voldemort,The Big Gronkowski,2022-W01-01,1,156.38,99.18,James Robinson,RB,BN,False,True,False,,19.4,,James Robinson,RB,,414.p.33138,33138,NO,yahoo_fantasy_api
2022,1,,12,api,Voldemort,The Big Gronkowski,2022-W01-01,1,156.38,99.18,Kenny Gainwell,RB,BN,False,True,False,,10.2,,Kenny Gainwell,RB,,414.p.33538,33538,TB,yahoo_fantasy_api
2022,1,,13,api,Voldemort,The Big Gronkowski,2022-W01-01,1,156.38,99.18,Marquez Valdes-Scantling,WR,BN,False,True,False,,6.1,,Marquez Valdes-Scantling,WR,,414.p.31144,31144,LAC,yahoo_fantasy_api
2022,1,,14,api,Voldemort,The Big Gronkowski,2022-W01-01,1,156.38,99.18,Ryan Succop,K,K,True,False,False,,15.0,,Ryan Succop,K,,414.p.9520,9520,TB,yahoo_fantasy_api
2022,1,,15,api,Voldemort,The Big Gronkowski,2022-W01-01,1,156.38,99.18,Patriots,DEF,DEF,True,False,False,,4.0,,Patriots,DEF,,414.p.100017,100017,NE,yahoo_fantasy_api
2022,1,,1,api,malle_dips_pouches,Patty Primetimes,2022-W01-06,6,106.32,104.7,Lamar Jackson,QB,QB,True,False,False,,27.22,,Lamar Jackson,QB,,414.p.31002,31002,Bal,yahoo_fantasy_api
2022,1,,2,api,malle_dips_pouches,Patty Primetimes,2022-W01-06,6,106.32,104.7,Jaylen Waddle,WR,WR,True,False,False,,15.7,,Jaylen Waddle,WR,,414.p.33394,33394,Den,yahoo_fantasy_api
2022,1,,3,api,malle_dips_pouches,Patty Primetimes,2022-W01-06,6,106.32,104.7,Amari Cooper,WR,WR,True,False,False,,3.2,,Amari Cooper,WR,,414.p.28392,28392,Buf,yahoo_fantasy_api
2022,1,,4,api,malle_dips_pouches,Patty Primetimes,2022-W01-06,6,106.32,104.7,Christian McCaffrey,RB,RB,True,False,False,,13.7,,Christian McCaffrey,RB,,414.p.30121,30121,SF,yahoo_fantasy_api
2022,1,,5,api,malle_dips_pouches,Patty Primetimes,2022-W01-06,6,106.32,104.7,Josh Jacobs,RB,RB,True,False,False,,7.8,,Josh Jacobs,RB,,414.p.31856,31856,GB,yahoo_fantasy_api
2022,1,,6,api,malle_dips_pouches,Patty Primetimes,2022-W01-06,6,106.32,104.7,Mark Andrews,TE,TE,True,False,False,,7.7,,Mark Andrews,TE,,414.p.31056,31056,Bal,yahoo_fantasy_api
2022,1,,7,api,malle_dips_pouches,Patty Primetimes,2022-W01-06,6,106.32,104.7,James Conner,RB,W/R/T,True,False,False,,14.0,,James Conner,RB,,414.p.30218,30218,Ari,yahoo_fantasy_api
2022,1,,8,api,malle_dips_pouches,Patty Primetimes,2022-W01-06,6,106.32,104.7,DeVonta Smith,WR,BN,False,True,False,,0.0,,DeVonta Smith,WR,,414.p.33398,33398,Phi,yahoo_fantasy_api
2022,1,,9,api,malle_dips_pouches,Patty Primetimes,2022-W01-06,6,106.32,104.7,Michael Carter,RB,BN,False,True,False,,13.5,,Michael Carter,RB,,414.p.33495,33495,Ten,yahoo_fantasy_api
2022,1,,10,api,malle_dips_pouches,Patty Primetimes,2022-W01-06,6,106.32,104.7,Tyler Boyd,WR,BN,False,True,False,,11.3,,Tyler Boyd,WR,,414.p.29288,29288,Ten,yahoo_fantasy_api
2022,1,,11,api,malle_dips_pouches,Patty Primetimes,2022-W01-06,6,106.32,104.7,Pat Freiermuth,TE,BN,False,True,False,,10.0,,Pat Freiermuth,TE,,414.p.33443,33443,Pit,yahoo_fantasy_api
2022,1,,12,api,malle_dips_pouches,Patty Primetimes,2022-W01-06,6,106.32,104.7,DeVante Parker,WR,BN,False,True,False,,1.4,,DeVante Parker,WR,,414.p.28402,28402,NE,yahoo_fantasy_api
2022,1,,13,api,malle_dips_pouches,Patty Primetimes,2022-W01-06,6,106.32,104.7,Justin Fields,QB,BN,False,True,False,,18.64,,Justin Fields,QB,,414.p.33399,33399,KC,yahoo_fantasy_api
2022,1,,14,api,malle_dips_pouches,Patty Primetimes,2022-W01-06,6,106.32,104.7,Matt Gay,K,K,True,False,False,,6.0,,Matt Gay,K,,414.p.31977,31977,LV,yahoo_fantasy_api
2022,1,,15,api,malle_dips_pouches,Patty Primetimes,2022-W01-06,6,106.32,104.7,Ravens,DEF,DEF,True,False,False,,11.0,,Ravens,DEF,,414.p.100033,100033,Bal,yahoo_fantasy_api
2022,2,,1,api,Big Sack Jack,The Big Gronkowski,2022-W02-01,1,145.66,109.84,Joe Burrow,QB,QB,True,False,False,,18.56,,Joe Burrow,QB,,414.p.32671,32671,Cin,yahoo_fantasy_api
2022,2,,2,api,Big Sack Jack,The Big Gronkowski,2022-W02-01,1,145.66,109.84,Tyreek Hill,WR,WR,True,False,False,,36.5,,Tyreek Hill,WR,,414.p.29399,29399,Mia,yahoo_fantasy_api
2022,2,,3,api,Big Sack Jack,The Big Gronkowski,2022-W02-01,1,145.66,109.84,DJ Moore,WR,WR,True,False,False,,11.8,,DJ Moore,WR,,414.p.30994,30994,Buf,yahoo_fantasy_api
2022,2,,4,api,Big Sack Jack,The Big Gronkowski,2022-W02-01,1,145.66,109.84,Dalvin Cook,RB,RB,True,False,False,,5.6,,Dalvin Cook,RB,,414.p.30154,30154,Dal,yahoo_fantasy_api
2022,2,,5,api,Big Sack Jack,The Big Gronkowski,2022-W02-01,1,145.66,109.84,AJ Dillon,RB,RB,True,False,False,,7.2,,AJ Dillon,RB,,414.p.32732,32732,Car,yahoo_fantasy_api
2022,2,,6,api,Big Sack Jack,The Big Gronkowski,2022-W02-01,1,145.66,109.84,Dawson Knox,TE,TE,True,False,False,,6.1,,Dawson Knox,TE,,414.p.31928,31928,Buf,yahoo_fantasy_api
2022,2,,7,api,Big Sack Jack,The Big Gronkowski,2022-W02-01,1,145.66,109.84,Amon-Ra St. Brown,WR,W/R/T,True,False,False,,34.9,,Amon-Ra St. Brown,WR,,414.p.33500,33500,Det,yahoo_fantasy_api
2022,2,,8,api,Big Sack Jack,The Big Gronkowski,2022-W02-01,1,145.66,109.84,Nyheim Miller-Hines,RB,BN,False,True,False,,5.7,,Nyheim Miller-Hines,RB,,414.p.31074,31074,LAC,yahoo_fantasy_api
2022,2,,9,api,Big Sack Jack,The Big Gronkowski,2022-W02-01,1,145.66,109.84,Derek Carr,QB,BN,False,True,False,,22.98,,Derek Carr,QB,,414.p.27564,27564,NO,yahoo_fantasy_api
2022,2,,10,api,Big Sack Jack,The Big Gronkowski,2022-W02-01,1,145.66,109.84,Khalil Herbert,RB,BN,False,True,False,,4.6,,Khalil Herbert,RB,,414.p.33605,33605,Atl,yahoo_fantasy_api
2022,2,,11,api,Big Sack Jack,The Big Gronkowski,2022-W02-01,1,145.66,109.84,Nico Collins,WR,BN,False,True,False,,7.8,,Nico Collins,WR,,414.p.33477,33477,Hou,yahoo_fantasy_api
2022,2,,12,api,Big Sack Jack,The Big Gronkowski,2022-W02-01,1,145.66,109.84,Hunter Henry,TE,BN,False,True,False,,0.0,,Hunter Henry,TE,,414.p.29269,29269,NE,yahoo_fantasy_api
2022,2,,13,api,Big Sack Jack,The Big Gronkowski,2022-W02-01,1,145.66,109.84,Justin Tucker,K,K,True,False,False,,10.0,,Justin Tucker,K,,414.p.26534,26534,Bal,yahoo_fantasy_api
2022,2,,14,api,Big Sack Jack,The Big Gronkowski,2022-W02-01,1,145.66,109.84,49ers,DEF,DEF,True,False,False,,15.0,,49ers,DEF,,414.p.100025,100025,SF,yahoo_fantasy_api
2022,2,,15,api,Big Sack Jack,The Big Gronkowski,2022-W02-01,1,145.66,109.84,Chiefs,DEF,BN,False,True,False,,10.0,,Chiefs,DEF,,414.p.100012,100012,KC,yahoo_fantasy_api
2022,2,,1,api,Ginger FC 🏆🏆,Post Mahomes,2022-W02-05,5,88.18,80.3,Kyler Murray,QB,QB,True,False,False,,28.88,,Kyler Murray,QB,,414.p.31833,31833,Min,yahoo_fantasy_api
2022,2,,2,api,Ginger FC 🏆🏆,Post Mahomes,2022-W02-05,5,88.18,80.3,Jerry Jeudy,WR,WR,True,False,False,,1.7,,Jerry Jeudy,WR,,414.p.32685,32685,Cle,yahoo_fantasy_api
2022,2,,3,api,Ginger FC 🏆🏆,Post Mahomes,2022-W02-05,5,88.18,80.3,Devin Duvernay,WR,WR,True,False,False,,11.2,,Devin Duvernay,WR,,414.p.32762,32762,Ari,yahoo_fantasy_api
2022,2,,4,api,Ginger FC 🏆🏆,Post Mahomes,2022-W02-05,5,88.18,80.3,Leonard Fournette,RB,RB,True,False,False,,8.4,,Leonard Fournette,RB,,414.p.30117,30117,Buf,yahoo_fantasy_api
2022,2,,5,api,Ginger FC 🏆🏆,Post Mahomes,2022-W02-05,5,88.18,80.3,Kareem Hunt,RB,RB,True,False,False,,8.4,,Kareem Hunt,RB,,414.p.30199,30199,KC,yahoo_fantasy_api
2022,2,,6,api,Ginger FC 🏆🏆,Post Mahomes,2022-W02-05,5,88.18,80.3,Travis Kelce,TE,TE,True,False,False,,7.6,,Travis Kelce,TE,,414.p.26686,26686,KC,yahoo_fantasy_api
2022,2,,7,api,Ginger FC 🏆🏆,Post Mahomes,2022-W02-05,5,88.18,80.3,DJ Chark,WR,W/R/T,True,False,False,,0.0,,DJ Chark,WR,,414.p.31031,31031,Atl,yahoo_fantasy_api
2022,2,,8,api,Ginger FC 🏆🏆,Post Mahomes,2022-W02-05,5,88.18,80.3,Alvin Kamara,RB,BN,False,True,False,,0.0,,Alvin Kamara,RB,,414.p.30180,30180,NO,yahoo_fantasy_api
2022,2,,9,api,Ginger FC 🏆🏆,Post Mahomes,2022-W02-05,5,88.18,80.3,Mike Williams,WR,BN,False,True,False,,21.3,,Mike Williams,WR,,414.p.30120,30120,Pit,yahoo_fantasy_api
2022,2,,10,api,Ginger FC 🏆🏆,Post Mahomes,2022-W02-05,5,88.18,80.3,Rhamondre Stevenson,RB,BN,False,True,False,,5.6,,Rhamondre Stevenson,RB,,414.p.33508,33508,NE,yahoo_fantasy_api
2022,2,,11,api,Ginger FC 🏆🏆,Post Mahomes,2022-W02-05,5,88.18,80.3,Tyler Lockett,WR,BN,False,True,False,,15.2,,Tyler Lockett,WR,,414.p.28457,28457,LV,yahoo_fantasy_api
2022,2,,12,api,Ginger FC 🏆🏆,Post Mahomes,2022-W02-05,5,88.18,80.3,Sammy Watkins,WR,BN,False,True,False,,10.8,,Sammy Watkins,WR,,414.p.27532,27532,Bal,yahoo_fantasy_api
2022,2,,13,api,Ginger FC 🏆🏆,Post Mahomes,2022-W02-05,5,88.18,80.3,Mark Ingram II,RB,BN,False,True,False,,5.1,,Mark Ingram II,RB,,414.p.24815,24815,NO,yahoo_fantasy_api
2022,2,,14,api,Ginger FC 🏆🏆,Post Mahomes,2022-W02-05,5,88.18,80.3,Daniel Carlson,K,K,True,False,False,,13.0,,Daniel Carlson,K,,414.p.31137,31137,NO,yahoo_fantasy_api
2022,2,,15,api,Ginger FC 🏆🏆,Post Mahomes,2022-W02-05,5,88.18,80.3,Rams,DEF,DEF,True,False,False,,9.0,,Rams,DEF,,414.p.100014,100014,LAR,yahoo_fantasy_api
2022,2,,1,api,Joe Mantegna,Pop Lockett Drop it,2022-W02-03,3,121.86,76.66,Justin Herbert,QB,QB,True,False,False,,30.46,,Justin Herbert,QB,,414.p.32676,32676,LAC,yahoo_fantasy_api
2022,2,,2,api,Joe Mantegna,Pop Lockett Drop it,2022-W02-03,3,121.86,76.66,Davante Adams,WR,WR,True,False,False,,8.2,,Davante Adams,WR,,414.p.27581,27581,LAR,yahoo_fantasy_api
2022,2,,3,api,Joe Mantegna,Pop Lockett Drop it,2022-W02-03,3,121.86,76.66,Courtland Sutton,WR,WR,True,False,False,,16.2,,Courtland Sutton,WR,,414.p.31010,31010,Den,yahoo_fantasy_api
2022,2,,4,api,Joe Mantegna,Pop Lockett Drop it,2022-W02-03,3,121.86,76.66,Aaron Jones Sr.,RB,RB,True,False,False,,30.5,,Aaron Jones Sr.,RB,,414.p.30295,30295,Min,yahoo_fantasy_api
2022,2,,5,api,Joe Mantegna,Pop Lockett Drop it,2022-W02-03,3,121.86,76.66,Darrell Henderson Jr.,RB,RB,True,False,False,,10.7,,Darrell Henderson Jr.,RB,,414.p.31902,31902,LAR,yahoo_fantasy_api
2022,2,,6,api,Joe Mantegna,Pop Lockett Drop it,2022-W02-03,3,121.86,76.66,Dallas Goedert,TE,TE,True,False,False,,10.7,,Dallas Goedert,TE,,414.p.31019,31019,Phi,yahoo_fantasy_api
2022,2,,7,api,Joe Mantegna,Pop Lockett Drop it,2022-W02-03,3,121.86,76.66,Devin Singletary,RB,W/R/T,True,False,False,,3.1,,Devin Singletary,RB,,414.p.31906,31906,NYG,yahoo_fantasy_api
2022,2,,8,api,Joe Mantegna,Pop Lockett Drop it,2022-W02-03,3,121.86,76.66,Breece Hall,RB,BN,False,True,False,,12.5,,Breece Hall,RB,,414.p.33991,33991,NYJ,yahoo_fantasy_api
2022,2,,9,api,Joe Mantegna,Pop Lockett Drop it,2022-W02-03,3,121.86,76.66,Elijah Moore,WR,BN,False,True,False,,5.0,,Elijah Moore,WR,,414.p.33422,33422,Phi,yahoo_fantasy_api
2022,2,,10,api,Joe Mantegna,Pop Lockett Drop it,2022-W02-03,3,121.86,76.66,Russell Gage Jr.,WR,BN,False,True,False,,5.3,,Russell Gage Jr.,WR,,414.p.31164,31164,SF,yahoo_fantasy_api
2022,2,,11,api,Joe Mantegna,Pop Lockett Drop it,2022-W02-03,3,121.86,76.66,Julio Jones,WR,BN,False,True,False,,0.0,,Julio Jones,WR,,414.p.24793,24793,Phi,yahoo_fantasy_api
2022,2,,12,api,Joe Mantegna,Pop Lockett Drop it,2022-W02-03,3,121.86,76.66,Chase Claypool,WR,BN,False,True,False,,4.6,,Chase Claypool,WR,,414.p.32719,32719,Buf,yahoo_fantasy_api
2022,2,,13,api,Joe Mantegna,Pop Lockett Drop it,2022-W02-03,3,121.86,76.66,Robbie Chosen,WR,BN,False,True,False,,2.7,,Robbie Chosen,WR,,414.p.29785,29785,Was,yahoo_fantasy_api
2022,2,,14,api,Joe Mantegna,Pop Lockett Drop it,2022-W02-03,3,121.86,76.66,Younghoe Koo,K,K,True,False,False,,5.0,,Younghoe Koo,K,,414.p.30426,30426,NYG,yahoo_fantasy_api
2022,2,,15,api,Joe Mantegna,Pop Lockett Drop it,2022-W02-03,3,121.86,76.66,Broncos,DEF,DEF,True,False,False,,7.0,,Broncos,DEF,,414.p.100007,100007,Den,yahoo_fantasy_api
2022,2,,1,api,Malle ❤️ 🐸,Voldemort,2022-W02-02,2,124.82,122.68,Jalen Hurts,QB,QB,True,False,False,,36.02,,Jalen Hurts,QB,,414.p.32723,32723,Phi,yahoo_fantasy_api
2022,2,,2,api,Malle ❤️ 🐸,Voldemort,2022-W02-02,2,124.82,122.68,CeeDee Lamb,WR,WR,True,False,False,,11.6,,CeeDee Lamb,WR,,414.p.32687,32687,Dal,yahoo_fantasy_api
2022,2,,3,api,Malle ❤️ 🐸,Voldemort,2022-W02-02,2,124.82,122.68,Adam Thielen,WR,WR,True,False,False,,7.2,,Adam Thielen,WR,,414.p.27277,27277,Pit,yahoo_fantasy_api
2022,2,,4,api,Malle ❤️ 🐸,Voldemort,2022-W02-02,2,124.82,122.68,D'Andre Swift,RB,RB,True,False,False,,15.7,,D'Andre Swift,RB,,414.p.32705,32705,Chi,yahoo_fantasy_api
2022,2,,5,api,Malle ❤️ 🐸,Voldemort,2022-W02-02,2,124.82,122.68,Jamaal Williams,RB,RB,True,False,False,,6.5,,Jamaal Williams,RB,,414.p.30247,30247,NO,yahoo_fantasy_api
2022,2,,6,api,Malle ❤️ 🐸,Voldemort,2022-W02-02,2,124.82,122.68,T.J. Hockenson,TE,TE,True,False,False,,4.1,,T.J. Hockenson,TE,,414.p.31840,31840,Min,yahoo_fantasy_api
2022,2,,7,api,Malle ❤️ 🐸,Voldemort,2022-W02-02,2,124.82,122.68,Diontae Johnson,WR,W/R/T,True,False,False,,10.7,,Diontae Johnson,WR,,414.p.31898,31898,Cle,yahoo_fantasy_api
2022,2,,8,api,Malle ❤️ 🐸,Voldemort,2022-W02-02,2,124.82,122.68,J.D. McKissic,RB,BN,False,True,False,,9.8,,J.D. McKissic,RB,,414.p.29650,29650,Was,yahoo_fantasy_api
2022,2,,9,api,Malle ❤️ 🐸,Voldemort,2022-W02-02,2,124.82,122.68,J.K. Dobbins,RB,BN,False,True,False,,0.0,,J.K. Dobbins,RB,,414.p.32725,32725,Den,yahoo_fantasy_api
2022,2,,10,api,Malle ❤️ 🐸,Voldemort,2022-W02-02,2,124.82,122.68,Cole Kmet,TE,BN,False,True,False,,0.0,,Cole Kmet,TE,,414.p.32713,32713,Chi,yahoo_fantasy_api
2022,2,,11,api,Malle ❤️ 🐸,Voldemort,2022-W02-02,2,124.82,122.68,Trevor Lawrence,QB,BN,False,True,False,,22.5,,Trevor Lawrence,QB,,414.p.33389,33389,Jax,yahoo_fantasy_api
2022,2,,12,api,Malle ❤️ 🐸,Voldemort,2022-W02-02,2,124.82,122.68,Jarvis Landry,WR,BN,False,True,False,,4.5,,Jarvis Landry,WR,,414.p.27591,27591,NO,yahoo_fantasy_api
2022,2,,13,api,Malle ❤️ 🐸,Voldemort,2022-W02-02,2,124.82,122.68,Evan McPherson,K,K,True,False,False,,13.0,,Evan McPherson,K,,414.p.33537,33537,Cin,yahoo_fantasy_api
2022,2,,14,api,Malle ❤️ 🐸,Voldemort,2022-W02-02,2,124.82,122.68,Bills,DEF,DEF,True,False,False,,20.0,,Bills,DEF,,414.p.100002,100002,Buf,yahoo_fantasy_api
2022,2,,15,api,Malle ❤️ 🐸,Voldemort,2022-W02-02,2,124.82,122.68,Eagles,DEF,BN,False,True,False,,12.0,,Eagles,DEF,,414.p.100021,100021,Phi,yahoo_fantasy_api
2022,2,,1,api,Patty Primetimes,ThreatLevelMidnight,2022-W02-04,4,91.88,102.38,Matthew Stafford,QB,QB,True,False,False,,26.88,,Matthew Stafford,QB,,414.p.9265,9265,LAR,yahoo_fantasy_api
2022,2,,2,api,Patty Primetimes,ThreatLevelMidnight,2022-W02-04,4,91.88,102.38,Terry McLaurin,WR,WR,True,False,False,,10.2,,Terry McLaurin,WR,,414.p.31908,31908,Was,yahoo_fantasy_api
2022,2,,3,api,Patty Primetimes,ThreatLevelMidnight,2022-W02-04,4,91.88,102.38,Michael Thomas,WR,WR,True,False,False,,15.5,,Michael Thomas,WR,,414.p.29281,29281,NO,yahoo_fantasy_api
2022,2,,4,api,Patty Primetimes,ThreatLevelMidnight,2022-W02-04,4,91.88,102.38,Derrick Henry,RB,RB,True,False,False,,8.5,,Derrick Henry,RB,,414.p.29279,29279,Bal,yahoo_fantasy_api
2022,2,,5,api,Patty Primetimes,ThreatLevelMidnight,2022-W02-04,4,91.88,102.38,Javonte Williams,RB,RB,True,False,False,,9.0,,Javonte Williams,RB,,414.p.33423,33423,Dal,yahoo_fantasy_api
2022,2,,6,api,Patty Primetimes,ThreatLevelMidnight,2022-W02-04,4,91.88,102.38,Darren Waller,TE,TE,True,False,False,,14.0,,Darren Waller,TE,,414.p.28592,28592,Car,yahoo_fantasy_api
2022,2,,7,api,Patty Primetimes,ThreatLevelMidnight,2022-W02-04,4,91.88,102.38,Travis Etienne Jr.,RB,W/R/T,True,False,False,,6.8,,Travis Etienne Jr.,RB,,414.p.33413,33413,NO,yahoo_fantasy_api
2022,2,,8,api,Patty Primetimes,ThreatLevelMidnight,2022-W02-04,4,91.88,102.38,Aaron Rodgers,QB,BN,False,True,False,,20.36,,Aaron Rodgers,QB,,414.p.7200,7200,Pit,yahoo_fantasy_api
2022,2,,9,api,Patty Primetimes,ThreatLevelMidnight,2022-W02-04,4,91.88,102.38,Hunter Renfrow,WR,BN,False,True,False,,7.4,,Hunter Renfrow,WR,,414.p.31981,31981,Car,yahoo_fantasy_api
2022,2,,10,api,Patty Primetimes,ThreatLevelMidnight,2022-W02-04,4,91.88,102.38,DK Metcalf,WR,BN,False,True,False,,5.5,,DK Metcalf,WR,,414.p.31896,31896,Pit,yahoo_fantasy_api
2022,2,,11,api,Patty Primetimes,ThreatLevelMidnight,2022-W02-04,4,91.88,102.38,Chris Olave,WR,BN,False,True,False,,8.5,,Chris Olave,WR,,414.p.33966,33966,NO,yahoo_fantasy_api
2022,2,,12,api,Patty Primetimes,ThreatLevelMidnight,2022-W02-04,4,91.88,102.38,Skyy Moore,WR,BN,False,True,False,,0.0,,Skyy Moore,WR,,414.p.34009,34009,GB,yahoo_fantasy_api
2022,2,,13,api,Patty Primetimes,ThreatLevelMidnight,2022-W02-04,4,91.88,102.38,Robert Tonyan,TE,BN,False,True,False,,2.1,,Robert Tonyan,TE,,414.p.30777,30777,Pit,yahoo_fantasy_api
2022,2,,14,api,Patty Primetimes,ThreatLevelMidnight,2022-W02-04,4,91.88,102.38,Michael Gallup,WR,IR,False,False,True,,0.0,,Michael Gallup,WR,,414.p.31051,31051,Was,yahoo_fantasy_api
2022,2,,15,api,Patty Primetimes,ThreatLevelMidnight,2022-W02-04,4,91.88,102.38,Greg Joseph,K,K,True,False,False,,1.0,,Greg Joseph,K,,414.p.31538,31538,LV,yahoo_fantasy_api
2022,2,,16,api,Patty Primetimes,ThreatLevelMidnight,2022-W02-04,4,91.88,102.38,Colts,DEF,DEF,True,False,False,,0.0,,Colts,DEF,,414.p.100011,100011,Ind,yahoo_fantasy_api
2022,2,,1,api,Pop Lockett Drop it,Joe Mantegna,2022-W02-03,3,76.66,121.86,Russell Wilson,QB,QB,True,False,False,,14.06,,Russell Wilson,QB,,414.p.25785,25785,NYG,yahoo_fantasy_api
2022,2,,2,api,Pop Lockett Drop it,Joe Mantegna,2022-W02-03,3,76.66,121.86,Christian Kirk,WR,WR,True,False,False,,22.8,,Christian Kirk,WR,,414.p.31017,31017,SF,yahoo_fantasy_api
2022,2,,3,api,Pop Lockett Drop it,Joe Mantegna,2022-W02-03,3,76.66,121.86,Donovan Peoples-Jones,WR,WR,True,False,False,,0.0,,Donovan Peoples-Jones,WR,,414.p.32857,32857,NO,yahoo_fantasy_api
2022,2,,4,api,Pop Lockett Drop it,Joe Mantegna,2022-W02-03,3,76.66,121.86,Najee Harris,RB,RB,True,False,False,,11.4,,Najee Harris,RB,,414.p.33412,33412,NYG,yahoo_fantasy_api
2022,2,,5,api,Pop Lockett Drop it,Joe Mantegna,2022-W02-03,3,76.66,121.86,Melvin Gordon III,RB,RB,True,False,False,,5.8,,Melvin Gordon III,RB,,414.p.28403,28403,Bal,yahoo_fantasy_api
2022,2,,6,api,Pop Lockett Drop it,Joe Mantegna,2022-W02-03,3,76.66,121.86,Dalton Schultz,TE,TE,True,False,False,,0.8,,Dalton Schultz,TE,,414.p.31107,31107,Hou,yahoo_fantasy_api
2022,2,,7,api,Pop Lockett Drop it,Joe Mantegna,2022-W02-03,3,76.66,121.86,Hollywood Brown,WR,W/R/T,True,False,False,,9.8,,Hollywood Brown,WR,,414.p.31857,31857,Phi,yahoo_fantasy_api
2022,2,,8,api,Pop Lockett Drop it,Joe Mantegna,2022-W02-03,3,76.66,121.86,Michael Pittman Jr.,WR,BN,False,True,False,,0.0,,Michael Pittman Jr.,WR,,414.p.32704,32704,Pit,yahoo_fantasy_api
2022,2,,9,api,Pop Lockett Drop it,Joe Mantegna,2022-W02-03,3,76.66,121.86,Dameon Pierce,RB,BN,False,True,False,,8.2,,Dameon Pierce,RB,,414.p.34063,34063,Phi,yahoo_fantasy_api
2022,2,,10,api,Pop Lockett Drop it,Joe Mantegna,2022-W02-03,3,76.66,121.86,Keenan Allen,WR,BN,False,True,False,,0.0,,Keenan Allen,WR,,414.p.26699,26699,Ind,yahoo_fantasy_api
2022,2,,11,api,Pop Lockett Drop it,Joe Mantegna,2022-W02-03,3,76.66,121.86,Rondale Moore,WR,BN,False,True,False,,0.0,,Rondale Moore,WR,,414.p.33437,33437,Min,yahoo_fantasy_api
2022,2,,12,api,Pop Lockett Drop it,Joe Mantegna,2022-W02-03,3,76.66,121.86,Alexander Mattison,RB,BN,False,True,False,,2.9,,Alexander Mattison,RB,,414.p.31934,31934,Mia,yahoo_fantasy_api
2022,2,,13,api,Pop Lockett Drop it,Joe Mantegna,2022-W02-03,3,76.66,121.86,Romeo Doubs,WR,BN,False,True,False,,3.7,,Romeo Doubs,WR,,414.p.34088,34088,NE,yahoo_fantasy_api
2022,2,,14,api,Pop Lockett Drop it,Joe Mantegna,2022-W02-03,3,76.66,121.86,Robbie Gould,K,K,True,False,False,,9.0,,Robbie Gould,K,,414.p.7520,7520,SF,yahoo_fantasy_api
2022,2,,15,api,Pop Lockett Drop it,Joe Mantegna,2022-W02-03,3,76.66,121.86,Steelers,DEF,DEF,True,False,False,,3.0,,Steelers,DEF,,414.p.100023,100023,Pit,yahoo_fantasy_api
2022,2,,1,api,Post Mahomes,Ginger FC 🏆🏆,2022-W02-05,5,80.3,88.18,Tom Brady,QB,QB,True,False,False,,11.4,,Tom Brady,QB,,414.p.5228,5228,TB,yahoo_fantasy_api
2022,2,,2,api,Post Mahomes,Ginger FC 🏆🏆,2022-W02-05,5,80.3,88.18,A.J. Brown,WR,WR,True,False,False,,9.4,,A.J. Brown,WR,,414.p.31883,31883,NE,yahoo_fantasy_api
2022,2,,3,api,Post Mahomes,Ginger FC 🏆🏆,2022-W02-05,5,80.3,88.18,Brandin Cooks,WR,WR,True,False,False,,7.4,,Brandin Cooks,WR,,414.p.27548,27548,SF,yahoo_fantasy_api
2022,2,,4,api,Post Mahomes,Ginger FC 🏆🏆,2022-W02-05,5,80.3,88.18,Jonathan Taylor,RB,RB,True,False,False,,6.8,,Jonathan Taylor,RB,,414.p.32711,32711,Ind,yahoo_fantasy_api
2022,2,,5,api,Post Mahomes,Ginger FC 🏆🏆,2022-W02-05,5,80.3,88.18,Clyde Edwards-Helaire,RB,RB,True,False,False,,13.8,,Clyde Edwards-Helaire,RB,,414.p.32702,32702,KC,yahoo_fantasy_api
2022,2,,6,api,Post Mahomes,Ginger FC 🏆🏆,2022-W02-05,5,80.3,88.18,Gerald Everett,TE,TE,True,False,False,,10.1,,Gerald Everett,TE,,414.p.30157,30157,Chi,yahoo_fantasy_api
2022,2,,7,api,Post Mahomes,Ginger FC 🏆🏆,2022-W02-05,5,80.3,88.18,Ezekiel Elliott,RB,W/R/T,True,False,False,,5.4,,Ezekiel Elliott,RB,,414.p.29238,29238,Dal,yahoo_fantasy_api
2022,2,,8,api,Post Mahomes,Ginger FC 🏆🏆,2022-W02-05,5,80.3,88.18,Gabe Davis,WR,BN,False,True,False,,0.0,,Gabe Davis,WR,,414.p.32798,32798,Buf,yahoo_fantasy_api
2022,2,,9,api,Post Mahomes,Ginger FC 🏆🏆,2022-W02-05,5,80.3,88.18,Tyler Higbee,TE,BN,False,True,False,,10.6,,Tyler Higbee,TE,,414.p.29344,29344,LAR,yahoo_fantasy_api
2022,2,,10,api,Post Mahomes,Ginger FC 🏆🏆,2022-W02-05,5,80.3,88.18,Cam Akers,RB,BN,False,True,False,,7.2,,Cam Akers,RB,,414.p.32722,32722,Sea,yahoo_fantasy_api
2022,2,,11,api,Post Mahomes,Ginger FC 🏆🏆,2022-W02-05,5,80.3,88.18,Allen Lazard,WR,BN,False,True,False,,8.3,,Allen Lazard,WR,,414.p.31268,31268,NYJ,yahoo_fantasy_api
2022,2,,12,api,Post Mahomes,Ginger FC 🏆🏆,2022-W02-05,5,80.3,88.18,Drake London,WR,BN,False,True,False,,20.6,,Drake London,WR,,414.p.33963,33963,Atl,yahoo_fantasy_api
2022,2,,13,api,Post Mahomes,Ginger FC 🏆🏆,2022-W02-05,5,80.3,88.18,Kenneth Walker III,RB,BN,False,True,False,,2.5,,Kenneth Walker III,RB,,414.p.33996,33996,KC,yahoo_fantasy_api
2022,2,,14,api,Post Mahomes,Ginger FC 🏆🏆,2022-W02-05,5,80.3,88.18,Brandon McManus,K,K,True,False,False,,12.0,,Brandon McManus,K,,414.p.27120,27120,GB,yahoo_fantasy_api
2022,2,,15,api,Post Mahomes,Ginger FC 🏆🏆,2022-W02-05,5,80.3,88.18,Harrison Butker,K,IR,False,False,True,,0.0,,Harrison Butker,K,,414.p.30346,30346,KC,yahoo_fantasy_api
2022,2,,16,api,Post Mahomes,Ginger FC 🏆🏆,2022-W02-05,5,80.3,88.18,Saints,DEF,DEF,True,False,False,,4.0,,Saints,DEF,,414.p.100018,100018,NO,yahoo_fantasy_api
2022,2,,1,api,The Big Gronkowski,Big Sack Jack,2022-W02-01,1,109.84,145.66,Kirk Cousins,QB,QB,True,False,False,,13.84,,Kirk Cousins,QB,,414.p.25812,25812,LV,yahoo_fantasy_api
2022,2,,2,api,The Big Gronkowski,Big Sack Jack,2022-W02-01,1,109.84,145.66,Cooper Kupp,WR,WR,True,False,False,,26.3,,Cooper Kupp,WR,,414.p.30182,30182,Sea,yahoo_fantasy_api
2022,2,,3,api,The Big Gronkowski,Big Sack Jack,2022-W02-01,1,109.84,145.66,Tee Higgins,WR,WR,True,False,False,,16.1,,Tee Higgins,WR,,414.p.32703,32703,Cin,yahoo_fantasy_api
2022,2,,4,api,The Big Gronkowski,Big Sack Jack,2022-W02-01,1,109.84,145.66,Austin Ekeler,RB,RB,True,False,False,,13.9,,Austin Ekeler,RB,,414.p.30423,30423,Was,yahoo_fantasy_api
2022,2,,5,api,The Big Gronkowski,Big Sack Jack,2022-W02-01,1,109.84,145.66,Jeff Wilson Jr.,RB,RB,True,False,False,,11.3,,Jeff Wilson Jr.,RB,,414.p.31394,31394,Mia,yahoo_fantasy_api
2022,2,,6,api,The Big Gronkowski,Big Sack Jack,2022-W02-01,1,109.84,145.66,Hayden Hurst,TE,TE,True,False,False,,4.9,,Hayden Hurst,TE,,414.p.30995,30995,LAC,yahoo_fantasy_api
2022,2,,7,api,The Big Gronkowski,Big Sack Jack,2022-W02-01,1,109.84,145.66,JuJu Smith-Schuster,WR,W/R/T,True,False,False,,2.5,,JuJu Smith-Schuster,WR,,414.p.30175,30175,NYG,yahoo_fantasy_api
2022,2,,8,api,The Big Gronkowski,Big Sack Jack,2022-W02-01,1,109.84,145.66,George Kittle,TE,BN,False,True,False,,0.0,,George Kittle,TE,,414.p.30259,30259,SF,yahoo_fantasy_api
2022,2,,9,api,The Big Gronkowski,Big Sack Jack,2022-W02-01,1,109.84,145.66,Damien Harris,RB,BN,False,True,False,,15.7,,Damien Harris,RB,,414.p.31919,31919,Buf,yahoo_fantasy_api
2022,2,,10,api,The Big Gronkowski,Big Sack Jack,2022-W02-01,1,109.84,145.66,Trey Lance,QB,BN,False,True,False,,2.5,,Trey Lance,QB,,414.p.33391,33391,LAC,yahoo_fantasy_api
2022,2,,11,api,The Big Gronkowski,Big Sack Jack,2022-W02-01,1,109.84,145.66,Tony Pollard,RB,BN,False,True,False,,17.8,,Tony Pollard,RB,,414.p.31960,31960,Ten,yahoo_fantasy_api
2022,2,,12,api,The Big Gronkowski,Big Sack Jack,2022-W02-01,1,109.84,145.66,Isaiah McKenzie,WR,BN,False,True,False,,4.7,,Isaiah McKenzie,WR,,414.p.30285,30285,Mia,yahoo_fantasy_api
2022,2,,13,api,The Big Gronkowski,Big Sack Jack,2022-W02-01,1,109.84,145.66,Tyler Bass,K,K,True,False,False,,12.0,,Tyler Bass,K,,414.p.32858,32858,Buf,yahoo_fantasy_api
2022,2,,14,api,The Big Gronkowski,Big Sack Jack,2022-W02-01,1,109.84,145.66,Packers,DEF,DEF,True,False,False,,9.0,,Packers,DEF,,414.p.100009,100009,GB,yahoo_fantasy_api
2022,2,,15,api,The Big Gronkowski,Big Sack Jack,2022-W02-01,1,109.84,145.66,Buccaneers,DEF,BN,False,True,False,,26.0,,Buccaneers,DEF,,414.p.100027,100027,TB,yahoo_fantasy_api
2022,2,,1,api,ThreatLevelMidnight,Patty Primetimes,2022-W02-04,4,102.38,91.88,Carson Wentz,QB,QB,True,False,False,,34.78,,Carson Wentz,QB,,414.p.29236,29236,Min,yahoo_fantasy_api
2022,2,,2,api,ThreatLevelMidnight,Patty Primetimes,2022-W02-04,4,102.38,91.88,Stefon Diggs,WR,WR,True,False,False,,38.8,,Stefon Diggs,WR,,414.p.28534,28534,Was,yahoo_fantasy_api
2022,2,,3,api,ThreatLevelMidnight,Patty Primetimes,2022-W02-04,4,102.38,91.88,Mike Evans,WR,WR,True,False,False,,7.6,,Mike Evans,WR,,414.p.27535,27535,SF,yahoo_fantasy_api
2022,2,,4,api,ThreatLevelMidnight,Patty Primetimes,2022-W02-04,4,102.38,91.88,Chase Edmonds,RB,RB,True,False,False,,4.6,,Chase Edmonds,RB,,414.p.31104,31104,Was,yahoo_fantasy_api
2022,2,,5,api,ThreatLevelMidnight,Patty Primetimes,2022-W02-04,4,102.38,91.88,Miles Sanders,RB,RB,True,False,False,,10.1,,Miles Sanders,RB,,414.p.31885,31885,Dal,yahoo_fantasy_api
2022,2,,6,api,ThreatLevelMidnight,Patty Primetimes,2022-W02-04,4,102.38,91.88,Albert Okwuegbunam Jr.,TE,TE,True,False,False,,0.0,,Albert Okwuegbunam Jr.,TE,,414.p.32788,32788,LV,yahoo_fantasy_api
2022,2,,7,api,ThreatLevelMidnight,Patty Primetimes,2022-W02-04,4,102.38,91.88,Rashaad Penny,RB,W/R/T,True,False,False,,1.5,,Rashaad Penny,RB,,414.p.30997,30997,Phi,yahoo_fantasy_api
2022,2,,8,api,ThreatLevelMidnight,Patty Primetimes,2022-W02-04,4,102.38,91.88,Rashod Bateman,WR,BN,False,True,False,,18.8,,Rashod Bateman,WR,,414.p.33415,33415,Bal,yahoo_fantasy_api
2022,2,,9,api,ThreatLevelMidnight,Patty Primetimes,2022-W02-04,4,102.38,91.88,Allen Robinson,WR,BN,False,True,False,,13.3,,Allen Robinson,WR,,414.p.27589,27589,Det,yahoo_fantasy_api
2022,2,,10,api,ThreatLevelMidnight,Patty Primetimes,2022-W02-04,4,102.38,91.88,Dak Prescott,QB,BN,False,True,False,,0.0,,Dak Prescott,QB,,414.p.29369,29369,Dal,yahoo_fantasy_api
2022,2,,11,api,ThreatLevelMidnight,Patty Primetimes,2022-W02-04,4,102.38,91.88,DeAndre Hopkins,WR,BN,False,True,False,,0.0,,DeAndre Hopkins,WR,,414.p.26650,26650,Bal,yahoo_fantasy_api
2022,2,,12,api,ThreatLevelMidnight,Patty Primetimes,2022-W02-04,4,102.38,91.88,Brian Robinson,RB,BN,False,True,False,,0.0,,Brian Robinson,RB,,414.p.34054,34054,Atl,yahoo_fantasy_api
2022,2,,13,api,ThreatLevelMidnight,Patty Primetimes,2022-W02-04,4,102.38,91.88,Jaylen Warren,RB,BN,False,True,False,,2.0,,Jaylen Warren,RB,,414.p.34447,34447,Pit,yahoo_fantasy_api
2022,2,,14,api,ThreatLevelMidnight,Patty Primetimes,2022-W02-04,4,102.38,91.88,Elijah Mitchell,RB,IR,False,False,True,,0.0,,Elijah Mitchell,RB,,414.p.33582,33582,KC,yahoo_fantasy_api
2022,2,,15,api,ThreatLevelMidnight,Patty Primetimes,2022-W02-04,4,102.38,91.88,Matt Prater,K,K,True,False,False,,1.0,,Matt Prater,K,,414.p.8565,8565,Buf,yahoo_fantasy_api
2022,2,,16,api,ThreatLevelMidnight,Patty Primetimes,2022-W02-04,4,102.38,91.88,Bengals,DEF,DEF,True,False,False,,4.0,,Bengals,DEF,,414.p.100004,100004,Cin,yahoo_fantasy_api
2022,2,,1,api,Uncle Rico,malle_dips_pouches,2022-W02-06,6,95.5,168.52,Patrick Mahomes,QB,QB,True,False,False,,21.3,,Patrick Mahomes,QB,,414.p.30123,30123,KC,yahoo_fantasy_api
2022,2,,2,api,Uncle Rico,malle_dips_pouches,2022-W02-06,6,95.5,168.52,Ja'Marr Chase,WR,WR,True,False,False,,8.3,,Ja'Marr Chase,WR,,414.p.33393,33393,Cin,yahoo_fantasy_api
2022,2,,3,api,Uncle Rico,malle_dips_pouches,2022-W02-06,6,95.5,168.52,Brandon Aiyuk,WR,WR,True,False,False,,8.8,,Brandon Aiyuk,WR,,414.p.32695,32695,SF,yahoo_fantasy_api
2022,2,,4,api,Uncle Rico,malle_dips_pouches,2022-W02-06,6,95.5,168.52,Saquon Barkley,RB,RB,True,False,False,,10.3,,Saquon Barkley,RB,,414.p.30972,30972,Phi,yahoo_fantasy_api
2022,2,,5,api,Uncle Rico,malle_dips_pouches,2022-W02-06,6,95.5,168.52,Nick Chubb,RB,RB,True,False,False,,30.8,,Nick Chubb,RB,,414.p.31005,31005,Hou,yahoo_fantasy_api
2022,2,,6,api,Uncle Rico,malle_dips_pouches,2022-W02-06,6,95.5,168.52,Kyle Pitts Sr.,TE,TE,True,False,False,,2.9,,Kyle Pitts Sr.,TE,,414.p.33392,33392,Atl,yahoo_fantasy_api
2022,2,,7,api,Uncle Rico,malle_dips_pouches,2022-W02-06,6,95.5,168.52,Cordarrelle Patterson,RB,W/R/T,True,False,False,,4.1,,Cordarrelle Patterson,RB,,414.p.26652,26652,Pit,yahoo_fantasy_api
2022,2,,8,api,Uncle Rico,malle_dips_pouches,2022-W02-06,6,95.5,168.52,Kadarius Toney,WR,BN,False,True,False,,1.0,,Kadarius Toney,WR,,414.p.33408,33408,Cle,yahoo_fantasy_api
2022,2,,9,api,Uncle Rico,malle_dips_pouches,2022-W02-06,6,95.5,168.52,George Pickens,WR,BN,False,True,False,,2.8,,George Pickens,WR,,414.p.34007,34007,Dal,yahoo_fantasy_api
2022,2,,10,api,Uncle Rico,malle_dips_pouches,2022-W02-06,6,95.5,168.52,Jakobi Meyers,WR,BN,False,True,False,,14.0,,Jakobi Meyers,WR,,414.p.32231,32231,Jax,yahoo_fantasy_api
2022,2,,11,api,Uncle Rico,malle_dips_pouches,2022-W02-06,6,95.5,168.52,Isiah Pacheco,RB,BN,False,True,False,,0.6,,Isiah Pacheco,RB,,414.p.34207,34207,Det,yahoo_fantasy_api
2022,2,,12,api,Uncle Rico,malle_dips_pouches,2022-W02-06,6,95.5,168.52,Jahan Dotson,WR,BN,False,True,False,,15.9,,Jahan Dotson,WR,,414.p.33971,33971,Atl,yahoo_fantasy_api
2022,2,,13,api,Uncle Rico,malle_dips_pouches,2022-W02-06,6,95.5,168.52,Taysom Hill,"QB,TE",BN,False,True,False,,1.4,,Taysom Hill,"QB,TE",,414.p.30614,30614,NO,yahoo_fantasy_api
2022,2,,14,api,Uncle Rico,malle_dips_pouches,2022-W02-06,6,95.5,168.52,Jake Elliott,K,K,True,False,False,,6.0,,Jake Elliott,K,,414.p.30266,30266,Phi,yahoo_fantasy_api
2022,2,,15,api,Uncle Rico,malle_dips_pouches,2022-W02-06,6,95.5,168.52,Browns,DEF,DEF,True,False,False,,3.0,,Browns,DEF,,414.p.100005,100005,Cle,yahoo_fantasy_api
2022,2,,1,api,Voldemort,Malle ❤️ 🐸,2022-W02-02,2,122.68,124.82,Josh Allen,QB,QB,True,False,False,,37.68,,Josh Allen,QB,,414.p.30977,30977,Buf,yahoo_fantasy_api
2022,2,,2,api,Voldemort,Malle ❤️ 🐸,2022-W02-02,2,122.68,124.82,Deebo Samuel Sr.,WR,WR,True,False,False,,12.2,,Deebo Samuel Sr.,WR,,414.p.31868,31868,SF,yahoo_fantasy_api
2022,2,,3,api,Voldemort,Malle ❤️ 🐸,2022-W02-02,2,122.68,124.82,Justin Jefferson,WR,WR,True,False,False,,7.8,,Justin Jefferson,WR,,414.p.32692,32692,Min,yahoo_fantasy_api
2022,2,,4,api,Voldemort,Malle ❤️ 🐸,2022-W02-02,2,122.68,124.82,Joe Mixon,RB,RB,True,False,False,,9.8,,Joe Mixon,RB,,414.p.30161,30161,Hou,yahoo_fantasy_api
2022,2,,5,api,Voldemort,Malle ❤️ 🐸,2022-W02-02,2,122.68,124.82,Antonio Gibson,RB,RB,True,False,False,,11.1,,Antonio Gibson,RB,,414.p.32736,32736,NE,yahoo_fantasy_api
2022,2,,6,api,Voldemort,Malle ❤️ 🐸,2022-W02-02,2,122.68,124.82,Zach Ertz,TE,TE,True,False,False,,11.5,,Zach Ertz,TE,,414.p.26658,26658,Phi,yahoo_fantasy_api
2022,2,,7,api,Voldemort,Malle ❤️ 🐸,2022-W02-02,2,122.68,124.82,David Montgomery,RB,W/R/T,True,False,False,,14.6,,David Montgomery,RB,,414.p.31905,31905,Hou,yahoo_fantasy_api
2022,2,,8,api,Voldemort,Malle ❤️ 🐸,2022-W02-02,2,122.68,124.82,Darnell Mooney,WR,BN,False,True,False,,0.1,,Darnell Mooney,WR,,414.p.32843,32843,NYG,yahoo_fantasy_api
2022,2,,9,api,Voldemort,Malle ❤️ 🐸,2022-W02-02,2,122.68,124.82,James Robinson,RB,BN,False,True,False,,14.8,,James Robinson,RB,,414.p.33138,33138,NO,yahoo_fantasy_api
2022,2,,10,api,Voldemort,Malle ❤️ 🐸,2022-W02-02,2,122.68,124.82,Marquez Valdes-Scantling,WR,BN,False,True,False,,2.3,,Marquez Valdes-Scantling,WR,,414.p.31144,31144,LAC,yahoo_fantasy_api
2022,2,,11,api,Voldemort,Malle ❤️ 🐸,2022-W02-02,2,122.68,124.82,Curtis Samuel,WR,BN,False,True,False,,19.4,,Curtis Samuel,WR,,414.p.30153,30153,Buf,yahoo_fantasy_api
2022,2,,12,api,Voldemort,Malle ❤️ 🐸,2022-W02-02,2,122.68,124.82,Rachaad White,RB,BN,False,True,False,,0.1,,Rachaad White,RB,,414.p.34047,34047,Was,yahoo_fantasy_api
2022,2,,13,api,Voldemort,Malle ❤️ 🐸,2022-W02-02,2,122.68,124.82,Zack Moss,RB,BN,False,True,False,,1.7,,Zack Moss,RB,,414.p.32756,32756,Cin,yahoo_fantasy_api
2022,2,,14,api,Voldemort,Malle ❤️ 🐸,2022-W02-02,2,122.68,124.82,Chris Godwin Jr.,WR,IR,False,False,True,,0.0,,Chris Godwin Jr.,WR,,414.p.30197,30197,TB,yahoo_fantasy_api
2022,2,,15,api,Voldemort,Malle ❤️ 🐸,2022-W02-02,2,122.68,124.82,Ryan Succop,K,K,True,False,False,,10.0,,Ryan Succop,K,,414.p.9520,9520,TB,yahoo_fantasy_api
2022,2,,16,api,Voldemort,Malle ❤️ 🐸,2022-W02-02,2,122.68,124.82,Patriots,DEF,DEF,True,False,False,,8.0,,Patriots,DEF,,414.p.100017,100017,NE,yahoo_fantasy_api
2022,2,,1,api,malle_dips_pouches,Uncle Rico,2022-W02-06,6,168.52,95.5,Lamar Jackson,QB,QB,True,False,False,,48.62,,Lamar Jackson,QB,,414.p.31002,31002,Bal,yahoo_fantasy_api
2022,2,,2,api,malle_dips_pouches,Uncle Rico,2022-W02-06,6,168.52,95.5,Jaylen Waddle,WR,WR,True,False,False,,34.6,,Jaylen Waddle,WR,,414.p.33394,33394,Den,yahoo_fantasy_api
2022,2,,3,api,malle_dips_pouches,Uncle Rico,2022-W02-06,6,168.52,95.5,Amari Cooper,WR,WR,True,False,False,,20.6,,Amari Cooper,WR,,414.p.28392,28392,Buf,yahoo_fantasy_api
2022,2,,4,api,malle_dips_pouches,Uncle Rico,2022-W02-06,6,168.52,95.5,Christian McCaffrey,RB,RB,True,False,False,,14.8,,Christian McCaffrey,RB,,414.p.30121,30121,SF,yahoo_fantasy_api
2022,2,,5,api,malle_dips_pouches,Uncle Rico,2022-W02-06,6,168.52,95.5,Josh Jacobs,RB,RB,True,False,False,,8.6,,Josh Jacobs,RB,,414.p.31856,31856,GB,yahoo_fantasy_api
2022,2,,6,api,malle_dips_pouches,Uncle Rico,2022-W02-06,6,168.52,95.5,Mark Andrews,TE,TE,True,False,False,,21.2,,Mark Andrews,TE,,414.p.31056,31056,Bal,yahoo_fantasy_api
2022,2,,7,api,malle_dips_pouches,Uncle Rico,2022-W02-06,6,168.52,95.5,James Conner,RB,W/R/T,True,False,False,,6.1,,James Conner,RB,,414.p.30218,30218,Ari,yahoo_fantasy_api
2022,2,,8,api,malle_dips_pouches,Uncle Rico,2022-W02-06,6,168.52,95.5,DeVonta Smith,WR,BN,False,True,False,,11.5,,DeVonta Smith,WR,,414.p.33398,33398,Phi,yahoo_fantasy_api
2022,2,,9,api,malle_dips_pouches,Uncle Rico,2022-W02-06,6,168.52,95.5,Michael Carter,RB,BN,False,True,False,,7.5,,Michael Carter,RB,,414.p.33495,33495,Ten,yahoo_fantasy_api
2022,2,,10,api,malle_dips_pouches,Uncle Rico,2022-W02-06,6,168.52,95.5,Tyler Boyd,WR,BN,False,True,False,,4.7,,Tyler Boyd,WR,,414.p.29288,29288,Ten,yahoo_fantasy_api
2022,2,,11,api,malle_dips_pouches,Uncle Rico,2022-W02-06,6,168.52,95.5,Pat Freiermuth,TE,BN,False,True,False,,10.2,,Pat Freiermuth,TE,,414.p.33443,33443,Pit,yahoo_fantasy_api
2022,2,,12,api,malle_dips_pouches,Uncle Rico,2022-W02-06,6,168.52,95.5,DeVante Parker,WR,BN,False,True,False,,0.0,,DeVante Parker,WR,,414.p.28402,28402,NE,yahoo_fantasy_api
2022,2,,13,api,malle_dips_pouches,Uncle Rico,2022-W02-06,6,168.52,95.5,Justin Fields,QB,BN,False,True,False,,9.8,,Justin Fields,QB,,414.p.33399,33399,KC,yahoo_fantasy_api
2022,2,,14,api,malle_dips_pouches,Uncle Rico,2022-W02-06,6,168.52,95.5,Matt Gay,K,K,True,False,False,,7.0,,Matt Gay,K,,414.p.31977,31977,LV,yahoo_fantasy_api
2022,2,,15,api,malle_dips_pouches,Uncle Rico,2022-W02-06,6,168.52,95.5,Ravens,DEF,DEF,True,False,False,,7.0,,Ravens,DEF,,414.p.100033,100033,Bal,yahoo_fantasy_api
2022,3,,1,api,Big Sack Jack,Malle ❤️ 🐸,2022-W03-02,2,85.5,132.7,Joe Burrow,QB,QB,True,False,False,,29.0,,Joe Burrow,QB,,414.p.32671,32671,Cin,yahoo_fantasy_api
2022,3,,2,api,Big Sack Jack,Malle ❤️ 🐸,2022-W03-02,2,85.5,132.7,Tyreek Hill,WR,WR,True,False,False,,4.3,,Tyreek Hill,WR,,414.p.29399,29399,Mia,yahoo_fantasy_api
2022,3,,3,api,Big Sack Jack,Malle ❤️ 🐸,2022-W03-02,2,85.5,132.7,DJ Moore,WR,WR,True,False,False,,2.0,,DJ Moore,WR,,414.p.30994,30994,Buf,yahoo_fantasy_api
2022,3,,4,api,Big Sack Jack,Malle ❤️ 🐸,2022-W03-02,2,85.5,132.7,Dalvin Cook,RB,RB,True,False,False,,13.6,,Dalvin Cook,RB,,414.p.30154,30154,Dal,yahoo_fantasy_api
2022,3,,5,api,Big Sack Jack,Malle ❤️ 🐸,2022-W03-02,2,85.5,132.7,AJ Dillon,RB,RB,True,False,False,,4.8,,AJ Dillon,RB,,414.p.32732,32732,Car,yahoo_fantasy_api
2022,3,,6,api,Big Sack Jack,Malle ❤️ 🐸,2022-W03-02,2,85.5,132.7,Dawson Knox,TE,TE,True,False,False,,4.5,,Dawson Knox,TE,,414.p.31928,31928,Buf,yahoo_fantasy_api
2022,3,,7,api,Big Sack Jack,Malle ❤️ 🐸,2022-W03-02,2,85.5,132.7,Amon-Ra St. Brown,WR,W/R/T,True,False,False,,10.3,,Amon-Ra St. Brown,WR,,414.p.33500,33500,Det,yahoo_fantasy_api
2022,3,,8,api,Big Sack Jack,Malle ❤️ 🐸,2022-W03-02,2,85.5,132.7,Nyheim Miller-Hines,RB,BN,False,True,False,,5.5,,Nyheim Miller-Hines,RB,,414.p.31074,31074,LAC,yahoo_fantasy_api
2022,3,,9,api,Big Sack Jack,Malle ❤️ 🐸,2022-W03-02,2,85.5,132.7,Derek Carr,QB,BN,False,True,False,,24.82,,Derek Carr,QB,,414.p.27564,27564,NO,yahoo_fantasy_api
2022,3,,10,api,Big Sack Jack,Malle ❤️ 🐸,2022-W03-02,2,85.5,132.7,Khalil Herbert,RB,BN,False,True,False,,29.9,,Khalil Herbert,RB,,414.p.33605,33605,Atl,yahoo_fantasy_api
2022,3,,11,api,Big Sack Jack,Malle ❤️ 🐸,2022-W03-02,2,85.5,132.7,Nico Collins,WR,BN,False,True,False,,5.1,,Nico Collins,WR,,414.p.33477,33477,Hou,yahoo_fantasy_api
2022,3,,12,api,Big Sack Jack,Malle ❤️ 🐸,2022-W03-02,2,85.5,132.7,Hunter Henry,TE,BN,False,True,False,,1.3,,Hunter Henry,TE,,414.p.29269,29269,NE,yahoo_fantasy_api
2022,3,,13,api,Big Sack Jack,Malle ❤️ 🐸,2022-W03-02,2,85.5,132.7,Justin Tucker,K,K,True,False,False,,9.0,,Justin Tucker,K,,414.p.26534,26534,Bal,yahoo_fantasy_api
2022,3,,14,api,Big Sack Jack,Malle ❤️ 🐸,2022-W03-02,2,85.5,132.7,49ers,DEF,DEF,True,False,False,,8.0,,49ers,DEF,,414.p.100025,100025,SF,yahoo_fantasy_api
2022,3,,15,api,Big Sack Jack,Malle ❤️ 🐸,2022-W03-02,2,85.5,132.7,Chiefs,DEF,BN,False,True,False,,8.0,,Chiefs,DEF,,414.p.100012,100012,KC,yahoo_fantasy_api
2022,3,,1,api,Ginger FC 🏆🏆,Pop Lockett Drop it,2022-W03-05,5,79.36,89.18,Kyler Murray,QB,QB,True,False,False,,13.36,,Kyler Murray,QB,,414.p.31833,31833,Min,yahoo_fantasy_api
2022,3,,2,api,Ginger FC 🏆🏆,Pop Lockett Drop it,2022-W03-05,5,79.36,89.18,Jerry Jeudy,WR,WR,True,False,False,,2.7,,Jerry Jeudy,WR,,414.p.32685,32685,Cle,yahoo_fantasy_api
2022,3,,3,api,Ginger FC 🏆🏆,Pop Lockett Drop it,2022-W03-05,5,79.36,89.18,Mike Williams,WR,WR,True,False,False,,8.0,,Mike Williams,WR,,414.p.30120,30120,Pit,yahoo_fantasy_api
2022,3,,4,api,Ginger FC 🏆🏆,Pop Lockett Drop it,2022-W03-05,5,79.36,89.18,Leonard Fournette,RB,RB,True,False,False,,9.5,,Leonard Fournette,RB,,414.p.30117,30117,Buf,yahoo_fantasy_api
2022,3,,5,api,Ginger FC 🏆🏆,Pop Lockett Drop it,2022-W03-05,5,79.36,89.18,Alvin Kamara,RB,RB,True,False,False,,6.3,,Alvin Kamara,RB,,414.p.30180,30180,NO,yahoo_fantasy_api
2022,3,,6,api,Ginger FC 🏆🏆,Pop Lockett Drop it,2022-W03-05,5,79.36,89.18,Travis Kelce,TE,TE,True,False,False,,15.9,,Travis Kelce,TE,,414.p.26686,26686,KC,yahoo_fantasy_api
2022,3,,7,api,Ginger FC 🏆🏆,Pop Lockett Drop it,2022-W03-05,5,79.36,89.18,Kareem Hunt,RB,W/R/T,True,False,False,,7.6,,Kareem Hunt,RB,,414.p.30199,30199,KC,yahoo_fantasy_api
2022,3,,8,api,Ginger FC 🏆🏆,Pop Lockett Drop it,2022-W03-05,5,79.36,89.18,Devin Duvernay,WR,BN,False,True,False,,9.3,,Devin Duvernay,WR,,414.p.32762,32762,Ari,yahoo_fantasy_api
2022,3,,9,api,Ginger FC 🏆🏆,Pop Lockett Drop it,2022-W03-05,5,79.36,89.18,DJ Chark,WR,BN,False,True,False,,6.1,,DJ Chark,WR,,414.p.31031,31031,Atl,yahoo_fantasy_api
2022,3,,10,api,Ginger FC 🏆🏆,Pop Lockett Drop it,2022-W03-05,5,79.36,89.18,Rhamondre Stevenson,RB,BN,False,True,False,,18.1,,Rhamondre Stevenson,RB,,414.p.33508,33508,NE,yahoo_fantasy_api
2022,3,,11,api,Ginger FC 🏆🏆,Pop Lockett Drop it,2022-W03-05,5,79.36,89.18,Tyler Lockett,WR,BN,False,True,False,,12.1,,Tyler Lockett,WR,,414.p.28457,28457,LV,yahoo_fantasy_api
2022,3,,12,api,Ginger FC 🏆🏆,Pop Lockett Drop it,2022-W03-05,5,79.36,89.18,Mark Ingram II,RB,BN,False,True,False,,7.8,,Mark Ingram II,RB,,414.p.24815,24815,NO,yahoo_fantasy_api
2022,3,,13,api,Ginger FC 🏆🏆,Pop Lockett Drop it,2022-W03-05,5,79.36,89.18,Tua Tagovailoa,QB,BN,False,True,False,,13.44,,Tua Tagovailoa,QB,,414.p.32675,32675,Atl,yahoo_fantasy_api
2022,3,,14,api,Ginger FC 🏆🏆,Pop Lockett Drop it,2022-W03-05,5,79.36,89.18,Daniel Carlson,K,K,True,False,False,,10.0,,Daniel Carlson,K,,414.p.31137,31137,NO,yahoo_fantasy_api
2022,3,,15,api,Ginger FC 🏆🏆,Pop Lockett Drop it,2022-W03-05,5,79.36,89.18,Rams,DEF,DEF,True,False,False,,6.0,,Rams,DEF,,414.p.100014,100014,LAR,yahoo_fantasy_api
2022,3,,1,api,Joe Mantegna,The Big Gronkowski,2022-W03-01,1,104.58,95.3,Justin Herbert,QB,QB,True,False,False,,15.58,,Justin Herbert,QB,,414.p.32676,32676,LAC,yahoo_fantasy_api
2022,3,,2,api,Joe Mantegna,The Big Gronkowski,2022-W03-01,1,104.58,95.3,Davante Adams,WR,WR,True,False,False,,11.7,,Davante Adams,WR,,414.p.27581,27581,LAR,yahoo_fantasy_api
2022,3,,3,api,Joe Mantegna,The Big Gronkowski,2022-W03-01,1,104.58,95.3,Courtland Sutton,WR,WR,True,False,False,,13.7,,Courtland Sutton,WR,,414.p.31010,31010,Den,yahoo_fantasy_api
2022,3,,4,api,Joe Mantegna,The Big Gronkowski,2022-W03-01,1,104.58,95.3,Aaron Jones Sr.,RB,RB,True,False,False,,4.2,,Aaron Jones Sr.,RB,,414.p.30295,30295,Min,yahoo_fantasy_api
2022,3,,5,api,Joe Mantegna,The Big Gronkowski,2022-W03-01,1,104.58,95.3,Darrell Henderson Jr.,RB,RB,True,False,False,,1.7,,Darrell Henderson Jr.,RB,,414.p.31902,31902,LAR,yahoo_fantasy_api
2022,3,,6,api,Joe Mantegna,The Big Gronkowski,2022-W03-01,1,104.58,95.3,Dallas Goedert,TE,TE,True,False,False,,10.1,,Dallas Goedert,TE,,414.p.31019,31019,Phi,yahoo_fantasy_api
2022,3,,7,api,Joe Mantegna,The Big Gronkowski,2022-W03-01,1,104.58,95.3,Devin Singletary,RB,W/R/T,True,False,False,,19.6,,Devin Singletary,RB,,414.p.31906,31906,NYG,yahoo_fantasy_api
2022,3,,8,api,Joe Mantegna,The Big Gronkowski,2022-W03-01,1,104.58,95.3,Breece Hall,RB,BN,False,True,False,,12.2,,Breece Hall,RB,,414.p.33991,33991,NYJ,yahoo_fantasy_api
2022,3,,9,api,Joe Mantegna,The Big Gronkowski,2022-W03-01,1,104.58,95.3,Elijah Moore,WR,BN,False,True,False,,6.9,,Elijah Moore,WR,,414.p.33422,33422,Phi,yahoo_fantasy_api
2022,3,,10,api,Joe Mantegna,The Big Gronkowski,2022-W03-01,1,104.58,95.3,Russell Gage Jr.,WR,BN,False,True,False,,18.7,,Russell Gage Jr.,WR,,414.p.31164,31164,SF,yahoo_fantasy_api
2022,3,,11,api,Joe Mantegna,The Big Gronkowski,2022-W03-01,1,104.58,95.3,Chase Claypool,WR,BN,False,True,False,,6.1,,Chase Claypool,WR,,414.p.32719,32719,Buf,yahoo_fantasy_api
2022,3,,12,api,Joe Mantegna,The Big Gronkowski,2022-W03-01,1,104.58,95.3,Robbie Chosen,WR,BN,False,True,False,,1.9,,Robbie Chosen,WR,,414.p.29785,29785,Was,yahoo_fantasy_api
2022,3,,13,api,Joe Mantegna,The Big Gronkowski,2022-W03-01,1,104.58,95.3,Jimmy Garoppolo,QB,BN,False,True,False,,11.44,,Jimmy Garoppolo,QB,,414.p.27590,27590,LAR,yahoo_fantasy_api
2022,3,,14,api,Joe Mantegna,The Big Gronkowski,2022-W03-01,1,104.58,95.3,Younghoe Koo,K,K,True,False,False,,12.0,,Younghoe Koo,K,,414.p.30426,30426,NYG,yahoo_fantasy_api
2022,3,,15,api,Joe Mantegna,The Big Gronkowski,2022-W03-01,1,104.58,95.3,Broncos,DEF,DEF,True,False,False,,16.0,,Broncos,DEF,,414.p.100007,100007,Den,yahoo_fantasy_api
2022,3,,1,api,Malle ❤️ 🐸,Big Sack Jack,2022-W03-02,2,132.7,85.5,Jalen Hurts,QB,QB,True,False,False,,33.6,,Jalen Hurts,QB,,414.p.32723,32723,Phi,yahoo_fantasy_api
2022,3,,2,api,Malle ❤️ 🐸,Big Sack Jack,2022-W03-02,2,132.7,85.5,CeeDee Lamb,WR,WR,True,False,False,,18.7,,CeeDee Lamb,WR,,414.p.32687,32687,Dal,yahoo_fantasy_api
2022,3,,3,api,Malle ❤️ 🐸,Big Sack Jack,2022-W03-02,2,132.7,85.5,Adam Thielen,WR,WR,True,False,False,,15.1,,Adam Thielen,WR,,414.p.27277,27277,Pit,yahoo_fantasy_api
2022,3,,4,api,Malle ❤️ 🐸,Big Sack Jack,2022-W03-02,2,132.7,85.5,Antonio Gibson,RB,RB,True,False,False,,10.5,,Antonio Gibson,RB,,414.p.32736,32736,NE,yahoo_fantasy_api
2022,3,,5,api,Malle ❤️ 🐸,Big Sack Jack,2022-W03-02,2,132.7,85.5,James Robinson,RB,RB,True,False,False,,19.1,,James Robinson,RB,,414.p.33138,33138,NO,yahoo_fantasy_api
2022,3,,6,api,Malle ❤️ 🐸,Big Sack Jack,2022-W03-02,2,132.7,85.5,T.J. Hockenson,TE,TE,True,False,False,,9.3,,T.J. Hockenson,TE,,414.p.31840,31840,Min,yahoo_fantasy_api
2022,3,,7,api,Malle ❤️ 🐸,Big Sack Jack,2022-W03-02,2,132.7,85.5,Diontae Johnson,WR,W/R/T,True,False,False,,12.4,,Diontae Johnson,WR,,414.p.31898,31898,Cle,yahoo_fantasy_api
2022,3,,8,api,Malle ❤️ 🐸,Big Sack Jack,2022-W03-02,2,132.7,85.5,Jamaal Williams,RB,BN,False,True,False,,23.7,,Jamaal Williams,RB,,414.p.30247,30247,NO,yahoo_fantasy_api
2022,3,,9,api,Malle ❤️ 🐸,Big Sack Jack,2022-W03-02,2,132.7,85.5,J.D. McKissic,RB,BN,False,True,False,,7.0,,J.D. McKissic,RB,,414.p.29650,29650,Was,yahoo_fantasy_api
2022,3,,10,api,Malle ❤️ 🐸,Big Sack Jack,2022-W03-02,2,132.7,85.5,J.K. Dobbins,RB,BN,False,True,False,,5.0,,J.K. Dobbins,RB,,414.p.32725,32725,Den,yahoo_fantasy_api
2022,3,,11,api,Malle ❤️ 🐸,Big Sack Jack,2022-W03-02,2,132.7,85.5,Cole Kmet,TE,BN,False,True,False,,5.0,,Cole Kmet,TE,,414.p.32713,32713,Chi,yahoo_fantasy_api
2022,3,,12,api,Malle ❤️ 🐸,Big Sack Jack,2022-W03-02,2,132.7,85.5,Trevor Lawrence,QB,BN,False,True,False,,31.18,,Trevor Lawrence,QB,,414.p.33389,33389,Jax,yahoo_fantasy_api
2022,3,,13,api,Malle ❤️ 🐸,Big Sack Jack,2022-W03-02,2,132.7,85.5,Jarvis Landry,WR,BN,False,True,False,,3.2,,Jarvis Landry,WR,,414.p.27591,27591,NO,yahoo_fantasy_api
2022,3,,14,api,Malle ❤️ 🐸,Big Sack Jack,2022-W03-02,2,132.7,85.5,Evan McPherson,K,K,True,False,False,,10.0,,Evan McPherson,K,,414.p.33537,33537,Cin,yahoo_fantasy_api
2022,3,,15,api,Malle ❤️ 🐸,Big Sack Jack,2022-W03-02,2,132.7,85.5,Bills,DEF,DEF,True,False,False,,4.0,,Bills,DEF,,414.p.100002,100002,Buf,yahoo_fantasy_api
2022,3,,1,api,Patty Primetimes,Uncle Rico,2022-W03-06,6,89.66,114.08,Matthew Stafford,QB,QB,True,False,False,,10.16,,Matthew Stafford,QB,,414.p.9265,9265,LAR,yahoo_fantasy_api
2022,3,,2,api,Patty Primetimes,Uncle Rico,2022-W03-06,6,89.66,114.08,Terry McLaurin,WR,WR,True,False,False,,13.2,,Terry McLaurin,WR,,414.p.31908,31908,Was,yahoo_fantasy_api
2022,3,,3,api,Patty Primetimes,Uncle Rico,2022-W03-06,6,89.66,114.08,Michael Thomas,WR,WR,True,False,False,,7.4,,Michael Thomas,WR,,414.p.29281,29281,NO,yahoo_fantasy_api
2022,3,,4,api,Patty Primetimes,Uncle Rico,2022-W03-06,6,89.66,114.08,Derrick Henry,RB,RB,True,False,False,,22.8,,Derrick Henry,RB,,414.p.29279,29279,Bal,yahoo_fantasy_api
2022,3,,5,api,Patty Primetimes,Uncle Rico,2022-W03-06,6,89.66,114.08,Javonte Williams,RB,RB,True,False,False,,7.5,,Javonte Williams,RB,,414.p.33423,33423,Dal,yahoo_fantasy_api
2022,3,,6,api,Patty Primetimes,Uncle Rico,2022-W03-06,6,89.66,114.08,Darren Waller,TE,TE,True,False,False,,3.7,,Darren Waller,TE,,414.p.28592,28592,Car,yahoo_fantasy_api
2022,3,,7,api,Patty Primetimes,Uncle Rico,2022-W03-06,6,89.66,114.08,DK Metcalf,WR,W/R/T,True,False,False,,14.9,,DK Metcalf,WR,,414.p.31896,31896,Pit,yahoo_fantasy_api
2022,3,,8,api,Patty Primetimes,Uncle Rico,2022-W03-06,6,89.66,114.08,Travis Etienne Jr.,RB,BN,False,True,False,,9.0,,Travis Etienne Jr.,RB,,414.p.33413,33413,NO,yahoo_fantasy_api
2022,3,,9,api,Patty Primetimes,Uncle Rico,2022-W03-06,6,89.66,114.08,Aaron Rodgers,QB,BN,False,True,False,,21.1,,Aaron Rodgers,QB,,414.p.7200,7200,Pit,yahoo_fantasy_api
2022,3,,10,api,Patty Primetimes,Uncle Rico,2022-W03-06,6,89.66,114.08,Hunter Renfrow,WR,BN,False,True,False,,0.0,,Hunter Renfrow,WR,,414.p.31981,31981,Car,yahoo_fantasy_api
2022,3,,11,api,Patty Primetimes,Uncle Rico,2022-W03-06,6,89.66,114.08,Chris Olave,WR,BN,False,True,False,,19.2,,Chris Olave,WR,,414.p.33966,33966,NO,yahoo_fantasy_api
2022,3,,12,api,Patty Primetimes,Uncle Rico,2022-W03-06,6,89.66,114.08,Robert Tonyan,TE,BN,False,True,False,,6.7,,Robert Tonyan,TE,,414.p.30777,30777,Pit,yahoo_fantasy_api
2022,3,,13,api,Patty Primetimes,Uncle Rico,2022-W03-06,6,89.66,114.08,Greg Joseph,K,K,True,False,False,,4.0,,Greg Joseph,K,,414.p.31538,31538,LV,yahoo_fantasy_api
2022,3,,14,api,Patty Primetimes,Uncle Rico,2022-W03-06,6,89.66,114.08,Colts,DEF,DEF,True,False,False,,6.0,,Colts,DEF,,414.p.100011,100011,Ind,yahoo_fantasy_api
2022,3,,15,api,Patty Primetimes,Uncle Rico,2022-W03-06,6,89.66,114.08,Falcons,DEF,BN,False,True,False,,4.0,,Falcons,DEF,,414.p.100001,100001,Atl,yahoo_fantasy_api
2022,3,,1,api,Pop Lockett Drop it,Ginger FC 🏆🏆,2022-W03-05,5,89.18,79.36,Jared Goff,QB,QB,True,False,False,,16.88,,Jared Goff,QB,,414.p.29235,29235,Det,yahoo_fantasy_api
2022,3,,2,api,Pop Lockett Drop it,Ginger FC 🏆🏆,2022-W03-05,5,89.18,79.36,Christian Kirk,WR,WR,True,False,False,,16.2,,Christian Kirk,WR,,414.p.31017,31017,SF,yahoo_fantasy_api
2022,3,,3,api,Pop Lockett Drop it,Ginger FC 🏆🏆,2022-W03-05,5,89.18,79.36,Donovan Peoples-Jones,WR,WR,True,False,False,,1.5,,Donovan Peoples-Jones,WR,,414.p.32857,32857,NO,yahoo_fantasy_api
2022,3,,4,api,Pop Lockett Drop it,Ginger FC 🏆🏆,2022-W03-05,5,89.18,79.36,Najee Harris,RB,RB,True,False,False,,11.6,,Najee Harris,RB,,414.p.33412,33412,NYG,yahoo_fantasy_api
2022,3,,5,api,Pop Lockett Drop it,Ginger FC 🏆🏆,2022-W03-05,5,89.18,79.36,Melvin Gordon III,RB,RB,True,False,False,,14.0,,Melvin Gordon III,RB,,414.p.28403,28403,Bal,yahoo_fantasy_api
2022,3,,6,api,Pop Lockett Drop it,Ginger FC 🏆🏆,2022-W03-05,5,89.18,79.36,Dalton Schultz,TE,TE,True,False,False,,0.0,,Dalton Schultz,TE,,414.p.31107,31107,Hou,yahoo_fantasy_api
2022,3,,7,api,Pop Lockett Drop it,Ginger FC 🏆🏆,2022-W03-05,5,89.18,79.36,Hollywood Brown,WR,W/R/T,True,False,False,,21.0,,Hollywood Brown,WR,,414.p.31857,31857,Phi,yahoo_fantasy_api
2022,3,,8,api,Pop Lockett Drop it,Ginger FC 🏆🏆,2022-W03-05,5,89.18,79.36,Keenan Allen,WR,BN,False,True,False,,0.0,,Keenan Allen,WR,,414.p.26699,26699,Ind,yahoo_fantasy_api
2022,3,,9,api,Pop Lockett Drop it,Ginger FC 🏆🏆,2022-W03-05,5,89.18,79.36,Michael Pittman Jr.,WR,BN,False,True,False,,11.2,,Michael Pittman Jr.,WR,,414.p.32704,32704,Pit,yahoo_fantasy_api
2022,3,,10,api,Pop Lockett Drop it,Ginger FC 🏆🏆,2022-W03-05,5,89.18,79.36,Dameon Pierce,RB,BN,False,True,False,,17.1,,Dameon Pierce,RB,,414.p.34063,34063,Phi,yahoo_fantasy_api
2022,3,,11,api,Pop Lockett Drop it,Ginger FC 🏆🏆,2022-W03-05,5,89.18,79.36,Rondale Moore,WR,BN,False,True,False,,0.0,,Rondale Moore,WR,,414.p.33437,33437,Min,yahoo_fantasy_api
2022,3,,12,api,Pop Lockett Drop it,Ginger FC 🏆🏆,2022-W03-05,5,89.18,79.36,Alexander Mattison,RB,BN,False,True,False,,10.9,,Alexander Mattison,RB,,414.p.31934,31934,Mia,yahoo_fantasy_api
2022,3,,13,api,Pop Lockett Drop it,Ginger FC 🏆🏆,2022-W03-05,5,89.18,79.36,Romeo Doubs,WR,BN,False,True,False,,17.3,,Romeo Doubs,WR,,414.p.34088,34088,NE,yahoo_fantasy_api
2022,3,,14,api,Pop Lockett Drop it,Ginger FC 🏆🏆,2022-W03-05,5,89.18,79.36,Robbie Gould,K,K,True,False,False,,6.0,,Robbie Gould,K,,414.p.7520,7520,SF,yahoo_fantasy_api
2022,3,,15,api,Pop Lockett Drop it,Ginger FC 🏆🏆,2022-W03-05,5,89.18,79.36,Steelers,DEF,DEF,True,False,False,,2.0,,Steelers,DEF,,414.p.100023,100023,Pit,yahoo_fantasy_api
2022,3,,1,api,Post Mahomes,ThreatLevelMidnight,2022-W03-04,4,82.24,61.54,Tom Brady,QB,QB,True,False,False,,16.74,,Tom Brady,QB,,414.p.5228,5228,TB,yahoo_fantasy_api
2022,3,,2,api,Post Mahomes,ThreatLevelMidnight,2022-W03-04,4,82.24,61.54,A.J. Brown,WR,WR,True,False,False,,17.0,,A.J. Brown,WR,,414.p.31883,31883,NE,yahoo_fantasy_api
2022,3,,3,api,Post Mahomes,ThreatLevelMidnight,2022-W03-04,4,82.24,61.54,Gabe Davis,WR,WR,True,False,False,,5.2,,Gabe Davis,WR,,414.p.32798,32798,Buf,yahoo_fantasy_api
2022,3,,4,api,Post Mahomes,ThreatLevelMidnight,2022-W03-04,4,82.24,61.54,Jonathan Taylor,RB,RB,True,False,False,,10.6,,Jonathan Taylor,RB,,414.p.32711,32711,Ind,yahoo_fantasy_api
2022,3,,5,api,Post Mahomes,ThreatLevelMidnight,2022-W03-04,4,82.24,61.54,Clyde Edwards-Helaire,RB,RB,True,False,False,,12.4,,Clyde Edwards-Helaire,RB,,414.p.32702,32702,KC,yahoo_fantasy_api
2022,3,,6,api,Post Mahomes,ThreatLevelMidnight,2022-W03-04,4,82.24,61.54,Tyler Higbee,TE,TE,True,False,False,,8.1,,Tyler Higbee,TE,,414.p.29344,29344,LAR,yahoo_fantasy_api
2022,3,,7,api,Post Mahomes,ThreatLevelMidnight,2022-W03-04,4,82.24,61.54,Brandin Cooks,WR,W/R/T,True,False,False,,3.2,,Brandin Cooks,WR,,414.p.27548,27548,SF,yahoo_fantasy_api
2022,3,,8,api,Post Mahomes,ThreatLevelMidnight,2022-W03-04,4,82.24,61.54,Ezekiel Elliott,RB,BN,False,True,False,,14.0,,Ezekiel Elliott,RB,,414.p.29238,29238,Dal,yahoo_fantasy_api
2022,3,,9,api,Post Mahomes,ThreatLevelMidnight,2022-W03-04,4,82.24,61.54,Gerald Everett,TE,BN,False,True,False,,3.5,,Gerald Everett,TE,,414.p.30157,30157,Chi,yahoo_fantasy_api
2022,3,,10,api,Post Mahomes,ThreatLevelMidnight,2022-W03-04,4,82.24,61.54,Cam Akers,RB,BN,False,True,False,,10.1,,Cam Akers,RB,,414.p.32722,32722,Sea,yahoo_fantasy_api
2022,3,,11,api,Post Mahomes,ThreatLevelMidnight,2022-W03-04,4,82.24,61.54,Allen Lazard,WR,BN,False,True,False,,12.5,,Allen Lazard,WR,,414.p.31268,31268,NYJ,yahoo_fantasy_api
2022,3,,12,api,Post Mahomes,ThreatLevelMidnight,2022-W03-04,4,82.24,61.54,Drake London,WR,BN,False,True,False,,12.9,,Drake London,WR,,414.p.33963,33963,Atl,yahoo_fantasy_api
2022,3,,13,api,Post Mahomes,ThreatLevelMidnight,2022-W03-04,4,82.24,61.54,Garrett Wilson,WR,BN,False,True,False,,9.0,,Garrett Wilson,WR,,414.p.33965,33965,NYJ,yahoo_fantasy_api
2022,3,,14,api,Post Mahomes,ThreatLevelMidnight,2022-W03-04,4,82.24,61.54,Brandon McManus,K,K,True,False,False,,5.0,,Brandon McManus,K,,414.p.27120,27120,GB,yahoo_fantasy_api
2022,3,,15,api,Post Mahomes,ThreatLevelMidnight,2022-W03-04,4,82.24,61.54,Harrison Butker,K,IR,False,False,True,,0.0,,Harrison Butker,K,,414.p.30346,30346,KC,yahoo_fantasy_api
2022,3,,16,api,Post Mahomes,ThreatLevelMidnight,2022-W03-04,4,82.24,61.54,Saints,DEF,DEF,True,False,False,,4.0,,Saints,DEF,,414.p.100018,100018,NO,yahoo_fantasy_api
2022,3,,1,api,The Big Gronkowski,Joe Mantegna,2022-W03-01,1,95.3,104.58,Kirk Cousins,QB,QB,True,False,False,,22.3,,Kirk Cousins,QB,,414.p.25812,25812,LV,yahoo_fantasy_api
2022,3,,2,api,The Big Gronkowski,Joe Mantegna,2022-W03-01,1,95.3,104.58,Cooper Kupp,WR,WR,True,False,False,,14.4,,Cooper Kupp,WR,,414.p.30182,30182,Sea,yahoo_fantasy_api
2022,3,,3,api,The Big Gronkowski,Joe Mantegna,2022-W03-01,1,95.3,104.58,Tee Higgins,WR,WR,True,False,False,,11.8,,Tee Higgins,WR,,414.p.32703,32703,Cin,yahoo_fantasy_api
2022,3,,4,api,The Big Gronkowski,Joe Mantegna,2022-W03-01,1,95.3,104.58,Austin Ekeler,RB,RB,True,False,False,,9.3,,Austin Ekeler,RB,,414.p.30423,30423,Was,yahoo_fantasy_api
2022,3,,5,api,The Big Gronkowski,Joe Mantegna,2022-W03-01,1,95.3,104.58,Jeff Wilson Jr.,RB,RB,True,False,False,,10.1,,Jeff Wilson Jr.,RB,,414.p.31394,31394,Mia,yahoo_fantasy_api
2022,3,,6,api,The Big Gronkowski,Joe Mantegna,2022-W03-01,1,95.3,104.58,George Kittle,TE,TE,True,False,False,,4.8,,George Kittle,TE,,414.p.30259,30259,SF,yahoo_fantasy_api
2022,3,,7,api,The Big Gronkowski,Joe Mantegna,2022-W03-01,1,95.3,104.58,Damien Harris,RB,W/R/T,True,False,False,,11.6,,Damien Harris,RB,,414.p.31919,31919,Buf,yahoo_fantasy_api
2022,3,,8,api,The Big Gronkowski,Joe Mantegna,2022-W03-01,1,95.3,104.58,JuJu Smith-Schuster,WR,BN,False,True,False,,11.4,,JuJu Smith-Schuster,WR,,414.p.30175,30175,NYG,yahoo_fantasy_api
2022,3,,9,api,The Big Gronkowski,Joe Mantegna,2022-W03-01,1,95.3,104.58,Hayden Hurst,TE,BN,False,True,False,,1.2,,Hayden Hurst,TE,,414.p.30995,30995,LAC,yahoo_fantasy_api
2022,3,,10,api,The Big Gronkowski,Joe Mantegna,2022-W03-01,1,95.3,104.58,Trey Lance,QB,BN,False,True,False,,0.0,,Trey Lance,QB,,414.p.33391,33391,LAC,yahoo_fantasy_api
2022,3,,11,api,The Big Gronkowski,Joe Mantegna,2022-W03-01,1,95.3,104.58,Tony Pollard,RB,BN,False,True,False,,10.5,,Tony Pollard,RB,,414.p.31960,31960,Ten,yahoo_fantasy_api
2022,3,,12,api,The Big Gronkowski,Joe Mantegna,2022-W03-01,1,95.3,104.58,Isaiah McKenzie,WR,BN,False,True,False,,17.7,,Isaiah McKenzie,WR,,414.p.30285,30285,Mia,yahoo_fantasy_api
2022,3,,13,api,The Big Gronkowski,Joe Mantegna,2022-W03-01,1,95.3,104.58,Tyler Bass,K,K,True,False,False,,5.0,,Tyler Bass,K,,414.p.32858,32858,Buf,yahoo_fantasy_api
2022,3,,14,api,The Big Gronkowski,Joe Mantegna,2022-W03-01,1,95.3,104.58,Buccaneers,DEF,DEF,True,False,False,,6.0,,Buccaneers,DEF,,414.p.100027,100027,TB,yahoo_fantasy_api
2022,3,,15,api,The Big Gronkowski,Joe Mantegna,2022-W03-01,1,95.3,104.58,Packers,DEF,BN,False,True,False,,11.0,,Packers,DEF,,414.p.100009,100009,GB,yahoo_fantasy_api
2022,3,,1,api,ThreatLevelMidnight,Post Mahomes,2022-W03-04,4,61.54,82.24,Carson Wentz,QB,QB,True,False,False,,8.64,,Carson Wentz,QB,,414.p.29236,29236,Min,yahoo_fantasy_api
2022,3,,2,api,ThreatLevelMidnight,Post Mahomes,2022-W03-04,4,61.54,82.24,Stefon Diggs,WR,WR,True,False,False,,10.9,,Stefon Diggs,WR,,414.p.28534,28534,Was,yahoo_fantasy_api
2022,3,,3,api,ThreatLevelMidnight,Post Mahomes,2022-W03-04,4,61.54,82.24,Rashod Bateman,WR,WR,True,False,False,,4.9,,Rashod Bateman,WR,,414.p.33415,33415,Bal,yahoo_fantasy_api
2022,3,,4,api,ThreatLevelMidnight,Post Mahomes,2022-W03-04,4,61.54,82.24,Miles Sanders,RB,RB,True,False,False,,4.9,,Miles Sanders,RB,,414.p.31885,31885,Dal,yahoo_fantasy_api
2022,3,,5,api,ThreatLevelMidnight,Post Mahomes,2022-W03-04,4,61.54,82.24,Rashaad Penny,RB,RB,True,False,False,,7.4,,Rashaad Penny,RB,,414.p.30997,30997,Phi,yahoo_fantasy_api
2022,3,,6,api,ThreatLevelMidnight,Post Mahomes,2022-W03-04,4,61.54,82.24,Logan Thomas,TE,TE,True,False,False,,1.5,,Logan Thomas,TE,,414.p.27648,27648,SF,yahoo_fantasy_api
2022,3,,7,api,ThreatLevelMidnight,Post Mahomes,2022-W03-04,4,61.54,82.24,Allen Robinson,WR,W/R/T,True,False,False,,3.3,,Allen Robinson,WR,,414.p.27589,27589,Det,yahoo_fantasy_api
2022,3,,8,api,ThreatLevelMidnight,Post Mahomes,2022-W03-04,4,61.54,82.24,Chase Edmonds,RB,BN,False,True,False,,15.2,,Chase Edmonds,RB,,414.p.31104,31104,Was,yahoo_fantasy_api
2022,3,,9,api,ThreatLevelMidnight,Post Mahomes,2022-W03-04,4,61.54,82.24,Mike Evans,WR,BN,False,True,False,,0.0,,Mike Evans,WR,,414.p.27535,27535,SF,yahoo_fantasy_api
2022,3,,10,api,ThreatLevelMidnight,Post Mahomes,2022-W03-04,4,61.54,82.24,Dak Prescott,QB,BN,False,True,False,,0.0,,Dak Prescott,QB,,414.p.29369,29369,Dal,yahoo_fantasy_api
2022,3,,11,api,ThreatLevelMidnight,Post Mahomes,2022-W03-04,4,61.54,82.24,DeAndre Hopkins,WR,BN,False,True,False,,0.0,,DeAndre Hopkins,WR,,414.p.26650,26650,Bal,yahoo_fantasy_api
2022,3,,12,api,ThreatLevelMidnight,Post Mahomes,2022-W03-04,4,61.54,82.24,Brian Robinson,RB,BN,False,True,False,,0.0,,Brian Robinson,RB,,414.p.34054,34054,Atl,yahoo_fantasy_api
2022,3,,13,api,ThreatLevelMidnight,Post Mahomes,2022-W03-04,4,61.54,82.24,Rachaad White,RB,BN,False,True,False,,0.0,,Rachaad White,RB,,414.p.34047,34047,Was,yahoo_fantasy_api
2022,3,,14,api,ThreatLevelMidnight,Post Mahomes,2022-W03-04,4,61.54,82.24,Elijah Mitchell,RB,IR,False,False,True,,0.0,,Elijah Mitchell,RB,,414.p.33582,33582,KC,yahoo_fantasy_api
2022,3,,15,api,ThreatLevelMidnight,Post Mahomes,2022-W03-04,4,61.54,82.24,Dustin Hopkins,K,K,True,False,False,,4.0,,Dustin Hopkins,K,,414.p.26800,26800,Cle,yahoo_fantasy_api
2022,3,,16,api,ThreatLevelMidnight,Post Mahomes,2022-W03-04,4,61.54,82.24,Bengals,DEF,DEF,True,False,False,,16.0,,Bengals,DEF,,414.p.100004,100004,Cin,yahoo_fantasy_api
2022,3,,1,api,Uncle Rico,Patty Primetimes,2022-W03-06,6,114.08,89.66,Patrick Mahomes,QB,QB,True,False,False,,20.08,,Patrick Mahomes,QB,,414.p.30123,30123,KC,yahoo_fantasy_api
2022,3,,2,api,Uncle Rico,Patty Primetimes,2022-W03-06,6,114.08,89.66,Ja'Marr Chase,WR,WR,True,False,False,,9.7,,Ja'Marr Chase,WR,,414.p.33393,33393,Cin,yahoo_fantasy_api
2022,3,,3,api,Uncle Rico,Patty Primetimes,2022-W03-06,6,114.08,89.66,Brandon Aiyuk,WR,WR,True,False,False,,11.4,,Brandon Aiyuk,WR,,414.p.32695,32695,SF,yahoo_fantasy_api
2022,3,,4,api,Uncle Rico,Patty Primetimes,2022-W03-06,6,114.08,89.66,Saquon Barkley,RB,RB,True,False,False,,20.6,,Saquon Barkley,RB,,414.p.30972,30972,Phi,yahoo_fantasy_api
2022,3,,5,api,Uncle Rico,Patty Primetimes,2022-W03-06,6,114.08,89.66,Nick Chubb,RB,RB,True,False,False,,17.3,,Nick Chubb,RB,,414.p.31005,31005,Hou,yahoo_fantasy_api
2022,3,,6,api,Uncle Rico,Patty Primetimes,2022-W03-06,6,114.08,89.66,Kyle Pitts Sr.,TE,TE,True,False,False,,11.2,,Kyle Pitts Sr.,TE,,414.p.33392,33392,Atl,yahoo_fantasy_api
2022,3,,7,api,Uncle Rico,Patty Primetimes,2022-W03-06,6,114.08,89.66,Cordarrelle Patterson,RB,W/R/T,True,False,False,,21.8,,Cordarrelle Patterson,RB,,414.p.26652,26652,Pit,yahoo_fantasy_api
2022,3,,8,api,Uncle Rico,Patty Primetimes,2022-W03-06,6,114.08,89.66,Jakobi Meyers,WR,BN,False,True,False,,0.0,,Jakobi Meyers,WR,,414.p.32231,32231,Jax,yahoo_fantasy_api
2022,3,,9,api,Uncle Rico,Patty Primetimes,2022-W03-06,6,114.08,89.66,Isiah Pacheco,RB,BN,False,True,False,,0.9,,Isiah Pacheco,RB,,414.p.34207,34207,Det,yahoo_fantasy_api
2022,3,,10,api,Uncle Rico,Patty Primetimes,2022-W03-06,6,114.08,89.66,Jahan Dotson,WR,BN,False,True,False,,2.0,,Jahan Dotson,WR,,414.p.33971,33971,Atl,yahoo_fantasy_api
2022,3,,11,api,Uncle Rico,Patty Primetimes,2022-W03-06,6,114.08,89.66,Greg Dortch,WR,BN,False,True,False,,12.5,,Greg Dortch,WR,,414.p.32523,32523,Buf,yahoo_fantasy_api
2022,3,,12,api,Uncle Rico,Patty Primetimes,2022-W03-06,6,114.08,89.66,Corey Davis,WR,BN,False,True,False,,3.7,,Corey Davis,WR,,414.p.30118,30118,NYJ,yahoo_fantasy_api
2022,3,,13,api,Uncle Rico,Patty Primetimes,2022-W03-06,6,114.08,89.66,Irv Smith Jr.,TE,BN,False,True,False,,4.2,,Irv Smith Jr.,TE,,414.p.31882,31882,Hou,yahoo_fantasy_api
2022,3,,14,api,Uncle Rico,Patty Primetimes,2022-W03-06,6,114.08,89.66,Jake Elliott,K,K,True,False,False,,6.0,,Jake Elliott,K,,414.p.30266,30266,Phi,yahoo_fantasy_api
2022,3,,15,api,Uncle Rico,Patty Primetimes,2022-W03-06,6,114.08,89.66,Chargers,DEF,DEF,True,False,False,,-4.0,,Chargers,DEF,,414.p.100024,100024,LAC,yahoo_fantasy_api
2022,3,,1,api,Voldemort,malle_dips_pouches,2022-W03-03,3,82.0,157.92,Josh Allen,QB,QB,True,False,False,,30.7,,Josh Allen,QB,,414.p.30977,30977,Buf,yahoo_fantasy_api
2022,3,,2,api,Voldemort,malle_dips_pouches,2022-W03-03,3,82.0,157.92,Deebo Samuel Sr.,WR,WR,True,False,False,,10.4,,Deebo Samuel Sr.,WR,,414.p.31868,31868,SF,yahoo_fantasy_api
2022,3,,3,api,Voldemort,malle_dips_pouches,2022-W03-03,3,82.0,157.92,Justin Jefferson,WR,WR,True,False,False,,2.9,,Justin Jefferson,WR,,414.p.32692,32692,Min,yahoo_fantasy_api
2022,3,,4,api,Voldemort,malle_dips_pouches,2022-W03-03,3,82.0,157.92,Joe Mixon,RB,RB,True,False,False,,5.3,,Joe Mixon,RB,,414.p.30161,30161,Hou,yahoo_fantasy_api
2022,3,,5,api,Voldemort,malle_dips_pouches,2022-W03-03,3,82.0,157.92,D'Andre Swift,RB,RB,True,False,False,,6.1,,D'Andre Swift,RB,,414.p.32705,32705,Chi,yahoo_fantasy_api
2022,3,,6,api,Voldemort,malle_dips_pouches,2022-W03-03,3,82.0,157.92,Zach Ertz,TE,TE,True,False,False,,7.5,,Zach Ertz,TE,,414.p.26658,26658,Phi,yahoo_fantasy_api
2022,3,,7,api,Voldemort,malle_dips_pouches,2022-W03-03,3,82.0,157.92,David Montgomery,RB,W/R/T,True,False,False,,1.1,,David Montgomery,RB,,414.p.31905,31905,Hou,yahoo_fantasy_api
2022,3,,8,api,Voldemort,malle_dips_pouches,2022-W03-03,3,82.0,157.92,Darnell Mooney,WR,BN,False,True,False,,3.3,,Darnell Mooney,WR,,414.p.32843,32843,NYG,yahoo_fantasy_api
2022,3,,9,api,Voldemort,malle_dips_pouches,2022-W03-03,3,82.0,157.92,Marquez Valdes-Scantling,WR,BN,False,True,False,,6.8,,Marquez Valdes-Scantling,WR,,414.p.31144,31144,LAC,yahoo_fantasy_api
2022,3,,10,api,Voldemort,malle_dips_pouches,2022-W03-03,3,82.0,157.92,Curtis Samuel,WR,BN,False,True,False,,9.6,,Curtis Samuel,WR,,414.p.30153,30153,Buf,yahoo_fantasy_api
2022,3,,11,api,Voldemort,malle_dips_pouches,2022-W03-03,3,82.0,157.92,Raheem Mostert,RB,BN,False,True,False,,1.1,,Raheem Mostert,RB,,414.p.28654,28654,LV,yahoo_fantasy_api
2022,3,,12,api,Voldemort,malle_dips_pouches,2022-W03-03,3,82.0,157.92,Sterling Shepard,WR,BN,False,True,False,,7.4,,Sterling Shepard,WR,,414.p.29274,29274,NYJ,yahoo_fantasy_api
2022,3,,13,api,Voldemort,malle_dips_pouches,2022-W03-03,3,82.0,157.92,Darrel Williams,RB,BN,False,True,False,,0.7,,Darrel Williams,RB,,414.p.31500,31500,NO,yahoo_fantasy_api
2022,3,,14,api,Voldemort,malle_dips_pouches,2022-W03-03,3,82.0,157.92,Chris Godwin Jr.,WR,IR,False,False,True,,0.0,,Chris Godwin Jr.,WR,,414.p.30197,30197,TB,yahoo_fantasy_api
2022,3,,15,api,Voldemort,malle_dips_pouches,2022-W03-03,3,82.0,157.92,Ryan Succop,K,K,True,False,False,,8.0,,Ryan Succop,K,,414.p.9520,9520,TB,yahoo_fantasy_api
2022,3,,16,api,Voldemort,malle_dips_pouches,2022-W03-03,3,82.0,157.92,Cowboys,DEF,DEF,True,False,False,,10.0,,Cowboys,DEF,,414.p.100006,100006,Dal,yahoo_fantasy_api
2022,3,,1,api,malle_dips_pouches,Voldemort,2022-W03-03,3,157.92,82.0,Lamar Jackson,QB,QB,True,False,False,,48.42,,Lamar Jackson,QB,,414.p.31002,31002,Bal,yahoo_fantasy_api
2022,3,,2,api,malle_dips_pouches,Voldemort,2022-W03-03,3,157.92,82.0,Jaylen Waddle,WR,WR,True,False,False,,13.1,,Jaylen Waddle,WR,,414.p.33394,33394,Den,yahoo_fantasy_api
2022,3,,3,api,malle_dips_pouches,Voldemort,2022-W03-03,3,157.92,82.0,Amari Cooper,WR,WR,True,False,False,,19.6,,Amari Cooper,WR,,414.p.28392,28392,Buf,yahoo_fantasy_api
2022,3,,4,api,malle_dips_pouches,Voldemort,2022-W03-03,3,157.92,82.0,Christian McCaffrey,RB,RB,True,False,False,,12.5,,Christian McCaffrey,RB,,414.p.30121,30121,SF,yahoo_fantasy_api
2022,3,,5,api,malle_dips_pouches,Voldemort,2022-W03-03,3,157.92,82.0,Josh Jacobs,RB,RB,True,False,False,,12.2,,Josh Jacobs,RB,,414.p.31856,31856,GB,yahoo_fantasy_api
2022,3,,6,api,malle_dips_pouches,Voldemort,2022-W03-03,3,157.92,82.0,Mark Andrews,TE,TE,True,False,False,,24.9,,Mark Andrews,TE,,414.p.31056,31056,Bal,yahoo_fantasy_api
2022,3,,7,api,malle_dips_pouches,Voldemort,2022-W03-03,3,157.92,82.0,James Conner,RB,W/R/T,True,False,False,,7.2,,James Conner,RB,,414.p.30218,30218,Ari,yahoo_fantasy_api
2022,3,,8,api,malle_dips_pouches,Voldemort,2022-W03-03,3,157.92,82.0,DeVonta Smith,WR,BN,False,True,False,,26.9,,DeVonta Smith,WR,,414.p.33398,33398,Phi,yahoo_fantasy_api
2022,3,,9,api,malle_dips_pouches,Voldemort,2022-W03-03,3,157.92,82.0,Michael Carter,RB,BN,False,True,False,,5.1,,Michael Carter,RB,,414.p.33495,33495,Ten,yahoo_fantasy_api
2022,3,,10,api,malle_dips_pouches,Voldemort,2022-W03-03,3,157.92,82.0,Tyler Boyd,WR,BN,False,True,False,,18.5,,Tyler Boyd,WR,,414.p.29288,29288,Ten,yahoo_fantasy_api
2022,3,,11,api,malle_dips_pouches,Voldemort,2022-W03-03,3,157.92,82.0,Pat Freiermuth,TE,BN,False,True,False,,5.1,,Pat Freiermuth,TE,,414.p.33443,33443,Pit,yahoo_fantasy_api
2022,3,,12,api,malle_dips_pouches,Voldemort,2022-W03-03,3,157.92,82.0,Justin Fields,QB,BN,False,True,False,,6.94,,Justin Fields,QB,,414.p.33399,33399,KC,yahoo_fantasy_api
2022,3,,13,api,malle_dips_pouches,Voldemort,2022-W03-03,3,157.92,82.0,Michael Gallup,WR,BN,False,True,False,,0.0,,Michael Gallup,WR,,414.p.31051,31051,Was,yahoo_fantasy_api
2022,3,,14,api,malle_dips_pouches,Voldemort,2022-W03-03,3,157.92,82.0,Matt Gay,K,K,True,False,False,,9.0,,Matt Gay,K,,414.p.31977,31977,LV,yahoo_fantasy_api
2022,3,,15,api,malle_dips_pouches,Voldemort,2022-W03-03,3,157.92,82.0,Ravens,DEF,DEF,True,False,False,,11.0,,Ravens,DEF,,414.p.100033,100033,Bal,yahoo_fantasy_api
2022,4,,1,api,Big Sack Jack,malle_dips_pouches,2022-W04-06,6,120.68,102.36,Joe Burrow,QB,QB,True,False,False,,24.08,,Joe Burrow,QB,,414.p.32671,32671,Cin,yahoo_fantasy_api
2022,4,,2,api,Big Sack Jack,malle_dips_pouches,2022-W04-06,6,120.68,102.36,Tyreek Hill,WR,WR,True,False,False,,20.9,,Tyreek Hill,WR,,414.p.29399,29399,Mia,yahoo_fantasy_api
2022,4,,3,api,Big Sack Jack,malle_dips_pouches,2022-W04-06,6,120.68,102.36,DJ Moore,WR,WR,True,False,False,,9.1,,DJ Moore,WR,,414.p.30994,30994,Buf,yahoo_fantasy_api
2022,4,,4,api,Big Sack Jack,malle_dips_pouches,2022-W04-06,6,120.68,102.36,Dalvin Cook,RB,RB,True,False,False,,9.6,,Dalvin Cook,RB,,414.p.30154,30154,Dal,yahoo_fantasy_api
2022,4,,5,api,Big Sack Jack,malle_dips_pouches,2022-W04-06,6,120.68,102.36,AJ Dillon,RB,RB,True,False,False,,8.9,,AJ Dillon,RB,,414.p.32732,32732,Car,yahoo_fantasy_api
2022,4,,6,api,Big Sack Jack,malle_dips_pouches,2022-W04-06,6,120.68,102.36,Dawson Knox,TE,TE,True,False,False,,5.5,,Dawson Knox,TE,,414.p.31928,31928,Buf,yahoo_fantasy_api
2022,4,,7,api,Big Sack Jack,malle_dips_pouches,2022-W04-06,6,120.68,102.36,Khalil Herbert,RB,W/R/T,True,False,False,,10.6,,Khalil Herbert,RB,,414.p.33605,33605,Atl,yahoo_fantasy_api
2022,4,,8,api,Big Sack Jack,malle_dips_pouches,2022-W04-06,6,120.68,102.36,Amon-Ra St. Brown,WR,BN,False,True,False,,0.0,,Amon-Ra St. Brown,WR,,414.p.33500,33500,Det,yahoo_fantasy_api
2022,4,,9,api,Big Sack Jack,malle_dips_pouches,2022-W04-06,6,120.68,102.36,Nyheim Miller-Hines,RB,BN,False,True,False,,1.3,,Nyheim Miller-Hines,RB,,414.p.31074,31074,LAC,yahoo_fantasy_api
2022,4,,10,api,Big Sack Jack,malle_dips_pouches,2022-W04-06,6,120.68,102.36,Derek Carr,QB,BN,False,True,False,,11.52,,Derek Carr,QB,,414.p.27564,27564,NO,yahoo_fantasy_api
2022,4,,11,api,Big Sack Jack,malle_dips_pouches,2022-W04-06,6,120.68,102.36,Nico Collins,WR,BN,False,True,False,,9.7,,Nico Collins,WR,,414.p.33477,33477,Hou,yahoo_fantasy_api
2022,4,,12,api,Big Sack Jack,malle_dips_pouches,2022-W04-06,6,120.68,102.36,Hunter Henry,TE,BN,False,True,False,,2.3,,Hunter Henry,TE,,414.p.29269,29269,NE,yahoo_fantasy_api
2022,4,,13,api,Big Sack Jack,malle_dips_pouches,2022-W04-06,6,120.68,102.36,Justin Tucker,K,K,True,False,False,,11.0,,Justin Tucker,K,,414.p.26534,26534,Bal,yahoo_fantasy_api
2022,4,,14,api,Big Sack Jack,malle_dips_pouches,2022-W04-06,6,120.68,102.36,49ers,DEF,DEF,True,False,False,,21.0,,49ers,DEF,,414.p.100025,100025,SF,yahoo_fantasy_api
2022,4,,15,api,Big Sack Jack,malle_dips_pouches,2022-W04-06,6,120.68,102.36,Chiefs,DEF,BN,False,True,False,,4.0,,Chiefs,DEF,,414.p.100012,100012,KC,yahoo_fantasy_api
2022,4,,1,api,Ginger FC 🏆🏆,The Big Gronkowski,2022-W04-01,1,113.98,130.82,Kyler Murray,QB,QB,True,False,False,,27.88,,Kyler Murray,QB,,414.p.31833,31833,Min,yahoo_fantasy_api
2022,4,,2,api,Ginger FC 🏆🏆,The Big Gronkowski,2022-W04-01,1,113.98,130.82,Mike Williams,WR,WR,True,False,False,,15.5,,Mike Williams,WR,,414.p.30120,30120,Pit,yahoo_fantasy_api
2022,4,,3,api,Ginger FC 🏆🏆,The Big Gronkowski,2022-W04-01,1,113.98,130.82,Tyler Lockett,WR,WR,True,False,False,,10.1,,Tyler Lockett,WR,,414.p.28457,28457,LV,yahoo_fantasy_api
2022,4,,4,api,Ginger FC 🏆🏆,The Big Gronkowski,2022-W04-01,1,113.98,130.82,Leonard Fournette,RB,RB,True,False,False,,14.9,,Leonard Fournette,RB,,414.p.30117,30117,Buf,yahoo_fantasy_api
2022,4,,5,api,Ginger FC 🏆🏆,The Big Gronkowski,2022-W04-01,1,113.98,130.82,Alvin Kamara,RB,RB,True,False,False,,0.0,,Alvin Kamara,RB,,414.p.30180,30180,NO,yahoo_fantasy_api
2022,4,,6,api,Ginger FC 🏆🏆,The Big Gronkowski,2022-W04-01,1,113.98,130.82,Travis Kelce,TE,TE,True,False,False,,19.7,,Travis Kelce,TE,,414.p.26686,26686,KC,yahoo_fantasy_api
2022,4,,7,api,Ginger FC 🏆🏆,The Big Gronkowski,2022-W04-01,1,113.98,130.82,Rhamondre Stevenson,RB,W/R/T,True,False,False,,10.9,,Rhamondre Stevenson,RB,,414.p.33508,33508,NE,yahoo_fantasy_api
2022,4,,8,api,Ginger FC 🏆🏆,The Big Gronkowski,2022-W04-01,1,113.98,130.82,Kareem Hunt,RB,BN,False,True,False,,7.8,,Kareem Hunt,RB,,414.p.30199,30199,KC,yahoo_fantasy_api
2022,4,,9,api,Ginger FC 🏆🏆,The Big Gronkowski,2022-W04-01,1,113.98,130.82,Jerry Jeudy,WR,BN,False,True,False,,13.3,,Jerry Jeudy,WR,,414.p.32685,32685,Cle,yahoo_fantasy_api
2022,4,,10,api,Ginger FC 🏆🏆,The Big Gronkowski,2022-W04-01,1,113.98,130.82,Devin Duvernay,WR,BN,False,True,False,,7.1,,Devin Duvernay,WR,,414.p.32762,32762,Ari,yahoo_fantasy_api
2022,4,,11,api,Ginger FC 🏆🏆,The Big Gronkowski,2022-W04-01,1,113.98,130.82,DJ Chark,WR,BN,False,True,False,,0.0,,DJ Chark,WR,,414.p.31031,31031,Atl,yahoo_fantasy_api
2022,4,,12,api,Ginger FC 🏆🏆,The Big Gronkowski,2022-W04-01,1,113.98,130.82,Mark Ingram II,RB,BN,False,True,False,,5.8,,Mark Ingram II,RB,,414.p.24815,24815,NO,yahoo_fantasy_api
2022,4,,13,api,Ginger FC 🏆🏆,The Big Gronkowski,2022-W04-01,1,113.98,130.82,Carson Wentz,QB,BN,False,True,False,,11.3,,Carson Wentz,QB,,414.p.29236,29236,Min,yahoo_fantasy_api
2022,4,,14,api,Ginger FC 🏆🏆,The Big Gronkowski,2022-W04-01,1,113.98,130.82,Daniel Carlson,K,K,True,False,False,,14.0,,Daniel Carlson,K,,414.p.31137,31137,NO,yahoo_fantasy_api
2022,4,,15,api,Ginger FC 🏆🏆,The Big Gronkowski,2022-W04-01,1,113.98,130.82,Rams,DEF,DEF,True,False,False,,1.0,,Rams,DEF,,414.p.100014,100014,LAR,yahoo_fantasy_api
2022,4,,1,api,Joe Mantegna,Malle ❤️ 🐸,2022-W04-02,2,118.9,114.66,Justin Herbert,QB,QB,True,False,False,,25.1,,Justin Herbert,QB,,414.p.32676,32676,LAC,yahoo_fantasy_api
2022,4,,2,api,Joe Mantegna,Malle ❤️ 🐸,2022-W04-02,2,118.9,114.66,Davante Adams,WR,WR,True,False,False,,15.0,,Davante Adams,WR,,414.p.27581,27581,LAR,yahoo_fantasy_api
2022,4,,3,api,Joe Mantegna,Malle ❤️ 🐸,2022-W04-02,2,118.9,114.66,Courtland Sutton,WR,WR,True,False,False,,13.7,,Courtland Sutton,WR,,414.p.31010,31010,Den,yahoo_fantasy_api
2022,4,,4,api,Joe Mantegna,Malle ❤️ 🐸,2022-W04-02,2,118.9,114.66,Aaron Jones Sr.,RB,RB,True,False,False,,13.0,,Aaron Jones Sr.,RB,,414.p.30295,30295,Min,yahoo_fantasy_api
2022,4,,5,api,Joe Mantegna,Malle ❤️ 🐸,2022-W04-02,2,118.9,114.66,Breece Hall,RB,RB,True,False,False,,14.8,,Breece Hall,RB,,414.p.33991,33991,NYJ,yahoo_fantasy_api
2022,4,,6,api,Joe Mantegna,Malle ❤️ 🐸,2022-W04-02,2,118.9,114.66,Dallas Goedert,TE,TE,True,False,False,,9.7,,Dallas Goedert,TE,,414.p.31019,31019,Phi,yahoo_fantasy_api
2022,4,,7,api,Joe Mantegna,Malle ❤️ 🐸,2022-W04-02,2,118.9,114.66,Devin Singletary,RB,W/R/T,True,False,False,,9.6,,Devin Singletary,RB,,414.p.31906,31906,NYG,yahoo_fantasy_api
2022,4,,8,api,Joe Mantegna,Malle ❤️ 🐸,2022-W04-02,2,118.9,114.66,Darrell Henderson Jr.,RB,BN,False,True,False,,5.4,,Darrell Henderson Jr.,RB,,414.p.31902,31902,LAR,yahoo_fantasy_api
2022,4,,9,api,Joe Mantegna,Malle ❤️ 🐸,2022-W04-02,2,118.9,114.66,Elijah Moore,WR,BN,False,True,False,,7.0,,Elijah Moore,WR,,414.p.33422,33422,Phi,yahoo_fantasy_api
2022,4,,10,api,Joe Mantegna,Malle ❤️ 🐸,2022-W04-02,2,118.9,114.66,Russell Gage Jr.,WR,BN,False,True,False,,3.4,,Russell Gage Jr.,WR,,414.p.31164,31164,SF,yahoo_fantasy_api
2022,4,,11,api,Joe Mantegna,Malle ❤️ 🐸,2022-W04-02,2,118.9,114.66,Chase Claypool,WR,BN,False,True,False,,0.0,,Chase Claypool,WR,,414.p.32719,32719,Buf,yahoo_fantasy_api
2022,4,,12,api,Joe Mantegna,Malle ❤️ 🐸,2022-W04-02,2,118.9,114.66,Robbie Chosen,WR,BN,False,True,False,,4.1,,Robbie Chosen,WR,,414.p.29785,29785,Was,yahoo_fantasy_api
2022,4,,13,api,Joe Mantegna,Malle ❤️ 🐸,2022-W04-02,2,118.9,114.66,Marcus Mariota,QB,BN,False,True,False,,4.86,,Marcus Mariota,QB,,414.p.28390,28390,Was,yahoo_fantasy_api
2022,4,,14,api,Joe Mantegna,Malle ❤️ 🐸,2022-W04-02,2,118.9,114.66,Younghoe Koo,K,K,True,False,False,,12.0,,Younghoe Koo,K,,414.p.30426,30426,NYG,yahoo_fantasy_api
2022,4,,15,api,Joe Mantegna,Malle ❤️ 🐸,2022-W04-02,2,118.9,114.66,Vikings,DEF,DEF,True,False,False,,6.0,,Vikings,DEF,,414.p.100016,100016,Min,yahoo_fantasy_api
2022,4,,1,api,Malle ❤️ 🐸,Joe Mantegna,2022-W04-02,2,114.66,118.9,Jalen Hurts,QB,QB,True,False,False,,16.96,,Jalen Hurts,QB,,414.p.32723,32723,Phi,yahoo_fantasy_api
2022,4,,2,api,Malle ❤️ 🐸,Joe Mantegna,2022-W04-02,2,114.66,118.9,CeeDee Lamb,WR,WR,True,False,False,,18.7,,CeeDee Lamb,WR,,414.p.32687,32687,Dal,yahoo_fantasy_api
2022,4,,3,api,Malle ❤️ 🐸,Joe Mantegna,2022-W04-02,2,114.66,118.9,Adam Thielen,WR,WR,True,False,False,,11.2,,Adam Thielen,WR,,414.p.27277,27277,Pit,yahoo_fantasy_api
2022,4,,4,api,Malle ❤️ 🐸,Joe Mantegna,2022-W04-02,2,114.66,118.9,Antonio Gibson,RB,RB,True,False,False,,7.8,,Antonio Gibson,RB,,414.p.32736,32736,NE,yahoo_fantasy_api
2022,4,,5,api,Malle ❤️ 🐸,Joe Mantegna,2022-W04-02,2,114.66,118.9,James Robinson,RB,RB,True,False,False,,2.9,,James Robinson,RB,,414.p.33138,33138,NO,yahoo_fantasy_api
2022,4,,6,api,Malle ❤️ 🐸,Joe Mantegna,2022-W04-02,2,114.66,118.9,T.J. Hockenson,TE,TE,True,False,False,,35.9,,T.J. Hockenson,TE,,414.p.31840,31840,Min,yahoo_fantasy_api
2022,4,,7,api,Malle ❤️ 🐸,Joe Mantegna,2022-W04-02,2,114.66,118.9,Diontae Johnson,WR,W/R/T,True,False,False,,3.2,,Diontae Johnson,WR,,414.p.31898,31898,Cle,yahoo_fantasy_api
2022,4,,8,api,Malle ❤️ 🐸,Joe Mantegna,2022-W04-02,2,114.66,118.9,Jamaal Williams,RB,BN,False,True,False,,23.4,,Jamaal Williams,RB,,414.p.30247,30247,NO,yahoo_fantasy_api
2022,4,,9,api,Malle ❤️ 🐸,Joe Mantegna,2022-W04-02,2,114.66,118.9,J.D. McKissic,RB,BN,False,True,False,,7.1,,J.D. McKissic,RB,,414.p.29650,29650,Was,yahoo_fantasy_api
2022,4,,10,api,Malle ❤️ 🐸,Joe Mantegna,2022-W04-02,2,114.66,118.9,J.K. Dobbins,RB,BN,False,True,False,,20.3,,J.K. Dobbins,RB,,414.p.32725,32725,Den,yahoo_fantasy_api
2022,4,,11,api,Malle ❤️ 🐸,Joe Mantegna,2022-W04-02,2,114.66,118.9,Cole Kmet,TE,BN,False,True,False,,3.1,,Cole Kmet,TE,,414.p.32713,32713,Chi,yahoo_fantasy_api
2022,4,,12,api,Malle ❤️ 🐸,Joe Mantegna,2022-W04-02,2,114.66,118.9,Trevor Lawrence,QB,BN,False,True,False,,10.66,,Trevor Lawrence,QB,,414.p.33389,33389,Jax,yahoo_fantasy_api
2022,4,,13,api,Malle ❤️ 🐸,Joe Mantegna,2022-W04-02,2,114.66,118.9,Jarvis Landry,WR,BN,False,True,False,,3.7,,Jarvis Landry,WR,,414.p.27591,27591,NO,yahoo_fantasy_api
2022,4,,14,api,Malle ❤️ 🐸,Joe Mantegna,2022-W04-02,2,114.66,118.9,Evan McPherson,K,K,True,False,False,,11.0,,Evan McPherson,K,,414.p.33537,33537,Cin,yahoo_fantasy_api
2022,4,,15,api,Malle ❤️ 🐸,Joe Mantegna,2022-W04-02,2,114.66,118.9,Bills,DEF,DEF,True,False,False,,7.0,,Bills,DEF,,414.p.100002,100002,Buf,yahoo_fantasy_api
2022,4,,1,api,Patty Primetimes,Voldemort,2022-W04-03,3,107.04,130.82,Aaron Rodgers,QB,QB,True,False,False,,21.14,,Aaron Rodgers,QB,,414.p.7200,7200,Pit,yahoo_fantasy_api
2022,4,,2,api,Patty Primetimes,Voldemort,2022-W04-03,3,107.04,130.82,Terry McLaurin,WR,WR,True,False,False,,2.5,,Terry McLaurin,WR,,414.p.31908,31908,Was,yahoo_fantasy_api
2022,4,,3,api,Patty Primetimes,Voldemort,2022-W04-03,3,107.04,130.82,Chris Olave,WR,WR,True,False,False,,14.7,,Chris Olave,WR,,414.p.33966,33966,NO,yahoo_fantasy_api
2022,4,,4,api,Patty Primetimes,Voldemort,2022-W04-03,3,107.04,130.82,Derrick Henry,RB,RB,True,False,False,,22.2,,Derrick Henry,RB,,414.p.29279,29279,Bal,yahoo_fantasy_api
2022,4,,5,api,Patty Primetimes,Voldemort,2022-W04-03,3,107.04,130.82,Javonte Williams,RB,RB,True,False,False,,3.2,,Javonte Williams,RB,,414.p.33423,33423,Dal,yahoo_fantasy_api
2022,4,,6,api,Patty Primetimes,Voldemort,2022-W04-03,3,107.04,130.82,Darren Waller,TE,TE,True,False,False,,3.9,,Darren Waller,TE,,414.p.28592,28592,Car,yahoo_fantasy_api
2022,4,,7,api,Patty Primetimes,Voldemort,2022-W04-03,3,107.04,130.82,DK Metcalf,WR,W/R/T,True,False,False,,18.4,,DK Metcalf,WR,,414.p.31896,31896,Pit,yahoo_fantasy_api
2022,4,,8,api,Patty Primetimes,Voldemort,2022-W04-03,3,107.04,130.82,Michael Thomas,WR,BN,False,True,False,,0.0,,Michael Thomas,WR,,414.p.29281,29281,NO,yahoo_fantasy_api
2022,4,,9,api,Patty Primetimes,Voldemort,2022-W04-03,3,107.04,130.82,Matthew Stafford,QB,BN,False,True,False,,7.76,,Matthew Stafford,QB,,414.p.9265,9265,LAR,yahoo_fantasy_api
2022,4,,10,api,Patty Primetimes,Voldemort,2022-W04-03,3,107.04,130.82,Travis Etienne Jr.,RB,BN,False,True,False,,3.2,,Travis Etienne Jr.,RB,,414.p.33413,33413,NO,yahoo_fantasy_api
2022,4,,11,api,Patty Primetimes,Voldemort,2022-W04-03,3,107.04,130.82,Hunter Renfrow,WR,BN,False,True,False,,0.0,,Hunter Renfrow,WR,,414.p.31981,31981,Car,yahoo_fantasy_api
2022,4,,12,api,Patty Primetimes,Voldemort,2022-W04-03,3,107.04,130.82,Robert Tonyan,TE,BN,False,True,False,,9.2,,Robert Tonyan,TE,,414.p.30777,30777,Pit,yahoo_fantasy_api
2022,4,,13,api,Patty Primetimes,Voldemort,2022-W04-03,3,107.04,130.82,Greg Joseph,K,K,True,False,False,,18.0,,Greg Joseph,K,,414.p.31538,31538,LV,yahoo_fantasy_api
2022,4,,14,api,Patty Primetimes,Voldemort,2022-W04-03,3,107.04,130.82,Colts,DEF,DEF,True,False,False,,3.0,,Colts,DEF,,414.p.100011,100011,Ind,yahoo_fantasy_api
2022,4,,15,api,Patty Primetimes,Voldemort,2022-W04-03,3,107.04,130.82,Falcons,DEF,BN,False,True,False,,6.0,,Falcons,DEF,,414.p.100001,100001,Atl,yahoo_fantasy_api
2022,4,,1,api,Pop Lockett Drop it,Post Mahomes,2022-W04-05,5,98.62,105.2,Jared Goff,QB,QB,True,False,False,,42.22,,Jared Goff,QB,,414.p.29235,29235,Det,yahoo_fantasy_api
2022,4,,2,api,Pop Lockett Drop it,Post Mahomes,2022-W04-05,5,98.62,105.2,Christian Kirk,WR,WR,True,False,False,,7.3,,Christian Kirk,WR,,414.p.31017,31017,SF,yahoo_fantasy_api
2022,4,,3,api,Pop Lockett Drop it,Post Mahomes,2022-W04-05,5,98.62,105.2,Hollywood Brown,WR,WR,True,False,False,,17.8,,Hollywood Brown,WR,,414.p.31857,31857,Phi,yahoo_fantasy_api
2022,4,,4,api,Pop Lockett Drop it,Post Mahomes,2022-W04-05,5,98.62,105.2,Najee Harris,RB,RB,True,False,False,,7.4,,Najee Harris,RB,,414.p.33412,33412,NYG,yahoo_fantasy_api
2022,4,,5,api,Pop Lockett Drop it,Post Mahomes,2022-W04-05,5,98.62,105.2,Alexander Mattison,RB,RB,True,False,False,,8.3,,Alexander Mattison,RB,,414.p.31934,31934,Mia,yahoo_fantasy_api
2022,4,,6,api,Pop Lockett Drop it,Post Mahomes,2022-W04-05,5,98.62,105.2,Dalton Schultz,TE,TE,True,False,False,,0.0,,Dalton Schultz,TE,,414.p.31107,31107,Hou,yahoo_fantasy_api
2022,4,,7,api,Pop Lockett Drop it,Post Mahomes,2022-W04-05,5,98.62,105.2,Michael Pittman Jr.,WR,W/R/T,True,False,False,,4.6,,Michael Pittman Jr.,WR,,414.p.32704,32704,Pit,yahoo_fantasy_api
2022,4,,8,api,Pop Lockett Drop it,Post Mahomes,2022-W04-05,5,98.62,105.2,Melvin Gordon III,RB,BN,False,True,False,,-1.2,,Melvin Gordon III,RB,,414.p.28403,28403,Bal,yahoo_fantasy_api
2022,4,,9,api,Pop Lockett Drop it,Post Mahomes,2022-W04-05,5,98.62,105.2,Keenan Allen,WR,BN,False,True,False,,0.0,,Keenan Allen,WR,,414.p.26699,26699,Ind,yahoo_fantasy_api
2022,4,,10,api,Pop Lockett Drop it,Post Mahomes,2022-W04-05,5,98.62,105.2,Rondale Moore,WR,BN,False,True,False,,2.2,,Rondale Moore,WR,,414.p.33437,33437,Min,yahoo_fantasy_api
2022,4,,11,api,Pop Lockett Drop it,Post Mahomes,2022-W04-05,5,98.62,105.2,Romeo Doubs,WR,BN,False,True,False,,11.2,,Romeo Doubs,WR,,414.p.34088,34088,NE,yahoo_fantasy_api
2022,4,,12,api,Pop Lockett Drop it,Post Mahomes,2022-W04-05,5,98.62,105.2,Gabe Davis,WR,BN,False,True,False,,1.8,,Gabe Davis,WR,,414.p.32798,32798,Buf,yahoo_fantasy_api
2022,4,,13,api,Pop Lockett Drop it,Post Mahomes,2022-W04-05,5,98.62,105.2,Gerald Everett,TE,BN,False,True,False,,14.6,,Gerald Everett,TE,,414.p.30157,30157,Chi,yahoo_fantasy_api
2022,4,,14,api,Pop Lockett Drop it,Post Mahomes,2022-W04-05,5,98.62,105.2,Robbie Gould,K,K,True,False,False,,6.0,,Robbie Gould,K,,414.p.7520,7520,SF,yahoo_fantasy_api
2022,4,,15,api,Pop Lockett Drop it,Post Mahomes,2022-W04-05,5,98.62,105.2,Steelers,DEF,DEF,True,False,False,,5.0,,Steelers,DEF,,414.p.100023,100023,Pit,yahoo_fantasy_api
2022,4,,1,api,Post Mahomes,Pop Lockett Drop it,2022-W04-05,5,105.2,98.62,Tom Brady,QB,QB,True,False,False,,31.4,,Tom Brady,QB,,414.p.5228,5228,TB,yahoo_fantasy_api
2022,4,,2,api,Post Mahomes,Pop Lockett Drop it,2022-W04-05,5,105.2,98.62,A.J. Brown,WR,WR,True,False,False,,12.0,,A.J. Brown,WR,,414.p.31883,31883,NE,yahoo_fantasy_api
2022,4,,3,api,Post Mahomes,Pop Lockett Drop it,2022-W04-05,5,105.2,98.62,Drake London,WR,WR,True,False,False,,2.7,,Drake London,WR,,414.p.33963,33963,Atl,yahoo_fantasy_api
2022,4,,4,api,Post Mahomes,Pop Lockett Drop it,2022-W04-05,5,105.2,98.62,Jonathan Taylor,RB,RB,True,False,False,,2.8,,Jonathan Taylor,RB,,414.p.32711,32711,Ind,yahoo_fantasy_api
2022,4,,5,api,Post Mahomes,Pop Lockett Drop it,2022-W04-05,5,105.2,98.62,Ezekiel Elliott,RB,RB,True,False,False,,9.1,,Ezekiel Elliott,RB,,414.p.29238,29238,Dal,yahoo_fantasy_api
2022,4,,6,api,Post Mahomes,Pop Lockett Drop it,2022-W04-05,5,105.2,98.62,Tyler Higbee,TE,TE,True,False,False,,12.3,,Tyler Higbee,TE,,414.p.29344,29344,LAR,yahoo_fantasy_api
2022,4,,7,api,Post Mahomes,Pop Lockett Drop it,2022-W04-05,5,105.2,98.62,Dameon Pierce,RB,W/R/T,True,False,False,,22.9,,Dameon Pierce,RB,,414.p.34063,34063,Phi,yahoo_fantasy_api
2022,4,,8,api,Post Mahomes,Pop Lockett Drop it,2022-W04-05,5,105.2,98.62,Brandin Cooks,WR,BN,False,True,False,,15.2,,Brandin Cooks,WR,,414.p.27548,27548,SF,yahoo_fantasy_api
2022,4,,9,api,Post Mahomes,Pop Lockett Drop it,2022-W04-05,5,105.2,98.62,Clyde Edwards-Helaire,RB,BN,False,True,False,,21.9,,Clyde Edwards-Helaire,RB,,414.p.32702,32702,KC,yahoo_fantasy_api
2022,4,,10,api,Post Mahomes,Pop Lockett Drop it,2022-W04-05,5,105.2,98.62,Cam Akers,RB,BN,False,True,False,,1.3,,Cam Akers,RB,,414.p.32722,32722,Sea,yahoo_fantasy_api
2022,4,,11,api,Post Mahomes,Pop Lockett Drop it,2022-W04-05,5,105.2,98.62,Allen Lazard,WR,BN,False,True,False,,14.6,,Allen Lazard,WR,,414.p.31268,31268,NYJ,yahoo_fantasy_api
2022,4,,12,api,Post Mahomes,Pop Lockett Drop it,2022-W04-05,5,105.2,98.62,Garrett Wilson,WR,BN,False,True,False,,5.1,,Garrett Wilson,WR,,414.p.33965,33965,NYJ,yahoo_fantasy_api
2022,4,,13,api,Post Mahomes,Pop Lockett Drop it,2022-W04-05,5,105.2,98.62,Matt Prater,K,K,True,False,False,,8.0,,Matt Prater,K,,414.p.8565,8565,Buf,yahoo_fantasy_api
2022,4,,14,api,Post Mahomes,Pop Lockett Drop it,2022-W04-05,5,105.2,98.62,Harrison Butker,K,IR,False,False,True,,0.0,,Harrison Butker,K,,414.p.30346,30346,KC,yahoo_fantasy_api
2022,4,,15,api,Post Mahomes,Pop Lockett Drop it,2022-W04-05,5,105.2,98.62,Saints,DEF,DEF,True,False,False,,4.0,,Saints,DEF,,414.p.100018,100018,NO,yahoo_fantasy_api
2022,4,,1,api,The Big Gronkowski,Ginger FC 🏆🏆,2022-W04-01,1,130.82,113.98,Kirk Cousins,QB,QB,True,False,False,,15.92,,Kirk Cousins,QB,,414.p.25812,25812,LV,yahoo_fantasy_api
2022,4,,2,api,The Big Gronkowski,Ginger FC 🏆🏆,2022-W04-01,1,130.82,113.98,Cooper Kupp,WR,WR,True,False,False,,19.2,,Cooper Kupp,WR,,414.p.30182,30182,Sea,yahoo_fantasy_api
2022,4,,3,api,The Big Gronkowski,Ginger FC 🏆🏆,2022-W04-01,1,130.82,113.98,Tee Higgins,WR,WR,True,False,False,,21.9,,Tee Higgins,WR,,414.p.32703,32703,Cin,yahoo_fantasy_api
2022,4,,4,api,The Big Gronkowski,Ginger FC 🏆🏆,2022-W04-01,1,130.82,113.98,Austin Ekeler,RB,RB,True,False,False,,31.9,,Austin Ekeler,RB,,414.p.30423,30423,Was,yahoo_fantasy_api
2022,4,,5,api,The Big Gronkowski,Ginger FC 🏆🏆,2022-W04-01,1,130.82,113.98,Jeff Wilson Jr.,RB,RB,True,False,False,,13.4,,Jeff Wilson Jr.,RB,,414.p.31394,31394,Mia,yahoo_fantasy_api
2022,4,,6,api,The Big Gronkowski,Ginger FC 🏆🏆,2022-W04-01,1,130.82,113.98,George Kittle,TE,TE,True,False,False,,3.4,,George Kittle,TE,,414.p.30259,30259,SF,yahoo_fantasy_api
2022,4,,7,api,The Big Gronkowski,Ginger FC 🏆🏆,2022-W04-01,1,130.82,113.98,JuJu Smith-Schuster,WR,W/R/T,True,False,False,,7.1,,JuJu Smith-Schuster,WR,,414.p.30175,30175,NYG,yahoo_fantasy_api
2022,4,,8,api,The Big Gronkowski,Ginger FC 🏆🏆,2022-W04-01,1,130.82,113.98,Damien Harris,RB,BN,False,True,False,,14.9,,Damien Harris,RB,,414.p.31919,31919,Buf,yahoo_fantasy_api
2022,4,,9,api,The Big Gronkowski,Ginger FC 🏆🏆,2022-W04-01,1,130.82,113.98,Hayden Hurst,TE,BN,False,True,False,,10.2,,Hayden Hurst,TE,,414.p.30995,30995,LAC,yahoo_fantasy_api
2022,4,,10,api,The Big Gronkowski,Ginger FC 🏆🏆,2022-W04-01,1,130.82,113.98,Trey Lance,QB,BN,False,True,False,,0.0,,Trey Lance,QB,,414.p.33391,33391,LAC,yahoo_fantasy_api
2022,4,,11,api,The Big Gronkowski,Ginger FC 🏆🏆,2022-W04-01,1,130.82,113.98,Tony Pollard,RB,BN,False,True,False,,1.3,,Tony Pollard,RB,,414.p.31960,31960,Ten,yahoo_fantasy_api
2022,4,,12,api,The Big Gronkowski,Ginger FC 🏆🏆,2022-W04-01,1,130.82,113.98,Isaiah McKenzie,WR,BN,False,True,False,,10.1,,Isaiah McKenzie,WR,,414.p.30285,30285,Mia,yahoo_fantasy_api
2022,4,,13,api,The Big Gronkowski,Ginger FC 🏆🏆,2022-W04-01,1,130.82,113.98,Tyler Bass,K,K,True,False,False,,11.0,,Tyler Bass,K,,414.p.32858,32858,Buf,yahoo_fantasy_api
2022,4,,14,api,The Big Gronkowski,Ginger FC 🏆🏆,2022-W04-01,1,130.82,113.98,Packers,DEF,DEF,True,False,False,,7.0,,Packers,DEF,,414.p.100009,100009,GB,yahoo_fantasy_api
2022,4,,15,api,The Big Gronkowski,Ginger FC 🏆🏆,2022-W04-01,1,130.82,113.98,Buccaneers,DEF,BN,False,True,False,,1.0,,Buccaneers,DEF,,414.p.100027,100027,TB,yahoo_fantasy_api
2022,4,,1,api,ThreatLevelMidnight,Uncle Rico,2022-W04-04,4,164.68,115.86,Russell Wilson,QB,QB,True,False,False,,30.98,,Russell Wilson,QB,,414.p.25785,25785,NYG,yahoo_fantasy_api
2022,4,,2,api,ThreatLevelMidnight,Uncle Rico,2022-W04-04,4,164.68,115.86,Stefon Diggs,WR,WR,True,False,False,,8.2,,Stefon Diggs,WR,,414.p.28534,28534,Was,yahoo_fantasy_api
2022,4,,3,api,ThreatLevelMidnight,Uncle Rico,2022-W04-04,4,164.68,115.86,Mike Evans,WR,WR,True,False,False,,26.3,,Mike Evans,WR,,414.p.27535,27535,SF,yahoo_fantasy_api
2022,4,,4,api,ThreatLevelMidnight,Uncle Rico,2022-W04-04,4,164.68,115.86,Miles Sanders,RB,RB,True,False,False,,28.6,,Miles Sanders,RB,,414.p.31885,31885,Dal,yahoo_fantasy_api
2022,4,,5,api,ThreatLevelMidnight,Uncle Rico,2022-W04-04,4,164.68,115.86,Rashaad Penny,RB,RB,True,False,False,,28.2,,Rashaad Penny,RB,,414.p.30997,30997,Phi,yahoo_fantasy_api
2022,4,,6,api,ThreatLevelMidnight,Uncle Rico,2022-W04-04,4,164.68,115.86,David Njoku,TE,TE,True,False,False,,7.2,,David Njoku,TE,,414.p.30142,30142,LAC,yahoo_fantasy_api
2022,4,,7,api,ThreatLevelMidnight,Uncle Rico,2022-W04-04,4,164.68,115.86,Rashod Bateman,WR,W/R/T,True,False,False,,3.2,,Rashod Bateman,WR,,414.p.33415,33415,Bal,yahoo_fantasy_api
2022,4,,8,api,ThreatLevelMidnight,Uncle Rico,2022-W04-04,4,164.68,115.86,Chase Edmonds,RB,BN,False,True,False,,9.0,,Chase Edmonds,RB,,414.p.31104,31104,Was,yahoo_fantasy_api
2022,4,,9,api,ThreatLevelMidnight,Uncle Rico,2022-W04-04,4,164.68,115.86,Allen Robinson,WR,BN,False,True,False,,1.7,,Allen Robinson,WR,,414.p.27589,27589,Det,yahoo_fantasy_api
2022,4,,10,api,ThreatLevelMidnight,Uncle Rico,2022-W04-04,4,164.68,115.86,Dak Prescott,QB,BN,False,True,False,,0.0,,Dak Prescott,QB,,414.p.29369,29369,Dal,yahoo_fantasy_api
2022,4,,11,api,ThreatLevelMidnight,Uncle Rico,2022-W04-04,4,164.68,115.86,DeAndre Hopkins,WR,BN,False,True,False,,0.0,,DeAndre Hopkins,WR,,414.p.26650,26650,Bal,yahoo_fantasy_api
2022,4,,12,api,ThreatLevelMidnight,Uncle Rico,2022-W04-04,4,164.68,115.86,Brian Robinson,RB,BN,False,True,False,,0.0,,Brian Robinson,RB,,414.p.34054,34054,Atl,yahoo_fantasy_api
2022,4,,13,api,ThreatLevelMidnight,Uncle Rico,2022-W04-04,4,164.68,115.86,Rachaad White,RB,BN,False,True,False,,12.1,,Rachaad White,RB,,414.p.34047,34047,Was,yahoo_fantasy_api
2022,4,,14,api,ThreatLevelMidnight,Uncle Rico,2022-W04-04,4,164.68,115.86,Elijah Mitchell,RB,IR,False,False,True,,0.0,,Elijah Mitchell,RB,,414.p.33582,33582,KC,yahoo_fantasy_api
2022,4,,15,api,ThreatLevelMidnight,Uncle Rico,2022-W04-04,4,164.68,115.86,Brett Maher,K,K,True,False,False,,16.0,,Brett Maher,K,,414.p.27369,27369,LAR,yahoo_fantasy_api
2022,4,,16,api,ThreatLevelMidnight,Uncle Rico,2022-W04-04,4,164.68,115.86,Giants,DEF,DEF,True,False,False,,16.0,,Giants,DEF,,414.p.100019,100019,NYG,yahoo_fantasy_api
2022,4,,1,api,Uncle Rico,ThreatLevelMidnight,2022-W04-04,4,115.86,164.68,Patrick Mahomes,QB,QB,True,False,False,,30.36,,Patrick Mahomes,QB,,414.p.30123,30123,KC,yahoo_fantasy_api
2022,4,,2,api,Uncle Rico,ThreatLevelMidnight,2022-W04-04,4,115.86,164.68,Ja'Marr Chase,WR,WR,True,False,False,,10.1,,Ja'Marr Chase,WR,,414.p.33393,33393,Cin,yahoo_fantasy_api
2022,4,,3,api,Uncle Rico,ThreatLevelMidnight,2022-W04-04,4,115.86,164.68,Brandon Aiyuk,WR,WR,True,False,False,,5.7,,Brandon Aiyuk,WR,,414.p.32695,32695,SF,yahoo_fantasy_api
2022,4,,4,api,Uncle Rico,ThreatLevelMidnight,2022-W04-04,4,115.86,164.68,Saquon Barkley,RB,RB,True,False,False,,17.2,,Saquon Barkley,RB,,414.p.30972,30972,Phi,yahoo_fantasy_api
2022,4,,5,api,Uncle Rico,ThreatLevelMidnight,2022-W04-04,4,115.86,164.68,Nick Chubb,RB,RB,True,False,False,,19.7,,Nick Chubb,RB,,414.p.31005,31005,Hou,yahoo_fantasy_api
2022,4,,6,api,Uncle Rico,ThreatLevelMidnight,2022-W04-04,4,115.86,164.68,Kyle Pitts Sr.,TE,TE,True,False,False,,3.0,,Kyle Pitts Sr.,TE,,414.p.33392,33392,Atl,yahoo_fantasy_api
2022,4,,7,api,Uncle Rico,ThreatLevelMidnight,2022-W04-04,4,115.86,164.68,Cordarrelle Patterson,RB,W/R/T,True,False,False,,9.8,,Cordarrelle Patterson,RB,,414.p.26652,26652,Pit,yahoo_fantasy_api
2022,4,,8,api,Uncle Rico,ThreatLevelMidnight,2022-W04-04,4,115.86,164.68,Jakobi Meyers,WR,BN,False,True,False,,0.0,,Jakobi Meyers,WR,,414.p.32231,32231,Jax,yahoo_fantasy_api
2022,4,,9,api,Uncle Rico,ThreatLevelMidnight,2022-W04-04,4,115.86,164.68,Isiah Pacheco,RB,BN,False,True,False,,6.3,,Isiah Pacheco,RB,,414.p.34207,34207,Det,yahoo_fantasy_api
2022,4,,10,api,Uncle Rico,ThreatLevelMidnight,2022-W04-04,4,115.86,164.68,Jahan Dotson,WR,BN,False,True,False,,11.8,,Jahan Dotson,WR,,414.p.33971,33971,Atl,yahoo_fantasy_api
2022,4,,11,api,Uncle Rico,ThreatLevelMidnight,2022-W04-04,4,115.86,164.68,Greg Dortch,WR,BN,False,True,False,,1.1,,Greg Dortch,WR,,414.p.32523,32523,Buf,yahoo_fantasy_api
2022,4,,12,api,Uncle Rico,ThreatLevelMidnight,2022-W04-04,4,115.86,164.68,Zay Jones,WR,BN,False,True,False,,0.0,,Zay Jones,WR,,414.p.30150,30150,Hou,yahoo_fantasy_api
2022,4,,13,api,Uncle Rico,ThreatLevelMidnight,2022-W04-04,4,115.86,164.68,Taysom Hill,"QB,TE",BN,False,True,False,,8.1,,Taysom Hill,"QB,TE",,414.p.30614,30614,NO,yahoo_fantasy_api
2022,4,,14,api,Uncle Rico,ThreatLevelMidnight,2022-W04-04,4,115.86,164.68,Jake Elliott,K,K,True,False,False,,5.0,,Jake Elliott,K,,414.p.30266,30266,Phi,yahoo_fantasy_api
2022,4,,15,api,Uncle Rico,ThreatLevelMidnight,2022-W04-04,4,115.86,164.68,Eagles,DEF,DEF,True,False,False,,15.0,,Eagles,DEF,,414.p.100021,100021,Phi,yahoo_fantasy_api
2022,4,,1,api,Voldemort,Patty Primetimes,2022-W04-03,3,130.82,107.04,Josh Allen,QB,QB,True,False,False,,26.52,,Josh Allen,QB,,414.p.30977,30977,Buf,yahoo_fantasy_api
2022,4,,2,api,Voldemort,Patty Primetimes,2022-W04-03,3,130.82,107.04,Justin Jefferson,WR,WR,True,False,False,,26.0,,Justin Jefferson,WR,,414.p.32692,32692,Min,yahoo_fantasy_api
2022,4,,3,api,Voldemort,Patty Primetimes,2022-W04-03,3,130.82,107.04,Curtis Samuel,WR,WR,True,False,False,,5.8,,Curtis Samuel,WR,,414.p.30153,30153,Buf,yahoo_fantasy_api
2022,4,,4,api,Voldemort,Patty Primetimes,2022-W04-03,3,130.82,107.04,Joe Mixon,RB,RB,True,False,False,,15.4,,Joe Mixon,RB,,414.p.30161,30161,Hou,yahoo_fantasy_api
2022,4,,5,api,Voldemort,Patty Primetimes,2022-W04-03,3,130.82,107.04,Craig Reynolds,RB,RB,True,False,False,,4.7,,Craig Reynolds,RB,,414.p.32596,32596,Was,yahoo_fantasy_api
2022,4,,6,api,Voldemort,Patty Primetimes,2022-W04-03,3,130.82,107.04,Zach Ertz,TE,TE,True,False,False,,13.7,,Zach Ertz,TE,,414.p.26658,26658,Phi,yahoo_fantasy_api
2022,4,,7,api,Voldemort,Patty Primetimes,2022-W04-03,3,130.82,107.04,Deebo Samuel Sr.,WR,W/R/T,True,False,False,,20.7,,Deebo Samuel Sr.,WR,,414.p.31868,31868,SF,yahoo_fantasy_api
2022,4,,8,api,Voldemort,Patty Primetimes,2022-W04-03,3,130.82,107.04,D'Andre Swift,RB,BN,False,True,False,,0.0,,D'Andre Swift,RB,,414.p.32705,32705,Chi,yahoo_fantasy_api
2022,4,,9,api,Voldemort,Patty Primetimes,2022-W04-03,3,130.82,107.04,Chris Godwin Jr.,WR,BN,False,True,False,,9.4,,Chris Godwin Jr.,WR,,414.p.30197,30197,TB,yahoo_fantasy_api
2022,4,,10,api,Voldemort,Patty Primetimes,2022-W04-03,3,130.82,107.04,Darnell Mooney,WR,BN,False,True,False,,11.4,,Darnell Mooney,WR,,414.p.32843,32843,NYG,yahoo_fantasy_api
2022,4,,11,api,Voldemort,Patty Primetimes,2022-W04-03,3,130.82,107.04,Raheem Mostert,RB,BN,False,True,False,,9.1,,Raheem Mostert,RB,,414.p.28654,28654,LV,yahoo_fantasy_api
2022,4,,12,api,Voldemort,Patty Primetimes,2022-W04-03,3,130.82,107.04,Treylon Burks,WR,BN,False,True,False,,2.8,,Treylon Burks,WR,,414.p.33973,33973,Was,yahoo_fantasy_api
2022,4,,13,api,Voldemort,Patty Primetimes,2022-W04-03,3,130.82,107.04,Jordan Mason,RB,BN,False,True,False,,0.0,,Jordan Mason,RB,,414.p.34320,34320,Min,yahoo_fantasy_api
2022,4,,14,api,Voldemort,Patty Primetimes,2022-W04-03,3,130.82,107.04,David Montgomery,RB,IR,False,False,True,,0.0,,David Montgomery,RB,,414.p.31905,31905,Hou,yahoo_fantasy_api
2022,4,,15,api,Voldemort,Patty Primetimes,2022-W04-03,3,130.82,107.04,Ryan Succop,K,K,True,False,False,,8.0,,Ryan Succop,K,,414.p.9520,9520,TB,yahoo_fantasy_api
2022,4,,16,api,Voldemort,Patty Primetimes,2022-W04-03,3,130.82,107.04,Cowboys,DEF,DEF,True,False,False,,10.0,,Cowboys,DEF,,414.p.100006,100006,Dal,yahoo_fantasy_api
2022,4,,1,api,malle_dips_pouches,Big Sack Jack,2022-W04-06,6,102.36,120.68,Lamar Jackson,QB,QB,True,False,False,,17.06,,Lamar Jackson,QB,,414.p.31002,31002,Bal,yahoo_fantasy_api
2022,4,,2,api,malle_dips_pouches,Big Sack Jack,2022-W04-06,6,102.36,120.68,Jaylen Waddle,WR,WR,True,False,False,,4.9,,Jaylen Waddle,WR,,414.p.33394,33394,Den,yahoo_fantasy_api
2022,4,,3,api,malle_dips_pouches,Big Sack Jack,2022-W04-06,6,102.36,120.68,Amari Cooper,WR,WR,True,False,False,,1.4,,Amari Cooper,WR,,414.p.28392,28392,Buf,yahoo_fantasy_api
2022,4,,4,api,malle_dips_pouches,Big Sack Jack,2022-W04-06,6,102.36,120.68,Christian McCaffrey,RB,RB,True,False,False,,21.3,,Christian McCaffrey,RB,,414.p.30121,30121,SF,yahoo_fantasy_api
2022,4,,5,api,malle_dips_pouches,Big Sack Jack,2022-W04-06,6,102.36,120.68,Josh Jacobs,RB,RB,True,False,False,,32.0,,Josh Jacobs,RB,,414.p.31856,31856,GB,yahoo_fantasy_api
2022,4,,6,api,malle_dips_pouches,Big Sack Jack,2022-W04-06,6,102.36,120.68,Mark Andrews,TE,TE,True,False,False,,2.5,,Mark Andrews,TE,,414.p.31056,31056,Bal,yahoo_fantasy_api
2022,4,,7,api,malle_dips_pouches,Big Sack Jack,2022-W04-06,6,102.36,120.68,James Conner,RB,W/R/T,True,False,False,,9.2,,James Conner,RB,,414.p.30218,30218,Ari,yahoo_fantasy_api
2022,4,,8,api,malle_dips_pouches,Big Sack Jack,2022-W04-06,6,102.36,120.68,DeVonta Smith,WR,BN,False,True,False,,3.2,,DeVonta Smith,WR,,414.p.33398,33398,Phi,yahoo_fantasy_api
2022,4,,9,api,malle_dips_pouches,Big Sack Jack,2022-W04-06,6,102.36,120.68,Michael Carter,RB,BN,False,True,False,,3.9,,Michael Carter,RB,,414.p.33495,33495,Ten,yahoo_fantasy_api
2022,4,,10,api,malle_dips_pouches,Big Sack Jack,2022-W04-06,6,102.36,120.68,Tyler Boyd,WR,BN,False,True,False,,6.62,,Tyler Boyd,WR,,414.p.29288,29288,Ten,yahoo_fantasy_api
2022,4,,11,api,malle_dips_pouches,Big Sack Jack,2022-W04-06,6,102.36,120.68,Pat Freiermuth,TE,BN,False,True,False,,12.0,,Pat Freiermuth,TE,,414.p.33443,33443,Pit,yahoo_fantasy_api
2022,4,,12,api,malle_dips_pouches,Big Sack Jack,2022-W04-06,6,102.36,120.68,Justin Fields,QB,BN,False,True,False,,10.16,,Justin Fields,QB,,414.p.33399,33399,KC,yahoo_fantasy_api
2022,4,,13,api,malle_dips_pouches,Big Sack Jack,2022-W04-06,6,102.36,120.68,Michael Gallup,WR,BN,False,True,False,,9.4,,Michael Gallup,WR,,414.p.31051,31051,Was,yahoo_fantasy_api
2022,4,,14,api,malle_dips_pouches,Big Sack Jack,2022-W04-06,6,102.36,120.68,Matt Gay,K,K,True,False,False,,9.0,,Matt Gay,K,,414.p.31977,31977,LV,yahoo_fantasy_api
2022,4,,15,api,malle_dips_pouches,Big Sack Jack,2022-W04-06,6,102.36,120.68,Ravens,DEF,DEF,True,False,False,,5.0,,Ravens,DEF,,414.p.100033,100033,Bal,yahoo_fantasy_api
2022,5,,1,api,Big Sack Jack,Patty Primetimes,2022-W05-06,6,101.58,107.38,Joe Burrow,QB,QB,True,False,False,,20.28,,Joe Burrow,QB,,414.p.32671,32671,Cin,yahoo_fantasy_api
2022,5,,2,api,Big Sack Jack,Patty Primetimes,2022-W05-06,6,101.58,107.38,Tyreek Hill,WR,WR,True,False,False,,9.5,,Tyreek Hill,WR,,414.p.29399,29399,Mia,yahoo_fantasy_api
2022,5,,3,api,Big Sack Jack,Patty Primetimes,2022-W05-06,6,101.58,107.38,Amon-Ra St. Brown,WR,WR,True,False,False,,3.8,,Amon-Ra St. Brown,WR,,414.p.33500,33500,Det,yahoo_fantasy_api
2022,5,,4,api,Big Sack Jack,Patty Primetimes,2022-W05-06,6,101.58,107.38,Dalvin Cook,RB,RB,True,False,False,,25.1,,Dalvin Cook,RB,,414.p.30154,30154,Dal,yahoo_fantasy_api
2022,5,,5,api,Big Sack Jack,Patty Primetimes,2022-W05-06,6,101.58,107.38,AJ Dillon,RB,RB,True,False,False,,3.4,,AJ Dillon,RB,,414.p.32732,32732,Car,yahoo_fantasy_api
2022,5,,6,api,Big Sack Jack,Patty Primetimes,2022-W05-06,6,101.58,107.38,Hunter Henry,TE,TE,True,False,False,,7.4,,Hunter Henry,TE,,414.p.29269,29269,NE,yahoo_fantasy_api
2022,5,,7,api,Big Sack Jack,Patty Primetimes,2022-W05-06,6,101.58,107.38,Khalil Herbert,RB,W/R/T,True,False,False,,1.1,,Khalil Herbert,RB,,414.p.33605,33605,Atl,yahoo_fantasy_api
2022,5,,8,api,Big Sack Jack,Patty Primetimes,2022-W05-06,6,101.58,107.38,DJ Moore,WR,BN,False,True,False,,8.7,,DJ Moore,WR,,414.p.30994,30994,Buf,yahoo_fantasy_api
2022,5,,9,api,Big Sack Jack,Patty Primetimes,2022-W05-06,6,101.58,107.38,Dawson Knox,TE,BN,False,True,False,,0.0,,Dawson Knox,TE,,414.p.31928,31928,Buf,yahoo_fantasy_api
2022,5,,10,api,Big Sack Jack,Patty Primetimes,2022-W05-06,6,101.58,107.38,Nyheim Miller-Hines,RB,BN,False,True,False,,1.3,,Nyheim Miller-Hines,RB,,414.p.31074,31074,LAC,yahoo_fantasy_api
2022,5,,11,api,Big Sack Jack,Patty Primetimes,2022-W05-06,6,101.58,107.38,Derek Carr,QB,BN,False,True,False,,21.94,,Derek Carr,QB,,414.p.27564,27564,NO,yahoo_fantasy_api
2022,5,,12,api,Big Sack Jack,Patty Primetimes,2022-W05-06,6,101.58,107.38,Nico Collins,WR,BN,False,True,False,,8.5,,Nico Collins,WR,,414.p.33477,33477,Hou,yahoo_fantasy_api
2022,5,,13,api,Big Sack Jack,Patty Primetimes,2022-W05-06,6,101.58,107.38,Justin Tucker,K,K,True,False,False,,16.0,,Justin Tucker,K,,414.p.26534,26534,Bal,yahoo_fantasy_api
2022,5,,14,api,Big Sack Jack,Patty Primetimes,2022-W05-06,6,101.58,107.38,49ers,DEF,DEF,True,False,False,,15.0,,49ers,DEF,,414.p.100025,100025,SF,yahoo_fantasy_api
2022,5,,15,api,Big Sack Jack,Patty Primetimes,2022-W05-06,6,101.58,107.38,Chiefs,DEF,BN,False,True,False,,1.0,,Chiefs,DEF,,414.p.100012,100012,KC,yahoo_fantasy_api
2022,5,,1,api,Ginger FC 🏆🏆,Malle ❤️ 🐸,2022-W05-02,2,182.3,76.16,Kyler Murray,QB,QB,True,False,False,,19.2,,Kyler Murray,QB,,414.p.31833,31833,Min,yahoo_fantasy_api
2022,5,,2,api,Ginger FC 🏆🏆,Malle ❤️ 🐸,2022-W05-02,2,182.3,76.16,Mike Williams,WR,WR,True,False,False,,18.4,,Mike Williams,WR,,414.p.30120,30120,Pit,yahoo_fantasy_api
2022,5,,3,api,Ginger FC 🏆🏆,Malle ❤️ 🐸,2022-W05-02,2,182.3,76.16,Tyler Lockett,WR,WR,True,False,False,,24.9,,Tyler Lockett,WR,,414.p.28457,28457,LV,yahoo_fantasy_api
2022,5,,4,api,Ginger FC 🏆🏆,Malle ❤️ 🐸,2022-W05-02,2,182.3,76.16,Leonard Fournette,RB,RB,True,False,False,,30.9,,Leonard Fournette,RB,,414.p.30117,30117,Buf,yahoo_fantasy_api
2022,5,,5,api,Ginger FC 🏆🏆,Malle ❤️ 🐸,2022-W05-02,2,182.3,76.16,Rhamondre Stevenson,RB,RB,True,False,False,,18.5,,Rhamondre Stevenson,RB,,414.p.33508,33508,NE,yahoo_fantasy_api
2022,5,,6,api,Ginger FC 🏆🏆,Malle ❤️ 🐸,2022-W05-02,2,182.3,76.16,Travis Kelce,TE,TE,True,False,False,,30.0,,Travis Kelce,TE,,414.p.26686,26686,KC,yahoo_fantasy_api
2022,5,,7,api,Ginger FC 🏆🏆,Malle ❤️ 🐸,2022-W05-02,2,182.3,76.16,Alvin Kamara,RB,W/R/T,True,False,False,,20.4,,Alvin Kamara,RB,,414.p.30180,30180,NO,yahoo_fantasy_api
2022,5,,8,api,Ginger FC 🏆🏆,Malle ❤️ 🐸,2022-W05-02,2,182.3,76.16,Kareem Hunt,RB,BN,False,True,False,,13.2,,Kareem Hunt,RB,,414.p.30199,30199,KC,yahoo_fantasy_api
2022,5,,9,api,Ginger FC 🏆🏆,Malle ❤️ 🐸,2022-W05-02,2,182.3,76.16,Jerry Jeudy,WR,BN,False,True,False,,6.8,,Jerry Jeudy,WR,,414.p.32685,32685,Cle,yahoo_fantasy_api
2022,5,,10,api,Ginger FC 🏆🏆,Malle ❤️ 🐸,2022-W05-02,2,182.3,76.16,Devin Duvernay,WR,BN,False,True,False,,10.3,,Devin Duvernay,WR,,414.p.32762,32762,Ari,yahoo_fantasy_api
2022,5,,11,api,Ginger FC 🏆🏆,Malle ❤️ 🐸,2022-W05-02,2,182.3,76.16,DJ Chark,WR,BN,False,True,False,,0.0,,DJ Chark,WR,,414.p.31031,31031,Atl,yahoo_fantasy_api
2022,5,,12,api,Ginger FC 🏆🏆,Malle ❤️ 🐸,2022-W05-02,2,182.3,76.16,Mark Ingram II,RB,BN,False,True,False,,3.6,,Mark Ingram II,RB,,414.p.24815,24815,NO,yahoo_fantasy_api
2022,5,,13,api,Ginger FC 🏆🏆,Malle ❤️ 🐸,2022-W05-02,2,182.3,76.16,Carson Wentz,QB,BN,False,True,False,,26.86,,Carson Wentz,QB,,414.p.29236,29236,Min,yahoo_fantasy_api
2022,5,,14,api,Ginger FC 🏆🏆,Malle ❤️ 🐸,2022-W05-02,2,182.3,76.16,Daniel Carlson,K,K,True,False,False,,16.0,,Daniel Carlson,K,,414.p.31137,31137,NO,yahoo_fantasy_api
2022,5,,15,api,Ginger FC 🏆🏆,Malle ❤️ 🐸,2022-W05-02,2,182.3,76.16,Rams,DEF,DEF,True,False,False,,4.0,,Rams,DEF,,414.p.100014,100014,LAR,yahoo_fantasy_api
2022,5,,1,api,Joe Mantegna,malle_dips_pouches,2022-W05-04,4,111.52,122.06,Justin Herbert,QB,QB,True,False,False,,16.42,,Justin Herbert,QB,,414.p.32676,32676,LAC,yahoo_fantasy_api
2022,5,,2,api,Joe Mantegna,malle_dips_pouches,2022-W05-04,4,111.52,122.06,Davante Adams,WR,WR,True,False,False,,25.9,,Davante Adams,WR,,414.p.27581,27581,LAR,yahoo_fantasy_api
2022,5,,3,api,Joe Mantegna,malle_dips_pouches,2022-W05-04,4,111.52,122.06,Courtland Sutton,WR,WR,True,False,False,,9.9,,Courtland Sutton,WR,,414.p.31010,31010,Den,yahoo_fantasy_api
2022,5,,4,api,Joe Mantegna,malle_dips_pouches,2022-W05-04,4,111.52,122.06,Aaron Jones Sr.,RB,RB,True,False,False,,9.0,,Aaron Jones Sr.,RB,,414.p.30295,30295,Min,yahoo_fantasy_api
2022,5,,5,api,Joe Mantegna,malle_dips_pouches,2022-W05-04,4,111.52,122.06,Breece Hall,RB,RB,True,False,False,,26.7,,Breece Hall,RB,,414.p.33991,33991,NYJ,yahoo_fantasy_api
2022,5,,6,api,Joe Mantegna,malle_dips_pouches,2022-W05-04,4,111.52,122.06,Dallas Goedert,TE,TE,True,False,False,,13.5,,Dallas Goedert,TE,,414.p.31019,31019,Phi,yahoo_fantasy_api
2022,5,,7,api,Joe Mantegna,malle_dips_pouches,2022-W05-04,4,111.52,122.06,Devin Singletary,RB,W/R/T,True,False,False,,5.1,,Devin Singletary,RB,,414.p.31906,31906,NYG,yahoo_fantasy_api
2022,5,,8,api,Joe Mantegna,malle_dips_pouches,2022-W05-04,4,111.52,122.06,Darrell Henderson Jr.,RB,BN,False,True,False,,5.0,,Darrell Henderson Jr.,RB,,414.p.31902,31902,LAR,yahoo_fantasy_api
2022,5,,9,api,Joe Mantegna,malle_dips_pouches,2022-W05-04,4,111.52,122.06,Elijah Moore,WR,BN,False,True,False,,1.6,,Elijah Moore,WR,,414.p.33422,33422,Phi,yahoo_fantasy_api
2022,5,,10,api,Joe Mantegna,malle_dips_pouches,2022-W05-04,4,111.52,122.06,Russell Gage Jr.,WR,BN,False,True,False,,5.0,,Russell Gage Jr.,WR,,414.p.31164,31164,SF,yahoo_fantasy_api
2022,5,,11,api,Joe Mantegna,malle_dips_pouches,2022-W05-04,4,111.52,122.06,Chase Claypool,WR,BN,False,True,False,,7.5,,Chase Claypool,WR,,414.p.32719,32719,Buf,yahoo_fantasy_api
2022,5,,12,api,Joe Mantegna,malle_dips_pouches,2022-W05-04,4,111.52,122.06,Marcus Mariota,QB,BN,False,True,False,,19.98,,Marcus Mariota,QB,,414.p.28390,28390,Was,yahoo_fantasy_api
2022,5,,13,api,Joe Mantegna,malle_dips_pouches,2022-W05-04,4,111.52,122.06,Tyler Conklin,TE,BN,False,True,False,,0.0,,Tyler Conklin,TE,,414.p.31127,31127,Det,yahoo_fantasy_api
2022,5,,14,api,Joe Mantegna,malle_dips_pouches,2022-W05-04,4,111.52,122.06,Younghoe Koo,K,K,True,False,False,,1.0,,Younghoe Koo,K,,414.p.30426,30426,NYG,yahoo_fantasy_api
2022,5,,15,api,Joe Mantegna,malle_dips_pouches,2022-W05-04,4,111.52,122.06,Vikings,DEF,DEF,True,False,False,,4.0,,Vikings,DEF,,414.p.100016,100016,Min,yahoo_fantasy_api
2022,5,,1,api,Malle ❤️ 🐸,Ginger FC 🏆🏆,2022-W05-02,2,76.16,182.3,Jalen Hurts,QB,QB,True,False,False,,27.66,,Jalen Hurts,QB,,414.p.32723,32723,Phi,yahoo_fantasy_api
2022,5,,2,api,Malle ❤️ 🐸,Ginger FC 🏆🏆,2022-W05-02,2,76.16,182.3,CeeDee Lamb,WR,WR,True,False,False,,7.8,,CeeDee Lamb,WR,,414.p.32687,32687,Dal,yahoo_fantasy_api
2022,5,,3,api,Malle ❤️ 🐸,Ginger FC 🏆🏆,2022-W05-02,2,76.16,182.3,Adam Thielen,WR,WR,True,False,False,,4.7,,Adam Thielen,WR,,414.p.27277,27277,Pit,yahoo_fantasy_api
2022,5,,4,api,Malle ❤️ 🐸,Ginger FC 🏆🏆,2022-W05-02,2,76.16,182.3,James Robinson,RB,RB,True,False,False,,4.9,,James Robinson,RB,,414.p.33138,33138,NO,yahoo_fantasy_api
2022,5,,5,api,Malle ❤️ 🐸,Ginger FC 🏆🏆,2022-W05-02,2,76.16,182.3,Jamaal Williams,RB,RB,True,False,False,,5.6,,Jamaal Williams,RB,,414.p.30247,30247,NO,yahoo_fantasy_api
2022,5,,6,api,Malle ❤️ 🐸,Ginger FC 🏆🏆,2022-W05-02,2,76.16,182.3,T.J. Hockenson,TE,TE,True,False,False,,1.1,,T.J. Hockenson,TE,,414.p.31840,31840,Min,yahoo_fantasy_api
2022,5,,7,api,Malle ❤️ 🐸,Ginger FC 🏆🏆,2022-W05-02,2,76.16,182.3,J.K. Dobbins,RB,W/R/T,True,False,False,,4.4,,J.K. Dobbins,RB,,414.p.32725,32725,Den,yahoo_fantasy_api
2022,5,,8,api,Malle ❤️ 🐸,Ginger FC 🏆🏆,2022-W05-02,2,76.16,182.3,Diontae Johnson,WR,BN,False,True,False,,8.5,,Diontae Johnson,WR,,414.p.31898,31898,Cle,yahoo_fantasy_api
2022,5,,9,api,Malle ❤️ 🐸,Ginger FC 🏆🏆,2022-W05-02,2,76.16,182.3,Antonio Gibson,RB,BN,False,True,False,,5.4,,Antonio Gibson,RB,,414.p.32736,32736,NE,yahoo_fantasy_api
2022,5,,10,api,Malle ❤️ 🐸,Ginger FC 🏆🏆,2022-W05-02,2,76.16,182.3,J.D. McKissic,RB,BN,False,True,False,,6.2,,J.D. McKissic,RB,,414.p.29650,29650,Was,yahoo_fantasy_api
2022,5,,11,api,Malle ❤️ 🐸,Ginger FC 🏆🏆,2022-W05-02,2,76.16,182.3,Cole Kmet,TE,BN,False,True,False,,6.5,,Cole Kmet,TE,,414.p.32713,32713,Chi,yahoo_fantasy_api
2022,5,,12,api,Malle ❤️ 🐸,Ginger FC 🏆🏆,2022-W05-02,2,76.16,182.3,Trevor Lawrence,QB,BN,False,True,False,,12.34,,Trevor Lawrence,QB,,414.p.33389,33389,Jax,yahoo_fantasy_api
2022,5,,13,api,Malle ❤️ 🐸,Ginger FC 🏆🏆,2022-W05-02,2,76.16,182.3,Jarvis Landry,WR,BN,False,True,False,,0.0,,Jarvis Landry,WR,,414.p.27591,27591,NO,yahoo_fantasy_api
2022,5,,14,api,Malle ❤️ 🐸,Ginger FC 🏆🏆,2022-W05-02,2,76.16,182.3,Evan McPherson,K,K,True,False,False,,6.0,,Evan McPherson,K,,414.p.33537,33537,Cin,yahoo_fantasy_api
2022,5,,15,api,Malle ❤️ 🐸,Ginger FC 🏆🏆,2022-W05-02,2,76.16,182.3,Bills,DEF,DEF,True,False,False,,14.0,,Bills,DEF,,414.p.100002,100002,Buf,yahoo_fantasy_api
2022,5,,1,api,Patty Primetimes,Big Sack Jack,2022-W05-06,6,107.38,101.58,Aaron Rodgers,QB,QB,True,False,False,,20.88,,Aaron Rodgers,QB,,414.p.7200,7200,Pit,yahoo_fantasy_api
2022,5,,2,api,Patty Primetimes,Big Sack Jack,2022-W05-06,6,107.38,101.58,Terry McLaurin,WR,WR,True,False,False,,10.1,,Terry McLaurin,WR,,414.p.31908,31908,Was,yahoo_fantasy_api
2022,5,,3,api,Patty Primetimes,Big Sack Jack,2022-W05-06,6,107.38,101.58,DK Metcalf,WR,WR,True,False,False,,15.3,,DK Metcalf,WR,,414.p.31896,31896,Pit,yahoo_fantasy_api
2022,5,,4,api,Patty Primetimes,Big Sack Jack,2022-W05-06,6,107.38,101.58,Derrick Henry,RB,RB,True,False,False,,26.2,,Derrick Henry,RB,,414.p.29279,29279,Bal,yahoo_fantasy_api
2022,5,,5,api,Patty Primetimes,Big Sack Jack,2022-W05-06,6,107.38,101.58,Tyler Allgeier,RB,RB,True,False,False,,4.5,,Tyler Allgeier,RB,,414.p.34107,34107,Ari,yahoo_fantasy_api
2022,5,,6,api,Patty Primetimes,Big Sack Jack,2022-W05-06,6,107.38,101.58,Darren Waller,TE,TE,True,False,False,,0.0,,Darren Waller,TE,,414.p.28592,28592,Car,yahoo_fantasy_api
2022,5,,7,api,Patty Primetimes,Big Sack Jack,2022-W05-06,6,107.38,101.58,Chris Olave,WR,W/R/T,True,False,False,,13.4,,Chris Olave,WR,,414.p.33966,33966,NO,yahoo_fantasy_api
2022,5,,8,api,Patty Primetimes,Big Sack Jack,2022-W05-06,6,107.38,101.58,Travis Etienne Jr.,RB,BN,False,True,False,,12.9,,Travis Etienne Jr.,RB,,414.p.33413,33413,NO,yahoo_fantasy_api
2022,5,,9,api,Patty Primetimes,Big Sack Jack,2022-W05-06,6,107.38,101.58,Michael Thomas,WR,BN,False,True,False,,0.0,,Michael Thomas,WR,,414.p.29281,29281,NO,yahoo_fantasy_api
2022,5,,10,api,Patty Primetimes,Big Sack Jack,2022-W05-06,6,107.38,101.58,Matthew Stafford,QB,BN,False,True,False,,13.32,,Matthew Stafford,QB,,414.p.9265,9265,LAR,yahoo_fantasy_api
2022,5,,11,api,Patty Primetimes,Big Sack Jack,2022-W05-06,6,107.38,101.58,Hunter Renfrow,WR,BN,False,True,False,,4.5,,Hunter Renfrow,WR,,414.p.31981,31981,Car,yahoo_fantasy_api
2022,5,,12,api,Patty Primetimes,Big Sack Jack,2022-W05-06,6,107.38,101.58,Robert Tonyan,TE,BN,False,True,False,,4.3,,Robert Tonyan,TE,,414.p.30777,30777,Pit,yahoo_fantasy_api
2022,5,,13,api,Patty Primetimes,Big Sack Jack,2022-W05-06,6,107.38,101.58,Latavius Murray,RB,BN,False,True,False,,0.0,,Latavius Murray,RB,,414.p.26804,26804,Buf,yahoo_fantasy_api
2022,5,,14,api,Patty Primetimes,Big Sack Jack,2022-W05-06,6,107.38,101.58,Greg Joseph,K,K,True,False,False,,3.0,,Greg Joseph,K,,414.p.31538,31538,LV,yahoo_fantasy_api
2022,5,,15,api,Patty Primetimes,Big Sack Jack,2022-W05-06,6,107.38,101.58,Colts,DEF,DEF,True,False,False,,14.0,,Colts,DEF,,414.p.100011,100011,Ind,yahoo_fantasy_api
2022,5,,1,api,Pop Lockett Drop it,ThreatLevelMidnight,2022-W05-05,5,109.16,75.16,Jared Goff,QB,QB,True,False,False,,6.86,,Jared Goff,QB,,414.p.29235,29235,Det,yahoo_fantasy_api
2022,5,,2,api,Pop Lockett Drop it,ThreatLevelMidnight,2022-W05-05,5,109.16,75.16,Gabe Davis,WR,WR,True,False,False,,30.6,,Gabe Davis,WR,,414.p.32798,32798,Buf,yahoo_fantasy_api
2022,5,,3,api,Pop Lockett Drop it,ThreatLevelMidnight,2022-W05-05,5,109.16,75.16,Romeo Doubs,WR,WR,True,False,False,,4.4,,Romeo Doubs,WR,,414.p.34088,34088,NE,yahoo_fantasy_api
2022,5,,4,api,Pop Lockett Drop it,ThreatLevelMidnight,2022-W05-05,5,109.16,75.16,Melvin Gordon III,RB,RB,True,False,False,,11.8,,Melvin Gordon III,RB,,414.p.28403,28403,Bal,yahoo_fantasy_api
2022,5,,5,api,Pop Lockett Drop it,ThreatLevelMidnight,2022-W05-05,5,109.16,75.16,Nick Chubb,RB,RB,True,False,False,,25.4,,Nick Chubb,RB,,414.p.31005,31005,Hou,yahoo_fantasy_api
2022,5,,6,api,Pop Lockett Drop it,ThreatLevelMidnight,2022-W05-05,5,109.16,75.16,Gerald Everett,TE,TE,True,False,False,,0.7,,Gerald Everett,TE,,414.p.30157,30157,Chi,yahoo_fantasy_api
2022,5,,7,api,Pop Lockett Drop it,ThreatLevelMidnight,2022-W05-05,5,109.16,75.16,Michael Pittman Jr.,WR,W/R/T,True,False,False,,8.4,,Michael Pittman Jr.,WR,,414.p.32704,32704,Pit,yahoo_fantasy_api
2022,5,,8,api,Pop Lockett Drop it,ThreatLevelMidnight,2022-W05-05,5,109.16,75.16,Keenan Allen,WR,BN,False,True,False,,0.0,,Keenan Allen,WR,,414.p.26699,26699,Ind,yahoo_fantasy_api
2022,5,,9,api,Pop Lockett Drop it,ThreatLevelMidnight,2022-W05-05,5,109.16,75.16,Alexander Mattison,RB,BN,False,True,False,,5.5,,Alexander Mattison,RB,,414.p.31934,31934,Mia,yahoo_fantasy_api
2022,5,,10,api,Pop Lockett Drop it,ThreatLevelMidnight,2022-W05-05,5,109.16,75.16,Hollywood Brown,WR,BN,False,True,False,,17.8,,Hollywood Brown,WR,,414.p.31857,31857,Phi,yahoo_fantasy_api
2022,5,,11,api,Pop Lockett Drop it,ThreatLevelMidnight,2022-W05-05,5,109.16,75.16,Dalton Schultz,TE,BN,False,True,False,,0.0,,Dalton Schultz,TE,,414.p.31107,31107,Hou,yahoo_fantasy_api
2022,5,,12,api,Pop Lockett Drop it,ThreatLevelMidnight,2022-W05-05,5,109.16,75.16,Rondale Moore,WR,BN,False,True,False,,9.6,,Rondale Moore,WR,,414.p.33437,33437,Min,yahoo_fantasy_api
2022,5,,13,api,Pop Lockett Drop it,ThreatLevelMidnight,2022-W05-05,5,109.16,75.16,Robbie Gould,K,K,True,False,False,,7.0,,Robbie Gould,K,,414.p.7520,7520,SF,yahoo_fantasy_api
2022,5,,14,api,Pop Lockett Drop it,ThreatLevelMidnight,2022-W05-05,5,109.16,75.16,Broncos,DEF,DEF,True,False,False,,14.0,,Broncos,DEF,,414.p.100007,100007,Den,yahoo_fantasy_api
2022,5,,1,api,Post Mahomes,The Big Gronkowski,2022-W05-01,1,80.84,119.14,Tom Brady,QB,QB,True,False,False,,21.74,,Tom Brady,QB,,414.p.5228,5228,TB,yahoo_fantasy_api
2022,5,,2,api,Post Mahomes,The Big Gronkowski,2022-W05-01,1,80.84,119.14,Brandin Cooks,WR,WR,True,False,False,,4.0,,Brandin Cooks,WR,,414.p.27548,27548,SF,yahoo_fantasy_api
2022,5,,3,api,Post Mahomes,The Big Gronkowski,2022-W05-01,1,80.84,119.14,Drake London,WR,WR,True,False,False,,5.5,,Drake London,WR,,414.p.33963,33963,Atl,yahoo_fantasy_api
2022,5,,4,api,Post Mahomes,The Big Gronkowski,2022-W05-01,1,80.84,119.14,Dameon Pierce,RB,RB,True,False,False,,18.8,,Dameon Pierce,RB,,414.p.34063,34063,Phi,yahoo_fantasy_api
2022,5,,5,api,Post Mahomes,The Big Gronkowski,2022-W05-01,1,80.84,119.14,Clyde Edwards-Helaire,RB,RB,True,False,False,,5.0,,Clyde Edwards-Helaire,RB,,414.p.32702,32702,KC,yahoo_fantasy_api
2022,5,,6,api,Post Mahomes,The Big Gronkowski,2022-W05-01,1,80.84,119.14,Tyler Higbee,TE,TE,True,False,False,,8.1,,Tyler Higbee,TE,,414.p.29344,29344,LAR,yahoo_fantasy_api
2022,5,,7,api,Post Mahomes,The Big Gronkowski,2022-W05-01,1,80.84,119.14,A.J. Brown,WR,W/R/T,True,False,False,,4.7,,A.J. Brown,WR,,414.p.31883,31883,NE,yahoo_fantasy_api
2022,5,,8,api,Post Mahomes,The Big Gronkowski,2022-W05-01,1,80.84,119.14,Cam Akers,RB,BN,False,True,False,,3.3,,Cam Akers,RB,,414.p.32722,32722,Sea,yahoo_fantasy_api
2022,5,,9,api,Post Mahomes,The Big Gronkowski,2022-W05-01,1,80.84,119.14,Jonathan Taylor,RB,BN,False,True,False,,0.0,,Jonathan Taylor,RB,,414.p.32711,32711,Ind,yahoo_fantasy_api
2022,5,,10,api,Post Mahomes,The Big Gronkowski,2022-W05-01,1,80.84,119.14,Ezekiel Elliott,RB,BN,False,True,False,,7.8,,Ezekiel Elliott,RB,,414.p.29238,29238,Dal,yahoo_fantasy_api
2022,5,,11,api,Post Mahomes,The Big Gronkowski,2022-W05-01,1,80.84,119.14,Allen Lazard,WR,BN,False,True,False,,11.5,,Allen Lazard,WR,,414.p.31268,31268,NYJ,yahoo_fantasy_api
2022,5,,12,api,Post Mahomes,The Big Gronkowski,2022-W05-01,1,80.84,119.14,Garrett Wilson,WR,BN,False,True,False,,4.2,,Garrett Wilson,WR,,414.p.33965,33965,NYJ,yahoo_fantasy_api
2022,5,,13,api,Post Mahomes,The Big Gronkowski,2022-W05-01,1,80.84,119.14,Jameson Williams,WR,IR,False,False,True,,0.0,,Jameson Williams,WR,,414.p.33967,33967,Det,yahoo_fantasy_api
2022,5,,14,api,Post Mahomes,The Big Gronkowski,2022-W05-01,1,80.84,119.14,Matthew Wright,K,K,True,False,False,,8.0,,Matthew Wright,K,,414.p.32174,32174,Buf,yahoo_fantasy_api
2022,5,,15,api,Post Mahomes,The Big Gronkowski,2022-W05-01,1,80.84,119.14,Jaguars,DEF,DEF,True,False,False,,5.0,,Jaguars,DEF,,414.p.100030,100030,Jax,yahoo_fantasy_api
2022,5,,16,api,Post Mahomes,The Big Gronkowski,2022-W05-01,1,80.84,119.14,Saints,DEF,BN,False,True,False,,4.0,,Saints,DEF,,414.p.100018,100018,NO,yahoo_fantasy_api
2022,5,,1,api,The Big Gronkowski,Post Mahomes,2022-W05-01,1,119.14,80.84,Kirk Cousins,QB,QB,True,False,False,,25.24,,Kirk Cousins,QB,,414.p.25812,25812,LV,yahoo_fantasy_api
2022,5,,2,api,The Big Gronkowski,Post Mahomes,2022-W05-01,1,119.14,80.84,Cooper Kupp,WR,WR,True,False,False,,22.4,,Cooper Kupp,WR,,414.p.30182,30182,Sea,yahoo_fantasy_api
2022,5,,3,api,The Big Gronkowski,Post Mahomes,2022-W05-01,1,119.14,80.84,Tee Higgins,WR,WR,True,False,False,,0.0,,Tee Higgins,WR,,414.p.32703,32703,Cin,yahoo_fantasy_api
2022,5,,4,api,The Big Gronkowski,Post Mahomes,2022-W05-01,1,119.14,80.84,Austin Ekeler,RB,RB,True,False,False,,33.9,,Austin Ekeler,RB,,414.p.30423,30423,Was,yahoo_fantasy_api
2022,5,,5,api,The Big Gronkowski,Post Mahomes,2022-W05-01,1,119.14,80.84,Jeff Wilson Jr.,RB,RB,True,False,False,,19.7,,Jeff Wilson Jr.,RB,,414.p.31394,31394,Mia,yahoo_fantasy_api
2022,5,,6,api,The Big Gronkowski,Post Mahomes,2022-W05-01,1,119.14,80.84,George Kittle,TE,TE,True,False,False,,5.2,,George Kittle,TE,,414.p.30259,30259,SF,yahoo_fantasy_api
2022,5,,7,api,The Big Gronkowski,Post Mahomes,2022-W05-01,1,119.14,80.84,Damien Harris,RB,W/R/T,True,False,False,,1.7,,Damien Harris,RB,,414.p.31919,31919,Buf,yahoo_fantasy_api
2022,5,,8,api,The Big Gronkowski,Post Mahomes,2022-W05-01,1,119.14,80.84,JuJu Smith-Schuster,WR,BN,False,True,False,,4.8,,JuJu Smith-Schuster,WR,,414.p.30175,30175,NYG,yahoo_fantasy_api
2022,5,,9,api,The Big Gronkowski,Post Mahomes,2022-W05-01,1,119.14,80.84,Hayden Hurst,TE,BN,False,True,False,,14.3,,Hayden Hurst,TE,,414.p.30995,30995,LAC,yahoo_fantasy_api
2022,5,,10,api,The Big Gronkowski,Post Mahomes,2022-W05-01,1,119.14,80.84,Trey Lance,QB,BN,False,True,False,,0.0,,Trey Lance,QB,,414.p.33391,33391,LAC,yahoo_fantasy_api
2022,5,,11,api,The Big Gronkowski,Post Mahomes,2022-W05-01,1,119.14,80.84,Tony Pollard,RB,BN,False,True,False,,14.6,,Tony Pollard,RB,,414.p.31960,31960,Ten,yahoo_fantasy_api
2022,5,,12,api,The Big Gronkowski,Post Mahomes,2022-W05-01,1,119.14,80.84,Isaiah McKenzie,WR,BN,False,True,False,,0.0,,Isaiah McKenzie,WR,,414.p.30285,30285,Mia,yahoo_fantasy_api
2022,5,,13,api,The Big Gronkowski,Post Mahomes,2022-W05-01,1,119.14,80.84,Tyler Bass,K,K,True,False,False,,8.0,,Tyler Bass,K,,414.p.32858,32858,Buf,yahoo_fantasy_api
2022,5,,14,api,The Big Gronkowski,Post Mahomes,2022-W05-01,1,119.14,80.84,Packers,DEF,DEF,True,False,False,,3.0,,Packers,DEF,,414.p.100009,100009,GB,yahoo_fantasy_api
2022,5,,15,api,The Big Gronkowski,Post Mahomes,2022-W05-01,1,119.14,80.84,Buccaneers,DEF,BN,False,True,False,,6.0,,Buccaneers,DEF,,414.p.100027,100027,TB,yahoo_fantasy_api
2022,5,,1,api,ThreatLevelMidnight,Pop Lockett Drop it,2022-W05-05,5,75.16,109.16,Russell Wilson,QB,QB,True,False,False,,11.16,,Russell Wilson,QB,,414.p.25785,25785,NYG,yahoo_fantasy_api
2022,5,,2,api,ThreatLevelMidnight,Pop Lockett Drop it,2022-W05-05,5,75.16,109.16,Stefon Diggs,WR,WR,True,False,False,,20.2,,Stefon Diggs,WR,,414.p.28534,28534,Was,yahoo_fantasy_api
2022,5,,3,api,ThreatLevelMidnight,Pop Lockett Drop it,2022-W05-05,5,75.16,109.16,Mike Evans,WR,WR,True,False,False,,10.1,,Mike Evans,WR,,414.p.27535,27535,SF,yahoo_fantasy_api
2022,5,,4,api,ThreatLevelMidnight,Pop Lockett Drop it,2022-W05-05,5,75.16,109.16,Miles Sanders,RB,RB,True,False,False,,7.4,,Miles Sanders,RB,,414.p.31885,31885,Dal,yahoo_fantasy_api
2022,5,,5,api,ThreatLevelMidnight,Pop Lockett Drop it,2022-W05-05,5,75.16,109.16,Chase Edmonds,RB,RB,True,False,False,,0.1,,Chase Edmonds,RB,,414.p.31104,31104,Was,yahoo_fantasy_api
2022,5,,6,api,ThreatLevelMidnight,Pop Lockett Drop it,2022-W05-05,5,75.16,109.16,David Njoku,TE,TE,True,False,False,,11.8,,David Njoku,TE,,414.p.30142,30142,LAC,yahoo_fantasy_api
2022,5,,7,api,ThreatLevelMidnight,Pop Lockett Drop it,2022-W05-05,5,75.16,109.16,Rashaad Penny,RB,W/R/T,True,False,False,,5.4,,Rashaad Penny,RB,,414.p.30997,30997,Phi,yahoo_fantasy_api
2022,5,,8,api,ThreatLevelMidnight,Pop Lockett Drop it,2022-W05-05,5,75.16,109.16,Rashod Bateman,WR,BN,False,True,False,,0.0,,Rashod Bateman,WR,,414.p.33415,33415,Bal,yahoo_fantasy_api
2022,5,,9,api,ThreatLevelMidnight,Pop Lockett Drop it,2022-W05-05,5,75.16,109.16,DeAndre Hopkins,WR,BN,False,True,False,,0.0,,DeAndre Hopkins,WR,,414.p.26650,26650,Bal,yahoo_fantasy_api
2022,5,,10,api,ThreatLevelMidnight,Pop Lockett Drop it,2022-W05-05,5,75.16,109.16,Brian Robinson,RB,BN,False,True,False,,2.2,,Brian Robinson,RB,,414.p.34054,34054,Atl,yahoo_fantasy_api
2022,5,,11,api,ThreatLevelMidnight,Pop Lockett Drop it,2022-W05-05,5,75.16,109.16,Rachaad White,RB,BN,False,True,False,,5.7,,Rachaad White,RB,,414.p.34047,34047,Was,yahoo_fantasy_api
2022,5,,12,api,ThreatLevelMidnight,Pop Lockett Drop it,2022-W05-05,5,75.16,109.16,Mike Boone,RB,BN,False,True,False,,10.0,,Mike Boone,RB,,414.p.31228,31228,Mia,yahoo_fantasy_api
2022,5,,13,api,ThreatLevelMidnight,Pop Lockett Drop it,2022-W05-05,5,75.16,109.16,Elijah Mitchell,RB,IR,False,False,True,,0.0,,Elijah Mitchell,RB,,414.p.33582,33582,KC,yahoo_fantasy_api
2022,5,,14,api,ThreatLevelMidnight,Pop Lockett Drop it,2022-W05-05,5,75.16,109.16,Brett Maher,K,K,True,False,False,,11.0,,Brett Maher,K,,414.p.27369,27369,LAR,yahoo_fantasy_api
2022,5,,15,api,ThreatLevelMidnight,Pop Lockett Drop it,2022-W05-05,5,75.16,109.16,Dolphins,DEF,DEF,True,False,False,,-2.0,,Dolphins,DEF,,414.p.100015,100015,Mia,yahoo_fantasy_api
2022,5,,1,api,Uncle Rico,Voldemort,2022-W05-03,3,106.48,155.78,Patrick Mahomes,QB,QB,True,False,False,,38.48,,Patrick Mahomes,QB,,414.p.30123,30123,KC,yahoo_fantasy_api
2022,5,,2,api,Uncle Rico,Voldemort,2022-W05-03,3,106.48,155.78,Ja'Marr Chase,WR,WR,True,False,False,,8.5,,Ja'Marr Chase,WR,,414.p.33393,33393,Cin,yahoo_fantasy_api
2022,5,,3,api,Uncle Rico,Voldemort,2022-W05-03,3,106.48,155.78,Christian Kirk,WR,WR,True,False,False,,1.6,,Christian Kirk,WR,,414.p.31017,31017,SF,yahoo_fantasy_api
2022,5,,4,api,Uncle Rico,Voldemort,2022-W05-03,3,106.48,155.78,Saquon Barkley,RB,RB,True,False,False,,18.1,,Saquon Barkley,RB,,414.p.30972,30972,Phi,yahoo_fantasy_api
2022,5,,5,api,Uncle Rico,Voldemort,2022-W05-03,3,106.48,155.78,Najee Harris,RB,RB,True,False,False,,5.1,,Najee Harris,RB,,414.p.33412,33412,NYG,yahoo_fantasy_api
2022,5,,6,api,Uncle Rico,Voldemort,2022-W05-03,3,106.48,155.78,Will Dissly,TE,TE,True,False,False,,3.1,,Will Dissly,TE,,414.p.31090,31090,LAC,yahoo_fantasy_api
2022,5,,7,api,Uncle Rico,Voldemort,2022-W05-03,3,106.48,155.78,Jakobi Meyers,WR,W/R/T,True,False,False,,20.6,,Jakobi Meyers,WR,,414.p.32231,32231,Jax,yahoo_fantasy_api
2022,5,,8,api,Uncle Rico,Voldemort,2022-W05-03,3,106.48,155.78,Kyle Pitts Sr.,TE,BN,False,True,False,,0.0,,Kyle Pitts Sr.,TE,,414.p.33392,33392,Atl,yahoo_fantasy_api
2022,5,,9,api,Uncle Rico,Voldemort,2022-W05-03,3,106.48,155.78,Brandon Aiyuk,WR,BN,False,True,False,,7.3,,Brandon Aiyuk,WR,,414.p.32695,32695,SF,yahoo_fantasy_api
2022,5,,10,api,Uncle Rico,Voldemort,2022-W05-03,3,106.48,155.78,Isiah Pacheco,RB,BN,False,True,False,,0.0,,Isiah Pacheco,RB,,414.p.34207,34207,Det,yahoo_fantasy_api
2022,5,,11,api,Uncle Rico,Voldemort,2022-W05-03,3,106.48,155.78,Jahan Dotson,WR,BN,False,True,False,,0.0,,Jahan Dotson,WR,,414.p.33971,33971,Atl,yahoo_fantasy_api
2022,5,,12,api,Uncle Rico,Voldemort,2022-W05-03,3,106.48,155.78,Zay Jones,WR,BN,False,True,False,,2.7,,Zay Jones,WR,,414.p.30150,30150,Hou,yahoo_fantasy_api
2022,5,,13,api,Uncle Rico,Voldemort,2022-W05-03,3,106.48,155.78,Caleb Huntley,RB,BN,False,True,False,,3.4,,Caleb Huntley,RB,,414.p.33732,33732,Atl,yahoo_fantasy_api
2022,5,,14,api,Uncle Rico,Voldemort,2022-W05-03,3,106.48,155.78,Cordarrelle Patterson,RB,IR,False,False,True,,0.0,,Cordarrelle Patterson,RB,,414.p.26652,26652,Pit,yahoo_fantasy_api
2022,5,,15,api,Uncle Rico,Voldemort,2022-W05-03,3,106.48,155.78,Riley Patterson,K,K,True,False,False,,7.0,,Riley Patterson,K,,414.p.33781,33781,Mia,yahoo_fantasy_api
2022,5,,16,api,Uncle Rico,Voldemort,2022-W05-03,3,106.48,155.78,Eagles,DEF,DEF,True,False,False,,4.0,,Eagles,DEF,,414.p.100021,100021,Phi,yahoo_fantasy_api
2022,5,,1,api,Voldemort,Uncle Rico,2022-W05-03,3,155.78,106.48,Josh Allen,QB,QB,True,False,False,,44.16,,Josh Allen,QB,,414.p.30977,30977,Buf,yahoo_fantasy_api
2022,5,,2,api,Voldemort,Uncle Rico,2022-W05-03,3,155.78,106.48,Justin Jefferson,WR,WR,True,False,False,,24.32,,Justin Jefferson,WR,,414.p.32692,32692,Min,yahoo_fantasy_api
2022,5,,3,api,Voldemort,Uncle Rico,2022-W05-03,3,155.78,106.48,Chris Godwin Jr.,WR,WR,True,False,False,,9.3,,Chris Godwin Jr.,WR,,414.p.30197,30197,TB,yahoo_fantasy_api
2022,5,,4,api,Voldemort,Uncle Rico,2022-W05-03,3,155.78,106.48,Joe Mixon,RB,RB,True,False,False,,10.3,,Joe Mixon,RB,,414.p.30161,30161,Hou,yahoo_fantasy_api
2022,5,,5,api,Voldemort,Uncle Rico,2022-W05-03,3,155.78,106.48,Raheem Mostert,RB,RB,True,False,False,,18.7,,Raheem Mostert,RB,,414.p.28654,28654,LV,yahoo_fantasy_api
2022,5,,6,api,Voldemort,Uncle Rico,2022-W05-03,3,155.78,106.48,Zach Ertz,TE,TE,True,False,False,,7.8,,Zach Ertz,TE,,414.p.26658,26658,Phi,yahoo_fantasy_api
2022,5,,7,api,Voldemort,Uncle Rico,2022-W05-03,3,155.78,106.48,Deebo Samuel Sr.,WR,W/R/T,True,False,False,,10.2,,Deebo Samuel Sr.,WR,,414.p.31868,31868,SF,yahoo_fantasy_api
2022,5,,8,api,Voldemort,Uncle Rico,2022-W05-03,3,155.78,106.48,Curtis Samuel,WR,BN,False,True,False,,9.2,,Curtis Samuel,WR,,414.p.30153,30153,Buf,yahoo_fantasy_api
2022,5,,9,api,Voldemort,Uncle Rico,2022-W05-03,3,155.78,106.48,Darnell Mooney,WR,BN,False,True,False,,6.2,,Darnell Mooney,WR,,414.p.32843,32843,NYG,yahoo_fantasy_api
2022,5,,10,api,Voldemort,Uncle Rico,2022-W05-03,3,155.78,106.48,David Montgomery,RB,BN,False,True,False,,16.2,,David Montgomery,RB,,414.p.31905,31905,Hou,yahoo_fantasy_api
2022,5,,11,api,Voldemort,Uncle Rico,2022-W05-03,3,155.78,106.48,George Pickens,WR,BN,False,True,False,,11.3,,George Pickens,WR,,414.p.34007,34007,Dal,yahoo_fantasy_api
2022,5,,12,api,Voldemort,Uncle Rico,2022-W05-03,3,155.78,106.48,Josh Reynolds,WR,BN,False,True,False,,12.2,,Josh Reynolds,WR,,414.p.30230,30230,NYJ,yahoo_fantasy_api
2022,5,,13,api,Voldemort,Uncle Rico,2022-W05-03,3,155.78,106.48,Skyy Moore,WR,BN,False,True,False,,2.5,,Skyy Moore,WR,,414.p.34009,34009,GB,yahoo_fantasy_api
2022,5,,14,api,Voldemort,Uncle Rico,2022-W05-03,3,155.78,106.48,D'Andre Swift,RB,IR,False,False,True,,0.0,,D'Andre Swift,RB,,414.p.32705,32705,Chi,yahoo_fantasy_api
2022,5,,15,api,Voldemort,Uncle Rico,2022-W05-03,3,155.78,106.48,Ryan Succop,K,K,True,False,False,,8.0,,Ryan Succop,K,,414.p.9520,9520,TB,yahoo_fantasy_api
2022,5,,16,api,Voldemort,Uncle Rico,2022-W05-03,3,155.78,106.48,Cowboys,DEF,DEF,True,False,False,,23.0,,Cowboys,DEF,,414.p.100006,100006,Dal,yahoo_fantasy_api
2022,5,,1,api,malle_dips_pouches,Joe Mantegna,2022-W05-04,4,122.06,111.52,Lamar Jackson,QB,QB,True,False,False,,17.76,,Lamar Jackson,QB,,414.p.31002,31002,Bal,yahoo_fantasy_api
2022,5,,2,api,malle_dips_pouches,Joe Mantegna,2022-W05-04,4,122.06,111.52,Jaylen Waddle,WR,WR,True,False,False,,3.8,,Jaylen Waddle,WR,,414.p.33394,33394,Den,yahoo_fantasy_api
2022,5,,3,api,malle_dips_pouches,Joe Mantegna,2022-W05-04,4,122.06,111.52,Amari Cooper,WR,WR,True,False,False,,17.1,,Amari Cooper,WR,,414.p.28392,28392,Buf,yahoo_fantasy_api
2022,5,,4,api,malle_dips_pouches,Joe Mantegna,2022-W05-04,4,122.06,111.52,Christian McCaffrey,RB,RB,True,False,False,,19.9,,Christian McCaffrey,RB,,414.p.30121,30121,SF,yahoo_fantasy_api
2022,5,,5,api,malle_dips_pouches,Joe Mantegna,2022-W05-04,4,122.06,111.52,Josh Jacobs,RB,RB,True,False,False,,27.8,,Josh Jacobs,RB,,414.p.31856,31856,GB,yahoo_fantasy_api
2022,5,,6,api,malle_dips_pouches,Joe Mantegna,2022-W05-04,4,122.06,111.52,Mark Andrews,TE,TE,True,False,False,,18.9,,Mark Andrews,TE,,414.p.31056,31056,Bal,yahoo_fantasy_api
2022,5,,7,api,malle_dips_pouches,Joe Mantegna,2022-W05-04,4,122.06,111.52,James Conner,RB,W/R/T,True,False,False,,6.8,,James Conner,RB,,414.p.30218,30218,Ari,yahoo_fantasy_api
2022,5,,8,api,malle_dips_pouches,Joe Mantegna,2022-W05-04,4,122.06,111.52,DeVonta Smith,WR,BN,False,True,False,,13.7,,DeVonta Smith,WR,,414.p.33398,33398,Phi,yahoo_fantasy_api
2022,5,,9,api,malle_dips_pouches,Joe Mantegna,2022-W05-04,4,122.06,111.52,Michael Carter,RB,BN,False,True,False,,16.3,,Michael Carter,RB,,414.p.33495,33495,Ten,yahoo_fantasy_api
2022,5,,10,api,malle_dips_pouches,Joe Mantegna,2022-W05-04,4,122.06,111.52,Tyler Boyd,WR,BN,False,True,False,,4.7,,Tyler Boyd,WR,,414.p.29288,29288,Ten,yahoo_fantasy_api
2022,5,,11,api,malle_dips_pouches,Joe Mantegna,2022-W05-04,4,122.06,111.52,Pat Freiermuth,TE,BN,False,True,False,,2.2,,Pat Freiermuth,TE,,414.p.33443,33443,Pit,yahoo_fantasy_api
2022,5,,12,api,malle_dips_pouches,Joe Mantegna,2022-W05-04,4,122.06,111.52,Michael Gallup,WR,BN,False,True,False,,6.4,,Michael Gallup,WR,,414.p.31051,31051,Was,yahoo_fantasy_api
2022,5,,13,api,malle_dips_pouches,Joe Mantegna,2022-W05-04,4,122.06,111.52,Corey Davis,WR,BN,False,True,False,,4.8,,Corey Davis,WR,,414.p.30118,30118,NYJ,yahoo_fantasy_api
2022,5,,14,api,malle_dips_pouches,Joe Mantegna,2022-W05-04,4,122.06,111.52,Matt Gay,K,K,True,False,False,,4.0,,Matt Gay,K,,414.p.31977,31977,LV,yahoo_fantasy_api
2022,5,,15,api,malle_dips_pouches,Joe Mantegna,2022-W05-04,4,122.06,111.52,Ravens,DEF,DEF,True,False,False,,6.0,,Ravens,DEF,,414.p.100033,100033,Bal,yahoo_fantasy_api
2022,6,,1,api,Big Sack Jack,Uncle Rico,2022-W06-06,6,115.0,107.82,Joe Burrow,QB,QB,True,False,False,,38.5,,Joe Burrow,QB,,414.p.32671,32671,Cin,yahoo_fantasy_api
2022,6,,2,api,Big Sack Jack,Uncle Rico,2022-W06-06,6,115.0,107.82,Tyreek Hill,WR,WR,True,False,False,,23.7,,Tyreek Hill,WR,,414.p.29399,29399,Mia,yahoo_fantasy_api
2022,6,,3,api,Big Sack Jack,Uncle Rico,2022-W06-06,6,115.0,107.82,DJ Moore,WR,WR,True,False,False,,2.2,,DJ Moore,WR,,414.p.30994,30994,Buf,yahoo_fantasy_api
2022,6,,4,api,Big Sack Jack,Uncle Rico,2022-W06-06,6,115.0,107.82,Dalvin Cook,RB,RB,True,False,False,,14.8,,Dalvin Cook,RB,,414.p.30154,30154,Dal,yahoo_fantasy_api
2022,6,,5,api,Big Sack Jack,Uncle Rico,2022-W06-06,6,115.0,107.82,AJ Dillon,RB,RB,True,False,False,,7.2,,AJ Dillon,RB,,414.p.32732,32732,Car,yahoo_fantasy_api
2022,6,,6,api,Big Sack Jack,Uncle Rico,2022-W06-06,6,115.0,107.82,Dawson Knox,TE,TE,True,False,False,,11.2,,Dawson Knox,TE,,414.p.31928,31928,Buf,yahoo_fantasy_api
2022,6,,7,api,Big Sack Jack,Uncle Rico,2022-W06-06,6,115.0,107.82,Khalil Herbert,RB,W/R/T,True,False,False,,7.4,,Khalil Herbert,RB,,414.p.33605,33605,Atl,yahoo_fantasy_api
2022,6,,8,api,Big Sack Jack,Uncle Rico,2022-W06-06,6,115.0,107.82,Hunter Henry,TE,BN,False,True,False,,14.1,,Hunter Henry,TE,,414.p.29269,29269,NE,yahoo_fantasy_api
2022,6,,9,api,Big Sack Jack,Uncle Rico,2022-W06-06,6,115.0,107.82,Amon-Ra St. Brown,WR,BN,False,True,False,,0.0,,Amon-Ra St. Brown,WR,,414.p.33500,33500,Det,yahoo_fantasy_api
2022,6,,10,api,Big Sack Jack,Uncle Rico,2022-W06-06,6,115.0,107.82,Nyheim Miller-Hines,RB,BN,False,True,False,,0.0,,Nyheim Miller-Hines,RB,,414.p.31074,31074,LAC,yahoo_fantasy_api
2022,6,,11,api,Big Sack Jack,Uncle Rico,2022-W06-06,6,115.0,107.82,Derek Carr,QB,BN,False,True,False,,0.0,,Derek Carr,QB,,414.p.27564,27564,NO,yahoo_fantasy_api
2022,6,,12,api,Big Sack Jack,Uncle Rico,2022-W06-06,6,115.0,107.82,Nico Collins,WR,BN,False,True,False,,0.0,,Nico Collins,WR,,414.p.33477,33477,Hou,yahoo_fantasy_api
2022,6,,13,api,Big Sack Jack,Uncle Rico,2022-W06-06,6,115.0,107.82,Justin Tucker,K,K,True,False,False,,8.0,,Justin Tucker,K,,414.p.26534,26534,Bal,yahoo_fantasy_api
2022,6,,14,api,Big Sack Jack,Uncle Rico,2022-W06-06,6,115.0,107.82,49ers,DEF,DEF,True,False,False,,2.0,,49ers,DEF,,414.p.100025,100025,SF,yahoo_fantasy_api
2022,6,,15,api,Big Sack Jack,Uncle Rico,2022-W06-06,6,115.0,107.82,Chiefs,DEF,BN,False,True,False,,3.0,,Chiefs,DEF,,414.p.100012,100012,KC,yahoo_fantasy_api
2022,6,,1,api,Ginger FC 🏆🏆,malle_dips_pouches,2022-W06-05,5,111.08,106.7,Kyler Murray,QB,QB,True,False,False,,15.88,,Kyler Murray,QB,,414.p.31833,31833,Min,yahoo_fantasy_api
2022,6,,2,api,Ginger FC 🏆🏆,malle_dips_pouches,2022-W06-05,5,111.08,106.7,Mike Williams,WR,WR,True,False,False,,2.7,,Mike Williams,WR,,414.p.30120,30120,Pit,yahoo_fantasy_api
2022,6,,3,api,Ginger FC 🏆🏆,malle_dips_pouches,2022-W06-05,5,111.08,106.7,Tyler Lockett,WR,WR,True,False,False,,2.7,,Tyler Lockett,WR,,414.p.28457,28457,LV,yahoo_fantasy_api
2022,6,,4,api,Ginger FC 🏆🏆,malle_dips_pouches,2022-W06-05,5,111.08,106.7,Leonard Fournette,RB,RB,True,False,False,,19.1,,Leonard Fournette,RB,,414.p.30117,30117,Buf,yahoo_fantasy_api
2022,6,,5,api,Ginger FC 🏆🏆,malle_dips_pouches,2022-W06-05,5,111.08,106.7,Rhamondre Stevenson,RB,RB,True,False,False,,23.1,,Rhamondre Stevenson,RB,,414.p.33508,33508,NE,yahoo_fantasy_api
2022,6,,6,api,Ginger FC 🏆🏆,malle_dips_pouches,2022-W06-05,5,111.08,106.7,Travis Kelce,TE,TE,True,False,False,,15.2,,Travis Kelce,TE,,414.p.26686,26686,KC,yahoo_fantasy_api
2022,6,,7,api,Ginger FC 🏆🏆,malle_dips_pouches,2022-W06-05,5,111.08,106.7,Alvin Kamara,RB,W/R/T,True,False,False,,15.4,,Alvin Kamara,RB,,414.p.30180,30180,NO,yahoo_fantasy_api
2022,6,,8,api,Ginger FC 🏆🏆,malle_dips_pouches,2022-W06-05,5,111.08,106.7,Kareem Hunt,RB,BN,False,True,False,,1.2,,Kareem Hunt,RB,,414.p.30199,30199,KC,yahoo_fantasy_api
2022,6,,9,api,Ginger FC 🏆🏆,malle_dips_pouches,2022-W06-05,5,111.08,106.7,Jerry Jeudy,WR,BN,False,True,False,,6.9,,Jerry Jeudy,WR,,414.p.32685,32685,Cle,yahoo_fantasy_api
2022,6,,10,api,Ginger FC 🏆🏆,malle_dips_pouches,2022-W06-05,5,111.08,106.7,Devin Duvernay,WR,BN,False,True,False,,1.9,,Devin Duvernay,WR,,414.p.32762,32762,Ari,yahoo_fantasy_api
2022,6,,11,api,Ginger FC 🏆🏆,malle_dips_pouches,2022-W06-05,5,111.08,106.7,Mark Ingram II,RB,BN,False,True,False,,6.2,,Mark Ingram II,RB,,414.p.24815,24815,NO,yahoo_fantasy_api
2022,6,,12,api,Ginger FC 🏆🏆,malle_dips_pouches,2022-W06-05,5,111.08,106.7,Carson Wentz,QB,BN,False,True,False,,4.16,,Carson Wentz,QB,,414.p.29236,29236,Min,yahoo_fantasy_api
2022,6,,13,api,Ginger FC 🏆🏆,malle_dips_pouches,2022-W06-05,5,111.08,106.7,Graham Gano,K,K,True,False,False,,6.0,,Graham Gano,K,,414.p.9526,9526,NYG,yahoo_fantasy_api
2022,6,,14,api,Ginger FC 🏆🏆,malle_dips_pouches,2022-W06-05,5,111.08,106.7,Daniel Carlson,K,BN,False,True,False,,0.0,,Daniel Carlson,K,,414.p.31137,31137,NO,yahoo_fantasy_api
2022,6,,15,api,Ginger FC 🏆🏆,malle_dips_pouches,2022-W06-05,5,111.08,106.7,Rams,DEF,DEF,True,False,False,,11.0,,Rams,DEF,,414.p.100014,100014,LAR,yahoo_fantasy_api
2022,6,,1,api,Joe Mantegna,Patty Primetimes,2022-W06-04,4,69.22,67.14,Justin Herbert,QB,QB,True,False,False,,9.42,,Justin Herbert,QB,,414.p.32676,32676,LAC,yahoo_fantasy_api
2022,6,,2,api,Joe Mantegna,Patty Primetimes,2022-W06-04,4,69.22,67.14,Courtland Sutton,WR,WR,True,False,False,,2.4,,Courtland Sutton,WR,,414.p.31010,31010,Den,yahoo_fantasy_api
2022,6,,3,api,Joe Mantegna,Patty Primetimes,2022-W06-04,4,69.22,67.14,Marquez Valdes-Scantling,WR,WR,True,False,False,,0.0,,Marquez Valdes-Scantling,WR,,414.p.31144,31144,LAC,yahoo_fantasy_api
2022,6,,4,api,Joe Mantegna,Patty Primetimes,2022-W06-04,4,69.22,67.14,Aaron Jones Sr.,RB,RB,True,False,False,,5.9,,Aaron Jones Sr.,RB,,414.p.30295,30295,Min,yahoo_fantasy_api
2022,6,,5,api,Joe Mantegna,Patty Primetimes,2022-W06-04,4,69.22,67.14,Breece Hall,RB,RB,True,False,False,,19.1,,Breece Hall,RB,,414.p.33991,33991,NYJ,yahoo_fantasy_api
2022,6,,6,api,Joe Mantegna,Patty Primetimes,2022-W06-04,4,69.22,67.14,Dallas Goedert,TE,TE,True,False,False,,3.2,,Dallas Goedert,TE,,414.p.31019,31019,Phi,yahoo_fantasy_api
2022,6,,7,api,Joe Mantegna,Patty Primetimes,2022-W06-04,4,69.22,67.14,Darrell Henderson Jr.,RB,W/R/T,True,False,False,,12.2,,Darrell Henderson Jr.,RB,,414.p.31902,31902,LAR,yahoo_fantasy_api
2022,6,,8,api,Joe Mantegna,Patty Primetimes,2022-W06-04,4,69.22,67.14,Devin Singletary,RB,BN,False,True,False,,12.7,,Devin Singletary,RB,,414.p.31906,31906,NYG,yahoo_fantasy_api
2022,6,,9,api,Joe Mantegna,Patty Primetimes,2022-W06-04,4,69.22,67.14,Davante Adams,WR,BN,False,True,False,,0.0,,Davante Adams,WR,,414.p.27581,27581,LAR,yahoo_fantasy_api
2022,6,,10,api,Joe Mantegna,Patty Primetimes,2022-W06-04,4,69.22,67.14,Elijah Moore,WR,BN,False,True,False,,0.0,,Elijah Moore,WR,,414.p.33422,33422,Phi,yahoo_fantasy_api
2022,6,,11,api,Joe Mantegna,Patty Primetimes,2022-W06-04,4,69.22,67.14,Chase Claypool,WR,BN,False,True,False,,19.9,,Chase Claypool,WR,,414.p.32719,32719,Buf,yahoo_fantasy_api
2022,6,,12,api,Joe Mantegna,Patty Primetimes,2022-W06-04,4,69.22,67.14,Marcus Mariota,QB,BN,False,True,False,,28.16,,Marcus Mariota,QB,,414.p.28390,28390,Was,yahoo_fantasy_api
2022,6,,13,api,Joe Mantegna,Patty Primetimes,2022-W06-04,4,69.22,67.14,Tyler Conklin,TE,BN,False,True,False,,2.2,,Tyler Conklin,TE,,414.p.31127,31127,Det,yahoo_fantasy_api
2022,6,,14,api,Joe Mantegna,Patty Primetimes,2022-W06-04,4,69.22,67.14,Younghoe Koo,K,K,True,False,False,,4.0,,Younghoe Koo,K,,414.p.30426,30426,NYG,yahoo_fantasy_api
2022,6,,15,api,Joe Mantegna,Patty Primetimes,2022-W06-04,4,69.22,67.14,Vikings,DEF,DEF,True,False,False,,13.0,,Vikings,DEF,,414.p.100016,100016,Min,yahoo_fantasy_api
2022,6,,1,api,Malle ❤️ 🐸,Post Mahomes,2022-W06-02,2,75.0,95.36,Jalen Hurts,QB,QB,True,False,False,,20.9,,Jalen Hurts,QB,,414.p.32723,32723,Phi,yahoo_fantasy_api
2022,6,,2,api,Malle ❤️ 🐸,Post Mahomes,2022-W06-02,2,75.0,95.36,CeeDee Lamb,WR,WR,True,False,False,,10.2,,CeeDee Lamb,WR,,414.p.32687,32687,Dal,yahoo_fantasy_api
2022,6,,3,api,Malle ❤️ 🐸,Post Mahomes,2022-W06-02,2,75.0,95.36,Adam Thielen,WR,WR,True,False,False,,13.6,,Adam Thielen,WR,,414.p.27277,27277,Pit,yahoo_fantasy_api
2022,6,,4,api,Malle ❤️ 🐸,Post Mahomes,2022-W06-02,2,75.0,95.36,James Robinson,RB,RB,True,False,False,,6.0,,James Robinson,RB,,414.p.33138,33138,NO,yahoo_fantasy_api
2022,6,,5,api,Malle ❤️ 🐸,Post Mahomes,2022-W06-02,2,75.0,95.36,J.K. Dobbins,RB,RB,True,False,False,,1.5,,J.K. Dobbins,RB,,414.p.32725,32725,Den,yahoo_fantasy_api
2022,6,,6,api,Malle ❤️ 🐸,Post Mahomes,2022-W06-02,2,75.0,95.36,Irv Smith Jr.,TE,TE,True,False,False,,8.7,,Irv Smith Jr.,TE,,414.p.31882,31882,Hou,yahoo_fantasy_api
2022,6,,7,api,Malle ❤️ 🐸,Post Mahomes,2022-W06-02,2,75.0,95.36,Diontae Johnson,WR,W/R/T,True,False,False,,6.1,,Diontae Johnson,WR,,414.p.31898,31898,Cle,yahoo_fantasy_api
2022,6,,8,api,Malle ❤️ 🐸,Post Mahomes,2022-W06-02,2,75.0,95.36,T.J. Hockenson,TE,BN,False,True,False,,0.0,,T.J. Hockenson,TE,,414.p.31840,31840,Min,yahoo_fantasy_api
2022,6,,9,api,Malle ❤️ 🐸,Post Mahomes,2022-W06-02,2,75.0,95.36,Jamaal Williams,RB,BN,False,True,False,,0.0,,Jamaal Williams,RB,,414.p.30247,30247,NO,yahoo_fantasy_api
2022,6,,10,api,Malle ❤️ 🐸,Post Mahomes,2022-W06-02,2,75.0,95.36,Antonio Gibson,RB,BN,False,True,False,,6.8,,Antonio Gibson,RB,,414.p.32736,32736,NE,yahoo_fantasy_api
2022,6,,11,api,Malle ❤️ 🐸,Post Mahomes,2022-W06-02,2,75.0,95.36,J.D. McKissic,RB,BN,False,True,False,,2.0,,J.D. McKissic,RB,,414.p.29650,29650,Was,yahoo_fantasy_api
2022,6,,12,api,Malle ❤️ 🐸,Post Mahomes,2022-W06-02,2,75.0,95.36,Trevor Lawrence,QB,BN,False,True,False,,26.9,,Trevor Lawrence,QB,,414.p.33389,33389,Jax,yahoo_fantasy_api
2022,6,,13,api,Malle ❤️ 🐸,Post Mahomes,2022-W06-02,2,75.0,95.36,Jarvis Landry,WR,BN,False,True,False,,0.0,,Jarvis Landry,WR,,414.p.27591,27591,NO,yahoo_fantasy_api
2022,6,,14,api,Malle ❤️ 🐸,Post Mahomes,2022-W06-02,2,75.0,95.36,Evan McPherson,K,K,True,False,False,,8.0,,Evan McPherson,K,,414.p.33537,33537,Cin,yahoo_fantasy_api
2022,6,,15,api,Malle ❤️ 🐸,Post Mahomes,2022-W06-02,2,75.0,95.36,Browns,DEF,DEF,True,False,False,,0.0,,Browns,DEF,,414.p.100005,100005,Cle,yahoo_fantasy_api
2022,6,,1,api,Patty Primetimes,Joe Mantegna,2022-W06-04,4,67.14,69.22,Aaron Rodgers,QB,QB,True,False,False,,13.84,,Aaron Rodgers,QB,,414.p.7200,7200,Pit,yahoo_fantasy_api
2022,6,,2,api,Patty Primetimes,Joe Mantegna,2022-W06-04,4,67.14,69.22,Terry McLaurin,WR,WR,True,False,False,,6.7,,Terry McLaurin,WR,,414.p.31908,31908,Was,yahoo_fantasy_api
2022,6,,3,api,Patty Primetimes,Joe Mantegna,2022-W06-04,4,67.14,69.22,DK Metcalf,WR,WR,True,False,False,,4.4,,DK Metcalf,WR,,414.p.31896,31896,Pit,yahoo_fantasy_api
2022,6,,4,api,Patty Primetimes,Joe Mantegna,2022-W06-04,4,67.14,69.22,Tyler Allgeier,RB,RB,True,False,False,,5.1,,Tyler Allgeier,RB,,414.p.34107,34107,Ari,yahoo_fantasy_api
2022,6,,5,api,Patty Primetimes,Joe Mantegna,2022-W06-04,4,67.14,69.22,Travis Etienne Jr.,RB,RB,True,False,False,,11.8,,Travis Etienne Jr.,RB,,414.p.33413,33413,NO,yahoo_fantasy_api
2022,6,,6,api,Patty Primetimes,Joe Mantegna,2022-W06-04,4,67.14,69.22,Robert Tonyan,TE,TE,True,False,False,,14.0,,Robert Tonyan,TE,,414.p.30777,30777,Pit,yahoo_fantasy_api
2022,6,,7,api,Patty Primetimes,Joe Mantegna,2022-W06-04,4,67.14,69.22,Garrett Wilson,WR,W/R/T,True,False,False,,1.3,,Garrett Wilson,WR,,414.p.33965,33965,NYJ,yahoo_fantasy_api
2022,6,,8,api,Patty Primetimes,Joe Mantegna,2022-W06-04,4,67.14,69.22,Chris Olave,WR,BN,False,True,False,,0.0,,Chris Olave,WR,,414.p.33966,33966,NO,yahoo_fantasy_api
2022,6,,9,api,Patty Primetimes,Joe Mantegna,2022-W06-04,4,67.14,69.22,Darren Waller,TE,BN,False,True,False,,0.0,,Darren Waller,TE,,414.p.28592,28592,Car,yahoo_fantasy_api
2022,6,,10,api,Patty Primetimes,Joe Mantegna,2022-W06-04,4,67.14,69.22,Derrick Henry,RB,BN,False,True,False,,0.0,,Derrick Henry,RB,,414.p.29279,29279,Bal,yahoo_fantasy_api
2022,6,,11,api,Patty Primetimes,Joe Mantegna,2022-W06-04,4,67.14,69.22,Michael Thomas,WR,BN,False,True,False,,0.0,,Michael Thomas,WR,,414.p.29281,29281,NO,yahoo_fantasy_api
2022,6,,12,api,Patty Primetimes,Joe Mantegna,2022-W06-04,4,67.14,69.22,Matthew Stafford,QB,BN,False,True,False,,14.82,,Matthew Stafford,QB,,414.p.9265,9265,LAR,yahoo_fantasy_api
2022,6,,13,api,Patty Primetimes,Joe Mantegna,2022-W06-04,4,67.14,69.22,Latavius Murray,RB,BN,False,True,False,,6.9,,Latavius Murray,RB,,414.p.26804,26804,Buf,yahoo_fantasy_api
2022,6,,14,api,Patty Primetimes,Joe Mantegna,2022-W06-04,4,67.14,69.22,Greg Joseph,K,K,True,False,False,,4.0,,Greg Joseph,K,,414.p.31538,31538,LV,yahoo_fantasy_api
2022,6,,15,api,Patty Primetimes,Joe Mantegna,2022-W06-04,4,67.14,69.22,Colts,DEF,DEF,True,False,False,,6.0,,Colts,DEF,,414.p.100011,100011,Ind,yahoo_fantasy_api
2022,6,,1,api,Pop Lockett Drop it,The Big Gronkowski,2022-W06-01,1,87.74,102.3,Jimmy Garoppolo,QB,QB,True,False,False,,22.94,,Jimmy Garoppolo,QB,,414.p.27590,27590,LAR,yahoo_fantasy_api
2022,6,,2,api,Pop Lockett Drop it,The Big Gronkowski,2022-W06-01,1,87.74,102.3,Gabe Davis,WR,WR,True,False,False,,14.9,,Gabe Davis,WR,,414.p.32798,32798,Buf,yahoo_fantasy_api
2022,6,,3,api,Pop Lockett Drop it,The Big Gronkowski,2022-W06-01,1,87.74,102.3,Hollywood Brown,WR,WR,True,False,False,,9.3,,Hollywood Brown,WR,,414.p.31857,31857,Phi,yahoo_fantasy_api
2022,6,,4,api,Pop Lockett Drop it,The Big Gronkowski,2022-W06-01,1,87.74,102.3,Melvin Gordon III,RB,RB,True,False,False,,0.8,,Melvin Gordon III,RB,,414.p.28403,28403,Bal,yahoo_fantasy_api
2022,6,,5,api,Pop Lockett Drop it,The Big Gronkowski,2022-W06-01,1,87.74,102.3,Nick Chubb,RB,RB,True,False,False,,7.5,,Nick Chubb,RB,,414.p.31005,31005,Hou,yahoo_fantasy_api
2022,6,,6,api,Pop Lockett Drop it,The Big Gronkowski,2022-W06-01,1,87.74,102.3,Gerald Everett,TE,TE,True,False,False,,5.4,,Gerald Everett,TE,,414.p.30157,30157,Chi,yahoo_fantasy_api
2022,6,,7,api,Pop Lockett Drop it,The Big Gronkowski,2022-W06-01,1,87.74,102.3,Michael Pittman Jr.,WR,W/R/T,True,False,False,,19.9,,Michael Pittman Jr.,WR,,414.p.32704,32704,Pit,yahoo_fantasy_api
2022,6,,8,api,Pop Lockett Drop it,The Big Gronkowski,2022-W06-01,1,87.74,102.3,Jared Goff,QB,BN,False,True,False,,0.0,,Jared Goff,QB,,414.p.29235,29235,Det,yahoo_fantasy_api
2022,6,,9,api,Pop Lockett Drop it,The Big Gronkowski,2022-W06-01,1,87.74,102.3,Romeo Doubs,WR,BN,False,True,False,,4.1,,Romeo Doubs,WR,,414.p.34088,34088,NE,yahoo_fantasy_api
2022,6,,10,api,Pop Lockett Drop it,The Big Gronkowski,2022-W06-01,1,87.74,102.3,Keenan Allen,WR,BN,False,True,False,,0.0,,Keenan Allen,WR,,414.p.26699,26699,Ind,yahoo_fantasy_api
2022,6,,11,api,Pop Lockett Drop it,The Big Gronkowski,2022-W06-01,1,87.74,102.3,Alexander Mattison,RB,BN,False,True,False,,0.3,,Alexander Mattison,RB,,414.p.31934,31934,Mia,yahoo_fantasy_api
2022,6,,12,api,Pop Lockett Drop it,The Big Gronkowski,2022-W06-01,1,87.74,102.3,Rondale Moore,WR,BN,False,True,False,,7.9,,Rondale Moore,WR,,414.p.33437,33437,Min,yahoo_fantasy_api
2022,6,,13,api,Pop Lockett Drop it,The Big Gronkowski,2022-W06-01,1,87.74,102.3,Robbie Gould,K,K,True,False,False,,2.0,,Robbie Gould,K,,414.p.7520,7520,SF,yahoo_fantasy_api
2022,6,,14,api,Pop Lockett Drop it,The Big Gronkowski,2022-W06-01,1,87.74,102.3,Broncos,DEF,DEF,True,False,False,,5.0,,Broncos,DEF,,414.p.100007,100007,Den,yahoo_fantasy_api
2022,6,,1,api,Post Mahomes,Malle ❤️ 🐸,2022-W06-02,2,95.36,75.0,Tom Brady,QB,QB,True,False,False,,15.72,,Tom Brady,QB,,414.p.5228,5228,TB,yahoo_fantasy_api
2022,6,,2,api,Post Mahomes,Malle ❤️ 🐸,2022-W06-02,2,95.36,75.0,A.J. Brown,WR,WR,True,False,False,,15.2,,A.J. Brown,WR,,414.p.31883,31883,NE,yahoo_fantasy_api
2022,6,,3,api,Post Mahomes,Malle ❤️ 🐸,2022-W06-02,2,95.36,75.0,Allen Lazard,WR,WR,True,False,False,,15.6,,Allen Lazard,WR,,414.p.31268,31268,NYJ,yahoo_fantasy_api
2022,6,,4,api,Post Mahomes,Malle ❤️ 🐸,2022-W06-02,2,95.36,75.0,Kenneth Walker III,RB,RB,True,False,False,,18.0,,Kenneth Walker III,RB,,414.p.33996,33996,KC,yahoo_fantasy_api
2022,6,,5,api,Post Mahomes,Malle ❤️ 🐸,2022-W06-02,2,95.36,75.0,Ezekiel Elliott,RB,RB,True,False,False,,15.1,,Ezekiel Elliott,RB,,414.p.29238,29238,Dal,yahoo_fantasy_api
2022,6,,6,api,Post Mahomes,Malle ❤️ 🐸,2022-W06-02,2,95.36,75.0,Tyler Higbee,TE,TE,True,False,False,,1.2,,Tyler Higbee,TE,,414.p.29344,29344,LAR,yahoo_fantasy_api
2022,6,,7,api,Post Mahomes,Malle ❤️ 🐸,2022-W06-02,2,95.36,75.0,Taysom Hill,"QB,TE",W/R/T,True,False,False,,4.54,,Taysom Hill,"QB,TE",,414.p.30614,30614,NO,yahoo_fantasy_api
2022,6,,8,api,Post Mahomes,Malle ❤️ 🐸,2022-W06-02,2,95.36,75.0,Clyde Edwards-Helaire,RB,BN,False,True,False,,3.3,,Clyde Edwards-Helaire,RB,,414.p.32702,32702,KC,yahoo_fantasy_api
2022,6,,9,api,Post Mahomes,Malle ❤️ 🐸,2022-W06-02,2,95.36,75.0,Jonathan Taylor,RB,BN,False,True,False,,0.0,,Jonathan Taylor,RB,,414.p.32711,32711,Ind,yahoo_fantasy_api
2022,6,,10,api,Post Mahomes,Malle ❤️ 🐸,2022-W06-02,2,95.36,75.0,Cam Akers,RB,BN,False,True,False,,0.0,,Cam Akers,RB,,414.p.32722,32722,Sea,yahoo_fantasy_api
2022,6,,11,api,Post Mahomes,Malle ❤️ 🐸,2022-W06-02,2,95.36,75.0,Drake London,WR,BN,False,True,False,,5.5,,Drake London,WR,,414.p.33963,33963,Atl,yahoo_fantasy_api
2022,6,,12,api,Post Mahomes,Malle ❤️ 🐸,2022-W06-02,2,95.36,75.0,Dameon Pierce,RB,BN,False,True,False,,0.0,,Dameon Pierce,RB,,414.p.34063,34063,Phi,yahoo_fantasy_api
2022,6,,13,api,Post Mahomes,Malle ❤️ 🐸,2022-W06-02,2,95.36,75.0,Jameson Williams,WR,IR,False,False,True,,0.0,,Jameson Williams,WR,,414.p.33967,33967,Det,yahoo_fantasy_api
2022,6,,14,api,Post Mahomes,Malle ❤️ 🐸,2022-W06-02,2,95.36,75.0,Harrison Butker,K,K,True,False,False,,11.0,,Harrison Butker,K,,414.p.30346,30346,KC,yahoo_fantasy_api
2022,6,,15,api,Post Mahomes,Malle ❤️ 🐸,2022-W06-02,2,95.36,75.0,Jaguars,DEF,DEF,True,False,False,,-1.0,,Jaguars,DEF,,414.p.100030,100030,Jax,yahoo_fantasy_api
2022,6,,16,api,Post Mahomes,Malle ❤️ 🐸,2022-W06-02,2,95.36,75.0,Bills,DEF,BN,False,True,False,,8.0,,Bills,DEF,,414.p.100002,100002,Buf,yahoo_fantasy_api
2022,6,,1,api,The Big Gronkowski,Pop Lockett Drop it,2022-W06-01,1,102.3,87.74,Kirk Cousins,QB,QB,True,False,False,,20.5,,Kirk Cousins,QB,,414.p.25812,25812,LV,yahoo_fantasy_api
2022,6,,2,api,The Big Gronkowski,Pop Lockett Drop it,2022-W06-01,1,102.3,87.74,Cooper Kupp,WR,WR,True,False,False,,13.2,,Cooper Kupp,WR,,414.p.30182,30182,Sea,yahoo_fantasy_api
2022,6,,3,api,The Big Gronkowski,Pop Lockett Drop it,2022-W06-01,1,102.3,87.74,Tee Higgins,WR,WR,True,False,False,,7.7,,Tee Higgins,WR,,414.p.32703,32703,Cin,yahoo_fantasy_api
2022,6,,4,api,The Big Gronkowski,Pop Lockett Drop it,2022-W06-01,1,102.3,87.74,Austin Ekeler,RB,RB,True,False,False,,19.3,,Austin Ekeler,RB,,414.p.30423,30423,Was,yahoo_fantasy_api
2022,6,,5,api,The Big Gronkowski,Pop Lockett Drop it,2022-W06-01,1,102.3,87.74,Jeff Wilson Jr.,RB,RB,True,False,False,,0.5,,Jeff Wilson Jr.,RB,,414.p.31394,31394,Mia,yahoo_fantasy_api
2022,6,,6,api,The Big Gronkowski,Pop Lockett Drop it,2022-W06-01,1,102.3,87.74,George Kittle,TE,TE,True,False,False,,12.3,,George Kittle,TE,,414.p.30259,30259,SF,yahoo_fantasy_api
2022,6,,7,api,The Big Gronkowski,Pop Lockett Drop it,2022-W06-01,1,102.3,87.74,JuJu Smith-Schuster,WR,W/R/T,True,False,False,,19.8,,JuJu Smith-Schuster,WR,,414.p.30175,30175,NYG,yahoo_fantasy_api
2022,6,,8,api,The Big Gronkowski,Pop Lockett Drop it,2022-W06-01,1,102.3,87.74,Damien Harris,RB,BN,False,True,False,,0.0,,Damien Harris,RB,,414.p.31919,31919,Buf,yahoo_fantasy_api
2022,6,,9,api,The Big Gronkowski,Pop Lockett Drop it,2022-W06-01,1,102.3,87.74,Hayden Hurst,TE,BN,False,True,False,,3.6,,Hayden Hurst,TE,,414.p.30995,30995,LAC,yahoo_fantasy_api
2022,6,,10,api,The Big Gronkowski,Pop Lockett Drop it,2022-W06-01,1,102.3,87.74,Tony Pollard,RB,BN,False,True,False,,6.2,,Tony Pollard,RB,,414.p.31960,31960,Ten,yahoo_fantasy_api
2022,6,,11,api,The Big Gronkowski,Pop Lockett Drop it,2022-W06-01,1,102.3,87.74,Isaiah McKenzie,WR,BN,False,True,False,,1.9,,Isaiah McKenzie,WR,,414.p.30285,30285,Mia,yahoo_fantasy_api
2022,6,,12,api,The Big Gronkowski,Pop Lockett Drop it,2022-W06-01,1,102.3,87.74,Trey Lance,QB,IR,False,False,True,,0.0,,Trey Lance,QB,,414.p.33391,33391,LAC,yahoo_fantasy_api
2022,6,,13,api,The Big Gronkowski,Pop Lockett Drop it,2022-W06-01,1,102.3,87.74,Tyler Bass,K,K,True,False,False,,6.0,,Tyler Bass,K,,414.p.32858,32858,Buf,yahoo_fantasy_api
2022,6,,14,api,The Big Gronkowski,Pop Lockett Drop it,2022-W06-01,1,102.3,87.74,Buccaneers,DEF,DEF,True,False,False,,3.0,,Buccaneers,DEF,,414.p.100027,100027,TB,yahoo_fantasy_api
2022,6,,15,api,The Big Gronkowski,Pop Lockett Drop it,2022-W06-01,1,102.3,87.74,Packers,DEF,BN,False,True,False,,2.0,,Packers,DEF,,414.p.100009,100009,GB,yahoo_fantasy_api
2022,6,,1,api,ThreatLevelMidnight,Voldemort,2022-W06-03,3,118.78,122.86,Geno Smith,QB,QB,True,False,False,,12.68,,Geno Smith,QB,,414.p.26662,26662,NYJ,yahoo_fantasy_api
2022,6,,2,api,ThreatLevelMidnight,Voldemort,2022-W06-03,3,118.78,122.86,Stefon Diggs,WR,WR,True,False,False,,25.8,,Stefon Diggs,WR,,414.p.28534,28534,Was,yahoo_fantasy_api
2022,6,,3,api,ThreatLevelMidnight,Voldemort,2022-W06-03,3,118.78,122.86,Mike Evans,WR,WR,True,False,False,,6.2,,Mike Evans,WR,,414.p.27535,27535,SF,yahoo_fantasy_api
2022,6,,4,api,ThreatLevelMidnight,Voldemort,2022-W06-03,3,118.78,122.86,Miles Sanders,RB,RB,True,False,False,,13.7,,Miles Sanders,RB,,414.p.31885,31885,Dal,yahoo_fantasy_api
2022,6,,5,api,ThreatLevelMidnight,Voldemort,2022-W06-03,3,118.78,122.86,Brian Robinson,RB,RB,True,False,False,,12.0,,Brian Robinson,RB,,414.p.34054,34054,Atl,yahoo_fantasy_api
2022,6,,6,api,ThreatLevelMidnight,Voldemort,2022-W06-03,3,118.78,122.86,David Njoku,TE,TE,True,False,False,,7.3,,David Njoku,TE,,414.p.30142,30142,LAC,yahoo_fantasy_api
2022,6,,7,api,ThreatLevelMidnight,Voldemort,2022-W06-03,3,118.78,122.86,Deon Jackson,RB,W/R/T,True,False,False,,23.1,,Deon Jackson,RB,,414.p.33798,33798,Det,yahoo_fantasy_api
2022,6,,8,api,ThreatLevelMidnight,Voldemort,2022-W06-03,3,118.78,122.86,Rachaad White,RB,BN,False,True,False,,3.8,,Rachaad White,RB,,414.p.34047,34047,Was,yahoo_fantasy_api
2022,6,,9,api,ThreatLevelMidnight,Voldemort,2022-W06-03,3,118.78,122.86,Rashod Bateman,WR,BN,False,True,False,,0.0,,Rashod Bateman,WR,,414.p.33415,33415,Bal,yahoo_fantasy_api
2022,6,,10,api,ThreatLevelMidnight,Voldemort,2022-W06-03,3,118.78,122.86,DeAndre Hopkins,WR,BN,False,True,False,,0.0,,DeAndre Hopkins,WR,,414.p.26650,26650,Bal,yahoo_fantasy_api
2022,6,,11,api,ThreatLevelMidnight,Voldemort,2022-W06-03,3,118.78,122.86,Jaylen Warren,RB,BN,False,True,False,,0.2,,Jaylen Warren,RB,,414.p.34447,34447,Pit,yahoo_fantasy_api
2022,6,,12,api,ThreatLevelMidnight,Voldemort,2022-W06-03,3,118.78,122.86,Joshua Kelley,RB,BN,False,True,False,,0.0,,Joshua Kelley,RB,,414.p.32782,32782,Ten,yahoo_fantasy_api
2022,6,,13,api,ThreatLevelMidnight,Voldemort,2022-W06-03,3,118.78,122.86,Elijah Mitchell,RB,IR,False,False,True,,0.0,,Elijah Mitchell,RB,,414.p.33582,33582,KC,yahoo_fantasy_api
2022,6,,14,api,ThreatLevelMidnight,Voldemort,2022-W06-03,3,118.78,122.86,Brett Maher,K,K,True,False,False,,5.0,,Brett Maher,K,,414.p.27369,27369,LAR,yahoo_fantasy_api
2022,6,,15,api,ThreatLevelMidnight,Voldemort,2022-W06-03,3,118.78,122.86,Patriots,DEF,DEF,True,False,False,,13.0,,Patriots,DEF,,414.p.100017,100017,NE,yahoo_fantasy_api
2022,6,,1,api,Uncle Rico,Big Sack Jack,2022-W06-06,6,107.82,115.0,Patrick Mahomes,QB,QB,True,False,False,,25.62,,Patrick Mahomes,QB,,414.p.30123,30123,KC,yahoo_fantasy_api
2022,6,,2,api,Uncle Rico,Big Sack Jack,2022-W06-06,6,107.82,115.0,Ja'Marr Chase,WR,WR,True,False,False,,28.7,,Ja'Marr Chase,WR,,414.p.33393,33393,Cin,yahoo_fantasy_api
2022,6,,3,api,Uncle Rico,Big Sack Jack,2022-W06-06,6,107.82,115.0,Christian Kirk,WR,WR,True,False,False,,8.8,,Christian Kirk,WR,,414.p.31017,31017,SF,yahoo_fantasy_api
2022,6,,4,api,Uncle Rico,Big Sack Jack,2022-W06-06,6,107.82,115.0,Saquon Barkley,RB,RB,True,False,False,,17.0,,Saquon Barkley,RB,,414.p.30972,30972,Phi,yahoo_fantasy_api
2022,6,,5,api,Uncle Rico,Big Sack Jack,2022-W06-06,6,107.82,115.0,Eno Benjamin,RB,RB,True,False,False,,8.0,,Eno Benjamin,RB,,414.p.32892,32892,NO,yahoo_fantasy_api
2022,6,,6,api,Uncle Rico,Big Sack Jack,2022-W06-06,6,107.82,115.0,Will Dissly,TE,TE,True,False,False,,1.7,,Will Dissly,TE,,414.p.31090,31090,LAC,yahoo_fantasy_api
2022,6,,7,api,Uncle Rico,Big Sack Jack,2022-W06-06,6,107.82,115.0,Jakobi Meyers,WR,W/R/T,True,False,False,,8.0,,Jakobi Meyers,WR,,414.p.32231,32231,Jax,yahoo_fantasy_api
2022,6,,8,api,Uncle Rico,Big Sack Jack,2022-W06-06,6,107.82,115.0,Najee Harris,RB,BN,False,True,False,,11.9,,Najee Harris,RB,,414.p.33412,33412,NYG,yahoo_fantasy_api
2022,6,,9,api,Uncle Rico,Big Sack Jack,2022-W06-06,6,107.82,115.0,Kyle Pitts Sr.,TE,BN,False,True,False,,9.4,,Kyle Pitts Sr.,TE,,414.p.33392,33392,Atl,yahoo_fantasy_api
2022,6,,10,api,Uncle Rico,Big Sack Jack,2022-W06-06,6,107.82,115.0,Brandon Aiyuk,WR,BN,False,True,False,,24.3,,Brandon Aiyuk,WR,,414.p.32695,32695,SF,yahoo_fantasy_api
2022,6,,11,api,Uncle Rico,Big Sack Jack,2022-W06-06,6,107.82,115.0,Isiah Pacheco,RB,BN,False,True,False,,2.8,,Isiah Pacheco,RB,,414.p.34207,34207,Det,yahoo_fantasy_api
2022,6,,12,api,Uncle Rico,Big Sack Jack,2022-W06-06,6,107.82,115.0,Jahan Dotson,WR,BN,False,True,False,,0.0,,Jahan Dotson,WR,,414.p.33971,33971,Atl,yahoo_fantasy_api
2022,6,,13,api,Uncle Rico,Big Sack Jack,2022-W06-06,6,107.82,115.0,Alec Pierce,WR,BN,False,True,False,,12.4,,Alec Pierce,WR,,414.p.34008,34008,Ind,yahoo_fantasy_api
2022,6,,14,api,Uncle Rico,Big Sack Jack,2022-W06-06,6,107.82,115.0,Cordarrelle Patterson,RB,IR,False,False,True,,0.0,,Cordarrelle Patterson,RB,,414.p.26652,26652,Pit,yahoo_fantasy_api
2022,6,,15,api,Uncle Rico,Big Sack Jack,2022-W06-06,6,107.82,115.0,Riley Patterson,K,K,True,False,False,,3.0,,Riley Patterson,K,,414.p.33781,33781,Mia,yahoo_fantasy_api
2022,6,,16,api,Uncle Rico,Big Sack Jack,2022-W06-06,6,107.82,115.0,Eagles,DEF,DEF,True,False,False,,7.0,,Eagles,DEF,,414.p.100021,100021,Phi,yahoo_fantasy_api
2022,6,,1,api,Voldemort,ThreatLevelMidnight,2022-W06-03,3,122.86,118.78,Josh Allen,QB,QB,True,False,False,,32.36,,Josh Allen,QB,,414.p.30977,30977,Buf,yahoo_fantasy_api
2022,6,,2,api,Voldemort,ThreatLevelMidnight,2022-W06-03,3,122.86,118.78,Justin Jefferson,WR,WR,True,False,False,,13.7,,Justin Jefferson,WR,,414.p.32692,32692,Min,yahoo_fantasy_api
2022,6,,3,api,Voldemort,ThreatLevelMidnight,2022-W06-03,3,122.86,118.78,Chris Godwin Jr.,WR,WR,True,False,False,,12.5,,Chris Godwin Jr.,WR,,414.p.30197,30197,TB,yahoo_fantasy_api
2022,6,,4,api,Voldemort,ThreatLevelMidnight,2022-W06-03,3,122.86,118.78,Joe Mixon,RB,RB,True,False,False,,14.8,,Joe Mixon,RB,,414.p.30161,30161,Hou,yahoo_fantasy_api
2022,6,,5,api,Voldemort,ThreatLevelMidnight,2022-W06-03,3,122.86,118.78,David Montgomery,RB,RB,True,False,False,,8.5,,David Montgomery,RB,,414.p.31905,31905,Hou,yahoo_fantasy_api
2022,6,,6,api,Voldemort,ThreatLevelMidnight,2022-W06-03,3,122.86,118.78,Zach Ertz,TE,TE,True,False,False,,10.5,,Zach Ertz,TE,,414.p.26658,26658,Phi,yahoo_fantasy_api
2022,6,,7,api,Voldemort,ThreatLevelMidnight,2022-W06-03,3,122.86,118.78,Deebo Samuel Sr.,WR,W/R/T,True,False,False,,12.5,,Deebo Samuel Sr.,WR,,414.p.31868,31868,SF,yahoo_fantasy_api
2022,6,,8,api,Voldemort,ThreatLevelMidnight,2022-W06-03,3,122.86,118.78,Raheem Mostert,RB,BN,False,True,False,,5.3,,Raheem Mostert,RB,,414.p.28654,28654,LV,yahoo_fantasy_api
2022,6,,9,api,Voldemort,ThreatLevelMidnight,2022-W06-03,3,122.86,118.78,Curtis Samuel,WR,BN,False,True,False,,1.6,,Curtis Samuel,WR,,414.p.30153,30153,Buf,yahoo_fantasy_api
2022,6,,10,api,Voldemort,ThreatLevelMidnight,2022-W06-03,3,122.86,118.78,Darnell Mooney,WR,BN,False,True,False,,10.3,,Darnell Mooney,WR,,414.p.32843,32843,NYG,yahoo_fantasy_api
2022,6,,11,api,Voldemort,ThreatLevelMidnight,2022-W06-03,3,122.86,118.78,George Pickens,WR,BN,False,True,False,,4.3,,George Pickens,WR,,414.p.34007,34007,Dal,yahoo_fantasy_api
2022,6,,12,api,Voldemort,ThreatLevelMidnight,2022-W06-03,3,122.86,118.78,Josh Reynolds,WR,BN,False,True,False,,0.0,,Josh Reynolds,WR,,414.p.30230,30230,NYJ,yahoo_fantasy_api
2022,6,,13,api,Voldemort,ThreatLevelMidnight,2022-W06-03,3,122.86,118.78,Dak Prescott,QB,BN,False,True,False,,0.0,,Dak Prescott,QB,,414.p.29369,29369,Dal,yahoo_fantasy_api
2022,6,,14,api,Voldemort,ThreatLevelMidnight,2022-W06-03,3,122.86,118.78,D'Andre Swift,RB,IR,False,False,True,,0.0,,D'Andre Swift,RB,,414.p.32705,32705,Chi,yahoo_fantasy_api
2022,6,,15,api,Voldemort,ThreatLevelMidnight,2022-W06-03,3,122.86,118.78,Ryan Succop,K,K,True,False,False,,14.0,,Ryan Succop,K,,414.p.9520,9520,TB,yahoo_fantasy_api
2022,6,,16,api,Voldemort,ThreatLevelMidnight,2022-W06-03,3,122.86,118.78,Cowboys,DEF,DEF,True,False,False,,4.0,,Cowboys,DEF,,414.p.100006,100006,Dal,yahoo_fantasy_api
2022,6,,1,api,malle_dips_pouches,Ginger FC 🏆🏆,2022-W06-05,5,106.7,111.08,Lamar Jackson,QB,QB,True,False,False,,19.1,,Lamar Jackson,QB,,414.p.31002,31002,Bal,yahoo_fantasy_api
2022,6,,2,api,malle_dips_pouches,Ginger FC 🏆🏆,2022-W06-05,5,106.7,111.08,Jaylen Waddle,WR,WR,True,False,False,,13.9,,Jaylen Waddle,WR,,414.p.33394,33394,Den,yahoo_fantasy_api
2022,6,,3,api,malle_dips_pouches,Ginger FC 🏆🏆,2022-W06-05,5,106.7,111.08,Amari Cooper,WR,WR,True,False,False,,12.4,,Amari Cooper,WR,,414.p.28392,28392,Buf,yahoo_fantasy_api
2022,6,,4,api,malle_dips_pouches,Ginger FC 🏆🏆,2022-W06-05,5,106.7,111.08,Christian McCaffrey,RB,RB,True,False,False,,19.3,,Christian McCaffrey,RB,,414.p.30121,30121,SF,yahoo_fantasy_api
2022,6,,5,api,malle_dips_pouches,Ginger FC 🏆🏆,2022-W06-05,5,106.7,111.08,Michael Carter,RB,RB,True,False,False,,5.2,,Michael Carter,RB,,414.p.33495,33495,Ten,yahoo_fantasy_api
2022,6,,6,api,malle_dips_pouches,Ginger FC 🏆🏆,2022-W06-05,5,106.7,111.08,Mark Andrews,TE,TE,True,False,False,,20.1,,Mark Andrews,TE,,414.p.31056,31056,Bal,yahoo_fantasy_api
2022,6,,7,api,malle_dips_pouches,Ginger FC 🏆🏆,2022-W06-05,5,106.7,111.08,Phillip Lindsay,RB,W/R/T,True,False,False,,4.7,,Phillip Lindsay,RB,,414.p.31379,31379,Ind,yahoo_fantasy_api
2022,6,,8,api,malle_dips_pouches,Ginger FC 🏆🏆,2022-W06-05,5,106.7,111.08,Tyler Boyd,WR,BN,False,True,False,,9.6,,Tyler Boyd,WR,,414.p.29288,29288,Ten,yahoo_fantasy_api
2022,6,,9,api,malle_dips_pouches,Ginger FC 🏆🏆,2022-W06-05,5,106.7,111.08,Josh Jacobs,RB,BN,False,True,False,,0.0,,Josh Jacobs,RB,,414.p.31856,31856,GB,yahoo_fantasy_api
2022,6,,10,api,malle_dips_pouches,Ginger FC 🏆🏆,2022-W06-05,5,106.7,111.08,James Conner,RB,BN,False,True,False,,0.0,,James Conner,RB,,414.p.30218,30218,Ari,yahoo_fantasy_api
2022,6,,11,api,malle_dips_pouches,Ginger FC 🏆🏆,2022-W06-05,5,106.7,111.08,DeVonta Smith,WR,BN,False,True,False,,12.9,,DeVonta Smith,WR,,414.p.33398,33398,Phi,yahoo_fantasy_api
2022,6,,12,api,malle_dips_pouches,Ginger FC 🏆🏆,2022-W06-05,5,106.7,111.08,Pat Freiermuth,TE,BN,False,True,False,,0.0,,Pat Freiermuth,TE,,414.p.33443,33443,Pit,yahoo_fantasy_api
2022,6,,13,api,malle_dips_pouches,Ginger FC 🏆🏆,2022-W06-05,5,106.7,111.08,Michael Gallup,WR,BN,False,True,False,,2.8,,Michael Gallup,WR,,414.p.31051,31051,Was,yahoo_fantasy_api
2022,6,,14,api,malle_dips_pouches,Ginger FC 🏆🏆,2022-W06-05,5,106.7,111.08,Matt Gay,K,K,True,False,False,,6.0,,Matt Gay,K,,414.p.31977,31977,LV,yahoo_fantasy_api
2022,6,,15,api,malle_dips_pouches,Ginger FC 🏆🏆,2022-W06-05,5,106.7,111.08,Ravens,DEF,DEF,True,False,False,,6.0,,Ravens,DEF,,414.p.100033,100033,Bal,yahoo_fantasy_api
2022,7,,1,api,Big Sack Jack,Voldemort,2022-W07-03,3,117.34,106.98,Joe Burrow,QB,QB,True,False,False,,45.24,,Joe Burrow,QB,,414.p.32671,32671,Cin,yahoo_fantasy_api
2022,7,,2,api,Big Sack Jack,Voldemort,2022-W07-03,3,117.34,106.98,Tyreek Hill,WR,WR,True,False,False,,10.7,,Tyreek Hill,WR,,414.p.29399,29399,Mia,yahoo_fantasy_api
2022,7,,3,api,Big Sack Jack,Voldemort,2022-W07-03,3,117.34,106.98,DJ Moore,WR,WR,True,False,False,,16.1,,DJ Moore,WR,,414.p.30994,30994,Buf,yahoo_fantasy_api
2022,7,,4,api,Big Sack Jack,Voldemort,2022-W07-03,3,117.34,106.98,AJ Dillon,RB,RB,True,False,False,,1.5,,AJ Dillon,RB,,414.p.32732,32732,Car,yahoo_fantasy_api
2022,7,,5,api,Big Sack Jack,Voldemort,2022-W07-03,3,117.34,106.98,Khalil Herbert,RB,RB,True,False,False,,15.2,,Khalil Herbert,RB,,414.p.33605,33605,Atl,yahoo_fantasy_api
2022,7,,6,api,Big Sack Jack,Voldemort,2022-W07-03,3,117.34,106.98,Hunter Henry,TE,TE,True,False,False,,1.7,,Hunter Henry,TE,,414.p.29269,29269,NE,yahoo_fantasy_api
2022,7,,7,api,Big Sack Jack,Voldemort,2022-W07-03,3,117.34,106.98,Amon-Ra St. Brown,WR,W/R/T,True,False,False,,0.9,,Amon-Ra St. Brown,WR,,414.p.33500,33500,Det,yahoo_fantasy_api
2022,7,,8,api,Big Sack Jack,Voldemort,2022-W07-03,3,117.34,106.98,Dawson Knox,TE,BN,False,True,False,,0.0,,Dawson Knox,TE,,414.p.31928,31928,Buf,yahoo_fantasy_api
2022,7,,9,api,Big Sack Jack,Voldemort,2022-W07-03,3,117.34,106.98,Dalvin Cook,RB,BN,False,True,False,,0.0,,Dalvin Cook,RB,,414.p.30154,30154,Dal,yahoo_fantasy_api
2022,7,,10,api,Big Sack Jack,Voldemort,2022-W07-03,3,117.34,106.98,Nyheim Miller-Hines,RB,BN,False,True,False,,6.8,,Nyheim Miller-Hines,RB,,414.p.31074,31074,LAC,yahoo_fantasy_api
2022,7,,11,api,Big Sack Jack,Voldemort,2022-W07-03,3,117.34,106.98,Derek Carr,QB,BN,False,True,False,,15.54,,Derek Carr,QB,,414.p.27564,27564,NO,yahoo_fantasy_api
2022,7,,12,api,Big Sack Jack,Voldemort,2022-W07-03,3,117.34,106.98,Nico Collins,WR,BN,False,True,False,,4.8,,Nico Collins,WR,,414.p.33477,33477,Hou,yahoo_fantasy_api
2022,7,,13,api,Big Sack Jack,Voldemort,2022-W07-03,3,117.34,106.98,Justin Tucker,K,K,True,False,False,,13.0,,Justin Tucker,K,,414.p.26534,26534,Bal,yahoo_fantasy_api
2022,7,,14,api,Big Sack Jack,Voldemort,2022-W07-03,3,117.34,106.98,Chiefs,DEF,DEF,True,False,False,,13.0,,Chiefs,DEF,,414.p.100012,100012,KC,yahoo_fantasy_api
2022,7,,15,api,Big Sack Jack,Voldemort,2022-W07-03,3,117.34,106.98,49ers,DEF,BN,False,True,False,,1.0,,49ers,DEF,,414.p.100025,100025,SF,yahoo_fantasy_api
2022,7,,1,api,Ginger FC 🏆🏆,Patty Primetimes,2022-W07-06,6,109.46,102.76,Kyler Murray,QB,QB,True,False,False,,19.16,,Kyler Murray,QB,,414.p.31833,31833,Min,yahoo_fantasy_api
2022,7,,2,api,Ginger FC 🏆🏆,Patty Primetimes,2022-W07-06,6,109.46,102.76,Mike Williams,WR,WR,True,False,False,,18.1,,Mike Williams,WR,,414.p.30120,30120,Pit,yahoo_fantasy_api
2022,7,,3,api,Ginger FC 🏆🏆,Patty Primetimes,2022-W07-06,6,109.46,102.76,Tyler Lockett,WR,WR,True,False,False,,8.0,,Tyler Lockett,WR,,414.p.28457,28457,LV,yahoo_fantasy_api
2022,7,,4,api,Ginger FC 🏆🏆,Patty Primetimes,2022-W07-06,6,109.46,102.76,Leonard Fournette,RB,RB,True,False,False,,3.6,,Leonard Fournette,RB,,414.p.30117,30117,Buf,yahoo_fantasy_api
2022,7,,5,api,Ginger FC 🏆🏆,Patty Primetimes,2022-W07-06,6,109.46,102.76,Rhamondre Stevenson,RB,RB,True,False,False,,19.8,,Rhamondre Stevenson,RB,,414.p.33508,33508,NE,yahoo_fantasy_api
2022,7,,6,api,Ginger FC 🏆🏆,Patty Primetimes,2022-W07-06,6,109.46,102.76,Travis Kelce,TE,TE,True,False,False,,12.8,,Travis Kelce,TE,,414.p.26686,26686,KC,yahoo_fantasy_api
2022,7,,7,api,Ginger FC 🏆🏆,Patty Primetimes,2022-W07-06,6,109.46,102.76,Alvin Kamara,RB,W/R/T,True,False,False,,14.0,,Alvin Kamara,RB,,414.p.30180,30180,NO,yahoo_fantasy_api
2022,7,,8,api,Ginger FC 🏆🏆,Patty Primetimes,2022-W07-06,6,109.46,102.76,Kareem Hunt,RB,BN,False,True,False,,7.3,,Kareem Hunt,RB,,414.p.30199,30199,KC,yahoo_fantasy_api
2022,7,,9,api,Ginger FC 🏆🏆,Patty Primetimes,2022-W07-06,6,109.46,102.76,Jerry Jeudy,WR,BN,False,True,False,,13.1,,Jerry Jeudy,WR,,414.p.32685,32685,Cle,yahoo_fantasy_api
2022,7,,10,api,Ginger FC 🏆🏆,Patty Primetimes,2022-W07-06,6,109.46,102.76,Devin Duvernay,WR,BN,False,True,False,,5.2,,Devin Duvernay,WR,,414.p.32762,32762,Ari,yahoo_fantasy_api
2022,7,,11,api,Ginger FC 🏆🏆,Patty Primetimes,2022-W07-06,6,109.46,102.76,Mark Ingram II,RB,BN,False,True,False,,3.7,,Mark Ingram II,RB,,414.p.24815,24815,NO,yahoo_fantasy_api
2022,7,,12,api,Ginger FC 🏆🏆,Patty Primetimes,2022-W07-06,6,109.46,102.76,Matt Ryan,QB,BN,False,True,False,,13.92,,Matt Ryan,QB,,414.p.8780,8780,Ind,yahoo_fantasy_api
2022,7,,13,api,Ginger FC 🏆🏆,Patty Primetimes,2022-W07-06,6,109.46,102.76,Daniel Carlson,K,K,True,False,False,,10.0,,Daniel Carlson,K,,414.p.31137,31137,NO,yahoo_fantasy_api
2022,7,,14,api,Ginger FC 🏆🏆,Patty Primetimes,2022-W07-06,6,109.46,102.76,Chargers,DEF,DEF,True,False,False,,4.0,,Chargers,DEF,,414.p.100024,100024,LAC,yahoo_fantasy_api
2022,7,,15,api,Ginger FC 🏆🏆,Patty Primetimes,2022-W07-06,6,109.46,102.76,Rams,DEF,BN,False,True,False,,0.0,,Rams,DEF,,414.p.100014,100014,LAR,yahoo_fantasy_api
2022,7,,1,api,Joe Mantegna,Uncle Rico,2022-W07-04,4,110.22,132.12,Justin Herbert,QB,QB,True,False,False,,22.62,,Justin Herbert,QB,,414.p.32676,32676,LAC,yahoo_fantasy_api
2022,7,,2,api,Joe Mantegna,Uncle Rico,2022-W07-04,4,110.22,132.12,Courtland Sutton,WR,WR,True,False,False,,3.8,,Courtland Sutton,WR,,414.p.31010,31010,Den,yahoo_fantasy_api
2022,7,,3,api,Joe Mantegna,Uncle Rico,2022-W07-04,4,110.22,132.12,Davante Adams,WR,WR,True,False,False,,13.5,,Davante Adams,WR,,414.p.27581,27581,LAR,yahoo_fantasy_api
2022,7,,4,api,Joe Mantegna,Uncle Rico,2022-W07-04,4,110.22,132.12,Aaron Jones Sr.,RB,RB,True,False,False,,24.1,,Aaron Jones Sr.,RB,,414.p.30295,30295,Min,yahoo_fantasy_api
2022,7,,5,api,Joe Mantegna,Uncle Rico,2022-W07-04,4,110.22,132.12,Breece Hall,RB,RB,True,False,False,,13.2,,Breece Hall,RB,,414.p.33991,33991,NYJ,yahoo_fantasy_api
2022,7,,6,api,Joe Mantegna,Uncle Rico,2022-W07-04,4,110.22,132.12,Cade Otton,TE,TE,True,False,False,,8.4,,Cade Otton,TE,,414.p.34062,34062,TB,yahoo_fantasy_api
2022,7,,7,api,Joe Mantegna,Uncle Rico,2022-W07-04,4,110.22,132.12,Chase Claypool,WR,W/R/T,True,False,False,,6.6,,Chase Claypool,WR,,414.p.32719,32719,Buf,yahoo_fantasy_api
2022,7,,8,api,Joe Mantegna,Uncle Rico,2022-W07-04,4,110.22,132.12,Marquez Valdes-Scantling,WR,BN,False,True,False,,12.6,,Marquez Valdes-Scantling,WR,,414.p.31144,31144,LAC,yahoo_fantasy_api
2022,7,,9,api,Joe Mantegna,Uncle Rico,2022-W07-04,4,110.22,132.12,Darrell Henderson Jr.,RB,BN,False,True,False,,0.0,,Darrell Henderson Jr.,RB,,414.p.31902,31902,LAR,yahoo_fantasy_api
2022,7,,10,api,Joe Mantegna,Uncle Rico,2022-W07-04,4,110.22,132.12,Dallas Goedert,TE,BN,False,True,False,,0.0,,Dallas Goedert,TE,,414.p.31019,31019,Phi,yahoo_fantasy_api
2022,7,,11,api,Joe Mantegna,Uncle Rico,2022-W07-04,4,110.22,132.12,Devin Singletary,RB,BN,False,True,False,,0.0,,Devin Singletary,RB,,414.p.31906,31906,NYG,yahoo_fantasy_api
2022,7,,12,api,Joe Mantegna,Uncle Rico,2022-W07-04,4,110.22,132.12,Marcus Mariota,QB,BN,False,True,False,,14.06,,Marcus Mariota,QB,,414.p.28390,28390,Was,yahoo_fantasy_api
2022,7,,13,api,Joe Mantegna,Uncle Rico,2022-W07-04,4,110.22,132.12,Brandin Cooks,WR,BN,False,True,False,,6.6,,Brandin Cooks,WR,,414.p.27548,27548,SF,yahoo_fantasy_api
2022,7,,14,api,Joe Mantegna,Uncle Rico,2022-W07-04,4,110.22,132.12,Younghoe Koo,K,K,True,False,False,,6.0,,Younghoe Koo,K,,414.p.30426,30426,NYG,yahoo_fantasy_api
2022,7,,15,api,Joe Mantegna,Uncle Rico,2022-W07-04,4,110.22,132.12,Dolphins,DEF,DEF,True,False,False,,12.0,,Dolphins,DEF,,414.p.100015,100015,Mia,yahoo_fantasy_api
2022,7,,1,api,Malle ❤️ 🐸,Pop Lockett Drop it,2022-W07-02,2,80.5,81.52,Trevor Lawrence,QB,QB,True,False,False,,18.7,,Trevor Lawrence,QB,,414.p.33389,33389,Jax,yahoo_fantasy_api
2022,7,,2,api,Malle ❤️ 🐸,Pop Lockett Drop it,2022-W07-02,2,80.5,81.52,Allen Lazard,WR,WR,True,False,False,,8.5,,Allen Lazard,WR,,414.p.31268,31268,NYJ,yahoo_fantasy_api
2022,7,,3,api,Malle ❤️ 🐸,Pop Lockett Drop it,2022-W07-02,2,80.5,81.52,Diontae Johnson,WR,WR,True,False,False,,7.0,,Diontae Johnson,WR,,414.p.31898,31898,Cle,yahoo_fantasy_api
2022,7,,4,api,Malle ❤️ 🐸,Pop Lockett Drop it,2022-W07-02,2,80.5,81.52,James Robinson,RB,RB,True,False,False,,0.0,,James Robinson,RB,,414.p.33138,33138,NO,yahoo_fantasy_api
2022,7,,5,api,Malle ❤️ 🐸,Pop Lockett Drop it,2022-W07-02,2,80.5,81.52,Jamaal Williams,RB,RB,True,False,False,,6.8,,Jamaal Williams,RB,,414.p.30247,30247,NO,yahoo_fantasy_api
2022,7,,6,api,Malle ❤️ 🐸,Pop Lockett Drop it,2022-W07-02,2,80.5,81.52,T.J. Hockenson,TE,TE,True,False,False,,6.8,,T.J. Hockenson,TE,,414.p.31840,31840,Min,yahoo_fantasy_api
2022,7,,7,api,Malle ❤️ 🐸,Pop Lockett Drop it,2022-W07-02,2,80.5,81.52,Ezekiel Elliott,RB,W/R/T,True,False,False,,17.7,,Ezekiel Elliott,RB,,414.p.29238,29238,Dal,yahoo_fantasy_api
2022,7,,8,api,Malle ❤️ 🐸,Pop Lockett Drop it,2022-W07-02,2,80.5,81.52,J.K. Dobbins,RB,BN,False,True,False,,0.0,,J.K. Dobbins,RB,,414.p.32725,32725,Den,yahoo_fantasy_api
2022,7,,9,api,Malle ❤️ 🐸,Pop Lockett Drop it,2022-W07-02,2,80.5,81.52,Irv Smith Jr.,TE,BN,False,True,False,,0.0,,Irv Smith Jr.,TE,,414.p.31882,31882,Hou,yahoo_fantasy_api
2022,7,,10,api,Malle ❤️ 🐸,Pop Lockett Drop it,2022-W07-02,2,80.5,81.52,Adam Thielen,WR,BN,False,True,False,,0.0,,Adam Thielen,WR,,414.p.27277,27277,Pit,yahoo_fantasy_api
2022,7,,11,api,Malle ❤️ 🐸,Pop Lockett Drop it,2022-W07-02,2,80.5,81.52,Jalen Hurts,QB,BN,False,True,False,,0.0,,Jalen Hurts,QB,,414.p.32723,32723,Phi,yahoo_fantasy_api
2022,7,,12,api,Malle ❤️ 🐸,Pop Lockett Drop it,2022-W07-02,2,80.5,81.52,Antonio Gibson,RB,BN,False,True,False,,15.2,,Antonio Gibson,RB,,414.p.32736,32736,NE,yahoo_fantasy_api
2022,7,,13,api,Malle ❤️ 🐸,Pop Lockett Drop it,2022-W07-02,2,80.5,81.52,J.D. McKissic,RB,BN,False,True,False,,0.4,,J.D. McKissic,RB,,414.p.29650,29650,Was,yahoo_fantasy_api
2022,7,,14,api,Malle ❤️ 🐸,Pop Lockett Drop it,2022-W07-02,2,80.5,81.52,Evan McPherson,K,K,True,False,False,,5.0,,Evan McPherson,K,,414.p.33537,33537,Cin,yahoo_fantasy_api
2022,7,,15,api,Malle ❤️ 🐸,Pop Lockett Drop it,2022-W07-02,2,80.5,81.52,Raiders,DEF,DEF,True,False,False,,10.0,,Raiders,DEF,,414.p.100013,100013,LV,yahoo_fantasy_api
2022,7,,1,api,Patty Primetimes,Ginger FC 🏆🏆,2022-W07-06,6,102.76,109.46,Aaron Rodgers,QB,QB,True,False,False,,19.76,,Aaron Rodgers,QB,,414.p.7200,7200,Pit,yahoo_fantasy_api
2022,7,,2,api,Patty Primetimes,Ginger FC 🏆🏆,2022-W07-06,6,102.76,109.46,Terry McLaurin,WR,WR,True,False,False,,15.8,,Terry McLaurin,WR,,414.p.31908,31908,Was,yahoo_fantasy_api
2022,7,,3,api,Patty Primetimes,Ginger FC 🏆🏆,2022-W07-06,6,102.76,109.46,DK Metcalf,WR,WR,True,False,False,,1.7,,DK Metcalf,WR,,414.p.31896,31896,Pit,yahoo_fantasy_api
2022,7,,4,api,Patty Primetimes,Ginger FC 🏆🏆,2022-W07-06,6,102.76,109.46,Travis Etienne Jr.,RB,RB,True,False,False,,18.4,,Travis Etienne Jr.,RB,,414.p.33413,33413,NO,yahoo_fantasy_api
2022,7,,5,api,Patty Primetimes,Ginger FC 🏆🏆,2022-W07-06,6,102.76,109.46,Derrick Henry,RB,RB,True,False,False,,15.3,,Derrick Henry,RB,,414.p.29279,29279,Bal,yahoo_fantasy_api
2022,7,,6,api,Patty Primetimes,Ginger FC 🏆🏆,2022-W07-06,6,102.76,109.46,Robert Tonyan,TE,TE,True,False,False,,4.7,,Robert Tonyan,TE,,414.p.30777,30777,Pit,yahoo_fantasy_api
2022,7,,7,api,Patty Primetimes,Ginger FC 🏆🏆,2022-W07-06,6,102.76,109.46,Chris Olave,WR,W/R/T,True,False,False,,14.1,,Chris Olave,WR,,414.p.33966,33966,NO,yahoo_fantasy_api
2022,7,,8,api,Patty Primetimes,Ginger FC 🏆🏆,2022-W07-06,6,102.76,109.46,Tyler Allgeier,RB,BN,False,True,False,,11.0,,Tyler Allgeier,RB,,414.p.34107,34107,Ari,yahoo_fantasy_api
2022,7,,9,api,Patty Primetimes,Ginger FC 🏆🏆,2022-W07-06,6,102.76,109.46,Darren Waller,TE,BN,False,True,False,,0.0,,Darren Waller,TE,,414.p.28592,28592,Car,yahoo_fantasy_api
2022,7,,10,api,Patty Primetimes,Ginger FC 🏆🏆,2022-W07-06,6,102.76,109.46,Michael Thomas,WR,BN,False,True,False,,0.0,,Michael Thomas,WR,,414.p.29281,29281,NO,yahoo_fantasy_api
2022,7,,11,api,Patty Primetimes,Ginger FC 🏆🏆,2022-W07-06,6,102.76,109.46,Matthew Stafford,QB,BN,False,True,False,,0.0,,Matthew Stafford,QB,,414.p.9265,9265,LAR,yahoo_fantasy_api
2022,7,,12,api,Patty Primetimes,Ginger FC 🏆🏆,2022-W07-06,6,102.76,109.46,Latavius Murray,RB,BN,False,True,False,,9.3,,Latavius Murray,RB,,414.p.26804,26804,Buf,yahoo_fantasy_api
2022,7,,13,api,Patty Primetimes,Ginger FC 🏆🏆,2022-W07-06,6,102.76,109.46,Robbie Chosen,WR,BN,False,True,False,,0.0,,Robbie Chosen,WR,,414.p.29785,29785,Was,yahoo_fantasy_api
2022,7,,14,api,Patty Primetimes,Ginger FC 🏆🏆,2022-W07-06,6,102.76,109.46,Cade York,K,K,True,False,False,,9.0,,Cade York,K,,414.p.34080,34080,NYJ,yahoo_fantasy_api
2022,7,,15,api,Patty Primetimes,Ginger FC 🏆🏆,2022-W07-06,6,102.76,109.46,Broncos,DEF,DEF,True,False,False,,4.0,,Broncos,DEF,,414.p.100007,100007,Den,yahoo_fantasy_api
2022,7,,1,api,Pop Lockett Drop it,Malle ❤️ 🐸,2022-W07-02,2,81.52,80.5,Jared Goff,QB,QB,True,False,False,,3.52,,Jared Goff,QB,,414.p.29235,29235,Det,yahoo_fantasy_api
2022,7,,2,api,Pop Lockett Drop it,Malle ❤️ 🐸,2022-W07-02,2,81.52,80.5,Rondale Moore,WR,WR,True,False,False,,3.6,,Rondale Moore,WR,,414.p.33437,33437,Min,yahoo_fantasy_api
2022,7,,3,api,Pop Lockett Drop it,Malle ❤️ 🐸,2022-W07-02,2,81.52,80.5,Keenan Allen,WR,WR,True,False,False,,2.1,,Keenan Allen,WR,,414.p.26699,26699,Ind,yahoo_fantasy_api
2022,7,,4,api,Pop Lockett Drop it,Malle ❤️ 🐸,2022-W07-02,2,81.52,80.5,Melvin Gordon III,RB,RB,True,False,False,,6.0,,Melvin Gordon III,RB,,414.p.28403,28403,Bal,yahoo_fantasy_api
2022,7,,5,api,Pop Lockett Drop it,Malle ❤️ 🐸,2022-W07-02,2,81.52,80.5,Nick Chubb,RB,RB,True,False,False,,17.7,,Nick Chubb,RB,,414.p.31005,31005,Hou,yahoo_fantasy_api
2022,7,,6,api,Pop Lockett Drop it,Malle ❤️ 🐸,2022-W07-02,2,81.52,80.5,Gerald Everett,TE,TE,True,False,False,,8.8,,Gerald Everett,TE,,414.p.30157,30157,Chi,yahoo_fantasy_api
2022,7,,7,api,Pop Lockett Drop it,Malle ❤️ 🐸,2022-W07-02,2,81.52,80.5,Michael Pittman Jr.,WR,W/R/T,True,False,False,,6.8,,Michael Pittman Jr.,WR,,414.p.32704,32704,Pit,yahoo_fantasy_api
2022,7,,8,api,Pop Lockett Drop it,Malle ❤️ 🐸,2022-W07-02,2,81.52,80.5,Hollywood Brown,WR,BN,False,True,False,,0.0,,Hollywood Brown,WR,,414.p.31857,31857,Phi,yahoo_fantasy_api
2022,7,,9,api,Pop Lockett Drop it,Malle ❤️ 🐸,2022-W07-02,2,81.52,80.5,Gabe Davis,WR,BN,False,True,False,,0.0,,Gabe Davis,WR,,414.p.32798,32798,Buf,yahoo_fantasy_api
2022,7,,10,api,Pop Lockett Drop it,Malle ❤️ 🐸,2022-W07-02,2,81.52,80.5,Romeo Doubs,WR,BN,False,True,False,,0.0,,Romeo Doubs,WR,,414.p.34088,34088,NE,yahoo_fantasy_api
2022,7,,11,api,Pop Lockett Drop it,Malle ❤️ 🐸,2022-W07-02,2,81.52,80.5,Alexander Mattison,RB,BN,False,True,False,,0.0,,Alexander Mattison,RB,,414.p.31934,31934,Mia,yahoo_fantasy_api
2022,7,,12,api,Pop Lockett Drop it,Malle ❤️ 🐸,2022-W07-02,2,81.52,80.5,Hunter Renfrow,WR,BN,False,True,False,,7.0,,Hunter Renfrow,WR,,414.p.31981,31981,Car,yahoo_fantasy_api
2022,7,,13,api,Pop Lockett Drop it,Malle ❤️ 🐸,2022-W07-02,2,81.52,80.5,Robbie Gould,K,K,True,False,False,,14.0,,Robbie Gould,K,,414.p.7520,7520,SF,yahoo_fantasy_api
2022,7,,14,api,Pop Lockett Drop it,Malle ❤️ 🐸,2022-W07-02,2,81.52,80.5,Titans,DEF,DEF,True,False,False,,19.0,,Titans,DEF,,414.p.100010,100010,Ten,yahoo_fantasy_api
2022,7,,1,api,Post Mahomes,malle_dips_pouches,2022-W07-05,5,100.72,96.0,Tom Brady,QB,QB,True,False,False,,11.7,,Tom Brady,QB,,414.p.5228,5228,TB,yahoo_fantasy_api
2022,7,,2,api,Post Mahomes,malle_dips_pouches,2022-W07-05,5,100.72,96.0,Drake London,WR,WR,True,False,False,,1.4,,Drake London,WR,,414.p.33963,33963,Atl,yahoo_fantasy_api
2022,7,,3,api,Post Mahomes,malle_dips_pouches,2022-W07-05,5,100.72,96.0,CeeDee Lamb,WR,WR,True,False,False,,8.6,,CeeDee Lamb,WR,,414.p.32687,32687,Dal,yahoo_fantasy_api
2022,7,,4,api,Post Mahomes,malle_dips_pouches,2022-W07-05,5,100.72,96.0,Jonathan Taylor,RB,RB,True,False,False,,12.0,,Jonathan Taylor,RB,,414.p.32711,32711,Ind,yahoo_fantasy_api
2022,7,,5,api,Post Mahomes,malle_dips_pouches,2022-W07-05,5,100.72,96.0,Dameon Pierce,RB,RB,True,False,False,,13.7,,Dameon Pierce,RB,,414.p.34063,34063,Phi,yahoo_fantasy_api
2022,7,,6,api,Post Mahomes,malle_dips_pouches,2022-W07-05,5,100.72,96.0,Taysom Hill,"QB,TE",TE,True,False,False,,9.62,,Taysom Hill,"QB,TE",,414.p.30614,30614,NO,yahoo_fantasy_api
2022,7,,7,api,Post Mahomes,malle_dips_pouches,2022-W07-05,5,100.72,96.0,Kenneth Walker III,RB,W/R/T,True,False,False,,28.7,,Kenneth Walker III,RB,,414.p.33996,33996,KC,yahoo_fantasy_api
2022,7,,8,api,Post Mahomes,malle_dips_pouches,2022-W07-05,5,100.72,96.0,A.J. Brown,WR,BN,False,True,False,,0.0,,A.J. Brown,WR,,414.p.31883,31883,NE,yahoo_fantasy_api
2022,7,,9,api,Post Mahomes,malle_dips_pouches,2022-W07-05,5,100.72,96.0,Tyler Higbee,TE,BN,False,True,False,,0.0,,Tyler Higbee,TE,,414.p.29344,29344,LAR,yahoo_fantasy_api
2022,7,,10,api,Post Mahomes,malle_dips_pouches,2022-W07-05,5,100.72,96.0,Clyde Edwards-Helaire,RB,BN,False,True,False,,9.2,,Clyde Edwards-Helaire,RB,,414.p.32702,32702,KC,yahoo_fantasy_api
2022,7,,11,api,Post Mahomes,malle_dips_pouches,2022-W07-05,5,100.72,96.0,Chuba Hubbard,RB,BN,False,True,False,,14.3,,Chuba Hubbard,RB,,414.p.33514,33514,Car,yahoo_fantasy_api
2022,7,,12,api,Post Mahomes,malle_dips_pouches,2022-W07-05,5,100.72,96.0,Kyren Williams,RB,BN,False,True,False,,0.0,,Kyren Williams,RB,,414.p.34120,34120,LAR,yahoo_fantasy_api
2022,7,,13,api,Post Mahomes,malle_dips_pouches,2022-W07-05,5,100.72,96.0,Jameson Williams,WR,IR,False,False,True,,0.0,,Jameson Williams,WR,,414.p.33967,33967,Det,yahoo_fantasy_api
2022,7,,14,api,Post Mahomes,malle_dips_pouches,2022-W07-05,5,100.72,96.0,Harrison Butker,K,K,True,False,False,,6.0,,Harrison Butker,K,,414.p.30346,30346,KC,yahoo_fantasy_api
2022,7,,15,api,Post Mahomes,malle_dips_pouches,2022-W07-05,5,100.72,96.0,Packers,DEF,DEF,True,False,False,,9.0,,Packers,DEF,,414.p.100009,100009,GB,yahoo_fantasy_api
2022,7,,16,api,Post Mahomes,malle_dips_pouches,2022-W07-05,5,100.72,96.0,Bills,DEF,BN,False,True,False,,0.0,,Bills,DEF,,414.p.100002,100002,Buf,yahoo_fantasy_api
2022,7,,1,api,The Big Gronkowski,ThreatLevelMidnight,2022-W07-01,1,122.92,88.6,Jimmy Garoppolo,QB,QB,True,False,False,,21.32,,Jimmy Garoppolo,QB,,414.p.27590,27590,LAR,yahoo_fantasy_api
2022,7,,2,api,The Big Gronkowski,ThreatLevelMidnight,2022-W07-01,1,122.92,88.6,Tee Higgins,WR,WR,True,False,False,,11.8,,Tee Higgins,WR,,414.p.32703,32703,Cin,yahoo_fantasy_api
2022,7,,3,api,The Big Gronkowski,ThreatLevelMidnight,2022-W07-01,1,122.92,88.6,JuJu Smith-Schuster,WR,WR,True,False,False,,21.9,,JuJu Smith-Schuster,WR,,414.p.30175,30175,NYG,yahoo_fantasy_api
2022,7,,4,api,The Big Gronkowski,ThreatLevelMidnight,2022-W07-01,1,122.92,88.6,Austin Ekeler,RB,RB,True,False,False,,30.7,,Austin Ekeler,RB,,414.p.30423,30423,Was,yahoo_fantasy_api
2022,7,,5,api,The Big Gronkowski,ThreatLevelMidnight,2022-W07-01,1,122.92,88.6,Damien Harris,RB,RB,True,False,False,,1.5,,Damien Harris,RB,,414.p.31919,31919,Buf,yahoo_fantasy_api
2022,7,,6,api,The Big Gronkowski,ThreatLevelMidnight,2022-W07-01,1,122.92,88.6,George Kittle,TE,TE,True,False,False,,18.8,,George Kittle,TE,,414.p.30259,30259,SF,yahoo_fantasy_api
2022,7,,7,api,The Big Gronkowski,ThreatLevelMidnight,2022-W07-01,1,122.92,88.6,Tony Pollard,RB,W/R/T,True,False,False,,11.9,,Tony Pollard,RB,,414.p.31960,31960,Ten,yahoo_fantasy_api
2022,7,,8,api,The Big Gronkowski,ThreatLevelMidnight,2022-W07-01,1,122.92,88.6,Jeff Wilson Jr.,RB,BN,False,True,False,,5.4,,Jeff Wilson Jr.,RB,,414.p.31394,31394,Mia,yahoo_fantasy_api
2022,7,,9,api,The Big Gronkowski,ThreatLevelMidnight,2022-W07-01,1,122.92,88.6,Kirk Cousins,QB,BN,False,True,False,,0.0,,Kirk Cousins,QB,,414.p.25812,25812,LV,yahoo_fantasy_api
2022,7,,10,api,The Big Gronkowski,ThreatLevelMidnight,2022-W07-01,1,122.92,88.6,Cooper Kupp,WR,BN,False,True,False,,0.0,,Cooper Kupp,WR,,414.p.30182,30182,Sea,yahoo_fantasy_api
2022,7,,11,api,The Big Gronkowski,ThreatLevelMidnight,2022-W07-01,1,122.92,88.6,Hayden Hurst,TE,BN,False,True,False,,7.8,,Hayden Hurst,TE,,414.p.30995,30995,LAC,yahoo_fantasy_api
2022,7,,12,api,The Big Gronkowski,ThreatLevelMidnight,2022-W07-01,1,122.92,88.6,Isaiah McKenzie,WR,BN,False,True,False,,0.0,,Isaiah McKenzie,WR,,414.p.30285,30285,Mia,yahoo_fantasy_api
2022,7,,13,api,The Big Gronkowski,ThreatLevelMidnight,2022-W07-01,1,122.92,88.6,Trey Lance,QB,IR,False,False,True,,0.0,,Trey Lance,QB,,414.p.33391,33391,LAC,yahoo_fantasy_api
2022,7,,14,api,The Big Gronkowski,ThreatLevelMidnight,2022-W07-01,1,122.92,88.6,Brandon McManus,K,K,True,False,False,,4.0,,Brandon McManus,K,,414.p.27120,27120,GB,yahoo_fantasy_api
2022,7,,15,api,The Big Gronkowski,ThreatLevelMidnight,2022-W07-01,1,122.92,88.6,Tyler Bass,K,BN,False,True,False,,0.0,,Tyler Bass,K,,414.p.32858,32858,Buf,yahoo_fantasy_api
2022,7,,16,api,The Big Gronkowski,ThreatLevelMidnight,2022-W07-01,1,122.92,88.6,Buccaneers,DEF,DEF,True,False,False,,1.0,,Buccaneers,DEF,,414.p.100027,100027,TB,yahoo_fantasy_api
2022,7,,1,api,ThreatLevelMidnight,The Big Gronkowski,2022-W07-01,1,88.6,122.92,Geno Smith,QB,QB,True,False,False,,18.1,,Geno Smith,QB,,414.p.26662,26662,NYJ,yahoo_fantasy_api
2022,7,,2,api,ThreatLevelMidnight,The Big Gronkowski,2022-W07-01,1,88.6,122.92,Mike Evans,WR,WR,True,False,False,,14.1,,Mike Evans,WR,,414.p.27535,27535,SF,yahoo_fantasy_api
2022,7,,3,api,ThreatLevelMidnight,The Big Gronkowski,2022-W07-01,1,88.6,122.92,DeAndre Hopkins,WR,WR,True,False,False,,15.3,,DeAndre Hopkins,WR,,414.p.26650,26650,Bal,yahoo_fantasy_api
2022,7,,4,api,ThreatLevelMidnight,The Big Gronkowski,2022-W07-01,1,88.6,122.92,Brian Robinson,RB,RB,True,False,False,,9.6,,Brian Robinson,RB,,414.p.34054,34054,Atl,yahoo_fantasy_api
2022,7,,5,api,ThreatLevelMidnight,The Big Gronkowski,2022-W07-01,1,88.6,122.92,Rachaad White,RB,RB,True,False,False,,3.7,,Rachaad White,RB,,414.p.34047,34047,Was,yahoo_fantasy_api
2022,7,,6,api,ThreatLevelMidnight,The Big Gronkowski,2022-W07-01,1,88.6,122.92,David Njoku,TE,TE,True,False,False,,10.6,,David Njoku,TE,,414.p.30142,30142,LAC,yahoo_fantasy_api
2022,7,,7,api,ThreatLevelMidnight,The Big Gronkowski,2022-W07-01,1,88.6,122.92,Rashod Bateman,WR,W/R/T,True,False,False,,6.2,,Rashod Bateman,WR,,414.p.33415,33415,Bal,yahoo_fantasy_api
2022,7,,8,api,ThreatLevelMidnight,The Big Gronkowski,2022-W07-01,1,88.6,122.92,Miles Sanders,RB,BN,False,True,False,,0.0,,Miles Sanders,RB,,414.p.31885,31885,Dal,yahoo_fantasy_api
2022,7,,9,api,ThreatLevelMidnight,The Big Gronkowski,2022-W07-01,1,88.6,122.92,Stefon Diggs,WR,BN,False,True,False,,0.0,,Stefon Diggs,WR,,414.p.28534,28534,Was,yahoo_fantasy_api
2022,7,,10,api,ThreatLevelMidnight,The Big Gronkowski,2022-W07-01,1,88.6,122.92,Jaylen Warren,RB,BN,False,True,False,,3.4,,Jaylen Warren,RB,,414.p.34447,34447,Pit,yahoo_fantasy_api
2022,7,,11,api,ThreatLevelMidnight,The Big Gronkowski,2022-W07-01,1,88.6,122.92,Gus Edwards,RB,BN,False,True,False,,18.6,,Gus Edwards,RB,,414.p.31424,31424,LAC,yahoo_fantasy_api
2022,7,,12,api,ThreatLevelMidnight,The Big Gronkowski,2022-W07-01,1,88.6,122.92,Samaje Perine,RB,BN,False,True,False,,1.8,,Samaje Perine,RB,,414.p.30227,30227,Cin,yahoo_fantasy_api
2022,7,,13,api,ThreatLevelMidnight,The Big Gronkowski,2022-W07-01,1,88.6,122.92,D'Onta Foreman,RB,BN,False,True,False,,15.5,,D'Onta Foreman,RB,,414.p.30202,30202,Cle,yahoo_fantasy_api
2022,7,,14,api,ThreatLevelMidnight,The Big Gronkowski,2022-W07-01,1,88.6,122.92,Elijah Mitchell,RB,IR,False,False,True,,0.0,,Elijah Mitchell,RB,,414.p.33582,33582,KC,yahoo_fantasy_api
2022,7,,15,api,ThreatLevelMidnight,The Big Gronkowski,2022-W07-01,1,88.6,122.92,Brett Maher,K,K,True,False,False,,6.0,,Brett Maher,K,,414.p.27369,27369,LAR,yahoo_fantasy_api
2022,7,,16,api,ThreatLevelMidnight,The Big Gronkowski,2022-W07-01,1,88.6,122.92,Patriots,DEF,DEF,True,False,False,,5.0,,Patriots,DEF,,414.p.100017,100017,NE,yahoo_fantasy_api
2022,7,,1,api,Uncle Rico,Joe Mantegna,2022-W07-04,4,132.12,110.22,Patrick Mahomes,QB,QB,True,False,False,,33.92,,Patrick Mahomes,QB,,414.p.30123,30123,KC,yahoo_fantasy_api
2022,7,,2,api,Uncle Rico,Joe Mantegna,2022-W07-04,4,132.12,110.22,Ja'Marr Chase,WR,WR,True,False,False,,29.0,,Ja'Marr Chase,WR,,414.p.33393,33393,Cin,yahoo_fantasy_api
2022,7,,3,api,Uncle Rico,Joe Mantegna,2022-W07-04,4,132.12,110.22,Christian Kirk,WR,WR,True,False,False,,13.6,,Christian Kirk,WR,,414.p.31017,31017,SF,yahoo_fantasy_api
2022,7,,4,api,Uncle Rico,Joe Mantegna,2022-W07-04,4,132.12,110.22,Saquon Barkley,RB,RB,True,False,False,,15.5,,Saquon Barkley,RB,,414.p.30972,30972,Phi,yahoo_fantasy_api
2022,7,,5,api,Uncle Rico,Joe Mantegna,2022-W07-04,4,132.12,110.22,Najee Harris,RB,RB,True,False,False,,9.5,,Najee Harris,RB,,414.p.33412,33412,NYG,yahoo_fantasy_api
2022,7,,6,api,Uncle Rico,Joe Mantegna,2022-W07-04,4,132.12,110.22,Kyle Pitts Sr.,TE,TE,True,False,False,,2.4,,Kyle Pitts Sr.,TE,,414.p.33392,33392,Atl,yahoo_fantasy_api
2022,7,,7,api,Uncle Rico,Joe Mantegna,2022-W07-04,4,132.12,110.22,Alec Pierce,WR,W/R/T,True,False,False,,5.2,,Alec Pierce,WR,,414.p.34008,34008,Ind,yahoo_fantasy_api
2022,7,,8,api,Uncle Rico,Joe Mantegna,2022-W07-04,4,132.12,110.22,Jakobi Meyers,WR,BN,False,True,False,,10.4,,Jakobi Meyers,WR,,414.p.32231,32231,Jax,yahoo_fantasy_api
2022,7,,9,api,Uncle Rico,Joe Mantegna,2022-W07-04,4,132.12,110.22,Eno Benjamin,RB,BN,False,True,False,,21.3,,Eno Benjamin,RB,,414.p.32892,32892,NO,yahoo_fantasy_api
2022,7,,10,api,Uncle Rico,Joe Mantegna,2022-W07-04,4,132.12,110.22,Brandon Aiyuk,WR,BN,False,True,False,,11.7,,Brandon Aiyuk,WR,,414.p.32695,32695,SF,yahoo_fantasy_api
2022,7,,11,api,Uncle Rico,Joe Mantegna,2022-W07-04,4,132.12,110.22,Tua Tagovailoa,QB,BN,False,True,False,,17.94,,Tua Tagovailoa,QB,,414.p.32675,32675,Atl,yahoo_fantasy_api
2022,7,,12,api,Uncle Rico,Joe Mantegna,2022-W07-04,4,132.12,110.22,Isiah Pacheco,RB,BN,False,True,False,,4.3,,Isiah Pacheco,RB,,414.p.34207,34207,Det,yahoo_fantasy_api
2022,7,,13,api,Uncle Rico,Joe Mantegna,2022-W07-04,4,132.12,110.22,Cordarrelle Patterson,RB,IR,False,False,True,,0.0,,Cordarrelle Patterson,RB,,414.p.26652,26652,Pit,yahoo_fantasy_api
2022,7,,14,api,Uncle Rico,Joe Mantegna,2022-W07-04,4,132.12,110.22,Jason Myers,K,K,True,False,False,,16.0,,Jason Myers,K,,414.p.28378,28378,Sea,yahoo_fantasy_api
2022,7,,15,api,Uncle Rico,Joe Mantegna,2022-W07-04,4,132.12,110.22,Jets,DEF,DEF,True,False,False,,7.0,,Jets,DEF,,414.p.100020,100020,NYJ,yahoo_fantasy_api
2022,7,,16,api,Uncle Rico,Joe Mantegna,2022-W07-04,4,132.12,110.22,Eagles,DEF,BN,False,True,False,,0.0,,Eagles,DEF,,414.p.100021,100021,Phi,yahoo_fantasy_api
2022,7,,1,api,Voldemort,Big Sack Jack,2022-W07-03,3,106.98,117.34,Dak Prescott,QB,QB,True,False,False,,14.28,,Dak Prescott,QB,,414.p.29369,29369,Dal,yahoo_fantasy_api
2022,7,,2,api,Voldemort,Big Sack Jack,2022-W07-03,3,106.98,117.34,Chris Godwin Jr.,WR,WR,True,False,False,,8.0,,Chris Godwin Jr.,WR,,414.p.30197,30197,TB,yahoo_fantasy_api
2022,7,,3,api,Voldemort,Big Sack Jack,2022-W07-03,3,106.98,117.34,Deebo Samuel Sr.,WR,WR,True,False,False,,6.9,,Deebo Samuel Sr.,WR,,414.p.31868,31868,SF,yahoo_fantasy_api
2022,7,,4,api,Voldemort,Big Sack Jack,2022-W07-03,3,106.98,117.34,Joe Mixon,RB,RB,True,False,False,,16.6,,Joe Mixon,RB,,414.p.30161,30161,Hou,yahoo_fantasy_api
2022,7,,5,api,Voldemort,Big Sack Jack,2022-W07-03,3,106.98,117.34,Raheem Mostert,RB,RB,True,False,False,,18.9,,Raheem Mostert,RB,,414.p.28654,28654,LV,yahoo_fantasy_api
2022,7,,6,api,Voldemort,Big Sack Jack,2022-W07-03,3,106.98,117.34,Zach Ertz,TE,TE,True,False,False,,5.1,,Zach Ertz,TE,,414.p.26658,26658,Phi,yahoo_fantasy_api
2022,7,,7,api,Voldemort,Big Sack Jack,2022-W07-03,3,106.98,117.34,David Montgomery,RB,W/R/T,True,False,False,,12.2,,David Montgomery,RB,,414.p.31905,31905,Hou,yahoo_fantasy_api
2022,7,,8,api,Voldemort,Big Sack Jack,2022-W07-03,3,106.98,117.34,Justin Jefferson,WR,BN,False,True,False,,0.0,,Justin Jefferson,WR,,414.p.32692,32692,Min,yahoo_fantasy_api
2022,7,,9,api,Voldemort,Big Sack Jack,2022-W07-03,3,106.98,117.34,Josh Allen,QB,BN,False,True,False,,0.0,,Josh Allen,QB,,414.p.30977,30977,Buf,yahoo_fantasy_api
2022,7,,10,api,Voldemort,Big Sack Jack,2022-W07-03,3,106.98,117.34,Curtis Samuel,WR,BN,False,True,False,,10.4,,Curtis Samuel,WR,,414.p.30153,30153,Buf,yahoo_fantasy_api
2022,7,,11,api,Voldemort,Big Sack Jack,2022-W07-03,3,106.98,117.34,Darnell Mooney,WR,BN,False,True,False,,6.8,,Darnell Mooney,WR,,414.p.32843,32843,NYG,yahoo_fantasy_api
2022,7,,12,api,Voldemort,Big Sack Jack,2022-W07-03,3,106.98,117.34,George Pickens,WR,BN,False,True,False,,15.1,,George Pickens,WR,,414.p.34007,34007,Dal,yahoo_fantasy_api
2022,7,,13,api,Voldemort,Big Sack Jack,2022-W07-03,3,106.98,117.34,Chase Edmonds,RB,BN,False,True,False,,1.7,,Chase Edmonds,RB,,414.p.31104,31104,Was,yahoo_fantasy_api
2022,7,,14,api,Voldemort,Big Sack Jack,2022-W07-03,3,106.98,117.34,D'Andre Swift,RB,IR,False,False,True,,0.0,,D'Andre Swift,RB,,414.p.32705,32705,Chi,yahoo_fantasy_api
2022,7,,15,api,Voldemort,Big Sack Jack,2022-W07-03,3,106.98,117.34,Ryan Succop,K,K,True,False,False,,3.0,,Ryan Succop,K,,414.p.9520,9520,TB,yahoo_fantasy_api
2022,7,,16,api,Voldemort,Big Sack Jack,2022-W07-03,3,106.98,117.34,Cowboys,DEF,DEF,True,False,False,,22.0,,Cowboys,DEF,,414.p.100006,100006,Dal,yahoo_fantasy_api
2022,7,,1,api,malle_dips_pouches,Post Mahomes,2022-W07-05,5,96.0,100.72,Lamar Jackson,QB,QB,True,False,False,,10.7,,Lamar Jackson,QB,,414.p.31002,31002,Bal,yahoo_fantasy_api
2022,7,,2,api,malle_dips_pouches,Post Mahomes,2022-W07-05,5,96.0,100.72,Jaylen Waddle,WR,WR,True,False,False,,10.8,,Jaylen Waddle,WR,,414.p.33394,33394,Den,yahoo_fantasy_api
2022,7,,3,api,malle_dips_pouches,Post Mahomes,2022-W07-05,5,96.0,100.72,Amari Cooper,WR,WR,True,False,False,,8.9,,Amari Cooper,WR,,414.p.28392,28392,Buf,yahoo_fantasy_api
2022,7,,4,api,malle_dips_pouches,Post Mahomes,2022-W07-05,5,96.0,100.72,Christian McCaffrey,RB,RB,True,False,False,,7.2,,Christian McCaffrey,RB,,414.p.30121,30121,SF,yahoo_fantasy_api
2022,7,,5,api,malle_dips_pouches,Post Mahomes,2022-W07-05,5,96.0,100.72,Josh Jacobs,RB,RB,True,False,False,,35.0,,Josh Jacobs,RB,,414.p.31856,31856,GB,yahoo_fantasy_api
2022,7,,6,api,malle_dips_pouches,Post Mahomes,2022-W07-05,5,96.0,100.72,Mark Andrews,TE,TE,True,False,False,,0.4,,Mark Andrews,TE,,414.p.31056,31056,Bal,yahoo_fantasy_api
2022,7,,7,api,malle_dips_pouches,Post Mahomes,2022-W07-05,5,96.0,100.72,Michael Gallup,WR,W/R/T,True,False,False,,0.0,,Michael Gallup,WR,,414.p.31051,31051,Was,yahoo_fantasy_api
2022,7,,8,api,malle_dips_pouches,Post Mahomes,2022-W07-05,5,96.0,100.72,Michael Carter,RB,BN,False,True,False,,8.4,,Michael Carter,RB,,414.p.33495,33495,Ten,yahoo_fantasy_api
2022,7,,9,api,malle_dips_pouches,Post Mahomes,2022-W07-05,5,96.0,100.72,Tyler Boyd,WR,BN,False,True,False,,25.5,,Tyler Boyd,WR,,414.p.29288,29288,Ten,yahoo_fantasy_api
2022,7,,10,api,malle_dips_pouches,Post Mahomes,2022-W07-05,5,96.0,100.72,James Conner,RB,BN,False,True,False,,0.0,,James Conner,RB,,414.p.30218,30218,Ari,yahoo_fantasy_api
2022,7,,11,api,malle_dips_pouches,Post Mahomes,2022-W07-05,5,96.0,100.72,DeVonta Smith,WR,BN,False,True,False,,0.0,,DeVonta Smith,WR,,414.p.33398,33398,Phi,yahoo_fantasy_api
2022,7,,12,api,malle_dips_pouches,Post Mahomes,2022-W07-05,5,96.0,100.72,Pat Freiermuth,TE,BN,False,True,False,,11.5,,Pat Freiermuth,TE,,414.p.33443,33443,Pit,yahoo_fantasy_api
2022,7,,13,api,malle_dips_pouches,Post Mahomes,2022-W07-05,5,96.0,100.72,Graham Gano,K,K,True,False,False,,11.0,,Graham Gano,K,,414.p.9526,9526,NYG,yahoo_fantasy_api
2022,7,,14,api,malle_dips_pouches,Post Mahomes,2022-W07-05,5,96.0,100.72,Matt Gay,K,BN,False,True,False,,0.0,,Matt Gay,K,,414.p.31977,31977,LV,yahoo_fantasy_api
2022,7,,15,api,malle_dips_pouches,Post Mahomes,2022-W07-05,5,96.0,100.72,Ravens,DEF,DEF,True,False,False,,12.0,,Ravens,DEF,,414.p.100033,100033,Bal,yahoo_fantasy_api
2022,8,,1,api,Big Sack Jack,ThreatLevelMidnight,2022-W08-03,3,128.28,161.18,Joe Burrow,QB,QB,True,False,False,,18.48,,Joe Burrow,QB,,414.p.32671,32671,Cin,yahoo_fantasy_api
2022,8,,2,api,Big Sack Jack,ThreatLevelMidnight,2022-W08-03,3,128.28,161.18,Tyreek Hill,WR,WR,True,False,False,,25.5,,Tyreek Hill,WR,,414.p.29399,29399,Mia,yahoo_fantasy_api
2022,8,,3,api,Big Sack Jack,ThreatLevelMidnight,2022-W08-03,3,128.28,161.18,DJ Moore,WR,WR,True,False,False,,24.5,,DJ Moore,WR,,414.p.30994,30994,Buf,yahoo_fantasy_api
2022,8,,4,api,Big Sack Jack,ThreatLevelMidnight,2022-W08-03,3,128.28,161.18,AJ Dillon,RB,RB,True,False,False,,6.8,,AJ Dillon,RB,,414.p.32732,32732,Car,yahoo_fantasy_api
2022,8,,5,api,Big Sack Jack,ThreatLevelMidnight,2022-W08-03,3,128.28,161.18,Dalvin Cook,RB,RB,True,False,False,,22.6,,Dalvin Cook,RB,,414.p.30154,30154,Dal,yahoo_fantasy_api
2022,8,,6,api,Big Sack Jack,ThreatLevelMidnight,2022-W08-03,3,128.28,161.18,Dawson Knox,TE,TE,True,False,False,,8.0,,Dawson Knox,TE,,414.p.31928,31928,Buf,yahoo_fantasy_api
2022,8,,7,api,Big Sack Jack,ThreatLevelMidnight,2022-W08-03,3,128.28,161.18,Amon-Ra St. Brown,WR,W/R/T,True,False,False,,10.4,,Amon-Ra St. Brown,WR,,414.p.33500,33500,Det,yahoo_fantasy_api
2022,8,,8,api,Big Sack Jack,ThreatLevelMidnight,2022-W08-03,3,128.28,161.18,Khalil Herbert,RB,BN,False,True,False,,15.9,,Khalil Herbert,RB,,414.p.33605,33605,Atl,yahoo_fantasy_api
2022,8,,9,api,Big Sack Jack,ThreatLevelMidnight,2022-W08-03,3,128.28,161.18,Hunter Henry,TE,BN,False,True,False,,2.7,,Hunter Henry,TE,,414.p.29269,29269,NE,yahoo_fantasy_api
2022,8,,10,api,Big Sack Jack,ThreatLevelMidnight,2022-W08-03,3,128.28,161.18,Nyheim Miller-Hines,RB,BN,False,True,False,,11.9,,Nyheim Miller-Hines,RB,,414.p.31074,31074,LAC,yahoo_fantasy_api
2022,8,,11,api,Big Sack Jack,ThreatLevelMidnight,2022-W08-03,3,128.28,161.18,Derek Carr,QB,BN,False,True,False,,2.94,,Derek Carr,QB,,414.p.27564,27564,NO,yahoo_fantasy_api
2022,8,,12,api,Big Sack Jack,ThreatLevelMidnight,2022-W08-03,3,128.28,161.18,Nico Collins,WR,BN,False,True,False,,0.0,,Nico Collins,WR,,414.p.33477,33477,Hou,yahoo_fantasy_api
2022,8,,13,api,Big Sack Jack,ThreatLevelMidnight,2022-W08-03,3,128.28,161.18,Justin Tucker,K,K,True,False,False,,9.0,,Justin Tucker,K,,414.p.26534,26534,Bal,yahoo_fantasy_api
2022,8,,14,api,Big Sack Jack,ThreatLevelMidnight,2022-W08-03,3,128.28,161.18,49ers,DEF,DEF,True,False,False,,3.0,,49ers,DEF,,414.p.100025,100025,SF,yahoo_fantasy_api
2022,8,,15,api,Big Sack Jack,ThreatLevelMidnight,2022-W08-03,3,128.28,161.18,Chiefs,DEF,BN,False,True,False,,0.0,,Chiefs,DEF,,414.p.100012,100012,KC,yahoo_fantasy_api
2022,8,,1,api,Ginger FC 🏆🏆,Uncle Rico,2022-W08-06,6,142.54,122.64,Kyler Murray,QB,QB,True,False,False,,32.64,,Kyler Murray,QB,,414.p.31833,31833,Min,yahoo_fantasy_api
2022,8,,2,api,Ginger FC 🏆🏆,Uncle Rico,2022-W08-06,6,142.54,122.64,Tyler Lockett,WR,WR,True,False,False,,12.8,,Tyler Lockett,WR,,414.p.28457,28457,LV,yahoo_fantasy_api
2022,8,,3,api,Ginger FC 🏆🏆,Uncle Rico,2022-W08-06,6,142.54,122.64,Jerry Jeudy,WR,WR,True,False,False,,15.3,,Jerry Jeudy,WR,,414.p.32685,32685,Cle,yahoo_fantasy_api
2022,8,,4,api,Ginger FC 🏆🏆,Uncle Rico,2022-W08-06,6,142.54,122.64,Leonard Fournette,RB,RB,True,False,False,,13.3,,Leonard Fournette,RB,,414.p.30117,30117,Buf,yahoo_fantasy_api
2022,8,,5,api,Ginger FC 🏆🏆,Uncle Rico,2022-W08-06,6,142.54,122.64,Rhamondre Stevenson,RB,RB,True,False,False,,17.8,,Rhamondre Stevenson,RB,,414.p.33508,33508,NE,yahoo_fantasy_api
2022,8,,6,api,Ginger FC 🏆🏆,Uncle Rico,2022-W08-06,6,142.54,122.64,Dalton Schultz,TE,TE,True,False,False,,10.4,,Dalton Schultz,TE,,414.p.31107,31107,Hou,yahoo_fantasy_api
2022,8,,7,api,Ginger FC 🏆🏆,Uncle Rico,2022-W08-06,6,142.54,122.64,Alvin Kamara,RB,W/R/T,True,False,False,,38.3,,Alvin Kamara,RB,,414.p.30180,30180,NO,yahoo_fantasy_api
2022,8,,8,api,Ginger FC 🏆🏆,Uncle Rico,2022-W08-06,6,142.54,122.64,Travis Kelce,TE,BN,False,True,False,,0.0,,Travis Kelce,TE,,414.p.26686,26686,KC,yahoo_fantasy_api
2022,8,,9,api,Ginger FC 🏆🏆,Uncle Rico,2022-W08-06,6,142.54,122.64,Mike Williams,WR,BN,False,True,False,,0.0,,Mike Williams,WR,,414.p.30120,30120,Pit,yahoo_fantasy_api
2022,8,,10,api,Ginger FC 🏆🏆,Uncle Rico,2022-W08-06,6,142.54,122.64,Kareem Hunt,RB,BN,False,True,False,,9.2,,Kareem Hunt,RB,,414.p.30199,30199,KC,yahoo_fantasy_api
2022,8,,11,api,Ginger FC 🏆🏆,Uncle Rico,2022-W08-06,6,142.54,122.64,Devin Duvernay,WR,BN,False,True,False,,14.4,,Devin Duvernay,WR,,414.p.32762,32762,Ari,yahoo_fantasy_api
2022,8,,12,api,Ginger FC 🏆🏆,Uncle Rico,2022-W08-06,6,142.54,122.64,Mark Ingram II,RB,BN,False,True,False,,0.7,,Mark Ingram II,RB,,414.p.24815,24815,NO,yahoo_fantasy_api
2022,8,,13,api,Ginger FC 🏆🏆,Uncle Rico,2022-W08-06,6,142.54,122.64,Daniel Jones,QB,BN,False,True,False,,9.04,,Daniel Jones,QB,,414.p.31838,31838,Ind,yahoo_fantasy_api
2022,8,,14,api,Ginger FC 🏆🏆,Uncle Rico,2022-W08-06,6,142.54,122.64,Daniel Carlson,K,K,True,False,False,,0.0,,Daniel Carlson,K,,414.p.31137,31137,NO,yahoo_fantasy_api
2022,8,,15,api,Ginger FC 🏆🏆,Uncle Rico,2022-W08-06,6,142.54,122.64,Rams,DEF,DEF,True,False,False,,2.0,,Rams,DEF,,414.p.100014,100014,LAR,yahoo_fantasy_api
2022,8,,1,api,Joe Mantegna,Voldemort,2022-W08-02,2,87.82,107.72,Marcus Mariota,QB,QB,True,False,False,,30.42,,Marcus Mariota,QB,,414.p.28390,28390,Was,yahoo_fantasy_api
2022,8,,2,api,Joe Mantegna,Voldemort,2022-W08-02,2,87.82,107.72,Courtland Sutton,WR,WR,True,False,False,,1.8,,Courtland Sutton,WR,,414.p.31010,31010,Den,yahoo_fantasy_api
2022,8,,3,api,Joe Mantegna,Voldemort,2022-W08-02,2,87.82,107.72,Davante Adams,WR,WR,True,False,False,,0.7,,Davante Adams,WR,,414.p.27581,27581,LAR,yahoo_fantasy_api
2022,8,,4,api,Joe Mantegna,Voldemort,2022-W08-02,2,87.82,107.72,Aaron Jones Sr.,RB,RB,True,False,False,,17.7,,Aaron Jones Sr.,RB,,414.p.30295,30295,Min,yahoo_fantasy_api
2022,8,,5,api,Joe Mantegna,Voldemort,2022-W08-02,2,87.82,107.72,Darrell Henderson Jr.,RB,RB,True,False,False,,4.0,,Darrell Henderson Jr.,RB,,414.p.31902,31902,LAR,yahoo_fantasy_api
2022,8,,6,api,Joe Mantegna,Voldemort,2022-W08-02,2,87.82,107.72,Dallas Goedert,TE,TE,True,False,False,,9.4,,Dallas Goedert,TE,,414.p.31019,31019,Phi,yahoo_fantasy_api
2022,8,,7,api,Joe Mantegna,Voldemort,2022-W08-02,2,87.82,107.72,Devin Singletary,RB,W/R/T,True,False,False,,8.8,,Devin Singletary,RB,,414.p.31906,31906,NYG,yahoo_fantasy_api
2022,8,,8,api,Joe Mantegna,Voldemort,2022-W08-02,2,87.82,107.72,Chase Claypool,WR,BN,False,True,False,,12.54,,Chase Claypool,WR,,414.p.32719,32719,Buf,yahoo_fantasy_api
2022,8,,9,api,Joe Mantegna,Voldemort,2022-W08-02,2,87.82,107.72,Cade Otton,TE,BN,False,True,False,,2.5,,Cade Otton,TE,,414.p.34062,34062,TB,yahoo_fantasy_api
2022,8,,10,api,Joe Mantegna,Voldemort,2022-W08-02,2,87.82,107.72,Justin Herbert,QB,BN,False,True,False,,0.0,,Justin Herbert,QB,,414.p.32676,32676,LAC,yahoo_fantasy_api
2022,8,,11,api,Joe Mantegna,Voldemort,2022-W08-02,2,87.82,107.72,Marquez Valdes-Scantling,WR,BN,False,True,False,,0.0,,Marquez Valdes-Scantling,WR,,414.p.31144,31144,LAC,yahoo_fantasy_api
2022,8,,12,api,Joe Mantegna,Voldemort,2022-W08-02,2,87.82,107.72,Brandin Cooks,WR,BN,False,True,False,,9.3,,Brandin Cooks,WR,,414.p.27548,27548,SF,yahoo_fantasy_api
2022,8,,13,api,Joe Mantegna,Voldemort,2022-W08-02,2,87.82,107.72,Robert Woods,WR,BN,False,True,False,,1.6,,Robert Woods,WR,,414.p.26664,26664,Pit,yahoo_fantasy_api
2022,8,,14,api,Joe Mantegna,Voldemort,2022-W08-02,2,87.82,107.72,Breece Hall,RB,IR,False,False,True,,0.0,,Breece Hall,RB,,414.p.33991,33991,NYJ,yahoo_fantasy_api
2022,8,,15,api,Joe Mantegna,Voldemort,2022-W08-02,2,87.82,107.72,Younghoe Koo,K,K,True,False,False,,14.0,,Younghoe Koo,K,,414.p.30426,30426,NYG,yahoo_fantasy_api
2022,8,,16,api,Joe Mantegna,Voldemort,2022-W08-02,2,87.82,107.72,Dolphins,DEF,DEF,True,False,False,,1.0,,Dolphins,DEF,,414.p.100015,100015,Mia,yahoo_fantasy_api
2022,8,,1,api,Malle ❤️ 🐸,The Big Gronkowski,2022-W08-01,1,102.6,132.08,Jalen Hurts,QB,QB,True,False,False,,36.4,,Jalen Hurts,QB,,414.p.32723,32723,Phi,yahoo_fantasy_api
2022,8,,2,api,Malle ❤️ 🐸,The Big Gronkowski,2022-W08-01,1,102.6,132.08,Diontae Johnson,WR,WR,True,False,False,,6.0,,Diontae Johnson,WR,,414.p.31898,31898,Cle,yahoo_fantasy_api
2022,8,,3,api,Malle ❤️ 🐸,The Big Gronkowski,2022-W08-01,1,102.6,132.08,Adam Thielen,WR,WR,True,False,False,,9.7,,Adam Thielen,WR,,414.p.27277,27277,Pit,yahoo_fantasy_api
2022,8,,4,api,Malle ❤️ 🐸,The Big Gronkowski,2022-W08-01,1,102.6,132.08,James Robinson,RB,RB,True,False,False,,1.7,,James Robinson,RB,,414.p.33138,33138,NO,yahoo_fantasy_api
2022,8,,5,api,Malle ❤️ 🐸,The Big Gronkowski,2022-W08-01,1,102.6,132.08,Jamaal Williams,RB,RB,True,False,False,,21.1,,Jamaal Williams,RB,,414.p.30247,30247,NO,yahoo_fantasy_api
2022,8,,6,api,Malle ❤️ 🐸,The Big Gronkowski,2022-W08-01,1,102.6,132.08,T.J. Hockenson,TE,TE,True,False,False,,9.5,,T.J. Hockenson,TE,,414.p.31840,31840,Min,yahoo_fantasy_api
2022,8,,7,api,Malle ❤️ 🐸,The Big Gronkowski,2022-W08-01,1,102.6,132.08,Antonio Gibson,RB,W/R/T,True,False,False,,17.2,,Antonio Gibson,RB,,414.p.32736,32736,NE,yahoo_fantasy_api
2022,8,,8,api,Malle ❤️ 🐸,The Big Gronkowski,2022-W08-01,1,102.6,132.08,Ezekiel Elliott,RB,BN,False,True,False,,0.0,,Ezekiel Elliott,RB,,414.p.29238,29238,Dal,yahoo_fantasy_api
2022,8,,9,api,Malle ❤️ 🐸,The Big Gronkowski,2022-W08-01,1,102.6,132.08,Allen Lazard,WR,BN,False,True,False,,0.0,,Allen Lazard,WR,,414.p.31268,31268,NYJ,yahoo_fantasy_api
2022,8,,10,api,Malle ❤️ 🐸,The Big Gronkowski,2022-W08-01,1,102.6,132.08,Trevor Lawrence,QB,BN,False,True,False,,10.82,,Trevor Lawrence,QB,,414.p.33389,33389,Jax,yahoo_fantasy_api
2022,8,,11,api,Malle ❤️ 🐸,The Big Gronkowski,2022-W08-01,1,102.6,132.08,J.K. Dobbins,RB,BN,False,True,False,,0.0,,J.K. Dobbins,RB,,414.p.32725,32725,Den,yahoo_fantasy_api
2022,8,,12,api,Malle ❤️ 🐸,The Big Gronkowski,2022-W08-01,1,102.6,132.08,Irv Smith Jr.,TE,BN,False,True,False,,4.8,,Irv Smith Jr.,TE,,414.p.31882,31882,Hou,yahoo_fantasy_api
2022,8,,13,api,Malle ❤️ 🐸,The Big Gronkowski,2022-W08-01,1,102.6,132.08,J.D. McKissic,RB,BN,False,True,False,,3.5,,J.D. McKissic,RB,,414.p.29650,29650,Was,yahoo_fantasy_api
2022,8,,14,api,Malle ❤️ 🐸,The Big Gronkowski,2022-W08-01,1,102.6,132.08,Evan McPherson,K,K,True,False,False,,1.0,,Evan McPherson,K,,414.p.33537,33537,Cin,yahoo_fantasy_api
2022,8,,15,api,Malle ❤️ 🐸,The Big Gronkowski,2022-W08-01,1,102.6,132.08,Raiders,DEF,DEF,True,False,False,,0.0,,Raiders,DEF,,414.p.100013,100013,LV,yahoo_fantasy_api
2022,8,,1,api,Patty Primetimes,Post Mahomes,2022-W08-05,5,136.68,114.4,Matthew Stafford,QB,QB,True,False,False,,19.38,,Matthew Stafford,QB,,414.p.9265,9265,LAR,yahoo_fantasy_api
2022,8,,2,api,Patty Primetimes,Post Mahomes,2022-W08-05,5,136.68,114.4,Terry McLaurin,WR,WR,True,False,False,,13.6,,Terry McLaurin,WR,,414.p.31908,31908,Was,yahoo_fantasy_api
2022,8,,3,api,Patty Primetimes,Post Mahomes,2022-W08-05,5,136.68,114.4,Chris Olave,WR,WR,True,False,False,,7.7,,Chris Olave,WR,,414.p.33966,33966,NO,yahoo_fantasy_api
2022,8,,4,api,Patty Primetimes,Post Mahomes,2022-W08-05,5,136.68,114.4,Travis Etienne Jr.,RB,RB,True,False,False,,23.7,,Travis Etienne Jr.,RB,,414.p.33413,33413,NO,yahoo_fantasy_api
2022,8,,5,api,Patty Primetimes,Post Mahomes,2022-W08-05,5,136.68,114.4,Derrick Henry,RB,RB,True,False,False,,35.3,,Derrick Henry,RB,,414.p.29279,29279,Bal,yahoo_fantasy_api
2022,8,,6,api,Patty Primetimes,Post Mahomes,2022-W08-05,5,136.68,114.4,Robert Tonyan,TE,TE,True,False,False,,6.0,,Robert Tonyan,TE,,414.p.30777,30777,Pit,yahoo_fantasy_api
2022,8,,7,api,Patty Primetimes,Post Mahomes,2022-W08-05,5,136.68,114.4,Tyler Allgeier,RB,W/R/T,True,False,False,,16.0,,Tyler Allgeier,RB,,414.p.34107,34107,Ari,yahoo_fantasy_api
2022,8,,8,api,Patty Primetimes,Post Mahomes,2022-W08-05,5,136.68,114.4,Latavius Murray,RB,BN,False,True,False,,12.4,,Latavius Murray,RB,,414.p.26804,26804,Buf,yahoo_fantasy_api
2022,8,,9,api,Patty Primetimes,Post Mahomes,2022-W08-05,5,136.68,114.4,Aaron Rodgers,QB,BN,False,True,False,,20.22,,Aaron Rodgers,QB,,414.p.7200,7200,Pit,yahoo_fantasy_api
2022,8,,10,api,Patty Primetimes,Post Mahomes,2022-W08-05,5,136.68,114.4,DK Metcalf,WR,BN,False,True,False,,14.5,,DK Metcalf,WR,,414.p.31896,31896,Pit,yahoo_fantasy_api
2022,8,,11,api,Patty Primetimes,Post Mahomes,2022-W08-05,5,136.68,114.4,Darren Waller,TE,BN,False,True,False,,0.0,,Darren Waller,TE,,414.p.28592,28592,Car,yahoo_fantasy_api
2022,8,,12,api,Patty Primetimes,Post Mahomes,2022-W08-05,5,136.68,114.4,Michael Thomas,WR,BN,False,True,False,,0.0,,Michael Thomas,WR,,414.p.29281,29281,NO,yahoo_fantasy_api
2022,8,,13,api,Patty Primetimes,Post Mahomes,2022-W08-05,5,136.68,114.4,Kadarius Toney,WR,BN,False,True,False,,0.0,,Kadarius Toney,WR,,414.p.33408,33408,Cle,yahoo_fantasy_api
2022,8,,14,api,Patty Primetimes,Post Mahomes,2022-W08-05,5,136.68,114.4,Cade York,K,K,True,False,False,,8.0,,Cade York,K,,414.p.34080,34080,NYJ,yahoo_fantasy_api
2022,8,,15,api,Patty Primetimes,Post Mahomes,2022-W08-05,5,136.68,114.4,Broncos,DEF,DEF,True,False,False,,7.0,,Broncos,DEF,,414.p.100007,100007,Den,yahoo_fantasy_api
2022,8,,1,api,Pop Lockett Drop it,malle_dips_pouches,2022-W08-04,4,82.84,143.58,Sam Ehlinger,QB,QB,True,False,False,,7.54,,Sam Ehlinger,QB,,414.p.33606,33606,Den,yahoo_fantasy_api
2022,8,,2,api,Pop Lockett Drop it,malle_dips_pouches,2022-W08-04,4,82.84,143.58,Gabe Davis,WR,WR,True,False,False,,4.5,,Gabe Davis,WR,,414.p.32798,32798,Buf,yahoo_fantasy_api
2022,8,,3,api,Pop Lockett Drop it,malle_dips_pouches,2022-W08-04,4,82.84,143.58,Hunter Renfrow,WR,WR,True,False,False,,1.1,,Hunter Renfrow,WR,,414.p.31981,31981,Car,yahoo_fantasy_api
2022,8,,4,api,Pop Lockett Drop it,malle_dips_pouches,2022-W08-04,4,82.84,143.58,Melvin Gordon III,RB,RB,True,False,False,,12.7,,Melvin Gordon III,RB,,414.p.28403,28403,Bal,yahoo_fantasy_api
2022,8,,5,api,Pop Lockett Drop it,malle_dips_pouches,2022-W08-04,4,82.84,143.58,Nick Chubb,RB,RB,True,False,False,,24.9,,Nick Chubb,RB,,414.p.31005,31005,Hou,yahoo_fantasy_api
2022,8,,6,api,Pop Lockett Drop it,malle_dips_pouches,2022-W08-04,4,82.84,143.58,Mike Gesicki,TE,TE,True,False,False,,11.3,,Mike Gesicki,TE,,414.p.31012,31012,Cin,yahoo_fantasy_api
2022,8,,7,api,Pop Lockett Drop it,malle_dips_pouches,2022-W08-04,4,82.84,143.58,Michael Pittman Jr.,WR,W/R/T,True,False,False,,8.8,,Michael Pittman Jr.,WR,,414.p.32704,32704,Pit,yahoo_fantasy_api
2022,8,,8,api,Pop Lockett Drop it,malle_dips_pouches,2022-W08-04,4,82.84,143.58,Gerald Everett,TE,BN,False,True,False,,0.0,,Gerald Everett,TE,,414.p.30157,30157,Chi,yahoo_fantasy_api
2022,8,,9,api,Pop Lockett Drop it,malle_dips_pouches,2022-W08-04,4,82.84,143.58,Rondale Moore,WR,BN,False,True,False,,19.9,,Rondale Moore,WR,,414.p.33437,33437,Min,yahoo_fantasy_api
2022,8,,10,api,Pop Lockett Drop it,malle_dips_pouches,2022-W08-04,4,82.84,143.58,Keenan Allen,WR,BN,False,True,False,,0.0,,Keenan Allen,WR,,414.p.26699,26699,Ind,yahoo_fantasy_api
2022,8,,11,api,Pop Lockett Drop it,malle_dips_pouches,2022-W08-04,4,82.84,143.58,Hollywood Brown,WR,BN,False,True,False,,0.0,,Hollywood Brown,WR,,414.p.31857,31857,Phi,yahoo_fantasy_api
2022,8,,12,api,Pop Lockett Drop it,malle_dips_pouches,2022-W08-04,4,82.84,143.58,Romeo Doubs,WR,BN,False,True,False,,14.2,,Romeo Doubs,WR,,414.p.34088,34088,NE,yahoo_fantasy_api
2022,8,,13,api,Pop Lockett Drop it,malle_dips_pouches,2022-W08-04,4,82.84,143.58,Robbie Gould,K,K,True,False,False,,7.0,,Robbie Gould,K,,414.p.7520,7520,SF,yahoo_fantasy_api
2022,8,,14,api,Pop Lockett Drop it,malle_dips_pouches,2022-W08-04,4,82.84,143.58,Colts,DEF,DEF,True,False,False,,5.0,,Colts,DEF,,414.p.100011,100011,Ind,yahoo_fantasy_api
2022,8,,1,api,Post Mahomes,Patty Primetimes,2022-W08-05,5,114.4,136.68,Tom Brady,QB,QB,True,False,False,,19.1,,Tom Brady,QB,,414.p.5228,5228,TB,yahoo_fantasy_api
2022,8,,2,api,Post Mahomes,Patty Primetimes,2022-W08-05,5,114.4,136.68,CeeDee Lamb,WR,WR,True,False,False,,16.3,,CeeDee Lamb,WR,,414.p.32687,32687,Dal,yahoo_fantasy_api
2022,8,,3,api,Post Mahomes,Patty Primetimes,2022-W08-05,5,114.4,136.68,A.J. Brown,WR,WR,True,False,False,,36.6,,A.J. Brown,WR,,414.p.31883,31883,NE,yahoo_fantasy_api
2022,8,,4,api,Post Mahomes,Patty Primetimes,2022-W08-05,5,114.4,136.68,Jonathan Taylor,RB,RB,True,False,False,,5.6,,Jonathan Taylor,RB,,414.p.32711,32711,Ind,yahoo_fantasy_api
2022,8,,5,api,Post Mahomes,Patty Primetimes,2022-W08-05,5,114.4,136.68,Kenneth Walker III,RB,RB,True,False,False,,11.7,,Kenneth Walker III,RB,,414.p.33996,33996,KC,yahoo_fantasy_api
2022,8,,6,api,Post Mahomes,Patty Primetimes,2022-W08-05,5,114.4,136.68,Tyler Higbee,TE,TE,True,False,False,,2.5,,Tyler Higbee,TE,,414.p.29344,29344,LAR,yahoo_fantasy_api
2022,8,,7,api,Post Mahomes,Patty Primetimes,2022-W08-05,5,114.4,136.68,Dameon Pierce,RB,W/R/T,True,False,False,,12.6,,Dameon Pierce,RB,,414.p.34063,34063,Phi,yahoo_fantasy_api
2022,8,,8,api,Post Mahomes,Patty Primetimes,2022-W08-05,5,114.4,136.68,Taysom Hill,"QB,TE",BN,False,True,False,,7.78,,Taysom Hill,"QB,TE",,414.p.30614,30614,NO,yahoo_fantasy_api
2022,8,,9,api,Post Mahomes,Patty Primetimes,2022-W08-05,5,114.4,136.68,Drake London,WR,BN,False,True,False,,5.1,,Drake London,WR,,414.p.33963,33963,Atl,yahoo_fantasy_api
2022,8,,10,api,Post Mahomes,Patty Primetimes,2022-W08-05,5,114.4,136.68,Clyde Edwards-Helaire,RB,BN,False,True,False,,0.0,,Clyde Edwards-Helaire,RB,,414.p.32702,32702,KC,yahoo_fantasy_api
2022,8,,11,api,Post Mahomes,Patty Primetimes,2022-W08-05,5,114.4,136.68,Chuba Hubbard,RB,BN,False,True,False,,0.0,,Chuba Hubbard,RB,,414.p.33514,33514,Car,yahoo_fantasy_api
2022,8,,12,api,Post Mahomes,Patty Primetimes,2022-W08-05,5,114.4,136.68,Kyren Williams,RB,BN,False,True,False,,0.0,,Kyren Williams,RB,,414.p.34120,34120,LAR,yahoo_fantasy_api
2022,8,,13,api,Post Mahomes,Patty Primetimes,2022-W08-05,5,114.4,136.68,Parris Campbell,WR,BN,False,True,False,,8.1,,Parris Campbell,WR,,414.p.31891,31891,Dal,yahoo_fantasy_api
2022,8,,14,api,Post Mahomes,Patty Primetimes,2022-W08-05,5,114.4,136.68,Jameson Williams,WR,IR,False,False,True,,0.0,,Jameson Williams,WR,,414.p.33967,33967,Det,yahoo_fantasy_api
2022,8,,15,api,Post Mahomes,Patty Primetimes,2022-W08-05,5,114.4,136.68,Jake Elliott,K,K,True,False,False,,5.0,,Jake Elliott,K,,414.p.30266,30266,Phi,yahoo_fantasy_api
2022,8,,16,api,Post Mahomes,Patty Primetimes,2022-W08-05,5,114.4,136.68,Bills,DEF,DEF,True,False,False,,5.0,,Bills,DEF,,414.p.100002,100002,Buf,yahoo_fantasy_api
2022,8,,1,api,The Big Gronkowski,Malle ❤️ 🐸,2022-W08-01,1,132.08,102.6,Kirk Cousins,QB,QB,True,False,False,,27.48,,Kirk Cousins,QB,,414.p.25812,25812,LV,yahoo_fantasy_api
2022,8,,2,api,The Big Gronkowski,Malle ❤️ 🐸,2022-W08-01,1,132.08,102.6,Tee Higgins,WR,WR,True,False,False,,12.4,,Tee Higgins,WR,,414.p.32703,32703,Cin,yahoo_fantasy_api
2022,8,,3,api,The Big Gronkowski,Malle ❤️ 🐸,2022-W08-01,1,132.08,102.6,Cooper Kupp,WR,WR,True,False,False,,18.9,,Cooper Kupp,WR,,414.p.30182,30182,Sea,yahoo_fantasy_api
2022,8,,4,api,The Big Gronkowski,Malle ❤️ 🐸,2022-W08-01,1,132.08,102.6,Damien Harris,RB,RB,True,False,False,,6.2,,Damien Harris,RB,,414.p.31919,31919,Buf,yahoo_fantasy_api
2022,8,,5,api,The Big Gronkowski,Malle ❤️ 🐸,2022-W08-01,1,132.08,102.6,Tony Pollard,RB,RB,True,False,False,,33.2,,Tony Pollard,RB,,414.p.31960,31960,Ten,yahoo_fantasy_api
2022,8,,6,api,The Big Gronkowski,Malle ❤️ 🐸,2022-W08-01,1,132.08,102.6,George Kittle,TE,TE,True,False,False,,11.4,,George Kittle,TE,,414.p.30259,30259,SF,yahoo_fantasy_api
2022,8,,7,api,The Big Gronkowski,Malle ❤️ 🐸,2022-W08-01,1,132.08,102.6,Isaiah McKenzie,WR,W/R/T,True,False,False,,7.5,,Isaiah McKenzie,WR,,414.p.30285,30285,Mia,yahoo_fantasy_api
2022,8,,8,api,The Big Gronkowski,Malle ❤️ 🐸,2022-W08-01,1,132.08,102.6,Jimmy Garoppolo,QB,BN,False,True,False,,21.7,,Jimmy Garoppolo,QB,,414.p.27590,27590,LAR,yahoo_fantasy_api
2022,8,,9,api,The Big Gronkowski,Malle ❤️ 🐸,2022-W08-01,1,132.08,102.6,Austin Ekeler,RB,BN,False,True,False,,0.0,,Austin Ekeler,RB,,414.p.30423,30423,Was,yahoo_fantasy_api
2022,8,,10,api,The Big Gronkowski,Malle ❤️ 🐸,2022-W08-01,1,132.08,102.6,JuJu Smith-Schuster,WR,BN,False,True,False,,0.0,,JuJu Smith-Schuster,WR,,414.p.30175,30175,NYG,yahoo_fantasy_api
2022,8,,11,api,The Big Gronkowski,Malle ❤️ 🐸,2022-W08-01,1,132.08,102.6,Jeff Wilson Jr.,RB,BN,False,True,False,,4.5,,Jeff Wilson Jr.,RB,,414.p.31394,31394,Mia,yahoo_fantasy_api
2022,8,,12,api,The Big Gronkowski,Malle ❤️ 🐸,2022-W08-01,1,132.08,102.6,Hayden Hurst,TE,BN,False,True,False,,6.2,,Hayden Hurst,TE,,414.p.30995,30995,LAC,yahoo_fantasy_api
2022,8,,13,api,The Big Gronkowski,Malle ❤️ 🐸,2022-W08-01,1,132.08,102.6,Trey Lance,QB,IR,False,False,True,,0.0,,Trey Lance,QB,,414.p.33391,33391,LAC,yahoo_fantasy_api
2022,8,,14,api,The Big Gronkowski,Malle ❤️ 🐸,2022-W08-01,1,132.08,102.6,Tyler Bass,K,K,True,False,False,,10.0,,Tyler Bass,K,,414.p.32858,32858,Buf,yahoo_fantasy_api
2022,8,,15,api,The Big Gronkowski,Malle ❤️ 🐸,2022-W08-01,1,132.08,102.6,Brandon McManus,K,BN,False,True,False,,3.0,,Brandon McManus,K,,414.p.27120,27120,GB,yahoo_fantasy_api
2022,8,,16,api,The Big Gronkowski,Malle ❤️ 🐸,2022-W08-01,1,132.08,102.6,Buccaneers,DEF,DEF,True,False,False,,5.0,,Buccaneers,DEF,,414.p.100027,100027,TB,yahoo_fantasy_api
2022,8,,1,api,ThreatLevelMidnight,Big Sack Jack,2022-W08-03,3,161.18,128.28,Geno Smith,QB,QB,True,False,False,,23.08,,Geno Smith,QB,,414.p.26662,26662,NYJ,yahoo_fantasy_api
2022,8,,2,api,ThreatLevelMidnight,Big Sack Jack,2022-W08-03,3,161.18,128.28,DeAndre Hopkins,WR,WR,True,False,False,,27.9,,DeAndre Hopkins,WR,,414.p.26650,26650,Bal,yahoo_fantasy_api
2022,8,,3,api,ThreatLevelMidnight,Big Sack Jack,2022-W08-03,3,161.18,128.28,Mike Evans,WR,WR,True,False,False,,15.3,,Mike Evans,WR,,414.p.27535,27535,SF,yahoo_fantasy_api
2022,8,,4,api,ThreatLevelMidnight,Big Sack Jack,2022-W08-03,3,161.18,128.28,Miles Sanders,RB,RB,True,False,False,,13.8,,Miles Sanders,RB,,414.p.31885,31885,Dal,yahoo_fantasy_api
2022,8,,5,api,ThreatLevelMidnight,Big Sack Jack,2022-W08-03,3,161.18,128.28,D'Onta Foreman,RB,RB,True,False,False,,31.8,,D'Onta Foreman,RB,,414.p.30202,30202,Cle,yahoo_fantasy_api
2022,8,,6,api,ThreatLevelMidnight,Big Sack Jack,2022-W08-03,3,161.18,128.28,Evan Engram,TE,TE,True,False,False,,13.5,,Evan Engram,TE,,414.p.30136,30136,Den,yahoo_fantasy_api
2022,8,,7,api,ThreatLevelMidnight,Big Sack Jack,2022-W08-03,3,161.18,128.28,Stefon Diggs,WR,W/R/T,True,False,False,,19.8,,Stefon Diggs,WR,,414.p.28534,28534,Was,yahoo_fantasy_api
2022,8,,8,api,ThreatLevelMidnight,Big Sack Jack,2022-W08-03,3,161.18,128.28,Gus Edwards,RB,BN,False,True,False,,6.5,,Gus Edwards,RB,,414.p.31424,31424,LAC,yahoo_fantasy_api
2022,8,,9,api,ThreatLevelMidnight,Big Sack Jack,2022-W08-03,3,161.18,128.28,Brian Robinson,RB,BN,False,True,False,,2.0,,Brian Robinson,RB,,414.p.34054,34054,Atl,yahoo_fantasy_api
2022,8,,10,api,ThreatLevelMidnight,Big Sack Jack,2022-W08-03,3,161.18,128.28,Rachaad White,RB,BN,False,True,False,,5.8,,Rachaad White,RB,,414.p.34047,34047,Was,yahoo_fantasy_api
2022,8,,11,api,ThreatLevelMidnight,Big Sack Jack,2022-W08-03,3,161.18,128.28,Samaje Perine,RB,BN,False,True,False,,3.2,,Samaje Perine,RB,,414.p.30227,30227,Cin,yahoo_fantasy_api
2022,8,,12,api,ThreatLevelMidnight,Big Sack Jack,2022-W08-03,3,161.18,128.28,Elijah Mitchell,RB,IR,False,False,True,,0.0,,Elijah Mitchell,RB,,414.p.33582,33582,KC,yahoo_fantasy_api
2022,8,,13,api,ThreatLevelMidnight,Big Sack Jack,2022-W08-03,3,161.18,128.28,Brett Maher,K,K,True,False,False,,7.0,,Brett Maher,K,,414.p.27369,27369,LAR,yahoo_fantasy_api
2022,8,,14,api,ThreatLevelMidnight,Big Sack Jack,2022-W08-03,3,161.18,128.28,Harrison Butker,K,BN,False,True,False,,0.0,,Harrison Butker,K,,414.p.30346,30346,KC,yahoo_fantasy_api
2022,8,,15,api,ThreatLevelMidnight,Big Sack Jack,2022-W08-03,3,161.18,128.28,Patriots,DEF,DEF,True,False,False,,9.0,,Patriots,DEF,,414.p.100017,100017,NE,yahoo_fantasy_api
2022,8,,1,api,Uncle Rico,Ginger FC 🏆🏆,2022-W08-06,6,122.64,142.54,Tua Tagovailoa,QB,QB,True,False,False,,35.18,,Tua Tagovailoa,QB,,414.p.32675,32675,Atl,yahoo_fantasy_api
2022,8,,2,api,Uncle Rico,Ginger FC 🏆🏆,2022-W08-06,6,122.64,142.54,Christian Kirk,WR,WR,True,False,False,,5.5,,Christian Kirk,WR,,414.p.31017,31017,SF,yahoo_fantasy_api
2022,8,,3,api,Uncle Rico,Ginger FC 🏆🏆,2022-W08-06,6,122.64,142.54,Brandon Aiyuk,WR,WR,True,False,False,,17.1,,Brandon Aiyuk,WR,,414.p.32695,32695,SF,yahoo_fantasy_api
2022,8,,4,api,Uncle Rico,Ginger FC 🏆🏆,2022-W08-06,6,122.64,142.54,Saquon Barkley,RB,RB,True,False,False,,13.7,,Saquon Barkley,RB,,414.p.30972,30972,Phi,yahoo_fantasy_api
2022,8,,5,api,Uncle Rico,Ginger FC 🏆🏆,2022-W08-06,6,122.64,142.54,Najee Harris,RB,RB,True,False,False,,8.96,,Najee Harris,RB,,414.p.33412,33412,NYG,yahoo_fantasy_api
2022,8,,6,api,Uncle Rico,Ginger FC 🏆🏆,2022-W08-06,6,122.64,142.54,Greg Dulcich,TE,TE,True,False,False,,10.7,,Greg Dulcich,TE,,414.p.34036,34036,Mia,yahoo_fantasy_api
2022,8,,7,api,Uncle Rico,Ginger FC 🏆🏆,2022-W08-06,6,122.64,142.54,Eno Benjamin,RB,W/R/T,True,False,False,,6.5,,Eno Benjamin,RB,,414.p.32892,32892,NO,yahoo_fantasy_api
2022,8,,8,api,Uncle Rico,Ginger FC 🏆🏆,2022-W08-06,6,122.64,142.54,Jakobi Meyers,WR,BN,False,True,False,,16.5,,Jakobi Meyers,WR,,414.p.32231,32231,Jax,yahoo_fantasy_api
2022,8,,9,api,Uncle Rico,Ginger FC 🏆🏆,2022-W08-06,6,122.64,142.54,Ja'Marr Chase,WR,BN,False,True,False,,0.0,,Ja'Marr Chase,WR,,414.p.33393,33393,Cin,yahoo_fantasy_api
2022,8,,10,api,Uncle Rico,Ginger FC 🏆🏆,2022-W08-06,6,122.64,142.54,Kyle Pitts Sr.,TE,BN,False,True,False,,16.5,,Kyle Pitts Sr.,TE,,414.p.33392,33392,Atl,yahoo_fantasy_api
2022,8,,11,api,Uncle Rico,Ginger FC 🏆🏆,2022-W08-06,6,122.64,142.54,Alec Pierce,WR,BN,False,True,False,,8.0,,Alec Pierce,WR,,414.p.34008,34008,Ind,yahoo_fantasy_api
2022,8,,12,api,Uncle Rico,Ginger FC 🏆🏆,2022-W08-06,6,122.64,142.54,Patrick Mahomes,QB,BN,False,True,False,,0.0,,Patrick Mahomes,QB,,414.p.30123,30123,KC,yahoo_fantasy_api
2022,8,,13,api,Uncle Rico,Ginger FC 🏆🏆,2022-W08-06,6,122.64,142.54,Isiah Pacheco,RB,BN,False,True,False,,0.0,,Isiah Pacheco,RB,,414.p.34207,34207,Det,yahoo_fantasy_api
2022,8,,14,api,Uncle Rico,Ginger FC 🏆🏆,2022-W08-06,6,122.64,142.54,Cordarrelle Patterson,RB,IR,False,False,True,,0.0,,Cordarrelle Patterson,RB,,414.p.26652,26652,Pit,yahoo_fantasy_api
2022,8,,15,api,Uncle Rico,Ginger FC 🏆🏆,2022-W08-06,6,122.64,142.54,Jason Myers,K,K,True,False,False,,11.0,,Jason Myers,K,,414.p.28378,28378,Sea,yahoo_fantasy_api
2022,8,,16,api,Uncle Rico,Ginger FC 🏆🏆,2022-W08-06,6,122.64,142.54,Eagles,DEF,DEF,True,False,False,,14.0,,Eagles,DEF,,414.p.100021,100021,Phi,yahoo_fantasy_api
2022,8,,1,api,Voldemort,Joe Mantegna,2022-W08-02,2,107.72,87.82,Josh Allen,QB,QB,True,False,False,,23.62,,Josh Allen,QB,,414.p.30977,30977,Buf,yahoo_fantasy_api
2022,8,,2,api,Voldemort,Joe Mantegna,2022-W08-02,2,107.72,87.82,Chris Godwin Jr.,WR,WR,True,False,False,,10.5,,Chris Godwin Jr.,WR,,414.p.30197,30197,TB,yahoo_fantasy_api
2022,8,,3,api,Voldemort,Joe Mantegna,2022-W08-02,2,107.72,87.82,Justin Jefferson,WR,WR,True,False,False,,12.8,,Justin Jefferson,WR,,414.p.32692,32692,Min,yahoo_fantasy_api
2022,8,,4,api,Voldemort,Joe Mantegna,2022-W08-02,2,107.72,87.82,Raheem Mostert,RB,RB,True,False,False,,7.2,,Raheem Mostert,RB,,414.p.28654,28654,LV,yahoo_fantasy_api
2022,8,,5,api,Voldemort,Joe Mantegna,2022-W08-02,2,107.72,87.82,D'Andre Swift,RB,RB,True,False,False,,11.8,,D'Andre Swift,RB,,414.p.32705,32705,Chi,yahoo_fantasy_api
2022,8,,6,api,Voldemort,Joe Mantegna,2022-W08-02,2,107.72,87.82,Zach Ertz,TE,TE,True,False,False,,11.4,,Zach Ertz,TE,,414.p.26658,26658,Phi,yahoo_fantasy_api
2022,8,,7,api,Voldemort,Joe Mantegna,2022-W08-02,2,107.72,87.82,Joe Mixon,RB,W/R/T,True,False,False,,9.4,,Joe Mixon,RB,,414.p.30161,30161,Hou,yahoo_fantasy_api
2022,8,,8,api,Voldemort,Joe Mantegna,2022-W08-02,2,107.72,87.82,David Montgomery,RB,BN,False,True,False,,7.0,,David Montgomery,RB,,414.p.31905,31905,Hou,yahoo_fantasy_api
2022,8,,9,api,Voldemort,Joe Mantegna,2022-W08-02,2,107.72,87.82,Curtis Samuel,WR,BN,False,True,False,,9.4,,Curtis Samuel,WR,,414.p.30153,30153,Buf,yahoo_fantasy_api
2022,8,,10,api,Voldemort,Joe Mantegna,2022-W08-02,2,107.72,87.82,Darnell Mooney,WR,BN,False,True,False,,9.5,,Darnell Mooney,WR,,414.p.32843,32843,NYG,yahoo_fantasy_api
2022,8,,11,api,Voldemort,Joe Mantegna,2022-W08-02,2,107.72,87.82,George Pickens,WR,BN,False,True,False,,0.0,,George Pickens,WR,,414.p.34007,34007,Dal,yahoo_fantasy_api
2022,8,,12,api,Voldemort,Joe Mantegna,2022-W08-02,2,107.72,87.82,Ronnie Rivers,RB,BN,False,True,False,,5.6,,Ronnie Rivers,RB,,414.p.34310,34310,LAR,yahoo_fantasy_api
2022,8,,13,api,Voldemort,Joe Mantegna,2022-W08-02,2,107.72,87.82,D'Ernest Johnson,RB,BN,False,True,False,,1.7,,D'Ernest Johnson,RB,,414.p.32608,32608,Ten,yahoo_fantasy_api
2022,8,,14,api,Voldemort,Joe Mantegna,2022-W08-02,2,107.72,87.82,Deebo Samuel Sr.,WR,IR,False,False,True,,0.0,,Deebo Samuel Sr.,WR,,414.p.31868,31868,SF,yahoo_fantasy_api
2022,8,,15,api,Voldemort,Joe Mantegna,2022-W08-02,2,107.72,87.82,Ryan Succop,K,K,True,False,False,,10.0,,Ryan Succop,K,,414.p.9520,9520,TB,yahoo_fantasy_api
2022,8,,16,api,Voldemort,Joe Mantegna,2022-W08-02,2,107.72,87.82,Cowboys,DEF,DEF,True,False,False,,11.0,,Cowboys,DEF,,414.p.100006,100006,Dal,yahoo_fantasy_api
2022,8,,1,api,malle_dips_pouches,Pop Lockett Drop it,2022-W08-04,4,143.58,82.84,Lamar Jackson,QB,QB,True,False,False,,25.82,,Lamar Jackson,QB,,414.p.31002,31002,Bal,yahoo_fantasy_api
2022,8,,2,api,malle_dips_pouches,Pop Lockett Drop it,2022-W08-04,4,143.58,82.84,Jaylen Waddle,WR,WR,True,False,False,,26.6,,Jaylen Waddle,WR,,414.p.33394,33394,Den,yahoo_fantasy_api
2022,8,,3,api,malle_dips_pouches,Pop Lockett Drop it,2022-W08-04,4,143.58,82.84,Amari Cooper,WR,WR,True,False,False,,20.6,,Amari Cooper,WR,,414.p.28392,28392,Buf,yahoo_fantasy_api
2022,8,,4,api,malle_dips_pouches,Pop Lockett Drop it,2022-W08-04,4,143.58,82.84,Christian McCaffrey,RB,RB,True,False,False,,38.26,,Christian McCaffrey,RB,,414.p.30121,30121,SF,yahoo_fantasy_api
2022,8,,5,api,malle_dips_pouches,Pop Lockett Drop it,2022-W08-04,4,143.58,82.84,Josh Jacobs,RB,RB,True,False,False,,6.4,,Josh Jacobs,RB,,414.p.31856,31856,GB,yahoo_fantasy_api
2022,8,,6,api,malle_dips_pouches,Pop Lockett Drop it,2022-W08-04,4,143.58,82.84,Mark Andrews,TE,TE,True,False,False,,4.8,,Mark Andrews,TE,,414.p.31056,31056,Bal,yahoo_fantasy_api
2022,8,,7,api,malle_dips_pouches,Pop Lockett Drop it,2022-W08-04,4,143.58,82.84,Michael Carter,RB,W/R/T,True,False,False,,8.1,,Michael Carter,RB,,414.p.33495,33495,Ten,yahoo_fantasy_api
2022,8,,8,api,malle_dips_pouches,Pop Lockett Drop it,2022-W08-04,4,143.58,82.84,Michael Gallup,WR,BN,False,True,False,,6.9,,Michael Gallup,WR,,414.p.31051,31051,Was,yahoo_fantasy_api
2022,8,,9,api,malle_dips_pouches,Pop Lockett Drop it,2022-W08-04,4,143.58,82.84,Tyler Boyd,WR,BN,False,True,False,,11.3,,Tyler Boyd,WR,,414.p.29288,29288,Ten,yahoo_fantasy_api
2022,8,,10,api,malle_dips_pouches,Pop Lockett Drop it,2022-W08-04,4,143.58,82.84,James Conner,RB,BN,False,True,False,,0.0,,James Conner,RB,,414.p.30218,30218,Ari,yahoo_fantasy_api
2022,8,,11,api,malle_dips_pouches,Pop Lockett Drop it,2022-W08-04,4,143.58,82.84,DeVonta Smith,WR,BN,False,True,False,,4.8,,DeVonta Smith,WR,,414.p.33398,33398,Phi,yahoo_fantasy_api
2022,8,,12,api,malle_dips_pouches,Pop Lockett Drop it,2022-W08-04,4,143.58,82.84,Pat Freiermuth,TE,BN,False,True,False,,7.7,,Pat Freiermuth,TE,,414.p.33443,33443,Pit,yahoo_fantasy_api
2022,8,,13,api,malle_dips_pouches,Pop Lockett Drop it,2022-W08-04,4,143.58,82.84,Graham Gano,K,K,True,False,False,,8.0,,Graham Gano,K,,414.p.9526,9526,NYG,yahoo_fantasy_api
2022,8,,14,api,malle_dips_pouches,Pop Lockett Drop it,2022-W08-04,4,143.58,82.84,Matt Gay,K,BN,False,True,False,,2.0,,Matt Gay,K,,414.p.31977,31977,LV,yahoo_fantasy_api
2022,8,,15,api,malle_dips_pouches,Pop Lockett Drop it,2022-W08-04,4,143.58,82.84,Ravens,DEF,DEF,True,False,False,,5.0,,Ravens,DEF,,414.p.100033,100033,Bal,yahoo_fantasy_api
2022,9,,1,api,Big Sack Jack,Joe Mantegna,2022-W09-04,4,91.84,100.3,Joe Burrow,QB,QB,True,False,False,,21.14,,Joe Burrow,QB,,414.p.32671,32671,Cin,yahoo_fantasy_api
2022,9,,2,api,Big Sack Jack,Joe Mantegna,2022-W09-04,4,91.84,100.3,Tyreek Hill,WR,WR,True,False,False,,23.8,,Tyreek Hill,WR,,414.p.29399,29399,Mia,yahoo_fantasy_api
2022,9,,3,api,Big Sack Jack,Joe Mantegna,2022-W09-04,4,91.84,100.3,DJ Moore,WR,WR,True,False,False,,3.4,,DJ Moore,WR,,414.p.30994,30994,Buf,yahoo_fantasy_api
2022,9,,4,api,Big Sack Jack,Joe Mantegna,2022-W09-04,4,91.84,100.3,AJ Dillon,RB,RB,True,False,False,,5.4,,AJ Dillon,RB,,414.p.32732,32732,Car,yahoo_fantasy_api
2022,9,,5,api,Big Sack Jack,Joe Mantegna,2022-W09-04,4,91.84,100.3,Dalvin Cook,RB,RB,True,False,False,,12.6,,Dalvin Cook,RB,,414.p.30154,30154,Dal,yahoo_fantasy_api
2022,9,,6,api,Big Sack Jack,Joe Mantegna,2022-W09-04,4,91.84,100.3,Dawson Knox,TE,TE,True,False,False,,4.0,,Dawson Knox,TE,,414.p.31928,31928,Buf,yahoo_fantasy_api
2022,9,,7,api,Big Sack Jack,Joe Mantegna,2022-W09-04,4,91.84,100.3,Amon-Ra St. Brown,WR,W/R/T,True,False,False,,7.5,,Amon-Ra St. Brown,WR,,414.p.33500,33500,Det,yahoo_fantasy_api
2022,9,,8,api,Big Sack Jack,Joe Mantegna,2022-W09-04,4,91.84,100.3,Khalil Herbert,RB,BN,False,True,False,,2.3,,Khalil Herbert,RB,,414.p.33605,33605,Atl,yahoo_fantasy_api
2022,9,,9,api,Big Sack Jack,Joe Mantegna,2022-W09-04,4,91.84,100.3,Hunter Henry,TE,BN,False,True,False,,7.0,,Hunter Henry,TE,,414.p.29269,29269,NE,yahoo_fantasy_api
2022,9,,10,api,Big Sack Jack,Joe Mantegna,2022-W09-04,4,91.84,100.3,Nyheim Miller-Hines,RB,BN,False,True,False,,0.0,,Nyheim Miller-Hines,RB,,414.p.31074,31074,LAC,yahoo_fantasy_api
2022,9,,11,api,Big Sack Jack,Joe Mantegna,2022-W09-04,4,91.84,100.3,Derek Carr,QB,BN,False,True,False,,22.36,,Derek Carr,QB,,414.p.27564,27564,NO,yahoo_fantasy_api
2022,9,,12,api,Big Sack Jack,Joe Mantegna,2022-W09-04,4,91.84,100.3,Nico Collins,WR,BN,False,True,False,,0.0,,Nico Collins,WR,,414.p.33477,33477,Hou,yahoo_fantasy_api
2022,9,,13,api,Big Sack Jack,Joe Mantegna,2022-W09-04,4,91.84,100.3,Justin Tucker,K,K,True,False,False,,10.0,,Justin Tucker,K,,414.p.26534,26534,Bal,yahoo_fantasy_api
2022,9,,14,api,Big Sack Jack,Joe Mantegna,2022-W09-04,4,91.84,100.3,Chiefs,DEF,DEF,True,False,False,,4.0,,Chiefs,DEF,,414.p.100012,100012,KC,yahoo_fantasy_api
2022,9,,15,api,Big Sack Jack,Joe Mantegna,2022-W09-04,4,91.84,100.3,49ers,DEF,BN,False,True,False,,0.0,,49ers,DEF,,414.p.100025,100025,SF,yahoo_fantasy_api
2022,9,,1,api,Ginger FC 🏆🏆,Voldemort,2022-W09-03,3,97.5,153.1,Kyler Murray,QB,QB,True,False,False,,23.0,,Kyler Murray,QB,,414.p.31833,31833,Min,yahoo_fantasy_api
2022,9,,2,api,Ginger FC 🏆🏆,Voldemort,2022-W09-03,3,97.5,153.1,Tyler Lockett,WR,WR,True,False,False,,15.2,,Tyler Lockett,WR,,414.p.28457,28457,LV,yahoo_fantasy_api
2022,9,,3,api,Ginger FC 🏆🏆,Voldemort,2022-W09-03,3,97.5,153.1,Devin Duvernay,WR,WR,True,False,False,,1.0,,Devin Duvernay,WR,,414.p.32762,32762,Ari,yahoo_fantasy_api
2022,9,,4,api,Ginger FC 🏆🏆,Voldemort,2022-W09-03,3,97.5,153.1,Leonard Fournette,RB,RB,True,False,False,,8.5,,Leonard Fournette,RB,,414.p.30117,30117,Buf,yahoo_fantasy_api
2022,9,,5,api,Ginger FC 🏆🏆,Voldemort,2022-W09-03,3,97.5,153.1,Rhamondre Stevenson,RB,RB,True,False,False,,14.5,,Rhamondre Stevenson,RB,,414.p.33508,33508,NE,yahoo_fantasy_api
2022,9,,6,api,Ginger FC 🏆🏆,Voldemort,2022-W09-03,3,97.5,153.1,Travis Kelce,TE,TE,True,False,False,,15.6,,Travis Kelce,TE,,414.p.26686,26686,KC,yahoo_fantasy_api
2022,9,,7,api,Ginger FC 🏆🏆,Voldemort,2022-W09-03,3,97.5,153.1,Alvin Kamara,RB,W/R/T,True,False,False,,7.7,,Alvin Kamara,RB,,414.p.30180,30180,NO,yahoo_fantasy_api
2022,9,,8,api,Ginger FC 🏆🏆,Voldemort,2022-W09-03,3,97.5,153.1,Mike Williams,WR,BN,False,True,False,,0.0,,Mike Williams,WR,,414.p.30120,30120,Pit,yahoo_fantasy_api
2022,9,,9,api,Ginger FC 🏆🏆,Voldemort,2022-W09-03,3,97.5,153.1,Jerry Jeudy,WR,BN,False,True,False,,0.0,,Jerry Jeudy,WR,,414.p.32685,32685,Cle,yahoo_fantasy_api
2022,9,,10,api,Ginger FC 🏆🏆,Voldemort,2022-W09-03,3,97.5,153.1,Dalton Schultz,TE,BN,False,True,False,,0.0,,Dalton Schultz,TE,,414.p.31107,31107,Hou,yahoo_fantasy_api
2022,9,,11,api,Ginger FC 🏆🏆,Voldemort,2022-W09-03,3,97.5,153.1,Kareem Hunt,RB,BN,False,True,False,,0.0,,Kareem Hunt,RB,,414.p.30199,30199,KC,yahoo_fantasy_api
2022,9,,12,api,Ginger FC 🏆🏆,Voldemort,2022-W09-03,3,97.5,153.1,Mark Ingram II,RB,BN,False,True,False,,0.0,,Mark Ingram II,RB,,414.p.24815,24815,NO,yahoo_fantasy_api
2022,9,,13,api,Ginger FC 🏆🏆,Voldemort,2022-W09-03,3,97.5,153.1,Daniel Jones,QB,BN,False,True,False,,0.0,,Daniel Jones,QB,,414.p.31838,31838,Ind,yahoo_fantasy_api
2022,9,,14,api,Ginger FC 🏆🏆,Voldemort,2022-W09-03,3,97.5,153.1,Daniel Carlson,K,K,True,False,False,,8.0,,Daniel Carlson,K,,414.p.31137,31137,NO,yahoo_fantasy_api
2022,9,,15,api,Ginger FC 🏆🏆,Voldemort,2022-W09-03,3,97.5,153.1,Rams,DEF,DEF,True,False,False,,4.0,,Rams,DEF,,414.p.100014,100014,LAR,yahoo_fantasy_api
2022,9,,1,api,Joe Mantegna,Big Sack Jack,2022-W09-04,4,100.3,91.84,Justin Herbert,QB,QB,True,False,False,,15.1,,Justin Herbert,QB,,414.p.32676,32676,LAC,yahoo_fantasy_api
2022,9,,2,api,Joe Mantegna,Big Sack Jack,2022-W09-04,4,100.3,91.84,Davante Adams,WR,WR,True,False,False,,31.6,,Davante Adams,WR,,414.p.27581,27581,LAR,yahoo_fantasy_api
2022,9,,3,api,Joe Mantegna,Big Sack Jack,2022-W09-04,4,100.3,91.84,Marquez Valdes-Scantling,WR,WR,True,False,False,,1.7,,Marquez Valdes-Scantling,WR,,414.p.31144,31144,LAC,yahoo_fantasy_api
2022,9,,4,api,Joe Mantegna,Big Sack Jack,2022-W09-04,4,100.3,91.84,Aaron Jones Sr.,RB,RB,True,False,False,,5.5,,Aaron Jones Sr.,RB,,414.p.30295,30295,Min,yahoo_fantasy_api
2022,9,,5,api,Joe Mantegna,Big Sack Jack,2022-W09-04,4,100.3,91.84,Darrell Henderson Jr.,RB,RB,True,False,False,,5.6,,Darrell Henderson Jr.,RB,,414.p.31902,31902,LAR,yahoo_fantasy_api
2022,9,,6,api,Joe Mantegna,Big Sack Jack,2022-W09-04,4,100.3,91.84,Dallas Goedert,TE,TE,True,False,False,,20.0,,Dallas Goedert,TE,,414.p.31019,31019,Phi,yahoo_fantasy_api
2022,9,,7,api,Joe Mantegna,Big Sack Jack,2022-W09-04,4,100.3,91.84,Devin Singletary,RB,W/R/T,True,False,False,,6.8,,Devin Singletary,RB,,414.p.31906,31906,NYG,yahoo_fantasy_api
2022,9,,8,api,Joe Mantegna,Big Sack Jack,2022-W09-04,4,100.3,91.84,Marcus Mariota,QB,BN,False,True,False,,7.56,,Marcus Mariota,QB,,414.p.28390,28390,Was,yahoo_fantasy_api
2022,9,,9,api,Joe Mantegna,Big Sack Jack,2022-W09-04,4,100.3,91.84,Courtland Sutton,WR,BN,False,True,False,,0.0,,Courtland Sutton,WR,,414.p.31010,31010,Den,yahoo_fantasy_api
2022,9,,10,api,Joe Mantegna,Big Sack Jack,2022-W09-04,4,100.3,91.84,Chase Claypool,WR,BN,False,True,False,,2.7,,Chase Claypool,WR,,414.p.32719,32719,Buf,yahoo_fantasy_api
2022,9,,11,api,Joe Mantegna,Big Sack Jack,2022-W09-04,4,100.3,91.84,Cade Otton,TE,BN,False,True,False,,15.3,,Cade Otton,TE,,414.p.34062,34062,TB,yahoo_fantasy_api
2022,9,,12,api,Joe Mantegna,Big Sack Jack,2022-W09-04,4,100.3,91.84,Brandin Cooks,WR,BN,False,True,False,,0.0,,Brandin Cooks,WR,,414.p.27548,27548,SF,yahoo_fantasy_api
2022,9,,13,api,Joe Mantegna,Big Sack Jack,2022-W09-04,4,100.3,91.84,Robert Woods,WR,BN,False,True,False,,0.0,,Robert Woods,WR,,414.p.26664,26664,Pit,yahoo_fantasy_api
2022,9,,14,api,Joe Mantegna,Big Sack Jack,2022-W09-04,4,100.3,91.84,Breece Hall,RB,IR,False,False,True,,0.0,,Breece Hall,RB,,414.p.33991,33991,NYJ,yahoo_fantasy_api
2022,9,,15,api,Joe Mantegna,Big Sack Jack,2022-W09-04,4,100.3,91.84,Younghoe Koo,K,K,True,False,False,,5.0,,Younghoe Koo,K,,414.p.30426,30426,NYG,yahoo_fantasy_api
2022,9,,16,api,Joe Mantegna,Big Sack Jack,2022-W09-04,4,100.3,91.84,Dolphins,DEF,DEF,True,False,False,,9.0,,Dolphins,DEF,,414.p.100015,100015,Mia,yahoo_fantasy_api
2022,9,,1,api,Malle ❤️ 🐸,ThreatLevelMidnight,2022-W09-02,2,96.52,107.4,Jalen Hurts,QB,QB,True,False,False,,24.02,,Jalen Hurts,QB,,414.p.32723,32723,Phi,yahoo_fantasy_api
2022,9,,2,api,Malle ❤️ 🐸,ThreatLevelMidnight,2022-W09-02,2,96.52,107.4,Adam Thielen,WR,WR,True,False,False,,8.2,,Adam Thielen,WR,,414.p.27277,27277,Pit,yahoo_fantasy_api
2022,9,,3,api,Malle ❤️ 🐸,ThreatLevelMidnight,2022-W09-02,2,96.52,107.4,Allen Lazard,WR,WR,True,False,False,,16.7,,Allen Lazard,WR,,414.p.31268,31268,NYJ,yahoo_fantasy_api
2022,9,,4,api,Malle ❤️ 🐸,ThreatLevelMidnight,2022-W09-02,2,96.52,107.4,James Robinson,RB,RB,True,False,False,,12.3,,James Robinson,RB,,414.p.33138,33138,NO,yahoo_fantasy_api
2022,9,,5,api,Malle ❤️ 🐸,ThreatLevelMidnight,2022-W09-02,2,96.52,107.4,Jamaal Williams,RB,RB,True,False,False,,10.1,,Jamaal Williams,RB,,414.p.30247,30247,NO,yahoo_fantasy_api
2022,9,,6,api,Malle ❤️ 🐸,ThreatLevelMidnight,2022-W09-02,2,96.52,107.4,T.J. Hockenson,TE,TE,True,False,False,,11.5,,T.J. Hockenson,TE,,414.p.31840,31840,Min,yahoo_fantasy_api
2022,9,,7,api,Malle ❤️ 🐸,ThreatLevelMidnight,2022-W09-02,2,96.52,107.4,Antonio Gibson,RB,W/R/T,True,False,False,,5.7,,Antonio Gibson,RB,,414.p.32736,32736,NE,yahoo_fantasy_api
2022,9,,8,api,Malle ❤️ 🐸,ThreatLevelMidnight,2022-W09-02,2,96.52,107.4,Diontae Johnson,WR,BN,False,True,False,,0.0,,Diontae Johnson,WR,,414.p.31898,31898,Cle,yahoo_fantasy_api
2022,9,,9,api,Malle ❤️ 🐸,ThreatLevelMidnight,2022-W09-02,2,96.52,107.4,Ezekiel Elliott,RB,BN,False,True,False,,0.0,,Ezekiel Elliott,RB,,414.p.29238,29238,Dal,yahoo_fantasy_api
2022,9,,10,api,Malle ❤️ 🐸,ThreatLevelMidnight,2022-W09-02,2,96.52,107.4,Trevor Lawrence,QB,BN,False,True,False,,18.7,,Trevor Lawrence,QB,,414.p.33389,33389,Jax,yahoo_fantasy_api
2022,9,,11,api,Malle ❤️ 🐸,ThreatLevelMidnight,2022-W09-02,2,96.52,107.4,J.K. Dobbins,RB,BN,False,True,False,,0.0,,J.K. Dobbins,RB,,414.p.32725,32725,Den,yahoo_fantasy_api
2022,9,,12,api,Malle ❤️ 🐸,ThreatLevelMidnight,2022-W09-02,2,96.52,107.4,Irv Smith Jr.,TE,BN,False,True,False,,0.0,,Irv Smith Jr.,TE,,414.p.31882,31882,Hou,yahoo_fantasy_api
2022,9,,13,api,Malle ❤️ 🐸,ThreatLevelMidnight,2022-W09-02,2,96.52,107.4,J.D. McKissic,RB,BN,False,True,False,,0.0,,J.D. McKissic,RB,,414.p.29650,29650,Was,yahoo_fantasy_api
2022,9,,14,api,Malle ❤️ 🐸,ThreatLevelMidnight,2022-W09-02,2,96.52,107.4,Evan McPherson,K,K,True,False,False,,6.0,,Evan McPherson,K,,414.p.33537,33537,Cin,yahoo_fantasy_api
2022,9,,15,api,Malle ❤️ 🐸,ThreatLevelMidnight,2022-W09-02,2,96.52,107.4,Raiders,DEF,DEF,True,False,False,,2.0,,Raiders,DEF,,414.p.100013,100013,LV,yahoo_fantasy_api
2022,9,,1,api,Patty Primetimes,Pop Lockett Drop it,2022-W09-05,5,113.54,90.92,Aaron Rodgers,QB,QB,True,False,False,,18.64,,Aaron Rodgers,QB,,414.p.7200,7200,Pit,yahoo_fantasy_api
2022,9,,2,api,Patty Primetimes,Pop Lockett Drop it,2022-W09-05,5,113.54,90.92,Terry McLaurin,WR,WR,True,False,False,,8.1,,Terry McLaurin,WR,,414.p.31908,31908,Was,yahoo_fantasy_api
2022,9,,3,api,Patty Primetimes,Pop Lockett Drop it,2022-W09-05,5,113.54,90.92,Chris Olave,WR,WR,True,False,False,,10.1,,Chris Olave,WR,,414.p.33966,33966,NO,yahoo_fantasy_api
2022,9,,4,api,Patty Primetimes,Pop Lockett Drop it,2022-W09-05,5,113.54,90.92,Travis Etienne Jr.,RB,RB,True,False,False,,25.6,,Travis Etienne Jr.,RB,,414.p.33413,33413,NO,yahoo_fantasy_api
2022,9,,5,api,Patty Primetimes,Pop Lockett Drop it,2022-W09-05,5,113.54,90.92,Derrick Henry,RB,RB,True,False,False,,23.5,,Derrick Henry,RB,,414.p.29279,29279,Bal,yahoo_fantasy_api
2022,9,,6,api,Patty Primetimes,Pop Lockett Drop it,2022-W09-05,5,113.54,90.92,Robert Tonyan,TE,TE,True,False,False,,4.4,,Robert Tonyan,TE,,414.p.30777,30777,Pit,yahoo_fantasy_api
2022,9,,7,api,Patty Primetimes,Pop Lockett Drop it,2022-W09-05,5,113.54,90.92,DK Metcalf,WR,W/R/T,True,False,False,,12.2,,DK Metcalf,WR,,414.p.31896,31896,Pit,yahoo_fantasy_api
2022,9,,8,api,Patty Primetimes,Pop Lockett Drop it,2022-W09-05,5,113.54,90.92,Darren Waller,TE,BN,False,True,False,,0.0,,Darren Waller,TE,,414.p.28592,28592,Car,yahoo_fantasy_api
2022,9,,9,api,Patty Primetimes,Pop Lockett Drop it,2022-W09-05,5,113.54,90.92,Tyler Allgeier,RB,BN,False,True,False,,12.8,,Tyler Allgeier,RB,,414.p.34107,34107,Ari,yahoo_fantasy_api
2022,9,,10,api,Patty Primetimes,Pop Lockett Drop it,2022-W09-05,5,113.54,90.92,Latavius Murray,RB,BN,False,True,False,,0.0,,Latavius Murray,RB,,414.p.26804,26804,Buf,yahoo_fantasy_api
2022,9,,11,api,Patty Primetimes,Pop Lockett Drop it,2022-W09-05,5,113.54,90.92,Kadarius Toney,WR,BN,False,True,False,,2.2,,Kadarius Toney,WR,,414.p.33408,33408,Cle,yahoo_fantasy_api
2022,9,,12,api,Patty Primetimes,Pop Lockett Drop it,2022-W09-05,5,113.54,90.92,Jared Goff,QB,BN,False,True,False,,16.38,,Jared Goff,QB,,414.p.29235,29235,Det,yahoo_fantasy_api
2022,9,,13,api,Patty Primetimes,Pop Lockett Drop it,2022-W09-05,5,113.54,90.92,Mecole Hardman Jr.,WR,BN,False,True,False,,16.9,,Mecole Hardman Jr.,WR,,414.p.31888,31888,Buf,yahoo_fantasy_api
2022,9,,14,api,Patty Primetimes,Pop Lockett Drop it,2022-W09-05,5,113.54,90.92,Michael Thomas,WR,IR,False,False,True,,0.0,,Michael Thomas,WR,,414.p.29281,29281,NO,yahoo_fantasy_api
2022,9,,15,api,Patty Primetimes,Pop Lockett Drop it,2022-W09-05,5,113.54,90.92,Chase McLaughlin,K,K,True,False,False,,4.0,,Chase McLaughlin,K,,414.p.32417,32417,TB,yahoo_fantasy_api
2022,9,,16,api,Patty Primetimes,Pop Lockett Drop it,2022-W09-05,5,113.54,90.92,Colts,DEF,DEF,True,False,False,,7.0,,Colts,DEF,,414.p.100011,100011,Ind,yahoo_fantasy_api
2022,9,,1,api,Pop Lockett Drop it,Patty Primetimes,2022-W09-05,5,90.92,113.54,Justin Fields,QB,QB,True,False,False,,48.72,,Justin Fields,QB,,414.p.33399,33399,KC,yahoo_fantasy_api
2022,9,,2,api,Pop Lockett Drop it,Patty Primetimes,2022-W09-05,5,90.92,113.54,Gabe Davis,WR,WR,True,False,False,,4.3,,Gabe Davis,WR,,414.p.32798,32798,Buf,yahoo_fantasy_api
2022,9,,3,api,Pop Lockett Drop it,Patty Primetimes,2022-W09-05,5,90.92,113.54,Rondale Moore,WR,WR,True,False,False,,10.9,,Rondale Moore,WR,,414.p.33437,33437,Min,yahoo_fantasy_api
2022,9,,4,api,Pop Lockett Drop it,Patty Primetimes,2022-W09-05,5,90.92,113.54,Caleb Huntley,RB,RB,True,False,False,,3.4,,Caleb Huntley,RB,,414.p.33732,33732,Atl,yahoo_fantasy_api
2022,9,,5,api,Pop Lockett Drop it,Patty Primetimes,2022-W09-05,5,90.92,113.54,Brian Robinson,RB,RB,True,False,False,,4.8,,Brian Robinson,RB,,414.p.34054,34054,Atl,yahoo_fantasy_api
2022,9,,6,api,Pop Lockett Drop it,Patty Primetimes,2022-W09-05,5,90.92,113.54,Gerald Everett,TE,TE,True,False,False,,6.1,,Gerald Everett,TE,,414.p.30157,30157,Chi,yahoo_fantasy_api
2022,9,,7,api,Pop Lockett Drop it,Patty Primetimes,2022-W09-05,5,90.92,113.54,Michael Pittman Jr.,WR,W/R/T,True,False,False,,3.7,,Michael Pittman Jr.,WR,,414.p.32704,32704,Pit,yahoo_fantasy_api
2022,9,,8,api,Pop Lockett Drop it,Patty Primetimes,2022-W09-05,5,90.92,113.54,Nick Chubb,RB,BN,False,True,False,,0.0,,Nick Chubb,RB,,414.p.31005,31005,Hou,yahoo_fantasy_api
2022,9,,9,api,Pop Lockett Drop it,Patty Primetimes,2022-W09-05,5,90.92,113.54,Melvin Gordon III,RB,BN,False,True,False,,0.0,,Melvin Gordon III,RB,,414.p.28403,28403,Bal,yahoo_fantasy_api
2022,9,,10,api,Pop Lockett Drop it,Patty Primetimes,2022-W09-05,5,90.92,113.54,Keenan Allen,WR,BN,False,True,False,,0.0,,Keenan Allen,WR,,414.p.26699,26699,Ind,yahoo_fantasy_api
2022,9,,11,api,Pop Lockett Drop it,Patty Primetimes,2022-W09-05,5,90.92,113.54,Hollywood Brown,WR,BN,False,True,False,,0.0,,Hollywood Brown,WR,,414.p.31857,31857,Phi,yahoo_fantasy_api
2022,9,,12,api,Pop Lockett Drop it,Patty Primetimes,2022-W09-05,5,90.92,113.54,Romeo Doubs,WR,BN,False,True,False,,2.3,,Romeo Doubs,WR,,414.p.34088,34088,NE,yahoo_fantasy_api
2022,9,,13,api,Pop Lockett Drop it,Patty Primetimes,2022-W09-05,5,90.92,113.54,Matt Prater,K,K,True,False,False,,3.0,,Matt Prater,K,,414.p.8565,8565,Buf,yahoo_fantasy_api
2022,9,,14,api,Pop Lockett Drop it,Patty Primetimes,2022-W09-05,5,90.92,113.54,Vikings,DEF,DEF,True,False,False,,6.0,,Vikings,DEF,,414.p.100016,100016,Min,yahoo_fantasy_api
2022,9,,1,api,Post Mahomes,Uncle Rico,2022-W09-06,6,108.0,102.74,Tua Tagovailoa,QB,QB,True,False,False,,30.08,,Tua Tagovailoa,QB,,414.p.32675,32675,Atl,yahoo_fantasy_api
2022,9,,2,api,Post Mahomes,Uncle Rico,2022-W09-06,6,108.0,102.74,A.J. Brown,WR,WR,True,False,False,,13.9,,A.J. Brown,WR,,414.p.31883,31883,NE,yahoo_fantasy_api
2022,9,,3,api,Post Mahomes,Uncle Rico,2022-W09-06,6,108.0,102.74,Joshua Palmer,WR,WR,True,False,False,,14.6,,Joshua Palmer,WR,,414.p.33465,33465,Buf,yahoo_fantasy_api
2022,9,,4,api,Post Mahomes,Uncle Rico,2022-W09-06,6,108.0,102.74,Dameon Pierce,RB,RB,True,False,False,,13.9,,Dameon Pierce,RB,,414.p.34063,34063,Phi,yahoo_fantasy_api
2022,9,,5,api,Post Mahomes,Uncle Rico,2022-W09-06,6,108.0,102.74,Kenneth Walker III,RB,RB,True,False,False,,26.4,,Kenneth Walker III,RB,,414.p.33996,33996,KC,yahoo_fantasy_api
2022,9,,6,api,Post Mahomes,Uncle Rico,2022-W09-06,6,108.0,102.74,Tyler Higbee,TE,TE,True,False,False,,0.0,,Tyler Higbee,TE,,414.p.29344,29344,LAR,yahoo_fantasy_api
2022,9,,7,api,Post Mahomes,Uncle Rico,2022-W09-06,6,108.0,102.74,Taysom Hill,"QB,TE",W/R/T,True,False,False,,1.12,,Taysom Hill,"QB,TE",,414.p.30614,30614,NO,yahoo_fantasy_api
2022,9,,8,api,Post Mahomes,Uncle Rico,2022-W09-06,6,108.0,102.74,Drake London,WR,BN,False,True,False,,1.8,,Drake London,WR,,414.p.33963,33963,Atl,yahoo_fantasy_api
2022,9,,9,api,Post Mahomes,Uncle Rico,2022-W09-06,6,108.0,102.74,Jonathan Taylor,RB,BN,False,True,False,,0.0,,Jonathan Taylor,RB,,414.p.32711,32711,Ind,yahoo_fantasy_api
2022,9,,10,api,Post Mahomes,Uncle Rico,2022-W09-06,6,108.0,102.74,Tom Brady,QB,BN,False,True,False,,17.2,,Tom Brady,QB,,414.p.5228,5228,TB,yahoo_fantasy_api
2022,9,,11,api,Post Mahomes,Uncle Rico,2022-W09-06,6,108.0,102.74,CeeDee Lamb,WR,BN,False,True,False,,0.0,,CeeDee Lamb,WR,,414.p.32687,32687,Dal,yahoo_fantasy_api
2022,9,,12,api,Post Mahomes,Uncle Rico,2022-W09-06,6,108.0,102.74,Chuba Hubbard,RB,BN,False,True,False,,0.0,,Chuba Hubbard,RB,,414.p.33514,33514,Car,yahoo_fantasy_api
2022,9,,13,api,Post Mahomes,Uncle Rico,2022-W09-06,6,108.0,102.74,Kyren Williams,RB,BN,False,True,False,,0.0,,Kyren Williams,RB,,414.p.34120,34120,LAR,yahoo_fantasy_api
2022,9,,14,api,Post Mahomes,Uncle Rico,2022-W09-06,6,108.0,102.74,Jameson Williams,WR,IR,False,False,True,,0.0,,Jameson Williams,WR,,414.p.33967,33967,Det,yahoo_fantasy_api
2022,9,,15,api,Post Mahomes,Uncle Rico,2022-W09-06,6,108.0,102.74,Jake Elliott,K,K,True,False,False,,3.0,,Jake Elliott,K,,414.p.30266,30266,Phi,yahoo_fantasy_api
2022,9,,16,api,Post Mahomes,Uncle Rico,2022-W09-06,6,108.0,102.74,Bills,DEF,DEF,True,False,False,,5.0,,Bills,DEF,,414.p.100002,100002,Buf,yahoo_fantasy_api
2022,9,,1,api,The Big Gronkowski,malle_dips_pouches,2022-W09-01,1,123.8,82.72,Kirk Cousins,QB,QB,True,False,False,,21.4,,Kirk Cousins,QB,,414.p.25812,25812,LV,yahoo_fantasy_api
2022,9,,2,api,The Big Gronkowski,malle_dips_pouches,2022-W09-01,1,123.8,82.72,Tee Higgins,WR,WR,True,False,False,,9.5,,Tee Higgins,WR,,414.p.32703,32703,Cin,yahoo_fantasy_api
2022,9,,3,api,The Big Gronkowski,malle_dips_pouches,2022-W09-01,1,123.8,82.72,Cooper Kupp,WR,WR,True,False,False,,22.8,,Cooper Kupp,WR,,414.p.30182,30182,Sea,yahoo_fantasy_api
2022,9,,4,api,The Big Gronkowski,malle_dips_pouches,2022-W09-01,1,123.8,82.72,Austin Ekeler,RB,RB,True,False,False,,20.6,,Austin Ekeler,RB,,414.p.30423,30423,Was,yahoo_fantasy_api
2022,9,,5,api,The Big Gronkowski,malle_dips_pouches,2022-W09-01,1,123.8,82.72,Jeff Wilson Jr.,RB,RB,True,False,False,,14.7,,Jeff Wilson Jr.,RB,,414.p.31394,31394,Mia,yahoo_fantasy_api
2022,9,,6,api,The Big Gronkowski,malle_dips_pouches,2022-W09-01,1,123.8,82.72,Hayden Hurst,TE,TE,True,False,False,,6.0,,Hayden Hurst,TE,,414.p.30995,30995,LAC,yahoo_fantasy_api
2022,9,,7,api,The Big Gronkowski,malle_dips_pouches,2022-W09-01,1,123.8,82.72,JuJu Smith-Schuster,WR,W/R/T,True,False,False,,13.8,,JuJu Smith-Schuster,WR,,414.p.30175,30175,NYG,yahoo_fantasy_api
2022,9,,8,api,The Big Gronkowski,malle_dips_pouches,2022-W09-01,1,123.8,82.72,Damien Harris,RB,BN,False,True,False,,0.0,,Damien Harris,RB,,414.p.31919,31919,Buf,yahoo_fantasy_api
2022,9,,9,api,The Big Gronkowski,malle_dips_pouches,2022-W09-01,1,123.8,82.72,Isaiah McKenzie,WR,BN,False,True,False,,3.1,,Isaiah McKenzie,WR,,414.p.30285,30285,Mia,yahoo_fantasy_api
2022,9,,10,api,The Big Gronkowski,malle_dips_pouches,2022-W09-01,1,123.8,82.72,Tony Pollard,RB,BN,False,True,False,,0.0,,Tony Pollard,RB,,414.p.31960,31960,Ten,yahoo_fantasy_api
2022,9,,11,api,The Big Gronkowski,malle_dips_pouches,2022-W09-01,1,123.8,82.72,George Kittle,TE,BN,False,True,False,,0.0,,George Kittle,TE,,414.p.30259,30259,SF,yahoo_fantasy_api
2022,9,,12,api,The Big Gronkowski,malle_dips_pouches,2022-W09-01,1,123.8,82.72,Jimmy Garoppolo,QB,BN,False,True,False,,0.0,,Jimmy Garoppolo,QB,,414.p.27590,27590,LAR,yahoo_fantasy_api
2022,9,,13,api,The Big Gronkowski,malle_dips_pouches,2022-W09-01,1,123.8,82.72,Trey Lance,QB,IR,False,False,True,,0.0,,Trey Lance,QB,,414.p.33391,33391,LAC,yahoo_fantasy_api
2022,9,,14,api,The Big Gronkowski,malle_dips_pouches,2022-W09-01,1,123.8,82.72,Tyler Bass,K,K,True,False,False,,7.0,,Tyler Bass,K,,414.p.32858,32858,Buf,yahoo_fantasy_api
2022,9,,15,api,The Big Gronkowski,malle_dips_pouches,2022-W09-01,1,123.8,82.72,Brandon McManus,K,BN,False,True,False,,0.0,,Brandon McManus,K,,414.p.27120,27120,GB,yahoo_fantasy_api
2022,9,,16,api,The Big Gronkowski,malle_dips_pouches,2022-W09-01,1,123.8,82.72,Buccaneers,DEF,DEF,True,False,False,,8.0,,Buccaneers,DEF,,414.p.100027,100027,TB,yahoo_fantasy_api
2022,9,,1,api,ThreatLevelMidnight,Malle ❤️ 🐸,2022-W09-02,2,107.4,96.52,Geno Smith,QB,QB,True,False,False,,25.8,,Geno Smith,QB,,414.p.26662,26662,NYJ,yahoo_fantasy_api
2022,9,,2,api,ThreatLevelMidnight,Malle ❤️ 🐸,2022-W09-02,2,107.4,96.52,DeAndre Hopkins,WR,WR,True,False,False,,11.6,,DeAndre Hopkins,WR,,414.p.26650,26650,Bal,yahoo_fantasy_api
2022,9,,3,api,ThreatLevelMidnight,Malle ❤️ 🐸,2022-W09-02,2,107.4,96.52,Stefon Diggs,WR,WR,True,False,False,,11.8,,Stefon Diggs,WR,,414.p.28534,28534,Was,yahoo_fantasy_api
2022,9,,4,api,ThreatLevelMidnight,Malle ❤️ 🐸,2022-W09-02,2,107.4,96.52,Miles Sanders,RB,RB,True,False,False,,15.3,,Miles Sanders,RB,,414.p.31885,31885,Dal,yahoo_fantasy_api
2022,9,,5,api,ThreatLevelMidnight,Malle ❤️ 🐸,2022-W09-02,2,107.4,96.52,D'Onta Foreman,RB,RB,True,False,False,,3.1,,D'Onta Foreman,RB,,414.p.30202,30202,Cle,yahoo_fantasy_api
2022,9,,6,api,ThreatLevelMidnight,Malle ❤️ 🐸,2022-W09-02,2,107.4,96.52,Evan Engram,TE,TE,True,False,False,,1.3,,Evan Engram,TE,,414.p.30136,30136,Den,yahoo_fantasy_api
2022,9,,7,api,ThreatLevelMidnight,Malle ❤️ 🐸,2022-W09-02,2,107.4,96.52,Mike Evans,WR,W/R/T,True,False,False,,6.5,,Mike Evans,WR,,414.p.27535,27535,SF,yahoo_fantasy_api
2022,9,,8,api,ThreatLevelMidnight,Malle ❤️ 🐸,2022-W09-02,2,107.4,96.52,Gus Edwards,RB,BN,False,True,False,,0.0,,Gus Edwards,RB,,414.p.31424,31424,LAC,yahoo_fantasy_api
2022,9,,9,api,ThreatLevelMidnight,Malle ❤️ 🐸,2022-W09-02,2,107.4,96.52,Rachaad White,RB,BN,False,True,False,,4.9,,Rachaad White,RB,,414.p.34047,34047,Was,yahoo_fantasy_api
2022,9,,10,api,ThreatLevelMidnight,Malle ❤️ 🐸,2022-W09-02,2,107.4,96.52,Kenyan Drake,RB,BN,False,True,False,,23.9,,Kenyan Drake,RB,,414.p.29307,29307,Bal,yahoo_fantasy_api
2022,9,,11,api,ThreatLevelMidnight,Malle ❤️ 🐸,2022-W09-02,2,107.4,96.52,Deon Jackson,RB,BN,False,True,False,,4.6,,Deon Jackson,RB,,414.p.33798,33798,Det,yahoo_fantasy_api
2022,9,,12,api,ThreatLevelMidnight,Malle ❤️ 🐸,2022-W09-02,2,107.4,96.52,Dak Prescott,QB,BN,False,True,False,,0.0,,Dak Prescott,QB,,414.p.29369,29369,Dal,yahoo_fantasy_api
2022,9,,13,api,ThreatLevelMidnight,Malle ❤️ 🐸,2022-W09-02,2,107.4,96.52,Elijah Mitchell,RB,IR,False,False,True,,0.0,,Elijah Mitchell,RB,,414.p.33582,33582,KC,yahoo_fantasy_api
2022,9,,14,api,ThreatLevelMidnight,Malle ❤️ 🐸,2022-W09-02,2,107.4,96.52,Harrison Butker,K,K,True,False,False,,6.0,,Harrison Butker,K,,414.p.30346,30346,KC,yahoo_fantasy_api
2022,9,,15,api,ThreatLevelMidnight,Malle ❤️ 🐸,2022-W09-02,2,107.4,96.52,Patriots,DEF,DEF,True,False,False,,26.0,,Patriots,DEF,,414.p.100017,100017,NE,yahoo_fantasy_api
2022,9,,1,api,Uncle Rico,Post Mahomes,2022-W09-06,6,102.74,108.0,Patrick Mahomes,QB,QB,True,False,False,,37.14,,Patrick Mahomes,QB,,414.p.30123,30123,KC,yahoo_fantasy_api
2022,9,,2,api,Uncle Rico,Post Mahomes,2022-W09-06,6,102.74,108.0,Christian Kirk,WR,WR,True,False,False,,17.6,,Christian Kirk,WR,,414.p.31017,31017,SF,yahoo_fantasy_api
2022,9,,3,api,Uncle Rico,Post Mahomes,2022-W09-06,6,102.74,108.0,Jakobi Meyers,WR,WR,True,False,False,,4.9,,Jakobi Meyers,WR,,414.p.32231,32231,Jax,yahoo_fantasy_api
2022,9,,4,api,Uncle Rico,Post Mahomes,2022-W09-06,6,102.74,108.0,Eno Benjamin,RB,RB,True,False,False,,3.2,,Eno Benjamin,RB,,414.p.32892,32892,NO,yahoo_fantasy_api
2022,9,,5,api,Uncle Rico,Post Mahomes,2022-W09-06,6,102.74,108.0,Clyde Edwards-Helaire,RB,RB,True,False,False,,2.4,,Clyde Edwards-Helaire,RB,,414.p.32702,32702,KC,yahoo_fantasy_api
2022,9,,6,api,Uncle Rico,Post Mahomes,2022-W09-06,6,102.74,108.0,Kyle Pitts Sr.,TE,TE,True,False,False,,3.7,,Kyle Pitts Sr.,TE,,414.p.33392,33392,Atl,yahoo_fantasy_api
2022,9,,7,api,Uncle Rico,Post Mahomes,2022-W09-06,6,102.74,108.0,Cordarrelle Patterson,RB,W/R/T,True,False,False,,17.8,,Cordarrelle Patterson,RB,,414.p.26652,26652,Pit,yahoo_fantasy_api
2022,9,,8,api,Uncle Rico,Post Mahomes,2022-W09-06,6,102.74,108.0,Alec Pierce,WR,BN,False,True,False,,2.8,,Alec Pierce,WR,,414.p.34008,34008,Ind,yahoo_fantasy_api
2022,9,,9,api,Uncle Rico,Post Mahomes,2022-W09-06,6,102.74,108.0,Isiah Pacheco,RB,BN,False,True,False,,1.4,,Isiah Pacheco,RB,,414.p.34207,34207,Det,yahoo_fantasy_api
2022,9,,10,api,Uncle Rico,Post Mahomes,2022-W09-06,6,102.74,108.0,Saquon Barkley,RB,BN,False,True,False,,0.0,,Saquon Barkley,RB,,414.p.30972,30972,Phi,yahoo_fantasy_api
2022,9,,11,api,Uncle Rico,Post Mahomes,2022-W09-06,6,102.74,108.0,Brandon Aiyuk,WR,BN,False,True,False,,0.0,,Brandon Aiyuk,WR,,414.p.32695,32695,SF,yahoo_fantasy_api
2022,9,,12,api,Uncle Rico,Post Mahomes,2022-W09-06,6,102.74,108.0,Najee Harris,RB,BN,False,True,False,,0.0,,Najee Harris,RB,,414.p.33412,33412,NYG,yahoo_fantasy_api
2022,9,,13,api,Uncle Rico,Post Mahomes,2022-W09-06,6,102.74,108.0,Greg Dulcich,TE,BN,False,True,False,,0.0,,Greg Dulcich,TE,,414.p.34036,34036,Mia,yahoo_fantasy_api
2022,9,,14,api,Uncle Rico,Post Mahomes,2022-W09-06,6,102.74,108.0,Ja'Marr Chase,WR,IR,False,False,True,,0.0,,Ja'Marr Chase,WR,,414.p.33393,33393,Cin,yahoo_fantasy_api
2022,9,,15,api,Uncle Rico,Post Mahomes,2022-W09-06,6,102.74,108.0,Jason Myers,K,K,True,False,False,,8.0,,Jason Myers,K,,414.p.28378,28378,Sea,yahoo_fantasy_api
2022,9,,16,api,Uncle Rico,Post Mahomes,2022-W09-06,6,102.74,108.0,Eagles,DEF,DEF,True,False,False,,8.0,,Eagles,DEF,,414.p.100021,100021,Phi,yahoo_fantasy_api
2022,9,,1,api,Voldemort,Ginger FC 🏆🏆,2022-W09-03,3,153.1,97.5,Josh Allen,QB,QB,True,False,False,,26.8,,Josh Allen,QB,,414.p.30977,30977,Buf,yahoo_fantasy_api
2022,9,,2,api,Voldemort,Ginger FC 🏆🏆,2022-W09-03,3,153.1,97.5,Chris Godwin Jr.,WR,WR,True,False,False,,7.2,,Chris Godwin Jr.,WR,,414.p.30197,30197,TB,yahoo_fantasy_api
2022,9,,3,api,Voldemort,Ginger FC 🏆🏆,2022-W09-03,3,153.1,97.5,Justin Jefferson,WR,WR,True,False,False,,22.0,,Justin Jefferson,WR,,414.p.32692,32692,Min,yahoo_fantasy_api
2022,9,,4,api,Voldemort,Ginger FC 🏆🏆,2022-W09-03,3,153.1,97.5,Raheem Mostert,RB,RB,True,False,False,,8.6,,Raheem Mostert,RB,,414.p.28654,28654,LV,yahoo_fantasy_api
2022,9,,5,api,Voldemort,Ginger FC 🏆🏆,2022-W09-03,3,153.1,97.5,David Montgomery,RB,RB,True,False,False,,4.9,,David Montgomery,RB,,414.p.31905,31905,Hou,yahoo_fantasy_api
2022,9,,6,api,Voldemort,Ginger FC 🏆🏆,2022-W09-03,3,153.1,97.5,Zach Ertz,TE,TE,True,False,False,,12.5,,Zach Ertz,TE,,414.p.26658,26658,Phi,yahoo_fantasy_api
2022,9,,7,api,Voldemort,Ginger FC 🏆🏆,2022-W09-03,3,153.1,97.5,Joe Mixon,RB,W/R/T,True,False,False,,53.1,,Joe Mixon,RB,,414.p.30161,30161,Hou,yahoo_fantasy_api
2022,9,,8,api,Voldemort,Ginger FC 🏆🏆,2022-W09-03,3,153.1,97.5,D'Andre Swift,RB,BN,False,True,False,,6.5,,D'Andre Swift,RB,,414.p.32705,32705,Chi,yahoo_fantasy_api
2022,9,,9,api,Voldemort,Ginger FC 🏆🏆,2022-W09-03,3,153.1,97.5,Curtis Samuel,WR,BN,False,True,False,,15.6,,Curtis Samuel,WR,,414.p.30153,30153,Buf,yahoo_fantasy_api
2022,9,,10,api,Voldemort,Ginger FC 🏆🏆,2022-W09-03,3,153.1,97.5,Darnell Mooney,WR,BN,False,True,False,,14.0,,Darnell Mooney,WR,,414.p.32843,32843,NYG,yahoo_fantasy_api
2022,9,,11,api,Voldemort,Ginger FC 🏆🏆,2022-W09-03,3,153.1,97.5,George Pickens,WR,BN,False,True,False,,0.0,,George Pickens,WR,,414.p.34007,34007,Dal,yahoo_fantasy_api
2022,9,,12,api,Voldemort,Ginger FC 🏆🏆,2022-W09-03,3,153.1,97.5,Andy Dalton,QB,BN,False,True,False,,13.9,,Andy Dalton,QB,,414.p.24822,24822,Phi,yahoo_fantasy_api
2022,9,,13,api,Voldemort,Ginger FC 🏆🏆,2022-W09-03,3,153.1,97.5,Deebo Samuel Sr.,WR,IR,False,False,True,,0.0,,Deebo Samuel Sr.,WR,,414.p.31868,31868,SF,yahoo_fantasy_api
2022,9,,14,api,Voldemort,Ginger FC 🏆🏆,2022-W09-03,3,153.1,97.5,Ryan Succop,K,K,True,False,False,,12.0,,Ryan Succop,K,,414.p.9520,9520,TB,yahoo_fantasy_api
2022,9,,15,api,Voldemort,Ginger FC 🏆🏆,2022-W09-03,3,153.1,97.5,Bengals,DEF,DEF,True,False,False,,6.0,,Bengals,DEF,,414.p.100004,100004,Cin,yahoo_fantasy_api
2022,9,,16,api,Voldemort,Ginger FC 🏆🏆,2022-W09-03,3,153.1,97.5,Cowboys,DEF,BN,False,True,False,,0.0,,Cowboys,DEF,,414.p.100006,100006,Dal,yahoo_fantasy_api
2022,9,,1,api,malle_dips_pouches,The Big Gronkowski,2022-W09-01,1,82.72,123.8,Lamar Jackson,QB,QB,True,False,False,,19.52,,Lamar Jackson,QB,,414.p.31002,31002,Bal,yahoo_fantasy_api
2022,9,,2,api,malle_dips_pouches,The Big Gronkowski,2022-W09-01,1,82.72,123.8,Jaylen Waddle,WR,WR,True,False,False,,17.0,,Jaylen Waddle,WR,,414.p.33394,33394,Den,yahoo_fantasy_api
2022,9,,3,api,malle_dips_pouches,The Big Gronkowski,2022-W09-01,1,82.72,123.8,DeVonta Smith,WR,WR,True,False,False,,3.2,,DeVonta Smith,WR,,414.p.33398,33398,Phi,yahoo_fantasy_api
2022,9,,4,api,malle_dips_pouches,The Big Gronkowski,2022-W09-01,1,82.72,123.8,Josh Jacobs,RB,RB,True,False,False,,10.2,,Josh Jacobs,RB,,414.p.31856,31856,GB,yahoo_fantasy_api
2022,9,,5,api,malle_dips_pouches,The Big Gronkowski,2022-W09-01,1,82.72,123.8,James Conner,RB,RB,True,False,False,,8.9,,James Conner,RB,,414.p.30218,30218,Ari,yahoo_fantasy_api
2022,9,,6,api,malle_dips_pouches,The Big Gronkowski,2022-W09-01,1,82.72,123.8,Logan Thomas,TE,TE,True,False,False,,0.0,,Logan Thomas,TE,,414.p.27648,27648,SF,yahoo_fantasy_api
2022,9,,7,api,malle_dips_pouches,The Big Gronkowski,2022-W09-01,1,82.72,123.8,Tyler Boyd,WR,W/R/T,True,False,False,,6.9,,Tyler Boyd,WR,,414.p.29288,29288,Ten,yahoo_fantasy_api
2022,9,,8,api,malle_dips_pouches,The Big Gronkowski,2022-W09-01,1,82.72,123.8,Mark Andrews,TE,BN,False,True,False,,0.0,,Mark Andrews,TE,,414.p.31056,31056,Bal,yahoo_fantasy_api
2022,9,,9,api,malle_dips_pouches,The Big Gronkowski,2022-W09-01,1,82.72,123.8,Christian McCaffrey,RB,BN,False,True,False,,0.0,,Christian McCaffrey,RB,,414.p.30121,30121,SF,yahoo_fantasy_api
2022,9,,10,api,malle_dips_pouches,The Big Gronkowski,2022-W09-01,1,82.72,123.8,Michael Carter,RB,BN,False,True,False,,15.1,,Michael Carter,RB,,414.p.33495,33495,Ten,yahoo_fantasy_api
2022,9,,11,api,malle_dips_pouches,The Big Gronkowski,2022-W09-01,1,82.72,123.8,Amari Cooper,WR,BN,False,True,False,,0.0,,Amari Cooper,WR,,414.p.28392,28392,Buf,yahoo_fantasy_api
2022,9,,12,api,malle_dips_pouches,The Big Gronkowski,2022-W09-01,1,82.72,123.8,Michael Gallup,WR,BN,False,True,False,,0.0,,Michael Gallup,WR,,414.p.31051,31051,Was,yahoo_fantasy_api
2022,9,,13,api,malle_dips_pouches,The Big Gronkowski,2022-W09-01,1,82.72,123.8,Pat Freiermuth,TE,BN,False,True,False,,0.0,,Pat Freiermuth,TE,,414.p.33443,33443,Pit,yahoo_fantasy_api
2022,9,,14,api,malle_dips_pouches,The Big Gronkowski,2022-W09-01,1,82.72,123.8,Matt Gay,K,K,True,False,False,,7.0,,Matt Gay,K,,414.p.31977,31977,LV,yahoo_fantasy_api
2022,9,,15,api,malle_dips_pouches,The Big Gronkowski,2022-W09-01,1,82.72,123.8,Ravens,DEF,DEF,True,False,False,,10.0,,Ravens,DEF,,414.p.100033,100033,Bal,yahoo_fantasy_api
2022,10,,1,api,Big Sack Jack,Ginger FC 🏆🏆,2022-W10-06,6,102.12,74.78,Derek Carr,QB,QB,True,False,False,,21.92,,Derek Carr,QB,,414.p.27564,27564,NO,yahoo_fantasy_api
2022,10,,2,api,Big Sack Jack,Ginger FC 🏆🏆,2022-W10-06,6,102.12,74.78,Tyreek Hill,WR,WR,True,False,False,,12.9,,Tyreek Hill,WR,,414.p.29399,29399,Mia,yahoo_fantasy_api
2022,10,,3,api,Big Sack Jack,Ginger FC 🏆🏆,2022-W10-06,6,102.12,74.78,DJ Moore,WR,WR,True,False,False,,4.9,,DJ Moore,WR,,414.p.30994,30994,Buf,yahoo_fantasy_api
2022,10,,4,api,Big Sack Jack,Ginger FC 🏆🏆,2022-W10-06,6,102.12,74.78,AJ Dillon,RB,RB,True,False,False,,6.5,,AJ Dillon,RB,,414.p.32732,32732,Car,yahoo_fantasy_api
2022,10,,5,api,Big Sack Jack,Ginger FC 🏆🏆,2022-W10-06,6,102.12,74.78,Dalvin Cook,RB,RB,True,False,False,,22.1,,Dalvin Cook,RB,,414.p.30154,30154,Dal,yahoo_fantasy_api
2022,10,,6,api,Big Sack Jack,Ginger FC 🏆🏆,2022-W10-06,6,102.12,74.78,Dawson Knox,TE,TE,True,False,False,,7.7,,Dawson Knox,TE,,414.p.31928,31928,Buf,yahoo_fantasy_api
2022,10,,7,api,Big Sack Jack,Ginger FC 🏆🏆,2022-W10-06,6,102.12,74.78,Amon-Ra St. Brown,WR,W/R/T,True,False,False,,17.1,,Amon-Ra St. Brown,WR,,414.p.33500,33500,Det,yahoo_fantasy_api
2022,10,,8,api,Big Sack Jack,Ginger FC 🏆🏆,2022-W10-06,6,102.12,74.78,Joe Burrow,QB,BN,False,True,False,,0.0,,Joe Burrow,QB,,414.p.32671,32671,Cin,yahoo_fantasy_api
2022,10,,9,api,Big Sack Jack,Ginger FC 🏆🏆,2022-W10-06,6,102.12,74.78,Khalil Herbert,RB,BN,False,True,False,,5.7,,Khalil Herbert,RB,,414.p.33605,33605,Atl,yahoo_fantasy_api
2022,10,,10,api,Big Sack Jack,Ginger FC 🏆🏆,2022-W10-06,6,102.12,74.78,Nyheim Miller-Hines,RB,BN,False,True,False,,1.4,,Nyheim Miller-Hines,RB,,414.p.31074,31074,LAC,yahoo_fantasy_api
2022,10,,11,api,Big Sack Jack,Ginger FC 🏆🏆,2022-W10-06,6,102.12,74.78,Nico Collins,WR,BN,False,True,False,,13.4,,Nico Collins,WR,,414.p.33477,33477,Hou,yahoo_fantasy_api
2022,10,,12,api,Big Sack Jack,Ginger FC 🏆🏆,2022-W10-06,6,102.12,74.78,Jake Elliott,K,K,True,False,False,,3.0,,Jake Elliott,K,,414.p.30266,30266,Phi,yahoo_fantasy_api
2022,10,,13,api,Big Sack Jack,Ginger FC 🏆🏆,2022-W10-06,6,102.12,74.78,Justin Tucker,K,BN,False,True,False,,0.0,,Justin Tucker,K,,414.p.26534,26534,Bal,yahoo_fantasy_api
2022,10,,14,api,Big Sack Jack,Ginger FC 🏆🏆,2022-W10-06,6,102.12,74.78,Chiefs,DEF,DEF,True,False,False,,6.0,,Chiefs,DEF,,414.p.100012,100012,KC,yahoo_fantasy_api
2022,10,,15,api,Big Sack Jack,Ginger FC 🏆🏆,2022-W10-06,6,102.12,74.78,49ers,DEF,BN,False,True,False,,6.0,,49ers,DEF,,414.p.100025,100025,SF,yahoo_fantasy_api
2022,10,,1,api,Ginger FC 🏆🏆,Big Sack Jack,2022-W10-06,6,74.78,102.12,Daniel Jones,QB,QB,True,False,False,,22.28,,Daniel Jones,QB,,414.p.31838,31838,Ind,yahoo_fantasy_api
2022,10,,2,api,Ginger FC 🏆🏆,Big Sack Jack,2022-W10-06,6,74.78,102.12,Tyler Lockett,WR,WR,True,False,False,,11.7,,Tyler Lockett,WR,,414.p.28457,28457,LV,yahoo_fantasy_api
2022,10,,3,api,Ginger FC 🏆🏆,Big Sack Jack,2022-W10-06,6,74.78,102.12,Jerry Jeudy,WR,WR,True,False,False,,0.0,,Jerry Jeudy,WR,,414.p.32685,32685,Cle,yahoo_fantasy_api
2022,10,,4,api,Ginger FC 🏆🏆,Big Sack Jack,2022-W10-06,6,74.78,102.12,Leonard Fournette,RB,RB,True,False,False,,11.3,,Leonard Fournette,RB,,414.p.30117,30117,Buf,yahoo_fantasy_api
2022,10,,5,api,Ginger FC 🏆🏆,Big Sack Jack,2022-W10-06,6,74.78,102.12,Kareem Hunt,RB,RB,True,False,False,,2.4,,Kareem Hunt,RB,,414.p.30199,30199,KC,yahoo_fantasy_api
2022,10,,6,api,Ginger FC 🏆🏆,Big Sack Jack,2022-W10-06,6,74.78,102.12,Travis Kelce,TE,TE,True,False,False,,17.1,,Travis Kelce,TE,,414.p.26686,26686,KC,yahoo_fantasy_api
2022,10,,7,api,Ginger FC 🏆🏆,Big Sack Jack,2022-W10-06,6,74.78,102.12,Alvin Kamara,RB,W/R/T,True,False,False,,6.0,,Alvin Kamara,RB,,414.p.30180,30180,NO,yahoo_fantasy_api
2022,10,,8,api,Ginger FC 🏆🏆,Big Sack Jack,2022-W10-06,6,74.78,102.12,Kyler Murray,QB,BN,False,True,False,,0.0,,Kyler Murray,QB,,414.p.31833,31833,Min,yahoo_fantasy_api
2022,10,,9,api,Ginger FC 🏆🏆,Big Sack Jack,2022-W10-06,6,74.78,102.12,Rhamondre Stevenson,RB,BN,False,True,False,,0.0,,Rhamondre Stevenson,RB,,414.p.33508,33508,NE,yahoo_fantasy_api
2022,10,,10,api,Ginger FC 🏆🏆,Big Sack Jack,2022-W10-06,6,74.78,102.12,Devin Duvernay,WR,BN,False,True,False,,0.0,,Devin Duvernay,WR,,414.p.32762,32762,Ari,yahoo_fantasy_api
2022,10,,11,api,Ginger FC 🏆🏆,Big Sack Jack,2022-W10-06,6,74.78,102.12,Mike Williams,WR,BN,False,True,False,,0.0,,Mike Williams,WR,,414.p.30120,30120,Pit,yahoo_fantasy_api
2022,10,,12,api,Ginger FC 🏆🏆,Big Sack Jack,2022-W10-06,6,74.78,102.12,Dalton Schultz,TE,BN,False,True,False,,14.4,,Dalton Schultz,TE,,414.p.31107,31107,Hou,yahoo_fantasy_api
2022,10,,13,api,Ginger FC 🏆🏆,Big Sack Jack,2022-W10-06,6,74.78,102.12,Mark Ingram II,RB,BN,False,True,False,,0.0,,Mark Ingram II,RB,,414.p.24815,24815,NO,yahoo_fantasy_api
2022,10,,14,api,Ginger FC 🏆🏆,Big Sack Jack,2022-W10-06,6,74.78,102.12,Daniel Carlson,K,K,True,False,False,,2.0,,Daniel Carlson,K,,414.p.31137,31137,NO,yahoo_fantasy_api
2022,10,,15,api,Ginger FC 🏆🏆,Big Sack Jack,2022-W10-06,6,74.78,102.12,Rams,DEF,DEF,True,False,False,,2.0,,Rams,DEF,,414.p.100014,100014,LAR,yahoo_fantasy_api
2022,10,,1,api,Joe Mantegna,ThreatLevelMidnight,2022-W10-04,4,103.74,108.0,Justin Herbert,QB,QB,True,False,False,,15.04,,Justin Herbert,QB,,414.p.32676,32676,LAC,yahoo_fantasy_api
2022,10,,2,api,Joe Mantegna,ThreatLevelMidnight,2022-W10-04,4,103.74,108.0,Davante Adams,WR,WR,True,False,False,,23.1,,Davante Adams,WR,,414.p.27581,27581,LAR,yahoo_fantasy_api
2022,10,,3,api,Joe Mantegna,ThreatLevelMidnight,2022-W10-04,4,103.74,108.0,Chase Claypool,WR,WR,True,False,False,,1.3,,Chase Claypool,WR,,414.p.32719,32719,Buf,yahoo_fantasy_api
2022,10,,4,api,Joe Mantegna,ThreatLevelMidnight,2022-W10-04,4,103.74,108.0,Aaron Jones Sr.,RB,RB,True,False,False,,22.6,,Aaron Jones Sr.,RB,,414.p.30295,30295,Min,yahoo_fantasy_api
2022,10,,5,api,Joe Mantegna,ThreatLevelMidnight,2022-W10-04,4,103.74,108.0,Darrell Henderson Jr.,RB,RB,True,False,False,,9.7,,Darrell Henderson Jr.,RB,,414.p.31902,31902,LAR,yahoo_fantasy_api
2022,10,,6,api,Joe Mantegna,ThreatLevelMidnight,2022-W10-04,4,103.74,108.0,Dallas Goedert,TE,TE,True,False,False,,7.8,,Dallas Goedert,TE,,414.p.31019,31019,Phi,yahoo_fantasy_api
2022,10,,7,api,Joe Mantegna,ThreatLevelMidnight,2022-W10-04,4,103.74,108.0,Devin Singletary,RB,W/R/T,True,False,False,,15.2,,Devin Singletary,RB,,414.p.31906,31906,NYG,yahoo_fantasy_api
2022,10,,8,api,Joe Mantegna,ThreatLevelMidnight,2022-W10-04,4,103.74,108.0,Marquez Valdes-Scantling,WR,BN,False,True,False,,13.5,,Marquez Valdes-Scantling,WR,,414.p.31144,31144,LAC,yahoo_fantasy_api
2022,10,,9,api,Joe Mantegna,ThreatLevelMidnight,2022-W10-04,4,103.74,108.0,Marcus Mariota,QB,BN,False,True,False,,22.74,,Marcus Mariota,QB,,414.p.28390,28390,Was,yahoo_fantasy_api
2022,10,,10,api,Joe Mantegna,ThreatLevelMidnight,2022-W10-04,4,103.74,108.0,Courtland Sutton,WR,BN,False,True,False,,9.6,,Courtland Sutton,WR,,414.p.31010,31010,Den,yahoo_fantasy_api
2022,10,,11,api,Joe Mantegna,ThreatLevelMidnight,2022-W10-04,4,103.74,108.0,Cade Otton,TE,BN,False,True,False,,5.0,,Cade Otton,TE,,414.p.34062,34062,TB,yahoo_fantasy_api
2022,10,,12,api,Joe Mantegna,ThreatLevelMidnight,2022-W10-04,4,103.74,108.0,Brandin Cooks,WR,BN,False,True,False,,6.2,,Brandin Cooks,WR,,414.p.27548,27548,SF,yahoo_fantasy_api
2022,10,,13,api,Joe Mantegna,ThreatLevelMidnight,2022-W10-04,4,103.74,108.0,Robert Woods,WR,BN,False,True,False,,2.0,,Robert Woods,WR,,414.p.26664,26664,Pit,yahoo_fantasy_api
2022,10,,14,api,Joe Mantegna,ThreatLevelMidnight,2022-W10-04,4,103.74,108.0,Breece Hall,RB,IR,False,False,True,,0.0,,Breece Hall,RB,,414.p.33991,33991,NYJ,yahoo_fantasy_api
2022,10,,15,api,Joe Mantegna,ThreatLevelMidnight,2022-W10-04,4,103.74,108.0,Younghoe Koo,K,K,True,False,False,,3.0,,Younghoe Koo,K,,414.p.30426,30426,NYG,yahoo_fantasy_api
2022,10,,16,api,Joe Mantegna,ThreatLevelMidnight,2022-W10-04,4,103.74,108.0,Dolphins,DEF,DEF,True,False,False,,6.0,,Dolphins,DEF,,414.p.100015,100015,Mia,yahoo_fantasy_api
2022,10,,1,api,Malle ❤️ 🐸,malle_dips_pouches,2022-W10-02,2,91.7,110.36,Jalen Hurts,QB,QB,True,False,False,,26.8,,Jalen Hurts,QB,,414.p.32723,32723,Phi,yahoo_fantasy_api
2022,10,,2,api,Malle ❤️ 🐸,malle_dips_pouches,2022-W10-02,2,91.7,110.36,Adam Thielen,WR,WR,True,False,False,,7.4,,Adam Thielen,WR,,414.p.27277,27277,Pit,yahoo_fantasy_api
2022,10,,3,api,Malle ❤️ 🐸,malle_dips_pouches,2022-W10-02,2,91.7,110.36,Allen Lazard,WR,WR,True,False,False,,6.0,,Allen Lazard,WR,,414.p.31268,31268,NYJ,yahoo_fantasy_api
2022,10,,4,api,Malle ❤️ 🐸,malle_dips_pouches,2022-W10-02,2,91.7,110.36,Antonio Gibson,RB,RB,True,False,False,,13.3,,Antonio Gibson,RB,,414.p.32736,32736,NE,yahoo_fantasy_api
2022,10,,5,api,Malle ❤️ 🐸,malle_dips_pouches,2022-W10-02,2,91.7,110.36,Jamaal Williams,RB,RB,True,False,False,,11.9,,Jamaal Williams,RB,,414.p.30247,30247,NO,yahoo_fantasy_api
2022,10,,6,api,Malle ❤️ 🐸,malle_dips_pouches,2022-W10-02,2,91.7,110.36,T.J. Hockenson,TE,TE,True,False,False,,8.0,,T.J. Hockenson,TE,,414.p.31840,31840,Min,yahoo_fantasy_api
2022,10,,7,api,Malle ❤️ 🐸,malle_dips_pouches,2022-W10-02,2,91.7,110.36,Diontae Johnson,WR,W/R/T,True,False,False,,8.3,,Diontae Johnson,WR,,414.p.31898,31898,Cle,yahoo_fantasy_api
2022,10,,8,api,Malle ❤️ 🐸,malle_dips_pouches,2022-W10-02,2,91.7,110.36,James Robinson,RB,BN,False,True,False,,0.0,,James Robinson,RB,,414.p.33138,33138,NO,yahoo_fantasy_api
2022,10,,9,api,Malle ❤️ 🐸,malle_dips_pouches,2022-W10-02,2,91.7,110.36,Ezekiel Elliott,RB,BN,False,True,False,,0.0,,Ezekiel Elliott,RB,,414.p.29238,29238,Dal,yahoo_fantasy_api
2022,10,,10,api,Malle ❤️ 🐸,malle_dips_pouches,2022-W10-02,2,91.7,110.36,Trevor Lawrence,QB,BN,False,True,False,,24.96,,Trevor Lawrence,QB,,414.p.33389,33389,Jax,yahoo_fantasy_api
2022,10,,11,api,Malle ❤️ 🐸,malle_dips_pouches,2022-W10-02,2,91.7,110.36,J.K. Dobbins,RB,BN,False,True,False,,0.0,,J.K. Dobbins,RB,,414.p.32725,32725,Den,yahoo_fantasy_api
2022,10,,12,api,Malle ❤️ 🐸,malle_dips_pouches,2022-W10-02,2,91.7,110.36,J.D. McKissic,RB,BN,False,True,False,,0.0,,J.D. McKissic,RB,,414.p.29650,29650,Was,yahoo_fantasy_api
2022,10,,13,api,Malle ❤️ 🐸,malle_dips_pouches,2022-W10-02,2,91.7,110.36,Matthew Stafford,QB,BN,False,True,False,,0.0,,Matthew Stafford,QB,,414.p.9265,9265,LAR,yahoo_fantasy_api
2022,10,,14,api,Malle ❤️ 🐸,malle_dips_pouches,2022-W10-02,2,91.7,110.36,Graham Gano,K,K,True,False,False,,7.0,,Graham Gano,K,,414.p.9526,9526,NYG,yahoo_fantasy_api
2022,10,,15,api,Malle ❤️ 🐸,malle_dips_pouches,2022-W10-02,2,91.7,110.36,Raiders,DEF,DEF,True,False,False,,3.0,,Raiders,DEF,,414.p.100013,100013,LV,yahoo_fantasy_api
2022,10,,1,api,Patty Primetimes,The Big Gronkowski,2022-W10-01,1,88.04,98.18,Jared Goff,QB,QB,True,False,False,,16.84,,Jared Goff,QB,,414.p.29235,29235,Det,yahoo_fantasy_api
2022,10,,2,api,Patty Primetimes,The Big Gronkowski,2022-W10-01,1,88.04,98.18,Terry McLaurin,WR,WR,True,False,False,,16.8,,Terry McLaurin,WR,,414.p.31908,31908,Was,yahoo_fantasy_api
2022,10,,3,api,Patty Primetimes,The Big Gronkowski,2022-W10-01,1,88.04,98.18,Chris Olave,WR,WR,True,False,False,,5.5,,Chris Olave,WR,,414.p.33966,33966,NO,yahoo_fantasy_api
2022,10,,4,api,Patty Primetimes,The Big Gronkowski,2022-W10-01,1,88.04,98.18,Travis Etienne Jr.,RB,RB,True,False,False,,8.8,,Travis Etienne Jr.,RB,,414.p.33413,33413,NO,yahoo_fantasy_api
2022,10,,5,api,Patty Primetimes,The Big Gronkowski,2022-W10-01,1,88.04,98.18,Derrick Henry,RB,RB,True,False,False,,7.7,,Derrick Henry,RB,,414.p.29279,29279,Bal,yahoo_fantasy_api
2022,10,,6,api,Patty Primetimes,The Big Gronkowski,2022-W10-01,1,88.04,98.18,Robert Tonyan,TE,TE,True,False,False,,1.3,,Robert Tonyan,TE,,414.p.30777,30777,Pit,yahoo_fantasy_api
2022,10,,7,api,Patty Primetimes,The Big Gronkowski,2022-W10-01,1,88.04,98.18,DK Metcalf,WR,W/R/T,True,False,False,,10.1,,DK Metcalf,WR,,414.p.31896,31896,Pit,yahoo_fantasy_api
2022,10,,8,api,Patty Primetimes,The Big Gronkowski,2022-W10-01,1,88.04,98.18,Darren Waller,TE,BN,False,True,False,,0.0,,Darren Waller,TE,,414.p.28592,28592,Car,yahoo_fantasy_api
2022,10,,9,api,Patty Primetimes,The Big Gronkowski,2022-W10-01,1,88.04,98.18,Aaron Rodgers,QB,BN,False,True,False,,25.36,,Aaron Rodgers,QB,,414.p.7200,7200,Pit,yahoo_fantasy_api
2022,10,,10,api,Patty Primetimes,The Big Gronkowski,2022-W10-01,1,88.04,98.18,Tyler Allgeier,RB,BN,False,True,False,,1.8,,Tyler Allgeier,RB,,414.p.34107,34107,Ari,yahoo_fantasy_api
2022,10,,11,api,Patty Primetimes,The Big Gronkowski,2022-W10-01,1,88.04,98.18,Latavius Murray,RB,BN,False,True,False,,6.2,,Latavius Murray,RB,,414.p.26804,26804,Buf,yahoo_fantasy_api
2022,10,,12,api,Patty Primetimes,The Big Gronkowski,2022-W10-01,1,88.04,98.18,Kadarius Toney,WR,BN,False,True,False,,17.0,,Kadarius Toney,WR,,414.p.33408,33408,Cle,yahoo_fantasy_api
2022,10,,13,api,Patty Primetimes,The Big Gronkowski,2022-W10-01,1,88.04,98.18,Mecole Hardman Jr.,WR,BN,False,True,False,,0.0,,Mecole Hardman Jr.,WR,,414.p.31888,31888,Buf,yahoo_fantasy_api
2022,10,,14,api,Patty Primetimes,The Big Gronkowski,2022-W10-01,1,88.04,98.18,Michael Thomas,WR,IR,False,False,True,,0.0,,Michael Thomas,WR,,414.p.29281,29281,NO,yahoo_fantasy_api
2022,10,,15,api,Patty Primetimes,The Big Gronkowski,2022-W10-01,1,88.04,98.18,Chase McLaughlin,K,K,True,False,False,,9.0,,Chase McLaughlin,K,,414.p.32417,32417,TB,yahoo_fantasy_api
2022,10,,16,api,Patty Primetimes,The Big Gronkowski,2022-W10-01,1,88.04,98.18,Titans,DEF,DEF,True,False,False,,12.0,,Titans,DEF,,414.p.100010,100010,Ten,yahoo_fantasy_api
2022,10,,1,api,Pop Lockett Drop it,Uncle Rico,2022-W10-05,5,135.88,126.04,Justin Fields,QB,QB,True,False,False,,44.38,,Justin Fields,QB,,414.p.33399,33399,KC,yahoo_fantasy_api
2022,10,,2,api,Pop Lockett Drop it,Uncle Rico,2022-W10-05,5,135.88,126.04,Gabe Davis,WR,WR,True,False,False,,18.3,,Gabe Davis,WR,,414.p.32798,32798,Buf,yahoo_fantasy_api
2022,10,,3,api,Pop Lockett Drop it,Uncle Rico,2022-W10-05,5,135.88,126.04,Rondale Moore,WR,WR,True,False,False,,13.9,,Rondale Moore,WR,,414.p.33437,33437,Min,yahoo_fantasy_api
2022,10,,4,api,Pop Lockett Drop it,Uncle Rico,2022-W10-05,5,135.88,126.04,Brian Robinson,RB,RB,True,False,False,,14.6,,Brian Robinson,RB,,414.p.34054,34054,Atl,yahoo_fantasy_api
2022,10,,5,api,Pop Lockett Drop it,Uncle Rico,2022-W10-05,5,135.88,126.04,Nick Chubb,RB,RB,True,False,False,,13.6,,Nick Chubb,RB,,414.p.31005,31005,Hou,yahoo_fantasy_api
2022,10,,6,api,Pop Lockett Drop it,Uncle Rico,2022-W10-05,5,135.88,126.04,Gerald Everett,TE,TE,True,False,False,,3.3,,Gerald Everett,TE,,414.p.30157,30157,Chi,yahoo_fantasy_api
2022,10,,7,api,Pop Lockett Drop it,Uncle Rico,2022-W10-05,5,135.88,126.04,Michael Pittman Jr.,WR,W/R/T,True,False,False,,8.8,,Michael Pittman Jr.,WR,,414.p.32704,32704,Pit,yahoo_fantasy_api
2022,10,,8,api,Pop Lockett Drop it,Uncle Rico,2022-W10-05,5,135.88,126.04,Melvin Gordon III,RB,BN,False,True,False,,9.0,,Melvin Gordon III,RB,,414.p.28403,28403,Bal,yahoo_fantasy_api
2022,10,,9,api,Pop Lockett Drop it,Uncle Rico,2022-W10-05,5,135.88,126.04,Keenan Allen,WR,BN,False,True,False,,0.0,,Keenan Allen,WR,,414.p.26699,26699,Ind,yahoo_fantasy_api
2022,10,,10,api,Pop Lockett Drop it,Uncle Rico,2022-W10-05,5,135.88,126.04,Hollywood Brown,WR,BN,False,True,False,,0.0,,Hollywood Brown,WR,,414.p.31857,31857,Phi,yahoo_fantasy_api
2022,10,,11,api,Pop Lockett Drop it,Uncle Rico,2022-W10-05,5,135.88,126.04,Romeo Doubs,WR,BN,False,True,False,,0.0,,Romeo Doubs,WR,,414.p.34088,34088,NE,yahoo_fantasy_api
2022,10,,12,api,Pop Lockett Drop it,Uncle Rico,2022-W10-05,5,135.88,126.04,Jaylen Warren,RB,BN,False,True,False,,9.2,,Jaylen Warren,RB,,414.p.34447,34447,Pit,yahoo_fantasy_api
2022,10,,13,api,Pop Lockett Drop it,Uncle Rico,2022-W10-05,5,135.88,126.04,Cameron Dicker,K,K,True,False,False,,12.0,,Cameron Dicker,K,,414.p.34344,34344,LAC,yahoo_fantasy_api
2022,10,,14,api,Pop Lockett Drop it,Uncle Rico,2022-W10-05,5,135.88,126.04,Saints,DEF,DEF,True,False,False,,7.0,,Saints,DEF,,414.p.100018,100018,NO,yahoo_fantasy_api
2022,10,,1,api,Post Mahomes,Voldemort,2022-W10-03,3,131.1,98.4,Tua Tagovailoa,QB,QB,True,False,False,,29.4,,Tua Tagovailoa,QB,,414.p.32675,32675,Atl,yahoo_fantasy_api
2022,10,,2,api,Post Mahomes,Voldemort,2022-W10-03,3,131.1,98.4,CeeDee Lamb,WR,WR,True,False,False,,32.5,,CeeDee Lamb,WR,,414.p.32687,32687,Dal,yahoo_fantasy_api
2022,10,,3,api,Post Mahomes,Voldemort,2022-W10-03,3,131.1,98.4,A.J. Brown,WR,WR,True,False,False,,1.2,,A.J. Brown,WR,,414.p.31883,31883,NE,yahoo_fantasy_api
2022,10,,4,api,Post Mahomes,Voldemort,2022-W10-03,3,131.1,98.4,Dameon Pierce,RB,RB,True,False,False,,11.2,,Dameon Pierce,RB,,414.p.34063,34063,Phi,yahoo_fantasy_api
2022,10,,5,api,Post Mahomes,Voldemort,2022-W10-03,3,131.1,98.4,Kenneth Walker III,RB,RB,True,False,False,,10.2,,Kenneth Walker III,RB,,414.p.33996,33996,KC,yahoo_fantasy_api
2022,10,,6,api,Post Mahomes,Voldemort,2022-W10-03,3,131.1,98.4,Tyler Higbee,TE,TE,True,False,False,,11.3,,Tyler Higbee,TE,,414.p.29344,29344,LAR,yahoo_fantasy_api
2022,10,,7,api,Post Mahomes,Voldemort,2022-W10-03,3,131.1,98.4,Jonathan Taylor,RB,W/R/T,True,False,False,,23.3,,Jonathan Taylor,RB,,414.p.32711,32711,Ind,yahoo_fantasy_api
2022,10,,8,api,Post Mahomes,Voldemort,2022-W10-03,3,131.1,98.4,Joshua Palmer,WR,BN,False,True,False,,5.9,,Joshua Palmer,WR,,414.p.33465,33465,Buf,yahoo_fantasy_api
2022,10,,9,api,Post Mahomes,Voldemort,2022-W10-03,3,131.1,98.4,Drake London,WR,BN,False,True,False,,12.3,,Drake London,WR,,414.p.33963,33963,Atl,yahoo_fantasy_api
2022,10,,10,api,Post Mahomes,Voldemort,2022-W10-03,3,131.1,98.4,Garrett Wilson,WR,BN,False,True,False,,0.0,,Garrett Wilson,WR,,414.p.33965,33965,NYJ,yahoo_fantasy_api
2022,10,,11,api,Post Mahomes,Voldemort,2022-W10-03,3,131.1,98.4,Odell Beckham Jr.,WR,BN,False,True,False,,0.0,,Odell Beckham Jr.,WR,,414.p.27540,27540,NYG,yahoo_fantasy_api
2022,10,,12,api,Post Mahomes,Voldemort,2022-W10-03,3,131.1,98.4,Kyren Williams,RB,BN,False,True,False,,5.4,,Kyren Williams,RB,,414.p.34120,34120,LAR,yahoo_fantasy_api
2022,10,,13,api,Post Mahomes,Voldemort,2022-W10-03,3,131.1,98.4,Kenny Gainwell,RB,BN,False,True,False,,1.7,,Kenny Gainwell,RB,,414.p.33538,33538,TB,yahoo_fantasy_api
2022,10,,14,api,Post Mahomes,Voldemort,2022-W10-03,3,131.1,98.4,Brett Maher,K,K,True,False,False,,4.0,,Brett Maher,K,,414.p.27369,27369,LAR,yahoo_fantasy_api
2022,10,,15,api,Post Mahomes,Voldemort,2022-W10-03,3,131.1,98.4,Bills,DEF,DEF,True,False,False,,8.0,,Bills,DEF,,414.p.100002,100002,Buf,yahoo_fantasy_api
2022,10,,1,api,The Big Gronkowski,Patty Primetimes,2022-W10-01,1,98.18,88.04,Kirk Cousins,QB,QB,True,False,False,,19.48,,Kirk Cousins,QB,,414.p.25812,25812,LV,yahoo_fantasy_api
2022,10,,2,api,The Big Gronkowski,Patty Primetimes,2022-W10-01,1,98.18,88.04,Cooper Kupp,WR,WR,True,False,False,,1.4,,Cooper Kupp,WR,,414.p.30182,30182,Sea,yahoo_fantasy_api
2022,10,,3,api,The Big Gronkowski,Patty Primetimes,2022-W10-01,1,98.18,88.04,JuJu Smith-Schuster,WR,WR,True,False,False,,4.3,,JuJu Smith-Schuster,WR,,414.p.30175,30175,NYG,yahoo_fantasy_api
2022,10,,4,api,The Big Gronkowski,Patty Primetimes,2022-W10-01,1,98.18,88.04,Austin Ekeler,RB,RB,True,False,False,,9.8,,Austin Ekeler,RB,,414.p.30423,30423,Was,yahoo_fantasy_api
2022,10,,5,api,The Big Gronkowski,Patty Primetimes,2022-W10-01,1,98.18,88.04,Jeff Wilson Jr.,RB,RB,True,False,False,,21.3,,Jeff Wilson Jr.,RB,,414.p.31394,31394,Mia,yahoo_fantasy_api
2022,10,,6,api,The Big Gronkowski,Patty Primetimes,2022-W10-01,1,98.18,88.04,George Kittle,TE,TE,True,False,False,,2.6,,George Kittle,TE,,414.p.30259,30259,SF,yahoo_fantasy_api
2022,10,,7,api,The Big Gronkowski,Patty Primetimes,2022-W10-01,1,98.18,88.04,Tony Pollard,RB,W/R/T,True,False,False,,20.3,,Tony Pollard,RB,,414.p.31960,31960,Ten,yahoo_fantasy_api
2022,10,,8,api,The Big Gronkowski,Patty Primetimes,2022-W10-01,1,98.18,88.04,Tee Higgins,WR,BN,False,True,False,,0.0,,Tee Higgins,WR,,414.p.32703,32703,Cin,yahoo_fantasy_api
2022,10,,9,api,The Big Gronkowski,Patty Primetimes,2022-W10-01,1,98.18,88.04,Hayden Hurst,TE,BN,False,True,False,,0.0,,Hayden Hurst,TE,,414.p.30995,30995,LAC,yahoo_fantasy_api
2022,10,,10,api,The Big Gronkowski,Patty Primetimes,2022-W10-01,1,98.18,88.04,Damien Harris,RB,BN,False,True,False,,0.0,,Damien Harris,RB,,414.p.31919,31919,Buf,yahoo_fantasy_api
2022,10,,11,api,The Big Gronkowski,Patty Primetimes,2022-W10-01,1,98.18,88.04,Isaiah McKenzie,WR,BN,False,True,False,,7.5,,Isaiah McKenzie,WR,,414.p.30285,30285,Mia,yahoo_fantasy_api
2022,10,,12,api,The Big Gronkowski,Patty Primetimes,2022-W10-01,1,98.18,88.04,Jimmy Garoppolo,QB,BN,False,True,False,,15.9,,Jimmy Garoppolo,QB,,414.p.27590,27590,LAR,yahoo_fantasy_api
2022,10,,13,api,The Big Gronkowski,Patty Primetimes,2022-W10-01,1,98.18,88.04,Trey Lance,QB,IR,False,False,True,,0.0,,Trey Lance,QB,,414.p.33391,33391,LAC,yahoo_fantasy_api
2022,10,,14,api,The Big Gronkowski,Patty Primetimes,2022-W10-01,1,98.18,88.04,Tyler Bass,K,K,True,False,False,,13.0,,Tyler Bass,K,,414.p.32858,32858,Buf,yahoo_fantasy_api
2022,10,,15,api,The Big Gronkowski,Patty Primetimes,2022-W10-01,1,98.18,88.04,Brandon McManus,K,BN,False,True,False,,4.0,,Brandon McManus,K,,414.p.27120,27120,GB,yahoo_fantasy_api
2022,10,,16,api,The Big Gronkowski,Patty Primetimes,2022-W10-01,1,98.18,88.04,Buccaneers,DEF,DEF,True,False,False,,6.0,,Buccaneers,DEF,,414.p.100027,100027,TB,yahoo_fantasy_api
2022,10,,1,api,ThreatLevelMidnight,Joe Mantegna,2022-W10-04,4,108.0,103.74,Dak Prescott,QB,QB,True,False,False,,27.2,,Dak Prescott,QB,,414.p.29369,29369,Dal,yahoo_fantasy_api
2022,10,,2,api,ThreatLevelMidnight,Joe Mantegna,2022-W10-04,4,108.0,103.74,DeAndre Hopkins,WR,WR,True,False,False,,14.8,,DeAndre Hopkins,WR,,414.p.26650,26650,Bal,yahoo_fantasy_api
2022,10,,3,api,ThreatLevelMidnight,Joe Mantegna,2022-W10-04,4,108.0,103.74,Stefon Diggs,WR,WR,True,False,False,,18.8,,Stefon Diggs,WR,,414.p.28534,28534,Was,yahoo_fantasy_api
2022,10,,4,api,ThreatLevelMidnight,Joe Mantegna,2022-W10-04,4,108.0,103.74,Miles Sanders,RB,RB,True,False,False,,5.4,,Miles Sanders,RB,,414.p.31885,31885,Dal,yahoo_fantasy_api
2022,10,,5,api,ThreatLevelMidnight,Joe Mantegna,2022-W10-04,4,108.0,103.74,D'Onta Foreman,RB,RB,True,False,False,,19.0,,D'Onta Foreman,RB,,414.p.30202,30202,Cle,yahoo_fantasy_api
2022,10,,6,api,ThreatLevelMidnight,Joe Mantegna,2022-W10-04,4,108.0,103.74,Evan Engram,TE,TE,True,False,False,,2.9,,Evan Engram,TE,,414.p.30136,30136,Den,yahoo_fantasy_api
2022,10,,7,api,ThreatLevelMidnight,Joe Mantegna,2022-W10-04,4,108.0,103.74,Mike Evans,WR,W/R/T,True,False,False,,7.9,,Mike Evans,WR,,414.p.27535,27535,SF,yahoo_fantasy_api
2022,10,,8,api,ThreatLevelMidnight,Joe Mantegna,2022-W10-04,4,108.0,103.74,David Njoku,TE,BN,False,True,False,,0.0,,David Njoku,TE,,414.p.30142,30142,LAC,yahoo_fantasy_api
2022,10,,9,api,ThreatLevelMidnight,Joe Mantegna,2022-W10-04,4,108.0,103.74,Geno Smith,QB,BN,False,True,False,,23.2,,Geno Smith,QB,,414.p.26662,26662,NYJ,yahoo_fantasy_api
2022,10,,10,api,ThreatLevelMidnight,Joe Mantegna,2022-W10-04,4,108.0,103.74,Gus Edwards,RB,BN,False,True,False,,0.0,,Gus Edwards,RB,,414.p.31424,31424,LAC,yahoo_fantasy_api
2022,10,,11,api,ThreatLevelMidnight,Joe Mantegna,2022-W10-04,4,108.0,103.74,Rachaad White,RB,BN,False,True,False,,10.5,,Rachaad White,RB,,414.p.34047,34047,Was,yahoo_fantasy_api
2022,10,,12,api,ThreatLevelMidnight,Joe Mantegna,2022-W10-04,4,108.0,103.74,Kenyan Drake,RB,BN,False,True,False,,0.0,,Kenyan Drake,RB,,414.p.29307,29307,Bal,yahoo_fantasy_api
2022,10,,13,api,ThreatLevelMidnight,Joe Mantegna,2022-W10-04,4,108.0,103.74,Elijah Mitchell,RB,IR,False,False,True,,9.3,,Elijah Mitchell,RB,,414.p.33582,33582,KC,yahoo_fantasy_api
2022,10,,14,api,ThreatLevelMidnight,Joe Mantegna,2022-W10-04,4,108.0,103.74,Harrison Butker,K,K,True,False,False,,3.0,,Harrison Butker,K,,414.p.30346,30346,KC,yahoo_fantasy_api
2022,10,,15,api,ThreatLevelMidnight,Joe Mantegna,2022-W10-04,4,108.0,103.74,Giants,DEF,DEF,True,False,False,,9.0,,Giants,DEF,,414.p.100019,100019,NYG,yahoo_fantasy_api
2022,10,,16,api,ThreatLevelMidnight,Joe Mantegna,2022-W10-04,4,108.0,103.74,Patriots,DEF,BN,False,True,False,,0.0,,Patriots,DEF,,414.p.100017,100017,NE,yahoo_fantasy_api
2022,10,,1,api,Uncle Rico,Pop Lockett Drop it,2022-W10-05,5,126.04,135.88,Patrick Mahomes,QB,QB,True,False,False,,40.14,,Patrick Mahomes,QB,,414.p.30123,30123,KC,yahoo_fantasy_api
2022,10,,2,api,Uncle Rico,Pop Lockett Drop it,2022-W10-05,5,126.04,135.88,Christian Kirk,WR,WR,True,False,False,,27.0,,Christian Kirk,WR,,414.p.31017,31017,SF,yahoo_fantasy_api
2022,10,,3,api,Uncle Rico,Pop Lockett Drop it,2022-W10-05,5,126.04,135.88,Brandon Aiyuk,WR,WR,True,False,False,,9.4,,Brandon Aiyuk,WR,,414.p.32695,32695,SF,yahoo_fantasy_api
2022,10,,4,api,Uncle Rico,Pop Lockett Drop it,2022-W10-05,5,126.04,135.88,Saquon Barkley,RB,RB,True,False,False,,22.5,,Saquon Barkley,RB,,414.p.30972,30972,Phi,yahoo_fantasy_api
2022,10,,5,api,Uncle Rico,Pop Lockett Drop it,2022-W10-05,5,126.04,135.88,Cordarrelle Patterson,RB,RB,True,False,False,,2.5,,Cordarrelle Patterson,RB,,414.p.26652,26652,Pit,yahoo_fantasy_api
2022,10,,6,api,Uncle Rico,Pop Lockett Drop it,2022-W10-05,5,126.04,135.88,Greg Dulcich,TE,TE,True,False,False,,1.6,,Greg Dulcich,TE,,414.p.34036,34036,Mia,yahoo_fantasy_api
2022,10,,7,api,Uncle Rico,Pop Lockett Drop it,2022-W10-05,5,126.04,135.88,Najee Harris,RB,W/R/T,True,False,False,,9.9,,Najee Harris,RB,,414.p.33412,33412,NYG,yahoo_fantasy_api
2022,10,,8,api,Uncle Rico,Pop Lockett Drop it,2022-W10-05,5,126.04,135.88,Kyle Pitts Sr.,TE,BN,False,True,False,,3.8,,Kyle Pitts Sr.,TE,,414.p.33392,33392,Atl,yahoo_fantasy_api
2022,10,,9,api,Uncle Rico,Pop Lockett Drop it,2022-W10-05,5,126.04,135.88,Clyde Edwards-Helaire,RB,BN,False,True,False,,0.0,,Clyde Edwards-Helaire,RB,,414.p.32702,32702,KC,yahoo_fantasy_api
2022,10,,10,api,Uncle Rico,Pop Lockett Drop it,2022-W10-05,5,126.04,135.88,Jakobi Meyers,WR,BN,False,True,False,,0.0,,Jakobi Meyers,WR,,414.p.32231,32231,Jax,yahoo_fantasy_api
2022,10,,11,api,Uncle Rico,Pop Lockett Drop it,2022-W10-05,5,126.04,135.88,Eno Benjamin,RB,BN,False,True,False,,0.0,,Eno Benjamin,RB,,414.p.32892,32892,NO,yahoo_fantasy_api
2022,10,,12,api,Uncle Rico,Pop Lockett Drop it,2022-W10-05,5,126.04,135.88,Isiah Pacheco,RB,BN,False,True,False,,6.2,,Isiah Pacheco,RB,,414.p.34207,34207,Det,yahoo_fantasy_api
2022,10,,13,api,Uncle Rico,Pop Lockett Drop it,2022-W10-05,5,126.04,135.88,Wan'Dale Robinson,WR,BN,False,True,False,,2.5,,Wan'Dale Robinson,WR,,414.p.33998,33998,Ten,yahoo_fantasy_api
2022,10,,14,api,Uncle Rico,Pop Lockett Drop it,2022-W10-05,5,126.04,135.88,Ja'Marr Chase,WR,IR,False,False,True,,0.0,,Ja'Marr Chase,WR,,414.p.33393,33393,Cin,yahoo_fantasy_api
2022,10,,15,api,Uncle Rico,Pop Lockett Drop it,2022-W10-05,5,126.04,135.88,Jason Myers,K,K,True,False,False,,6.0,,Jason Myers,K,,414.p.28378,28378,Sea,yahoo_fantasy_api
2022,10,,16,api,Uncle Rico,Pop Lockett Drop it,2022-W10-05,5,126.04,135.88,Eagles,DEF,DEF,True,False,False,,7.0,,Eagles,DEF,,414.p.100021,100021,Phi,yahoo_fantasy_api
2022,10,,1,api,Voldemort,Post Mahomes,2022-W10-03,3,98.4,131.1,Josh Allen,QB,QB,True,False,False,,23.6,,Josh Allen,QB,,414.p.30977,30977,Buf,yahoo_fantasy_api
2022,10,,2,api,Voldemort,Post Mahomes,2022-W10-03,3,98.4,131.1,Chris Godwin Jr.,WR,WR,True,False,False,,16.1,,Chris Godwin Jr.,WR,,414.p.30197,30197,TB,yahoo_fantasy_api
2022,10,,3,api,Voldemort,Post Mahomes,2022-W10-03,3,98.4,131.1,Justin Jefferson,WR,WR,True,False,False,,30.3,,Justin Jefferson,WR,,414.p.32692,32692,Min,yahoo_fantasy_api
2022,10,,4,api,Voldemort,Post Mahomes,2022-W10-03,3,98.4,131.1,David Montgomery,RB,RB,True,False,False,,4.9,,David Montgomery,RB,,414.p.31905,31905,Hou,yahoo_fantasy_api
2022,10,,5,api,Voldemort,Post Mahomes,2022-W10-03,3,98.4,131.1,D'Andre Swift,RB,RB,True,False,False,,7.7,,D'Andre Swift,RB,,414.p.32705,32705,Chi,yahoo_fantasy_api
2022,10,,6,api,Voldemort,Post Mahomes,2022-W10-03,3,98.4,131.1,Zach Ertz,TE,TE,True,False,False,,1.7,,Zach Ertz,TE,,414.p.26658,26658,Phi,yahoo_fantasy_api
2022,10,,7,api,Voldemort,Post Mahomes,2022-W10-03,3,98.4,131.1,Deebo Samuel Sr.,WR,W/R/T,True,False,False,,6.1,,Deebo Samuel Sr.,WR,,414.p.31868,31868,SF,yahoo_fantasy_api
2022,10,,8,api,Voldemort,Post Mahomes,2022-W10-03,3,98.4,131.1,Darnell Mooney,WR,BN,False,True,False,,7.7,,Darnell Mooney,WR,,414.p.32843,32843,NYG,yahoo_fantasy_api
2022,10,,9,api,Voldemort,Post Mahomes,2022-W10-03,3,98.4,131.1,Raheem Mostert,RB,BN,False,True,False,,16.7,,Raheem Mostert,RB,,414.p.28654,28654,LV,yahoo_fantasy_api
2022,10,,10,api,Voldemort,Post Mahomes,2022-W10-03,3,98.4,131.1,Joe Mixon,RB,BN,False,True,False,,0.0,,Joe Mixon,RB,,414.p.30161,30161,Hou,yahoo_fantasy_api
2022,10,,11,api,Voldemort,Post Mahomes,2022-W10-03,3,98.4,131.1,Curtis Samuel,WR,BN,False,True,False,,5.0,,Curtis Samuel,WR,,414.p.30153,30153,Buf,yahoo_fantasy_api
2022,10,,12,api,Voldemort,Post Mahomes,2022-W10-03,3,98.4,131.1,George Pickens,WR,BN,False,True,False,,13.0,,George Pickens,WR,,414.p.34007,34007,Dal,yahoo_fantasy_api
2022,10,,13,api,Voldemort,Post Mahomes,2022-W10-03,3,98.4,131.1,Ryan Succop,K,K,True,False,False,,3.0,,Ryan Succop,K,,414.p.9520,9520,TB,yahoo_fantasy_api
2022,10,,14,api,Voldemort,Post Mahomes,2022-W10-03,3,98.4,131.1,Nick Folk,K,BN,False,True,False,,0.0,,Nick Folk,K,,414.p.8432,8432,Atl,yahoo_fantasy_api
2022,10,,15,api,Voldemort,Post Mahomes,2022-W10-03,3,98.4,131.1,Cowboys,DEF,DEF,True,False,False,,5.0,,Cowboys,DEF,,414.p.100006,100006,Dal,yahoo_fantasy_api
2022,10,,1,api,malle_dips_pouches,Malle ❤️ 🐸,2022-W10-02,2,110.36,91.7,Kenny Pickett,QB,QB,True,False,False,,19.06,,Kenny Pickett,QB,,414.p.33975,33975,Car,yahoo_fantasy_api
2022,10,,2,api,malle_dips_pouches,Malle ❤️ 🐸,2022-W10-02,2,110.36,91.7,Jaylen Waddle,WR,WR,True,False,False,,8.6,,Jaylen Waddle,WR,,414.p.33394,33394,Den,yahoo_fantasy_api
2022,10,,3,api,malle_dips_pouches,Malle ❤️ 🐸,2022-W10-02,2,110.36,91.7,Amari Cooper,WR,WR,True,False,False,,4.7,,Amari Cooper,WR,,414.p.28392,28392,Buf,yahoo_fantasy_api
2022,10,,4,api,malle_dips_pouches,Malle ❤️ 🐸,2022-W10-02,2,110.36,91.7,Josh Jacobs,RB,RB,True,False,False,,19.6,,Josh Jacobs,RB,,414.p.31856,31856,GB,yahoo_fantasy_api
2022,10,,5,api,malle_dips_pouches,Malle ❤️ 🐸,2022-W10-02,2,110.36,91.7,Christian McCaffrey,RB,RB,True,False,False,,15.7,,Christian McCaffrey,RB,,414.p.30121,30121,SF,yahoo_fantasy_api
2022,10,,6,api,malle_dips_pouches,Malle ❤️ 🐸,2022-W10-02,2,110.36,91.7,Pat Freiermuth,TE,TE,True,False,False,,5.6,,Pat Freiermuth,TE,,414.p.33443,33443,Pit,yahoo_fantasy_api
2022,10,,7,api,malle_dips_pouches,Malle ❤️ 🐸,2022-W10-02,2,110.36,91.7,James Conner,RB,W/R/T,True,False,False,,22.1,,James Conner,RB,,414.p.30218,30218,Ari,yahoo_fantasy_api
2022,10,,8,api,malle_dips_pouches,Malle ❤️ 🐸,2022-W10-02,2,110.36,91.7,Lamar Jackson,QB,BN,False,True,False,,0.0,,Lamar Jackson,QB,,414.p.31002,31002,Bal,yahoo_fantasy_api
2022,10,,9,api,malle_dips_pouches,Malle ❤️ 🐸,2022-W10-02,2,110.36,91.7,DeVonta Smith,WR,BN,False,True,False,,10.9,,DeVonta Smith,WR,,414.p.33398,33398,Phi,yahoo_fantasy_api
2022,10,,10,api,malle_dips_pouches,Malle ❤️ 🐸,2022-W10-02,2,110.36,91.7,Tyler Boyd,WR,BN,False,True,False,,0.0,,Tyler Boyd,WR,,414.p.29288,29288,Ten,yahoo_fantasy_api
2022,10,,11,api,malle_dips_pouches,Malle ❤️ 🐸,2022-W10-02,2,110.36,91.7,Mark Andrews,TE,BN,False,True,False,,0.0,,Mark Andrews,TE,,414.p.31056,31056,Bal,yahoo_fantasy_api
2022,10,,12,api,malle_dips_pouches,Malle ❤️ 🐸,2022-W10-02,2,110.36,91.7,Michael Carter,RB,BN,False,True,False,,0.0,,Michael Carter,RB,,414.p.33495,33495,Ten,yahoo_fantasy_api
2022,10,,13,api,malle_dips_pouches,Malle ❤️ 🐸,2022-W10-02,2,110.36,91.7,Michael Gallup,WR,BN,False,True,False,,5.5,,Michael Gallup,WR,,414.p.31051,31051,Was,yahoo_fantasy_api
2022,10,,14,api,malle_dips_pouches,Malle ❤️ 🐸,2022-W10-02,2,110.36,91.7,Matt Gay,K,K,True,False,False,,5.0,,Matt Gay,K,,414.p.31977,31977,LV,yahoo_fantasy_api
2022,10,,15,api,malle_dips_pouches,Malle ❤️ 🐸,2022-W10-02,2,110.36,91.7,Steelers,DEF,DEF,True,False,False,,10.0,,Steelers,DEF,,414.p.100023,100023,Pit,yahoo_fantasy_api
2022,11,,1,api,Big Sack Jack,Post Mahomes,2022-W11-06,6,89.8,77.48,Joe Burrow,QB,QB,True,False,False,,36.7,,Joe Burrow,QB,,414.p.32671,32671,Cin,yahoo_fantasy_api
2022,11,,2,api,Big Sack Jack,Post Mahomes,2022-W11-06,6,89.8,77.48,DJ Moore,WR,WR,True,False,False,,3.9,,DJ Moore,WR,,414.p.30994,30994,Buf,yahoo_fantasy_api
2022,11,,3,api,Big Sack Jack,Post Mahomes,2022-W11-06,6,89.8,77.48,Amon-Ra St. Brown,WR,WR,True,False,False,,11.5,,Amon-Ra St. Brown,WR,,414.p.33500,33500,Det,yahoo_fantasy_api
2022,11,,4,api,Big Sack Jack,Post Mahomes,2022-W11-06,6,89.8,77.48,AJ Dillon,RB,RB,True,False,False,,2.8,,AJ Dillon,RB,,414.p.32732,32732,Car,yahoo_fantasy_api
2022,11,,5,api,Big Sack Jack,Post Mahomes,2022-W11-06,6,89.8,77.48,Dalvin Cook,RB,RB,True,False,False,,7.2,,Dalvin Cook,RB,,414.p.30154,30154,Dal,yahoo_fantasy_api
2022,11,,6,api,Big Sack Jack,Post Mahomes,2022-W11-06,6,89.8,77.48,Dawson Knox,TE,TE,True,False,False,,10.5,,Dawson Knox,TE,,414.p.31928,31928,Buf,yahoo_fantasy_api
2022,11,,7,api,Big Sack Jack,Post Mahomes,2022-W11-06,6,89.8,77.48,Nyheim Miller-Hines,RB,W/R/T,True,False,False,,-0.8,,Nyheim Miller-Hines,RB,,414.p.31074,31074,LAC,yahoo_fantasy_api
2022,11,,8,api,Big Sack Jack,Post Mahomes,2022-W11-06,6,89.8,77.48,Derek Carr,QB,BN,False,True,False,,24.28,,Derek Carr,QB,,414.p.27564,27564,NO,yahoo_fantasy_api
2022,11,,9,api,Big Sack Jack,Post Mahomes,2022-W11-06,6,89.8,77.48,Tyreek Hill,WR,BN,False,True,False,,0.0,,Tyreek Hill,WR,,414.p.29399,29399,Mia,yahoo_fantasy_api
2022,11,,10,api,Big Sack Jack,Post Mahomes,2022-W11-06,6,89.8,77.48,Khalil Herbert,RB,BN,False,True,False,,0.0,,Khalil Herbert,RB,,414.p.33605,33605,Atl,yahoo_fantasy_api
2022,11,,11,api,Big Sack Jack,Post Mahomes,2022-W11-06,6,89.8,77.48,Nico Collins,WR,BN,False,True,False,,7.3,,Nico Collins,WR,,414.p.33477,33477,Hou,yahoo_fantasy_api
2022,11,,12,api,Big Sack Jack,Post Mahomes,2022-W11-06,6,89.8,77.48,Justin Tucker,K,K,True,False,False,,7.0,,Justin Tucker,K,,414.p.26534,26534,Bal,yahoo_fantasy_api
2022,11,,13,api,Big Sack Jack,Post Mahomes,2022-W11-06,6,89.8,77.48,Jake Elliott,K,BN,False,True,False,,5.0,,Jake Elliott,K,,414.p.30266,30266,Phi,yahoo_fantasy_api
2022,11,,14,api,Big Sack Jack,Post Mahomes,2022-W11-06,6,89.8,77.48,49ers,DEF,DEF,True,False,False,,11.0,,49ers,DEF,,414.p.100025,100025,SF,yahoo_fantasy_api
2022,11,,15,api,Big Sack Jack,Post Mahomes,2022-W11-06,6,89.8,77.48,Chiefs,DEF,BN,False,True,False,,9.0,,Chiefs,DEF,,414.p.100012,100012,KC,yahoo_fantasy_api
2022,11,,1,api,Ginger FC 🏆🏆,Joe Mantegna,2022-W11-04,4,126.34,120.5,Daniel Jones,QB,QB,True,False,False,,28.64,,Daniel Jones,QB,,414.p.31838,31838,Ind,yahoo_fantasy_api
2022,11,,2,api,Ginger FC 🏆🏆,Joe Mantegna,2022-W11-04,4,126.34,120.5,Devin Duvernay,WR,WR,True,False,False,,1.2,,Devin Duvernay,WR,,414.p.32762,32762,Ari,yahoo_fantasy_api
2022,11,,3,api,Ginger FC 🏆🏆,Joe Mantegna,2022-W11-04,4,126.34,120.5,Donovan Peoples-Jones,WR,WR,True,False,False,,14.6,,Donovan Peoples-Jones,WR,,414.p.32857,32857,NO,yahoo_fantasy_api
2022,11,,4,api,Ginger FC 🏆🏆,Joe Mantegna,2022-W11-04,4,126.34,120.5,Rhamondre Stevenson,RB,RB,True,False,False,,11.2,,Rhamondre Stevenson,RB,,414.p.33508,33508,NE,yahoo_fantasy_api
2022,11,,5,api,Ginger FC 🏆🏆,Joe Mantegna,2022-W11-04,4,126.34,120.5,Alvin Kamara,RB,RB,True,False,False,,10.9,,Alvin Kamara,RB,,414.p.30180,30180,NO,yahoo_fantasy_api
2022,11,,6,api,Ginger FC 🏆🏆,Joe Mantegna,2022-W11-04,4,126.34,120.5,Travis Kelce,TE,TE,True,False,False,,32.5,,Travis Kelce,TE,,414.p.26686,26686,KC,yahoo_fantasy_api
2022,11,,7,api,Ginger FC 🏆🏆,Joe Mantegna,2022-W11-04,4,126.34,120.5,Curtis Samuel,WR,W/R/T,True,False,False,,9.3,,Curtis Samuel,WR,,414.p.30153,30153,Buf,yahoo_fantasy_api
2022,11,,8,api,Ginger FC 🏆🏆,Joe Mantegna,2022-W11-04,4,126.34,120.5,Kareem Hunt,RB,BN,False,True,False,,6.4,,Kareem Hunt,RB,,414.p.30199,30199,KC,yahoo_fantasy_api
2022,11,,9,api,Ginger FC 🏆🏆,Joe Mantegna,2022-W11-04,4,126.34,120.5,Tyler Lockett,WR,BN,False,True,False,,0.0,,Tyler Lockett,WR,,414.p.28457,28457,LV,yahoo_fantasy_api
2022,11,,10,api,Ginger FC 🏆🏆,Joe Mantegna,2022-W11-04,4,126.34,120.5,Leonard Fournette,RB,BN,False,True,False,,0.0,,Leonard Fournette,RB,,414.p.30117,30117,Buf,yahoo_fantasy_api
2022,11,,11,api,Ginger FC 🏆🏆,Joe Mantegna,2022-W11-04,4,126.34,120.5,Jerry Jeudy,WR,BN,False,True,False,,0.0,,Jerry Jeudy,WR,,414.p.32685,32685,Cle,yahoo_fantasy_api
2022,11,,12,api,Ginger FC 🏆🏆,Joe Mantegna,2022-W11-04,4,126.34,120.5,Kyler Murray,QB,BN,False,True,False,,0.0,,Kyler Murray,QB,,414.p.31833,31833,Min,yahoo_fantasy_api
2022,11,,13,api,Ginger FC 🏆🏆,Joe Mantegna,2022-W11-04,4,126.34,120.5,Mike Williams,WR,BN,False,True,False,,2.0,,Mike Williams,WR,,414.p.30120,30120,Pit,yahoo_fantasy_api
2022,11,,14,api,Ginger FC 🏆🏆,Joe Mantegna,2022-W11-04,4,126.34,120.5,Daniel Carlson,K,K,True,False,False,,14.0,,Daniel Carlson,K,,414.p.31137,31137,NO,yahoo_fantasy_api
2022,11,,15,api,Ginger FC 🏆🏆,Joe Mantegna,2022-W11-04,4,126.34,120.5,Rams,DEF,DEF,True,False,False,,4.0,,Rams,DEF,,414.p.100014,100014,LAR,yahoo_fantasy_api
2022,11,,1,api,Joe Mantegna,Ginger FC 🏆🏆,2022-W11-04,4,120.5,126.34,Justin Herbert,QB,QB,True,False,False,,24.2,,Justin Herbert,QB,,414.p.32676,32676,LAC,yahoo_fantasy_api
2022,11,,2,api,Joe Mantegna,Ginger FC 🏆🏆,2022-W11-04,4,120.5,126.34,Davante Adams,WR,WR,True,False,False,,29.6,,Davante Adams,WR,,414.p.27581,27581,LAR,yahoo_fantasy_api
2022,11,,3,api,Joe Mantegna,Ginger FC 🏆🏆,2022-W11-04,4,120.5,126.34,Chase Claypool,WR,WR,True,False,False,,2.1,,Chase Claypool,WR,,414.p.32719,32719,Buf,yahoo_fantasy_api
2022,11,,4,api,Joe Mantegna,Ginger FC 🏆🏆,2022-W11-04,4,120.5,126.34,Aaron Jones Sr.,RB,RB,True,False,False,,11.0,,Aaron Jones Sr.,RB,,414.p.30295,30295,Min,yahoo_fantasy_api
2022,11,,5,api,Joe Mantegna,Ginger FC 🏆🏆,2022-W11-04,4,120.5,126.34,Darrell Henderson Jr.,RB,RB,True,False,False,,0.9,,Darrell Henderson Jr.,RB,,414.p.31902,31902,LAR,yahoo_fantasy_api
2022,11,,6,api,Joe Mantegna,Ginger FC 🏆🏆,2022-W11-04,4,120.5,126.34,Greg Dulcich,TE,TE,True,False,False,,5.0,,Greg Dulcich,TE,,414.p.34036,34036,Mia,yahoo_fantasy_api
2022,11,,7,api,Joe Mantegna,Ginger FC 🏆🏆,2022-W11-04,4,120.5,126.34,Devin Singletary,RB,W/R/T,True,False,False,,16.7,,Devin Singletary,RB,,414.p.31906,31906,NYG,yahoo_fantasy_api
2022,11,,8,api,Joe Mantegna,Ginger FC 🏆🏆,2022-W11-04,4,120.5,126.34,Foster Moreau,TE,BN,False,True,False,,3.8,,Foster Moreau,TE,,414.p.31969,31969,Hou,yahoo_fantasy_api
2022,11,,9,api,Joe Mantegna,Ginger FC 🏆🏆,2022-W11-04,4,120.5,126.34,Dallas Goedert,TE,BN,False,True,False,,0.0,,Dallas Goedert,TE,,414.p.31019,31019,Phi,yahoo_fantasy_api
2022,11,,10,api,Joe Mantegna,Ginger FC 🏆🏆,2022-W11-04,4,120.5,126.34,Marquez Valdes-Scantling,WR,BN,False,True,False,,2.3,,Marquez Valdes-Scantling,WR,,414.p.31144,31144,LAC,yahoo_fantasy_api
2022,11,,11,api,Joe Mantegna,Ginger FC 🏆🏆,2022-W11-04,4,120.5,126.34,Marcus Mariota,QB,BN,False,True,False,,19.74,,Marcus Mariota,QB,,414.p.28390,28390,Was,yahoo_fantasy_api
2022,11,,12,api,Joe Mantegna,Ginger FC 🏆🏆,2022-W11-04,4,120.5,126.34,Courtland Sutton,WR,BN,False,True,False,,10.5,,Courtland Sutton,WR,,414.p.31010,31010,Den,yahoo_fantasy_api
2022,11,,13,api,Joe Mantegna,Ginger FC 🏆🏆,2022-W11-04,4,120.5,126.34,Brandin Cooks,WR,BN,False,True,False,,8.5,,Brandin Cooks,WR,,414.p.27548,27548,SF,yahoo_fantasy_api
2022,11,,14,api,Joe Mantegna,Ginger FC 🏆🏆,2022-W11-04,4,120.5,126.34,Breece Hall,RB,IR,False,False,True,,0.0,,Breece Hall,RB,,414.p.33991,33991,NYJ,yahoo_fantasy_api
2022,11,,15,api,Joe Mantegna,Ginger FC 🏆🏆,2022-W11-04,4,120.5,126.34,Younghoe Koo,K,K,True,False,False,,12.0,,Younghoe Koo,K,,414.p.30426,30426,NYG,yahoo_fantasy_api
2022,11,,16,api,Joe Mantegna,Ginger FC 🏆🏆,2022-W11-04,4,120.5,126.34,Commanders,DEF,DEF,True,False,False,,19.0,,Commanders,DEF,,414.p.100028,100028,Was,yahoo_fantasy_api
2022,11,,1,api,Malle ❤️ 🐸,Patty Primetimes,2022-W11-02,2,90.2,84.96,Jalen Hurts,QB,QB,True,False,False,,26.2,,Jalen Hurts,QB,,414.p.32723,32723,Phi,yahoo_fantasy_api
2022,11,,2,api,Malle ❤️ 🐸,Patty Primetimes,2022-W11-02,2,90.2,84.96,Adam Thielen,WR,WR,True,False,False,,3.5,,Adam Thielen,WR,,414.p.27277,27277,Pit,yahoo_fantasy_api
2022,11,,3,api,Malle ❤️ 🐸,Patty Primetimes,2022-W11-02,2,90.2,84.96,Allen Lazard,WR,WR,True,False,False,,8.2,,Allen Lazard,WR,,414.p.31268,31268,NYJ,yahoo_fantasy_api
2022,11,,4,api,Malle ❤️ 🐸,Patty Primetimes,2022-W11-02,2,90.2,84.96,Antonio Gibson,RB,RB,True,False,False,,11.8,,Antonio Gibson,RB,,414.p.32736,32736,NE,yahoo_fantasy_api
2022,11,,5,api,Malle ❤️ 🐸,Patty Primetimes,2022-W11-02,2,90.2,84.96,Jamaal Williams,RB,RB,True,False,False,,24.4,,Jamaal Williams,RB,,414.p.30247,30247,NO,yahoo_fantasy_api
2022,11,,6,api,Malle ❤️ 🐸,Patty Primetimes,2022-W11-02,2,90.2,84.96,T.J. Hockenson,TE,TE,True,False,False,,5.9,,T.J. Hockenson,TE,,414.p.31840,31840,Min,yahoo_fantasy_api
2022,11,,7,api,Malle ❤️ 🐸,Patty Primetimes,2022-W11-02,2,90.2,84.96,Diontae Johnson,WR,W/R/T,True,False,False,,4.2,,Diontae Johnson,WR,,414.p.31898,31898,Cle,yahoo_fantasy_api
2022,11,,8,api,Malle ❤️ 🐸,Patty Primetimes,2022-W11-02,2,90.2,84.96,James Robinson,RB,BN,False,True,False,,1.0,,James Robinson,RB,,414.p.33138,33138,NO,yahoo_fantasy_api
2022,11,,9,api,Malle ❤️ 🐸,Patty Primetimes,2022-W11-02,2,90.2,84.96,Ezekiel Elliott,RB,BN,False,True,False,,17.2,,Ezekiel Elliott,RB,,414.p.29238,29238,Dal,yahoo_fantasy_api
2022,11,,10,api,Malle ❤️ 🐸,Patty Primetimes,2022-W11-02,2,90.2,84.96,Trevor Lawrence,QB,BN,False,True,False,,0.0,,Trevor Lawrence,QB,,414.p.33389,33389,Jax,yahoo_fantasy_api
2022,11,,11,api,Malle ❤️ 🐸,Patty Primetimes,2022-W11-02,2,90.2,84.96,J.K. Dobbins,RB,BN,False,True,False,,0.0,,J.K. Dobbins,RB,,414.p.32725,32725,Den,yahoo_fantasy_api
2022,11,,12,api,Malle ❤️ 🐸,Patty Primetimes,2022-W11-02,2,90.2,84.96,J.D. McKissic,RB,BN,False,True,False,,0.0,,J.D. McKissic,RB,,414.p.29650,29650,Was,yahoo_fantasy_api
2022,11,,13,api,Malle ❤️ 🐸,Patty Primetimes,2022-W11-02,2,90.2,84.96,Matthew Stafford,QB,BN,False,True,False,,18.76,,Matthew Stafford,QB,,414.p.9265,9265,LAR,yahoo_fantasy_api
2022,11,,14,api,Malle ❤️ 🐸,Patty Primetimes,2022-W11-02,2,90.2,84.96,Graham Gano,K,K,True,False,False,,0.0,,Graham Gano,K,,414.p.9526,9526,NYG,yahoo_fantasy_api
2022,11,,15,api,Malle ❤️ 🐸,Patty Primetimes,2022-W11-02,2,90.2,84.96,Raiders,DEF,DEF,True,False,False,,6.0,,Raiders,DEF,,414.p.100013,100013,LV,yahoo_fantasy_api
2022,11,,1,api,Patty Primetimes,Malle ❤️ 🐸,2022-W11-02,2,84.96,90.2,Jared Goff,QB,QB,True,False,False,,6.5,,Jared Goff,QB,,414.p.29235,29235,Det,yahoo_fantasy_api
2022,11,,2,api,Patty Primetimes,Malle ❤️ 🐸,2022-W11-02,2,84.96,90.2,Terry McLaurin,WR,WR,True,False,False,,7.6,,Terry McLaurin,WR,,414.p.31908,31908,Was,yahoo_fantasy_api
2022,11,,3,api,Patty Primetimes,Malle ❤️ 🐸,2022-W11-02,2,84.96,90.2,Chris Olave,WR,WR,True,False,False,,18.7,,Chris Olave,WR,,414.p.33966,33966,NO,yahoo_fantasy_api
2022,11,,4,api,Patty Primetimes,Malle ❤️ 🐸,2022-W11-02,2,84.96,90.2,Derrick Henry,RB,RB,True,False,False,,26.36,,Derrick Henry,RB,,414.p.29279,29279,Bal,yahoo_fantasy_api
2022,11,,5,api,Patty Primetimes,Malle ❤️ 🐸,2022-W11-02,2,84.96,90.2,Tyler Allgeier,RB,RB,True,False,False,,6.9,,Tyler Allgeier,RB,,414.p.34107,34107,Ari,yahoo_fantasy_api
2022,11,,6,api,Patty Primetimes,Malle ❤️ 🐸,2022-W11-02,2,84.96,90.2,Robert Tonyan,TE,TE,True,False,False,,2.9,,Robert Tonyan,TE,,414.p.30777,30777,Pit,yahoo_fantasy_api
2022,11,,7,api,Patty Primetimes,Malle ❤️ 🐸,2022-W11-02,2,84.96,90.2,Kadarius Toney,WR,W/R/T,True,False,False,,0.0,,Kadarius Toney,WR,,414.p.33408,33408,Cle,yahoo_fantasy_api
2022,11,,8,api,Patty Primetimes,Malle ❤️ 🐸,2022-W11-02,2,84.96,90.2,Travis Etienne Jr.,RB,BN,False,True,False,,0.0,,Travis Etienne Jr.,RB,,414.p.33413,33413,NO,yahoo_fantasy_api
2022,11,,9,api,Patty Primetimes,Malle ❤️ 🐸,2022-W11-02,2,84.96,90.2,DK Metcalf,WR,BN,False,True,False,,0.0,,DK Metcalf,WR,,414.p.31896,31896,Pit,yahoo_fantasy_api
2022,11,,10,api,Patty Primetimes,Malle ❤️ 🐸,2022-W11-02,2,84.96,90.2,Darren Waller,TE,BN,False,True,False,,0.0,,Darren Waller,TE,,414.p.28592,28592,Car,yahoo_fantasy_api
2022,11,,11,api,Patty Primetimes,Malle ❤️ 🐸,2022-W11-02,2,84.96,90.2,Aaron Rodgers,QB,BN,False,True,False,,23.08,,Aaron Rodgers,QB,,414.p.7200,7200,Pit,yahoo_fantasy_api
2022,11,,12,api,Patty Primetimes,Malle ❤️ 🐸,2022-W11-02,2,84.96,90.2,Mecole Hardman Jr.,WR,BN,False,True,False,,0.0,,Mecole Hardman Jr.,WR,,414.p.31888,31888,Buf,yahoo_fantasy_api
2022,11,,13,api,Patty Primetimes,Malle ❤️ 🐸,2022-W11-02,2,84.96,90.2,Deshaun Watson,QB,BN,False,True,False,,0.0,,Deshaun Watson,QB,,414.p.30125,30125,Cle,yahoo_fantasy_api
2022,11,,14,api,Patty Primetimes,Malle ❤️ 🐸,2022-W11-02,2,84.96,90.2,Michael Thomas,WR,IR,False,False,True,,0.0,,Michael Thomas,WR,,414.p.29281,29281,NO,yahoo_fantasy_api
2022,11,,15,api,Patty Primetimes,Malle ❤️ 🐸,2022-W11-02,2,84.96,90.2,Chase McLaughlin,K,K,True,False,False,,12.0,,Chase McLaughlin,K,,414.p.32417,32417,TB,yahoo_fantasy_api
2022,11,,16,api,Patty Primetimes,Malle ❤️ 🐸,2022-W11-02,2,84.96,90.2,Titans,DEF,DEF,True,False,False,,4.0,,Titans,DEF,,414.p.100010,100010,Ten,yahoo_fantasy_api
2022,11,,1,api,Pop Lockett Drop it,Voldemort,2022-W11-03,3,76.72,114.38,Justin Fields,QB,QB,True,False,False,,25.62,,Justin Fields,QB,,414.p.33399,33399,KC,yahoo_fantasy_api
2022,11,,2,api,Pop Lockett Drop it,Voldemort,2022-W11-03,3,76.72,114.38,Gabe Davis,WR,WR,True,False,False,,9.3,,Gabe Davis,WR,,414.p.32798,32798,Buf,yahoo_fantasy_api
2022,11,,3,api,Pop Lockett Drop it,Voldemort,2022-W11-03,3,76.72,114.38,Rondale Moore,WR,WR,True,False,False,,-0.6,,Rondale Moore,WR,,414.p.33437,33437,Min,yahoo_fantasy_api
2022,11,,4,api,Pop Lockett Drop it,Voldemort,2022-W11-03,3,76.72,114.38,Brian Robinson,RB,RB,True,False,False,,5.7,,Brian Robinson,RB,,414.p.34054,34054,Atl,yahoo_fantasy_api
2022,11,,5,api,Pop Lockett Drop it,Voldemort,2022-W11-03,3,76.72,114.38,Nick Chubb,RB,RB,True,False,False,,8.2,,Nick Chubb,RB,,414.p.31005,31005,Hou,yahoo_fantasy_api
2022,11,,6,api,Pop Lockett Drop it,Voldemort,2022-W11-03,3,76.72,114.38,Gerald Everett,TE,TE,True,False,False,,0.0,,Gerald Everett,TE,,414.p.30157,30157,Chi,yahoo_fantasy_api
2022,11,,7,api,Pop Lockett Drop it,Voldemort,2022-W11-03,3,76.72,114.38,Michael Pittman Jr.,WR,W/R/T,True,False,False,,10.5,,Michael Pittman Jr.,WR,,414.p.32704,32704,Pit,yahoo_fantasy_api
2022,11,,8,api,Pop Lockett Drop it,Voldemort,2022-W11-03,3,76.72,114.38,Melvin Gordon III,RB,BN,False,True,False,,9.5,,Melvin Gordon III,RB,,414.p.28403,28403,Bal,yahoo_fantasy_api
2022,11,,9,api,Pop Lockett Drop it,Voldemort,2022-W11-03,3,76.72,114.38,Keenan Allen,WR,BN,False,True,False,,9.9,,Keenan Allen,WR,,414.p.26699,26699,Ind,yahoo_fantasy_api
2022,11,,10,api,Pop Lockett Drop it,Voldemort,2022-W11-03,3,76.72,114.38,Hollywood Brown,WR,BN,False,True,False,,0.0,,Hollywood Brown,WR,,414.p.31857,31857,Phi,yahoo_fantasy_api
2022,11,,11,api,Pop Lockett Drop it,Voldemort,2022-W11-03,3,76.72,114.38,Allen Robinson,WR,BN,False,True,False,,12.7,,Allen Robinson,WR,,414.p.27589,27589,Det,yahoo_fantasy_api
2022,11,,12,api,Pop Lockett Drop it,Voldemort,2022-W11-03,3,76.72,114.38,Eno Benjamin,RB,BN,False,True,False,,0.0,,Eno Benjamin,RB,,414.p.32892,32892,NO,yahoo_fantasy_api
2022,11,,13,api,Pop Lockett Drop it,Voldemort,2022-W11-03,3,76.72,114.38,Evan McPherson,K,K,True,False,False,,17.0,,Evan McPherson,K,,414.p.33537,33537,Cin,yahoo_fantasy_api
2022,11,,14,api,Pop Lockett Drop it,Voldemort,2022-W11-03,3,76.72,114.38,Bengals,DEF,DEF,True,False,False,,1.0,,Bengals,DEF,,414.p.100004,100004,Cin,yahoo_fantasy_api
2022,11,,1,api,Post Mahomes,Big Sack Jack,2022-W11-06,6,77.48,89.8,Russell Wilson,QB,QB,True,False,False,,10.68,,Russell Wilson,QB,,414.p.25785,25785,NYG,yahoo_fantasy_api
2022,11,,2,api,Post Mahomes,Big Sack Jack,2022-W11-06,6,77.48,89.8,A.J. Brown,WR,WR,True,False,False,,6.5,,A.J. Brown,WR,,414.p.31883,31883,NE,yahoo_fantasy_api
2022,11,,3,api,Post Mahomes,Big Sack Jack,2022-W11-06,6,77.48,89.8,Garrett Wilson,WR,WR,True,False,False,,2.2,,Garrett Wilson,WR,,414.p.33965,33965,NYJ,yahoo_fantasy_api
2022,11,,4,api,Post Mahomes,Big Sack Jack,2022-W11-06,6,77.48,89.8,Dameon Pierce,RB,RB,True,False,False,,2.7,,Dameon Pierce,RB,,414.p.34063,34063,Phi,yahoo_fantasy_api
2022,11,,5,api,Post Mahomes,Big Sack Jack,2022-W11-06,6,77.48,89.8,Jonathan Taylor,RB,RB,True,False,False,,14.9,,Jonathan Taylor,RB,,414.p.32711,32711,Ind,yahoo_fantasy_api
2022,11,,6,api,Post Mahomes,Big Sack Jack,2022-W11-06,6,77.48,89.8,Tyler Higbee,TE,TE,True,False,False,,6.5,,Tyler Higbee,TE,,414.p.29344,29344,LAR,yahoo_fantasy_api
2022,11,,7,api,Post Mahomes,Big Sack Jack,2022-W11-06,6,77.48,89.8,CeeDee Lamb,WR,W/R/T,True,False,False,,7.0,,CeeDee Lamb,WR,,414.p.32687,32687,Dal,yahoo_fantasy_api
2022,11,,8,api,Post Mahomes,Big Sack Jack,2022-W11-06,6,77.48,89.8,Joshua Palmer,WR,BN,False,True,False,,26.6,,Joshua Palmer,WR,,414.p.33465,33465,Buf,yahoo_fantasy_api
2022,11,,9,api,Post Mahomes,Big Sack Jack,2022-W11-06,6,77.48,89.8,Tua Tagovailoa,QB,BN,False,True,False,,0.0,,Tua Tagovailoa,QB,,414.p.32675,32675,Atl,yahoo_fantasy_api
2022,11,,10,api,Post Mahomes,Big Sack Jack,2022-W11-06,6,77.48,89.8,Kenneth Walker III,RB,BN,False,True,False,,0.0,,Kenneth Walker III,RB,,414.p.33996,33996,KC,yahoo_fantasy_api
2022,11,,11,api,Post Mahomes,Big Sack Jack,2022-W11-06,6,77.48,89.8,Drake London,WR,BN,False,True,False,,6.7,,Drake London,WR,,414.p.33963,33963,Atl,yahoo_fantasy_api
2022,11,,12,api,Post Mahomes,Big Sack Jack,2022-W11-06,6,77.48,89.8,Odell Beckham Jr.,WR,BN,False,True,False,,0.0,,Odell Beckham Jr.,WR,,414.p.27540,27540,NYG,yahoo_fantasy_api
2022,11,,13,api,Post Mahomes,Big Sack Jack,2022-W11-06,6,77.48,89.8,Kyren Williams,RB,BN,False,True,False,,4.9,,Kyren Williams,RB,,414.p.34120,34120,LAR,yahoo_fantasy_api
2022,11,,14,api,Post Mahomes,Big Sack Jack,2022-W11-06,6,77.48,89.8,Brett Maher,K,K,True,False,False,,22.0,,Brett Maher,K,,414.p.27369,27369,LAR,yahoo_fantasy_api
2022,11,,15,api,Post Mahomes,Big Sack Jack,2022-W11-06,6,77.48,89.8,Bills,DEF,DEF,True,False,False,,5.0,,Bills,DEF,,414.p.100002,100002,Buf,yahoo_fantasy_api
2022,11,,1,api,The Big Gronkowski,Uncle Rico,2022-W11-01,1,156.2,101.76,Kirk Cousins,QB,QB,True,False,False,,2.2,,Kirk Cousins,QB,,414.p.25812,25812,LV,yahoo_fantasy_api
2022,11,,2,api,The Big Gronkowski,Uncle Rico,2022-W11-01,1,156.2,101.76,Tee Higgins,WR,WR,True,False,False,,19.3,,Tee Higgins,WR,,414.p.32703,32703,Cin,yahoo_fantasy_api
2022,11,,3,api,The Big Gronkowski,Uncle Rico,2022-W11-01,1,156.2,101.76,Darius Slayton,WR,WR,True,False,False,,11.1,,Darius Slayton,WR,,414.p.32003,32003,Ind,yahoo_fantasy_api
2022,11,,4,api,The Big Gronkowski,Uncle Rico,2022-W11-01,1,156.2,101.76,Austin Ekeler,RB,RB,True,False,False,,17.0,,Austin Ekeler,RB,,414.p.30423,30423,Was,yahoo_fantasy_api
2022,11,,5,api,The Big Gronkowski,Uncle Rico,2022-W11-01,1,156.2,101.76,Damien Harris,RB,RB,True,False,False,,10.3,,Damien Harris,RB,,414.p.31919,31919,Buf,yahoo_fantasy_api
2022,11,,6,api,The Big Gronkowski,Uncle Rico,2022-W11-01,1,156.2,101.76,George Kittle,TE,TE,True,False,False,,22.4,,George Kittle,TE,,414.p.30259,30259,SF,yahoo_fantasy_api
2022,11,,7,api,The Big Gronkowski,Uncle Rico,2022-W11-01,1,156.2,101.76,Tony Pollard,RB,W/R/T,True,False,False,,33.9,,Tony Pollard,RB,,414.p.31960,31960,Ten,yahoo_fantasy_api
2022,11,,8,api,The Big Gronkowski,Uncle Rico,2022-W11-01,1,156.2,101.76,JuJu Smith-Schuster,WR,BN,False,True,False,,0.0,,JuJu Smith-Schuster,WR,,414.p.30175,30175,NYG,yahoo_fantasy_api
2022,11,,9,api,The Big Gronkowski,Uncle Rico,2022-W11-01,1,156.2,101.76,Jeff Wilson Jr.,RB,BN,False,True,False,,0.0,,Jeff Wilson Jr.,RB,,414.p.31394,31394,Mia,yahoo_fantasy_api
2022,11,,10,api,The Big Gronkowski,Uncle Rico,2022-W11-01,1,156.2,101.76,Cooper Kupp,WR,BN,False,True,False,,0.0,,Cooper Kupp,WR,,414.p.30182,30182,Sea,yahoo_fantasy_api
2022,11,,11,api,The Big Gronkowski,Uncle Rico,2022-W11-01,1,156.2,101.76,Hayden Hurst,TE,BN,False,True,False,,3.8,,Hayden Hurst,TE,,414.p.30995,30995,LAC,yahoo_fantasy_api
2022,11,,12,api,The Big Gronkowski,Uncle Rico,2022-W11-01,1,156.2,101.76,Jimmy Garoppolo,QB,BN,False,True,False,,33.42,,Jimmy Garoppolo,QB,,414.p.27590,27590,LAR,yahoo_fantasy_api
2022,11,,13,api,The Big Gronkowski,Uncle Rico,2022-W11-01,1,156.2,101.76,Trey Lance,QB,IR,False,False,True,,0.0,,Trey Lance,QB,,414.p.33391,33391,LAC,yahoo_fantasy_api
2022,11,,14,api,The Big Gronkowski,Uncle Rico,2022-W11-01,1,156.2,101.76,Tyler Bass,K,K,True,False,False,,23.0,,Tyler Bass,K,,414.p.32858,32858,Buf,yahoo_fantasy_api
2022,11,,15,api,The Big Gronkowski,Uncle Rico,2022-W11-01,1,156.2,101.76,Ravens,DEF,DEF,True,False,False,,17.0,,Ravens,DEF,,414.p.100033,100033,Bal,yahoo_fantasy_api
2022,11,,16,api,The Big Gronkowski,Uncle Rico,2022-W11-01,1,156.2,101.76,Buccaneers,DEF,BN,False,True,False,,0.0,,Buccaneers,DEF,,414.p.100027,100027,TB,yahoo_fantasy_api
2022,11,,1,api,ThreatLevelMidnight,malle_dips_pouches,2022-W11-05,5,102.24,122.26,Dak Prescott,QB,QB,True,False,False,,24.64,,Dak Prescott,QB,,414.p.29369,29369,Dal,yahoo_fantasy_api
2022,11,,2,api,ThreatLevelMidnight,malle_dips_pouches,2022-W11-05,5,102.24,122.26,DeAndre Hopkins,WR,WR,True,False,False,,13.6,,DeAndre Hopkins,WR,,414.p.26650,26650,Bal,yahoo_fantasy_api
2022,11,,3,api,ThreatLevelMidnight,malle_dips_pouches,2022-W11-05,5,102.24,122.26,Stefon Diggs,WR,WR,True,False,False,,12.8,,Stefon Diggs,WR,,414.p.28534,28534,Was,yahoo_fantasy_api
2022,11,,4,api,ThreatLevelMidnight,malle_dips_pouches,2022-W11-05,5,102.24,122.26,Miles Sanders,RB,RB,True,False,False,,5.3,,Miles Sanders,RB,,414.p.31885,31885,Dal,yahoo_fantasy_api
2022,11,,5,api,ThreatLevelMidnight,malle_dips_pouches,2022-W11-05,5,102.24,122.26,Kenyan Drake,RB,RB,True,False,False,,6.3,,Kenyan Drake,RB,,414.p.29307,29307,Bal,yahoo_fantasy_api
2022,11,,6,api,ThreatLevelMidnight,malle_dips_pouches,2022-W11-05,5,102.24,122.26,David Njoku,TE,TE,True,False,False,,2.7,,David Njoku,TE,,414.p.30142,30142,LAC,yahoo_fantasy_api
2022,11,,7,api,ThreatLevelMidnight,malle_dips_pouches,2022-W11-05,5,102.24,122.26,Elijah Mitchell,RB,W/R/T,True,False,False,,5.9,,Elijah Mitchell,RB,,414.p.33582,33582,KC,yahoo_fantasy_api
2022,11,,8,api,ThreatLevelMidnight,malle_dips_pouches,2022-W11-05,5,102.24,122.26,Gus Edwards,RB,BN,False,True,False,,0.0,,Gus Edwards,RB,,414.p.31424,31424,LAC,yahoo_fantasy_api
2022,11,,9,api,ThreatLevelMidnight,malle_dips_pouches,2022-W11-05,5,102.24,122.26,D'Onta Foreman,RB,BN,False,True,False,,2.4,,D'Onta Foreman,RB,,414.p.30202,30202,Cle,yahoo_fantasy_api
2022,11,,10,api,ThreatLevelMidnight,malle_dips_pouches,2022-W11-05,5,102.24,122.26,Mike Evans,WR,BN,False,True,False,,0.0,,Mike Evans,WR,,414.p.27535,27535,SF,yahoo_fantasy_api
2022,11,,11,api,ThreatLevelMidnight,malle_dips_pouches,2022-W11-05,5,102.24,122.26,Geno Smith,QB,BN,False,True,False,,0.0,,Geno Smith,QB,,414.p.26662,26662,NYJ,yahoo_fantasy_api
2022,11,,12,api,ThreatLevelMidnight,malle_dips_pouches,2022-W11-05,5,102.24,122.26,Rachaad White,RB,BN,False,True,False,,0.0,,Rachaad White,RB,,414.p.34047,34047,Was,yahoo_fantasy_api
2022,11,,13,api,ThreatLevelMidnight,malle_dips_pouches,2022-W11-05,5,102.24,122.26,Isaiah Likely,TE,BN,False,True,False,,0.6,,Isaiah Likely,TE,,414.p.34095,34095,NYG,yahoo_fantasy_api
2022,11,,14,api,ThreatLevelMidnight,malle_dips_pouches,2022-W11-05,5,102.24,122.26,Harrison Butker,K,K,True,False,False,,14.0,,Harrison Butker,K,,414.p.30346,30346,KC,yahoo_fantasy_api
2022,11,,15,api,ThreatLevelMidnight,malle_dips_pouches,2022-W11-05,5,102.24,122.26,Patriots,DEF,DEF,True,False,False,,17.0,,Patriots,DEF,,414.p.100017,100017,NE,yahoo_fantasy_api
2022,11,,1,api,Uncle Rico,The Big Gronkowski,2022-W11-01,1,101.76,156.2,Patrick Mahomes,QB,QB,True,False,False,,33.46,,Patrick Mahomes,QB,,414.p.30123,30123,KC,yahoo_fantasy_api
2022,11,,2,api,Uncle Rico,The Big Gronkowski,2022-W11-01,1,101.76,156.2,Brandon Aiyuk,WR,WR,True,False,False,,15.0,,Brandon Aiyuk,WR,,414.p.32695,32695,SF,yahoo_fantasy_api
2022,11,,3,api,Uncle Rico,The Big Gronkowski,2022-W11-01,1,101.76,156.2,Jakobi Meyers,WR,WR,True,False,False,,7.2,,Jakobi Meyers,WR,,414.p.32231,32231,Jax,yahoo_fantasy_api
2022,11,,4,api,Uncle Rico,The Big Gronkowski,2022-W11-01,1,101.76,156.2,Saquon Barkley,RB,RB,True,False,False,,4.5,,Saquon Barkley,RB,,414.p.30972,30972,Phi,yahoo_fantasy_api
2022,11,,5,api,Uncle Rico,The Big Gronkowski,2022-W11-01,1,101.76,156.2,Cordarrelle Patterson,RB,RB,True,False,False,,10.9,,Cordarrelle Patterson,RB,,414.p.26652,26652,Pit,yahoo_fantasy_api
2022,11,,6,api,Uncle Rico,The Big Gronkowski,2022-W11-01,1,101.76,156.2,Cole Kmet,TE,TE,True,False,False,,5.0,,Cole Kmet,TE,,414.p.32713,32713,Chi,yahoo_fantasy_api
2022,11,,7,api,Uncle Rico,The Big Gronkowski,2022-W11-01,1,101.76,156.2,Isiah Pacheco,RB,W/R/T,True,False,False,,10.7,,Isiah Pacheco,RB,,414.p.34207,34207,Det,yahoo_fantasy_api
2022,11,,8,api,Uncle Rico,The Big Gronkowski,2022-W11-01,1,101.76,156.2,Najee Harris,RB,BN,False,True,False,,25.6,,Najee Harris,RB,,414.p.33412,33412,NYG,yahoo_fantasy_api
2022,11,,9,api,Uncle Rico,The Big Gronkowski,2022-W11-01,1,101.76,156.2,Christian Kirk,WR,BN,False,True,False,,0.0,,Christian Kirk,WR,,414.p.31017,31017,SF,yahoo_fantasy_api
2022,11,,10,api,Uncle Rico,The Big Gronkowski,2022-W11-01,1,101.76,156.2,Parris Campbell,WR,BN,False,True,False,,9.2,,Parris Campbell,WR,,414.p.31891,31891,Dal,yahoo_fantasy_api
2022,11,,11,api,Uncle Rico,The Big Gronkowski,2022-W11-01,1,101.76,156.2,DeAndre Carter,WR,BN,False,True,False,,4.8,,DeAndre Carter,WR,,414.p.28947,28947,Cle,yahoo_fantasy_api
2022,11,,12,api,Uncle Rico,The Big Gronkowski,2022-W11-01,1,101.76,156.2,Jerick McKinnon,RB,BN,False,True,False,,0.9,,Jerick McKinnon,RB,,414.p.27624,27624,KC,yahoo_fantasy_api
2022,11,,13,api,Uncle Rico,The Big Gronkowski,2022-W11-01,1,101.76,156.2,Ja'Marr Chase,WR,IR,False,False,True,,0.0,,Ja'Marr Chase,WR,,414.p.33393,33393,Cin,yahoo_fantasy_api
2022,11,,14,api,Uncle Rico,The Big Gronkowski,2022-W11-01,1,101.76,156.2,Robbie Gould,K,K,True,False,False,,8.0,,Robbie Gould,K,,414.p.7520,7520,SF,yahoo_fantasy_api
2022,11,,15,api,Uncle Rico,The Big Gronkowski,2022-W11-01,1,101.76,156.2,Eagles,DEF,DEF,True,False,False,,7.0,,Eagles,DEF,,414.p.100021,100021,Phi,yahoo_fantasy_api
2022,11,,1,api,Voldemort,Pop Lockett Drop it,2022-W11-03,3,114.38,76.72,Josh Allen,QB,QB,True,False,False,,14.58,,Josh Allen,QB,,414.p.30977,30977,Buf,yahoo_fantasy_api
2022,11,,2,api,Voldemort,Pop Lockett Drop it,2022-W11-03,3,114.38,76.72,Justin Jefferson,WR,WR,True,False,False,,4.8,,Justin Jefferson,WR,,414.p.32692,32692,Min,yahoo_fantasy_api
2022,11,,3,api,Voldemort,Pop Lockett Drop it,2022-W11-03,3,114.38,76.72,Christian Watson,WR,WR,True,False,False,,19.1,,Christian Watson,WR,,414.p.33989,33989,GB,yahoo_fantasy_api
2022,11,,4,api,Voldemort,Pop Lockett Drop it,2022-W11-03,3,114.38,76.72,David Montgomery,RB,RB,True,False,False,,19.6,,David Montgomery,RB,,414.p.31905,31905,Hou,yahoo_fantasy_api
2022,11,,5,api,Voldemort,Pop Lockett Drop it,2022-W11-03,3,114.38,76.72,Joe Mixon,RB,RB,True,False,False,,7.7,,Joe Mixon,RB,,414.p.30161,30161,Hou,yahoo_fantasy_api
2022,11,,6,api,Voldemort,Pop Lockett Drop it,2022-W11-03,3,114.38,76.72,Dalton Schultz,TE,TE,True,False,False,,3.7,,Dalton Schultz,TE,,414.p.31107,31107,Hou,yahoo_fantasy_api
2022,11,,7,api,Voldemort,Pop Lockett Drop it,2022-W11-03,3,114.38,76.72,Deebo Samuel Sr.,WR,W/R/T,True,False,False,,18.9,,Deebo Samuel Sr.,WR,,414.p.31868,31868,SF,yahoo_fantasy_api
2022,11,,8,api,Voldemort,Pop Lockett Drop it,2022-W11-03,3,114.38,76.72,D'Andre Swift,RB,BN,False,True,False,,10.7,,D'Andre Swift,RB,,414.p.32705,32705,Chi,yahoo_fantasy_api
2022,11,,9,api,Voldemort,Pop Lockett Drop it,2022-W11-03,3,114.38,76.72,Chris Godwin Jr.,WR,BN,False,True,False,,0.0,,Chris Godwin Jr.,WR,,414.p.30197,30197,TB,yahoo_fantasy_api
2022,11,,10,api,Voldemort,Pop Lockett Drop it,2022-W11-03,3,114.38,76.72,Darnell Mooney,WR,BN,False,True,False,,10.9,,Darnell Mooney,WR,,414.p.32843,32843,NYG,yahoo_fantasy_api
2022,11,,11,api,Voldemort,Pop Lockett Drop it,2022-W11-03,3,114.38,76.72,Raheem Mostert,RB,BN,False,True,False,,0.0,,Raheem Mostert,RB,,414.p.28654,28654,LV,yahoo_fantasy_api
2022,11,,12,api,Voldemort,Pop Lockett Drop it,2022-W11-03,3,114.38,76.72,George Pickens,WR,BN,False,True,False,,16.3,,George Pickens,WR,,414.p.34007,34007,Dal,yahoo_fantasy_api
2022,11,,13,api,Voldemort,Pop Lockett Drop it,2022-W11-03,3,114.38,76.72,Keaontay Ingram,RB,BN,False,True,False,,1.9,,Keaontay Ingram,RB,,414.p.34157,34157,KC,yahoo_fantasy_api
2022,11,,14,api,Voldemort,Pop Lockett Drop it,2022-W11-03,3,114.38,76.72,Zach Ertz,TE,IR,False,False,True,,0.0,,Zach Ertz,TE,,414.p.26658,26658,Phi,yahoo_fantasy_api
2022,11,,15,api,Voldemort,Pop Lockett Drop it,2022-W11-03,3,114.38,76.72,Cameron Dicker,K,K,True,False,False,,10.0,,Cameron Dicker,K,,414.p.34344,34344,LAC,yahoo_fantasy_api
2022,11,,16,api,Voldemort,Pop Lockett Drop it,2022-W11-03,3,114.38,76.72,Cowboys,DEF,DEF,True,False,False,,16.0,,Cowboys,DEF,,414.p.100006,100006,Dal,yahoo_fantasy_api
2022,11,,1,api,malle_dips_pouches,ThreatLevelMidnight,2022-W11-05,5,122.26,102.24,Lamar Jackson,QB,QB,True,False,False,,16.46,,Lamar Jackson,QB,,414.p.31002,31002,Bal,yahoo_fantasy_api
2022,11,,2,api,malle_dips_pouches,ThreatLevelMidnight,2022-W11-05,5,122.26,102.24,Amari Cooper,WR,WR,True,False,False,,27.3,,Amari Cooper,WR,,414.p.28392,28392,Buf,yahoo_fantasy_api
2022,11,,3,api,malle_dips_pouches,ThreatLevelMidnight,2022-W11-05,5,122.26,102.24,Tyler Boyd,WR,WR,True,False,False,,5.2,,Tyler Boyd,WR,,414.p.29288,29288,Ten,yahoo_fantasy_api
2022,11,,4,api,malle_dips_pouches,ThreatLevelMidnight,2022-W11-05,5,122.26,102.24,Josh Jacobs,RB,RB,True,False,False,,17.5,,Josh Jacobs,RB,,414.p.31856,31856,GB,yahoo_fantasy_api
2022,11,,5,api,malle_dips_pouches,ThreatLevelMidnight,2022-W11-05,5,122.26,102.24,Christian McCaffrey,RB,RB,True,False,False,,14.1,,Christian McCaffrey,RB,,414.p.30121,30121,SF,yahoo_fantasy_api
2022,11,,6,api,malle_dips_pouches,ThreatLevelMidnight,2022-W11-05,5,122.26,102.24,Mark Andrews,TE,TE,True,False,False,,9.3,,Mark Andrews,TE,,414.p.31056,31056,Bal,yahoo_fantasy_api
2022,11,,7,api,malle_dips_pouches,ThreatLevelMidnight,2022-W11-05,5,122.26,102.24,James Conner,RB,W/R/T,True,False,False,,12.4,,James Conner,RB,,414.p.30218,30218,Ari,yahoo_fantasy_api
2022,11,,8,api,malle_dips_pouches,ThreatLevelMidnight,2022-W11-05,5,122.26,102.24,Pat Freiermuth,TE,BN,False,True,False,,11.9,,Pat Freiermuth,TE,,414.p.33443,33443,Pit,yahoo_fantasy_api
2022,11,,9,api,malle_dips_pouches,ThreatLevelMidnight,2022-W11-05,5,122.26,102.24,Michael Gallup,WR,BN,False,True,False,,5.6,,Michael Gallup,WR,,414.p.31051,31051,Was,yahoo_fantasy_api
2022,11,,10,api,malle_dips_pouches,ThreatLevelMidnight,2022-W11-05,5,122.26,102.24,Jaylen Waddle,WR,BN,False,True,False,,0.0,,Jaylen Waddle,WR,,414.p.33394,33394,Den,yahoo_fantasy_api
2022,11,,11,api,malle_dips_pouches,ThreatLevelMidnight,2022-W11-05,5,122.26,102.24,DeVonta Smith,WR,BN,False,True,False,,10.8,,DeVonta Smith,WR,,414.p.33398,33398,Phi,yahoo_fantasy_api
2022,11,,12,api,malle_dips_pouches,ThreatLevelMidnight,2022-W11-05,5,122.26,102.24,Michael Carter,RB,BN,False,True,False,,2.2,,Michael Carter,RB,,414.p.33495,33495,Ten,yahoo_fantasy_api
2022,11,,13,api,malle_dips_pouches,ThreatLevelMidnight,2022-W11-05,5,122.26,102.24,Matt Gay,K,K,True,False,False,,10.0,,Matt Gay,K,,414.p.31977,31977,LV,yahoo_fantasy_api
2022,11,,14,api,malle_dips_pouches,ThreatLevelMidnight,2022-W11-05,5,122.26,102.24,Jets,DEF,DEF,True,False,False,,10.0,,Jets,DEF,,414.p.100020,100020,NYJ,yahoo_fantasy_api
2022,11,,15,api,malle_dips_pouches,ThreatLevelMidnight,2022-W11-05,5,122.26,102.24,Steelers,DEF,BN,False,True,False,,2.0,,Steelers,DEF,,414.p.100023,100023,Pit,yahoo_fantasy_api
2022,12,,1,api,Big Sack Jack,Pop Lockett Drop it,2022-W12-05,5,118.6,112.84,Joe Burrow,QB,QB,True,False,False,,20.0,,Joe Burrow,QB,,414.p.32671,32671,Cin,yahoo_fantasy_api
2022,12,,2,api,Big Sack Jack,Pop Lockett Drop it,2022-W12-05,5,118.6,112.84,DJ Moore,WR,WR,True,False,False,,18.3,,DJ Moore,WR,,414.p.30994,30994,Buf,yahoo_fantasy_api
2022,12,,3,api,Big Sack Jack,Pop Lockett Drop it,2022-W12-05,5,118.6,112.84,Amon-Ra St. Brown,WR,WR,True,False,False,,23.4,,Amon-Ra St. Brown,WR,,414.p.33500,33500,Det,yahoo_fantasy_api
2022,12,,4,api,Big Sack Jack,Pop Lockett Drop it,2022-W12-05,5,118.6,112.84,AJ Dillon,RB,RB,True,False,False,,16.3,,AJ Dillon,RB,,414.p.32732,32732,Car,yahoo_fantasy_api
2022,12,,5,api,Big Sack Jack,Pop Lockett Drop it,2022-W12-05,5,118.6,112.84,Dalvin Cook,RB,RB,True,False,False,,7.6,,Dalvin Cook,RB,,414.p.30154,30154,Dal,yahoo_fantasy_api
2022,12,,6,api,Big Sack Jack,Pop Lockett Drop it,2022-W12-05,5,118.6,112.84,Dawson Knox,TE,TE,True,False,False,,2.7,,Dawson Knox,TE,,414.p.31928,31928,Buf,yahoo_fantasy_api
2022,12,,7,api,Big Sack Jack,Pop Lockett Drop it,2022-W12-05,5,118.6,112.84,Nyheim Miller-Hines,RB,W/R/T,True,False,False,,0.3,,Nyheim Miller-Hines,RB,,414.p.31074,31074,LAC,yahoo_fantasy_api
2022,12,,8,api,Big Sack Jack,Pop Lockett Drop it,2022-W12-05,5,118.6,112.84,Derek Carr,QB,BN,False,True,False,,28.8,,Derek Carr,QB,,414.p.27564,27564,NO,yahoo_fantasy_api
2022,12,,9,api,Big Sack Jack,Pop Lockett Drop it,2022-W12-05,5,118.6,112.84,Tyreek Hill,WR,BN,False,True,False,,12.0,,Tyreek Hill,WR,,414.p.29399,29399,Mia,yahoo_fantasy_api
2022,12,,10,api,Big Sack Jack,Pop Lockett Drop it,2022-W12-05,5,118.6,112.84,Khalil Herbert,RB,BN,False,True,False,,0.0,,Khalil Herbert,RB,,414.p.33605,33605,Atl,yahoo_fantasy_api
2022,12,,11,api,Big Sack Jack,Pop Lockett Drop it,2022-W12-05,5,118.6,112.84,Nico Collins,WR,BN,False,True,False,,7.4,,Nico Collins,WR,,414.p.33477,33477,Hou,yahoo_fantasy_api
2022,12,,12,api,Big Sack Jack,Pop Lockett Drop it,2022-W12-05,5,118.6,112.84,Justin Tucker,K,K,True,False,False,,15.0,,Justin Tucker,K,,414.p.26534,26534,Bal,yahoo_fantasy_api
2022,12,,13,api,Big Sack Jack,Pop Lockett Drop it,2022-W12-05,5,118.6,112.84,Jake Elliott,K,BN,False,True,False,,12.0,,Jake Elliott,K,,414.p.30266,30266,Phi,yahoo_fantasy_api
2022,12,,14,api,Big Sack Jack,Pop Lockett Drop it,2022-W12-05,5,118.6,112.84,49ers,DEF,DEF,True,False,False,,15.0,,49ers,DEF,,414.p.100025,100025,SF,yahoo_fantasy_api
2022,12,,15,api,Big Sack Jack,Pop Lockett Drop it,2022-W12-05,5,118.6,112.84,Chiefs,DEF,BN,False,True,False,,11.0,,Chiefs,DEF,,414.p.100012,100012,KC,yahoo_fantasy_api
2022,12,,1,api,Ginger FC 🏆🏆,ThreatLevelMidnight,2022-W12-04,4,94.84,131.64,Kyler Murray,QB,QB,True,False,False,,30.24,,Kyler Murray,QB,,414.p.31833,31833,Min,yahoo_fantasy_api
2022,12,,2,api,Ginger FC 🏆🏆,ThreatLevelMidnight,2022-W12-04,4,94.84,131.64,Tyler Lockett,WR,WR,True,False,False,,14.3,,Tyler Lockett,WR,,414.p.28457,28457,LV,yahoo_fantasy_api
2022,12,,3,api,Ginger FC 🏆🏆,ThreatLevelMidnight,2022-W12-04,4,94.84,131.64,Curtis Samuel,WR,WR,True,False,False,,1.3,,Curtis Samuel,WR,,414.p.30153,30153,Buf,yahoo_fantasy_api
2022,12,,4,api,Ginger FC 🏆🏆,ThreatLevelMidnight,2022-W12-04,4,94.84,131.64,Rhamondre Stevenson,RB,RB,True,False,False,,15.7,,Rhamondre Stevenson,RB,,414.p.33508,33508,NE,yahoo_fantasy_api
2022,12,,5,api,Ginger FC 🏆🏆,ThreatLevelMidnight,2022-W12-04,4,94.84,131.64,Alvin Kamara,RB,RB,True,False,False,,4.0,,Alvin Kamara,RB,,414.p.30180,30180,NO,yahoo_fantasy_api
2022,12,,6,api,Ginger FC 🏆🏆,ThreatLevelMidnight,2022-W12-04,4,94.84,131.64,Travis Kelce,TE,TE,True,False,False,,13.7,,Travis Kelce,TE,,414.p.26686,26686,KC,yahoo_fantasy_api
2022,12,,7,api,Ginger FC 🏆🏆,ThreatLevelMidnight,2022-W12-04,4,94.84,131.64,Donovan Peoples-Jones,WR,W/R/T,True,False,False,,2.6,,Donovan Peoples-Jones,WR,,414.p.32857,32857,NO,yahoo_fantasy_api
2022,12,,8,api,Ginger FC 🏆🏆,ThreatLevelMidnight,2022-W12-04,4,94.84,131.64,Leonard Fournette,RB,BN,False,True,False,,0.0,,Leonard Fournette,RB,,414.p.30117,30117,Buf,yahoo_fantasy_api
2022,12,,9,api,Ginger FC 🏆🏆,ThreatLevelMidnight,2022-W12-04,4,94.84,131.64,Daniel Jones,QB,BN,False,True,False,,16.52,,Daniel Jones,QB,,414.p.31838,31838,Ind,yahoo_fantasy_api
2022,12,,10,api,Ginger FC 🏆🏆,ThreatLevelMidnight,2022-W12-04,4,94.84,131.64,Devin Duvernay,WR,BN,False,True,False,,5.4,,Devin Duvernay,WR,,414.p.32762,32762,Ari,yahoo_fantasy_api
2022,12,,11,api,Ginger FC 🏆🏆,ThreatLevelMidnight,2022-W12-04,4,94.84,131.64,Kareem Hunt,RB,BN,False,True,False,,2.6,,Kareem Hunt,RB,,414.p.30199,30199,KC,yahoo_fantasy_api
2022,12,,12,api,Ginger FC 🏆🏆,ThreatLevelMidnight,2022-W12-04,4,94.84,131.64,Jerry Jeudy,WR,BN,False,True,False,,0.0,,Jerry Jeudy,WR,,414.p.32685,32685,Cle,yahoo_fantasy_api
2022,12,,13,api,Ginger FC 🏆🏆,ThreatLevelMidnight,2022-W12-04,4,94.84,131.64,Mike Williams,WR,BN,False,True,False,,0.0,,Mike Williams,WR,,414.p.30120,30120,Pit,yahoo_fantasy_api
2022,12,,14,api,Ginger FC 🏆🏆,ThreatLevelMidnight,2022-W12-04,4,94.84,131.64,Daniel Carlson,K,K,True,False,False,,10.0,,Daniel Carlson,K,,414.p.31137,31137,NO,yahoo_fantasy_api
2022,12,,15,api,Ginger FC 🏆🏆,ThreatLevelMidnight,2022-W12-04,4,94.84,131.64,Colts,DEF,DEF,True,False,False,,3.0,,Colts,DEF,,414.p.100011,100011,Ind,yahoo_fantasy_api
2022,12,,1,api,Joe Mantegna,Post Mahomes,2022-W12-03,3,108.76,92.06,Justin Herbert,QB,QB,True,False,False,,34.76,,Justin Herbert,QB,,414.p.32676,32676,LAC,yahoo_fantasy_api
2022,12,,2,api,Joe Mantegna,Post Mahomes,2022-W12-03,3,108.76,92.06,Davante Adams,WR,WR,True,False,False,,10.9,,Davante Adams,WR,,414.p.27581,27581,LAR,yahoo_fantasy_api
2022,12,,3,api,Joe Mantegna,Post Mahomes,2022-W12-03,3,108.76,92.06,Courtland Sutton,WR,WR,True,False,False,,10.5,,Courtland Sutton,WR,,414.p.31010,31010,Den,yahoo_fantasy_api
2022,12,,4,api,Joe Mantegna,Post Mahomes,2022-W12-03,3,108.76,92.06,Aaron Jones Sr.,RB,RB,True,False,False,,17.4,,Aaron Jones Sr.,RB,,414.p.30295,30295,Min,yahoo_fantasy_api
2022,12,,5,api,Joe Mantegna,Post Mahomes,2022-W12-03,3,108.76,92.06,Devin Singletary,RB,RB,True,False,False,,8.5,,Devin Singletary,RB,,414.p.31906,31906,NYG,yahoo_fantasy_api
2022,12,,6,api,Joe Mantegna,Post Mahomes,2022-W12-03,3,108.76,92.06,Greg Dulcich,TE,TE,True,False,False,,2.1,,Greg Dulcich,TE,,414.p.34036,34036,Mia,yahoo_fantasy_api
2022,12,,7,api,Joe Mantegna,Post Mahomes,2022-W12-03,3,108.76,92.06,Brandin Cooks,WR,W/R/T,True,False,False,,8.6,,Brandin Cooks,WR,,414.p.27548,27548,SF,yahoo_fantasy_api
2022,12,,8,api,Joe Mantegna,Post Mahomes,2022-W12-03,3,108.76,92.06,Chase Claypool,WR,BN,False,True,False,,6.1,,Chase Claypool,WR,,414.p.32719,32719,Buf,yahoo_fantasy_api
2022,12,,9,api,Joe Mantegna,Post Mahomes,2022-W12-03,3,108.76,92.06,Darrell Henderson Jr.,RB,BN,False,True,False,,0.0,,Darrell Henderson Jr.,RB,,414.p.31902,31902,LAR,yahoo_fantasy_api
2022,12,,10,api,Joe Mantegna,Post Mahomes,2022-W12-03,3,108.76,92.06,Foster Moreau,TE,BN,False,True,False,,10.8,,Foster Moreau,TE,,414.p.31969,31969,Hou,yahoo_fantasy_api
2022,12,,11,api,Joe Mantegna,Post Mahomes,2022-W12-03,3,108.76,92.06,Dallas Goedert,TE,BN,False,True,False,,0.0,,Dallas Goedert,TE,,414.p.31019,31019,Phi,yahoo_fantasy_api
2022,12,,12,api,Joe Mantegna,Post Mahomes,2022-W12-03,3,108.76,92.06,Marquez Valdes-Scantling,WR,BN,False,True,False,,7.6,,Marquez Valdes-Scantling,WR,,414.p.31144,31144,LAC,yahoo_fantasy_api
2022,12,,13,api,Joe Mantegna,Post Mahomes,2022-W12-03,3,108.76,92.06,Marcus Mariota,QB,BN,False,True,False,,16.86,,Marcus Mariota,QB,,414.p.28390,28390,Was,yahoo_fantasy_api
2022,12,,14,api,Joe Mantegna,Post Mahomes,2022-W12-03,3,108.76,92.06,Breece Hall,RB,IR,False,False,True,,0.0,,Breece Hall,RB,,414.p.33991,33991,NYJ,yahoo_fantasy_api
2022,12,,15,api,Joe Mantegna,Post Mahomes,2022-W12-03,3,108.76,92.06,Younghoe Koo,K,K,True,False,False,,9.0,,Younghoe Koo,K,,414.p.30426,30426,NYG,yahoo_fantasy_api
2022,12,,16,api,Joe Mantegna,Post Mahomes,2022-W12-03,3,108.76,92.06,Commanders,DEF,DEF,True,False,False,,7.0,,Commanders,DEF,,414.p.100028,100028,Was,yahoo_fantasy_api
2022,12,,1,api,Malle ❤️ 🐸,Uncle Rico,2022-W12-02,2,129.12,86.9,Jalen Hurts,QB,QB,True,False,False,,33.82,,Jalen Hurts,QB,,414.p.32723,32723,Phi,yahoo_fantasy_api
2022,12,,2,api,Malle ❤️ 🐸,Uncle Rico,2022-W12-02,2,129.12,86.9,Adam Thielen,WR,WR,True,False,False,,16.6,,Adam Thielen,WR,,414.p.27277,27277,Pit,yahoo_fantasy_api
2022,12,,3,api,Malle ❤️ 🐸,Uncle Rico,2022-W12-02,2,129.12,86.9,Allen Lazard,WR,WR,True,False,False,,3.4,,Allen Lazard,WR,,414.p.31268,31268,NYJ,yahoo_fantasy_api
2022,12,,4,api,Malle ❤️ 🐸,Uncle Rico,2022-W12-02,2,129.12,86.9,Antonio Gibson,RB,RB,True,False,False,,6.9,,Antonio Gibson,RB,,414.p.32736,32736,NE,yahoo_fantasy_api
2022,12,,5,api,Malle ❤️ 🐸,Uncle Rico,2022-W12-02,2,129.12,86.9,Jamaal Williams,RB,RB,True,False,False,,10.6,,Jamaal Williams,RB,,414.p.30247,30247,NO,yahoo_fantasy_api
2022,12,,6,api,Malle ❤️ 🐸,Uncle Rico,2022-W12-02,2,129.12,86.9,T.J. Hockenson,TE,TE,True,False,False,,12.8,,T.J. Hockenson,TE,,414.p.31840,31840,Min,yahoo_fantasy_api
2022,12,,7,api,Malle ❤️ 🐸,Uncle Rico,2022-W12-02,2,129.12,86.9,Ezekiel Elliott,RB,W/R/T,True,False,False,,16.0,,Ezekiel Elliott,RB,,414.p.29238,29238,Dal,yahoo_fantasy_api
2022,12,,8,api,Malle ❤️ 🐸,Uncle Rico,2022-W12-02,2,129.12,86.9,Diontae Johnson,WR,BN,False,True,False,,7.4,,Diontae Johnson,WR,,414.p.31898,31898,Cle,yahoo_fantasy_api
2022,12,,9,api,Malle ❤️ 🐸,Uncle Rico,2022-W12-02,2,129.12,86.9,James Robinson,RB,BN,False,True,False,,0.0,,James Robinson,RB,,414.p.33138,33138,NO,yahoo_fantasy_api
2022,12,,10,api,Malle ❤️ 🐸,Uncle Rico,2022-W12-02,2,129.12,86.9,Trevor Lawrence,QB,BN,False,True,False,,30.94,,Trevor Lawrence,QB,,414.p.33389,33389,Jax,yahoo_fantasy_api
2022,12,,11,api,Malle ❤️ 🐸,Uncle Rico,2022-W12-02,2,129.12,86.9,J.K. Dobbins,RB,BN,False,True,False,,0.0,,J.K. Dobbins,RB,,414.p.32725,32725,Den,yahoo_fantasy_api
2022,12,,12,api,Malle ❤️ 🐸,Uncle Rico,2022-W12-02,2,129.12,86.9,J.D. McKissic,RB,BN,False,True,False,,0.0,,J.D. McKissic,RB,,414.p.29650,29650,Was,yahoo_fantasy_api
2022,12,,13,api,Malle ❤️ 🐸,Uncle Rico,2022-W12-02,2,129.12,86.9,Matthew Stafford,QB,BN,False,True,False,,0.0,,Matthew Stafford,QB,,414.p.9265,9265,LAR,yahoo_fantasy_api
2022,12,,14,api,Malle ❤️ 🐸,Uncle Rico,2022-W12-02,2,129.12,86.9,Graham Gano,K,K,True,False,False,,11.0,,Graham Gano,K,,414.p.9526,9526,NYG,yahoo_fantasy_api
2022,12,,15,api,Malle ❤️ 🐸,Uncle Rico,2022-W12-02,2,129.12,86.9,Dolphins,DEF,DEF,True,False,False,,18.0,,Dolphins,DEF,,414.p.100015,100015,Mia,yahoo_fantasy_api
2022,12,,1,api,Patty Primetimes,malle_dips_pouches,2022-W12-06,6,72.0,142.66,Aaron Rodgers,QB,QB,True,False,False,,15.5,,Aaron Rodgers,QB,,414.p.7200,7200,Pit,yahoo_fantasy_api
2022,12,,2,api,Patty Primetimes,malle_dips_pouches,2022-W12-06,6,72.0,142.66,Terry McLaurin,WR,WR,True,False,False,,7.3,,Terry McLaurin,WR,,414.p.31908,31908,Was,yahoo_fantasy_api
2022,12,,3,api,Patty Primetimes,malle_dips_pouches,2022-W12-06,6,72.0,142.66,Chris Olave,WR,WR,True,False,False,,8.7,,Chris Olave,WR,,414.p.33966,33966,NO,yahoo_fantasy_api
2022,12,,4,api,Patty Primetimes,malle_dips_pouches,2022-W12-06,6,72.0,142.66,Derrick Henry,RB,RB,True,False,False,,13.2,,Derrick Henry,RB,,414.p.29279,29279,Bal,yahoo_fantasy_api
2022,12,,5,api,Patty Primetimes,malle_dips_pouches,2022-W12-06,6,72.0,142.66,Travis Etienne Jr.,RB,RB,True,False,False,,0.3,,Travis Etienne Jr.,RB,,414.p.33413,33413,NO,yahoo_fantasy_api
2022,12,,6,api,Patty Primetimes,malle_dips_pouches,2022-W12-06,6,72.0,142.66,Robert Tonyan,TE,TE,True,False,False,,3.5,,Robert Tonyan,TE,,414.p.30777,30777,Pit,yahoo_fantasy_api
2022,12,,7,api,Patty Primetimes,malle_dips_pouches,2022-W12-06,6,72.0,142.66,DK Metcalf,WR,W/R/T,True,False,False,,14.5,,DK Metcalf,WR,,414.p.31896,31896,Pit,yahoo_fantasy_api
2022,12,,8,api,Patty Primetimes,malle_dips_pouches,2022-W12-06,6,72.0,142.66,Jared Goff,QB,BN,False,True,False,,21.6,,Jared Goff,QB,,414.p.29235,29235,Det,yahoo_fantasy_api
2022,12,,9,api,Patty Primetimes,malle_dips_pouches,2022-W12-06,6,72.0,142.66,Kadarius Toney,WR,BN,False,True,False,,0.0,,Kadarius Toney,WR,,414.p.33408,33408,Cle,yahoo_fantasy_api
2022,12,,10,api,Patty Primetimes,malle_dips_pouches,2022-W12-06,6,72.0,142.66,Tyler Allgeier,RB,BN,False,True,False,,5.4,,Tyler Allgeier,RB,,414.p.34107,34107,Ari,yahoo_fantasy_api
2022,12,,11,api,Patty Primetimes,malle_dips_pouches,2022-W12-06,6,72.0,142.66,Darren Waller,TE,BN,False,True,False,,0.0,,Darren Waller,TE,,414.p.28592,28592,Car,yahoo_fantasy_api
2022,12,,12,api,Patty Primetimes,malle_dips_pouches,2022-W12-06,6,72.0,142.66,Mecole Hardman Jr.,WR,BN,False,True,False,,0.0,,Mecole Hardman Jr.,WR,,414.p.31888,31888,Buf,yahoo_fantasy_api
2022,12,,13,api,Patty Primetimes,malle_dips_pouches,2022-W12-06,6,72.0,142.66,Deshaun Watson,QB,BN,False,True,False,,0.0,,Deshaun Watson,QB,,414.p.30125,30125,Cle,yahoo_fantasy_api
2022,12,,14,api,Patty Primetimes,malle_dips_pouches,2022-W12-06,6,72.0,142.66,Michael Thomas,WR,IR,False,False,True,,0.0,,Michael Thomas,WR,,414.p.29281,29281,NO,yahoo_fantasy_api
2022,12,,15,api,Patty Primetimes,malle_dips_pouches,2022-W12-06,6,72.0,142.66,Chase McLaughlin,K,K,True,False,False,,7.0,,Chase McLaughlin,K,,414.p.32417,32417,TB,yahoo_fantasy_api
2022,12,,16,api,Patty Primetimes,malle_dips_pouches,2022-W12-06,6,72.0,142.66,Titans,DEF,DEF,True,False,False,,2.0,,Titans,DEF,,414.p.100010,100010,Ten,yahoo_fantasy_api
2022,12,,1,api,Pop Lockett Drop it,Big Sack Jack,2022-W12-05,5,112.84,118.6,Tom Brady,QB,QB,True,False,False,,22.04,,Tom Brady,QB,,414.p.5228,5228,TB,yahoo_fantasy_api
2022,12,,2,api,Pop Lockett Drop it,Big Sack Jack,2022-W12-05,5,112.84,118.6,Gabe Davis,WR,WR,True,False,False,,5.8,,Gabe Davis,WR,,414.p.32798,32798,Buf,yahoo_fantasy_api
2022,12,,3,api,Pop Lockett Drop it,Big Sack Jack,2022-W12-05,5,112.84,118.6,Keenan Allen,WR,WR,True,False,False,,13.4,,Keenan Allen,WR,,414.p.26699,26699,Ind,yahoo_fantasy_api
2022,12,,4,api,Pop Lockett Drop it,Big Sack Jack,2022-W12-05,5,112.84,118.6,Brian Robinson,RB,RB,True,False,False,,19.5,,Brian Robinson,RB,,414.p.34054,34054,Atl,yahoo_fantasy_api
2022,12,,5,api,Pop Lockett Drop it,Big Sack Jack,2022-W12-05,5,112.84,118.6,Nick Chubb,RB,RB,True,False,False,,19.7,,Nick Chubb,RB,,414.p.31005,31005,Hou,yahoo_fantasy_api
2022,12,,6,api,Pop Lockett Drop it,Big Sack Jack,2022-W12-05,5,112.84,118.6,Gerald Everett,TE,TE,True,False,False,,5.8,,Gerald Everett,TE,,414.p.30157,30157,Chi,yahoo_fantasy_api
2022,12,,7,api,Pop Lockett Drop it,Big Sack Jack,2022-W12-05,5,112.84,118.6,Michael Pittman Jr.,WR,W/R/T,True,False,False,,15.6,,Michael Pittman Jr.,WR,,414.p.32704,32704,Pit,yahoo_fantasy_api
2022,12,,8,api,Pop Lockett Drop it,Big Sack Jack,2022-W12-05,5,112.84,118.6,Justin Fields,QB,BN,False,True,False,,0.0,,Justin Fields,QB,,414.p.33399,33399,KC,yahoo_fantasy_api
2022,12,,9,api,Pop Lockett Drop it,Big Sack Jack,2022-W12-05,5,112.84,118.6,Rondale Moore,WR,BN,False,True,False,,0.0,,Rondale Moore,WR,,414.p.33437,33437,Min,yahoo_fantasy_api
2022,12,,10,api,Pop Lockett Drop it,Big Sack Jack,2022-W12-05,5,112.84,118.6,Hollywood Brown,WR,BN,False,True,False,,7.6,,Hollywood Brown,WR,,414.p.31857,31857,Phi,yahoo_fantasy_api
2022,12,,11,api,Pop Lockett Drop it,Big Sack Jack,2022-W12-05,5,112.84,118.6,Allen Robinson,WR,BN,False,True,False,,0.0,,Allen Robinson,WR,,414.p.27589,27589,Det,yahoo_fantasy_api
2022,12,,12,api,Pop Lockett Drop it,Big Sack Jack,2022-W12-05,5,112.84,118.6,Eno Benjamin,RB,BN,False,True,False,,0.0,,Eno Benjamin,RB,,414.p.32892,32892,NO,yahoo_fantasy_api
2022,12,,13,api,Pop Lockett Drop it,Big Sack Jack,2022-W12-05,5,112.84,118.6,Evan McPherson,K,K,True,False,False,,9.0,,Evan McPherson,K,,414.p.33537,33537,Cin,yahoo_fantasy_api
2022,12,,14,api,Pop Lockett Drop it,Big Sack Jack,2022-W12-05,5,112.84,118.6,Broncos,DEF,DEF,True,False,False,,2.0,,Broncos,DEF,,414.p.100007,100007,Den,yahoo_fantasy_api
2022,12,,1,api,Post Mahomes,Joe Mantegna,2022-W12-03,3,92.06,108.76,Tua Tagovailoa,QB,QB,True,False,False,,17.96,,Tua Tagovailoa,QB,,414.p.32675,32675,Atl,yahoo_fantasy_api
2022,12,,2,api,Post Mahomes,Joe Mantegna,2022-W12-03,3,92.06,108.76,A.J. Brown,WR,WR,True,False,False,,10.6,,A.J. Brown,WR,,414.p.31883,31883,NE,yahoo_fantasy_api
2022,12,,3,api,Post Mahomes,Joe Mantegna,2022-W12-03,3,92.06,108.76,CeeDee Lamb,WR,WR,True,False,False,,14.7,,CeeDee Lamb,WR,,414.p.32687,32687,Dal,yahoo_fantasy_api
2022,12,,4,api,Post Mahomes,Joe Mantegna,2022-W12-03,3,92.06,108.76,Dameon Pierce,RB,RB,True,False,False,,3.1,,Dameon Pierce,RB,,414.p.34063,34063,Phi,yahoo_fantasy_api
2022,12,,5,api,Post Mahomes,Joe Mantegna,2022-W12-03,3,92.06,108.76,Kenneth Walker III,RB,RB,True,False,False,,16.4,,Kenneth Walker III,RB,,414.p.33996,33996,KC,yahoo_fantasy_api
2022,12,,6,api,Post Mahomes,Joe Mantegna,2022-W12-03,3,92.06,108.76,Tyler Higbee,TE,TE,True,False,False,,0.0,,Tyler Higbee,TE,,414.p.29344,29344,LAR,yahoo_fantasy_api
2022,12,,7,api,Post Mahomes,Joe Mantegna,2022-W12-03,3,92.06,108.76,Jonathan Taylor,RB,W/R/T,True,False,False,,17.3,,Jonathan Taylor,RB,,414.p.32711,32711,Ind,yahoo_fantasy_api
2022,12,,8,api,Post Mahomes,Joe Mantegna,2022-W12-03,3,92.06,108.76,Garrett Wilson,WR,BN,False,True,False,,23.9,,Garrett Wilson,WR,,414.p.33965,33965,NYJ,yahoo_fantasy_api
2022,12,,9,api,Post Mahomes,Joe Mantegna,2022-W12-03,3,92.06,108.76,Joshua Palmer,WR,BN,False,True,False,,8.1,,Joshua Palmer,WR,,414.p.33465,33465,Buf,yahoo_fantasy_api
2022,12,,10,api,Post Mahomes,Joe Mantegna,2022-W12-03,3,92.06,108.76,Drake London,WR,BN,False,True,False,,3.9,,Drake London,WR,,414.p.33963,33963,Atl,yahoo_fantasy_api
2022,12,,11,api,Post Mahomes,Joe Mantegna,2022-W12-03,3,92.06,108.76,Kyren Williams,RB,BN,False,True,False,,7.5,,Kyren Williams,RB,,414.p.34120,34120,LAR,yahoo_fantasy_api
2022,12,,12,api,Post Mahomes,Joe Mantegna,2022-W12-03,3,92.06,108.76,Cam Akers,RB,BN,False,True,False,,3.7,,Cam Akers,RB,,414.p.32722,32722,Sea,yahoo_fantasy_api
2022,12,,13,api,Post Mahomes,Joe Mantegna,2022-W12-03,3,92.06,108.76,Jaylen Warren,RB,BN,False,True,False,,0.0,,Jaylen Warren,RB,,414.p.34447,34447,Pit,yahoo_fantasy_api
2022,12,,14,api,Post Mahomes,Joe Mantegna,2022-W12-03,3,92.06,108.76,Brett Maher,K,K,True,False,False,,4.0,,Brett Maher,K,,414.p.27369,27369,LAR,yahoo_fantasy_api
2022,12,,15,api,Post Mahomes,Joe Mantegna,2022-W12-03,3,92.06,108.76,Bills,DEF,DEF,True,False,False,,8.0,,Bills,DEF,,414.p.100002,100002,Buf,yahoo_fantasy_api
2022,12,,1,api,The Big Gronkowski,Voldemort,2022-W12-01,1,112.46,144.76,Kirk Cousins,QB,QB,True,False,False,,28.86,,Kirk Cousins,QB,,414.p.25812,25812,LV,yahoo_fantasy_api
2022,12,,2,api,The Big Gronkowski,Voldemort,2022-W12-01,1,112.46,144.76,Tee Higgins,WR,WR,True,False,False,,20.9,,Tee Higgins,WR,,414.p.32703,32703,Cin,yahoo_fantasy_api
2022,12,,3,api,The Big Gronkowski,Voldemort,2022-W12-01,1,112.46,144.76,JuJu Smith-Schuster,WR,WR,True,False,False,,5.3,,JuJu Smith-Schuster,WR,,414.p.30175,30175,NYG,yahoo_fantasy_api
2022,12,,4,api,The Big Gronkowski,Voldemort,2022-W12-01,1,112.46,144.76,Austin Ekeler,RB,RB,True,False,False,,19.5,,Austin Ekeler,RB,,414.p.30423,30423,Was,yahoo_fantasy_api
2022,12,,5,api,The Big Gronkowski,Voldemort,2022-W12-01,1,112.46,144.76,Jeff Wilson Jr.,RB,RB,True,False,False,,11.7,,Jeff Wilson Jr.,RB,,414.p.31394,31394,Mia,yahoo_fantasy_api
2022,12,,6,api,The Big Gronkowski,Voldemort,2022-W12-01,1,112.46,144.76,George Kittle,TE,TE,True,False,False,,4.1,,George Kittle,TE,,414.p.30259,30259,SF,yahoo_fantasy_api
2022,12,,7,api,The Big Gronkowski,Voldemort,2022-W12-01,1,112.46,144.76,Tony Pollard,RB,W/R/T,True,False,False,,7.1,,Tony Pollard,RB,,414.p.31960,31960,Ten,yahoo_fantasy_api
2022,12,,8,api,The Big Gronkowski,Voldemort,2022-W12-01,1,112.46,144.76,Darius Slayton,WR,BN,False,True,False,,7.8,,Darius Slayton,WR,,414.p.32003,32003,Ind,yahoo_fantasy_api
2022,12,,9,api,The Big Gronkowski,Voldemort,2022-W12-01,1,112.46,144.76,Damien Harris,RB,BN,False,True,False,,1.6,,Damien Harris,RB,,414.p.31919,31919,Buf,yahoo_fantasy_api
2022,12,,10,api,The Big Gronkowski,Voldemort,2022-W12-01,1,112.46,144.76,Cooper Kupp,WR,BN,False,True,False,,0.0,,Cooper Kupp,WR,,414.p.30182,30182,Sea,yahoo_fantasy_api
2022,12,,11,api,The Big Gronkowski,Voldemort,2022-W12-01,1,112.46,144.76,Hayden Hurst,TE,BN,False,True,False,,8.7,,Hayden Hurst,TE,,414.p.30995,30995,LAC,yahoo_fantasy_api
2022,12,,12,api,The Big Gronkowski,Voldemort,2022-W12-01,1,112.46,144.76,Jimmy Garoppolo,QB,BN,False,True,False,,15.28,,Jimmy Garoppolo,QB,,414.p.27590,27590,LAR,yahoo_fantasy_api
2022,12,,13,api,The Big Gronkowski,Voldemort,2022-W12-01,1,112.46,144.76,Trey Lance,QB,IR,False,False,True,,0.0,,Trey Lance,QB,,414.p.33391,33391,LAC,yahoo_fantasy_api
2022,12,,14,api,The Big Gronkowski,Voldemort,2022-W12-01,1,112.46,144.76,Tyler Bass,K,K,True,False,False,,10.0,,Tyler Bass,K,,414.p.32858,32858,Buf,yahoo_fantasy_api
2022,12,,15,api,The Big Gronkowski,Voldemort,2022-W12-01,1,112.46,144.76,Ravens,DEF,DEF,True,False,False,,5.0,,Ravens,DEF,,414.p.100033,100033,Bal,yahoo_fantasy_api
2022,12,,16,api,The Big Gronkowski,Voldemort,2022-W12-01,1,112.46,144.76,Buccaneers,DEF,BN,False,True,False,,6.0,,Buccaneers,DEF,,414.p.100027,100027,TB,yahoo_fantasy_api
2022,12,,1,api,ThreatLevelMidnight,Ginger FC 🏆🏆,2022-W12-04,4,131.64,94.84,Dak Prescott,QB,QB,True,False,False,,20.84,,Dak Prescott,QB,,414.p.29369,29369,Dal,yahoo_fantasy_api
2022,12,,2,api,ThreatLevelMidnight,Ginger FC 🏆🏆,2022-W12-04,4,131.64,94.84,DeAndre Hopkins,WR,WR,True,False,False,,16.7,,DeAndre Hopkins,WR,,414.p.26650,26650,Bal,yahoo_fantasy_api
2022,12,,3,api,ThreatLevelMidnight,Ginger FC 🏆🏆,2022-W12-04,4,131.64,94.84,Stefon Diggs,WR,WR,True,False,False,,17.7,,Stefon Diggs,WR,,414.p.28534,28534,Was,yahoo_fantasy_api
2022,12,,4,api,ThreatLevelMidnight,Ginger FC 🏆🏆,2022-W12-04,4,131.64,94.84,Miles Sanders,RB,RB,True,False,False,,29.5,,Miles Sanders,RB,,414.p.31885,31885,Dal,yahoo_fantasy_api
2022,12,,5,api,ThreatLevelMidnight,Ginger FC 🏆🏆,2022-W12-04,4,131.64,94.84,Rachaad White,RB,RB,True,False,False,,15.4,,Rachaad White,RB,,414.p.34047,34047,Was,yahoo_fantasy_api
2022,12,,6,api,ThreatLevelMidnight,Ginger FC 🏆🏆,2022-W12-04,4,131.64,94.84,David Njoku,TE,TE,True,False,False,,11.4,,David Njoku,TE,,414.p.30142,30142,LAC,yahoo_fantasy_api
2022,12,,7,api,ThreatLevelMidnight,Ginger FC 🏆🏆,2022-W12-04,4,131.64,94.84,Mike Evans,WR,W/R/T,True,False,False,,4.1,,Mike Evans,WR,,414.p.27535,27535,SF,yahoo_fantasy_api
2022,12,,8,api,ThreatLevelMidnight,Ginger FC 🏆🏆,2022-W12-04,4,131.64,94.84,Latavius Murray,RB,BN,False,True,False,,10.3,,Latavius Murray,RB,,414.p.26804,26804,Buf,yahoo_fantasy_api
2022,12,,9,api,ThreatLevelMidnight,Ginger FC 🏆🏆,2022-W12-04,4,131.64,94.84,Elijah Mitchell,RB,BN,False,True,False,,5.3,,Elijah Mitchell,RB,,414.p.33582,33582,KC,yahoo_fantasy_api
2022,12,,10,api,ThreatLevelMidnight,Ginger FC 🏆🏆,2022-W12-04,4,131.64,94.84,Gus Edwards,RB,BN,False,True,False,,9.2,,Gus Edwards,RB,,414.p.31424,31424,LAC,yahoo_fantasy_api
2022,12,,11,api,ThreatLevelMidnight,Ginger FC 🏆🏆,2022-W12-04,4,131.64,94.84,D'Onta Foreman,RB,BN,False,True,False,,11.3,,D'Onta Foreman,RB,,414.p.30202,30202,Cle,yahoo_fantasy_api
2022,12,,12,api,ThreatLevelMidnight,Ginger FC 🏆🏆,2022-W12-04,4,131.64,94.84,Geno Smith,QB,BN,False,True,False,,24.32,,Geno Smith,QB,,414.p.26662,26662,NYJ,yahoo_fantasy_api
2022,12,,13,api,ThreatLevelMidnight,Ginger FC 🏆🏆,2022-W12-04,4,131.64,94.84,Treylon Burks,WR,BN,False,True,False,,15.0,,Treylon Burks,WR,,414.p.33973,33973,Was,yahoo_fantasy_api
2022,12,,14,api,ThreatLevelMidnight,Ginger FC 🏆🏆,2022-W12-04,4,131.64,94.84,Harrison Butker,K,K,True,False,False,,14.0,,Harrison Butker,K,,414.p.30346,30346,KC,yahoo_fantasy_api
2022,12,,15,api,ThreatLevelMidnight,Ginger FC 🏆🏆,2022-W12-04,4,131.64,94.84,Patriots,DEF,DEF,True,False,False,,2.0,,Patriots,DEF,,414.p.100017,100017,NE,yahoo_fantasy_api
2022,12,,1,api,Uncle Rico,Malle ❤️ 🐸,2022-W12-02,2,86.9,129.12,Patrick Mahomes,QB,QB,True,False,False,,21.4,,Patrick Mahomes,QB,,414.p.30123,30123,KC,yahoo_fantasy_api
2022,12,,2,api,Uncle Rico,Malle ❤️ 🐸,2022-W12-02,2,86.9,129.12,Brandon Aiyuk,WR,WR,True,False,False,,9.0,,Brandon Aiyuk,WR,,414.p.32695,32695,SF,yahoo_fantasy_api
2022,12,,3,api,Uncle Rico,Malle ❤️ 🐸,2022-W12-02,2,86.9,129.12,Christian Kirk,WR,WR,True,False,False,,6.1,,Christian Kirk,WR,,414.p.31017,31017,SF,yahoo_fantasy_api
2022,12,,4,api,Uncle Rico,Malle ❤️ 🐸,2022-W12-02,2,86.9,129.12,Saquon Barkley,RB,RB,True,False,False,,13.2,,Saquon Barkley,RB,,414.p.30972,30972,Phi,yahoo_fantasy_api
2022,12,,5,api,Uncle Rico,Malle ❤️ 🐸,2022-W12-02,2,86.9,129.12,Najee Harris,RB,RB,True,False,False,,10.4,,Najee Harris,RB,,414.p.33412,33412,NYG,yahoo_fantasy_api
2022,12,,6,api,Uncle Rico,Malle ❤️ 🐸,2022-W12-02,2,86.9,129.12,Cole Kmet,TE,TE,True,False,False,,4.2,,Cole Kmet,TE,,414.p.32713,32713,Chi,yahoo_fantasy_api
2022,12,,7,api,Uncle Rico,Malle ❤️ 🐸,2022-W12-02,2,86.9,129.12,Cordarrelle Patterson,RB,W/R/T,True,False,False,,8.6,,Cordarrelle Patterson,RB,,414.p.26652,26652,Pit,yahoo_fantasy_api
2022,12,,8,api,Uncle Rico,Malle ❤️ 🐸,2022-W12-02,2,86.9,129.12,Parris Campbell,WR,BN,False,True,False,,2.4,,Parris Campbell,WR,,414.p.31891,31891,Dal,yahoo_fantasy_api
2022,12,,9,api,Uncle Rico,Malle ❤️ 🐸,2022-W12-02,2,86.9,129.12,Ja'Marr Chase,WR,BN,False,True,False,,0.0,,Ja'Marr Chase,WR,,414.p.33393,33393,Cin,yahoo_fantasy_api
2022,12,,10,api,Uncle Rico,Malle ❤️ 🐸,2022-W12-02,2,86.9,129.12,Isiah Pacheco,RB,BN,False,True,False,,15.1,,Isiah Pacheco,RB,,414.p.34207,34207,Det,yahoo_fantasy_api
2022,12,,11,api,Uncle Rico,Malle ❤️ 🐸,2022-W12-02,2,86.9,129.12,Jakobi Meyers,WR,BN,False,True,False,,7.7,,Jakobi Meyers,WR,,414.p.32231,32231,Jax,yahoo_fantasy_api
2022,12,,12,api,Uncle Rico,Malle ❤️ 🐸,2022-W12-02,2,86.9,129.12,DeAndre Carter,WR,BN,False,True,False,,16.8,,DeAndre Carter,WR,,414.p.28947,28947,Cle,yahoo_fantasy_api
2022,12,,13,api,Uncle Rico,Malle ❤️ 🐸,2022-W12-02,2,86.9,129.12,Jerick McKinnon,RB,BN,False,True,False,,4.1,,Jerick McKinnon,RB,,414.p.27624,27624,KC,yahoo_fantasy_api
2022,12,,14,api,Uncle Rico,Malle ❤️ 🐸,2022-W12-02,2,86.9,129.12,Robbie Gould,K,K,True,False,False,,8.0,,Robbie Gould,K,,414.p.7520,7520,SF,yahoo_fantasy_api
2022,12,,15,api,Uncle Rico,Malle ❤️ 🐸,2022-W12-02,2,86.9,129.12,Eagles,DEF,DEF,True,False,False,,6.0,,Eagles,DEF,,414.p.100021,100021,Phi,yahoo_fantasy_api
2022,12,,1,api,Voldemort,The Big Gronkowski,2022-W12-01,1,144.76,112.46,Josh Allen,QB,QB,True,False,False,,34.92,,Josh Allen,QB,,414.p.30977,30977,Buf,yahoo_fantasy_api
2022,12,,2,api,Voldemort,The Big Gronkowski,2022-W12-01,1,144.76,112.46,Justin Jefferson,WR,WR,True,False,False,,24.84,,Justin Jefferson,WR,,414.p.32692,32692,Min,yahoo_fantasy_api
2022,12,,3,api,Voldemort,The Big Gronkowski,2022-W12-01,1,144.76,112.46,Chris Godwin Jr.,WR,WR,True,False,False,,23.0,,Chris Godwin Jr.,WR,,414.p.30197,30197,TB,yahoo_fantasy_api
2022,12,,4,api,Voldemort,The Big Gronkowski,2022-W12-01,1,144.76,112.46,David Montgomery,RB,RB,True,False,False,,12.8,,David Montgomery,RB,,414.p.31905,31905,Hou,yahoo_fantasy_api
2022,12,,5,api,Voldemort,The Big Gronkowski,2022-W12-01,1,144.76,112.46,Samaje Perine,RB,RB,True,False,False,,17.3,,Samaje Perine,RB,,414.p.30227,30227,Cin,yahoo_fantasy_api
2022,12,,6,api,Voldemort,The Big Gronkowski,2022-W12-01,1,144.76,112.46,Dalton Schultz,TE,TE,True,False,False,,17.1,,Dalton Schultz,TE,,414.p.31107,31107,Hou,yahoo_fantasy_api
2022,12,,7,api,Voldemort,The Big Gronkowski,2022-W12-01,1,144.76,112.46,Deebo Samuel Sr.,WR,W/R/T,True,False,False,,5.8,,Deebo Samuel Sr.,WR,,414.p.31868,31868,SF,yahoo_fantasy_api
2022,12,,8,api,Voldemort,The Big Gronkowski,2022-W12-01,1,144.76,112.46,Raheem Mostert,RB,BN,False,True,False,,0.0,,Raheem Mostert,RB,,414.p.28654,28654,LV,yahoo_fantasy_api
2022,12,,9,api,Voldemort,The Big Gronkowski,2022-W12-01,1,144.76,112.46,Christian Watson,WR,BN,False,True,False,,19.0,,Christian Watson,WR,,414.p.33989,33989,GB,yahoo_fantasy_api
2022,12,,10,api,Voldemort,The Big Gronkowski,2022-W12-01,1,144.76,112.46,D'Andre Swift,RB,BN,False,True,False,,8.3,,D'Andre Swift,RB,,414.p.32705,32705,Chi,yahoo_fantasy_api
2022,12,,11,api,Voldemort,The Big Gronkowski,2022-W12-01,1,144.76,112.46,George Pickens,WR,BN,False,True,False,,9.2,,George Pickens,WR,,414.p.34007,34007,Dal,yahoo_fantasy_api
2022,12,,12,api,Voldemort,The Big Gronkowski,2022-W12-01,1,144.76,112.46,Taysom Hill,"QB,TE",BN,False,True,False,,2.5,,Taysom Hill,"QB,TE",,414.p.30614,30614,NO,yahoo_fantasy_api
2022,12,,13,api,Voldemort,The Big Gronkowski,2022-W12-01,1,144.76,112.46,Deon Jackson,RB,BN,False,True,False,,0.0,,Deon Jackson,RB,,414.p.33798,33798,Det,yahoo_fantasy_api
2022,12,,14,api,Voldemort,The Big Gronkowski,2022-W12-01,1,144.76,112.46,Joe Mixon,RB,IR,False,False,True,,0.0,,Joe Mixon,RB,,414.p.30161,30161,Hou,yahoo_fantasy_api
2022,12,,15,api,Voldemort,The Big Gronkowski,2022-W12-01,1,144.76,112.46,Cameron Dicker,K,K,True,False,False,,5.0,,Cameron Dicker,K,,414.p.34344,34344,LAC,yahoo_fantasy_api
2022,12,,16,api,Voldemort,The Big Gronkowski,2022-W12-01,1,144.76,112.46,Cowboys,DEF,DEF,True,False,False,,4.0,,Cowboys,DEF,,414.p.100006,100006,Dal,yahoo_fantasy_api
2022,12,,1,api,malle_dips_pouches,Patty Primetimes,2022-W12-06,6,142.66,72.0,Lamar Jackson,QB,QB,True,False,False,,25.06,,Lamar Jackson,QB,,414.p.31002,31002,Bal,yahoo_fantasy_api
2022,12,,2,api,malle_dips_pouches,Patty Primetimes,2022-W12-06,6,142.66,72.0,Amari Cooper,WR,WR,True,False,False,,12.9,,Amari Cooper,WR,,414.p.28392,28392,Buf,yahoo_fantasy_api
2022,12,,3,api,malle_dips_pouches,Patty Primetimes,2022-W12-06,6,142.66,72.0,Jaylen Waddle,WR,WR,True,False,False,,11.0,,Jaylen Waddle,WR,,414.p.33394,33394,Den,yahoo_fantasy_api
2022,12,,4,api,malle_dips_pouches,Patty Primetimes,2022-W12-06,6,142.66,72.0,Josh Jacobs,RB,RB,True,False,False,,45.3,,Josh Jacobs,RB,,414.p.31856,31856,GB,yahoo_fantasy_api
2022,12,,5,api,malle_dips_pouches,Patty Primetimes,2022-W12-06,6,142.66,72.0,Christian McCaffrey,RB,RB,True,False,False,,6.9,,Christian McCaffrey,RB,,414.p.30121,30121,SF,yahoo_fantasy_api
2022,12,,6,api,malle_dips_pouches,Patty Primetimes,2022-W12-06,6,142.66,72.0,Mark Andrews,TE,TE,True,False,False,,9.0,,Mark Andrews,TE,,414.p.31056,31056,Bal,yahoo_fantasy_api
2022,12,,7,api,malle_dips_pouches,Patty Primetimes,2022-W12-06,6,142.66,72.0,James Conner,RB,W/R/T,True,False,False,,19.5,,James Conner,RB,,414.p.30218,30218,Ari,yahoo_fantasy_api
2022,12,,8,api,malle_dips_pouches,Patty Primetimes,2022-W12-06,6,142.66,72.0,Tyler Boyd,WR,BN,False,True,False,,2.6,,Tyler Boyd,WR,,414.p.29288,29288,Ten,yahoo_fantasy_api
2022,12,,9,api,malle_dips_pouches,Patty Primetimes,2022-W12-06,6,142.66,72.0,Pat Freiermuth,TE,BN,False,True,False,,5.4,,Pat Freiermuth,TE,,414.p.33443,33443,Pit,yahoo_fantasy_api
2022,12,,10,api,malle_dips_pouches,Patty Primetimes,2022-W12-06,6,142.66,72.0,Michael Gallup,WR,BN,False,True,False,,8.8,,Michael Gallup,WR,,414.p.31051,31051,Was,yahoo_fantasy_api
2022,12,,11,api,malle_dips_pouches,Patty Primetimes,2022-W12-06,6,142.66,72.0,DeVonta Smith,WR,BN,False,True,False,,7.0,,DeVonta Smith,WR,,414.p.33398,33398,Phi,yahoo_fantasy_api
2022,12,,12,api,malle_dips_pouches,Patty Primetimes,2022-W12-06,6,142.66,72.0,Michael Carter,RB,BN,False,True,False,,4.6,,Michael Carter,RB,,414.p.33495,33495,Ten,yahoo_fantasy_api
2022,12,,13,api,malle_dips_pouches,Patty Primetimes,2022-W12-06,6,142.66,72.0,Matt Gay,K,K,True,False,False,,5.0,,Matt Gay,K,,414.p.31977,31977,LV,yahoo_fantasy_api
2022,12,,14,api,malle_dips_pouches,Patty Primetimes,2022-W12-06,6,142.66,72.0,Jets,DEF,DEF,True,False,False,,8.0,,Jets,DEF,,414.p.100020,100020,NYJ,yahoo_fantasy_api
2022,12,,15,api,malle_dips_pouches,Patty Primetimes,2022-W12-06,6,142.66,72.0,Steelers,DEF,BN,False,True,False,,10.0,,Steelers,DEF,,414.p.100023,100023,Pit,yahoo_fantasy_api
2022,13,,1,api,Big Sack Jack,The Big Gronkowski,2022-W13-01,1,147.24,80.62,Joe Burrow,QB,QB,True,False,False,,34.04,,Joe Burrow,QB,,414.p.32671,32671,Cin,yahoo_fantasy_api
2022,13,,2,api,Big Sack Jack,The Big Gronkowski,2022-W13-01,1,147.24,80.62,Amon-Ra St. Brown,WR,WR,True,False,False,,29.1,,Amon-Ra St. Brown,WR,,414.p.33500,33500,Det,yahoo_fantasy_api
2022,13,,3,api,Big Sack Jack,The Big Gronkowski,2022-W13-01,1,147.24,80.62,Tyreek Hill,WR,WR,True,False,False,,25.1,,Tyreek Hill,WR,,414.p.29399,29399,Mia,yahoo_fantasy_api
2022,13,,4,api,Big Sack Jack,The Big Gronkowski,2022-W13-01,1,147.24,80.62,AJ Dillon,RB,RB,True,False,False,,19.4,,AJ Dillon,RB,,414.p.32732,32732,Car,yahoo_fantasy_api
2022,13,,5,api,Big Sack Jack,The Big Gronkowski,2022-W13-01,1,147.24,80.62,Dalvin Cook,RB,RB,True,False,False,,15.3,,Dalvin Cook,RB,,414.p.30154,30154,Dal,yahoo_fantasy_api
2022,13,,6,api,Big Sack Jack,The Big Gronkowski,2022-W13-01,1,147.24,80.62,Dawson Knox,TE,TE,True,False,False,,0.0,,Dawson Knox,TE,,414.p.31928,31928,Buf,yahoo_fantasy_api
2022,13,,7,api,Big Sack Jack,The Big Gronkowski,2022-W13-01,1,147.24,80.62,Nyheim Miller-Hines,RB,W/R/T,True,False,False,,2.3,,Nyheim Miller-Hines,RB,,414.p.31074,31074,LAC,yahoo_fantasy_api
2022,13,,8,api,Big Sack Jack,The Big Gronkowski,2022-W13-01,1,147.24,80.62,DJ Moore,WR,BN,False,True,False,,0.0,,DJ Moore,WR,,414.p.30994,30994,Buf,yahoo_fantasy_api
2022,13,,9,api,Big Sack Jack,The Big Gronkowski,2022-W13-01,1,147.24,80.62,Derek Carr,QB,BN,False,True,False,,21.0,,Derek Carr,QB,,414.p.27564,27564,NO,yahoo_fantasy_api
2022,13,,10,api,Big Sack Jack,The Big Gronkowski,2022-W13-01,1,147.24,80.62,Khalil Herbert,RB,BN,False,True,False,,0.0,,Khalil Herbert,RB,,414.p.33605,33605,Atl,yahoo_fantasy_api
2022,13,,11,api,Big Sack Jack,The Big Gronkowski,2022-W13-01,1,147.24,80.62,Nico Collins,WR,BN,False,True,False,,11.0,,Nico Collins,WR,,414.p.33477,33477,Hou,yahoo_fantasy_api
2022,13,,12,api,Big Sack Jack,The Big Gronkowski,2022-W13-01,1,147.24,80.62,Justin Tucker,K,K,True,False,False,,4.0,,Justin Tucker,K,,414.p.26534,26534,Bal,yahoo_fantasy_api
2022,13,,13,api,Big Sack Jack,The Big Gronkowski,2022-W13-01,1,147.24,80.62,Jake Elliott,K,BN,False,True,False,,5.0,,Jake Elliott,K,,414.p.30266,30266,Phi,yahoo_fantasy_api
2022,13,,14,api,Big Sack Jack,The Big Gronkowski,2022-W13-01,1,147.24,80.62,49ers,DEF,DEF,True,False,False,,18.0,,49ers,DEF,,414.p.100025,100025,SF,yahoo_fantasy_api
2022,13,,15,api,Big Sack Jack,The Big Gronkowski,2022-W13-01,1,147.24,80.62,Chiefs,DEF,BN,False,True,False,,1.0,,Chiefs,DEF,,414.p.100012,100012,KC,yahoo_fantasy_api
2022,13,,1,api,Ginger FC 🏆🏆,Post Mahomes,2022-W13-05,5,106.5,124.54,Daniel Jones,QB,QB,True,False,False,,19.1,,Daniel Jones,QB,,414.p.31838,31838,Ind,yahoo_fantasy_api
2022,13,,2,api,Ginger FC 🏆🏆,Post Mahomes,2022-W13-05,5,106.5,124.54,Tyler Lockett,WR,WR,True,False,False,,23.3,,Tyler Lockett,WR,,414.p.28457,28457,LV,yahoo_fantasy_api
2022,13,,3,api,Ginger FC 🏆🏆,Post Mahomes,2022-W13-05,5,106.5,124.54,Donovan Peoples-Jones,WR,WR,True,False,False,,11.9,,Donovan Peoples-Jones,WR,,414.p.32857,32857,NO,yahoo_fantasy_api
2022,13,,4,api,Ginger FC 🏆🏆,Post Mahomes,2022-W13-05,5,106.5,124.54,Rhamondre Stevenson,RB,RB,True,False,False,,10.8,,Rhamondre Stevenson,RB,,414.p.33508,33508,NE,yahoo_fantasy_api
2022,13,,5,api,Ginger FC 🏆🏆,Post Mahomes,2022-W13-05,5,106.5,124.54,Alvin Kamara,RB,RB,True,False,False,,4.7,,Alvin Kamara,RB,,414.p.30180,30180,NO,yahoo_fantasy_api
2022,13,,6,api,Ginger FC 🏆🏆,Post Mahomes,2022-W13-05,5,106.5,124.54,Travis Kelce,TE,TE,True,False,False,,5.6,,Travis Kelce,TE,,414.p.26686,26686,KC,yahoo_fantasy_api
2022,13,,7,api,Ginger FC 🏆🏆,Post Mahomes,2022-W13-05,5,106.5,124.54,Leonard Fournette,RB,W/R/T,True,False,False,,11.1,,Leonard Fournette,RB,,414.p.30117,30117,Buf,yahoo_fantasy_api
2022,13,,8,api,Ginger FC 🏆🏆,Post Mahomes,2022-W13-05,5,106.5,124.54,Curtis Samuel,WR,BN,False,True,False,,11.6,,Curtis Samuel,WR,,414.p.30153,30153,Buf,yahoo_fantasy_api
2022,13,,9,api,Ginger FC 🏆🏆,Post Mahomes,2022-W13-05,5,106.5,124.54,Kyler Murray,QB,BN,False,True,False,,0.0,,Kyler Murray,QB,,414.p.31833,31833,Min,yahoo_fantasy_api
2022,13,,10,api,Ginger FC 🏆🏆,Post Mahomes,2022-W13-05,5,106.5,124.54,Kareem Hunt,RB,BN,False,True,False,,8.4,,Kareem Hunt,RB,,414.p.30199,30199,KC,yahoo_fantasy_api
2022,13,,11,api,Ginger FC 🏆🏆,Post Mahomes,2022-W13-05,5,106.5,124.54,Jerry Jeudy,WR,BN,False,True,False,,8.5,,Jerry Jeudy,WR,,414.p.32685,32685,Cle,yahoo_fantasy_api
2022,13,,12,api,Ginger FC 🏆🏆,Post Mahomes,2022-W13-05,5,106.5,124.54,Mike Williams,WR,BN,False,True,False,,0.0,,Mike Williams,WR,,414.p.30120,30120,Pit,yahoo_fantasy_api
2022,13,,13,api,Ginger FC 🏆🏆,Post Mahomes,2022-W13-05,5,106.5,124.54,Mike White,QB,BN,False,True,False,,19.46,,Mike White,QB,,414.p.31141,31141,Cin,yahoo_fantasy_api
2022,13,,14,api,Ginger FC 🏆🏆,Post Mahomes,2022-W13-05,5,106.5,124.54,Daniel Carlson,K,K,True,False,False,,11.0,,Daniel Carlson,K,,414.p.31137,31137,NO,yahoo_fantasy_api
2022,13,,15,api,Ginger FC 🏆🏆,Post Mahomes,2022-W13-05,5,106.5,124.54,Packers,DEF,DEF,True,False,False,,9.0,,Packers,DEF,,414.p.100009,100009,GB,yahoo_fantasy_api
2022,13,,1,api,Joe Mantegna,Pop Lockett Drop it,2022-W13-03,3,107.5,102.76,Justin Herbert,QB,QB,True,False,False,,20.1,,Justin Herbert,QB,,414.p.32676,32676,LAC,yahoo_fantasy_api
2022,13,,2,api,Joe Mantegna,Pop Lockett Drop it,2022-W13-03,3,107.5,102.76,Davante Adams,WR,WR,True,False,False,,33.7,,Davante Adams,WR,,414.p.27581,27581,LAR,yahoo_fantasy_api
2022,13,,3,api,Joe Mantegna,Pop Lockett Drop it,2022-W13-03,3,107.5,102.76,Courtland Sutton,WR,WR,True,False,False,,0.0,,Courtland Sutton,WR,,414.p.31010,31010,Den,yahoo_fantasy_api
2022,13,,4,api,Joe Mantegna,Pop Lockett Drop it,2022-W13-03,3,107.5,102.76,Aaron Jones Sr.,RB,RB,True,False,False,,7.5,,Aaron Jones Sr.,RB,,414.p.30295,30295,Min,yahoo_fantasy_api
2022,13,,5,api,Joe Mantegna,Pop Lockett Drop it,2022-W13-03,3,107.5,102.76,Devin Singletary,RB,RB,True,False,False,,11.1,,Devin Singletary,RB,,414.p.31906,31906,NYG,yahoo_fantasy_api
2022,13,,6,api,Joe Mantegna,Pop Lockett Drop it,2022-W13-03,3,107.5,102.76,Greg Dulcich,TE,TE,True,False,False,,11.5,,Greg Dulcich,TE,,414.p.34036,34036,Mia,yahoo_fantasy_api
2022,13,,7,api,Joe Mantegna,Pop Lockett Drop it,2022-W13-03,3,107.5,102.76,Zay Jones,WR,W/R/T,True,False,False,,2.6,,Zay Jones,WR,,414.p.30150,30150,Hou,yahoo_fantasy_api
2022,13,,8,api,Joe Mantegna,Pop Lockett Drop it,2022-W13-03,3,107.5,102.76,Brandin Cooks,WR,BN,False,True,False,,0.0,,Brandin Cooks,WR,,414.p.27548,27548,SF,yahoo_fantasy_api
2022,13,,9,api,Joe Mantegna,Pop Lockett Drop it,2022-W13-03,3,107.5,102.76,Chase Claypool,WR,BN,False,True,False,,3.3,,Chase Claypool,WR,,414.p.32719,32719,Buf,yahoo_fantasy_api
2022,13,,10,api,Joe Mantegna,Pop Lockett Drop it,2022-W13-03,3,107.5,102.76,Darrell Henderson Jr.,RB,BN,False,True,False,,0.0,,Darrell Henderson Jr.,RB,,414.p.31902,31902,LAR,yahoo_fantasy_api
2022,13,,11,api,Joe Mantegna,Pop Lockett Drop it,2022-W13-03,3,107.5,102.76,Foster Moreau,TE,BN,False,True,False,,3.7,,Foster Moreau,TE,,414.p.31969,31969,Hou,yahoo_fantasy_api
2022,13,,12,api,Joe Mantegna,Pop Lockett Drop it,2022-W13-03,3,107.5,102.76,Dallas Goedert,TE,BN,False,True,False,,0.0,,Dallas Goedert,TE,,414.p.31019,31019,Phi,yahoo_fantasy_api
2022,13,,13,api,Joe Mantegna,Pop Lockett Drop it,2022-W13-03,3,107.5,102.76,Marcus Mariota,QB,BN,False,True,False,,13.38,,Marcus Mariota,QB,,414.p.28390,28390,Was,yahoo_fantasy_api
2022,13,,14,api,Joe Mantegna,Pop Lockett Drop it,2022-W13-03,3,107.5,102.76,Breece Hall,RB,IR,False,False,True,,0.0,,Breece Hall,RB,,414.p.33991,33991,NYJ,yahoo_fantasy_api
2022,13,,15,api,Joe Mantegna,Pop Lockett Drop it,2022-W13-03,3,107.5,102.76,Younghoe Koo,K,K,True,False,False,,14.0,,Younghoe Koo,K,,414.p.30426,30426,NYG,yahoo_fantasy_api
2022,13,,16,api,Joe Mantegna,Pop Lockett Drop it,2022-W13-03,3,107.5,102.76,Commanders,DEF,DEF,True,False,False,,7.0,,Commanders,DEF,,414.p.100028,100028,Was,yahoo_fantasy_api
2022,13,,1,api,Malle ❤️ 🐸,Voldemort,2022-W13-02,2,130.6,134.72,Jalen Hurts,QB,QB,True,False,False,,40.4,,Jalen Hurts,QB,,414.p.32723,32723,Phi,yahoo_fantasy_api
2022,13,,2,api,Malle ❤️ 🐸,Voldemort,2022-W13-02,2,130.6,134.72,Adam Thielen,WR,WR,True,False,False,,3.7,,Adam Thielen,WR,,414.p.27277,27277,Pit,yahoo_fantasy_api
2022,13,,3,api,Malle ❤️ 🐸,Voldemort,2022-W13-02,2,130.6,134.72,Allen Lazard,WR,WR,True,False,False,,9.2,,Allen Lazard,WR,,414.p.31268,31268,NYJ,yahoo_fantasy_api
2022,13,,4,api,Malle ❤️ 🐸,Voldemort,2022-W13-02,2,130.6,134.72,Antonio Gibson,RB,RB,True,False,False,,6.9,,Antonio Gibson,RB,,414.p.32736,32736,NE,yahoo_fantasy_api
2022,13,,5,api,Malle ❤️ 🐸,Voldemort,2022-W13-02,2,130.6,134.72,Jamaal Williams,RB,RB,True,False,False,,9.5,,Jamaal Williams,RB,,414.p.30247,30247,NO,yahoo_fantasy_api
2022,13,,6,api,Malle ❤️ 🐸,Voldemort,2022-W13-02,2,130.6,134.72,T.J. Hockenson,TE,TE,True,False,False,,5.3,,T.J. Hockenson,TE,,414.p.31840,31840,Min,yahoo_fantasy_api
2022,13,,7,api,Malle ❤️ 🐸,Voldemort,2022-W13-02,2,130.6,134.72,Ezekiel Elliott,RB,W/R/T,True,False,False,,16.6,,Ezekiel Elliott,RB,,414.p.29238,29238,Dal,yahoo_fantasy_api
2022,13,,8,api,Malle ❤️ 🐸,Voldemort,2022-W13-02,2,130.6,134.72,Diontae Johnson,WR,BN,False,True,False,,8.5,,Diontae Johnson,WR,,414.p.31898,31898,Cle,yahoo_fantasy_api
2022,13,,9,api,Malle ❤️ 🐸,Voldemort,2022-W13-02,2,130.6,134.72,James Robinson,RB,BN,False,True,False,,1.0,,James Robinson,RB,,414.p.33138,33138,NO,yahoo_fantasy_api
2022,13,,10,api,Malle ❤️ 🐸,Voldemort,2022-W13-02,2,130.6,134.72,Trevor Lawrence,QB,BN,False,True,False,,18.36,,Trevor Lawrence,QB,,414.p.33389,33389,Jax,yahoo_fantasy_api
2022,13,,11,api,Malle ❤️ 🐸,Voldemort,2022-W13-02,2,130.6,134.72,J.K. Dobbins,RB,BN,False,True,False,,0.0,,J.K. Dobbins,RB,,414.p.32725,32725,Den,yahoo_fantasy_api
2022,13,,12,api,Malle ❤️ 🐸,Voldemort,2022-W13-02,2,130.6,134.72,J.D. McKissic,RB,BN,False,True,False,,0.0,,J.D. McKissic,RB,,414.p.29650,29650,Was,yahoo_fantasy_api
2022,13,,13,api,Malle ❤️ 🐸,Voldemort,2022-W13-02,2,130.6,134.72,Matthew Stafford,QB,BN,False,True,False,,0.0,,Matthew Stafford,QB,,414.p.9265,9265,LAR,yahoo_fantasy_api
2022,13,,14,api,Malle ❤️ 🐸,Voldemort,2022-W13-02,2,130.6,134.72,Graham Gano,K,K,True,False,False,,9.0,,Graham Gano,K,,414.p.9526,9526,NYG,yahoo_fantasy_api
2022,13,,15,api,Malle ❤️ 🐸,Voldemort,2022-W13-02,2,130.6,134.72,Browns,DEF,DEF,True,False,False,,30.0,,Browns,DEF,,414.p.100005,100005,Cle,yahoo_fantasy_api
2022,13,,1,api,Patty Primetimes,ThreatLevelMidnight,2022-W13-04,4,87.44,88.2,Deshaun Watson,QB,QB,True,False,False,,6.34,,Deshaun Watson,QB,,414.p.30125,30125,Cle,yahoo_fantasy_api
2022,13,,2,api,Patty Primetimes,ThreatLevelMidnight,2022-W13-04,4,87.44,88.2,Terry McLaurin,WR,WR,True,False,False,,20.5,,Terry McLaurin,WR,,414.p.31908,31908,Was,yahoo_fantasy_api
2022,13,,3,api,Patty Primetimes,ThreatLevelMidnight,2022-W13-04,4,87.44,88.2,Chris Olave,WR,WR,True,False,False,,8.5,,Chris Olave,WR,,414.p.33966,33966,NO,yahoo_fantasy_api
2022,13,,4,api,Patty Primetimes,ThreatLevelMidnight,2022-W13-04,4,87.44,88.2,Derrick Henry,RB,RB,True,False,False,,4.8,,Derrick Henry,RB,,414.p.29279,29279,Bal,yahoo_fantasy_api
2022,13,,5,api,Patty Primetimes,ThreatLevelMidnight,2022-W13-04,4,87.44,88.2,Travis Etienne Jr.,RB,RB,True,False,False,,6.1,,Travis Etienne Jr.,RB,,414.p.33413,33413,NO,yahoo_fantasy_api
2022,13,,6,api,Patty Primetimes,ThreatLevelMidnight,2022-W13-04,4,87.44,88.2,Robert Tonyan,TE,TE,True,False,False,,1.5,,Robert Tonyan,TE,,414.p.30777,30777,Pit,yahoo_fantasy_api
2022,13,,7,api,Patty Primetimes,ThreatLevelMidnight,2022-W13-04,4,87.44,88.2,DK Metcalf,WR,W/R/T,True,False,False,,22.7,,DK Metcalf,WR,,414.p.31896,31896,Pit,yahoo_fantasy_api
2022,13,,8,api,Patty Primetimes,ThreatLevelMidnight,2022-W13-04,4,87.44,88.2,Aaron Rodgers,QB,BN,False,True,False,,15.68,,Aaron Rodgers,QB,,414.p.7200,7200,Pit,yahoo_fantasy_api
2022,13,,9,api,Patty Primetimes,ThreatLevelMidnight,2022-W13-04,4,87.44,88.2,Jared Goff,QB,BN,False,True,False,,25.6,,Jared Goff,QB,,414.p.29235,29235,Det,yahoo_fantasy_api
2022,13,,10,api,Patty Primetimes,ThreatLevelMidnight,2022-W13-04,4,87.44,88.2,Tyler Allgeier,RB,BN,False,True,False,,5.2,,Tyler Allgeier,RB,,414.p.34107,34107,Ari,yahoo_fantasy_api
2022,13,,11,api,Patty Primetimes,ThreatLevelMidnight,2022-W13-04,4,87.44,88.2,Darren Waller,TE,BN,False,True,False,,0.0,,Darren Waller,TE,,414.p.28592,28592,Car,yahoo_fantasy_api
2022,13,,12,api,Patty Primetimes,ThreatLevelMidnight,2022-W13-04,4,87.44,88.2,JaMycal Hasty,RB,BN,False,True,False,,0.0,,JaMycal Hasty,RB,,414.p.33199,33199,NE,yahoo_fantasy_api
2022,13,,13,api,Patty Primetimes,ThreatLevelMidnight,2022-W13-04,4,87.44,88.2,Jameson Williams,WR,BN,False,True,False,,0.0,,Jameson Williams,WR,,414.p.33967,33967,Det,yahoo_fantasy_api
2022,13,,14,api,Patty Primetimes,ThreatLevelMidnight,2022-W13-04,4,87.44,88.2,Michael Thomas,WR,IR,False,False,True,,0.0,,Michael Thomas,WR,,414.p.29281,29281,NO,yahoo_fantasy_api
2022,13,,15,api,Patty Primetimes,ThreatLevelMidnight,2022-W13-04,4,87.44,88.2,Chase McLaughlin,K,K,True,False,False,,9.0,,Chase McLaughlin,K,,414.p.32417,32417,TB,yahoo_fantasy_api
2022,13,,16,api,Patty Primetimes,ThreatLevelMidnight,2022-W13-04,4,87.44,88.2,Seahawks,DEF,DEF,True,False,False,,8.0,,Seahawks,DEF,,414.p.100026,100026,Sea,yahoo_fantasy_api
2022,13,,1,api,Pop Lockett Drop it,Joe Mantegna,2022-W13-03,3,102.76,107.5,Justin Fields,QB,QB,True,False,False,,21.26,,Justin Fields,QB,,414.p.33399,33399,KC,yahoo_fantasy_api
2022,13,,2,api,Pop Lockett Drop it,Joe Mantegna,2022-W13-03,3,102.76,107.5,Gabe Davis,WR,WR,True,False,False,,8.5,,Gabe Davis,WR,,414.p.32798,32798,Buf,yahoo_fantasy_api
2022,13,,3,api,Pop Lockett Drop it,Joe Mantegna,2022-W13-03,3,102.76,107.5,Keenan Allen,WR,WR,True,False,False,,17.8,,Keenan Allen,WR,,414.p.26699,26699,Ind,yahoo_fantasy_api
2022,13,,4,api,Pop Lockett Drop it,Joe Mantegna,2022-W13-03,3,102.76,107.5,Brian Robinson,RB,RB,True,False,False,,12.1,,Brian Robinson,RB,,414.p.34054,34054,Atl,yahoo_fantasy_api
2022,13,,5,api,Pop Lockett Drop it,Joe Mantegna,2022-W13-03,3,102.76,107.5,Nick Chubb,RB,RB,True,False,False,,8.0,,Nick Chubb,RB,,414.p.31005,31005,Hou,yahoo_fantasy_api
2022,13,,6,api,Pop Lockett Drop it,Joe Mantegna,2022-W13-03,3,102.76,107.5,Gerald Everett,TE,TE,True,False,False,,10.5,,Gerald Everett,TE,,414.p.30157,30157,Chi,yahoo_fantasy_api
2022,13,,7,api,Pop Lockett Drop it,Joe Mantegna,2022-W13-03,3,102.76,107.5,Michael Pittman Jr.,WR,W/R/T,True,False,False,,2.6,,Michael Pittman Jr.,WR,,414.p.32704,32704,Pit,yahoo_fantasy_api
2022,13,,8,api,Pop Lockett Drop it,Joe Mantegna,2022-W13-03,3,102.76,107.5,Tom Brady,QB,BN,False,True,False,,22.14,,Tom Brady,QB,,414.p.5228,5228,TB,yahoo_fantasy_api
2022,13,,9,api,Pop Lockett Drop it,Joe Mantegna,2022-W13-03,3,102.76,107.5,Rondale Moore,WR,BN,False,True,False,,0.0,,Rondale Moore,WR,,414.p.33437,33437,Min,yahoo_fantasy_api
2022,13,,10,api,Pop Lockett Drop it,Joe Mantegna,2022-W13-03,3,102.76,107.5,Hollywood Brown,WR,BN,False,True,False,,0.0,,Hollywood Brown,WR,,414.p.31857,31857,Phi,yahoo_fantasy_api
2022,13,,11,api,Pop Lockett Drop it,Joe Mantegna,2022-W13-03,3,102.76,107.5,Allen Robinson,WR,BN,False,True,False,,0.0,,Allen Robinson,WR,,414.p.27589,27589,Det,yahoo_fantasy_api
2022,13,,12,api,Pop Lockett Drop it,Joe Mantegna,2022-W13-03,3,102.76,107.5,Eno Benjamin,RB,BN,False,True,False,,0.0,,Eno Benjamin,RB,,414.p.32892,32892,NO,yahoo_fantasy_api
2022,13,,13,api,Pop Lockett Drop it,Joe Mantegna,2022-W13-03,3,102.76,107.5,Evan McPherson,K,K,True,False,False,,10.0,,Evan McPherson,K,,414.p.33537,33537,Cin,yahoo_fantasy_api
2022,13,,14,api,Pop Lockett Drop it,Joe Mantegna,2022-W13-03,3,102.76,107.5,Chargers,DEF,DEF,True,False,False,,12.0,,Chargers,DEF,,414.p.100024,100024,LAC,yahoo_fantasy_api
2022,13,,1,api,Post Mahomes,Ginger FC 🏆🏆,2022-W13-05,5,124.54,106.5,Tua Tagovailoa,QB,QB,True,False,False,,19.8,,Tua Tagovailoa,QB,,414.p.32675,32675,Atl,yahoo_fantasy_api
2022,13,,2,api,Post Mahomes,Ginger FC 🏆🏆,2022-W13-05,5,124.54,106.5,A.J. Brown,WR,WR,True,False,False,,27.9,,A.J. Brown,WR,,414.p.31883,31883,NE,yahoo_fantasy_api
2022,13,,3,api,Post Mahomes,Ginger FC 🏆🏆,2022-W13-05,5,124.54,106.5,CeeDee Lamb,WR,WR,True,False,False,,17.9,,CeeDee Lamb,WR,,414.p.32687,32687,Dal,yahoo_fantasy_api
2022,13,,4,api,Post Mahomes,Ginger FC 🏆🏆,2022-W13-05,5,124.54,106.5,Kenneth Walker III,RB,RB,True,False,False,,3.6,,Kenneth Walker III,RB,,414.p.33996,33996,KC,yahoo_fantasy_api
2022,13,,5,api,Post Mahomes,Ginger FC 🏆🏆,2022-W13-05,5,124.54,106.5,Jonathan Taylor,RB,RB,True,False,False,,11.8,,Jonathan Taylor,RB,,414.p.32711,32711,Ind,yahoo_fantasy_api
2022,13,,6,api,Post Mahomes,Ginger FC 🏆🏆,2022-W13-05,5,124.54,106.5,Taysom Hill,"QB,TE",TE,True,False,False,,12.34,,Taysom Hill,"QB,TE",,414.p.30614,30614,NO,yahoo_fantasy_api
2022,13,,7,api,Post Mahomes,Ginger FC 🏆🏆,2022-W13-05,5,124.54,106.5,Garrett Wilson,WR,W/R/T,True,False,False,,20.2,,Garrett Wilson,WR,,414.p.33965,33965,NYJ,yahoo_fantasy_api
2022,13,,8,api,Post Mahomes,Ginger FC 🏆🏆,2022-W13-05,5,124.54,106.5,Tyler Higbee,TE,BN,False,True,False,,2.4,,Tyler Higbee,TE,,414.p.29344,29344,LAR,yahoo_fantasy_api
2022,13,,9,api,Post Mahomes,Ginger FC 🏆🏆,2022-W13-05,5,124.54,106.5,Dameon Pierce,RB,BN,False,True,False,,11.0,,Dameon Pierce,RB,,414.p.34063,34063,Phi,yahoo_fantasy_api
2022,13,,10,api,Post Mahomes,Ginger FC 🏆🏆,2022-W13-05,5,124.54,106.5,Joshua Palmer,WR,BN,False,True,False,,9.5,,Joshua Palmer,WR,,414.p.33465,33465,Buf,yahoo_fantasy_api
2022,13,,11,api,Post Mahomes,Ginger FC 🏆🏆,2022-W13-05,5,124.54,106.5,Drake London,WR,BN,False,True,False,,12.5,,Drake London,WR,,414.p.33963,33963,Atl,yahoo_fantasy_api
2022,13,,12,api,Post Mahomes,Ginger FC 🏆🏆,2022-W13-05,5,124.54,106.5,Kyren Williams,RB,BN,False,True,False,,0.9,,Kyren Williams,RB,,414.p.34120,34120,LAR,yahoo_fantasy_api
2022,13,,13,api,Post Mahomes,Ginger FC 🏆🏆,2022-W13-05,5,124.54,106.5,Cam Akers,RB,BN,False,True,False,,18.5,,Cam Akers,RB,,414.p.32722,32722,Sea,yahoo_fantasy_api
2022,13,,14,api,Post Mahomes,Ginger FC 🏆🏆,2022-W13-05,5,124.54,106.5,Brett Maher,K,K,True,False,False,,6.0,,Brett Maher,K,,414.p.27369,27369,LAR,yahoo_fantasy_api
2022,13,,15,api,Post Mahomes,Ginger FC 🏆🏆,2022-W13-05,5,124.54,106.5,Bills,DEF,DEF,True,False,False,,5.0,,Bills,DEF,,414.p.100002,100002,Buf,yahoo_fantasy_api
2022,13,,1,api,The Big Gronkowski,Big Sack Jack,2022-W13-01,1,80.62,147.24,Kirk Cousins,QB,QB,True,False,False,,13.82,,Kirk Cousins,QB,,414.p.25812,25812,LV,yahoo_fantasy_api
2022,13,,2,api,The Big Gronkowski,Big Sack Jack,2022-W13-01,1,80.62,147.24,Tee Higgins,WR,WR,True,False,False,,11.0,,Tee Higgins,WR,,414.p.32703,32703,Cin,yahoo_fantasy_api
2022,13,,3,api,The Big Gronkowski,Big Sack Jack,2022-W13-01,1,80.62,147.24,JuJu Smith-Schuster,WR,WR,True,False,False,,5.0,,JuJu Smith-Schuster,WR,,414.p.30175,30175,NYG,yahoo_fantasy_api
2022,13,,4,api,The Big Gronkowski,Big Sack Jack,2022-W13-01,1,80.62,147.24,Austin Ekeler,RB,RB,True,False,False,,10.7,,Austin Ekeler,RB,,414.p.30423,30423,Was,yahoo_fantasy_api
2022,13,,5,api,The Big Gronkowski,Big Sack Jack,2022-W13-01,1,80.62,147.24,Jeff Wilson Jr.,RB,RB,True,False,False,,0.3,,Jeff Wilson Jr.,RB,,414.p.31394,31394,Mia,yahoo_fantasy_api
2022,13,,6,api,The Big Gronkowski,Big Sack Jack,2022-W13-01,1,80.62,147.24,George Kittle,TE,TE,True,False,False,,3.2,,George Kittle,TE,,414.p.30259,30259,SF,yahoo_fantasy_api
2022,13,,7,api,The Big Gronkowski,Big Sack Jack,2022-W13-01,1,80.62,147.24,Tony Pollard,RB,W/R/T,True,False,False,,23.6,,Tony Pollard,RB,,414.p.31960,31960,Ten,yahoo_fantasy_api
2022,13,,8,api,The Big Gronkowski,Big Sack Jack,2022-W13-01,1,80.62,147.24,Darius Slayton,WR,BN,False,True,False,,12.0,,Darius Slayton,WR,,414.p.32003,32003,Ind,yahoo_fantasy_api
2022,13,,9,api,The Big Gronkowski,Big Sack Jack,2022-W13-01,1,80.62,147.24,Damien Harris,RB,BN,False,True,False,,0.0,,Damien Harris,RB,,414.p.31919,31919,Buf,yahoo_fantasy_api
2022,13,,10,api,The Big Gronkowski,Big Sack Jack,2022-W13-01,1,80.62,147.24,Cooper Kupp,WR,BN,False,True,False,,0.0,,Cooper Kupp,WR,,414.p.30182,30182,Sea,yahoo_fantasy_api
2022,13,,11,api,The Big Gronkowski,Big Sack Jack,2022-W13-01,1,80.62,147.24,Hayden Hurst,TE,BN,False,True,False,,2.2,,Hayden Hurst,TE,,414.p.30995,30995,LAC,yahoo_fantasy_api
2022,13,,12,api,The Big Gronkowski,Big Sack Jack,2022-W13-01,1,80.62,147.24,Jimmy Garoppolo,QB,BN,False,True,False,,2.24,,Jimmy Garoppolo,QB,,414.p.27590,27590,LAR,yahoo_fantasy_api
2022,13,,13,api,The Big Gronkowski,Big Sack Jack,2022-W13-01,1,80.62,147.24,Trey Lance,QB,IR,False,False,True,,0.0,,Trey Lance,QB,,414.p.33391,33391,LAC,yahoo_fantasy_api
2022,13,,14,api,The Big Gronkowski,Big Sack Jack,2022-W13-01,1,80.62,147.24,Tyler Bass,K,K,True,False,False,,7.0,,Tyler Bass,K,,414.p.32858,32858,Buf,yahoo_fantasy_api
2022,13,,15,api,The Big Gronkowski,Big Sack Jack,2022-W13-01,1,80.62,147.24,Ravens,DEF,DEF,True,False,False,,6.0,,Ravens,DEF,,414.p.100033,100033,Bal,yahoo_fantasy_api
2022,13,,16,api,The Big Gronkowski,Big Sack Jack,2022-W13-01,1,80.62,147.24,Buccaneers,DEF,BN,False,True,False,,3.0,,Buccaneers,DEF,,414.p.100027,100027,TB,yahoo_fantasy_api
2022,13,,1,api,ThreatLevelMidnight,Patty Primetimes,2022-W13-04,4,88.2,87.44,Dak Prescott,QB,QB,True,False,False,,23.8,,Dak Prescott,QB,,414.p.29369,29369,Dal,yahoo_fantasy_api
2022,13,,2,api,ThreatLevelMidnight,Patty Primetimes,2022-W13-04,4,88.2,87.44,Stefon Diggs,WR,WR,True,False,False,,18.7,,Stefon Diggs,WR,,414.p.28534,28534,Was,yahoo_fantasy_api
2022,13,,3,api,ThreatLevelMidnight,Patty Primetimes,2022-W13-04,4,88.2,87.44,Mike Evans,WR,WR,True,False,False,,7.9,,Mike Evans,WR,,414.p.27535,27535,SF,yahoo_fantasy_api
2022,13,,4,api,ThreatLevelMidnight,Patty Primetimes,2022-W13-04,4,88.2,87.44,Miles Sanders,RB,RB,True,False,False,,10.8,,Miles Sanders,RB,,414.p.31885,31885,Dal,yahoo_fantasy_api
2022,13,,5,api,ThreatLevelMidnight,Patty Primetimes,2022-W13-04,4,88.2,87.44,Rachaad White,RB,RB,True,False,False,,13.9,,Rachaad White,RB,,414.p.34047,34047,Was,yahoo_fantasy_api
2022,13,,6,api,ThreatLevelMidnight,Patty Primetimes,2022-W13-04,4,88.2,87.44,Tyler Conklin,TE,TE,True,False,False,,1.9,,Tyler Conklin,TE,,414.p.31127,31127,Det,yahoo_fantasy_api
2022,13,,7,api,ThreatLevelMidnight,Patty Primetimes,2022-W13-04,4,88.2,87.44,Gus Edwards,RB,W/R/T,True,False,False,,1.2,,Gus Edwards,RB,,414.p.31424,31424,LAC,yahoo_fantasy_api
2022,13,,8,api,ThreatLevelMidnight,Patty Primetimes,2022-W13-04,4,88.2,87.44,DeAndre Hopkins,WR,BN,False,True,False,,0.0,,DeAndre Hopkins,WR,,414.p.26650,26650,Bal,yahoo_fantasy_api
2022,13,,9,api,ThreatLevelMidnight,Patty Primetimes,2022-W13-04,4,88.2,87.44,Latavius Murray,RB,BN,False,True,False,,8.1,,Latavius Murray,RB,,414.p.26804,26804,Buf,yahoo_fantasy_api
2022,13,,10,api,ThreatLevelMidnight,Patty Primetimes,2022-W13-04,4,88.2,87.44,D'Onta Foreman,RB,BN,False,True,False,,0.0,,D'Onta Foreman,RB,,414.p.30202,30202,Cle,yahoo_fantasy_api
2022,13,,11,api,ThreatLevelMidnight,Patty Primetimes,2022-W13-04,4,88.2,87.44,Geno Smith,QB,BN,False,True,False,,29.98,,Geno Smith,QB,,414.p.26662,26662,NYJ,yahoo_fantasy_api
2022,13,,12,api,ThreatLevelMidnight,Patty Primetimes,2022-W13-04,4,88.2,87.44,Treylon Burks,WR,BN,False,True,False,,9.0,,Treylon Burks,WR,,414.p.33973,33973,Was,yahoo_fantasy_api
2022,13,,13,api,ThreatLevelMidnight,Patty Primetimes,2022-W13-04,4,88.2,87.44,Jordan Mason,RB,BN,False,True,False,,5.1,,Jordan Mason,RB,,414.p.34320,34320,Min,yahoo_fantasy_api
2022,13,,14,api,ThreatLevelMidnight,Patty Primetimes,2022-W13-04,4,88.2,87.44,David Njoku,TE,IR,False,False,True,,0.0,,David Njoku,TE,,414.p.30142,30142,LAC,yahoo_fantasy_api
2022,13,,15,api,ThreatLevelMidnight,Patty Primetimes,2022-W13-04,4,88.2,87.44,Harrison Butker,K,K,True,False,False,,6.0,,Harrison Butker,K,,414.p.30346,30346,KC,yahoo_fantasy_api
2022,13,,16,api,ThreatLevelMidnight,Patty Primetimes,2022-W13-04,4,88.2,87.44,Patriots,DEF,DEF,True,False,False,,4.0,,Patriots,DEF,,414.p.100017,100017,NE,yahoo_fantasy_api
2022,13,,1,api,Uncle Rico,malle_dips_pouches,2022-W13-06,6,128.12,93.44,Patrick Mahomes,QB,QB,True,False,False,,21.82,,Patrick Mahomes,QB,,414.p.30123,30123,KC,yahoo_fantasy_api
2022,13,,2,api,Uncle Rico,malle_dips_pouches,2022-W13-06,6,128.12,93.44,Christian Kirk,WR,WR,True,False,False,,13.4,,Christian Kirk,WR,,414.p.31017,31017,SF,yahoo_fantasy_api
2022,13,,3,api,Uncle Rico,malle_dips_pouches,2022-W13-06,6,128.12,93.44,Ja'Marr Chase,WR,WR,True,False,False,,13.2,,Ja'Marr Chase,WR,,414.p.33393,33393,Cin,yahoo_fantasy_api
2022,13,,4,api,Uncle Rico,malle_dips_pouches,2022-W13-06,6,128.12,93.44,Saquon Barkley,RB,RB,True,False,False,,16.6,,Saquon Barkley,RB,,414.p.30972,30972,Phi,yahoo_fantasy_api
2022,13,,5,api,Uncle Rico,malle_dips_pouches,2022-W13-06,6,128.12,93.44,Isiah Pacheco,RB,RB,True,False,False,,15.2,,Isiah Pacheco,RB,,414.p.34207,34207,Det,yahoo_fantasy_api
2022,13,,6,api,Uncle Rico,malle_dips_pouches,2022-W13-06,6,128.12,93.44,Cole Kmet,TE,TE,True,False,False,,10.2,,Cole Kmet,TE,,414.p.32713,32713,Chi,yahoo_fantasy_api
2022,13,,7,api,Uncle Rico,malle_dips_pouches,2022-W13-06,6,128.12,93.44,Najee Harris,RB,W/R/T,True,False,False,,9.7,,Najee Harris,RB,,414.p.33412,33412,NYG,yahoo_fantasy_api
2022,13,,8,api,Uncle Rico,malle_dips_pouches,2022-W13-06,6,128.12,93.44,Brandon Aiyuk,WR,BN,False,True,False,,7.1,,Brandon Aiyuk,WR,,414.p.32695,32695,SF,yahoo_fantasy_api
2022,13,,9,api,Uncle Rico,malle_dips_pouches,2022-W13-06,6,128.12,93.44,Cordarrelle Patterson,RB,BN,False,True,False,,6.0,,Cordarrelle Patterson,RB,,414.p.26652,26652,Pit,yahoo_fantasy_api
2022,13,,10,api,Uncle Rico,malle_dips_pouches,2022-W13-06,6,128.12,93.44,Parris Campbell,WR,BN,False,True,False,,6.5,,Parris Campbell,WR,,414.p.31891,31891,Dal,yahoo_fantasy_api
2022,13,,11,api,Uncle Rico,malle_dips_pouches,2022-W13-06,6,128.12,93.44,Jakobi Meyers,WR,BN,False,True,False,,3.7,,Jakobi Meyers,WR,,414.p.32231,32231,Jax,yahoo_fantasy_api
2022,13,,12,api,Uncle Rico,malle_dips_pouches,2022-W13-06,6,128.12,93.44,DeAndre Carter,WR,BN,False,True,False,,1.9,,DeAndre Carter,WR,,414.p.28947,28947,Cle,yahoo_fantasy_api
2022,13,,13,api,Uncle Rico,malle_dips_pouches,2022-W13-06,6,128.12,93.44,Jerick McKinnon,RB,BN,False,True,False,,13.0,,Jerick McKinnon,RB,,414.p.27624,27624,KC,yahoo_fantasy_api
2022,13,,14,api,Uncle Rico,malle_dips_pouches,2022-W13-06,6,128.12,93.44,Robbie Gould,K,K,True,False,False,,18.0,,Robbie Gould,K,,414.p.7520,7520,SF,yahoo_fantasy_api
2022,13,,15,api,Uncle Rico,malle_dips_pouches,2022-W13-06,6,128.12,93.44,Eagles,DEF,DEF,True,False,False,,10.0,,Eagles,DEF,,414.p.100021,100021,Phi,yahoo_fantasy_api
2022,13,,1,api,Voldemort,Malle ❤️ 🐸,2022-W13-02,2,134.72,130.6,Josh Allen,QB,QB,True,False,False,,20.92,,Josh Allen,QB,,414.p.30977,30977,Buf,yahoo_fantasy_api
2022,13,,2,api,Voldemort,Malle ❤️ 🐸,2022-W13-02,2,134.72,130.6,Justin Jefferson,WR,WR,True,False,False,,15.1,,Justin Jefferson,WR,,414.p.32692,32692,Min,yahoo_fantasy_api
2022,13,,3,api,Voldemort,Malle ❤️ 🐸,2022-W13-02,2,134.72,130.6,Christian Watson,WR,WR,True,False,False,,22.9,,Christian Watson,WR,,414.p.33989,33989,GB,yahoo_fantasy_api
2022,13,,4,api,Voldemort,Malle ❤️ 🐸,2022-W13-02,2,134.72,130.6,David Montgomery,RB,RB,True,False,False,,14.7,,David Montgomery,RB,,414.p.31905,31905,Hou,yahoo_fantasy_api
2022,13,,5,api,Voldemort,Malle ❤️ 🐸,2022-W13-02,2,134.72,130.6,Samaje Perine,RB,RB,True,False,False,,18.5,,Samaje Perine,RB,,414.p.30227,30227,Cin,yahoo_fantasy_api
2022,13,,6,api,Voldemort,Malle ❤️ 🐸,2022-W13-02,2,134.72,130.6,Dalton Schultz,TE,TE,True,False,False,,4.3,,Dalton Schultz,TE,,414.p.31107,31107,Hou,yahoo_fantasy_api
2022,13,,7,api,Voldemort,Malle ❤️ 🐸,2022-W13-02,2,134.72,130.6,Chris Godwin Jr.,WR,W/R/T,True,False,False,,10.3,,Chris Godwin Jr.,WR,,414.p.30197,30197,TB,yahoo_fantasy_api
2022,13,,8,api,Voldemort,Malle ❤️ 🐸,2022-W13-02,2,134.72,130.6,Joe Mixon,RB,BN,False,True,False,,0.0,,Joe Mixon,RB,,414.p.30161,30161,Hou,yahoo_fantasy_api
2022,13,,9,api,Voldemort,Malle ❤️ 🐸,2022-W13-02,2,134.72,130.6,Deebo Samuel Sr.,WR,BN,False,True,False,,9.3,,Deebo Samuel Sr.,WR,,414.p.31868,31868,SF,yahoo_fantasy_api
2022,13,,10,api,Voldemort,Malle ❤️ 🐸,2022-W13-02,2,134.72,130.6,Raheem Mostert,RB,BN,False,True,False,,3.0,,Raheem Mostert,RB,,414.p.28654,28654,LV,yahoo_fantasy_api
2022,13,,11,api,Voldemort,Malle ❤️ 🐸,2022-W13-02,2,134.72,130.6,D'Andre Swift,RB,BN,False,True,False,,19.1,,D'Andre Swift,RB,,414.p.32705,32705,Chi,yahoo_fantasy_api
2022,13,,12,api,Voldemort,Malle ❤️ 🐸,2022-W13-02,2,134.72,130.6,George Pickens,WR,BN,False,True,False,,0.7,,George Pickens,WR,,414.p.34007,34007,Dal,yahoo_fantasy_api
2022,13,,13,api,Voldemort,Malle ❤️ 🐸,2022-W13-02,2,134.72,130.6,Bam Knight,RB,BN,False,True,False,,14.3,,Bam Knight,RB,,414.p.34357,34357,Ari,yahoo_fantasy_api
2022,13,,14,api,Voldemort,Malle ❤️ 🐸,2022-W13-02,2,134.72,130.6,Cameron Dicker,K,K,True,False,False,,8.0,,Cameron Dicker,K,,414.p.34344,34344,LAC,yahoo_fantasy_api
2022,13,,15,api,Voldemort,Malle ❤️ 🐸,2022-W13-02,2,134.72,130.6,Cowboys,DEF,DEF,True,False,False,,20.0,,Cowboys,DEF,,414.p.100006,100006,Dal,yahoo_fantasy_api
2022,13,,1,api,malle_dips_pouches,Uncle Rico,2022-W13-06,6,93.44,128.12,Lamar Jackson,QB,QB,True,False,False,,1.34,,Lamar Jackson,QB,,414.p.31002,31002,Bal,yahoo_fantasy_api
2022,13,,2,api,malle_dips_pouches,Uncle Rico,2022-W13-06,6,93.44,128.12,Amari Cooper,WR,WR,True,False,False,,6.0,,Amari Cooper,WR,,414.p.28392,28392,Buf,yahoo_fantasy_api
2022,13,,3,api,malle_dips_pouches,Uncle Rico,2022-W13-06,6,93.44,128.12,Jaylen Waddle,WR,WR,True,False,False,,1.4,,Jaylen Waddle,WR,,414.p.33394,33394,Den,yahoo_fantasy_api
2022,13,,4,api,malle_dips_pouches,Uncle Rico,2022-W13-06,6,93.44,128.12,Josh Jacobs,RB,RB,True,False,False,,20.0,,Josh Jacobs,RB,,414.p.31856,31856,GB,yahoo_fantasy_api
2022,13,,5,api,malle_dips_pouches,Uncle Rico,2022-W13-06,6,93.44,128.12,Christian McCaffrey,RB,RB,True,False,False,,24.6,,Christian McCaffrey,RB,,414.p.30121,30121,SF,yahoo_fantasy_api
2022,13,,6,api,malle_dips_pouches,Uncle Rico,2022-W13-06,6,93.44,128.12,Mark Andrews,TE,TE,True,False,False,,7.4,,Mark Andrews,TE,,414.p.31056,31056,Bal,yahoo_fantasy_api
2022,13,,7,api,malle_dips_pouches,Uncle Rico,2022-W13-06,6,93.44,128.12,DeVonta Smith,WR,W/R/T,True,False,False,,18.7,,DeVonta Smith,WR,,414.p.33398,33398,Phi,yahoo_fantasy_api
2022,13,,8,api,malle_dips_pouches,Uncle Rico,2022-W13-06,6,93.44,128.12,James Conner,RB,BN,False,True,False,,0.0,,James Conner,RB,,414.p.30218,30218,Ari,yahoo_fantasy_api
2022,13,,9,api,malle_dips_pouches,Uncle Rico,2022-W13-06,6,93.44,128.12,Tyler Boyd,WR,BN,False,True,False,,8.0,,Tyler Boyd,WR,,414.p.29288,29288,Ten,yahoo_fantasy_api
2022,13,,10,api,malle_dips_pouches,Uncle Rico,2022-W13-06,6,93.44,128.12,Pat Freiermuth,TE,BN,False,True,False,,9.1,,Pat Freiermuth,TE,,414.p.33443,33443,Pit,yahoo_fantasy_api
2022,13,,11,api,malle_dips_pouches,Uncle Rico,2022-W13-06,6,93.44,128.12,Michael Gallup,WR,BN,False,True,False,,16.3,,Michael Gallup,WR,,414.p.31051,31051,Was,yahoo_fantasy_api
2022,13,,12,api,malle_dips_pouches,Uncle Rico,2022-W13-06,6,93.44,128.12,Michael Carter,RB,BN,False,True,False,,0.0,,Michael Carter,RB,,414.p.33495,33495,Ten,yahoo_fantasy_api
2022,13,,13,api,malle_dips_pouches,Uncle Rico,2022-W13-06,6,93.44,128.12,Jason Myers,K,K,True,False,False,,10.0,,Jason Myers,K,,414.p.28378,28378,Sea,yahoo_fantasy_api
2022,13,,14,api,malle_dips_pouches,Uncle Rico,2022-W13-06,6,93.44,128.12,Steelers,DEF,DEF,True,False,False,,4.0,,Steelers,DEF,,414.p.100023,100023,Pit,yahoo_fantasy_api
2022,13,,15,api,malle_dips_pouches,Uncle Rico,2022-W13-06,6,93.44,128.12,Jets,DEF,BN,False,True,False,,2.0,,Jets,DEF,,414.p.100020,100020,NYJ,yahoo_fantasy_api
2022,14,,1,api,Big Sack Jack,Malle ❤️ 🐸,2022-W14-02,2,113.26,94.98,Joe Burrow,QB,QB,True,False,False,,21.56,,Joe Burrow,QB,,414.p.32671,32671,Cin,yahoo_fantasy_api
2022,14,,2,api,Big Sack Jack,Malle ❤️ 🐸,2022-W14-02,2,113.26,94.98,Amon-Ra St. Brown,WR,WR,True,False,False,,10.4,,Amon-Ra St. Brown,WR,,414.p.33500,33500,Det,yahoo_fantasy_api
2022,14,,3,api,Big Sack Jack,Malle ❤️ 🐸,2022-W14-02,2,113.26,94.98,Tyreek Hill,WR,WR,True,False,False,,22.1,,Tyreek Hill,WR,,414.p.29399,29399,Mia,yahoo_fantasy_api
2022,14,,4,api,Big Sack Jack,Malle ❤️ 🐸,2022-W14-02,2,113.26,94.98,Dalvin Cook,RB,RB,True,False,False,,8.1,,Dalvin Cook,RB,,414.p.30154,30154,Dal,yahoo_fantasy_api
2022,14,,5,api,Big Sack Jack,Malle ❤️ 🐸,2022-W14-02,2,113.26,94.98,Chuba Hubbard,RB,RB,True,False,False,,17.4,,Chuba Hubbard,RB,,414.p.33514,33514,Car,yahoo_fantasy_api
2022,14,,6,api,Big Sack Jack,Malle ❤️ 🐸,2022-W14-02,2,113.26,94.98,Dawson Knox,TE,TE,True,False,False,,12.1,,Dawson Knox,TE,,414.p.31928,31928,Buf,yahoo_fantasy_api
2022,14,,7,api,Big Sack Jack,Malle ❤️ 🐸,2022-W14-02,2,113.26,94.98,DJ Moore,WR,W/R/T,True,False,False,,0.6,,DJ Moore,WR,,414.p.30994,30994,Buf,yahoo_fantasy_api
2022,14,,8,api,Big Sack Jack,Malle ❤️ 🐸,2022-W14-02,2,113.26,94.98,Nyheim Miller-Hines,RB,BN,False,True,False,,1.2,,Nyheim Miller-Hines,RB,,414.p.31074,31074,LAC,yahoo_fantasy_api
2022,14,,9,api,Big Sack Jack,Malle ❤️ 🐸,2022-W14-02,2,113.26,94.98,AJ Dillon,RB,BN,False,True,False,,0.0,,AJ Dillon,RB,,414.p.32732,32732,Car,yahoo_fantasy_api
2022,14,,10,api,Big Sack Jack,Malle ❤️ 🐸,2022-W14-02,2,113.26,94.98,Derek Carr,QB,BN,False,True,False,,4.58,,Derek Carr,QB,,414.p.27564,27564,NO,yahoo_fantasy_api
2022,14,,11,api,Big Sack Jack,Malle ❤️ 🐸,2022-W14-02,2,113.26,94.98,Khalil Herbert,RB,BN,False,True,False,,0.0,,Khalil Herbert,RB,,414.p.33605,33605,Atl,yahoo_fantasy_api
2022,14,,12,api,Big Sack Jack,Malle ❤️ 🐸,2022-W14-02,2,113.26,94.98,Nico Collins,WR,BN,False,True,False,,0.0,,Nico Collins,WR,,414.p.33477,33477,Hou,yahoo_fantasy_api
2022,14,,13,api,Big Sack Jack,Malle ❤️ 🐸,2022-W14-02,2,113.26,94.98,Justin Tucker,K,K,True,False,False,,11.0,,Justin Tucker,K,,414.p.26534,26534,Bal,yahoo_fantasy_api
2022,14,,14,api,Big Sack Jack,Malle ❤️ 🐸,2022-W14-02,2,113.26,94.98,49ers,DEF,DEF,True,False,False,,10.0,,49ers,DEF,,414.p.100025,100025,SF,yahoo_fantasy_api
2022,14,,15,api,Big Sack Jack,Malle ❤️ 🐸,2022-W14-02,2,113.26,94.98,Chiefs,DEF,BN,False,True,False,,15.0,,Chiefs,DEF,,414.p.100012,100012,KC,yahoo_fantasy_api
2022,14,,1,api,Ginger FC 🏆🏆,Pop Lockett Drop it,2022-W14-05,5,93.56,70.76,Kyler Murray,QB,QB,True,False,False,,0.66,,Kyler Murray,QB,,414.p.31833,31833,Min,yahoo_fantasy_api
2022,14,,2,api,Ginger FC 🏆🏆,Pop Lockett Drop it,2022-W14-05,5,93.56,70.76,Tyler Lockett,WR,WR,True,False,False,,14.5,,Tyler Lockett,WR,,414.p.28457,28457,LV,yahoo_fantasy_api
2022,14,,3,api,Ginger FC 🏆🏆,Pop Lockett Drop it,2022-W14-05,5,93.56,70.76,Donovan Peoples-Jones,WR,WR,True,False,False,,15.4,,Donovan Peoples-Jones,WR,,414.p.32857,32857,NO,yahoo_fantasy_api
2022,14,,4,api,Ginger FC 🏆🏆,Pop Lockett Drop it,2022-W14-05,5,93.56,70.76,Rhamondre Stevenson,RB,RB,True,False,False,,2.0,,Rhamondre Stevenson,RB,,414.p.33508,33508,NE,yahoo_fantasy_api
2022,14,,5,api,Ginger FC 🏆🏆,Pop Lockett Drop it,2022-W14-05,5,93.56,70.76,Leonard Fournette,RB,RB,True,False,False,,7.6,,Leonard Fournette,RB,,414.p.30117,30117,Buf,yahoo_fantasy_api
2022,14,,6,api,Ginger FC 🏆🏆,Pop Lockett Drop it,2022-W14-05,5,93.56,70.76,Travis Kelce,TE,TE,True,False,False,,9.1,,Travis Kelce,TE,,414.p.26686,26686,KC,yahoo_fantasy_api
2022,14,,7,api,Ginger FC 🏆🏆,Pop Lockett Drop it,2022-W14-05,5,93.56,70.76,Jerry Jeudy,WR,W/R/T,True,False,False,,29.3,,Jerry Jeudy,WR,,414.p.32685,32685,Cle,yahoo_fantasy_api
2022,14,,8,api,Ginger FC 🏆🏆,Pop Lockett Drop it,2022-W14-05,5,93.56,70.76,Alvin Kamara,RB,BN,False,True,False,,0.0,,Alvin Kamara,RB,,414.p.30180,30180,NO,yahoo_fantasy_api
2022,14,,9,api,Ginger FC 🏆🏆,Pop Lockett Drop it,2022-W14-05,5,93.56,70.76,Curtis Samuel,WR,BN,False,True,False,,0.0,,Curtis Samuel,WR,,414.p.30153,30153,Buf,yahoo_fantasy_api
2022,14,,10,api,Ginger FC 🏆🏆,Pop Lockett Drop it,2022-W14-05,5,93.56,70.76,Kareem Hunt,RB,BN,False,True,False,,2.2,,Kareem Hunt,RB,,414.p.30199,30199,KC,yahoo_fantasy_api
2022,14,,11,api,Ginger FC 🏆🏆,Pop Lockett Drop it,2022-W14-05,5,93.56,70.76,Mike Williams,WR,BN,False,True,False,,20.6,,Mike Williams,WR,,414.p.30120,30120,Pit,yahoo_fantasy_api
2022,14,,12,api,Ginger FC 🏆🏆,Pop Lockett Drop it,2022-W14-05,5,93.56,70.76,Devin Duvernay,WR,BN,False,True,False,,0.0,,Devin Duvernay,WR,,414.p.32762,32762,Ari,yahoo_fantasy_api
2022,14,,13,api,Ginger FC 🏆🏆,Pop Lockett Drop it,2022-W14-05,5,93.56,70.76,Aaron Rodgers,QB,BN,False,True,False,,0.0,,Aaron Rodgers,QB,,414.p.7200,7200,Pit,yahoo_fantasy_api
2022,14,,14,api,Ginger FC 🏆🏆,Pop Lockett Drop it,2022-W14-05,5,93.56,70.76,Daniel Carlson,K,K,True,False,False,,12.0,,Daniel Carlson,K,,414.p.31137,31137,NO,yahoo_fantasy_api
2022,14,,15,api,Ginger FC 🏆🏆,Pop Lockett Drop it,2022-W14-05,5,93.56,70.76,Cardinals,DEF,DEF,True,False,False,,3.0,,Cardinals,DEF,,414.p.100022,100022,Ari,yahoo_fantasy_api
2022,14,,1,api,Joe Mantegna,The Big Gronkowski,2022-W14-01,1,97.38,102.2,Justin Herbert,QB,QB,True,False,False,,21.48,,Justin Herbert,QB,,414.p.32676,32676,LAC,yahoo_fantasy_api
2022,14,,2,api,Joe Mantegna,The Big Gronkowski,2022-W14-01,1,97.38,102.2,Davante Adams,WR,WR,True,False,False,,8.6,,Davante Adams,WR,,414.p.27581,27581,LAR,yahoo_fantasy_api
2022,14,,3,api,Joe Mantegna,The Big Gronkowski,2022-W14-01,1,97.38,102.2,DJ Chark,WR,WR,True,False,False,,18.4,,DJ Chark,WR,,414.p.31031,31031,Atl,yahoo_fantasy_api
2022,14,,4,api,Joe Mantegna,The Big Gronkowski,2022-W14-01,1,97.38,102.2,Devin Singletary,RB,RB,True,False,False,,4.8,,Devin Singletary,RB,,414.p.31906,31906,NYG,yahoo_fantasy_api
2022,14,,5,api,Joe Mantegna,The Big Gronkowski,2022-W14-01,1,97.38,102.2,Tony Jones,RB,RB,True,False,False,,0.7,,Tony Jones,RB,,414.p.33114,33114,Ari,yahoo_fantasy_api
2022,14,,6,api,Joe Mantegna,The Big Gronkowski,2022-W14-01,1,97.38,102.2,Greg Dulcich,TE,TE,True,False,False,,5.7,,Greg Dulcich,TE,,414.p.34036,34036,Mia,yahoo_fantasy_api
2022,14,,7,api,Joe Mantegna,The Big Gronkowski,2022-W14-01,1,97.38,102.2,Zay Jones,WR,W/R/T,True,False,False,,17.7,,Zay Jones,WR,,414.p.30150,30150,Hou,yahoo_fantasy_api
2022,14,,8,api,Joe Mantegna,The Big Gronkowski,2022-W14-01,1,97.38,102.2,Courtland Sutton,WR,BN,False,True,False,,0.0,,Courtland Sutton,WR,,414.p.31010,31010,Den,yahoo_fantasy_api
2022,14,,9,api,Joe Mantegna,The Big Gronkowski,2022-W14-01,1,97.38,102.2,Aaron Jones Sr.,RB,BN,False,True,False,,0.0,,Aaron Jones Sr.,RB,,414.p.30295,30295,Min,yahoo_fantasy_api
2022,14,,10,api,Joe Mantegna,The Big Gronkowski,2022-W14-01,1,97.38,102.2,Brandin Cooks,WR,BN,False,True,False,,0.0,,Brandin Cooks,WR,,414.p.27548,27548,SF,yahoo_fantasy_api
2022,14,,11,api,Joe Mantegna,The Big Gronkowski,2022-W14-01,1,97.38,102.2,Chase Claypool,WR,BN,False,True,False,,0.0,,Chase Claypool,WR,,414.p.32719,32719,Buf,yahoo_fantasy_api
2022,14,,12,api,Joe Mantegna,The Big Gronkowski,2022-W14-01,1,97.38,102.2,Dallas Goedert,TE,BN,False,True,False,,0.0,,Dallas Goedert,TE,,414.p.31019,31019,Phi,yahoo_fantasy_api
2022,14,,13,api,Joe Mantegna,The Big Gronkowski,2022-W14-01,1,97.38,102.2,James Cook III,RB,BN,False,True,False,,2.0,,James Cook III,RB,,414.p.34019,34019,Buf,yahoo_fantasy_api
2022,14,,14,api,Joe Mantegna,The Big Gronkowski,2022-W14-01,1,97.38,102.2,Breece Hall,RB,IR,False,False,True,,0.0,,Breece Hall,RB,,414.p.33991,33991,NYJ,yahoo_fantasy_api
2022,14,,15,api,Joe Mantegna,The Big Gronkowski,2022-W14-01,1,97.38,102.2,Michael Badgley,K,K,True,False,False,,12.0,,Michael Badgley,K,,414.p.31366,31366,Ind,yahoo_fantasy_api
2022,14,,16,api,Joe Mantegna,The Big Gronkowski,2022-W14-01,1,97.38,102.2,Bengals,DEF,DEF,True,False,False,,8.0,,Bengals,DEF,,414.p.100004,100004,Cin,yahoo_fantasy_api
2022,14,,1,api,Malle ❤️ 🐸,Big Sack Jack,2022-W14-02,2,94.98,113.26,Jalen Hurts,QB,QB,True,False,False,,34.38,,Jalen Hurts,QB,,414.p.32723,32723,Phi,yahoo_fantasy_api
2022,14,,2,api,Malle ❤️ 🐸,Big Sack Jack,2022-W14-02,2,94.98,113.26,Adam Thielen,WR,WR,True,False,False,,16.0,,Adam Thielen,WR,,414.p.27277,27277,Pit,yahoo_fantasy_api
2022,14,,3,api,Malle ❤️ 🐸,Big Sack Jack,2022-W14-02,2,94.98,113.26,Diontae Johnson,WR,WR,True,False,False,,11.2,,Diontae Johnson,WR,,414.p.31898,31898,Cle,yahoo_fantasy_api
2022,14,,4,api,Malle ❤️ 🐸,Big Sack Jack,2022-W14-02,2,94.98,113.26,Jamaal Williams,RB,RB,True,False,False,,3.7,,Jamaal Williams,RB,,414.p.30247,30247,NO,yahoo_fantasy_api
2022,14,,5,api,Malle ❤️ 🐸,Big Sack Jack,2022-W14-02,2,94.98,113.26,Ezekiel Elliott,RB,RB,True,False,False,,15.6,,Ezekiel Elliott,RB,,414.p.29238,29238,Dal,yahoo_fantasy_api
2022,14,,6,api,Malle ❤️ 🐸,Big Sack Jack,2022-W14-02,2,94.98,113.26,T.J. Hockenson,TE,TE,True,False,False,,8.7,,T.J. Hockenson,TE,,414.p.31840,31840,Min,yahoo_fantasy_api
2022,14,,7,api,Malle ❤️ 🐸,Big Sack Jack,2022-W14-02,2,94.98,113.26,Robert Woods,WR,W/R/T,True,False,False,,7.4,,Robert Woods,WR,,414.p.26664,26664,Pit,yahoo_fantasy_api
2022,14,,8,api,Malle ❤️ 🐸,Big Sack Jack,2022-W14-02,2,94.98,113.26,Antonio Gibson,RB,BN,False,True,False,,0.0,,Antonio Gibson,RB,,414.p.32736,32736,NE,yahoo_fantasy_api
2022,14,,9,api,Malle ❤️ 🐸,Big Sack Jack,2022-W14-02,2,94.98,113.26,Allen Lazard,WR,BN,False,True,False,,0.0,,Allen Lazard,WR,,414.p.31268,31268,NYJ,yahoo_fantasy_api
2022,14,,10,api,Malle ❤️ 🐸,Big Sack Jack,2022-W14-02,2,94.98,113.26,James Robinson,RB,BN,False,True,False,,0.0,,James Robinson,RB,,414.p.33138,33138,NO,yahoo_fantasy_api
2022,14,,11,api,Malle ❤️ 🐸,Big Sack Jack,2022-W14-02,2,94.98,113.26,Trevor Lawrence,QB,BN,False,True,False,,39.42,,Trevor Lawrence,QB,,414.p.33389,33389,Jax,yahoo_fantasy_api
2022,14,,12,api,Malle ❤️ 🐸,Big Sack Jack,2022-W14-02,2,94.98,113.26,J.K. Dobbins,RB,BN,False,True,False,,18.0,,J.K. Dobbins,RB,,414.p.32725,32725,Den,yahoo_fantasy_api
2022,14,,13,api,Malle ❤️ 🐸,Big Sack Jack,2022-W14-02,2,94.98,113.26,J.D. McKissic,RB,BN,False,True,False,,0.0,,J.D. McKissic,RB,,414.p.29650,29650,Was,yahoo_fantasy_api
2022,14,,14,api,Malle ❤️ 🐸,Big Sack Jack,2022-W14-02,2,94.98,113.26,Graham Gano,K,K,True,False,False,,2.0,,Graham Gano,K,,414.p.9526,9526,NYG,yahoo_fantasy_api
2022,14,,15,api,Malle ❤️ 🐸,Big Sack Jack,2022-W14-02,2,94.98,113.26,Titans,DEF,DEF,True,False,False,,-4.0,,Titans,DEF,,414.p.100010,100010,Ten,yahoo_fantasy_api
2022,14,,1,api,Patty Primetimes,Uncle Rico,2022-W14-06,6,95.9,135.58,Jared Goff,QB,QB,True,False,False,,32.1,,Jared Goff,QB,,414.p.29235,29235,Det,yahoo_fantasy_api
2022,14,,2,api,Patty Primetimes,Uncle Rico,2022-W14-06,6,95.9,135.58,DK Metcalf,WR,WR,True,False,False,,15.6,,DK Metcalf,WR,,414.p.31896,31896,Pit,yahoo_fantasy_api
2022,14,,3,api,Patty Primetimes,Uncle Rico,2022-W14-06,6,95.9,135.58,Van Jefferson,WR,WR,True,False,False,,11.4,,Van Jefferson,WR,,414.p.32727,32727,Was,yahoo_fantasy_api
2022,14,,4,api,Patty Primetimes,Uncle Rico,2022-W14-06,6,95.9,135.58,Derrick Henry,RB,RB,True,False,False,,19.0,,Derrick Henry,RB,,414.p.29279,29279,Bal,yahoo_fantasy_api
2022,14,,5,api,Patty Primetimes,Uncle Rico,2022-W14-06,6,95.9,135.58,Travis Etienne Jr.,RB,RB,True,False,False,,3.2,,Travis Etienne Jr.,RB,,414.p.33413,33413,NO,yahoo_fantasy_api
2022,14,,6,api,Patty Primetimes,Uncle Rico,2022-W14-06,6,95.9,135.58,Tyler Conklin,TE,TE,True,False,False,,5.3,,Tyler Conklin,TE,,414.p.31127,31127,Det,yahoo_fantasy_api
2022,14,,7,api,Patty Primetimes,Uncle Rico,2022-W14-06,6,95.9,135.58,Isaiah McKenzie,WR,W/R/T,True,False,False,,4.3,,Isaiah McKenzie,WR,,414.p.30285,30285,Mia,yahoo_fantasy_api
2022,14,,8,api,Patty Primetimes,Uncle Rico,2022-W14-06,6,95.9,135.58,Terry McLaurin,WR,BN,False,True,False,,0.0,,Terry McLaurin,WR,,414.p.31908,31908,Was,yahoo_fantasy_api
2022,14,,9,api,Patty Primetimes,Uncle Rico,2022-W14-06,6,95.9,135.58,Chris Olave,WR,BN,False,True,False,,0.0,,Chris Olave,WR,,414.p.33966,33966,NO,yahoo_fantasy_api
2022,14,,10,api,Patty Primetimes,Uncle Rico,2022-W14-06,6,95.9,135.58,Deshaun Watson,QB,BN,False,True,False,,19.34,,Deshaun Watson,QB,,414.p.30125,30125,Cle,yahoo_fantasy_api
2022,14,,11,api,Patty Primetimes,Uncle Rico,2022-W14-06,6,95.9,135.58,Darren Waller,TE,BN,False,True,False,,0.0,,Darren Waller,TE,,414.p.28592,28592,Car,yahoo_fantasy_api
2022,14,,12,api,Patty Primetimes,Uncle Rico,2022-W14-06,6,95.9,135.58,JaMycal Hasty,RB,BN,False,True,False,,1.3,,JaMycal Hasty,RB,,414.p.33199,33199,NE,yahoo_fantasy_api
2022,14,,13,api,Patty Primetimes,Uncle Rico,2022-W14-06,6,95.9,135.58,Jameson Williams,WR,BN,False,True,False,,10.6,,Jameson Williams,WR,,414.p.33967,33967,Det,yahoo_fantasy_api
2022,14,,14,api,Patty Primetimes,Uncle Rico,2022-W14-06,6,95.9,135.58,Michael Thomas,WR,IR,False,False,True,,0.0,,Michael Thomas,WR,,414.p.29281,29281,NO,yahoo_fantasy_api
2022,14,,15,api,Patty Primetimes,Uncle Rico,2022-W14-06,6,95.9,135.58,Greg Zuerlein,K,K,True,False,False,,4.0,,Greg Zuerlein,K,,414.p.25881,25881,NYJ,yahoo_fantasy_api
2022,14,,16,api,Patty Primetimes,Uncle Rico,2022-W14-06,6,95.9,135.58,Seahawks,DEF,DEF,True,False,False,,1.0,,Seahawks,DEF,,414.p.100026,100026,Sea,yahoo_fantasy_api
2022,14,,1,api,Pop Lockett Drop it,Ginger FC 🏆🏆,2022-W14-05,5,70.76,93.56,Ryan Tannehill,QB,QB,True,False,False,,22.76,,Ryan Tannehill,QB,,414.p.25718,25718,Ten,yahoo_fantasy_api
2022,14,,2,api,Pop Lockett Drop it,Ginger FC 🏆🏆,2022-W14-05,5,70.76,93.56,Gabe Davis,WR,WR,True,False,False,,4.6,,Gabe Davis,WR,,414.p.32798,32798,Buf,yahoo_fantasy_api
2022,14,,3,api,Pop Lockett Drop it,Ginger FC 🏆🏆,2022-W14-05,5,70.76,93.56,Keenan Allen,WR,WR,True,False,False,,15.2,,Keenan Allen,WR,,414.p.26699,26699,Ind,yahoo_fantasy_api
2022,14,,4,api,Pop Lockett Drop it,Ginger FC 🏆🏆,2022-W14-05,5,70.76,93.56,Nick Chubb,RB,RB,True,False,False,,6.9,,Nick Chubb,RB,,414.p.31005,31005,Hou,yahoo_fantasy_api
2022,14,,5,api,Pop Lockett Drop it,Ginger FC 🏆🏆,2022-W14-05,5,70.76,93.56,Gus Edwards,RB,RB,True,False,False,,6.6,,Gus Edwards,RB,,414.p.31424,31424,LAC,yahoo_fantasy_api
2022,14,,6,api,Pop Lockett Drop it,Ginger FC 🏆🏆,2022-W14-05,5,70.76,93.56,Gerald Everett,TE,TE,True,False,False,,5.3,,Gerald Everett,TE,,414.p.30157,30157,Chi,yahoo_fantasy_api
2022,14,,7,api,Pop Lockett Drop it,Ginger FC 🏆🏆,2022-W14-05,5,70.76,93.56,Hollywood Brown,WR,W/R/T,True,False,False,,5.4,,Hollywood Brown,WR,,414.p.31857,31857,Phi,yahoo_fantasy_api
2022,14,,8,api,Pop Lockett Drop it,Ginger FC 🏆🏆,2022-W14-05,5,70.76,93.56,Brian Robinson,RB,BN,False,True,False,,0.0,,Brian Robinson,RB,,414.p.34054,34054,Atl,yahoo_fantasy_api
2022,14,,9,api,Pop Lockett Drop it,Ginger FC 🏆🏆,2022-W14-05,5,70.76,93.56,Michael Pittman Jr.,WR,BN,False,True,False,,0.0,,Michael Pittman Jr.,WR,,414.p.32704,32704,Pit,yahoo_fantasy_api
2022,14,,10,api,Pop Lockett Drop it,Ginger FC 🏆🏆,2022-W14-05,5,70.76,93.56,Justin Fields,QB,BN,False,True,False,,0.0,,Justin Fields,QB,,414.p.33399,33399,KC,yahoo_fantasy_api
2022,14,,11,api,Pop Lockett Drop it,Ginger FC 🏆🏆,2022-W14-05,5,70.76,93.56,Rondale Moore,WR,BN,False,True,False,,0.0,,Rondale Moore,WR,,414.p.33437,33437,Min,yahoo_fantasy_api
2022,14,,12,api,Pop Lockett Drop it,Ginger FC 🏆🏆,2022-W14-05,5,70.76,93.56,Allen Robinson,WR,BN,False,True,False,,0.0,,Allen Robinson,WR,,414.p.27589,27589,Det,yahoo_fantasy_api
2022,14,,13,api,Pop Lockett Drop it,Ginger FC 🏆🏆,2022-W14-05,5,70.76,93.56,Evan McPherson,K,K,True,False,False,,5.0,,Evan McPherson,K,,414.p.33537,33537,Cin,yahoo_fantasy_api
2022,14,,14,api,Pop Lockett Drop it,Ginger FC 🏆🏆,2022-W14-05,5,70.76,93.56,Vikings,DEF,DEF,True,False,False,,-1.0,,Vikings,DEF,,414.p.100016,100016,Min,yahoo_fantasy_api
2022,14,,1,api,Post Mahomes,ThreatLevelMidnight,2022-W14-04,4,91.9,119.06,Tua Tagovailoa,QB,QB,True,False,False,,14.6,,Tua Tagovailoa,QB,,414.p.32675,32675,Atl,yahoo_fantasy_api
2022,14,,2,api,Post Mahomes,ThreatLevelMidnight,2022-W14-04,4,91.9,119.06,A.J. Brown,WR,WR,True,False,False,,15.0,,A.J. Brown,WR,,414.p.31883,31883,NE,yahoo_fantasy_api
2022,14,,3,api,Post Mahomes,ThreatLevelMidnight,2022-W14-04,4,91.9,119.06,CeeDee Lamb,WR,WR,True,False,False,,5.8,,CeeDee Lamb,WR,,414.p.32687,32687,Dal,yahoo_fantasy_api
2022,14,,4,api,Post Mahomes,ThreatLevelMidnight,2022-W14-04,4,91.9,119.06,Dameon Pierce,RB,RB,True,False,False,,11.8,,Dameon Pierce,RB,,414.p.34063,34063,Phi,yahoo_fantasy_api
2022,14,,5,api,Post Mahomes,ThreatLevelMidnight,2022-W14-04,4,91.9,119.06,Cam Akers,RB,RB,True,False,False,,8.8,,Cam Akers,RB,,414.p.32722,32722,Sea,yahoo_fantasy_api
2022,14,,6,api,Post Mahomes,ThreatLevelMidnight,2022-W14-04,4,91.9,119.06,Tyler Higbee,TE,TE,True,False,False,,2.1,,Tyler Higbee,TE,,414.p.29344,29344,LAR,yahoo_fantasy_api
2022,14,,7,api,Post Mahomes,ThreatLevelMidnight,2022-W14-04,4,91.9,119.06,Garrett Wilson,WR,W/R/T,True,False,False,,10.8,,Garrett Wilson,WR,,414.p.33965,33965,NYJ,yahoo_fantasy_api
2022,14,,8,api,Post Mahomes,ThreatLevelMidnight,2022-W14-04,4,91.9,119.06,Kyren Williams,RB,BN,False,True,False,,3.4,,Kyren Williams,RB,,414.p.34120,34120,LAR,yahoo_fantasy_api
2022,14,,9,api,Post Mahomes,ThreatLevelMidnight,2022-W14-04,4,91.9,119.06,Kenneth Walker III,RB,BN,False,True,False,,0.0,,Kenneth Walker III,RB,,414.p.33996,33996,KC,yahoo_fantasy_api
2022,14,,10,api,Post Mahomes,ThreatLevelMidnight,2022-W14-04,4,91.9,119.06,Taysom Hill,"QB,TE",BN,False,True,False,,0.0,,Taysom Hill,"QB,TE",,414.p.30614,30614,NO,yahoo_fantasy_api
2022,14,,11,api,Post Mahomes,ThreatLevelMidnight,2022-W14-04,4,91.9,119.06,Jonathan Taylor,RB,BN,False,True,False,,0.0,,Jonathan Taylor,RB,,414.p.32711,32711,Ind,yahoo_fantasy_api
2022,14,,12,api,Post Mahomes,ThreatLevelMidnight,2022-W14-04,4,91.9,119.06,Joshua Palmer,WR,BN,False,True,False,,7.3,,Joshua Palmer,WR,,414.p.33465,33465,Buf,yahoo_fantasy_api
2022,14,,13,api,Post Mahomes,ThreatLevelMidnight,2022-W14-04,4,91.9,119.06,Drake London,WR,BN,False,True,False,,0.0,,Drake London,WR,,414.p.33963,33963,Atl,yahoo_fantasy_api
2022,14,,14,api,Post Mahomes,ThreatLevelMidnight,2022-W14-04,4,91.9,119.06,Brett Maher,K,K,True,False,False,,11.0,,Brett Maher,K,,414.p.27369,27369,LAR,yahoo_fantasy_api
2022,14,,15,api,Post Mahomes,ThreatLevelMidnight,2022-W14-04,4,91.9,119.06,Bills,DEF,DEF,True,False,False,,12.0,,Bills,DEF,,414.p.100002,100002,Buf,yahoo_fantasy_api
2022,14,,1,api,The Big Gronkowski,Joe Mantegna,2022-W14-01,1,102.2,97.38,Kirk Cousins,QB,QB,True,False,False,,29.0,,Kirk Cousins,QB,,414.p.25812,25812,LV,yahoo_fantasy_api
2022,14,,2,api,The Big Gronkowski,Joe Mantegna,2022-W14-01,1,102.2,97.38,Tee Higgins,WR,WR,True,False,False,,0.0,,Tee Higgins,WR,,414.p.32703,32703,Cin,yahoo_fantasy_api
2022,14,,3,api,The Big Gronkowski,Joe Mantegna,2022-W14-01,1,102.2,97.38,Darius Slayton,WR,WR,True,False,False,,5.2,,Darius Slayton,WR,,414.p.32003,32003,Ind,yahoo_fantasy_api
2022,14,,4,api,The Big Gronkowski,Joe Mantegna,2022-W14-01,1,102.2,97.38,Austin Ekeler,RB,RB,True,False,False,,20.4,,Austin Ekeler,RB,,414.p.30423,30423,Was,yahoo_fantasy_api
2022,14,,5,api,The Big Gronkowski,Joe Mantegna,2022-W14-01,1,102.2,97.38,Jeff Wilson Jr.,RB,RB,True,False,False,,2.6,,Jeff Wilson Jr.,RB,,414.p.31394,31394,Mia,yahoo_fantasy_api
2022,14,,6,api,The Big Gronkowski,Joe Mantegna,2022-W14-01,1,102.2,97.38,George Kittle,TE,TE,True,False,False,,4.8,,George Kittle,TE,,414.p.30259,30259,SF,yahoo_fantasy_api
2022,14,,7,api,The Big Gronkowski,Joe Mantegna,2022-W14-01,1,102.2,97.38,Tony Pollard,RB,W/R/T,True,False,False,,20.2,,Tony Pollard,RB,,414.p.31960,31960,Ten,yahoo_fantasy_api
2022,14,,8,api,The Big Gronkowski,Joe Mantegna,2022-W14-01,1,102.2,97.38,JuJu Smith-Schuster,WR,BN,False,True,False,,17.9,,JuJu Smith-Schuster,WR,,414.p.30175,30175,NYG,yahoo_fantasy_api
2022,14,,9,api,The Big Gronkowski,Joe Mantegna,2022-W14-01,1,102.2,97.38,Damien Harris,RB,BN,False,True,False,,0.0,,Damien Harris,RB,,414.p.31919,31919,Buf,yahoo_fantasy_api
2022,14,,10,api,The Big Gronkowski,Joe Mantegna,2022-W14-01,1,102.2,97.38,Cooper Kupp,WR,BN,False,True,False,,0.0,,Cooper Kupp,WR,,414.p.30182,30182,Sea,yahoo_fantasy_api
2022,14,,11,api,The Big Gronkowski,Joe Mantegna,2022-W14-01,1,102.2,97.38,Hayden Hurst,TE,BN,False,True,False,,0.0,,Hayden Hurst,TE,,414.p.30995,30995,LAC,yahoo_fantasy_api
2022,14,,12,api,The Big Gronkowski,Joe Mantegna,2022-W14-01,1,102.2,97.38,Jimmy Garoppolo,QB,BN,False,True,False,,0.0,,Jimmy Garoppolo,QB,,414.p.27590,27590,LAR,yahoo_fantasy_api
2022,14,,13,api,The Big Gronkowski,Joe Mantegna,2022-W14-01,1,102.2,97.38,Trey Lance,QB,IR,False,False,True,,0.0,,Trey Lance,QB,,414.p.33391,33391,LAC,yahoo_fantasy_api
2022,14,,14,api,The Big Gronkowski,Joe Mantegna,2022-W14-01,1,102.2,97.38,Tyler Bass,K,K,True,False,False,,9.0,,Tyler Bass,K,,414.p.32858,32858,Buf,yahoo_fantasy_api
2022,14,,15,api,The Big Gronkowski,Joe Mantegna,2022-W14-01,1,102.2,97.38,Ravens,DEF,DEF,True,False,False,,11.0,,Ravens,DEF,,414.p.100033,100033,Bal,yahoo_fantasy_api
2022,14,,16,api,The Big Gronkowski,Joe Mantegna,2022-W14-01,1,102.2,97.38,Buccaneers,DEF,BN,False,True,False,,-2.0,,Buccaneers,DEF,,414.p.100027,100027,TB,yahoo_fantasy_api
2022,14,,1,api,ThreatLevelMidnight,Post Mahomes,2022-W14-04,4,119.06,91.9,Dak Prescott,QB,QB,True,False,False,,17.66,,Dak Prescott,QB,,414.p.29369,29369,Dal,yahoo_fantasy_api
2022,14,,2,api,ThreatLevelMidnight,Post Mahomes,2022-W14-04,4,119.06,91.9,Stefon Diggs,WR,WR,True,False,False,,5.2,,Stefon Diggs,WR,,414.p.28534,28534,Was,yahoo_fantasy_api
2022,14,,3,api,ThreatLevelMidnight,Post Mahomes,2022-W14-04,4,119.06,91.9,DeAndre Hopkins,WR,WR,True,False,False,,9.4,,DeAndre Hopkins,WR,,414.p.26650,26650,Bal,yahoo_fantasy_api
2022,14,,4,api,ThreatLevelMidnight,Post Mahomes,2022-W14-04,4,119.06,91.9,Miles Sanders,RB,RB,True,False,False,,28.0,,Miles Sanders,RB,,414.p.31885,31885,Dal,yahoo_fantasy_api
2022,14,,5,api,ThreatLevelMidnight,Post Mahomes,2022-W14-04,4,119.06,91.9,D'Onta Foreman,RB,RB,True,False,False,,8.0,,D'Onta Foreman,RB,,414.p.30202,30202,Cle,yahoo_fantasy_api
2022,14,,6,api,ThreatLevelMidnight,Post Mahomes,2022-W14-04,4,119.06,91.9,David Njoku,TE,TE,True,False,False,,15.2,,David Njoku,TE,,414.p.30142,30142,LAC,yahoo_fantasy_api
2022,14,,7,api,ThreatLevelMidnight,Post Mahomes,2022-W14-04,4,119.06,91.9,Latavius Murray,RB,W/R/T,True,False,False,,4.6,,Latavius Murray,RB,,414.p.26804,26804,Buf,yahoo_fantasy_api
2022,14,,8,api,ThreatLevelMidnight,Post Mahomes,2022-W14-04,4,119.06,91.9,Geno Smith,QB,BN,False,True,False,,28.56,,Geno Smith,QB,,414.p.26662,26662,NYJ,yahoo_fantasy_api
2022,14,,9,api,ThreatLevelMidnight,Post Mahomes,2022-W14-04,4,119.06,91.9,Mike Evans,WR,BN,False,True,False,,6.4,,Mike Evans,WR,,414.p.27535,27535,SF,yahoo_fantasy_api
2022,14,,10,api,ThreatLevelMidnight,Post Mahomes,2022-W14-04,4,119.06,91.9,Rachaad White,RB,BN,False,True,False,,8.2,,Rachaad White,RB,,414.p.34047,34047,Was,yahoo_fantasy_api
2022,14,,11,api,ThreatLevelMidnight,Post Mahomes,2022-W14-04,4,119.06,91.9,Jordan Mason,RB,BN,False,True,False,,5.6,,Jordan Mason,RB,,414.p.34320,34320,Min,yahoo_fantasy_api
2022,14,,12,api,ThreatLevelMidnight,Post Mahomes,2022-W14-04,4,119.06,91.9,Travis Homer,RB,BN,False,True,False,,4.4,,Travis Homer,RB,,414.p.32036,32036,Pit,yahoo_fantasy_api
2022,14,,13,api,ThreatLevelMidnight,Post Mahomes,2022-W14-04,4,119.06,91.9,Matt Breida,RB,BN,False,True,False,,2.5,,Matt Breida,RB,,414.p.30552,30552,SF,yahoo_fantasy_api
2022,14,,14,api,ThreatLevelMidnight,Post Mahomes,2022-W14-04,4,119.06,91.9,Treylon Burks,WR,IR,False,False,True,,0.0,,Treylon Burks,WR,,414.p.33973,33973,Was,yahoo_fantasy_api
2022,14,,15,api,ThreatLevelMidnight,Post Mahomes,2022-W14-04,4,119.06,91.9,Harrison Butker,K,K,True,False,False,,11.0,,Harrison Butker,K,,414.p.30346,30346,KC,yahoo_fantasy_api
2022,14,,16,api,ThreatLevelMidnight,Post Mahomes,2022-W14-04,4,119.06,91.9,Patriots,DEF,DEF,True,False,False,,20.0,,Patriots,DEF,,414.p.100017,100017,NE,yahoo_fantasy_api
2022,14,,1,api,Uncle Rico,Patty Primetimes,2022-W14-06,6,135.58,95.9,Patrick Mahomes,QB,QB,True,False,False,,28.78,,Patrick Mahomes,QB,,414.p.30123,30123,KC,yahoo_fantasy_api
2022,14,,2,api,Uncle Rico,Patty Primetimes,2022-W14-06,6,135.58,95.9,Christian Kirk,WR,WR,True,False,False,,7.0,,Christian Kirk,WR,,414.p.31017,31017,SF,yahoo_fantasy_api
2022,14,,3,api,Uncle Rico,Patty Primetimes,2022-W14-06,6,135.58,95.9,Ja'Marr Chase,WR,WR,True,False,False,,23.5,,Ja'Marr Chase,WR,,414.p.33393,33393,Cin,yahoo_fantasy_api
2022,14,,4,api,Uncle Rico,Patty Primetimes,2022-W14-06,6,135.58,95.9,Saquon Barkley,RB,RB,True,False,False,,5.8,,Saquon Barkley,RB,,414.p.30972,30972,Phi,yahoo_fantasy_api
2022,14,,5,api,Uncle Rico,Patty Primetimes,2022-W14-06,6,135.58,95.9,Isiah Pacheco,RB,RB,True,False,False,,10.8,,Isiah Pacheco,RB,,414.p.34207,34207,Det,yahoo_fantasy_api
2022,14,,6,api,Uncle Rico,Patty Primetimes,2022-W14-06,6,135.58,95.9,Evan Engram,TE,TE,True,False,False,,33.7,,Evan Engram,TE,,414.p.30136,30136,Den,yahoo_fantasy_api
2022,14,,7,api,Uncle Rico,Patty Primetimes,2022-W14-06,6,135.58,95.9,Najee Harris,RB,W/R/T,True,False,False,,12.0,,Najee Harris,RB,,414.p.33412,33412,NYG,yahoo_fantasy_api
2022,14,,8,api,Uncle Rico,Patty Primetimes,2022-W14-06,6,135.58,95.9,Cole Kmet,TE,BN,False,True,False,,0.0,,Cole Kmet,TE,,414.p.32713,32713,Chi,yahoo_fantasy_api
2022,14,,9,api,Uncle Rico,Patty Primetimes,2022-W14-06,6,135.58,95.9,Brandon Aiyuk,WR,BN,False,True,False,,12.7,,Brandon Aiyuk,WR,,414.p.32695,32695,SF,yahoo_fantasy_api
2022,14,,10,api,Uncle Rico,Patty Primetimes,2022-W14-06,6,135.58,95.9,Cordarrelle Patterson,RB,BN,False,True,False,,0.0,,Cordarrelle Patterson,RB,,414.p.26652,26652,Pit,yahoo_fantasy_api
2022,14,,11,api,Uncle Rico,Patty Primetimes,2022-W14-06,6,135.58,95.9,Jakobi Meyers,WR,BN,False,True,False,,0.0,,Jakobi Meyers,WR,,414.p.32231,32231,Jax,yahoo_fantasy_api
2022,14,,12,api,Uncle Rico,Patty Primetimes,2022-W14-06,6,135.58,95.9,DeAndre Carter,WR,BN,False,True,False,,0.5,,DeAndre Carter,WR,,414.p.28947,28947,Cle,yahoo_fantasy_api
2022,14,,13,api,Uncle Rico,Patty Primetimes,2022-W14-06,6,135.58,95.9,Jerick McKinnon,RB,BN,False,True,False,,28.9,,Jerick McKinnon,RB,,414.p.27624,27624,KC,yahoo_fantasy_api
2022,14,,14,api,Uncle Rico,Patty Primetimes,2022-W14-06,6,135.58,95.9,Robbie Gould,K,K,True,False,False,,5.0,,Robbie Gould,K,,414.p.7520,7520,SF,yahoo_fantasy_api
2022,14,,15,api,Uncle Rico,Patty Primetimes,2022-W14-06,6,135.58,95.9,Eagles,DEF,DEF,True,False,False,,9.0,,Eagles,DEF,,414.p.100021,100021,Phi,yahoo_fantasy_api
2022,14,,1,api,Voldemort,malle_dips_pouches,2022-W14-03,3,114.38,102.22,Josh Allen,QB,QB,True,False,False,,22.58,,Josh Allen,QB,,414.p.30977,30977,Buf,yahoo_fantasy_api
2022,14,,2,api,Voldemort,malle_dips_pouches,2022-W14-03,3,114.38,102.22,Justin Jefferson,WR,WR,True,False,False,,27.8,,Justin Jefferson,WR,,414.p.32692,32692,Min,yahoo_fantasy_api
2022,14,,3,api,Voldemort,malle_dips_pouches,2022-W14-03,3,114.38,102.22,Deebo Samuel Sr.,WR,WR,True,False,False,,12.4,,Deebo Samuel Sr.,WR,,414.p.31868,31868,SF,yahoo_fantasy_api
2022,14,,4,api,Voldemort,malle_dips_pouches,2022-W14-03,3,114.38,102.22,Joe Mixon,RB,RB,True,False,False,,11.6,,Joe Mixon,RB,,414.p.30161,30161,Hou,yahoo_fantasy_api
2022,14,,5,api,Voldemort,malle_dips_pouches,2022-W14-03,3,114.38,102.22,D'Andre Swift,RB,RB,True,False,False,,5.4,,D'Andre Swift,RB,,414.p.32705,32705,Chi,yahoo_fantasy_api
2022,14,,6,api,Voldemort,malle_dips_pouches,2022-W14-03,3,114.38,102.22,Dalton Schultz,TE,TE,True,False,False,,11.7,,Dalton Schultz,TE,,414.p.31107,31107,Hou,yahoo_fantasy_api
2022,14,,7,api,Voldemort,malle_dips_pouches,2022-W14-03,3,114.38,102.22,Chris Godwin Jr.,WR,W/R/T,True,False,False,,7.9,,Chris Godwin Jr.,WR,,414.p.30197,30197,TB,yahoo_fantasy_api
2022,14,,8,api,Voldemort,malle_dips_pouches,2022-W14-03,3,114.38,102.22,David Montgomery,RB,BN,False,True,False,,0.0,,David Montgomery,RB,,414.p.31905,31905,Hou,yahoo_fantasy_api
2022,14,,9,api,Voldemort,malle_dips_pouches,2022-W14-03,3,114.38,102.22,Christian Watson,WR,BN,False,True,False,,0.0,,Christian Watson,WR,,414.p.33989,33989,GB,yahoo_fantasy_api
2022,14,,10,api,Voldemort,malle_dips_pouches,2022-W14-03,3,114.38,102.22,Samaje Perine,RB,BN,False,True,False,,8.9,,Samaje Perine,RB,,414.p.30227,30227,Cin,yahoo_fantasy_api
2022,14,,11,api,Voldemort,malle_dips_pouches,2022-W14-03,3,114.38,102.22,Raheem Mostert,RB,BN,False,True,False,,4.9,,Raheem Mostert,RB,,414.p.28654,28654,LV,yahoo_fantasy_api
2022,14,,12,api,Voldemort,malle_dips_pouches,2022-W14-03,3,114.38,102.22,George Pickens,WR,BN,False,True,False,,9.3,,George Pickens,WR,,414.p.34007,34007,Dal,yahoo_fantasy_api
2022,14,,13,api,Voldemort,malle_dips_pouches,2022-W14-03,3,114.38,102.22,Bam Knight,RB,BN,False,True,False,,14.7,,Bam Knight,RB,,414.p.34357,34357,Ari,yahoo_fantasy_api
2022,14,,14,api,Voldemort,malle_dips_pouches,2022-W14-03,3,114.38,102.22,Cameron Dicker,K,K,True,False,False,,11.0,,Cameron Dicker,K,,414.p.34344,34344,LAC,yahoo_fantasy_api
2022,14,,15,api,Voldemort,malle_dips_pouches,2022-W14-03,3,114.38,102.22,Cowboys,DEF,DEF,True,False,False,,4.0,,Cowboys,DEF,,414.p.100006,100006,Dal,yahoo_fantasy_api
2022,14,,1,api,malle_dips_pouches,Voldemort,2022-W14-03,3,102.22,114.38,Tom Brady,QB,QB,True,False,False,,14.12,,Tom Brady,QB,,414.p.5228,5228,TB,yahoo_fantasy_api
2022,14,,2,api,malle_dips_pouches,Voldemort,2022-W14-03,3,102.22,114.38,Amari Cooper,WR,WR,True,False,False,,5.2,,Amari Cooper,WR,,414.p.28392,28392,Buf,yahoo_fantasy_api
2022,14,,3,api,malle_dips_pouches,Voldemort,2022-W14-03,3,102.22,114.38,Jaylen Waddle,WR,WR,True,False,False,,4.1,,Jaylen Waddle,WR,,414.p.33394,33394,Den,yahoo_fantasy_api
2022,14,,4,api,malle_dips_pouches,Voldemort,2022-W14-03,3,102.22,114.38,Josh Jacobs,RB,RB,True,False,False,,18.4,,Josh Jacobs,RB,,414.p.31856,31856,GB,yahoo_fantasy_api
2022,14,,5,api,malle_dips_pouches,Voldemort,2022-W14-03,3,102.22,114.38,Christian McCaffrey,RB,RB,True,False,False,,28.3,,Christian McCaffrey,RB,,414.p.30121,30121,SF,yahoo_fantasy_api
2022,14,,6,api,malle_dips_pouches,Voldemort,2022-W14-03,3,102.22,114.38,Mark Andrews,TE,TE,True,False,False,,2.7,,Mark Andrews,TE,,414.p.31056,31056,Bal,yahoo_fantasy_api
2022,14,,7,api,malle_dips_pouches,Voldemort,2022-W14-03,3,102.22,114.38,James Conner,RB,W/R/T,True,False,False,,20.4,,James Conner,RB,,414.p.30218,30218,Ari,yahoo_fantasy_api
2022,14,,8,api,malle_dips_pouches,Voldemort,2022-W14-03,3,102.22,114.38,Lamar Jackson,QB,BN,False,True,False,,0.0,,Lamar Jackson,QB,,414.p.31002,31002,Bal,yahoo_fantasy_api
2022,14,,9,api,malle_dips_pouches,Voldemort,2022-W14-03,3,102.22,114.38,DeVonta Smith,WR,BN,False,True,False,,14.9,,DeVonta Smith,WR,,414.p.33398,33398,Phi,yahoo_fantasy_api
2022,14,,10,api,malle_dips_pouches,Voldemort,2022-W14-03,3,102.22,114.38,Tyler Boyd,WR,BN,False,True,False,,0.0,,Tyler Boyd,WR,,414.p.29288,29288,Ten,yahoo_fantasy_api
2022,14,,11,api,malle_dips_pouches,Voldemort,2022-W14-03,3,102.22,114.38,Pat Freiermuth,TE,BN,False,True,False,,10.8,,Pat Freiermuth,TE,,414.p.33443,33443,Pit,yahoo_fantasy_api
2022,14,,12,api,malle_dips_pouches,Voldemort,2022-W14-03,3,102.22,114.38,Michael Gallup,WR,BN,False,True,False,,5.0,,Michael Gallup,WR,,414.p.31051,31051,Was,yahoo_fantasy_api
2022,14,,13,api,malle_dips_pouches,Voldemort,2022-W14-03,3,102.22,114.38,Michael Carter,RB,BN,False,True,False,,1.5,,Michael Carter,RB,,414.p.33495,33495,Ten,yahoo_fantasy_api
2022,14,,14,api,malle_dips_pouches,Voldemort,2022-W14-03,3,102.22,114.38,Jason Myers,K,K,True,False,False,,6.0,,Jason Myers,K,,414.p.28378,28378,Sea,yahoo_fantasy_api
2022,14,,15,api,malle_dips_pouches,Voldemort,2022-W14-03,3,102.22,114.38,Steelers,DEF,DEF,True,False,False,,3.0,,Steelers,DEF,,414.p.100023,100023,Pit,yahoo_fantasy_api
