year,week,table_index,row_index,side,fantasy_team,opponent,matchup_id,matchup_number,team_score,opponent_score,player,player_position,lineup_slot,is_starter,is_bench,is_ir,projected_points,fantasy_points,stat_summary,raw_player_text,raw_position,raw_cells,player_key,player_id,nfl_team,source
2024,1,,1,api,Buttermilk Puuump,Malle ❤️ 🐸,2024-W01-02,2,79.98,92.62,Jared Goff,QB,QB,True,False,False,,14.38,,Jared Goff,QB,,449.p.29235,29235,Det,yahoo_fantasy_api
2024,1,,2,api,Buttermilk Puuump,Malle ❤️ 🐸,2024-W01-02,2,79.98,92.62,Tyreek Hill,WR,WR,True,False,False,,22.5,,Tyreek Hill,WR,,449.p.29399,29399,Mia,yahoo_fantasy_api
2024,1,,3,api,Buttermilk Puuump,Malle ❤️ 🐸,2024-W01-02,2,79.98,92.62,Amon-Ra St. Brown,WR,WR,True,False,False,,2.8,,Amon-Ra St. Brown,WR,,449.p.33500,33500,Det,yahoo_fantasy_api
2024,1,,4,api,Buttermilk Puuump,Malle ❤️ 🐸,2024-W01-02,2,79.98,92.62,Rachaad White,RB,RB,True,False,False,,13.6,,Rachaad White,RB,,449.p.34047,34047,Was,yahoo_fantasy_api
2024,1,,5,api,Buttermilk Puuump,Malle ❤️ 🐸,2024-W01-02,2,79.98,92.62,Najee Harris,RB,RB,True,False,False,,8.4,,Najee Harris,RB,,449.p.33412,33412,NYG,yahoo_fantasy_api
2024,1,,6,api,Buttermilk Puuump,Malle ❤️ 🐸,2024-W01-02,2,79.98,92.62,David Njoku,TE,TE,True,False,False,,6.4,,David Njoku,TE,,449.p.30142,30142,LAC,yahoo_fantasy_api
2024,1,,7,api,Buttermilk Puuump,Malle ❤️ 🐸,2024-W01-02,2,79.98,92.62,Raheem Mostert,RB,W/R/T,True,False,False,,2.9,,Raheem Mostert,RB,,449.p.28654,28654,LV,yahoo_fantasy_api
2024,1,,8,api,Buttermilk Puuump,Malle ❤️ 🐸,2024-W01-02,2,79.98,92.62,Keenan Allen,WR,BN,False,True,False,,4.9,,Keenan Allen,WR,,449.p.26699,26699,Ind,yahoo_fantasy_api
2024,1,,9,api,Buttermilk Puuump,Malle ❤️ 🐸,2024-W01-02,2,79.98,92.62,Jordan Addison,WR,BN,False,True,False,,5.0,,Jordan Addison,WR,,449.p.40042,40042,Min,yahoo_fantasy_api
2024,1,,10,api,Buttermilk Puuump,Malle ❤️ 🐸,2024-W01-02,2,79.98,92.62,Joshua Palmer,WR,BN,False,True,False,,2.5,,Joshua Palmer,WR,,449.p.33465,33465,Buf,yahoo_fantasy_api
2024,1,,11,api,Buttermilk Puuump,Malle ❤️ 🐸,2024-W01-02,2,79.98,92.62,Blake Corum,RB,BN,False,True,False,,0.0,,Blake Corum,RB,,449.p.40962,40962,LAR,yahoo_fantasy_api
2024,1,,12,api,Buttermilk Puuump,Malle ❤️ 🐸,2024-W01-02,2,79.98,92.62,Jerry Jeudy,WR,BN,False,True,False,,10.0,,Jerry Jeudy,WR,,449.p.32685,32685,Cle,yahoo_fantasy_api
2024,1,,13,api,Buttermilk Puuump,Malle ❤️ 🐸,2024-W01-02,2,79.98,92.62,Aaron Rodgers,QB,BN,False,True,False,,11.58,,Aaron Rodgers,QB,,449.p.7200,7200,Pit,yahoo_fantasy_api
2024,1,,14,api,Buttermilk Puuump,Malle ❤️ 🐸,2024-W01-02,2,79.98,92.62,Younghoe Koo,K,K,True,False,False,,4.0,,Younghoe Koo,K,,449.p.30426,30426,NYG,yahoo_fantasy_api
2024,1,,15,api,Buttermilk Puuump,Malle ❤️ 🐸,2024-W01-02,2,79.98,92.62,Bills,DEF,DEF,True,False,False,,5.0,,Bills,DEF,,449.p.100002,100002,Buf,yahoo_fantasy_api
2024,1,,1,api,Ginger FC 🏆🏆,Pop Lockett Drop it,2024-W01-05,5,105.9,142.16,Jordan Love,QB,QB,True,False,False,,21.4,,Jordan Love,QB,,449.p.32696,32696,GB,yahoo_fantasy_api
2024,1,,2,api,Ginger FC 🏆🏆,Pop Lockett Drop it,2024-W01-05,5,105.9,142.16,Brandon Aiyuk,WR,WR,True,False,False,,3.8,,Brandon Aiyuk,WR,,449.p.32695,32695,SF,yahoo_fantasy_api
2024,1,,3,api,Ginger FC 🏆🏆,Pop Lockett Drop it,2024-W01-05,5,105.9,142.16,Deebo Samuel Sr.,WR,WR,True,False,False,,16.2,,Deebo Samuel Sr.,WR,,449.p.31868,31868,SF,yahoo_fantasy_api
2024,1,,4,api,Ginger FC 🏆🏆,Pop Lockett Drop it,2024-W01-05,5,105.9,142.16,De'Von Achane,RB,RB,True,False,False,,19.5,,De'Von Achane,RB,,449.p.40118,40118,Mia,yahoo_fantasy_api
2024,1,,5,api,Ginger FC 🏆🏆,Pop Lockett Drop it,2024-W01-05,5,105.9,142.16,Kyle Juszczyk,RB,RB,True,False,False,,5.0,,Kyle Juszczyk,RB,,449.p.26753,26753,SF,yahoo_fantasy_api
2024,1,,6,api,Ginger FC 🏆🏆,Pop Lockett Drop it,2024-W01-05,5,105.9,142.16,Dallas Goedert,TE,TE,True,False,False,,5.1,,Dallas Goedert,TE,,449.p.31019,31019,Phi,yahoo_fantasy_api
2024,1,,7,api,Ginger FC 🏆🏆,Pop Lockett Drop it,2024-W01-05,5,105.9,142.16,Stefon Diggs,WR,W/R/T,True,False,False,,18.9,,Stefon Diggs,WR,,449.p.28534,28534,Was,yahoo_fantasy_api
2024,1,,8,api,Ginger FC 🏆🏆,Pop Lockett Drop it,2024-W01-05,5,105.9,142.16,Christian McCaffrey,RB,BN,False,True,False,,0.0,,Christian McCaffrey,RB,,449.p.30121,30121,SF,yahoo_fantasy_api
2024,1,,9,api,Ginger FC 🏆🏆,Pop Lockett Drop it,2024-W01-05,5,105.9,142.16,Amari Cooper,WR,BN,False,True,False,,2.6,,Amari Cooper,WR,,449.p.28392,28392,Buf,yahoo_fantasy_api
2024,1,,10,api,Ginger FC 🏆🏆,Pop Lockett Drop it,2024-W01-05,5,105.9,142.16,Brian Thomas Jr.,WR,BN,False,True,False,,12.7,,Brian Thomas Jr.,WR,,449.p.40883,40883,Jax,yahoo_fantasy_api
2024,1,,11,api,Ginger FC 🏆🏆,Pop Lockett Drop it,2024-W01-05,5,105.9,142.16,Gabe Davis,WR,BN,False,True,False,,7.7,,Gabe Davis,WR,,449.p.32798,32798,Buf,yahoo_fantasy_api
2024,1,,12,api,Ginger FC 🏆🏆,Pop Lockett Drop it,2024-W01-05,5,105.9,142.16,Jaylen Wright,RB,BN,False,True,False,,0.0,,Jaylen Wright,RB,,449.p.41010,41010,Mia,yahoo_fantasy_api
2024,1,,13,api,Ginger FC 🏆🏆,Pop Lockett Drop it,2024-W01-05,5,105.9,142.16,Kirk Cousins,QB,BN,False,True,False,,10.2,,Kirk Cousins,QB,,449.p.25812,25812,LV,yahoo_fantasy_api
2024,1,,14,api,Ginger FC 🏆🏆,Pop Lockett Drop it,2024-W01-05,5,105.9,142.16,Nick Chubb,RB,IR,False,False,True,,0.0,,Nick Chubb,RB,,449.p.31005,31005,Hou,yahoo_fantasy_api
2024,1,,15,api,Ginger FC 🏆🏆,Pop Lockett Drop it,2024-W01-05,5,105.9,142.16,Jake Elliott,K,K,True,False,False,,10.0,,Jake Elliott,K,,449.p.30266,30266,Phi,yahoo_fantasy_api
2024,1,,16,api,Ginger FC 🏆🏆,Pop Lockett Drop it,2024-W01-05,5,105.9,142.16,49ers,DEF,DEF,True,False,False,,6.0,,49ers,DEF,,449.p.100025,100025,SF,yahoo_fantasy_api
2024,1,,1,api,Joe Mantegna,Post Mahomes,2024-W01-04,4,89.26,132.92,Dak Prescott,QB,QB,True,False,False,,13.46,,Dak Prescott,QB,,449.p.29369,29369,Dal,yahoo_fantasy_api
2024,1,,2,api,Joe Mantegna,Post Mahomes,2024-W01-04,4,89.26,132.92,Garrett Wilson,WR,WR,True,False,False,,9.0,,Garrett Wilson,WR,,449.p.33965,33965,NYJ,yahoo_fantasy_api
2024,1,,3,api,Joe Mantegna,Post Mahomes,2024-W01-04,4,89.26,132.92,Nico Collins,WR,WR,True,False,False,,14.7,,Nico Collins,WR,,449.p.33477,33477,Hou,yahoo_fantasy_api
2024,1,,4,api,Joe Mantegna,Post Mahomes,2024-W01-04,4,89.26,132.92,Breece Hall,RB,RB,True,False,False,,15.8,,Breece Hall,RB,,449.p.33991,33991,NYJ,yahoo_fantasy_api
2024,1,,5,api,Joe Mantegna,Post Mahomes,2024-W01-04,4,89.26,132.92,James Cook III,RB,RB,True,False,False,,11.8,,James Cook III,RB,,449.p.34019,34019,Buf,yahoo_fantasy_api
2024,1,,6,api,Joe Mantegna,Post Mahomes,2024-W01-04,4,89.26,132.92,Evan Engram,TE,TE,True,False,False,,1.0,,Evan Engram,TE,,449.p.30136,30136,Den,yahoo_fantasy_api
2024,1,,7,api,Joe Mantegna,Post Mahomes,2024-W01-04,4,89.26,132.92,George Pickens,WR,W/R/T,True,False,False,,10.5,,George Pickens,WR,,449.p.34007,34007,Dal,yahoo_fantasy_api
2024,1,,8,api,Joe Mantegna,Post Mahomes,2024-W01-04,4,89.26,132.92,DeAndre Hopkins,WR,BN,False,True,False,,1.3,,DeAndre Hopkins,WR,,449.p.26650,26650,Bal,yahoo_fantasy_api
2024,1,,9,api,Joe Mantegna,Post Mahomes,2024-W01-04,4,89.26,132.92,Hollywood Brown,WR,BN,False,True,False,,0.0,,Hollywood Brown,WR,,449.p.31857,31857,Phi,yahoo_fantasy_api
2024,1,,10,api,Joe Mantegna,Post Mahomes,2024-W01-04,4,89.26,132.92,Tua Tagovailoa,QB,BN,False,True,False,,20.62,,Tua Tagovailoa,QB,,449.p.32675,32675,Atl,yahoo_fantasy_api
2024,1,,11,api,Joe Mantegna,Post Mahomes,2024-W01-04,4,89.26,132.92,Ty Chandler,RB,BN,False,True,False,,5.7,,Ty Chandler,RB,,449.p.34125,34125,NO,yahoo_fantasy_api
2024,1,,12,api,Joe Mantegna,Post Mahomes,2024-W01-04,4,89.26,132.92,Jakobi Meyers,WR,BN,False,True,False,,7.9,,Jakobi Meyers,WR,,449.p.32231,32231,Jax,yahoo_fantasy_api
2024,1,,13,api,Joe Mantegna,Post Mahomes,2024-W01-04,4,89.26,132.92,Mike Williams,WR,BN,False,True,False,,0.0,,Mike Williams,WR,,449.p.30120,30120,Pit,yahoo_fantasy_api
2024,1,,14,api,Joe Mantegna,Post Mahomes,2024-W01-04,4,89.26,132.92,Jason Sanders,K,K,True,False,False,,10.0,,Jason Sanders,K,,449.p.31199,31199,NYJ,yahoo_fantasy_api
2024,1,,15,api,Joe Mantegna,Post Mahomes,2024-W01-04,4,89.26,132.92,Eagles,DEF,DEF,True,False,False,,3.0,,Eagles,DEF,,449.p.100021,100021,Phi,yahoo_fantasy_api
2024,1,,1,api,Malle ❤️ 🐸,Buttermilk Puuump,2024-W01-02,2,92.62,79.98,Jalen Hurts,QB,QB,True,False,False,,22.42,,Jalen Hurts,QB,,449.p.32723,32723,Phi,yahoo_fantasy_api
2024,1,,2,api,Malle ❤️ 🐸,Buttermilk Puuump,2024-W01-02,2,92.62,79.98,Marvin Harrison Jr.,WR,WR,True,False,False,,0.9,,Marvin Harrison Jr.,WR,,449.p.40893,40893,Ari,yahoo_fantasy_api
2024,1,,3,api,Malle ❤️ 🐸,Buttermilk Puuump,2024-W01-02,2,92.62,79.98,Malik Nabers,WR,WR,True,False,False,,9.1,,Malik Nabers,WR,,449.p.40899,40899,NYG,yahoo_fantasy_api
2024,1,,4,api,Malle ❤️ 🐸,Buttermilk Puuump,2024-W01-02,2,92.62,79.98,Saquon Barkley,RB,RB,True,False,False,,32.2,,Saquon Barkley,RB,,449.p.30972,30972,Phi,yahoo_fantasy_api
2024,1,,5,api,Malle ❤️ 🐸,Buttermilk Puuump,2024-W01-02,2,92.62,79.98,Zamir White,RB,RB,True,False,False,,3.6,,Zamir White,RB,,449.p.34078,34078,NO,yahoo_fantasy_api
2024,1,,6,api,Malle ❤️ 🐸,Buttermilk Puuump,2024-W01-02,2,92.62,79.98,George Kittle,TE,TE,True,False,False,,6.0,,George Kittle,TE,,449.p.30259,30259,SF,yahoo_fantasy_api
2024,1,,7,api,Malle ❤️ 🐸,Buttermilk Puuump,2024-W01-02,2,92.62,79.98,Adam Thielen,WR,W/R/T,True,False,False,,6.4,,Adam Thielen,WR,,449.p.27277,27277,Pit,yahoo_fantasy_api
2024,1,,8,api,Malle ❤️ 🐸,Buttermilk Puuump,2024-W01-02,2,92.62,79.98,Brock Purdy,QB,BN,False,True,False,,10.34,,Brock Purdy,QB,,449.p.34218,34218,SF,yahoo_fantasy_api
2024,1,,9,api,Malle ❤️ 🐸,Buttermilk Puuump,2024-W01-02,2,92.62,79.98,Rashid Shaheed,WR,BN,False,True,False,,14.8,,Rashid Shaheed,WR,,449.p.34659,34659,Sea,yahoo_fantasy_api
2024,1,,10,api,Malle ❤️ 🐸,Buttermilk Puuump,2024-W01-02,2,92.62,79.98,Tyler Lockett,WR,BN,False,True,False,,10.7,,Tyler Lockett,WR,,449.p.28457,28457,LV,yahoo_fantasy_api
2024,1,,11,api,Malle ❤️ 🐸,Buttermilk Puuump,2024-W01-02,2,92.62,79.98,Jaleel McLaughlin,RB,BN,False,True,False,,3.3,,Jaleel McLaughlin,RB,,449.p.40696,40696,Cle,yahoo_fantasy_api
2024,1,,12,api,Malle ❤️ 🐸,Buttermilk Puuump,2024-W01-02,2,92.62,79.98,Cole Kmet,TE,BN,False,True,False,,0.9,,Cole Kmet,TE,,449.p.32713,32713,Chi,yahoo_fantasy_api
2024,1,,13,api,Malle ❤️ 🐸,Buttermilk Puuump,2024-W01-02,2,92.62,79.98,Justin Tucker,K,K,True,False,False,,8.0,,Justin Tucker,K,,449.p.26534,26534,Bal,yahoo_fantasy_api
2024,1,,14,api,Malle ❤️ 🐸,Buttermilk Puuump,2024-W01-02,2,92.62,79.98,Ravens,DEF,DEF,True,False,False,,4.0,,Ravens,DEF,,449.p.100033,100033,Bal,yahoo_fantasy_api
2024,1,,15,api,Malle ❤️ 🐸,Buttermilk Puuump,2024-W01-02,2,92.62,79.98,Vikings,DEF,BN,False,True,False,,22.0,,Vikings,DEF,,449.p.100016,100016,Min,yahoo_fantasy_api
2024,1,,1,api,Patty Primetimes,Uncle Rico,2024-W01-06,6,156.68,71.34,Anthony Richardson Sr.,QB,QB,True,False,False,,31.08,,Anthony Richardson Sr.,QB,,449.p.40040,40040,Ind,yahoo_fantasy_api
2024,1,,2,api,Patty Primetimes,Uncle Rico,2024-W01-06,6,156.68,71.34,CeeDee Lamb,WR,WR,True,False,False,,11.1,,CeeDee Lamb,WR,,449.p.32687,32687,Dal,yahoo_fantasy_api
2024,1,,3,api,Patty Primetimes,Uncle Rico,2024-W01-06,6,156.68,71.34,Cooper Kupp,WR,WR,True,False,False,,25.0,,Cooper Kupp,WR,,449.p.30182,30182,Sea,yahoo_fantasy_api
2024,1,,4,api,Patty Primetimes,Uncle Rico,2024-W01-06,6,156.68,71.34,Aaron Jones Sr.,RB,RB,True,False,False,,17.9,,Aaron Jones Sr.,RB,,449.p.30295,30295,Min,yahoo_fantasy_api
2024,1,,5,api,Patty Primetimes,Uncle Rico,2024-W01-06,6,156.68,71.34,Tony Pollard,RB,RB,True,False,False,,16.9,,Tony Pollard,RB,,449.p.31960,31960,Ten,yahoo_fantasy_api
2024,1,,6,api,Patty Primetimes,Uncle Rico,2024-W01-06,6,156.68,71.34,Travis Kelce,TE,TE,True,False,False,,4.9,,Travis Kelce,TE,,449.p.26686,26686,KC,yahoo_fantasy_api
2024,1,,7,api,Patty Primetimes,Uncle Rico,2024-W01-06,6,156.68,71.34,Xavier Worthy,WR,W/R/T,True,False,False,,19.8,,Xavier Worthy,WR,,449.p.40877,40877,KC,yahoo_fantasy_api
2024,1,,8,api,Patty Primetimes,Uncle Rico,2024-W01-06,6,156.68,71.34,Terry McLaurin,WR,BN,False,True,False,,2.7,,Terry McLaurin,WR,,449.p.31908,31908,Was,yahoo_fantasy_api
2024,1,,9,api,Patty Primetimes,Uncle Rico,2024-W01-06,6,156.68,71.34,Jayden Daniels,QB,BN,False,True,False,,28.16,,Jayden Daniels,QB,,449.p.40896,40896,Was,yahoo_fantasy_api
2024,1,,10,api,Patty Primetimes,Uncle Rico,2024-W01-06,6,156.68,71.34,Ladd McConkey,WR,BN,False,True,False,,12.4,,Ladd McConkey,WR,,449.p.40908,40908,LAC,yahoo_fantasy_api
2024,1,,11,api,Patty Primetimes,Uncle Rico,2024-W01-06,6,156.68,71.34,Khalil Herbert,RB,BN,False,True,False,,0.4,,Khalil Herbert,RB,,449.p.33605,33605,Atl,yahoo_fantasy_api
2024,1,,12,api,Patty Primetimes,Uncle Rico,2024-W01-06,6,156.68,71.34,Dalton Schultz,TE,BN,False,True,False,,3.1,,Dalton Schultz,TE,,449.p.31107,31107,Hou,yahoo_fantasy_api
2024,1,,13,api,Patty Primetimes,Uncle Rico,2024-W01-06,6,156.68,71.34,Tank Bigsby,RB,BN,False,True,False,,7.3,,Tank Bigsby,RB,,449.p.40095,40095,Phi,yahoo_fantasy_api
2024,1,,14,api,Patty Primetimes,Uncle Rico,2024-W01-06,6,156.68,71.34,Evan McPherson,K,K,True,False,False,,6.0,,Evan McPherson,K,,449.p.33537,33537,Cin,yahoo_fantasy_api
2024,1,,15,api,Patty Primetimes,Uncle Rico,2024-W01-06,6,156.68,71.34,Bears,DEF,DEF,True,False,False,,24.0,,Bears,DEF,,449.p.100003,100003,Chi,yahoo_fantasy_api
2024,1,,1,api,Pop Lockett Drop it,Ginger FC 🏆🏆,2024-W01-05,5,142.16,105.9,C.J. Stroud,QB,QB,True,False,False,,22.66,,C.J. Stroud,QB,,449.p.40030,40030,Hou,yahoo_fantasy_api
2024,1,,2,api,Pop Lockett Drop it,Ginger FC 🏆🏆,2024-W01-05,5,142.16,105.9,Mike Evans,WR,WR,True,False,False,,20.6,,Mike Evans,WR,,449.p.27535,27535,SF,yahoo_fantasy_api
2024,1,,3,api,Pop Lockett Drop it,Ginger FC 🏆🏆,2024-W01-05,5,142.16,105.9,DeVonta Smith,WR,WR,True,False,False,,11.9,,DeVonta Smith,WR,,449.p.33398,33398,Phi,yahoo_fantasy_api
2024,1,,4,api,Pop Lockett Drop it,Ginger FC 🏆🏆,2024-W01-05,5,142.16,105.9,Bijan Robinson,RB,RB,True,False,False,,13.6,,Bijan Robinson,RB,,449.p.40055,40055,Atl,yahoo_fantasy_api
2024,1,,5,api,Pop Lockett Drop it,Ginger FC 🏆🏆,2024-W01-05,5,142.16,105.9,David Montgomery,RB,RB,True,False,False,,15.8,,David Montgomery,RB,,449.p.31905,31905,Hou,yahoo_fantasy_api
2024,1,,6,api,Pop Lockett Drop it,Ginger FC 🏆🏆,2024-W01-05,5,142.16,105.9,Trey McBride,TE,TE,True,False,False,,5.5,,Trey McBride,TE,,449.p.34010,34010,Ari,yahoo_fantasy_api
2024,1,,7,api,Pop Lockett Drop it,Ginger FC 🏆🏆,2024-W01-05,5,142.16,105.9,Jayden Reed,WR,W/R/T,True,False,False,,31.1,,Jayden Reed,WR,,449.p.40063,40063,GB,yahoo_fantasy_api
2024,1,,8,api,Pop Lockett Drop it,Ginger FC 🏆🏆,2024-W01-05,5,142.16,105.9,Zack Moss,RB,BN,False,True,False,,13.1,,Zack Moss,RB,,449.p.32756,32756,Cin,yahoo_fantasy_api
2024,1,,9,api,Pop Lockett Drop it,Ginger FC 🏆🏆,2024-W01-05,5,142.16,105.9,Rico Dowdle,RB,BN,False,True,False,,3.7,,Rico Dowdle,RB,,449.p.33100,33100,Pit,yahoo_fantasy_api
2024,1,,10,api,Pop Lockett Drop it,Ginger FC 🏆🏆,2024-W01-05,5,142.16,105.9,Rome Odunze,WR,BN,False,True,False,,1.6,,Rome Odunze,WR,,449.p.40901,40901,Chi,yahoo_fantasy_api
2024,1,,11,api,Pop Lockett Drop it,Ginger FC 🏆🏆,2024-W01-05,5,142.16,105.9,Jameson Williams,WR,BN,False,True,False,,21.9,,Jameson Williams,WR,,449.p.33967,33967,Det,yahoo_fantasy_api
2024,1,,12,api,Pop Lockett Drop it,Ginger FC 🏆🏆,2024-W01-05,5,142.16,105.9,Trevor Lawrence,QB,BN,False,True,False,,13.28,,Trevor Lawrence,QB,,449.p.33389,33389,Jax,yahoo_fantasy_api
2024,1,,13,api,Pop Lockett Drop it,Ginger FC 🏆🏆,2024-W01-05,5,142.16,105.9,Taysom Hill,"QB,TE",BN,False,True,False,,4.1,,Taysom Hill,"QB,TE",,449.p.30614,30614,NO,yahoo_fantasy_api
2024,1,,14,api,Pop Lockett Drop it,Ginger FC 🏆🏆,2024-W01-05,5,142.16,105.9,Ka'imi Fairbairn,K,K,True,False,False,,17.0,,Ka'imi Fairbairn,K,,449.p.29792,29792,Hou,yahoo_fantasy_api
2024,1,,15,api,Pop Lockett Drop it,Ginger FC 🏆🏆,2024-W01-05,5,142.16,105.9,Texans,DEF,DEF,True,False,False,,4.0,,Texans,DEF,,449.p.100034,100034,Hou,yahoo_fantasy_api
2024,1,,1,api,Post Mahomes,Joe Mantegna,2024-W01-04,4,132.92,89.26,Lamar Jackson,QB,QB,True,False,False,,27.12,,Lamar Jackson,QB,,449.p.31002,31002,Bal,yahoo_fantasy_api
2024,1,,2,api,Post Mahomes,Joe Mantegna,2024-W01-04,4,132.92,89.26,Michael Pittman Jr.,WR,WR,True,False,False,,5.1,,Michael Pittman Jr.,WR,,449.p.32704,32704,Pit,yahoo_fantasy_api
2024,1,,3,api,Post Mahomes,Joe Mantegna,2024-W01-04,4,132.92,89.26,Rashee Rice,WR,WR,True,False,False,,13.8,,Rashee Rice,WR,,449.p.40084,40084,KC,yahoo_fantasy_api
2024,1,,4,api,Post Mahomes,Joe Mantegna,2024-W01-04,4,132.92,89.26,Jahmyr Gibbs,RB,RB,True,False,False,,15.4,,Jahmyr Gibbs,RB,,449.p.40059,40059,Det,yahoo_fantasy_api
2024,1,,5,api,Post Mahomes,Joe Mantegna,2024-W01-04,4,132.92,89.26,Isiah Pacheco,RB,RB,True,False,False,,14.8,,Isiah Pacheco,RB,,449.p.34207,34207,Det,yahoo_fantasy_api
2024,1,,6,api,Post Mahomes,Joe Mantegna,2024-W01-04,4,132.92,89.26,Brock Bowers,TE,TE,True,False,False,,8.8,,Brock Bowers,TE,,449.p.40878,40878,LV,yahoo_fantasy_api
2024,1,,7,api,Post Mahomes,Joe Mantegna,2024-W01-04,4,132.92,89.26,Kyren Williams,RB,W/R/T,True,False,False,,12.9,,Kyren Williams,RB,,449.p.34120,34120,LAR,yahoo_fantasy_api
2024,1,,8,api,Post Mahomes,Joe Mantegna,2024-W01-04,4,132.92,89.26,Tee Higgins,WR,BN,False,True,False,,0.0,,Tee Higgins,WR,,449.p.32703,32703,Cin,yahoo_fantasy_api
2024,1,,9,api,Post Mahomes,Joe Mantegna,2024-W01-04,4,132.92,89.26,Tyjae Spears,RB,BN,False,True,False,,5.2,,Tyjae Spears,RB,,449.p.40119,40119,Ten,yahoo_fantasy_api
2024,1,,10,api,Post Mahomes,Joe Mantegna,2024-W01-04,4,132.92,89.26,Jaylen Warren,RB,BN,False,True,False,,3.0,,Jaylen Warren,RB,,449.p.34447,34447,Pit,yahoo_fantasy_api
2024,1,,11,api,Post Mahomes,Joe Mantegna,2024-W01-04,4,132.92,89.26,Ezekiel Elliott,RB,BN,False,True,False,,11.9,,Ezekiel Elliott,RB,,449.p.29238,29238,Dal,yahoo_fantasy_api
2024,1,,12,api,Post Mahomes,Joe Mantegna,2024-W01-04,4,132.92,89.26,Keon Coleman,WR,BN,False,True,False,,7.1,,Keon Coleman,WR,,449.p.40911,40911,Buf,yahoo_fantasy_api
2024,1,,13,api,Post Mahomes,Joe Mantegna,2024-W01-04,4,132.92,89.26,T.J. Hockenson,TE,IR,False,False,True,,0.0,,T.J. Hockenson,TE,,449.p.31840,31840,Min,yahoo_fantasy_api
2024,1,,14,api,Post Mahomes,Joe Mantegna,2024-W01-04,4,132.92,89.26,Jake Moody,K,K,True,False,False,,26.0,,Jake Moody,K,,449.p.40129,40129,Bal,yahoo_fantasy_api
2024,1,,15,api,Post Mahomes,Joe Mantegna,2024-W01-04,4,132.92,89.26,Seahawks,DEF,DEF,True,False,False,,9.0,,Seahawks,DEF,,449.p.100026,100026,Sea,yahoo_fantasy_api
2024,1,,16,api,Post Mahomes,Joe Mantegna,2024-W01-04,4,132.92,89.26,Chiefs,DEF,BN,False,True,False,,4.0,,Chiefs,DEF,,449.p.100012,100012,KC,yahoo_fantasy_api
2024,1,,1,api,The Big Gronkowski,ThreatLevelMidnight,2024-W01-01,1,94.86,95.38,Joe Burrow,QB,QB,True,False,False,,8.06,,Joe Burrow,QB,,449.p.32671,32671,Cin,yahoo_fantasy_api
2024,1,,2,api,The Big Gronkowski,ThreatLevelMidnight,2024-W01-01,1,94.86,95.38,Justin Jefferson,WR,WR,True,False,False,,13.9,,Justin Jefferson,WR,,449.p.32692,32692,Min,yahoo_fantasy_api
2024,1,,3,api,The Big Gronkowski,ThreatLevelMidnight,2024-W01-01,1,94.86,95.38,Chris Olave,WR,WR,True,False,False,,2.1,,Chris Olave,WR,,449.p.33966,33966,NO,yahoo_fantasy_api
2024,1,,4,api,The Big Gronkowski,ThreatLevelMidnight,2024-W01-01,1,94.86,95.38,Alvin Kamara,RB,RB,True,False,False,,19.5,,Alvin Kamara,RB,,449.p.30180,30180,NO,yahoo_fantasy_api
2024,1,,5,api,The Big Gronkowski,ThreatLevelMidnight,2024-W01-01,1,94.86,95.38,Javonte Williams,RB,RB,True,False,False,,2.8,,Javonte Williams,RB,,449.p.33423,33423,Dal,yahoo_fantasy_api
2024,1,,6,api,The Big Gronkowski,ThreatLevelMidnight,2024-W01-01,1,94.86,95.38,Jake Ferguson,TE,TE,True,False,False,,3.0,,Jake Ferguson,TE,,449.p.34085,34085,Dal,yahoo_fantasy_api
2024,1,,7,api,The Big Gronkowski,ThreatLevelMidnight,2024-W01-01,1,94.86,95.38,DJ Moore,WR,W/R/T,True,False,False,,7.5,,DJ Moore,WR,,449.p.30994,30994,Buf,yahoo_fantasy_api
2024,1,,8,api,The Big Gronkowski,ThreatLevelMidnight,2024-W01-01,1,94.86,95.38,Jaxon Smith-Njigba,WR,BN,False,True,False,,2.9,,Jaxon Smith-Njigba,WR,,449.p.40041,40041,Sea,yahoo_fantasy_api
2024,1,,9,api,The Big Gronkowski,ThreatLevelMidnight,2024-W01-01,1,94.86,95.38,Gus Edwards,RB,BN,False,True,False,,3.3,,Gus Edwards,RB,,449.p.31424,31424,LAC,yahoo_fantasy_api
2024,1,,10,api,The Big Gronkowski,ThreatLevelMidnight,2024-W01-01,1,94.86,95.38,Matthew Stafford,QB,BN,False,True,False,,17.68,,Matthew Stafford,QB,,449.p.9265,9265,LAR,yahoo_fantasy_api
2024,1,,11,api,The Big Gronkowski,ThreatLevelMidnight,2024-W01-01,1,94.86,95.38,Luke Musgrave,TE,BN,False,True,False,,0.0,,Luke Musgrave,TE,,449.p.40074,40074,GB,yahoo_fantasy_api
2024,1,,12,api,The Big Gronkowski,ThreatLevelMidnight,2024-W01-01,1,94.86,95.38,Adonai Mitchell,WR,BN,False,True,False,,0.7,,Adonai Mitchell,WR,,449.p.40915,40915,NYJ,yahoo_fantasy_api
2024,1,,13,api,The Big Gronkowski,ThreatLevelMidnight,2024-W01-01,1,94.86,95.38,MarShawn Lloyd,RB,BN,False,True,False,,0.0,,MarShawn Lloyd,RB,,449.p.40971,40971,GB,yahoo_fantasy_api
2024,1,,14,api,The Big Gronkowski,ThreatLevelMidnight,2024-W01-01,1,94.86,95.38,Brandon Aubrey,K,K,True,False,False,,21.0,,Brandon Aubrey,K,,449.p.40819,40819,Dal,yahoo_fantasy_api
2024,1,,15,api,The Big Gronkowski,ThreatLevelMidnight,2024-W01-01,1,94.86,95.38,Cowboys,DEF,DEF,True,False,False,,17.0,,Cowboys,DEF,,449.p.100006,100006,Dal,yahoo_fantasy_api
2024,1,,1,api,ThreatLevelMidnight,The Big Gronkowski,2024-W01-01,1,95.38,94.86,Kyler Murray,QB,QB,True,False,False,,16.18,,Kyler Murray,QB,,449.p.31833,31833,Min,yahoo_fantasy_api
2024,1,,2,api,ThreatLevelMidnight,The Big Gronkowski,2024-W01-01,1,95.38,94.86,DK Metcalf,WR,WR,True,False,False,,4.4,,DK Metcalf,WR,,449.p.31896,31896,Pit,yahoo_fantasy_api
2024,1,,3,api,ThreatLevelMidnight,The Big Gronkowski,2024-W01-01,1,95.38,94.86,Ja'Marr Chase,WR,WR,True,False,False,,9.2,,Ja'Marr Chase,WR,,449.p.33393,33393,Cin,yahoo_fantasy_api
2024,1,,4,api,ThreatLevelMidnight,The Big Gronkowski,2024-W01-01,1,95.38,94.86,Josh Jacobs,RB,RB,True,False,False,,11.4,,Josh Jacobs,RB,,449.p.31856,31856,GB,yahoo_fantasy_api
2024,1,,5,api,ThreatLevelMidnight,The Big Gronkowski,2024-W01-01,1,95.38,94.86,James Conner,RB,RB,True,False,False,,17.8,,James Conner,RB,,449.p.30218,30218,Ari,yahoo_fantasy_api
2024,1,,6,api,ThreatLevelMidnight,The Big Gronkowski,2024-W01-01,1,95.38,94.86,Sam LaPorta,TE,TE,True,False,False,,6.5,,Sam LaPorta,TE,,449.p.40064,40064,Det,yahoo_fantasy_api
2024,1,,7,api,ThreatLevelMidnight,The Big Gronkowski,2024-W01-01,1,95.38,94.86,Jerome Ford,RB,W/R/T,True,False,False,,15.9,,Jerome Ford,RB,,449.p.34112,34112,Min,yahoo_fantasy_api
2024,1,,8,api,ThreatLevelMidnight,The Big Gronkowski,2024-W01-01,1,95.38,94.86,Chris Godwin Jr.,WR,BN,False,True,False,,18.3,,Chris Godwin Jr.,WR,,449.p.30197,30197,TB,yahoo_fantasy_api
2024,1,,9,api,ThreatLevelMidnight,The Big Gronkowski,2024-W01-01,1,95.38,94.86,Christian Kirk,WR,BN,False,True,False,,3.5,,Christian Kirk,WR,,449.p.31017,31017,SF,yahoo_fantasy_api
2024,1,,10,api,ThreatLevelMidnight,The Big Gronkowski,2024-W01-01,1,95.38,94.86,Trey Benson,RB,BN,False,True,False,,2.3,,Trey Benson,RB,,449.p.40958,40958,Ari,yahoo_fantasy_api
2024,1,,11,api,ThreatLevelMidnight,The Big Gronkowski,2024-W01-01,1,95.38,94.86,Curtis Samuel,WR,BN,False,True,False,,2.5,,Curtis Samuel,WR,,449.p.30153,30153,Buf,yahoo_fantasy_api
2024,1,,12,api,ThreatLevelMidnight,The Big Gronkowski,2024-W01-01,1,95.38,94.86,Jordan Mason,RB,BN,False,True,False,,21.7,,Jordan Mason,RB,,449.p.34320,34320,Min,yahoo_fantasy_api
2024,1,,13,api,ThreatLevelMidnight,The Big Gronkowski,2024-W01-01,1,95.38,94.86,Braelon Allen,RB,BN,False,True,False,,2.2,,Braelon Allen,RB,,449.p.40981,40981,NYJ,yahoo_fantasy_api
2024,1,,14,api,ThreatLevelMidnight,The Big Gronkowski,2024-W01-01,1,95.38,94.86,Keaton Mitchell,RB,IR,False,False,True,,0.0,,Keaton Mitchell,RB,,449.p.40641,40641,LAC,yahoo_fantasy_api
2024,1,,15,api,ThreatLevelMidnight,The Big Gronkowski,2024-W01-01,1,95.38,94.86,Cameron Dicker,K,K,True,False,False,,12.0,,Cameron Dicker,K,,449.p.34344,34344,LAC,yahoo_fantasy_api
2024,1,,16,api,ThreatLevelMidnight,The Big Gronkowski,2024-W01-01,1,95.38,94.86,Bengals,DEF,DEF,True,False,False,,2.0,,Bengals,DEF,,449.p.100004,100004,Cin,yahoo_fantasy_api
2024,1,,1,api,Uncle Rico,Patty Primetimes,2024-W01-06,6,71.34,156.68,Patrick Mahomes,QB,QB,True,False,False,,17.64,,Patrick Mahomes,QB,,449.p.30123,30123,KC,yahoo_fantasy_api
2024,1,,2,api,Uncle Rico,Patty Primetimes,2024-W01-06,6,71.34,156.68,Davante Adams,WR,WR,True,False,False,,8.4,,Davante Adams,WR,,449.p.27581,27581,LAR,yahoo_fantasy_api
2024,1,,3,api,Uncle Rico,Patty Primetimes,2024-W01-06,6,71.34,156.68,Zay Flowers,WR,WR,True,False,False,,8.1,,Zay Flowers,WR,,449.p.40039,40039,Bal,yahoo_fantasy_api
2024,1,,4,api,Uncle Rico,Patty Primetimes,2024-W01-06,6,71.34,156.68,Derrick Henry,RB,RB,True,False,False,,10.6,,Derrick Henry,RB,,449.p.29279,29279,Bal,yahoo_fantasy_api
2024,1,,5,api,Uncle Rico,Patty Primetimes,2024-W01-06,6,71.34,156.68,D'Andre Swift,RB,RB,True,False,False,,5.0,,D'Andre Swift,RB,,449.p.32705,32705,Chi,yahoo_fantasy_api
2024,1,,6,api,Uncle Rico,Patty Primetimes,2024-W01-06,6,71.34,156.68,Mark Andrews,TE,TE,True,False,False,,2.4,,Mark Andrews,TE,,449.p.31056,31056,Bal,yahoo_fantasy_api
2024,1,,7,api,Uncle Rico,Patty Primetimes,2024-W01-06,6,71.34,156.68,Devin Singletary,RB,W/R/T,True,False,False,,7.2,,Devin Singletary,RB,,449.p.31906,31906,NYG,yahoo_fantasy_api
2024,1,,8,api,Uncle Rico,Patty Primetimes,2024-W01-06,6,71.34,156.68,Austin Ekeler,RB,BN,False,True,False,,8.2,,Austin Ekeler,RB,,449.p.30423,30423,Was,yahoo_fantasy_api
2024,1,,9,api,Uncle Rico,Patty Primetimes,2024-W01-06,6,71.34,156.68,Jonathon Brooks,RB,BN,False,True,False,,0.0,,Jonathon Brooks,RB,,449.p.40926,40926,Car,yahoo_fantasy_api
2024,1,,10,api,Uncle Rico,Patty Primetimes,2024-W01-06,6,71.34,156.68,Tank Dell,WR,BN,False,True,False,,7.4,,Tank Dell,WR,,449.p.40097,40097,Hou,yahoo_fantasy_api
2024,1,,11,api,Uncle Rico,Patty Primetimes,2024-W01-06,6,71.34,156.68,Zach Charbonnet,RB,BN,False,True,False,,11.1,,Zach Charbonnet,RB,,449.p.40075,40075,Sea,yahoo_fantasy_api
2024,1,,12,api,Uncle Rico,Patty Primetimes,2024-W01-06,6,71.34,156.68,Romeo Doubs,WR,BN,False,True,False,,7.0,,Romeo Doubs,WR,,449.p.34088,34088,NE,yahoo_fantasy_api
2024,1,,13,api,Uncle Rico,Patty Primetimes,2024-W01-06,6,71.34,156.68,Brandin Cooks,WR,BN,False,True,False,,12.5,,Brandin Cooks,WR,,449.p.27548,27548,SF,yahoo_fantasy_api
2024,1,,14,api,Uncle Rico,Patty Primetimes,2024-W01-06,6,71.34,156.68,Tyler Bass,K,K,True,False,False,,10.0,,Tyler Bass,K,,449.p.32858,32858,Buf,yahoo_fantasy_api
2024,1,,15,api,Uncle Rico,Patty Primetimes,2024-W01-06,6,71.34,156.68,Browns,DEF,DEF,True,False,False,,2.0,,Browns,DEF,,449.p.100005,100005,Cle,yahoo_fantasy_api
2024,1,,1,api,Voldemort,malle_dips_pouches,2024-W01-03,3,104.08,120.32,Josh Allen,QB,QB,True,False,False,,35.18,,Josh Allen,QB,,449.p.30977,30977,Buf,yahoo_fantasy_api
2024,1,,2,api,Voldemort,malle_dips_pouches,2024-W01-03,3,104.08,120.32,Calvin Ridley,WR,WR,True,False,False,,6.5,,Calvin Ridley,WR,,449.p.30996,30996,Ten,yahoo_fantasy_api
2024,1,,3,api,Voldemort,malle_dips_pouches,2024-W01-03,3,104.08,120.32,Puka Nacua,WR,WR,True,False,False,,6.2,,Puka Nacua,WR,,449.p.40168,40168,LAR,yahoo_fantasy_api
2024,1,,4,api,Voldemort,malle_dips_pouches,2024-W01-03,3,104.08,120.32,Jonathan Taylor,RB,RB,True,False,False,,10.8,,Jonathan Taylor,RB,,449.p.32711,32711,Ind,yahoo_fantasy_api
2024,1,,5,api,Voldemort,malle_dips_pouches,2024-W01-03,3,104.08,120.32,Travis Etienne Jr.,RB,RB,True,False,False,,10.9,,Travis Etienne Jr.,RB,,449.p.33413,33413,NO,yahoo_fantasy_api
2024,1,,6,api,Voldemort,malle_dips_pouches,2024-W01-03,3,104.08,120.32,Dalton Kincaid,TE,TE,True,False,False,,1.6,,Dalton Kincaid,TE,,449.p.40048,40048,Buf,yahoo_fantasy_api
2024,1,,7,api,Voldemort,malle_dips_pouches,2024-W01-03,3,104.08,120.32,Kenneth Walker III,RB,W/R/T,True,False,False,,17.9,,Kenneth Walker III,RB,,449.p.33996,33996,KC,yahoo_fantasy_api
2024,1,,8,api,Voldemort,malle_dips_pouches,2024-W01-03,3,104.08,120.32,Diontae Johnson,WR,BN,False,True,False,,2.9,,Diontae Johnson,WR,,449.p.31898,31898,Cle,yahoo_fantasy_api
2024,1,,9,api,Voldemort,malle_dips_pouches,2024-W01-03,3,104.08,120.32,Chase Brown,RB,BN,False,True,False,,3.8,,Chase Brown,RB,,449.p.40196,40196,Cin,yahoo_fantasy_api
2024,1,,10,api,Voldemort,malle_dips_pouches,2024-W01-03,3,104.08,120.32,Khalil Shakir,WR,BN,False,True,False,,11.7,,Khalil Shakir,WR,,449.p.34104,34104,Buf,yahoo_fantasy_api
2024,1,,11,api,Voldemort,malle_dips_pouches,2024-W01-03,3,104.08,120.32,Chuba Hubbard,RB,BN,False,True,False,,1.4,,Chuba Hubbard,RB,,449.p.33514,33514,Car,yahoo_fantasy_api
2024,1,,12,api,Voldemort,malle_dips_pouches,2024-W01-03,3,104.08,120.32,J.K. Dobbins,RB,BN,False,True,False,,21.4,,J.K. Dobbins,RB,,449.p.32725,32725,Den,yahoo_fantasy_api
2024,1,,13,api,Voldemort,malle_dips_pouches,2024-W01-03,3,104.08,120.32,Tyler Allgeier,RB,BN,False,True,False,,2.1,,Tyler Allgeier,RB,,449.p.34107,34107,Ari,yahoo_fantasy_api
2024,1,,14,api,Voldemort,malle_dips_pouches,2024-W01-03,3,104.08,120.32,Cairo Santos,K,K,True,False,False,,13.0,,Cairo Santos,K,,449.p.28227,28227,Chi,yahoo_fantasy_api
2024,1,,15,api,Voldemort,malle_dips_pouches,2024-W01-03,3,104.08,120.32,Jets,DEF,DEF,True,False,False,,2.0,,Jets,DEF,,449.p.100020,100020,NYJ,yahoo_fantasy_api
2024,1,,1,api,malle_dips_pouches,Voldemort,2024-W01-03,3,120.32,104.08,Caleb Williams,QB,QB,True,False,False,,7.22,,Caleb Williams,QB,,449.p.40900,40900,Chi,yahoo_fantasy_api
2024,1,,2,api,malle_dips_pouches,Voldemort,2024-W01-03,3,120.32,104.08,A.J. Brown,WR,WR,True,False,False,,20.4,,A.J. Brown,WR,,449.p.31883,31883,NE,yahoo_fantasy_api
2024,1,,3,api,malle_dips_pouches,Voldemort,2024-W01-03,3,120.32,104.08,Drake London,WR,WR,True,False,False,,2.5,,Drake London,WR,,449.p.33963,33963,Atl,yahoo_fantasy_api
2024,1,,4,api,malle_dips_pouches,Voldemort,2024-W01-03,3,120.32,104.08,Joe Mixon,RB,RB,True,False,False,,25.3,,Joe Mixon,RB,,449.p.30161,30161,Hou,yahoo_fantasy_api
2024,1,,5,api,malle_dips_pouches,Voldemort,2024-W01-03,3,120.32,104.08,Rhamondre Stevenson,RB,RB,True,False,False,,20.1,,Rhamondre Stevenson,RB,,449.p.33508,33508,NE,yahoo_fantasy_api
2024,1,,6,api,malle_dips_pouches,Voldemort,2024-W01-03,3,120.32,104.08,Kyle Pitts Sr.,TE,TE,True,False,False,,10.1,,Kyle Pitts Sr.,TE,,449.p.33392,33392,Atl,yahoo_fantasy_api
2024,1,,7,api,malle_dips_pouches,Voldemort,2024-W01-03,3,120.32,104.08,Jaylen Waddle,WR,W/R/T,True,False,False,,13.7,,Jaylen Waddle,WR,,449.p.33394,33394,Den,yahoo_fantasy_api
2024,1,,8,api,malle_dips_pouches,Voldemort,2024-W01-03,3,120.32,104.08,Justin Herbert,QB,BN,False,True,False,,12.36,,Justin Herbert,QB,,449.p.32676,32676,LAC,yahoo_fantasy_api
2024,1,,9,api,malle_dips_pouches,Voldemort,2024-W01-03,3,120.32,104.08,Brian Robinson,RB,BN,False,True,False,,16.4,,Brian Robinson,RB,,449.p.34054,34054,Atl,yahoo_fantasy_api
2024,1,,10,api,malle_dips_pouches,Voldemort,2024-W01-03,3,120.32,104.08,Christian Watson,WR,BN,False,True,False,,8.8,,Christian Watson,WR,,449.p.33989,33989,GB,yahoo_fantasy_api
2024,1,,11,api,malle_dips_pouches,Voldemort,2024-W01-03,3,120.32,104.08,Courtland Sutton,WR,BN,False,True,False,,5.8,,Courtland Sutton,WR,,449.p.31010,31010,Den,yahoo_fantasy_api
2024,1,,12,api,malle_dips_pouches,Voldemort,2024-W01-03,3,120.32,104.08,Pat Freiermuth,TE,BN,False,True,False,,4.7,,Pat Freiermuth,TE,,449.p.33443,33443,Pit,yahoo_fantasy_api
2024,1,,13,api,malle_dips_pouches,Voldemort,2024-W01-03,3,120.32,104.08,Josh Downs,WR,BN,False,True,False,,0.0,,Josh Downs,WR,,449.p.40126,40126,Ind,yahoo_fantasy_api
2024,1,,14,api,malle_dips_pouches,Voldemort,2024-W01-03,3,120.32,104.08,Harrison Butker,K,K,True,False,False,,9.0,,Harrison Butker,K,,449.p.30346,30346,KC,yahoo_fantasy_api
2024,1,,15,api,malle_dips_pouches,Voldemort,2024-W01-03,3,120.32,104.08,Steelers,DEF,DEF,True,False,False,,12.0,,Steelers,DEF,,449.p.100023,100023,Pit,yahoo_fantasy_api
2024,2,,1,api,Buttermilk Puuump,Pop Lockett Drop it,2024-W02-05,5,83.48,130.9,Jared Goff,QB,QB,True,False,False,,10.78,,Jared Goff,QB,,449.p.29235,29235,Det,yahoo_fantasy_api
2024,2,,2,api,Buttermilk Puuump,Pop Lockett Drop it,2024-W02-05,5,83.48,130.9,Tyreek Hill,WR,WR,True,False,False,,5.1,,Tyreek Hill,WR,,449.p.29399,29399,Mia,yahoo_fantasy_api
2024,2,,3,api,Buttermilk Puuump,Pop Lockett Drop it,2024-W02-05,5,83.48,130.9,Amon-Ra St. Brown,WR,WR,True,False,False,,17.4,,Amon-Ra St. Brown,WR,,449.p.33500,33500,Det,yahoo_fantasy_api
2024,2,,4,api,Buttermilk Puuump,Pop Lockett Drop it,2024-W02-05,5,83.48,130.9,Rachaad White,RB,RB,True,False,False,,2.8,,Rachaad White,RB,,449.p.34047,34047,Was,yahoo_fantasy_api
2024,2,,5,api,Buttermilk Puuump,Pop Lockett Drop it,2024-W02-05,5,83.48,130.9,Najee Harris,RB,RB,True,False,False,,7.9,,Najee Harris,RB,,449.p.33412,33412,NYG,yahoo_fantasy_api
2024,2,,6,api,Buttermilk Puuump,Pop Lockett Drop it,2024-W02-05,5,83.48,130.9,Colby Parkinson,TE,TE,True,False,False,,1.7,,Colby Parkinson,TE,,449.p.32803,32803,LAR,yahoo_fantasy_api
2024,2,,7,api,Buttermilk Puuump,Pop Lockett Drop it,2024-W02-05,5,83.48,130.9,Jerry Jeudy,WR,W/R/T,True,False,False,,9.8,,Jerry Jeudy,WR,,449.p.32685,32685,Cle,yahoo_fantasy_api
2024,2,,8,api,Buttermilk Puuump,Pop Lockett Drop it,2024-W02-05,5,83.48,130.9,David Njoku,TE,BN,False,True,False,,0.0,,David Njoku,TE,,449.p.30142,30142,LAC,yahoo_fantasy_api
2024,2,,9,api,Buttermilk Puuump,Pop Lockett Drop it,2024-W02-05,5,83.48,130.9,Raheem Mostert,RB,BN,False,True,False,,0.0,,Raheem Mostert,RB,,449.p.28654,28654,LV,yahoo_fantasy_api
2024,2,,10,api,Buttermilk Puuump,Pop Lockett Drop it,2024-W02-05,5,83.48,130.9,Keenan Allen,WR,BN,False,True,False,,0.0,,Keenan Allen,WR,,449.p.26699,26699,Ind,yahoo_fantasy_api
2024,2,,11,api,Buttermilk Puuump,Pop Lockett Drop it,2024-W02-05,5,83.48,130.9,Jordan Addison,WR,BN,False,True,False,,0.0,,Jordan Addison,WR,,449.p.40042,40042,Min,yahoo_fantasy_api
2024,2,,12,api,Buttermilk Puuump,Pop Lockett Drop it,2024-W02-05,5,83.48,130.9,Joshua Palmer,WR,BN,False,True,False,,2.9,,Joshua Palmer,WR,,449.p.33465,33465,Buf,yahoo_fantasy_api
2024,2,,13,api,Buttermilk Puuump,Pop Lockett Drop it,2024-W02-05,5,83.48,130.9,Aaron Rodgers,QB,BN,False,True,False,,19.14,,Aaron Rodgers,QB,,449.p.7200,7200,Pit,yahoo_fantasy_api
2024,2,,14,api,Buttermilk Puuump,Pop Lockett Drop it,2024-W02-05,5,83.48,130.9,Younghoe Koo,K,K,True,False,False,,10.0,,Younghoe Koo,K,,449.p.30426,30426,NYG,yahoo_fantasy_api
2024,2,,15,api,Buttermilk Puuump,Pop Lockett Drop it,2024-W02-05,5,83.48,130.9,Bills,DEF,DEF,True,False,False,,18.0,,Bills,DEF,,449.p.100002,100002,Buf,yahoo_fantasy_api
2024,2,,1,api,Ginger FC 🏆🏆,The Big Gronkowski,2024-W02-01,1,99.94,120.64,Kirk Cousins,QB,QB,True,False,False,,21.54,,Kirk Cousins,QB,,449.p.25812,25812,LV,yahoo_fantasy_api
2024,2,,2,api,Ginger FC 🏆🏆,The Big Gronkowski,2024-W02-01,1,99.94,120.64,Brandon Aiyuk,WR,WR,True,False,False,,6.3,,Brandon Aiyuk,WR,,449.p.32695,32695,SF,yahoo_fantasy_api
2024,2,,3,api,Ginger FC 🏆🏆,The Big Gronkowski,2024-W02-01,1,99.94,120.64,Deebo Samuel Sr.,WR,WR,True,False,False,,14.0,,Deebo Samuel Sr.,WR,,449.p.31868,31868,SF,yahoo_fantasy_api
2024,2,,4,api,Ginger FC 🏆🏆,The Big Gronkowski,2024-W02-01,1,99.94,120.64,De'Von Achane,RB,RB,True,False,False,,26.0,,De'Von Achane,RB,,449.p.40118,40118,Mia,yahoo_fantasy_api
2024,2,,5,api,Ginger FC 🏆🏆,The Big Gronkowski,2024-W02-01,1,99.94,120.64,Alexander Mattison,RB,RB,True,False,False,,6.1,,Alexander Mattison,RB,,449.p.31934,31934,Mia,yahoo_fantasy_api
2024,2,,6,api,Ginger FC 🏆🏆,The Big Gronkowski,2024-W02-01,1,99.94,120.64,Dallas Goedert,TE,TE,True,False,False,,5.3,,Dallas Goedert,TE,,449.p.31019,31019,Phi,yahoo_fantasy_api
2024,2,,7,api,Ginger FC 🏆🏆,The Big Gronkowski,2024-W02-01,1,99.94,120.64,Stefon Diggs,WR,W/R/T,True,False,False,,5.7,,Stefon Diggs,WR,,449.p.28534,28534,Was,yahoo_fantasy_api
2024,2,,8,api,Ginger FC 🏆🏆,The Big Gronkowski,2024-W02-01,1,99.94,120.64,Christian McCaffrey,RB,BN,False,True,False,,0.0,,Christian McCaffrey,RB,,449.p.30121,30121,SF,yahoo_fantasy_api
2024,2,,9,api,Ginger FC 🏆🏆,The Big Gronkowski,2024-W02-01,1,99.94,120.64,Jordan Love,QB,BN,False,True,False,,0.0,,Jordan Love,QB,,449.p.32696,32696,GB,yahoo_fantasy_api
2024,2,,10,api,Ginger FC 🏆🏆,The Big Gronkowski,2024-W02-01,1,99.94,120.64,Amari Cooper,WR,BN,False,True,False,,2.6,,Amari Cooper,WR,,449.p.28392,28392,Buf,yahoo_fantasy_api
2024,2,,11,api,Ginger FC 🏆🏆,The Big Gronkowski,2024-W02-01,1,99.94,120.64,Brian Thomas Jr.,WR,BN,False,True,False,,10.4,,Brian Thomas Jr.,WR,,449.p.40883,40883,Jax,yahoo_fantasy_api
2024,2,,12,api,Ginger FC 🏆🏆,The Big Gronkowski,2024-W02-01,1,99.94,120.64,Gabe Davis,WR,BN,False,True,False,,5.8,,Gabe Davis,WR,,449.p.32798,32798,Buf,yahoo_fantasy_api
2024,2,,13,api,Ginger FC 🏆🏆,The Big Gronkowski,2024-W02-01,1,99.94,120.64,Jaylen Wright,RB,BN,False,True,False,,0.4,,Jaylen Wright,RB,,449.p.41010,41010,Mia,yahoo_fantasy_api
2024,2,,14,api,Ginger FC 🏆🏆,The Big Gronkowski,2024-W02-01,1,99.94,120.64,Nick Chubb,RB,IR,False,False,True,,0.0,,Nick Chubb,RB,,449.p.31005,31005,Hou,yahoo_fantasy_api
2024,2,,15,api,Ginger FC 🏆🏆,The Big Gronkowski,2024-W02-01,1,99.94,120.64,Jake Elliott,K,K,True,False,False,,7.0,,Jake Elliott,K,,449.p.30266,30266,Phi,yahoo_fantasy_api
2024,2,,16,api,Ginger FC 🏆🏆,The Big Gronkowski,2024-W02-01,1,99.94,120.64,49ers,DEF,DEF,True,False,False,,8.0,,49ers,DEF,,449.p.100025,100025,SF,yahoo_fantasy_api
2024,2,,1,api,Joe Mantegna,Voldemort,2024-W02-03,3,109.92,117.26,Dak Prescott,QB,QB,True,False,False,,16.92,,Dak Prescott,QB,,449.p.29369,29369,Dal,yahoo_fantasy_api
2024,2,,2,api,Joe Mantegna,Voldemort,2024-W02-03,3,109.92,117.26,Garrett Wilson,WR,WR,True,False,False,,8.2,,Garrett Wilson,WR,,449.p.33965,33965,NYJ,yahoo_fantasy_api
2024,2,,3,api,Joe Mantegna,Voldemort,2024-W02-03,3,109.92,117.26,Nico Collins,WR,WR,True,False,False,,23.5,,Nico Collins,WR,,449.p.33477,33477,Hou,yahoo_fantasy_api
2024,2,,4,api,Joe Mantegna,Voldemort,2024-W02-03,3,109.92,117.26,Breece Hall,RB,RB,True,False,False,,20.9,,Breece Hall,RB,,449.p.33991,33991,NYJ,yahoo_fantasy_api
2024,2,,5,api,Joe Mantegna,Voldemort,2024-W02-03,3,109.92,117.26,James Cook III,RB,RB,True,False,False,,28.0,,James Cook III,RB,,449.p.34019,34019,Buf,yahoo_fantasy_api
2024,2,,6,api,Joe Mantegna,Voldemort,2024-W02-03,3,109.92,117.26,Jordan Akins,TE,TE,True,False,False,,1.5,,Jordan Akins,TE,,449.p.31068,31068,Jax,yahoo_fantasy_api
2024,2,,7,api,Joe Mantegna,Voldemort,2024-W02-03,3,109.92,117.26,George Pickens,WR,W/R/T,True,False,False,,3.9,,George Pickens,WR,,449.p.34007,34007,Dal,yahoo_fantasy_api
2024,2,,8,api,Joe Mantegna,Voldemort,2024-W02-03,3,109.92,117.26,DeAndre Hopkins,WR,BN,False,True,False,,1.4,,DeAndre Hopkins,WR,,449.p.26650,26650,Bal,yahoo_fantasy_api
2024,2,,9,api,Joe Mantegna,Voldemort,2024-W02-03,3,109.92,117.26,Tua Tagovailoa,QB,BN,False,True,False,,10.5,,Tua Tagovailoa,QB,,449.p.32675,32675,Atl,yahoo_fantasy_api
2024,2,,10,api,Joe Mantegna,Voldemort,2024-W02-03,3,109.92,117.26,Ty Chandler,RB,BN,False,True,False,,8.2,,Ty Chandler,RB,,449.p.34125,34125,NO,yahoo_fantasy_api
2024,2,,11,api,Joe Mantegna,Voldemort,2024-W02-03,3,109.92,117.26,Jakobi Meyers,WR,BN,False,True,False,,4.9,,Jakobi Meyers,WR,,449.p.32231,32231,Jax,yahoo_fantasy_api
2024,2,,12,api,Joe Mantegna,Voldemort,2024-W02-03,3,109.92,117.26,Bucky Irving,RB,BN,False,True,False,,2.2,,Bucky Irving,RB,,449.p.40993,40993,TB,yahoo_fantasy_api
2024,2,,13,api,Joe Mantegna,Voldemort,2024-W02-03,3,109.92,117.26,Demarcus Robinson,WR,BN,False,True,False,,6.0,,Demarcus Robinson,WR,,449.p.29360,29360,SF,yahoo_fantasy_api
2024,2,,14,api,Joe Mantegna,Voldemort,2024-W02-03,3,109.92,117.26,Evan Engram,TE,IR,False,False,True,,0.0,,Evan Engram,TE,,449.p.30136,30136,Den,yahoo_fantasy_api
2024,2,,15,api,Joe Mantegna,Voldemort,2024-W02-03,3,109.92,117.26,Jason Sanders,K,K,True,False,False,,4.0,,Jason Sanders,K,,449.p.31199,31199,NYJ,yahoo_fantasy_api
2024,2,,16,api,Joe Mantegna,Voldemort,2024-W02-03,3,109.92,117.26,Colts,DEF,DEF,True,False,False,,3.0,,Colts,DEF,,449.p.100011,100011,Ind,yahoo_fantasy_api
2024,2,,1,api,Malle ❤️ 🐸,Uncle Rico,2024-W02-02,2,154.42,120.44,Jalen Hurts,QB,QB,True,False,False,,26.82,,Jalen Hurts,QB,,449.p.32723,32723,Phi,yahoo_fantasy_api
2024,2,,2,api,Malle ❤️ 🐸,Uncle Rico,2024-W02-02,2,154.42,120.44,Marvin Harrison Jr.,WR,WR,True,False,False,,27.0,,Marvin Harrison Jr.,WR,,449.p.40893,40893,Ari,yahoo_fantasy_api
2024,2,,3,api,Malle ❤️ 🐸,Uncle Rico,2024-W02-02,2,154.42,120.44,Malik Nabers,WR,WR,True,False,False,,23.7,,Malik Nabers,WR,,449.p.40899,40899,NYG,yahoo_fantasy_api
2024,2,,4,api,Malle ❤️ 🐸,Uncle Rico,2024-W02-02,2,154.42,120.44,Saquon Barkley,RB,RB,True,False,False,,15.6,,Saquon Barkley,RB,,449.p.30972,30972,Phi,yahoo_fantasy_api
2024,2,,5,api,Malle ❤️ 🐸,Uncle Rico,2024-W02-02,2,154.42,120.44,Zamir White,RB,RB,True,False,False,,5.3,,Zamir White,RB,,449.p.34078,34078,NO,yahoo_fantasy_api
2024,2,,6,api,Malle ❤️ 🐸,Uncle Rico,2024-W02-02,2,154.42,120.44,George Kittle,TE,TE,True,False,False,,17.1,,George Kittle,TE,,449.p.30259,30259,SF,yahoo_fantasy_api
2024,2,,7,api,Malle ❤️ 🐸,Uncle Rico,2024-W02-02,2,154.42,120.44,Rashid Shaheed,WR,W/R/T,True,False,False,,18.9,,Rashid Shaheed,WR,,449.p.34659,34659,Sea,yahoo_fantasy_api
2024,2,,8,api,Malle ❤️ 🐸,Uncle Rico,2024-W02-02,2,154.42,120.44,Adam Thielen,WR,BN,False,True,False,,3.0,,Adam Thielen,WR,,449.p.27277,27277,Pit,yahoo_fantasy_api
2024,2,,9,api,Malle ❤️ 🐸,Uncle Rico,2024-W02-02,2,154.42,120.44,Brock Purdy,QB,BN,False,True,False,,16.96,,Brock Purdy,QB,,449.p.34218,34218,SF,yahoo_fantasy_api
2024,2,,10,api,Malle ❤️ 🐸,Uncle Rico,2024-W02-02,2,154.42,120.44,Tyler Lockett,WR,BN,False,True,False,,2.5,,Tyler Lockett,WR,,449.p.28457,28457,LV,yahoo_fantasy_api
2024,2,,11,api,Malle ❤️ 🐸,Uncle Rico,2024-W02-02,2,154.42,120.44,Jaleel McLaughlin,RB,BN,False,True,False,,0.6,,Jaleel McLaughlin,RB,,449.p.40696,40696,Cle,yahoo_fantasy_api
2024,2,,12,api,Malle ❤️ 🐸,Uncle Rico,2024-W02-02,2,154.42,120.44,Cole Kmet,TE,BN,False,True,False,,4.7,,Cole Kmet,TE,,449.p.32713,32713,Chi,yahoo_fantasy_api
2024,2,,13,api,Malle ❤️ 🐸,Uncle Rico,2024-W02-02,2,154.42,120.44,Justin Tucker,K,K,True,False,False,,13.0,,Justin Tucker,K,,449.p.26534,26534,Bal,yahoo_fantasy_api
2024,2,,14,api,Malle ❤️ 🐸,Uncle Rico,2024-W02-02,2,154.42,120.44,Ravens,DEF,DEF,True,False,False,,7.0,,Ravens,DEF,,449.p.100033,100033,Bal,yahoo_fantasy_api
2024,2,,15,api,Malle ❤️ 🐸,Uncle Rico,2024-W02-02,2,154.42,120.44,Vikings,DEF,BN,False,True,False,,13.0,,Vikings,DEF,,449.p.100016,100016,Min,yahoo_fantasy_api
2024,2,,1,api,Patty Primetimes,malle_dips_pouches,2024-W02-06,6,83.86,89.0,Anthony Richardson Sr.,QB,QB,True,False,False,,14.86,,Anthony Richardson Sr.,QB,,449.p.40040,40040,Ind,yahoo_fantasy_api
2024,2,,2,api,Patty Primetimes,malle_dips_pouches,2024-W02-06,6,83.86,89.0,CeeDee Lamb,WR,WR,True,False,False,,17.0,,CeeDee Lamb,WR,,449.p.32687,32687,Dal,yahoo_fantasy_api
2024,2,,3,api,Patty Primetimes,malle_dips_pouches,2024-W02-06,6,83.86,89.0,Cooper Kupp,WR,WR,True,False,False,,5.7,,Cooper Kupp,WR,,449.p.30182,30182,Sea,yahoo_fantasy_api
2024,2,,4,api,Patty Primetimes,malle_dips_pouches,2024-W02-06,6,83.86,89.0,Aaron Jones Sr.,RB,RB,True,False,False,,7.3,,Aaron Jones Sr.,RB,,449.p.30295,30295,Min,yahoo_fantasy_api
2024,2,,5,api,Patty Primetimes,malle_dips_pouches,2024-W02-06,6,83.86,89.0,Tony Pollard,RB,RB,True,False,False,,12.7,,Tony Pollard,RB,,449.p.31960,31960,Ten,yahoo_fantasy_api
2024,2,,6,api,Patty Primetimes,malle_dips_pouches,2024-W02-06,6,83.86,89.0,Travis Kelce,TE,TE,True,False,False,,1.1,,Travis Kelce,TE,,449.p.26686,26686,KC,yahoo_fantasy_api
2024,2,,7,api,Patty Primetimes,malle_dips_pouches,2024-W02-06,6,83.86,89.0,Xavier Worthy,WR,W/R/T,True,False,False,,3.2,,Xavier Worthy,WR,,449.p.40877,40877,KC,yahoo_fantasy_api
2024,2,,8,api,Patty Primetimes,malle_dips_pouches,2024-W02-06,6,83.86,89.0,Terry McLaurin,WR,BN,False,True,False,,5.2,,Terry McLaurin,WR,,449.p.31908,31908,Was,yahoo_fantasy_api
2024,2,,9,api,Patty Primetimes,malle_dips_pouches,2024-W02-06,6,83.86,89.0,Jayden Daniels,QB,BN,False,True,False,,13.44,,Jayden Daniels,QB,,449.p.40896,40896,Was,yahoo_fantasy_api
2024,2,,10,api,Patty Primetimes,malle_dips_pouches,2024-W02-06,6,83.86,89.0,Ladd McConkey,WR,BN,False,True,False,,3.6,,Ladd McConkey,WR,,449.p.40908,40908,LAC,yahoo_fantasy_api
2024,2,,11,api,Patty Primetimes,malle_dips_pouches,2024-W02-06,6,83.86,89.0,Khalil Herbert,RB,BN,False,True,False,,7.7,,Khalil Herbert,RB,,449.p.33605,33605,Atl,yahoo_fantasy_api
2024,2,,12,api,Patty Primetimes,malle_dips_pouches,2024-W02-06,6,83.86,89.0,Dalton Schultz,TE,BN,False,True,False,,3.1,,Dalton Schultz,TE,,449.p.31107,31107,Hou,yahoo_fantasy_api
2024,2,,13,api,Patty Primetimes,malle_dips_pouches,2024-W02-06,6,83.86,89.0,Tank Bigsby,RB,BN,False,True,False,,0.0,,Tank Bigsby,RB,,449.p.40095,40095,Phi,yahoo_fantasy_api
2024,2,,14,api,Patty Primetimes,malle_dips_pouches,2024-W02-06,6,83.86,89.0,Evan McPherson,K,K,True,False,False,,16.0,,Evan McPherson,K,,449.p.33537,33537,Cin,yahoo_fantasy_api
2024,2,,15,api,Patty Primetimes,malle_dips_pouches,2024-W02-06,6,83.86,89.0,Bears,DEF,DEF,True,False,False,,6.0,,Bears,DEF,,449.p.100003,100003,Chi,yahoo_fantasy_api
2024,2,,1,api,Pop Lockett Drop it,Buttermilk Puuump,2024-W02-05,5,130.9,83.48,C.J. Stroud,QB,QB,True,False,False,,16.3,,C.J. Stroud,QB,,449.p.40030,40030,Hou,yahoo_fantasy_api
2024,2,,2,api,Pop Lockett Drop it,Buttermilk Puuump,2024-W02-05,5,130.9,83.48,Mike Evans,WR,WR,True,False,False,,5.7,,Mike Evans,WR,,449.p.27535,27535,SF,yahoo_fantasy_api
2024,2,,3,api,Pop Lockett Drop it,Buttermilk Puuump,2024-W02-05,5,130.9,83.48,DeVonta Smith,WR,WR,True,False,False,,17.1,,DeVonta Smith,WR,,449.p.33398,33398,Phi,yahoo_fantasy_api
2024,2,,4,api,Pop Lockett Drop it,Buttermilk Puuump,2024-W02-05,5,130.9,83.48,Bijan Robinson,RB,RB,True,False,False,,14.2,,Bijan Robinson,RB,,449.p.40055,40055,Atl,yahoo_fantasy_api
2024,2,,5,api,Pop Lockett Drop it,Buttermilk Puuump,2024-W02-05,5,130.9,83.48,David Montgomery,RB,RB,True,False,False,,15.0,,David Montgomery,RB,,449.p.31905,31905,Hou,yahoo_fantasy_api
2024,2,,6,api,Pop Lockett Drop it,Buttermilk Puuump,2024-W02-05,5,130.9,83.48,Trey McBride,TE,TE,True,False,False,,15.7,,Trey McBride,TE,,449.p.34010,34010,Ari,yahoo_fantasy_api
2024,2,,7,api,Pop Lockett Drop it,Buttermilk Puuump,2024-W02-05,5,130.9,83.48,Jameson Williams,WR,W/R/T,True,False,False,,11.9,,Jameson Williams,WR,,449.p.33967,33967,Det,yahoo_fantasy_api
2024,2,,8,api,Pop Lockett Drop it,Buttermilk Puuump,2024-W02-05,5,130.9,83.48,Jayden Reed,WR,BN,False,True,False,,5.6,,Jayden Reed,WR,,449.p.40063,40063,GB,yahoo_fantasy_api
2024,2,,9,api,Pop Lockett Drop it,Buttermilk Puuump,2024-W02-05,5,130.9,83.48,Zack Moss,RB,BN,False,True,False,,5.2,,Zack Moss,RB,,449.p.32756,32756,Cin,yahoo_fantasy_api
2024,2,,10,api,Pop Lockett Drop it,Buttermilk Puuump,2024-W02-05,5,130.9,83.48,Rico Dowdle,RB,BN,False,True,False,,7.9,,Rico Dowdle,RB,,449.p.33100,33100,Pit,yahoo_fantasy_api
2024,2,,11,api,Pop Lockett Drop it,Buttermilk Puuump,2024-W02-05,5,130.9,83.48,Rome Odunze,WR,BN,False,True,False,,4.3,,Rome Odunze,WR,,449.p.40901,40901,Chi,yahoo_fantasy_api
2024,2,,12,api,Pop Lockett Drop it,Buttermilk Puuump,2024-W02-05,5,130.9,83.48,Trevor Lawrence,QB,BN,False,True,False,,13.3,,Trevor Lawrence,QB,,449.p.33389,33389,Jax,yahoo_fantasy_api
2024,2,,13,api,Pop Lockett Drop it,Buttermilk Puuump,2024-W02-05,5,130.9,83.48,Taysom Hill,"QB,TE",BN,False,True,False,,2.4,,Taysom Hill,"QB,TE",,449.p.30614,30614,NO,yahoo_fantasy_api
2024,2,,14,api,Pop Lockett Drop it,Buttermilk Puuump,2024-W02-05,5,130.9,83.48,Ka'imi Fairbairn,K,K,True,False,False,,20.0,,Ka'imi Fairbairn,K,,449.p.29792,29792,Hou,yahoo_fantasy_api
2024,2,,15,api,Pop Lockett Drop it,Buttermilk Puuump,2024-W02-05,5,130.9,83.48,Texans,DEF,DEF,True,False,False,,15.0,,Texans,DEF,,449.p.100034,100034,Hou,yahoo_fantasy_api
2024,2,,1,api,Post Mahomes,ThreatLevelMidnight,2024-W02-04,4,105.18,133.44,Lamar Jackson,QB,QB,True,False,False,,19.38,,Lamar Jackson,QB,,449.p.31002,31002,Bal,yahoo_fantasy_api
2024,2,,2,api,Post Mahomes,ThreatLevelMidnight,2024-W02-04,4,105.18,133.44,Michael Pittman Jr.,WR,WR,True,False,False,,3.6,,Michael Pittman Jr.,WR,,449.p.32704,32704,Pit,yahoo_fantasy_api
2024,2,,3,api,Post Mahomes,ThreatLevelMidnight,2024-W02-04,4,105.18,133.44,Rashee Rice,WR,WR,True,False,False,,16.0,,Rashee Rice,WR,,449.p.40084,40084,KC,yahoo_fantasy_api
2024,2,,4,api,Post Mahomes,ThreatLevelMidnight,2024-W02-04,4,105.18,133.44,Jahmyr Gibbs,RB,RB,True,False,False,,14.1,,Jahmyr Gibbs,RB,,449.p.40059,40059,Det,yahoo_fantasy_api
2024,2,,5,api,Post Mahomes,ThreatLevelMidnight,2024-W02-04,4,105.18,133.44,Kyren Williams,RB,RB,True,False,False,,13.2,,Kyren Williams,RB,,449.p.34120,34120,LAR,yahoo_fantasy_api
2024,2,,6,api,Post Mahomes,ThreatLevelMidnight,2024-W02-04,4,105.18,133.44,Brock Bowers,TE,TE,True,False,False,,14.3,,Brock Bowers,TE,,449.p.40878,40878,LV,yahoo_fantasy_api
2024,2,,7,api,Post Mahomes,ThreatLevelMidnight,2024-W02-04,4,105.18,133.44,Isiah Pacheco,RB,W/R/T,True,False,False,,13.6,,Isiah Pacheco,RB,,449.p.34207,34207,Det,yahoo_fantasy_api
2024,2,,8,api,Post Mahomes,ThreatLevelMidnight,2024-W02-04,4,105.18,133.44,Tee Higgins,WR,BN,False,True,False,,0.0,,Tee Higgins,WR,,449.p.32703,32703,Cin,yahoo_fantasy_api
2024,2,,9,api,Post Mahomes,ThreatLevelMidnight,2024-W02-04,4,105.18,133.44,Tyjae Spears,RB,BN,False,True,False,,4.1,,Tyjae Spears,RB,,449.p.40119,40119,Ten,yahoo_fantasy_api
2024,2,,10,api,Post Mahomes,ThreatLevelMidnight,2024-W02-04,4,105.18,133.44,Jaylen Warren,RB,BN,False,True,False,,7.1,,Jaylen Warren,RB,,449.p.34447,34447,Pit,yahoo_fantasy_api
2024,2,,11,api,Post Mahomes,ThreatLevelMidnight,2024-W02-04,4,105.18,133.44,Ezekiel Elliott,RB,BN,False,True,False,,4.2,,Ezekiel Elliott,RB,,449.p.29238,29238,Dal,yahoo_fantasy_api
2024,2,,12,api,Post Mahomes,ThreatLevelMidnight,2024-W02-04,4,105.18,133.44,Keon Coleman,WR,BN,False,True,False,,0.0,,Keon Coleman,WR,,449.p.40911,40911,Buf,yahoo_fantasy_api
2024,2,,13,api,Post Mahomes,ThreatLevelMidnight,2024-W02-04,4,105.18,133.44,T.J. Hockenson,TE,IR,False,False,True,,0.0,,T.J. Hockenson,TE,,449.p.31840,31840,Min,yahoo_fantasy_api
2024,2,,14,api,Post Mahomes,ThreatLevelMidnight,2024-W02-04,4,105.18,133.44,Jake Moody,K,K,True,False,False,,5.0,,Jake Moody,K,,449.p.40129,40129,Bal,yahoo_fantasy_api
2024,2,,15,api,Post Mahomes,ThreatLevelMidnight,2024-W02-04,4,105.18,133.44,Seahawks,DEF,DEF,True,False,False,,6.0,,Seahawks,DEF,,449.p.100026,100026,Sea,yahoo_fantasy_api
2024,2,,16,api,Post Mahomes,ThreatLevelMidnight,2024-W02-04,4,105.18,133.44,Chiefs,DEF,BN,False,True,False,,11.0,,Chiefs,DEF,,449.p.100012,100012,KC,yahoo_fantasy_api
2024,2,,1,api,The Big Gronkowski,Ginger FC 🏆🏆,2024-W02-01,1,120.64,99.94,Matthew Stafford,QB,QB,True,False,False,,6.64,,Matthew Stafford,QB,,449.p.9265,9265,LAR,yahoo_fantasy_api
2024,2,,2,api,The Big Gronkowski,Ginger FC 🏆🏆,2024-W02-01,1,120.64,99.94,Justin Jefferson,WR,WR,True,False,False,,21.3,,Justin Jefferson,WR,,449.p.32692,32692,Min,yahoo_fantasy_api
2024,2,,3,api,The Big Gronkowski,Ginger FC 🏆🏆,2024-W02-01,1,120.64,99.94,Chris Olave,WR,WR,True,False,False,,10.8,,Chris Olave,WR,,449.p.33966,33966,NO,yahoo_fantasy_api
2024,2,,4,api,The Big Gronkowski,Ginger FC 🏆🏆,2024-W02-01,1,120.64,99.94,Alvin Kamara,RB,RB,True,False,False,,43.0,,Alvin Kamara,RB,,449.p.30180,30180,NO,yahoo_fantasy_api
2024,2,,5,api,The Big Gronkowski,Ginger FC 🏆🏆,2024-W02-01,1,120.64,99.94,Javonte Williams,RB,RB,True,False,False,,9.0,,Javonte Williams,RB,,449.p.33423,33423,Dal,yahoo_fantasy_api
2024,2,,6,api,The Big Gronkowski,Ginger FC 🏆🏆,2024-W02-01,1,120.64,99.94,Isaiah Likely,TE,TE,True,False,False,,3.6,,Isaiah Likely,TE,,449.p.34095,34095,NYG,yahoo_fantasy_api
2024,2,,7,api,The Big Gronkowski,Ginger FC 🏆🏆,2024-W02-01,1,120.64,99.94,DJ Moore,WR,W/R/T,True,False,False,,8.3,,DJ Moore,WR,,449.p.30994,30994,Buf,yahoo_fantasy_api
2024,2,,8,api,The Big Gronkowski,Ginger FC 🏆🏆,2024-W02-01,1,120.64,99.94,Joe Burrow,QB,BN,False,True,False,,21.22,,Joe Burrow,QB,,449.p.32671,32671,Cin,yahoo_fantasy_api
2024,2,,9,api,The Big Gronkowski,Ginger FC 🏆🏆,2024-W02-01,1,120.64,99.94,Jake Ferguson,TE,BN,False,True,False,,0.0,,Jake Ferguson,TE,,449.p.34085,34085,Dal,yahoo_fantasy_api
2024,2,,10,api,The Big Gronkowski,Ginger FC 🏆🏆,2024-W02-01,1,120.64,99.94,Jaxon Smith-Njigba,WR,BN,False,True,False,,17.7,,Jaxon Smith-Njigba,WR,,449.p.40041,40041,Sea,yahoo_fantasy_api
2024,2,,11,api,The Big Gronkowski,Ginger FC 🏆🏆,2024-W02-01,1,120.64,99.94,Gus Edwards,RB,BN,False,True,False,,5.9,,Gus Edwards,RB,,449.p.31424,31424,LAC,yahoo_fantasy_api
2024,2,,12,api,The Big Gronkowski,Ginger FC 🏆🏆,2024-W02-01,1,120.64,99.94,Adonai Mitchell,WR,BN,False,True,False,,3.5,,Adonai Mitchell,WR,,449.p.40915,40915,NYJ,yahoo_fantasy_api
2024,2,,13,api,The Big Gronkowski,Ginger FC 🏆🏆,2024-W02-01,1,120.64,99.94,MarShawn Lloyd,RB,BN,False,True,False,,2.3,,MarShawn Lloyd,RB,,449.p.40971,40971,GB,yahoo_fantasy_api
2024,2,,14,api,The Big Gronkowski,Ginger FC 🏆🏆,2024-W02-01,1,120.64,99.94,Brandon Aubrey,K,K,True,False,False,,17.0,,Brandon Aubrey,K,,449.p.40819,40819,Dal,yahoo_fantasy_api
2024,2,,15,api,The Big Gronkowski,Ginger FC 🏆🏆,2024-W02-01,1,120.64,99.94,Cowboys,DEF,DEF,True,False,False,,1.0,,Cowboys,DEF,,449.p.100006,100006,Dal,yahoo_fantasy_api
2024,2,,1,api,ThreatLevelMidnight,Post Mahomes,2024-W02-04,4,133.44,105.18,Kyler Murray,QB,QB,True,False,False,,34.54,,Kyler Murray,QB,,449.p.31833,31833,Min,yahoo_fantasy_api
2024,2,,2,api,ThreatLevelMidnight,Post Mahomes,2024-W02-04,4,133.44,105.18,Ja'Marr Chase,WR,WR,True,False,False,,5.5,,Ja'Marr Chase,WR,,449.p.33393,33393,Cin,yahoo_fantasy_api
2024,2,,3,api,ThreatLevelMidnight,Post Mahomes,2024-W02-04,4,133.44,105.18,Chris Godwin Jr.,WR,WR,True,False,False,,21.2,,Chris Godwin Jr.,WR,,449.p.30197,30197,TB,yahoo_fantasy_api
2024,2,,4,api,ThreatLevelMidnight,Post Mahomes,2024-W02-04,4,133.44,105.18,James Conner,RB,RB,True,False,False,,18.9,,James Conner,RB,,449.p.30218,30218,Ari,yahoo_fantasy_api
2024,2,,5,api,ThreatLevelMidnight,Post Mahomes,2024-W02-04,4,133.44,105.18,Jordan Mason,RB,RB,True,False,False,,16.9,,Jordan Mason,RB,,449.p.34320,34320,Min,yahoo_fantasy_api
2024,2,,6,api,ThreatLevelMidnight,Post Mahomes,2024-W02-04,4,133.44,105.18,Sam LaPorta,TE,TE,True,False,False,,2.3,,Sam LaPorta,TE,,449.p.40064,40064,Det,yahoo_fantasy_api
2024,2,,7,api,ThreatLevelMidnight,Post Mahomes,2024-W02-04,4,133.44,105.18,Josh Jacobs,RB,W/R/T,True,False,False,,13.1,,Josh Jacobs,RB,,449.p.31856,31856,GB,yahoo_fantasy_api
2024,2,,8,api,ThreatLevelMidnight,Post Mahomes,2024-W02-04,4,133.44,105.18,Jerome Ford,RB,BN,False,True,False,,6.9,,Jerome Ford,RB,,449.p.34112,34112,Min,yahoo_fantasy_api
2024,2,,9,api,ThreatLevelMidnight,Post Mahomes,2024-W02-04,4,133.44,105.18,DK Metcalf,WR,BN,False,True,False,,23.9,,DK Metcalf,WR,,449.p.31896,31896,Pit,yahoo_fantasy_api
2024,2,,10,api,ThreatLevelMidnight,Post Mahomes,2024-W02-04,4,133.44,105.18,Christian Kirk,WR,BN,False,True,False,,0.4,,Christian Kirk,WR,,449.p.31017,31017,SF,yahoo_fantasy_api
2024,2,,11,api,ThreatLevelMidnight,Post Mahomes,2024-W02-04,4,133.44,105.18,Trey Benson,RB,BN,False,True,False,,2.2,,Trey Benson,RB,,449.p.40958,40958,Ari,yahoo_fantasy_api
2024,2,,12,api,ThreatLevelMidnight,Post Mahomes,2024-W02-04,4,133.44,105.18,Baker Mayfield,QB,BN,False,True,False,,21.8,,Baker Mayfield,QB,,449.p.30971,30971,TB,yahoo_fantasy_api
2024,2,,13,api,ThreatLevelMidnight,Post Mahomes,2024-W02-04,4,133.44,105.18,Keaton Mitchell,RB,IR,False,False,True,,0.0,,Keaton Mitchell,RB,,449.p.40641,40641,LAC,yahoo_fantasy_api
2024,2,,14,api,ThreatLevelMidnight,Post Mahomes,2024-W02-04,4,133.44,105.18,Cameron Dicker,K,K,True,False,False,,10.0,,Cameron Dicker,K,,449.p.34344,34344,LAC,yahoo_fantasy_api
2024,2,,15,api,ThreatLevelMidnight,Post Mahomes,2024-W02-04,4,133.44,105.18,Chargers,DEF,DEF,True,False,False,,11.0,,Chargers,DEF,,449.p.100024,100024,LAC,yahoo_fantasy_api
2024,2,,16,api,ThreatLevelMidnight,Post Mahomes,2024-W02-04,4,133.44,105.18,Packers,DEF,BN,False,True,False,,11.0,,Packers,DEF,,449.p.100009,100009,GB,yahoo_fantasy_api
2024,2,,1,api,Uncle Rico,Malle ❤️ 🐸,2024-W02-02,2,120.44,154.42,Patrick Mahomes,QB,QB,True,False,False,,18.94,,Patrick Mahomes,QB,,449.p.30123,30123,KC,yahoo_fantasy_api
2024,2,,2,api,Uncle Rico,Malle ❤️ 🐸,2024-W02-02,2,120.44,154.42,Davante Adams,WR,WR,True,False,False,,21.5,,Davante Adams,WR,,449.p.27581,27581,LAR,yahoo_fantasy_api
2024,2,,3,api,Uncle Rico,Malle ❤️ 🐸,2024-W02-02,2,120.44,154.42,Zay Flowers,WR,WR,True,False,False,,18.6,,Zay Flowers,WR,,449.p.40039,40039,Bal,yahoo_fantasy_api
2024,2,,4,api,Uncle Rico,Malle ❤️ 🐸,2024-W02-02,2,120.44,154.42,Derrick Henry,RB,RB,True,False,False,,16.1,,Derrick Henry,RB,,449.p.29279,29279,Bal,yahoo_fantasy_api
2024,2,,5,api,Uncle Rico,Malle ❤️ 🐸,2024-W02-02,2,120.44,154.42,D'Andre Swift,RB,RB,True,False,False,,6.2,,D'Andre Swift,RB,,449.p.32705,32705,Chi,yahoo_fantasy_api
2024,2,,6,api,Uncle Rico,Malle ❤️ 🐸,2024-W02-02,2,120.44,154.42,Mark Andrews,TE,TE,True,False,False,,7.1,,Mark Andrews,TE,,449.p.31056,31056,Bal,yahoo_fantasy_api
2024,2,,7,api,Uncle Rico,Malle ❤️ 🐸,2024-W02-02,2,120.44,154.42,Devin Singletary,RB,W/R/T,True,False,False,,14.0,,Devin Singletary,RB,,449.p.31906,31906,NYG,yahoo_fantasy_api
2024,2,,8,api,Uncle Rico,Malle ❤️ 🐸,2024-W02-02,2,120.44,154.42,Austin Ekeler,RB,BN,False,True,False,,10.0,,Austin Ekeler,RB,,449.p.30423,30423,Was,yahoo_fantasy_api
2024,2,,9,api,Uncle Rico,Malle ❤️ 🐸,2024-W02-02,2,120.44,154.42,Jonathon Brooks,RB,BN,False,True,False,,0.0,,Jonathon Brooks,RB,,449.p.40926,40926,Car,yahoo_fantasy_api
2024,2,,10,api,Uncle Rico,Malle ❤️ 🐸,2024-W02-02,2,120.44,154.42,Tank Dell,WR,BN,False,True,False,,1.8,,Tank Dell,WR,,449.p.40097,40097,Hou,yahoo_fantasy_api
2024,2,,11,api,Uncle Rico,Malle ❤️ 🐸,2024-W02-02,2,120.44,154.42,Zach Charbonnet,RB,BN,False,True,False,,15.4,,Zach Charbonnet,RB,,449.p.40075,40075,Sea,yahoo_fantasy_api
2024,2,,12,api,Uncle Rico,Malle ❤️ 🐸,2024-W02-02,2,120.44,154.42,Romeo Doubs,WR,BN,False,True,False,,7.7,,Romeo Doubs,WR,,449.p.34088,34088,NE,yahoo_fantasy_api
2024,2,,13,api,Uncle Rico,Malle ❤️ 🐸,2024-W02-02,2,120.44,154.42,Brandin Cooks,WR,BN,False,True,False,,2.6,,Brandin Cooks,WR,,449.p.27548,27548,SF,yahoo_fantasy_api
2024,2,,14,api,Uncle Rico,Malle ❤️ 🐸,2024-W02-02,2,120.44,154.42,Tyler Bass,K,K,True,False,False,,8.0,,Tyler Bass,K,,449.p.32858,32858,Buf,yahoo_fantasy_api
2024,2,,15,api,Uncle Rico,Malle ❤️ 🐸,2024-W02-02,2,120.44,154.42,Browns,DEF,DEF,True,False,False,,10.0,,Browns,DEF,,449.p.100005,100005,Cle,yahoo_fantasy_api
2024,2,,1,api,Voldemort,Joe Mantegna,2024-W02-03,3,117.26,109.92,Josh Allen,QB,QB,True,False,False,,11.76,,Josh Allen,QB,,449.p.30977,30977,Buf,yahoo_fantasy_api
2024,2,,2,api,Voldemort,Joe Mantegna,2024-W02-03,3,117.26,109.92,Calvin Ridley,WR,WR,True,False,False,,22.7,,Calvin Ridley,WR,,449.p.30996,30996,Ten,yahoo_fantasy_api
2024,2,,3,api,Voldemort,Joe Mantegna,2024-W02-03,3,117.26,109.92,Khalil Shakir,WR,WR,True,False,False,,8.1,,Khalil Shakir,WR,,449.p.34104,34104,Buf,yahoo_fantasy_api
2024,2,,4,api,Voldemort,Joe Mantegna,2024-W02-03,3,117.26,109.92,Jonathan Taylor,RB,RB,True,False,False,,14.5,,Jonathan Taylor,RB,,449.p.32711,32711,Ind,yahoo_fantasy_api
2024,2,,5,api,Voldemort,Joe Mantegna,2024-W02-03,3,117.26,109.92,Travis Etienne Jr.,RB,RB,True,False,False,,13.3,,Travis Etienne Jr.,RB,,449.p.33413,33413,NO,yahoo_fantasy_api
2024,2,,6,api,Voldemort,Joe Mantegna,2024-W02-03,3,117.26,109.92,Dalton Kincaid,TE,TE,True,False,False,,5.3,,Dalton Kincaid,TE,,449.p.40048,40048,Buf,yahoo_fantasy_api
2024,2,,7,api,Voldemort,Joe Mantegna,2024-W02-03,3,117.26,109.92,J.K. Dobbins,RB,W/R/T,True,False,False,,19.6,,J.K. Dobbins,RB,,449.p.32725,32725,Den,yahoo_fantasy_api
2024,2,,8,api,Voldemort,Joe Mantegna,2024-W02-03,3,117.26,109.92,Kenneth Walker III,RB,BN,False,True,False,,0.0,,Kenneth Walker III,RB,,449.p.33996,33996,KC,yahoo_fantasy_api
2024,2,,9,api,Voldemort,Joe Mantegna,2024-W02-03,3,117.26,109.92,Diontae Johnson,WR,BN,False,True,False,,3.0,,Diontae Johnson,WR,,449.p.31898,31898,Cle,yahoo_fantasy_api
2024,2,,10,api,Voldemort,Joe Mantegna,2024-W02-03,3,117.26,109.92,Chase Brown,RB,BN,False,True,False,,3.1,,Chase Brown,RB,,449.p.40196,40196,Cin,yahoo_fantasy_api
2024,2,,11,api,Voldemort,Joe Mantegna,2024-W02-03,3,117.26,109.92,Chuba Hubbard,RB,BN,False,True,False,,9.6,,Chuba Hubbard,RB,,449.p.33514,33514,Car,yahoo_fantasy_api
2024,2,,12,api,Voldemort,Joe Mantegna,2024-W02-03,3,117.26,109.92,Alec Pierce,WR,BN,False,True,False,,14.1,,Alec Pierce,WR,,449.p.34008,34008,Ind,yahoo_fantasy_api
2024,2,,13,api,Voldemort,Joe Mantegna,2024-W02-03,3,117.26,109.92,Tyler Allgeier,RB,BN,False,True,False,,7.0,,Tyler Allgeier,RB,,449.p.34107,34107,Ari,yahoo_fantasy_api
2024,2,,14,api,Voldemort,Joe Mantegna,2024-W02-03,3,117.26,109.92,Puka Nacua,WR,IR,False,False,True,,0.0,,Puka Nacua,WR,,449.p.40168,40168,LAR,yahoo_fantasy_api
2024,2,,15,api,Voldemort,Joe Mantegna,2024-W02-03,3,117.26,109.92,Cairo Santos,K,K,True,False,False,,11.0,,Cairo Santos,K,,449.p.28227,28227,Chi,yahoo_fantasy_api
2024,2,,16,api,Voldemort,Joe Mantegna,2024-W02-03,3,117.26,109.92,Jets,DEF,DEF,True,False,False,,11.0,,Jets,DEF,,449.p.100020,100020,NYJ,yahoo_fantasy_api
2024,2,,1,api,malle_dips_pouches,Patty Primetimes,2024-W02-06,6,89.0,83.86,Justin Herbert,QB,QB,True,False,False,,16.0,,Justin Herbert,QB,,449.p.32676,32676,LAC,yahoo_fantasy_api
2024,2,,2,api,malle_dips_pouches,Patty Primetimes,2024-W02-06,6,89.0,83.86,Jaylen Waddle,WR,WR,True,False,False,,6.5,,Jaylen Waddle,WR,,449.p.33394,33394,Den,yahoo_fantasy_api
2024,2,,3,api,malle_dips_pouches,Patty Primetimes,2024-W02-06,6,89.0,83.86,Courtland Sutton,WR,WR,True,False,False,,3.1,,Courtland Sutton,WR,,449.p.31010,31010,Den,yahoo_fantasy_api
2024,2,,4,api,malle_dips_pouches,Patty Primetimes,2024-W02-06,6,89.0,83.86,Joe Mixon,RB,RB,True,False,False,,6.5,,Joe Mixon,RB,,449.p.30161,30161,Hou,yahoo_fantasy_api
2024,2,,5,api,malle_dips_pouches,Patty Primetimes,2024-W02-06,6,89.0,83.86,Rhamondre Stevenson,RB,RB,True,False,False,,16.0,,Rhamondre Stevenson,RB,,449.p.33508,33508,NE,yahoo_fantasy_api
2024,2,,6,api,malle_dips_pouches,Patty Primetimes,2024-W02-06,6,89.0,83.86,Kyle Pitts Sr.,TE,TE,True,False,False,,3.5,,Kyle Pitts Sr.,TE,,449.p.33392,33392,Atl,yahoo_fantasy_api
2024,2,,7,api,malle_dips_pouches,Patty Primetimes,2024-W02-06,6,89.0,83.86,Drake London,WR,W/R/T,True,False,False,,14.4,,Drake London,WR,,449.p.33963,33963,Atl,yahoo_fantasy_api
2024,2,,8,api,malle_dips_pouches,Patty Primetimes,2024-W02-06,6,89.0,83.86,Caleb Williams,QB,BN,False,True,False,,9.36,,Caleb Williams,QB,,449.p.40900,40900,Chi,yahoo_fantasy_api
2024,2,,9,api,malle_dips_pouches,Patty Primetimes,2024-W02-06,6,89.0,83.86,A.J. Brown,WR,BN,False,True,False,,0.0,,A.J. Brown,WR,,449.p.31883,31883,NE,yahoo_fantasy_api
2024,2,,10,api,malle_dips_pouches,Patty Primetimes,2024-W02-06,6,89.0,83.86,Brian Robinson,RB,BN,False,True,False,,14.1,,Brian Robinson,RB,,449.p.34054,34054,Atl,yahoo_fantasy_api
2024,2,,11,api,malle_dips_pouches,Patty Primetimes,2024-W02-06,6,89.0,83.86,Christian Watson,WR,BN,False,True,False,,0.0,,Christian Watson,WR,,449.p.33989,33989,GB,yahoo_fantasy_api
2024,2,,12,api,malle_dips_pouches,Patty Primetimes,2024-W02-06,6,89.0,83.86,Pat Freiermuth,TE,BN,False,True,False,,5.9,,Pat Freiermuth,TE,,449.p.33443,33443,Pit,yahoo_fantasy_api
2024,2,,13,api,malle_dips_pouches,Patty Primetimes,2024-W02-06,6,89.0,83.86,Josh Downs,WR,BN,False,True,False,,0.0,,Josh Downs,WR,,449.p.40126,40126,Ind,yahoo_fantasy_api
2024,2,,14,api,malle_dips_pouches,Patty Primetimes,2024-W02-06,6,89.0,83.86,Harrison Butker,K,K,True,False,False,,10.0,,Harrison Butker,K,,449.p.30346,30346,KC,yahoo_fantasy_api
2024,2,,15,api,malle_dips_pouches,Patty Primetimes,2024-W02-06,6,89.0,83.86,Steelers,DEF,DEF,True,False,False,,13.0,,Steelers,DEF,,449.p.100023,100023,Pit,yahoo_fantasy_api
2024,3,,1,api,Buttermilk Puuump,The Big Gronkowski,2024-W03-01,1,89.46,106.46,Jared Goff,QB,QB,True,False,False,,19.56,,Jared Goff,QB,,449.p.29235,29235,Det,yahoo_fantasy_api
2024,3,,2,api,Buttermilk Puuump,The Big Gronkowski,2024-W03-01,1,89.46,106.46,Tyreek Hill,WR,WR,True,False,False,,5.5,,Tyreek Hill,WR,,449.p.29399,29399,Mia,yahoo_fantasy_api
2024,3,,3,api,Buttermilk Puuump,The Big Gronkowski,2024-W03-01,1,89.46,106.46,Amon-Ra St. Brown,WR,WR,True,False,False,,17.0,,Amon-Ra St. Brown,WR,,449.p.33500,33500,Det,yahoo_fantasy_api
2024,3,,4,api,Buttermilk Puuump,The Big Gronkowski,2024-W03-01,1,89.46,106.46,Rachaad White,RB,RB,True,False,False,,6.0,,Rachaad White,RB,,449.p.34047,34047,Was,yahoo_fantasy_api
2024,3,,5,api,Buttermilk Puuump,The Big Gronkowski,2024-W03-01,1,89.46,106.46,Najee Harris,RB,RB,True,False,False,,11.1,,Najee Harris,RB,,449.p.33412,33412,NYG,yahoo_fantasy_api
2024,3,,6,api,Buttermilk Puuump,The Big Gronkowski,2024-W03-01,1,89.46,106.46,Colby Parkinson,TE,TE,True,False,False,,3.6,,Colby Parkinson,TE,,449.p.32803,32803,LAR,yahoo_fantasy_api
2024,3,,7,api,Buttermilk Puuump,The Big Gronkowski,2024-W03-01,1,89.46,106.46,Jerry Jeudy,WR,W/R/T,True,False,False,,6.7,,Jerry Jeudy,WR,,449.p.32685,32685,Cle,yahoo_fantasy_api
2024,3,,8,api,Buttermilk Puuump,The Big Gronkowski,2024-W03-01,1,89.46,106.46,Jordan Addison,WR,BN,False,True,False,,0.0,,Jordan Addison,WR,,449.p.40042,40042,Min,yahoo_fantasy_api
2024,3,,9,api,Buttermilk Puuump,The Big Gronkowski,2024-W03-01,1,89.46,106.46,David Njoku,TE,BN,False,True,False,,0.0,,David Njoku,TE,,449.p.30142,30142,LAC,yahoo_fantasy_api
2024,3,,10,api,Buttermilk Puuump,The Big Gronkowski,2024-W03-01,1,89.46,106.46,Raheem Mostert,RB,BN,False,True,False,,0.0,,Raheem Mostert,RB,,449.p.28654,28654,LV,yahoo_fantasy_api
2024,3,,11,api,Buttermilk Puuump,The Big Gronkowski,2024-W03-01,1,89.46,106.46,Keenan Allen,WR,BN,False,True,False,,0.0,,Keenan Allen,WR,,449.p.26699,26699,Ind,yahoo_fantasy_api
2024,3,,12,api,Buttermilk Puuump,The Big Gronkowski,2024-W03-01,1,89.46,106.46,Joshua Palmer,WR,BN,False,True,False,,0.0,,Joshua Palmer,WR,,449.p.33465,33465,Buf,yahoo_fantasy_api
2024,3,,13,api,Buttermilk Puuump,The Big Gronkowski,2024-W03-01,1,89.46,106.46,Aaron Rodgers,QB,BN,False,True,False,,25.04,,Aaron Rodgers,QB,,449.p.7200,7200,Pit,yahoo_fantasy_api
2024,3,,14,api,Buttermilk Puuump,The Big Gronkowski,2024-W03-01,1,89.46,106.46,Younghoe Koo,K,K,True,False,False,,7.0,,Younghoe Koo,K,,449.p.30426,30426,NYG,yahoo_fantasy_api
2024,3,,15,api,Buttermilk Puuump,The Big Gronkowski,2024-W03-01,1,89.46,106.46,Bills,DEF,DEF,True,False,False,,13.0,,Bills,DEF,,449.p.100002,100002,Buf,yahoo_fantasy_api
2024,3,,1,api,Ginger FC 🏆🏆,Post Mahomes,2024-W03-06,6,105.62,125.58,Kirk Cousins,QB,QB,True,False,False,,14.1,,Kirk Cousins,QB,,449.p.25812,25812,LV,yahoo_fantasy_api
2024,3,,2,api,Ginger FC 🏆🏆,Post Mahomes,2024-W03-06,6,105.62,125.58,Brandon Aiyuk,WR,WR,True,False,False,,7.3,,Brandon Aiyuk,WR,,449.p.32695,32695,SF,yahoo_fantasy_api
2024,3,,3,api,Ginger FC 🏆🏆,Post Mahomes,2024-W03-06,6,105.62,125.58,Amari Cooper,WR,WR,True,False,False,,24.1,,Amari Cooper,WR,,449.p.28392,28392,Buf,yahoo_fantasy_api
2024,3,,4,api,Ginger FC 🏆🏆,Post Mahomes,2024-W03-06,6,105.62,125.58,De'Von Achane,RB,RB,True,False,False,,7.3,,De'Von Achane,RB,,449.p.40118,40118,Mia,yahoo_fantasy_api
2024,3,,5,api,Ginger FC 🏆🏆,Post Mahomes,2024-W03-06,6,105.62,125.58,Alexander Mattison,RB,RB,True,False,False,,11.9,,Alexander Mattison,RB,,449.p.31934,31934,Mia,yahoo_fantasy_api
2024,3,,6,api,Ginger FC 🏆🏆,Post Mahomes,2024-W03-06,6,105.62,125.58,Dallas Goedert,TE,TE,True,False,False,,22.0,,Dallas Goedert,TE,,449.p.31019,31019,Phi,yahoo_fantasy_api
2024,3,,7,api,Ginger FC 🏆🏆,Post Mahomes,2024-W03-06,6,105.62,125.58,Stefon Diggs,WR,W/R/T,True,False,False,,14.92,,Stefon Diggs,WR,,449.p.28534,28534,Was,yahoo_fantasy_api
2024,3,,8,api,Ginger FC 🏆🏆,Post Mahomes,2024-W03-06,6,105.62,125.58,Deebo Samuel Sr.,WR,BN,False,True,False,,0.0,,Deebo Samuel Sr.,WR,,449.p.31868,31868,SF,yahoo_fantasy_api
2024,3,,9,api,Ginger FC 🏆🏆,Post Mahomes,2024-W03-06,6,105.62,125.58,Christian McCaffrey,RB,BN,False,True,False,,0.0,,Christian McCaffrey,RB,,449.p.30121,30121,SF,yahoo_fantasy_api
2024,3,,10,api,Ginger FC 🏆🏆,Post Mahomes,2024-W03-06,6,105.62,125.58,Jordan Love,QB,BN,False,True,False,,0.0,,Jordan Love,QB,,449.p.32696,32696,GB,yahoo_fantasy_api
2024,3,,11,api,Ginger FC 🏆🏆,Post Mahomes,2024-W03-06,6,105.62,125.58,Brian Thomas Jr.,WR,BN,False,True,False,,7.3,,Brian Thomas Jr.,WR,,449.p.40883,40883,Jax,yahoo_fantasy_api
2024,3,,12,api,Ginger FC 🏆🏆,Post Mahomes,2024-W03-06,6,105.62,125.58,Gabe Davis,WR,BN,False,True,False,,2.8,,Gabe Davis,WR,,449.p.32798,32798,Buf,yahoo_fantasy_api
2024,3,,13,api,Ginger FC 🏆🏆,Post Mahomes,2024-W03-06,6,105.62,125.58,Jaylen Wright,RB,BN,False,True,False,,1.7,,Jaylen Wright,RB,,449.p.41010,41010,Mia,yahoo_fantasy_api
2024,3,,14,api,Ginger FC 🏆🏆,Post Mahomes,2024-W03-06,6,105.62,125.58,Nick Chubb,RB,IR,False,False,True,,0.0,,Nick Chubb,RB,,449.p.31005,31005,Hou,yahoo_fantasy_api
2024,3,,15,api,Ginger FC 🏆🏆,Post Mahomes,2024-W03-06,6,105.62,125.58,Jake Elliott,K,K,True,False,False,,1.0,,Jake Elliott,K,,449.p.30266,30266,Phi,yahoo_fantasy_api
2024,3,,16,api,Ginger FC 🏆🏆,Post Mahomes,2024-W03-06,6,105.62,125.58,49ers,DEF,DEF,True,False,False,,3.0,,49ers,DEF,,449.p.100025,100025,SF,yahoo_fantasy_api
2024,3,,1,api,Joe Mantegna,malle_dips_pouches,2024-W03-04,4,113.36,86.72,Dak Prescott,QB,QB,True,False,False,,33.86,,Dak Prescott,QB,,449.p.29369,29369,Dal,yahoo_fantasy_api
2024,3,,2,api,Joe Mantegna,malle_dips_pouches,2024-W03-04,4,113.36,86.72,Garrett Wilson,WR,WR,True,False,False,,11.8,,Garrett Wilson,WR,,449.p.33965,33965,NYJ,yahoo_fantasy_api
2024,3,,3,api,Joe Mantegna,malle_dips_pouches,2024-W03-04,4,113.36,86.72,Nico Collins,WR,WR,True,False,False,,10.6,,Nico Collins,WR,,449.p.33477,33477,Hou,yahoo_fantasy_api
2024,3,,4,api,Joe Mantegna,malle_dips_pouches,2024-W03-04,4,113.36,86.72,Breece Hall,RB,RB,True,False,False,,16.3,,Breece Hall,RB,,449.p.33991,33991,NYJ,yahoo_fantasy_api
2024,3,,5,api,Joe Mantegna,malle_dips_pouches,2024-W03-04,4,113.36,86.72,James Cook III,RB,RB,True,False,False,,16.7,,James Cook III,RB,,449.p.34019,34019,Buf,yahoo_fantasy_api
2024,3,,6,api,Joe Mantegna,malle_dips_pouches,2024-W03-04,4,113.36,86.72,Hunter Henry,TE,TE,True,False,False,,1.9,,Hunter Henry,TE,,449.p.29269,29269,NE,yahoo_fantasy_api
2024,3,,7,api,Joe Mantegna,malle_dips_pouches,2024-W03-04,4,113.36,86.72,George Pickens,WR,W/R/T,True,False,False,,8.2,,George Pickens,WR,,449.p.34007,34007,Dal,yahoo_fantasy_api
2024,3,,8,api,Joe Mantegna,malle_dips_pouches,2024-W03-04,4,113.36,86.72,DeAndre Hopkins,WR,BN,False,True,False,,16.3,,DeAndre Hopkins,WR,,449.p.26650,26650,Bal,yahoo_fantasy_api
2024,3,,9,api,Joe Mantegna,malle_dips_pouches,2024-W03-04,4,113.36,86.72,Ty Chandler,RB,BN,False,True,False,,1.3,,Ty Chandler,RB,,449.p.34125,34125,NO,yahoo_fantasy_api
2024,3,,10,api,Joe Mantegna,malle_dips_pouches,2024-W03-04,4,113.36,86.72,Jakobi Meyers,WR,BN,False,True,False,,17.7,,Jakobi Meyers,WR,,449.p.32231,32231,Jax,yahoo_fantasy_api
2024,3,,11,api,Joe Mantegna,malle_dips_pouches,2024-W03-04,4,113.36,86.72,Bucky Irving,RB,BN,False,True,False,,9.9,,Bucky Irving,RB,,449.p.40993,40993,TB,yahoo_fantasy_api
2024,3,,12,api,Joe Mantegna,malle_dips_pouches,2024-W03-04,4,113.36,86.72,Demarcus Robinson,WR,BN,False,True,False,,3.7,,Demarcus Robinson,WR,,449.p.29360,29360,SF,yahoo_fantasy_api
2024,3,,13,api,Joe Mantegna,malle_dips_pouches,2024-W03-04,4,113.36,86.72,Jalen Tolbert,WR,BN,False,True,False,,11.7,,Jalen Tolbert,WR,,449.p.34044,34044,Mia,yahoo_fantasy_api
2024,3,,14,api,Joe Mantegna,malle_dips_pouches,2024-W03-04,4,113.36,86.72,Evan Engram,TE,IR,False,False,True,,0.0,,Evan Engram,TE,,449.p.30136,30136,Den,yahoo_fantasy_api
2024,3,,15,api,Joe Mantegna,malle_dips_pouches,2024-W03-04,4,113.36,86.72,Jason Sanders,K,K,True,False,False,,3.0,,Jason Sanders,K,,449.p.31199,31199,NYJ,yahoo_fantasy_api
2024,3,,16,api,Joe Mantegna,malle_dips_pouches,2024-W03-04,4,113.36,86.72,Colts,DEF,DEF,True,False,False,,11.0,,Colts,DEF,,449.p.100011,100011,Ind,yahoo_fantasy_api
2024,3,,1,api,Malle ❤️ 🐸,Patty Primetimes,2024-W03-02,2,115.74,83.98,Jalen Hurts,QB,QB,True,False,False,,11.94,,Jalen Hurts,QB,,449.p.32723,32723,Phi,yahoo_fantasy_api
2024,3,,2,api,Malle ❤️ 🐸,Patty Primetimes,2024-W03-02,2,115.74,83.98,Marvin Harrison Jr.,WR,WR,True,False,False,,14.9,,Marvin Harrison Jr.,WR,,449.p.40893,40893,Ari,yahoo_fantasy_api
2024,3,,3,api,Malle ❤️ 🐸,Patty Primetimes,2024-W03-02,2,115.74,83.98,Malik Nabers,WR,WR,True,False,False,,24.2,,Malik Nabers,WR,,449.p.40899,40899,NYG,yahoo_fantasy_api
2024,3,,4,api,Malle ❤️ 🐸,Patty Primetimes,2024-W03-02,2,115.74,83.98,Saquon Barkley,RB,RB,True,False,False,,31.6,,Saquon Barkley,RB,,449.p.30972,30972,Phi,yahoo_fantasy_api
2024,3,,5,api,Malle ❤️ 🐸,Patty Primetimes,2024-W03-02,2,115.74,83.98,Zamir White,RB,RB,True,False,False,,3.4,,Zamir White,RB,,449.p.34078,34078,NO,yahoo_fantasy_api
2024,3,,6,api,Malle ❤️ 🐸,Patty Primetimes,2024-W03-02,2,115.74,83.98,Cole Kmet,TE,TE,True,False,False,,20.7,,Cole Kmet,TE,,449.p.32713,32713,Chi,yahoo_fantasy_api
2024,3,,7,api,Malle ❤️ 🐸,Patty Primetimes,2024-W03-02,2,115.74,83.98,Rashid Shaheed,WR,W/R/T,True,False,False,,0.0,,Rashid Shaheed,WR,,449.p.34659,34659,Sea,yahoo_fantasy_api
2024,3,,8,api,Malle ❤️ 🐸,Patty Primetimes,2024-W03-02,2,115.74,83.98,George Kittle,TE,BN,False,True,False,,0.0,,George Kittle,TE,,449.p.30259,30259,SF,yahoo_fantasy_api
2024,3,,9,api,Malle ❤️ 🐸,Patty Primetimes,2024-W03-02,2,115.74,83.98,Adam Thielen,WR,BN,False,True,False,,11.5,,Adam Thielen,WR,,449.p.27277,27277,Pit,yahoo_fantasy_api
2024,3,,10,api,Malle ❤️ 🐸,Patty Primetimes,2024-W03-02,2,115.74,83.98,Brock Purdy,QB,BN,False,True,False,,31.78,,Brock Purdy,QB,,449.p.34218,34218,SF,yahoo_fantasy_api
2024,3,,11,api,Malle ❤️ 🐸,Patty Primetimes,2024-W03-02,2,115.74,83.98,Tyler Lockett,WR,BN,False,True,False,,7.1,,Tyler Lockett,WR,,449.p.28457,28457,LV,yahoo_fantasy_api
2024,3,,12,api,Malle ❤️ 🐸,Patty Primetimes,2024-W03-02,2,115.74,83.98,Jaleel McLaughlin,RB,BN,False,True,False,,7.9,,Jaleel McLaughlin,RB,,449.p.40696,40696,Cle,yahoo_fantasy_api
2024,3,,13,api,Malle ❤️ 🐸,Patty Primetimes,2024-W03-02,2,115.74,83.98,Justin Tucker,K,K,True,False,False,,4.0,,Justin Tucker,K,,449.p.26534,26534,Bal,yahoo_fantasy_api
2024,3,,14,api,Malle ❤️ 🐸,Patty Primetimes,2024-W03-02,2,115.74,83.98,Ravens,DEF,DEF,True,False,False,,5.0,,Ravens,DEF,,449.p.100033,100033,Bal,yahoo_fantasy_api
2024,3,,15,api,Malle ❤️ 🐸,Patty Primetimes,2024-W03-02,2,115.74,83.98,Vikings,DEF,BN,False,True,False,,13.0,,Vikings,DEF,,449.p.100016,100016,Min,yahoo_fantasy_api
2024,3,,1,api,Patty Primetimes,Malle ❤️ 🐸,2024-W03-02,2,83.98,115.74,Anthony Richardson Sr.,QB,QB,True,False,False,,7.08,,Anthony Richardson Sr.,QB,,449.p.40040,40040,Ind,yahoo_fantasy_api
2024,3,,2,api,Patty Primetimes,Malle ❤️ 🐸,2024-W03-02,2,83.98,115.74,CeeDee Lamb,WR,WR,True,False,False,,6.7,,CeeDee Lamb,WR,,449.p.32687,32687,Dal,yahoo_fantasy_api
2024,3,,3,api,Patty Primetimes,Malle ❤️ 🐸,2024-W03-02,2,83.98,115.74,Terry McLaurin,WR,WR,True,False,False,,18.0,,Terry McLaurin,WR,,449.p.31908,31908,Was,yahoo_fantasy_api
2024,3,,4,api,Patty Primetimes,Malle ❤️ 🐸,2024-W03-02,2,83.98,115.74,Aaron Jones Sr.,RB,RB,True,False,False,,23.3,,Aaron Jones Sr.,RB,,449.p.30295,30295,Min,yahoo_fantasy_api
2024,3,,5,api,Patty Primetimes,Malle ❤️ 🐸,2024-W03-02,2,83.98,115.74,Tony Pollard,RB,RB,True,False,False,,4.4,,Tony Pollard,RB,,449.p.31960,31960,Ten,yahoo_fantasy_api
2024,3,,6,api,Patty Primetimes,Malle ❤️ 🐸,2024-W03-02,2,83.98,115.74,Travis Kelce,TE,TE,True,False,False,,5.0,,Travis Kelce,TE,,449.p.26686,26686,KC,yahoo_fantasy_api
2024,3,,7,api,Patty Primetimes,Malle ❤️ 🐸,2024-W03-02,2,83.98,115.74,Samaje Perine,RB,W/R/T,True,False,False,,5.5,,Samaje Perine,RB,,449.p.30227,30227,Cin,yahoo_fantasy_api
2024,3,,8,api,Patty Primetimes,Malle ❤️ 🐸,2024-W03-02,2,83.98,115.74,Xavier Worthy,WR,BN,False,True,False,,4.0,,Xavier Worthy,WR,,449.p.40877,40877,KC,yahoo_fantasy_api
2024,3,,9,api,Patty Primetimes,Malle ❤️ 🐸,2024-W03-02,2,83.98,115.74,Cooper Kupp,WR,BN,False,True,False,,0.0,,Cooper Kupp,WR,,449.p.30182,30182,Sea,yahoo_fantasy_api
2024,3,,10,api,Patty Primetimes,Malle ❤️ 🐸,2024-W03-02,2,83.98,115.74,Jayden Daniels,QB,BN,False,True,False,,32.06,,Jayden Daniels,QB,,449.p.40896,40896,Was,yahoo_fantasy_api
2024,3,,11,api,Patty Primetimes,Malle ❤️ 🐸,2024-W03-02,2,83.98,115.74,Ladd McConkey,WR,BN,False,True,False,,5.9,,Ladd McConkey,WR,,449.p.40908,40908,LAC,yahoo_fantasy_api
2024,3,,12,api,Patty Primetimes,Malle ❤️ 🐸,2024-W03-02,2,83.98,115.74,Dalton Schultz,TE,BN,False,True,False,,2.1,,Dalton Schultz,TE,,449.p.31107,31107,Hou,yahoo_fantasy_api
2024,3,,13,api,Patty Primetimes,Malle ❤️ 🐸,2024-W03-02,2,83.98,115.74,Tank Bigsby,RB,BN,False,True,False,,0.9,,Tank Bigsby,RB,,449.p.40095,40095,Phi,yahoo_fantasy_api
2024,3,,14,api,Patty Primetimes,Malle ❤️ 🐸,2024-W03-02,2,83.98,115.74,Evan McPherson,K,K,True,False,False,,9.0,,Evan McPherson,K,,449.p.33537,33537,Cin,yahoo_fantasy_api
2024,3,,15,api,Patty Primetimes,Malle ❤️ 🐸,2024-W03-02,2,83.98,115.74,Bears,DEF,DEF,True,False,False,,5.0,,Bears,DEF,,449.p.100003,100003,Chi,yahoo_fantasy_api
2024,3,,1,api,Pop Lockett Drop it,Uncle Rico,2024-W03-05,5,68.5,120.08,C.J. Stroud,QB,QB,True,False,False,,13.8,,C.J. Stroud,QB,,449.p.40030,40030,Hou,yahoo_fantasy_api
2024,3,,2,api,Pop Lockett Drop it,Uncle Rico,2024-W03-05,5,68.5,120.08,Mike Evans,WR,WR,True,False,False,,2.7,,Mike Evans,WR,,449.p.27535,27535,SF,yahoo_fantasy_api
2024,3,,3,api,Pop Lockett Drop it,Uncle Rico,2024-W03-05,5,68.5,120.08,DeVonta Smith,WR,WR,True,False,False,,11.4,,DeVonta Smith,WR,,449.p.33398,33398,Phi,yahoo_fantasy_api
2024,3,,4,api,Pop Lockett Drop it,Uncle Rico,2024-W03-05,5,68.5,120.08,Bijan Robinson,RB,RB,True,False,False,,12.2,,Bijan Robinson,RB,,449.p.40055,40055,Atl,yahoo_fantasy_api
2024,3,,5,api,Pop Lockett Drop it,Uncle Rico,2024-W03-05,5,68.5,120.08,David Montgomery,RB,RB,True,False,False,,19.7,,David Montgomery,RB,,449.p.31905,31905,Hou,yahoo_fantasy_api
2024,3,,6,api,Pop Lockett Drop it,Uncle Rico,2024-W03-05,5,68.5,120.08,Trey McBride,TE,TE,True,False,False,,4.0,,Trey McBride,TE,,449.p.34010,34010,Ari,yahoo_fantasy_api
2024,3,,7,api,Pop Lockett Drop it,Uncle Rico,2024-W03-05,5,68.5,120.08,Jameson Williams,WR,W/R/T,True,False,False,,0.7,,Jameson Williams,WR,,449.p.33967,33967,Det,yahoo_fantasy_api
2024,3,,8,api,Pop Lockett Drop it,Uncle Rico,2024-W03-05,5,68.5,120.08,Jayden Reed,WR,BN,False,True,False,,8.9,,Jayden Reed,WR,,449.p.40063,40063,GB,yahoo_fantasy_api
2024,3,,9,api,Pop Lockett Drop it,Uncle Rico,2024-W03-05,5,68.5,120.08,Zack Moss,RB,BN,False,True,False,,18.2,,Zack Moss,RB,,449.p.32756,32756,Cin,yahoo_fantasy_api
2024,3,,10,api,Pop Lockett Drop it,Uncle Rico,2024-W03-05,5,68.5,120.08,Rico Dowdle,RB,BN,False,True,False,,7.1,,Rico Dowdle,RB,,449.p.33100,33100,Pit,yahoo_fantasy_api
2024,3,,11,api,Pop Lockett Drop it,Uncle Rico,2024-W03-05,5,68.5,120.08,Rome Odunze,WR,BN,False,True,False,,20.4,,Rome Odunze,WR,,449.p.40901,40901,Chi,yahoo_fantasy_api
2024,3,,12,api,Pop Lockett Drop it,Uncle Rico,2024-W03-05,5,68.5,120.08,Trevor Lawrence,QB,BN,False,True,False,,12.42,,Trevor Lawrence,QB,,449.p.33389,33389,Jax,yahoo_fantasy_api
2024,3,,13,api,Pop Lockett Drop it,Uncle Rico,2024-W03-05,5,68.5,120.08,Taysom Hill,"QB,TE",BN,False,True,False,,0.0,,Taysom Hill,"QB,TE",,449.p.30614,30614,NO,yahoo_fantasy_api
2024,3,,14,api,Pop Lockett Drop it,Uncle Rico,2024-W03-05,5,68.5,120.08,Ka'imi Fairbairn,K,K,True,False,False,,1.0,,Ka'imi Fairbairn,K,,449.p.29792,29792,Hou,yahoo_fantasy_api
2024,3,,15,api,Pop Lockett Drop it,Uncle Rico,2024-W03-05,5,68.5,120.08,Texans,DEF,DEF,True,False,False,,3.0,,Texans,DEF,,449.p.100034,100034,Hou,yahoo_fantasy_api
2024,3,,1,api,Post Mahomes,Ginger FC 🏆🏆,2024-W03-06,6,125.58,105.62,Lamar Jackson,QB,QB,True,False,False,,27.98,,Lamar Jackson,QB,,449.p.31002,31002,Bal,yahoo_fantasy_api
2024,3,,2,api,Post Mahomes,Ginger FC 🏆🏆,2024-W03-06,6,125.58,105.62,Rashee Rice,WR,WR,True,False,False,,23.1,,Rashee Rice,WR,,449.p.40084,40084,KC,yahoo_fantasy_api
2024,3,,3,api,Post Mahomes,Ginger FC 🏆🏆,2024-W03-06,6,125.58,105.62,Michael Pittman Jr.,WR,WR,True,False,False,,5.6,,Michael Pittman Jr.,WR,,449.p.32704,32704,Pit,yahoo_fantasy_api
2024,3,,4,api,Post Mahomes,Ginger FC 🏆🏆,2024-W03-06,6,125.58,105.62,Jahmyr Gibbs,RB,RB,True,False,False,,16.3,,Jahmyr Gibbs,RB,,449.p.40059,40059,Det,yahoo_fantasy_api
2024,3,,5,api,Post Mahomes,Ginger FC 🏆🏆,2024-W03-06,6,125.58,105.62,Kyren Williams,RB,RB,True,False,False,,30.6,,Kyren Williams,RB,,449.p.34120,34120,LAR,yahoo_fantasy_api
2024,3,,6,api,Post Mahomes,Ginger FC 🏆🏆,2024-W03-06,6,125.58,105.62,Brock Bowers,TE,TE,True,False,False,,5.6,,Brock Bowers,TE,,449.p.40878,40878,LV,yahoo_fantasy_api
2024,3,,7,api,Post Mahomes,Ginger FC 🏆🏆,2024-W03-06,6,125.58,105.62,Tee Higgins,WR,W/R/T,True,False,False,,5.4,,Tee Higgins,WR,,449.p.32703,32703,Cin,yahoo_fantasy_api
2024,3,,8,api,Post Mahomes,Ginger FC 🏆🏆,2024-W03-06,6,125.58,105.62,Carson Steele,RB,BN,False,True,False,,7.9,,Carson Steele,RB,,449.p.41464,41464,Phi,yahoo_fantasy_api
2024,3,,9,api,Post Mahomes,Ginger FC 🏆🏆,2024-W03-06,6,125.58,105.62,Isiah Pacheco,RB,BN,False,True,False,,0.0,,Isiah Pacheco,RB,,449.p.34207,34207,Det,yahoo_fantasy_api
2024,3,,10,api,Post Mahomes,Ginger FC 🏆🏆,2024-W03-06,6,125.58,105.62,Jaylen Warren,RB,BN,False,True,False,,0.6,,Jaylen Warren,RB,,449.p.34447,34447,Pit,yahoo_fantasy_api
2024,3,,11,api,Post Mahomes,Ginger FC 🏆🏆,2024-W03-06,6,125.58,105.62,Ezekiel Elliott,RB,BN,False,True,False,,1.7,,Ezekiel Elliott,RB,,449.p.29238,29238,Dal,yahoo_fantasy_api
2024,3,,12,api,Post Mahomes,Ginger FC 🏆🏆,2024-W03-06,6,125.58,105.62,Keon Coleman,WR,BN,False,True,False,,8.9,,Keon Coleman,WR,,449.p.40911,40911,Buf,yahoo_fantasy_api
2024,3,,13,api,Post Mahomes,Ginger FC 🏆🏆,2024-W03-06,6,125.58,105.62,Kareem Hunt,RB,BN,False,True,False,,0.0,,Kareem Hunt,RB,,449.p.30199,30199,KC,yahoo_fantasy_api
2024,3,,14,api,Post Mahomes,Ginger FC 🏆🏆,2024-W03-06,6,125.58,105.62,T.J. Hockenson,TE,IR,False,False,True,,0.0,,T.J. Hockenson,TE,,449.p.31840,31840,Min,yahoo_fantasy_api
2024,3,,15,api,Post Mahomes,Ginger FC 🏆🏆,2024-W03-06,6,125.58,105.62,Jake Moody,K,K,True,False,False,,6.0,,Jake Moody,K,,449.p.40129,40129,Bal,yahoo_fantasy_api
2024,3,,16,api,Post Mahomes,Ginger FC 🏆🏆,2024-W03-06,6,125.58,105.62,Chiefs,DEF,DEF,True,False,False,,5.0,,Chiefs,DEF,,449.p.100012,100012,KC,yahoo_fantasy_api
2024,3,,1,api,The Big Gronkowski,Buttermilk Puuump,2024-W03-01,1,106.46,89.46,Joe Burrow,QB,QB,True,False,False,,31.36,,Joe Burrow,QB,,449.p.32671,32671,Cin,yahoo_fantasy_api
2024,3,,2,api,The Big Gronkowski,Buttermilk Puuump,2024-W03-01,1,106.46,89.46,Justin Jefferson,WR,WR,True,False,False,,17.1,,Justin Jefferson,WR,,449.p.32692,32692,Min,yahoo_fantasy_api
2024,3,,3,api,The Big Gronkowski,Buttermilk Puuump,2024-W03-01,1,106.46,89.46,Chris Olave,WR,WR,True,False,False,,17.6,,Chris Olave,WR,,449.p.33966,33966,NO,yahoo_fantasy_api
2024,3,,4,api,The Big Gronkowski,Buttermilk Puuump,2024-W03-01,1,106.46,89.46,Alvin Kamara,RB,RB,True,False,False,,14.2,,Alvin Kamara,RB,,449.p.30180,30180,NO,yahoo_fantasy_api
2024,3,,5,api,The Big Gronkowski,Buttermilk Puuump,2024-W03-01,1,106.46,89.46,Javonte Williams,RB,RB,True,False,False,,4.1,,Javonte Williams,RB,,449.p.33423,33423,Dal,yahoo_fantasy_api
2024,3,,6,api,The Big Gronkowski,Buttermilk Puuump,2024-W03-01,1,106.46,89.46,Isaiah Likely,TE,TE,True,False,False,,0.9,,Isaiah Likely,TE,,449.p.34095,34095,NYG,yahoo_fantasy_api
2024,3,,7,api,The Big Gronkowski,Buttermilk Puuump,2024-W03-01,1,106.46,89.46,DJ Moore,WR,W/R/T,True,False,False,,11.2,,DJ Moore,WR,,449.p.30994,30994,Buf,yahoo_fantasy_api
2024,3,,8,api,The Big Gronkowski,Buttermilk Puuump,2024-W03-01,1,106.46,89.46,Matthew Stafford,QB,BN,False,True,False,,14.84,,Matthew Stafford,QB,,449.p.9265,9265,LAR,yahoo_fantasy_api
2024,3,,9,api,The Big Gronkowski,Buttermilk Puuump,2024-W03-01,1,106.46,89.46,Jake Ferguson,TE,BN,False,True,False,,12.5,,Jake Ferguson,TE,,449.p.34085,34085,Dal,yahoo_fantasy_api
2024,3,,10,api,The Big Gronkowski,Buttermilk Puuump,2024-W03-01,1,106.46,89.46,Jaxon Smith-Njigba,WR,BN,False,True,False,,5.4,,Jaxon Smith-Njigba,WR,,449.p.40041,40041,Sea,yahoo_fantasy_api
2024,3,,11,api,The Big Gronkowski,Buttermilk Puuump,2024-W03-01,1,106.46,89.46,Gus Edwards,RB,BN,False,True,False,,0.9,,Gus Edwards,RB,,449.p.31424,31424,LAC,yahoo_fantasy_api
2024,3,,12,api,The Big Gronkowski,Buttermilk Puuump,2024-W03-01,1,106.46,89.46,Adonai Mitchell,WR,BN,False,True,False,,0.0,,Adonai Mitchell,WR,,449.p.40915,40915,NYJ,yahoo_fantasy_api
2024,3,,13,api,The Big Gronkowski,Buttermilk Puuump,2024-W03-01,1,106.46,89.46,MarShawn Lloyd,RB,BN,False,True,False,,0.0,,MarShawn Lloyd,RB,,449.p.40971,40971,GB,yahoo_fantasy_api
2024,3,,14,api,The Big Gronkowski,Buttermilk Puuump,2024-W03-01,1,106.46,89.46,Brandon Aubrey,K,K,True,False,False,,11.0,,Brandon Aubrey,K,,449.p.40819,40819,Dal,yahoo_fantasy_api
2024,3,,15,api,The Big Gronkowski,Buttermilk Puuump,2024-W03-01,1,106.46,89.46,Cowboys,DEF,DEF,True,False,False,,-1.0,,Cowboys,DEF,,449.p.100006,100006,Dal,yahoo_fantasy_api
2024,3,,1,api,ThreatLevelMidnight,Voldemort,2024-W03-03,3,87.58,133.52,Kyler Murray,QB,QB,True,False,False,,17.78,,Kyler Murray,QB,,449.p.31833,31833,Min,yahoo_fantasy_api
2024,3,,2,api,ThreatLevelMidnight,Voldemort,2024-W03-03,3,87.58,133.52,Ja'Marr Chase,WR,WR,True,False,False,,26.8,,Ja'Marr Chase,WR,,449.p.33393,33393,Cin,yahoo_fantasy_api
2024,3,,3,api,ThreatLevelMidnight,Voldemort,2024-W03-03,3,87.58,133.52,Chris Godwin Jr.,WR,WR,True,False,False,,14.3,,Chris Godwin Jr.,WR,,449.p.30197,30197,TB,yahoo_fantasy_api
2024,3,,4,api,ThreatLevelMidnight,Voldemort,2024-W03-03,3,87.58,133.52,Josh Jacobs,RB,RB,True,False,False,,5.3,,Josh Jacobs,RB,,449.p.31856,31856,GB,yahoo_fantasy_api
2024,3,,5,api,ThreatLevelMidnight,Voldemort,2024-W03-03,3,87.58,133.52,Jordan Mason,RB,RB,True,False,False,,9.8,,Jordan Mason,RB,,449.p.34320,34320,Min,yahoo_fantasy_api
2024,3,,6,api,ThreatLevelMidnight,Voldemort,2024-W03-03,3,87.58,133.52,Sam LaPorta,TE,TE,True,False,False,,4.6,,Sam LaPorta,TE,,449.p.40064,40064,Det,yahoo_fantasy_api
2024,3,,7,api,ThreatLevelMidnight,Voldemort,2024-W03-03,3,87.58,133.52,James Conner,RB,W/R/T,True,False,False,,3.0,,James Conner,RB,,449.p.30218,30218,Ari,yahoo_fantasy_api
2024,3,,8,api,ThreatLevelMidnight,Voldemort,2024-W03-03,3,87.58,133.52,DK Metcalf,WR,BN,False,True,False,,18.4,,DK Metcalf,WR,,449.p.31896,31896,Pit,yahoo_fantasy_api
2024,3,,9,api,ThreatLevelMidnight,Voldemort,2024-W03-03,3,87.58,133.52,Jerome Ford,RB,BN,False,True,False,,8.5,,Jerome Ford,RB,,449.p.34112,34112,Min,yahoo_fantasy_api
2024,3,,10,api,ThreatLevelMidnight,Voldemort,2024-W03-03,3,87.58,133.52,Christian Kirk,WR,BN,False,True,False,,11.9,,Christian Kirk,WR,,449.p.31017,31017,SF,yahoo_fantasy_api
2024,3,,11,api,ThreatLevelMidnight,Voldemort,2024-W03-03,3,87.58,133.52,Trey Benson,RB,BN,False,True,False,,0.8,,Trey Benson,RB,,449.p.40958,40958,Ari,yahoo_fantasy_api
2024,3,,12,api,ThreatLevelMidnight,Voldemort,2024-W03-03,3,87.58,133.52,Baker Mayfield,QB,BN,False,True,False,,11.52,,Baker Mayfield,QB,,449.p.30971,30971,TB,yahoo_fantasy_api
2024,3,,13,api,ThreatLevelMidnight,Voldemort,2024-W03-03,3,87.58,133.52,Quentin Johnston,WR,BN,False,True,False,,11.4,,Quentin Johnston,WR,,449.p.40051,40051,LAC,yahoo_fantasy_api
2024,3,,14,api,ThreatLevelMidnight,Voldemort,2024-W03-03,3,87.58,133.52,Keaton Mitchell,RB,IR,False,False,True,,0.0,,Keaton Mitchell,RB,,449.p.40641,40641,LAC,yahoo_fantasy_api
2024,3,,15,api,ThreatLevelMidnight,Voldemort,2024-W03-03,3,87.58,133.52,Cameron Dicker,K,K,True,False,False,,4.0,,Cameron Dicker,K,,449.p.34344,34344,LAC,yahoo_fantasy_api
2024,3,,16,api,ThreatLevelMidnight,Voldemort,2024-W03-03,3,87.58,133.52,Buccaneers,DEF,DEF,True,False,False,,2.0,,Buccaneers,DEF,,449.p.100027,100027,TB,yahoo_fantasy_api
2024,3,,1,api,Uncle Rico,Pop Lockett Drop it,2024-W03-05,5,120.08,68.5,Patrick Mahomes,QB,QB,True,False,False,,21.38,,Patrick Mahomes,QB,,449.p.30123,30123,KC,yahoo_fantasy_api
2024,3,,2,api,Uncle Rico,Pop Lockett Drop it,2024-W03-05,5,120.08,68.5,Davante Adams,WR,WR,True,False,False,,6.0,,Davante Adams,WR,,449.p.27581,27581,LAR,yahoo_fantasy_api
2024,3,,3,api,Uncle Rico,Pop Lockett Drop it,2024-W03-05,5,120.08,68.5,Zay Flowers,WR,WR,True,False,False,,3.8,,Zay Flowers,WR,,449.p.40039,40039,Bal,yahoo_fantasy_api
2024,3,,4,api,Uncle Rico,Pop Lockett Drop it,2024-W03-05,5,120.08,68.5,Derrick Henry,RB,RB,True,False,False,,29.9,,Derrick Henry,RB,,449.p.29279,29279,Bal,yahoo_fantasy_api
2024,3,,5,api,Uncle Rico,Pop Lockett Drop it,2024-W03-05,5,120.08,68.5,Zach Charbonnet,RB,RB,True,False,False,,24.2,,Zach Charbonnet,RB,,449.p.40075,40075,Sea,yahoo_fantasy_api
2024,3,,6,api,Uncle Rico,Pop Lockett Drop it,2024-W03-05,5,120.08,68.5,Mark Andrews,TE,TE,True,False,False,,0.0,,Mark Andrews,TE,,449.p.31056,31056,Bal,yahoo_fantasy_api
2024,3,,7,api,Uncle Rico,Pop Lockett Drop it,2024-W03-05,5,120.08,68.5,Devin Singletary,RB,W/R/T,True,False,False,,16.8,,Devin Singletary,RB,,449.p.31906,31906,NYG,yahoo_fantasy_api
2024,3,,8,api,Uncle Rico,Pop Lockett Drop it,2024-W03-05,5,120.08,68.5,D'Andre Swift,RB,BN,False,True,False,,5.2,,D'Andre Swift,RB,,449.p.32705,32705,Chi,yahoo_fantasy_api
2024,3,,9,api,Uncle Rico,Pop Lockett Drop it,2024-W03-05,5,120.08,68.5,Austin Ekeler,RB,BN,False,True,False,,12.7,,Austin Ekeler,RB,,449.p.30423,30423,Was,yahoo_fantasy_api
2024,3,,10,api,Uncle Rico,Pop Lockett Drop it,2024-W03-05,5,120.08,68.5,Jonathon Brooks,RB,BN,False,True,False,,0.0,,Jonathon Brooks,RB,,449.p.40926,40926,Car,yahoo_fantasy_api
2024,3,,11,api,Uncle Rico,Pop Lockett Drop it,2024-W03-05,5,120.08,68.5,Tank Dell,WR,BN,False,True,False,,8.7,,Tank Dell,WR,,449.p.40097,40097,Hou,yahoo_fantasy_api
2024,3,,12,api,Uncle Rico,Pop Lockett Drop it,2024-W03-05,5,120.08,68.5,Romeo Doubs,WR,BN,False,True,False,,2.3,,Romeo Doubs,WR,,449.p.34088,34088,NE,yahoo_fantasy_api
2024,3,,13,api,Uncle Rico,Pop Lockett Drop it,2024-W03-05,5,120.08,68.5,Brandin Cooks,WR,BN,False,True,False,,2.6,,Brandin Cooks,WR,,449.p.27548,27548,SF,yahoo_fantasy_api
2024,3,,14,api,Uncle Rico,Pop Lockett Drop it,2024-W03-05,5,120.08,68.5,Tyler Bass,K,K,True,False,False,,12.0,,Tyler Bass,K,,449.p.32858,32858,Buf,yahoo_fantasy_api
2024,3,,15,api,Uncle Rico,Pop Lockett Drop it,2024-W03-05,5,120.08,68.5,Browns,DEF,DEF,True,False,False,,6.0,,Browns,DEF,,449.p.100005,100005,Cle,yahoo_fantasy_api
2024,3,,1,api,Voldemort,ThreatLevelMidnight,2024-W03-03,3,133.52,87.58,Josh Allen,QB,QB,True,False,False,,38.92,,Josh Allen,QB,,449.p.30977,30977,Buf,yahoo_fantasy_api
2024,3,,2,api,Voldemort,ThreatLevelMidnight,2024-W03-03,3,133.52,87.58,Calvin Ridley,WR,WR,True,False,False,,1.4,,Calvin Ridley,WR,,449.p.30996,30996,Ten,yahoo_fantasy_api
2024,3,,3,api,Voldemort,ThreatLevelMidnight,2024-W03-03,3,133.52,87.58,Khalil Shakir,WR,WR,True,False,False,,16.2,,Khalil Shakir,WR,,449.p.34104,34104,Buf,yahoo_fantasy_api
2024,3,,4,api,Voldemort,ThreatLevelMidnight,2024-W03-03,3,133.52,87.58,Jonathan Taylor,RB,RB,True,False,False,,26.0,,Jonathan Taylor,RB,,449.p.32711,32711,Ind,yahoo_fantasy_api
2024,3,,5,api,Voldemort,ThreatLevelMidnight,2024-W03-03,3,133.52,87.58,Travis Etienne Jr.,RB,RB,True,False,False,,10.5,,Travis Etienne Jr.,RB,,449.p.33413,33413,NO,yahoo_fantasy_api
2024,3,,6,api,Voldemort,ThreatLevelMidnight,2024-W03-03,3,133.52,87.58,Dalton Kincaid,TE,TE,True,False,False,,11.6,,Dalton Kincaid,TE,,449.p.40048,40048,Buf,yahoo_fantasy_api
2024,3,,7,api,Voldemort,ThreatLevelMidnight,2024-W03-03,3,133.52,87.58,J.K. Dobbins,RB,W/R/T,True,False,False,,6.9,,J.K. Dobbins,RB,,449.p.32725,32725,Den,yahoo_fantasy_api
2024,3,,8,api,Voldemort,ThreatLevelMidnight,2024-W03-03,3,133.52,87.58,Kenneth Walker III,RB,BN,False,True,False,,0.0,,Kenneth Walker III,RB,,449.p.33996,33996,KC,yahoo_fantasy_api
2024,3,,9,api,Voldemort,ThreatLevelMidnight,2024-W03-03,3,133.52,87.58,Diontae Johnson,WR,BN,False,True,False,,22.2,,Diontae Johnson,WR,,449.p.31898,31898,Cle,yahoo_fantasy_api
2024,3,,10,api,Voldemort,ThreatLevelMidnight,2024-W03-03,3,133.52,87.58,Chase Brown,RB,BN,False,True,False,,7.9,,Chase Brown,RB,,449.p.40196,40196,Cin,yahoo_fantasy_api
2024,3,,11,api,Voldemort,ThreatLevelMidnight,2024-W03-03,3,133.52,87.58,Chuba Hubbard,RB,BN,False,True,False,,25.4,,Chuba Hubbard,RB,,449.p.33514,33514,Car,yahoo_fantasy_api
2024,3,,12,api,Voldemort,ThreatLevelMidnight,2024-W03-03,3,133.52,87.58,Alec Pierce,WR,BN,False,True,False,,4.9,,Alec Pierce,WR,,449.p.34008,34008,Ind,yahoo_fantasy_api
2024,3,,13,api,Voldemort,ThreatLevelMidnight,2024-W03-03,3,133.52,87.58,Tyler Johnson,WR,BN,False,True,False,,3.5,,Tyler Johnson,WR,,449.p.32831,32831,NYJ,yahoo_fantasy_api
2024,3,,14,api,Voldemort,ThreatLevelMidnight,2024-W03-03,3,133.52,87.58,Puka Nacua,WR,IR,False,False,True,,0.0,,Puka Nacua,WR,,449.p.40168,40168,LAR,yahoo_fantasy_api
2024,3,,15,api,Voldemort,ThreatLevelMidnight,2024-W03-03,3,133.52,87.58,Cairo Santos,K,K,True,False,False,,6.0,,Cairo Santos,K,,449.p.28227,28227,Chi,yahoo_fantasy_api
2024,3,,16,api,Voldemort,ThreatLevelMidnight,2024-W03-03,3,133.52,87.58,Jets,DEF,DEF,True,False,False,,16.0,,Jets,DEF,,449.p.100020,100020,NYJ,yahoo_fantasy_api
2024,3,,1,api,malle_dips_pouches,Joe Mantegna,2024-W03-04,4,86.72,113.36,Caleb Williams,QB,QB,True,False,False,,23.32,,Caleb Williams,QB,,449.p.40900,40900,Chi,yahoo_fantasy_api
2024,3,,2,api,malle_dips_pouches,Joe Mantegna,2024-W03-04,4,86.72,113.36,Jaylen Waddle,WR,WR,True,False,False,,4.6,,Jaylen Waddle,WR,,449.p.33394,33394,Den,yahoo_fantasy_api
2024,3,,3,api,malle_dips_pouches,Joe Mantegna,2024-W03-04,4,86.72,113.36,Drake London,WR,WR,True,False,False,,15.7,,Drake London,WR,,449.p.33963,33963,Atl,yahoo_fantasy_api
2024,3,,4,api,malle_dips_pouches,Joe Mantegna,2024-W03-04,4,86.72,113.36,Rhamondre Stevenson,RB,RB,True,False,False,,0.3,,Rhamondre Stevenson,RB,,449.p.33508,33508,NE,yahoo_fantasy_api
2024,3,,5,api,malle_dips_pouches,Joe Mantegna,2024-W03-04,4,86.72,113.36,Brian Robinson,RB,RB,True,False,False,,10.2,,Brian Robinson,RB,,449.p.34054,34054,Atl,yahoo_fantasy_api
2024,3,,6,api,malle_dips_pouches,Joe Mantegna,2024-W03-04,4,86.72,113.36,Kyle Pitts Sr.,TE,TE,True,False,False,,6.9,,Kyle Pitts Sr.,TE,,449.p.33392,33392,Atl,yahoo_fantasy_api
2024,3,,7,api,malle_dips_pouches,Joe Mantegna,2024-W03-04,4,86.72,113.36,Josh Downs,WR,W/R/T,True,False,False,,3.7,,Josh Downs,WR,,449.p.40126,40126,Ind,yahoo_fantasy_api
2024,3,,8,api,malle_dips_pouches,Joe Mantegna,2024-W03-04,4,86.72,113.36,Courtland Sutton,WR,BN,False,True,False,,10.3,,Courtland Sutton,WR,,449.p.31010,31010,Den,yahoo_fantasy_api
2024,3,,9,api,malle_dips_pouches,Joe Mantegna,2024-W03-04,4,86.72,113.36,Justin Herbert,QB,BN,False,True,False,,11.0,,Justin Herbert,QB,,449.p.32676,32676,LAC,yahoo_fantasy_api
2024,3,,10,api,malle_dips_pouches,Joe Mantegna,2024-W03-04,4,86.72,113.36,Joe Mixon,RB,BN,False,True,False,,0.0,,Joe Mixon,RB,,449.p.30161,30161,Hou,yahoo_fantasy_api
2024,3,,11,api,malle_dips_pouches,Joe Mantegna,2024-W03-04,4,86.72,113.36,A.J. Brown,WR,BN,False,True,False,,0.0,,A.J. Brown,WR,,449.p.31883,31883,NE,yahoo_fantasy_api
2024,3,,12,api,malle_dips_pouches,Joe Mantegna,2024-W03-04,4,86.72,113.36,Christian Watson,WR,BN,False,True,False,,7.7,,Christian Watson,WR,,449.p.33989,33989,GB,yahoo_fantasy_api
2024,3,,13,api,malle_dips_pouches,Joe Mantegna,2024-W03-04,4,86.72,113.36,Pat Freiermuth,TE,BN,False,True,False,,5.3,,Pat Freiermuth,TE,,449.p.33443,33443,Pit,yahoo_fantasy_api
2024,3,,14,api,malle_dips_pouches,Joe Mantegna,2024-W03-04,4,86.72,113.36,Harrison Butker,K,K,True,False,False,,13.0,,Harrison Butker,K,,449.p.30346,30346,KC,yahoo_fantasy_api
2024,3,,15,api,malle_dips_pouches,Joe Mantegna,2024-W03-04,4,86.72,113.36,Steelers,DEF,DEF,True,False,False,,9.0,,Steelers,DEF,,449.p.100023,100023,Pit,yahoo_fantasy_api
2024,4,,1,api,Buttermilk Puuump,Post Mahomes,2024-W04-06,6,120.36,97.04,Jared Goff,QB,QB,True,False,False,,30.68,,Jared Goff,QB,,449.p.29235,29235,Det,yahoo_fantasy_api
2024,4,,2,api,Buttermilk Puuump,Post Mahomes,2024-W04-06,6,120.36,97.04,Tyreek Hill,WR,WR,True,False,False,,6.2,,Tyreek Hill,WR,,449.p.29399,29399,Mia,yahoo_fantasy_api
2024,4,,3,api,Buttermilk Puuump,Post Mahomes,2024-W04-06,6,120.36,97.04,Amon-Ra St. Brown,WR,WR,True,False,False,,19.78,,Amon-Ra St. Brown,WR,,449.p.33500,33500,Det,yahoo_fantasy_api
2024,4,,4,api,Buttermilk Puuump,Post Mahomes,2024-W04-06,6,120.36,97.04,Najee Harris,RB,RB,True,False,False,,8.8,,Najee Harris,RB,,449.p.33412,33412,NYG,yahoo_fantasy_api
2024,4,,5,api,Buttermilk Puuump,Post Mahomes,2024-W04-06,6,120.36,97.04,Tyjae Spears,RB,RB,True,False,False,,10.9,,Tyjae Spears,RB,,449.p.40119,40119,Ten,yahoo_fantasy_api
2024,4,,6,api,Buttermilk Puuump,Post Mahomes,2024-W04-06,6,120.36,97.04,Noah Fant,TE,TE,True,False,False,,3.6,,Noah Fant,TE,,449.p.31852,31852,NO,yahoo_fantasy_api
2024,4,,7,api,Buttermilk Puuump,Post Mahomes,2024-W04-06,6,120.36,97.04,Jordan Addison,WR,W/R/T,True,False,False,,21.4,,Jordan Addison,WR,,449.p.40042,40042,Min,yahoo_fantasy_api
2024,4,,8,api,Buttermilk Puuump,Post Mahomes,2024-W04-06,6,120.36,97.04,Raheem Mostert,RB,BN,False,True,False,,0.0,,Raheem Mostert,RB,,449.p.28654,28654,LV,yahoo_fantasy_api
2024,4,,9,api,Buttermilk Puuump,Post Mahomes,2024-W04-06,6,120.36,97.04,Jerry Jeudy,WR,BN,False,True,False,,10.2,,Jerry Jeudy,WR,,449.p.32685,32685,Cle,yahoo_fantasy_api
2024,4,,10,api,Buttermilk Puuump,Post Mahomes,2024-W04-06,6,120.36,97.04,Colby Parkinson,TE,BN,False,True,False,,5.3,,Colby Parkinson,TE,,449.p.32803,32803,LAR,yahoo_fantasy_api
2024,4,,11,api,Buttermilk Puuump,Post Mahomes,2024-W04-06,6,120.36,97.04,Rachaad White,RB,BN,False,True,False,,9.4,,Rachaad White,RB,,449.p.34047,34047,Was,yahoo_fantasy_api
2024,4,,12,api,Buttermilk Puuump,Post Mahomes,2024-W04-06,6,120.36,97.04,Keenan Allen,WR,BN,False,True,False,,3.4,,Keenan Allen,WR,,449.p.26699,26699,Ind,yahoo_fantasy_api
2024,4,,13,api,Buttermilk Puuump,Post Mahomes,2024-W04-06,6,120.36,97.04,Aaron Rodgers,QB,BN,False,True,False,,11.6,,Aaron Rodgers,QB,,449.p.7200,7200,Pit,yahoo_fantasy_api
2024,4,,14,api,Buttermilk Puuump,Post Mahomes,2024-W04-06,6,120.36,97.04,David Njoku,TE,IR,False,False,True,,0.0,,David Njoku,TE,,449.p.30142,30142,LAC,yahoo_fantasy_api
2024,4,,15,api,Buttermilk Puuump,Post Mahomes,2024-W04-06,6,120.36,97.04,Younghoe Koo,K,K,True,False,False,,20.0,,Younghoe Koo,K,,449.p.30426,30426,NYG,yahoo_fantasy_api
2024,4,,16,api,Buttermilk Puuump,Post Mahomes,2024-W04-06,6,120.36,97.04,Bills,DEF,DEF,True,False,False,,-1.0,,Bills,DEF,,449.p.100002,100002,Buf,yahoo_fantasy_api
2024,4,,1,api,Ginger FC 🏆🏆,Voldemort,2024-W04-03,3,110.56,98.4,Jordan Love,QB,QB,True,False,False,,39.16,,Jordan Love,QB,,449.p.32696,32696,GB,yahoo_fantasy_api
2024,4,,2,api,Ginger FC 🏆🏆,Voldemort,2024-W04-03,3,110.56,98.4,Brandon Aiyuk,WR,WR,True,False,False,,5.8,,Brandon Aiyuk,WR,,449.p.32695,32695,SF,yahoo_fantasy_api
2024,4,,3,api,Ginger FC 🏆🏆,Voldemort,2024-W04-03,3,110.56,98.4,Amari Cooper,WR,WR,True,False,False,,5.5,,Amari Cooper,WR,,449.p.28392,28392,Buf,yahoo_fantasy_api
2024,4,,4,api,Ginger FC 🏆🏆,Voldemort,2024-W04-03,3,110.56,98.4,De'Von Achane,RB,RB,True,False,False,,4.4,,De'Von Achane,RB,,449.p.40118,40118,Mia,yahoo_fantasy_api
2024,4,,5,api,Ginger FC 🏆🏆,Voldemort,2024-W04-03,3,110.56,98.4,Alexander Mattison,RB,RB,True,False,False,,6.0,,Alexander Mattison,RB,,449.p.31934,31934,Mia,yahoo_fantasy_api
2024,4,,6,api,Ginger FC 🏆🏆,Voldemort,2024-W04-03,3,110.56,98.4,Dallas Goedert,TE,TE,True,False,False,,9.7,,Dallas Goedert,TE,,449.p.31019,31019,Phi,yahoo_fantasy_api
2024,4,,7,api,Ginger FC 🏆🏆,Voldemort,2024-W04-03,3,110.56,98.4,Stefon Diggs,WR,W/R/T,True,False,False,,16.0,,Stefon Diggs,WR,,449.p.28534,28534,Was,yahoo_fantasy_api
2024,4,,8,api,Ginger FC 🏆🏆,Voldemort,2024-W04-03,3,110.56,98.4,Kirk Cousins,QB,BN,False,True,False,,8.52,,Kirk Cousins,QB,,449.p.25812,25812,LV,yahoo_fantasy_api
2024,4,,9,api,Ginger FC 🏆🏆,Voldemort,2024-W04-03,3,110.56,98.4,Deebo Samuel Sr.,WR,BN,False,True,False,,8.7,,Deebo Samuel Sr.,WR,,449.p.31868,31868,SF,yahoo_fantasy_api
2024,4,,10,api,Ginger FC 🏆🏆,Voldemort,2024-W04-03,3,110.56,98.4,Christian McCaffrey,RB,BN,False,True,False,,0.0,,Christian McCaffrey,RB,,449.p.30121,30121,SF,yahoo_fantasy_api
2024,4,,11,api,Ginger FC 🏆🏆,Voldemort,2024-W04-03,3,110.56,98.4,Brian Thomas Jr.,WR,BN,False,True,False,,18.9,,Brian Thomas Jr.,WR,,449.p.40883,40883,Jax,yahoo_fantasy_api
2024,4,,12,api,Ginger FC 🏆🏆,Voldemort,2024-W04-03,3,110.56,98.4,Gabe Davis,WR,BN,False,True,False,,0.3,,Gabe Davis,WR,,449.p.32798,32798,Buf,yahoo_fantasy_api
2024,4,,13,api,Ginger FC 🏆🏆,Voldemort,2024-W04-03,3,110.56,98.4,Jaylen Wright,RB,BN,False,True,False,,3.2,,Jaylen Wright,RB,,449.p.41010,41010,Mia,yahoo_fantasy_api
2024,4,,14,api,Ginger FC 🏆🏆,Voldemort,2024-W04-03,3,110.56,98.4,Nick Chubb,RB,IR,False,False,True,,0.0,,Nick Chubb,RB,,449.p.31005,31005,Hou,yahoo_fantasy_api
2024,4,,15,api,Ginger FC 🏆🏆,Voldemort,2024-W04-03,3,110.56,98.4,Jake Elliott,K,K,True,False,False,,2.0,,Jake Elliott,K,,449.p.30266,30266,Phi,yahoo_fantasy_api
2024,4,,16,api,Ginger FC 🏆🏆,Voldemort,2024-W04-03,3,110.56,98.4,49ers,DEF,DEF,True,False,False,,22.0,,49ers,DEF,,449.p.100025,100025,SF,yahoo_fantasy_api
2024,4,,1,api,Joe Mantegna,ThreatLevelMidnight,2024-W04-04,4,92.54,103.78,Dak Prescott,QB,QB,True,False,False,,20.74,,Dak Prescott,QB,,449.p.29369,29369,Dal,yahoo_fantasy_api
2024,4,,2,api,Joe Mantegna,ThreatLevelMidnight,2024-W04-04,4,92.54,103.78,Garrett Wilson,WR,WR,True,False,False,,4.6,,Garrett Wilson,WR,,449.p.33965,33965,NYJ,yahoo_fantasy_api
2024,4,,3,api,Joe Mantegna,ThreatLevelMidnight,2024-W04-04,4,92.54,103.78,Nico Collins,WR,WR,True,False,False,,27.1,,Nico Collins,WR,,449.p.33477,33477,Hou,yahoo_fantasy_api
2024,4,,4,api,Joe Mantegna,ThreatLevelMidnight,2024-W04-04,4,92.54,103.78,Breece Hall,RB,RB,True,False,False,,2.8,,Breece Hall,RB,,449.p.33991,33991,NYJ,yahoo_fantasy_api
2024,4,,5,api,Joe Mantegna,ThreatLevelMidnight,2024-W04-04,4,92.54,103.78,James Cook III,RB,RB,True,False,False,,5.3,,James Cook III,RB,,449.p.34019,34019,Buf,yahoo_fantasy_api
2024,4,,6,api,Joe Mantegna,ThreatLevelMidnight,2024-W04-04,4,92.54,103.78,Hunter Henry,TE,TE,True,False,False,,2.2,,Hunter Henry,TE,,449.p.29269,29269,NE,yahoo_fantasy_api
2024,4,,7,api,Joe Mantegna,ThreatLevelMidnight,2024-W04-04,4,92.54,103.78,George Pickens,WR,W/R/T,True,False,False,,12.8,,George Pickens,WR,,449.p.34007,34007,Dal,yahoo_fantasy_api
2024,4,,8,api,Joe Mantegna,ThreatLevelMidnight,2024-W04-04,4,92.54,103.78,DeAndre Hopkins,WR,BN,False,True,False,,4.1,,DeAndre Hopkins,WR,,449.p.26650,26650,Bal,yahoo_fantasy_api
2024,4,,9,api,Joe Mantegna,ThreatLevelMidnight,2024-W04-04,4,92.54,103.78,Ty Chandler,RB,BN,False,True,False,,1.8,,Ty Chandler,RB,,449.p.34125,34125,NO,yahoo_fantasy_api
2024,4,,10,api,Joe Mantegna,ThreatLevelMidnight,2024-W04-04,4,92.54,103.78,Jakobi Meyers,WR,BN,False,True,False,,7.4,,Jakobi Meyers,WR,,449.p.32231,32231,Jax,yahoo_fantasy_api
2024,4,,11,api,Joe Mantegna,ThreatLevelMidnight,2024-W04-04,4,92.54,103.78,Bucky Irving,RB,BN,False,True,False,,12.0,,Bucky Irving,RB,,449.p.40993,40993,TB,yahoo_fantasy_api
2024,4,,12,api,Joe Mantegna,ThreatLevelMidnight,2024-W04-04,4,92.54,103.78,Demarcus Robinson,WR,BN,False,True,False,,4.7,,Demarcus Robinson,WR,,449.p.29360,29360,SF,yahoo_fantasy_api
2024,4,,13,api,Joe Mantegna,ThreatLevelMidnight,2024-W04-04,4,92.54,103.78,Jalen Tolbert,WR,BN,False,True,False,,3.9,,Jalen Tolbert,WR,,449.p.34044,34044,Mia,yahoo_fantasy_api
2024,4,,14,api,Joe Mantegna,ThreatLevelMidnight,2024-W04-04,4,92.54,103.78,Evan Engram,TE,IR,False,False,True,,0.0,,Evan Engram,TE,,449.p.30136,30136,Den,yahoo_fantasy_api
2024,4,,15,api,Joe Mantegna,ThreatLevelMidnight,2024-W04-04,4,92.54,103.78,Jason Sanders,K,K,True,False,False,,9.0,,Jason Sanders,K,,449.p.31199,31199,NYJ,yahoo_fantasy_api
2024,4,,16,api,Joe Mantegna,ThreatLevelMidnight,2024-W04-04,4,92.54,103.78,Colts,DEF,DEF,True,False,False,,8.0,,Colts,DEF,,449.p.100011,100011,Ind,yahoo_fantasy_api
2024,4,,1,api,Malle ❤️ 🐸,malle_dips_pouches,2024-W04-02,2,96.82,68.38,Jalen Hurts,QB,QB,True,False,False,,18.32,,Jalen Hurts,QB,,449.p.32723,32723,Phi,yahoo_fantasy_api
2024,4,,2,api,Malle ❤️ 🐸,malle_dips_pouches,2024-W04-02,2,96.82,68.38,Malik Nabers,WR,WR,True,False,False,,17.1,,Malik Nabers,WR,,449.p.40899,40899,NYG,yahoo_fantasy_api
2024,4,,3,api,Malle ❤️ 🐸,malle_dips_pouches,2024-W04-02,2,96.82,68.38,Tyler Lockett,WR,WR,True,False,False,,8.6,,Tyler Lockett,WR,,449.p.28457,28457,LV,yahoo_fantasy_api
2024,4,,4,api,Malle ❤️ 🐸,malle_dips_pouches,2024-W04-02,2,96.82,68.38,Saquon Barkley,RB,RB,True,False,False,,12.6,,Saquon Barkley,RB,,449.p.30972,30972,Phi,yahoo_fantasy_api
2024,4,,5,api,Malle ❤️ 🐸,malle_dips_pouches,2024-W04-02,2,96.82,68.38,Zamir White,RB,RB,True,False,False,,3.0,,Zamir White,RB,,449.p.34078,34078,NO,yahoo_fantasy_api
2024,4,,6,api,Malle ❤️ 🐸,malle_dips_pouches,2024-W04-02,2,96.82,68.38,George Kittle,TE,TE,True,False,False,,12.5,,George Kittle,TE,,449.p.30259,30259,SF,yahoo_fantasy_api
2024,4,,7,api,Malle ❤️ 🐸,malle_dips_pouches,2024-W04-02,2,96.82,68.38,Rashid Shaheed,WR,W/R/T,True,False,False,,11.7,,Rashid Shaheed,WR,,449.p.34659,34659,Sea,yahoo_fantasy_api
2024,4,,8,api,Malle ❤️ 🐸,malle_dips_pouches,2024-W04-02,2,96.82,68.38,Cole Kmet,TE,BN,False,True,False,,4.9,,Cole Kmet,TE,,449.p.32713,32713,Chi,yahoo_fantasy_api
2024,4,,9,api,Malle ❤️ 🐸,malle_dips_pouches,2024-W04-02,2,96.82,68.38,Marvin Harrison Jr.,WR,BN,False,True,False,,13.0,,Marvin Harrison Jr.,WR,,449.p.40893,40893,Ari,yahoo_fantasy_api
2024,4,,10,api,Malle ❤️ 🐸,malle_dips_pouches,2024-W04-02,2,96.82,68.38,Adam Thielen,WR,BN,False,True,False,,0.0,,Adam Thielen,WR,,449.p.27277,27277,Pit,yahoo_fantasy_api
2024,4,,11,api,Malle ❤️ 🐸,malle_dips_pouches,2024-W04-02,2,96.82,68.38,Brock Purdy,QB,BN,False,True,False,,17.62,,Brock Purdy,QB,,449.p.34218,34218,SF,yahoo_fantasy_api
2024,4,,12,api,Malle ❤️ 🐸,malle_dips_pouches,2024-W04-02,2,96.82,68.38,Jaleel McLaughlin,RB,BN,False,True,False,,5.1,,Jaleel McLaughlin,RB,,449.p.40696,40696,Cle,yahoo_fantasy_api
2024,4,,13,api,Malle ❤️ 🐸,malle_dips_pouches,2024-W04-02,2,96.82,68.38,Justin Tucker,K,K,True,False,False,,5.0,,Justin Tucker,K,,449.p.26534,26534,Bal,yahoo_fantasy_api
2024,4,,14,api,Malle ❤️ 🐸,malle_dips_pouches,2024-W04-02,2,96.82,68.38,Vikings,DEF,DEF,True,False,False,,8.0,,Vikings,DEF,,449.p.100016,100016,Min,yahoo_fantasy_api
2024,4,,15,api,Malle ❤️ 🐸,malle_dips_pouches,2024-W04-02,2,96.82,68.38,Ravens,DEF,BN,False,True,False,,9.0,,Ravens,DEF,,449.p.100033,100033,Bal,yahoo_fantasy_api
2024,4,,1,api,Patty Primetimes,Pop Lockett Drop it,2024-W04-05,5,143.72,117.0,Jayden Daniels,QB,QB,True,False,False,,27.02,,Jayden Daniels,QB,,449.p.40896,40896,Was,yahoo_fantasy_api
2024,4,,2,api,Patty Primetimes,Pop Lockett Drop it,2024-W04-05,5,143.72,117.0,CeeDee Lamb,WR,WR,True,False,False,,20.1,,CeeDee Lamb,WR,,449.p.32687,32687,Dal,yahoo_fantasy_api
2024,4,,3,api,Patty Primetimes,Pop Lockett Drop it,2024-W04-05,5,143.72,117.0,Terry McLaurin,WR,WR,True,False,False,,14.7,,Terry McLaurin,WR,,449.p.31908,31908,Was,yahoo_fantasy_api
2024,4,,4,api,Patty Primetimes,Pop Lockett Drop it,2024-W04-05,5,143.72,117.0,Aaron Jones Sr.,RB,RB,True,False,False,,15.9,,Aaron Jones Sr.,RB,,449.p.30295,30295,Min,yahoo_fantasy_api
2024,4,,5,api,Patty Primetimes,Pop Lockett Drop it,2024-W04-05,5,143.72,117.0,Tony Pollard,RB,RB,True,False,False,,17.8,,Tony Pollard,RB,,449.p.31960,31960,Ten,yahoo_fantasy_api
2024,4,,6,api,Patty Primetimes,Pop Lockett Drop it,2024-W04-05,5,143.72,117.0,Travis Kelce,TE,TE,True,False,False,,12.4,,Travis Kelce,TE,,449.p.26686,26686,KC,yahoo_fantasy_api
2024,4,,7,api,Patty Primetimes,Pop Lockett Drop it,2024-W04-05,5,143.72,117.0,Xavier Worthy,WR,W/R/T,True,False,False,,14.8,,Xavier Worthy,WR,,449.p.40877,40877,KC,yahoo_fantasy_api
2024,4,,8,api,Patty Primetimes,Pop Lockett Drop it,2024-W04-05,5,143.72,117.0,Ladd McConkey,WR,BN,False,True,False,,15.2,,Ladd McConkey,WR,,449.p.40908,40908,LAC,yahoo_fantasy_api
2024,4,,9,api,Patty Primetimes,Pop Lockett Drop it,2024-W04-05,5,143.72,117.0,Samaje Perine,RB,BN,False,True,False,,7.4,,Samaje Perine,RB,,449.p.30227,30227,Cin,yahoo_fantasy_api
2024,4,,10,api,Patty Primetimes,Pop Lockett Drop it,2024-W04-05,5,143.72,117.0,Anthony Richardson Sr.,QB,BN,False,True,False,,5.24,,Anthony Richardson Sr.,QB,,449.p.40040,40040,Ind,yahoo_fantasy_api
2024,4,,11,api,Patty Primetimes,Pop Lockett Drop it,2024-W04-05,5,143.72,117.0,Cooper Kupp,WR,BN,False,True,False,,0.0,,Cooper Kupp,WR,,449.p.30182,30182,Sea,yahoo_fantasy_api
2024,4,,12,api,Patty Primetimes,Pop Lockett Drop it,2024-W04-05,5,143.72,117.0,Dalton Schultz,TE,BN,False,True,False,,4.9,,Dalton Schultz,TE,,449.p.31107,31107,Hou,yahoo_fantasy_api
2024,4,,13,api,Patty Primetimes,Pop Lockett Drop it,2024-W04-05,5,143.72,117.0,Tank Bigsby,RB,BN,False,True,False,,9.0,,Tank Bigsby,RB,,449.p.40095,40095,Phi,yahoo_fantasy_api
2024,4,,14,api,Patty Primetimes,Pop Lockett Drop it,2024-W04-05,5,143.72,117.0,Evan McPherson,K,K,True,False,False,,13.0,,Evan McPherson,K,,449.p.33537,33537,Cin,yahoo_fantasy_api
2024,4,,15,api,Patty Primetimes,Pop Lockett Drop it,2024-W04-05,5,143.72,117.0,Bears,DEF,DEF,True,False,False,,8.0,,Bears,DEF,,449.p.100003,100003,Chi,yahoo_fantasy_api
2024,4,,1,api,Pop Lockett Drop it,Patty Primetimes,2024-W04-05,5,117.0,143.72,C.J. Stroud,QB,QB,True,False,False,,27.5,,C.J. Stroud,QB,,449.p.40030,40030,Hou,yahoo_fantasy_api
2024,4,,2,api,Pop Lockett Drop it,Patty Primetimes,2024-W04-05,5,117.0,143.72,Mike Evans,WR,WR,True,False,False,,19.4,,Mike Evans,WR,,449.p.27535,27535,SF,yahoo_fantasy_api
2024,4,,3,api,Pop Lockett Drop it,Patty Primetimes,2024-W04-05,5,117.0,143.72,Jayden Reed,WR,WR,True,False,False,,23.6,,Jayden Reed,WR,,449.p.40063,40063,GB,yahoo_fantasy_api
2024,4,,4,api,Pop Lockett Drop it,Patty Primetimes,2024-W04-05,5,117.0,143.72,Bijan Robinson,RB,RB,True,False,False,,9.4,,Bijan Robinson,RB,,449.p.40055,40055,Atl,yahoo_fantasy_api
2024,4,,5,api,Pop Lockett Drop it,Patty Primetimes,2024-W04-05,5,117.0,143.72,David Montgomery,RB,RB,True,False,False,,14.5,,David Montgomery,RB,,449.p.31905,31905,Hou,yahoo_fantasy_api
2024,4,,6,api,Pop Lockett Drop it,Patty Primetimes,2024-W04-05,5,117.0,143.72,Mike Gesicki,TE,TE,True,False,False,,-0.4,,Mike Gesicki,TE,,449.p.31012,31012,Cin,yahoo_fantasy_api
2024,4,,7,api,Pop Lockett Drop it,Patty Primetimes,2024-W04-05,5,117.0,143.72,Jameson Williams,WR,W/R/T,True,False,False,,15.0,,Jameson Williams,WR,,449.p.33967,33967,Det,yahoo_fantasy_api
2024,4,,8,api,Pop Lockett Drop it,Patty Primetimes,2024-W04-05,5,117.0,143.72,Trey McBride,TE,BN,False,True,False,,0.0,,Trey McBride,TE,,449.p.34010,34010,Ari,yahoo_fantasy_api
2024,4,,9,api,Pop Lockett Drop it,Patty Primetimes,2024-W04-05,5,117.0,143.72,DeVonta Smith,WR,BN,False,True,False,,0.0,,DeVonta Smith,WR,,449.p.33398,33398,Phi,yahoo_fantasy_api
2024,4,,10,api,Pop Lockett Drop it,Patty Primetimes,2024-W04-05,5,117.0,143.72,Zack Moss,RB,BN,False,True,False,,15.8,,Zack Moss,RB,,449.p.32756,32756,Cin,yahoo_fantasy_api
2024,4,,11,api,Pop Lockett Drop it,Patty Primetimes,2024-W04-05,5,117.0,143.72,Rico Dowdle,RB,BN,False,True,False,,12.6,,Rico Dowdle,RB,,449.p.33100,33100,Pit,yahoo_fantasy_api
2024,4,,12,api,Pop Lockett Drop it,Patty Primetimes,2024-W04-05,5,117.0,143.72,Rome Odunze,WR,BN,False,True,False,,1.5,,Rome Odunze,WR,,449.p.40901,40901,Chi,yahoo_fantasy_api
2024,4,,13,api,Pop Lockett Drop it,Patty Primetimes,2024-W04-05,5,117.0,143.72,Trevor Lawrence,QB,BN,False,True,False,,18.76,,Trevor Lawrence,QB,,449.p.33389,33389,Jax,yahoo_fantasy_api
2024,4,,14,api,Pop Lockett Drop it,Patty Primetimes,2024-W04-05,5,117.0,143.72,Ka'imi Fairbairn,K,K,True,False,False,,6.0,,Ka'imi Fairbairn,K,,449.p.29792,29792,Hou,yahoo_fantasy_api
2024,4,,15,api,Pop Lockett Drop it,Patty Primetimes,2024-W04-05,5,117.0,143.72,Texans,DEF,DEF,True,False,False,,2.0,,Texans,DEF,,449.p.100034,100034,Hou,yahoo_fantasy_api
2024,4,,1,api,Post Mahomes,Buttermilk Puuump,2024-W04-06,6,97.04,120.36,Lamar Jackson,QB,QB,True,False,False,,27.64,,Lamar Jackson,QB,,449.p.31002,31002,Bal,yahoo_fantasy_api
2024,4,,2,api,Post Mahomes,Buttermilk Puuump,2024-W04-06,6,97.04,120.36,Tee Higgins,WR,WR,True,False,False,,9.0,,Tee Higgins,WR,,449.p.32703,32703,Cin,yahoo_fantasy_api
2024,4,,3,api,Post Mahomes,Buttermilk Puuump,2024-W04-06,6,97.04,120.36,Rashee Rice,WR,WR,True,False,False,,0.0,,Rashee Rice,WR,,449.p.40084,40084,KC,yahoo_fantasy_api
2024,4,,4,api,Post Mahomes,Buttermilk Puuump,2024-W04-06,6,97.04,120.36,Jahmyr Gibbs,RB,RB,True,False,False,,19.8,,Jahmyr Gibbs,RB,,449.p.40059,40059,Det,yahoo_fantasy_api
2024,4,,5,api,Post Mahomes,Buttermilk Puuump,2024-W04-06,6,97.04,120.36,Kyren Williams,RB,RB,True,False,False,,18.4,,Kyren Williams,RB,,449.p.34120,34120,LAR,yahoo_fantasy_api
2024,4,,6,api,Post Mahomes,Buttermilk Puuump,2024-W04-06,6,97.04,120.36,Brock Bowers,TE,TE,True,False,False,,4.1,,Brock Bowers,TE,,449.p.40878,40878,LV,yahoo_fantasy_api
2024,4,,7,api,Post Mahomes,Buttermilk Puuump,2024-W04-06,6,97.04,120.36,Carson Steele,RB,W/R/T,True,False,False,,-0.9,,Carson Steele,RB,,449.p.41464,41464,Phi,yahoo_fantasy_api
2024,4,,8,api,Post Mahomes,Buttermilk Puuump,2024-W04-06,6,97.04,120.36,Michael Pittman Jr.,WR,BN,False,True,False,,14.3,,Michael Pittman Jr.,WR,,449.p.32704,32704,Pit,yahoo_fantasy_api
2024,4,,9,api,Post Mahomes,Buttermilk Puuump,2024-W04-06,6,97.04,120.36,Isiah Pacheco,RB,BN,False,True,False,,0.0,,Isiah Pacheco,RB,,449.p.34207,34207,Det,yahoo_fantasy_api
2024,4,,10,api,Post Mahomes,Buttermilk Puuump,2024-W04-06,6,97.04,120.36,Keon Coleman,WR,BN,False,True,False,,6.6,,Keon Coleman,WR,,449.p.40911,40911,Buf,yahoo_fantasy_api
2024,4,,11,api,Post Mahomes,Buttermilk Puuump,2024-W04-06,6,97.04,120.36,Kareem Hunt,RB,BN,False,True,False,,9.5,,Kareem Hunt,RB,,449.p.30199,30199,KC,yahoo_fantasy_api
2024,4,,12,api,Post Mahomes,Buttermilk Puuump,2024-W04-06,6,97.04,120.36,Braelon Allen,RB,BN,False,True,False,,5.1,,Braelon Allen,RB,,449.p.40981,40981,NYJ,yahoo_fantasy_api
2024,4,,13,api,Post Mahomes,Buttermilk Puuump,2024-W04-06,6,97.04,120.36,Darnell Mooney,WR,BN,False,True,False,,7.1,,Darnell Mooney,WR,,449.p.32843,32843,NYG,yahoo_fantasy_api
2024,4,,14,api,Post Mahomes,Buttermilk Puuump,2024-W04-06,6,97.04,120.36,T.J. Hockenson,TE,IR,False,False,True,,0.0,,T.J. Hockenson,TE,,449.p.31840,31840,Min,yahoo_fantasy_api
2024,4,,15,api,Post Mahomes,Buttermilk Puuump,2024-W04-06,6,97.04,120.36,Jake Moody,K,K,True,False,False,,13.0,,Jake Moody,K,,449.p.40129,40129,Bal,yahoo_fantasy_api
2024,4,,16,api,Post Mahomes,Buttermilk Puuump,2024-W04-06,6,97.04,120.36,Chiefs,DEF,DEF,True,False,False,,6.0,,Chiefs,DEF,,449.p.100012,100012,KC,yahoo_fantasy_api
2024,4,,1,api,The Big Gronkowski,Uncle Rico,2024-W04-01,1,114.98,91.4,Joe Burrow,QB,QB,True,False,False,,21.28,,Joe Burrow,QB,,449.p.32671,32671,Cin,yahoo_fantasy_api
2024,4,,2,api,The Big Gronkowski,Uncle Rico,2024-W04-01,1,114.98,91.4,Justin Jefferson,WR,WR,True,False,False,,17.5,,Justin Jefferson,WR,,449.p.32692,32692,Min,yahoo_fantasy_api
2024,4,,3,api,The Big Gronkowski,Uncle Rico,2024-W04-01,1,114.98,91.4,Chris Olave,WR,WR,True,False,False,,12.7,,Chris Olave,WR,,449.p.33966,33966,NO,yahoo_fantasy_api
2024,4,,4,api,The Big Gronkowski,Uncle Rico,2024-W04-01,1,114.98,91.4,Alvin Kamara,RB,RB,True,False,False,,21.4,,Alvin Kamara,RB,,449.p.30180,30180,NO,yahoo_fantasy_api
2024,4,,5,api,The Big Gronkowski,Uncle Rico,2024-W04-01,1,114.98,91.4,Javonte Williams,RB,RB,True,False,False,,9.0,,Javonte Williams,RB,,449.p.33423,33423,Dal,yahoo_fantasy_api
2024,4,,6,api,The Big Gronkowski,Uncle Rico,2024-W04-01,1,114.98,91.4,Jake Ferguson,TE,TE,True,False,False,,8.4,,Jake Ferguson,TE,,449.p.34085,34085,Dal,yahoo_fantasy_api
2024,4,,7,api,The Big Gronkowski,Uncle Rico,2024-W04-01,1,114.98,91.4,DJ Moore,WR,W/R/T,True,False,False,,9.7,,DJ Moore,WR,,449.p.30994,30994,Buf,yahoo_fantasy_api
2024,4,,8,api,The Big Gronkowski,Uncle Rico,2024-W04-01,1,114.98,91.4,Isaiah Likely,TE,BN,False,True,False,,3.1,,Isaiah Likely,TE,,449.p.34095,34095,NYG,yahoo_fantasy_api
2024,4,,9,api,The Big Gronkowski,Uncle Rico,2024-W04-01,1,114.98,91.4,Matthew Stafford,QB,BN,False,True,False,,5.86,,Matthew Stafford,QB,,449.p.9265,9265,LAR,yahoo_fantasy_api
2024,4,,10,api,The Big Gronkowski,Uncle Rico,2024-W04-01,1,114.98,91.4,Jaxon Smith-Njigba,WR,BN,False,True,False,,9.1,,Jaxon Smith-Njigba,WR,,449.p.40041,40041,Sea,yahoo_fantasy_api
2024,4,,11,api,The Big Gronkowski,Uncle Rico,2024-W04-01,1,114.98,91.4,Gus Edwards,RB,BN,False,True,False,,1.9,,Gus Edwards,RB,,449.p.31424,31424,LAC,yahoo_fantasy_api
2024,4,,12,api,The Big Gronkowski,Uncle Rico,2024-W04-01,1,114.98,91.4,Adonai Mitchell,WR,BN,False,True,False,,1.0,,Adonai Mitchell,WR,,449.p.40915,40915,NYJ,yahoo_fantasy_api
2024,4,,13,api,The Big Gronkowski,Uncle Rico,2024-W04-01,1,114.98,91.4,MarShawn Lloyd,RB,BN,False,True,False,,0.0,,MarShawn Lloyd,RB,,449.p.40971,40971,GB,yahoo_fantasy_api
2024,4,,14,api,The Big Gronkowski,Uncle Rico,2024-W04-01,1,114.98,91.4,Brandon Aubrey,K,K,True,False,False,,11.0,,Brandon Aubrey,K,,449.p.40819,40819,Dal,yahoo_fantasy_api
2024,4,,15,api,The Big Gronkowski,Uncle Rico,2024-W04-01,1,114.98,91.4,Cowboys,DEF,DEF,True,False,False,,4.0,,Cowboys,DEF,,449.p.100006,100006,Dal,yahoo_fantasy_api
2024,4,,1,api,ThreatLevelMidnight,Joe Mantegna,2024-W04-04,4,103.78,92.54,Kyler Murray,QB,QB,True,False,False,,11.98,,Kyler Murray,QB,,449.p.31833,31833,Min,yahoo_fantasy_api
2024,4,,2,api,ThreatLevelMidnight,Joe Mantegna,2024-W04-04,4,103.78,92.54,Ja'Marr Chase,WR,WR,True,False,False,,16.0,,Ja'Marr Chase,WR,,449.p.33393,33393,Cin,yahoo_fantasy_api
2024,4,,3,api,ThreatLevelMidnight,Joe Mantegna,2024-W04-04,4,103.78,92.54,Chris Godwin Jr.,WR,WR,True,False,False,,9.9,,Chris Godwin Jr.,WR,,449.p.30197,30197,TB,yahoo_fantasy_api
2024,4,,4,api,ThreatLevelMidnight,Joe Mantegna,2024-W04-04,4,103.78,92.54,Josh Jacobs,RB,RB,True,False,False,,9.8,,Josh Jacobs,RB,,449.p.31856,31856,GB,yahoo_fantasy_api
2024,4,,5,api,ThreatLevelMidnight,Joe Mantegna,2024-W04-04,4,103.78,92.54,Jordan Mason,RB,RB,True,False,False,,23.0,,Jordan Mason,RB,,449.p.34320,34320,Min,yahoo_fantasy_api
2024,4,,6,api,ThreatLevelMidnight,Joe Mantegna,2024-W04-04,4,103.78,92.54,Sam LaPorta,TE,TE,True,False,False,,7.3,,Sam LaPorta,TE,,449.p.40064,40064,Det,yahoo_fantasy_api
2024,4,,7,api,ThreatLevelMidnight,Joe Mantegna,2024-W04-04,4,103.78,92.54,James Conner,RB,W/R/T,True,False,False,,17.8,,James Conner,RB,,449.p.30218,30218,Ari,yahoo_fantasy_api
2024,4,,8,api,ThreatLevelMidnight,Joe Mantegna,2024-W04-04,4,103.78,92.54,DK Metcalf,WR,BN,False,True,False,,11.9,,DK Metcalf,WR,,449.p.31896,31896,Pit,yahoo_fantasy_api
2024,4,,9,api,ThreatLevelMidnight,Joe Mantegna,2024-W04-04,4,103.78,92.54,Jerome Ford,RB,BN,False,True,False,,12.0,,Jerome Ford,RB,,449.p.34112,34112,Min,yahoo_fantasy_api
2024,4,,10,api,ThreatLevelMidnight,Joe Mantegna,2024-W04-04,4,103.78,92.54,Christian Kirk,WR,BN,False,True,False,,15.6,,Christian Kirk,WR,,449.p.31017,31017,SF,yahoo_fantasy_api
2024,4,,11,api,ThreatLevelMidnight,Joe Mantegna,2024-W04-04,4,103.78,92.54,Trey Benson,RB,BN,False,True,False,,5.0,,Trey Benson,RB,,449.p.40958,40958,Ari,yahoo_fantasy_api
2024,4,,12,api,ThreatLevelMidnight,Joe Mantegna,2024-W04-04,4,103.78,92.54,Baker Mayfield,QB,BN,False,True,False,,32.88,,Baker Mayfield,QB,,449.p.30971,30971,TB,yahoo_fantasy_api
2024,4,,13,api,ThreatLevelMidnight,Joe Mantegna,2024-W04-04,4,103.78,92.54,Quentin Johnston,WR,BN,False,True,False,,1.8,,Quentin Johnston,WR,,449.p.40051,40051,LAC,yahoo_fantasy_api
2024,4,,14,api,ThreatLevelMidnight,Joe Mantegna,2024-W04-04,4,103.78,92.54,Keaton Mitchell,RB,IR,False,False,True,,0.0,,Keaton Mitchell,RB,,449.p.40641,40641,LAC,yahoo_fantasy_api
2024,4,,15,api,ThreatLevelMidnight,Joe Mantegna,2024-W04-04,4,103.78,92.54,Cameron Dicker,K,K,True,False,False,,6.0,,Cameron Dicker,K,,449.p.34344,34344,LAC,yahoo_fantasy_api
2024,4,,16,api,ThreatLevelMidnight,Joe Mantegna,2024-W04-04,4,103.78,92.54,Dolphins,DEF,DEF,True,False,False,,2.0,,Dolphins,DEF,,449.p.100015,100015,Mia,yahoo_fantasy_api
2024,4,,1,api,Uncle Rico,The Big Gronkowski,2024-W04-01,1,91.4,114.98,Patrick Mahomes,QB,QB,True,False,False,,16.0,,Patrick Mahomes,QB,,449.p.30123,30123,KC,yahoo_fantasy_api
2024,4,,2,api,Uncle Rico,The Big Gronkowski,2024-W04-01,1,91.4,114.98,Zay Flowers,WR,WR,True,False,False,,1.5,,Zay Flowers,WR,,449.p.40039,40039,Bal,yahoo_fantasy_api
2024,4,,3,api,Uncle Rico,The Big Gronkowski,2024-W04-01,1,91.4,114.98,Jauan Jennings,WR,WR,True,False,False,,10.3,,Jauan Jennings,WR,,449.p.32887,32887,Min,yahoo_fantasy_api
2024,4,,4,api,Uncle Rico,The Big Gronkowski,2024-W04-01,1,91.4,114.98,Derrick Henry,RB,RB,True,False,False,,34.4,,Derrick Henry,RB,,449.p.29279,29279,Bal,yahoo_fantasy_api
2024,4,,5,api,Uncle Rico,The Big Gronkowski,2024-W04-01,1,91.4,114.98,Zach Charbonnet,RB,RB,True,False,False,,7.9,,Zach Charbonnet,RB,,449.p.40075,40075,Sea,yahoo_fantasy_api
2024,4,,6,api,Uncle Rico,The Big Gronkowski,2024-W04-01,1,91.4,114.98,Mark Andrews,TE,TE,True,False,False,,0.0,,Mark Andrews,TE,,449.p.31056,31056,Bal,yahoo_fantasy_api
2024,4,,7,api,Uncle Rico,The Big Gronkowski,2024-W04-01,1,91.4,114.98,Devin Singletary,RB,W/R/T,True,False,False,,4.3,,Devin Singletary,RB,,449.p.31906,31906,NYG,yahoo_fantasy_api
2024,4,,8,api,Uncle Rico,The Big Gronkowski,2024-W04-01,1,91.4,114.98,Davante Adams,WR,BN,False,True,False,,0.0,,Davante Adams,WR,,449.p.27581,27581,LAR,yahoo_fantasy_api
2024,4,,9,api,Uncle Rico,The Big Gronkowski,2024-W04-01,1,91.4,114.98,D'Andre Swift,RB,BN,False,True,False,,26.0,,D'Andre Swift,RB,,449.p.32705,32705,Chi,yahoo_fantasy_api
2024,4,,10,api,Uncle Rico,The Big Gronkowski,2024-W04-01,1,91.4,114.98,Austin Ekeler,RB,BN,False,True,False,,0.0,,Austin Ekeler,RB,,449.p.30423,30423,Was,yahoo_fantasy_api
2024,4,,11,api,Uncle Rico,The Big Gronkowski,2024-W04-01,1,91.4,114.98,Tank Dell,WR,BN,False,True,False,,0.0,,Tank Dell,WR,,449.p.40097,40097,Hou,yahoo_fantasy_api
2024,4,,12,api,Uncle Rico,The Big Gronkowski,2024-W04-01,1,91.4,114.98,Romeo Doubs,WR,BN,False,True,False,,5.9,,Romeo Doubs,WR,,449.p.34088,34088,NE,yahoo_fantasy_api
2024,4,,13,api,Uncle Rico,The Big Gronkowski,2024-W04-01,1,91.4,114.98,Brandin Cooks,WR,BN,False,True,False,,2.1,,Brandin Cooks,WR,,449.p.27548,27548,SF,yahoo_fantasy_api
2024,4,,14,api,Uncle Rico,The Big Gronkowski,2024-W04-01,1,91.4,114.98,Jonathon Brooks,RB,IR,False,False,True,,0.0,,Jonathon Brooks,RB,,449.p.40926,40926,Car,yahoo_fantasy_api
2024,4,,15,api,Uncle Rico,The Big Gronkowski,2024-W04-01,1,91.4,114.98,Tyler Bass,K,K,True,False,False,,6.0,,Tyler Bass,K,,449.p.32858,32858,Buf,yahoo_fantasy_api
2024,4,,16,api,Uncle Rico,The Big Gronkowski,2024-W04-01,1,91.4,114.98,Browns,DEF,DEF,True,False,False,,11.0,,Browns,DEF,,449.p.100005,100005,Cle,yahoo_fantasy_api
2024,4,,1,api,Voldemort,Ginger FC 🏆🏆,2024-W04-03,3,98.4,110.56,Josh Allen,QB,QB,True,False,False,,7.3,,Josh Allen,QB,,449.p.30977,30977,Buf,yahoo_fantasy_api
2024,4,,2,api,Voldemort,Ginger FC 🏆🏆,2024-W04-03,3,98.4,110.56,Diontae Johnson,WR,WR,True,False,False,,17.8,,Diontae Johnson,WR,,449.p.31898,31898,Cle,yahoo_fantasy_api
2024,4,,3,api,Voldemort,Ginger FC 🏆🏆,2024-W04-03,3,98.4,110.56,Khalil Shakir,WR,WR,True,False,False,,8.2,,Khalil Shakir,WR,,449.p.34104,34104,Buf,yahoo_fantasy_api
2024,4,,4,api,Voldemort,Ginger FC 🏆🏆,2024-W04-03,3,98.4,110.56,Jonathan Taylor,RB,RB,True,False,False,,18.3,,Jonathan Taylor,RB,,449.p.32711,32711,Ind,yahoo_fantasy_api
2024,4,,5,api,Voldemort,Ginger FC 🏆🏆,2024-W04-03,3,98.4,110.56,Travis Etienne Jr.,RB,RB,True,False,False,,6.5,,Travis Etienne Jr.,RB,,449.p.33413,33413,NO,yahoo_fantasy_api
2024,4,,6,api,Voldemort,Ginger FC 🏆🏆,2024-W04-03,3,98.4,110.56,Dalton Kincaid,TE,TE,True,False,False,,7.2,,Dalton Kincaid,TE,,449.p.40048,40048,Buf,yahoo_fantasy_api
2024,4,,7,api,Voldemort,Ginger FC 🏆🏆,2024-W04-03,3,98.4,110.56,Chuba Hubbard,RB,W/R/T,True,False,False,,20.1,,Chuba Hubbard,RB,,449.p.33514,33514,Car,yahoo_fantasy_api
2024,4,,8,api,Voldemort,Ginger FC 🏆🏆,2024-W04-03,3,98.4,110.56,J.K. Dobbins,RB,BN,False,True,False,,7.7,,J.K. Dobbins,RB,,449.p.32725,32725,Den,yahoo_fantasy_api
2024,4,,9,api,Voldemort,Ginger FC 🏆🏆,2024-W04-03,3,98.4,110.56,Calvin Ridley,WR,BN,False,True,False,,2.0,,Calvin Ridley,WR,,449.p.30996,30996,Ten,yahoo_fantasy_api
2024,4,,10,api,Voldemort,Ginger FC 🏆🏆,2024-W04-03,3,98.4,110.56,Kenneth Walker III,RB,BN,False,True,False,,31.6,,Kenneth Walker III,RB,,449.p.33996,33996,KC,yahoo_fantasy_api
2024,4,,11,api,Voldemort,Ginger FC 🏆🏆,2024-W04-03,3,98.4,110.56,Chase Brown,RB,BN,False,True,False,,22.2,,Chase Brown,RB,,449.p.40196,40196,Cin,yahoo_fantasy_api
2024,4,,12,api,Voldemort,Ginger FC 🏆🏆,2024-W04-03,3,98.4,110.56,Alec Pierce,WR,BN,False,True,False,,1.4,,Alec Pierce,WR,,449.p.34008,34008,Ind,yahoo_fantasy_api
2024,4,,13,api,Voldemort,Ginger FC 🏆🏆,2024-W04-03,3,98.4,110.56,Tyler Johnson,WR,BN,False,True,False,,0.0,,Tyler Johnson,WR,,449.p.32831,32831,NYJ,yahoo_fantasy_api
2024,4,,14,api,Voldemort,Ginger FC 🏆🏆,2024-W04-03,3,98.4,110.56,Puka Nacua,WR,IR,False,False,True,,0.0,,Puka Nacua,WR,,449.p.40168,40168,LAR,yahoo_fantasy_api
2024,4,,15,api,Voldemort,Ginger FC 🏆🏆,2024-W04-03,3,98.4,110.56,Cairo Santos,K,K,True,False,False,,7.0,,Cairo Santos,K,,449.p.28227,28227,Chi,yahoo_fantasy_api
2024,4,,16,api,Voldemort,Ginger FC 🏆🏆,2024-W04-03,3,98.4,110.56,Jets,DEF,DEF,True,False,False,,6.0,,Jets,DEF,,449.p.100020,100020,NYJ,yahoo_fantasy_api
2024,4,,1,api,malle_dips_pouches,Malle ❤️ 🐸,2024-W04-02,2,68.38,96.82,Caleb Williams,QB,QB,True,False,False,,13.48,,Caleb Williams,QB,,449.p.40900,40900,Chi,yahoo_fantasy_api
2024,4,,2,api,malle_dips_pouches,Malle ❤️ 🐸,2024-W04-02,2,68.38,96.82,Drake London,WR,WR,True,False,False,,9.4,,Drake London,WR,,449.p.33963,33963,Atl,yahoo_fantasy_api
2024,4,,3,api,malle_dips_pouches,Malle ❤️ 🐸,2024-W04-02,2,68.38,96.82,Christian Watson,WR,WR,True,False,False,,0.0,,Christian Watson,WR,,449.p.33989,33989,GB,yahoo_fantasy_api
2024,4,,4,api,malle_dips_pouches,Malle ❤️ 🐸,2024-W04-02,2,68.38,96.82,Rhamondre Stevenson,RB,RB,True,False,False,,6.2,,Rhamondre Stevenson,RB,,449.p.33508,33508,NE,yahoo_fantasy_api
2024,4,,5,api,malle_dips_pouches,Malle ❤️ 🐸,2024-W04-02,2,68.38,96.82,Brian Robinson,RB,RB,True,False,False,,18.8,,Brian Robinson,RB,,449.p.34054,34054,Atl,yahoo_fantasy_api
2024,4,,6,api,malle_dips_pouches,Malle ❤️ 🐸,2024-W04-02,2,68.38,96.82,Kyle Pitts Sr.,TE,TE,True,False,False,,0.0,,Kyle Pitts Sr.,TE,,449.p.33392,33392,Atl,yahoo_fantasy_api
2024,4,,7,api,malle_dips_pouches,Malle ❤️ 🐸,2024-W04-02,2,68.38,96.82,Courtland Sutton,WR,W/R/T,True,False,False,,13.5,,Courtland Sutton,WR,,449.p.31010,31010,Den,yahoo_fantasy_api
2024,4,,8,api,malle_dips_pouches,Malle ❤️ 🐸,2024-W04-02,2,68.38,96.82,Jaylen Waddle,WR,BN,False,True,False,,5.6,,Jaylen Waddle,WR,,449.p.33394,33394,Den,yahoo_fantasy_api
2024,4,,9,api,malle_dips_pouches,Malle ❤️ 🐸,2024-W04-02,2,68.38,96.82,Josh Downs,WR,BN,False,True,False,,18.2,,Josh Downs,WR,,449.p.40126,40126,Ind,yahoo_fantasy_api
2024,4,,10,api,malle_dips_pouches,Malle ❤️ 🐸,2024-W04-02,2,68.38,96.82,Justin Herbert,QB,BN,False,True,False,,13.16,,Justin Herbert,QB,,449.p.32676,32676,LAC,yahoo_fantasy_api
2024,4,,11,api,malle_dips_pouches,Malle ❤️ 🐸,2024-W04-02,2,68.38,96.82,Joe Mixon,RB,BN,False,True,False,,0.0,,Joe Mixon,RB,,449.p.30161,30161,Hou,yahoo_fantasy_api
2024,4,,12,api,malle_dips_pouches,Malle ❤️ 🐸,2024-W04-02,2,68.38,96.82,A.J. Brown,WR,BN,False,True,False,,0.0,,A.J. Brown,WR,,449.p.31883,31883,NE,yahoo_fantasy_api
2024,4,,13,api,malle_dips_pouches,Malle ❤️ 🐸,2024-W04-02,2,68.38,96.82,Pat Freiermuth,TE,BN,False,True,False,,14.2,,Pat Freiermuth,TE,,449.p.33443,33443,Pit,yahoo_fantasy_api
2024,4,,14,api,malle_dips_pouches,Malle ❤️ 🐸,2024-W04-02,2,68.38,96.82,Harrison Butker,K,K,True,False,False,,5.0,,Harrison Butker,K,,449.p.30346,30346,KC,yahoo_fantasy_api
2024,4,,15,api,malle_dips_pouches,Malle ❤️ 🐸,2024-W04-02,2,68.38,96.82,Steelers,DEF,DEF,True,False,False,,2.0,,Steelers,DEF,,449.p.100023,100023,Pit,yahoo_fantasy_api
2024,5,,1,api,Buttermilk Puuump,Voldemort,2024-W05-03,3,79.26,79.04,Aaron Rodgers,QB,QB,True,False,False,,18.76,,Aaron Rodgers,QB,,449.p.7200,7200,Pit,yahoo_fantasy_api
2024,5,,2,api,Buttermilk Puuump,Voldemort,2024-W05-03,3,79.26,79.04,Tyreek Hill,WR,WR,True,False,False,,9.9,,Tyreek Hill,WR,,449.p.29399,29399,Mia,yahoo_fantasy_api
2024,5,,3,api,Buttermilk Puuump,Voldemort,2024-W05-03,3,79.26,79.04,Keenan Allen,WR,WR,True,False,False,,4.8,,Keenan Allen,WR,,449.p.26699,26699,Ind,yahoo_fantasy_api
2024,5,,4,api,Buttermilk Puuump,Voldemort,2024-W05-03,3,79.26,79.04,Najee Harris,RB,RB,True,False,False,,8.7,,Najee Harris,RB,,449.p.33412,33412,NYG,yahoo_fantasy_api
2024,5,,5,api,Buttermilk Puuump,Voldemort,2024-W05-03,3,79.26,79.04,Rachaad White,RB,RB,True,False,False,,8.1,,Rachaad White,RB,,449.p.34047,34047,Was,yahoo_fantasy_api
2024,5,,6,api,Buttermilk Puuump,Voldemort,2024-W05-03,3,79.26,79.04,David Njoku,TE,TE,True,False,False,,1.9,,David Njoku,TE,,449.p.30142,30142,LAC,yahoo_fantasy_api
2024,5,,7,api,Buttermilk Puuump,Voldemort,2024-W05-03,3,79.26,79.04,Jordan Addison,WR,W/R/T,True,False,False,,5.1,,Jordan Addison,WR,,449.p.40042,40042,Min,yahoo_fantasy_api
2024,5,,8,api,Buttermilk Puuump,Voldemort,2024-W05-03,3,79.26,79.04,Noah Fant,TE,BN,False,True,False,,3.9,,Noah Fant,TE,,449.p.31852,31852,NO,yahoo_fantasy_api
2024,5,,9,api,Buttermilk Puuump,Voldemort,2024-W05-03,3,79.26,79.04,Tyjae Spears,RB,BN,False,True,False,,0.0,,Tyjae Spears,RB,,449.p.40119,40119,Ten,yahoo_fantasy_api
2024,5,,10,api,Buttermilk Puuump,Voldemort,2024-W05-03,3,79.26,79.04,Amon-Ra St. Brown,WR,BN,False,True,False,,0.0,,Amon-Ra St. Brown,WR,,449.p.33500,33500,Det,yahoo_fantasy_api
2024,5,,11,api,Buttermilk Puuump,Voldemort,2024-W05-03,3,79.26,79.04,Jared Goff,QB,BN,False,True,False,,0.0,,Jared Goff,QB,,449.p.29235,29235,Det,yahoo_fantasy_api
2024,5,,12,api,Buttermilk Puuump,Voldemort,2024-W05-03,3,79.26,79.04,Raheem Mostert,RB,BN,False,True,False,,10.8,,Raheem Mostert,RB,,449.p.28654,28654,LV,yahoo_fantasy_api
2024,5,,13,api,Buttermilk Puuump,Voldemort,2024-W05-03,3,79.26,79.04,Jerry Jeudy,WR,BN,False,True,False,,2.1,,Jerry Jeudy,WR,,449.p.32685,32685,Cle,yahoo_fantasy_api
2024,5,,14,api,Buttermilk Puuump,Voldemort,2024-W05-03,3,79.26,79.04,Younghoe Koo,K,K,True,False,False,,17.0,,Younghoe Koo,K,,449.p.30426,30426,NYG,yahoo_fantasy_api
2024,5,,15,api,Buttermilk Puuump,Voldemort,2024-W05-03,3,79.26,79.04,Bills,DEF,DEF,True,False,False,,5.0,,Bills,DEF,,449.p.100002,100002,Buf,yahoo_fantasy_api
2024,5,,1,api,Ginger FC 🏆🏆,Joe Mantegna,2024-W05-04,4,76.86,102.18,Jordan Love,QB,QB,True,False,False,,20.96,,Jordan Love,QB,,449.p.32696,32696,GB,yahoo_fantasy_api
2024,5,,2,api,Ginger FC 🏆🏆,Joe Mantegna,2024-W05-04,4,76.86,102.18,Amari Cooper,WR,WR,True,False,False,,8.0,,Amari Cooper,WR,,449.p.28392,28392,Buf,yahoo_fantasy_api
2024,5,,3,api,Ginger FC 🏆🏆,Joe Mantegna,2024-W05-04,4,76.86,102.18,Deebo Samuel Sr.,WR,WR,True,False,False,,2.5,,Deebo Samuel Sr.,WR,,449.p.31868,31868,SF,yahoo_fantasy_api
2024,5,,4,api,Ginger FC 🏆🏆,Joe Mantegna,2024-W05-04,4,76.86,102.18,De'Von Achane,RB,RB,True,False,False,,2.2,,De'Von Achane,RB,,449.p.40118,40118,Mia,yahoo_fantasy_api
2024,5,,5,api,Ginger FC 🏆🏆,Joe Mantegna,2024-W05-04,4,76.86,102.18,Alexander Mattison,RB,RB,True,False,False,,9.1,,Alexander Mattison,RB,,449.p.31934,31934,Mia,yahoo_fantasy_api
2024,5,,6,api,Ginger FC 🏆🏆,Joe Mantegna,2024-W05-04,4,76.86,102.18,Cade Otton,TE,TE,True,False,False,,5.9,,Cade Otton,TE,,449.p.34062,34062,TB,yahoo_fantasy_api
2024,5,,7,api,Ginger FC 🏆🏆,Joe Mantegna,2024-W05-04,4,76.86,102.18,Stefon Diggs,WR,W/R/T,True,False,False,,11.2,,Stefon Diggs,WR,,449.p.28534,28534,Was,yahoo_fantasy_api
2024,5,,8,api,Ginger FC 🏆🏆,Joe Mantegna,2024-W05-04,4,76.86,102.18,Brandon Aiyuk,WR,BN,False,True,False,,18.7,,Brandon Aiyuk,WR,,449.p.32695,32695,SF,yahoo_fantasy_api
2024,5,,9,api,Ginger FC 🏆🏆,Joe Mantegna,2024-W05-04,4,76.86,102.18,Dallas Goedert,TE,BN,False,True,False,,0.0,,Dallas Goedert,TE,,449.p.31019,31019,Phi,yahoo_fantasy_api
2024,5,,10,api,Ginger FC 🏆🏆,Joe Mantegna,2024-W05-04,4,76.86,102.18,Kirk Cousins,QB,BN,False,True,False,,43.36,,Kirk Cousins,QB,,449.p.25812,25812,LV,yahoo_fantasy_api
2024,5,,11,api,Ginger FC 🏆🏆,Joe Mantegna,2024-W05-04,4,76.86,102.18,Christian McCaffrey,RB,BN,False,True,False,,0.0,,Christian McCaffrey,RB,,449.p.30121,30121,SF,yahoo_fantasy_api
2024,5,,12,api,Ginger FC 🏆🏆,Joe Mantegna,2024-W05-04,4,76.86,102.18,Brian Thomas Jr.,WR,BN,False,True,False,,20.7,,Brian Thomas Jr.,WR,,449.p.40883,40883,Jax,yahoo_fantasy_api
2024,5,,13,api,Ginger FC 🏆🏆,Joe Mantegna,2024-W05-04,4,76.86,102.18,Gabe Davis,WR,BN,False,True,False,,3.3,,Gabe Davis,WR,,449.p.32798,32798,Buf,yahoo_fantasy_api
2024,5,,14,api,Ginger FC 🏆🏆,Joe Mantegna,2024-W05-04,4,76.86,102.18,Nick Chubb,RB,IR,False,False,True,,0.0,,Nick Chubb,RB,,449.p.31005,31005,Hou,yahoo_fantasy_api
2024,5,,15,api,Ginger FC 🏆🏆,Joe Mantegna,2024-W05-04,4,76.86,102.18,Chris Boswell,K,K,True,False,False,,6.0,,Chris Boswell,K,,449.p.28188,28188,Pit,yahoo_fantasy_api
2024,5,,16,api,Ginger FC 🏆🏆,Joe Mantegna,2024-W05-04,4,76.86,102.18,49ers,DEF,DEF,True,False,False,,11.0,,49ers,DEF,,449.p.100025,100025,SF,yahoo_fantasy_api
2024,5,,1,api,Joe Mantegna,Ginger FC 🏆🏆,2024-W05-04,4,102.18,76.86,Dak Prescott,QB,QB,True,False,False,,22.38,,Dak Prescott,QB,,449.p.29369,29369,Dal,yahoo_fantasy_api
2024,5,,2,api,Joe Mantegna,Ginger FC 🏆🏆,2024-W05-04,4,102.18,76.86,Garrett Wilson,WR,WR,True,False,False,,22.6,,Garrett Wilson,WR,,449.p.33965,33965,NYJ,yahoo_fantasy_api
2024,5,,3,api,Joe Mantegna,Ginger FC 🏆🏆,2024-W05-04,4,102.18,76.86,Nico Collins,WR,WR,True,False,False,,14.8,,Nico Collins,WR,,449.p.33477,33477,Hou,yahoo_fantasy_api
2024,5,,4,api,Joe Mantegna,Ginger FC 🏆🏆,2024-W05-04,4,102.18,76.86,Breece Hall,RB,RB,True,False,False,,5.2,,Breece Hall,RB,,449.p.33991,33991,NYJ,yahoo_fantasy_api
2024,5,,5,api,Joe Mantegna,Ginger FC 🏆🏆,2024-W05-04,4,102.18,76.86,James Cook III,RB,RB,True,False,False,,16.9,,James Cook III,RB,,449.p.34019,34019,Buf,yahoo_fantasy_api
2024,5,,6,api,Joe Mantegna,Ginger FC 🏆🏆,2024-W05-04,4,102.18,76.86,Hunter Henry,TE,TE,True,False,False,,4.2,,Hunter Henry,TE,,449.p.29269,29269,NE,yahoo_fantasy_api
2024,5,,7,api,Joe Mantegna,Ginger FC 🏆🏆,2024-W05-04,4,102.18,76.86,George Pickens,WR,W/R/T,True,False,False,,4.1,,George Pickens,WR,,449.p.34007,34007,Dal,yahoo_fantasy_api
2024,5,,8,api,Joe Mantegna,Ginger FC 🏆🏆,2024-W05-04,4,102.18,76.86,DeAndre Hopkins,WR,BN,False,True,False,,0.0,,DeAndre Hopkins,WR,,449.p.26650,26650,Bal,yahoo_fantasy_api
2024,5,,9,api,Joe Mantegna,Ginger FC 🏆🏆,2024-W05-04,4,102.18,76.86,Ty Chandler,RB,BN,False,True,False,,4.9,,Ty Chandler,RB,,449.p.34125,34125,NO,yahoo_fantasy_api
2024,5,,10,api,Joe Mantegna,Ginger FC 🏆🏆,2024-W05-04,4,102.18,76.86,Jakobi Meyers,WR,BN,False,True,False,,10.2,,Jakobi Meyers,WR,,449.p.32231,32231,Jax,yahoo_fantasy_api
2024,5,,11,api,Joe Mantegna,Ginger FC 🏆🏆,2024-W05-04,4,102.18,76.86,Bucky Irving,RB,BN,False,True,False,,4.6,,Bucky Irving,RB,,449.p.40993,40993,TB,yahoo_fantasy_api
2024,5,,12,api,Joe Mantegna,Ginger FC 🏆🏆,2024-W05-04,4,102.18,76.86,Demarcus Robinson,WR,BN,False,True,False,,10.3,,Demarcus Robinson,WR,,449.p.29360,29360,SF,yahoo_fantasy_api
2024,5,,13,api,Joe Mantegna,Ginger FC 🏆🏆,2024-W05-04,4,102.18,76.86,Jalen Tolbert,WR,BN,False,True,False,,18.2,,Jalen Tolbert,WR,,449.p.34044,34044,Mia,yahoo_fantasy_api
2024,5,,14,api,Joe Mantegna,Ginger FC 🏆🏆,2024-W05-04,4,102.18,76.86,Evan Engram,TE,IR,False,False,True,,0.0,,Evan Engram,TE,,449.p.30136,30136,Den,yahoo_fantasy_api
2024,5,,15,api,Joe Mantegna,Ginger FC 🏆🏆,2024-W05-04,4,102.18,76.86,Jason Sanders,K,K,True,False,False,,12.0,,Jason Sanders,K,,449.p.31199,31199,NYJ,yahoo_fantasy_api
2024,5,,16,api,Joe Mantegna,Ginger FC 🏆🏆,2024-W05-04,4,102.18,76.86,Colts,DEF,DEF,True,False,False,,0.0,,Colts,DEF,,449.p.100011,100011,Ind,yahoo_fantasy_api
2024,5,,1,api,Malle ❤️ 🐸,Pop Lockett Drop it,2024-W05-02,2,114.86,109.04,Brock Purdy,QB,QB,True,False,False,,17.06,,Brock Purdy,QB,,449.p.34218,34218,SF,yahoo_fantasy_api
2024,5,,2,api,Malle ❤️ 🐸,Pop Lockett Drop it,2024-W05-02,2,114.86,109.04,Tyler Lockett,WR,WR,True,False,False,,9.5,,Tyler Lockett,WR,,449.p.28457,28457,LV,yahoo_fantasy_api
2024,5,,3,api,Malle ❤️ 🐸,Pop Lockett Drop it,2024-W05-02,2,114.86,109.04,Marvin Harrison Jr.,WR,WR,True,False,False,,4.6,,Marvin Harrison Jr.,WR,,449.p.40893,40893,Ari,yahoo_fantasy_api
2024,5,,4,api,Malle ❤️ 🐸,Pop Lockett Drop it,2024-W05-02,2,114.86,109.04,Jaleel McLaughlin,RB,RB,True,False,False,,10.0,,Jaleel McLaughlin,RB,,449.p.40696,40696,Cle,yahoo_fantasy_api
2024,5,,5,api,Malle ❤️ 🐸,Pop Lockett Drop it,2024-W05-02,2,114.86,109.04,Cam Akers,RB,RB,True,False,False,,11.7,,Cam Akers,RB,,449.p.32722,32722,Sea,yahoo_fantasy_api
2024,5,,6,api,Malle ❤️ 🐸,Pop Lockett Drop it,2024-W05-02,2,114.86,109.04,George Kittle,TE,TE,True,False,False,,16.4,,George Kittle,TE,,449.p.30259,30259,SF,yahoo_fantasy_api
2024,5,,7,api,Malle ❤️ 🐸,Pop Lockett Drop it,2024-W05-02,2,114.86,109.04,Rashid Shaheed,WR,W/R/T,True,False,False,,16.6,,Rashid Shaheed,WR,,449.p.34659,34659,Sea,yahoo_fantasy_api
2024,5,,8,api,Malle ❤️ 🐸,Pop Lockett Drop it,2024-W05-02,2,114.86,109.04,Zamir White,RB,BN,False,True,False,,0.0,,Zamir White,RB,,449.p.34078,34078,NO,yahoo_fantasy_api
2024,5,,9,api,Malle ❤️ 🐸,Pop Lockett Drop it,2024-W05-02,2,114.86,109.04,Malik Nabers,WR,BN,False,True,False,,0.0,,Malik Nabers,WR,,449.p.40899,40899,NYG,yahoo_fantasy_api
2024,5,,10,api,Malle ❤️ 🐸,Pop Lockett Drop it,2024-W05-02,2,114.86,109.04,Saquon Barkley,RB,BN,False,True,False,,0.0,,Saquon Barkley,RB,,449.p.30972,30972,Phi,yahoo_fantasy_api
2024,5,,11,api,Malle ❤️ 🐸,Pop Lockett Drop it,2024-W05-02,2,114.86,109.04,Jalen Hurts,QB,BN,False,True,False,,0.0,,Jalen Hurts,QB,,449.p.32723,32723,Phi,yahoo_fantasy_api
2024,5,,12,api,Malle ❤️ 🐸,Pop Lockett Drop it,2024-W05-02,2,114.86,109.04,Cole Kmet,TE,BN,False,True,False,,7.2,,Cole Kmet,TE,,449.p.32713,32713,Chi,yahoo_fantasy_api
2024,5,,13,api,Malle ❤️ 🐸,Pop Lockett Drop it,2024-W05-02,2,114.86,109.04,Adam Thielen,WR,BN,False,True,False,,0.0,,Adam Thielen,WR,,449.p.27277,27277,Pit,yahoo_fantasy_api
2024,5,,14,api,Malle ❤️ 🐸,Pop Lockett Drop it,2024-W05-02,2,114.86,109.04,Justin Tucker,K,K,True,False,False,,13.0,,Justin Tucker,K,,449.p.26534,26534,Bal,yahoo_fantasy_api
2024,5,,15,api,Malle ❤️ 🐸,Pop Lockett Drop it,2024-W05-02,2,114.86,109.04,Vikings,DEF,DEF,True,False,False,,16.0,,Vikings,DEF,,449.p.100016,100016,Min,yahoo_fantasy_api
2024,5,,1,api,Patty Primetimes,The Big Gronkowski,2024-W05-01,1,114.02,133.18,Jayden Daniels,QB,QB,True,False,False,,22.72,,Jayden Daniels,QB,,449.p.40896,40896,Was,yahoo_fantasy_api
2024,5,,2,api,Patty Primetimes,The Big Gronkowski,2024-W05-01,1,114.02,133.18,CeeDee Lamb,WR,WR,True,False,False,,8.9,,CeeDee Lamb,WR,,449.p.32687,32687,Dal,yahoo_fantasy_api
2024,5,,3,api,Patty Primetimes,The Big Gronkowski,2024-W05-01,1,114.02,133.18,Terry McLaurin,WR,WR,True,False,False,,11.4,,Terry McLaurin,WR,,449.p.31908,31908,Was,yahoo_fantasy_api
2024,5,,4,api,Patty Primetimes,The Big Gronkowski,2024-W05-01,1,114.02,133.18,Aaron Jones Sr.,RB,RB,True,False,False,,5.8,,Aaron Jones Sr.,RB,,449.p.30295,30295,Min,yahoo_fantasy_api
2024,5,,5,api,Patty Primetimes,The Big Gronkowski,2024-W05-01,1,114.02,133.18,Tank Bigsby,RB,RB,True,False,False,,25.4,,Tank Bigsby,RB,,449.p.40095,40095,Phi,yahoo_fantasy_api
2024,5,,6,api,Patty Primetimes,The Big Gronkowski,2024-W05-01,1,114.02,133.18,Travis Kelce,TE,TE,True,False,False,,11.5,,Travis Kelce,TE,,449.p.26686,26686,KC,yahoo_fantasy_api
2024,5,,7,api,Patty Primetimes,The Big Gronkowski,2024-W05-01,1,114.02,133.18,Xavier Worthy,WR,W/R/T,True,False,False,,10.3,,Xavier Worthy,WR,,449.p.40877,40877,KC,yahoo_fantasy_api
2024,5,,8,api,Patty Primetimes,The Big Gronkowski,2024-W05-01,1,114.02,133.18,Tony Pollard,RB,BN,False,True,False,,0.0,,Tony Pollard,RB,,449.p.31960,31960,Ten,yahoo_fantasy_api
2024,5,,9,api,Patty Primetimes,The Big Gronkowski,2024-W05-01,1,114.02,133.18,Ladd McConkey,WR,BN,False,True,False,,0.0,,Ladd McConkey,WR,,449.p.40908,40908,LAC,yahoo_fantasy_api
2024,5,,10,api,Patty Primetimes,The Big Gronkowski,2024-W05-01,1,114.02,133.18,Samaje Perine,RB,BN,False,True,False,,2.9,,Samaje Perine,RB,,449.p.30227,30227,Cin,yahoo_fantasy_api
2024,5,,11,api,Patty Primetimes,The Big Gronkowski,2024-W05-01,1,114.02,133.18,Anthony Richardson Sr.,QB,BN,False,True,False,,0.0,,Anthony Richardson Sr.,QB,,449.p.40040,40040,Ind,yahoo_fantasy_api
2024,5,,12,api,Patty Primetimes,The Big Gronkowski,2024-W05-01,1,114.02,133.18,Cooper Kupp,WR,BN,False,True,False,,0.0,,Cooper Kupp,WR,,449.p.30182,30182,Sea,yahoo_fantasy_api
2024,5,,13,api,Patty Primetimes,The Big Gronkowski,2024-W05-01,1,114.02,133.18,Dalton Schultz,TE,BN,False,True,False,,5.4,,Dalton Schultz,TE,,449.p.31107,31107,Hou,yahoo_fantasy_api
2024,5,,14,api,Patty Primetimes,The Big Gronkowski,2024-W05-01,1,114.02,133.18,Evan McPherson,K,K,True,False,False,,4.0,,Evan McPherson,K,,449.p.33537,33537,Cin,yahoo_fantasy_api
2024,5,,15,api,Patty Primetimes,The Big Gronkowski,2024-W05-01,1,114.02,133.18,Bears,DEF,DEF,True,False,False,,14.0,,Bears,DEF,,449.p.100003,100003,Chi,yahoo_fantasy_api
2024,5,,1,api,Pop Lockett Drop it,Malle ❤️ 🐸,2024-W05-02,2,109.04,114.86,C.J. Stroud,QB,QB,True,False,False,,18.94,,C.J. Stroud,QB,,449.p.40030,40030,Hou,yahoo_fantasy_api
2024,5,,2,api,Pop Lockett Drop it,Malle ❤️ 🐸,2024-W05-02,2,109.04,114.86,Mike Evans,WR,WR,True,False,False,,20.7,,Mike Evans,WR,,449.p.27535,27535,SF,yahoo_fantasy_api
2024,5,,3,api,Pop Lockett Drop it,Malle ❤️ 🐸,2024-W05-02,2,109.04,114.86,Rome Odunze,WR,WR,True,False,False,,6.5,,Rome Odunze,WR,,449.p.40901,40901,Chi,yahoo_fantasy_api
2024,5,,4,api,Pop Lockett Drop it,Malle ❤️ 🐸,2024-W05-02,2,109.04,114.86,Bijan Robinson,RB,RB,True,False,False,,9.2,,Bijan Robinson,RB,,449.p.40055,40055,Atl,yahoo_fantasy_api
2024,5,,5,api,Pop Lockett Drop it,Malle ❤️ 🐸,2024-W05-02,2,109.04,114.86,Zack Moss,RB,RB,True,False,False,,6.7,,Zack Moss,RB,,449.p.32756,32756,Cin,yahoo_fantasy_api
2024,5,,6,api,Pop Lockett Drop it,Malle ❤️ 🐸,2024-W05-02,2,109.04,114.86,Trey McBride,TE,TE,True,False,False,,8.3,,Trey McBride,TE,,449.p.34010,34010,Ari,yahoo_fantasy_api
2024,5,,7,api,Pop Lockett Drop it,Malle ❤️ 🐸,2024-W05-02,2,109.04,114.86,Jayden Reed,WR,W/R/T,True,False,False,,11.7,,Jayden Reed,WR,,449.p.40063,40063,GB,yahoo_fantasy_api
2024,5,,8,api,Pop Lockett Drop it,Malle ❤️ 🐸,2024-W05-02,2,109.04,114.86,Mike Gesicki,TE,BN,False,True,False,,4.1,,Mike Gesicki,TE,,449.p.31012,31012,Cin,yahoo_fantasy_api
2024,5,,9,api,Pop Lockett Drop it,Malle ❤️ 🐸,2024-W05-02,2,109.04,114.86,Jameson Williams,WR,BN,False,True,False,,0.0,,Jameson Williams,WR,,449.p.33967,33967,Det,yahoo_fantasy_api
2024,5,,10,api,Pop Lockett Drop it,Malle ❤️ 🐸,2024-W05-02,2,109.04,114.86,David Montgomery,RB,BN,False,True,False,,0.0,,David Montgomery,RB,,449.p.31905,31905,Hou,yahoo_fantasy_api
2024,5,,11,api,Pop Lockett Drop it,Malle ❤️ 🐸,2024-W05-02,2,109.04,114.86,DeVonta Smith,WR,BN,False,True,False,,0.0,,DeVonta Smith,WR,,449.p.33398,33398,Phi,yahoo_fantasy_api
2024,5,,12,api,Pop Lockett Drop it,Malle ❤️ 🐸,2024-W05-02,2,109.04,114.86,Rico Dowdle,RB,BN,False,True,False,,18.4,,Rico Dowdle,RB,,449.p.33100,33100,Pit,yahoo_fantasy_api
2024,5,,13,api,Pop Lockett Drop it,Malle ❤️ 🐸,2024-W05-02,2,109.04,114.86,Justin Fields,QB,BN,False,True,False,,19.94,,Justin Fields,QB,,449.p.33399,33399,KC,yahoo_fantasy_api
2024,5,,14,api,Pop Lockett Drop it,Malle ❤️ 🐸,2024-W05-02,2,109.04,114.86,Ka'imi Fairbairn,K,K,True,False,False,,16.0,,Ka'imi Fairbairn,K,,449.p.29792,29792,Hou,yahoo_fantasy_api
2024,5,,15,api,Pop Lockett Drop it,Malle ❤️ 🐸,2024-W05-02,2,109.04,114.86,Seahawks,DEF,DEF,True,False,False,,11.0,,Seahawks,DEF,,449.p.100026,100026,Sea,yahoo_fantasy_api
2024,5,,1,api,Post Mahomes,Uncle Rico,2024-W05-06,6,173.32,93.64,Lamar Jackson,QB,QB,True,False,False,,41.42,,Lamar Jackson,QB,,449.p.31002,31002,Bal,yahoo_fantasy_api
2024,5,,2,api,Post Mahomes,Uncle Rico,2024-W05-06,6,173.32,93.64,Tee Higgins,WR,WR,True,False,False,,24.8,,Tee Higgins,WR,,449.p.32703,32703,Cin,yahoo_fantasy_api
2024,5,,3,api,Post Mahomes,Uncle Rico,2024-W05-06,6,173.32,93.64,Darnell Mooney,WR,WR,True,False,False,,27.0,,Darnell Mooney,WR,,449.p.32843,32843,NYG,yahoo_fantasy_api
2024,5,,4,api,Post Mahomes,Uncle Rico,2024-W05-06,6,173.32,93.64,Kyren Williams,RB,RB,True,False,False,,15.0,,Kyren Williams,RB,,449.p.34120,34120,LAR,yahoo_fantasy_api
2024,5,,5,api,Post Mahomes,Uncle Rico,2024-W05-06,6,173.32,93.64,Kareem Hunt,RB,RB,True,False,False,,18.2,,Kareem Hunt,RB,,449.p.30199,30199,KC,yahoo_fantasy_api
2024,5,,6,api,Post Mahomes,Uncle Rico,2024-W05-06,6,173.32,93.64,Brock Bowers,TE,TE,True,False,False,,19.7,,Brock Bowers,TE,,449.p.40878,40878,LV,yahoo_fantasy_api
2024,5,,7,api,Post Mahomes,Uncle Rico,2024-W05-06,6,173.32,93.64,Michael Pittman Jr.,WR,W/R/T,True,False,False,,12.2,,Michael Pittman Jr.,WR,,449.p.32704,32704,Pit,yahoo_fantasy_api
2024,5,,8,api,Post Mahomes,Uncle Rico,2024-W05-06,6,173.32,93.64,Jahmyr Gibbs,RB,BN,False,True,False,,0.0,,Jahmyr Gibbs,RB,,449.p.40059,40059,Det,yahoo_fantasy_api
2024,5,,9,api,Post Mahomes,Uncle Rico,2024-W05-06,6,173.32,93.64,Rashee Rice,WR,BN,False,True,False,,0.0,,Rashee Rice,WR,,449.p.40084,40084,KC,yahoo_fantasy_api
2024,5,,10,api,Post Mahomes,Uncle Rico,2024-W05-06,6,173.32,93.64,Isiah Pacheco,RB,BN,False,True,False,,0.0,,Isiah Pacheco,RB,,449.p.34207,34207,Det,yahoo_fantasy_api
2024,5,,11,api,Post Mahomes,Uncle Rico,2024-W05-06,6,173.32,93.64,Keon Coleman,WR,BN,False,True,False,,11.4,,Keon Coleman,WR,,449.p.40911,40911,Buf,yahoo_fantasy_api
2024,5,,12,api,Post Mahomes,Uncle Rico,2024-W05-06,6,173.32,93.64,Braelon Allen,RB,BN,False,True,False,,3.3,,Braelon Allen,RB,,449.p.40981,40981,NYJ,yahoo_fantasy_api
2024,5,,13,api,Post Mahomes,Uncle Rico,2024-W05-06,6,173.32,93.64,Justice Hill,RB,BN,False,True,False,,3.0,,Justice Hill,RB,,449.p.31945,31945,Bal,yahoo_fantasy_api
2024,5,,14,api,Post Mahomes,Uncle Rico,2024-W05-06,6,173.32,93.64,T.J. Hockenson,TE,IR,False,False,True,,0.0,,T.J. Hockenson,TE,,449.p.31840,31840,Min,yahoo_fantasy_api
2024,5,,15,api,Post Mahomes,Uncle Rico,2024-W05-06,6,173.32,93.64,Jake Moody,K,K,True,False,False,,8.0,,Jake Moody,K,,449.p.40129,40129,Bal,yahoo_fantasy_api
2024,5,,16,api,Post Mahomes,Uncle Rico,2024-W05-06,6,173.32,93.64,Chiefs,DEF,DEF,True,False,False,,7.0,,Chiefs,DEF,,449.p.100012,100012,KC,yahoo_fantasy_api
2024,5,,1,api,The Big Gronkowski,Patty Primetimes,2024-W05-01,1,133.18,114.02,Joe Burrow,QB,QB,True,False,False,,44.78,,Joe Burrow,QB,,449.p.32671,32671,Cin,yahoo_fantasy_api
2024,5,,2,api,The Big Gronkowski,Patty Primetimes,2024-W05-01,1,133.18,114.02,Justin Jefferson,WR,WR,True,False,False,,12.2,,Justin Jefferson,WR,,449.p.32692,32692,Min,yahoo_fantasy_api
2024,5,,3,api,The Big Gronkowski,Patty Primetimes,2024-W05-01,1,133.18,114.02,Chris Olave,WR,WR,True,False,False,,2.0,,Chris Olave,WR,,449.p.33966,33966,NO,yahoo_fantasy_api
2024,5,,4,api,The Big Gronkowski,Patty Primetimes,2024-W05-01,1,133.18,114.02,Alvin Kamara,RB,RB,True,False,False,,9.6,,Alvin Kamara,RB,,449.p.30180,30180,NO,yahoo_fantasy_api
2024,5,,5,api,The Big Gronkowski,Patty Primetimes,2024-W05-01,1,133.18,114.02,Javonte Williams,RB,RB,True,False,False,,13.6,,Javonte Williams,RB,,449.p.33423,33423,Dal,yahoo_fantasy_api
2024,5,,6,api,The Big Gronkowski,Patty Primetimes,2024-W05-01,1,133.18,114.02,Jake Ferguson,TE,TE,True,False,False,,10.0,,Jake Ferguson,TE,,449.p.34085,34085,Dal,yahoo_fantasy_api
2024,5,,7,api,The Big Gronkowski,Patty Primetimes,2024-W05-01,1,133.18,114.02,DJ Moore,WR,W/R/T,True,False,False,,25.0,,DJ Moore,WR,,449.p.30994,30994,Buf,yahoo_fantasy_api
2024,5,,8,api,The Big Gronkowski,Patty Primetimes,2024-W05-01,1,133.18,114.02,Isaiah Likely,TE,BN,False,True,False,,14.8,,Isaiah Likely,TE,,449.p.34095,34095,NYG,yahoo_fantasy_api
2024,5,,9,api,The Big Gronkowski,Patty Primetimes,2024-W05-01,1,133.18,114.02,Matthew Stafford,QB,BN,False,True,False,,15.4,,Matthew Stafford,QB,,449.p.9265,9265,LAR,yahoo_fantasy_api
2024,5,,10,api,The Big Gronkowski,Patty Primetimes,2024-W05-01,1,133.18,114.02,Jaxon Smith-Njigba,WR,BN,False,True,False,,11.1,,Jaxon Smith-Njigba,WR,,449.p.40041,40041,Sea,yahoo_fantasy_api
2024,5,,11,api,The Big Gronkowski,Patty Primetimes,2024-W05-01,1,133.18,114.02,Gus Edwards,RB,BN,False,True,False,,0.0,,Gus Edwards,RB,,449.p.31424,31424,LAC,yahoo_fantasy_api
2024,5,,12,api,The Big Gronkowski,Patty Primetimes,2024-W05-01,1,133.18,114.02,Adonai Mitchell,WR,BN,False,True,False,,7.16,,Adonai Mitchell,WR,,449.p.40915,40915,NYJ,yahoo_fantasy_api
2024,5,,13,api,The Big Gronkowski,Patty Primetimes,2024-W05-01,1,133.18,114.02,MarShawn Lloyd,RB,BN,False,True,False,,0.0,,MarShawn Lloyd,RB,,449.p.40971,40971,GB,yahoo_fantasy_api
2024,5,,14,api,The Big Gronkowski,Patty Primetimes,2024-W05-01,1,133.18,114.02,Brandon Aubrey,K,K,True,False,False,,10.0,,Brandon Aubrey,K,,449.p.40819,40819,Dal,yahoo_fantasy_api
2024,5,,15,api,The Big Gronkowski,Patty Primetimes,2024-W05-01,1,133.18,114.02,Cowboys,DEF,DEF,True,False,False,,6.0,,Cowboys,DEF,,449.p.100006,100006,Dal,yahoo_fantasy_api
2024,5,,1,api,ThreatLevelMidnight,malle_dips_pouches,2024-W05-05,5,160.9,127.76,Kyler Murray,QB,QB,True,False,False,,27.1,,Kyler Murray,QB,,449.p.31833,31833,Min,yahoo_fantasy_api
2024,5,,2,api,ThreatLevelMidnight,malle_dips_pouches,2024-W05-05,5,160.9,127.76,Ja'Marr Chase,WR,WR,True,False,False,,36.3,,Ja'Marr Chase,WR,,449.p.33393,33393,Cin,yahoo_fantasy_api
2024,5,,3,api,ThreatLevelMidnight,malle_dips_pouches,2024-W05-05,5,160.9,127.76,DK Metcalf,WR,WR,True,False,False,,5.5,,DK Metcalf,WR,,449.p.31896,31896,Pit,yahoo_fantasy_api
2024,5,,4,api,ThreatLevelMidnight,malle_dips_pouches,2024-W05-05,5,160.9,127.76,Jordan Mason,RB,RB,True,False,False,,8.3,,Jordan Mason,RB,,449.p.34320,34320,Min,yahoo_fantasy_api
2024,5,,5,api,ThreatLevelMidnight,malle_dips_pouches,2024-W05-05,5,160.9,127.76,James Conner,RB,RB,True,False,False,,13.0,,James Conner,RB,,449.p.30218,30218,Ari,yahoo_fantasy_api
2024,5,,6,api,ThreatLevelMidnight,malle_dips_pouches,2024-W05-05,5,160.9,127.76,Tucker Kraft,TE,TE,True,False,False,,22.8,,Tucker Kraft,TE,,449.p.40102,40102,GB,yahoo_fantasy_api
2024,5,,7,api,ThreatLevelMidnight,malle_dips_pouches,2024-W05-05,5,160.9,127.76,Josh Jacobs,RB,W/R/T,True,False,False,,15.9,,Josh Jacobs,RB,,449.p.31856,31856,GB,yahoo_fantasy_api
2024,5,,8,api,ThreatLevelMidnight,malle_dips_pouches,2024-W05-05,5,160.9,127.76,Baker Mayfield,QB,BN,False,True,False,,29.4,,Baker Mayfield,QB,,449.p.30971,30971,TB,yahoo_fantasy_api
2024,5,,9,api,ThreatLevelMidnight,malle_dips_pouches,2024-W05-05,5,160.9,127.76,Chris Godwin Jr.,WR,BN,False,True,False,,9.1,,Chris Godwin Jr.,WR,,449.p.30197,30197,TB,yahoo_fantasy_api
2024,5,,10,api,ThreatLevelMidnight,malle_dips_pouches,2024-W05-05,5,160.9,127.76,Sam LaPorta,TE,BN,False,True,False,,0.0,,Sam LaPorta,TE,,449.p.40064,40064,Det,yahoo_fantasy_api
2024,5,,11,api,ThreatLevelMidnight,malle_dips_pouches,2024-W05-05,5,160.9,127.76,Jerome Ford,RB,BN,False,True,False,,6.4,,Jerome Ford,RB,,449.p.34112,34112,Min,yahoo_fantasy_api
2024,5,,12,api,ThreatLevelMidnight,malle_dips_pouches,2024-W05-05,5,160.9,127.76,Christian Kirk,WR,BN,False,True,False,,10.8,,Christian Kirk,WR,,449.p.31017,31017,SF,yahoo_fantasy_api
2024,5,,13,api,ThreatLevelMidnight,malle_dips_pouches,2024-W05-05,5,160.9,127.76,Trey Benson,RB,BN,False,True,False,,0.0,,Trey Benson,RB,,449.p.40958,40958,Ari,yahoo_fantasy_api
2024,5,,14,api,ThreatLevelMidnight,malle_dips_pouches,2024-W05-05,5,160.9,127.76,Keaton Mitchell,RB,IR,False,False,True,,0.0,,Keaton Mitchell,RB,,449.p.40641,40641,LAC,yahoo_fantasy_api
2024,5,,15,api,ThreatLevelMidnight,malle_dips_pouches,2024-W05-05,5,160.9,127.76,Chase McLaughlin,K,K,True,False,False,,16.0,,Chase McLaughlin,K,,449.p.32417,32417,TB,yahoo_fantasy_api
2024,5,,16,api,ThreatLevelMidnight,malle_dips_pouches,2024-W05-05,5,160.9,127.76,Broncos,DEF,DEF,True,False,False,,16.0,,Broncos,DEF,,449.p.100007,100007,Den,yahoo_fantasy_api
2024,5,,1,api,Uncle Rico,Post Mahomes,2024-W05-06,6,93.64,173.32,Patrick Mahomes,QB,QB,True,False,False,,14.44,,Patrick Mahomes,QB,,449.p.30123,30123,KC,yahoo_fantasy_api
2024,5,,2,api,Uncle Rico,Post Mahomes,2024-W05-06,6,93.64,173.32,Zay Flowers,WR,WR,True,False,False,,15.5,,Zay Flowers,WR,,449.p.40039,40039,Bal,yahoo_fantasy_api
2024,5,,3,api,Uncle Rico,Post Mahomes,2024-W05-06,6,93.64,173.32,Jauan Jennings,WR,WR,True,False,False,,1.8,,Jauan Jennings,WR,,449.p.32887,32887,Min,yahoo_fantasy_api
2024,5,,4,api,Uncle Rico,Post Mahomes,2024-W05-06,6,93.64,173.32,Derrick Henry,RB,RB,True,False,False,,16.1,,Derrick Henry,RB,,449.p.29279,29279,Bal,yahoo_fantasy_api
2024,5,,5,api,Uncle Rico,Post Mahomes,2024-W05-06,6,93.64,173.32,D'Andre Swift,RB,RB,True,False,False,,19.0,,D'Andre Swift,RB,,449.p.32705,32705,Chi,yahoo_fantasy_api
2024,5,,6,api,Uncle Rico,Post Mahomes,2024-W05-06,6,93.64,173.32,Mark Andrews,TE,TE,True,False,False,,7.5,,Mark Andrews,TE,,449.p.31056,31056,Bal,yahoo_fantasy_api
2024,5,,7,api,Uncle Rico,Post Mahomes,2024-W05-06,6,93.64,173.32,Tank Dell,WR,W/R/T,True,False,False,,5.3,,Tank Dell,WR,,449.p.40097,40097,Hou,yahoo_fantasy_api
2024,5,,8,api,Uncle Rico,Post Mahomes,2024-W05-06,6,93.64,173.32,Zach Charbonnet,RB,BN,False,True,False,,4.5,,Zach Charbonnet,RB,,449.p.40075,40075,Sea,yahoo_fantasy_api
2024,5,,9,api,Uncle Rico,Post Mahomes,2024-W05-06,6,93.64,173.32,Devin Singletary,RB,BN,False,True,False,,0.0,,Devin Singletary,RB,,449.p.31906,31906,NYG,yahoo_fantasy_api
2024,5,,10,api,Uncle Rico,Post Mahomes,2024-W05-06,6,93.64,173.32,Davante Adams,WR,BN,False,True,False,,0.0,,Davante Adams,WR,,449.p.27581,27581,LAR,yahoo_fantasy_api
2024,5,,11,api,Uncle Rico,Post Mahomes,2024-W05-06,6,93.64,173.32,Austin Ekeler,RB,BN,False,True,False,,10.7,,Austin Ekeler,RB,,449.p.30423,30423,Was,yahoo_fantasy_api
2024,5,,12,api,Uncle Rico,Post Mahomes,2024-W05-06,6,93.64,173.32,Romeo Doubs,WR,BN,False,True,False,,0.0,,Romeo Doubs,WR,,449.p.34088,34088,NE,yahoo_fantasy_api
2024,5,,13,api,Uncle Rico,Post Mahomes,2024-W05-06,6,93.64,173.32,Brandin Cooks,WR,BN,False,True,False,,0.0,,Brandin Cooks,WR,,449.p.27548,27548,SF,yahoo_fantasy_api
2024,5,,14,api,Uncle Rico,Post Mahomes,2024-W05-06,6,93.64,173.32,Jonathon Brooks,RB,IR,False,False,True,,0.0,,Jonathon Brooks,RB,,449.p.40926,40926,Car,yahoo_fantasy_api
2024,5,,15,api,Uncle Rico,Post Mahomes,2024-W05-06,6,93.64,173.32,Tyler Bass,K,K,True,False,False,,8.0,,Tyler Bass,K,,449.p.32858,32858,Buf,yahoo_fantasy_api
2024,5,,16,api,Uncle Rico,Post Mahomes,2024-W05-06,6,93.64,173.32,Browns,DEF,DEF,True,False,False,,6.0,,Browns,DEF,,449.p.100005,100005,Cle,yahoo_fantasy_api
2024,5,,1,api,Voldemort,Buttermilk Puuump,2024-W05-03,3,79.04,79.26,Josh Allen,QB,QB,True,False,False,,16.64,,Josh Allen,QB,,449.p.30977,30977,Buf,yahoo_fantasy_api
2024,5,,2,api,Voldemort,Buttermilk Puuump,2024-W05-03,3,79.04,79.26,Diontae Johnson,WR,WR,True,False,False,,4.4,,Diontae Johnson,WR,,449.p.31898,31898,Cle,yahoo_fantasy_api
2024,5,,3,api,Voldemort,Buttermilk Puuump,2024-W05-03,3,79.04,79.26,Dontayvion Wicks,WR,WR,True,False,False,,3.0,,Dontayvion Wicks,WR,,449.p.40201,40201,Phi,yahoo_fantasy_api
2024,5,,4,api,Voldemort,Buttermilk Puuump,2024-W05-03,3,79.04,79.26,Travis Etienne Jr.,RB,RB,True,False,False,,9.0,,Travis Etienne Jr.,RB,,449.p.33413,33413,NO,yahoo_fantasy_api
2024,5,,5,api,Voldemort,Buttermilk Puuump,2024-W05-03,3,79.04,79.26,Kenneth Walker III,RB,RB,True,False,False,,11.1,,Kenneth Walker III,RB,,449.p.33996,33996,KC,yahoo_fantasy_api
2024,5,,6,api,Voldemort,Buttermilk Puuump,2024-W05-03,3,79.04,79.26,Dalton Kincaid,TE,TE,True,False,False,,4.4,,Dalton Kincaid,TE,,449.p.40048,40048,Buf,yahoo_fantasy_api
2024,5,,7,api,Voldemort,Buttermilk Puuump,2024-W05-03,3,79.04,79.26,Chuba Hubbard,RB,W/R/T,True,False,False,,15.5,,Chuba Hubbard,RB,,449.p.33514,33514,Car,yahoo_fantasy_api
2024,5,,8,api,Voldemort,Buttermilk Puuump,2024-W05-03,3,79.04,79.26,Khalil Shakir,WR,BN,False,True,False,,0.0,,Khalil Shakir,WR,,449.p.34104,34104,Buf,yahoo_fantasy_api
2024,5,,9,api,Voldemort,Buttermilk Puuump,2024-W05-03,3,79.04,79.26,Jonathan Taylor,RB,BN,False,True,False,,0.0,,Jonathan Taylor,RB,,449.p.32711,32711,Ind,yahoo_fantasy_api
2024,5,,10,api,Voldemort,Buttermilk Puuump,2024-W05-03,3,79.04,79.26,J.K. Dobbins,RB,BN,False,True,False,,0.0,,J.K. Dobbins,RB,,449.p.32725,32725,Den,yahoo_fantasy_api
2024,5,,11,api,Voldemort,Buttermilk Puuump,2024-W05-03,3,79.04,79.26,Calvin Ridley,WR,BN,False,True,False,,0.0,,Calvin Ridley,WR,,449.p.30996,30996,Ten,yahoo_fantasy_api
2024,5,,12,api,Voldemort,Buttermilk Puuump,2024-W05-03,3,79.04,79.26,Chase Brown,RB,BN,False,True,False,,14.9,,Chase Brown,RB,,449.p.40196,40196,Cin,yahoo_fantasy_api
2024,5,,13,api,Voldemort,Buttermilk Puuump,2024-W05-03,3,79.04,79.26,Trey Sermon,RB,BN,False,True,False,,15.3,,Trey Sermon,RB,,449.p.33476,33476,Atl,yahoo_fantasy_api
2024,5,,14,api,Voldemort,Buttermilk Puuump,2024-W05-03,3,79.04,79.26,Puka Nacua,WR,IR,False,False,True,,0.0,,Puka Nacua,WR,,449.p.40168,40168,LAR,yahoo_fantasy_api
2024,5,,15,api,Voldemort,Buttermilk Puuump,2024-W05-03,3,79.04,79.26,Cairo Santos,K,K,True,False,False,,6.0,,Cairo Santos,K,,449.p.28227,28227,Chi,yahoo_fantasy_api
2024,5,,16,api,Voldemort,Buttermilk Puuump,2024-W05-03,3,79.04,79.26,Jets,DEF,DEF,True,False,False,,9.0,,Jets,DEF,,449.p.100020,100020,NYJ,yahoo_fantasy_api
2024,5,,1,api,malle_dips_pouches,ThreatLevelMidnight,2024-W05-05,5,127.76,160.9,Caleb Williams,QB,QB,True,False,False,,27.56,,Caleb Williams,QB,,449.p.40900,40900,Chi,yahoo_fantasy_api
2024,5,,2,api,malle_dips_pouches,ThreatLevelMidnight,2024-W05-05,5,127.76,160.9,Drake London,WR,WR,True,False,False,,27.4,,Drake London,WR,,449.p.33963,33963,Atl,yahoo_fantasy_api
2024,5,,3,api,malle_dips_pouches,ThreatLevelMidnight,2024-W05-05,5,127.76,160.9,Josh Downs,WR,WR,True,False,False,,11.4,,Josh Downs,WR,,449.p.40126,40126,Ind,yahoo_fantasy_api
2024,5,,4,api,malle_dips_pouches,ThreatLevelMidnight,2024-W05-05,5,127.76,160.9,Brian Robinson,RB,RB,True,False,False,,13.8,,Brian Robinson,RB,,449.p.34054,34054,Atl,yahoo_fantasy_api
2024,5,,5,api,malle_dips_pouches,ThreatLevelMidnight,2024-W05-05,5,127.76,160.9,Antonio Gibson,RB,RB,True,False,False,,6.1,,Antonio Gibson,RB,,449.p.32736,32736,NE,yahoo_fantasy_api
2024,5,,6,api,malle_dips_pouches,ThreatLevelMidnight,2024-W05-05,5,127.76,160.9,Kyle Pitts Sr.,TE,TE,True,False,False,,12.3,,Kyle Pitts Sr.,TE,,449.p.33392,33392,Atl,yahoo_fantasy_api
2024,5,,7,api,malle_dips_pouches,ThreatLevelMidnight,2024-W05-05,5,127.76,160.9,Courtland Sutton,WR,W/R/T,True,False,False,,4.2,,Courtland Sutton,WR,,449.p.31010,31010,Den,yahoo_fantasy_api
2024,5,,8,api,malle_dips_pouches,ThreatLevelMidnight,2024-W05-05,5,127.76,160.9,Rhamondre Stevenson,RB,BN,False,True,False,,17.2,,Rhamondre Stevenson,RB,,449.p.33508,33508,NE,yahoo_fantasy_api
2024,5,,9,api,malle_dips_pouches,ThreatLevelMidnight,2024-W05-05,5,127.76,160.9,Christian Watson,WR,BN,False,True,False,,0.0,,Christian Watson,WR,,449.p.33989,33989,GB,yahoo_fantasy_api
2024,5,,10,api,malle_dips_pouches,ThreatLevelMidnight,2024-W05-05,5,127.76,160.9,Jaylen Waddle,WR,BN,False,True,False,,6.6,,Jaylen Waddle,WR,,449.p.33394,33394,Den,yahoo_fantasy_api
2024,5,,11,api,malle_dips_pouches,ThreatLevelMidnight,2024-W05-05,5,127.76,160.9,Justin Herbert,QB,BN,False,True,False,,0.0,,Justin Herbert,QB,,449.p.32676,32676,LAC,yahoo_fantasy_api
2024,5,,12,api,malle_dips_pouches,ThreatLevelMidnight,2024-W05-05,5,127.76,160.9,Joe Mixon,RB,BN,False,True,False,,0.0,,Joe Mixon,RB,,449.p.30161,30161,Hou,yahoo_fantasy_api
2024,5,,13,api,malle_dips_pouches,ThreatLevelMidnight,2024-W05-05,5,127.76,160.9,Pat Freiermuth,TE,BN,False,True,False,,7.7,,Pat Freiermuth,TE,,449.p.33443,33443,Pit,yahoo_fantasy_api
2024,5,,14,api,malle_dips_pouches,ThreatLevelMidnight,2024-W05-05,5,127.76,160.9,A.J. Brown,WR,IR,False,False,True,,0.0,,A.J. Brown,WR,,449.p.31883,31883,NE,yahoo_fantasy_api
2024,5,,15,api,malle_dips_pouches,ThreatLevelMidnight,2024-W05-05,5,127.76,160.9,Harrison Butker,K,K,True,False,False,,14.0,,Harrison Butker,K,,449.p.30346,30346,KC,yahoo_fantasy_api
2024,5,,16,api,malle_dips_pouches,ThreatLevelMidnight,2024-W05-05,5,127.76,160.9,Steelers,DEF,DEF,True,False,False,,11.0,,Steelers,DEF,,449.p.100023,100023,Pit,yahoo_fantasy_api
2024,6,,1,api,Buttermilk Puuump,Joe Mantegna,2024-W06-03,3,110.6,103.32,Jared Goff,QB,QB,True,False,False,,31.1,,Jared Goff,QB,,449.p.29235,29235,Det,yahoo_fantasy_api
2024,6,,2,api,Buttermilk Puuump,Joe Mantegna,2024-W06-03,3,110.6,103.32,Keenan Allen,WR,WR,True,False,False,,18.6,,Keenan Allen,WR,,449.p.26699,26699,Ind,yahoo_fantasy_api
2024,6,,3,api,Buttermilk Puuump,Joe Mantegna,2024-W06-03,3,110.6,103.32,Amon-Ra St. Brown,WR,WR,True,False,False,,11.7,,Amon-Ra St. Brown,WR,,449.p.33500,33500,Det,yahoo_fantasy_api
2024,6,,4,api,Buttermilk Puuump,Joe Mantegna,2024-W06-03,3,110.6,103.32,Najee Harris,RB,RB,True,False,False,,19.2,,Najee Harris,RB,,449.p.33412,33412,NYG,yahoo_fantasy_api
2024,6,,5,api,Buttermilk Puuump,Joe Mantegna,2024-W06-03,3,110.6,103.32,Rachaad White,RB,RB,True,False,False,,0.0,,Rachaad White,RB,,449.p.34047,34047,Was,yahoo_fantasy_api
2024,6,,6,api,Buttermilk Puuump,Joe Mantegna,2024-W06-03,3,110.6,103.32,Noah Fant,TE,TE,True,False,False,,9.3,,Noah Fant,TE,,449.p.31852,31852,NO,yahoo_fantasy_api
2024,6,,7,api,Buttermilk Puuump,Joe Mantegna,2024-W06-03,3,110.6,103.32,Tyjae Spears,RB,W/R/T,True,False,False,,2.7,,Tyjae Spears,RB,,449.p.40119,40119,Ten,yahoo_fantasy_api
2024,6,,8,api,Buttermilk Puuump,Joe Mantegna,2024-W06-03,3,110.6,103.32,Jordan Addison,WR,BN,False,True,False,,0.0,,Jordan Addison,WR,,449.p.40042,40042,Min,yahoo_fantasy_api
2024,6,,9,api,Buttermilk Puuump,Joe Mantegna,2024-W06-03,3,110.6,103.32,David Njoku,TE,BN,False,True,False,,5.6,,David Njoku,TE,,449.p.30142,30142,LAC,yahoo_fantasy_api
2024,6,,10,api,Buttermilk Puuump,Joe Mantegna,2024-W06-03,3,110.6,103.32,Aaron Rodgers,QB,BN,False,True,False,,22.76,,Aaron Rodgers,QB,,449.p.7200,7200,Pit,yahoo_fantasy_api
2024,6,,11,api,Buttermilk Puuump,Joe Mantegna,2024-W06-03,3,110.6,103.32,Tyreek Hill,WR,BN,False,True,False,,0.0,,Tyreek Hill,WR,,449.p.29399,29399,Mia,yahoo_fantasy_api
2024,6,,12,api,Buttermilk Puuump,Joe Mantegna,2024-W06-03,3,110.6,103.32,Raheem Mostert,RB,BN,False,True,False,,0.0,,Raheem Mostert,RB,,449.p.28654,28654,LV,yahoo_fantasy_api
2024,6,,13,api,Buttermilk Puuump,Joe Mantegna,2024-W06-03,3,110.6,103.32,Jerry Jeudy,WR,BN,False,True,False,,4.0,,Jerry Jeudy,WR,,449.p.32685,32685,Cle,yahoo_fantasy_api
2024,6,,14,api,Buttermilk Puuump,Joe Mantegna,2024-W06-03,3,110.6,103.32,Younghoe Koo,K,K,True,False,False,,12.0,,Younghoe Koo,K,,449.p.30426,30426,NYG,yahoo_fantasy_api
2024,6,,15,api,Buttermilk Puuump,Joe Mantegna,2024-W06-03,3,110.6,103.32,Bills,DEF,DEF,True,False,False,,6.0,,Bills,DEF,,449.p.100002,100002,Buf,yahoo_fantasy_api
2024,6,,1,api,Ginger FC 🏆🏆,ThreatLevelMidnight,2024-W06-04,4,103.52,77.46,Jordan Love,QB,QB,True,False,False,,34.62,,Jordan Love,QB,,449.p.32696,32696,GB,yahoo_fantasy_api
2024,6,,2,api,Ginger FC 🏆🏆,ThreatLevelMidnight,2024-W06-04,4,103.52,77.46,Brian Thomas Jr.,WR,WR,True,False,False,,4.2,,Brian Thomas Jr.,WR,,449.p.40883,40883,Jax,yahoo_fantasy_api
2024,6,,3,api,Ginger FC 🏆🏆,ThreatLevelMidnight,2024-W06-04,4,103.52,77.46,Brandon Aiyuk,WR,WR,True,False,False,,4.7,,Brandon Aiyuk,WR,,449.p.32695,32695,SF,yahoo_fantasy_api
2024,6,,4,api,Ginger FC 🏆🏆,ThreatLevelMidnight,2024-W06-04,4,103.52,77.46,Alexander Mattison,RB,RB,True,False,False,,15.0,,Alexander Mattison,RB,,449.p.31934,31934,Mia,yahoo_fantasy_api
2024,6,,5,api,Ginger FC 🏆🏆,ThreatLevelMidnight,2024-W06-04,4,103.52,77.46,Roschon Johnson,RB,RB,True,False,False,,4.3,,Roschon Johnson,RB,,449.p.40162,40162,Chi,yahoo_fantasy_api
2024,6,,6,api,Ginger FC 🏆🏆,ThreatLevelMidnight,2024-W06-04,4,103.52,77.46,Dallas Goedert,TE,TE,True,False,False,,0.0,,Dallas Goedert,TE,,449.p.31019,31019,Phi,yahoo_fantasy_api
2024,6,,7,api,Ginger FC 🏆🏆,ThreatLevelMidnight,2024-W06-04,4,103.52,77.46,Stefon Diggs,WR,W/R/T,True,False,False,,16.7,,Stefon Diggs,WR,,449.p.28534,28534,Was,yahoo_fantasy_api
2024,6,,8,api,Ginger FC 🏆🏆,ThreatLevelMidnight,2024-W06-04,4,103.52,77.46,Cade Otton,TE,BN,False,True,False,,8.5,,Cade Otton,TE,,449.p.34062,34062,TB,yahoo_fantasy_api
2024,6,,9,api,Ginger FC 🏆🏆,ThreatLevelMidnight,2024-W06-04,4,103.52,77.46,De'Von Achane,RB,BN,False,True,False,,0.0,,De'Von Achane,RB,,449.p.40118,40118,Mia,yahoo_fantasy_api
2024,6,,10,api,Ginger FC 🏆🏆,ThreatLevelMidnight,2024-W06-04,4,103.52,77.46,Kirk Cousins,QB,BN,False,True,False,,14.5,,Kirk Cousins,QB,,449.p.25812,25812,LV,yahoo_fantasy_api
2024,6,,11,api,Ginger FC 🏆🏆,ThreatLevelMidnight,2024-W06-04,4,103.52,77.46,Christian McCaffrey,RB,BN,False,True,False,,0.0,,Christian McCaffrey,RB,,449.p.30121,30121,SF,yahoo_fantasy_api
2024,6,,12,api,Ginger FC 🏆🏆,ThreatLevelMidnight,2024-W06-04,4,103.52,77.46,Kareem Hunt,RB,BN,False,True,False,,0.0,,Kareem Hunt,RB,,449.p.30199,30199,KC,yahoo_fantasy_api
2024,6,,13,api,Ginger FC 🏆🏆,ThreatLevelMidnight,2024-W06-04,4,103.52,77.46,Nick Chubb,RB,IR,False,False,True,,0.0,,Nick Chubb,RB,,449.p.31005,31005,Hou,yahoo_fantasy_api
2024,6,,14,api,Ginger FC 🏆🏆,ThreatLevelMidnight,2024-W06-04,4,103.52,77.46,Chris Boswell,K,K,True,False,False,,17.0,,Chris Boswell,K,,449.p.28188,28188,Pit,yahoo_fantasy_api
2024,6,,15,api,Ginger FC 🏆🏆,ThreatLevelMidnight,2024-W06-04,4,103.52,77.46,49ers,DEF,DEF,True,False,False,,7.0,,49ers,DEF,,449.p.100025,100025,SF,yahoo_fantasy_api
2024,6,,1,api,Joe Mantegna,Buttermilk Puuump,2024-W06-03,3,103.32,110.6,Dak Prescott,QB,QB,True,False,False,,5.22,,Dak Prescott,QB,,449.p.29369,29369,Dal,yahoo_fantasy_api
2024,6,,2,api,Joe Mantegna,Buttermilk Puuump,2024-W06-03,3,103.32,110.6,Garrett Wilson,WR,WR,True,False,False,,20.7,,Garrett Wilson,WR,,449.p.33965,33965,NYJ,yahoo_fantasy_api
2024,6,,3,api,Joe Mantegna,Buttermilk Puuump,2024-W06-03,3,103.32,110.6,Wan'Dale Robinson,WR,WR,True,False,False,,7.5,,Wan'Dale Robinson,WR,,449.p.33998,33998,Ten,yahoo_fantasy_api
2024,6,,4,api,Joe Mantegna,Buttermilk Puuump,2024-W06-03,3,103.32,110.6,Breece Hall,RB,RB,True,False,False,,19.4,,Breece Hall,RB,,449.p.33991,33991,NYJ,yahoo_fantasy_api
2024,6,,5,api,Joe Mantegna,Buttermilk Puuump,2024-W06-03,3,103.32,110.6,Bucky Irving,RB,RB,True,False,False,,17.5,,Bucky Irving,RB,,449.p.40993,40993,TB,yahoo_fantasy_api
2024,6,,6,api,Joe Mantegna,Buttermilk Puuump,2024-W06-03,3,103.32,110.6,Evan Engram,TE,TE,True,False,False,,13.2,,Evan Engram,TE,,449.p.30136,30136,Den,yahoo_fantasy_api
2024,6,,7,api,Joe Mantegna,Buttermilk Puuump,2024-W06-03,3,103.32,110.6,George Pickens,WR,W/R/T,True,False,False,,6.8,,George Pickens,WR,,449.p.34007,34007,Dal,yahoo_fantasy_api
2024,6,,8,api,Joe Mantegna,Buttermilk Puuump,2024-W06-03,3,103.32,110.6,Hunter Henry,TE,BN,False,True,False,,11.6,,Hunter Henry,TE,,449.p.29269,29269,NE,yahoo_fantasy_api
2024,6,,9,api,Joe Mantegna,Buttermilk Puuump,2024-W06-03,3,103.32,110.6,James Cook III,RB,BN,False,True,False,,0.0,,James Cook III,RB,,449.p.34019,34019,Buf,yahoo_fantasy_api
2024,6,,10,api,Joe Mantegna,Buttermilk Puuump,2024-W06-03,3,103.32,110.6,Jakobi Meyers,WR,BN,False,True,False,,0.0,,Jakobi Meyers,WR,,449.p.32231,32231,Jax,yahoo_fantasy_api
2024,6,,11,api,Joe Mantegna,Buttermilk Puuump,2024-W06-03,3,103.32,110.6,Ty Chandler,RB,BN,False,True,False,,0.0,,Ty Chandler,RB,,449.p.34125,34125,NO,yahoo_fantasy_api
2024,6,,12,api,Joe Mantegna,Buttermilk Puuump,2024-W06-03,3,103.32,110.6,Demarcus Robinson,WR,BN,False,True,False,,0.0,,Demarcus Robinson,WR,,449.p.29360,29360,SF,yahoo_fantasy_api
2024,6,,13,api,Joe Mantegna,Buttermilk Puuump,2024-W06-03,3,103.32,110.6,Jalen Tolbert,WR,BN,False,True,False,,6.3,,Jalen Tolbert,WR,,449.p.34044,34044,Mia,yahoo_fantasy_api
2024,6,,14,api,Joe Mantegna,Buttermilk Puuump,2024-W06-03,3,103.32,110.6,Nico Collins,WR,IR,False,False,True,,0.0,,Nico Collins,WR,,449.p.33477,33477,Hou,yahoo_fantasy_api
2024,6,,15,api,Joe Mantegna,Buttermilk Puuump,2024-W06-03,3,103.32,110.6,Jake Elliott,K,K,True,False,False,,10.0,,Jake Elliott,K,,449.p.30266,30266,Phi,yahoo_fantasy_api
2024,6,,16,api,Joe Mantegna,Buttermilk Puuump,2024-W06-03,3,103.32,110.6,Colts,DEF,DEF,True,False,False,,3.0,,Colts,DEF,,449.p.100011,100011,Ind,yahoo_fantasy_api
2024,6,,1,api,Malle ❤️ 🐸,The Big Gronkowski,2024-W06-01,1,98.36,62.22,Jalen Hurts,QB,QB,True,False,False,,25.86,,Jalen Hurts,QB,,449.p.32723,32723,Phi,yahoo_fantasy_api
2024,6,,2,api,Malle ❤️ 🐸,The Big Gronkowski,2024-W06-01,1,98.36,62.22,Tyler Lockett,WR,WR,True,False,False,,14.5,,Tyler Lockett,WR,,449.p.28457,28457,LV,yahoo_fantasy_api
2024,6,,3,api,Malle ❤️ 🐸,The Big Gronkowski,2024-W06-01,1,98.36,62.22,Rashid Shaheed,WR,WR,True,False,False,,7.8,,Rashid Shaheed,WR,,449.p.34659,34659,Sea,yahoo_fantasy_api
2024,6,,4,api,Malle ❤️ 🐸,The Big Gronkowski,2024-W06-01,1,98.36,62.22,Saquon Barkley,RB,RB,True,False,False,,6.4,,Saquon Barkley,RB,,449.p.30972,30972,Phi,yahoo_fantasy_api
2024,6,,5,api,Malle ❤️ 🐸,The Big Gronkowski,2024-W06-01,1,98.36,62.22,Jaleel McLaughlin,RB,RB,True,False,False,,3.5,,Jaleel McLaughlin,RB,,449.p.40696,40696,Cle,yahoo_fantasy_api
2024,6,,6,api,Malle ❤️ 🐸,The Big Gronkowski,2024-W06-01,1,98.36,62.22,George Kittle,TE,TE,True,False,False,,20.3,,George Kittle,TE,,449.p.30259,30259,SF,yahoo_fantasy_api
2024,6,,7,api,Malle ❤️ 🐸,The Big Gronkowski,2024-W06-01,1,98.36,62.22,Marvin Harrison Jr.,WR,W/R/T,True,False,False,,0.0,,Marvin Harrison Jr.,WR,,449.p.40893,40893,Ari,yahoo_fantasy_api
2024,6,,8,api,Malle ❤️ 🐸,The Big Gronkowski,2024-W06-01,1,98.36,62.22,Zamir White,RB,BN,False,True,False,,0.0,,Zamir White,RB,,449.p.34078,34078,NO,yahoo_fantasy_api
2024,6,,9,api,Malle ❤️ 🐸,The Big Gronkowski,2024-W06-01,1,98.36,62.22,Malik Nabers,WR,BN,False,True,False,,0.0,,Malik Nabers,WR,,449.p.40899,40899,NYG,yahoo_fantasy_api
2024,6,,10,api,Malle ❤️ 🐸,The Big Gronkowski,2024-W06-01,1,98.36,62.22,Brock Purdy,QB,BN,False,True,False,,30.1,,Brock Purdy,QB,,449.p.34218,34218,SF,yahoo_fantasy_api
2024,6,,11,api,Malle ❤️ 🐸,The Big Gronkowski,2024-W06-01,1,98.36,62.22,Cole Kmet,TE,BN,False,True,False,,21.5,,Cole Kmet,TE,,449.p.32713,32713,Chi,yahoo_fantasy_api
2024,6,,12,api,Malle ❤️ 🐸,The Big Gronkowski,2024-W06-01,1,98.36,62.22,Adam Thielen,WR,BN,False,True,False,,0.0,,Adam Thielen,WR,,449.p.27277,27277,Pit,yahoo_fantasy_api
2024,6,,13,api,Malle ❤️ 🐸,The Big Gronkowski,2024-W06-01,1,98.36,62.22,Justin Tucker,K,K,True,False,False,,13.0,,Justin Tucker,K,,449.p.26534,26534,Bal,yahoo_fantasy_api
2024,6,,14,api,Malle ❤️ 🐸,The Big Gronkowski,2024-W06-01,1,98.36,62.22,Chargers,DEF,DEF,True,False,False,,7.0,,Chargers,DEF,,449.p.100024,100024,LAC,yahoo_fantasy_api
2024,6,,15,api,Malle ❤️ 🐸,The Big Gronkowski,2024-W06-01,1,98.36,62.22,Vikings,DEF,BN,False,True,False,,0.0,,Vikings,DEF,,449.p.100016,100016,Min,yahoo_fantasy_api
2024,6,,1,api,Patty Primetimes,Post Mahomes,2024-W06-06,6,101.56,107.62,Jayden Daniels,QB,QB,True,False,False,,24.96,,Jayden Daniels,QB,,449.p.40896,40896,Was,yahoo_fantasy_api
2024,6,,2,api,Patty Primetimes,Post Mahomes,2024-W06-06,6,101.56,107.62,CeeDee Lamb,WR,WR,True,False,False,,12.6,,CeeDee Lamb,WR,,449.p.32687,32687,Dal,yahoo_fantasy_api
2024,6,,3,api,Patty Primetimes,Post Mahomes,2024-W06-06,6,101.56,107.62,Terry McLaurin,WR,WR,True,False,False,,20.3,,Terry McLaurin,WR,,449.p.31908,31908,Was,yahoo_fantasy_api
2024,6,,4,api,Patty Primetimes,Post Mahomes,2024-W06-06,6,101.56,107.62,Tank Bigsby,RB,RB,True,False,False,,2.4,,Tank Bigsby,RB,,449.p.40095,40095,Phi,yahoo_fantasy_api
2024,6,,5,api,Patty Primetimes,Post Mahomes,2024-W06-06,6,101.56,107.62,Tony Pollard,RB,RB,True,False,False,,16.3,,Tony Pollard,RB,,449.p.31960,31960,Ten,yahoo_fantasy_api
2024,6,,6,api,Patty Primetimes,Post Mahomes,2024-W06-06,6,101.56,107.62,Dalton Schultz,TE,TE,True,False,False,,4.7,,Dalton Schultz,TE,,449.p.31107,31107,Hou,yahoo_fantasy_api
2024,6,,7,api,Patty Primetimes,Post Mahomes,2024-W06-06,6,101.56,107.62,Ladd McConkey,WR,W/R/T,True,False,False,,6.3,,Ladd McConkey,WR,,449.p.40908,40908,LAC,yahoo_fantasy_api
2024,6,,8,api,Patty Primetimes,Post Mahomes,2024-W06-06,6,101.56,107.62,Travis Kelce,TE,BN,False,True,False,,0.0,,Travis Kelce,TE,,449.p.26686,26686,KC,yahoo_fantasy_api
2024,6,,9,api,Patty Primetimes,Post Mahomes,2024-W06-06,6,101.56,107.62,Aaron Jones Sr.,RB,BN,False,True,False,,0.0,,Aaron Jones Sr.,RB,,449.p.30295,30295,Min,yahoo_fantasy_api
2024,6,,10,api,Patty Primetimes,Post Mahomes,2024-W06-06,6,101.56,107.62,Xavier Worthy,WR,BN,False,True,False,,0.0,,Xavier Worthy,WR,,449.p.40877,40877,KC,yahoo_fantasy_api
2024,6,,11,api,Patty Primetimes,Post Mahomes,2024-W06-06,6,101.56,107.62,Anthony Richardson Sr.,QB,BN,False,True,False,,0.0,,Anthony Richardson Sr.,QB,,449.p.40040,40040,Ind,yahoo_fantasy_api
2024,6,,12,api,Patty Primetimes,Post Mahomes,2024-W06-06,6,101.56,107.62,Cooper Kupp,WR,BN,False,True,False,,0.0,,Cooper Kupp,WR,,449.p.30182,30182,Sea,yahoo_fantasy_api
2024,6,,13,api,Patty Primetimes,Post Mahomes,2024-W06-06,6,101.56,107.62,Tyrone Tracy Jr.,RB,BN,False,True,False,,19.7,,Tyrone Tracy Jr.,RB,,449.p.41048,41048,NYG,yahoo_fantasy_api
2024,6,,14,api,Patty Primetimes,Post Mahomes,2024-W06-06,6,101.56,107.62,Evan McPherson,K,K,True,False,False,,5.0,,Evan McPherson,K,,449.p.33537,33537,Cin,yahoo_fantasy_api
2024,6,,15,api,Patty Primetimes,Post Mahomes,2024-W06-06,6,101.56,107.62,Bears,DEF,DEF,True,False,False,,9.0,,Bears,DEF,,449.p.100003,100003,Chi,yahoo_fantasy_api
2024,6,,1,api,Pop Lockett Drop it,malle_dips_pouches,2024-W06-05,5,134.58,160.44,C.J. Stroud,QB,QB,True,False,False,,25.38,,C.J. Stroud,QB,,449.p.40030,40030,Hou,yahoo_fantasy_api
2024,6,,2,api,Pop Lockett Drop it,malle_dips_pouches,2024-W06-05,5,134.58,160.44,Mike Evans,WR,WR,True,False,False,,4.4,,Mike Evans,WR,,449.p.27535,27535,SF,yahoo_fantasy_api
2024,6,,3,api,Pop Lockett Drop it,malle_dips_pouches,2024-W06-05,5,134.58,160.44,DeVonta Smith,WR,WR,True,False,False,,13.9,,DeVonta Smith,WR,,449.p.33398,33398,Phi,yahoo_fantasy_api
2024,6,,4,api,Pop Lockett Drop it,malle_dips_pouches,2024-W06-05,5,134.58,160.44,Bijan Robinson,RB,RB,True,False,False,,24.0,,Bijan Robinson,RB,,449.p.40055,40055,Atl,yahoo_fantasy_api
2024,6,,5,api,Pop Lockett Drop it,malle_dips_pouches,2024-W06-05,5,134.58,160.44,David Montgomery,RB,RB,True,False,False,,20.5,,David Montgomery,RB,,449.p.31905,31905,Hou,yahoo_fantasy_api
2024,6,,6,api,Pop Lockett Drop it,malle_dips_pouches,2024-W06-05,5,134.58,160.44,Trey McBride,TE,TE,True,False,False,,13.6,,Trey McBride,TE,,449.p.34010,34010,Ari,yahoo_fantasy_api
2024,6,,7,api,Pop Lockett Drop it,malle_dips_pouches,2024-W06-05,5,134.58,160.44,Jayden Reed,WR,W/R/T,True,False,False,,11.8,,Jayden Reed,WR,,449.p.40063,40063,GB,yahoo_fantasy_api
2024,6,,8,api,Pop Lockett Drop it,malle_dips_pouches,2024-W06-05,5,134.58,160.44,Rome Odunze,WR,BN,False,True,False,,5.0,,Rome Odunze,WR,,449.p.40901,40901,Chi,yahoo_fantasy_api
2024,6,,9,api,Pop Lockett Drop it,malle_dips_pouches,2024-W06-05,5,134.58,160.44,Zack Moss,RB,BN,False,True,False,,0.0,,Zack Moss,RB,,449.p.32756,32756,Cin,yahoo_fantasy_api
2024,6,,10,api,Pop Lockett Drop it,malle_dips_pouches,2024-W06-05,5,134.58,160.44,Mike Gesicki,TE,BN,False,True,False,,0.0,,Mike Gesicki,TE,,449.p.31012,31012,Cin,yahoo_fantasy_api
2024,6,,11,api,Pop Lockett Drop it,malle_dips_pouches,2024-W06-05,5,134.58,160.44,Jameson Williams,WR,BN,False,True,False,,16.2,,Jameson Williams,WR,,449.p.33967,33967,Det,yahoo_fantasy_api
2024,6,,12,api,Pop Lockett Drop it,malle_dips_pouches,2024-W06-05,5,134.58,160.44,Rico Dowdle,RB,BN,False,True,False,,8.0,,Rico Dowdle,RB,,449.p.33100,33100,Pit,yahoo_fantasy_api
2024,6,,13,api,Pop Lockett Drop it,malle_dips_pouches,2024-W06-05,5,134.58,160.44,Justin Fields,QB,BN,False,True,False,,23.7,,Justin Fields,QB,,449.p.33399,33399,KC,yahoo_fantasy_api
2024,6,,14,api,Pop Lockett Drop it,malle_dips_pouches,2024-W06-05,5,134.58,160.44,Ka'imi Fairbairn,K,K,True,False,False,,12.0,,Ka'imi Fairbairn,K,,449.p.29792,29792,Hou,yahoo_fantasy_api
2024,6,,15,api,Pop Lockett Drop it,malle_dips_pouches,2024-W06-05,5,134.58,160.44,Eagles,DEF,DEF,True,False,False,,9.0,,Eagles,DEF,,449.p.100021,100021,Phi,yahoo_fantasy_api
2024,6,,1,api,Post Mahomes,Patty Primetimes,2024-W06-06,6,107.62,101.56,Lamar Jackson,QB,QB,True,False,False,,21.92,,Lamar Jackson,QB,,449.p.31002,31002,Bal,yahoo_fantasy_api
2024,6,,2,api,Post Mahomes,Patty Primetimes,2024-W06-06,6,107.62,101.56,Deebo Samuel Sr.,WR,WR,True,False,False,,19.2,,Deebo Samuel Sr.,WR,,449.p.31868,31868,SF,yahoo_fantasy_api
2024,6,,3,api,Post Mahomes,Patty Primetimes,2024-W06-06,6,107.62,101.56,Darnell Mooney,WR,WR,True,False,False,,5.3,,Darnell Mooney,WR,,449.p.32843,32843,NYG,yahoo_fantasy_api
2024,6,,4,api,Post Mahomes,Patty Primetimes,2024-W06-06,6,107.62,101.56,Jahmyr Gibbs,RB,RB,True,False,False,,10.6,,Jahmyr Gibbs,RB,,449.p.40059,40059,Det,yahoo_fantasy_api
2024,6,,5,api,Post Mahomes,Patty Primetimes,2024-W06-06,6,107.62,101.56,Braelon Allen,RB,RB,True,False,False,,0.8,,Braelon Allen,RB,,449.p.40981,40981,NYJ,yahoo_fantasy_api
2024,6,,6,api,Post Mahomes,Patty Primetimes,2024-W06-06,6,107.62,101.56,Brock Bowers,TE,TE,True,False,False,,11.6,,Brock Bowers,TE,,449.p.40878,40878,LV,yahoo_fantasy_api
2024,6,,7,api,Post Mahomes,Patty Primetimes,2024-W06-06,6,107.62,101.56,Tee Higgins,WR,W/R/T,True,False,False,,11.2,,Tee Higgins,WR,,449.p.32703,32703,Cin,yahoo_fantasy_api
2024,6,,8,api,Post Mahomes,Patty Primetimes,2024-W06-06,6,107.62,101.56,Amari Cooper,WR,BN,False,True,False,,6.2,,Amari Cooper,WR,,449.p.28392,28392,Buf,yahoo_fantasy_api
2024,6,,9,api,Post Mahomes,Patty Primetimes,2024-W06-06,6,107.62,101.56,Michael Pittman Jr.,WR,BN,False,True,False,,11.0,,Michael Pittman Jr.,WR,,449.p.32704,32704,Pit,yahoo_fantasy_api
2024,6,,10,api,Post Mahomes,Patty Primetimes,2024-W06-06,6,107.62,101.56,Kyren Williams,RB,BN,False,True,False,,0.0,,Kyren Williams,RB,,449.p.34120,34120,LAR,yahoo_fantasy_api
2024,6,,11,api,Post Mahomes,Patty Primetimes,2024-W06-06,6,107.62,101.56,Isiah Pacheco,RB,BN,False,True,False,,0.0,,Isiah Pacheco,RB,,449.p.34207,34207,Det,yahoo_fantasy_api
2024,6,,12,api,Post Mahomes,Patty Primetimes,2024-W06-06,6,107.62,101.56,JuJu Smith-Schuster,WR,BN,False,True,False,,0.0,,JuJu Smith-Schuster,WR,,449.p.30175,30175,NYG,yahoo_fantasy_api
2024,6,,13,api,Post Mahomes,Patty Primetimes,2024-W06-06,6,107.62,101.56,T.J. Hockenson,TE,IR,False,False,True,,0.0,,T.J. Hockenson,TE,,449.p.31840,31840,Min,yahoo_fantasy_api
2024,6,,14,api,Post Mahomes,Patty Primetimes,2024-W06-06,6,107.62,101.56,Austin Seibert,K,K,True,False,False,,15.0,,Austin Seibert,K,,449.p.32002,32002,Was,yahoo_fantasy_api
2024,6,,15,api,Post Mahomes,Patty Primetimes,2024-W06-06,6,107.62,101.56,Texans,DEF,DEF,True,False,False,,12.0,,Texans,DEF,,449.p.100034,100034,Hou,yahoo_fantasy_api
2024,6,,16,api,Post Mahomes,Patty Primetimes,2024-W06-06,6,107.62,101.56,Chiefs,DEF,BN,False,True,False,,0.0,,Chiefs,DEF,,449.p.100012,100012,KC,yahoo_fantasy_api
2024,6,,1,api,The Big Gronkowski,Malle ❤️ 🐸,2024-W06-01,1,62.22,98.36,Joe Burrow,QB,QB,True,False,False,,19.82,,Joe Burrow,QB,,449.p.32671,32671,Cin,yahoo_fantasy_api
2024,6,,2,api,The Big Gronkowski,Malle ❤️ 🐸,2024-W06-01,1,62.22,98.36,Chris Olave,WR,WR,True,False,False,,-1.0,,Chris Olave,WR,,449.p.33966,33966,NO,yahoo_fantasy_api
2024,6,,3,api,The Big Gronkowski,Malle ❤️ 🐸,2024-W06-01,1,62.22,98.36,Jaxon Smith-Njigba,WR,WR,True,False,False,,7.8,,Jaxon Smith-Njigba,WR,,449.p.40041,40041,Sea,yahoo_fantasy_api
2024,6,,4,api,The Big Gronkowski,Malle ❤️ 🐸,2024-W06-01,1,62.22,98.36,Alvin Kamara,RB,RB,True,False,False,,14.9,,Alvin Kamara,RB,,449.p.30180,30180,NO,yahoo_fantasy_api
2024,6,,5,api,The Big Gronkowski,Malle ❤️ 🐸,2024-W06-01,1,62.22,98.36,Javonte Williams,RB,RB,True,False,False,,3.1,,Javonte Williams,RB,,449.p.33423,33423,Dal,yahoo_fantasy_api
2024,6,,6,api,The Big Gronkowski,Malle ❤️ 🐸,2024-W06-01,1,62.22,98.36,Jake Ferguson,TE,TE,True,False,False,,2.6,,Jake Ferguson,TE,,449.p.34085,34085,Dal,yahoo_fantasy_api
2024,6,,7,api,The Big Gronkowski,Malle ❤️ 🐸,2024-W06-01,1,62.22,98.36,DJ Moore,WR,W/R/T,True,False,False,,4.0,,DJ Moore,WR,,449.p.30994,30994,Buf,yahoo_fantasy_api
2024,6,,8,api,The Big Gronkowski,Malle ❤️ 🐸,2024-W06-01,1,62.22,98.36,Justin Jefferson,WR,BN,False,True,False,,0.0,,Justin Jefferson,WR,,449.p.32692,32692,Min,yahoo_fantasy_api
2024,6,,9,api,The Big Gronkowski,Malle ❤️ 🐸,2024-W06-01,1,62.22,98.36,Isaiah Likely,TE,BN,False,True,False,,3.7,,Isaiah Likely,TE,,449.p.34095,34095,NYG,yahoo_fantasy_api
2024,6,,10,api,The Big Gronkowski,Malle ❤️ 🐸,2024-W06-01,1,62.22,98.36,Matthew Stafford,QB,BN,False,True,False,,0.0,,Matthew Stafford,QB,,449.p.9265,9265,LAR,yahoo_fantasy_api
2024,6,,11,api,The Big Gronkowski,Malle ❤️ 🐸,2024-W06-01,1,62.22,98.36,Gus Edwards,RB,BN,False,True,False,,0.0,,Gus Edwards,RB,,449.p.31424,31424,LAC,yahoo_fantasy_api
2024,6,,12,api,The Big Gronkowski,Malle ❤️ 🐸,2024-W06-01,1,62.22,98.36,Adonai Mitchell,WR,BN,False,True,False,,1.9,,Adonai Mitchell,WR,,449.p.40915,40915,NYJ,yahoo_fantasy_api
2024,6,,13,api,The Big Gronkowski,Malle ❤️ 🐸,2024-W06-01,1,62.22,98.36,MarShawn Lloyd,RB,BN,False,True,False,,0.0,,MarShawn Lloyd,RB,,449.p.40971,40971,GB,yahoo_fantasy_api
2024,6,,14,api,The Big Gronkowski,Malle ❤️ 🐸,2024-W06-01,1,62.22,98.36,Brandon Aubrey,K,K,True,False,False,,12.0,,Brandon Aubrey,K,,449.p.40819,40819,Dal,yahoo_fantasy_api
2024,6,,15,api,The Big Gronkowski,Malle ❤️ 🐸,2024-W06-01,1,62.22,98.36,Cowboys,DEF,DEF,True,False,False,,-1.0,,Cowboys,DEF,,449.p.100006,100006,Dal,yahoo_fantasy_api
2024,6,,1,api,ThreatLevelMidnight,Ginger FC 🏆🏆,2024-W06-04,4,77.46,103.52,Kyler Murray,QB,QB,True,False,False,,13.96,,Kyler Murray,QB,,449.p.31833,31833,Min,yahoo_fantasy_api
2024,6,,2,api,ThreatLevelMidnight,Ginger FC 🏆🏆,2024-W06-04,4,77.46,103.52,Ja'Marr Chase,WR,WR,True,False,False,,9.7,,Ja'Marr Chase,WR,,449.p.33393,33393,Cin,yahoo_fantasy_api
2024,6,,3,api,ThreatLevelMidnight,Ginger FC 🏆🏆,2024-W06-04,4,77.46,103.52,DK Metcalf,WR,WR,True,False,False,,6.3,,DK Metcalf,WR,,449.p.31896,31896,Pit,yahoo_fantasy_api
2024,6,,4,api,ThreatLevelMidnight,Ginger FC 🏆🏆,2024-W06-04,4,77.46,103.52,Jordan Mason,RB,RB,True,False,False,,8.7,,Jordan Mason,RB,,449.p.34320,34320,Min,yahoo_fantasy_api
2024,6,,5,api,ThreatLevelMidnight,Ginger FC 🏆🏆,2024-W06-04,4,77.46,103.52,James Conner,RB,RB,True,False,False,,4.6,,James Conner,RB,,449.p.30218,30218,Ari,yahoo_fantasy_api
2024,6,,6,api,ThreatLevelMidnight,Ginger FC 🏆🏆,2024-W06-04,4,77.46,103.52,Sam LaPorta,TE,TE,True,False,False,,11.7,,Sam LaPorta,TE,,449.p.40064,40064,Det,yahoo_fantasy_api
2024,6,,7,api,ThreatLevelMidnight,Ginger FC 🏆🏆,2024-W06-04,4,77.46,103.52,Josh Jacobs,RB,W/R/T,True,False,False,,10.5,,Josh Jacobs,RB,,449.p.31856,31856,GB,yahoo_fantasy_api
2024,6,,8,api,ThreatLevelMidnight,Ginger FC 🏆🏆,2024-W06-04,4,77.46,103.52,Tucker Kraft,TE,BN,False,True,False,,2.5,,Tucker Kraft,TE,,449.p.40102,40102,GB,yahoo_fantasy_api
2024,6,,9,api,ThreatLevelMidnight,Ginger FC 🏆🏆,2024-W06-04,4,77.46,103.52,Chris Godwin Jr.,WR,BN,False,True,False,,30.0,,Chris Godwin Jr.,WR,,449.p.30197,30197,TB,yahoo_fantasy_api
2024,6,,10,api,ThreatLevelMidnight,Ginger FC 🏆🏆,2024-W06-04,4,77.46,103.52,Baker Mayfield,QB,BN,False,True,False,,36.9,,Baker Mayfield,QB,,449.p.30971,30971,TB,yahoo_fantasy_api
2024,6,,11,api,ThreatLevelMidnight,Ginger FC 🏆🏆,2024-W06-04,4,77.46,103.52,Christian Kirk,WR,BN,False,True,False,,5.4,,Christian Kirk,WR,,449.p.31017,31017,SF,yahoo_fantasy_api
2024,6,,12,api,ThreatLevelMidnight,Ginger FC 🏆🏆,2024-W06-04,4,77.46,103.52,Trey Benson,RB,BN,False,True,False,,2.6,,Trey Benson,RB,,449.p.40958,40958,Ari,yahoo_fantasy_api
2024,6,,13,api,ThreatLevelMidnight,Ginger FC 🏆🏆,2024-W06-04,4,77.46,103.52,Keaton Mitchell,RB,IR,False,False,True,,0.0,,Keaton Mitchell,RB,,449.p.40641,40641,LAC,yahoo_fantasy_api
2024,6,,14,api,ThreatLevelMidnight,Ginger FC 🏆🏆,2024-W06-04,4,77.46,103.52,Chase McLaughlin,K,K,True,False,False,,9.0,,Chase McLaughlin,K,,449.p.32417,32417,TB,yahoo_fantasy_api
2024,6,,15,api,ThreatLevelMidnight,Ginger FC 🏆🏆,2024-W06-04,4,77.46,103.52,Broncos,DEF,DEF,True,False,False,,3.0,,Broncos,DEF,,449.p.100007,100007,Den,yahoo_fantasy_api
2024,6,,1,api,Uncle Rico,Voldemort,2024-W06-02,2,127.98,108.6,Geno Smith,QB,QB,True,False,False,,16.48,,Geno Smith,QB,,449.p.26662,26662,NYJ,yahoo_fantasy_api
2024,6,,2,api,Uncle Rico,Voldemort,2024-W06-02,2,127.98,108.6,Zay Flowers,WR,WR,True,False,False,,17.9,,Zay Flowers,WR,,449.p.40039,40039,Bal,yahoo_fantasy_api
2024,6,,3,api,Uncle Rico,Voldemort,2024-W06-02,2,127.98,108.6,Jauan Jennings,WR,WR,True,False,False,,4.2,,Jauan Jennings,WR,,449.p.32887,32887,Min,yahoo_fantasy_api
2024,6,,4,api,Uncle Rico,Voldemort,2024-W06-02,2,127.98,108.6,Derrick Henry,RB,RB,True,False,False,,25.2,,Derrick Henry,RB,,449.p.29279,29279,Bal,yahoo_fantasy_api
2024,6,,5,api,Uncle Rico,Voldemort,2024-W06-02,2,127.98,108.6,D'Andre Swift,RB,RB,True,False,False,,19.9,,D'Andre Swift,RB,,449.p.32705,32705,Chi,yahoo_fantasy_api
2024,6,,6,api,Uncle Rico,Voldemort,2024-W06-02,2,127.98,108.6,Mark Andrews,TE,TE,True,False,False,,14.1,,Mark Andrews,TE,,449.p.31056,31056,Bal,yahoo_fantasy_api
2024,6,,7,api,Uncle Rico,Voldemort,2024-W06-02,2,127.98,108.6,Tank Dell,WR,W/R/T,True,False,False,,15.2,,Tank Dell,WR,,449.p.40097,40097,Hou,yahoo_fantasy_api
2024,6,,8,api,Uncle Rico,Voldemort,2024-W06-02,2,127.98,108.6,Patrick Mahomes,QB,BN,False,True,False,,0.0,,Patrick Mahomes,QB,,449.p.30123,30123,KC,yahoo_fantasy_api
2024,6,,9,api,Uncle Rico,Voldemort,2024-W06-02,2,127.98,108.6,Zach Charbonnet,RB,BN,False,True,False,,4.0,,Zach Charbonnet,RB,,449.p.40075,40075,Sea,yahoo_fantasy_api
2024,6,,10,api,Uncle Rico,Voldemort,2024-W06-02,2,127.98,108.6,Devin Singletary,RB,BN,False,True,False,,0.0,,Devin Singletary,RB,,449.p.31906,31906,NYG,yahoo_fantasy_api
2024,6,,11,api,Uncle Rico,Voldemort,2024-W06-02,2,127.98,108.6,Davante Adams,WR,BN,False,True,False,,0.0,,Davante Adams,WR,,449.p.27581,27581,LAR,yahoo_fantasy_api
2024,6,,12,api,Uncle Rico,Voldemort,2024-W06-02,2,127.98,108.6,Austin Ekeler,RB,BN,False,True,False,,8.8,,Austin Ekeler,RB,,449.p.30423,30423,Was,yahoo_fantasy_api
2024,6,,13,api,Uncle Rico,Voldemort,2024-W06-02,2,127.98,108.6,Romeo Doubs,WR,BN,False,True,False,,18.4,,Romeo Doubs,WR,,449.p.34088,34088,NE,yahoo_fantasy_api
2024,6,,14,api,Uncle Rico,Voldemort,2024-W06-02,2,127.98,108.6,Jonathon Brooks,RB,IR,False,False,True,,0.0,,Jonathon Brooks,RB,,449.p.40926,40926,Car,yahoo_fantasy_api
2024,6,,15,api,Uncle Rico,Voldemort,2024-W06-02,2,127.98,108.6,Tyler Bass,K,K,True,False,False,,5.0,,Tyler Bass,K,,449.p.32858,32858,Buf,yahoo_fantasy_api
2024,6,,16,api,Uncle Rico,Voldemort,2024-W06-02,2,127.98,108.6,Browns,DEF,DEF,True,False,False,,10.0,,Browns,DEF,,449.p.100005,100005,Cle,yahoo_fantasy_api
2024,6,,1,api,Voldemort,Uncle Rico,2024-W06-02,2,108.6,127.98,Josh Allen,QB,QB,True,False,False,,28.4,,Josh Allen,QB,,449.p.30977,30977,Buf,yahoo_fantasy_api
2024,6,,2,api,Voldemort,Uncle Rico,2024-W06-02,2,108.6,127.98,Diontae Johnson,WR,WR,True,False,False,,16.8,,Diontae Johnson,WR,,449.p.31898,31898,Cle,yahoo_fantasy_api
2024,6,,3,api,Voldemort,Uncle Rico,2024-W06-02,2,108.6,127.98,Dontayvion Wicks,WR,WR,True,False,False,,1.4,,Dontayvion Wicks,WR,,449.p.40201,40201,Phi,yahoo_fantasy_api
2024,6,,4,api,Voldemort,Uncle Rico,2024-W06-02,2,108.6,127.98,Kenneth Walker III,RB,RB,True,False,False,,16.9,,Kenneth Walker III,RB,,449.p.33996,33996,KC,yahoo_fantasy_api
2024,6,,5,api,Voldemort,Uncle Rico,2024-W06-02,2,108.6,127.98,J.K. Dobbins,RB,RB,True,False,False,,17.2,,J.K. Dobbins,RB,,449.p.32725,32725,Den,yahoo_fantasy_api
2024,6,,6,api,Voldemort,Uncle Rico,2024-W06-02,2,108.6,127.98,Dalton Kincaid,TE,TE,True,False,False,,8.1,,Dalton Kincaid,TE,,449.p.40048,40048,Buf,yahoo_fantasy_api
2024,6,,7,api,Voldemort,Uncle Rico,2024-W06-02,2,108.6,127.98,Chuba Hubbard,RB,W/R/T,True,False,False,,12.8,,Chuba Hubbard,RB,,449.p.33514,33514,Car,yahoo_fantasy_api
2024,6,,8,api,Voldemort,Uncle Rico,2024-W06-02,2,108.6,127.98,Travis Etienne Jr.,RB,BN,False,True,False,,-0.1,,Travis Etienne Jr.,RB,,449.p.33413,33413,NO,yahoo_fantasy_api
2024,6,,9,api,Voldemort,Uncle Rico,2024-W06-02,2,108.6,127.98,Jonathan Taylor,RB,BN,False,True,False,,0.0,,Jonathan Taylor,RB,,449.p.32711,32711,Ind,yahoo_fantasy_api
2024,6,,10,api,Voldemort,Uncle Rico,2024-W06-02,2,108.6,127.98,Khalil Shakir,WR,BN,False,True,False,,2.9,,Khalil Shakir,WR,,449.p.34104,34104,Buf,yahoo_fantasy_api
2024,6,,11,api,Voldemort,Uncle Rico,2024-W06-02,2,108.6,127.98,Calvin Ridley,WR,BN,False,True,False,,0.9,,Calvin Ridley,WR,,449.p.30996,30996,Ten,yahoo_fantasy_api
2024,6,,12,api,Voldemort,Uncle Rico,2024-W06-02,2,108.6,127.98,Chase Brown,RB,BN,False,True,False,,13.4,,Chase Brown,RB,,449.p.40196,40196,Cin,yahoo_fantasy_api
2024,6,,13,api,Voldemort,Uncle Rico,2024-W06-02,2,108.6,127.98,Trey Sermon,RB,BN,False,True,False,,2.9,,Trey Sermon,RB,,449.p.33476,33476,Atl,yahoo_fantasy_api
2024,6,,14,api,Voldemort,Uncle Rico,2024-W06-02,2,108.6,127.98,Puka Nacua,WR,IR,False,False,True,,0.0,,Puka Nacua,WR,,449.p.40168,40168,LAR,yahoo_fantasy_api
2024,6,,15,api,Voldemort,Uncle Rico,2024-W06-02,2,108.6,127.98,Cairo Santos,K,K,True,False,False,,5.0,,Cairo Santos,K,,449.p.28227,28227,Chi,yahoo_fantasy_api
2024,6,,16,api,Voldemort,Uncle Rico,2024-W06-02,2,108.6,127.98,Jets,DEF,DEF,True,False,False,,2.0,,Jets,DEF,,449.p.100020,100020,NYJ,yahoo_fantasy_api
2024,6,,1,api,malle_dips_pouches,Pop Lockett Drop it,2024-W06-05,5,160.44,134.58,Caleb Williams,QB,QB,True,False,False,,37.64,,Caleb Williams,QB,,449.p.40900,40900,Chi,yahoo_fantasy_api
2024,6,,2,api,malle_dips_pouches,Pop Lockett Drop it,2024-W06-05,5,160.44,134.58,Drake London,WR,WR,True,False,False,,16.4,,Drake London,WR,,449.p.33963,33963,Atl,yahoo_fantasy_api
2024,6,,3,api,malle_dips_pouches,Pop Lockett Drop it,2024-W06-05,5,160.44,134.58,A.J. Brown,WR,WR,True,False,False,,20.6,,A.J. Brown,WR,,449.p.31883,31883,NE,yahoo_fantasy_api
2024,6,,4,api,malle_dips_pouches,Pop Lockett Drop it,2024-W06-05,5,160.44,134.58,Antonio Gibson,RB,RB,True,False,False,,5.8,,Antonio Gibson,RB,,449.p.32736,32736,NE,yahoo_fantasy_api
2024,6,,5,api,malle_dips_pouches,Pop Lockett Drop it,2024-W06-05,5,160.44,134.58,Joe Mixon,RB,RB,True,False,False,,26.2,,Joe Mixon,RB,,449.p.30161,30161,Hou,yahoo_fantasy_api
2024,6,,6,api,malle_dips_pouches,Pop Lockett Drop it,2024-W06-05,5,160.44,134.58,Kyle Pitts Sr.,TE,TE,True,False,False,,8.5,,Kyle Pitts Sr.,TE,,449.p.33392,33392,Atl,yahoo_fantasy_api
2024,6,,7,api,malle_dips_pouches,Pop Lockett Drop it,2024-W06-05,5,160.44,134.58,Courtland Sutton,WR,W/R/T,True,False,False,,13.3,,Courtland Sutton,WR,,449.p.31010,31010,Den,yahoo_fantasy_api
2024,6,,8,api,malle_dips_pouches,Pop Lockett Drop it,2024-W06-05,5,160.44,134.58,Josh Downs,WR,BN,False,True,False,,16.0,,Josh Downs,WR,,449.p.40126,40126,Ind,yahoo_fantasy_api
2024,6,,9,api,malle_dips_pouches,Pop Lockett Drop it,2024-W06-05,5,160.44,134.58,Brian Robinson,RB,BN,False,True,False,,0.0,,Brian Robinson,RB,,449.p.34054,34054,Atl,yahoo_fantasy_api
2024,6,,10,api,malle_dips_pouches,Pop Lockett Drop it,2024-W06-05,5,160.44,134.58,Rhamondre Stevenson,RB,BN,False,True,False,,0.0,,Rhamondre Stevenson,RB,,449.p.33508,33508,NE,yahoo_fantasy_api
2024,6,,11,api,malle_dips_pouches,Pop Lockett Drop it,2024-W06-05,5,160.44,134.58,Jaylen Waddle,WR,BN,False,True,False,,0.0,,Jaylen Waddle,WR,,449.p.33394,33394,Den,yahoo_fantasy_api
2024,6,,12,api,malle_dips_pouches,Pop Lockett Drop it,2024-W06-05,5,160.44,134.58,Pat Freiermuth,TE,BN,False,True,False,,2.6,,Pat Freiermuth,TE,,449.p.33443,33443,Pit,yahoo_fantasy_api
2024,6,,13,api,malle_dips_pouches,Pop Lockett Drop it,2024-W06-05,5,160.44,134.58,Jake Bates,K,K,True,False,False,,19.0,,Jake Bates,K,,449.p.40835,40835,Det,yahoo_fantasy_api
2024,6,,14,api,malle_dips_pouches,Pop Lockett Drop it,2024-W06-05,5,160.44,134.58,Harrison Butker,K,BN,False,True,False,,0.0,,Harrison Butker,K,,449.p.30346,30346,KC,yahoo_fantasy_api
2024,6,,15,api,malle_dips_pouches,Pop Lockett Drop it,2024-W06-05,5,160.44,134.58,Steelers,DEF,DEF,True,False,False,,13.0,,Steelers,DEF,,449.p.100023,100023,Pit,yahoo_fantasy_api
2024,7,,1,api,Buttermilk Puuump,ThreatLevelMidnight,2024-W07-05,5,94.6,139.9,Jared Goff,QB,QB,True,False,False,,22.8,,Jared Goff,QB,,449.p.29235,29235,Det,yahoo_fantasy_api
2024,7,,2,api,Buttermilk Puuump,ThreatLevelMidnight,2024-W07-05,5,94.6,139.9,Amon-Ra St. Brown,WR,WR,True,False,False,,21.2,,Amon-Ra St. Brown,WR,,449.p.33500,33500,Det,yahoo_fantasy_api
2024,7,,3,api,Buttermilk Puuump,ThreatLevelMidnight,2024-W07-05,5,94.6,139.9,Tyreek Hill,WR,WR,True,False,False,,1.8,,Tyreek Hill,WR,,449.p.29399,29399,Mia,yahoo_fantasy_api
2024,7,,4,api,Buttermilk Puuump,ThreatLevelMidnight,2024-W07-05,5,94.6,139.9,Najee Harris,RB,RB,True,False,False,,16.2,,Najee Harris,RB,,449.p.33412,33412,NYG,yahoo_fantasy_api
2024,7,,5,api,Buttermilk Puuump,ThreatLevelMidnight,2024-W07-05,5,94.6,139.9,Raheem Mostert,RB,RB,True,False,False,,3.0,,Raheem Mostert,RB,,449.p.28654,28654,LV,yahoo_fantasy_api
2024,7,,6,api,Buttermilk Puuump,ThreatLevelMidnight,2024-W07-05,5,94.6,139.9,Noah Fant,TE,TE,True,False,False,,8.5,,Noah Fant,TE,,449.p.31852,31852,NO,yahoo_fantasy_api
2024,7,,7,api,Buttermilk Puuump,ThreatLevelMidnight,2024-W07-05,5,94.6,139.9,Jordan Addison,WR,W/R/T,True,False,False,,8.1,,Jordan Addison,WR,,449.p.40042,40042,Min,yahoo_fantasy_api
2024,7,,8,api,Buttermilk Puuump,ThreatLevelMidnight,2024-W07-05,5,94.6,139.9,Tyjae Spears,RB,BN,False,True,False,,0.0,,Tyjae Spears,RB,,449.p.40119,40119,Ten,yahoo_fantasy_api
2024,7,,9,api,Buttermilk Puuump,ThreatLevelMidnight,2024-W07-05,5,94.6,139.9,Rachaad White,RB,BN,False,True,False,,26.1,,Rachaad White,RB,,449.p.34047,34047,Was,yahoo_fantasy_api
2024,7,,10,api,Buttermilk Puuump,ThreatLevelMidnight,2024-W07-05,5,94.6,139.9,Keenan Allen,WR,BN,False,True,False,,0.0,,Keenan Allen,WR,,449.p.26699,26699,Ind,yahoo_fantasy_api
2024,7,,11,api,Buttermilk Puuump,ThreatLevelMidnight,2024-W07-05,5,94.6,139.9,David Njoku,TE,BN,False,True,False,,18.6,,David Njoku,TE,,449.p.30142,30142,LAC,yahoo_fantasy_api
2024,7,,12,api,Buttermilk Puuump,ThreatLevelMidnight,2024-W07-05,5,94.6,139.9,Aaron Rodgers,QB,BN,False,True,False,,17.04,,Aaron Rodgers,QB,,449.p.7200,7200,Pit,yahoo_fantasy_api
2024,7,,13,api,Buttermilk Puuump,ThreatLevelMidnight,2024-W07-05,5,94.6,139.9,Jerry Jeudy,WR,BN,False,True,False,,2.3,,Jerry Jeudy,WR,,449.p.32685,32685,Cle,yahoo_fantasy_api
2024,7,,14,api,Buttermilk Puuump,ThreatLevelMidnight,2024-W07-05,5,94.6,139.9,Younghoe Koo,K,K,True,False,False,,2.0,,Younghoe Koo,K,,449.p.30426,30426,NYG,yahoo_fantasy_api
2024,7,,15,api,Buttermilk Puuump,ThreatLevelMidnight,2024-W07-05,5,94.6,139.9,Bills,DEF,DEF,True,False,False,,11.0,,Bills,DEF,,449.p.100002,100002,Buf,yahoo_fantasy_api
2024,7,,1,api,Ginger FC 🏆🏆,malle_dips_pouches,2024-W07-06,6,113.3,112.46,Jordan Love,QB,QB,True,False,False,,24.8,,Jordan Love,QB,,449.p.32696,32696,GB,yahoo_fantasy_api
2024,7,,2,api,Ginger FC 🏆🏆,malle_dips_pouches,2024-W07-06,6,113.3,112.46,Brian Thomas Jr.,WR,WR,True,False,False,,19.6,,Brian Thomas Jr.,WR,,449.p.40883,40883,Jax,yahoo_fantasy_api
2024,7,,3,api,Ginger FC 🏆🏆,malle_dips_pouches,2024-W07-06,6,113.3,112.46,Brandon Aiyuk,WR,WR,True,False,False,,3.3,,Brandon Aiyuk,WR,,449.p.32695,32695,SF,yahoo_fantasy_api
2024,7,,4,api,Ginger FC 🏆🏆,malle_dips_pouches,2024-W07-06,6,113.3,112.46,De'Von Achane,RB,RB,True,False,False,,9.5,,De'Von Achane,RB,,449.p.40118,40118,Mia,yahoo_fantasy_api
2024,7,,5,api,Ginger FC 🏆🏆,malle_dips_pouches,2024-W07-06,6,113.3,112.46,Kareem Hunt,RB,RB,True,False,False,,21.3,,Kareem Hunt,RB,,449.p.30199,30199,KC,yahoo_fantasy_api
2024,7,,6,api,Ginger FC 🏆🏆,malle_dips_pouches,2024-W07-06,6,113.3,112.46,Cade Otton,TE,TE,True,False,False,,14.0,,Cade Otton,TE,,449.p.34062,34062,TB,yahoo_fantasy_api
2024,7,,7,api,Ginger FC 🏆🏆,malle_dips_pouches,2024-W07-06,6,113.3,112.46,Stefon Diggs,WR,W/R/T,True,False,False,,4.8,,Stefon Diggs,WR,,449.p.28534,28534,Was,yahoo_fantasy_api
2024,7,,8,api,Ginger FC 🏆🏆,malle_dips_pouches,2024-W07-06,6,113.3,112.46,Dallas Goedert,TE,BN,False,True,False,,0.0,,Dallas Goedert,TE,,449.p.31019,31019,Phi,yahoo_fantasy_api
2024,7,,9,api,Ginger FC 🏆🏆,malle_dips_pouches,2024-W07-06,6,113.3,112.46,Alexander Mattison,RB,BN,False,True,False,,13.8,,Alexander Mattison,RB,,449.p.31934,31934,Mia,yahoo_fantasy_api
2024,7,,10,api,Ginger FC 🏆🏆,malle_dips_pouches,2024-W07-06,6,113.3,112.46,Roschon Johnson,RB,BN,False,True,False,,0.0,,Roschon Johnson,RB,,449.p.40162,40162,Chi,yahoo_fantasy_api
2024,7,,11,api,Ginger FC 🏆🏆,malle_dips_pouches,2024-W07-06,6,113.3,112.46,Kirk Cousins,QB,BN,False,True,False,,11.18,,Kirk Cousins,QB,,449.p.25812,25812,LV,yahoo_fantasy_api
2024,7,,12,api,Ginger FC 🏆🏆,malle_dips_pouches,2024-W07-06,6,113.3,112.46,Christian McCaffrey,RB,BN,False,True,False,,0.0,,Christian McCaffrey,RB,,449.p.30121,30121,SF,yahoo_fantasy_api
2024,7,,13,api,Ginger FC 🏆🏆,malle_dips_pouches,2024-W07-06,6,113.3,112.46,Nick Chubb,RB,IR,False,False,True,,9.7,,Nick Chubb,RB,,449.p.31005,31005,Hou,yahoo_fantasy_api
2024,7,,14,api,Ginger FC 🏆🏆,malle_dips_pouches,2024-W07-06,6,113.3,112.46,Chris Boswell,K,K,True,False,False,,14.0,,Chris Boswell,K,,449.p.28188,28188,Pit,yahoo_fantasy_api
2024,7,,15,api,Ginger FC 🏆🏆,malle_dips_pouches,2024-W07-06,6,113.3,112.46,Saints,DEF,DEF,True,False,False,,2.0,,Saints,DEF,,449.p.100018,100018,NO,yahoo_fantasy_api
2024,7,,16,api,Ginger FC 🏆🏆,malle_dips_pouches,2024-W07-06,6,113.3,112.46,49ers,DEF,BN,False,True,False,,5.0,,49ers,DEF,,449.p.100025,100025,SF,yahoo_fantasy_api
2024,7,,1,api,Joe Mantegna,Uncle Rico,2024-W07-04,4,102.56,86.86,Justin Herbert,QB,QB,True,False,False,,14.76,,Justin Herbert,QB,,449.p.32676,32676,LAC,yahoo_fantasy_api
2024,7,,2,api,Joe Mantegna,Uncle Rico,2024-W07-04,4,102.56,86.86,Garrett Wilson,WR,WR,True,False,False,,10.6,,Garrett Wilson,WR,,449.p.33965,33965,NYJ,yahoo_fantasy_api
2024,7,,3,api,Joe Mantegna,Uncle Rico,2024-W07-04,4,102.56,86.86,Wan'Dale Robinson,WR,WR,True,False,False,,5.3,,Wan'Dale Robinson,WR,,449.p.33998,33998,Ten,yahoo_fantasy_api
2024,7,,4,api,Joe Mantegna,Uncle Rico,2024-W07-04,4,102.56,86.86,Breece Hall,RB,RB,True,False,False,,23.1,,Breece Hall,RB,,449.p.33991,33991,NYJ,yahoo_fantasy_api
2024,7,,5,api,Joe Mantegna,Uncle Rico,2024-W07-04,4,102.56,86.86,James Cook III,RB,RB,True,False,False,,9.2,,James Cook III,RB,,449.p.34019,34019,Buf,yahoo_fantasy_api
2024,7,,6,api,Joe Mantegna,Uncle Rico,2024-W07-04,4,102.56,86.86,Evan Engram,TE,TE,True,False,False,,6.0,,Evan Engram,TE,,449.p.30136,30136,Den,yahoo_fantasy_api
2024,7,,7,api,Joe Mantegna,Uncle Rico,2024-W07-04,4,102.56,86.86,George Pickens,WR,W/R/T,True,False,False,,19.6,,George Pickens,WR,,449.p.34007,34007,Dal,yahoo_fantasy_api
2024,7,,8,api,Joe Mantegna,Uncle Rico,2024-W07-04,4,102.56,86.86,Bucky Irving,RB,BN,False,True,False,,15.2,,Bucky Irving,RB,,449.p.40993,40993,TB,yahoo_fantasy_api
2024,7,,9,api,Joe Mantegna,Uncle Rico,2024-W07-04,4,102.56,86.86,Dak Prescott,QB,BN,False,True,False,,0.0,,Dak Prescott,QB,,449.p.29369,29369,Dal,yahoo_fantasy_api
2024,7,,10,api,Joe Mantegna,Uncle Rico,2024-W07-04,4,102.56,86.86,Hunter Henry,TE,BN,False,True,False,,13.2,,Hunter Henry,TE,,449.p.29269,29269,NE,yahoo_fantasy_api
2024,7,,11,api,Joe Mantegna,Uncle Rico,2024-W07-04,4,102.56,86.86,Jakobi Meyers,WR,BN,False,True,False,,0.0,,Jakobi Meyers,WR,,449.p.32231,32231,Jax,yahoo_fantasy_api
2024,7,,12,api,Joe Mantegna,Uncle Rico,2024-W07-04,4,102.56,86.86,Ty Chandler,RB,BN,False,True,False,,0.4,,Ty Chandler,RB,,449.p.34125,34125,NO,yahoo_fantasy_api
2024,7,,13,api,Joe Mantegna,Uncle Rico,2024-W07-04,4,102.56,86.86,Demarcus Robinson,WR,BN,False,True,False,,1.4,,Demarcus Robinson,WR,,449.p.29360,29360,SF,yahoo_fantasy_api
2024,7,,14,api,Joe Mantegna,Uncle Rico,2024-W07-04,4,102.56,86.86,Nico Collins,WR,IR,False,False,True,,0.0,,Nico Collins,WR,,449.p.33477,33477,Hou,yahoo_fantasy_api
2024,7,,15,api,Joe Mantegna,Uncle Rico,2024-W07-04,4,102.56,86.86,Jake Elliott,K,K,True,False,False,,4.0,,Jake Elliott,K,,449.p.30266,30266,Phi,yahoo_fantasy_api
2024,7,,16,api,Joe Mantegna,Uncle Rico,2024-W07-04,4,102.56,86.86,Colts,DEF,DEF,True,False,False,,10.0,,Colts,DEF,,449.p.100011,100011,Ind,yahoo_fantasy_api
2024,7,,1,api,Malle ❤️ 🐸,Post Mahomes,2024-W07-02,2,104.66,156.64,Jalen Hurts,QB,QB,True,False,False,,24.76,,Jalen Hurts,QB,,449.p.32723,32723,Phi,yahoo_fantasy_api
2024,7,,2,api,Malle ❤️ 🐸,Post Mahomes,2024-W07-02,2,104.66,156.64,Tyler Lockett,WR,WR,True,False,False,,6.5,,Tyler Lockett,WR,,449.p.28457,28457,LV,yahoo_fantasy_api
2024,7,,3,api,Malle ❤️ 🐸,Post Mahomes,2024-W07-02,2,104.66,156.64,Malik Nabers,WR,WR,True,False,False,,6.1,,Malik Nabers,WR,,449.p.40899,40899,NYG,yahoo_fantasy_api
2024,7,,4,api,Malle ❤️ 🐸,Post Mahomes,2024-W07-02,2,104.66,156.64,Saquon Barkley,RB,RB,True,False,False,,25.7,,Saquon Barkley,RB,,449.p.30972,30972,Phi,yahoo_fantasy_api
2024,7,,5,api,Malle ❤️ 🐸,Post Mahomes,2024-W07-02,2,104.66,156.64,Jaleel McLaughlin,RB,RB,True,False,False,,3.5,,Jaleel McLaughlin,RB,,449.p.40696,40696,Cle,yahoo_fantasy_api
2024,7,,6,api,Malle ❤️ 🐸,Post Mahomes,2024-W07-02,2,104.66,156.64,George Kittle,TE,TE,True,False,False,,12.2,,George Kittle,TE,,449.p.30259,30259,SF,yahoo_fantasy_api
2024,7,,7,api,Malle ❤️ 🐸,Post Mahomes,2024-W07-02,2,104.66,156.64,Ray-Ray McCloud III,WR,W/R/T,True,False,False,,1.9,,Ray-Ray McCloud III,WR,,449.p.31157,31157,Chi,yahoo_fantasy_api
2024,7,,8,api,Malle ❤️ 🐸,Post Mahomes,2024-W07-02,2,104.66,156.64,Marvin Harrison Jr.,WR,BN,False,True,False,,3.6,,Marvin Harrison Jr.,WR,,449.p.40893,40893,Ari,yahoo_fantasy_api
2024,7,,9,api,Malle ❤️ 🐸,Post Mahomes,2024-W07-02,2,104.66,156.64,Rashid Shaheed,WR,BN,False,True,False,,0.0,,Rashid Shaheed,WR,,449.p.34659,34659,Sea,yahoo_fantasy_api
2024,7,,10,api,Malle ❤️ 🐸,Post Mahomes,2024-W07-02,2,104.66,156.64,Zamir White,RB,BN,False,True,False,,3.2,,Zamir White,RB,,449.p.34078,34078,NO,yahoo_fantasy_api
2024,7,,11,api,Malle ❤️ 🐸,Post Mahomes,2024-W07-02,2,104.66,156.64,Brock Purdy,QB,BN,False,True,False,,20.18,,Brock Purdy,QB,,449.p.34218,34218,SF,yahoo_fantasy_api
2024,7,,12,api,Malle ❤️ 🐸,Post Mahomes,2024-W07-02,2,104.66,156.64,Cole Kmet,TE,BN,False,True,False,,0.0,,Cole Kmet,TE,,449.p.32713,32713,Chi,yahoo_fantasy_api
2024,7,,13,api,Malle ❤️ 🐸,Post Mahomes,2024-W07-02,2,104.66,156.64,Justin Tucker,K,K,True,False,False,,13.0,,Justin Tucker,K,,449.p.26534,26534,Bal,yahoo_fantasy_api
2024,7,,14,api,Malle ❤️ 🐸,Post Mahomes,2024-W07-02,2,104.66,156.64,Vikings,DEF,DEF,True,False,False,,11.0,,Vikings,DEF,,449.p.100016,100016,Min,yahoo_fantasy_api
2024,7,,15,api,Malle ❤️ 🐸,Post Mahomes,2024-W07-02,2,104.66,156.64,Chargers,DEF,BN,False,True,False,,3.0,,Chargers,DEF,,449.p.100024,100024,LAC,yahoo_fantasy_api
2024,7,,1,api,Patty Primetimes,Voldemort,2024-W07-03,3,94.04,89.92,Jayden Daniels,QB,QB,True,False,False,,5.24,,Jayden Daniels,QB,,449.p.40896,40896,Was,yahoo_fantasy_api
2024,7,,2,api,Patty Primetimes,Voldemort,2024-W07-03,3,94.04,89.92,Terry McLaurin,WR,WR,True,False,False,,12.8,,Terry McLaurin,WR,,449.p.31908,31908,Was,yahoo_fantasy_api
2024,7,,3,api,Patty Primetimes,Voldemort,2024-W07-03,3,94.04,89.92,Xavier Worthy,WR,WR,True,False,False,,3.9,,Xavier Worthy,WR,,449.p.40877,40877,KC,yahoo_fantasy_api
2024,7,,4,api,Patty Primetimes,Voldemort,2024-W07-03,3,94.04,89.92,Tony Pollard,RB,RB,True,False,False,,7.5,,Tony Pollard,RB,,449.p.31960,31960,Ten,yahoo_fantasy_api
2024,7,,5,api,Patty Primetimes,Voldemort,2024-W07-03,3,94.04,89.92,Aaron Jones Sr.,RB,RB,True,False,False,,19.1,,Aaron Jones Sr.,RB,,449.p.30295,30295,Min,yahoo_fantasy_api
2024,7,,6,api,Patty Primetimes,Voldemort,2024-W07-03,3,94.04,89.92,Travis Kelce,TE,TE,True,False,False,,3.7,,Travis Kelce,TE,,449.p.26686,26686,KC,yahoo_fantasy_api
2024,7,,7,api,Patty Primetimes,Voldemort,2024-W07-03,3,94.04,89.92,Tank Bigsby,RB,W/R/T,True,False,False,,23.8,,Tank Bigsby,RB,,449.p.40095,40095,Phi,yahoo_fantasy_api
2024,7,,8,api,Patty Primetimes,Voldemort,2024-W07-03,3,94.04,89.92,Ladd McConkey,WR,BN,False,True,False,,7.1,,Ladd McConkey,WR,,449.p.40908,40908,LAC,yahoo_fantasy_api
2024,7,,9,api,Patty Primetimes,Voldemort,2024-W07-03,3,94.04,89.92,Cooper Kupp,WR,BN,False,True,False,,0.0,,Cooper Kupp,WR,,449.p.30182,30182,Sea,yahoo_fantasy_api
2024,7,,10,api,Patty Primetimes,Voldemort,2024-W07-03,3,94.04,89.92,CeeDee Lamb,WR,BN,False,True,False,,0.0,,CeeDee Lamb,WR,,449.p.32687,32687,Dal,yahoo_fantasy_api
2024,7,,11,api,Patty Primetimes,Voldemort,2024-W07-03,3,94.04,89.92,Anthony Richardson Sr.,QB,BN,False,True,False,,8.76,,Anthony Richardson Sr.,QB,,449.p.40040,40040,Ind,yahoo_fantasy_api
2024,7,,12,api,Patty Primetimes,Voldemort,2024-W07-03,3,94.04,89.92,Tyrone Tracy Jr.,RB,BN,False,True,False,,4.7,,Tyrone Tracy Jr.,RB,,449.p.41048,41048,NYG,yahoo_fantasy_api
2024,7,,13,api,Patty Primetimes,Voldemort,2024-W07-03,3,94.04,89.92,Evan McPherson,K,K,True,False,False,,3.0,,Evan McPherson,K,,449.p.33537,33537,Cin,yahoo_fantasy_api
2024,7,,14,api,Patty Primetimes,Voldemort,2024-W07-03,3,94.04,89.92,Bengals,DEF,DEF,True,False,False,,15.0,,Bengals,DEF,,449.p.100004,100004,Cin,yahoo_fantasy_api
2024,7,,15,api,Patty Primetimes,Voldemort,2024-W07-03,3,94.04,89.92,Bears,DEF,BN,False,True,False,,0.0,,Bears,DEF,,449.p.100003,100003,Chi,yahoo_fantasy_api
2024,7,,1,api,Pop Lockett Drop it,The Big Gronkowski,2024-W07-01,1,79.54,112.34,C.J. Stroud,QB,QB,True,False,False,,5.34,,C.J. Stroud,QB,,449.p.40030,40030,Hou,yahoo_fantasy_api
2024,7,,2,api,Pop Lockett Drop it,The Big Gronkowski,2024-W07-01,1,79.54,112.34,Mike Evans,WR,WR,True,False,False,,9.0,,Mike Evans,WR,,449.p.27535,27535,SF,yahoo_fantasy_api
2024,7,,3,api,Pop Lockett Drop it,The Big Gronkowski,2024-W07-01,1,79.54,112.34,DeVonta Smith,WR,WR,True,False,False,,0.3,,DeVonta Smith,WR,,449.p.33398,33398,Phi,yahoo_fantasy_api
2024,7,,4,api,Pop Lockett Drop it,The Big Gronkowski,2024-W07-01,1,79.54,112.34,Bijan Robinson,RB,RB,True,False,False,,21.8,,Bijan Robinson,RB,,449.p.40055,40055,Atl,yahoo_fantasy_api
2024,7,,5,api,Pop Lockett Drop it,The Big Gronkowski,2024-W07-01,1,79.54,112.34,David Montgomery,RB,RB,True,False,False,,6.5,,David Montgomery,RB,,449.p.31905,31905,Hou,yahoo_fantasy_api
2024,7,,6,api,Pop Lockett Drop it,The Big Gronkowski,2024-W07-01,1,79.54,112.34,Trey McBride,TE,TE,True,False,False,,7.6,,Trey McBride,TE,,449.p.34010,34010,Ari,yahoo_fantasy_api
2024,7,,7,api,Pop Lockett Drop it,The Big Gronkowski,2024-W07-01,1,79.54,112.34,Jayden Reed,WR,W/R/T,True,False,False,,2.0,,Jayden Reed,WR,,449.p.40063,40063,GB,yahoo_fantasy_api
2024,7,,8,api,Pop Lockett Drop it,The Big Gronkowski,2024-W07-01,1,79.54,112.34,Rome Odunze,WR,BN,False,True,False,,0.0,,Rome Odunze,WR,,449.p.40901,40901,Chi,yahoo_fantasy_api
2024,7,,9,api,Pop Lockett Drop it,The Big Gronkowski,2024-W07-01,1,79.54,112.34,Zack Moss,RB,BN,False,True,False,,5.5,,Zack Moss,RB,,449.p.32756,32756,Cin,yahoo_fantasy_api
2024,7,,10,api,Pop Lockett Drop it,The Big Gronkowski,2024-W07-01,1,79.54,112.34,Mike Gesicki,TE,BN,False,True,False,,0.7,,Mike Gesicki,TE,,449.p.31012,31012,Cin,yahoo_fantasy_api
2024,7,,11,api,Pop Lockett Drop it,The Big Gronkowski,2024-W07-01,1,79.54,112.34,Jameson Williams,WR,BN,False,True,False,,0.1,,Jameson Williams,WR,,449.p.33967,33967,Det,yahoo_fantasy_api
2024,7,,12,api,Pop Lockett Drop it,The Big Gronkowski,2024-W07-01,1,79.54,112.34,Rico Dowdle,RB,BN,False,True,False,,0.0,,Rico Dowdle,RB,,449.p.33100,33100,Pit,yahoo_fantasy_api
2024,7,,13,api,Pop Lockett Drop it,The Big Gronkowski,2024-W07-01,1,79.54,112.34,Justin Fields,QB,BN,False,True,False,,0.0,,Justin Fields,QB,,449.p.33399,33399,KC,yahoo_fantasy_api
2024,7,,14,api,Pop Lockett Drop it,The Big Gronkowski,2024-W07-01,1,79.54,112.34,Ka'imi Fairbairn,K,K,True,False,False,,12.0,,Ka'imi Fairbairn,K,,449.p.29792,29792,Hou,yahoo_fantasy_api
2024,7,,15,api,Pop Lockett Drop it,The Big Gronkowski,2024-W07-01,1,79.54,112.34,Eagles,DEF,DEF,True,False,False,,15.0,,Eagles,DEF,,449.p.100021,100021,Phi,yahoo_fantasy_api
2024,7,,1,api,Post Mahomes,Malle ❤️ 🐸,2024-W07-02,2,156.64,104.66,Lamar Jackson,QB,QB,True,False,False,,44.44,,Lamar Jackson,QB,,449.p.31002,31002,Bal,yahoo_fantasy_api
2024,7,,2,api,Post Mahomes,Malle ❤️ 🐸,2024-W07-02,2,156.64,104.66,Tee Higgins,WR,WR,True,False,False,,16.2,,Tee Higgins,WR,,449.p.32703,32703,Cin,yahoo_fantasy_api
2024,7,,3,api,Post Mahomes,Malle ❤️ 🐸,2024-W07-02,2,156.64,104.66,Darnell Mooney,WR,WR,True,False,False,,7.1,,Darnell Mooney,WR,,449.p.32843,32843,NYG,yahoo_fantasy_api
2024,7,,4,api,Post Mahomes,Malle ❤️ 🐸,2024-W07-02,2,156.64,104.66,Jahmyr Gibbs,RB,RB,True,False,False,,30.0,,Jahmyr Gibbs,RB,,449.p.40059,40059,Det,yahoo_fantasy_api
2024,7,,5,api,Post Mahomes,Malle ❤️ 🐸,2024-W07-02,2,156.64,104.66,Kyren Williams,RB,RB,True,False,False,,19.6,,Kyren Williams,RB,,449.p.34120,34120,LAR,yahoo_fantasy_api
2024,7,,6,api,Post Mahomes,Malle ❤️ 🐸,2024-W07-02,2,156.64,104.66,Brock Bowers,TE,TE,True,False,False,,14.3,,Brock Bowers,TE,,449.p.40878,40878,LV,yahoo_fantasy_api
2024,7,,7,api,Post Mahomes,Malle ❤️ 🐸,2024-W07-02,2,156.64,104.66,Deebo Samuel Sr.,WR,W/R/T,True,False,False,,0.0,,Deebo Samuel Sr.,WR,,449.p.31868,31868,SF,yahoo_fantasy_api
2024,7,,8,api,Post Mahomes,Malle ❤️ 🐸,2024-W07-02,2,156.64,104.66,Amari Cooper,WR,BN,False,True,False,,14.6,,Amari Cooper,WR,,449.p.28392,28392,Buf,yahoo_fantasy_api
2024,7,,9,api,Post Mahomes,Malle ❤️ 🐸,2024-W07-02,2,156.64,104.66,Michael Pittman Jr.,WR,BN,False,True,False,,7.8,,Michael Pittman Jr.,WR,,449.p.32704,32704,Pit,yahoo_fantasy_api
2024,7,,10,api,Post Mahomes,Malle ❤️ 🐸,2024-W07-02,2,156.64,104.66,JuJu Smith-Schuster,WR,BN,False,True,False,,0.0,,JuJu Smith-Schuster,WR,,449.p.30175,30175,NYG,yahoo_fantasy_api
2024,7,,11,api,Post Mahomes,Malle ❤️ 🐸,2024-W07-02,2,156.64,104.66,T.J. Hockenson,TE,BN,False,True,False,,0.0,,T.J. Hockenson,TE,,449.p.31840,31840,Min,yahoo_fantasy_api
2024,7,,12,api,Post Mahomes,Malle ❤️ 🐸,2024-W07-02,2,156.64,104.66,Tyler Allgeier,RB,BN,False,True,False,,5.0,,Tyler Allgeier,RB,,449.p.34107,34107,Ari,yahoo_fantasy_api
2024,7,,13,api,Post Mahomes,Malle ❤️ 🐸,2024-W07-02,2,156.64,104.66,Tyler Goodson,RB,BN,False,True,False,,11.1,,Tyler Goodson,RB,,449.p.34261,34261,Dal,yahoo_fantasy_api
2024,7,,14,api,Post Mahomes,Malle ❤️ 🐸,2024-W07-02,2,156.64,104.66,Isiah Pacheco,RB,IR,False,False,True,,0.0,,Isiah Pacheco,RB,,449.p.34207,34207,Det,yahoo_fantasy_api
2024,7,,15,api,Post Mahomes,Malle ❤️ 🐸,2024-W07-02,2,156.64,104.66,Austin Seibert,K,K,True,False,False,,17.0,,Austin Seibert,K,,449.p.32002,32002,Was,yahoo_fantasy_api
2024,7,,16,api,Post Mahomes,Malle ❤️ 🐸,2024-W07-02,2,156.64,104.66,Chiefs,DEF,DEF,True,False,False,,8.0,,Chiefs,DEF,,449.p.100012,100012,KC,yahoo_fantasy_api
2024,7,,1,api,The Big Gronkowski,Pop Lockett Drop it,2024-W07-01,1,112.34,79.54,Joe Burrow,QB,QB,True,False,False,,18.94,,Joe Burrow,QB,,449.p.32671,32671,Cin,yahoo_fantasy_api
2024,7,,2,api,The Big Gronkowski,Pop Lockett Drop it,2024-W07-01,1,112.34,79.54,Jaxon Smith-Njigba,WR,WR,True,False,False,,3.8,,Jaxon Smith-Njigba,WR,,449.p.40041,40041,Sea,yahoo_fantasy_api
2024,7,,3,api,The Big Gronkowski,Pop Lockett Drop it,2024-W07-01,1,112.34,79.54,Justin Jefferson,WR,WR,True,False,False,,17.9,,Justin Jefferson,WR,,449.p.32692,32692,Min,yahoo_fantasy_api
2024,7,,4,api,The Big Gronkowski,Pop Lockett Drop it,2024-W07-01,1,112.34,79.54,Alvin Kamara,RB,RB,True,False,False,,5.4,,Alvin Kamara,RB,,449.p.30180,30180,NO,yahoo_fantasy_api
2024,7,,5,api,The Big Gronkowski,Pop Lockett Drop it,2024-W07-01,1,112.34,79.54,Javonte Williams,RB,RB,True,False,False,,24.6,,Javonte Williams,RB,,449.p.33423,33423,Dal,yahoo_fantasy_api
2024,7,,6,api,The Big Gronkowski,Pop Lockett Drop it,2024-W07-01,1,112.34,79.54,Isaiah Likely,TE,TE,True,False,False,,2.7,,Isaiah Likely,TE,,449.p.34095,34095,NYG,yahoo_fantasy_api
2024,7,,7,api,The Big Gronkowski,Pop Lockett Drop it,2024-W07-01,1,112.34,79.54,Christian Watson,WR,W/R/T,True,False,False,,1.0,,Christian Watson,WR,,449.p.33989,33989,GB,yahoo_fantasy_api
2024,7,,8,api,The Big Gronkowski,Pop Lockett Drop it,2024-W07-01,1,112.34,79.54,DJ Moore,WR,BN,False,True,False,,0.0,,DJ Moore,WR,,449.p.30994,30994,Buf,yahoo_fantasy_api
2024,7,,9,api,The Big Gronkowski,Pop Lockett Drop it,2024-W07-01,1,112.34,79.54,Jake Ferguson,TE,BN,False,True,False,,0.0,,Jake Ferguson,TE,,449.p.34085,34085,Dal,yahoo_fantasy_api
2024,7,,10,api,The Big Gronkowski,Pop Lockett Drop it,2024-W07-01,1,112.34,79.54,Chris Olave,WR,BN,False,True,False,,0.0,,Chris Olave,WR,,449.p.33966,33966,NO,yahoo_fantasy_api
2024,7,,11,api,The Big Gronkowski,Pop Lockett Drop it,2024-W07-01,1,112.34,79.54,Matthew Stafford,QB,BN,False,True,False,,4.96,,Matthew Stafford,QB,,449.p.9265,9265,LAR,yahoo_fantasy_api
2024,7,,12,api,The Big Gronkowski,Pop Lockett Drop it,2024-W07-01,1,112.34,79.54,Cameron Dicker,K,K,True,False,False,,21.0,,Cameron Dicker,K,,449.p.34344,34344,LAC,yahoo_fantasy_api
2024,7,,13,api,The Big Gronkowski,Pop Lockett Drop it,2024-W07-01,1,112.34,79.54,Brandon Aubrey,K,BN,False,True,False,,0.0,,Brandon Aubrey,K,,449.p.40819,40819,Dal,yahoo_fantasy_api
2024,7,,14,api,The Big Gronkowski,Pop Lockett Drop it,2024-W07-01,1,112.34,79.54,Rams,DEF,DEF,True,False,False,,17.0,,Rams,DEF,,449.p.100014,100014,LAR,yahoo_fantasy_api
2024,7,,15,api,The Big Gronkowski,Pop Lockett Drop it,2024-W07-01,1,112.34,79.54,Cowboys,DEF,BN,False,True,False,,0.0,,Cowboys,DEF,,449.p.100006,100006,Dal,yahoo_fantasy_api
2024,7,,1,api,ThreatLevelMidnight,Buttermilk Puuump,2024-W07-05,5,139.9,94.6,Baker Mayfield,QB,QB,True,False,False,,35.0,,Baker Mayfield,QB,,449.p.30971,30971,TB,yahoo_fantasy_api
2024,7,,2,api,ThreatLevelMidnight,Buttermilk Puuump,2024-W07-05,5,139.9,94.6,Ja'Marr Chase,WR,WR,True,False,False,,15.1,,Ja'Marr Chase,WR,,449.p.33393,33393,Cin,yahoo_fantasy_api
2024,7,,3,api,ThreatLevelMidnight,Buttermilk Puuump,2024-W07-05,5,139.9,94.6,Chris Godwin Jr.,WR,WR,True,False,False,,10.0,,Chris Godwin Jr.,WR,,449.p.30197,30197,TB,yahoo_fantasy_api
2024,7,,4,api,ThreatLevelMidnight,Buttermilk Puuump,2024-W07-05,5,139.9,94.6,James Conner,RB,RB,True,False,False,,16.2,,James Conner,RB,,449.p.30218,30218,Ari,yahoo_fantasy_api
2024,7,,5,api,ThreatLevelMidnight,Buttermilk Puuump,2024-W07-05,5,139.9,94.6,Josh Jacobs,RB,RB,True,False,False,,17.7,,Josh Jacobs,RB,,449.p.31856,31856,GB,yahoo_fantasy_api
2024,7,,6,api,ThreatLevelMidnight,Buttermilk Puuump,2024-W07-05,5,139.9,94.6,Sam LaPorta,TE,TE,True,False,False,,3.0,,Sam LaPorta,TE,,449.p.40064,40064,Det,yahoo_fantasy_api
2024,7,,7,api,ThreatLevelMidnight,Buttermilk Puuump,2024-W07-05,5,139.9,94.6,DK Metcalf,WR,W/R/T,True,False,False,,17.9,,DK Metcalf,WR,,449.p.31896,31896,Pit,yahoo_fantasy_api
2024,7,,8,api,ThreatLevelMidnight,Buttermilk Puuump,2024-W07-05,5,139.9,94.6,Jordan Mason,RB,BN,False,True,False,,7.9,,Jordan Mason,RB,,449.p.34320,34320,Min,yahoo_fantasy_api
2024,7,,9,api,ThreatLevelMidnight,Buttermilk Puuump,2024-W07-05,5,139.9,94.6,Kyler Murray,QB,BN,False,True,False,,23.2,,Kyler Murray,QB,,449.p.31833,31833,Min,yahoo_fantasy_api
2024,7,,10,api,ThreatLevelMidnight,Buttermilk Puuump,2024-W07-05,5,139.9,94.6,Tucker Kraft,TE,BN,False,True,False,,10.8,,Tucker Kraft,TE,,449.p.40102,40102,GB,yahoo_fantasy_api
2024,7,,11,api,ThreatLevelMidnight,Buttermilk Puuump,2024-W07-05,5,139.9,94.6,Christian Kirk,WR,BN,False,True,False,,2.9,,Christian Kirk,WR,,449.p.31017,31017,SF,yahoo_fantasy_api
2024,7,,12,api,ThreatLevelMidnight,Buttermilk Puuump,2024-W07-05,5,139.9,94.6,Trey Benson,RB,BN,False,True,False,,0.0,,Trey Benson,RB,,449.p.40958,40958,Ari,yahoo_fantasy_api
2024,7,,13,api,ThreatLevelMidnight,Buttermilk Puuump,2024-W07-05,5,139.9,94.6,Chase McLaughlin,K,K,True,False,False,,5.0,,Chase McLaughlin,K,,449.p.32417,32417,TB,yahoo_fantasy_api
2024,7,,14,api,ThreatLevelMidnight,Buttermilk Puuump,2024-W07-05,5,139.9,94.6,Broncos,DEF,DEF,True,False,False,,20.0,,Broncos,DEF,,449.p.100007,100007,Den,yahoo_fantasy_api
2024,7,,1,api,Uncle Rico,Joe Mantegna,2024-W07-04,4,86.86,102.56,Patrick Mahomes,QB,QB,True,False,False,,14.06,,Patrick Mahomes,QB,,449.p.30123,30123,KC,yahoo_fantasy_api
2024,7,,2,api,Uncle Rico,Joe Mantegna,2024-W07-04,4,86.86,102.56,Zay Flowers,WR,WR,True,False,False,,3.5,,Zay Flowers,WR,,449.p.40039,40039,Bal,yahoo_fantasy_api
2024,7,,3,api,Uncle Rico,Joe Mantegna,2024-W07-04,4,86.86,102.56,Davante Adams,WR,WR,True,False,False,,4.5,,Davante Adams,WR,,449.p.27581,27581,LAR,yahoo_fantasy_api
2024,7,,4,api,Uncle Rico,Joe Mantegna,2024-W07-04,4,86.86,102.56,Derrick Henry,RB,RB,True,False,False,,24.7,,Derrick Henry,RB,,449.p.29279,29279,Bal,yahoo_fantasy_api
2024,7,,5,api,Uncle Rico,Joe Mantegna,2024-W07-04,4,86.86,102.56,Austin Ekeler,RB,RB,True,False,False,,3.0,,Austin Ekeler,RB,,449.p.30423,30423,Was,yahoo_fantasy_api
2024,7,,6,api,Uncle Rico,Joe Mantegna,2024-W07-04,4,86.86,102.56,Mark Andrews,TE,TE,True,False,False,,18.1,,Mark Andrews,TE,,449.p.31056,31056,Bal,yahoo_fantasy_api
2024,7,,7,api,Uncle Rico,Joe Mantegna,2024-W07-04,4,86.86,102.56,Tank Dell,WR,W/R/T,True,False,False,,0.0,,Tank Dell,WR,,449.p.40097,40097,Hou,yahoo_fantasy_api
2024,7,,8,api,Uncle Rico,Joe Mantegna,2024-W07-04,4,86.86,102.56,Geno Smith,QB,BN,False,True,False,,21.78,,Geno Smith,QB,,449.p.26662,26662,NYJ,yahoo_fantasy_api
2024,7,,9,api,Uncle Rico,Joe Mantegna,2024-W07-04,4,86.86,102.56,Jauan Jennings,WR,BN,False,True,False,,0.0,,Jauan Jennings,WR,,449.p.32887,32887,Min,yahoo_fantasy_api
2024,7,,10,api,Uncle Rico,Joe Mantegna,2024-W07-04,4,86.86,102.56,D'Andre Swift,RB,BN,False,True,False,,0.0,,D'Andre Swift,RB,,449.p.32705,32705,Chi,yahoo_fantasy_api
2024,7,,11,api,Uncle Rico,Joe Mantegna,2024-W07-04,4,86.86,102.56,Zach Charbonnet,RB,BN,False,True,False,,1.4,,Zach Charbonnet,RB,,449.p.40075,40075,Sea,yahoo_fantasy_api
2024,7,,12,api,Uncle Rico,Joe Mantegna,2024-W07-04,4,86.86,102.56,Devin Singletary,RB,BN,False,True,False,,2.6,,Devin Singletary,RB,,449.p.31906,31906,NYG,yahoo_fantasy_api
2024,7,,13,api,Uncle Rico,Joe Mantegna,2024-W07-04,4,86.86,102.56,Romeo Doubs,WR,BN,False,True,False,,13.4,,Romeo Doubs,WR,,449.p.34088,34088,NE,yahoo_fantasy_api
2024,7,,14,api,Uncle Rico,Joe Mantegna,2024-W07-04,4,86.86,102.56,Jonathon Brooks,RB,IR,False,False,True,,0.0,,Jonathon Brooks,RB,,449.p.40926,40926,Car,yahoo_fantasy_api
2024,7,,15,api,Uncle Rico,Joe Mantegna,2024-W07-04,4,86.86,102.56,Tyler Bass,K,K,True,False,False,,10.0,,Tyler Bass,K,,449.p.32858,32858,Buf,yahoo_fantasy_api
2024,7,,16,api,Uncle Rico,Joe Mantegna,2024-W07-04,4,86.86,102.56,Jaguars,DEF,DEF,True,False,False,,9.0,,Jaguars,DEF,,449.p.100030,100030,Jax,yahoo_fantasy_api
2024,7,,1,api,Voldemort,Patty Primetimes,2024-W07-03,3,89.92,94.04,Josh Allen,QB,QB,True,False,False,,25.02,,Josh Allen,QB,,449.p.30977,30977,Buf,yahoo_fantasy_api
2024,7,,2,api,Voldemort,Patty Primetimes,2024-W07-03,3,89.92,94.04,Diontae Johnson,WR,WR,True,False,False,,2.2,,Diontae Johnson,WR,,449.p.31898,31898,Cle,yahoo_fantasy_api
2024,7,,3,api,Voldemort,Patty Primetimes,2024-W07-03,3,89.92,94.04,DeMario Douglas,WR,WR,True,False,False,,2.4,,DeMario Douglas,WR,,449.p.40222,40222,NE,yahoo_fantasy_api
2024,7,,4,api,Voldemort,Patty Primetimes,2024-W07-03,3,89.92,94.04,Kenneth Walker III,RB,RB,True,False,False,,22.3,,Kenneth Walker III,RB,,449.p.33996,33996,KC,yahoo_fantasy_api
2024,7,,5,api,Voldemort,Patty Primetimes,2024-W07-03,3,89.92,94.04,J.K. Dobbins,RB,RB,True,False,False,,8.1,,J.K. Dobbins,RB,,449.p.32725,32725,Den,yahoo_fantasy_api
2024,7,,6,api,Voldemort,Patty Primetimes,2024-W07-03,3,89.92,94.04,Dalton Kincaid,TE,TE,True,False,False,,6.7,,Dalton Kincaid,TE,,449.p.40048,40048,Buf,yahoo_fantasy_api
2024,7,,7,api,Voldemort,Patty Primetimes,2024-W07-03,3,89.92,94.04,Chuba Hubbard,RB,W/R/T,True,False,False,,11.2,,Chuba Hubbard,RB,,449.p.33514,33514,Car,yahoo_fantasy_api
2024,7,,8,api,Voldemort,Patty Primetimes,2024-W07-03,3,89.92,94.04,Khalil Shakir,WR,BN,False,True,False,,10.0,,Khalil Shakir,WR,,449.p.34104,34104,Buf,yahoo_fantasy_api
2024,7,,9,api,Voldemort,Patty Primetimes,2024-W07-03,3,89.92,94.04,Travis Etienne Jr.,RB,BN,False,True,False,,0.0,,Travis Etienne Jr.,RB,,449.p.33413,33413,NO,yahoo_fantasy_api
2024,7,,10,api,Voldemort,Patty Primetimes,2024-W07-03,3,89.92,94.04,Jonathan Taylor,RB,BN,False,True,False,,0.0,,Jonathan Taylor,RB,,449.p.32711,32711,Ind,yahoo_fantasy_api
2024,7,,11,api,Voldemort,Patty Primetimes,2024-W07-03,3,89.92,94.04,Calvin Ridley,WR,BN,False,True,False,,5.7,,Calvin Ridley,WR,,449.p.30996,30996,Ten,yahoo_fantasy_api
2024,7,,12,api,Voldemort,Patty Primetimes,2024-W07-03,3,89.92,94.04,Chase Brown,RB,BN,False,True,False,,6.3,,Chase Brown,RB,,449.p.40196,40196,Cin,yahoo_fantasy_api
2024,7,,13,api,Voldemort,Patty Primetimes,2024-W07-03,3,89.92,94.04,Xavier Legette,WR,BN,False,True,False,,1.9,,Xavier Legette,WR,,449.p.40890,40890,Car,yahoo_fantasy_api
2024,7,,14,api,Voldemort,Patty Primetimes,2024-W07-03,3,89.92,94.04,Puka Nacua,WR,IR,False,False,True,,0.0,,Puka Nacua,WR,,449.p.40168,40168,LAR,yahoo_fantasy_api
2024,7,,15,api,Voldemort,Patty Primetimes,2024-W07-03,3,89.92,94.04,Will Reichard,K,K,True,False,False,,15.0,,Will Reichard,K,,449.p.41093,41093,Min,yahoo_fantasy_api
2024,7,,16,api,Voldemort,Patty Primetimes,2024-W07-03,3,89.92,94.04,Jets,DEF,DEF,True,False,False,,-3.0,,Jets,DEF,,449.p.100020,100020,NYJ,yahoo_fantasy_api
2024,7,,1,api,malle_dips_pouches,Ginger FC 🏆🏆,2024-W07-06,6,112.46,113.3,Sam Darnold,QB,QB,True,False,False,,19.26,,Sam Darnold,QB,,449.p.30973,30973,Sea,yahoo_fantasy_api
2024,7,,2,api,malle_dips_pouches,Ginger FC 🏆🏆,2024-W07-06,6,112.46,113.3,Drake London,WR,WR,True,False,False,,15.3,,Drake London,WR,,449.p.33963,33963,Atl,yahoo_fantasy_api
2024,7,,3,api,malle_dips_pouches,Ginger FC 🏆🏆,2024-W07-06,6,112.46,113.3,A.J. Brown,WR,WR,True,False,False,,17.4,,A.J. Brown,WR,,449.p.31883,31883,NE,yahoo_fantasy_api
2024,7,,4,api,malle_dips_pouches,Ginger FC 🏆🏆,2024-W07-06,6,112.46,113.3,Joe Mixon,RB,RB,True,False,False,,25.4,,Joe Mixon,RB,,449.p.30161,30161,Hou,yahoo_fantasy_api
2024,7,,5,api,malle_dips_pouches,Ginger FC 🏆🏆,2024-W07-06,6,112.46,113.3,Brian Robinson,RB,RB,True,False,False,,13.1,,Brian Robinson,RB,,449.p.34054,34054,Atl,yahoo_fantasy_api
2024,7,,6,api,malle_dips_pouches,Ginger FC 🏆🏆,2024-W07-06,6,112.46,113.3,Kyle Pitts Sr.,TE,TE,True,False,False,,10.0,,Kyle Pitts Sr.,TE,,449.p.33392,33392,Atl,yahoo_fantasy_api
2024,7,,7,api,malle_dips_pouches,Ginger FC 🏆🏆,2024-W07-06,6,112.46,113.3,Courtland Sutton,WR,W/R/T,True,False,False,,0.0,,Courtland Sutton,WR,,449.p.31010,31010,Den,yahoo_fantasy_api
2024,7,,8,api,malle_dips_pouches,Ginger FC 🏆🏆,2024-W07-06,6,112.46,113.3,Antonio Gibson,RB,BN,False,True,False,,1.8,,Antonio Gibson,RB,,449.p.32736,32736,NE,yahoo_fantasy_api
2024,7,,9,api,malle_dips_pouches,Ginger FC 🏆🏆,2024-W07-06,6,112.46,113.3,Caleb Williams,QB,BN,False,True,False,,0.0,,Caleb Williams,QB,,449.p.40900,40900,Chi,yahoo_fantasy_api
2024,7,,10,api,malle_dips_pouches,Ginger FC 🏆🏆,2024-W07-06,6,112.46,113.3,Josh Downs,WR,BN,False,True,False,,0.8,,Josh Downs,WR,,449.p.40126,40126,Ind,yahoo_fantasy_api
2024,7,,11,api,malle_dips_pouches,Ginger FC 🏆🏆,2024-W07-06,6,112.46,113.3,Rhamondre Stevenson,RB,BN,False,True,False,,3.5,,Rhamondre Stevenson,RB,,449.p.33508,33508,NE,yahoo_fantasy_api
2024,7,,12,api,malle_dips_pouches,Ginger FC 🏆🏆,2024-W07-06,6,112.46,113.3,Jaylen Waddle,WR,BN,False,True,False,,1.6,,Jaylen Waddle,WR,,449.p.33394,33394,Den,yahoo_fantasy_api
2024,7,,13,api,malle_dips_pouches,Ginger FC 🏆🏆,2024-W07-06,6,112.46,113.3,Pat Freiermuth,TE,BN,False,True,False,,6.1,,Pat Freiermuth,TE,,449.p.33443,33443,Pit,yahoo_fantasy_api
2024,7,,14,api,malle_dips_pouches,Ginger FC 🏆🏆,2024-W07-06,6,112.46,113.3,Harrison Butker,K,K,True,False,False,,4.0,,Harrison Butker,K,,449.p.30346,30346,KC,yahoo_fantasy_api
2024,7,,15,api,malle_dips_pouches,Ginger FC 🏆🏆,2024-W07-06,6,112.46,113.3,Steelers,DEF,DEF,True,False,False,,8.0,,Steelers,DEF,,449.p.100023,100023,Pit,yahoo_fantasy_api
2024,8,,1,api,Buttermilk Puuump,Ginger FC 🏆🏆,2024-W08-06,6,113.3,126.74,Jared Goff,QB,QB,True,False,False,,21.5,,Jared Goff,QB,,449.p.29235,29235,Det,yahoo_fantasy_api
2024,8,,2,api,Buttermilk Puuump,Ginger FC 🏆🏆,2024-W08-06,6,113.3,126.74,Amon-Ra St. Brown,WR,WR,True,False,False,,7.7,,Amon-Ra St. Brown,WR,,449.p.33500,33500,Det,yahoo_fantasy_api
2024,8,,3,api,Buttermilk Puuump,Ginger FC 🏆🏆,2024-W08-06,6,113.3,126.74,Tyreek Hill,WR,WR,True,False,False,,10.2,,Tyreek Hill,WR,,449.p.29399,29399,Mia,yahoo_fantasy_api
2024,8,,4,api,Buttermilk Puuump,Ginger FC 🏆🏆,2024-W08-06,6,113.3,126.74,Najee Harris,RB,RB,True,False,False,,14.6,,Najee Harris,RB,,449.p.33412,33412,NYG,yahoo_fantasy_api
2024,8,,5,api,Buttermilk Puuump,Ginger FC 🏆🏆,2024-W08-06,6,113.3,126.74,Raheem Mostert,RB,RB,True,False,False,,15.5,,Raheem Mostert,RB,,449.p.28654,28654,LV,yahoo_fantasy_api
2024,8,,6,api,Buttermilk Puuump,Ginger FC 🏆🏆,2024-W08-06,6,113.3,126.74,David Njoku,TE,TE,True,False,False,,14.6,,David Njoku,TE,,449.p.30142,30142,LAC,yahoo_fantasy_api
2024,8,,7,api,Buttermilk Puuump,Ginger FC 🏆🏆,2024-W08-06,6,113.3,126.74,Rachaad White,RB,W/R/T,True,False,False,,13.2,,Rachaad White,RB,,449.p.34047,34047,Was,yahoo_fantasy_api
2024,8,,8,api,Buttermilk Puuump,Ginger FC 🏆🏆,2024-W08-06,6,113.3,126.74,Noah Fant,TE,BN,False,True,False,,3.7,,Noah Fant,TE,,449.p.31852,31852,NO,yahoo_fantasy_api
2024,8,,9,api,Buttermilk Puuump,Ginger FC 🏆🏆,2024-W08-06,6,113.3,126.74,Jordan Addison,WR,BN,False,True,False,,3.2,,Jordan Addison,WR,,449.p.40042,40042,Min,yahoo_fantasy_api
2024,8,,10,api,Buttermilk Puuump,Ginger FC 🏆🏆,2024-W08-06,6,113.3,126.74,Tyjae Spears,RB,BN,False,True,False,,0.0,,Tyjae Spears,RB,,449.p.40119,40119,Ten,yahoo_fantasy_api
2024,8,,11,api,Buttermilk Puuump,Ginger FC 🏆🏆,2024-W08-06,6,113.3,126.74,Keenan Allen,WR,BN,False,True,False,,4.9,,Keenan Allen,WR,,449.p.26699,26699,Ind,yahoo_fantasy_api
2024,8,,12,api,Buttermilk Puuump,Ginger FC 🏆🏆,2024-W08-06,6,113.3,126.74,Aaron Rodgers,QB,BN,False,True,False,,21.32,,Aaron Rodgers,QB,,449.p.7200,7200,Pit,yahoo_fantasy_api
2024,8,,13,api,Buttermilk Puuump,Ginger FC 🏆🏆,2024-W08-06,6,113.3,126.74,Jerry Jeudy,WR,BN,False,True,False,,10.4,,Jerry Jeudy,WR,,449.p.32685,32685,Cle,yahoo_fantasy_api
2024,8,,14,api,Buttermilk Puuump,Ginger FC 🏆🏆,2024-W08-06,6,113.3,126.74,Younghoe Koo,K,K,True,False,False,,7.0,,Younghoe Koo,K,,449.p.30426,30426,NYG,yahoo_fantasy_api
2024,8,,15,api,Buttermilk Puuump,Ginger FC 🏆🏆,2024-W08-06,6,113.3,126.74,Bills,DEF,DEF,True,False,False,,9.0,,Bills,DEF,,449.p.100002,100002,Buf,yahoo_fantasy_api
2024,8,,1,api,Ginger FC 🏆🏆,Buttermilk Puuump,2024-W08-06,6,126.74,113.3,Jordan Love,QB,QB,True,False,False,,6.74,,Jordan Love,QB,,449.p.32696,32696,GB,yahoo_fantasy_api
2024,8,,2,api,Ginger FC 🏆🏆,Buttermilk Puuump,2024-W08-06,6,126.74,113.3,Brian Thomas Jr.,WR,WR,True,False,False,,13.5,,Brian Thomas Jr.,WR,,449.p.40883,40883,Jax,yahoo_fantasy_api
2024,8,,3,api,Ginger FC 🏆🏆,Buttermilk Puuump,2024-W08-06,6,126.74,113.3,Stefon Diggs,WR,WR,True,False,False,,10.2,,Stefon Diggs,WR,,449.p.28534,28534,Was,yahoo_fantasy_api
2024,8,,4,api,Ginger FC 🏆🏆,Buttermilk Puuump,2024-W08-06,6,126.74,113.3,De'Von Achane,RB,RB,True,False,False,,23.7,,De'Von Achane,RB,,449.p.40118,40118,Mia,yahoo_fantasy_api
2024,8,,5,api,Ginger FC 🏆🏆,Buttermilk Puuump,2024-W08-06,6,126.74,113.3,Kareem Hunt,RB,RB,True,False,False,,12.8,,Kareem Hunt,RB,,449.p.30199,30199,KC,yahoo_fantasy_api
2024,8,,6,api,Ginger FC 🏆🏆,Buttermilk Puuump,2024-W08-06,6,126.74,113.3,Cade Otton,TE,TE,True,False,False,,24.6,,Cade Otton,TE,,449.p.34062,34062,TB,yahoo_fantasy_api
2024,8,,7,api,Ginger FC 🏆🏆,Buttermilk Puuump,2024-W08-06,6,126.74,113.3,Nick Chubb,RB,W/R/T,True,False,False,,5.2,,Nick Chubb,RB,,449.p.31005,31005,Hou,yahoo_fantasy_api
2024,8,,8,api,Ginger FC 🏆🏆,Buttermilk Puuump,2024-W08-06,6,126.74,113.3,Dallas Goedert,TE,BN,False,True,False,,0.0,,Dallas Goedert,TE,,449.p.31019,31019,Phi,yahoo_fantasy_api
2024,8,,9,api,Ginger FC 🏆🏆,Buttermilk Puuump,2024-W08-06,6,126.74,113.3,Alexander Mattison,RB,BN,False,True,False,,6.9,,Alexander Mattison,RB,,449.p.31934,31934,Mia,yahoo_fantasy_api
2024,8,,10,api,Ginger FC 🏆🏆,Buttermilk Puuump,2024-W08-06,6,126.74,113.3,Roschon Johnson,RB,BN,False,True,False,,6.6,,Roschon Johnson,RB,,449.p.40162,40162,Chi,yahoo_fantasy_api
2024,8,,11,api,Ginger FC 🏆🏆,Buttermilk Puuump,2024-W08-06,6,126.74,113.3,Kirk Cousins,QB,BN,False,True,False,,36.64,,Kirk Cousins,QB,,449.p.25812,25812,LV,yahoo_fantasy_api
2024,8,,12,api,Ginger FC 🏆🏆,Buttermilk Puuump,2024-W08-06,6,126.74,113.3,Dontayvion Wicks,WR,BN,False,True,False,,2.1,,Dontayvion Wicks,WR,,449.p.40201,40201,Phi,yahoo_fantasy_api
2024,8,,13,api,Ginger FC 🏆🏆,Buttermilk Puuump,2024-W08-06,6,126.74,113.3,Christian McCaffrey,RB,IR,False,False,True,,0.0,,Christian McCaffrey,RB,,449.p.30121,30121,SF,yahoo_fantasy_api
2024,8,,14,api,Ginger FC 🏆🏆,Buttermilk Puuump,2024-W08-06,6,126.74,113.3,Chris Boswell,K,K,True,False,False,,14.0,,Chris Boswell,K,,449.p.28188,28188,Pit,yahoo_fantasy_api
2024,8,,15,api,Ginger FC 🏆🏆,Buttermilk Puuump,2024-W08-06,6,126.74,113.3,Lions,DEF,DEF,True,False,False,,16.0,,Lions,DEF,,449.p.100008,100008,Det,yahoo_fantasy_api
2024,8,,16,api,Ginger FC 🏆🏆,Buttermilk Puuump,2024-W08-06,6,126.74,113.3,49ers,DEF,BN,False,True,False,,6.0,,49ers,DEF,,449.p.100025,100025,SF,yahoo_fantasy_api
2024,8,,1,api,Joe Mantegna,Patty Primetimes,2024-W08-03,3,118.16,134.04,Tua Tagovailoa,QB,QB,True,False,False,,16.66,,Tua Tagovailoa,QB,,449.p.32675,32675,Atl,yahoo_fantasy_api
2024,8,,2,api,Joe Mantegna,Patty Primetimes,2024-W08-03,3,118.16,134.04,Garrett Wilson,WR,WR,True,False,False,,13.8,,Garrett Wilson,WR,,449.p.33965,33965,NYJ,yahoo_fantasy_api
2024,8,,3,api,Joe Mantegna,Patty Primetimes,2024-W08-03,3,118.16,134.04,Wan'Dale Robinson,WR,WR,True,False,False,,5.5,,Wan'Dale Robinson,WR,,449.p.33998,33998,Ten,yahoo_fantasy_api
2024,8,,4,api,Joe Mantegna,Patty Primetimes,2024-W08-03,3,118.16,134.04,Breece Hall,RB,RB,True,False,False,,9.4,,Breece Hall,RB,,449.p.33991,33991,NYJ,yahoo_fantasy_api
2024,8,,5,api,Joe Mantegna,Patty Primetimes,2024-W08-03,3,118.16,134.04,James Cook III,RB,RB,True,False,False,,26.8,,James Cook III,RB,,449.p.34019,34019,Buf,yahoo_fantasy_api
2024,8,,6,api,Joe Mantegna,Patty Primetimes,2024-W08-03,3,118.16,134.04,Evan Engram,TE,TE,True,False,False,,11.6,,Evan Engram,TE,,449.p.30136,30136,Den,yahoo_fantasy_api
2024,8,,7,api,Joe Mantegna,Patty Primetimes,2024-W08-03,3,118.16,134.04,George Pickens,WR,W/R/T,True,False,False,,9.4,,George Pickens,WR,,449.p.34007,34007,Dal,yahoo_fantasy_api
2024,8,,8,api,Joe Mantegna,Patty Primetimes,2024-W08-03,3,118.16,134.04,Dak Prescott,QB,BN,False,True,False,,19.62,,Dak Prescott,QB,,449.p.29369,29369,Dal,yahoo_fantasy_api
2024,8,,9,api,Joe Mantegna,Patty Primetimes,2024-W08-03,3,118.16,134.04,Bucky Irving,RB,BN,False,True,False,,11.9,,Bucky Irving,RB,,449.p.40993,40993,TB,yahoo_fantasy_api
2024,8,,10,api,Joe Mantegna,Patty Primetimes,2024-W08-03,3,118.16,134.04,Hunter Henry,TE,BN,False,True,False,,7.0,,Hunter Henry,TE,,449.p.29269,29269,NE,yahoo_fantasy_api
2024,8,,11,api,Joe Mantegna,Patty Primetimes,2024-W08-03,3,118.16,134.04,Jakobi Meyers,WR,BN,False,True,False,,14.2,,Jakobi Meyers,WR,,449.p.32231,32231,Jax,yahoo_fantasy_api
2024,8,,12,api,Joe Mantegna,Patty Primetimes,2024-W08-03,3,118.16,134.04,Ty Chandler,RB,BN,False,True,False,,0.0,,Ty Chandler,RB,,449.p.34125,34125,NO,yahoo_fantasy_api
2024,8,,13,api,Joe Mantegna,Patty Primetimes,2024-W08-03,3,118.16,134.04,Demarcus Robinson,WR,BN,False,True,False,,16.5,,Demarcus Robinson,WR,,449.p.29360,29360,SF,yahoo_fantasy_api
2024,8,,14,api,Joe Mantegna,Patty Primetimes,2024-W08-03,3,118.16,134.04,Nico Collins,WR,IR,False,False,True,,0.0,,Nico Collins,WR,,449.p.33477,33477,Hou,yahoo_fantasy_api
2024,8,,15,api,Joe Mantegna,Patty Primetimes,2024-W08-03,3,118.16,134.04,Jake Elliott,K,K,True,False,False,,15.0,,Jake Elliott,K,,449.p.30266,30266,Phi,yahoo_fantasy_api
2024,8,,16,api,Joe Mantegna,Patty Primetimes,2024-W08-03,3,118.16,134.04,Texans,DEF,DEF,True,False,False,,10.0,,Texans,DEF,,449.p.100034,100034,Hou,yahoo_fantasy_api
2024,8,,1,api,Malle ❤️ 🐸,Voldemort,2024-W08-02,2,122.74,103.92,Jalen Hurts,QB,QB,True,False,False,,37.14,,Jalen Hurts,QB,,449.p.32723,32723,Phi,yahoo_fantasy_api
2024,8,,2,api,Malle ❤️ 🐸,Voldemort,2024-W08-02,2,122.74,103.92,Tyler Lockett,WR,WR,True,False,False,,1.4,,Tyler Lockett,WR,,449.p.28457,28457,LV,yahoo_fantasy_api
2024,8,,3,api,Malle ❤️ 🐸,Voldemort,2024-W08-02,2,122.74,103.92,Malik Nabers,WR,WR,True,False,False,,10.6,,Malik Nabers,WR,,449.p.40899,40899,NYG,yahoo_fantasy_api
2024,8,,4,api,Malle ❤️ 🐸,Voldemort,2024-W08-02,2,122.74,103.92,Saquon Barkley,RB,RB,True,False,False,,11.6,,Saquon Barkley,RB,,449.p.30972,30972,Phi,yahoo_fantasy_api
2024,8,,5,api,Malle ❤️ 🐸,Voldemort,2024-W08-02,2,122.74,103.92,Jaleel McLaughlin,RB,RB,True,False,False,,12.1,,Jaleel McLaughlin,RB,,449.p.40696,40696,Cle,yahoo_fantasy_api
2024,8,,6,api,Malle ❤️ 🐸,Voldemort,2024-W08-02,2,122.74,103.92,George Kittle,TE,TE,True,False,False,,21.8,,George Kittle,TE,,449.p.30259,30259,SF,yahoo_fantasy_api
2024,8,,7,api,Malle ❤️ 🐸,Voldemort,2024-W08-02,2,122.74,103.92,Marvin Harrison Jr.,WR,W/R/T,True,False,False,,20.1,,Marvin Harrison Jr.,WR,,449.p.40893,40893,Ari,yahoo_fantasy_api
2024,8,,8,api,Malle ❤️ 🐸,Voldemort,2024-W08-02,2,122.74,103.92,Ray-Ray McCloud III,WR,BN,False,True,False,,4.1,,Ray-Ray McCloud III,WR,,449.p.31157,31157,Chi,yahoo_fantasy_api
2024,8,,9,api,Malle ❤️ 🐸,Voldemort,2024-W08-02,2,122.74,103.92,Rashid Shaheed,WR,BN,False,True,False,,0.0,,Rashid Shaheed,WR,,449.p.34659,34659,Sea,yahoo_fantasy_api
2024,8,,10,api,Malle ❤️ 🐸,Voldemort,2024-W08-02,2,122.74,103.92,Zamir White,RB,BN,False,True,False,,-0.1,,Zamir White,RB,,449.p.34078,34078,NO,yahoo_fantasy_api
2024,8,,11,api,Malle ❤️ 🐸,Voldemort,2024-W08-02,2,122.74,103.92,Brock Purdy,QB,BN,False,True,False,,28.0,,Brock Purdy,QB,,449.p.34218,34218,SF,yahoo_fantasy_api
2024,8,,12,api,Malle ❤️ 🐸,Voldemort,2024-W08-02,2,122.74,103.92,Cole Kmet,TE,BN,False,True,False,,3.9,,Cole Kmet,TE,,449.p.32713,32713,Chi,yahoo_fantasy_api
2024,8,,13,api,Malle ❤️ 🐸,Voldemort,2024-W08-02,2,122.74,103.92,Justin Tucker,K,K,True,False,False,,7.0,,Justin Tucker,K,,449.p.26534,26534,Bal,yahoo_fantasy_api
2024,8,,14,api,Malle ❤️ 🐸,Voldemort,2024-W08-02,2,122.74,103.92,Vikings,DEF,DEF,True,False,False,,1.0,,Vikings,DEF,,449.p.100016,100016,Min,yahoo_fantasy_api
2024,8,,15,api,Malle ❤️ 🐸,Voldemort,2024-W08-02,2,122.74,103.92,Chargers,DEF,BN,False,True,False,,12.0,,Chargers,DEF,,449.p.100024,100024,LAC,yahoo_fantasy_api
2024,8,,1,api,Patty Primetimes,Joe Mantegna,2024-W08-03,3,134.04,118.16,Jayden Daniels,QB,QB,True,False,False,,24.24,,Jayden Daniels,QB,,449.p.40896,40896,Was,yahoo_fantasy_api
2024,8,,2,api,Patty Primetimes,Joe Mantegna,2024-W08-03,3,134.04,118.16,CeeDee Lamb,WR,WR,True,False,False,,33.1,,CeeDee Lamb,WR,,449.p.32687,32687,Dal,yahoo_fantasy_api
2024,8,,3,api,Patty Primetimes,Joe Mantegna,2024-W08-03,3,134.04,118.16,Cooper Kupp,WR,WR,True,False,False,,13.6,,Cooper Kupp,WR,,449.p.30182,30182,Sea,yahoo_fantasy_api
2024,8,,4,api,Patty Primetimes,Joe Mantegna,2024-W08-03,3,134.04,118.16,Aaron Jones Sr.,RB,RB,True,False,False,,10.5,,Aaron Jones Sr.,RB,,449.p.30295,30295,Min,yahoo_fantasy_api
2024,8,,5,api,Patty Primetimes,Joe Mantegna,2024-W08-03,3,134.04,118.16,Tank Bigsby,RB,RB,True,False,False,,9.6,,Tank Bigsby,RB,,449.p.40095,40095,Phi,yahoo_fantasy_api
2024,8,,6,api,Patty Primetimes,Joe Mantegna,2024-W08-03,3,134.04,118.16,Travis Kelce,TE,TE,True,False,False,,20.0,,Travis Kelce,TE,,449.p.26686,26686,KC,yahoo_fantasy_api
2024,8,,7,api,Patty Primetimes,Joe Mantegna,2024-W08-03,3,134.04,118.16,Terry McLaurin,WR,W/R/T,True,False,False,,15.0,,Terry McLaurin,WR,,449.p.31908,31908,Was,yahoo_fantasy_api
2024,8,,8,api,Patty Primetimes,Joe Mantegna,2024-W08-03,3,134.04,118.16,Tony Pollard,RB,BN,False,True,False,,13.2,,Tony Pollard,RB,,449.p.31960,31960,Ten,yahoo_fantasy_api
2024,8,,9,api,Patty Primetimes,Joe Mantegna,2024-W08-03,3,134.04,118.16,Xavier Worthy,WR,BN,False,True,False,,11.7,,Xavier Worthy,WR,,449.p.40877,40877,KC,yahoo_fantasy_api
2024,8,,10,api,Patty Primetimes,Joe Mantegna,2024-W08-03,3,134.04,118.16,Ladd McConkey,WR,BN,False,True,False,,26.1,,Ladd McConkey,WR,,449.p.40908,40908,LAC,yahoo_fantasy_api
2024,8,,11,api,Patty Primetimes,Joe Mantegna,2024-W08-03,3,134.04,118.16,Anthony Richardson Sr.,QB,BN,False,True,False,,14.5,,Anthony Richardson Sr.,QB,,449.p.40040,40040,Ind,yahoo_fantasy_api
2024,8,,12,api,Patty Primetimes,Joe Mantegna,2024-W08-03,3,134.04,118.16,Tyrone Tracy Jr.,RB,BN,False,True,False,,22.0,,Tyrone Tracy Jr.,RB,,449.p.41048,41048,NYG,yahoo_fantasy_api
2024,8,,13,api,Patty Primetimes,Joe Mantegna,2024-W08-03,3,134.04,118.16,Jameis Winston,QB,BN,False,True,False,,29.56,,Jameis Winston,QB,,449.p.28389,28389,NYG,yahoo_fantasy_api
2024,8,,14,api,Patty Primetimes,Joe Mantegna,2024-W08-03,3,134.04,118.16,Evan McPherson,K,K,True,False,False,,5.0,,Evan McPherson,K,,449.p.33537,33537,Cin,yahoo_fantasy_api
2024,8,,15,api,Patty Primetimes,Joe Mantegna,2024-W08-03,3,134.04,118.16,Bears,DEF,DEF,True,False,False,,3.0,,Bears,DEF,,449.p.100003,100003,Chi,yahoo_fantasy_api
2024,8,,1,api,Pop Lockett Drop it,Post Mahomes,2024-W08-05,5,108.82,125.36,C.J. Stroud,QB,QB,True,False,False,,14.4,,C.J. Stroud,QB,,449.p.40030,40030,Hou,yahoo_fantasy_api
2024,8,,2,api,Pop Lockett Drop it,Post Mahomes,2024-W08-05,5,108.82,125.36,DeVonta Smith,WR,WR,True,False,False,,17.5,,DeVonta Smith,WR,,449.p.33398,33398,Phi,yahoo_fantasy_api
2024,8,,3,api,Pop Lockett Drop it,Post Mahomes,2024-W08-05,5,108.82,125.36,Jayden Reed,WR,WR,True,False,False,,6.5,,Jayden Reed,WR,,449.p.40063,40063,GB,yahoo_fantasy_api
2024,8,,4,api,Pop Lockett Drop it,Post Mahomes,2024-W08-05,5,108.82,125.36,Bijan Robinson,RB,RB,True,False,False,,20.1,,Bijan Robinson,RB,,449.p.40055,40055,Atl,yahoo_fantasy_api
2024,8,,5,api,Pop Lockett Drop it,Post Mahomes,2024-W08-05,5,108.82,125.36,David Montgomery,RB,RB,True,False,False,,16.42,,David Montgomery,RB,,449.p.31905,31905,Hou,yahoo_fantasy_api
2024,8,,6,api,Pop Lockett Drop it,Post Mahomes,2024-W08-05,5,108.82,125.36,Trey McBride,TE,TE,True,False,False,,16.9,,Trey McBride,TE,,449.p.34010,34010,Ari,yahoo_fantasy_api
2024,8,,7,api,Pop Lockett Drop it,Post Mahomes,2024-W08-05,5,108.82,125.36,Rico Dowdle,RB,W/R/T,True,False,False,,0.0,,Rico Dowdle,RB,,449.p.33100,33100,Pit,yahoo_fantasy_api
2024,8,,8,api,Pop Lockett Drop it,Post Mahomes,2024-W08-05,5,108.82,125.36,Rome Odunze,WR,BN,False,True,False,,6.9,,Rome Odunze,WR,,449.p.40901,40901,Chi,yahoo_fantasy_api
2024,8,,9,api,Pop Lockett Drop it,Post Mahomes,2024-W08-05,5,108.82,125.36,Mike Evans,WR,BN,False,True,False,,0.0,,Mike Evans,WR,,449.p.27535,27535,SF,yahoo_fantasy_api
2024,8,,10,api,Pop Lockett Drop it,Post Mahomes,2024-W08-05,5,108.82,125.36,Zack Moss,RB,BN,False,True,False,,5.9,,Zack Moss,RB,,449.p.32756,32756,Cin,yahoo_fantasy_api
2024,8,,11,api,Pop Lockett Drop it,Post Mahomes,2024-W08-05,5,108.82,125.36,Mike Gesicki,TE,BN,False,True,False,,8.8,,Mike Gesicki,TE,,449.p.31012,31012,Cin,yahoo_fantasy_api
2024,8,,12,api,Pop Lockett Drop it,Post Mahomes,2024-W08-05,5,108.82,125.36,Jameson Williams,WR,BN,False,True,False,,0.0,,Jameson Williams,WR,,449.p.33967,33967,Det,yahoo_fantasy_api
2024,8,,13,api,Pop Lockett Drop it,Post Mahomes,2024-W08-05,5,108.82,125.36,Justin Fields,QB,BN,False,True,False,,0.0,,Justin Fields,QB,,449.p.33399,33399,KC,yahoo_fantasy_api
2024,8,,14,api,Pop Lockett Drop it,Post Mahomes,2024-W08-05,5,108.82,125.36,Ka'imi Fairbairn,K,K,True,False,False,,11.0,,Ka'imi Fairbairn,K,,449.p.29792,29792,Hou,yahoo_fantasy_api
2024,8,,15,api,Pop Lockett Drop it,Post Mahomes,2024-W08-05,5,108.82,125.36,Eagles,DEF,DEF,True,False,False,,6.0,,Eagles,DEF,,449.p.100021,100021,Phi,yahoo_fantasy_api
2024,8,,1,api,Post Mahomes,Pop Lockett Drop it,2024-W08-05,5,125.36,108.82,Lamar Jackson,QB,QB,True,False,False,,28.16,,Lamar Jackson,QB,,449.p.31002,31002,Bal,yahoo_fantasy_api
2024,8,,2,api,Post Mahomes,Pop Lockett Drop it,2024-W08-05,5,125.36,108.82,Amari Cooper,WR,WR,True,False,False,,0.8,,Amari Cooper,WR,,449.p.28392,28392,Buf,yahoo_fantasy_api
2024,8,,3,api,Post Mahomes,Pop Lockett Drop it,2024-W08-05,5,125.36,108.82,Darnell Mooney,WR,WR,True,False,False,,16.6,,Darnell Mooney,WR,,449.p.32843,32843,NYG,yahoo_fantasy_api
2024,8,,4,api,Post Mahomes,Pop Lockett Drop it,2024-W08-05,5,125.36,108.82,Jahmyr Gibbs,RB,RB,True,False,False,,19.8,,Jahmyr Gibbs,RB,,449.p.40059,40059,Det,yahoo_fantasy_api
2024,8,,5,api,Post Mahomes,Pop Lockett Drop it,2024-W08-05,5,125.36,108.82,Kyren Williams,RB,RB,True,False,False,,20.1,,Kyren Williams,RB,,449.p.34120,34120,LAR,yahoo_fantasy_api
2024,8,,6,api,Post Mahomes,Pop Lockett Drop it,2024-W08-05,5,125.36,108.82,Brock Bowers,TE,TE,True,False,False,,8.3,,Brock Bowers,TE,,449.p.40878,40878,LV,yahoo_fantasy_api
2024,8,,7,api,Post Mahomes,Pop Lockett Drop it,2024-W08-05,5,125.36,108.82,Deebo Samuel Sr.,WR,W/R/T,True,False,False,,10.6,,Deebo Samuel Sr.,WR,,449.p.31868,31868,SF,yahoo_fantasy_api
2024,8,,8,api,Post Mahomes,Pop Lockett Drop it,2024-W08-05,5,125.36,108.82,Tee Higgins,WR,BN,False,True,False,,0.0,,Tee Higgins,WR,,449.p.32703,32703,Cin,yahoo_fantasy_api
2024,8,,9,api,Post Mahomes,Pop Lockett Drop it,2024-W08-05,5,125.36,108.82,Michael Pittman Jr.,WR,BN,False,True,False,,2.1,,Michael Pittman Jr.,WR,,449.p.32704,32704,Pit,yahoo_fantasy_api
2024,8,,10,api,Post Mahomes,Pop Lockett Drop it,2024-W08-05,5,125.36,108.82,T.J. Hockenson,TE,BN,False,True,False,,0.0,,T.J. Hockenson,TE,,449.p.31840,31840,Min,yahoo_fantasy_api
2024,8,,11,api,Post Mahomes,Pop Lockett Drop it,2024-W08-05,5,125.36,108.82,Isiah Pacheco,RB,BN,False,True,False,,0.0,,Isiah Pacheco,RB,,449.p.34207,34207,Det,yahoo_fantasy_api
2024,8,,12,api,Post Mahomes,Pop Lockett Drop it,2024-W08-05,5,125.36,108.82,Jaylen Warren,RB,BN,False,True,False,,6.9,,Jaylen Warren,RB,,449.p.34447,34447,Pit,yahoo_fantasy_api
2024,8,,13,api,Post Mahomes,Pop Lockett Drop it,2024-W08-05,5,125.36,108.82,Jalen Tolbert,WR,BN,False,True,False,,5.9,,Jalen Tolbert,WR,,449.p.34044,34044,Mia,yahoo_fantasy_api
2024,8,,14,api,Post Mahomes,Pop Lockett Drop it,2024-W08-05,5,125.36,108.82,JuJu Smith-Schuster,WR,IR,False,False,True,,0.0,,JuJu Smith-Schuster,WR,,449.p.30175,30175,NYG,yahoo_fantasy_api
2024,8,,15,api,Post Mahomes,Pop Lockett Drop it,2024-W08-05,5,125.36,108.82,Austin Seibert,K,K,True,False,False,,13.0,,Austin Seibert,K,,449.p.32002,32002,Was,yahoo_fantasy_api
2024,8,,16,api,Post Mahomes,Pop Lockett Drop it,2024-W08-05,5,125.36,108.82,Chiefs,DEF,DEF,True,False,False,,8.0,,Chiefs,DEF,,449.p.100012,100012,KC,yahoo_fantasy_api
2024,8,,1,api,The Big Gronkowski,malle_dips_pouches,2024-W08-01,1,82.36,110.34,Joe Burrow,QB,QB,True,False,False,,15.86,,Joe Burrow,QB,,449.p.32671,32671,Cin,yahoo_fantasy_api
2024,8,,2,api,The Big Gronkowski,malle_dips_pouches,2024-W08-01,1,82.36,110.34,Justin Jefferson,WR,WR,True,False,False,,15.5,,Justin Jefferson,WR,,449.p.32692,32692,Min,yahoo_fantasy_api
2024,8,,3,api,The Big Gronkowski,malle_dips_pouches,2024-W08-01,1,82.36,110.34,DJ Moore,WR,WR,True,False,False,,4.4,,DJ Moore,WR,,449.p.30994,30994,Buf,yahoo_fantasy_api
2024,8,,4,api,The Big Gronkowski,malle_dips_pouches,2024-W08-01,1,82.36,110.34,Alvin Kamara,RB,RB,True,False,False,,15.2,,Alvin Kamara,RB,,449.p.30180,30180,NO,yahoo_fantasy_api
2024,8,,5,api,The Big Gronkowski,malle_dips_pouches,2024-W08-01,1,82.36,110.34,Javonte Williams,RB,RB,True,False,False,,7.2,,Javonte Williams,RB,,449.p.33423,33423,Dal,yahoo_fantasy_api
2024,8,,6,api,The Big Gronkowski,malle_dips_pouches,2024-W08-01,1,82.36,110.34,Jake Ferguson,TE,TE,True,False,False,,5.3,,Jake Ferguson,TE,,449.p.34085,34085,Dal,yahoo_fantasy_api
2024,8,,7,api,The Big Gronkowski,malle_dips_pouches,2024-W08-01,1,82.36,110.34,Jaxon Smith-Njigba,WR,W/R/T,True,False,False,,9.9,,Jaxon Smith-Njigba,WR,,449.p.40041,40041,Sea,yahoo_fantasy_api
2024,8,,8,api,The Big Gronkowski,malle_dips_pouches,2024-W08-01,1,82.36,110.34,Christian Watson,WR,BN,False,True,False,,5.9,,Christian Watson,WR,,449.p.33989,33989,GB,yahoo_fantasy_api
2024,8,,9,api,The Big Gronkowski,malle_dips_pouches,2024-W08-01,1,82.36,110.34,Isaiah Likely,TE,BN,False,True,False,,6.7,,Isaiah Likely,TE,,449.p.34095,34095,NYG,yahoo_fantasy_api
2024,8,,10,api,The Big Gronkowski,malle_dips_pouches,2024-W08-01,1,82.36,110.34,Chris Olave,WR,BN,False,True,False,,14.7,,Chris Olave,WR,,449.p.33966,33966,NO,yahoo_fantasy_api
2024,8,,11,api,The Big Gronkowski,malle_dips_pouches,2024-W08-01,1,82.36,110.34,Matthew Stafford,QB,BN,False,True,False,,33.76,,Matthew Stafford,QB,,449.p.9265,9265,LAR,yahoo_fantasy_api
2024,8,,12,api,The Big Gronkowski,malle_dips_pouches,2024-W08-01,1,82.36,110.34,Brandon Aubrey,K,K,True,False,False,,6.0,,Brandon Aubrey,K,,449.p.40819,40819,Dal,yahoo_fantasy_api
2024,8,,13,api,The Big Gronkowski,malle_dips_pouches,2024-W08-01,1,82.36,110.34,Cameron Dicker,K,BN,False,True,False,,9.0,,Cameron Dicker,K,,449.p.34344,34344,LAC,yahoo_fantasy_api
2024,8,,14,api,The Big Gronkowski,malle_dips_pouches,2024-W08-01,1,82.36,110.34,Ravens,DEF,DEF,True,False,False,,3.0,,Ravens,DEF,,449.p.100033,100033,Bal,yahoo_fantasy_api
2024,8,,15,api,The Big Gronkowski,malle_dips_pouches,2024-W08-01,1,82.36,110.34,Cowboys,DEF,BN,False,True,False,,1.0,,Cowboys,DEF,,449.p.100006,100006,Dal,yahoo_fantasy_api
2024,8,,1,api,ThreatLevelMidnight,Uncle Rico,2024-W08-04,4,120.28,111.28,Kyler Murray,QB,QB,True,False,False,,26.18,,Kyler Murray,QB,,449.p.31833,31833,Min,yahoo_fantasy_api
2024,8,,2,api,ThreatLevelMidnight,Uncle Rico,2024-W08-04,4,120.28,111.28,Ja'Marr Chase,WR,WR,True,False,False,,15.9,,Ja'Marr Chase,WR,,449.p.33393,33393,Cin,yahoo_fantasy_api
2024,8,,3,api,ThreatLevelMidnight,Uncle Rico,2024-W08-04,4,120.28,111.28,Jalen McMillan,WR,WR,True,False,False,,7.2,,Jalen McMillan,WR,,449.p.40954,40954,TB,yahoo_fantasy_api
2024,8,,4,api,ThreatLevelMidnight,Uncle Rico,2024-W08-04,4,120.28,111.28,James Conner,RB,RB,True,False,False,,13.9,,James Conner,RB,,449.p.30218,30218,Ari,yahoo_fantasy_api
2024,8,,5,api,ThreatLevelMidnight,Uncle Rico,2024-W08-04,4,120.28,111.28,Josh Jacobs,RB,RB,True,False,False,,25.0,,Josh Jacobs,RB,,449.p.31856,31856,GB,yahoo_fantasy_api
2024,8,,6,api,ThreatLevelMidnight,Uncle Rico,2024-W08-04,4,120.28,111.28,Tucker Kraft,TE,TE,True,False,False,,15.3,,Tucker Kraft,TE,,449.p.40102,40102,GB,yahoo_fantasy_api
2024,8,,7,api,ThreatLevelMidnight,Uncle Rico,2024-W08-04,4,120.28,111.28,Jordan Mason,RB,W/R/T,True,False,False,,1.8,,Jordan Mason,RB,,449.p.34320,34320,Min,yahoo_fantasy_api
2024,8,,8,api,ThreatLevelMidnight,Uncle Rico,2024-W08-04,4,120.28,111.28,DK Metcalf,WR,BN,False,True,False,,0.0,,DK Metcalf,WR,,449.p.31896,31896,Pit,yahoo_fantasy_api
2024,8,,9,api,ThreatLevelMidnight,Uncle Rico,2024-W08-04,4,120.28,111.28,Baker Mayfield,QB,BN,False,True,False,,30.3,,Baker Mayfield,QB,,449.p.30971,30971,TB,yahoo_fantasy_api
2024,8,,10,api,ThreatLevelMidnight,Uncle Rico,2024-W08-04,4,120.28,111.28,Sam LaPorta,TE,BN,False,True,False,,13.8,,Sam LaPorta,TE,,449.p.40064,40064,Det,yahoo_fantasy_api
2024,8,,11,api,ThreatLevelMidnight,Uncle Rico,2024-W08-04,4,120.28,111.28,Trey Benson,RB,BN,False,True,False,,1.0,,Trey Benson,RB,,449.p.40958,40958,Ari,yahoo_fantasy_api
2024,8,,12,api,ThreatLevelMidnight,Uncle Rico,2024-W08-04,4,120.28,111.28,Ricky Pearsall,WR,BN,False,True,False,,9.7,,Ricky Pearsall,WR,,449.p.40892,40892,SF,yahoo_fantasy_api
2024,8,,13,api,ThreatLevelMidnight,Uncle Rico,2024-W08-04,4,120.28,111.28,Chris Godwin Jr.,WR,IR,False,False,True,,0.0,,Chris Godwin Jr.,WR,,449.p.30197,30197,TB,yahoo_fantasy_api
2024,8,,14,api,ThreatLevelMidnight,Uncle Rico,2024-W08-04,4,120.28,111.28,Chase McLaughlin,K,K,True,False,False,,8.0,,Chase McLaughlin,K,,449.p.32417,32417,TB,yahoo_fantasy_api
2024,8,,15,api,ThreatLevelMidnight,Uncle Rico,2024-W08-04,4,120.28,111.28,Broncos,DEF,DEF,True,False,False,,7.0,,Broncos,DEF,,449.p.100007,100007,Den,yahoo_fantasy_api
2024,8,,1,api,Uncle Rico,ThreatLevelMidnight,2024-W08-04,4,111.28,120.28,Patrick Mahomes,QB,QB,True,False,False,,23.18,,Patrick Mahomes,QB,,449.p.30123,30123,KC,yahoo_fantasy_api
2024,8,,2,api,Uncle Rico,ThreatLevelMidnight,2024-W08-04,4,111.28,120.28,Zay Flowers,WR,WR,True,False,False,,15.0,,Zay Flowers,WR,,449.p.40039,40039,Bal,yahoo_fantasy_api
2024,8,,3,api,Uncle Rico,ThreatLevelMidnight,2024-W08-04,4,111.28,120.28,Davante Adams,WR,WR,True,False,False,,7.4,,Davante Adams,WR,,449.p.27581,27581,LAR,yahoo_fantasy_api
2024,8,,4,api,Uncle Rico,ThreatLevelMidnight,2024-W08-04,4,111.28,120.28,Derrick Henry,RB,RB,True,False,False,,14.2,,Derrick Henry,RB,,449.p.29279,29279,Bal,yahoo_fantasy_api
2024,8,,5,api,Uncle Rico,ThreatLevelMidnight,2024-W08-04,4,111.28,120.28,D'Andre Swift,RB,RB,True,False,False,,18.9,,D'Andre Swift,RB,,449.p.32705,32705,Chi,yahoo_fantasy_api
2024,8,,6,api,Uncle Rico,ThreatLevelMidnight,2024-W08-04,4,111.28,120.28,Mark Andrews,TE,TE,True,False,False,,12.1,,Mark Andrews,TE,,449.p.31056,31056,Bal,yahoo_fantasy_api
2024,8,,7,api,Uncle Rico,ThreatLevelMidnight,2024-W08-04,4,111.28,120.28,Tank Dell,WR,W/R/T,True,False,False,,11.5,,Tank Dell,WR,,449.p.40097,40097,Hou,yahoo_fantasy_api
2024,8,,8,api,Uncle Rico,ThreatLevelMidnight,2024-W08-04,4,111.28,120.28,Austin Ekeler,RB,BN,False,True,False,,6.8,,Austin Ekeler,RB,,449.p.30423,30423,Was,yahoo_fantasy_api
2024,8,,9,api,Uncle Rico,ThreatLevelMidnight,2024-W08-04,4,111.28,120.28,Geno Smith,QB,BN,False,True,False,,9.08,,Geno Smith,QB,,449.p.26662,26662,NYJ,yahoo_fantasy_api
2024,8,,10,api,Uncle Rico,ThreatLevelMidnight,2024-W08-04,4,111.28,120.28,Jauan Jennings,WR,BN,False,True,False,,0.0,,Jauan Jennings,WR,,449.p.32887,32887,Min,yahoo_fantasy_api
2024,8,,11,api,Uncle Rico,ThreatLevelMidnight,2024-W08-04,4,111.28,120.28,Zach Charbonnet,RB,BN,False,True,False,,9.9,,Zach Charbonnet,RB,,449.p.40075,40075,Sea,yahoo_fantasy_api
2024,8,,12,api,Uncle Rico,ThreatLevelMidnight,2024-W08-04,4,111.28,120.28,Devin Singletary,RB,BN,False,True,False,,3.3,,Devin Singletary,RB,,449.p.31906,31906,NYG,yahoo_fantasy_api
2024,8,,13,api,Uncle Rico,ThreatLevelMidnight,2024-W08-04,4,111.28,120.28,Romeo Doubs,WR,BN,False,True,False,,8.7,,Romeo Doubs,WR,,449.p.34088,34088,NE,yahoo_fantasy_api
2024,8,,14,api,Uncle Rico,ThreatLevelMidnight,2024-W08-04,4,111.28,120.28,Jonathon Brooks,RB,IR,False,False,True,,0.0,,Jonathon Brooks,RB,,449.p.40926,40926,Car,yahoo_fantasy_api
2024,8,,15,api,Uncle Rico,ThreatLevelMidnight,2024-W08-04,4,111.28,120.28,Tyler Bass,K,K,True,False,False,,7.0,,Tyler Bass,K,,449.p.32858,32858,Buf,yahoo_fantasy_api
2024,8,,16,api,Uncle Rico,ThreatLevelMidnight,2024-W08-04,4,111.28,120.28,Jaguars,DEF,DEF,True,False,False,,2.0,,Jaguars,DEF,,449.p.100030,100030,Jax,yahoo_fantasy_api
2024,8,,1,api,Voldemort,Malle ❤️ 🐸,2024-W08-02,2,103.92,122.74,Josh Allen,QB,QB,True,False,False,,24.82,,Josh Allen,QB,,449.p.30977,30977,Buf,yahoo_fantasy_api
2024,8,,2,api,Voldemort,Malle ❤️ 🐸,2024-W08-02,2,103.92,122.74,Puka Nacua,WR,WR,True,False,False,,14.6,,Puka Nacua,WR,,449.p.40168,40168,LAR,yahoo_fantasy_api
2024,8,,3,api,Voldemort,Malle ❤️ 🐸,2024-W08-02,2,103.92,122.74,DeAndre Hopkins,WR,WR,True,False,False,,3.9,,DeAndre Hopkins,WR,,449.p.26650,26650,Bal,yahoo_fantasy_api
2024,8,,4,api,Voldemort,Malle ❤️ 🐸,2024-W08-02,2,103.92,122.74,J.K. Dobbins,RB,RB,True,False,False,,14.8,,J.K. Dobbins,RB,,449.p.32725,32725,Den,yahoo_fantasy_api
2024,8,,5,api,Voldemort,Malle ❤️ 🐸,2024-W08-02,2,103.92,122.74,Jonathan Taylor,RB,RB,True,False,False,,18.2,,Jonathan Taylor,RB,,449.p.32711,32711,Ind,yahoo_fantasy_api
2024,8,,6,api,Voldemort,Malle ❤️ 🐸,2024-W08-02,2,103.92,122.74,Dalton Kincaid,TE,TE,True,False,False,,11.1,,Dalton Kincaid,TE,,449.p.40048,40048,Buf,yahoo_fantasy_api
2024,8,,7,api,Voldemort,Malle ❤️ 🐸,2024-W08-02,2,103.92,122.74,Kenneth Walker III,RB,W/R/T,True,False,False,,6.5,,Kenneth Walker III,RB,,449.p.33996,33996,KC,yahoo_fantasy_api
2024,8,,8,api,Voldemort,Malle ❤️ 🐸,2024-W08-02,2,103.92,122.74,Chuba Hubbard,RB,BN,False,True,False,,8.1,,Chuba Hubbard,RB,,449.p.33514,33514,Car,yahoo_fantasy_api
2024,8,,9,api,Voldemort,Malle ❤️ 🐸,2024-W08-02,2,103.92,122.74,Khalil Shakir,WR,BN,False,True,False,,15.4,,Khalil Shakir,WR,,449.p.34104,34104,Buf,yahoo_fantasy_api
2024,8,,10,api,Voldemort,Malle ❤️ 🐸,2024-W08-02,2,103.92,122.74,Travis Etienne Jr.,RB,BN,False,True,False,,0.0,,Travis Etienne Jr.,RB,,449.p.33413,33413,NO,yahoo_fantasy_api
2024,8,,11,api,Voldemort,Malle ❤️ 🐸,2024-W08-02,2,103.92,122.74,Calvin Ridley,WR,BN,False,True,False,,17.6,,Calvin Ridley,WR,,449.p.30996,30996,Ten,yahoo_fantasy_api
2024,8,,12,api,Voldemort,Malle ❤️ 🐸,2024-W08-02,2,103.92,122.74,Chase Brown,RB,BN,False,True,False,,10.4,,Chase Brown,RB,,449.p.40196,40196,Cin,yahoo_fantasy_api
2024,8,,13,api,Voldemort,Malle ❤️ 🐸,2024-W08-02,2,103.92,122.74,Sterling Shepard,WR,BN,False,True,False,,3.3,,Sterling Shepard,WR,,449.p.29274,29274,NYJ,yahoo_fantasy_api
2024,8,,14,api,Voldemort,Malle ❤️ 🐸,2024-W08-02,2,103.92,122.74,Diontae Johnson,WR,IR,False,False,True,,0.0,,Diontae Johnson,WR,,449.p.31898,31898,Cle,yahoo_fantasy_api
2024,8,,15,api,Voldemort,Malle ❤️ 🐸,2024-W08-02,2,103.92,122.74,Will Reichard,K,K,True,False,False,,8.0,,Will Reichard,K,,449.p.41093,41093,Min,yahoo_fantasy_api
2024,8,,16,api,Voldemort,Malle ❤️ 🐸,2024-W08-02,2,103.92,122.74,Jets,DEF,DEF,True,False,False,,2.0,,Jets,DEF,,449.p.100020,100020,NYJ,yahoo_fantasy_api
2024,8,,1,api,malle_dips_pouches,The Big Gronkowski,2024-W08-01,1,110.34,82.36,Caleb Williams,QB,QB,True,False,False,,9.94,,Caleb Williams,QB,,449.p.40900,40900,Chi,yahoo_fantasy_api
2024,8,,2,api,malle_dips_pouches,The Big Gronkowski,2024-W08-01,1,110.34,82.36,Drake London,WR,WR,True,False,False,,5.4,,Drake London,WR,,449.p.33963,33963,Atl,yahoo_fantasy_api
2024,8,,3,api,malle_dips_pouches,The Big Gronkowski,2024-W08-01,1,110.34,82.36,A.J. Brown,WR,WR,True,False,False,,10.9,,A.J. Brown,WR,,449.p.31883,31883,NE,yahoo_fantasy_api
2024,8,,4,api,malle_dips_pouches,The Big Gronkowski,2024-W08-01,1,110.34,82.36,Joe Mixon,RB,RB,True,False,False,,21.4,,Joe Mixon,RB,,449.p.30161,30161,Hou,yahoo_fantasy_api
2024,8,,5,api,malle_dips_pouches,The Big Gronkowski,2024-W08-01,1,110.34,82.36,Brian Robinson,RB,RB,True,False,False,,8.1,,Brian Robinson,RB,,449.p.34054,34054,Atl,yahoo_fantasy_api
2024,8,,6,api,malle_dips_pouches,The Big Gronkowski,2024-W08-01,1,110.34,82.36,Kyle Pitts Sr.,TE,TE,True,False,False,,23.1,,Kyle Pitts Sr.,TE,,449.p.33392,33392,Atl,yahoo_fantasy_api
2024,8,,7,api,malle_dips_pouches,The Big Gronkowski,2024-W08-01,1,110.34,82.36,Jaylen Waddle,WR,W/R/T,True,False,False,,6.5,,Jaylen Waddle,WR,,449.p.33394,33394,Den,yahoo_fantasy_api
2024,8,,8,api,malle_dips_pouches,The Big Gronkowski,2024-W08-01,1,110.34,82.36,Courtland Sutton,WR,BN,False,True,False,,13.12,,Courtland Sutton,WR,,449.p.31010,31010,Den,yahoo_fantasy_api
2024,8,,9,api,malle_dips_pouches,The Big Gronkowski,2024-W08-01,1,110.34,82.36,Sam Darnold,QB,BN,False,True,False,,22.2,,Sam Darnold,QB,,449.p.30973,30973,Sea,yahoo_fantasy_api
2024,8,,10,api,malle_dips_pouches,The Big Gronkowski,2024-W08-01,1,110.34,82.36,Antonio Gibson,RB,BN,False,True,False,,0.7,,Antonio Gibson,RB,,449.p.32736,32736,NE,yahoo_fantasy_api
2024,8,,11,api,malle_dips_pouches,The Big Gronkowski,2024-W08-01,1,110.34,82.36,Josh Downs,WR,BN,False,True,False,,20.2,,Josh Downs,WR,,449.p.40126,40126,Ind,yahoo_fantasy_api
2024,8,,12,api,malle_dips_pouches,The Big Gronkowski,2024-W08-01,1,110.34,82.36,Rhamondre Stevenson,RB,BN,False,True,False,,22.0,,Rhamondre Stevenson,RB,,449.p.33508,33508,NE,yahoo_fantasy_api
2024,8,,13,api,malle_dips_pouches,The Big Gronkowski,2024-W08-01,1,110.34,82.36,Pat Freiermuth,TE,BN,False,True,False,,2.9,,Pat Freiermuth,TE,,449.p.33443,33443,Pit,yahoo_fantasy_api
2024,8,,14,api,malle_dips_pouches,The Big Gronkowski,2024-W08-01,1,110.34,82.36,Harrison Butker,K,K,True,False,False,,10.0,,Harrison Butker,K,,449.p.30346,30346,KC,yahoo_fantasy_api
2024,8,,15,api,malle_dips_pouches,The Big Gronkowski,2024-W08-01,1,110.34,82.36,Steelers,DEF,DEF,True,False,False,,15.0,,Steelers,DEF,,449.p.100023,100023,Pit,yahoo_fantasy_api
2024,9,,1,api,Buttermilk Puuump,malle_dips_pouches,2024-W09-06,6,77.7,88.58,Jared Goff,QB,QB,True,False,False,,11.6,,Jared Goff,QB,,449.p.29235,29235,Det,yahoo_fantasy_api
2024,9,,2,api,Buttermilk Puuump,malle_dips_pouches,2024-W09-06,6,77.7,88.58,Amon-Ra St. Brown,WR,WR,True,False,False,,15.1,,Amon-Ra St. Brown,WR,,449.p.33500,33500,Det,yahoo_fantasy_api
2024,9,,3,api,Buttermilk Puuump,malle_dips_pouches,2024-W09-06,6,77.7,88.58,Tyreek Hill,WR,WR,True,False,False,,10.0,,Tyreek Hill,WR,,449.p.29399,29399,Mia,yahoo_fantasy_api
2024,9,,4,api,Buttermilk Puuump,malle_dips_pouches,2024-W09-06,6,77.7,88.58,Raheem Mostert,RB,RB,True,False,False,,7.8,,Raheem Mostert,RB,,449.p.28654,28654,LV,yahoo_fantasy_api
2024,9,,5,api,Buttermilk Puuump,malle_dips_pouches,2024-W09-06,6,77.7,88.58,Rachaad White,RB,RB,True,False,False,,11.0,,Rachaad White,RB,,449.p.34047,34047,Was,yahoo_fantasy_api
2024,9,,6,api,Buttermilk Puuump,malle_dips_pouches,2024-W09-06,6,77.7,88.58,David Njoku,TE,TE,True,False,False,,5.4,,David Njoku,TE,,449.p.30142,30142,LAC,yahoo_fantasy_api
2024,9,,7,api,Buttermilk Puuump,malle_dips_pouches,2024-W09-06,6,77.7,88.58,Jerry Jeudy,WR,W/R/T,True,False,False,,10.8,,Jerry Jeudy,WR,,449.p.32685,32685,Cle,yahoo_fantasy_api
2024,9,,8,api,Buttermilk Puuump,malle_dips_pouches,2024-W09-06,6,77.7,88.58,Tyjae Spears,RB,BN,False,True,False,,0.0,,Tyjae Spears,RB,,449.p.40119,40119,Ten,yahoo_fantasy_api
2024,9,,9,api,Buttermilk Puuump,malle_dips_pouches,2024-W09-06,6,77.7,88.58,Najee Harris,RB,BN,False,True,False,,0.0,,Najee Harris,RB,,449.p.33412,33412,NYG,yahoo_fantasy_api
2024,9,,10,api,Buttermilk Puuump,malle_dips_pouches,2024-W09-06,6,77.7,88.58,Noah Fant,TE,BN,False,True,False,,0.0,,Noah Fant,TE,,449.p.31852,31852,NO,yahoo_fantasy_api
2024,9,,11,api,Buttermilk Puuump,malle_dips_pouches,2024-W09-06,6,77.7,88.58,Jordan Addison,WR,BN,False,True,False,,13.6,,Jordan Addison,WR,,449.p.40042,40042,Min,yahoo_fantasy_api
2024,9,,12,api,Buttermilk Puuump,malle_dips_pouches,2024-W09-06,6,77.7,88.58,Keenan Allen,WR,BN,False,True,False,,5.6,,Keenan Allen,WR,,449.p.26699,26699,Ind,yahoo_fantasy_api
2024,9,,13,api,Buttermilk Puuump,malle_dips_pouches,2024-W09-06,6,77.7,88.58,Aaron Rodgers,QB,BN,False,True,False,,26.34,,Aaron Rodgers,QB,,449.p.7200,7200,Pit,yahoo_fantasy_api
2024,9,,14,api,Buttermilk Puuump,malle_dips_pouches,2024-W09-06,6,77.7,88.58,Younghoe Koo,K,K,True,False,False,,3.0,,Younghoe Koo,K,,449.p.30426,30426,NYG,yahoo_fantasy_api
2024,9,,15,api,Buttermilk Puuump,malle_dips_pouches,2024-W09-06,6,77.7,88.58,Saints,DEF,DEF,True,False,False,,3.0,,Saints,DEF,,449.p.100018,100018,NO,yahoo_fantasy_api
2024,9,,1,api,Ginger FC 🏆🏆,Uncle Rico,2024-W09-05,5,117.98,156.54,Kirk Cousins,QB,QB,True,False,False,,23.78,,Kirk Cousins,QB,,449.p.25812,25812,LV,yahoo_fantasy_api
2024,9,,2,api,Ginger FC 🏆🏆,Uncle Rico,2024-W09-05,5,117.98,156.54,Brian Thomas Jr.,WR,WR,True,False,False,,5.2,,Brian Thomas Jr.,WR,,449.p.40883,40883,Jax,yahoo_fantasy_api
2024,9,,3,api,Ginger FC 🏆🏆,Uncle Rico,2024-W09-05,5,117.98,156.54,Dontayvion Wicks,WR,WR,True,False,False,,0.0,,Dontayvion Wicks,WR,,449.p.40201,40201,Phi,yahoo_fantasy_api
2024,9,,4,api,Ginger FC 🏆🏆,Uncle Rico,2024-W09-05,5,117.98,156.54,De'Von Achane,RB,RB,True,False,False,,28.1,,De'Von Achane,RB,,449.p.40118,40118,Mia,yahoo_fantasy_api
2024,9,,5,api,Ginger FC 🏆🏆,Uncle Rico,2024-W09-05,5,117.98,156.54,Kareem Hunt,RB,RB,True,False,False,,18.2,,Kareem Hunt,RB,,449.p.30199,30199,KC,yahoo_fantasy_api
2024,9,,6,api,Ginger FC 🏆🏆,Uncle Rico,2024-W09-05,5,117.98,156.54,Cade Otton,TE,TE,True,False,False,,17.7,,Cade Otton,TE,,449.p.34062,34062,TB,yahoo_fantasy_api
2024,9,,7,api,Ginger FC 🏆🏆,Uncle Rico,2024-W09-05,5,117.98,156.54,Nick Chubb,RB,W/R/T,True,False,False,,4.0,,Nick Chubb,RB,,449.p.31005,31005,Hou,yahoo_fantasy_api
2024,9,,8,api,Ginger FC 🏆🏆,Uncle Rico,2024-W09-05,5,117.98,156.54,Jordan Love,QB,BN,False,True,False,,11.92,,Jordan Love,QB,,449.p.32696,32696,GB,yahoo_fantasy_api
2024,9,,9,api,Ginger FC 🏆🏆,Uncle Rico,2024-W09-05,5,117.98,156.54,Stefon Diggs,WR,BN,False,True,False,,0.0,,Stefon Diggs,WR,,449.p.28534,28534,Was,yahoo_fantasy_api
2024,9,,10,api,Ginger FC 🏆🏆,Uncle Rico,2024-W09-05,5,117.98,156.54,Dallas Goedert,TE,BN,False,True,False,,0.0,,Dallas Goedert,TE,,449.p.31019,31019,Phi,yahoo_fantasy_api
2024,9,,11,api,Ginger FC 🏆🏆,Uncle Rico,2024-W09-05,5,117.98,156.54,Alexander Mattison,RB,BN,False,True,False,,3.6,,Alexander Mattison,RB,,449.p.31934,31934,Mia,yahoo_fantasy_api
2024,9,,12,api,Ginger FC 🏆🏆,Uncle Rico,2024-W09-05,5,117.98,156.54,Christian McCaffrey,RB,IR,False,False,True,,0.0,,Christian McCaffrey,RB,,449.p.30121,30121,SF,yahoo_fantasy_api
2024,9,,13,api,Ginger FC 🏆🏆,Uncle Rico,2024-W09-05,5,117.98,156.54,Blake Grupe,K,K,True,False,False,,12.0,,Blake Grupe,K,,449.p.40296,40296,NYJ,yahoo_fantasy_api
2024,9,,14,api,Ginger FC 🏆🏆,Uncle Rico,2024-W09-05,5,117.98,156.54,Chris Boswell,K,BN,False,True,False,,0.0,,Chris Boswell,K,,449.p.28188,28188,Pit,yahoo_fantasy_api
2024,9,,15,api,Ginger FC 🏆🏆,Uncle Rico,2024-W09-05,5,117.98,156.54,Lions,DEF,DEF,True,False,False,,9.0,,Lions,DEF,,449.p.100008,100008,Det,yahoo_fantasy_api
2024,9,,16,api,Ginger FC 🏆🏆,Uncle Rico,2024-W09-05,5,117.98,156.54,49ers,DEF,BN,False,True,False,,0.0,,49ers,DEF,,449.p.100025,100025,SF,yahoo_fantasy_api
2024,9,,1,api,Joe Mantegna,Malle ❤️ 🐸,2024-W09-02,2,99.72,124.4,Dak Prescott,QB,QB,True,False,False,,14.32,,Dak Prescott,QB,,449.p.29369,29369,Dal,yahoo_fantasy_api
2024,9,,2,api,Joe Mantegna,Malle ❤️ 🐸,2024-W09-02,2,99.72,124.4,Garrett Wilson,WR,WR,True,False,False,,25.5,,Garrett Wilson,WR,,449.p.33965,33965,NYJ,yahoo_fantasy_api
2024,9,,3,api,Joe Mantegna,Malle ❤️ 🐸,2024-W09-02,2,99.72,124.4,Wan'Dale Robinson,WR,WR,True,False,False,,2.5,,Wan'Dale Robinson,WR,,449.p.33998,33998,Ten,yahoo_fantasy_api
2024,9,,4,api,Joe Mantegna,Malle ❤️ 🐸,2024-W09-02,2,99.72,124.4,Breece Hall,RB,RB,True,False,False,,9.5,,Breece Hall,RB,,449.p.33991,33991,NYJ,yahoo_fantasy_api
2024,9,,5,api,Joe Mantegna,Malle ❤️ 🐸,2024-W09-02,2,99.72,124.4,James Cook III,RB,RB,True,False,False,,9.4,,James Cook III,RB,,449.p.34019,34019,Buf,yahoo_fantasy_api
2024,9,,6,api,Joe Mantegna,Malle ❤️ 🐸,2024-W09-02,2,99.72,124.4,Evan Engram,TE,TE,True,False,False,,9.0,,Evan Engram,TE,,449.p.30136,30136,Den,yahoo_fantasy_api
2024,9,,7,api,Joe Mantegna,Malle ❤️ 🐸,2024-W09-02,2,99.72,124.4,Jakobi Meyers,WR,W/R/T,True,False,False,,14.5,,Jakobi Meyers,WR,,449.p.32231,32231,Jax,yahoo_fantasy_api
2024,9,,8,api,Joe Mantegna,Malle ❤️ 🐸,2024-W09-02,2,99.72,124.4,George Pickens,WR,BN,False,True,False,,0.0,,George Pickens,WR,,449.p.34007,34007,Dal,yahoo_fantasy_api
2024,9,,9,api,Joe Mantegna,Malle ❤️ 🐸,2024-W09-02,2,99.72,124.4,Tua Tagovailoa,QB,BN,False,True,False,,21.54,,Tua Tagovailoa,QB,,449.p.32675,32675,Atl,yahoo_fantasy_api
2024,9,,10,api,Joe Mantegna,Malle ❤️ 🐸,2024-W09-02,2,99.72,124.4,Bucky Irving,RB,BN,False,True,False,,4.9,,Bucky Irving,RB,,449.p.40993,40993,TB,yahoo_fantasy_api
2024,9,,11,api,Joe Mantegna,Malle ❤️ 🐸,2024-W09-02,2,99.72,124.4,Hunter Henry,TE,BN,False,True,False,,9.1,,Hunter Henry,TE,,449.p.29269,29269,NE,yahoo_fantasy_api
2024,9,,12,api,Joe Mantegna,Malle ❤️ 🐸,2024-W09-02,2,99.72,124.4,Ty Chandler,RB,BN,False,True,False,,0.0,,Ty Chandler,RB,,449.p.34125,34125,NO,yahoo_fantasy_api
2024,9,,13,api,Joe Mantegna,Malle ❤️ 🐸,2024-W09-02,2,99.72,124.4,Demarcus Robinson,WR,BN,False,True,False,,24.4,,Demarcus Robinson,WR,,449.p.29360,29360,SF,yahoo_fantasy_api
2024,9,,14,api,Joe Mantegna,Malle ❤️ 🐸,2024-W09-02,2,99.72,124.4,Nico Collins,WR,IR,False,False,True,,0.0,,Nico Collins,WR,,449.p.33477,33477,Hou,yahoo_fantasy_api
2024,9,,15,api,Joe Mantegna,Malle ❤️ 🐸,2024-W09-02,2,99.72,124.4,Jake Elliott,K,K,True,False,False,,5.0,,Jake Elliott,K,,449.p.30266,30266,Phi,yahoo_fantasy_api
2024,9,,16,api,Joe Mantegna,Malle ❤️ 🐸,2024-W09-02,2,99.72,124.4,Bengals,DEF,DEF,True,False,False,,10.0,,Bengals,DEF,,449.p.100004,100004,Cin,yahoo_fantasy_api
2024,9,,1,api,Malle ❤️ 🐸,Joe Mantegna,2024-W09-02,2,124.4,99.72,Jalen Hurts,QB,QB,True,False,False,,33.9,,Jalen Hurts,QB,,449.p.32723,32723,Phi,yahoo_fantasy_api
2024,9,,2,api,Malle ❤️ 🐸,Joe Mantegna,2024-W09-02,2,124.4,99.72,Tyler Lockett,WR,WR,True,False,False,,13.8,,Tyler Lockett,WR,,449.p.28457,28457,LV,yahoo_fantasy_api
2024,9,,3,api,Malle ❤️ 🐸,Joe Mantegna,2024-W09-02,2,124.4,99.72,Malik Nabers,WR,WR,True,False,False,,10.4,,Malik Nabers,WR,,449.p.40899,40899,NYG,yahoo_fantasy_api
2024,9,,4,api,Malle ❤️ 🐸,Joe Mantegna,2024-W09-02,2,124.4,99.72,Saquon Barkley,RB,RB,True,False,False,,31.4,,Saquon Barkley,RB,,449.p.30972,30972,Phi,yahoo_fantasy_api
2024,9,,5,api,Malle ❤️ 🐸,Joe Mantegna,2024-W09-02,2,124.4,99.72,Jaleel McLaughlin,RB,RB,True,False,False,,3.5,,Jaleel McLaughlin,RB,,449.p.40696,40696,Cle,yahoo_fantasy_api
2024,9,,6,api,Malle ❤️ 🐸,Joe Mantegna,2024-W09-02,2,124.4,99.72,Cole Kmet,TE,TE,True,False,False,,0.0,,Cole Kmet,TE,,449.p.32713,32713,Chi,yahoo_fantasy_api
2024,9,,7,api,Malle ❤️ 🐸,Joe Mantegna,2024-W09-02,2,124.4,99.72,Marvin Harrison Jr.,WR,W/R/T,True,False,False,,2.4,,Marvin Harrison Jr.,WR,,449.p.40893,40893,Ari,yahoo_fantasy_api
2024,9,,8,api,Malle ❤️ 🐸,Joe Mantegna,2024-W09-02,2,124.4,99.72,George Kittle,TE,BN,False,True,False,,0.0,,George Kittle,TE,,449.p.30259,30259,SF,yahoo_fantasy_api
2024,9,,9,api,Malle ❤️ 🐸,Joe Mantegna,2024-W09-02,2,124.4,99.72,Ray-Ray McCloud III,WR,BN,False,True,False,,11.0,,Ray-Ray McCloud III,WR,,449.p.31157,31157,Chi,yahoo_fantasy_api
2024,9,,10,api,Malle ❤️ 🐸,Joe Mantegna,2024-W09-02,2,124.4,99.72,Rashid Shaheed,WR,BN,False,True,False,,0.0,,Rashid Shaheed,WR,,449.p.34659,34659,Sea,yahoo_fantasy_api
2024,9,,11,api,Malle ❤️ 🐸,Joe Mantegna,2024-W09-02,2,124.4,99.72,Zamir White,RB,BN,False,True,False,,7.0,,Zamir White,RB,,449.p.34078,34078,NO,yahoo_fantasy_api
2024,9,,12,api,Malle ❤️ 🐸,Joe Mantegna,2024-W09-02,2,124.4,99.72,Brock Purdy,QB,BN,False,True,False,,0.0,,Brock Purdy,QB,,449.p.34218,34218,SF,yahoo_fantasy_api
2024,9,,13,api,Malle ❤️ 🐸,Joe Mantegna,2024-W09-02,2,124.4,99.72,Justin Tucker,K,K,True,False,False,,11.0,,Justin Tucker,K,,449.p.26534,26534,Bal,yahoo_fantasy_api
2024,9,,14,api,Malle ❤️ 🐸,Joe Mantegna,2024-W09-02,2,124.4,99.72,Chargers,DEF,DEF,True,False,False,,18.0,,Chargers,DEF,,449.p.100024,100024,LAC,yahoo_fantasy_api
2024,9,,15,api,Malle ❤️ 🐸,Joe Mantegna,2024-W09-02,2,124.4,99.72,Vikings,DEF,BN,False,True,False,,11.0,,Vikings,DEF,,449.p.100016,100016,Min,yahoo_fantasy_api
2024,9,,1,api,Patty Primetimes,ThreatLevelMidnight,2024-W09-04,4,127.96,69.06,Jayden Daniels,QB,QB,True,False,False,,23.86,,Jayden Daniels,QB,,449.p.40896,40896,Was,yahoo_fantasy_api
2024,9,,2,api,Patty Primetimes,ThreatLevelMidnight,2024-W09-04,4,127.96,69.06,CeeDee Lamb,WR,WR,True,False,False,,12.2,,CeeDee Lamb,WR,,449.p.32687,32687,Dal,yahoo_fantasy_api
2024,9,,3,api,Patty Primetimes,ThreatLevelMidnight,2024-W09-04,4,127.96,69.06,Cooper Kupp,WR,WR,True,False,False,,15.9,,Cooper Kupp,WR,,449.p.30182,30182,Sea,yahoo_fantasy_api
2024,9,,4,api,Patty Primetimes,ThreatLevelMidnight,2024-W09-04,4,127.96,69.06,Aaron Jones Sr.,RB,RB,True,False,False,,10.2,,Aaron Jones Sr.,RB,,449.p.30295,30295,Min,yahoo_fantasy_api
2024,9,,5,api,Patty Primetimes,ThreatLevelMidnight,2024-W09-04,4,127.96,69.06,Tony Pollard,RB,RB,True,False,False,,16.9,,Tony Pollard,RB,,449.p.31960,31960,Ten,yahoo_fantasy_api
2024,9,,6,api,Patty Primetimes,ThreatLevelMidnight,2024-W09-04,4,127.96,69.06,Travis Kelce,TE,TE,True,False,False,,15.0,,Travis Kelce,TE,,449.p.26686,26686,KC,yahoo_fantasy_api
2024,9,,7,api,Patty Primetimes,ThreatLevelMidnight,2024-W09-04,4,127.96,69.06,Terry McLaurin,WR,W/R/T,True,False,False,,14.9,,Terry McLaurin,WR,,449.p.31908,31908,Was,yahoo_fantasy_api
2024,9,,8,api,Patty Primetimes,ThreatLevelMidnight,2024-W09-04,4,127.96,69.06,Tank Bigsby,RB,BN,False,True,False,,2.2,,Tank Bigsby,RB,,449.p.40095,40095,Phi,yahoo_fantasy_api
2024,9,,9,api,Patty Primetimes,ThreatLevelMidnight,2024-W09-04,4,127.96,69.06,Xavier Worthy,WR,BN,False,True,False,,-1.0,,Xavier Worthy,WR,,449.p.40877,40877,KC,yahoo_fantasy_api
2024,9,,10,api,Patty Primetimes,ThreatLevelMidnight,2024-W09-04,4,127.96,69.06,Ladd McConkey,WR,BN,False,True,False,,8.9,,Ladd McConkey,WR,,449.p.40908,40908,LAC,yahoo_fantasy_api
2024,9,,11,api,Patty Primetimes,ThreatLevelMidnight,2024-W09-04,4,127.96,69.06,Anthony Richardson Sr.,QB,BN,False,True,False,,0.0,,Anthony Richardson Sr.,QB,,449.p.40040,40040,Ind,yahoo_fantasy_api
2024,9,,12,api,Patty Primetimes,ThreatLevelMidnight,2024-W09-04,4,127.96,69.06,Tyrone Tracy Jr.,RB,BN,False,True,False,,7.4,,Tyrone Tracy Jr.,RB,,449.p.41048,41048,NYG,yahoo_fantasy_api
2024,9,,13,api,Patty Primetimes,ThreatLevelMidnight,2024-W09-04,4,127.96,69.06,Jameis Winston,QB,BN,False,True,False,,15.1,,Jameis Winston,QB,,449.p.28389,28389,NYG,yahoo_fantasy_api
2024,9,,14,api,Patty Primetimes,ThreatLevelMidnight,2024-W09-04,4,127.96,69.06,Evan McPherson,K,K,True,False,False,,12.0,,Evan McPherson,K,,449.p.33537,33537,Cin,yahoo_fantasy_api
2024,9,,15,api,Patty Primetimes,ThreatLevelMidnight,2024-W09-04,4,127.96,69.06,Bears,DEF,DEF,True,False,False,,7.0,,Bears,DEF,,449.p.100003,100003,Chi,yahoo_fantasy_api
2024,9,,1,api,Pop Lockett Drop it,Voldemort,2024-W09-03,3,119.54,102.5,C.J. Stroud,QB,QB,True,False,False,,11.54,,C.J. Stroud,QB,,449.p.40030,40030,Hou,yahoo_fantasy_api
2024,9,,2,api,Pop Lockett Drop it,Voldemort,2024-W09-03,3,119.54,102.5,DeVonta Smith,WR,WR,True,False,False,,16.7,,DeVonta Smith,WR,,449.p.33398,33398,Phi,yahoo_fantasy_api
2024,9,,3,api,Pop Lockett Drop it,Voldemort,2024-W09-03,3,119.54,102.5,Jayden Reed,WR,WR,True,False,False,,13.8,,Jayden Reed,WR,,449.p.40063,40063,GB,yahoo_fantasy_api
2024,9,,4,api,Pop Lockett Drop it,Voldemort,2024-W09-03,3,119.54,102.5,Bijan Robinson,RB,RB,True,False,False,,18.0,,Bijan Robinson,RB,,449.p.40055,40055,Atl,yahoo_fantasy_api
2024,9,,5,api,Pop Lockett Drop it,Voldemort,2024-W09-03,3,119.54,102.5,David Montgomery,RB,RB,True,False,False,,11.1,,David Montgomery,RB,,449.p.31905,31905,Hou,yahoo_fantasy_api
2024,9,,6,api,Pop Lockett Drop it,Voldemort,2024-W09-03,3,119.54,102.5,Trey McBride,TE,TE,True,False,False,,11.2,,Trey McBride,TE,,449.p.34010,34010,Ari,yahoo_fantasy_api
2024,9,,7,api,Pop Lockett Drop it,Voldemort,2024-W09-03,3,119.54,102.5,Rico Dowdle,RB,W/R/T,True,False,False,,19.2,,Rico Dowdle,RB,,449.p.33100,33100,Pit,yahoo_fantasy_api
2024,9,,8,api,Pop Lockett Drop it,Voldemort,2024-W09-03,3,119.54,102.5,Rome Odunze,WR,BN,False,True,False,,12.9,,Rome Odunze,WR,,449.p.40901,40901,Chi,yahoo_fantasy_api
2024,9,,9,api,Pop Lockett Drop it,Voldemort,2024-W09-03,3,119.54,102.5,Mike Evans,WR,BN,False,True,False,,0.0,,Mike Evans,WR,,449.p.27535,27535,SF,yahoo_fantasy_api
2024,9,,10,api,Pop Lockett Drop it,Voldemort,2024-W09-03,3,119.54,102.5,Zack Moss,RB,BN,False,True,False,,0.0,,Zack Moss,RB,,449.p.32756,32756,Cin,yahoo_fantasy_api
2024,9,,11,api,Pop Lockett Drop it,Voldemort,2024-W09-03,3,119.54,102.5,Jameson Williams,WR,BN,False,True,False,,0.0,,Jameson Williams,WR,,449.p.33967,33967,Det,yahoo_fantasy_api
2024,9,,12,api,Pop Lockett Drop it,Voldemort,2024-W09-03,3,119.54,102.5,Justin Fields,QB,BN,False,True,False,,0.0,,Justin Fields,QB,,449.p.33399,33399,KC,yahoo_fantasy_api
2024,9,,13,api,Pop Lockett Drop it,Voldemort,2024-W09-03,3,119.54,102.5,Elijah Moore,WR,BN,False,True,False,,4.3,,Elijah Moore,WR,,449.p.33422,33422,Phi,yahoo_fantasy_api
2024,9,,14,api,Pop Lockett Drop it,Voldemort,2024-W09-03,3,119.54,102.5,Ka'imi Fairbairn,K,K,True,False,False,,9.0,,Ka'imi Fairbairn,K,,449.p.29792,29792,Hou,yahoo_fantasy_api
2024,9,,15,api,Pop Lockett Drop it,Voldemort,2024-W09-03,3,119.54,102.5,Eagles,DEF,DEF,True,False,False,,9.0,,Eagles,DEF,,449.p.100021,100021,Phi,yahoo_fantasy_api
2024,9,,1,api,Post Mahomes,The Big Gronkowski,2024-W09-01,1,113.4,128.82,Lamar Jackson,QB,QB,True,False,False,,29.6,,Lamar Jackson,QB,,449.p.31002,31002,Bal,yahoo_fantasy_api
2024,9,,2,api,Post Mahomes,The Big Gronkowski,2024-W09-01,1,113.4,128.82,Darnell Mooney,WR,WR,True,False,False,,17.3,,Darnell Mooney,WR,,449.p.32843,32843,NYG,yahoo_fantasy_api
2024,9,,3,api,Post Mahomes,The Big Gronkowski,2024-W09-01,1,113.4,128.82,Cedric Tillman,WR,WR,True,False,False,,16.5,,Cedric Tillman,WR,,449.p.40093,40093,NO,yahoo_fantasy_api
2024,9,,4,api,Post Mahomes,The Big Gronkowski,2024-W09-01,1,113.4,128.82,Jahmyr Gibbs,RB,RB,True,False,False,,14.1,,Jahmyr Gibbs,RB,,449.p.40059,40059,Det,yahoo_fantasy_api
2024,9,,5,api,Post Mahomes,The Big Gronkowski,2024-W09-01,1,113.4,128.82,Kyren Williams,RB,RB,True,False,False,,10.0,,Kyren Williams,RB,,449.p.34120,34120,LAR,yahoo_fantasy_api
2024,9,,6,api,Post Mahomes,The Big Gronkowski,2024-W09-01,1,113.4,128.82,Brock Bowers,TE,TE,True,False,False,,13.0,,Brock Bowers,TE,,449.p.40878,40878,LV,yahoo_fantasy_api
2024,9,,7,api,Post Mahomes,The Big Gronkowski,2024-W09-01,1,113.4,128.82,Michael Pittman Jr.,WR,W/R/T,True,False,False,,1.9,,Michael Pittman Jr.,WR,,449.p.32704,32704,Pit,yahoo_fantasy_api
2024,9,,8,api,Post Mahomes,The Big Gronkowski,2024-W09-01,1,113.4,128.82,Amari Cooper,WR,BN,False,True,False,,0.0,,Amari Cooper,WR,,449.p.28392,28392,Buf,yahoo_fantasy_api
2024,9,,9,api,Post Mahomes,The Big Gronkowski,2024-W09-01,1,113.4,128.82,Tee Higgins,WR,BN,False,True,False,,0.0,,Tee Higgins,WR,,449.p.32703,32703,Cin,yahoo_fantasy_api
2024,9,,10,api,Post Mahomes,The Big Gronkowski,2024-W09-01,1,113.4,128.82,Deebo Samuel Sr.,WR,BN,False,True,False,,0.0,,Deebo Samuel Sr.,WR,,449.p.31868,31868,SF,yahoo_fantasy_api
2024,9,,11,api,Post Mahomes,The Big Gronkowski,2024-W09-01,1,113.4,128.82,T.J. Hockenson,TE,BN,False,True,False,,4.2,,T.J. Hockenson,TE,,449.p.31840,31840,Min,yahoo_fantasy_api
2024,9,,12,api,Post Mahomes,The Big Gronkowski,2024-W09-01,1,113.4,128.82,Jaylen Warren,RB,BN,False,True,False,,0.0,,Jaylen Warren,RB,,449.p.34447,34447,Pit,yahoo_fantasy_api
2024,9,,13,api,Post Mahomes,The Big Gronkowski,2024-W09-01,1,113.4,128.82,JuJu Smith-Schuster,WR,BN,False,True,False,,0.0,,JuJu Smith-Schuster,WR,,449.p.30175,30175,NYG,yahoo_fantasy_api
2024,9,,14,api,Post Mahomes,The Big Gronkowski,2024-W09-01,1,113.4,128.82,Isiah Pacheco,RB,IR,False,False,True,,0.0,,Isiah Pacheco,RB,,449.p.34207,34207,Det,yahoo_fantasy_api
2024,9,,15,api,Post Mahomes,The Big Gronkowski,2024-W09-01,1,113.4,128.82,Austin Seibert,K,K,True,False,False,,9.0,,Austin Seibert,K,,449.p.32002,32002,Was,yahoo_fantasy_api
2024,9,,16,api,Post Mahomes,The Big Gronkowski,2024-W09-01,1,113.4,128.82,Chiefs,DEF,DEF,True,False,False,,2.0,,Chiefs,DEF,,449.p.100012,100012,KC,yahoo_fantasy_api
2024,9,,1,api,The Big Gronkowski,Post Mahomes,2024-W09-01,1,128.82,113.4,Joe Burrow,QB,QB,True,False,False,,40.14,,Joe Burrow,QB,,449.p.32671,32671,Cin,yahoo_fantasy_api
2024,9,,2,api,The Big Gronkowski,Post Mahomes,2024-W09-01,1,128.82,113.4,Justin Jefferson,WR,WR,True,False,False,,18.08,,Justin Jefferson,WR,,449.p.32692,32692,Min,yahoo_fantasy_api
2024,9,,3,api,The Big Gronkowski,Post Mahomes,2024-W09-01,1,128.82,113.4,DJ Moore,WR,WR,True,False,False,,5.3,,DJ Moore,WR,,449.p.30994,30994,Buf,yahoo_fantasy_api
2024,9,,4,api,The Big Gronkowski,Post Mahomes,2024-W09-01,1,128.82,113.4,Alvin Kamara,RB,RB,True,False,False,,24.5,,Alvin Kamara,RB,,449.p.30180,30180,NO,yahoo_fantasy_api
2024,9,,5,api,The Big Gronkowski,Post Mahomes,2024-W09-01,1,128.82,113.4,Javonte Williams,RB,RB,True,False,False,,9.4,,Javonte Williams,RB,,449.p.33423,33423,Dal,yahoo_fantasy_api
2024,9,,6,api,The Big Gronkowski,Post Mahomes,2024-W09-01,1,128.82,113.4,Jake Ferguson,TE,TE,True,False,False,,10.6,,Jake Ferguson,TE,,449.p.34085,34085,Dal,yahoo_fantasy_api
2024,9,,7,api,The Big Gronkowski,Post Mahomes,2024-W09-01,1,128.82,113.4,Chris Olave,WR,W/R/T,True,False,False,,1.8,,Chris Olave,WR,,449.p.33966,33966,NO,yahoo_fantasy_api
2024,9,,8,api,The Big Gronkowski,Post Mahomes,2024-W09-01,1,128.82,113.4,Jaxon Smith-Njigba,WR,BN,False,True,False,,33.5,,Jaxon Smith-Njigba,WR,,449.p.40041,40041,Sea,yahoo_fantasy_api
2024,9,,9,api,The Big Gronkowski,Post Mahomes,2024-W09-01,1,128.82,113.4,Christian Watson,WR,BN,False,True,False,,7.2,,Christian Watson,WR,,449.p.33989,33989,GB,yahoo_fantasy_api
2024,9,,10,api,The Big Gronkowski,Post Mahomes,2024-W09-01,1,128.82,113.4,Isaiah Likely,TE,BN,False,True,False,,0.0,,Isaiah Likely,TE,,449.p.34095,34095,NYG,yahoo_fantasy_api
2024,9,,11,api,The Big Gronkowski,Post Mahomes,2024-W09-01,1,128.82,113.4,Matthew Stafford,QB,BN,False,True,False,,22.92,,Matthew Stafford,QB,,449.p.9265,9265,LAR,yahoo_fantasy_api
2024,9,,12,api,The Big Gronkowski,Post Mahomes,2024-W09-01,1,128.82,113.4,Brandon Aubrey,K,K,True,False,False,,9.0,,Brandon Aubrey,K,,449.p.40819,40819,Dal,yahoo_fantasy_api
2024,9,,13,api,The Big Gronkowski,Post Mahomes,2024-W09-01,1,128.82,113.4,Cameron Dicker,K,BN,False,True,False,,3.0,,Cameron Dicker,K,,449.p.34344,34344,LAC,yahoo_fantasy_api
2024,9,,14,api,The Big Gronkowski,Post Mahomes,2024-W09-01,1,128.82,113.4,Ravens,DEF,DEF,True,False,False,,10.0,,Ravens,DEF,,449.p.100033,100033,Bal,yahoo_fantasy_api
2024,9,,15,api,The Big Gronkowski,Post Mahomes,2024-W09-01,1,128.82,113.4,Cowboys,DEF,BN,False,True,False,,4.0,,Cowboys,DEF,,449.p.100006,100006,Dal,yahoo_fantasy_api
2024,9,,1,api,ThreatLevelMidnight,Patty Primetimes,2024-W09-04,4,69.06,127.96,Kyler Murray,QB,QB,True,False,False,,4.76,,Kyler Murray,QB,,449.p.31833,31833,Min,yahoo_fantasy_api
2024,9,,2,api,ThreatLevelMidnight,Patty Primetimes,2024-W09-04,4,69.06,127.96,Ja'Marr Chase,WR,WR,True,False,False,,7.8,,Ja'Marr Chase,WR,,449.p.33393,33393,Cin,yahoo_fantasy_api
2024,9,,3,api,ThreatLevelMidnight,Patty Primetimes,2024-W09-04,4,69.06,127.96,Keon Coleman,WR,WR,True,False,False,,4.6,,Keon Coleman,WR,,449.p.40911,40911,Buf,yahoo_fantasy_api
2024,9,,4,api,ThreatLevelMidnight,Patty Primetimes,2024-W09-04,4,69.06,127.96,James Conner,RB,RB,True,False,False,,13.4,,James Conner,RB,,449.p.30218,30218,Ari,yahoo_fantasy_api
2024,9,,5,api,ThreatLevelMidnight,Patty Primetimes,2024-W09-04,4,69.06,127.96,Josh Jacobs,RB,RB,True,False,False,,11.8,,Josh Jacobs,RB,,449.p.31856,31856,GB,yahoo_fantasy_api
2024,9,,6,api,ThreatLevelMidnight,Patty Primetimes,2024-W09-04,4,69.06,127.96,Sam LaPorta,TE,TE,True,False,False,,3.8,,Sam LaPorta,TE,,449.p.40064,40064,Det,yahoo_fantasy_api
2024,9,,7,api,ThreatLevelMidnight,Patty Primetimes,2024-W09-04,4,69.06,127.96,Xavier Legette,WR,W/R/T,True,False,False,,11.9,,Xavier Legette,WR,,449.p.40890,40890,Car,yahoo_fantasy_api
2024,9,,8,api,ThreatLevelMidnight,Patty Primetimes,2024-W09-04,4,69.06,127.96,Tucker Kraft,TE,BN,False,True,False,,5.6,,Tucker Kraft,TE,,449.p.40102,40102,GB,yahoo_fantasy_api
2024,9,,9,api,ThreatLevelMidnight,Patty Primetimes,2024-W09-04,4,69.06,127.96,Baker Mayfield,QB,BN,False,True,False,,22.0,,Baker Mayfield,QB,,449.p.30971,30971,TB,yahoo_fantasy_api
2024,9,,10,api,ThreatLevelMidnight,Patty Primetimes,2024-W09-04,4,69.06,127.96,Jalen McMillan,WR,BN,False,True,False,,0.0,,Jalen McMillan,WR,,449.p.40954,40954,TB,yahoo_fantasy_api
2024,9,,11,api,ThreatLevelMidnight,Patty Primetimes,2024-W09-04,4,69.06,127.96,DK Metcalf,WR,BN,False,True,False,,0.0,,DK Metcalf,WR,,449.p.31896,31896,Pit,yahoo_fantasy_api
2024,9,,12,api,ThreatLevelMidnight,Patty Primetimes,2024-W09-04,4,69.06,127.96,Trey Benson,RB,BN,False,True,False,,12.0,,Trey Benson,RB,,449.p.40958,40958,Ari,yahoo_fantasy_api
2024,9,,13,api,ThreatLevelMidnight,Patty Primetimes,2024-W09-04,4,69.06,127.96,Ricky Pearsall,WR,BN,False,True,False,,0.0,,Ricky Pearsall,WR,,449.p.40892,40892,SF,yahoo_fantasy_api
2024,9,,14,api,ThreatLevelMidnight,Patty Primetimes,2024-W09-04,4,69.06,127.96,Chris Godwin Jr.,WR,IR,False,False,True,,0.0,,Chris Godwin Jr.,WR,,449.p.30197,30197,TB,yahoo_fantasy_api
2024,9,,15,api,ThreatLevelMidnight,Patty Primetimes,2024-W09-04,4,69.06,127.96,Chase McLaughlin,K,K,True,False,False,,7.0,,Chase McLaughlin,K,,449.p.32417,32417,TB,yahoo_fantasy_api
2024,9,,16,api,ThreatLevelMidnight,Patty Primetimes,2024-W09-04,4,69.06,127.96,Commanders,DEF,DEF,True,False,False,,4.0,,Commanders,DEF,,449.p.100028,100028,Was,yahoo_fantasy_api
2024,9,,1,api,Uncle Rico,Ginger FC 🏆🏆,2024-W09-05,5,156.54,117.98,Patrick Mahomes,QB,QB,True,False,False,,30.54,,Patrick Mahomes,QB,,449.p.30123,30123,KC,yahoo_fantasy_api
2024,9,,2,api,Uncle Rico,Ginger FC 🏆🏆,2024-W09-05,5,156.54,117.98,Zay Flowers,WR,WR,True,False,False,,27.2,,Zay Flowers,WR,,449.p.40039,40039,Bal,yahoo_fantasy_api
2024,9,,3,api,Uncle Rico,Ginger FC 🏆🏆,2024-W09-05,5,156.54,117.98,Davante Adams,WR,WR,True,False,False,,18.6,,Davante Adams,WR,,449.p.27581,27581,LAR,yahoo_fantasy_api
2024,9,,4,api,Uncle Rico,Ginger FC 🏆🏆,2024-W09-05,5,156.54,117.98,Derrick Henry,RB,RB,True,False,False,,25.8,,Derrick Henry,RB,,449.p.29279,29279,Bal,yahoo_fantasy_api
2024,9,,5,api,Uncle Rico,Ginger FC 🏆🏆,2024-W09-05,5,156.54,117.98,D'Andre Swift,RB,RB,True,False,False,,11.2,,D'Andre Swift,RB,,449.p.32705,32705,Chi,yahoo_fantasy_api
2024,9,,6,api,Uncle Rico,Ginger FC 🏆🏆,2024-W09-05,5,156.54,117.98,Mark Andrews,TE,TE,True,False,False,,3.6,,Mark Andrews,TE,,449.p.31056,31056,Bal,yahoo_fantasy_api
2024,9,,7,api,Uncle Rico,Ginger FC 🏆🏆,2024-W09-05,5,156.54,117.98,Tank Dell,WR,W/R/T,True,False,False,,15.6,,Tank Dell,WR,,449.p.40097,40097,Hou,yahoo_fantasy_api
2024,9,,8,api,Uncle Rico,Ginger FC 🏆🏆,2024-W09-05,5,156.54,117.98,Austin Ekeler,RB,BN,False,True,False,,15.8,,Austin Ekeler,RB,,449.p.30423,30423,Was,yahoo_fantasy_api
2024,9,,9,api,Uncle Rico,Ginger FC 🏆🏆,2024-W09-05,5,156.54,117.98,Geno Smith,QB,BN,False,True,False,,31.12,,Geno Smith,QB,,449.p.26662,26662,NYJ,yahoo_fantasy_api
2024,9,,10,api,Uncle Rico,Ginger FC 🏆🏆,2024-W09-05,5,156.54,117.98,Jauan Jennings,WR,BN,False,True,False,,0.0,,Jauan Jennings,WR,,449.p.32887,32887,Min,yahoo_fantasy_api
2024,9,,11,api,Uncle Rico,Ginger FC 🏆🏆,2024-W09-05,5,156.54,117.98,Zach Charbonnet,RB,BN,False,True,False,,4.3,,Zach Charbonnet,RB,,449.p.40075,40075,Sea,yahoo_fantasy_api
2024,9,,12,api,Uncle Rico,Ginger FC 🏆🏆,2024-W09-05,5,156.54,117.98,Devin Singletary,RB,BN,False,True,False,,3.3,,Devin Singletary,RB,,449.p.31906,31906,NYG,yahoo_fantasy_api
2024,9,,13,api,Uncle Rico,Ginger FC 🏆🏆,2024-W09-05,5,156.54,117.98,Romeo Doubs,WR,BN,False,True,False,,4.8,,Romeo Doubs,WR,,449.p.34088,34088,NE,yahoo_fantasy_api
2024,9,,14,api,Uncle Rico,Ginger FC 🏆🏆,2024-W09-05,5,156.54,117.98,Jonathon Brooks,RB,IR,False,False,True,,0.0,,Jonathon Brooks,RB,,449.p.40926,40926,Car,yahoo_fantasy_api
2024,9,,15,api,Uncle Rico,Ginger FC 🏆🏆,2024-W09-05,5,156.54,117.98,Tyler Bass,K,K,True,False,False,,14.0,,Tyler Bass,K,,449.p.32858,32858,Buf,yahoo_fantasy_api
2024,9,,16,api,Uncle Rico,Ginger FC 🏆🏆,2024-W09-05,5,156.54,117.98,Jaguars,DEF,DEF,True,False,False,,10.0,,Jaguars,DEF,,449.p.100030,100030,Jax,yahoo_fantasy_api
2024,9,,1,api,Voldemort,Pop Lockett Drop it,2024-W09-03,3,102.5,119.54,Josh Allen,QB,QB,True,False,False,,29.1,,Josh Allen,QB,,449.p.30977,30977,Buf,yahoo_fantasy_api
2024,9,,2,api,Voldemort,Pop Lockett Drop it,2024-W09-03,3,102.5,119.54,Puka Nacua,WR,WR,True,False,False,,1.6,,Puka Nacua,WR,,449.p.40168,40168,LAR,yahoo_fantasy_api
2024,9,,3,api,Voldemort,Pop Lockett Drop it,2024-W09-03,3,102.5,119.54,Calvin Ridley,WR,WR,True,False,False,,9.8,,Calvin Ridley,WR,,449.p.30996,30996,Ten,yahoo_fantasy_api
2024,9,,4,api,Voldemort,Pop Lockett Drop it,2024-W09-03,3,102.5,119.54,Chuba Hubbard,RB,RB,True,False,False,,20.2,,Chuba Hubbard,RB,,449.p.33514,33514,Car,yahoo_fantasy_api
2024,9,,5,api,Voldemort,Pop Lockett Drop it,2024-W09-03,3,102.5,119.54,Kenneth Walker III,RB,RB,True,False,False,,12.2,,Kenneth Walker III,RB,,449.p.33996,33996,KC,yahoo_fantasy_api
2024,9,,6,api,Voldemort,Pop Lockett Drop it,2024-W09-03,3,102.5,119.54,Dalton Kincaid,TE,TE,True,False,False,,5.2,,Dalton Kincaid,TE,,449.p.40048,40048,Buf,yahoo_fantasy_api
2024,9,,7,api,Voldemort,Pop Lockett Drop it,2024-W09-03,3,102.5,119.54,Jonathan Taylor,RB,W/R/T,True,False,False,,7.4,,Jonathan Taylor,RB,,449.p.32711,32711,Ind,yahoo_fantasy_api
2024,9,,8,api,Voldemort,Pop Lockett Drop it,2024-W09-03,3,102.5,119.54,J.K. Dobbins,RB,BN,False,True,False,,23.5,,J.K. Dobbins,RB,,449.p.32725,32725,Den,yahoo_fantasy_api
2024,9,,9,api,Voldemort,Pop Lockett Drop it,2024-W09-03,3,102.5,119.54,DeAndre Hopkins,WR,BN,False,True,False,,24.6,,DeAndre Hopkins,WR,,449.p.26650,26650,Bal,yahoo_fantasy_api
2024,9,,10,api,Voldemort,Pop Lockett Drop it,2024-W09-03,3,102.5,119.54,Khalil Shakir,WR,BN,False,True,False,,8.0,,Khalil Shakir,WR,,449.p.34104,34104,Buf,yahoo_fantasy_api
2024,9,,11,api,Voldemort,Pop Lockett Drop it,2024-W09-03,3,102.5,119.54,Travis Etienne Jr.,RB,BN,False,True,False,,4.0,,Travis Etienne Jr.,RB,,449.p.33413,33413,NO,yahoo_fantasy_api
2024,9,,12,api,Voldemort,Pop Lockett Drop it,2024-W09-03,3,102.5,119.54,Chase Brown,RB,BN,False,True,False,,24.2,,Chase Brown,RB,,449.p.40196,40196,Cin,yahoo_fantasy_api
2024,9,,13,api,Voldemort,Pop Lockett Drop it,2024-W09-03,3,102.5,119.54,Sterling Shepard,WR,BN,False,True,False,,8.9,,Sterling Shepard,WR,,449.p.29274,29274,NYJ,yahoo_fantasy_api
2024,9,,14,api,Voldemort,Pop Lockett Drop it,2024-W09-03,3,102.5,119.54,Diontae Johnson,WR,IR,False,False,True,,0.0,,Diontae Johnson,WR,,449.p.31898,31898,Cle,yahoo_fantasy_api
2024,9,,15,api,Voldemort,Pop Lockett Drop it,2024-W09-03,3,102.5,119.54,Will Reichard,K,K,True,False,False,,3.0,,Will Reichard,K,,449.p.41093,41093,Min,yahoo_fantasy_api
2024,9,,16,api,Voldemort,Pop Lockett Drop it,2024-W09-03,3,102.5,119.54,Jets,DEF,DEF,True,False,False,,14.0,,Jets,DEF,,449.p.100020,100020,NYJ,yahoo_fantasy_api
2024,9,,1,api,malle_dips_pouches,Buttermilk Puuump,2024-W09-06,6,88.58,77.7,Caleb Williams,QB,QB,True,False,False,,9.18,,Caleb Williams,QB,,449.p.40900,40900,Chi,yahoo_fantasy_api
2024,9,,2,api,malle_dips_pouches,Buttermilk Puuump,2024-W09-06,6,88.58,77.7,Drake London,WR,WR,True,False,False,,9.7,,Drake London,WR,,449.p.33963,33963,Atl,yahoo_fantasy_api
2024,9,,3,api,malle_dips_pouches,Buttermilk Puuump,2024-W09-06,6,88.58,77.7,A.J. Brown,WR,WR,True,False,False,,4.6,,A.J. Brown,WR,,449.p.31883,31883,NE,yahoo_fantasy_api
2024,9,,4,api,malle_dips_pouches,Buttermilk Puuump,2024-W09-06,6,88.58,77.7,Joe Mixon,RB,RB,True,False,False,,16.6,,Joe Mixon,RB,,449.p.30161,30161,Hou,yahoo_fantasy_api
2024,9,,5,api,malle_dips_pouches,Buttermilk Puuump,2024-W09-06,6,88.58,77.7,Rhamondre Stevenson,RB,RB,True,False,False,,19.9,,Rhamondre Stevenson,RB,,449.p.33508,33508,NE,yahoo_fantasy_api
2024,9,,6,api,malle_dips_pouches,Buttermilk Puuump,2024-W09-06,6,88.58,77.7,Kyle Pitts Sr.,TE,TE,True,False,False,,1.6,,Kyle Pitts Sr.,TE,,449.p.33392,33392,Atl,yahoo_fantasy_api
2024,9,,7,api,malle_dips_pouches,Buttermilk Puuump,2024-W09-06,6,88.58,77.7,Josh Downs,WR,W/R/T,True,False,False,,9.0,,Josh Downs,WR,,449.p.40126,40126,Ind,yahoo_fantasy_api
2024,9,,8,api,malle_dips_pouches,Buttermilk Puuump,2024-W09-06,6,88.58,77.7,Jaylen Waddle,WR,BN,False,True,False,,6.6,,Jaylen Waddle,WR,,449.p.33394,33394,Den,yahoo_fantasy_api
2024,9,,9,api,malle_dips_pouches,Buttermilk Puuump,2024-W09-06,6,88.58,77.7,Brian Robinson,RB,BN,False,True,False,,0.0,,Brian Robinson,RB,,449.p.34054,34054,Atl,yahoo_fantasy_api
2024,9,,10,api,malle_dips_pouches,Buttermilk Puuump,2024-W09-06,6,88.58,77.7,Courtland Sutton,WR,BN,False,True,False,,21.78,,Courtland Sutton,WR,,449.p.31010,31010,Den,yahoo_fantasy_api
2024,9,,11,api,malle_dips_pouches,Buttermilk Puuump,2024-W09-06,6,88.58,77.7,Antonio Gibson,RB,BN,False,True,False,,1.6,,Antonio Gibson,RB,,449.p.32736,32736,NE,yahoo_fantasy_api
2024,9,,12,api,malle_dips_pouches,Buttermilk Puuump,2024-W09-06,6,88.58,77.7,Pat Freiermuth,TE,BN,False,True,False,,0.0,,Pat Freiermuth,TE,,449.p.33443,33443,Pit,yahoo_fantasy_api
2024,9,,13,api,malle_dips_pouches,Buttermilk Puuump,2024-W09-06,6,88.58,77.7,Harrison Butker,K,K,True,False,False,,7.0,,Harrison Butker,K,,449.p.30346,30346,KC,yahoo_fantasy_api
2024,9,,14,api,malle_dips_pouches,Buttermilk Puuump,2024-W09-06,6,88.58,77.7,Titans,DEF,DEF,True,False,False,,11.0,,Titans,DEF,,449.p.100010,100010,Ten,yahoo_fantasy_api
2024,9,,15,api,malle_dips_pouches,Buttermilk Puuump,2024-W09-06,6,88.58,77.7,Steelers,DEF,BN,False,True,False,,0.0,,Steelers,DEF,,449.p.100023,100023,Pit,yahoo_fantasy_api
2024,10,,1,api,Buttermilk Puuump,Uncle Rico,2024-W10-06,6,84.3,97.24,Jared Goff,QB,QB,True,False,False,,16.8,,Jared Goff,QB,,449.p.29235,29235,Det,yahoo_fantasy_api
2024,10,,2,api,Buttermilk Puuump,Uncle Rico,2024-W10-06,6,84.3,97.24,Amon-Ra St. Brown,WR,WR,True,False,False,,15.0,,Amon-Ra St. Brown,WR,,449.p.33500,33500,Det,yahoo_fantasy_api
2024,10,,3,api,Buttermilk Puuump,Uncle Rico,2024-W10-06,6,84.3,97.24,Tyreek Hill,WR,WR,True,False,False,,10.2,,Tyreek Hill,WR,,449.p.29399,29399,Mia,yahoo_fantasy_api
2024,10,,4,api,Buttermilk Puuump,Uncle Rico,2024-W10-06,6,84.3,97.24,Raheem Mostert,RB,RB,True,False,False,,4.4,,Raheem Mostert,RB,,449.p.28654,28654,LV,yahoo_fantasy_api
2024,10,,5,api,Buttermilk Puuump,Uncle Rico,2024-W10-06,6,84.3,97.24,Rachaad White,RB,RB,True,False,False,,16.0,,Rachaad White,RB,,449.p.34047,34047,Was,yahoo_fantasy_api
2024,10,,6,api,Buttermilk Puuump,Uncle Rico,2024-W10-06,6,84.3,97.24,Mike Gesicki,TE,TE,True,False,False,,5.0,,Mike Gesicki,TE,,449.p.31012,31012,Cin,yahoo_fantasy_api
2024,10,,7,api,Buttermilk Puuump,Uncle Rico,2024-W10-06,6,84.3,97.24,Jordan Addison,WR,W/R/T,True,False,False,,3.9,,Jordan Addison,WR,,449.p.40042,40042,Min,yahoo_fantasy_api
2024,10,,8,api,Buttermilk Puuump,Uncle Rico,2024-W10-06,6,84.3,97.24,David Njoku,TE,BN,False,True,False,,0.0,,David Njoku,TE,,449.p.30142,30142,LAC,yahoo_fantasy_api
2024,10,,9,api,Buttermilk Puuump,Uncle Rico,2024-W10-06,6,84.3,97.24,Jerry Jeudy,WR,BN,False,True,False,,0.0,,Jerry Jeudy,WR,,449.p.32685,32685,Cle,yahoo_fantasy_api
2024,10,,10,api,Buttermilk Puuump,Uncle Rico,2024-W10-06,6,84.3,97.24,Tyjae Spears,RB,BN,False,True,False,,6.6,,Tyjae Spears,RB,,449.p.40119,40119,Ten,yahoo_fantasy_api
2024,10,,11,api,Buttermilk Puuump,Uncle Rico,2024-W10-06,6,84.3,97.24,Najee Harris,RB,BN,False,True,False,,11.3,,Najee Harris,RB,,449.p.33412,33412,NYG,yahoo_fantasy_api
2024,10,,12,api,Buttermilk Puuump,Uncle Rico,2024-W10-06,6,84.3,97.24,Keenan Allen,WR,BN,False,True,False,,6.9,,Keenan Allen,WR,,449.p.26699,26699,Ind,yahoo_fantasy_api
2024,10,,13,api,Buttermilk Puuump,Uncle Rico,2024-W10-06,6,84.3,97.24,Aaron Rodgers,QB,BN,False,True,False,,4.04,,Aaron Rodgers,QB,,449.p.7200,7200,Pit,yahoo_fantasy_api
2024,10,,14,api,Buttermilk Puuump,Uncle Rico,2024-W10-06,6,84.3,97.24,Younghoe Koo,K,K,True,False,False,,5.0,,Younghoe Koo,K,,449.p.30426,30426,NYG,yahoo_fantasy_api
2024,10,,15,api,Buttermilk Puuump,Uncle Rico,2024-W10-06,6,84.3,97.24,Saints,DEF,DEF,True,False,False,,8.0,,Saints,DEF,,449.p.100018,100018,NO,yahoo_fantasy_api
2024,10,,1,api,Ginger FC 🏆🏆,Patty Primetimes,2024-W10-05,5,79.74,89.68,Kirk Cousins,QB,QB,True,False,False,,11.24,,Kirk Cousins,QB,,449.p.25812,25812,LV,yahoo_fantasy_api
2024,10,,2,api,Ginger FC 🏆🏆,Patty Primetimes,2024-W10-05,5,79.74,89.68,Brian Thomas Jr.,WR,WR,True,False,False,,2.2,,Brian Thomas Jr.,WR,,449.p.40883,40883,Jax,yahoo_fantasy_api
2024,10,,3,api,Ginger FC 🏆🏆,Patty Primetimes,2024-W10-05,5,79.74,89.68,Quentin Johnston,WR,WR,True,False,False,,9.4,,Quentin Johnston,WR,,449.p.40051,40051,LAC,yahoo_fantasy_api
2024,10,,4,api,Ginger FC 🏆🏆,Patty Primetimes,2024-W10-05,5,79.74,89.68,De'Von Achane,RB,RB,True,False,False,,7.7,,De'Von Achane,RB,,449.p.40118,40118,Mia,yahoo_fantasy_api
2024,10,,5,api,Ginger FC 🏆🏆,Patty Primetimes,2024-W10-05,5,79.74,89.68,Kareem Hunt,RB,RB,True,False,False,,13.5,,Kareem Hunt,RB,,449.p.30199,30199,KC,yahoo_fantasy_api
2024,10,,6,api,Ginger FC 🏆🏆,Patty Primetimes,2024-W10-05,5,79.74,89.68,Cade Otton,TE,TE,True,False,False,,6.0,,Cade Otton,TE,,449.p.34062,34062,TB,yahoo_fantasy_api
2024,10,,7,api,Ginger FC 🏆🏆,Patty Primetimes,2024-W10-05,5,79.74,89.68,Christian McCaffrey,RB,W/R/T,True,False,False,,13.7,,Christian McCaffrey,RB,,449.p.30121,30121,SF,yahoo_fantasy_api
2024,10,,8,api,Ginger FC 🏆🏆,Patty Primetimes,2024-W10-05,5,79.74,89.68,Nick Chubb,RB,BN,False,True,False,,0.0,,Nick Chubb,RB,,449.p.31005,31005,Hou,yahoo_fantasy_api
2024,10,,9,api,Ginger FC 🏆🏆,Patty Primetimes,2024-W10-05,5,79.74,89.68,Jordan Love,QB,BN,False,True,False,,0.0,,Jordan Love,QB,,449.p.32696,32696,GB,yahoo_fantasy_api
2024,10,,10,api,Ginger FC 🏆🏆,Patty Primetimes,2024-W10-05,5,79.74,89.68,Dallas Goedert,TE,BN,False,True,False,,9.5,,Dallas Goedert,TE,,449.p.31019,31019,Phi,yahoo_fantasy_api
2024,10,,11,api,Ginger FC 🏆🏆,Patty Primetimes,2024-W10-05,5,79.74,89.68,Alexander Mattison,RB,BN,False,True,False,,0.0,,Alexander Mattison,RB,,449.p.31934,31934,Mia,yahoo_fantasy_api
2024,10,,12,api,Ginger FC 🏆🏆,Patty Primetimes,2024-W10-05,5,79.74,89.68,Stefon Diggs,WR,IR,False,False,True,,0.0,,Stefon Diggs,WR,,449.p.28534,28534,Was,yahoo_fantasy_api
2024,10,,13,api,Ginger FC 🏆🏆,Patty Primetimes,2024-W10-05,5,79.74,89.68,Blake Grupe,K,K,True,False,False,,8.0,,Blake Grupe,K,,449.p.40296,40296,NYJ,yahoo_fantasy_api
2024,10,,14,api,Ginger FC 🏆🏆,Patty Primetimes,2024-W10-05,5,79.74,89.68,Chris Boswell,K,BN,False,True,False,,4.0,,Chris Boswell,K,,449.p.28188,28188,Pit,yahoo_fantasy_api
2024,10,,15,api,Ginger FC 🏆🏆,Patty Primetimes,2024-W10-05,5,79.74,89.68,Lions,DEF,DEF,True,False,False,,8.0,,Lions,DEF,,449.p.100008,100008,Det,yahoo_fantasy_api
2024,10,,16,api,Ginger FC 🏆🏆,Patty Primetimes,2024-W10-05,5,79.74,89.68,49ers,DEF,BN,False,True,False,,3.0,,49ers,DEF,,449.p.100025,100025,SF,yahoo_fantasy_api
2024,10,,1,api,Joe Mantegna,Pop Lockett Drop it,2024-W10-03,3,88.08,112.18,Tua Tagovailoa,QB,QB,True,False,False,,11.18,,Tua Tagovailoa,QB,,449.p.32675,32675,Atl,yahoo_fantasy_api
2024,10,,2,api,Joe Mantegna,Pop Lockett Drop it,2024-W10-03,3,88.08,112.18,Garrett Wilson,WR,WR,True,False,False,,6.6,,Garrett Wilson,WR,,449.p.33965,33965,NYJ,yahoo_fantasy_api
2024,10,,3,api,Joe Mantegna,Pop Lockett Drop it,2024-W10-03,3,88.08,112.18,George Pickens,WR,WR,True,False,False,,18.0,,George Pickens,WR,,449.p.34007,34007,Dal,yahoo_fantasy_api
2024,10,,4,api,Joe Mantegna,Pop Lockett Drop it,2024-W10-03,3,88.08,112.18,Breece Hall,RB,RB,True,False,False,,10.3,,Breece Hall,RB,,449.p.33991,33991,NYJ,yahoo_fantasy_api
2024,10,,5,api,Joe Mantegna,Pop Lockett Drop it,2024-W10-03,3,88.08,112.18,James Cook III,RB,RB,True,False,False,,15.0,,James Cook III,RB,,449.p.34019,34019,Buf,yahoo_fantasy_api
2024,10,,6,api,Joe Mantegna,Pop Lockett Drop it,2024-W10-03,3,88.08,112.18,Evan Engram,TE,TE,True,False,False,,7.0,,Evan Engram,TE,,449.p.30136,30136,Den,yahoo_fantasy_api
2024,10,,7,api,Joe Mantegna,Pop Lockett Drop it,2024-W10-03,3,88.08,112.18,Jonnu Smith,TE,W/R/T,True,False,False,,6.0,,Jonnu Smith,TE,,449.p.30213,30213,GB,yahoo_fantasy_api
2024,10,,8,api,Joe Mantegna,Pop Lockett Drop it,2024-W10-03,3,88.08,112.18,Nico Collins,WR,BN,False,True,False,,0.0,,Nico Collins,WR,,449.p.33477,33477,Hou,yahoo_fantasy_api
2024,10,,9,api,Joe Mantegna,Pop Lockett Drop it,2024-W10-03,3,88.08,112.18,Bucky Irving,RB,BN,False,True,False,,16.2,,Bucky Irving,RB,,449.p.40993,40993,TB,yahoo_fantasy_api
2024,10,,10,api,Joe Mantegna,Pop Lockett Drop it,2024-W10-03,3,88.08,112.18,Wan'Dale Robinson,WR,BN,False,True,False,,7.6,,Wan'Dale Robinson,WR,,449.p.33998,33998,Ten,yahoo_fantasy_api
2024,10,,11,api,Joe Mantegna,Pop Lockett Drop it,2024-W10-03,3,88.08,112.18,Jakobi Meyers,WR,BN,False,True,False,,0.0,,Jakobi Meyers,WR,,449.p.32231,32231,Jax,yahoo_fantasy_api
2024,10,,12,api,Joe Mantegna,Pop Lockett Drop it,2024-W10-03,3,88.08,112.18,Hunter Henry,TE,BN,False,True,False,,1.9,,Hunter Henry,TE,,449.p.29269,29269,NE,yahoo_fantasy_api
2024,10,,13,api,Joe Mantegna,Pop Lockett Drop it,2024-W10-03,3,88.08,112.18,Demarcus Robinson,WR,BN,False,True,False,,2.8,,Demarcus Robinson,WR,,449.p.29360,29360,SF,yahoo_fantasy_api
2024,10,,14,api,Joe Mantegna,Pop Lockett Drop it,2024-W10-03,3,88.08,112.18,Dak Prescott,QB,IR,False,False,True,,0.0,,Dak Prescott,QB,,449.p.29369,29369,Dal,yahoo_fantasy_api
2024,10,,15,api,Joe Mantegna,Pop Lockett Drop it,2024-W10-03,3,88.08,112.18,Jake Elliott,K,K,True,False,False,,10.0,,Jake Elliott,K,,449.p.30266,30266,Phi,yahoo_fantasy_api
2024,10,,16,api,Joe Mantegna,Pop Lockett Drop it,2024-W10-03,3,88.08,112.18,Giants,DEF,DEF,True,False,False,,4.0,,Giants,DEF,,449.p.100019,100019,NYG,yahoo_fantasy_api
2024,10,,1,api,Malle ❤️ 🐸,ThreatLevelMidnight,2024-W10-02,2,92.38,132.44,Jalen Hurts,QB,QB,True,False,False,,34.68,,Jalen Hurts,QB,,449.p.32723,32723,Phi,yahoo_fantasy_api
2024,10,,2,api,Malle ❤️ 🐸,ThreatLevelMidnight,2024-W10-02,2,92.38,132.44,Malik Nabers,WR,WR,True,False,False,,7.8,,Malik Nabers,WR,,449.p.40899,40899,NYG,yahoo_fantasy_api
2024,10,,3,api,Malle ❤️ 🐸,ThreatLevelMidnight,2024-W10-02,2,92.38,132.44,Marvin Harrison Jr.,WR,WR,True,False,False,,13.9,,Marvin Harrison Jr.,WR,,449.p.40893,40893,Ari,yahoo_fantasy_api
2024,10,,4,api,Malle ❤️ 🐸,ThreatLevelMidnight,2024-W10-02,2,92.38,132.44,Saquon Barkley,RB,RB,True,False,False,,8.3,,Saquon Barkley,RB,,449.p.30972,30972,Phi,yahoo_fantasy_api
2024,10,,5,api,Malle ❤️ 🐸,ThreatLevelMidnight,2024-W10-02,2,92.38,132.44,Jaleel McLaughlin,RB,RB,True,False,False,,1.2,,Jaleel McLaughlin,RB,,449.p.40696,40696,Cle,yahoo_fantasy_api
2024,10,,6,api,Malle ❤️ 🐸,ThreatLevelMidnight,2024-W10-02,2,92.38,132.44,Cole Kmet,TE,TE,True,False,False,,2.3,,Cole Kmet,TE,,449.p.32713,32713,Chi,yahoo_fantasy_api
2024,10,,7,api,Malle ❤️ 🐸,ThreatLevelMidnight,2024-W10-02,2,92.38,132.44,George Kittle,TE,W/R/T,True,False,False,,13.2,,George Kittle,TE,,449.p.30259,30259,SF,yahoo_fantasy_api
2024,10,,8,api,Malle ❤️ 🐸,ThreatLevelMidnight,2024-W10-02,2,92.38,132.44,Tyler Lockett,WR,BN,False,True,False,,0.0,,Tyler Lockett,WR,,449.p.28457,28457,LV,yahoo_fantasy_api
2024,10,,9,api,Malle ❤️ 🐸,ThreatLevelMidnight,2024-W10-02,2,92.38,132.44,Ray-Ray McCloud III,WR,BN,False,True,False,,5.1,,Ray-Ray McCloud III,WR,,449.p.31157,31157,Chi,yahoo_fantasy_api
2024,10,,10,api,Malle ❤️ 🐸,ThreatLevelMidnight,2024-W10-02,2,92.38,132.44,Rashid Shaheed,WR,BN,False,True,False,,0.0,,Rashid Shaheed,WR,,449.p.34659,34659,Sea,yahoo_fantasy_api
2024,10,,11,api,Malle ❤️ 🐸,ThreatLevelMidnight,2024-W10-02,2,92.38,132.44,Zamir White,RB,BN,False,True,False,,0.0,,Zamir White,RB,,449.p.34078,34078,NO,yahoo_fantasy_api
2024,10,,12,api,Malle ❤️ 🐸,ThreatLevelMidnight,2024-W10-02,2,92.38,132.44,Brock Purdy,QB,BN,False,True,False,,27.82,,Brock Purdy,QB,,449.p.34218,34218,SF,yahoo_fantasy_api
2024,10,,13,api,Malle ❤️ 🐸,ThreatLevelMidnight,2024-W10-02,2,92.38,132.44,Justin Tucker,K,K,True,False,False,,3.0,,Justin Tucker,K,,449.p.26534,26534,Bal,yahoo_fantasy_api
2024,10,,14,api,Malle ❤️ 🐸,ThreatLevelMidnight,2024-W10-02,2,92.38,132.44,Chargers,DEF,DEF,True,False,False,,8.0,,Chargers,DEF,,449.p.100024,100024,LAC,yahoo_fantasy_api
2024,10,,15,api,Malle ❤️ 🐸,ThreatLevelMidnight,2024-W10-02,2,92.38,132.44,Vikings,DEF,BN,False,True,False,,13.0,,Vikings,DEF,,449.p.100016,100016,Min,yahoo_fantasy_api
2024,10,,1,api,Patty Primetimes,Ginger FC 🏆🏆,2024-W10-05,5,89.68,79.74,Jayden Daniels,QB,QB,True,False,False,,8.58,,Jayden Daniels,QB,,449.p.40896,40896,Was,yahoo_fantasy_api
2024,10,,2,api,Patty Primetimes,Ginger FC 🏆🏆,2024-W10-05,5,89.68,79.74,CeeDee Lamb,WR,WR,True,False,False,,5.4,,CeeDee Lamb,WR,,449.p.32687,32687,Dal,yahoo_fantasy_api
2024,10,,3,api,Patty Primetimes,Ginger FC 🏆🏆,2024-W10-05,5,89.68,79.74,Cooper Kupp,WR,WR,True,False,False,,11.5,,Cooper Kupp,WR,,449.p.30182,30182,Sea,yahoo_fantasy_api
2024,10,,4,api,Patty Primetimes,Ginger FC 🏆🏆,2024-W10-05,5,89.68,79.74,Aaron Jones Sr.,RB,RB,True,False,False,,11.1,,Aaron Jones Sr.,RB,,449.p.30295,30295,Min,yahoo_fantasy_api
2024,10,,5,api,Patty Primetimes,Ginger FC 🏆🏆,2024-W10-05,5,89.68,79.74,Tyrone Tracy Jr.,RB,RB,True,False,False,,14.9,,Tyrone Tracy Jr.,RB,,449.p.41048,41048,NYG,yahoo_fantasy_api
2024,10,,6,api,Patty Primetimes,Ginger FC 🏆🏆,2024-W10-05,5,89.68,79.74,Travis Kelce,TE,TE,True,False,False,,16.4,,Travis Kelce,TE,,449.p.26686,26686,KC,yahoo_fantasy_api
2024,10,,7,api,Patty Primetimes,Ginger FC 🏆🏆,2024-W10-05,5,89.68,79.74,Terry McLaurin,WR,W/R/T,True,False,False,,13.8,,Terry McLaurin,WR,,449.p.31908,31908,Was,yahoo_fantasy_api
2024,10,,8,api,Patty Primetimes,Ginger FC 🏆🏆,2024-W10-05,5,89.68,79.74,Tony Pollard,RB,BN,False,True,False,,8.3,,Tony Pollard,RB,,449.p.31960,31960,Ten,yahoo_fantasy_api
2024,10,,9,api,Patty Primetimes,Ginger FC 🏆🏆,2024-W10-05,5,89.68,79.74,Tank Bigsby,RB,BN,False,True,False,,0.4,,Tank Bigsby,RB,,449.p.40095,40095,Phi,yahoo_fantasy_api
2024,10,,10,api,Patty Primetimes,Ginger FC 🏆🏆,2024-W10-05,5,89.68,79.74,Xavier Worthy,WR,BN,False,True,False,,1.6,,Xavier Worthy,WR,,449.p.40877,40877,KC,yahoo_fantasy_api
2024,10,,11,api,Patty Primetimes,Ginger FC 🏆🏆,2024-W10-05,5,89.68,79.74,Ladd McConkey,WR,BN,False,True,False,,6.2,,Ladd McConkey,WR,,449.p.40908,40908,LAC,yahoo_fantasy_api
2024,10,,12,api,Patty Primetimes,Ginger FC 🏆🏆,2024-W10-05,5,89.68,79.74,Anthony Richardson Sr.,QB,BN,False,True,False,,0.0,,Anthony Richardson Sr.,QB,,449.p.40040,40040,Ind,yahoo_fantasy_api
2024,10,,13,api,Patty Primetimes,Ginger FC 🏆🏆,2024-W10-05,5,89.68,79.74,Jameis Winston,QB,BN,False,True,False,,0.0,,Jameis Winston,QB,,449.p.28389,28389,NYG,yahoo_fantasy_api
2024,10,,14,api,Patty Primetimes,Ginger FC 🏆🏆,2024-W10-05,5,89.68,79.74,Evan McPherson,K,K,True,False,False,,4.0,,Evan McPherson,K,,449.p.33537,33537,Cin,yahoo_fantasy_api
2024,10,,15,api,Patty Primetimes,Ginger FC 🏆🏆,2024-W10-05,5,89.68,79.74,Bears,DEF,DEF,True,False,False,,4.0,,Bears,DEF,,449.p.100003,100003,Chi,yahoo_fantasy_api
2024,10,,1,api,Pop Lockett Drop it,Joe Mantegna,2024-W10-03,3,112.18,88.08,C.J. Stroud,QB,QB,True,False,False,,13.78,,C.J. Stroud,QB,,449.p.40030,40030,Hou,yahoo_fantasy_api
2024,10,,2,api,Pop Lockett Drop it,Joe Mantegna,2024-W10-03,3,112.18,88.08,DeVonta Smith,WR,WR,True,False,False,,2.4,,DeVonta Smith,WR,,449.p.33398,33398,Phi,yahoo_fantasy_api
2024,10,,3,api,Pop Lockett Drop it,Joe Mantegna,2024-W10-03,3,112.18,88.08,Jameson Williams,WR,WR,True,False,False,,6.8,,Jameson Williams,WR,,449.p.33967,33967,Det,yahoo_fantasy_api
2024,10,,4,api,Pop Lockett Drop it,Joe Mantegna,2024-W10-03,3,112.18,88.08,Bijan Robinson,RB,RB,True,False,False,,27.9,,Bijan Robinson,RB,,449.p.40055,40055,Atl,yahoo_fantasy_api
2024,10,,5,api,Pop Lockett Drop it,Joe Mantegna,2024-W10-03,3,112.18,88.08,David Montgomery,RB,RB,True,False,False,,12.1,,David Montgomery,RB,,449.p.31905,31905,Hou,yahoo_fantasy_api
2024,10,,6,api,Pop Lockett Drop it,Joe Mantegna,2024-W10-03,3,112.18,88.08,Trey McBride,TE,TE,True,False,False,,9.1,,Trey McBride,TE,,449.p.34010,34010,Ari,yahoo_fantasy_api
2024,10,,7,api,Pop Lockett Drop it,Joe Mantegna,2024-W10-03,3,112.18,88.08,Rico Dowdle,RB,W/R/T,True,False,False,,7.1,,Rico Dowdle,RB,,449.p.33100,33100,Pit,yahoo_fantasy_api
2024,10,,8,api,Pop Lockett Drop it,Joe Mantegna,2024-W10-03,3,112.18,88.08,Rome Odunze,WR,BN,False,True,False,,3.8,,Rome Odunze,WR,,449.p.40901,40901,Chi,yahoo_fantasy_api
2024,10,,9,api,Pop Lockett Drop it,Joe Mantegna,2024-W10-03,3,112.18,88.08,Jayden Reed,WR,BN,False,True,False,,0.0,,Jayden Reed,WR,,449.p.40063,40063,GB,yahoo_fantasy_api
2024,10,,10,api,Pop Lockett Drop it,Joe Mantegna,2024-W10-03,3,112.18,88.08,Mike Evans,WR,BN,False,True,False,,0.0,,Mike Evans,WR,,449.p.27535,27535,SF,yahoo_fantasy_api
2024,10,,11,api,Pop Lockett Drop it,Joe Mantegna,2024-W10-03,3,112.18,88.08,Zack Moss,RB,BN,False,True,False,,0.0,,Zack Moss,RB,,449.p.32756,32756,Cin,yahoo_fantasy_api
2024,10,,12,api,Pop Lockett Drop it,Joe Mantegna,2024-W10-03,3,112.18,88.08,Justin Fields,QB,BN,False,True,False,,0.0,,Justin Fields,QB,,449.p.33399,33399,KC,yahoo_fantasy_api
2024,10,,13,api,Pop Lockett Drop it,Joe Mantegna,2024-W10-03,3,112.18,88.08,Elijah Moore,WR,BN,False,True,False,,0.0,,Elijah Moore,WR,,449.p.33422,33422,Phi,yahoo_fantasy_api
2024,10,,14,api,Pop Lockett Drop it,Joe Mantegna,2024-W10-03,3,112.18,88.08,Ka'imi Fairbairn,K,K,True,False,False,,13.0,,Ka'imi Fairbairn,K,,449.p.29792,29792,Hou,yahoo_fantasy_api
2024,10,,15,api,Pop Lockett Drop it,Joe Mantegna,2024-W10-03,3,112.18,88.08,Eagles,DEF,DEF,True,False,False,,20.0,,Eagles,DEF,,449.p.100021,100021,Phi,yahoo_fantasy_api
2024,10,,1,api,Post Mahomes,malle_dips_pouches,2024-W10-04,4,123.3,93.94,Lamar Jackson,QB,QB,True,False,False,,40.9,,Lamar Jackson,QB,,449.p.31002,31002,Bal,yahoo_fantasy_api
2024,10,,2,api,Post Mahomes,malle_dips_pouches,2024-W10-04,4,123.3,93.94,Darnell Mooney,WR,WR,True,False,False,,12.1,,Darnell Mooney,WR,,449.p.32843,32843,NYG,yahoo_fantasy_api
2024,10,,3,api,Post Mahomes,malle_dips_pouches,2024-W10-04,4,123.3,93.94,Deebo Samuel Sr.,WR,WR,True,False,False,,10.1,,Deebo Samuel Sr.,WR,,449.p.31868,31868,SF,yahoo_fantasy_api
2024,10,,4,api,Post Mahomes,malle_dips_pouches,2024-W10-04,4,123.3,93.94,Jahmyr Gibbs,RB,RB,True,False,False,,11.8,,Jahmyr Gibbs,RB,,449.p.40059,40059,Det,yahoo_fantasy_api
2024,10,,5,api,Post Mahomes,malle_dips_pouches,2024-W10-04,4,123.3,93.94,Kyren Williams,RB,RB,True,False,False,,8.7,,Kyren Williams,RB,,449.p.34120,34120,LAR,yahoo_fantasy_api
2024,10,,6,api,Post Mahomes,malle_dips_pouches,2024-W10-04,4,123.3,93.94,T.J. Hockenson,TE,TE,True,False,False,,11.2,,T.J. Hockenson,TE,,449.p.31840,31840,Min,yahoo_fantasy_api
2024,10,,7,api,Post Mahomes,malle_dips_pouches,2024-W10-04,4,123.3,93.94,Jaylen Warren,RB,W/R/T,True,False,False,,8.5,,Jaylen Warren,RB,,449.p.34447,34447,Pit,yahoo_fantasy_api
2024,10,,8,api,Post Mahomes,malle_dips_pouches,2024-W10-04,4,123.3,93.94,Amari Cooper,WR,BN,False,True,False,,0.0,,Amari Cooper,WR,,449.p.28392,28392,Buf,yahoo_fantasy_api
2024,10,,9,api,Post Mahomes,malle_dips_pouches,2024-W10-04,4,123.3,93.94,Tee Higgins,WR,BN,False,True,False,,0.0,,Tee Higgins,WR,,449.p.32703,32703,Cin,yahoo_fantasy_api
2024,10,,10,api,Post Mahomes,malle_dips_pouches,2024-W10-04,4,123.3,93.94,Michael Pittman Jr.,WR,BN,False,True,False,,0.0,,Michael Pittman Jr.,WR,,449.p.32704,32704,Pit,yahoo_fantasy_api
2024,10,,11,api,Post Mahomes,malle_dips_pouches,2024-W10-04,4,123.3,93.94,Cedric Tillman,WR,BN,False,True,False,,0.0,,Cedric Tillman,WR,,449.p.40093,40093,NO,yahoo_fantasy_api
2024,10,,12,api,Post Mahomes,malle_dips_pouches,2024-W10-04,4,123.3,93.94,Brock Bowers,TE,BN,False,True,False,,0.0,,Brock Bowers,TE,,449.p.40878,40878,LV,yahoo_fantasy_api
2024,10,,13,api,Post Mahomes,malle_dips_pouches,2024-W10-04,4,123.3,93.94,Isiah Pacheco,RB,IR,False,False,True,,0.0,,Isiah Pacheco,RB,,449.p.34207,34207,Det,yahoo_fantasy_api
2024,10,,14,api,Post Mahomes,malle_dips_pouches,2024-W10-04,4,123.3,93.94,Jason Sanders,K,K,True,False,False,,15.0,,Jason Sanders,K,,449.p.31199,31199,NYJ,yahoo_fantasy_api
2024,10,,15,api,Post Mahomes,malle_dips_pouches,2024-W10-04,4,123.3,93.94,Austin Seibert,K,BN,False,True,False,,0.0,,Austin Seibert,K,,449.p.32002,32002,Was,yahoo_fantasy_api
2024,10,,16,api,Post Mahomes,malle_dips_pouches,2024-W10-04,4,123.3,93.94,Chiefs,DEF,DEF,True,False,False,,5.0,,Chiefs,DEF,,449.p.100012,100012,KC,yahoo_fantasy_api
2024,10,,1,api,The Big Gronkowski,Voldemort,2024-W10-01,1,102.62,86.6,Joe Burrow,QB,QB,True,False,False,,41.72,,Joe Burrow,QB,,449.p.32671,32671,Cin,yahoo_fantasy_api
2024,10,,2,api,The Big Gronkowski,Voldemort,2024-W10-01,1,102.62,86.6,Justin Jefferson,WR,WR,True,False,False,,7.3,,Justin Jefferson,WR,,449.p.32692,32692,Min,yahoo_fantasy_api
2024,10,,3,api,The Big Gronkowski,Voldemort,2024-W10-01,1,102.62,86.6,DJ Moore,WR,WR,True,False,False,,4.2,,DJ Moore,WR,,449.p.30994,30994,Buf,yahoo_fantasy_api
2024,10,,4,api,The Big Gronkowski,Voldemort,2024-W10-01,1,102.62,86.6,Alvin Kamara,RB,RB,True,False,False,,13.4,,Alvin Kamara,RB,,449.p.30180,30180,NO,yahoo_fantasy_api
2024,10,,5,api,The Big Gronkowski,Voldemort,2024-W10-01,1,102.62,86.6,Javonte Williams,RB,RB,True,False,False,,1.7,,Javonte Williams,RB,,449.p.33423,33423,Dal,yahoo_fantasy_api
2024,10,,6,api,The Big Gronkowski,Voldemort,2024-W10-01,1,102.62,86.6,Jake Ferguson,TE,TE,True,False,False,,2.4,,Jake Ferguson,TE,,449.p.34085,34085,Dal,yahoo_fantasy_api
2024,10,,7,api,The Big Gronkowski,Voldemort,2024-W10-01,1,102.62,86.6,Tyler Allgeier,RB,W/R/T,True,False,False,,5.9,,Tyler Allgeier,RB,,449.p.34107,34107,Ari,yahoo_fantasy_api
2024,10,,8,api,The Big Gronkowski,Voldemort,2024-W10-01,1,102.62,86.6,Chris Olave,WR,BN,False,True,False,,0.0,,Chris Olave,WR,,449.p.33966,33966,NO,yahoo_fantasy_api
2024,10,,9,api,The Big Gronkowski,Voldemort,2024-W10-01,1,102.62,86.6,Jaxon Smith-Njigba,WR,BN,False,True,False,,0.0,,Jaxon Smith-Njigba,WR,,449.p.40041,40041,Sea,yahoo_fantasy_api
2024,10,,10,api,The Big Gronkowski,Voldemort,2024-W10-01,1,102.62,86.6,Christian Watson,WR,BN,False,True,False,,0.0,,Christian Watson,WR,,449.p.33989,33989,GB,yahoo_fantasy_api
2024,10,,11,api,The Big Gronkowski,Voldemort,2024-W10-01,1,102.62,86.6,Isaiah Likely,TE,BN,False,True,False,,0.0,,Isaiah Likely,TE,,449.p.34095,34095,NYG,yahoo_fantasy_api
2024,10,,12,api,The Big Gronkowski,Voldemort,2024-W10-01,1,102.62,86.6,Matthew Stafford,QB,BN,False,True,False,,10.72,,Matthew Stafford,QB,,449.p.9265,9265,LAR,yahoo_fantasy_api
2024,10,,13,api,The Big Gronkowski,Voldemort,2024-W10-01,1,102.62,86.6,Brandon Aubrey,K,K,True,False,False,,7.0,,Brandon Aubrey,K,,449.p.40819,40819,Dal,yahoo_fantasy_api
2024,10,,14,api,The Big Gronkowski,Voldemort,2024-W10-01,1,102.62,86.6,Bills,DEF,DEF,True,False,False,,19.0,,Bills,DEF,,449.p.100002,100002,Buf,yahoo_fantasy_api
2024,10,,15,api,The Big Gronkowski,Voldemort,2024-W10-01,1,102.62,86.6,Ravens,DEF,BN,False,True,False,,4.0,,Ravens,DEF,,449.p.100033,100033,Bal,yahoo_fantasy_api
2024,10,,1,api,ThreatLevelMidnight,Malle ❤️ 🐸,2024-W10-02,2,132.44,92.38,Baker Mayfield,QB,QB,True,False,False,,10.94,,Baker Mayfield,QB,,449.p.30971,30971,TB,yahoo_fantasy_api
2024,10,,2,api,ThreatLevelMidnight,Malle ❤️ 🐸,2024-W10-02,2,132.44,92.38,Ja'Marr Chase,WR,WR,True,False,False,,49.9,,Ja'Marr Chase,WR,,449.p.33393,33393,Cin,yahoo_fantasy_api
2024,10,,3,api,ThreatLevelMidnight,Malle ❤️ 🐸,2024-W10-02,2,132.44,92.38,Xavier Legette,WR,WR,True,False,False,,5.5,,Xavier Legette,WR,,449.p.40890,40890,Car,yahoo_fantasy_api
2024,10,,4,api,ThreatLevelMidnight,Malle ❤️ 🐸,2024-W10-02,2,132.44,92.38,James Conner,RB,RB,True,False,False,,19.8,,James Conner,RB,,449.p.30218,30218,Ari,yahoo_fantasy_api
2024,10,,5,api,ThreatLevelMidnight,Malle ❤️ 🐸,2024-W10-02,2,132.44,92.38,Braelon Allen,RB,RB,True,False,False,,3.9,,Braelon Allen,RB,,449.p.40981,40981,NYJ,yahoo_fantasy_api
2024,10,,6,api,ThreatLevelMidnight,Malle ❤️ 🐸,2024-W10-02,2,132.44,92.38,Sam LaPorta,TE,TE,True,False,False,,14.1,,Sam LaPorta,TE,,449.p.40064,40064,Det,yahoo_fantasy_api
2024,10,,7,api,ThreatLevelMidnight,Malle ❤️ 🐸,2024-W10-02,2,132.44,92.38,Ricky Pearsall,WR,W/R/T,True,False,False,,15.3,,Ricky Pearsall,WR,,449.p.40892,40892,SF,yahoo_fantasy_api
2024,10,,8,api,ThreatLevelMidnight,Malle ❤️ 🐸,2024-W10-02,2,132.44,92.38,Josh Jacobs,RB,BN,False,True,False,,0.0,,Josh Jacobs,RB,,449.p.31856,31856,GB,yahoo_fantasy_api
2024,10,,9,api,ThreatLevelMidnight,Malle ❤️ 🐸,2024-W10-02,2,132.44,92.38,Keon Coleman,WR,BN,False,True,False,,0.0,,Keon Coleman,WR,,449.p.40911,40911,Buf,yahoo_fantasy_api
2024,10,,10,api,ThreatLevelMidnight,Malle ❤️ 🐸,2024-W10-02,2,132.44,92.38,Kyler Murray,QB,BN,False,True,False,,30.74,,Kyler Murray,QB,,449.p.31833,31833,Min,yahoo_fantasy_api
2024,10,,11,api,ThreatLevelMidnight,Malle ❤️ 🐸,2024-W10-02,2,132.44,92.38,Tucker Kraft,TE,BN,False,True,False,,0.0,,Tucker Kraft,TE,,449.p.40102,40102,GB,yahoo_fantasy_api
2024,10,,12,api,ThreatLevelMidnight,Malle ❤️ 🐸,2024-W10-02,2,132.44,92.38,DK Metcalf,WR,BN,False,True,False,,0.0,,DK Metcalf,WR,,449.p.31896,31896,Pit,yahoo_fantasy_api
2024,10,,13,api,ThreatLevelMidnight,Malle ❤️ 🐸,2024-W10-02,2,132.44,92.38,Trey Benson,RB,BN,False,True,False,,9.7,,Trey Benson,RB,,449.p.40958,40958,Ari,yahoo_fantasy_api
2024,10,,14,api,ThreatLevelMidnight,Malle ❤️ 🐸,2024-W10-02,2,132.44,92.38,Chris Godwin Jr.,WR,IR,False,False,True,,0.0,,Chris Godwin Jr.,WR,,449.p.30197,30197,TB,yahoo_fantasy_api
2024,10,,15,api,ThreatLevelMidnight,Malle ❤️ 🐸,2024-W10-02,2,132.44,92.38,Jake Moody,K,K,True,False,False,,12.0,,Jake Moody,K,,449.p.40129,40129,Bal,yahoo_fantasy_api
2024,10,,16,api,ThreatLevelMidnight,Malle ❤️ 🐸,2024-W10-02,2,132.44,92.38,Falcons,DEF,DEF,True,False,False,,1.0,,Falcons,DEF,,449.p.100001,100001,Atl,yahoo_fantasy_api
2024,10,,1,api,Uncle Rico,Buttermilk Puuump,2024-W10-06,6,97.24,84.3,Patrick Mahomes,QB,QB,True,False,False,,18.54,,Patrick Mahomes,QB,,449.p.30123,30123,KC,yahoo_fantasy_api
2024,10,,2,api,Uncle Rico,Buttermilk Puuump,2024-W10-06,6,97.24,84.3,Zay Flowers,WR,WR,True,False,False,,5.4,,Zay Flowers,WR,,449.p.40039,40039,Bal,yahoo_fantasy_api
2024,10,,3,api,Uncle Rico,Buttermilk Puuump,2024-W10-06,6,97.24,84.3,Davante Adams,WR,WR,True,False,False,,6.1,,Davante Adams,WR,,449.p.27581,27581,LAR,yahoo_fantasy_api
2024,10,,4,api,Uncle Rico,Buttermilk Puuump,2024-W10-06,6,97.24,84.3,Derrick Henry,RB,RB,True,False,False,,13.6,,Derrick Henry,RB,,449.p.29279,29279,Bal,yahoo_fantasy_api
2024,10,,5,api,Uncle Rico,Buttermilk Puuump,2024-W10-06,6,97.24,84.3,D'Andre Swift,RB,RB,True,False,False,,7.0,,D'Andre Swift,RB,,449.p.32705,32705,Chi,yahoo_fantasy_api
2024,10,,6,api,Uncle Rico,Buttermilk Puuump,2024-W10-06,6,97.24,84.3,Mark Andrews,TE,TE,True,False,False,,15.8,,Mark Andrews,TE,,449.p.31056,31056,Bal,yahoo_fantasy_api
2024,10,,7,api,Uncle Rico,Buttermilk Puuump,2024-W10-06,6,97.24,84.3,Tank Dell,WR,W/R/T,True,False,False,,5.8,,Tank Dell,WR,,449.p.40097,40097,Hou,yahoo_fantasy_api
2024,10,,8,api,Uncle Rico,Buttermilk Puuump,2024-W10-06,6,97.24,84.3,Austin Ekeler,RB,BN,False,True,False,,17.6,,Austin Ekeler,RB,,449.p.30423,30423,Was,yahoo_fantasy_api
2024,10,,9,api,Uncle Rico,Buttermilk Puuump,2024-W10-06,6,97.24,84.3,Geno Smith,QB,BN,False,True,False,,0.0,,Geno Smith,QB,,449.p.26662,26662,NYJ,yahoo_fantasy_api
2024,10,,10,api,Uncle Rico,Buttermilk Puuump,2024-W10-06,6,97.24,84.3,Jauan Jennings,WR,BN,False,True,False,,12.8,,Jauan Jennings,WR,,449.p.32887,32887,Min,yahoo_fantasy_api
2024,10,,11,api,Uncle Rico,Buttermilk Puuump,2024-W10-06,6,97.24,84.3,Zach Charbonnet,RB,BN,False,True,False,,0.0,,Zach Charbonnet,RB,,449.p.40075,40075,Sea,yahoo_fantasy_api
2024,10,,12,api,Uncle Rico,Buttermilk Puuump,2024-W10-06,6,97.24,84.3,Romeo Doubs,WR,BN,False,True,False,,0.0,,Romeo Doubs,WR,,449.p.34088,34088,NE,yahoo_fantasy_api
2024,10,,13,api,Uncle Rico,Buttermilk Puuump,2024-W10-06,6,97.24,84.3,Jonathon Brooks,RB,BN,False,True,False,,0.0,,Jonathon Brooks,RB,,449.p.40926,40926,Car,yahoo_fantasy_api
2024,10,,14,api,Uncle Rico,Buttermilk Puuump,2024-W10-06,6,97.24,84.3,Tyler Bass,K,K,True,False,False,,13.0,,Tyler Bass,K,,449.p.32858,32858,Buf,yahoo_fantasy_api
2024,10,,15,api,Uncle Rico,Buttermilk Puuump,2024-W10-06,6,97.24,84.3,Cardinals,DEF,DEF,True,False,False,,12.0,,Cardinals,DEF,,449.p.100022,100022,Ari,yahoo_fantasy_api
2024,10,,1,api,Voldemort,The Big Gronkowski,2024-W10-01,1,86.6,102.62,Josh Allen,QB,QB,True,False,False,,20.2,,Josh Allen,QB,,449.p.30977,30977,Buf,yahoo_fantasy_api
2024,10,,2,api,Voldemort,The Big Gronkowski,2024-W10-01,1,86.6,102.62,Puka Nacua,WR,WR,True,False,False,,14.3,,Puka Nacua,WR,,449.p.40168,40168,LAR,yahoo_fantasy_api
2024,10,,3,api,Voldemort,The Big Gronkowski,2024-W10-01,1,86.6,102.62,DeAndre Hopkins,WR,WR,True,False,False,,7.6,,DeAndre Hopkins,WR,,449.p.26650,26650,Bal,yahoo_fantasy_api
2024,10,,4,api,Voldemort,The Big Gronkowski,2024-W10-01,1,86.6,102.62,Chase Brown,RB,RB,True,False,False,,17.9,,Chase Brown,RB,,449.p.40196,40196,Cin,yahoo_fantasy_api
2024,10,,5,api,Voldemort,The Big Gronkowski,2024-W10-01,1,86.6,102.62,J.K. Dobbins,RB,RB,True,False,False,,7.0,,J.K. Dobbins,RB,,449.p.32725,32725,Den,yahoo_fantasy_api
2024,10,,6,api,Voldemort,The Big Gronkowski,2024-W10-01,1,86.6,102.62,Dalton Kincaid,TE,TE,True,False,False,,3.4,,Dalton Kincaid,TE,,449.p.40048,40048,Buf,yahoo_fantasy_api
2024,10,,7,api,Voldemort,The Big Gronkowski,2024-W10-01,1,86.6,102.62,Jonathan Taylor,RB,W/R/T,True,False,False,,13.2,,Jonathan Taylor,RB,,449.p.32711,32711,Ind,yahoo_fantasy_api
2024,10,,8,api,Voldemort,The Big Gronkowski,2024-W10-01,1,86.6,102.62,Chuba Hubbard,RB,BN,False,True,False,,22.9,,Chuba Hubbard,RB,,449.p.33514,33514,Car,yahoo_fantasy_api
2024,10,,9,api,Voldemort,The Big Gronkowski,2024-W10-01,1,86.6,102.62,Calvin Ridley,WR,BN,False,True,False,,22.9,,Calvin Ridley,WR,,449.p.30996,30996,Ten,yahoo_fantasy_api
2024,10,,10,api,Voldemort,The Big Gronkowski,2024-W10-01,1,86.6,102.62,Kenneth Walker III,RB,BN,False,True,False,,0.0,,Kenneth Walker III,RB,,449.p.33996,33996,KC,yahoo_fantasy_api
2024,10,,11,api,Voldemort,The Big Gronkowski,2024-W10-01,1,86.6,102.62,Khalil Shakir,WR,BN,False,True,False,,8.8,,Khalil Shakir,WR,,449.p.34104,34104,Buf,yahoo_fantasy_api
2024,10,,12,api,Voldemort,The Big Gronkowski,2024-W10-01,1,86.6,102.62,Travis Etienne Jr.,RB,BN,False,True,False,,4.8,,Travis Etienne Jr.,RB,,449.p.33413,33413,NO,yahoo_fantasy_api
2024,10,,13,api,Voldemort,The Big Gronkowski,2024-W10-01,1,86.6,102.62,Diontae Johnson,WR,BN,False,True,False,,1.1,,Diontae Johnson,WR,,449.p.31898,31898,Cle,yahoo_fantasy_api
2024,10,,14,api,Voldemort,The Big Gronkowski,2024-W10-01,1,86.6,102.62,Cairo Santos,K,K,True,False,False,,3.0,,Cairo Santos,K,,449.p.28227,28227,Chi,yahoo_fantasy_api
2024,10,,15,api,Voldemort,The Big Gronkowski,2024-W10-01,1,86.6,102.62,Jets,DEF,DEF,True,False,False,,0.0,,Jets,DEF,,449.p.100020,100020,NYJ,yahoo_fantasy_api
2024,10,,1,api,malle_dips_pouches,Post Mahomes,2024-W10-04,4,93.94,123.3,Sam Darnold,QB,QB,True,False,False,,9.44,,Sam Darnold,QB,,449.p.30973,30973,Sea,yahoo_fantasy_api
2024,10,,2,api,malle_dips_pouches,Post Mahomes,2024-W10-04,4,93.94,123.3,Drake London,WR,WR,True,False,False,,13.7,,Drake London,WR,,449.p.33963,33963,Atl,yahoo_fantasy_api
2024,10,,3,api,malle_dips_pouches,Post Mahomes,2024-W10-04,4,93.94,123.3,A.J. Brown,WR,WR,True,False,False,,13.4,,A.J. Brown,WR,,449.p.31883,31883,NE,yahoo_fantasy_api
2024,10,,4,api,malle_dips_pouches,Post Mahomes,2024-W10-04,4,93.94,123.3,Joe Mixon,RB,RB,True,False,False,,16.0,,Joe Mixon,RB,,449.p.30161,30161,Hou,yahoo_fantasy_api
2024,10,,5,api,malle_dips_pouches,Post Mahomes,2024-W10-04,4,93.94,123.3,Rhamondre Stevenson,RB,RB,True,False,False,,8.2,,Rhamondre Stevenson,RB,,449.p.33508,33508,NE,yahoo_fantasy_api
2024,10,,6,api,malle_dips_pouches,Post Mahomes,2024-W10-04,4,93.94,123.3,Kyle Pitts Sr.,TE,TE,True,False,False,,7.5,,Kyle Pitts Sr.,TE,,449.p.33392,33392,Atl,yahoo_fantasy_api
2024,10,,7,api,malle_dips_pouches,Post Mahomes,2024-W10-04,4,93.94,123.3,Josh Downs,WR,W/R/T,True,False,False,,10.7,,Josh Downs,WR,,449.p.40126,40126,Ind,yahoo_fantasy_api
2024,10,,8,api,malle_dips_pouches,Post Mahomes,2024-W10-04,4,93.94,123.3,Caleb Williams,QB,BN,False,True,False,,6.3,,Caleb Williams,QB,,449.p.40900,40900,Chi,yahoo_fantasy_api
2024,10,,9,api,malle_dips_pouches,Post Mahomes,2024-W10-04,4,93.94,123.3,Jaylen Waddle,WR,BN,False,True,False,,7.1,,Jaylen Waddle,WR,,449.p.33394,33394,Den,yahoo_fantasy_api
2024,10,,10,api,malle_dips_pouches,Post Mahomes,2024-W10-04,4,93.94,123.3,Brian Robinson,RB,BN,False,True,False,,0.0,,Brian Robinson,RB,,449.p.34054,34054,Atl,yahoo_fantasy_api
2024,10,,11,api,malle_dips_pouches,Post Mahomes,2024-W10-04,4,93.94,123.3,Courtland Sutton,WR,BN,False,True,False,,16.0,,Courtland Sutton,WR,,449.p.31010,31010,Den,yahoo_fantasy_api
2024,10,,12,api,malle_dips_pouches,Post Mahomes,2024-W10-04,4,93.94,123.3,Antonio Gibson,RB,BN,False,True,False,,2.6,,Antonio Gibson,RB,,449.p.32736,32736,NE,yahoo_fantasy_api
2024,10,,13,api,malle_dips_pouches,Post Mahomes,2024-W10-04,4,93.94,123.3,Pat Freiermuth,TE,BN,False,True,False,,9.2,,Pat Freiermuth,TE,,449.p.33443,33443,Pit,yahoo_fantasy_api
2024,10,,14,api,malle_dips_pouches,Post Mahomes,2024-W10-04,4,93.94,123.3,Harrison Butker,K,K,True,False,False,,10.0,,Harrison Butker,K,,449.p.30346,30346,KC,yahoo_fantasy_api
2024,10,,15,api,malle_dips_pouches,Post Mahomes,2024-W10-04,4,93.94,123.3,Steelers,DEF,DEF,True,False,False,,5.0,,Steelers,DEF,,449.p.100023,100023,Pit,yahoo_fantasy_api
2024,11,,1,api,Buttermilk Puuump,Patty Primetimes,2024-W11-06,6,145.68,81.64,Jared Goff,QB,QB,True,False,False,,42.58,,Jared Goff,QB,,449.p.29235,29235,Det,yahoo_fantasy_api
2024,11,,2,api,Buttermilk Puuump,Patty Primetimes,2024-W11-06,6,145.68,81.64,Amon-Ra St. Brown,WR,WR,True,False,False,,33.2,,Amon-Ra St. Brown,WR,,449.p.33500,33500,Det,yahoo_fantasy_api
2024,11,,3,api,Buttermilk Puuump,Patty Primetimes,2024-W11-06,6,145.68,81.64,Tyreek Hill,WR,WR,True,False,False,,15.6,,Tyreek Hill,WR,,449.p.29399,29399,Mia,yahoo_fantasy_api
2024,11,,4,api,Buttermilk Puuump,Patty Primetimes,2024-W11-06,6,145.68,81.64,Najee Harris,RB,RB,True,False,False,,11.3,,Najee Harris,RB,,449.p.33412,33412,NYG,yahoo_fantasy_api
2024,11,,5,api,Buttermilk Puuump,Patty Primetimes,2024-W11-06,6,145.68,81.64,Tyjae Spears,RB,RB,True,False,False,,1.8,,Tyjae Spears,RB,,449.p.40119,40119,Ten,yahoo_fantasy_api
2024,11,,6,api,Buttermilk Puuump,Patty Primetimes,2024-W11-06,6,145.68,81.64,David Njoku,TE,TE,True,False,False,,14.6,,David Njoku,TE,,449.p.30142,30142,LAC,yahoo_fantasy_api
2024,11,,7,api,Buttermilk Puuump,Patty Primetimes,2024-W11-06,6,145.68,81.64,Jordan Addison,WR,W/R/T,True,False,False,,13.6,,Jordan Addison,WR,,449.p.40042,40042,Min,yahoo_fantasy_api
2024,11,,8,api,Buttermilk Puuump,Patty Primetimes,2024-W11-06,6,145.68,81.64,Raheem Mostert,RB,BN,False,True,False,,-0.2,,Raheem Mostert,RB,,449.p.28654,28654,LV,yahoo_fantasy_api
2024,11,,9,api,Buttermilk Puuump,Patty Primetimes,2024-W11-06,6,145.68,81.64,Mike Gesicki,TE,BN,False,True,False,,0.0,,Mike Gesicki,TE,,449.p.31012,31012,Cin,yahoo_fantasy_api
2024,11,,10,api,Buttermilk Puuump,Patty Primetimes,2024-W11-06,6,145.68,81.64,Rachaad White,RB,BN,False,True,False,,0.0,,Rachaad White,RB,,449.p.34047,34047,Was,yahoo_fantasy_api
2024,11,,11,api,Buttermilk Puuump,Patty Primetimes,2024-W11-06,6,145.68,81.64,Jerry Jeudy,WR,BN,False,True,False,,23.2,,Jerry Jeudy,WR,,449.p.32685,32685,Cle,yahoo_fantasy_api
2024,11,,12,api,Buttermilk Puuump,Patty Primetimes,2024-W11-06,6,145.68,81.64,Keenan Allen,WR,BN,False,True,False,,6.1,,Keenan Allen,WR,,449.p.26699,26699,Ind,yahoo_fantasy_api
2024,11,,13,api,Buttermilk Puuump,Patty Primetimes,2024-W11-06,6,145.68,81.64,Aaron Rodgers,QB,BN,False,True,False,,20.06,,Aaron Rodgers,QB,,449.p.7200,7200,Pit,yahoo_fantasy_api
2024,11,,14,api,Buttermilk Puuump,Patty Primetimes,2024-W11-06,6,145.68,81.64,Younghoe Koo,K,K,True,False,False,,9.0,,Younghoe Koo,K,,449.p.30426,30426,NYG,yahoo_fantasy_api
2024,11,,15,api,Buttermilk Puuump,Patty Primetimes,2024-W11-06,6,145.68,81.64,Saints,DEF,DEF,True,False,False,,4.0,,Saints,DEF,,449.p.100018,100018,NO,yahoo_fantasy_api
2024,11,,1,api,Ginger FC 🏆🏆,Malle ❤️ 🐸,2024-W11-02,2,106.84,113.24,Jordan Love,QB,QB,True,False,False,,23.24,,Jordan Love,QB,,449.p.32696,32696,GB,yahoo_fantasy_api
2024,11,,2,api,Ginger FC 🏆🏆,Malle ❤️ 🐸,2024-W11-02,2,106.84,113.24,Brian Thomas Jr.,WR,WR,True,False,False,,11.1,,Brian Thomas Jr.,WR,,449.p.40883,40883,Jax,yahoo_fantasy_api
2024,11,,3,api,Ginger FC 🏆🏆,Malle ❤️ 🐸,2024-W11-02,2,106.84,113.24,Quentin Johnston,WR,WR,True,False,False,,11.8,,Quentin Johnston,WR,,449.p.40051,40051,LAC,yahoo_fantasy_api
2024,11,,4,api,Ginger FC 🏆🏆,Malle ❤️ 🐸,2024-W11-02,2,106.84,113.24,De'Von Achane,RB,RB,True,False,False,,18.5,,De'Von Achane,RB,,449.p.40118,40118,Mia,yahoo_fantasy_api
2024,11,,5,api,Ginger FC 🏆🏆,Malle ❤️ 🐸,2024-W11-02,2,106.84,113.24,Christian McCaffrey,RB,RB,True,False,False,,12.6,,Christian McCaffrey,RB,,449.p.30121,30121,SF,yahoo_fantasy_api
2024,11,,6,api,Ginger FC 🏆🏆,Malle ❤️ 🐸,2024-W11-02,2,106.84,113.24,Dallas Goedert,TE,TE,True,False,False,,8.6,,Dallas Goedert,TE,,449.p.31019,31019,Phi,yahoo_fantasy_api
2024,11,,7,api,Ginger FC 🏆🏆,Malle ❤️ 🐸,2024-W11-02,2,106.84,113.24,Kareem Hunt,RB,W/R/T,True,False,False,,6.0,,Kareem Hunt,RB,,449.p.30199,30199,KC,yahoo_fantasy_api
2024,11,,8,api,Ginger FC 🏆🏆,Malle ❤️ 🐸,2024-W11-02,2,106.84,113.24,Kirk Cousins,QB,BN,False,True,False,,5.92,,Kirk Cousins,QB,,449.p.25812,25812,LV,yahoo_fantasy_api
2024,11,,9,api,Ginger FC 🏆🏆,Malle ❤️ 🐸,2024-W11-02,2,106.84,113.24,Cade Otton,TE,BN,False,True,False,,0.0,,Cade Otton,TE,,449.p.34062,34062,TB,yahoo_fantasy_api
2024,11,,10,api,Ginger FC 🏆🏆,Malle ❤️ 🐸,2024-W11-02,2,106.84,113.24,Nick Chubb,RB,BN,False,True,False,,5.0,,Nick Chubb,RB,,449.p.31005,31005,Hou,yahoo_fantasy_api
2024,11,,11,api,Ginger FC 🏆🏆,Malle ❤️ 🐸,2024-W11-02,2,106.84,113.24,Alexander Mattison,RB,BN,False,True,False,,8.4,,Alexander Mattison,RB,,449.p.31934,31934,Mia,yahoo_fantasy_api
2024,11,,12,api,Ginger FC 🏆🏆,Malle ❤️ 🐸,2024-W11-02,2,106.84,113.24,Stefon Diggs,WR,IR,False,False,True,,0.0,,Stefon Diggs,WR,,449.p.28534,28534,Was,yahoo_fantasy_api
2024,11,,13,api,Ginger FC 🏆🏆,Malle ❤️ 🐸,2024-W11-02,2,106.84,113.24,Blake Grupe,K,K,True,False,False,,5.0,,Blake Grupe,K,,449.p.40296,40296,NYJ,yahoo_fantasy_api
2024,11,,14,api,Ginger FC 🏆🏆,Malle ❤️ 🐸,2024-W11-02,2,106.84,113.24,Chris Boswell,K,BN,False,True,False,,24.0,,Chris Boswell,K,,449.p.28188,28188,Pit,yahoo_fantasy_api
2024,11,,15,api,Ginger FC 🏆🏆,Malle ❤️ 🐸,2024-W11-02,2,106.84,113.24,Lions,DEF,DEF,True,False,False,,10.0,,Lions,DEF,,449.p.100008,100008,Det,yahoo_fantasy_api
2024,11,,16,api,Ginger FC 🏆🏆,Malle ❤️ 🐸,2024-W11-02,2,106.84,113.24,49ers,DEF,BN,False,True,False,,7.0,,49ers,DEF,,449.p.100025,100025,SF,yahoo_fantasy_api
2024,11,,1,api,Joe Mantegna,The Big Gronkowski,2024-W11-01,1,90.86,105.24,Brock Purdy,QB,QB,True,False,False,,21.36,,Brock Purdy,QB,,449.p.34218,34218,SF,yahoo_fantasy_api
2024,11,,2,api,Joe Mantegna,The Big Gronkowski,2024-W11-01,1,90.86,105.24,Garrett Wilson,WR,WR,True,False,False,,3.8,,Garrett Wilson,WR,,449.p.33965,33965,NYJ,yahoo_fantasy_api
2024,11,,3,api,Joe Mantegna,The Big Gronkowski,2024-W11-01,1,90.86,105.24,George Pickens,WR,WR,True,False,False,,12.9,,George Pickens,WR,,449.p.34007,34007,Dal,yahoo_fantasy_api
2024,11,,4,api,Joe Mantegna,The Big Gronkowski,2024-W11-01,1,90.86,105.24,James Cook III,RB,RB,True,False,False,,17.2,,James Cook III,RB,,449.p.34019,34019,Buf,yahoo_fantasy_api
2024,11,,5,api,Joe Mantegna,The Big Gronkowski,2024-W11-01,1,90.86,105.24,Jerome Ford,RB,RB,True,False,False,,5.9,,Jerome Ford,RB,,449.p.34112,34112,Min,yahoo_fantasy_api
2024,11,,6,api,Joe Mantegna,The Big Gronkowski,2024-W11-01,1,90.86,105.24,Evan Engram,TE,TE,True,False,False,,5.3,,Evan Engram,TE,,449.p.30136,30136,Den,yahoo_fantasy_api
2024,11,,7,api,Joe Mantegna,The Big Gronkowski,2024-W11-01,1,90.86,105.24,Nico Collins,WR,W/R/T,True,False,False,,7.4,,Nico Collins,WR,,449.p.33477,33477,Hou,yahoo_fantasy_api
2024,11,,8,api,Joe Mantegna,The Big Gronkowski,2024-W11-01,1,90.86,105.24,Tua Tagovailoa,QB,BN,False,True,False,,29.52,,Tua Tagovailoa,QB,,449.p.32675,32675,Atl,yahoo_fantasy_api
2024,11,,9,api,Joe Mantegna,The Big Gronkowski,2024-W11-01,1,90.86,105.24,Bucky Irving,RB,BN,False,True,False,,0.0,,Bucky Irving,RB,,449.p.40993,40993,TB,yahoo_fantasy_api
2024,11,,10,api,Joe Mantegna,The Big Gronkowski,2024-W11-01,1,90.86,105.24,Wan'Dale Robinson,WR,BN,False,True,False,,0.0,,Wan'Dale Robinson,WR,,449.p.33998,33998,Ten,yahoo_fantasy_api
2024,11,,11,api,Joe Mantegna,The Big Gronkowski,2024-W11-01,1,90.86,105.24,Jakobi Meyers,WR,BN,False,True,False,,6.8,,Jakobi Meyers,WR,,449.p.32231,32231,Jax,yahoo_fantasy_api
2024,11,,12,api,Joe Mantegna,The Big Gronkowski,2024-W11-01,1,90.86,105.24,Demarcus Robinson,WR,BN,False,True,False,,2.9,,Demarcus Robinson,WR,,449.p.29360,29360,SF,yahoo_fantasy_api
2024,11,,13,api,Joe Mantegna,The Big Gronkowski,2024-W11-01,1,90.86,105.24,Malik Nabers,WR,BN,False,True,False,,0.0,,Malik Nabers,WR,,449.p.40899,40899,NYG,yahoo_fantasy_api
2024,11,,14,api,Joe Mantegna,The Big Gronkowski,2024-W11-01,1,90.86,105.24,Dak Prescott,QB,IR,False,False,True,,0.0,,Dak Prescott,QB,,449.p.29369,29369,Dal,yahoo_fantasy_api
2024,11,,15,api,Joe Mantegna,The Big Gronkowski,2024-W11-01,1,90.86,105.24,Jake Elliott,K,K,True,False,False,,8.0,,Jake Elliott,K,,449.p.30266,30266,Phi,yahoo_fantasy_api
2024,11,,16,api,Joe Mantegna,The Big Gronkowski,2024-W11-01,1,90.86,105.24,Rams,DEF,DEF,True,False,False,,9.0,,Rams,DEF,,449.p.100014,100014,LAR,yahoo_fantasy_api
2024,11,,1,api,Malle ❤️ 🐸,Ginger FC 🏆🏆,2024-W11-02,2,113.24,106.84,Jalen Hurts,QB,QB,True,False,False,,18.74,,Jalen Hurts,QB,,449.p.32723,32723,Phi,yahoo_fantasy_api
2024,11,,2,api,Malle ❤️ 🐸,Ginger FC 🏆🏆,2024-W11-02,2,113.24,106.84,Tyler Lockett,WR,WR,True,False,False,,2.9,,Tyler Lockett,WR,,449.p.28457,28457,LV,yahoo_fantasy_api
2024,11,,3,api,Malle ❤️ 🐸,Ginger FC 🏆🏆,2024-W11-02,2,113.24,106.84,Ray-Ray McCloud III,WR,WR,True,False,False,,7.6,,Ray-Ray McCloud III,WR,,449.p.31157,31157,Chi,yahoo_fantasy_api
2024,11,,4,api,Malle ❤️ 🐸,Ginger FC 🏆🏆,2024-W11-02,2,113.24,106.84,Saquon Barkley,RB,RB,True,False,False,,32.8,,Saquon Barkley,RB,,449.p.30972,30972,Phi,yahoo_fantasy_api
2024,11,,5,api,Malle ❤️ 🐸,Ginger FC 🏆🏆,2024-W11-02,2,113.24,106.84,Breece Hall,RB,RB,True,False,False,,27.6,,Breece Hall,RB,,449.p.33991,33991,NYJ,yahoo_fantasy_api
2024,11,,6,api,Malle ❤️ 🐸,Ginger FC 🏆🏆,2024-W11-02,2,113.24,106.84,Cole Kmet,TE,TE,True,False,False,,5.7,,Cole Kmet,TE,,449.p.32713,32713,Chi,yahoo_fantasy_api
2024,11,,7,api,Malle ❤️ 🐸,Ginger FC 🏆🏆,2024-W11-02,2,113.24,106.84,Zamir White,RB,W/R/T,True,False,False,,0.9,,Zamir White,RB,,449.p.34078,34078,NO,yahoo_fantasy_api
2024,11,,8,api,Malle ❤️ 🐸,Ginger FC 🏆🏆,2024-W11-02,2,113.24,106.84,George Kittle,TE,BN,False,True,False,,0.0,,George Kittle,TE,,449.p.30259,30259,SF,yahoo_fantasy_api
2024,11,,9,api,Malle ❤️ 🐸,Ginger FC 🏆🏆,2024-W11-02,2,113.24,106.84,Jaleel McLaughlin,RB,BN,False,True,False,,1.9,,Jaleel McLaughlin,RB,,449.p.40696,40696,Cle,yahoo_fantasy_api
2024,11,,10,api,Malle ❤️ 🐸,Ginger FC 🏆🏆,2024-W11-02,2,113.24,106.84,Marvin Harrison Jr.,WR,BN,False,True,False,,0.0,,Marvin Harrison Jr.,WR,,449.p.40893,40893,Ari,yahoo_fantasy_api
2024,11,,11,api,Malle ❤️ 🐸,Ginger FC 🏆🏆,2024-W11-02,2,113.24,106.84,Rashid Shaheed,WR,BN,False,True,False,,0.0,,Rashid Shaheed,WR,,449.p.34659,34659,Sea,yahoo_fantasy_api
2024,11,,12,api,Malle ❤️ 🐸,Ginger FC 🏆🏆,2024-W11-02,2,113.24,106.84,Justin Tucker,K,K,True,False,False,,6.0,,Justin Tucker,K,,449.p.26534,26534,Bal,yahoo_fantasy_api
2024,11,,13,api,Malle ❤️ 🐸,Ginger FC 🏆🏆,2024-W11-02,2,113.24,106.84,Vikings,DEF,DEF,True,False,False,,11.0,,Vikings,DEF,,449.p.100016,100016,Min,yahoo_fantasy_api
2024,11,,14,api,Malle ❤️ 🐸,Ginger FC 🏆🏆,2024-W11-02,2,113.24,106.84,Chargers,DEF,BN,False,True,False,,3.0,,Chargers,DEF,,449.p.100024,100024,LAC,yahoo_fantasy_api
2024,11,,1,api,Patty Primetimes,Buttermilk Puuump,2024-W11-06,6,81.64,145.68,Jayden Daniels,QB,QB,True,False,False,,16.44,,Jayden Daniels,QB,,449.p.40896,40896,Was,yahoo_fantasy_api
2024,11,,2,api,Patty Primetimes,Buttermilk Puuump,2024-W11-06,6,81.64,145.68,CeeDee Lamb,WR,WR,True,False,False,,14.6,,CeeDee Lamb,WR,,449.p.32687,32687,Dal,yahoo_fantasy_api
2024,11,,3,api,Patty Primetimes,Buttermilk Puuump,2024-W11-06,6,81.64,145.68,Cooper Kupp,WR,WR,True,False,False,,25.6,,Cooper Kupp,WR,,449.p.30182,30182,Sea,yahoo_fantasy_api
2024,11,,4,api,Patty Primetimes,Buttermilk Puuump,2024-W11-06,6,81.64,145.68,Aaron Jones Sr.,RB,RB,True,False,False,,4.8,,Aaron Jones Sr.,RB,,449.p.30295,30295,Min,yahoo_fantasy_api
2024,11,,5,api,Patty Primetimes,Buttermilk Puuump,2024-W11-06,6,81.64,145.68,Tony Pollard,RB,RB,True,False,False,,3.9,,Tony Pollard,RB,,449.p.31960,31960,Ten,yahoo_fantasy_api
2024,11,,6,api,Patty Primetimes,Buttermilk Puuump,2024-W11-06,6,81.64,145.68,Travis Kelce,TE,TE,True,False,False,,1.8,,Travis Kelce,TE,,449.p.26686,26686,KC,yahoo_fantasy_api
2024,11,,7,api,Patty Primetimes,Buttermilk Puuump,2024-W11-06,6,81.64,145.68,Terry McLaurin,WR,W/R/T,True,False,False,,1.5,,Terry McLaurin,WR,,449.p.31908,31908,Was,yahoo_fantasy_api
2024,11,,8,api,Patty Primetimes,Buttermilk Puuump,2024-W11-06,6,81.64,145.68,Tyrone Tracy Jr.,RB,BN,False,True,False,,0.0,,Tyrone Tracy Jr.,RB,,449.p.41048,41048,NYG,yahoo_fantasy_api
2024,11,,9,api,Patty Primetimes,Buttermilk Puuump,2024-W11-06,6,81.64,145.68,Tank Bigsby,RB,BN,False,True,False,,0.0,,Tank Bigsby,RB,,449.p.40095,40095,Phi,yahoo_fantasy_api
2024,11,,10,api,Patty Primetimes,Buttermilk Puuump,2024-W11-06,6,81.64,145.68,Xavier Worthy,WR,BN,False,True,False,,14.8,,Xavier Worthy,WR,,449.p.40877,40877,KC,yahoo_fantasy_api
2024,11,,11,api,Patty Primetimes,Buttermilk Puuump,2024-W11-06,6,81.64,145.68,Ladd McConkey,WR,BN,False,True,False,,15.3,,Ladd McConkey,WR,,449.p.40908,40908,LAC,yahoo_fantasy_api
2024,11,,12,api,Patty Primetimes,Buttermilk Puuump,2024-W11-06,6,81.64,145.68,Anthony Richardson Sr.,QB,BN,False,True,False,,30.08,,Anthony Richardson Sr.,QB,,449.p.40040,40040,Ind,yahoo_fantasy_api
2024,11,,13,api,Patty Primetimes,Buttermilk Puuump,2024-W11-06,6,81.64,145.68,Jameis Winston,QB,BN,False,True,False,,30.6,,Jameis Winston,QB,,449.p.28389,28389,NYG,yahoo_fantasy_api
2024,11,,14,api,Patty Primetimes,Buttermilk Puuump,2024-W11-06,6,81.64,145.68,Evan McPherson,K,K,True,False,False,,9.0,,Evan McPherson,K,,449.p.33537,33537,Cin,yahoo_fantasy_api
2024,11,,15,api,Patty Primetimes,Buttermilk Puuump,2024-W11-06,6,81.64,145.68,Bears,DEF,DEF,True,False,False,,4.0,,Bears,DEF,,449.p.100003,100003,Chi,yahoo_fantasy_api
2024,11,,1,api,Pop Lockett Drop it,ThreatLevelMidnight,2024-W11-04,4,83.08,111.28,C.J. Stroud,QB,QB,True,False,False,,11.88,,C.J. Stroud,QB,,449.p.40030,40030,Hou,yahoo_fantasy_api
2024,11,,2,api,Pop Lockett Drop it,ThreatLevelMidnight,2024-W11-04,4,83.08,111.28,DeVonta Smith,WR,WR,True,False,False,,4.9,,DeVonta Smith,WR,,449.p.33398,33398,Phi,yahoo_fantasy_api
2024,11,,3,api,Pop Lockett Drop it,ThreatLevelMidnight,2024-W11-04,4,83.08,111.28,Jayden Reed,WR,WR,True,False,False,,8.8,,Jayden Reed,WR,,449.p.40063,40063,GB,yahoo_fantasy_api
2024,11,,4,api,Pop Lockett Drop it,ThreatLevelMidnight,2024-W11-04,4,83.08,111.28,Bijan Robinson,RB,RB,True,False,False,,8.3,,Bijan Robinson,RB,,449.p.40055,40055,Atl,yahoo_fantasy_api
2024,11,,5,api,Pop Lockett Drop it,ThreatLevelMidnight,2024-W11-04,4,83.08,111.28,David Montgomery,RB,RB,True,False,False,,23.0,,David Montgomery,RB,,449.p.31905,31905,Hou,yahoo_fantasy_api
2024,11,,6,api,Pop Lockett Drop it,ThreatLevelMidnight,2024-W11-04,4,83.08,111.28,Dalton Schultz,TE,TE,True,False,False,,5.8,,Dalton Schultz,TE,,449.p.31107,31107,Hou,yahoo_fantasy_api
2024,11,,7,api,Pop Lockett Drop it,ThreatLevelMidnight,2024-W11-04,4,83.08,111.28,Rico Dowdle,RB,W/R/T,True,False,False,,4.4,,Rico Dowdle,RB,,449.p.33100,33100,Pit,yahoo_fantasy_api
2024,11,,8,api,Pop Lockett Drop it,ThreatLevelMidnight,2024-W11-04,4,83.08,111.28,Jameson Williams,WR,BN,False,True,False,,20.6,,Jameson Williams,WR,,449.p.33967,33967,Det,yahoo_fantasy_api
2024,11,,9,api,Pop Lockett Drop it,ThreatLevelMidnight,2024-W11-04,4,83.08,111.28,Trey McBride,TE,BN,False,True,False,,0.0,,Trey McBride,TE,,449.p.34010,34010,Ari,yahoo_fantasy_api
2024,11,,10,api,Pop Lockett Drop it,ThreatLevelMidnight,2024-W11-04,4,83.08,111.28,Rome Odunze,WR,BN,False,True,False,,9.5,,Rome Odunze,WR,,449.p.40901,40901,Chi,yahoo_fantasy_api
2024,11,,11,api,Pop Lockett Drop it,ThreatLevelMidnight,2024-W11-04,4,83.08,111.28,Mike Evans,WR,BN,False,True,False,,0.0,,Mike Evans,WR,,449.p.27535,27535,SF,yahoo_fantasy_api
2024,11,,12,api,Pop Lockett Drop it,ThreatLevelMidnight,2024-W11-04,4,83.08,111.28,Zack Moss,RB,BN,False,True,False,,0.0,,Zack Moss,RB,,449.p.32756,32756,Cin,yahoo_fantasy_api
2024,11,,13,api,Pop Lockett Drop it,ThreatLevelMidnight,2024-W11-04,4,83.08,111.28,Elijah Moore,WR,BN,False,True,False,,15.6,,Elijah Moore,WR,,449.p.33422,33422,Phi,yahoo_fantasy_api
2024,11,,14,api,Pop Lockett Drop it,ThreatLevelMidnight,2024-W11-04,4,83.08,111.28,Ka'imi Fairbairn,K,K,True,False,False,,10.0,,Ka'imi Fairbairn,K,,449.p.29792,29792,Hou,yahoo_fantasy_api
2024,11,,15,api,Pop Lockett Drop it,ThreatLevelMidnight,2024-W11-04,4,83.08,111.28,Dolphins,DEF,DEF,True,False,False,,6.0,,Dolphins,DEF,,449.p.100015,100015,Mia,yahoo_fantasy_api
2024,11,,1,api,Post Mahomes,Voldemort,2024-W11-03,3,122.68,110.78,Lamar Jackson,QB,QB,True,False,False,,17.88,,Lamar Jackson,QB,,449.p.31002,31002,Bal,yahoo_fantasy_api
2024,11,,2,api,Post Mahomes,Voldemort,2024-W11-03,3,122.68,110.78,Deebo Samuel Sr.,WR,WR,True,False,False,,4.1,,Deebo Samuel Sr.,WR,,449.p.31868,31868,SF,yahoo_fantasy_api
2024,11,,3,api,Post Mahomes,Voldemort,2024-W11-03,3,122.68,110.78,Cedric Tillman,WR,WR,True,False,False,,6.2,,Cedric Tillman,WR,,449.p.40093,40093,NO,yahoo_fantasy_api
2024,11,,4,api,Post Mahomes,Voldemort,2024-W11-03,3,122.68,110.78,Jahmyr Gibbs,RB,RB,True,False,False,,18.8,,Jahmyr Gibbs,RB,,449.p.40059,40059,Det,yahoo_fantasy_api
2024,11,,5,api,Post Mahomes,Voldemort,2024-W11-03,3,122.68,110.78,Kyren Williams,RB,RB,True,False,False,,8.6,,Kyren Williams,RB,,449.p.34120,34120,LAR,yahoo_fantasy_api
2024,11,,6,api,Post Mahomes,Voldemort,2024-W11-03,3,122.68,110.78,Brock Bowers,TE,TE,True,False,False,,24.8,,Brock Bowers,TE,,449.p.40878,40878,LV,yahoo_fantasy_api
2024,11,,7,api,Post Mahomes,Voldemort,2024-W11-03,3,122.68,110.78,Tee Higgins,WR,W/R/T,True,False,False,,25.3,,Tee Higgins,WR,,449.p.32703,32703,Cin,yahoo_fantasy_api
2024,11,,8,api,Post Mahomes,Voldemort,2024-W11-03,3,122.68,110.78,Darnell Mooney,WR,BN,False,True,False,,3.7,,Darnell Mooney,WR,,449.p.32843,32843,NYG,yahoo_fantasy_api
2024,11,,9,api,Post Mahomes,Voldemort,2024-W11-03,3,122.68,110.78,T.J. Hockenson,TE,BN,False,True,False,,2.3,,T.J. Hockenson,TE,,449.p.31840,31840,Min,yahoo_fantasy_api
2024,11,,10,api,Post Mahomes,Voldemort,2024-W11-03,3,122.68,110.78,Amari Cooper,WR,BN,False,True,False,,6.5,,Amari Cooper,WR,,449.p.28392,28392,Buf,yahoo_fantasy_api
2024,11,,11,api,Post Mahomes,Voldemort,2024-W11-03,3,122.68,110.78,Michael Pittman Jr.,WR,BN,False,True,False,,7.1,,Michael Pittman Jr.,WR,,449.p.32704,32704,Pit,yahoo_fantasy_api
2024,11,,12,api,Post Mahomes,Voldemort,2024-W11-03,3,122.68,110.78,Isiah Pacheco,RB,IR,False,False,True,,0.0,,Isiah Pacheco,RB,,449.p.34207,34207,Det,yahoo_fantasy_api
2024,11,,13,api,Post Mahomes,Voldemort,2024-W11-03,3,122.68,110.78,Jason Sanders,K,K,True,False,False,,11.0,,Jason Sanders,K,,449.p.31199,31199,NYJ,yahoo_fantasy_api
2024,11,,14,api,Post Mahomes,Voldemort,2024-W11-03,3,122.68,110.78,Austin Seibert,K,BN,False,True,False,,0.0,,Austin Seibert,K,,449.p.32002,32002,Was,yahoo_fantasy_api
2024,11,,15,api,Post Mahomes,Voldemort,2024-W11-03,3,122.68,110.78,Packers,DEF,DEF,True,False,False,,6.0,,Packers,DEF,,449.p.100009,100009,GB,yahoo_fantasy_api
2024,11,,16,api,Post Mahomes,Voldemort,2024-W11-03,3,122.68,110.78,Chiefs,DEF,BN,False,True,False,,1.0,,Chiefs,DEF,,449.p.100012,100012,KC,yahoo_fantasy_api
2024,11,,1,api,The Big Gronkowski,Joe Mantegna,2024-W11-01,1,105.24,90.86,Joe Burrow,QB,QB,True,False,False,,35.04,,Joe Burrow,QB,,449.p.32671,32671,Cin,yahoo_fantasy_api
2024,11,,2,api,The Big Gronkowski,Joe Mantegna,2024-W11-01,1,105.24,90.86,Justin Jefferson,WR,WR,True,False,False,,11.1,,Justin Jefferson,WR,,449.p.32692,32692,Min,yahoo_fantasy_api
2024,11,,3,api,The Big Gronkowski,Joe Mantegna,2024-W11-01,1,105.24,90.86,DJ Moore,WR,WR,True,False,False,,10.2,,DJ Moore,WR,,449.p.30994,30994,Buf,yahoo_fantasy_api
2024,11,,4,api,The Big Gronkowski,Joe Mantegna,2024-W11-01,1,105.24,90.86,Alvin Kamara,RB,RB,True,False,False,,10.9,,Alvin Kamara,RB,,449.p.30180,30180,NO,yahoo_fantasy_api
2024,11,,5,api,The Big Gronkowski,Joe Mantegna,2024-W11-01,1,105.24,90.86,Braelon Allen,RB,RB,True,False,False,,0.6,,Braelon Allen,RB,,449.p.40981,40981,NYJ,yahoo_fantasy_api
2024,11,,6,api,The Big Gronkowski,Joe Mantegna,2024-W11-01,1,105.24,90.86,Jake Ferguson,TE,TE,True,False,False,,1.6,,Jake Ferguson,TE,,449.p.34085,34085,Dal,yahoo_fantasy_api
2024,11,,7,api,The Big Gronkowski,Joe Mantegna,2024-W11-01,1,105.24,90.86,Jaxon Smith-Njigba,WR,W/R/T,True,False,False,,16.8,,Jaxon Smith-Njigba,WR,,449.p.40041,40041,Sea,yahoo_fantasy_api
2024,11,,8,api,The Big Gronkowski,Joe Mantegna,2024-W11-01,1,105.24,90.86,Javonte Williams,RB,BN,False,True,False,,16.7,,Javonte Williams,RB,,449.p.33423,33423,Dal,yahoo_fantasy_api
2024,11,,9,api,The Big Gronkowski,Joe Mantegna,2024-W11-01,1,105.24,90.86,Chris Olave,WR,BN,False,True,False,,0.0,,Chris Olave,WR,,449.p.33966,33966,NO,yahoo_fantasy_api
2024,11,,10,api,The Big Gronkowski,Joe Mantegna,2024-W11-01,1,105.24,90.86,Christian Watson,WR,BN,False,True,False,,17.0,,Christian Watson,WR,,449.p.33989,33989,GB,yahoo_fantasy_api
2024,11,,11,api,The Big Gronkowski,Joe Mantegna,2024-W11-01,1,105.24,90.86,Isaiah Likely,TE,BN,False,True,False,,7.5,,Isaiah Likely,TE,,449.p.34095,34095,NYG,yahoo_fantasy_api
2024,11,,12,api,The Big Gronkowski,Joe Mantegna,2024-W11-01,1,105.24,90.86,Matthew Stafford,QB,BN,False,True,False,,35.8,,Matthew Stafford,QB,,449.p.9265,9265,LAR,yahoo_fantasy_api
2024,11,,13,api,The Big Gronkowski,Joe Mantegna,2024-W11-01,1,105.24,90.86,Brandon Aubrey,K,K,True,False,False,,6.0,,Brandon Aubrey,K,,449.p.40819,40819,Dal,yahoo_fantasy_api
2024,11,,14,api,The Big Gronkowski,Joe Mantegna,2024-W11-01,1,105.24,90.86,Broncos,DEF,DEF,True,False,False,,13.0,,Broncos,DEF,,449.p.100007,100007,Den,yahoo_fantasy_api
2024,11,,15,api,The Big Gronkowski,Joe Mantegna,2024-W11-01,1,105.24,90.86,Bills,DEF,BN,False,True,False,,6.0,,Bills,DEF,,449.p.100002,100002,Buf,yahoo_fantasy_api
2024,11,,1,api,ThreatLevelMidnight,Pop Lockett Drop it,2024-W11-04,4,111.28,83.08,Justin Herbert,QB,QB,True,False,False,,28.38,,Justin Herbert,QB,,449.p.32676,32676,LAC,yahoo_fantasy_api
2024,11,,2,api,ThreatLevelMidnight,Pop Lockett Drop it,2024-W11-04,4,111.28,83.08,Ja'Marr Chase,WR,WR,True,False,False,,23.0,,Ja'Marr Chase,WR,,449.p.33393,33393,Cin,yahoo_fantasy_api
2024,11,,3,api,ThreatLevelMidnight,Pop Lockett Drop it,2024-W11-04,4,111.28,83.08,DK Metcalf,WR,WR,True,False,False,,10.5,,DK Metcalf,WR,,449.p.31896,31896,Pit,yahoo_fantasy_api
2024,11,,4,api,ThreatLevelMidnight,Pop Lockett Drop it,2024-W11-04,4,111.28,83.08,Josh Jacobs,RB,RB,True,False,False,,21.4,,Josh Jacobs,RB,,449.p.31856,31856,GB,yahoo_fantasy_api
2024,11,,5,api,ThreatLevelMidnight,Pop Lockett Drop it,2024-W11-04,4,111.28,83.08,Audric Estime,RB,RB,True,False,False,,4.0,,Audric Estime,RB,,449.p.41019,41019,NO,yahoo_fantasy_api
2024,11,,6,api,ThreatLevelMidnight,Pop Lockett Drop it,2024-W11-04,4,111.28,83.08,Tucker Kraft,TE,TE,True,False,False,,0.0,,Tucker Kraft,TE,,449.p.40102,40102,GB,yahoo_fantasy_api
2024,11,,7,api,ThreatLevelMidnight,Pop Lockett Drop it,2024-W11-04,4,111.28,83.08,Ricky Pearsall,WR,W/R/T,True,False,False,,0.0,,Ricky Pearsall,WR,,449.p.40892,40892,SF,yahoo_fantasy_api
2024,11,,8,api,ThreatLevelMidnight,Pop Lockett Drop it,2024-W11-04,4,111.28,83.08,Baker Mayfield,QB,BN,False,True,False,,0.0,,Baker Mayfield,QB,,449.p.30971,30971,TB,yahoo_fantasy_api
2024,11,,9,api,ThreatLevelMidnight,Pop Lockett Drop it,2024-W11-04,4,111.28,83.08,Keon Coleman,WR,BN,False,True,False,,0.0,,Keon Coleman,WR,,449.p.40911,40911,Buf,yahoo_fantasy_api
2024,11,,10,api,ThreatLevelMidnight,Pop Lockett Drop it,2024-W11-04,4,111.28,83.08,James Conner,RB,BN,False,True,False,,0.0,,James Conner,RB,,449.p.30218,30218,Ari,yahoo_fantasy_api
2024,11,,11,api,ThreatLevelMidnight,Pop Lockett Drop it,2024-W11-04,4,111.28,83.08,Kyler Murray,QB,BN,False,True,False,,0.0,,Kyler Murray,QB,,449.p.31833,31833,Min,yahoo_fantasy_api
2024,11,,12,api,ThreatLevelMidnight,Pop Lockett Drop it,2024-W11-04,4,111.28,83.08,Trey Benson,RB,BN,False,True,False,,0.0,,Trey Benson,RB,,449.p.40958,40958,Ari,yahoo_fantasy_api
2024,11,,13,api,ThreatLevelMidnight,Pop Lockett Drop it,2024-W11-04,4,111.28,83.08,Cam Akers,RB,BN,False,True,False,,10.6,,Cam Akers,RB,,449.p.32722,32722,Sea,yahoo_fantasy_api
2024,11,,14,api,ThreatLevelMidnight,Pop Lockett Drop it,2024-W11-04,4,111.28,83.08,Chris Godwin Jr.,WR,IR,False,False,True,,0.0,,Chris Godwin Jr.,WR,,449.p.30197,30197,TB,yahoo_fantasy_api
2024,11,,15,api,ThreatLevelMidnight,Pop Lockett Drop it,2024-W11-04,4,111.28,83.08,Jake Moody,K,K,True,False,False,,5.0,,Jake Moody,K,,449.p.40129,40129,Bal,yahoo_fantasy_api
2024,11,,16,api,ThreatLevelMidnight,Pop Lockett Drop it,2024-W11-04,4,111.28,83.08,Texans,DEF,DEF,True,False,False,,19.0,,Texans,DEF,,449.p.100034,100034,Hou,yahoo_fantasy_api
2024,11,,1,api,Uncle Rico,malle_dips_pouches,2024-W11-05,5,88.84,125.94,Patrick Mahomes,QB,QB,True,False,False,,23.84,,Patrick Mahomes,QB,,449.p.30123,30123,KC,yahoo_fantasy_api
2024,11,,2,api,Uncle Rico,malle_dips_pouches,2024-W11-05,5,88.84,125.94,Zay Flowers,WR,WR,True,False,False,,10.9,,Zay Flowers,WR,,449.p.40039,40039,Bal,yahoo_fantasy_api
2024,11,,3,api,Uncle Rico,malle_dips_pouches,2024-W11-05,5,88.84,125.94,Davante Adams,WR,WR,True,False,False,,10.2,,Davante Adams,WR,,449.p.27581,27581,LAR,yahoo_fantasy_api
2024,11,,4,api,Uncle Rico,malle_dips_pouches,2024-W11-05,5,88.84,125.94,Derrick Henry,RB,RB,True,False,False,,10.5,,Derrick Henry,RB,,449.p.29279,29279,Bal,yahoo_fantasy_api
2024,11,,5,api,Uncle Rico,malle_dips_pouches,2024-W11-05,5,88.84,125.94,D'Andre Swift,RB,RB,True,False,False,,15.4,,D'Andre Swift,RB,,449.p.32705,32705,Chi,yahoo_fantasy_api
2024,11,,6,api,Uncle Rico,malle_dips_pouches,2024-W11-05,5,88.84,125.94,Mark Andrews,TE,TE,True,False,False,,3.2,,Mark Andrews,TE,,449.p.31056,31056,Bal,yahoo_fantasy_api
2024,11,,7,api,Uncle Rico,malle_dips_pouches,2024-W11-05,5,88.84,125.94,Tank Dell,WR,W/R/T,True,False,False,,7.8,,Tank Dell,WR,,449.p.40097,40097,Hou,yahoo_fantasy_api
2024,11,,8,api,Uncle Rico,malle_dips_pouches,2024-W11-05,5,88.84,125.94,Austin Ekeler,RB,BN,False,True,False,,13.6,,Austin Ekeler,RB,,449.p.30423,30423,Was,yahoo_fantasy_api
2024,11,,9,api,Uncle Rico,malle_dips_pouches,2024-W11-05,5,88.84,125.94,Geno Smith,QB,BN,False,True,False,,16.74,,Geno Smith,QB,,449.p.26662,26662,NYJ,yahoo_fantasy_api
2024,11,,10,api,Uncle Rico,malle_dips_pouches,2024-W11-05,5,88.84,125.94,Jauan Jennings,WR,BN,False,True,False,,20.1,,Jauan Jennings,WR,,449.p.32887,32887,Min,yahoo_fantasy_api
2024,11,,11,api,Uncle Rico,malle_dips_pouches,2024-W11-05,5,88.84,125.94,Zach Charbonnet,RB,BN,False,True,False,,1.5,,Zach Charbonnet,RB,,449.p.40075,40075,Sea,yahoo_fantasy_api
2024,11,,12,api,Uncle Rico,malle_dips_pouches,2024-W11-05,5,88.84,125.94,Romeo Doubs,WR,BN,False,True,False,,2.2,,Romeo Doubs,WR,,449.p.34088,34088,NE,yahoo_fantasy_api
2024,11,,13,api,Uncle Rico,malle_dips_pouches,2024-W11-05,5,88.84,125.94,Jonathon Brooks,RB,BN,False,True,False,,0.0,,Jonathon Brooks,RB,,449.p.40926,40926,Car,yahoo_fantasy_api
2024,11,,14,api,Uncle Rico,malle_dips_pouches,2024-W11-05,5,88.84,125.94,Tyler Bass,K,K,True,False,False,,6.0,,Tyler Bass,K,,449.p.32858,32858,Buf,yahoo_fantasy_api
2024,11,,15,api,Uncle Rico,malle_dips_pouches,2024-W11-05,5,88.84,125.94,Browns,DEF,DEF,True,False,False,,1.0,,Browns,DEF,,449.p.100005,100005,Cle,yahoo_fantasy_api
2024,11,,1,api,Voldemort,Post Mahomes,2024-W11-03,3,110.78,122.68,Josh Allen,QB,QB,True,False,False,,26.98,,Josh Allen,QB,,449.p.30977,30977,Buf,yahoo_fantasy_api
2024,11,,2,api,Voldemort,Post Mahomes,2024-W11-03,3,110.78,122.68,Puka Nacua,WR,WR,True,False,False,,21.8,,Puka Nacua,WR,,449.p.40168,40168,LAR,yahoo_fantasy_api
2024,11,,3,api,Voldemort,Post Mahomes,2024-W11-03,3,110.78,122.68,Calvin Ridley,WR,WR,True,False,False,,7.8,,Calvin Ridley,WR,,449.p.30996,30996,Ten,yahoo_fantasy_api
2024,11,,4,api,Voldemort,Post Mahomes,2024-W11-03,3,110.78,122.68,Jonathan Taylor,RB,RB,True,False,False,,6.5,,Jonathan Taylor,RB,,449.p.32711,32711,Ind,yahoo_fantasy_api
2024,11,,5,api,Voldemort,Post Mahomes,2024-W11-03,3,110.78,122.68,Kenneth Walker III,RB,RB,True,False,False,,12.9,,Kenneth Walker III,RB,,449.p.33996,33996,KC,yahoo_fantasy_api
2024,11,,6,api,Voldemort,Post Mahomes,2024-W11-03,3,110.78,122.68,Dawson Knox,TE,TE,True,False,False,,6.0,,Dawson Knox,TE,,449.p.31928,31928,Buf,yahoo_fantasy_api
2024,11,,7,api,Voldemort,Post Mahomes,2024-W11-03,3,110.78,122.68,Chase Brown,RB,W/R/T,True,False,False,,16.8,,Chase Brown,RB,,449.p.40196,40196,Cin,yahoo_fantasy_api
2024,11,,8,api,Voldemort,Post Mahomes,2024-W11-03,3,110.78,122.68,DeAndre Hopkins,WR,BN,False,True,False,,4.4,,DeAndre Hopkins,WR,,449.p.26650,26650,Bal,yahoo_fantasy_api
2024,11,,9,api,Voldemort,Post Mahomes,2024-W11-03,3,110.78,122.68,J.K. Dobbins,RB,BN,False,True,False,,18.4,,J.K. Dobbins,RB,,449.p.32725,32725,Den,yahoo_fantasy_api
2024,11,,10,api,Voldemort,Post Mahomes,2024-W11-03,3,110.78,122.68,Chuba Hubbard,RB,BN,False,True,False,,0.0,,Chuba Hubbard,RB,,449.p.33514,33514,Car,yahoo_fantasy_api
2024,11,,11,api,Voldemort,Post Mahomes,2024-W11-03,3,110.78,122.68,Khalil Shakir,WR,BN,False,True,False,,11.0,,Khalil Shakir,WR,,449.p.34104,34104,Buf,yahoo_fantasy_api
2024,11,,12,api,Voldemort,Post Mahomes,2024-W11-03,3,110.78,122.68,Travis Etienne Jr.,RB,BN,False,True,False,,4.8,,Travis Etienne Jr.,RB,,449.p.33413,33413,NO,yahoo_fantasy_api
2024,11,,13,api,Voldemort,Post Mahomes,2024-W11-03,3,110.78,122.68,Diontae Johnson,WR,BN,False,True,False,,0.0,,Diontae Johnson,WR,,449.p.31898,31898,Cle,yahoo_fantasy_api
2024,11,,14,api,Voldemort,Post Mahomes,2024-W11-03,3,110.78,122.68,Dalton Kincaid,TE,IR,False,False,True,,0.0,,Dalton Kincaid,TE,,449.p.40048,40048,Buf,yahoo_fantasy_api
2024,11,,15,api,Voldemort,Post Mahomes,2024-W11-03,3,110.78,122.68,Cairo Santos,K,K,True,False,False,,9.0,,Cairo Santos,K,,449.p.28227,28227,Chi,yahoo_fantasy_api
2024,11,,16,api,Voldemort,Post Mahomes,2024-W11-03,3,110.78,122.68,Jets,DEF,DEF,True,False,False,,3.0,,Jets,DEF,,449.p.100020,100020,NYJ,yahoo_fantasy_api
2024,11,,1,api,malle_dips_pouches,Uncle Rico,2024-W11-05,5,125.94,88.84,Sam Darnold,QB,QB,True,False,False,,27.64,,Sam Darnold,QB,,449.p.30973,30973,Sea,yahoo_fantasy_api
2024,11,,2,api,malle_dips_pouches,Uncle Rico,2024-W11-05,5,125.94,88.84,Drake London,WR,WR,True,False,False,,7.6,,Drake London,WR,,449.p.33963,33963,Atl,yahoo_fantasy_api
2024,11,,3,api,malle_dips_pouches,Uncle Rico,2024-W11-05,5,125.94,88.84,A.J. Brown,WR,WR,True,False,False,,9.0,,A.J. Brown,WR,,449.p.31883,31883,NE,yahoo_fantasy_api
2024,11,,4,api,malle_dips_pouches,Uncle Rico,2024-W11-05,5,125.94,88.84,Joe Mixon,RB,RB,True,False,False,,34.3,,Joe Mixon,RB,,449.p.30161,30161,Hou,yahoo_fantasy_api
2024,11,,5,api,malle_dips_pouches,Uncle Rico,2024-W11-05,5,125.94,88.84,Brian Robinson,RB,RB,True,False,False,,13.7,,Brian Robinson,RB,,449.p.34054,34054,Atl,yahoo_fantasy_api
2024,11,,6,api,malle_dips_pouches,Uncle Rico,2024-W11-05,5,125.94,88.84,Kyle Pitts Sr.,TE,TE,True,False,False,,1.4,,Kyle Pitts Sr.,TE,,449.p.33392,33392,Atl,yahoo_fantasy_api
2024,11,,7,api,malle_dips_pouches,Uncle Rico,2024-W11-05,5,125.94,88.84,Courtland Sutton,WR,W/R/T,True,False,False,,11.3,,Courtland Sutton,WR,,449.p.31010,31010,Den,yahoo_fantasy_api
2024,11,,8,api,malle_dips_pouches,Uncle Rico,2024-W11-05,5,125.94,88.84,Josh Downs,WR,BN,False,True,False,,16.9,,Josh Downs,WR,,449.p.40126,40126,Ind,yahoo_fantasy_api
2024,11,,9,api,malle_dips_pouches,Uncle Rico,2024-W11-05,5,125.94,88.84,Rhamondre Stevenson,RB,BN,False,True,False,,10.9,,Rhamondre Stevenson,RB,,449.p.33508,33508,NE,yahoo_fantasy_api
2024,11,,10,api,malle_dips_pouches,Uncle Rico,2024-W11-05,5,125.94,88.84,Caleb Williams,QB,BN,False,True,False,,16.24,,Caleb Williams,QB,,449.p.40900,40900,Chi,yahoo_fantasy_api
2024,11,,11,api,malle_dips_pouches,Uncle Rico,2024-W11-05,5,125.94,88.84,Jaylen Waddle,WR,BN,False,True,False,,4.7,,Jaylen Waddle,WR,,449.p.33394,33394,Den,yahoo_fantasy_api
2024,11,,12,api,malle_dips_pouches,Uncle Rico,2024-W11-05,5,125.94,88.84,Antonio Gibson,RB,BN,False,True,False,,2.5,,Antonio Gibson,RB,,449.p.32736,32736,NE,yahoo_fantasy_api
2024,11,,13,api,malle_dips_pouches,Uncle Rico,2024-W11-05,5,125.94,88.84,Pat Freiermuth,TE,BN,False,True,False,,2.4,,Pat Freiermuth,TE,,449.p.33443,33443,Pit,yahoo_fantasy_api
2024,11,,14,api,malle_dips_pouches,Uncle Rico,2024-W11-05,5,125.94,88.84,Cameron Dicker,K,K,True,False,False,,12.0,,Cameron Dicker,K,,449.p.34344,34344,LAC,yahoo_fantasy_api
2024,11,,15,api,malle_dips_pouches,Uncle Rico,2024-W11-05,5,125.94,88.84,Steelers,DEF,DEF,True,False,False,,9.0,,Steelers,DEF,,449.p.100023,100023,Pit,yahoo_fantasy_api
2024,12,,1,api,Buttermilk Puuump,Malle ❤️ 🐸,2024-W12-02,2,90.46,115.96,Jared Goff,QB,QB,True,False,False,,10.76,,Jared Goff,QB,,449.p.29235,29235,Det,yahoo_fantasy_api
2024,12,,2,api,Buttermilk Puuump,Malle ❤️ 🐸,2024-W12-02,2,90.46,115.96,Amon-Ra St. Brown,WR,WR,True,False,False,,9.2,,Amon-Ra St. Brown,WR,,449.p.33500,33500,Det,yahoo_fantasy_api
2024,12,,3,api,Buttermilk Puuump,Malle ❤️ 🐸,2024-W12-02,2,90.46,115.96,Tyreek Hill,WR,WR,True,False,False,,7.3,,Tyreek Hill,WR,,449.p.29399,29399,Mia,yahoo_fantasy_api
2024,12,,4,api,Buttermilk Puuump,Malle ❤️ 🐸,2024-W12-02,2,90.46,115.96,Najee Harris,RB,RB,True,False,False,,6.4,,Najee Harris,RB,,449.p.33412,33412,NYG,yahoo_fantasy_api
2024,12,,5,api,Buttermilk Puuump,Malle ❤️ 🐸,2024-W12-02,2,90.46,115.96,Rachaad White,RB,RB,True,False,False,,11.2,,Rachaad White,RB,,449.p.34047,34047,Was,yahoo_fantasy_api
2024,12,,6,api,Buttermilk Puuump,Malle ❤️ 🐸,2024-W12-02,2,90.46,115.96,David Njoku,TE,TE,True,False,False,,3.4,,David Njoku,TE,,449.p.30142,30142,LAC,yahoo_fantasy_api
2024,12,,7,api,Buttermilk Puuump,Malle ❤️ 🐸,2024-W12-02,2,90.46,115.96,Jordan Addison,WR,W/R/T,True,False,False,,26.2,,Jordan Addison,WR,,449.p.40042,40042,Min,yahoo_fantasy_api
2024,12,,8,api,Buttermilk Puuump,Malle ❤️ 🐸,2024-W12-02,2,90.46,115.96,Tyjae Spears,RB,BN,False,True,False,,0.0,,Tyjae Spears,RB,,449.p.40119,40119,Ten,yahoo_fantasy_api
2024,12,,9,api,Buttermilk Puuump,Malle ❤️ 🐸,2024-W12-02,2,90.46,115.96,Raheem Mostert,RB,BN,False,True,False,,0.7,,Raheem Mostert,RB,,449.p.28654,28654,LV,yahoo_fantasy_api
2024,12,,10,api,Buttermilk Puuump,Malle ❤️ 🐸,2024-W12-02,2,90.46,115.96,Mike Gesicki,TE,BN,False,True,False,,0.0,,Mike Gesicki,TE,,449.p.31012,31012,Cin,yahoo_fantasy_api
2024,12,,11,api,Buttermilk Puuump,Malle ❤️ 🐸,2024-W12-02,2,90.46,115.96,Jerry Jeudy,WR,BN,False,True,False,,11.5,,Jerry Jeudy,WR,,449.p.32685,32685,Cle,yahoo_fantasy_api
2024,12,,12,api,Buttermilk Puuump,Malle ❤️ 🐸,2024-W12-02,2,90.46,115.96,Keenan Allen,WR,BN,False,True,False,,19.1,,Keenan Allen,WR,,449.p.26699,26699,Ind,yahoo_fantasy_api
2024,12,,13,api,Buttermilk Puuump,Malle ❤️ 🐸,2024-W12-02,2,90.46,115.96,Aaron Rodgers,QB,BN,False,True,False,,0.0,,Aaron Rodgers,QB,,449.p.7200,7200,Pit,yahoo_fantasy_api
2024,12,,14,api,Buttermilk Puuump,Malle ❤️ 🐸,2024-W12-02,2,90.46,115.96,Jake Bates,K,K,True,False,False,,8.0,,Jake Bates,K,,449.p.40835,40835,Det,yahoo_fantasy_api
2024,12,,15,api,Buttermilk Puuump,Malle ❤️ 🐸,2024-W12-02,2,90.46,115.96,Eagles,DEF,DEF,True,False,False,,8.0,,Eagles,DEF,,449.p.100021,100021,Phi,yahoo_fantasy_api
2024,12,,1,api,Ginger FC 🏆🏆,Pop Lockett Drop it,2024-W12-05,5,90.32,102.78,Jordan Love,QB,QB,True,False,False,,18.72,,Jordan Love,QB,,449.p.32696,32696,GB,yahoo_fantasy_api
2024,12,,2,api,Ginger FC 🏆🏆,Pop Lockett Drop it,2024-W12-05,5,90.32,102.78,Quentin Johnston,WR,WR,True,False,False,,0.0,,Quentin Johnston,WR,,449.p.40051,40051,LAC,yahoo_fantasy_api
2024,12,,3,api,Ginger FC 🏆🏆,Pop Lockett Drop it,2024-W12-05,5,90.32,102.78,DeMario Douglas,WR,WR,True,False,False,,8.8,,DeMario Douglas,WR,,449.p.40222,40222,NE,yahoo_fantasy_api
2024,12,,4,api,Ginger FC 🏆🏆,Pop Lockett Drop it,2024-W12-05,5,90.32,102.78,De'Von Achane,RB,RB,True,False,False,,19.1,,De'Von Achane,RB,,449.p.40118,40118,Mia,yahoo_fantasy_api
2024,12,,5,api,Ginger FC 🏆🏆,Pop Lockett Drop it,2024-W12-05,5,90.32,102.78,Christian McCaffrey,RB,RB,True,False,False,,6.3,,Christian McCaffrey,RB,,449.p.30121,30121,SF,yahoo_fantasy_api
2024,12,,6,api,Ginger FC 🏆🏆,Pop Lockett Drop it,2024-W12-05,5,90.32,102.78,Dallas Goedert,TE,TE,True,False,False,,3.9,,Dallas Goedert,TE,,449.p.31019,31019,Phi,yahoo_fantasy_api
2024,12,,7,api,Ginger FC 🏆🏆,Pop Lockett Drop it,2024-W12-05,5,90.32,102.78,Nick Chubb,RB,W/R/T,True,False,False,,18.5,,Nick Chubb,RB,,449.p.31005,31005,Hou,yahoo_fantasy_api
2024,12,,8,api,Ginger FC 🏆🏆,Pop Lockett Drop it,2024-W12-05,5,90.32,102.78,Brian Thomas Jr.,WR,BN,False,True,False,,0.0,,Brian Thomas Jr.,WR,,449.p.40883,40883,Jax,yahoo_fantasy_api
2024,12,,9,api,Ginger FC 🏆🏆,Pop Lockett Drop it,2024-W12-05,5,90.32,102.78,Kareem Hunt,RB,BN,False,True,False,,10.2,,Kareem Hunt,RB,,449.p.30199,30199,KC,yahoo_fantasy_api
2024,12,,10,api,Ginger FC 🏆🏆,Pop Lockett Drop it,2024-W12-05,5,90.32,102.78,Kirk Cousins,QB,BN,False,True,False,,0.0,,Kirk Cousins,QB,,449.p.25812,25812,LV,yahoo_fantasy_api
2024,12,,11,api,Ginger FC 🏆🏆,Pop Lockett Drop it,2024-W12-05,5,90.32,102.78,Cade Otton,TE,BN,False,True,False,,3.5,,Cade Otton,TE,,449.p.34062,34062,TB,yahoo_fantasy_api
2024,12,,12,api,Ginger FC 🏆🏆,Pop Lockett Drop it,2024-W12-05,5,90.32,102.78,Alexander Mattison,RB,BN,False,True,False,,0.0,,Alexander Mattison,RB,,449.p.31934,31934,Mia,yahoo_fantasy_api
2024,12,,13,api,Ginger FC 🏆🏆,Pop Lockett Drop it,2024-W12-05,5,90.32,102.78,Stefon Diggs,WR,IR,False,False,True,,0.0,,Stefon Diggs,WR,,449.p.28534,28534,Was,yahoo_fantasy_api
2024,12,,14,api,Ginger FC 🏆🏆,Pop Lockett Drop it,2024-W12-05,5,90.32,102.78,Chris Boswell,K,K,True,False,False,,8.0,,Chris Boswell,K,,449.p.28188,28188,Pit,yahoo_fantasy_api
2024,12,,15,api,Ginger FC 🏆🏆,Pop Lockett Drop it,2024-W12-05,5,90.32,102.78,Lions,DEF,DEF,True,False,False,,7.0,,Lions,DEF,,449.p.100008,100008,Det,yahoo_fantasy_api
2024,12,,16,api,Ginger FC 🏆🏆,Pop Lockett Drop it,2024-W12-05,5,90.32,102.78,49ers,DEF,BN,False,True,False,,-2.0,,49ers,DEF,,449.p.100025,100025,SF,yahoo_fantasy_api
2024,12,,1,api,Joe Mantegna,Post Mahomes,2024-W12-04,4,110.78,97.28,Tua Tagovailoa,QB,QB,True,False,False,,36.48,,Tua Tagovailoa,QB,,449.p.32675,32675,Atl,yahoo_fantasy_api
2024,12,,2,api,Joe Mantegna,Post Mahomes,2024-W12-04,4,110.78,97.28,George Pickens,WR,WR,True,False,False,,6.8,,George Pickens,WR,,449.p.34007,34007,Dal,yahoo_fantasy_api
2024,12,,3,api,Joe Mantegna,Post Mahomes,2024-W12-04,4,110.78,97.28,Malik Nabers,WR,WR,True,False,False,,9.4,,Malik Nabers,WR,,449.p.40899,40899,NYG,yahoo_fantasy_api
2024,12,,4,api,Joe Mantegna,Post Mahomes,2024-W12-04,4,110.78,97.28,Jerome Ford,RB,RB,True,False,False,,3.2,,Jerome Ford,RB,,449.p.34112,34112,Min,yahoo_fantasy_api
2024,12,,5,api,Joe Mantegna,Post Mahomes,2024-W12-04,4,110.78,97.28,Bucky Irving,RB,RB,True,False,False,,24.2,,Bucky Irving,RB,,449.p.40993,40993,TB,yahoo_fantasy_api
2024,12,,6,api,Joe Mantegna,Post Mahomes,2024-W12-04,4,110.78,97.28,Dalton Schultz,TE,TE,True,False,False,,3.0,,Dalton Schultz,TE,,449.p.31107,31107,Hou,yahoo_fantasy_api
2024,12,,7,api,Joe Mantegna,Post Mahomes,2024-W12-04,4,110.78,97.28,Nico Collins,WR,W/R/T,True,False,False,,17.7,,Nico Collins,WR,,449.p.33477,33477,Hou,yahoo_fantasy_api
2024,12,,8,api,Joe Mantegna,Post Mahomes,2024-W12-04,4,110.78,97.28,Brock Purdy,QB,BN,False,True,False,,0.0,,Brock Purdy,QB,,449.p.34218,34218,SF,yahoo_fantasy_api
2024,12,,9,api,Joe Mantegna,Post Mahomes,2024-W12-04,4,110.78,97.28,Evan Engram,TE,BN,False,True,False,,0.0,,Evan Engram,TE,,449.p.30136,30136,Den,yahoo_fantasy_api
2024,12,,10,api,Joe Mantegna,Post Mahomes,2024-W12-04,4,110.78,97.28,James Cook III,RB,BN,False,True,False,,0.0,,James Cook III,RB,,449.p.34019,34019,Buf,yahoo_fantasy_api
2024,12,,11,api,Joe Mantegna,Post Mahomes,2024-W12-04,4,110.78,97.28,Garrett Wilson,WR,BN,False,True,False,,0.0,,Garrett Wilson,WR,,449.p.33965,33965,NYJ,yahoo_fantasy_api
2024,12,,12,api,Joe Mantegna,Post Mahomes,2024-W12-04,4,110.78,97.28,Jakobi Meyers,WR,BN,False,True,False,,17.1,,Jakobi Meyers,WR,,449.p.32231,32231,Jax,yahoo_fantasy_api
2024,12,,13,api,Joe Mantegna,Post Mahomes,2024-W12-04,4,110.78,97.28,Demarcus Robinson,WR,BN,False,True,False,,8.5,,Demarcus Robinson,WR,,449.p.29360,29360,SF,yahoo_fantasy_api
2024,12,,14,api,Joe Mantegna,Post Mahomes,2024-W12-04,4,110.78,97.28,Dak Prescott,QB,IR,False,False,True,,0.0,,Dak Prescott,QB,,449.p.29369,29369,Dal,yahoo_fantasy_api
2024,12,,15,api,Joe Mantegna,Post Mahomes,2024-W12-04,4,110.78,97.28,Jake Elliott,K,K,True,False,False,,13.0,,Jake Elliott,K,,449.p.30266,30266,Phi,yahoo_fantasy_api
2024,12,,16,api,Joe Mantegna,Post Mahomes,2024-W12-04,4,110.78,97.28,Rams,DEF,DEF,True,False,False,,-3.0,,Rams,DEF,,449.p.100014,100014,LAR,yahoo_fantasy_api
2024,12,,1,api,Malle ❤️ 🐸,Buttermilk Puuump,2024-W12-02,2,115.96,90.46,Jalen Hurts,QB,QB,True,False,False,,17.06,,Jalen Hurts,QB,,449.p.32723,32723,Phi,yahoo_fantasy_api
2024,12,,2,api,Malle ❤️ 🐸,Buttermilk Puuump,2024-W12-02,2,115.96,90.46,Tyler Lockett,WR,WR,True,False,False,,3.0,,Tyler Lockett,WR,,449.p.28457,28457,LV,yahoo_fantasy_api
2024,12,,3,api,Malle ❤️ 🐸,Buttermilk Puuump,2024-W12-02,2,115.96,90.46,Marvin Harrison Jr.,WR,WR,True,False,False,,6.2,,Marvin Harrison Jr.,WR,,449.p.40893,40893,Ari,yahoo_fantasy_api
2024,12,,4,api,Malle ❤️ 🐸,Buttermilk Puuump,2024-W12-02,2,115.96,90.46,Saquon Barkley,RB,RB,True,False,False,,44.2,,Saquon Barkley,RB,,449.p.30972,30972,Phi,yahoo_fantasy_api
2024,12,,5,api,Malle ❤️ 🐸,Buttermilk Puuump,2024-W12-02,2,115.96,90.46,Jaleel McLaughlin,RB,RB,True,False,False,,4.4,,Jaleel McLaughlin,RB,,449.p.40696,40696,Cle,yahoo_fantasy_api
2024,12,,6,api,Malle ❤️ 🐸,Buttermilk Puuump,2024-W12-02,2,115.96,90.46,Cole Kmet,TE,TE,True,False,False,,9.9,,Cole Kmet,TE,,449.p.32713,32713,Chi,yahoo_fantasy_api
2024,12,,7,api,Malle ❤️ 🐸,Buttermilk Puuump,2024-W12-02,2,115.96,90.46,George Kittle,TE,W/R/T,True,False,False,,17.2,,George Kittle,TE,,449.p.30259,30259,SF,yahoo_fantasy_api
2024,12,,8,api,Malle ❤️ 🐸,Buttermilk Puuump,2024-W12-02,2,115.96,90.46,Zamir White,RB,BN,False,True,False,,0.0,,Zamir White,RB,,449.p.34078,34078,NO,yahoo_fantasy_api
2024,12,,9,api,Malle ❤️ 🐸,Buttermilk Puuump,2024-W12-02,2,115.96,90.46,Breece Hall,RB,BN,False,True,False,,0.0,,Breece Hall,RB,,449.p.33991,33991,NYJ,yahoo_fantasy_api
2024,12,,10,api,Malle ❤️ 🐸,Buttermilk Puuump,2024-W12-02,2,115.96,90.46,Ray-Ray McCloud III,WR,BN,False,True,False,,0.0,,Ray-Ray McCloud III,WR,,449.p.31157,31157,Chi,yahoo_fantasy_api
2024,12,,11,api,Malle ❤️ 🐸,Buttermilk Puuump,2024-W12-02,2,115.96,90.46,Rashid Shaheed,WR,BN,False,True,False,,0.0,,Rashid Shaheed,WR,,449.p.34659,34659,Sea,yahoo_fantasy_api
2024,12,,12,api,Malle ❤️ 🐸,Buttermilk Puuump,2024-W12-02,2,115.96,90.46,Justin Tucker,K,K,True,False,False,,7.0,,Justin Tucker,K,,449.p.26534,26534,Bal,yahoo_fantasy_api
2024,12,,13,api,Malle ❤️ 🐸,Buttermilk Puuump,2024-W12-02,2,115.96,90.46,Vikings,DEF,DEF,True,False,False,,7.0,,Vikings,DEF,,449.p.100016,100016,Min,yahoo_fantasy_api
2024,12,,14,api,Malle ❤️ 🐸,Buttermilk Puuump,2024-W12-02,2,115.96,90.46,Chargers,DEF,BN,False,True,False,,0.0,,Chargers,DEF,,449.p.100024,100024,LAC,yahoo_fantasy_api
2024,12,,1,api,Patty Primetimes,Uncle Rico,2024-W12-06,6,127.5,106.76,Jayden Daniels,QB,QB,True,False,False,,36.4,,Jayden Daniels,QB,,449.p.40896,40896,Was,yahoo_fantasy_api
2024,12,,2,api,Patty Primetimes,Uncle Rico,2024-W12-06,6,127.5,106.76,CeeDee Lamb,WR,WR,True,False,False,,11.8,,CeeDee Lamb,WR,,449.p.32687,32687,Dal,yahoo_fantasy_api
2024,12,,3,api,Patty Primetimes,Uncle Rico,2024-W12-06,6,127.5,106.76,Cooper Kupp,WR,WR,True,False,False,,16.0,,Cooper Kupp,WR,,449.p.30182,30182,Sea,yahoo_fantasy_api
2024,12,,4,api,Patty Primetimes,Uncle Rico,2024-W12-06,6,127.5,106.76,Aaron Jones Sr.,RB,RB,True,False,False,,18.4,,Aaron Jones Sr.,RB,,449.p.30295,30295,Min,yahoo_fantasy_api
2024,12,,5,api,Patty Primetimes,Uncle Rico,2024-W12-06,6,127.5,106.76,Tyrone Tracy Jr.,RB,RB,True,False,False,,7.0,,Tyrone Tracy Jr.,RB,,449.p.41048,41048,NYG,yahoo_fantasy_api
2024,12,,6,api,Patty Primetimes,Uncle Rico,2024-W12-06,6,127.5,106.76,Travis Kelce,TE,TE,True,False,False,,9.2,,Travis Kelce,TE,,449.p.26686,26686,KC,yahoo_fantasy_api
2024,12,,7,api,Patty Primetimes,Uncle Rico,2024-W12-06,6,127.5,106.76,Terry McLaurin,WR,W/R/T,True,False,False,,18.7,,Terry McLaurin,WR,,449.p.31908,31908,Was,yahoo_fantasy_api
2024,12,,8,api,Patty Primetimes,Uncle Rico,2024-W12-06,6,127.5,106.76,Tony Pollard,RB,BN,False,True,False,,20.4,,Tony Pollard,RB,,449.p.31960,31960,Ten,yahoo_fantasy_api
2024,12,,9,api,Patty Primetimes,Uncle Rico,2024-W12-06,6,127.5,106.76,Tank Bigsby,RB,BN,False,True,False,,0.0,,Tank Bigsby,RB,,449.p.40095,40095,Phi,yahoo_fantasy_api
2024,12,,10,api,Patty Primetimes,Uncle Rico,2024-W12-06,6,127.5,106.76,Xavier Worthy,WR,BN,False,True,False,,7.1,,Xavier Worthy,WR,,449.p.40877,40877,KC,yahoo_fantasy_api
2024,12,,11,api,Patty Primetimes,Uncle Rico,2024-W12-06,6,127.5,106.76,Ladd McConkey,WR,BN,False,True,False,,11.3,,Ladd McConkey,WR,,449.p.40908,40908,LAC,yahoo_fantasy_api
2024,12,,12,api,Patty Primetimes,Uncle Rico,2024-W12-06,6,127.5,106.76,Anthony Richardson Sr.,QB,BN,False,True,False,,12.98,,Anthony Richardson Sr.,QB,,449.p.40040,40040,Ind,yahoo_fantasy_api
2024,12,,13,api,Patty Primetimes,Uncle Rico,2024-W12-06,6,127.5,106.76,Jameis Winston,QB,BN,False,True,False,,14.46,,Jameis Winston,QB,,449.p.28389,28389,NYG,yahoo_fantasy_api
2024,12,,14,api,Patty Primetimes,Uncle Rico,2024-W12-06,6,127.5,106.76,Chase McLaughlin,K,K,True,False,False,,6.0,,Chase McLaughlin,K,,449.p.32417,32417,TB,yahoo_fantasy_api
2024,12,,15,api,Patty Primetimes,Uncle Rico,2024-W12-06,6,127.5,106.76,Bears,DEF,DEF,True,False,False,,4.0,,Bears,DEF,,449.p.100003,100003,Chi,yahoo_fantasy_api
2024,12,,1,api,Pop Lockett Drop it,Ginger FC 🏆🏆,2024-W12-05,5,102.78,90.32,C.J. Stroud,QB,QB,True,False,False,,21.68,,C.J. Stroud,QB,,449.p.40030,40030,Hou,yahoo_fantasy_api
2024,12,,2,api,Pop Lockett Drop it,Ginger FC 🏆🏆,2024-W12-05,5,102.78,90.32,Jayden Reed,WR,WR,True,False,False,,4.1,,Jayden Reed,WR,,449.p.40063,40063,GB,yahoo_fantasy_api
2024,12,,3,api,Pop Lockett Drop it,Ginger FC 🏆🏆,2024-W12-05,5,102.78,90.32,Mike Evans,WR,WR,True,False,False,,9.3,,Mike Evans,WR,,449.p.27535,27535,SF,yahoo_fantasy_api
2024,12,,4,api,Pop Lockett Drop it,Ginger FC 🏆🏆,2024-W12-05,5,102.78,90.32,David Montgomery,RB,RB,True,False,False,,14.8,,David Montgomery,RB,,449.p.31905,31905,Hou,yahoo_fantasy_api
2024,12,,5,api,Pop Lockett Drop it,Ginger FC 🏆🏆,2024-W12-05,5,102.78,90.32,Rico Dowdle,RB,RB,True,False,False,,9.3,,Rico Dowdle,RB,,449.p.33100,33100,Pit,yahoo_fantasy_api
2024,12,,6,api,Pop Lockett Drop it,Ginger FC 🏆🏆,2024-W12-05,5,102.78,90.32,Trey McBride,TE,TE,True,False,False,,19.3,,Trey McBride,TE,,449.p.34010,34010,Ari,yahoo_fantasy_api
2024,12,,7,api,Pop Lockett Drop it,Ginger FC 🏆🏆,2024-W12-05,5,102.78,90.32,Jameson Williams,WR,W/R/T,True,False,False,,9.3,,Jameson Williams,WR,,449.p.33967,33967,Det,yahoo_fantasy_api
2024,12,,8,api,Pop Lockett Drop it,Ginger FC 🏆🏆,2024-W12-05,5,102.78,90.32,DeVonta Smith,WR,BN,False,True,False,,0.0,,DeVonta Smith,WR,,449.p.33398,33398,Phi,yahoo_fantasy_api
2024,12,,9,api,Pop Lockett Drop it,Ginger FC 🏆🏆,2024-W12-05,5,102.78,90.32,Bijan Robinson,RB,BN,False,True,False,,0.0,,Bijan Robinson,RB,,449.p.40055,40055,Atl,yahoo_fantasy_api
2024,12,,10,api,Pop Lockett Drop it,Ginger FC 🏆🏆,2024-W12-05,5,102.78,90.32,Rome Odunze,WR,BN,False,True,False,,6.4,,Rome Odunze,WR,,449.p.40901,40901,Chi,yahoo_fantasy_api
2024,12,,11,api,Pop Lockett Drop it,Ginger FC 🏆🏆,2024-W12-05,5,102.78,90.32,Zack Moss,RB,BN,False,True,False,,0.0,,Zack Moss,RB,,449.p.32756,32756,Cin,yahoo_fantasy_api
2024,12,,12,api,Pop Lockett Drop it,Ginger FC 🏆🏆,2024-W12-05,5,102.78,90.32,Jonnu Smith,TE,BN,False,True,False,,19.2,,Jonnu Smith,TE,,449.p.30213,30213,GB,yahoo_fantasy_api
2024,12,,13,api,Pop Lockett Drop it,Ginger FC 🏆🏆,2024-W12-05,5,102.78,90.32,Roschon Johnson,RB,BN,False,True,False,,7.7,,Roschon Johnson,RB,,449.p.40162,40162,Chi,yahoo_fantasy_api
2024,12,,14,api,Pop Lockett Drop it,Ginger FC 🏆🏆,2024-W12-05,5,102.78,90.32,Ka'imi Fairbairn,K,K,True,False,False,,11.0,,Ka'imi Fairbairn,K,,449.p.29792,29792,Hou,yahoo_fantasy_api
2024,12,,15,api,Pop Lockett Drop it,Ginger FC 🏆🏆,2024-W12-05,5,102.78,90.32,Commanders,DEF,DEF,True,False,False,,4.0,,Commanders,DEF,,449.p.100028,100028,Was,yahoo_fantasy_api
2024,12,,1,api,Post Mahomes,Joe Mantegna,2024-W12-04,4,97.28,110.78,Lamar Jackson,QB,QB,True,False,False,,26.58,,Lamar Jackson,QB,,449.p.31002,31002,Bal,yahoo_fantasy_api
2024,12,,2,api,Post Mahomes,Joe Mantegna,2024-W12-04,4,97.28,110.78,Deebo Samuel Sr.,WR,WR,True,False,False,,2.6,,Deebo Samuel Sr.,WR,,449.p.31868,31868,SF,yahoo_fantasy_api
2024,12,,3,api,Post Mahomes,Joe Mantegna,2024-W12-04,4,97.28,110.78,Cedric Tillman,WR,WR,True,False,False,,1.8,,Cedric Tillman,WR,,449.p.40093,40093,NO,yahoo_fantasy_api
2024,12,,4,api,Post Mahomes,Joe Mantegna,2024-W12-04,4,97.28,110.78,Jahmyr Gibbs,RB,RB,True,False,False,,23.4,,Jahmyr Gibbs,RB,,449.p.40059,40059,Det,yahoo_fantasy_api
2024,12,,5,api,Post Mahomes,Joe Mantegna,2024-W12-04,4,97.28,110.78,Kyren Williams,RB,RB,True,False,False,,11.2,,Kyren Williams,RB,,449.p.34120,34120,LAR,yahoo_fantasy_api
2024,12,,6,api,Post Mahomes,Joe Mantegna,2024-W12-04,4,97.28,110.78,Brock Bowers,TE,TE,True,False,False,,5.8,,Brock Bowers,TE,,449.p.40878,40878,LV,yahoo_fantasy_api
2024,12,,7,api,Post Mahomes,Joe Mantegna,2024-W12-04,4,97.28,110.78,T.J. Hockenson,TE,W/R/T,True,False,False,,14.9,,T.J. Hockenson,TE,,449.p.31840,31840,Min,yahoo_fantasy_api
2024,12,,8,api,Post Mahomes,Joe Mantegna,2024-W12-04,4,97.28,110.78,Isiah Pacheco,RB,BN,False,True,False,,0.0,,Isiah Pacheco,RB,,449.p.34207,34207,Det,yahoo_fantasy_api
2024,12,,9,api,Post Mahomes,Joe Mantegna,2024-W12-04,4,97.28,110.78,Tee Higgins,WR,BN,False,True,False,,0.0,,Tee Higgins,WR,,449.p.32703,32703,Cin,yahoo_fantasy_api
2024,12,,10,api,Post Mahomes,Joe Mantegna,2024-W12-04,4,97.28,110.78,Darnell Mooney,WR,BN,False,True,False,,0.0,,Darnell Mooney,WR,,449.p.32843,32843,NYG,yahoo_fantasy_api
2024,12,,11,api,Post Mahomes,Joe Mantegna,2024-W12-04,4,97.28,110.78,Amari Cooper,WR,BN,False,True,False,,0.0,,Amari Cooper,WR,,449.p.28392,28392,Buf,yahoo_fantasy_api
2024,12,,12,api,Post Mahomes,Joe Mantegna,2024-W12-04,4,97.28,110.78,Michael Pittman Jr.,WR,BN,False,True,False,,12.6,,Michael Pittman Jr.,WR,,449.p.32704,32704,Pit,yahoo_fantasy_api
2024,12,,13,api,Post Mahomes,Joe Mantegna,2024-W12-04,4,97.28,110.78,Taysom Hill,"QB,TE",BN,False,True,False,,0.0,,Taysom Hill,"QB,TE",,449.p.30614,30614,NO,yahoo_fantasy_api
2024,12,,14,api,Post Mahomes,Joe Mantegna,2024-W12-04,4,97.28,110.78,Hollywood Brown,WR,IR,False,False,True,,0.0,,Hollywood Brown,WR,,449.p.31857,31857,Phi,yahoo_fantasy_api
2024,12,,15,api,Post Mahomes,Joe Mantegna,2024-W12-04,4,97.28,110.78,Austin Seibert,K,K,True,False,False,,9.0,,Austin Seibert,K,,449.p.32002,32002,Was,yahoo_fantasy_api
2024,12,,16,api,Post Mahomes,Joe Mantegna,2024-W12-04,4,97.28,110.78,Chiefs,DEF,DEF,True,False,False,,2.0,,Chiefs,DEF,,449.p.100012,100012,KC,yahoo_fantasy_api
2024,12,,1,api,The Big Gronkowski,ThreatLevelMidnight,2024-W12-01,1,105.42,109.02,Matthew Stafford,QB,QB,True,False,False,,23.22,,Matthew Stafford,QB,,449.p.9265,9265,LAR,yahoo_fantasy_api
2024,12,,2,api,The Big Gronkowski,ThreatLevelMidnight,2024-W12-01,1,105.42,109.02,Justin Jefferson,WR,WR,True,False,False,,3.7,,Justin Jefferson,WR,,449.p.32692,32692,Min,yahoo_fantasy_api
2024,12,,3,api,The Big Gronkowski,ThreatLevelMidnight,2024-W12-01,1,105.42,109.02,DJ Moore,WR,WR,True,False,False,,23.4,,DJ Moore,WR,,449.p.30994,30994,Buf,yahoo_fantasy_api
2024,12,,4,api,The Big Gronkowski,ThreatLevelMidnight,2024-W12-01,1,105.42,109.02,Javonte Williams,RB,RB,True,False,False,,1.4,,Javonte Williams,RB,,449.p.33423,33423,Dal,yahoo_fantasy_api
2024,12,,5,api,The Big Gronkowski,ThreatLevelMidnight,2024-W12-01,1,105.42,109.02,Ameer Abdullah,RB,RB,True,False,False,,15.0,,Ameer Abdullah,RB,,449.p.28442,28442,Jax,yahoo_fantasy_api
2024,12,,6,api,The Big Gronkowski,ThreatLevelMidnight,2024-W12-01,1,105.42,109.02,Isaiah Likely,TE,TE,True,False,False,,0.0,,Isaiah Likely,TE,,449.p.34095,34095,NYG,yahoo_fantasy_api
2024,12,,7,api,The Big Gronkowski,ThreatLevelMidnight,2024-W12-01,1,105.42,109.02,Jaxon Smith-Njigba,WR,W/R/T,True,False,False,,16.7,,Jaxon Smith-Njigba,WR,,449.p.40041,40041,Sea,yahoo_fantasy_api
2024,12,,8,api,The Big Gronkowski,ThreatLevelMidnight,2024-W12-01,1,105.42,109.02,Jake Ferguson,TE,BN,False,True,False,,0.0,,Jake Ferguson,TE,,449.p.34085,34085,Dal,yahoo_fantasy_api
2024,12,,9,api,The Big Gronkowski,ThreatLevelMidnight,2024-W12-01,1,105.42,109.02,Alvin Kamara,RB,BN,False,True,False,,0.0,,Alvin Kamara,RB,,449.p.30180,30180,NO,yahoo_fantasy_api
2024,12,,10,api,The Big Gronkowski,ThreatLevelMidnight,2024-W12-01,1,105.42,109.02,Joe Burrow,QB,BN,False,True,False,,0.0,,Joe Burrow,QB,,449.p.32671,32671,Cin,yahoo_fantasy_api
2024,12,,11,api,The Big Gronkowski,ThreatLevelMidnight,2024-W12-01,1,105.42,109.02,Chris Olave,WR,BN,False,True,False,,0.0,,Chris Olave,WR,,449.p.33966,33966,NO,yahoo_fantasy_api
2024,12,,12,api,The Big Gronkowski,ThreatLevelMidnight,2024-W12-01,1,105.42,109.02,Christian Watson,WR,BN,False,True,False,,0.4,,Christian Watson,WR,,449.p.33989,33989,GB,yahoo_fantasy_api
2024,12,,13,api,The Big Gronkowski,ThreatLevelMidnight,2024-W12-01,1,105.42,109.02,Brandon Aubrey,K,K,True,False,False,,12.0,,Brandon Aubrey,K,,449.p.40819,40819,Dal,yahoo_fantasy_api
2024,12,,14,api,The Big Gronkowski,ThreatLevelMidnight,2024-W12-01,1,105.42,109.02,Broncos,DEF,DEF,True,False,False,,10.0,,Broncos,DEF,,449.p.100007,100007,Den,yahoo_fantasy_api
2024,12,,15,api,The Big Gronkowski,ThreatLevelMidnight,2024-W12-01,1,105.42,109.02,Bills,DEF,BN,False,True,False,,0.0,,Bills,DEF,,449.p.100002,100002,Buf,yahoo_fantasy_api
2024,12,,1,api,ThreatLevelMidnight,The Big Gronkowski,2024-W12-01,1,109.02,105.42,Justin Herbert,QB,QB,True,False,False,,17.62,,Justin Herbert,QB,,449.p.32676,32676,LAC,yahoo_fantasy_api
2024,12,,2,api,ThreatLevelMidnight,The Big Gronkowski,2024-W12-01,1,109.02,105.42,DK Metcalf,WR,WR,True,False,False,,7.9,,DK Metcalf,WR,,449.p.31896,31896,Pit,yahoo_fantasy_api
2024,12,,3,api,ThreatLevelMidnight,The Big Gronkowski,2024-W12-01,1,109.02,105.42,Ricky Pearsall,WR,WR,True,False,False,,0.0,,Ricky Pearsall,WR,,449.p.40892,40892,SF,yahoo_fantasy_api
2024,12,,4,api,ThreatLevelMidnight,The Big Gronkowski,2024-W12-01,1,109.02,105.42,James Conner,RB,RB,True,False,False,,7.4,,James Conner,RB,,449.p.30218,30218,Ari,yahoo_fantasy_api
2024,12,,5,api,ThreatLevelMidnight,The Big Gronkowski,2024-W12-01,1,109.02,105.42,Jaylen Warren,RB,RB,True,False,False,,13.9,,Jaylen Warren,RB,,449.p.34447,34447,Pit,yahoo_fantasy_api
2024,12,,6,api,ThreatLevelMidnight,The Big Gronkowski,2024-W12-01,1,109.02,105.42,Tucker Kraft,TE,TE,True,False,False,,9.6,,Tucker Kraft,TE,,449.p.40102,40102,GB,yahoo_fantasy_api
2024,12,,7,api,ThreatLevelMidnight,The Big Gronkowski,2024-W12-01,1,109.02,105.42,Josh Jacobs,RB,W/R/T,True,False,False,,28.6,,Josh Jacobs,RB,,449.p.31856,31856,GB,yahoo_fantasy_api
2024,12,,8,api,ThreatLevelMidnight,The Big Gronkowski,2024-W12-01,1,109.02,105.42,Ja'Marr Chase,WR,BN,False,True,False,,0.0,,Ja'Marr Chase,WR,,449.p.33393,33393,Cin,yahoo_fantasy_api
2024,12,,9,api,ThreatLevelMidnight,The Big Gronkowski,2024-W12-01,1,109.02,105.42,Baker Mayfield,QB,BN,False,True,False,,18.66,,Baker Mayfield,QB,,449.p.30971,30971,TB,yahoo_fantasy_api
2024,12,,10,api,ThreatLevelMidnight,The Big Gronkowski,2024-W12-01,1,109.02,105.42,Keon Coleman,WR,BN,False,True,False,,0.0,,Keon Coleman,WR,,449.p.40911,40911,Buf,yahoo_fantasy_api
2024,12,,11,api,ThreatLevelMidnight,The Big Gronkowski,2024-W12-01,1,109.02,105.42,Kyler Murray,QB,BN,False,True,False,,11.3,,Kyler Murray,QB,,449.p.31833,31833,Min,yahoo_fantasy_api
2024,12,,12,api,ThreatLevelMidnight,The Big Gronkowski,2024-W12-01,1,109.02,105.42,Trey Benson,RB,BN,False,True,False,,1.8,,Trey Benson,RB,,449.p.40958,40958,Ari,yahoo_fantasy_api
2024,12,,13,api,ThreatLevelMidnight,The Big Gronkowski,2024-W12-01,1,109.02,105.42,Cam Akers,RB,BN,False,True,False,,3.0,,Cam Akers,RB,,449.p.32722,32722,Sea,yahoo_fantasy_api
2024,12,,14,api,ThreatLevelMidnight,The Big Gronkowski,2024-W12-01,1,109.02,105.42,Chris Godwin Jr.,WR,IR,False,False,True,,0.0,,Chris Godwin Jr.,WR,,449.p.30197,30197,TB,yahoo_fantasy_api
2024,12,,15,api,ThreatLevelMidnight,The Big Gronkowski,2024-W12-01,1,109.02,105.42,Jake Moody,K,K,True,False,False,,5.0,,Jake Moody,K,,449.p.40129,40129,Bal,yahoo_fantasy_api
2024,12,,16,api,ThreatLevelMidnight,The Big Gronkowski,2024-W12-01,1,109.02,105.42,Texans,DEF,DEF,True,False,False,,19.0,,Texans,DEF,,449.p.100034,100034,Hou,yahoo_fantasy_api
2024,12,,1,api,Uncle Rico,Patty Primetimes,2024-W12-06,6,106.76,127.5,Patrick Mahomes,QB,QB,True,False,False,,34.76,,Patrick Mahomes,QB,,449.p.30123,30123,KC,yahoo_fantasy_api
2024,12,,2,api,Uncle Rico,Patty Primetimes,2024-W12-06,6,106.76,127.5,Zay Flowers,WR,WR,True,False,False,,8.7,,Zay Flowers,WR,,449.p.40039,40039,Bal,yahoo_fantasy_api
2024,12,,3,api,Uncle Rico,Patty Primetimes,2024-W12-06,6,106.76,127.5,Jauan Jennings,WR,WR,True,False,False,,6.5,,Jauan Jennings,WR,,449.p.32887,32887,Min,yahoo_fantasy_api
2024,12,,4,api,Uncle Rico,Patty Primetimes,2024-W12-06,6,106.76,127.5,Derrick Henry,RB,RB,True,False,False,,14.0,,Derrick Henry,RB,,449.p.29279,29279,Bal,yahoo_fantasy_api
2024,12,,5,api,Uncle Rico,Patty Primetimes,2024-W12-06,6,106.76,127.5,D'Andre Swift,RB,RB,True,False,False,,8.0,,D'Andre Swift,RB,,449.p.32705,32705,Chi,yahoo_fantasy_api
2024,12,,6,api,Uncle Rico,Patty Primetimes,2024-W12-06,6,106.76,127.5,Mark Andrews,TE,TE,True,False,False,,13.1,,Mark Andrews,TE,,449.p.31056,31056,Bal,yahoo_fantasy_api
2024,12,,7,api,Uncle Rico,Patty Primetimes,2024-W12-06,6,106.76,127.5,Tank Dell,WR,W/R/T,True,False,False,,8.7,,Tank Dell,WR,,449.p.40097,40097,Hou,yahoo_fantasy_api
2024,12,,8,api,Uncle Rico,Patty Primetimes,2024-W12-06,6,106.76,127.5,Davante Adams,WR,BN,False,True,False,,0.0,,Davante Adams,WR,,449.p.27581,27581,LAR,yahoo_fantasy_api
2024,12,,9,api,Uncle Rico,Patty Primetimes,2024-W12-06,6,106.76,127.5,Austin Ekeler,RB,BN,False,True,False,,3.4,,Austin Ekeler,RB,,449.p.30423,30423,Was,yahoo_fantasy_api
2024,12,,10,api,Uncle Rico,Patty Primetimes,2024-W12-06,6,106.76,127.5,Geno Smith,QB,BN,False,True,False,,15.36,,Geno Smith,QB,,449.p.26662,26662,NYJ,yahoo_fantasy_api
2024,12,,11,api,Uncle Rico,Patty Primetimes,2024-W12-06,6,106.76,127.5,Zach Charbonnet,RB,BN,False,True,False,,2.2,,Zach Charbonnet,RB,,449.p.40075,40075,Sea,yahoo_fantasy_api
2024,12,,12,api,Uncle Rico,Patty Primetimes,2024-W12-06,6,106.76,127.5,Romeo Doubs,WR,BN,False,True,False,,6.9,,Romeo Doubs,WR,,449.p.34088,34088,NE,yahoo_fantasy_api
2024,12,,13,api,Uncle Rico,Patty Primetimes,2024-W12-06,6,106.76,127.5,Jonathon Brooks,RB,BN,False,True,False,,0.7,,Jonathon Brooks,RB,,449.p.40926,40926,Car,yahoo_fantasy_api
2024,12,,14,api,Uncle Rico,Patty Primetimes,2024-W12-06,6,106.76,127.5,Jason Myers,K,K,True,False,False,,6.0,,Jason Myers,K,,449.p.28378,28378,Sea,yahoo_fantasy_api
2024,12,,15,api,Uncle Rico,Patty Primetimes,2024-W12-06,6,106.76,127.5,Browns,DEF,DEF,True,False,False,,7.0,,Browns,DEF,,449.p.100005,100005,Cle,yahoo_fantasy_api
2024,12,,1,api,Voldemort,malle_dips_pouches,2024-W12-03,3,99.32,88.8,Bo Nix,QB,QB,True,False,False,,23.42,,Bo Nix,QB,,449.p.40875,40875,Den,yahoo_fantasy_api
2024,12,,2,api,Voldemort,malle_dips_pouches,2024-W12-03,3,99.32,88.8,Puka Nacua,WR,WR,True,False,False,,16.2,,Puka Nacua,WR,,449.p.40168,40168,LAR,yahoo_fantasy_api
2024,12,,3,api,Voldemort,malle_dips_pouches,2024-W12-03,3,99.32,88.8,Calvin Ridley,WR,WR,True,False,False,,11.8,,Calvin Ridley,WR,,449.p.30996,30996,Ten,yahoo_fantasy_api
2024,12,,4,api,Voldemort,malle_dips_pouches,2024-W12-03,3,99.32,88.8,Jonathan Taylor,RB,RB,True,False,False,,3.5,,Jonathan Taylor,RB,,449.p.32711,32711,Ind,yahoo_fantasy_api
2024,12,,5,api,Voldemort,malle_dips_pouches,2024-W12-03,3,99.32,88.8,Kenneth Walker III,RB,RB,True,False,False,,11.3,,Kenneth Walker III,RB,,449.p.33996,33996,KC,yahoo_fantasy_api
2024,12,,6,api,Voldemort,malle_dips_pouches,2024-W12-03,3,99.32,88.8,Will Dissly,TE,TE,True,False,False,,6.7,,Will Dissly,TE,,449.p.31090,31090,LAC,yahoo_fantasy_api
2024,12,,7,api,Voldemort,malle_dips_pouches,2024-W12-03,3,99.32,88.8,J.K. Dobbins,RB,W/R/T,True,False,False,,7.4,,J.K. Dobbins,RB,,449.p.32725,32725,Den,yahoo_fantasy_api
2024,12,,8,api,Voldemort,malle_dips_pouches,2024-W12-03,3,99.32,88.8,Josh Allen,QB,BN,False,True,False,,0.0,,Josh Allen,QB,,449.p.30977,30977,Buf,yahoo_fantasy_api
2024,12,,9,api,Voldemort,malle_dips_pouches,2024-W12-03,3,99.32,88.8,Chase Brown,RB,BN,False,True,False,,0.0,,Chase Brown,RB,,449.p.40196,40196,Cin,yahoo_fantasy_api
2024,12,,10,api,Voldemort,malle_dips_pouches,2024-W12-03,3,99.32,88.8,DeAndre Hopkins,WR,BN,False,True,False,,12.0,,DeAndre Hopkins,WR,,449.p.26650,26650,Bal,yahoo_fantasy_api
2024,12,,11,api,Voldemort,malle_dips_pouches,2024-W12-03,3,99.32,88.8,Chuba Hubbard,RB,BN,False,True,False,,14.5,,Chuba Hubbard,RB,,449.p.33514,33514,Car,yahoo_fantasy_api
2024,12,,12,api,Voldemort,malle_dips_pouches,2024-W12-03,3,99.32,88.8,Khalil Shakir,WR,BN,False,True,False,,0.0,,Khalil Shakir,WR,,449.p.34104,34104,Buf,yahoo_fantasy_api
2024,12,,13,api,Voldemort,malle_dips_pouches,2024-W12-03,3,99.32,88.8,Travis Etienne Jr.,RB,BN,False,True,False,,0.0,,Travis Etienne Jr.,RB,,449.p.33413,33413,NO,yahoo_fantasy_api
2024,12,,14,api,Voldemort,malle_dips_pouches,2024-W12-03,3,99.32,88.8,Dalton Kincaid,TE,IR,False,False,True,,0.0,,Dalton Kincaid,TE,,449.p.40048,40048,Buf,yahoo_fantasy_api
2024,12,,15,api,Voldemort,malle_dips_pouches,2024-W12-03,3,99.32,88.8,Cairo Santos,K,K,True,False,False,,9.0,,Cairo Santos,K,,449.p.28227,28227,Chi,yahoo_fantasy_api
2024,12,,16,api,Voldemort,malle_dips_pouches,2024-W12-03,3,99.32,88.8,Buccaneers,DEF,DEF,True,False,False,,10.0,,Buccaneers,DEF,,449.p.100027,100027,TB,yahoo_fantasy_api
2024,12,,1,api,malle_dips_pouches,Voldemort,2024-W12-03,3,88.8,99.32,Sam Darnold,QB,QB,True,False,False,,25.1,,Sam Darnold,QB,,449.p.30973,30973,Sea,yahoo_fantasy_api
2024,12,,2,api,malle_dips_pouches,Voldemort,2024-W12-03,3,88.8,99.32,A.J. Brown,WR,WR,True,False,False,,19.9,,A.J. Brown,WR,,449.p.31883,31883,NE,yahoo_fantasy_api
2024,12,,3,api,malle_dips_pouches,Voldemort,2024-W12-03,3,88.8,99.32,Josh Downs,WR,WR,True,False,False,,4.2,,Josh Downs,WR,,449.p.40126,40126,Ind,yahoo_fantasy_api
2024,12,,4,api,malle_dips_pouches,Voldemort,2024-W12-03,3,88.8,99.32,Joe Mixon,RB,RB,True,False,False,,7.0,,Joe Mixon,RB,,449.p.30161,30161,Hou,yahoo_fantasy_api
2024,12,,5,api,malle_dips_pouches,Voldemort,2024-W12-03,3,88.8,99.32,Brian Robinson,RB,RB,True,False,False,,2.9,,Brian Robinson,RB,,449.p.34054,34054,Atl,yahoo_fantasy_api
2024,12,,6,api,malle_dips_pouches,Voldemort,2024-W12-03,3,88.8,99.32,Sam LaPorta,TE,TE,True,False,False,,3.4,,Sam LaPorta,TE,,449.p.40064,40064,Det,yahoo_fantasy_api
2024,12,,7,api,malle_dips_pouches,Voldemort,2024-W12-03,3,88.8,99.32,Rhamondre Stevenson,RB,W/R/T,True,False,False,,3.3,,Rhamondre Stevenson,RB,,449.p.33508,33508,NE,yahoo_fantasy_api
2024,12,,8,api,malle_dips_pouches,Voldemort,2024-W12-03,3,88.8,99.32,Kyle Pitts Sr.,TE,BN,False,True,False,,0.0,,Kyle Pitts Sr.,TE,,449.p.33392,33392,Atl,yahoo_fantasy_api
2024,12,,9,api,malle_dips_pouches,Voldemort,2024-W12-03,3,88.8,99.32,Jaylen Waddle,WR,BN,False,True,False,,24.4,,Jaylen Waddle,WR,,449.p.33394,33394,Den,yahoo_fantasy_api
2024,12,,10,api,malle_dips_pouches,Voldemort,2024-W12-03,3,88.8,99.32,Courtland Sutton,WR,BN,False,True,False,,25.7,,Courtland Sutton,WR,,449.p.31010,31010,Den,yahoo_fantasy_api
2024,12,,11,api,malle_dips_pouches,Voldemort,2024-W12-03,3,88.8,99.32,Drake London,WR,BN,False,True,False,,0.0,,Drake London,WR,,449.p.33963,33963,Atl,yahoo_fantasy_api
2024,12,,12,api,malle_dips_pouches,Voldemort,2024-W12-03,3,88.8,99.32,Antonio Gibson,RB,BN,False,True,False,,5.0,,Antonio Gibson,RB,,449.p.32736,32736,NE,yahoo_fantasy_api
2024,12,,13,api,malle_dips_pouches,Voldemort,2024-W12-03,3,88.8,99.32,Pat Freiermuth,TE,BN,False,True,False,,7.9,,Pat Freiermuth,TE,,449.p.33443,33443,Pit,yahoo_fantasy_api
2024,12,,14,api,malle_dips_pouches,Voldemort,2024-W12-03,3,88.8,99.32,Cameron Dicker,K,K,True,False,False,,16.0,,Cameron Dicker,K,,449.p.34344,34344,LAC,yahoo_fantasy_api
2024,12,,15,api,malle_dips_pouches,Voldemort,2024-W12-03,3,88.8,99.32,Steelers,DEF,DEF,True,False,False,,7.0,,Steelers,DEF,,449.p.100023,100023,Pit,yahoo_fantasy_api
2024,13,,1,api,Buttermilk Puuump,Pop Lockett Drop it,2024-W13-05,5,139.74,158.18,Jared Goff,QB,QB,True,False,False,,20.94,,Jared Goff,QB,,449.p.29235,29235,Det,yahoo_fantasy_api
2024,13,,2,api,Buttermilk Puuump,Pop Lockett Drop it,2024-W13-05,5,139.74,158.18,Amon-Ra St. Brown,WR,WR,True,False,False,,9.8,,Amon-Ra St. Brown,WR,,449.p.33500,33500,Det,yahoo_fantasy_api
2024,13,,3,api,Buttermilk Puuump,Pop Lockett Drop it,2024-W13-05,5,139.74,158.18,Tyreek Hill,WR,WR,True,False,False,,17.3,,Tyreek Hill,WR,,449.p.29399,29399,Mia,yahoo_fantasy_api
2024,13,,4,api,Buttermilk Puuump,Pop Lockett Drop it,2024-W13-05,5,139.74,158.18,Najee Harris,RB,RB,True,False,False,,21.9,,Najee Harris,RB,,449.p.33412,33412,NYG,yahoo_fantasy_api
2024,13,,5,api,Buttermilk Puuump,Pop Lockett Drop it,2024-W13-05,5,139.74,158.18,Rachaad White,RB,RB,True,False,False,,8.3,,Rachaad White,RB,,449.p.34047,34047,Was,yahoo_fantasy_api
2024,13,,6,api,Buttermilk Puuump,Pop Lockett Drop it,2024-W13-05,5,139.74,158.18,David Njoku,TE,TE,True,False,False,,21.7,,David Njoku,TE,,449.p.30142,30142,LAC,yahoo_fantasy_api
2024,13,,7,api,Buttermilk Puuump,Pop Lockett Drop it,2024-W13-05,5,139.74,158.18,Keenan Allen,WR,W/R/T,True,False,False,,21.8,,Keenan Allen,WR,,449.p.26699,26699,Ind,yahoo_fantasy_api
2024,13,,8,api,Buttermilk Puuump,Pop Lockett Drop it,2024-W13-05,5,139.74,158.18,Jordan Addison,WR,BN,False,True,False,,7.4,,Jordan Addison,WR,,449.p.40042,40042,Min,yahoo_fantasy_api
2024,13,,9,api,Buttermilk Puuump,Pop Lockett Drop it,2024-W13-05,5,139.74,158.18,Tyjae Spears,RB,BN,False,True,False,,0.3,,Tyjae Spears,RB,,449.p.40119,40119,Ten,yahoo_fantasy_api
2024,13,,10,api,Buttermilk Puuump,Pop Lockett Drop it,2024-W13-05,5,139.74,158.18,Raheem Mostert,RB,BN,False,True,False,,4.4,,Raheem Mostert,RB,,449.p.28654,28654,LV,yahoo_fantasy_api
2024,13,,11,api,Buttermilk Puuump,Pop Lockett Drop it,2024-W13-05,5,139.74,158.18,Mike Gesicki,TE,BN,False,True,False,,7.8,,Mike Gesicki,TE,,449.p.31012,31012,Cin,yahoo_fantasy_api
2024,13,,12,api,Buttermilk Puuump,Pop Lockett Drop it,2024-W13-05,5,139.74,158.18,Jerry Jeudy,WR,BN,False,True,False,,36.0,,Jerry Jeudy,WR,,449.p.32685,32685,Cle,yahoo_fantasy_api
2024,13,,13,api,Buttermilk Puuump,Pop Lockett Drop it,2024-W13-05,5,139.74,158.18,Aaron Rodgers,QB,BN,False,True,False,,19.0,,Aaron Rodgers,QB,,449.p.7200,7200,Pit,yahoo_fantasy_api
2024,13,,14,api,Buttermilk Puuump,Pop Lockett Drop it,2024-W13-05,5,139.74,158.18,Jake Bates,K,K,True,False,False,,12.0,,Jake Bates,K,,449.p.40835,40835,Det,yahoo_fantasy_api
2024,13,,15,api,Buttermilk Puuump,Pop Lockett Drop it,2024-W13-05,5,139.74,158.18,Colts,DEF,DEF,True,False,False,,6.0,,Colts,DEF,,449.p.100011,100011,Ind,yahoo_fantasy_api
2024,13,,1,api,Ginger FC 🏆🏆,The Big Gronkowski,2024-W13-01,1,105.86,119.06,Jordan Love,QB,QB,True,False,False,,22.96,,Jordan Love,QB,,449.p.32696,32696,GB,yahoo_fantasy_api
2024,13,,2,api,Ginger FC 🏆🏆,The Big Gronkowski,2024-W13-01,1,105.86,119.06,DeMario Douglas,WR,WR,True,False,False,,4.0,,DeMario Douglas,WR,,449.p.40222,40222,NE,yahoo_fantasy_api
2024,13,,3,api,Ginger FC 🏆🏆,The Big Gronkowski,2024-W13-01,1,105.86,119.06,Brian Thomas Jr.,WR,WR,True,False,False,,16.7,,Brian Thomas Jr.,WR,,449.p.40883,40883,Jax,yahoo_fantasy_api
2024,13,,4,api,Ginger FC 🏆🏆,The Big Gronkowski,2024-W13-01,1,105.86,119.06,De'Von Achane,RB,RB,True,False,False,,17.0,,De'Von Achane,RB,,449.p.40118,40118,Mia,yahoo_fantasy_api
2024,13,,5,api,Ginger FC 🏆🏆,The Big Gronkowski,2024-W13-01,1,105.86,119.06,Christian McCaffrey,RB,RB,True,False,False,,7.7,,Christian McCaffrey,RB,,449.p.30121,30121,SF,yahoo_fantasy_api
2024,13,,6,api,Ginger FC 🏆🏆,The Big Gronkowski,2024-W13-01,1,105.86,119.06,Cade Otton,TE,TE,True,False,False,,4.0,,Cade Otton,TE,,449.p.34062,34062,TB,yahoo_fantasy_api
2024,13,,7,api,Ginger FC 🏆🏆,The Big Gronkowski,2024-W13-01,1,105.86,119.06,Nick Chubb,RB,W/R/T,True,False,False,,11.5,,Nick Chubb,RB,,449.p.31005,31005,Hou,yahoo_fantasy_api
2024,13,,8,api,Ginger FC 🏆🏆,The Big Gronkowski,2024-W13-01,1,105.86,119.06,Dallas Goedert,TE,BN,False,True,False,,11.0,,Dallas Goedert,TE,,449.p.31019,31019,Phi,yahoo_fantasy_api
2024,13,,9,api,Ginger FC 🏆🏆,The Big Gronkowski,2024-W13-01,1,105.86,119.06,Quentin Johnston,WR,BN,False,True,False,,2.2,,Quentin Johnston,WR,,449.p.40051,40051,LAC,yahoo_fantasy_api
2024,13,,10,api,Ginger FC 🏆🏆,The Big Gronkowski,2024-W13-01,1,105.86,119.06,Kareem Hunt,RB,BN,False,True,False,,2.5,,Kareem Hunt,RB,,449.p.30199,30199,KC,yahoo_fantasy_api
2024,13,,11,api,Ginger FC 🏆🏆,The Big Gronkowski,2024-W13-01,1,105.86,119.06,Kirk Cousins,QB,BN,False,True,False,,6.1,,Kirk Cousins,QB,,449.p.25812,25812,LV,yahoo_fantasy_api
2024,13,,12,api,Ginger FC 🏆🏆,The Big Gronkowski,2024-W13-01,1,105.86,119.06,Alexander Mattison,RB,BN,False,True,False,,0.0,,Alexander Mattison,RB,,449.p.31934,31934,Mia,yahoo_fantasy_api
2024,13,,13,api,Ginger FC 🏆🏆,The Big Gronkowski,2024-W13-01,1,105.86,119.06,Stefon Diggs,WR,IR,False,False,True,,0.0,,Stefon Diggs,WR,,449.p.28534,28534,Was,yahoo_fantasy_api
2024,13,,14,api,Ginger FC 🏆🏆,The Big Gronkowski,2024-W13-01,1,105.86,119.06,Chris Boswell,K,K,True,False,False,,16.0,,Chris Boswell,K,,449.p.28188,28188,Pit,yahoo_fantasy_api
2024,13,,15,api,Ginger FC 🏆🏆,The Big Gronkowski,2024-W13-01,1,105.86,119.06,Lions,DEF,DEF,True,False,False,,6.0,,Lions,DEF,,449.p.100008,100008,Det,yahoo_fantasy_api
2024,13,,16,api,Ginger FC 🏆🏆,The Big Gronkowski,2024-W13-01,1,105.86,119.06,49ers,DEF,BN,False,True,False,,-4.0,,49ers,DEF,,449.p.100025,100025,SF,yahoo_fantasy_api
2024,13,,1,api,Joe Mantegna,Voldemort,2024-W13-03,3,130.4,97.62,Tua Tagovailoa,QB,QB,True,False,False,,29.2,,Tua Tagovailoa,QB,,449.p.32675,32675,Atl,yahoo_fantasy_api
2024,13,,2,api,Joe Mantegna,Voldemort,2024-W13-03,3,130.4,97.62,George Pickens,WR,WR,True,False,False,,14.9,,George Pickens,WR,,449.p.34007,34007,Dal,yahoo_fantasy_api
2024,13,,3,api,Joe Mantegna,Voldemort,2024-W13-03,3,130.4,97.62,Malik Nabers,WR,WR,True,False,False,,11.3,,Malik Nabers,WR,,449.p.40899,40899,NYG,yahoo_fantasy_api
2024,13,,4,api,Joe Mantegna,Voldemort,2024-W13-03,3,130.4,97.62,Bucky Irving,RB,RB,True,False,False,,26.0,,Bucky Irving,RB,,449.p.40993,40993,TB,yahoo_fantasy_api
2024,13,,5,api,Joe Mantegna,Voldemort,2024-W13-03,3,130.4,97.62,James Cook III,RB,RB,True,False,False,,18.5,,James Cook III,RB,,449.p.34019,34019,Buf,yahoo_fantasy_api
2024,13,,6,api,Joe Mantegna,Voldemort,2024-W13-03,3,130.4,97.62,Evan Engram,TE,TE,True,False,False,,7.6,,Evan Engram,TE,,449.p.30136,30136,Den,yahoo_fantasy_api
2024,13,,7,api,Joe Mantegna,Voldemort,2024-W13-03,3,130.4,97.62,Nico Collins,WR,W/R/T,True,False,False,,15.9,,Nico Collins,WR,,449.p.33477,33477,Hou,yahoo_fantasy_api
2024,13,,8,api,Joe Mantegna,Voldemort,2024-W13-03,3,130.4,97.62,Dalton Schultz,TE,BN,False,True,False,,14.6,,Dalton Schultz,TE,,449.p.31107,31107,Hou,yahoo_fantasy_api
2024,13,,9,api,Joe Mantegna,Voldemort,2024-W13-03,3,130.4,97.62,Jerome Ford,RB,BN,False,True,False,,6.7,,Jerome Ford,RB,,449.p.34112,34112,Min,yahoo_fantasy_api
2024,13,,10,api,Joe Mantegna,Voldemort,2024-W13-03,3,130.4,97.62,Brock Purdy,QB,BN,False,True,False,,2.16,,Brock Purdy,QB,,449.p.34218,34218,SF,yahoo_fantasy_api
2024,13,,11,api,Joe Mantegna,Voldemort,2024-W13-03,3,130.4,97.62,Garrett Wilson,WR,BN,False,True,False,,6.6,,Garrett Wilson,WR,,449.p.33965,33965,NYJ,yahoo_fantasy_api
2024,13,,12,api,Joe Mantegna,Voldemort,2024-W13-03,3,130.4,97.62,Jakobi Meyers,WR,BN,False,True,False,,12.7,,Jakobi Meyers,WR,,449.p.32231,32231,Jax,yahoo_fantasy_api
2024,13,,13,api,Joe Mantegna,Voldemort,2024-W13-03,3,130.4,97.62,Demarcus Robinson,WR,BN,False,True,False,,11.9,,Demarcus Robinson,WR,,449.p.29360,29360,SF,yahoo_fantasy_api
2024,13,,14,api,Joe Mantegna,Voldemort,2024-W13-03,3,130.4,97.62,Dak Prescott,QB,IR,False,False,True,,0.0,,Dak Prescott,QB,,449.p.29369,29369,Dal,yahoo_fantasy_api
2024,13,,15,api,Joe Mantegna,Voldemort,2024-W13-03,3,130.4,97.62,Jake Elliott,K,K,True,False,False,,6.0,,Jake Elliott,K,,449.p.30266,30266,Phi,yahoo_fantasy_api
2024,13,,16,api,Joe Mantegna,Voldemort,2024-W13-03,3,130.4,97.62,Rams,DEF,DEF,True,False,False,,1.0,,Rams,DEF,,449.p.100014,100014,LAR,yahoo_fantasy_api
2024,13,,1,api,Malle ❤️ 🐸,Uncle Rico,2024-W13-02,2,81.22,88.04,Jalen Hurts,QB,QB,True,False,False,,19.62,,Jalen Hurts,QB,,449.p.32723,32723,Phi,yahoo_fantasy_api
2024,13,,2,api,Malle ❤️ 🐸,Uncle Rico,2024-W13-02,2,81.22,88.04,Tyler Lockett,WR,WR,True,False,False,,3.1,,Tyler Lockett,WR,,449.p.28457,28457,LV,yahoo_fantasy_api
2024,13,,3,api,Malle ❤️ 🐸,Uncle Rico,2024-W13-02,2,81.22,88.04,Marvin Harrison Jr.,WR,WR,True,False,False,,14.5,,Marvin Harrison Jr.,WR,,449.p.40893,40893,Ari,yahoo_fantasy_api
2024,13,,4,api,Malle ❤️ 🐸,Uncle Rico,2024-W13-02,2,81.22,88.04,Saquon Barkley,RB,RB,True,False,False,,18.7,,Saquon Barkley,RB,,449.p.30972,30972,Phi,yahoo_fantasy_api
2024,13,,5,api,Malle ❤️ 🐸,Uncle Rico,2024-W13-02,2,81.22,88.04,Breece Hall,RB,RB,True,False,False,,6.0,,Breece Hall,RB,,449.p.33991,33991,NYJ,yahoo_fantasy_api
2024,13,,6,api,Malle ❤️ 🐸,Uncle Rico,2024-W13-02,2,81.22,88.04,Cole Kmet,TE,TE,True,False,False,,4.1,,Cole Kmet,TE,,449.p.32713,32713,Chi,yahoo_fantasy_api
2024,13,,7,api,Malle ❤️ 🐸,Uncle Rico,2024-W13-02,2,81.22,88.04,George Kittle,TE,W/R/T,True,False,False,,1.2,,George Kittle,TE,,449.p.30259,30259,SF,yahoo_fantasy_api
2024,13,,8,api,Malle ❤️ 🐸,Uncle Rico,2024-W13-02,2,81.22,88.04,Jaleel McLaughlin,RB,BN,False,True,False,,8.9,,Jaleel McLaughlin,RB,,449.p.40696,40696,Cle,yahoo_fantasy_api
2024,13,,9,api,Malle ❤️ 🐸,Uncle Rico,2024-W13-02,2,81.22,88.04,Zamir White,RB,BN,False,True,False,,0.0,,Zamir White,RB,,449.p.34078,34078,NO,yahoo_fantasy_api
2024,13,,10,api,Malle ❤️ 🐸,Uncle Rico,2024-W13-02,2,81.22,88.04,Ray-Ray McCloud III,WR,BN,False,True,False,,11.3,,Ray-Ray McCloud III,WR,,449.p.31157,31157,Chi,yahoo_fantasy_api
2024,13,,11,api,Malle ❤️ 🐸,Uncle Rico,2024-W13-02,2,81.22,88.04,Rashid Shaheed,WR,BN,False,True,False,,0.0,,Rashid Shaheed,WR,,449.p.34659,34659,Sea,yahoo_fantasy_api
2024,13,,12,api,Malle ❤️ 🐸,Uncle Rico,2024-W13-02,2,81.22,88.04,Justin Tucker,K,K,True,False,False,,9.0,,Justin Tucker,K,,449.p.26534,26534,Bal,yahoo_fantasy_api
2024,13,,13,api,Malle ❤️ 🐸,Uncle Rico,2024-W13-02,2,81.22,88.04,Vikings,DEF,DEF,True,False,False,,5.0,,Vikings,DEF,,449.p.100016,100016,Min,yahoo_fantasy_api
2024,13,,14,api,Malle ❤️ 🐸,Uncle Rico,2024-W13-02,2,81.22,88.04,Chargers,DEF,BN,False,True,False,,19.0,,Chargers,DEF,,449.p.100024,100024,LAC,yahoo_fantasy_api
2024,13,,1,api,Patty Primetimes,malle_dips_pouches,2024-W13-06,6,122.14,137.1,Jayden Daniels,QB,QB,True,False,False,,34.64,,Jayden Daniels,QB,,449.p.40896,40896,Was,yahoo_fantasy_api
2024,13,,2,api,Patty Primetimes,malle_dips_pouches,2024-W13-06,6,122.14,137.1,Cooper Kupp,WR,WR,True,False,False,,3.2,,Cooper Kupp,WR,,449.p.30182,30182,Sea,yahoo_fantasy_api
2024,13,,3,api,Patty Primetimes,malle_dips_pouches,2024-W13-06,6,122.14,137.1,Terry McLaurin,WR,WR,True,False,False,,23.3,,Terry McLaurin,WR,,449.p.31908,31908,Was,yahoo_fantasy_api
2024,13,,4,api,Patty Primetimes,malle_dips_pouches,2024-W13-06,6,122.14,137.1,Aaron Jones Sr.,RB,RB,True,False,False,,8.3,,Aaron Jones Sr.,RB,,449.p.30295,30295,Min,yahoo_fantasy_api
2024,13,,5,api,Patty Primetimes,malle_dips_pouches,2024-W13-06,6,122.14,137.1,Tyrone Tracy Jr.,RB,RB,True,False,False,,13.5,,Tyrone Tracy Jr.,RB,,449.p.41048,41048,NYG,yahoo_fantasy_api
2024,13,,6,api,Patty Primetimes,malle_dips_pouches,2024-W13-06,6,122.14,137.1,Travis Kelce,TE,TE,True,False,False,,10.3,,Travis Kelce,TE,,449.p.26686,26686,KC,yahoo_fantasy_api
2024,13,,7,api,Patty Primetimes,malle_dips_pouches,2024-W13-06,6,122.14,137.1,CeeDee Lamb,WR,W/R/T,True,False,False,,4.9,,CeeDee Lamb,WR,,449.p.32687,32687,Dal,yahoo_fantasy_api
2024,13,,8,api,Patty Primetimes,malle_dips_pouches,2024-W13-06,6,122.14,137.1,Tony Pollard,RB,BN,False,True,False,,6.8,,Tony Pollard,RB,,449.p.31960,31960,Ten,yahoo_fantasy_api
2024,13,,9,api,Patty Primetimes,malle_dips_pouches,2024-W13-06,6,122.14,137.1,Tank Bigsby,RB,BN,False,True,False,,4.0,,Tank Bigsby,RB,,449.p.40095,40095,Phi,yahoo_fantasy_api
2024,13,,10,api,Patty Primetimes,malle_dips_pouches,2024-W13-06,6,122.14,137.1,Xavier Worthy,WR,BN,False,True,False,,7.9,,Xavier Worthy,WR,,449.p.40877,40877,KC,yahoo_fantasy_api
2024,13,,11,api,Patty Primetimes,malle_dips_pouches,2024-W13-06,6,122.14,137.1,Ladd McConkey,WR,BN,False,True,False,,16.2,,Ladd McConkey,WR,,449.p.40908,40908,LAC,yahoo_fantasy_api
2024,13,,12,api,Patty Primetimes,malle_dips_pouches,2024-W13-06,6,122.14,137.1,Anthony Richardson Sr.,QB,BN,False,True,False,,27.16,,Anthony Richardson Sr.,QB,,449.p.40040,40040,Ind,yahoo_fantasy_api
2024,13,,13,api,Patty Primetimes,malle_dips_pouches,2024-W13-06,6,122.14,137.1,Jameis Winston,QB,BN,False,True,False,,43.98,,Jameis Winston,QB,,449.p.28389,28389,NYG,yahoo_fantasy_api
2024,13,,14,api,Patty Primetimes,malle_dips_pouches,2024-W13-06,6,122.14,137.1,Chase McLaughlin,K,K,True,False,False,,16.0,,Chase McLaughlin,K,,449.p.32417,32417,TB,yahoo_fantasy_api
2024,13,,15,api,Patty Primetimes,malle_dips_pouches,2024-W13-06,6,122.14,137.1,Packers,DEF,DEF,True,False,False,,8.0,,Packers,DEF,,449.p.100009,100009,GB,yahoo_fantasy_api
2024,13,,1,api,Pop Lockett Drop it,Buttermilk Puuump,2024-W13-05,5,158.18,139.74,C.J. Stroud,QB,QB,True,False,False,,16.38,,C.J. Stroud,QB,,449.p.40030,40030,Hou,yahoo_fantasy_api
2024,13,,2,api,Pop Lockett Drop it,Buttermilk Puuump,2024-W13-05,5,158.18,139.74,Jayden Reed,WR,WR,True,False,False,,18.2,,Jayden Reed,WR,,449.p.40063,40063,GB,yahoo_fantasy_api
2024,13,,3,api,Pop Lockett Drop it,Buttermilk Puuump,2024-W13-05,5,158.18,139.74,Mike Evans,WR,WR,True,False,False,,21.8,,Mike Evans,WR,,449.p.27535,27535,SF,yahoo_fantasy_api
2024,13,,4,api,Pop Lockett Drop it,Buttermilk Puuump,2024-W13-05,5,158.18,139.74,David Montgomery,RB,RB,True,False,False,,13.9,,David Montgomery,RB,,449.p.31905,31905,Hou,yahoo_fantasy_api
2024,13,,5,api,Pop Lockett Drop it,Buttermilk Puuump,2024-W13-05,5,158.18,139.74,Bijan Robinson,RB,RB,True,False,False,,22.5,,Bijan Robinson,RB,,449.p.40055,40055,Atl,yahoo_fantasy_api
2024,13,,6,api,Pop Lockett Drop it,Buttermilk Puuump,2024-W13-05,5,158.18,139.74,Trey McBride,TE,TE,True,False,False,,15.6,,Trey McBride,TE,,449.p.34010,34010,Ari,yahoo_fantasy_api
2024,13,,7,api,Pop Lockett Drop it,Buttermilk Puuump,2024-W13-05,5,158.18,139.74,Rico Dowdle,RB,W/R/T,True,False,False,,19.8,,Rico Dowdle,RB,,449.p.33100,33100,Pit,yahoo_fantasy_api
2024,13,,8,api,Pop Lockett Drop it,Buttermilk Puuump,2024-W13-05,5,158.18,139.74,Jameson Williams,WR,BN,False,True,False,,7.1,,Jameson Williams,WR,,449.p.33967,33967,Det,yahoo_fantasy_api
2024,13,,9,api,Pop Lockett Drop it,Buttermilk Puuump,2024-W13-05,5,158.18,139.74,DeVonta Smith,WR,BN,False,True,False,,0.0,,DeVonta Smith,WR,,449.p.33398,33398,Phi,yahoo_fantasy_api
2024,13,,10,api,Pop Lockett Drop it,Buttermilk Puuump,2024-W13-05,5,158.18,139.74,Rome Odunze,WR,BN,False,True,False,,3.5,,Rome Odunze,WR,,449.p.40901,40901,Chi,yahoo_fantasy_api
2024,13,,11,api,Pop Lockett Drop it,Buttermilk Puuump,2024-W13-05,5,158.18,139.74,Zack Moss,RB,BN,False,True,False,,0.0,,Zack Moss,RB,,449.p.32756,32756,Cin,yahoo_fantasy_api
2024,13,,12,api,Pop Lockett Drop it,Buttermilk Puuump,2024-W13-05,5,158.18,139.74,Jonnu Smith,TE,BN,False,True,False,,16.3,,Jonnu Smith,TE,,449.p.30213,30213,GB,yahoo_fantasy_api
2024,13,,13,api,Pop Lockett Drop it,Buttermilk Puuump,2024-W13-05,5,158.18,139.74,Roschon Johnson,RB,BN,False,True,False,,0.0,,Roschon Johnson,RB,,449.p.40162,40162,Chi,yahoo_fantasy_api
2024,13,,14,api,Pop Lockett Drop it,Buttermilk Puuump,2024-W13-05,5,158.18,139.74,Ka'imi Fairbairn,K,K,True,False,False,,13.0,,Ka'imi Fairbairn,K,,449.p.29792,29792,Hou,yahoo_fantasy_api
2024,13,,15,api,Pop Lockett Drop it,Buttermilk Puuump,2024-W13-05,5,158.18,139.74,Cowboys,DEF,DEF,True,False,False,,17.0,,Cowboys,DEF,,449.p.100006,100006,Dal,yahoo_fantasy_api
2024,13,,1,api,Post Mahomes,ThreatLevelMidnight,2024-W13-04,4,113.58,91.3,Lamar Jackson,QB,QB,True,False,False,,29.38,,Lamar Jackson,QB,,449.p.31002,31002,Bal,yahoo_fantasy_api
2024,13,,2,api,Post Mahomes,ThreatLevelMidnight,2024-W13-04,4,113.58,91.3,Tee Higgins,WR,WR,True,False,False,,15.4,,Tee Higgins,WR,,449.p.32703,32703,Cin,yahoo_fantasy_api
2024,13,,3,api,Post Mahomes,ThreatLevelMidnight,2024-W13-04,4,113.58,91.3,Deebo Samuel Sr.,WR,WR,True,False,False,,2.0,,Deebo Samuel Sr.,WR,,449.p.31868,31868,SF,yahoo_fantasy_api
2024,13,,4,api,Post Mahomes,ThreatLevelMidnight,2024-W13-04,4,113.58,91.3,Jahmyr Gibbs,RB,RB,True,False,False,,9.4,,Jahmyr Gibbs,RB,,449.p.40059,40059,Det,yahoo_fantasy_api
2024,13,,5,api,Post Mahomes,ThreatLevelMidnight,2024-W13-04,4,113.58,91.3,Kyren Williams,RB,RB,True,False,False,,17.8,,Kyren Williams,RB,,449.p.34120,34120,LAR,yahoo_fantasy_api
2024,13,,6,api,Post Mahomes,ThreatLevelMidnight,2024-W13-04,4,113.58,91.3,Brock Bowers,TE,TE,True,False,False,,25.2,,Brock Bowers,TE,,449.p.40878,40878,LV,yahoo_fantasy_api
2024,13,,7,api,Post Mahomes,ThreatLevelMidnight,2024-W13-04,4,113.58,91.3,Isiah Pacheco,RB,W/R/T,True,False,False,,5.4,,Isiah Pacheco,RB,,449.p.34207,34207,Det,yahoo_fantasy_api
2024,13,,8,api,Post Mahomes,ThreatLevelMidnight,2024-W13-04,4,113.58,91.3,Amari Cooper,WR,BN,False,True,False,,2.7,,Amari Cooper,WR,,449.p.28392,28392,Buf,yahoo_fantasy_api
2024,13,,9,api,Post Mahomes,ThreatLevelMidnight,2024-W13-04,4,113.58,91.3,T.J. Hockenson,TE,BN,False,True,False,,4.3,,T.J. Hockenson,TE,,449.p.31840,31840,Min,yahoo_fantasy_api
2024,13,,10,api,Post Mahomes,ThreatLevelMidnight,2024-W13-04,4,113.58,91.3,Darnell Mooney,WR,BN,False,True,False,,3.5,,Darnell Mooney,WR,,449.p.32843,32843,NYG,yahoo_fantasy_api
2024,13,,11,api,Post Mahomes,ThreatLevelMidnight,2024-W13-04,4,113.58,91.3,Michael Pittman Jr.,WR,BN,False,True,False,,6.7,,Michael Pittman Jr.,WR,,449.p.32704,32704,Pit,yahoo_fantasy_api
2024,13,,12,api,Post Mahomes,ThreatLevelMidnight,2024-W13-04,4,113.58,91.3,Taysom Hill,"QB,TE",BN,False,True,False,,7.2,,Taysom Hill,"QB,TE",,449.p.30614,30614,NO,yahoo_fantasy_api
2024,13,,13,api,Post Mahomes,ThreatLevelMidnight,2024-W13-04,4,113.58,91.3,Braelon Allen,RB,BN,False,True,False,,3.7,,Braelon Allen,RB,,449.p.40981,40981,NYJ,yahoo_fantasy_api
2024,13,,14,api,Post Mahomes,ThreatLevelMidnight,2024-W13-04,4,113.58,91.3,Hollywood Brown,WR,IR,False,False,True,,0.0,,Hollywood Brown,WR,,449.p.31857,31857,Phi,yahoo_fantasy_api
2024,13,,15,api,Post Mahomes,ThreatLevelMidnight,2024-W13-04,4,113.58,91.3,Jason Sanders,K,K,True,False,False,,3.0,,Jason Sanders,K,,449.p.31199,31199,NYJ,yahoo_fantasy_api
2024,13,,16,api,Post Mahomes,ThreatLevelMidnight,2024-W13-04,4,113.58,91.3,Chiefs,DEF,DEF,True,False,False,,6.0,,Chiefs,DEF,,449.p.100012,100012,KC,yahoo_fantasy_api
2024,13,,1,api,The Big Gronkowski,Ginger FC 🏆🏆,2024-W13-01,1,119.06,105.86,Joe Burrow,QB,QB,True,False,False,,26.26,,Joe Burrow,QB,,449.p.32671,32671,Cin,yahoo_fantasy_api
2024,13,,2,api,The Big Gronkowski,Ginger FC 🏆🏆,2024-W13-01,1,119.06,105.86,Justin Jefferson,WR,WR,True,False,False,,13.4,,Justin Jefferson,WR,,449.p.32692,32692,Min,yahoo_fantasy_api
2024,13,,3,api,The Big Gronkowski,Ginger FC 🏆🏆,2024-W13-01,1,119.06,105.86,DJ Moore,WR,WR,True,False,False,,19.7,,DJ Moore,WR,,449.p.30994,30994,Buf,yahoo_fantasy_api
2024,13,,4,api,The Big Gronkowski,Ginger FC 🏆🏆,2024-W13-01,1,119.06,105.86,Javonte Williams,RB,RB,True,False,False,,6.9,,Javonte Williams,RB,,449.p.33423,33423,Dal,yahoo_fantasy_api
2024,13,,5,api,The Big Gronkowski,Ginger FC 🏆🏆,2024-W13-01,1,119.06,105.86,Alvin Kamara,RB,RB,True,False,False,,13.9,,Alvin Kamara,RB,,449.p.30180,30180,NO,yahoo_fantasy_api
2024,13,,6,api,The Big Gronkowski,Ginger FC 🏆🏆,2024-W13-01,1,119.06,105.86,Jake Ferguson,TE,TE,True,False,False,,0.0,,Jake Ferguson,TE,,449.p.34085,34085,Dal,yahoo_fantasy_api
2024,13,,7,api,The Big Gronkowski,Ginger FC 🏆🏆,2024-W13-01,1,119.06,105.86,Jaxon Smith-Njigba,WR,W/R/T,True,False,False,,9.9,,Jaxon Smith-Njigba,WR,,449.p.40041,40041,Sea,yahoo_fantasy_api
2024,13,,8,api,The Big Gronkowski,Ginger FC 🏆🏆,2024-W13-01,1,119.06,105.86,Isaiah Likely,TE,BN,False,True,False,,12.3,,Isaiah Likely,TE,,449.p.34095,34095,NYG,yahoo_fantasy_api
2024,13,,9,api,The Big Gronkowski,Ginger FC 🏆🏆,2024-W13-01,1,119.06,105.86,Ameer Abdullah,RB,BN,False,True,False,,6.3,,Ameer Abdullah,RB,,449.p.28442,28442,Jax,yahoo_fantasy_api
2024,13,,10,api,The Big Gronkowski,Ginger FC 🏆🏆,2024-W13-01,1,119.06,105.86,Matthew Stafford,QB,BN,False,True,False,,19.62,,Matthew Stafford,QB,,449.p.9265,9265,LAR,yahoo_fantasy_api
2024,13,,11,api,The Big Gronkowski,Ginger FC 🏆🏆,2024-W13-01,1,119.06,105.86,Chris Olave,WR,BN,False,True,False,,0.0,,Chris Olave,WR,,449.p.33966,33966,NO,yahoo_fantasy_api
2024,13,,12,api,The Big Gronkowski,Ginger FC 🏆🏆,2024-W13-01,1,119.06,105.86,Christian Watson,WR,BN,False,True,False,,7.7,,Christian Watson,WR,,449.p.33989,33989,GB,yahoo_fantasy_api
2024,13,,13,api,The Big Gronkowski,Ginger FC 🏆🏆,2024-W13-01,1,119.06,105.86,Brandon Aubrey,K,K,True,False,False,,9.0,,Brandon Aubrey,K,,449.p.40819,40819,Dal,yahoo_fantasy_api
2024,13,,14,api,The Big Gronkowski,Ginger FC 🏆🏆,2024-W13-01,1,119.06,105.86,Broncos,DEF,DEF,True,False,False,,20.0,,Broncos,DEF,,449.p.100007,100007,Den,yahoo_fantasy_api
2024,13,,15,api,The Big Gronkowski,Ginger FC 🏆🏆,2024-W13-01,1,119.06,105.86,Bills,DEF,BN,False,True,False,,12.0,,Bills,DEF,,449.p.100002,100002,Buf,yahoo_fantasy_api
2024,13,,1,api,ThreatLevelMidnight,Post Mahomes,2024-W13-04,4,91.3,113.58,Baker Mayfield,QB,QB,True,False,False,,14.2,,Baker Mayfield,QB,,449.p.30971,30971,TB,yahoo_fantasy_api
2024,13,,2,api,ThreatLevelMidnight,Post Mahomes,2024-W13-04,4,91.3,113.58,DK Metcalf,WR,WR,True,False,False,,8.6,,DK Metcalf,WR,,449.p.31896,31896,Pit,yahoo_fantasy_api
2024,13,,3,api,ThreatLevelMidnight,Post Mahomes,2024-W13-04,4,91.3,113.58,Ja'Marr Chase,WR,WR,True,False,False,,17.6,,Ja'Marr Chase,WR,,449.p.33393,33393,Cin,yahoo_fantasy_api
2024,13,,4,api,ThreatLevelMidnight,Post Mahomes,2024-W13-04,4,91.3,113.58,Josh Jacobs,RB,RB,True,False,False,,19.7,,Josh Jacobs,RB,,449.p.31856,31856,GB,yahoo_fantasy_api
2024,13,,5,api,ThreatLevelMidnight,Post Mahomes,2024-W13-04,4,91.3,113.58,James Conner,RB,RB,True,False,False,,9.6,,James Conner,RB,,449.p.30218,30218,Ari,yahoo_fantasy_api
2024,13,,6,api,ThreatLevelMidnight,Post Mahomes,2024-W13-04,4,91.3,113.58,Tucker Kraft,TE,TE,True,False,False,,10.8,,Tucker Kraft,TE,,449.p.40102,40102,GB,yahoo_fantasy_api
2024,13,,7,api,ThreatLevelMidnight,Post Mahomes,2024-W13-04,4,91.3,113.58,Gus Edwards,RB,W/R/T,True,False,False,,3.8,,Gus Edwards,RB,,449.p.31424,31424,LAC,yahoo_fantasy_api
2024,13,,8,api,ThreatLevelMidnight,Post Mahomes,2024-W13-04,4,91.3,113.58,Jaylen Warren,RB,BN,False,True,False,,8.4,,Jaylen Warren,RB,,449.p.34447,34447,Pit,yahoo_fantasy_api
2024,13,,9,api,ThreatLevelMidnight,Post Mahomes,2024-W13-04,4,91.3,113.58,Keon Coleman,WR,BN,False,True,False,,0.0,,Keon Coleman,WR,,449.p.40911,40911,Buf,yahoo_fantasy_api
2024,13,,10,api,ThreatLevelMidnight,Post Mahomes,2024-W13-04,4,91.3,113.58,Kyler Murray,QB,BN,False,True,False,,19.2,,Kyler Murray,QB,,449.p.31833,31833,Min,yahoo_fantasy_api
2024,13,,11,api,ThreatLevelMidnight,Post Mahomes,2024-W13-04,4,91.3,113.58,Trey Benson,RB,BN,False,True,False,,2.0,,Trey Benson,RB,,449.p.40958,40958,Ari,yahoo_fantasy_api
2024,13,,12,api,ThreatLevelMidnight,Post Mahomes,2024-W13-04,4,91.3,113.58,Cam Akers,RB,BN,False,True,False,,2.2,,Cam Akers,RB,,449.p.32722,32722,Sea,yahoo_fantasy_api
2024,13,,13,api,ThreatLevelMidnight,Post Mahomes,2024-W13-04,4,91.3,113.58,Chris Godwin Jr.,WR,IR,False,False,True,,0.0,,Chris Godwin Jr.,WR,,449.p.30197,30197,TB,yahoo_fantasy_api
2024,13,,14,api,ThreatLevelMidnight,Post Mahomes,2024-W13-04,4,91.3,113.58,Jake Moody,K,K,True,False,False,,4.0,,Jake Moody,K,,449.p.40129,40129,Bal,yahoo_fantasy_api
2024,13,,15,api,ThreatLevelMidnight,Post Mahomes,2024-W13-04,4,91.3,113.58,Texans,DEF,DEF,True,False,False,,3.0,,Texans,DEF,,449.p.100034,100034,Hou,yahoo_fantasy_api
2024,13,,1,api,Uncle Rico,Malle ❤️ 🐸,2024-W13-02,2,88.04,81.22,Patrick Mahomes,QB,QB,True,False,False,,18.64,,Patrick Mahomes,QB,,449.p.30123,30123,KC,yahoo_fantasy_api
2024,13,,2,api,Uncle Rico,Malle ❤️ 🐸,2024-W13-02,2,88.04,81.22,Zay Flowers,WR,WR,True,False,False,,8.6,,Zay Flowers,WR,,449.p.40039,40039,Bal,yahoo_fantasy_api
2024,13,,3,api,Uncle Rico,Malle ❤️ 🐸,2024-W13-02,2,88.04,81.22,Jauan Jennings,WR,WR,True,False,False,,7.1,,Jauan Jennings,WR,,449.p.32887,32887,Min,yahoo_fantasy_api
2024,13,,4,api,Uncle Rico,Malle ❤️ 🐸,2024-W13-02,2,88.04,81.22,Derrick Henry,RB,RB,True,False,False,,12.6,,Derrick Henry,RB,,449.p.29279,29279,Bal,yahoo_fantasy_api
2024,13,,5,api,Uncle Rico,Malle ❤️ 🐸,2024-W13-02,2,88.04,81.22,D'Andre Swift,RB,RB,True,False,False,,8.4,,D'Andre Swift,RB,,449.p.32705,32705,Chi,yahoo_fantasy_api
2024,13,,6,api,Uncle Rico,Malle ❤️ 🐸,2024-W13-02,2,88.04,81.22,Mark Andrews,TE,TE,True,False,False,,15.9,,Mark Andrews,TE,,449.p.31056,31056,Bal,yahoo_fantasy_api
2024,13,,7,api,Uncle Rico,Malle ❤️ 🐸,2024-W13-02,2,88.04,81.22,Tank Dell,WR,W/R/T,True,False,False,,2.8,,Tank Dell,WR,,449.p.40097,40097,Hou,yahoo_fantasy_api
2024,13,,8,api,Uncle Rico,Malle ❤️ 🐸,2024-W13-02,2,88.04,81.22,Davante Adams,WR,BN,False,True,False,,15.1,,Davante Adams,WR,,449.p.27581,27581,LAR,yahoo_fantasy_api
2024,13,,9,api,Uncle Rico,Malle ❤️ 🐸,2024-W13-02,2,88.04,81.22,Austin Ekeler,RB,BN,False,True,False,,0.0,,Austin Ekeler,RB,,449.p.30423,30423,Was,yahoo_fantasy_api
2024,13,,10,api,Uncle Rico,Malle ❤️ 🐸,2024-W13-02,2,88.04,81.22,Geno Smith,QB,BN,False,True,False,,14.44,,Geno Smith,QB,,449.p.26662,26662,NYJ,yahoo_fantasy_api
2024,13,,11,api,Uncle Rico,Malle ❤️ 🐸,2024-W13-02,2,88.04,81.22,Zach Charbonnet,RB,BN,False,True,False,,11.1,,Zach Charbonnet,RB,,449.p.40075,40075,Sea,yahoo_fantasy_api
2024,13,,12,api,Uncle Rico,Malle ❤️ 🐸,2024-W13-02,2,88.04,81.22,Romeo Doubs,WR,BN,False,True,False,,0.0,,Romeo Doubs,WR,,449.p.34088,34088,NE,yahoo_fantasy_api
2024,13,,13,api,Uncle Rico,Malle ❤️ 🐸,2024-W13-02,2,88.04,81.22,Jonathon Brooks,RB,BN,False,True,False,,5.6,,Jonathon Brooks,RB,,449.p.40926,40926,Car,yahoo_fantasy_api
2024,13,,14,api,Uncle Rico,Malle ❤️ 🐸,2024-W13-02,2,88.04,81.22,Jason Myers,K,K,True,False,False,,11.0,,Jason Myers,K,,449.p.28378,28378,Sea,yahoo_fantasy_api
2024,13,,15,api,Uncle Rico,Malle ❤️ 🐸,2024-W13-02,2,88.04,81.22,Browns,DEF,DEF,True,False,False,,3.0,,Browns,DEF,,449.p.100005,100005,Cle,yahoo_fantasy_api
2024,13,,1,api,Voldemort,Joe Mantegna,2024-W13-03,3,97.62,130.4,Josh Allen,QB,QB,True,False,False,,32.42,,Josh Allen,QB,,449.p.30977,30977,Buf,yahoo_fantasy_api
2024,13,,2,api,Voldemort,Joe Mantegna,2024-W13-03,3,97.62,130.4,Puka Nacua,WR,WR,True,False,False,,14.8,,Puka Nacua,WR,,449.p.40168,40168,LAR,yahoo_fantasy_api
2024,13,,3,api,Voldemort,Joe Mantegna,2024-W13-03,3,97.62,130.4,Calvin Ridley,WR,WR,True,False,False,,5.5,,Calvin Ridley,WR,,449.p.30996,30996,Ten,yahoo_fantasy_api
2024,13,,4,api,Voldemort,Joe Mantegna,2024-W13-03,3,97.62,130.4,Jonathan Taylor,RB,RB,True,False,False,,16.8,,Jonathan Taylor,RB,,449.p.32711,32711,Ind,yahoo_fantasy_api
2024,13,,5,api,Voldemort,Joe Mantegna,2024-W13-03,3,97.62,130.4,Kenneth Walker III,RB,RB,True,False,False,,5.6,,Kenneth Walker III,RB,,449.p.33996,33996,KC,yahoo_fantasy_api
2024,13,,6,api,Voldemort,Joe Mantegna,2024-W13-03,3,97.62,130.4,Will Dissly,TE,TE,True,False,False,,0.0,,Will Dissly,TE,,449.p.31090,31090,LAC,yahoo_fantasy_api
2024,13,,7,api,Voldemort,Joe Mantegna,2024-W13-03,3,97.62,130.4,Chase Brown,RB,W/R/T,True,False,False,,17.5,,Chase Brown,RB,,449.p.40196,40196,Cin,yahoo_fantasy_api
2024,13,,8,api,Voldemort,Joe Mantegna,2024-W13-03,3,97.62,130.4,J.K. Dobbins,RB,BN,False,True,False,,0.0,,J.K. Dobbins,RB,,449.p.32725,32725,Den,yahoo_fantasy_api
2024,13,,9,api,Voldemort,Joe Mantegna,2024-W13-03,3,97.62,130.4,Bo Nix,QB,BN,False,True,False,,16.16,,Bo Nix,QB,,449.p.40875,40875,Den,yahoo_fantasy_api
2024,13,,10,api,Voldemort,Joe Mantegna,2024-W13-03,3,97.62,130.4,DeAndre Hopkins,WR,BN,False,True,False,,11.0,,DeAndre Hopkins,WR,,449.p.26650,26650,Bal,yahoo_fantasy_api
2024,13,,11,api,Voldemort,Joe Mantegna,2024-W13-03,3,97.62,130.4,Chuba Hubbard,RB,BN,False,True,False,,2.3,,Chuba Hubbard,RB,,449.p.33514,33514,Car,yahoo_fantasy_api
2024,13,,12,api,Voldemort,Joe Mantegna,2024-W13-03,3,97.62,130.4,Khalil Shakir,WR,BN,False,True,False,,5.0,,Khalil Shakir,WR,,449.p.34104,34104,Buf,yahoo_fantasy_api
2024,13,,13,api,Voldemort,Joe Mantegna,2024-W13-03,3,97.62,130.4,Travis Etienne Jr.,RB,BN,False,True,False,,7.3,,Travis Etienne Jr.,RB,,449.p.33413,33413,NO,yahoo_fantasy_api
2024,13,,14,api,Voldemort,Joe Mantegna,2024-W13-03,3,97.62,130.4,Dalton Kincaid,TE,IR,False,False,True,,0.0,,Dalton Kincaid,TE,,449.p.40048,40048,Buf,yahoo_fantasy_api
2024,13,,15,api,Voldemort,Joe Mantegna,2024-W13-03,3,97.62,130.4,Cairo Santos,K,K,True,False,False,,2.0,,Cairo Santos,K,,449.p.28227,28227,Chi,yahoo_fantasy_api
2024,13,,16,api,Voldemort,Joe Mantegna,2024-W13-03,3,97.62,130.4,Buccaneers,DEF,DEF,True,False,False,,3.0,,Buccaneers,DEF,,449.p.100027,100027,TB,yahoo_fantasy_api
2024,13,,1,api,malle_dips_pouches,Patty Primetimes,2024-W13-06,6,137.1,122.14,Sam Darnold,QB,QB,True,False,False,,23.6,,Sam Darnold,QB,,449.p.30973,30973,Sea,yahoo_fantasy_api
2024,13,,2,api,malle_dips_pouches,Patty Primetimes,2024-W13-06,6,137.1,122.14,A.J. Brown,WR,WR,True,False,False,,9.1,,A.J. Brown,WR,,449.p.31883,31883,NE,yahoo_fantasy_api
2024,13,,3,api,malle_dips_pouches,Patty Primetimes,2024-W13-06,6,137.1,122.14,Drake London,WR,WR,True,False,False,,12.8,,Drake London,WR,,449.p.33963,33963,Atl,yahoo_fantasy_api
2024,13,,4,api,malle_dips_pouches,Patty Primetimes,2024-W13-06,6,137.1,122.14,Joe Mixon,RB,RB,True,False,False,,19.9,,Joe Mixon,RB,,449.p.30161,30161,Hou,yahoo_fantasy_api
2024,13,,5,api,malle_dips_pouches,Patty Primetimes,2024-W13-06,6,137.1,122.14,Brian Robinson,RB,RB,True,False,False,,17.4,,Brian Robinson,RB,,449.p.34054,34054,Atl,yahoo_fantasy_api
2024,13,,6,api,malle_dips_pouches,Patty Primetimes,2024-W13-06,6,137.1,122.14,Sam LaPorta,TE,TE,True,False,False,,14.1,,Sam LaPorta,TE,,449.p.40064,40064,Det,yahoo_fantasy_api
2024,13,,7,api,malle_dips_pouches,Patty Primetimes,2024-W13-06,6,137.1,122.14,Courtland Sutton,WR,W/R/T,True,False,False,,13.2,,Courtland Sutton,WR,,449.p.31010,31010,Den,yahoo_fantasy_api
2024,13,,8,api,malle_dips_pouches,Patty Primetimes,2024-W13-06,6,137.1,122.14,Rhamondre Stevenson,RB,BN,False,True,False,,10.9,,Rhamondre Stevenson,RB,,449.p.33508,33508,NE,yahoo_fantasy_api
2024,13,,9,api,malle_dips_pouches,Patty Primetimes,2024-W13-06,6,137.1,122.14,Josh Downs,WR,BN,False,True,False,,0.0,,Josh Downs,WR,,449.p.40126,40126,Ind,yahoo_fantasy_api
2024,13,,10,api,malle_dips_pouches,Patty Primetimes,2024-W13-06,6,137.1,122.14,Kyle Pitts Sr.,TE,BN,False,True,False,,0.0,,Kyle Pitts Sr.,TE,,449.p.33392,33392,Atl,yahoo_fantasy_api
2024,13,,11,api,malle_dips_pouches,Patty Primetimes,2024-W13-06,6,137.1,122.14,Jaylen Waddle,WR,BN,False,True,False,,9.3,,Jaylen Waddle,WR,,449.p.33394,33394,Den,yahoo_fantasy_api
2024,13,,12,api,malle_dips_pouches,Patty Primetimes,2024-W13-06,6,137.1,122.14,Antonio Gibson,RB,BN,False,True,False,,12.2,,Antonio Gibson,RB,,449.p.32736,32736,NE,yahoo_fantasy_api
2024,13,,13,api,malle_dips_pouches,Patty Primetimes,2024-W13-06,6,137.1,122.14,Pat Freiermuth,TE,BN,False,True,False,,15.8,,Pat Freiermuth,TE,,449.p.33443,33443,Pit,yahoo_fantasy_api
2024,13,,14,api,malle_dips_pouches,Patty Primetimes,2024-W13-06,6,137.1,122.14,Cameron Dicker,K,K,True,False,False,,12.0,,Cameron Dicker,K,,449.p.34344,34344,LAC,yahoo_fantasy_api
2024,13,,15,api,malle_dips_pouches,Patty Primetimes,2024-W13-06,6,137.1,122.14,Steelers,DEF,DEF,True,False,False,,15.0,,Steelers,DEF,,449.p.100023,100023,Pit,yahoo_fantasy_api
2024,14,,1,api,Buttermilk Puuump,The Big Gronkowski,2024-W14-01,1,133.32,105.66,Jared Goff,QB,QB,True,False,False,,29.02,,Jared Goff,QB,,449.p.29235,29235,Det,yahoo_fantasy_api
2024,14,,2,api,Buttermilk Puuump,The Big Gronkowski,2024-W14-01,1,133.32,105.66,Amon-Ra St. Brown,WR,WR,True,False,False,,7.8,,Amon-Ra St. Brown,WR,,449.p.33500,33500,Det,yahoo_fantasy_api
2024,14,,3,api,Buttermilk Puuump,The Big Gronkowski,2024-W14-01,1,133.32,105.66,Tyreek Hill,WR,WR,True,False,False,,23.1,,Tyreek Hill,WR,,449.p.29399,29399,Mia,yahoo_fantasy_api
2024,14,,4,api,Buttermilk Puuump,The Big Gronkowski,2024-W14-01,1,133.32,105.66,Najee Harris,RB,RB,True,False,False,,11.3,,Najee Harris,RB,,449.p.33412,33412,NYG,yahoo_fantasy_api
2024,14,,5,api,Buttermilk Puuump,The Big Gronkowski,2024-W14-01,1,133.32,105.66,Rachaad White,RB,RB,True,False,False,,23.9,,Rachaad White,RB,,449.p.34047,34047,Was,yahoo_fantasy_api
2024,14,,6,api,Buttermilk Puuump,The Big Gronkowski,2024-W14-01,1,133.32,105.66,David Njoku,TE,TE,True,False,False,,13.7,,David Njoku,TE,,449.p.30142,30142,LAC,yahoo_fantasy_api
2024,14,,7,api,Buttermilk Puuump,The Big Gronkowski,2024-W14-01,1,133.32,105.66,Keenan Allen,WR,W/R/T,True,False,False,,4.5,,Keenan Allen,WR,,449.p.26699,26699,Ind,yahoo_fantasy_api
2024,14,,8,api,Buttermilk Puuump,The Big Gronkowski,2024-W14-01,1,133.32,105.66,Jordan Addison,WR,BN,False,True,False,,35.3,,Jordan Addison,WR,,449.p.40042,40042,Min,yahoo_fantasy_api
2024,14,,9,api,Buttermilk Puuump,The Big Gronkowski,2024-W14-01,1,133.32,105.66,Tyjae Spears,RB,BN,False,True,False,,2.8,,Tyjae Spears,RB,,449.p.40119,40119,Ten,yahoo_fantasy_api
2024,14,,10,api,Buttermilk Puuump,The Big Gronkowski,2024-W14-01,1,133.32,105.66,Raheem Mostert,RB,BN,False,True,False,,0.0,,Raheem Mostert,RB,,449.p.28654,28654,LV,yahoo_fantasy_api
2024,14,,11,api,Buttermilk Puuump,The Big Gronkowski,2024-W14-01,1,133.32,105.66,Mike Gesicki,TE,BN,False,True,False,,3.9,,Mike Gesicki,TE,,449.p.31012,31012,Cin,yahoo_fantasy_api
2024,14,,12,api,Buttermilk Puuump,The Big Gronkowski,2024-W14-01,1,133.32,105.66,Jerry Jeudy,WR,BN,False,True,False,,14.9,,Jerry Jeudy,WR,,449.p.32685,32685,Cle,yahoo_fantasy_api
2024,14,,13,api,Buttermilk Puuump,The Big Gronkowski,2024-W14-01,1,133.32,105.66,Aaron Rodgers,QB,BN,False,True,False,,19.56,,Aaron Rodgers,QB,,449.p.7200,7200,Pit,yahoo_fantasy_api
2024,14,,14,api,Buttermilk Puuump,The Big Gronkowski,2024-W14-01,1,133.32,105.66,Jake Bates,K,K,True,False,False,,11.0,,Jake Bates,K,,449.p.40835,40835,Det,yahoo_fantasy_api
2024,14,,15,api,Buttermilk Puuump,The Big Gronkowski,2024-W14-01,1,133.32,105.66,Titans,DEF,DEF,True,False,False,,9.0,,Titans,DEF,,449.p.100010,100010,Ten,yahoo_fantasy_api
2024,14,,1,api,Ginger FC 🏆🏆,Post Mahomes,2024-W14-06,6,99.04,103.32,Jordan Love,QB,QB,True,False,False,,16.54,,Jordan Love,QB,,449.p.32696,32696,GB,yahoo_fantasy_api
2024,14,,2,api,Ginger FC 🏆🏆,Post Mahomes,2024-W14-06,6,99.04,103.32,Brian Thomas Jr.,WR,WR,True,False,False,,12.6,,Brian Thomas Jr.,WR,,449.p.40883,40883,Jax,yahoo_fantasy_api
2024,14,,3,api,Ginger FC 🏆🏆,Post Mahomes,2024-W14-06,6,99.04,103.32,Quentin Johnston,WR,WR,True,False,False,,13.3,,Quentin Johnston,WR,,449.p.40051,40051,LAC,yahoo_fantasy_api
2024,14,,4,api,Ginger FC 🏆🏆,Post Mahomes,2024-W14-06,6,99.04,103.32,De'Von Achane,RB,RB,True,False,False,,15.9,,De'Von Achane,RB,,449.p.40118,40118,Mia,yahoo_fantasy_api
2024,14,,5,api,Ginger FC 🏆🏆,Post Mahomes,2024-W14-06,6,99.04,103.32,Nick Chubb,RB,RB,True,False,False,,4.8,,Nick Chubb,RB,,449.p.31005,31005,Hou,yahoo_fantasy_api
2024,14,,6,api,Ginger FC 🏆🏆,Post Mahomes,2024-W14-06,6,99.04,103.32,Cade Otton,TE,TE,True,False,False,,8.5,,Cade Otton,TE,,449.p.34062,34062,TB,yahoo_fantasy_api
2024,14,,7,api,Ginger FC 🏆🏆,Post Mahomes,2024-W14-06,6,99.04,103.32,Kareem Hunt,RB,W/R/T,True,False,False,,3.4,,Kareem Hunt,RB,,449.p.30199,30199,KC,yahoo_fantasy_api
2024,14,,8,api,Ginger FC 🏆🏆,Post Mahomes,2024-W14-06,6,99.04,103.32,Alexander Mattison,RB,BN,False,True,False,,0.0,,Alexander Mattison,RB,,449.p.31934,31934,Mia,yahoo_fantasy_api
2024,14,,9,api,Ginger FC 🏆🏆,Post Mahomes,2024-W14-06,6,99.04,103.32,Christian McCaffrey,RB,BN,False,True,False,,0.0,,Christian McCaffrey,RB,,449.p.30121,30121,SF,yahoo_fantasy_api
2024,14,,10,api,Ginger FC 🏆🏆,Post Mahomes,2024-W14-06,6,99.04,103.32,DeMario Douglas,WR,BN,False,True,False,,0.0,,DeMario Douglas,WR,,449.p.40222,40222,NE,yahoo_fantasy_api
2024,14,,11,api,Ginger FC 🏆🏆,Post Mahomes,2024-W14-06,6,99.04,103.32,Kirk Cousins,QB,BN,False,True,False,,11.76,,Kirk Cousins,QB,,449.p.25812,25812,LV,yahoo_fantasy_api
2024,14,,12,api,Ginger FC 🏆🏆,Post Mahomes,2024-W14-06,6,99.04,103.32,Stefon Diggs,WR,IR,False,False,True,,0.0,,Stefon Diggs,WR,,449.p.28534,28534,Was,yahoo_fantasy_api
2024,14,,13,api,Ginger FC 🏆🏆,Post Mahomes,2024-W14-06,6,99.04,103.32,Chris Boswell,K,K,True,False,False,,11.0,,Chris Boswell,K,,449.p.28188,28188,Pit,yahoo_fantasy_api
2024,14,,14,api,Ginger FC 🏆🏆,Post Mahomes,2024-W14-06,6,99.04,103.32,49ers,DEF,DEF,True,False,False,,13.0,,49ers,DEF,,449.p.100025,100025,SF,yahoo_fantasy_api
2024,14,,15,api,Ginger FC 🏆🏆,Post Mahomes,2024-W14-06,6,99.04,103.32,Lions,DEF,BN,False,True,False,,2.0,,Lions,DEF,,449.p.100008,100008,Det,yahoo_fantasy_api
2024,14,,1,api,Joe Mantegna,malle_dips_pouches,2024-W14-04,4,57.44,126.18,Tua Tagovailoa,QB,QB,True,False,False,,27.54,,Tua Tagovailoa,QB,,449.p.32675,32675,Atl,yahoo_fantasy_api
2024,14,,2,api,Joe Mantegna,malle_dips_pouches,2024-W14-04,4,57.44,126.18,George Pickens,WR,WR,True,False,False,,0.0,,George Pickens,WR,,449.p.34007,34007,Dal,yahoo_fantasy_api
2024,14,,3,api,Joe Mantegna,malle_dips_pouches,2024-W14-04,4,57.44,126.18,Malik Nabers,WR,WR,True,False,False,,12.4,,Malik Nabers,WR,,449.p.40899,40899,NYG,yahoo_fantasy_api
2024,14,,4,api,Joe Mantegna,malle_dips_pouches,2024-W14-04,4,57.44,126.18,Bucky Irving,RB,RB,True,False,False,,2.3,,Bucky Irving,RB,,449.p.40993,40993,TB,yahoo_fantasy_api
2024,14,,5,api,Joe Mantegna,malle_dips_pouches,2024-W14-04,4,57.44,126.18,James Cook III,RB,RB,True,False,False,,3.9,,James Cook III,RB,,449.p.34019,34019,Buf,yahoo_fantasy_api
2024,14,,6,api,Joe Mantegna,malle_dips_pouches,2024-W14-04,4,57.44,126.18,Evan Engram,TE,TE,True,False,False,,5.3,,Evan Engram,TE,,449.p.30136,30136,Den,yahoo_fantasy_api
2024,14,,7,api,Joe Mantegna,malle_dips_pouches,2024-W14-04,4,57.44,126.18,Demarcus Robinson,WR,W/R/T,True,False,False,,0.0,,Demarcus Robinson,WR,,449.p.29360,29360,SF,yahoo_fantasy_api
2024,14,,8,api,Joe Mantegna,malle_dips_pouches,2024-W14-04,4,57.44,126.18,Nico Collins,WR,BN,False,True,False,,0.0,,Nico Collins,WR,,449.p.33477,33477,Hou,yahoo_fantasy_api
2024,14,,9,api,Joe Mantegna,malle_dips_pouches,2024-W14-04,4,57.44,126.18,Dalton Schultz,TE,BN,False,True,False,,0.0,,Dalton Schultz,TE,,449.p.31107,31107,Hou,yahoo_fantasy_api
2024,14,,10,api,Joe Mantegna,malle_dips_pouches,2024-W14-04,4,57.44,126.18,Jerome Ford,RB,BN,False,True,False,,6.2,,Jerome Ford,RB,,449.p.34112,34112,Min,yahoo_fantasy_api
2024,14,,11,api,Joe Mantegna,malle_dips_pouches,2024-W14-04,4,57.44,126.18,Brock Purdy,QB,BN,False,True,False,,26.1,,Brock Purdy,QB,,449.p.34218,34218,SF,yahoo_fantasy_api
2024,14,,12,api,Joe Mantegna,malle_dips_pouches,2024-W14-04,4,57.44,126.18,Garrett Wilson,WR,BN,False,True,False,,14.9,,Garrett Wilson,WR,,449.p.33965,33965,NYJ,yahoo_fantasy_api
2024,14,,13,api,Joe Mantegna,malle_dips_pouches,2024-W14-04,4,57.44,126.18,Jakobi Meyers,WR,BN,False,True,False,,10.2,,Jakobi Meyers,WR,,449.p.32231,32231,Jax,yahoo_fantasy_api
2024,14,,14,api,Joe Mantegna,malle_dips_pouches,2024-W14-04,4,57.44,126.18,Dak Prescott,QB,IR,False,False,True,,0.0,,Dak Prescott,QB,,449.p.29369,29369,Dal,yahoo_fantasy_api
2024,14,,15,api,Joe Mantegna,malle_dips_pouches,2024-W14-04,4,57.44,126.18,Jake Elliott,K,K,True,False,False,,2.0,,Jake Elliott,K,,449.p.30266,30266,Phi,yahoo_fantasy_api
2024,14,,16,api,Joe Mantegna,malle_dips_pouches,2024-W14-04,4,57.44,126.18,Rams,DEF,DEF,True,False,False,,4.0,,Rams,DEF,,449.p.100014,100014,LAR,yahoo_fantasy_api
2024,14,,1,api,Malle ❤️ 🐸,Patty Primetimes,2024-W14-02,2,103.32,124.98,Jalen Hurts,QB,QB,True,False,False,,28.22,,Jalen Hurts,QB,,449.p.32723,32723,Phi,yahoo_fantasy_api
2024,14,,2,api,Malle ❤️ 🐸,Patty Primetimes,2024-W14-02,2,103.32,124.98,Tyler Lockett,WR,WR,True,False,False,,0.0,,Tyler Lockett,WR,,449.p.28457,28457,LV,yahoo_fantasy_api
2024,14,,3,api,Malle ❤️ 🐸,Patty Primetimes,2024-W14-02,2,103.32,124.98,Marvin Harrison Jr.,WR,WR,True,False,False,,6.9,,Marvin Harrison Jr.,WR,,449.p.40893,40893,Ari,yahoo_fantasy_api
2024,14,,4,api,Malle ❤️ 🐸,Patty Primetimes,2024-W14-02,2,103.32,124.98,Saquon Barkley,RB,RB,True,False,False,,14.4,,Saquon Barkley,RB,,449.p.30972,30972,Phi,yahoo_fantasy_api
2024,14,,5,api,Malle ❤️ 🐸,Patty Primetimes,2024-W14-02,2,103.32,124.98,Tank Bigsby,RB,RB,True,False,False,,12.7,,Tank Bigsby,RB,,449.p.40095,40095,Phi,yahoo_fantasy_api
2024,14,,6,api,Malle ❤️ 🐸,Patty Primetimes,2024-W14-02,2,103.32,124.98,Cole Kmet,TE,TE,True,False,False,,0.0,,Cole Kmet,TE,,449.p.32713,32713,Chi,yahoo_fantasy_api
2024,14,,7,api,Malle ❤️ 🐸,Patty Primetimes,2024-W14-02,2,103.32,124.98,George Kittle,TE,W/R/T,True,False,False,,18.1,,George Kittle,TE,,449.p.30259,30259,SF,yahoo_fantasy_api
2024,14,,8,api,Malle ❤️ 🐸,Patty Primetimes,2024-W14-02,2,103.32,124.98,Breece Hall,RB,BN,False,True,False,,0.0,,Breece Hall,RB,,449.p.33991,33991,NYJ,yahoo_fantasy_api
2024,14,,9,api,Malle ❤️ 🐸,Patty Primetimes,2024-W14-02,2,103.32,124.98,Jaleel McLaughlin,RB,BN,False,True,False,,0.0,,Jaleel McLaughlin,RB,,449.p.40696,40696,Cle,yahoo_fantasy_api
2024,14,,10,api,Malle ❤️ 🐸,Patty Primetimes,2024-W14-02,2,103.32,124.98,Ray-Ray McCloud III,WR,BN,False,True,False,,12.1,,Ray-Ray McCloud III,WR,,449.p.31157,31157,Chi,yahoo_fantasy_api
2024,14,,11,api,Malle ❤️ 🐸,Patty Primetimes,2024-W14-02,2,103.32,124.98,Rashid Shaheed,WR,BN,False,True,False,,0.0,,Rashid Shaheed,WR,,449.p.34659,34659,Sea,yahoo_fantasy_api
2024,14,,12,api,Malle ❤️ 🐸,Patty Primetimes,2024-W14-02,2,103.32,124.98,Matthew Wright,K,K,True,False,False,,16.0,,Matthew Wright,K,,449.p.32174,32174,Buf,yahoo_fantasy_api
2024,14,,13,api,Malle ❤️ 🐸,Patty Primetimes,2024-W14-02,2,103.32,124.98,Justin Tucker,K,BN,False,True,False,,0.0,,Justin Tucker,K,,449.p.26534,26534,Bal,yahoo_fantasy_api
2024,14,,14,api,Malle ❤️ 🐸,Patty Primetimes,2024-W14-02,2,103.32,124.98,Vikings,DEF,DEF,True,False,False,,7.0,,Vikings,DEF,,449.p.100016,100016,Min,yahoo_fantasy_api
2024,14,,15,api,Malle ❤️ 🐸,Patty Primetimes,2024-W14-02,2,103.32,124.98,Chargers,DEF,BN,False,True,False,,4.0,,Chargers,DEF,,449.p.100024,100024,LAC,yahoo_fantasy_api
2024,14,,1,api,Patty Primetimes,Malle ❤️ 🐸,2024-W14-02,2,124.98,103.32,Jameis Winston,QB,QB,True,False,False,,21.28,,Jameis Winston,QB,,449.p.28389,28389,NYG,yahoo_fantasy_api
2024,14,,2,api,Patty Primetimes,Malle ❤️ 🐸,2024-W14-02,2,124.98,103.32,CeeDee Lamb,WR,WR,True,False,False,,18.4,,CeeDee Lamb,WR,,449.p.32687,32687,Dal,yahoo_fantasy_api
2024,14,,3,api,Patty Primetimes,Malle ❤️ 🐸,2024-W14-02,2,124.98,103.32,Cooper Kupp,WR,WR,True,False,False,,17.7,,Cooper Kupp,WR,,449.p.30182,30182,Sea,yahoo_fantasy_api
2024,14,,4,api,Patty Primetimes,Malle ❤️ 🐸,2024-W14-02,2,124.98,103.32,Aaron Jones Sr.,RB,RB,True,False,False,,15.4,,Aaron Jones Sr.,RB,,449.p.30295,30295,Min,yahoo_fantasy_api
2024,14,,5,api,Patty Primetimes,Malle ❤️ 🐸,2024-W14-02,2,124.98,103.32,Isaac Guerendo,RB,RB,True,False,False,,25.8,,Isaac Guerendo,RB,,449.p.40998,40998,SF,yahoo_fantasy_api
2024,14,,6,api,Patty Primetimes,Malle ❤️ 🐸,2024-W14-02,2,124.98,103.32,Travis Kelce,TE,TE,True,False,False,,7.0,,Travis Kelce,TE,,449.p.26686,26686,KC,yahoo_fantasy_api
2024,14,,7,api,Patty Primetimes,Malle ❤️ 🐸,2024-W14-02,2,124.98,103.32,Tony Pollard,RB,W/R/T,True,False,False,,13.4,,Tony Pollard,RB,,449.p.31960,31960,Ten,yahoo_fantasy_api
2024,14,,8,api,Patty Primetimes,Malle ❤️ 🐸,2024-W14-02,2,124.98,103.32,Ladd McConkey,WR,BN,False,True,False,,0.0,,Ladd McConkey,WR,,449.p.40908,40908,LAC,yahoo_fantasy_api
2024,14,,9,api,Patty Primetimes,Malle ❤️ 🐸,2024-W14-02,2,124.98,103.32,Tyrone Tracy Jr.,RB,BN,False,True,False,,16.8,,Tyrone Tracy Jr.,RB,,449.p.41048,41048,NYG,yahoo_fantasy_api
2024,14,,10,api,Patty Primetimes,Malle ❤️ 🐸,2024-W14-02,2,124.98,103.32,Jayden Daniels,QB,BN,False,True,False,,0.0,,Jayden Daniels,QB,,449.p.40896,40896,Was,yahoo_fantasy_api
2024,14,,11,api,Patty Primetimes,Malle ❤️ 🐸,2024-W14-02,2,124.98,103.32,Terry McLaurin,WR,BN,False,True,False,,0.0,,Terry McLaurin,WR,,449.p.31908,31908,Was,yahoo_fantasy_api
2024,14,,12,api,Patty Primetimes,Malle ❤️ 🐸,2024-W14-02,2,124.98,103.32,Xavier Worthy,WR,BN,False,True,False,,7.1,,Xavier Worthy,WR,,449.p.40877,40877,KC,yahoo_fantasy_api
2024,14,,13,api,Patty Primetimes,Malle ❤️ 🐸,2024-W14-02,2,124.98,103.32,Anthony Richardson Sr.,QB,BN,False,True,False,,0.0,,Anthony Richardson Sr.,QB,,449.p.40040,40040,Ind,yahoo_fantasy_api
2024,14,,14,api,Patty Primetimes,Malle ❤️ 🐸,2024-W14-02,2,124.98,103.32,Chase McLaughlin,K,K,True,False,False,,4.0,,Chase McLaughlin,K,,449.p.32417,32417,TB,yahoo_fantasy_api
2024,14,,15,api,Patty Primetimes,Malle ❤️ 🐸,2024-W14-02,2,124.98,103.32,Packers,DEF,DEF,True,False,False,,2.0,,Packers,DEF,,449.p.100009,100009,GB,yahoo_fantasy_api
2024,14,,1,api,Pop Lockett Drop it,Uncle Rico,2024-W14-05,5,94.02,125.8,Will Levis,QB,QB,True,False,False,,7.02,,Will Levis,QB,,449.p.40068,40068,NYJ,yahoo_fantasy_api
2024,14,,2,api,Pop Lockett Drop it,Uncle Rico,2024-W14-05,5,94.02,125.8,Jayden Reed,WR,WR,True,False,False,,0.0,,Jayden Reed,WR,,449.p.40063,40063,GB,yahoo_fantasy_api
2024,14,,3,api,Pop Lockett Drop it,Uncle Rico,2024-W14-05,5,94.02,125.8,Mike Evans,WR,WR,True,False,False,,8.9,,Mike Evans,WR,,449.p.27535,27535,SF,yahoo_fantasy_api
2024,14,,4,api,Pop Lockett Drop it,Uncle Rico,2024-W14-05,5,94.02,125.8,David Montgomery,RB,RB,True,False,False,,16.9,,David Montgomery,RB,,449.p.31905,31905,Hou,yahoo_fantasy_api
2024,14,,5,api,Pop Lockett Drop it,Uncle Rico,2024-W14-05,5,94.02,125.8,Bijan Robinson,RB,RB,True,False,False,,19.1,,Bijan Robinson,RB,,449.p.40055,40055,Atl,yahoo_fantasy_api
2024,14,,6,api,Pop Lockett Drop it,Uncle Rico,2024-W14-05,5,94.02,125.8,Trey McBride,TE,TE,True,False,False,,10.5,,Trey McBride,TE,,449.p.34010,34010,Ari,yahoo_fantasy_api
2024,14,,7,api,Pop Lockett Drop it,Uncle Rico,2024-W14-05,5,94.02,125.8,Rico Dowdle,RB,W/R/T,True,False,False,,14.6,,Rico Dowdle,RB,,449.p.33100,33100,Pit,yahoo_fantasy_api
2024,14,,8,api,Pop Lockett Drop it,Uncle Rico,2024-W14-05,5,94.02,125.8,C.J. Stroud,QB,BN,False,True,False,,0.0,,C.J. Stroud,QB,,449.p.40030,40030,Hou,yahoo_fantasy_api
2024,14,,9,api,Pop Lockett Drop it,Uncle Rico,2024-W14-05,5,94.02,125.8,Jameson Williams,WR,BN,False,True,False,,10.5,,Jameson Williams,WR,,449.p.33967,33967,Det,yahoo_fantasy_api
2024,14,,10,api,Pop Lockett Drop it,Uncle Rico,2024-W14-05,5,94.02,125.8,DeVonta Smith,WR,BN,False,True,False,,11.7,,DeVonta Smith,WR,,449.p.33398,33398,Phi,yahoo_fantasy_api
2024,14,,11,api,Pop Lockett Drop it,Uncle Rico,2024-W14-05,5,94.02,125.8,Rome Odunze,WR,BN,False,True,False,,18.2,,Rome Odunze,WR,,449.p.40901,40901,Chi,yahoo_fantasy_api
2024,14,,12,api,Pop Lockett Drop it,Uncle Rico,2024-W14-05,5,94.02,125.8,Zack Moss,RB,BN,False,True,False,,0.0,,Zack Moss,RB,,449.p.32756,32756,Cin,yahoo_fantasy_api
2024,14,,13,api,Pop Lockett Drop it,Uncle Rico,2024-W14-05,5,94.02,125.8,Jonnu Smith,TE,BN,False,True,False,,11.9,,Jonnu Smith,TE,,449.p.30213,30213,GB,yahoo_fantasy_api
2024,14,,14,api,Pop Lockett Drop it,Uncle Rico,2024-W14-05,5,94.02,125.8,Younghoe Koo,K,K,True,False,False,,7.0,,Younghoe Koo,K,,449.p.30426,30426,NYG,yahoo_fantasy_api
2024,14,,15,api,Pop Lockett Drop it,Uncle Rico,2024-W14-05,5,94.02,125.8,Saints,DEF,DEF,True,False,False,,10.0,,Saints,DEF,,449.p.100018,100018,NO,yahoo_fantasy_api
2024,14,,1,api,Post Mahomes,Ginger FC 🏆🏆,2024-W14-06,6,103.32,99.04,Russell Wilson,QB,QB,True,False,False,,20.02,,Russell Wilson,QB,,449.p.25785,25785,NYG,yahoo_fantasy_api
2024,14,,2,api,Post Mahomes,Ginger FC 🏆🏆,2024-W14-06,6,103.32,99.04,Tee Higgins,WR,WR,True,False,False,,3.3,,Tee Higgins,WR,,449.p.32703,32703,Cin,yahoo_fantasy_api
2024,14,,3,api,Post Mahomes,Ginger FC 🏆🏆,2024-W14-06,6,103.32,99.04,Darnell Mooney,WR,WR,True,False,False,,17.2,,Darnell Mooney,WR,,449.p.32843,32843,NYG,yahoo_fantasy_api
2024,14,,4,api,Post Mahomes,Ginger FC 🏆🏆,2024-W14-06,6,103.32,99.04,Jahmyr Gibbs,RB,RB,True,False,False,,16.3,,Jahmyr Gibbs,RB,,449.p.40059,40059,Det,yahoo_fantasy_api
2024,14,,5,api,Post Mahomes,Ginger FC 🏆🏆,2024-W14-06,6,103.32,99.04,Kyren Williams,RB,RB,True,False,False,,22.7,,Kyren Williams,RB,,449.p.34120,34120,LAR,yahoo_fantasy_api
2024,14,,6,api,Post Mahomes,Ginger FC 🏆🏆,2024-W14-06,6,103.32,99.04,Brock Bowers,TE,TE,True,False,False,,6.7,,Brock Bowers,TE,,449.p.40878,40878,LV,yahoo_fantasy_api
2024,14,,7,api,Post Mahomes,Ginger FC 🏆🏆,2024-W14-06,6,103.32,99.04,Isiah Pacheco,RB,W/R/T,True,False,False,,7.1,,Isiah Pacheco,RB,,449.p.34207,34207,Det,yahoo_fantasy_api
2024,14,,8,api,Post Mahomes,Ginger FC 🏆🏆,2024-W14-06,6,103.32,99.04,Deebo Samuel Sr.,WR,BN,False,True,False,,4.5,,Deebo Samuel Sr.,WR,,449.p.31868,31868,SF,yahoo_fantasy_api
2024,14,,9,api,Post Mahomes,Ginger FC 🏆🏆,2024-W14-06,6,103.32,99.04,Lamar Jackson,QB,BN,False,True,False,,0.0,,Lamar Jackson,QB,,449.p.31002,31002,Bal,yahoo_fantasy_api
2024,14,,10,api,Post Mahomes,Ginger FC 🏆🏆,2024-W14-06,6,103.32,99.04,Amari Cooper,WR,BN,False,True,False,,12.5,,Amari Cooper,WR,,449.p.28392,28392,Buf,yahoo_fantasy_api
2024,14,,11,api,Post Mahomes,Ginger FC 🏆🏆,2024-W14-06,6,103.32,99.04,T.J. Hockenson,TE,BN,False,True,False,,6.5,,T.J. Hockenson,TE,,449.p.31840,31840,Min,yahoo_fantasy_api
2024,14,,12,api,Post Mahomes,Ginger FC 🏆🏆,2024-W14-06,6,103.32,99.04,Michael Pittman Jr.,WR,BN,False,True,False,,0.0,,Michael Pittman Jr.,WR,,449.p.32704,32704,Pit,yahoo_fantasy_api
2024,14,,13,api,Post Mahomes,Ginger FC 🏆🏆,2024-W14-06,6,103.32,99.04,Hollywood Brown,WR,IR,False,False,True,,0.0,,Hollywood Brown,WR,,449.p.31857,31857,Phi,yahoo_fantasy_api
2024,14,,14,api,Post Mahomes,Ginger FC 🏆🏆,2024-W14-06,6,103.32,99.04,Tyler Bass,K,K,True,False,False,,6.0,,Tyler Bass,K,,449.p.32858,32858,Buf,yahoo_fantasy_api
2024,14,,15,api,Post Mahomes,Ginger FC 🏆🏆,2024-W14-06,6,103.32,99.04,Ka'imi Fairbairn,K,BN,False,True,False,,0.0,,Ka'imi Fairbairn,K,,449.p.29792,29792,Hou,yahoo_fantasy_api
2024,14,,16,api,Post Mahomes,Ginger FC 🏆🏆,2024-W14-06,6,103.32,99.04,Chiefs,DEF,DEF,True,False,False,,4.0,,Chiefs,DEF,,449.p.100012,100012,KC,yahoo_fantasy_api
2024,14,,1,api,The Big Gronkowski,Buttermilk Puuump,2024-W14-01,1,105.66,133.32,Joe Burrow,QB,QB,True,False,False,,31.56,,Joe Burrow,QB,,449.p.32671,32671,Cin,yahoo_fantasy_api
2024,14,,2,api,The Big Gronkowski,Buttermilk Puuump,2024-W14-01,1,105.66,133.32,Justin Jefferson,WR,WR,True,False,False,,28.7,,Justin Jefferson,WR,,449.p.32692,32692,Min,yahoo_fantasy_api
2024,14,,3,api,The Big Gronkowski,Buttermilk Puuump,2024-W14-01,1,105.66,133.32,DJ Moore,WR,WR,True,False,False,,7.9,,DJ Moore,WR,,449.p.30994,30994,Buf,yahoo_fantasy_api
2024,14,,4,api,The Big Gronkowski,Buttermilk Puuump,2024-W14-01,1,105.66,133.32,Alvin Kamara,RB,RB,True,False,False,,10.4,,Alvin Kamara,RB,,449.p.30180,30180,NO,yahoo_fantasy_api
2024,14,,5,api,The Big Gronkowski,Buttermilk Puuump,2024-W14-01,1,105.66,133.32,Ameer Abdullah,RB,RB,True,False,False,,0.3,,Ameer Abdullah,RB,,449.p.28442,28442,Jax,yahoo_fantasy_api
2024,14,,6,api,The Big Gronkowski,Buttermilk Puuump,2024-W14-01,1,105.66,133.32,Jake Ferguson,TE,TE,True,False,False,,4.7,,Jake Ferguson,TE,,449.p.34085,34085,Dal,yahoo_fantasy_api
2024,14,,7,api,The Big Gronkowski,Buttermilk Puuump,2024-W14-01,1,105.66,133.32,Jaxon Smith-Njigba,WR,W/R/T,True,False,False,,17.1,,Jaxon Smith-Njigba,WR,,449.p.40041,40041,Sea,yahoo_fantasy_api
2024,14,,8,api,The Big Gronkowski,Buttermilk Puuump,2024-W14-01,1,105.66,133.32,Isaiah Likely,TE,BN,False,True,False,,0.0,,Isaiah Likely,TE,,449.p.34095,34095,NYG,yahoo_fantasy_api
2024,14,,9,api,The Big Gronkowski,Buttermilk Puuump,2024-W14-01,1,105.66,133.32,Javonte Williams,RB,BN,False,True,False,,0.0,,Javonte Williams,RB,,449.p.33423,33423,Dal,yahoo_fantasy_api
2024,14,,10,api,The Big Gronkowski,Buttermilk Puuump,2024-W14-01,1,105.66,133.32,Matthew Stafford,QB,BN,False,True,False,,24.8,,Matthew Stafford,QB,,449.p.9265,9265,LAR,yahoo_fantasy_api
2024,14,,11,api,The Big Gronkowski,Buttermilk Puuump,2024-W14-01,1,105.66,133.32,Chris Olave,WR,BN,False,True,False,,0.0,,Chris Olave,WR,,449.p.33966,33966,NO,yahoo_fantasy_api
2024,14,,12,api,The Big Gronkowski,Buttermilk Puuump,2024-W14-01,1,105.66,133.32,Christian Watson,WR,BN,False,True,False,,11.4,,Christian Watson,WR,,449.p.33989,33989,GB,yahoo_fantasy_api
2024,14,,13,api,The Big Gronkowski,Buttermilk Puuump,2024-W14-01,1,105.66,133.32,Brandon Aubrey,K,K,True,False,False,,9.0,,Brandon Aubrey,K,,449.p.40819,40819,Dal,yahoo_fantasy_api
2024,14,,14,api,The Big Gronkowski,Buttermilk Puuump,2024-W14-01,1,105.66,133.32,Bills,DEF,DEF,True,False,False,,-4.0,,Bills,DEF,,449.p.100002,100002,Buf,yahoo_fantasy_api
2024,14,,15,api,The Big Gronkowski,Buttermilk Puuump,2024-W14-01,1,105.66,133.32,Broncos,DEF,BN,False,True,False,,0.0,,Broncos,DEF,,449.p.100007,100007,Den,yahoo_fantasy_api
2024,14,,1,api,ThreatLevelMidnight,Voldemort,2024-W14-03,3,148.6,176.08,Baker Mayfield,QB,QB,True,False,False,,27.0,,Baker Mayfield,QB,,449.p.30971,30971,TB,yahoo_fantasy_api
2024,14,,2,api,ThreatLevelMidnight,Voldemort,2024-W14-03,3,148.6,176.08,DK Metcalf,WR,WR,True,False,False,,6.9,,DK Metcalf,WR,,449.p.31896,31896,Pit,yahoo_fantasy_api
2024,14,,3,api,ThreatLevelMidnight,Voldemort,2024-W14-03,3,148.6,176.08,Ja'Marr Chase,WR,WR,True,False,False,,38.1,,Ja'Marr Chase,WR,,449.p.33393,33393,Cin,yahoo_fantasy_api
2024,14,,4,api,ThreatLevelMidnight,Voldemort,2024-W14-03,3,148.6,176.08,Josh Jacobs,RB,RB,True,False,False,,24.6,,Josh Jacobs,RB,,449.p.31856,31856,GB,yahoo_fantasy_api
2024,14,,5,api,ThreatLevelMidnight,Voldemort,2024-W14-03,3,148.6,176.08,James Conner,RB,RB,True,False,False,,20.2,,James Conner,RB,,449.p.30218,30218,Ari,yahoo_fantasy_api
2024,14,,6,api,ThreatLevelMidnight,Voldemort,2024-W14-03,3,148.6,176.08,Tucker Kraft,TE,TE,True,False,False,,11.6,,Tucker Kraft,TE,,449.p.40102,40102,GB,yahoo_fantasy_api
2024,14,,7,api,ThreatLevelMidnight,Voldemort,2024-W14-03,3,148.6,176.08,Jaylen Warren,RB,W/R/T,True,False,False,,8.2,,Jaylen Warren,RB,,449.p.34447,34447,Pit,yahoo_fantasy_api
2024,14,,8,api,ThreatLevelMidnight,Voldemort,2024-W14-03,3,148.6,176.08,Kyler Murray,QB,BN,False,True,False,,23.96,,Kyler Murray,QB,,449.p.31833,31833,Min,yahoo_fantasy_api
2024,14,,9,api,ThreatLevelMidnight,Voldemort,2024-W14-03,3,148.6,176.08,Gus Edwards,RB,BN,False,True,False,,9.6,,Gus Edwards,RB,,449.p.31424,31424,LAC,yahoo_fantasy_api
2024,14,,10,api,ThreatLevelMidnight,Voldemort,2024-W14-03,3,148.6,176.08,Keon Coleman,WR,BN,False,True,False,,0.0,,Keon Coleman,WR,,449.p.40911,40911,Buf,yahoo_fantasy_api
2024,14,,11,api,ThreatLevelMidnight,Voldemort,2024-W14-03,3,148.6,176.08,Trey Benson,RB,BN,False,True,False,,2.4,,Trey Benson,RB,,449.p.40958,40958,Ari,yahoo_fantasy_api
2024,14,,12,api,ThreatLevelMidnight,Voldemort,2024-W14-03,3,148.6,176.08,Cam Akers,RB,BN,False,True,False,,3.7,,Cam Akers,RB,,449.p.32722,32722,Sea,yahoo_fantasy_api
2024,14,,13,api,ThreatLevelMidnight,Voldemort,2024-W14-03,3,148.6,176.08,Adam Thielen,WR,BN,False,True,False,,14.7,,Adam Thielen,WR,,449.p.27277,27277,Pit,yahoo_fantasy_api
2024,14,,14,api,ThreatLevelMidnight,Voldemort,2024-W14-03,3,148.6,176.08,Chris Godwin Jr.,WR,IR,False,False,True,,0.0,,Chris Godwin Jr.,WR,,449.p.30197,30197,TB,yahoo_fantasy_api
2024,14,,15,api,ThreatLevelMidnight,Voldemort,2024-W14-03,3,148.6,176.08,Jake Moody,K,K,True,False,False,,8.0,,Jake Moody,K,,449.p.40129,40129,Bal,yahoo_fantasy_api
2024,14,,16,api,ThreatLevelMidnight,Voldemort,2024-W14-03,3,148.6,176.08,Eagles,DEF,DEF,True,False,False,,4.0,,Eagles,DEF,,449.p.100021,100021,Phi,yahoo_fantasy_api
2024,14,,1,api,Uncle Rico,Pop Lockett Drop it,2024-W14-05,5,125.8,94.02,Patrick Mahomes,QB,QB,True,False,False,,16.1,,Patrick Mahomes,QB,,449.p.30123,30123,KC,yahoo_fantasy_api
2024,14,,2,api,Uncle Rico,Pop Lockett Drop it,2024-W14-05,5,125.8,94.02,Jauan Jennings,WR,WR,True,False,False,,24.5,,Jauan Jennings,WR,,449.p.32887,32887,Min,yahoo_fantasy_api
2024,14,,3,api,Uncle Rico,Pop Lockett Drop it,2024-W14-05,5,125.8,94.02,Davante Adams,WR,WR,True,False,False,,21.4,,Davante Adams,WR,,449.p.27581,27581,LAR,yahoo_fantasy_api
2024,14,,4,api,Uncle Rico,Pop Lockett Drop it,2024-W14-05,5,125.8,94.02,D'Andre Swift,RB,RB,True,False,False,,4.5,,D'Andre Swift,RB,,449.p.32705,32705,Chi,yahoo_fantasy_api
2024,14,,5,api,Uncle Rico,Pop Lockett Drop it,2024-W14-05,5,125.8,94.02,Zach Charbonnet,RB,RB,True,False,False,,34.8,,Zach Charbonnet,RB,,449.p.40075,40075,Sea,yahoo_fantasy_api
2024,14,,6,api,Uncle Rico,Pop Lockett Drop it,2024-W14-05,5,125.8,94.02,Noah Gray,TE,TE,True,False,False,,4.6,,Noah Gray,TE,,449.p.33550,33550,KC,yahoo_fantasy_api
2024,14,,7,api,Uncle Rico,Pop Lockett Drop it,2024-W14-05,5,125.8,94.02,Xavier Legette,WR,W/R/T,True,False,False,,4.9,,Xavier Legette,WR,,449.p.40890,40890,Car,yahoo_fantasy_api
2024,14,,8,api,Uncle Rico,Pop Lockett Drop it,2024-W14-05,5,125.8,94.02,Mark Andrews,TE,BN,False,True,False,,0.0,,Mark Andrews,TE,,449.p.31056,31056,Bal,yahoo_fantasy_api
2024,14,,9,api,Uncle Rico,Pop Lockett Drop it,2024-W14-05,5,125.8,94.02,Tank Dell,WR,BN,False,True,False,,0.0,,Tank Dell,WR,,449.p.40097,40097,Hou,yahoo_fantasy_api
2024,14,,10,api,Uncle Rico,Pop Lockett Drop it,2024-W14-05,5,125.8,94.02,Derrick Henry,RB,BN,False,True,False,,0.0,,Derrick Henry,RB,,449.p.29279,29279,Bal,yahoo_fantasy_api
2024,14,,11,api,Uncle Rico,Pop Lockett Drop it,2024-W14-05,5,125.8,94.02,Zay Flowers,WR,BN,False,True,False,,0.0,,Zay Flowers,WR,,449.p.40039,40039,Bal,yahoo_fantasy_api
2024,14,,12,api,Uncle Rico,Pop Lockett Drop it,2024-W14-05,5,125.8,94.02,Geno Smith,QB,BN,False,True,False,,15.32,,Geno Smith,QB,,449.p.26662,26662,NYJ,yahoo_fantasy_api
2024,14,,13,api,Uncle Rico,Pop Lockett Drop it,2024-W14-05,5,125.8,94.02,Jonathon Brooks,RB,BN,False,True,False,,-0.3,,Jonathon Brooks,RB,,449.p.40926,40926,Car,yahoo_fantasy_api
2024,14,,14,api,Uncle Rico,Pop Lockett Drop it,2024-W14-05,5,125.8,94.02,Jason Myers,K,K,True,False,False,,12.0,,Jason Myers,K,,449.p.28378,28378,Sea,yahoo_fantasy_api
2024,14,,15,api,Uncle Rico,Pop Lockett Drop it,2024-W14-05,5,125.8,94.02,Browns,DEF,DEF,True,False,False,,3.0,,Browns,DEF,,449.p.100005,100005,Cle,yahoo_fantasy_api
2024,14,,1,api,Voldemort,ThreatLevelMidnight,2024-W14-03,3,176.08,148.6,Josh Allen,QB,QB,True,False,False,,57.88,,Josh Allen,QB,,449.p.30977,30977,Buf,yahoo_fantasy_api
2024,14,,2,api,Voldemort,ThreatLevelMidnight,2024-W14-03,3,176.08,148.6,Puka Nacua,WR,WR,True,False,False,,35.8,,Puka Nacua,WR,,449.p.40168,40168,LAR,yahoo_fantasy_api
2024,14,,3,api,Voldemort,ThreatLevelMidnight,2024-W14-03,3,176.08,148.6,Khalil Shakir,WR,WR,True,False,False,,19.1,,Khalil Shakir,WR,,449.p.34104,34104,Buf,yahoo_fantasy_api
2024,14,,4,api,Voldemort,ThreatLevelMidnight,2024-W14-03,3,176.08,148.6,Chuba Hubbard,RB,RB,True,False,False,,18.7,,Chuba Hubbard,RB,,449.p.33514,33514,Car,yahoo_fantasy_api
2024,14,,5,api,Voldemort,ThreatLevelMidnight,2024-W14-03,3,176.08,148.6,Chase Brown,RB,RB,True,False,False,,21.3,,Chase Brown,RB,,449.p.40196,40196,Cin,yahoo_fantasy_api
2024,14,,6,api,Voldemort,ThreatLevelMidnight,2024-W14-03,3,176.08,148.6,Will Dissly,TE,TE,True,False,False,,2.9,,Will Dissly,TE,,449.p.31090,31090,LAC,yahoo_fantasy_api
2024,14,,7,api,Voldemort,ThreatLevelMidnight,2024-W14-03,3,176.08,148.6,Calvin Ridley,WR,W/R/T,True,False,False,,9.4,,Calvin Ridley,WR,,449.p.30996,30996,Ten,yahoo_fantasy_api
2024,14,,8,api,Voldemort,ThreatLevelMidnight,2024-W14-03,3,176.08,148.6,Travis Etienne Jr.,RB,BN,False,True,False,,9.0,,Travis Etienne Jr.,RB,,449.p.33413,33413,NO,yahoo_fantasy_api
2024,14,,9,api,Voldemort,ThreatLevelMidnight,2024-W14-03,3,176.08,148.6,Kenneth Walker III,RB,BN,False,True,False,,0.0,,Kenneth Walker III,RB,,449.p.33996,33996,KC,yahoo_fantasy_api
2024,14,,10,api,Voldemort,ThreatLevelMidnight,2024-W14-03,3,176.08,148.6,Jonathan Taylor,RB,BN,False,True,False,,0.0,,Jonathan Taylor,RB,,449.p.32711,32711,Ind,yahoo_fantasy_api
2024,14,,11,api,Voldemort,ThreatLevelMidnight,2024-W14-03,3,176.08,148.6,J.K. Dobbins,RB,BN,False,True,False,,0.0,,J.K. Dobbins,RB,,449.p.32725,32725,Den,yahoo_fantasy_api
2024,14,,12,api,Voldemort,ThreatLevelMidnight,2024-W14-03,3,176.08,148.6,Bo Nix,QB,BN,False,True,False,,0.0,,Bo Nix,QB,,449.p.40875,40875,Den,yahoo_fantasy_api
2024,14,,13,api,Voldemort,ThreatLevelMidnight,2024-W14-03,3,176.08,148.6,DeAndre Hopkins,WR,BN,False,True,False,,11.2,,DeAndre Hopkins,WR,,449.p.26650,26650,Bal,yahoo_fantasy_api
2024,14,,14,api,Voldemort,ThreatLevelMidnight,2024-W14-03,3,176.08,148.6,Dalton Kincaid,TE,IR,False,False,True,,0.0,,Dalton Kincaid,TE,,449.p.40048,40048,Buf,yahoo_fantasy_api
2024,14,,15,api,Voldemort,ThreatLevelMidnight,2024-W14-03,3,176.08,148.6,Cairo Santos,K,K,True,False,False,,1.0,,Cairo Santos,K,,449.p.28227,28227,Chi,yahoo_fantasy_api
2024,14,,16,api,Voldemort,ThreatLevelMidnight,2024-W14-03,3,176.08,148.6,Buccaneers,DEF,DEF,True,False,False,,10.0,,Buccaneers,DEF,,449.p.100027,100027,TB,yahoo_fantasy_api
2024,14,,1,api,malle_dips_pouches,Joe Mantegna,2024-W14-04,4,126.18,57.44,Sam Darnold,QB,QB,True,False,False,,44.58,,Sam Darnold,QB,,449.p.30973,30973,Sea,yahoo_fantasy_api
2024,14,,2,api,malle_dips_pouches,Joe Mantegna,2024-W14-04,4,126.18,57.44,A.J. Brown,WR,WR,True,False,False,,6.3,,A.J. Brown,WR,,449.p.31883,31883,NE,yahoo_fantasy_api
2024,14,,3,api,malle_dips_pouches,Joe Mantegna,2024-W14-04,4,126.18,57.44,Drake London,WR,WR,True,False,False,,9.5,,Drake London,WR,,449.p.33963,33963,Atl,yahoo_fantasy_api
2024,14,,4,api,malle_dips_pouches,Joe Mantegna,2024-W14-04,4,126.18,57.44,Isaiah Davis,RB,RB,True,False,False,,14.2,,Isaiah Davis,RB,,449.p.41031,41031,NYJ,yahoo_fantasy_api
2024,14,,5,api,malle_dips_pouches,Joe Mantegna,2024-W14-04,4,126.18,57.44,Tyler Allgeier,RB,RB,True,False,False,,12.3,,Tyler Allgeier,RB,,449.p.34107,34107,Ari,yahoo_fantasy_api
2024,14,,6,api,malle_dips_pouches,Joe Mantegna,2024-W14-04,4,126.18,57.44,Sam LaPorta,TE,TE,True,False,False,,7.9,,Sam LaPorta,TE,,449.p.40064,40064,Det,yahoo_fantasy_api
2024,14,,7,api,malle_dips_pouches,Joe Mantegna,2024-W14-04,4,126.18,57.44,Jaylen Waddle,WR,W/R/T,True,False,False,,16.4,,Jaylen Waddle,WR,,449.p.33394,33394,Den,yahoo_fantasy_api
2024,14,,8,api,malle_dips_pouches,Joe Mantegna,2024-W14-04,4,126.18,57.44,Brian Robinson,RB,BN,False,True,False,,0.0,,Brian Robinson,RB,,449.p.34054,34054,Atl,yahoo_fantasy_api
2024,14,,9,api,malle_dips_pouches,Joe Mantegna,2024-W14-04,4,126.18,57.44,Joe Mixon,RB,BN,False,True,False,,0.0,,Joe Mixon,RB,,449.p.30161,30161,Hou,yahoo_fantasy_api
2024,14,,10,api,malle_dips_pouches,Joe Mantegna,2024-W14-04,4,126.18,57.44,Courtland Sutton,WR,BN,False,True,False,,0.0,,Courtland Sutton,WR,,449.p.31010,31010,Den,yahoo_fantasy_api
2024,14,,11,api,malle_dips_pouches,Joe Mantegna,2024-W14-04,4,126.18,57.44,Rhamondre Stevenson,RB,BN,False,True,False,,0.0,,Rhamondre Stevenson,RB,,449.p.33508,33508,NE,yahoo_fantasy_api
2024,14,,12,api,malle_dips_pouches,Joe Mantegna,2024-W14-04,4,126.18,57.44,Kyle Pitts Sr.,TE,BN,False,True,False,,1.9,,Kyle Pitts Sr.,TE,,449.p.33392,33392,Atl,yahoo_fantasy_api
2024,14,,13,api,malle_dips_pouches,Joe Mantegna,2024-W14-04,4,126.18,57.44,Antonio Gibson,RB,BN,False,True,False,,0.0,,Antonio Gibson,RB,,449.p.32736,32736,NE,yahoo_fantasy_api
2024,14,,14,api,malle_dips_pouches,Joe Mantegna,2024-W14-04,4,126.18,57.44,Josh Downs,WR,IR,False,False,True,,0.0,,Josh Downs,WR,,449.p.40126,40126,Ind,yahoo_fantasy_api
2024,14,,15,api,malle_dips_pouches,Joe Mantegna,2024-W14-04,4,126.18,57.44,Cameron Dicker,K,K,True,False,False,,5.0,,Cameron Dicker,K,,449.p.34344,34344,LAC,yahoo_fantasy_api
2024,14,,16,api,malle_dips_pouches,Joe Mantegna,2024-W14-04,4,126.18,57.44,Steelers,DEF,DEF,True,False,False,,10.0,,Steelers,DEF,,449.p.100023,100023,Pit,yahoo_fantasy_api
