year,week,table_index,row_index,side,fantasy_team,opponent,matchup_id,matchup_number,team_score,opponent_score,player,player_position,lineup_slot,is_starter,is_bench,is_ir,projected_points,fantasy_points,stat_summary,raw_player_text,raw_position,raw_cells,player_key,player_id,nfl_team,source
2025,1,,1,api,Buttermilk Puuump,Ginger FC 🏆🏆,2025-W01-06,6,93.7,102.82,Jared Goff,QB,QB,True,False,False,,13.9,,Jared Goff,QB,,461.p.29235,29235,Det,yahoo_fantasy_api
2025,1,,2,api,Buttermilk Puuump,Ginger FC 🏆🏆,2025-W01-06,6,93.7,102.82,Amon-Ra St. Brown,WR,WR,True,False,False,,6.5,,Amon-Ra St. Brown,WR,,461.p.33500,33500,Det,yahoo_fantasy_api
2025,1,,3,api,Buttermilk Puuump,Ginger FC 🏆🏆,2025-W01-06,6,93.7,102.82,George Pickens,WR,WR,True,False,False,,4.5,,George Pickens,WR,,461.p.34007,34007,Dal,yahoo_fantasy_api
2025,1,,4,api,Buttermilk Puuump,Ginger FC 🏆🏆,2025-W01-06,6,93.7,102.82,Josh Jacobs,RB,RB,True,False,False,,13.5,,Josh Jacobs,RB,,461.p.31856,31856,GB,yahoo_fantasy_api
2025,1,,5,api,Buttermilk Puuump,Ginger FC 🏆🏆,2025-W01-06,6,93.7,102.82,Breece Hall,RB,RB,True,False,False,,15.5,,Breece Hall,RB,,461.p.33991,33991,NYJ,yahoo_fantasy_api
2025,1,,6,api,Buttermilk Puuump,Ginger FC 🏆🏆,2025-W01-06,6,93.7,102.82,Evan Engram,TE,TE,True,False,False,,3.6,,Evan Engram,TE,,461.p.30136,30136,Den,yahoo_fantasy_api
2025,1,,7,api,Buttermilk Puuump,Ginger FC 🏆🏆,2025-W01-06,6,93.7,102.82,Aaron Jones Sr.,RB,W/R/T,True,False,False,,14.2,,Aaron Jones Sr.,RB,,461.p.30295,30295,Min,yahoo_fantasy_api
2025,1,,8,api,Buttermilk Puuump,Ginger FC 🏆🏆,2025-W01-06,6,93.7,102.82,Travis Hunter,WR,BN,False,True,False,,6.3,,Travis Hunter,WR,,461.p.99001,99001,Jax,yahoo_fantasy_api
2025,1,,9,api,Buttermilk Puuump,Ginger FC 🏆🏆,2025-W01-06,6,93.7,102.82,Deebo Samuel Sr.,WR,BN,False,True,False,,19.1,,Deebo Samuel Sr.,WR,,461.p.31868,31868,SF,yahoo_fantasy_api
2025,1,,10,api,Buttermilk Puuump,Ginger FC 🏆🏆,2025-W01-06,6,93.7,102.82,Nick Chubb,RB,BN,False,True,False,,6.0,,Nick Chubb,RB,,461.p.31005,31005,Hou,yahoo_fantasy_api
2025,1,,11,api,Buttermilk Puuump,Ginger FC 🏆🏆,2025-W01-06,6,93.7,102.82,Luther Burden III,WR,BN,False,True,False,,0.2,,Luther Burden III,WR,,461.p.41824,41824,Chi,yahoo_fantasy_api
2025,1,,12,api,Buttermilk Puuump,Ginger FC 🏆🏆,2025-W01-06,6,93.7,102.82,Najee Harris,RB,BN,False,True,False,,1.5,,Najee Harris,RB,,461.p.33412,33412,NYG,yahoo_fantasy_api
2025,1,,13,api,Buttermilk Puuump,Ginger FC 🏆🏆,2025-W01-06,6,93.7,102.82,Jordan Love,QB,BN,False,True,False,,19.92,,Jordan Love,QB,,461.p.32696,32696,GB,yahoo_fantasy_api
2025,1,,14,api,Buttermilk Puuump,Ginger FC 🏆🏆,2025-W01-06,6,93.7,102.82,Tyler Loop,K,K,True,False,False,,13.0,,Tyler Loop,K,,461.p.41988,41988,Bal,yahoo_fantasy_api
2025,1,,15,api,Buttermilk Puuump,Ginger FC 🏆🏆,2025-W01-06,6,93.7,102.82,49ers,DEF,DEF,True,False,False,,9.0,,49ers,DEF,,461.p.100025,100025,SF,yahoo_fantasy_api
2025,1,,1,api,Ginger FC 🏆🏆,Buttermilk Puuump,2025-W01-06,6,102.82,93.7,Justin Herbert,QB,QB,True,False,False,,33.92,,Justin Herbert,QB,,461.p.32676,32676,LAC,yahoo_fantasy_api
2025,1,,2,api,Ginger FC 🏆🏆,Buttermilk Puuump,2025-W01-06,6,102.82,93.7,Tyreek Hill,WR,WR,True,False,False,,6.0,,Tyreek Hill,WR,,461.p.29399,29399,Mia,yahoo_fantasy_api
2025,1,,3,api,Ginger FC 🏆🏆,Buttermilk Puuump,2025-W01-06,6,102.82,93.7,Davante Adams,WR,WR,True,False,False,,7.1,,Davante Adams,WR,,461.p.27581,27581,LAR,yahoo_fantasy_api
2025,1,,4,api,Ginger FC 🏆🏆,Buttermilk Puuump,2025-W01-06,6,102.82,93.7,Derrick Henry,RB,RB,True,False,False,,28.7,,Derrick Henry,RB,,461.p.29279,29279,Bal,yahoo_fantasy_api
2025,1,,5,api,Ginger FC 🏆🏆,Buttermilk Puuump,2025-W01-06,6,102.82,93.7,De'Von Achane,RB,RB,True,False,False,,15.0,,De'Von Achane,RB,,461.p.40118,40118,Mia,yahoo_fantasy_api
2025,1,,6,api,Ginger FC 🏆🏆,Buttermilk Puuump,2025-W01-06,6,102.82,93.7,Mark Andrews,TE,TE,True,False,False,,1.0,,Mark Andrews,TE,,461.p.31056,31056,Bal,yahoo_fantasy_api
2025,1,,7,api,Ginger FC 🏆🏆,Buttermilk Puuump,2025-W01-06,6,102.82,93.7,DeVonta Smith,WR,W/R/T,True,False,False,,3.1,,DeVonta Smith,WR,,461.p.33398,33398,Phi,yahoo_fantasy_api
2025,1,,8,api,Ginger FC 🏆🏆,Buttermilk Puuump,2025-W01-06,6,102.82,93.7,Travis Etienne Jr.,RB,BN,False,True,False,,17.1,,Travis Etienne Jr.,RB,,461.p.33413,33413,NO,yahoo_fantasy_api
2025,1,,9,api,Ginger FC 🏆🏆,Buttermilk Puuump,2025-W01-06,6,102.82,93.7,Chris Olave,WR,BN,False,True,False,,8.9,,Chris Olave,WR,,461.p.33966,33966,NO,yahoo_fantasy_api
2025,1,,10,api,Ginger FC 🏆🏆,Buttermilk Puuump,2025-W01-06,6,102.82,93.7,Michael Pittman Jr.,WR,BN,False,True,False,,17.0,,Michael Pittman Jr.,WR,,461.p.32704,32704,Pit,yahoo_fantasy_api
2025,1,,11,api,Ginger FC 🏆🏆,Buttermilk Puuump,2025-W01-06,6,102.82,93.7,Trey Benson,RB,BN,False,True,False,,8.0,,Trey Benson,RB,,461.p.40958,40958,Ari,yahoo_fantasy_api
2025,1,,12,api,Ginger FC 🏆🏆,Buttermilk Puuump,2025-W01-06,6,102.82,93.7,Ray Davis,RB,BN,False,True,False,,0.6,,Ray Davis,RB,,461.p.40980,40980,Buf,yahoo_fantasy_api
2025,1,,13,api,Ginger FC 🏆🏆,Buttermilk Puuump,2025-W01-06,6,102.82,93.7,Marvin Mims Jr.,WR,BN,False,True,False,,0.7,,Marvin Mims Jr.,WR,,461.p.40090,40090,Den,yahoo_fantasy_api
2025,1,,14,api,Ginger FC 🏆🏆,Buttermilk Puuump,2025-W01-06,6,102.82,93.7,Evan McPherson,K,K,True,False,False,,5.0,,Evan McPherson,K,,461.p.33537,33537,Cin,yahoo_fantasy_api
2025,1,,15,api,Ginger FC 🏆🏆,Buttermilk Puuump,2025-W01-06,6,102.82,93.7,Chiefs,DEF,DEF,True,False,False,,3.0,,Chiefs,DEF,,461.p.100012,100012,KC,yahoo_fantasy_api
2025,1,,1,api,Joe Mantegna,ThreatLevelMidnight,2025-W01-04,4,83.04,100.88,Bo Nix,QB,QB,True,False,False,,10.84,,Bo Nix,QB,,461.p.40875,40875,Den,yahoo_fantasy_api
2025,1,,2,api,Joe Mantegna,ThreatLevelMidnight,2025-W01-04,4,83.04,100.88,Ja'Marr Chase,WR,WR,True,False,False,,3.6,,Ja'Marr Chase,WR,,461.p.33393,33393,Cin,yahoo_fantasy_api
2025,1,,3,api,Joe Mantegna,ThreatLevelMidnight,2025-W01-04,4,83.04,100.88,Malik Nabers,WR,WR,True,False,False,,9.6,,Malik Nabers,WR,,461.p.40899,40899,NYG,yahoo_fantasy_api
2025,1,,4,api,Joe Mantegna,ThreatLevelMidnight,2025-W01-04,4,83.04,100.88,Omarion Hampton,RB,RB,True,False,False,,7.1,,Omarion Hampton,RB,,461.p.41807,41807,LAC,yahoo_fantasy_api
2025,1,,5,api,Joe Mantegna,ThreatLevelMidnight,2025-W01-04,4,83.04,100.88,RJ Harvey,RB,RB,True,False,False,,7.4,,RJ Harvey,RB,,461.p.41845,41845,Den,yahoo_fantasy_api
2025,1,,6,api,Joe Mantegna,ThreatLevelMidnight,2025-W01-04,4,83.04,100.88,Tucker Kraft,TE,TE,True,False,False,,8.9,,Tucker Kraft,TE,,461.p.40102,40102,GB,yahoo_fantasy_api
2025,1,,7,api,Joe Mantegna,ThreatLevelMidnight,2025-W01-04,4,83.04,100.88,Zay Flowers,WR,W/R/T,True,False,False,,24.6,,Zay Flowers,WR,,461.p.40039,40039,Bal,yahoo_fantasy_api
2025,1,,8,api,Joe Mantegna,ThreatLevelMidnight,2025-W01-04,4,83.04,100.88,Jauan Jennings,WR,BN,False,True,False,,2.6,,Jauan Jennings,WR,,461.p.32887,32887,Min,yahoo_fantasy_api
2025,1,,9,api,Joe Mantegna,ThreatLevelMidnight,2025-W01-04,4,83.04,100.88,Jacory Croskey-Merritt,RB,BN,False,True,False,,14.2,,Jacory Croskey-Merritt,RB,,461.p.42010,42010,Was,yahoo_fantasy_api
2025,1,,10,api,Joe Mantegna,ThreatLevelMidnight,2025-W01-04,4,83.04,100.88,Tyler Warren,TE,BN,False,True,False,,11.4,,Tyler Warren,TE,,461.p.41799,41799,Ind,yahoo_fantasy_api
2025,1,,11,api,Joe Mantegna,ThreatLevelMidnight,2025-W01-04,4,83.04,100.88,Cooper Kupp,WR,BN,False,True,False,,2.5,,Cooper Kupp,WR,,461.p.30182,30182,Sea,yahoo_fantasy_api
2025,1,,12,api,Joe Mantegna,ThreatLevelMidnight,2025-W01-04,4,83.04,100.88,Jayden Higgins,WR,BN,False,True,False,,4.2,,Jayden Higgins,WR,,461.p.41819,41819,Hou,yahoo_fantasy_api
2025,1,,13,api,Joe Mantegna,ThreatLevelMidnight,2025-W01-04,4,83.04,100.88,Trevor Lawrence,QB,BN,False,True,False,,13.32,,Trevor Lawrence,QB,,461.p.33389,33389,Jax,yahoo_fantasy_api
2025,1,,14,api,Joe Mantegna,ThreatLevelMidnight,2025-W01-04,4,83.04,100.88,Brandon Aubrey,K,K,True,False,False,,11.0,,Brandon Aubrey,K,,461.p.40819,40819,Dal,yahoo_fantasy_api
2025,1,,15,api,Joe Mantegna,ThreatLevelMidnight,2025-W01-04,4,83.04,100.88,Lions,DEF,DEF,True,False,False,,0.0,,Lions,DEF,,461.p.100008,100008,Det,yahoo_fantasy_api
2025,1,,1,api,Malle ❤️ 🐸,Patty Primetimes,2025-W01-02,2,74.72,140.36,Jayden Daniels,QB,QB,True,False,False,,22.12,,Jayden Daniels,QB,,461.p.40896,40896,Was,yahoo_fantasy_api
2025,1,,2,api,Malle ❤️ 🐸,Patty Primetimes,2025-W01-02,2,74.72,140.36,Drake London,WR,WR,True,False,False,,9.5,,Drake London,WR,,461.p.33963,33963,Atl,yahoo_fantasy_api
2025,1,,3,api,Malle ❤️ 🐸,Patty Primetimes,2025-W01-02,2,74.72,140.36,Brian Thomas Jr.,WR,WR,True,False,False,,8.5,,Brian Thomas Jr.,WR,,461.p.40883,40883,Jax,yahoo_fantasy_api
2025,1,,4,api,Malle ❤️ 🐸,Patty Primetimes,2025-W01-02,2,74.72,140.36,D'Andre Swift,RB,RB,True,False,False,,8.0,,D'Andre Swift,RB,,461.p.32705,32705,Chi,yahoo_fantasy_api
2025,1,,5,api,Malle ❤️ 🐸,Patty Primetimes,2025-W01-02,2,74.72,140.36,Isiah Pacheco,RB,RB,True,False,False,,3.8,,Isiah Pacheco,RB,,461.p.34207,34207,Det,yahoo_fantasy_api
2025,1,,6,api,Malle ❤️ 🐸,Patty Primetimes,2025-W01-02,2,74.72,140.36,George Kittle,TE,TE,True,False,False,,10.5,,George Kittle,TE,,461.p.30259,30259,SF,yahoo_fantasy_api
2025,1,,7,api,Malle ❤️ 🐸,Patty Primetimes,2025-W01-02,2,74.72,140.36,Rashid Shaheed,WR,W/R/T,True,False,False,,6.3,,Rashid Shaheed,WR,,461.p.34659,34659,Sea,yahoo_fantasy_api
2025,1,,8,api,Malle ❤️ 🐸,Patty Primetimes,2025-W01-02,2,74.72,140.36,Jordan Addison,WR,BN,False,True,False,,0.0,,Jordan Addison,WR,,461.p.40042,40042,Min,yahoo_fantasy_api
2025,1,,9,api,Malle ❤️ 🐸,Patty Primetimes,2025-W01-02,2,74.72,140.36,Brock Purdy,QB,BN,False,True,False,,22.78,,Brock Purdy,QB,,461.p.34218,34218,SF,yahoo_fantasy_api
2025,1,,10,api,Malle ❤️ 🐸,Patty Primetimes,2025-W01-02,2,74.72,140.36,Khalil Shakir,WR,BN,False,True,False,,9.4,,Khalil Shakir,WR,,461.p.34104,34104,Buf,yahoo_fantasy_api
2025,1,,11,api,Malle ❤️ 🐸,Patty Primetimes,2025-W01-02,2,74.72,140.36,Dallas Goedert,TE,BN,False,True,False,,7.9,,Dallas Goedert,TE,,461.p.31019,31019,Phi,yahoo_fantasy_api
2025,1,,12,api,Malle ❤️ 🐸,Patty Primetimes,2025-W01-02,2,74.72,140.36,Jerome Ford,RB,BN,False,True,False,,1.0,,Jerome Ford,RB,,461.p.34112,34112,Min,yahoo_fantasy_api
2025,1,,13,api,Malle ❤️ 🐸,Patty Primetimes,2025-W01-02,2,74.72,140.36,Tyjae Spears,RB,BN,False,True,False,,0.0,,Tyjae Spears,RB,,461.p.40119,40119,Ten,yahoo_fantasy_api
2025,1,,14,api,Malle ❤️ 🐸,Patty Primetimes,2025-W01-02,2,74.72,140.36,Matt Gay,K,K,True,False,False,,3.0,,Matt Gay,K,,461.p.31977,31977,LV,yahoo_fantasy_api
2025,1,,15,api,Malle ❤️ 🐸,Patty Primetimes,2025-W01-02,2,74.72,140.36,Eagles,DEF,DEF,True,False,False,,3.0,,Eagles,DEF,,461.p.100021,100021,Phi,yahoo_fantasy_api
2025,1,,1,api,Patty Primetimes,Malle ❤️ 🐸,2025-W01-02,2,140.36,74.72,Josh Allen,QB,QB,True,False,False,,42.76,,Josh Allen,QB,,461.p.30977,30977,Buf,yahoo_fantasy_api
2025,1,,2,api,Patty Primetimes,Malle ❤️ 🐸,2025-W01-02,2,140.36,74.72,DK Metcalf,WR,WR,True,False,False,,10.3,,DK Metcalf,WR,,461.p.31896,31896,Pit,yahoo_fantasy_api
2025,1,,3,api,Patty Primetimes,Malle ❤️ 🐸,2025-W01-02,2,140.36,74.72,Courtland Sutton,WR,WR,True,False,False,,15.1,,Courtland Sutton,WR,,461.p.31010,31010,Den,yahoo_fantasy_api
2025,1,,4,api,Patty Primetimes,Malle ❤️ 🐸,2025-W01-02,2,140.36,74.72,Saquon Barkley,RB,RB,True,False,False,,16.4,,Saquon Barkley,RB,,461.p.30972,30972,Phi,yahoo_fantasy_api
2025,1,,5,api,Patty Primetimes,Malle ❤️ 🐸,2025-W01-02,2,140.36,74.72,James Cook III,RB,RB,True,False,False,,18.7,,James Cook III,RB,,461.p.34019,34019,Buf,yahoo_fantasy_api
2025,1,,6,api,Patty Primetimes,Malle ❤️ 🐸,2025-W01-02,2,140.36,74.72,Travis Kelce,TE,TE,True,False,False,,11.7,,Travis Kelce,TE,,461.p.26686,26686,KC,yahoo_fantasy_api
2025,1,,7,api,Patty Primetimes,Malle ❤️ 🐸,2025-W01-02,2,140.36,74.72,Ladd McConkey,WR,W/R/T,True,False,False,,10.4,,Ladd McConkey,WR,,461.p.40908,40908,LAC,yahoo_fantasy_api
2025,1,,8,api,Patty Primetimes,Malle ❤️ 🐸,2025-W01-02,2,140.36,74.72,J.K. Dobbins,RB,BN,False,True,False,,13.8,,J.K. Dobbins,RB,,461.p.32725,32725,Den,yahoo_fantasy_api
2025,1,,9,api,Patty Primetimes,Malle ❤️ 🐸,2025-W01-02,2,140.36,74.72,Tank Bigsby,RB,BN,False,True,False,,1.2,,Tank Bigsby,RB,,461.p.40095,40095,Phi,yahoo_fantasy_api
2025,1,,10,api,Patty Primetimes,Malle ❤️ 🐸,2025-W01-02,2,140.36,74.72,Keon Coleman,WR,BN,False,True,False,,21.2,,Keon Coleman,WR,,461.p.40911,40911,Buf,yahoo_fantasy_api
2025,1,,11,api,Patty Primetimes,Malle ❤️ 🐸,2025-W01-02,2,140.36,74.72,Colston Loveland,TE,BN,False,True,False,,2.2,,Colston Loveland,TE,,461.p.41795,41795,Chi,yahoo_fantasy_api
2025,1,,12,api,Patty Primetimes,Malle ❤️ 🐸,2025-W01-02,2,140.36,74.72,Caleb Williams,QB,BN,False,True,False,,26.2,,Caleb Williams,QB,,461.p.40900,40900,Chi,yahoo_fantasy_api
2025,1,,13,api,Patty Primetimes,Malle ❤️ 🐸,2025-W01-02,2,140.36,74.72,Will Shipley,RB,BN,False,True,False,,2.6,,Will Shipley,RB,,461.p.41002,41002,Phi,yahoo_fantasy_api
2025,1,,14,api,Patty Primetimes,Malle ❤️ 🐸,2025-W01-02,2,140.36,74.72,Cameron Dicker,K,K,True,False,False,,9.0,,Cameron Dicker,K,,461.p.34344,34344,LAC,yahoo_fantasy_api
2025,1,,15,api,Patty Primetimes,Malle ❤️ 🐸,2025-W01-02,2,140.36,74.72,Texans,DEF,DEF,True,False,False,,6.0,,Texans,DEF,,461.p.100034,100034,Hou,yahoo_fantasy_api
2025,1,,1,api,Pop Lockett Drop it,malle_dips_pouches,2025-W01-05,5,119.26,89.68,Lamar Jackson,QB,QB,True,False,False,,33.36,,Lamar Jackson,QB,,461.p.31002,31002,Bal,yahoo_fantasy_api
2025,1,,2,api,Pop Lockett Drop it,malle_dips_pouches,2025-W01-05,5,119.26,89.68,CeeDee Lamb,WR,WR,True,False,False,,14.5,,CeeDee Lamb,WR,,461.p.32687,32687,Dal,yahoo_fantasy_api
2025,1,,3,api,Pop Lockett Drop it,malle_dips_pouches,2025-W01-05,5,119.26,89.68,Tetairoa McMillan,WR,WR,True,False,False,,9.3,,Tetairoa McMillan,WR,,461.p.41793,41793,Car,yahoo_fantasy_api
2025,1,,4,api,Pop Lockett Drop it,malle_dips_pouches,2025-W01-05,5,119.26,89.68,Kenneth Walker III,RB,RB,True,False,False,,3.9,,Kenneth Walker III,RB,,461.p.33996,33996,KC,yahoo_fantasy_api
2025,1,,5,api,Pop Lockett Drop it,malle_dips_pouches,2025-W01-05,5,119.26,89.68,Javonte Williams,RB,RB,True,False,False,,19.4,,Javonte Williams,RB,,461.p.33423,33423,Dal,yahoo_fantasy_api
2025,1,,6,api,Pop Lockett Drop it,malle_dips_pouches,2025-W01-05,5,119.26,89.68,Trey McBride,TE,TE,True,False,False,,9.1,,Trey McBride,TE,,461.p.34010,34010,Ari,yahoo_fantasy_api
2025,1,,7,api,Pop Lockett Drop it,malle_dips_pouches,2025-W01-05,5,119.26,89.68,Rome Odunze,WR,W/R/T,True,False,False,,12.7,,Rome Odunze,WR,,461.p.40901,40901,Chi,yahoo_fantasy_api
2025,1,,8,api,Pop Lockett Drop it,malle_dips_pouches,2025-W01-05,5,119.26,89.68,Kaleb Johnson,RB,BN,False,True,False,,-0.2,,Kaleb Johnson,RB,,461.p.41881,41881,GB,yahoo_fantasy_api
2025,1,,9,api,Pop Lockett Drop it,malle_dips_pouches,2025-W01-05,5,119.26,89.68,Jayden Reed,WR,BN,False,True,False,,12.0,,Jayden Reed,WR,,461.p.40063,40063,GB,yahoo_fantasy_api
2025,1,,10,api,Pop Lockett Drop it,malle_dips_pouches,2025-W01-05,5,119.26,89.68,Brian Robinson,RB,BN,False,True,False,,4.2,,Brian Robinson,RB,,461.p.34054,34054,Atl,yahoo_fantasy_api
2025,1,,11,api,Pop Lockett Drop it,malle_dips_pouches,2025-W01-05,5,119.26,89.68,Cedric Tillman,WR,BN,False,True,False,,13.7,,Cedric Tillman,WR,,461.p.40093,40093,NO,yahoo_fantasy_api
2025,1,,12,api,Pop Lockett Drop it,malle_dips_pouches,2025-W01-05,5,119.26,89.68,Brandon Aiyuk,WR,BN,False,True,False,,0.0,,Brandon Aiyuk,WR,,461.p.32695,32695,SF,yahoo_fantasy_api
2025,1,,13,api,Pop Lockett Drop it,malle_dips_pouches,2025-W01-05,5,119.26,89.68,Ollie Gordon II,RB,BN,False,True,False,,0.8,,Ollie Gordon II,RB,,461.p.41969,41969,Mia,yahoo_fantasy_api
2025,1,,14,api,Pop Lockett Drop it,malle_dips_pouches,2025-W01-05,5,119.26,89.68,Jake Bates,K,K,True,False,False,,7.0,,Jake Bates,K,,461.p.40835,40835,Det,yahoo_fantasy_api
2025,1,,15,api,Pop Lockett Drop it,malle_dips_pouches,2025-W01-05,5,119.26,89.68,Packers,DEF,DEF,True,False,False,,10.0,,Packers,DEF,,461.p.100009,100009,GB,yahoo_fantasy_api
2025,1,,1,api,Post Mahomes,The Big Gronkowski,2025-W01-01,1,125.82,72.68,Patrick Mahomes,QB,QB,True,False,False,,28.02,,Patrick Mahomes,QB,,461.p.30123,30123,KC,yahoo_fantasy_api
2025,1,,2,api,Post Mahomes,The Big Gronkowski,2025-W01-01,1,125.82,72.68,Tee Higgins,WR,WR,True,False,False,,4.8,,Tee Higgins,WR,,461.p.32703,32703,Cin,yahoo_fantasy_api
2025,1,,3,api,Post Mahomes,The Big Gronkowski,2025-W01-01,1,125.82,72.68,Garrett Wilson,WR,WR,True,False,False,,19.0,,Garrett Wilson,WR,,461.p.33965,33965,NYJ,yahoo_fantasy_api
2025,1,,4,api,Post Mahomes,The Big Gronkowski,2025-W01-01,1,125.82,72.68,Jahmyr Gibbs,RB,RB,True,False,False,,10.0,,Jahmyr Gibbs,RB,,461.p.40059,40059,Det,yahoo_fantasy_api
2025,1,,5,api,Post Mahomes,The Big Gronkowski,2025-W01-01,1,125.82,72.68,Kyren Williams,RB,RB,True,False,False,,13.4,,Kyren Williams,RB,,461.p.34120,34120,LAR,yahoo_fantasy_api
2025,1,,6,api,Post Mahomes,The Big Gronkowski,2025-W01-01,1,125.82,72.68,Brock Bowers,TE,TE,True,False,False,,12.8,,Brock Bowers,TE,,461.p.40878,40878,LV,yahoo_fantasy_api
2025,1,,7,api,Post Mahomes,The Big Gronkowski,2025-W01-01,1,125.82,72.68,Ricky Pearsall,WR,W/R/T,True,False,False,,12.8,,Ricky Pearsall,WR,,461.p.40892,40892,SF,yahoo_fantasy_api
2025,1,,8,api,Post Mahomes,The Big Gronkowski,2025-W01-01,1,125.82,72.68,Jordan Mason,RB,BN,False,True,False,,8.0,,Jordan Mason,RB,,461.p.34320,34320,Min,yahoo_fantasy_api
2025,1,,9,api,Post Mahomes,The Big Gronkowski,2025-W01-01,1,125.82,72.68,Austin Ekeler,RB,BN,False,True,False,,7.2,,Austin Ekeler,RB,,461.p.30423,30423,Was,yahoo_fantasy_api
2025,1,,10,api,Post Mahomes,The Big Gronkowski,2025-W01-01,1,125.82,72.68,Cam Skattebo,RB,BN,False,True,False,,1.9,,Cam Skattebo,RB,,461.p.41922,41922,NYG,yahoo_fantasy_api
2025,1,,11,api,Post Mahomes,The Big Gronkowski,2025-W01-01,1,125.82,72.68,Chris Godwin Jr.,WR,BN,False,True,False,,0.0,,Chris Godwin Jr.,WR,,461.p.30197,30197,TB,yahoo_fantasy_api
2025,1,,12,api,Post Mahomes,The Big Gronkowski,2025-W01-01,1,125.82,72.68,DeMario Douglas,WR,BN,False,True,False,,7.2,,DeMario Douglas,WR,,461.p.40222,40222,NE,yahoo_fantasy_api
2025,1,,13,api,Post Mahomes,The Big Gronkowski,2025-W01-01,1,125.82,72.68,Isaac Guerendo,RB,BN,False,True,False,,0.0,,Isaac Guerendo,RB,,461.p.40998,40998,SF,yahoo_fantasy_api
2025,1,,14,api,Post Mahomes,The Big Gronkowski,2025-W01-01,1,125.82,72.68,Joe Mixon,RB,IR,False,False,True,,0.0,,Joe Mixon,RB,,461.p.30161,30161,Hou,yahoo_fantasy_api
2025,1,,15,api,Post Mahomes,The Big Gronkowski,2025-W01-01,1,125.82,72.68,Harrison Butker,K,K,True,False,False,,11.0,,Harrison Butker,K,,461.p.30346,30346,KC,yahoo_fantasy_api
2025,1,,16,api,Post Mahomes,The Big Gronkowski,2025-W01-01,1,125.82,72.68,Broncos,DEF,DEF,True,False,False,,14.0,,Broncos,DEF,,461.p.100007,100007,Den,yahoo_fantasy_api
2025,1,,1,api,The Big Gronkowski,Post Mahomes,2025-W01-01,1,72.68,125.82,Drake Maye,QB,QB,True,False,False,,18.28,,Drake Maye,QB,,461.p.40881,40881,NE,yahoo_fantasy_api
2025,1,,2,api,The Big Gronkowski,Post Mahomes,2025-W01-01,1,72.68,125.82,Nico Collins,WR,WR,True,False,False,,4.0,,Nico Collins,WR,,461.p.33477,33477,Hou,yahoo_fantasy_api
2025,1,,3,api,The Big Gronkowski,Post Mahomes,2025-W01-01,1,72.68,125.82,A.J. Brown,WR,WR,True,False,False,,1.3,,A.J. Brown,WR,,461.p.31883,31883,NE,yahoo_fantasy_api
2025,1,,4,api,The Big Gronkowski,Post Mahomes,2025-W01-01,1,72.68,125.82,Chuba Hubbard,RB,RB,True,False,False,,16.4,,Chuba Hubbard,RB,,461.p.33514,33514,Car,yahoo_fantasy_api
2025,1,,5,api,The Big Gronkowski,Post Mahomes,2025-W01-01,1,72.68,125.82,TreVeyon Henderson,RB,RB,True,False,False,,8.1,,TreVeyon Henderson,RB,,461.p.41823,41823,NE,yahoo_fantasy_api
2025,1,,6,api,The Big Gronkowski,Post Mahomes,2025-W01-01,1,72.68,125.82,T.J. Hockenson,TE,TE,True,False,False,,3.0,,T.J. Hockenson,TE,,461.p.31840,31840,Min,yahoo_fantasy_api
2025,1,,7,api,The Big Gronkowski,Post Mahomes,2025-W01-01,1,72.68,125.82,Jameson Williams,WR,W/R/T,True,False,False,,4.6,,Jameson Williams,WR,,461.p.33967,33967,Det,yahoo_fantasy_api
2025,1,,8,api,The Big Gronkowski,Post Mahomes,2025-W01-01,1,72.68,125.82,Dak Prescott,QB,BN,False,True,False,,7.82,,Dak Prescott,QB,,461.p.29369,29369,Dal,yahoo_fantasy_api
2025,1,,9,api,The Big Gronkowski,Post Mahomes,2025-W01-01,1,72.68,125.82,Braelon Allen,RB,BN,False,True,False,,6.9,,Braelon Allen,RB,,461.p.40981,40981,NYJ,yahoo_fantasy_api
2025,1,,10,api,The Big Gronkowski,Post Mahomes,2025-W01-01,1,72.68,125.82,Dylan Sampson,RB,BN,False,True,False,,13.3,,Dylan Sampson,RB,,461.p.41907,41907,Cle,yahoo_fantasy_api
2025,1,,11,api,The Big Gronkowski,Post Mahomes,2025-W01-01,1,72.68,125.82,Rashod Bateman,WR,BN,False,True,False,,2.0,,Rashod Bateman,WR,,461.p.33415,33415,Bal,yahoo_fantasy_api
2025,1,,12,api,The Big Gronkowski,Post Mahomes,2025-W01-01,1,72.68,125.82,Hunter Henry,TE,BN,False,True,False,,8.6,,Hunter Henry,TE,,461.p.29269,29269,NE,yahoo_fantasy_api
2025,1,,13,api,The Big Gronkowski,Post Mahomes,2025-W01-01,1,72.68,125.82,C.J. Stroud,QB,BN,False,True,False,,9.72,,C.J. Stroud,QB,,461.p.40030,40030,Hou,yahoo_fantasy_api
2025,1,,14,api,The Big Gronkowski,Post Mahomes,2025-W01-01,1,72.68,125.82,Ka'imi Fairbairn,K,K,True,False,False,,14.0,,Ka'imi Fairbairn,K,,461.p.29792,29792,Hou,yahoo_fantasy_api
2025,1,,15,api,The Big Gronkowski,Post Mahomes,2025-W01-01,1,72.68,125.82,Jets,DEF,DEF,True,False,False,,3.0,,Jets,DEF,,461.p.100020,100020,NYJ,yahoo_fantasy_api
2025,1,,1,api,ThreatLevelMidnight,Joe Mantegna,2025-W01-04,4,100.88,83.04,Baker Mayfield,QB,QB,True,False,False,,28.58,,Baker Mayfield,QB,,461.p.30971,30971,TB,yahoo_fantasy_api
2025,1,,2,api,ThreatLevelMidnight,Joe Mantegna,2025-W01-04,4,100.88,83.04,Marvin Harrison Jr.,WR,WR,True,False,False,,15.6,,Marvin Harrison Jr.,WR,,461.p.40893,40893,Ari,yahoo_fantasy_api
2025,1,,3,api,ThreatLevelMidnight,Joe Mantegna,2025-W01-04,4,100.88,83.04,Xavier Worthy,WR,WR,True,False,False,,0.0,,Xavier Worthy,WR,,461.p.40877,40877,KC,yahoo_fantasy_api
2025,1,,4,api,ThreatLevelMidnight,Joe Mantegna,2025-W01-04,4,100.88,83.04,Bijan Robinson,RB,RB,True,False,False,,21.4,,Bijan Robinson,RB,,461.p.40055,40055,Atl,yahoo_fantasy_api
2025,1,,5,api,ThreatLevelMidnight,Joe Mantegna,2025-W01-04,4,100.88,83.04,James Conner,RB,RB,True,False,False,,12.4,,James Conner,RB,,461.p.30218,30218,Ari,yahoo_fantasy_api
2025,1,,6,api,ThreatLevelMidnight,Joe Mantegna,2025-W01-04,4,100.88,83.04,Jake Ferguson,TE,TE,True,False,False,,4.8,,Jake Ferguson,TE,,461.p.34085,34085,Dal,yahoo_fantasy_api
2025,1,,7,api,ThreatLevelMidnight,Joe Mantegna,2025-W01-04,4,100.88,83.04,DJ Moore,WR,W/R/T,True,False,False,,7.1,,DJ Moore,WR,,461.p.30994,30994,Buf,yahoo_fantasy_api
2025,1,,8,api,ThreatLevelMidnight,Joe Mantegna,2025-W01-04,4,100.88,83.04,Tony Pollard,RB,BN,False,True,False,,7.4,,Tony Pollard,RB,,461.p.31960,31960,Ten,yahoo_fantasy_api
2025,1,,9,api,ThreatLevelMidnight,Joe Mantegna,2025-W01-04,4,100.88,83.04,Rashee Rice,WR,BN,False,True,False,,0.0,,Rashee Rice,WR,,461.p.40084,40084,KC,yahoo_fantasy_api
2025,1,,10,api,ThreatLevelMidnight,Joe Mantegna,2025-W01-04,4,100.88,83.04,Rhamondre Stevenson,RB,BN,False,True,False,,3.7,,Rhamondre Stevenson,RB,,461.p.33508,33508,NE,yahoo_fantasy_api
2025,1,,11,api,ThreatLevelMidnight,Joe Mantegna,2025-W01-04,4,100.88,83.04,Darnell Mooney,WR,BN,False,True,False,,0.0,,Darnell Mooney,WR,,461.p.32843,32843,NYG,yahoo_fantasy_api
2025,1,,12,api,ThreatLevelMidnight,Joe Mantegna,2025-W01-04,4,100.88,83.04,Quinshon Judkins,RB,IR,False,False,True,,0.0,,Quinshon Judkins,RB,,461.p.41821,41821,Cle,yahoo_fantasy_api
2025,1,,13,api,ThreatLevelMidnight,Joe Mantegna,2025-W01-04,4,100.88,83.04,Chase McLaughlin,K,K,True,False,False,,6.0,,Chase McLaughlin,K,,461.p.32417,32417,TB,yahoo_fantasy_api
2025,1,,14,api,ThreatLevelMidnight,Joe Mantegna,2025-W01-04,4,100.88,83.04,Cardinals,DEF,DEF,True,False,False,,5.0,,Cardinals,DEF,,461.p.100022,100022,Ari,yahoo_fantasy_api
2025,1,,15,api,ThreatLevelMidnight,Joe Mantegna,2025-W01-04,4,100.88,83.04,Bills,DEF,BN,False,True,False,,0.0,,Bills,DEF,,461.p.100002,100002,Buf,yahoo_fantasy_api
2025,1,,1,api,Uncle Rico,Voldemort,2025-W01-03,3,93.92,117.12,Joe Burrow,QB,QB,True,False,False,,10.82,,Joe Burrow,QB,,461.p.32671,32671,Cin,yahoo_fantasy_api
2025,1,,2,api,Uncle Rico,Voldemort,2025-W01-03,3,93.92,117.12,Terry McLaurin,WR,WR,True,False,False,,3.7,,Terry McLaurin,WR,,461.p.31908,31908,Was,yahoo_fantasy_api
2025,1,,3,api,Uncle Rico,Voldemort,2025-W01-03,3,93.92,117.12,Jaylen Waddle,WR,WR,True,False,False,,5.0,,Jaylen Waddle,WR,,461.p.33394,33394,Den,yahoo_fantasy_api
2025,1,,4,api,Uncle Rico,Voldemort,2025-W01-03,3,93.92,117.12,Christian McCaffrey,RB,RB,True,False,False,,18.7,,Christian McCaffrey,RB,,461.p.30121,30121,SF,yahoo_fantasy_api
2025,1,,5,api,Uncle Rico,Voldemort,2025-W01-03,3,93.92,117.12,Jonathan Taylor,RB,RB,True,False,False,,11.3,,Jonathan Taylor,RB,,461.p.32711,32711,Ind,yahoo_fantasy_api
2025,1,,6,api,Uncle Rico,Voldemort,2025-W01-03,3,93.92,117.12,Dalton Kincaid,TE,TE,True,False,False,,12.8,,Dalton Kincaid,TE,,461.p.40048,40048,Buf,yahoo_fantasy_api
2025,1,,7,api,Uncle Rico,Voldemort,2025-W01-03,3,93.92,117.12,Emeka Egbuka,WR,W/R/T,True,False,False,,21.6,,Emeka Egbuka,WR,,461.p.41804,41804,TB,yahoo_fantasy_api
2025,1,,8,api,Uncle Rico,Voldemort,2025-W01-03,3,93.92,117.12,Jerry Jeudy,WR,BN,False,True,False,,9.1,,Jerry Jeudy,WR,,461.p.32685,32685,Cle,yahoo_fantasy_api
2025,1,,9,api,Uncle Rico,Voldemort,2025-W01-03,3,93.92,117.12,Matthew Golden,WR,BN,False,True,False,,2.6,,Matthew Golden,WR,,461.p.41808,41808,GB,yahoo_fantasy_api
2025,1,,10,api,Uncle Rico,Voldemort,2025-W01-03,3,93.92,117.12,Bhayshul Tuten,RB,BN,False,True,False,,1.1,,Bhayshul Tuten,RB,,461.p.41900,41900,Jax,yahoo_fantasy_api
2025,1,,11,api,Uncle Rico,Voldemort,2025-W01-03,3,93.92,117.12,Zach Charbonnet,RB,BN,False,True,False,,10.7,,Zach Charbonnet,RB,,461.p.40075,40075,Sea,yahoo_fantasy_api
2025,1,,12,api,Uncle Rico,Voldemort,2025-W01-03,3,93.92,117.12,J.J. McCarthy,QB,BN,False,True,False,,27.22,,J.J. McCarthy,QB,,461.p.40905,40905,Min,yahoo_fantasy_api
2025,1,,13,api,Uncle Rico,Voldemort,2025-W01-03,3,93.92,117.12,Joshua Palmer,WR,BN,False,True,False,,8.6,,Joshua Palmer,WR,,461.p.33465,33465,Buf,yahoo_fantasy_api
2025,1,,14,api,Uncle Rico,Voldemort,2025-W01-03,3,93.92,117.12,Wil Lutz,K,K,True,False,False,,8.0,,Wil Lutz,K,,461.p.29754,29754,Den,yahoo_fantasy_api
2025,1,,15,api,Uncle Rico,Voldemort,2025-W01-03,3,93.92,117.12,Steelers,DEF,DEF,True,False,False,,2.0,,Steelers,DEF,,461.p.100023,100023,Pit,yahoo_fantasy_api
2025,1,,1,api,Voldemort,Uncle Rico,2025-W01-03,3,117.12,93.92,Kyler Murray,QB,QB,True,False,False,,22.32,,Kyler Murray,QB,,461.p.31833,31833,Min,yahoo_fantasy_api
2025,1,,2,api,Voldemort,Uncle Rico,2025-W01-03,3,117.12,93.92,Jaxon Smith-Njigba,WR,WR,True,False,False,,14.9,,Jaxon Smith-Njigba,WR,,461.p.40041,40041,Sea,yahoo_fantasy_api
2025,1,,3,api,Voldemort,Uncle Rico,2025-W01-03,3,117.12,93.92,Puka Nacua,WR,WR,True,False,False,,18.1,,Puka Nacua,WR,,461.p.40168,40168,LAR,yahoo_fantasy_api
2025,1,,4,api,Voldemort,Uncle Rico,2025-W01-03,3,117.12,93.92,Chase Brown,RB,RB,True,False,False,,12.1,,Chase Brown,RB,,461.p.40196,40196,Cin,yahoo_fantasy_api
2025,1,,5,api,Voldemort,Uncle Rico,2025-W01-03,3,117.12,93.92,Alvin Kamara,RB,RB,True,False,False,,12.7,,Alvin Kamara,RB,,461.p.30180,30180,NO,yahoo_fantasy_api
2025,1,,6,api,Voldemort,Uncle Rico,2025-W01-03,3,117.12,93.92,David Njoku,TE,TE,True,False,False,,5.2,,David Njoku,TE,,461.p.30142,30142,LAC,yahoo_fantasy_api
2025,1,,7,api,Voldemort,Uncle Rico,2025-W01-03,3,117.12,93.92,Justin Jefferson,WR,W/R/T,True,False,False,,12.8,,Justin Jefferson,WR,,461.p.32692,32692,Min,yahoo_fantasy_api
2025,1,,8,api,Voldemort,Uncle Rico,2025-W01-03,3,117.12,93.92,David Montgomery,RB,BN,False,True,False,,6.3,,David Montgomery,RB,,461.p.31905,31905,Hou,yahoo_fantasy_api
2025,1,,9,api,Voldemort,Uncle Rico,2025-W01-03,3,117.12,93.92,Jaylen Warren,RB,BN,False,True,False,,12.9,,Jaylen Warren,RB,,461.p.34447,34447,Pit,yahoo_fantasy_api
2025,1,,10,api,Voldemort,Uncle Rico,2025-W01-03,3,117.12,93.92,Keenan Allen,WR,BN,False,True,False,,16.3,,Keenan Allen,WR,,461.p.26699,26699,Ind,yahoo_fantasy_api
2025,1,,11,api,Voldemort,Uncle Rico,2025-W01-03,3,117.12,93.92,Tyler Allgeier,RB,BN,False,True,False,,2.4,,Tyler Allgeier,RB,,461.p.34107,34107,Ari,yahoo_fantasy_api
2025,1,,12,api,Voldemort,Uncle Rico,2025-W01-03,3,117.12,93.92,Justin Fields,QB,BN,False,True,False,,31.52,,Justin Fields,QB,,461.p.33399,33399,KC,yahoo_fantasy_api
2025,1,,13,api,Voldemort,Uncle Rico,2025-W01-03,3,117.12,93.92,Chig Okonkwo,TE,BN,False,True,False,,3.4,,Chig Okonkwo,TE,,461.p.34099,34099,Was,yahoo_fantasy_api
2025,1,,14,api,Voldemort,Uncle Rico,2025-W01-03,3,117.12,93.92,Chris Boswell,K,K,True,False,False,,14.0,,Chris Boswell,K,,461.p.28188,28188,Pit,yahoo_fantasy_api
2025,1,,15,api,Voldemort,Uncle Rico,2025-W01-03,3,117.12,93.92,Vikings,DEF,DEF,True,False,False,,5.0,,Vikings,DEF,,461.p.100016,100016,Min,yahoo_fantasy_api
2025,1,,1,api,malle_dips_pouches,Pop Lockett Drop it,2025-W01-05,5,89.68,119.26,Jalen Hurts,QB,QB,True,False,False,,24.28,,Jalen Hurts,QB,,461.p.32723,32723,Phi,yahoo_fantasy_api
2025,1,,2,api,malle_dips_pouches,Pop Lockett Drop it,2025-W01-05,5,89.68,119.26,Mike Evans,WR,WR,True,False,False,,7.6,,Mike Evans,WR,,461.p.27535,27535,SF,yahoo_fantasy_api
2025,1,,3,api,malle_dips_pouches,Pop Lockett Drop it,2025-W01-05,5,89.68,119.26,Calvin Ridley,WR,WR,True,False,False,,4.7,,Calvin Ridley,WR,,461.p.30996,30996,Ten,yahoo_fantasy_api
2025,1,,4,api,malle_dips_pouches,Pop Lockett Drop it,2025-W01-05,5,89.68,119.26,Ashton Jeanty,RB,RB,True,False,False,,11.0,,Ashton Jeanty,RB,,461.p.41791,41791,LV,yahoo_fantasy_api
2025,1,,5,api,malle_dips_pouches,Pop Lockett Drop it,2025-W01-05,5,89.68,119.26,Bucky Irving,RB,RB,True,False,False,,12.5,,Bucky Irving,RB,,461.p.40993,40993,TB,yahoo_fantasy_api
2025,1,,6,api,malle_dips_pouches,Pop Lockett Drop it,2025-W01-05,5,89.68,119.26,Sam LaPorta,TE,TE,True,False,False,,10.9,,Sam LaPorta,TE,,461.p.40064,40064,Det,yahoo_fantasy_api
2025,1,,7,api,malle_dips_pouches,Pop Lockett Drop it,2025-W01-05,5,89.68,119.26,Jakobi Meyers,WR,W/R/T,True,False,False,,13.7,,Jakobi Meyers,WR,,461.p.32231,32231,Jax,yahoo_fantasy_api
2025,1,,8,api,malle_dips_pouches,Pop Lockett Drop it,2025-W01-05,5,89.68,119.26,Tyrone Tracy Jr.,RB,BN,False,True,False,,4.5,,Tyrone Tracy Jr.,RB,,461.p.41048,41048,NYG,yahoo_fantasy_api
2025,1,,9,api,malle_dips_pouches,Pop Lockett Drop it,2025-W01-05,5,89.68,119.26,Stefon Diggs,WR,BN,False,True,False,,8.7,,Stefon Diggs,WR,,461.p.28534,28534,Was,yahoo_fantasy_api
2025,1,,10,api,malle_dips_pouches,Pop Lockett Drop it,2025-W01-05,5,89.68,119.26,Josh Downs,WR,BN,False,True,False,,2.2,,Josh Downs,WR,,461.p.40126,40126,Ind,yahoo_fantasy_api
2025,1,,11,api,malle_dips_pouches,Pop Lockett Drop it,2025-W01-05,5,89.68,119.26,Rachaad White,RB,BN,False,True,False,,2.1,,Rachaad White,RB,,461.p.34047,34047,Was,yahoo_fantasy_api
2025,1,,12,api,malle_dips_pouches,Pop Lockett Drop it,2025-W01-05,5,89.68,119.26,Christian Kirk,WR,BN,False,True,False,,0.0,,Christian Kirk,WR,,461.p.31017,31017,SF,yahoo_fantasy_api
2025,1,,13,api,malle_dips_pouches,Pop Lockett Drop it,2025-W01-05,5,89.68,119.26,Zach Ertz,TE,BN,False,True,False,,10.1,,Zach Ertz,TE,,461.p.26658,26658,Phi,yahoo_fantasy_api
2025,1,,14,api,malle_dips_pouches,Pop Lockett Drop it,2025-W01-05,5,89.68,119.26,Jake Elliott,K,K,True,False,False,,8.0,,Jake Elliott,K,,461.p.30266,30266,Phi,yahoo_fantasy_api
2025,1,,15,api,malle_dips_pouches,Pop Lockett Drop it,2025-W01-05,5,89.68,119.26,Ravens,DEF,DEF,True,False,False,,-3.0,,Ravens,DEF,,461.p.100033,100033,Bal,yahoo_fantasy_api
2025,2,,1,api,Buttermilk Puuump,malle_dips_pouches,2025-W02-06,6,134.16,88.74,Jared Goff,QB,QB,True,False,False,,43.96,,Jared Goff,QB,,461.p.29235,29235,Det,yahoo_fantasy_api
2025,2,,2,api,Buttermilk Puuump,malle_dips_pouches,2025-W02-06,6,134.16,88.74,Amon-Ra St. Brown,WR,WR,True,False,False,,34.7,,Amon-Ra St. Brown,WR,,461.p.33500,33500,Det,yahoo_fantasy_api
2025,2,,3,api,Buttermilk Puuump,malle_dips_pouches,2025-W02-06,6,134.16,88.74,George Pickens,WR,WR,True,False,False,,15.3,,George Pickens,WR,,461.p.34007,34007,Dal,yahoo_fantasy_api
2025,2,,4,api,Buttermilk Puuump,malle_dips_pouches,2025-W02-06,6,134.16,88.74,Josh Jacobs,RB,RB,True,False,False,,14.4,,Josh Jacobs,RB,,461.p.31856,31856,GB,yahoo_fantasy_api
2025,2,,5,api,Buttermilk Puuump,malle_dips_pouches,2025-W02-06,6,134.16,88.74,Breece Hall,RB,RB,True,False,False,,4.8,,Breece Hall,RB,,461.p.33991,33991,NYJ,yahoo_fantasy_api
2025,2,,6,api,Buttermilk Puuump,malle_dips_pouches,2025-W02-06,6,134.16,88.74,Evan Engram,TE,TE,True,False,False,,1.7,,Evan Engram,TE,,461.p.30136,30136,Den,yahoo_fantasy_api
2025,2,,7,api,Buttermilk Puuump,malle_dips_pouches,2025-W02-06,6,134.16,88.74,Aaron Jones Sr.,RB,W/R/T,True,False,False,,2.3,,Aaron Jones Sr.,RB,,461.p.30295,30295,Min,yahoo_fantasy_api
2025,2,,8,api,Buttermilk Puuump,malle_dips_pouches,2025-W02-06,6,134.16,88.74,Travis Hunter,WR,BN,False,True,False,,3.7,,Travis Hunter,WR,,461.p.99001,99001,Jax,yahoo_fantasy_api
2025,2,,9,api,Buttermilk Puuump,malle_dips_pouches,2025-W02-06,6,134.16,88.74,Deebo Samuel Sr.,WR,BN,False,True,False,,13.9,,Deebo Samuel Sr.,WR,,461.p.31868,31868,SF,yahoo_fantasy_api
2025,2,,10,api,Buttermilk Puuump,malle_dips_pouches,2025-W02-06,6,134.16,88.74,Nick Chubb,RB,BN,False,True,False,,14.2,,Nick Chubb,RB,,461.p.31005,31005,Hou,yahoo_fantasy_api
2025,2,,11,api,Buttermilk Puuump,malle_dips_pouches,2025-W02-06,6,134.16,88.74,Luther Burden III,WR,BN,False,True,False,,1.0,,Luther Burden III,WR,,461.p.41824,41824,Chi,yahoo_fantasy_api
2025,2,,12,api,Buttermilk Puuump,malle_dips_pouches,2025-W02-06,6,134.16,88.74,Najee Harris,RB,BN,False,True,False,,5.8,,Najee Harris,RB,,461.p.33412,33412,NYG,yahoo_fantasy_api
2025,2,,13,api,Buttermilk Puuump,malle_dips_pouches,2025-W02-06,6,134.16,88.74,Jordan Love,QB,BN,False,True,False,,24.88,,Jordan Love,QB,,461.p.32696,32696,GB,yahoo_fantasy_api
2025,2,,14,api,Buttermilk Puuump,malle_dips_pouches,2025-W02-06,6,134.16,88.74,Tyler Loop,K,K,True,False,False,,12.0,,Tyler Loop,K,,461.p.41988,41988,Bal,yahoo_fantasy_api
2025,2,,15,api,Buttermilk Puuump,malle_dips_pouches,2025-W02-06,6,134.16,88.74,49ers,DEF,DEF,True,False,False,,5.0,,49ers,DEF,,461.p.100025,100025,SF,yahoo_fantasy_api
2025,2,,1,api,Ginger FC 🏆🏆,Joe Mantegna,2025-W02-03,3,98.98,157.44,Justin Herbert,QB,QB,True,False,False,,22.78,,Justin Herbert,QB,,461.p.32676,32676,LAC,yahoo_fantasy_api
2025,2,,2,api,Ginger FC 🏆🏆,Joe Mantegna,2025-W02-03,3,98.98,157.44,Tyreek Hill,WR,WR,True,False,False,,13.9,,Tyreek Hill,WR,,461.p.29399,29399,Mia,yahoo_fantasy_api
2025,2,,3,api,Ginger FC 🏆🏆,Joe Mantegna,2025-W02-03,3,98.98,157.44,Davante Adams,WR,WR,True,False,False,,19.6,,Davante Adams,WR,,461.p.27581,27581,LAR,yahoo_fantasy_api
2025,2,,4,api,Ginger FC 🏆🏆,Joe Mantegna,2025-W02-03,3,98.98,157.44,Derrick Henry,RB,RB,True,False,False,,2.3,,Derrick Henry,RB,,461.p.29279,29279,Bal,yahoo_fantasy_api
2025,2,,5,api,Ginger FC 🏆🏆,Joe Mantegna,2025-W02-03,3,98.98,157.44,De'Von Achane,RB,RB,True,False,False,,22.2,,De'Von Achane,RB,,461.p.40118,40118,Mia,yahoo_fantasy_api
2025,2,,6,api,Ginger FC 🏆🏆,Joe Mantegna,2025-W02-03,3,98.98,157.44,Mark Andrews,TE,TE,True,False,False,,0.9,,Mark Andrews,TE,,461.p.31056,31056,Bal,yahoo_fantasy_api
2025,2,,7,api,Ginger FC 🏆🏆,Joe Mantegna,2025-W02-03,3,98.98,157.44,DeVonta Smith,WR,W/R/T,True,False,False,,7.3,,DeVonta Smith,WR,,461.p.33398,33398,Phi,yahoo_fantasy_api
2025,2,,8,api,Ginger FC 🏆🏆,Joe Mantegna,2025-W02-03,3,98.98,157.44,Travis Etienne Jr.,RB,BN,False,True,False,,15.9,,Travis Etienne Jr.,RB,,461.p.33413,33413,NO,yahoo_fantasy_api
2025,2,,9,api,Ginger FC 🏆🏆,Joe Mantegna,2025-W02-03,3,98.98,157.44,Chris Olave,WR,BN,False,True,False,,8.4,,Chris Olave,WR,,461.p.33966,33966,NO,yahoo_fantasy_api
2025,2,,10,api,Ginger FC 🏆🏆,Joe Mantegna,2025-W02-03,3,98.98,157.44,Michael Pittman Jr.,WR,BN,False,True,False,,6.0,,Michael Pittman Jr.,WR,,461.p.32704,32704,Pit,yahoo_fantasy_api
2025,2,,11,api,Ginger FC 🏆🏆,Joe Mantegna,2025-W02-03,3,98.98,157.44,Trey Benson,RB,BN,False,True,False,,6.4,,Trey Benson,RB,,461.p.40958,40958,Ari,yahoo_fantasy_api
2025,2,,12,api,Ginger FC 🏆🏆,Joe Mantegna,2025-W02-03,3,98.98,157.44,Ray Davis,RB,BN,False,True,False,,2.4,,Ray Davis,RB,,461.p.40980,40980,Buf,yahoo_fantasy_api
2025,2,,13,api,Ginger FC 🏆🏆,Joe Mantegna,2025-W02-03,3,98.98,157.44,Marvin Mims Jr.,WR,BN,False,True,False,,9.4,,Marvin Mims Jr.,WR,,461.p.40090,40090,Den,yahoo_fantasy_api
2025,2,,14,api,Ginger FC 🏆🏆,Joe Mantegna,2025-W02-03,3,98.98,157.44,Evan McPherson,K,K,True,False,False,,7.0,,Evan McPherson,K,,461.p.33537,33537,Cin,yahoo_fantasy_api
2025,2,,15,api,Ginger FC 🏆🏆,Joe Mantegna,2025-W02-03,3,98.98,157.44,Chiefs,DEF,DEF,True,False,False,,3.0,,Chiefs,DEF,,461.p.100012,100012,KC,yahoo_fantasy_api
2025,2,,1,api,Joe Mantegna,Ginger FC 🏆🏆,2025-W02-03,3,157.44,98.98,Bo Nix,QB,QB,True,False,False,,27.24,,Bo Nix,QB,,461.p.40875,40875,Den,yahoo_fantasy_api
2025,2,,2,api,Joe Mantegna,Ginger FC 🏆🏆,2025-W02-03,3,157.44,98.98,Ja'Marr Chase,WR,WR,True,False,False,,29.5,,Ja'Marr Chase,WR,,461.p.33393,33393,Cin,yahoo_fantasy_api
2025,2,,3,api,Joe Mantegna,Ginger FC 🏆🏆,2025-W02-03,3,157.44,98.98,Malik Nabers,WR,WR,True,False,False,,33.2,,Malik Nabers,WR,,461.p.40899,40899,NYG,yahoo_fantasy_api
2025,2,,4,api,Joe Mantegna,Ginger FC 🏆🏆,2025-W02-03,3,157.44,98.98,Omarion Hampton,RB,RB,True,False,False,,3.0,,Omarion Hampton,RB,,461.p.41807,41807,LAC,yahoo_fantasy_api
2025,2,,5,api,Joe Mantegna,Ginger FC 🏆🏆,2025-W02-03,3,157.44,98.98,Jacory Croskey-Merritt,RB,RB,True,False,False,,1.7,,Jacory Croskey-Merritt,RB,,461.p.42010,42010,Was,yahoo_fantasy_api
2025,2,,6,api,Joe Mantegna,Ginger FC 🏆🏆,2025-W02-03,3,157.44,98.98,Tucker Kraft,TE,TE,True,False,False,,21.4,,Tucker Kraft,TE,,461.p.40102,40102,GB,yahoo_fantasy_api
2025,2,,7,api,Joe Mantegna,Ginger FC 🏆🏆,2025-W02-03,3,157.44,98.98,Zay Flowers,WR,W/R/T,True,False,False,,11.4,,Zay Flowers,WR,,461.p.40039,40039,Bal,yahoo_fantasy_api
2025,2,,8,api,Joe Mantegna,Ginger FC 🏆🏆,2025-W02-03,3,157.44,98.98,RJ Harvey,RB,BN,False,True,False,,2.9,,RJ Harvey,RB,,461.p.41845,41845,Den,yahoo_fantasy_api
2025,2,,9,api,Joe Mantegna,Ginger FC 🏆🏆,2025-W02-03,3,157.44,98.98,Jauan Jennings,WR,BN,False,True,False,,17.4,,Jauan Jennings,WR,,461.p.32887,32887,Min,yahoo_fantasy_api
2025,2,,10,api,Joe Mantegna,Ginger FC 🏆🏆,2025-W02-03,3,157.44,98.98,Tyler Warren,TE,BN,False,True,False,,9.9,,Tyler Warren,TE,,461.p.41799,41799,Ind,yahoo_fantasy_api
2025,2,,11,api,Joe Mantegna,Ginger FC 🏆🏆,2025-W02-03,3,157.44,98.98,Cooper Kupp,WR,BN,False,True,False,,12.5,,Cooper Kupp,WR,,461.p.30182,30182,Sea,yahoo_fantasy_api
2025,2,,12,api,Joe Mantegna,Ginger FC 🏆🏆,2025-W02-03,3,157.44,98.98,Trevor Lawrence,QB,BN,False,True,False,,27.24,,Trevor Lawrence,QB,,461.p.33389,33389,Jax,yahoo_fantasy_api
2025,2,,13,api,Joe Mantegna,Ginger FC 🏆🏆,2025-W02-03,3,157.44,98.98,Quentin Johnston,WR,BN,False,True,False,,14.4,,Quentin Johnston,WR,,461.p.40051,40051,LAC,yahoo_fantasy_api
2025,2,,14,api,Joe Mantegna,Ginger FC 🏆🏆,2025-W02-03,3,157.44,98.98,Brandon Aubrey,K,K,True,False,False,,22.0,,Brandon Aubrey,K,,461.p.40819,40819,Dal,yahoo_fantasy_api
2025,2,,15,api,Joe Mantegna,Ginger FC 🏆🏆,2025-W02-03,3,157.44,98.98,Lions,DEF,DEF,True,False,False,,8.0,,Lions,DEF,,461.p.100008,100008,Det,yahoo_fantasy_api
2025,2,,1,api,Malle ❤️ 🐸,Voldemort,2025-W02-02,2,79.4,111.0,Jayden Daniels,QB,QB,True,False,False,,23.7,,Jayden Daniels,QB,,461.p.40896,40896,Was,yahoo_fantasy_api
2025,2,,2,api,Malle ❤️ 🐸,Voldemort,2025-W02-02,2,79.4,111.0,Drake London,WR,WR,True,False,False,,4.4,,Drake London,WR,,461.p.33963,33963,Atl,yahoo_fantasy_api
2025,2,,3,api,Malle ❤️ 🐸,Voldemort,2025-W02-02,2,79.4,111.0,Brian Thomas Jr.,WR,WR,True,False,False,,6.9,,Brian Thomas Jr.,WR,,461.p.40883,40883,Jax,yahoo_fantasy_api
2025,2,,4,api,Malle ❤️ 🐸,Voldemort,2025-W02-02,2,79.4,111.0,D'Andre Swift,RB,RB,True,False,False,,12.4,,D'Andre Swift,RB,,461.p.32705,32705,Chi,yahoo_fantasy_api
2025,2,,5,api,Malle ❤️ 🐸,Voldemort,2025-W02-02,2,79.4,111.0,Isiah Pacheco,RB,RB,True,False,False,,3.4,,Isiah Pacheco,RB,,461.p.34207,34207,Det,yahoo_fantasy_api
2025,2,,6,api,Malle ❤️ 🐸,Voldemort,2025-W02-02,2,79.4,111.0,Dalton Schultz,TE,TE,True,False,False,,4.4,,Dalton Schultz,TE,,461.p.31107,31107,Hou,yahoo_fantasy_api
2025,2,,7,api,Malle ❤️ 🐸,Voldemort,2025-W02-02,2,79.4,111.0,Rashid Shaheed,WR,W/R/T,True,False,False,,13.2,,Rashid Shaheed,WR,,461.p.34659,34659,Sea,yahoo_fantasy_api
2025,2,,8,api,Malle ❤️ 🐸,Voldemort,2025-W02-02,2,79.4,111.0,Dallas Goedert,TE,BN,False,True,False,,0.0,,Dallas Goedert,TE,,461.p.31019,31019,Phi,yahoo_fantasy_api
2025,2,,9,api,Malle ❤️ 🐸,Voldemort,2025-W02-02,2,79.4,111.0,George Kittle,TE,BN,False,True,False,,0.0,,George Kittle,TE,,461.p.30259,30259,SF,yahoo_fantasy_api
2025,2,,10,api,Malle ❤️ 🐸,Voldemort,2025-W02-02,2,79.4,111.0,Jordan Addison,WR,BN,False,True,False,,0.0,,Jordan Addison,WR,,461.p.40042,40042,Min,yahoo_fantasy_api
2025,2,,11,api,Malle ❤️ 🐸,Voldemort,2025-W02-02,2,79.4,111.0,Brock Purdy,QB,BN,False,True,False,,0.0,,Brock Purdy,QB,,461.p.34218,34218,SF,yahoo_fantasy_api
2025,2,,12,api,Malle ❤️ 🐸,Voldemort,2025-W02-02,2,79.4,111.0,Khalil Shakir,WR,BN,False,True,False,,1.7,,Khalil Shakir,WR,,461.p.34104,34104,Buf,yahoo_fantasy_api
2025,2,,13,api,Malle ❤️ 🐸,Voldemort,2025-W02-02,2,79.4,111.0,Jerome Ford,RB,BN,False,True,False,,7.9,,Jerome Ford,RB,,461.p.34112,34112,Min,yahoo_fantasy_api
2025,2,,14,api,Malle ❤️ 🐸,Voldemort,2025-W02-02,2,79.4,111.0,Matt Gay,K,K,True,False,False,,6.0,,Matt Gay,K,,461.p.31977,31977,LV,yahoo_fantasy_api
2025,2,,15,api,Malle ❤️ 🐸,Voldemort,2025-W02-02,2,79.4,111.0,Eagles,DEF,DEF,True,False,False,,5.0,,Eagles,DEF,,461.p.100021,100021,Phi,yahoo_fantasy_api
2025,2,,1,api,Patty Primetimes,Post Mahomes,2025-W02-05,5,95.22,92.58,Josh Allen,QB,QB,True,False,False,,11.82,,Josh Allen,QB,,461.p.30977,30977,Buf,yahoo_fantasy_api
2025,2,,2,api,Patty Primetimes,Post Mahomes,2025-W02-05,5,95.22,92.58,DK Metcalf,WR,WR,True,False,False,,9.5,,DK Metcalf,WR,,461.p.31896,31896,Pit,yahoo_fantasy_api
2025,2,,3,api,Patty Primetimes,Post Mahomes,2025-W02-05,5,95.22,92.58,Courtland Sutton,WR,WR,True,False,False,,1.1,,Courtland Sutton,WR,,461.p.31010,31010,Den,yahoo_fantasy_api
2025,2,,4,api,Patty Primetimes,Post Mahomes,2025-W02-05,5,95.22,92.58,Saquon Barkley,RB,RB,True,False,False,,16.4,,Saquon Barkley,RB,,461.p.30972,30972,Phi,yahoo_fantasy_api
2025,2,,5,api,Patty Primetimes,Post Mahomes,2025-W02-05,5,95.22,92.58,James Cook III,RB,RB,True,False,False,,26.0,,James Cook III,RB,,461.p.34019,34019,Buf,yahoo_fantasy_api
2025,2,,6,api,Patty Primetimes,Post Mahomes,2025-W02-05,5,95.22,92.58,Travis Kelce,TE,TE,True,False,False,,8.1,,Travis Kelce,TE,,461.p.26686,26686,KC,yahoo_fantasy_api
2025,2,,7,api,Patty Primetimes,Post Mahomes,2025-W02-05,5,95.22,92.58,Ladd McConkey,WR,W/R/T,True,False,False,,7.3,,Ladd McConkey,WR,,461.p.40908,40908,LAC,yahoo_fantasy_api
2025,2,,8,api,Patty Primetimes,Post Mahomes,2025-W02-05,5,95.22,92.58,J.K. Dobbins,RB,BN,False,True,False,,15.0,,J.K. Dobbins,RB,,461.p.32725,32725,Den,yahoo_fantasy_api
2025,2,,9,api,Patty Primetimes,Post Mahomes,2025-W02-05,5,95.22,92.58,Tank Bigsby,RB,BN,False,True,False,,0.0,,Tank Bigsby,RB,,461.p.40095,40095,Phi,yahoo_fantasy_api
2025,2,,10,api,Patty Primetimes,Post Mahomes,2025-W02-05,5,95.22,92.58,Keon Coleman,WR,BN,False,True,False,,4.1,,Keon Coleman,WR,,461.p.40911,40911,Buf,yahoo_fantasy_api
2025,2,,11,api,Patty Primetimes,Post Mahomes,2025-W02-05,5,95.22,92.58,Colston Loveland,TE,BN,False,True,False,,0.0,,Colston Loveland,TE,,461.p.41795,41795,Chi,yahoo_fantasy_api
2025,2,,12,api,Patty Primetimes,Post Mahomes,2025-W02-05,5,95.22,92.58,Caleb Williams,QB,BN,False,True,False,,21.98,,Caleb Williams,QB,,461.p.40900,40900,Chi,yahoo_fantasy_api
2025,2,,13,api,Patty Primetimes,Post Mahomes,2025-W02-05,5,95.22,92.58,Will Shipley,RB,BN,False,True,False,,0.0,,Will Shipley,RB,,461.p.41002,41002,Phi,yahoo_fantasy_api
2025,2,,14,api,Patty Primetimes,Post Mahomes,2025-W02-05,5,95.22,92.58,Cameron Dicker,K,K,True,False,False,,8.0,,Cameron Dicker,K,,461.p.34344,34344,LAC,yahoo_fantasy_api
2025,2,,15,api,Patty Primetimes,Post Mahomes,2025-W02-05,5,95.22,92.58,Texans,DEF,DEF,True,False,False,,7.0,,Texans,DEF,,461.p.100034,100034,Hou,yahoo_fantasy_api
2025,2,,1,api,Pop Lockett Drop it,Uncle Rico,2025-W02-04,4,130.4,97.24,Lamar Jackson,QB,QB,True,False,False,,34.3,,Lamar Jackson,QB,,461.p.31002,31002,Bal,yahoo_fantasy_api
2025,2,,2,api,Pop Lockett Drop it,Uncle Rico,2025-W02-04,4,130.4,97.24,CeeDee Lamb,WR,WR,True,False,False,,15.7,,CeeDee Lamb,WR,,461.p.32687,32687,Dal,yahoo_fantasy_api
2025,2,,3,api,Pop Lockett Drop it,Uncle Rico,2025-W02-04,4,130.4,97.24,Cedric Tillman,WR,WR,True,False,False,,9.2,,Cedric Tillman,WR,,461.p.40093,40093,NO,yahoo_fantasy_api
2025,2,,4,api,Pop Lockett Drop it,Uncle Rico,2025-W02-04,4,130.4,97.24,Javonte Williams,RB,RB,True,False,False,,22.0,,Javonte Williams,RB,,461.p.33423,33423,Dal,yahoo_fantasy_api
2025,2,,5,api,Pop Lockett Drop it,Uncle Rico,2025-W02-04,4,130.4,97.24,Brian Robinson,RB,RB,True,False,False,,2.4,,Brian Robinson,RB,,461.p.34054,34054,Atl,yahoo_fantasy_api
2025,2,,6,api,Pop Lockett Drop it,Uncle Rico,2025-W02-04,4,130.4,97.24,Trey McBride,TE,TE,True,False,False,,10.8,,Trey McBride,TE,,461.p.34010,34010,Ari,yahoo_fantasy_api
2025,2,,7,api,Pop Lockett Drop it,Uncle Rico,2025-W02-04,4,130.4,97.24,Tetairoa McMillan,WR,W/R/T,True,False,False,,13.0,,Tetairoa McMillan,WR,,461.p.41793,41793,Car,yahoo_fantasy_api
2025,2,,8,api,Pop Lockett Drop it,Uncle Rico,2025-W02-04,4,130.4,97.24,Kenneth Walker III,RB,BN,False,True,False,,18.3,,Kenneth Walker III,RB,,461.p.33996,33996,KC,yahoo_fantasy_api
2025,2,,9,api,Pop Lockett Drop it,Uncle Rico,2025-W02-04,4,130.4,97.24,Rome Odunze,WR,BN,False,True,False,,28.3,,Rome Odunze,WR,,461.p.40901,40901,Chi,yahoo_fantasy_api
2025,2,,10,api,Pop Lockett Drop it,Uncle Rico,2025-W02-04,4,130.4,97.24,Kareem Hunt,RB,BN,False,True,False,,3.9,,Kareem Hunt,RB,,461.p.30199,30199,KC,yahoo_fantasy_api
2025,2,,11,api,Pop Lockett Drop it,Uncle Rico,2025-W02-04,4,130.4,97.24,Kaleb Johnson,RB,BN,False,True,False,,0.1,,Kaleb Johnson,RB,,461.p.41881,41881,GB,yahoo_fantasy_api
2025,2,,12,api,Pop Lockett Drop it,Uncle Rico,2025-W02-04,4,130.4,97.24,Jayden Reed,WR,BN,False,True,False,,0.0,,Jayden Reed,WR,,461.p.40063,40063,GB,yahoo_fantasy_api
2025,2,,13,api,Pop Lockett Drop it,Uncle Rico,2025-W02-04,4,130.4,97.24,Brandon Aiyuk,WR,BN,False,True,False,,0.0,,Brandon Aiyuk,WR,,461.p.32695,32695,SF,yahoo_fantasy_api
2025,2,,14,api,Pop Lockett Drop it,Uncle Rico,2025-W02-04,4,130.4,97.24,Jake Bates,K,K,True,False,False,,10.0,,Jake Bates,K,,461.p.40835,40835,Det,yahoo_fantasy_api
2025,2,,15,api,Pop Lockett Drop it,Uncle Rico,2025-W02-04,4,130.4,97.24,Chargers,DEF,DEF,True,False,False,,13.0,,Chargers,DEF,,461.p.100024,100024,LAC,yahoo_fantasy_api
2025,2,,1,api,Post Mahomes,Patty Primetimes,2025-W02-05,5,92.58,95.22,Patrick Mahomes,QB,QB,True,False,False,,25.08,,Patrick Mahomes,QB,,461.p.30123,30123,KC,yahoo_fantasy_api
2025,2,,2,api,Post Mahomes,Patty Primetimes,2025-W02-05,5,92.58,95.22,Tee Higgins,WR,WR,True,False,False,,13.1,,Tee Higgins,WR,,461.p.32703,32703,Cin,yahoo_fantasy_api
2025,2,,3,api,Post Mahomes,Patty Primetimes,2025-W02-05,5,92.58,95.22,Garrett Wilson,WR,WR,True,False,False,,7.0,,Garrett Wilson,WR,,461.p.33965,33965,NYJ,yahoo_fantasy_api
2025,2,,4,api,Post Mahomes,Patty Primetimes,2025-W02-05,5,92.58,95.22,Jahmyr Gibbs,RB,RB,True,False,False,,17.9,,Jahmyr Gibbs,RB,,461.p.40059,40059,Det,yahoo_fantasy_api
2025,2,,5,api,Post Mahomes,Patty Primetimes,2025-W02-05,5,92.58,95.22,Kyren Williams,RB,RB,True,False,False,,9.0,,Kyren Williams,RB,,461.p.34120,34120,LAR,yahoo_fantasy_api
2025,2,,6,api,Post Mahomes,Patty Primetimes,2025-W02-05,5,92.58,95.22,Brock Bowers,TE,TE,True,False,False,,6.3,,Brock Bowers,TE,,461.p.40878,40878,LV,yahoo_fantasy_api
2025,2,,7,api,Post Mahomes,Patty Primetimes,2025-W02-05,5,92.58,95.22,Ricky Pearsall,WR,W/R/T,True,False,False,,7.2,,Ricky Pearsall,WR,,461.p.40892,40892,SF,yahoo_fantasy_api
2025,2,,8,api,Post Mahomes,Patty Primetimes,2025-W02-05,5,92.58,95.22,Jordan Mason,RB,BN,False,True,False,,4.8,,Jordan Mason,RB,,461.p.34320,34320,Min,yahoo_fantasy_api
2025,2,,9,api,Post Mahomes,Patty Primetimes,2025-W02-05,5,92.58,95.22,Cam Skattebo,RB,BN,False,True,False,,12.9,,Cam Skattebo,RB,,461.p.41922,41922,NYG,yahoo_fantasy_api
2025,2,,10,api,Post Mahomes,Patty Primetimes,2025-W02-05,5,92.58,95.22,Chris Godwin Jr.,WR,BN,False,True,False,,0.0,,Chris Godwin Jr.,WR,,461.p.30197,30197,TB,yahoo_fantasy_api
2025,2,,11,api,Post Mahomes,Patty Primetimes,2025-W02-05,5,92.58,95.22,Hollywood Brown,WR,BN,False,True,False,,5.5,,Hollywood Brown,WR,,461.p.31857,31857,Phi,yahoo_fantasy_api
2025,2,,12,api,Post Mahomes,Patty Primetimes,2025-W02-05,5,92.58,95.22,Michael Mayer,TE,BN,False,True,False,,1.9,,Michael Mayer,TE,,461.p.40065,40065,LV,yahoo_fantasy_api
2025,2,,13,api,Post Mahomes,Patty Primetimes,2025-W02-05,5,92.58,95.22,Joe Mixon,RB,IR,False,False,True,,0.0,,Joe Mixon,RB,,461.p.30161,30161,Hou,yahoo_fantasy_api
2025,2,,14,api,Post Mahomes,Patty Primetimes,2025-W02-05,5,92.58,95.22,Harrison Butker,K,K,True,False,False,,7.0,,Harrison Butker,K,,461.p.30346,30346,KC,yahoo_fantasy_api
2025,2,,15,api,Post Mahomes,Patty Primetimes,2025-W02-05,5,92.58,95.22,Broncos,DEF,DEF,True,False,False,,0.0,,Broncos,DEF,,461.p.100007,100007,Den,yahoo_fantasy_api
2025,2,,16,api,Post Mahomes,Patty Primetimes,2025-W02-05,5,92.58,95.22,Buccaneers,DEF,BN,False,True,False,,4.0,,Buccaneers,DEF,,461.p.100027,100027,TB,yahoo_fantasy_api
2025,2,,1,api,The Big Gronkowski,ThreatLevelMidnight,2025-W02-01,1,95.74,101.2,Dak Prescott,QB,QB,True,False,False,,27.14,,Dak Prescott,QB,,461.p.29369,29369,Dal,yahoo_fantasy_api
2025,2,,2,api,The Big Gronkowski,ThreatLevelMidnight,2025-W02-01,1,95.74,101.2,Nico Collins,WR,WR,True,False,False,,12.7,,Nico Collins,WR,,461.p.33477,33477,Hou,yahoo_fantasy_api
2025,2,,3,api,The Big Gronkowski,ThreatLevelMidnight,2025-W02-01,1,95.74,101.2,A.J. Brown,WR,WR,True,False,False,,5.2,,A.J. Brown,WR,,461.p.31883,31883,NE,yahoo_fantasy_api
2025,2,,4,api,The Big Gronkowski,ThreatLevelMidnight,2025-W02-01,1,95.74,101.2,Chuba Hubbard,RB,RB,True,False,False,,16.2,,Chuba Hubbard,RB,,461.p.33514,33514,Car,yahoo_fantasy_api
2025,2,,5,api,The Big Gronkowski,ThreatLevelMidnight,2025-W02-01,1,95.74,101.2,TreVeyon Henderson,RB,RB,True,False,False,,5.0,,TreVeyon Henderson,RB,,461.p.41823,41823,NE,yahoo_fantasy_api
2025,2,,6,api,The Big Gronkowski,ThreatLevelMidnight,2025-W02-01,1,95.74,101.2,T.J. Hockenson,TE,TE,True,False,False,,1.7,,T.J. Hockenson,TE,,461.p.31840,31840,Min,yahoo_fantasy_api
2025,2,,7,api,The Big Gronkowski,ThreatLevelMidnight,2025-W02-01,1,95.74,101.2,Jameson Williams,WR,W/R/T,True,False,False,,17.8,,Jameson Williams,WR,,461.p.33967,33967,Det,yahoo_fantasy_api
2025,2,,8,api,The Big Gronkowski,ThreatLevelMidnight,2025-W02-01,1,95.74,101.2,Drake Maye,QB,BN,False,True,False,,30.3,,Drake Maye,QB,,461.p.40881,40881,NE,yahoo_fantasy_api
2025,2,,9,api,The Big Gronkowski,ThreatLevelMidnight,2025-W02-01,1,95.74,101.2,Braelon Allen,RB,BN,False,True,False,,1.1,,Braelon Allen,RB,,461.p.40981,40981,NYJ,yahoo_fantasy_api
2025,2,,10,api,The Big Gronkowski,ThreatLevelMidnight,2025-W02-01,1,95.74,101.2,Dylan Sampson,RB,BN,False,True,False,,9.4,,Dylan Sampson,RB,,461.p.41907,41907,Cle,yahoo_fantasy_api
2025,2,,11,api,The Big Gronkowski,ThreatLevelMidnight,2025-W02-01,1,95.74,101.2,Rashod Bateman,WR,BN,False,True,False,,2.5,,Rashod Bateman,WR,,461.p.33415,33415,Bal,yahoo_fantasy_api
2025,2,,12,api,The Big Gronkowski,ThreatLevelMidnight,2025-W02-01,1,95.74,101.2,Hunter Henry,TE,BN,False,True,False,,1.4,,Hunter Henry,TE,,461.p.29269,29269,NE,yahoo_fantasy_api
2025,2,,13,api,The Big Gronkowski,ThreatLevelMidnight,2025-W02-01,1,95.74,101.2,C.J. Stroud,QB,BN,False,True,False,,16.98,,C.J. Stroud,QB,,461.p.40030,40030,Hou,yahoo_fantasy_api
2025,2,,14,api,The Big Gronkowski,ThreatLevelMidnight,2025-W02-01,1,95.74,101.2,Ka'imi Fairbairn,K,K,True,False,False,,9.0,,Ka'imi Fairbairn,K,,461.p.29792,29792,Hou,yahoo_fantasy_api
2025,2,,15,api,The Big Gronkowski,ThreatLevelMidnight,2025-W02-01,1,95.74,101.2,Cowboys,DEF,DEF,True,False,False,,1.0,,Cowboys,DEF,,461.p.100006,100006,Dal,yahoo_fantasy_api
2025,2,,1,api,ThreatLevelMidnight,The Big Gronkowski,2025-W02-01,1,101.2,95.74,Baker Mayfield,QB,QB,True,False,False,,23.9,,Baker Mayfield,QB,,461.p.30971,30971,TB,yahoo_fantasy_api
2025,2,,2,api,ThreatLevelMidnight,The Big Gronkowski,2025-W02-01,1,101.2,95.74,Marvin Harrison Jr.,WR,WR,True,False,False,,3.7,,Marvin Harrison Jr.,WR,,461.p.40893,40893,Ari,yahoo_fantasy_api
2025,2,,3,api,ThreatLevelMidnight,The Big Gronkowski,2025-W02-01,1,101.2,95.74,DJ Moore,WR,WR,True,False,False,,7.1,,DJ Moore,WR,,461.p.30994,30994,Buf,yahoo_fantasy_api
2025,2,,4,api,ThreatLevelMidnight,The Big Gronkowski,2025-W02-01,1,101.2,95.74,James Conner,RB,RB,True,False,False,,11.7,,James Conner,RB,,461.p.30218,30218,Ari,yahoo_fantasy_api
2025,2,,5,api,ThreatLevelMidnight,The Big Gronkowski,2025-W02-01,1,101.2,95.74,Tony Pollard,RB,RB,True,False,False,,9.2,,Tony Pollard,RB,,461.p.31960,31960,Ten,yahoo_fantasy_api
2025,2,,6,api,ThreatLevelMidnight,The Big Gronkowski,2025-W02-01,1,101.2,95.74,Jake Ferguson,TE,TE,True,False,False,,12.3,,Jake Ferguson,TE,,461.p.34085,34085,Dal,yahoo_fantasy_api
2025,2,,7,api,ThreatLevelMidnight,The Big Gronkowski,2025-W02-01,1,101.2,95.74,Bijan Robinson,RB,W/R/T,True,False,False,,18.3,,Bijan Robinson,RB,,461.p.40055,40055,Atl,yahoo_fantasy_api
2025,2,,8,api,ThreatLevelMidnight,The Big Gronkowski,2025-W02-01,1,101.2,95.74,Xavier Worthy,WR,BN,False,True,False,,0.0,,Xavier Worthy,WR,,461.p.40877,40877,KC,yahoo_fantasy_api
2025,2,,9,api,ThreatLevelMidnight,The Big Gronkowski,2025-W02-01,1,101.2,95.74,Rashee Rice,WR,BN,False,True,False,,0.0,,Rashee Rice,WR,,461.p.40084,40084,KC,yahoo_fantasy_api
2025,2,,10,api,ThreatLevelMidnight,The Big Gronkowski,2025-W02-01,1,101.2,95.74,Rhamondre Stevenson,RB,BN,False,True,False,,18.7,,Rhamondre Stevenson,RB,,461.p.33508,33508,NE,yahoo_fantasy_api
2025,2,,11,api,ThreatLevelMidnight,The Big Gronkowski,2025-W02-01,1,101.2,95.74,Darnell Mooney,WR,BN,False,True,False,,3.0,,Darnell Mooney,WR,,461.p.32843,32843,NYG,yahoo_fantasy_api
2025,2,,12,api,ThreatLevelMidnight,The Big Gronkowski,2025-W02-01,1,101.2,95.74,Quinshon Judkins,RB,IR,False,False,True,,8.6,,Quinshon Judkins,RB,,461.p.41821,41821,Cle,yahoo_fantasy_api
2025,2,,13,api,ThreatLevelMidnight,The Big Gronkowski,2025-W02-01,1,101.2,95.74,Chase McLaughlin,K,K,True,False,False,,2.0,,Chase McLaughlin,K,,461.p.32417,32417,TB,yahoo_fantasy_api
2025,2,,14,api,ThreatLevelMidnight,The Big Gronkowski,2025-W02-01,1,101.2,95.74,Cardinals,DEF,DEF,True,False,False,,13.0,,Cardinals,DEF,,461.p.100022,100022,Ari,yahoo_fantasy_api
2025,2,,15,api,ThreatLevelMidnight,The Big Gronkowski,2025-W02-01,1,101.2,95.74,Bills,DEF,BN,False,True,False,,10.0,,Bills,DEF,,461.p.100002,100002,Buf,yahoo_fantasy_api
2025,2,,1,api,Uncle Rico,Pop Lockett Drop it,2025-W02-04,4,97.24,130.4,Joe Burrow,QB,QB,True,False,False,,9.04,,Joe Burrow,QB,,461.p.32671,32671,Cin,yahoo_fantasy_api
2025,2,,2,api,Uncle Rico,Pop Lockett Drop it,2025-W02-04,4,97.24,130.4,Terry McLaurin,WR,WR,True,False,False,,7.3,,Terry McLaurin,WR,,461.p.31908,31908,Was,yahoo_fantasy_api
2025,2,,3,api,Uncle Rico,Pop Lockett Drop it,2025-W02-04,4,97.24,130.4,Jerry Jeudy,WR,WR,True,False,False,,7.1,,Jerry Jeudy,WR,,461.p.32685,32685,Cle,yahoo_fantasy_api
2025,2,,4,api,Uncle Rico,Pop Lockett Drop it,2025-W02-04,4,97.24,130.4,Christian McCaffrey,RB,RB,True,False,False,,19.7,,Christian McCaffrey,RB,,461.p.30121,30121,SF,yahoo_fantasy_api
2025,2,,5,api,Uncle Rico,Pop Lockett Drop it,2025-W02-04,4,97.24,130.4,Jonathan Taylor,RB,RB,True,False,False,,28.5,,Jonathan Taylor,RB,,461.p.32711,32711,Ind,yahoo_fantasy_api
2025,2,,6,api,Uncle Rico,Pop Lockett Drop it,2025-W02-04,4,97.24,130.4,Dalton Kincaid,TE,TE,True,False,False,,5.7,,Dalton Kincaid,TE,,461.p.40048,40048,Buf,yahoo_fantasy_api
2025,2,,7,api,Uncle Rico,Pop Lockett Drop it,2025-W02-04,4,97.24,130.4,Emeka Egbuka,WR,W/R/T,True,False,False,,10.9,,Emeka Egbuka,WR,,461.p.41804,41804,TB,yahoo_fantasy_api
2025,2,,8,api,Uncle Rico,Pop Lockett Drop it,2025-W02-04,4,97.24,130.4,Jaylen Waddle,WR,BN,False,True,False,,15.3,,Jaylen Waddle,WR,,461.p.33394,33394,Den,yahoo_fantasy_api
2025,2,,9,api,Uncle Rico,Pop Lockett Drop it,2025-W02-04,4,97.24,130.4,Matthew Golden,WR,BN,False,True,False,,1.5,,Matthew Golden,WR,,461.p.41808,41808,GB,yahoo_fantasy_api
2025,2,,10,api,Uncle Rico,Pop Lockett Drop it,2025-W02-04,4,97.24,130.4,Bhayshul Tuten,RB,BN,False,True,False,,14.4,,Bhayshul Tuten,RB,,461.p.41900,41900,Jax,yahoo_fantasy_api
2025,2,,11,api,Uncle Rico,Pop Lockett Drop it,2025-W02-04,4,97.24,130.4,Zach Charbonnet,RB,BN,False,True,False,,1.0,,Zach Charbonnet,RB,,461.p.40075,40075,Sea,yahoo_fantasy_api
2025,2,,12,api,Uncle Rico,Pop Lockett Drop it,2025-W02-04,4,97.24,130.4,J.J. McCarthy,QB,BN,False,True,False,,4.82,,J.J. McCarthy,QB,,461.p.40905,40905,Min,yahoo_fantasy_api
2025,2,,13,api,Uncle Rico,Pop Lockett Drop it,2025-W02-04,4,97.24,130.4,Joshua Palmer,WR,BN,False,True,False,,5.7,,Joshua Palmer,WR,,461.p.33465,33465,Buf,yahoo_fantasy_api
2025,2,,14,api,Uncle Rico,Pop Lockett Drop it,2025-W02-04,4,97.24,130.4,Wil Lutz,K,K,True,False,False,,4.0,,Wil Lutz,K,,461.p.29754,29754,Den,yahoo_fantasy_api
2025,2,,15,api,Uncle Rico,Pop Lockett Drop it,2025-W02-04,4,97.24,130.4,Steelers,DEF,DEF,True,False,False,,5.0,,Steelers,DEF,,461.p.100023,100023,Pit,yahoo_fantasy_api
2025,2,,1,api,Voldemort,Malle ❤️ 🐸,2025-W02-02,2,111.0,79.4,Kyler Murray,QB,QB,True,False,False,,17.0,,Kyler Murray,QB,,461.p.31833,31833,Min,yahoo_fantasy_api
2025,2,,2,api,Voldemort,Malle ❤️ 🐸,2025-W02-02,2,111.0,79.4,Jaxon Smith-Njigba,WR,WR,True,False,False,,14.3,,Jaxon Smith-Njigba,WR,,461.p.40041,40041,Sea,yahoo_fantasy_api
2025,2,,3,api,Voldemort,Malle ❤️ 🐸,2025-W02-02,2,111.0,79.4,Puka Nacua,WR,WR,True,False,False,,23.6,,Puka Nacua,WR,,461.p.40168,40168,LAR,yahoo_fantasy_api
2025,2,,4,api,Voldemort,Malle ❤️ 🐸,2025-W02-02,2,111.0,79.4,Chase Brown,RB,RB,True,False,False,,7.5,,Chase Brown,RB,,461.p.40196,40196,Cin,yahoo_fantasy_api
2025,2,,5,api,Voldemort,Malle ❤️ 🐸,2025-W02-02,2,111.0,79.4,Alvin Kamara,RB,RB,True,False,False,,13.0,,Alvin Kamara,RB,,461.p.30180,30180,NO,yahoo_fantasy_api
2025,2,,6,api,Voldemort,Malle ❤️ 🐸,2025-W02-02,2,111.0,79.4,David Njoku,TE,TE,True,False,False,,6.0,,David Njoku,TE,,461.p.30142,30142,LAC,yahoo_fantasy_api
2025,2,,7,api,Voldemort,Malle ❤️ 🐸,2025-W02-02,2,111.0,79.4,Justin Jefferson,WR,W/R/T,True,False,False,,9.6,,Justin Jefferson,WR,,461.p.32692,32692,Min,yahoo_fantasy_api
2025,2,,8,api,Voldemort,Malle ❤️ 🐸,2025-W02-02,2,111.0,79.4,David Montgomery,RB,BN,False,True,False,,12.6,,David Montgomery,RB,,461.p.31905,31905,Hou,yahoo_fantasy_api
2025,2,,9,api,Voldemort,Malle ❤️ 🐸,2025-W02-02,2,111.0,79.4,Jaylen Warren,RB,BN,False,True,False,,15.4,,Jaylen Warren,RB,,461.p.34447,34447,Pit,yahoo_fantasy_api
2025,2,,10,api,Voldemort,Malle ❤️ 🐸,2025-W02-02,2,111.0,79.4,Keenan Allen,WR,BN,False,True,False,,14.6,,Keenan Allen,WR,,461.p.26699,26699,Ind,yahoo_fantasy_api
2025,2,,11,api,Voldemort,Malle ❤️ 🐸,2025-W02-02,2,111.0,79.4,Justin Fields,QB,BN,False,True,False,,3.98,,Justin Fields,QB,,461.p.33399,33399,KC,yahoo_fantasy_api
2025,2,,12,api,Voldemort,Malle ❤️ 🐸,2025-W02-02,2,111.0,79.4,Calvin Austin III,WR,BN,False,True,False,,2.7,,Calvin Austin III,WR,,461.p.34094,34094,NYG,yahoo_fantasy_api
2025,2,,13,api,Voldemort,Malle ❤️ 🐸,2025-W02-02,2,111.0,79.4,Harold Fannin Jr.,TE,BN,False,True,False,,7.3,,Harold Fannin Jr.,TE,,461.p.41877,41877,Cle,yahoo_fantasy_api
2025,2,,14,api,Voldemort,Malle ❤️ 🐸,2025-W02-02,2,111.0,79.4,Chris Boswell,K,K,True,False,False,,12.0,,Chris Boswell,K,,461.p.28188,28188,Pit,yahoo_fantasy_api
2025,2,,15,api,Voldemort,Malle ❤️ 🐸,2025-W02-02,2,111.0,79.4,Rams,DEF,DEF,True,False,False,,8.0,,Rams,DEF,,461.p.100014,100014,LAR,yahoo_fantasy_api
2025,2,,1,api,malle_dips_pouches,Buttermilk Puuump,2025-W02-06,6,88.74,134.16,Jalen Hurts,QB,QB,True,False,False,,11.54,,Jalen Hurts,QB,,461.p.32723,32723,Phi,yahoo_fantasy_api
2025,2,,2,api,malle_dips_pouches,Buttermilk Puuump,2025-W02-06,6,88.74,134.16,Mike Evans,WR,WR,True,False,False,,8.1,,Mike Evans,WR,,461.p.27535,27535,SF,yahoo_fantasy_api
2025,2,,3,api,malle_dips_pouches,Buttermilk Puuump,2025-W02-06,6,88.74,134.16,Calvin Ridley,WR,WR,True,False,False,,7.2,,Calvin Ridley,WR,,461.p.30996,30996,Ten,yahoo_fantasy_api
2025,2,,4,api,malle_dips_pouches,Buttermilk Puuump,2025-W02-06,6,88.74,134.16,Ashton Jeanty,RB,RB,True,False,False,,5.9,,Ashton Jeanty,RB,,461.p.41791,41791,LV,yahoo_fantasy_api
2025,2,,5,api,malle_dips_pouches,Buttermilk Puuump,2025-W02-06,6,88.74,134.16,Bucky Irving,RB,RB,True,False,False,,15.1,,Bucky Irving,RB,,461.p.40993,40993,TB,yahoo_fantasy_api
2025,2,,6,api,malle_dips_pouches,Buttermilk Puuump,2025-W02-06,6,88.74,134.16,Sam LaPorta,TE,TE,True,False,False,,4.1,,Sam LaPorta,TE,,461.p.40064,40064,Det,yahoo_fantasy_api
2025,2,,7,api,malle_dips_pouches,Buttermilk Puuump,2025-W02-06,6,88.74,134.16,Jakobi Meyers,WR,W/R/T,True,False,False,,9.8,,Jakobi Meyers,WR,,461.p.32231,32231,Jax,yahoo_fantasy_api
2025,2,,8,api,malle_dips_pouches,Buttermilk Puuump,2025-W02-06,6,88.74,134.16,Tyrone Tracy Jr.,RB,BN,False,True,False,,7.1,,Tyrone Tracy Jr.,RB,,461.p.41048,41048,NYG,yahoo_fantasy_api
2025,2,,9,api,malle_dips_pouches,Buttermilk Puuump,2025-W02-06,6,88.74,134.16,Stefon Diggs,WR,BN,False,True,False,,5.2,,Stefon Diggs,WR,,461.p.28534,28534,Was,yahoo_fantasy_api
2025,2,,10,api,malle_dips_pouches,Buttermilk Puuump,2025-W02-06,6,88.74,134.16,Josh Downs,WR,BN,False,True,False,,8.1,,Josh Downs,WR,,461.p.40126,40126,Ind,yahoo_fantasy_api
2025,2,,11,api,malle_dips_pouches,Buttermilk Puuump,2025-W02-06,6,88.74,134.16,Rachaad White,RB,BN,False,True,False,,13.6,,Rachaad White,RB,,461.p.34047,34047,Was,yahoo_fantasy_api
2025,2,,12,api,malle_dips_pouches,Buttermilk Puuump,2025-W02-06,6,88.74,134.16,Christian Kirk,WR,BN,False,True,False,,0.0,,Christian Kirk,WR,,461.p.31017,31017,SF,yahoo_fantasy_api
2025,2,,13,api,malle_dips_pouches,Buttermilk Puuump,2025-W02-06,6,88.74,134.16,Zach Ertz,TE,BN,False,True,False,,15.4,,Zach Ertz,TE,,461.p.26658,26658,Phi,yahoo_fantasy_api
2025,2,,14,api,malle_dips_pouches,Buttermilk Puuump,2025-W02-06,6,88.74,134.16,Jake Elliott,K,K,True,False,False,,12.0,,Jake Elliott,K,,461.p.30266,30266,Phi,yahoo_fantasy_api
2025,2,,15,api,malle_dips_pouches,Buttermilk Puuump,2025-W02-06,6,88.74,134.16,Ravens,DEF,DEF,True,False,False,,15.0,,Ravens,DEF,,461.p.100033,100033,Bal,yahoo_fantasy_api
2025,3,,1,api,Buttermilk Puuump,Uncle Rico,2025-W03-06,6,76.28,141.02,Jared Goff,QB,QB,True,False,False,,14.68,,Jared Goff,QB,,461.p.29235,29235,Det,yahoo_fantasy_api
2025,3,,2,api,Buttermilk Puuump,Uncle Rico,2025-W03-06,6,76.28,141.02,Amon-Ra St. Brown,WR,WR,True,False,False,,17.2,,Amon-Ra St. Brown,WR,,461.p.33500,33500,Det,yahoo_fantasy_api
2025,3,,3,api,Buttermilk Puuump,Uncle Rico,2025-W03-06,6,76.28,141.02,Deebo Samuel Sr.,WR,WR,True,False,False,,3.9,,Deebo Samuel Sr.,WR,,461.p.31868,31868,SF,yahoo_fantasy_api
2025,3,,4,api,Buttermilk Puuump,Uncle Rico,2025-W03-06,6,76.28,141.02,Breece Hall,RB,RB,True,False,False,,7.2,,Breece Hall,RB,,461.p.33991,33991,NYJ,yahoo_fantasy_api
2025,3,,5,api,Buttermilk Puuump,Uncle Rico,2025-W03-06,6,76.28,141.02,Nick Chubb,RB,RB,True,False,False,,5.5,,Nick Chubb,RB,,461.p.31005,31005,Hou,yahoo_fantasy_api
2025,3,,6,api,Buttermilk Puuump,Uncle Rico,2025-W03-06,6,76.28,141.02,Kyle Pitts Sr.,TE,TE,True,False,False,,5.9,,Kyle Pitts Sr.,TE,,461.p.33392,33392,Atl,yahoo_fantasy_api
2025,3,,7,api,Buttermilk Puuump,Uncle Rico,2025-W03-06,6,76.28,141.02,Josh Jacobs,RB,W/R/T,True,False,False,,9.9,,Josh Jacobs,RB,,461.p.31856,31856,GB,yahoo_fantasy_api
2025,3,,8,api,Buttermilk Puuump,Uncle Rico,2025-W03-06,6,76.28,141.02,Evan Engram,TE,BN,False,True,False,,0.0,,Evan Engram,TE,,461.p.30136,30136,Den,yahoo_fantasy_api
2025,3,,9,api,Buttermilk Puuump,Uncle Rico,2025-W03-06,6,76.28,141.02,George Pickens,WR,BN,False,True,False,,15.3,,George Pickens,WR,,461.p.34007,34007,Dal,yahoo_fantasy_api
2025,3,,10,api,Buttermilk Puuump,Uncle Rico,2025-W03-06,6,76.28,141.02,Aaron Jones Sr.,RB,BN,False,True,False,,0.0,,Aaron Jones Sr.,RB,,461.p.30295,30295,Min,yahoo_fantasy_api
2025,3,,11,api,Buttermilk Puuump,Uncle Rico,2025-W03-06,6,76.28,141.02,Travis Hunter,WR,BN,False,True,False,,2.6,,Travis Hunter,WR,,461.p.99001,99001,Jax,yahoo_fantasy_api
2025,3,,12,api,Buttermilk Puuump,Uncle Rico,2025-W03-06,6,76.28,141.02,Najee Harris,RB,BN,False,True,False,,2.8,,Najee Harris,RB,,461.p.33412,33412,NYG,yahoo_fantasy_api
2025,3,,13,api,Buttermilk Puuump,Uncle Rico,2025-W03-06,6,76.28,141.02,Jordan Love,QB,BN,False,True,False,,14.12,,Jordan Love,QB,,461.p.32696,32696,GB,yahoo_fantasy_api
2025,3,,14,api,Buttermilk Puuump,Uncle Rico,2025-W03-06,6,76.28,141.02,Tyler Loop,K,K,True,False,False,,7.0,,Tyler Loop,K,,461.p.41988,41988,Bal,yahoo_fantasy_api
2025,3,,15,api,Buttermilk Puuump,Uncle Rico,2025-W03-06,6,76.28,141.02,49ers,DEF,DEF,True,False,False,,5.0,,49ers,DEF,,461.p.100025,100025,SF,yahoo_fantasy_api
2025,3,,1,api,Ginger FC 🏆🏆,malle_dips_pouches,2025-W03-05,5,103.6,79.84,Justin Herbert,QB,QB,True,False,False,,17.6,,Justin Herbert,QB,,461.p.32676,32676,LAC,yahoo_fantasy_api
2025,3,,2,api,Ginger FC 🏆🏆,malle_dips_pouches,2025-W03-05,5,103.6,79.84,Tyreek Hill,WR,WR,True,False,False,,13.4,,Tyreek Hill,WR,,461.p.29399,29399,Mia,yahoo_fantasy_api
2025,3,,3,api,Ginger FC 🏆🏆,malle_dips_pouches,2025-W03-05,5,103.6,79.84,Davante Adams,WR,WR,True,False,False,,13.1,,Davante Adams,WR,,461.p.27581,27581,LAR,yahoo_fantasy_api
2025,3,,4,api,Ginger FC 🏆🏆,malle_dips_pouches,2025-W03-05,5,103.6,79.84,Derrick Henry,RB,RB,True,False,False,,10.2,,Derrick Henry,RB,,461.p.29279,29279,Bal,yahoo_fantasy_api
2025,3,,5,api,Ginger FC 🏆🏆,malle_dips_pouches,2025-W03-05,5,103.6,79.84,De'Von Achane,RB,RB,True,False,False,,12.6,,De'Von Achane,RB,,461.p.40118,40118,Mia,yahoo_fantasy_api
2025,3,,6,api,Ginger FC 🏆🏆,malle_dips_pouches,2025-W03-05,5,103.6,79.84,Juwan Johnson,TE,TE,True,False,False,,8.1,,Juwan Johnson,TE,,461.p.33113,33113,NO,yahoo_fantasy_api
2025,3,,7,api,Ginger FC 🏆🏆,malle_dips_pouches,2025-W03-05,5,103.6,79.84,Travis Etienne Jr.,RB,W/R/T,True,False,False,,11.6,,Travis Etienne Jr.,RB,,461.p.33413,33413,NO,yahoo_fantasy_api
2025,3,,8,api,Ginger FC 🏆🏆,malle_dips_pouches,2025-W03-05,5,103.6,79.84,Mark Andrews,TE,BN,False,True,False,,24.1,,Mark Andrews,TE,,461.p.31056,31056,Bal,yahoo_fantasy_api
2025,3,,9,api,Ginger FC 🏆🏆,malle_dips_pouches,2025-W03-05,5,103.6,79.84,DeVonta Smith,WR,BN,False,True,False,,16.0,,DeVonta Smith,WR,,461.p.33398,33398,Phi,yahoo_fantasy_api
2025,3,,10,api,Ginger FC 🏆🏆,malle_dips_pouches,2025-W03-05,5,103.6,79.84,Chris Olave,WR,BN,False,True,False,,10.7,,Chris Olave,WR,,461.p.33966,33966,NO,yahoo_fantasy_api
2025,3,,11,api,Ginger FC 🏆🏆,malle_dips_pouches,2025-W03-05,5,103.6,79.84,Michael Pittman Jr.,WR,BN,False,True,False,,16.3,,Michael Pittman Jr.,WR,,461.p.32704,32704,Pit,yahoo_fantasy_api
2025,3,,12,api,Ginger FC 🏆🏆,malle_dips_pouches,2025-W03-05,5,103.6,79.84,Trey Benson,RB,BN,False,True,False,,6.6,,Trey Benson,RB,,461.p.40958,40958,Ari,yahoo_fantasy_api
2025,3,,13,api,Ginger FC 🏆🏆,malle_dips_pouches,2025-W03-05,5,103.6,79.84,Marvin Mims Jr.,WR,BN,False,True,False,,0.9,,Marvin Mims Jr.,WR,,461.p.40090,40090,Den,yahoo_fantasy_api
2025,3,,14,api,Ginger FC 🏆🏆,malle_dips_pouches,2025-W03-05,5,103.6,79.84,Evan McPherson,K,K,True,False,False,,5.0,,Evan McPherson,K,,461.p.33537,33537,Cin,yahoo_fantasy_api
2025,3,,15,api,Ginger FC 🏆🏆,malle_dips_pouches,2025-W03-05,5,103.6,79.84,Chiefs,DEF,DEF,True,False,False,,12.0,,Chiefs,DEF,,461.p.100012,100012,KC,yahoo_fantasy_api
2025,3,,1,api,Joe Mantegna,The Big Gronkowski,2025-W03-01,1,78.32,107.84,Bo Nix,QB,QB,True,False,False,,15.42,,Bo Nix,QB,,461.p.40875,40875,Den,yahoo_fantasy_api
2025,3,,2,api,Joe Mantegna,The Big Gronkowski,2025-W03-01,1,78.32,107.84,Ja'Marr Chase,WR,WR,True,False,False,,6.4,,Ja'Marr Chase,WR,,461.p.33393,33393,Cin,yahoo_fantasy_api
2025,3,,3,api,Joe Mantegna,The Big Gronkowski,2025-W03-01,1,78.32,107.84,Malik Nabers,WR,WR,True,False,False,,2.3,,Malik Nabers,WR,,461.p.40899,40899,NYG,yahoo_fantasy_api
2025,3,,4,api,Joe Mantegna,The Big Gronkowski,2025-W03-01,1,78.32,107.84,Omarion Hampton,RB,RB,True,False,False,,21.9,,Omarion Hampton,RB,,461.p.41807,41807,LAC,yahoo_fantasy_api
2025,3,,5,api,Joe Mantegna,The Big Gronkowski,2025-W03-01,1,78.32,107.84,Jacory Croskey-Merritt,RB,RB,True,False,False,,9.6,,Jacory Croskey-Merritt,RB,,461.p.42010,42010,Was,yahoo_fantasy_api
2025,3,,6,api,Joe Mantegna,The Big Gronkowski,2025-W03-01,1,78.32,107.84,Tucker Kraft,TE,TE,True,False,False,,4.4,,Tucker Kraft,TE,,461.p.40102,40102,GB,yahoo_fantasy_api
2025,3,,7,api,Joe Mantegna,The Big Gronkowski,2025-W03-01,1,78.32,107.84,Zay Flowers,WR,W/R/T,True,False,False,,2.3,,Zay Flowers,WR,,461.p.40039,40039,Bal,yahoo_fantasy_api
2025,3,,8,api,Joe Mantegna,The Big Gronkowski,2025-W03-01,1,78.32,107.84,RJ Harvey,RB,BN,False,True,False,,3.1,,RJ Harvey,RB,,461.p.41845,41845,Den,yahoo_fantasy_api
2025,3,,9,api,Joe Mantegna,The Big Gronkowski,2025-W03-01,1,78.32,107.84,Jauan Jennings,WR,BN,False,True,False,,0.0,,Jauan Jennings,WR,,461.p.32887,32887,Min,yahoo_fantasy_api
2025,3,,10,api,Joe Mantegna,The Big Gronkowski,2025-W03-01,1,78.32,107.84,Tyler Warren,TE,BN,False,True,False,,5.3,,Tyler Warren,TE,,461.p.41799,41799,Ind,yahoo_fantasy_api
2025,3,,11,api,Joe Mantegna,The Big Gronkowski,2025-W03-01,1,78.32,107.84,Cooper Kupp,WR,BN,False,True,False,,4.1,,Cooper Kupp,WR,,461.p.30182,30182,Sea,yahoo_fantasy_api
2025,3,,12,api,Joe Mantegna,The Big Gronkowski,2025-W03-01,1,78.32,107.84,Quentin Johnston,WR,BN,False,True,False,,11.9,,Quentin Johnston,WR,,461.p.40051,40051,LAC,yahoo_fantasy_api
2025,3,,13,api,Joe Mantegna,The Big Gronkowski,2025-W03-01,1,78.32,107.84,Wan'Dale Robinson,WR,BN,False,True,False,,3.1,,Wan'Dale Robinson,WR,,461.p.33998,33998,Ten,yahoo_fantasy_api
2025,3,,14,api,Joe Mantegna,The Big Gronkowski,2025-W03-01,1,78.32,107.84,Brandon Aubrey,K,K,True,False,False,,8.0,,Brandon Aubrey,K,,461.p.40819,40819,Dal,yahoo_fantasy_api
2025,3,,15,api,Joe Mantegna,The Big Gronkowski,2025-W03-01,1,78.32,107.84,Packers,DEF,DEF,True,False,False,,8.0,,Packers,DEF,,461.p.100009,100009,GB,yahoo_fantasy_api
2025,3,,1,api,Malle ❤️ 🐸,Pop Lockett Drop it,2025-W03-02,2,90.98,117.02,Marcus Mariota,QB,QB,True,False,False,,22.28,,Marcus Mariota,QB,,461.p.28390,28390,Was,yahoo_fantasy_api
2025,3,,2,api,Malle ❤️ 🐸,Pop Lockett Drop it,2025-W03-02,2,90.98,117.02,Drake London,WR,WR,True,False,False,,8.0,,Drake London,WR,,461.p.33963,33963,Atl,yahoo_fantasy_api
2025,3,,3,api,Malle ❤️ 🐸,Pop Lockett Drop it,2025-W03-02,2,90.98,117.02,Brian Thomas Jr.,WR,WR,True,False,False,,6.5,,Brian Thomas Jr.,WR,,461.p.40883,40883,Jax,yahoo_fantasy_api
2025,3,,4,api,Malle ❤️ 🐸,Pop Lockett Drop it,2025-W03-02,2,90.98,117.02,D'Andre Swift,RB,RB,True,False,False,,9.3,,D'Andre Swift,RB,,461.p.32705,32705,Chi,yahoo_fantasy_api
2025,3,,5,api,Malle ❤️ 🐸,Pop Lockett Drop it,2025-W03-02,2,90.98,117.02,Isiah Pacheco,RB,RB,True,False,False,,5.3,,Isiah Pacheco,RB,,461.p.34207,34207,Det,yahoo_fantasy_api
2025,3,,6,api,Malle ❤️ 🐸,Pop Lockett Drop it,2025-W03-02,2,90.98,117.02,Dalton Schultz,TE,TE,True,False,False,,6.4,,Dalton Schultz,TE,,461.p.31107,31107,Hou,yahoo_fantasy_api
2025,3,,7,api,Malle ❤️ 🐸,Pop Lockett Drop it,2025-W03-02,2,90.98,117.02,Rashid Shaheed,WR,W/R/T,True,False,False,,6.2,,Rashid Shaheed,WR,,461.p.34659,34659,Sea,yahoo_fantasy_api
2025,3,,8,api,Malle ❤️ 🐸,Pop Lockett Drop it,2025-W03-02,2,90.98,117.02,Jayden Daniels,QB,BN,False,True,False,,0.0,,Jayden Daniels,QB,,461.p.40896,40896,Was,yahoo_fantasy_api
2025,3,,9,api,Malle ❤️ 🐸,Pop Lockett Drop it,2025-W03-02,2,90.98,117.02,Dallas Goedert,TE,BN,False,True,False,,9.8,,Dallas Goedert,TE,,461.p.31019,31019,Phi,yahoo_fantasy_api
2025,3,,10,api,Malle ❤️ 🐸,Pop Lockett Drop it,2025-W03-02,2,90.98,117.02,George Kittle,TE,BN,False,True,False,,0.0,,George Kittle,TE,,461.p.30259,30259,SF,yahoo_fantasy_api
2025,3,,11,api,Malle ❤️ 🐸,Pop Lockett Drop it,2025-W03-02,2,90.98,117.02,Jordan Addison,WR,BN,False,True,False,,0.0,,Jordan Addison,WR,,461.p.40042,40042,Min,yahoo_fantasy_api
2025,3,,12,api,Malle ❤️ 🐸,Pop Lockett Drop it,2025-W03-02,2,90.98,117.02,Brock Purdy,QB,BN,False,True,False,,0.0,,Brock Purdy,QB,,461.p.34218,34218,SF,yahoo_fantasy_api
2025,3,,13,api,Malle ❤️ 🐸,Pop Lockett Drop it,2025-W03-02,2,90.98,117.02,Khalil Shakir,WR,BN,False,True,False,,12.5,,Khalil Shakir,WR,,461.p.34104,34104,Buf,yahoo_fantasy_api
2025,3,,14,api,Malle ❤️ 🐸,Pop Lockett Drop it,2025-W03-02,2,90.98,117.02,Matt Gay,K,K,True,False,False,,14.0,,Matt Gay,K,,461.p.31977,31977,LV,yahoo_fantasy_api
2025,3,,15,api,Malle ❤️ 🐸,Pop Lockett Drop it,2025-W03-02,2,90.98,117.02,Eagles,DEF,DEF,True,False,False,,13.0,,Eagles,DEF,,461.p.100021,100021,Phi,yahoo_fantasy_api
2025,3,,1,api,Patty Primetimes,ThreatLevelMidnight,2025-W03-04,4,115.02,105.82,Josh Allen,QB,QB,True,False,False,,29.02,,Josh Allen,QB,,461.p.30977,30977,Buf,yahoo_fantasy_api
2025,3,,2,api,Patty Primetimes,ThreatLevelMidnight,2025-W03-04,4,115.02,105.82,DK Metcalf,WR,WR,True,False,False,,10.7,,DK Metcalf,WR,,461.p.31896,31896,Pit,yahoo_fantasy_api
2025,3,,3,api,Patty Primetimes,ThreatLevelMidnight,2025-W03-04,4,115.02,105.82,Ladd McConkey,WR,WR,True,False,False,,6.1,,Ladd McConkey,WR,,461.p.40908,40908,LAC,yahoo_fantasy_api
2025,3,,4,api,Patty Primetimes,ThreatLevelMidnight,2025-W03-04,4,115.02,105.82,Saquon Barkley,RB,RB,True,False,False,,7.5,,Saquon Barkley,RB,,461.p.30972,30972,Phi,yahoo_fantasy_api
2025,3,,5,api,Patty Primetimes,ThreatLevelMidnight,2025-W03-04,4,115.02,105.82,James Cook III,RB,RB,True,False,False,,19.3,,James Cook III,RB,,461.p.34019,34019,Buf,yahoo_fantasy_api
2025,3,,6,api,Patty Primetimes,ThreatLevelMidnight,2025-W03-04,4,115.02,105.82,Travis Kelce,TE,TE,True,False,False,,4.6,,Travis Kelce,TE,,461.p.26686,26686,KC,yahoo_fantasy_api
2025,3,,7,api,Patty Primetimes,ThreatLevelMidnight,2025-W03-04,4,115.02,105.82,Courtland Sutton,WR,W/R/T,True,False,False,,20.8,,Courtland Sutton,WR,,461.p.31010,31010,Den,yahoo_fantasy_api
2025,3,,8,api,Patty Primetimes,ThreatLevelMidnight,2025-W03-04,4,115.02,105.82,J.K. Dobbins,RB,BN,False,True,False,,14.8,,J.K. Dobbins,RB,,461.p.32725,32725,Den,yahoo_fantasy_api
2025,3,,9,api,Patty Primetimes,ThreatLevelMidnight,2025-W03-04,4,115.02,105.82,Tank Bigsby,RB,BN,False,True,False,,0.0,,Tank Bigsby,RB,,461.p.40095,40095,Phi,yahoo_fantasy_api
2025,3,,10,api,Patty Primetimes,ThreatLevelMidnight,2025-W03-04,4,115.02,105.82,Keon Coleman,WR,BN,False,True,False,,3.5,,Keon Coleman,WR,,461.p.40911,40911,Buf,yahoo_fantasy_api
2025,3,,11,api,Patty Primetimes,ThreatLevelMidnight,2025-W03-04,4,115.02,105.82,Colston Loveland,TE,BN,False,True,False,,3.6,,Colston Loveland,TE,,461.p.41795,41795,Chi,yahoo_fantasy_api
2025,3,,12,api,Patty Primetimes,ThreatLevelMidnight,2025-W03-04,4,115.02,105.82,Caleb Williams,QB,BN,False,True,False,,37.12,,Caleb Williams,QB,,461.p.40900,40900,Chi,yahoo_fantasy_api
2025,3,,13,api,Patty Primetimes,ThreatLevelMidnight,2025-W03-04,4,115.02,105.82,Will Shipley,RB,BN,False,True,False,,0.0,,Will Shipley,RB,,461.p.41002,41002,Phi,yahoo_fantasy_api
2025,3,,14,api,Patty Primetimes,ThreatLevelMidnight,2025-W03-04,4,115.02,105.82,Cameron Dicker,K,K,True,False,False,,12.0,,Cameron Dicker,K,,461.p.34344,34344,LAC,yahoo_fantasy_api
2025,3,,15,api,Patty Primetimes,ThreatLevelMidnight,2025-W03-04,4,115.02,105.82,Texans,DEF,DEF,True,False,False,,5.0,,Texans,DEF,,461.p.100034,100034,Hou,yahoo_fantasy_api
2025,3,,1,api,Pop Lockett Drop it,Malle ❤️ 🐸,2025-W03-02,2,117.02,90.98,Lamar Jackson,QB,QB,True,False,False,,33.02,,Lamar Jackson,QB,,461.p.31002,31002,Bal,yahoo_fantasy_api
2025,3,,2,api,Pop Lockett Drop it,Malle ❤️ 🐸,2025-W03-02,2,117.02,90.98,CeeDee Lamb,WR,WR,True,False,False,,0.0,,CeeDee Lamb,WR,,461.p.32687,32687,Dal,yahoo_fantasy_api
2025,3,,3,api,Pop Lockett Drop it,Malle ❤️ 🐸,2025-W03-02,2,117.02,90.98,Rome Odunze,WR,WR,True,False,False,,13.7,,Rome Odunze,WR,,461.p.40901,40901,Chi,yahoo_fantasy_api
2025,3,,4,api,Pop Lockett Drop it,Malle ❤️ 🐸,2025-W03-02,2,117.02,90.98,Javonte Williams,RB,RB,True,False,False,,9.7,,Javonte Williams,RB,,461.p.33423,33423,Dal,yahoo_fantasy_api
2025,3,,5,api,Pop Lockett Drop it,Malle ❤️ 🐸,2025-W03-02,2,117.02,90.98,Kenneth Walker III,RB,RB,True,False,False,,17.5,,Kenneth Walker III,RB,,461.p.33996,33996,KC,yahoo_fantasy_api
2025,3,,6,api,Pop Lockett Drop it,Malle ❤️ 🐸,2025-W03-02,2,117.02,90.98,Trey McBride,TE,TE,True,False,False,,12.8,,Trey McBride,TE,,461.p.34010,34010,Ari,yahoo_fantasy_api
2025,3,,7,api,Pop Lockett Drop it,Malle ❤️ 🐸,2025-W03-02,2,117.02,90.98,Tetairoa McMillan,WR,W/R/T,True,False,False,,6.3,,Tetairoa McMillan,WR,,461.p.41793,41793,Car,yahoo_fantasy_api
2025,3,,8,api,Pop Lockett Drop it,Malle ❤️ 🐸,2025-W03-02,2,117.02,90.98,Cedric Tillman,WR,BN,False,True,False,,4.1,,Cedric Tillman,WR,,461.p.40093,40093,NO,yahoo_fantasy_api
2025,3,,9,api,Pop Lockett Drop it,Malle ❤️ 🐸,2025-W03-02,2,117.02,90.98,Brian Robinson,RB,BN,False,True,False,,2.2,,Brian Robinson,RB,,461.p.34054,34054,Atl,yahoo_fantasy_api
2025,3,,10,api,Pop Lockett Drop it,Malle ❤️ 🐸,2025-W03-02,2,117.02,90.98,Kareem Hunt,RB,BN,False,True,False,,10.9,,Kareem Hunt,RB,,461.p.30199,30199,KC,yahoo_fantasy_api
2025,3,,11,api,Pop Lockett Drop it,Malle ❤️ 🐸,2025-W03-02,2,117.02,90.98,Kaleb Johnson,RB,BN,False,True,False,,0.0,,Kaleb Johnson,RB,,461.p.41881,41881,GB,yahoo_fantasy_api
2025,3,,12,api,Pop Lockett Drop it,Malle ❤️ 🐸,2025-W03-02,2,117.02,90.98,Brandon Aiyuk,WR,BN,False,True,False,,0.0,,Brandon Aiyuk,WR,,461.p.32695,32695,SF,yahoo_fantasy_api
2025,3,,13,api,Pop Lockett Drop it,Malle ❤️ 🐸,2025-W03-02,2,117.02,90.98,Troy Franklin,WR,BN,False,True,False,,1.8,,Troy Franklin,WR,,461.p.41009,41009,Den,yahoo_fantasy_api
2025,3,,14,api,Pop Lockett Drop it,Malle ❤️ 🐸,2025-W03-02,2,117.02,90.98,Jake Bates,K,K,True,False,False,,9.0,,Jake Bates,K,,461.p.40835,40835,Det,yahoo_fantasy_api
2025,3,,15,api,Pop Lockett Drop it,Malle ❤️ 🐸,2025-W03-02,2,117.02,90.98,Colts,DEF,DEF,True,False,False,,15.0,,Colts,DEF,,461.p.100011,100011,Ind,yahoo_fantasy_api
2025,3,,1,api,Post Mahomes,Voldemort,2025-W03-03,3,137.56,84.06,Patrick Mahomes,QB,QB,True,False,False,,15.16,,Patrick Mahomes,QB,,461.p.30123,30123,KC,yahoo_fantasy_api
2025,3,,2,api,Post Mahomes,Voldemort,2025-W03-03,3,137.56,84.06,Tee Higgins,WR,WR,True,False,False,,2.0,,Tee Higgins,WR,,461.p.32703,32703,Cin,yahoo_fantasy_api
2025,3,,3,api,Post Mahomes,Voldemort,2025-W03-03,3,137.56,84.06,Garrett Wilson,WR,WR,True,False,False,,19.4,,Garrett Wilson,WR,,461.p.33965,33965,NYJ,yahoo_fantasy_api
2025,3,,4,api,Post Mahomes,Voldemort,2025-W03-03,3,137.56,84.06,Jahmyr Gibbs,RB,RB,True,False,False,,24.4,,Jahmyr Gibbs,RB,,461.p.40059,40059,Det,yahoo_fantasy_api
2025,3,,5,api,Post Mahomes,Voldemort,2025-W03-03,3,137.56,84.06,Kyren Williams,RB,RB,True,False,False,,18.2,,Kyren Williams,RB,,461.p.34120,34120,LAR,yahoo_fantasy_api
2025,3,,6,api,Post Mahomes,Voldemort,2025-W03-03,3,137.56,84.06,Brock Bowers,TE,TE,True,False,False,,7.8,,Brock Bowers,TE,,461.p.40878,40878,LV,yahoo_fantasy_api
2025,3,,7,api,Post Mahomes,Voldemort,2025-W03-03,3,137.56,84.06,Jordan Mason,RB,W/R/T,True,False,False,,23.6,,Jordan Mason,RB,,461.p.34320,34320,Min,yahoo_fantasy_api
2025,3,,8,api,Post Mahomes,Voldemort,2025-W03-03,3,137.56,84.06,Ricky Pearsall,WR,BN,False,True,False,,15.7,,Ricky Pearsall,WR,,461.p.40892,40892,SF,yahoo_fantasy_api
2025,3,,9,api,Post Mahomes,Voldemort,2025-W03-03,3,137.56,84.06,Cam Skattebo,RB,BN,False,True,False,,21.1,,Cam Skattebo,RB,,461.p.41922,41922,NYG,yahoo_fantasy_api
2025,3,,10,api,Post Mahomes,Voldemort,2025-W03-03,3,137.56,84.06,Chris Godwin Jr.,WR,BN,False,True,False,,0.0,,Chris Godwin Jr.,WR,,461.p.30197,30197,TB,yahoo_fantasy_api
2025,3,,11,api,Post Mahomes,Voldemort,2025-W03-03,3,137.56,84.06,Hollywood Brown,WR,BN,False,True,False,,6.2,,Hollywood Brown,WR,,461.p.31857,31857,Phi,yahoo_fantasy_api
2025,3,,12,api,Post Mahomes,Voldemort,2025-W03-03,3,137.56,84.06,Romeo Doubs,WR,BN,False,True,False,,3.5,,Romeo Doubs,WR,,461.p.34088,34088,NE,yahoo_fantasy_api
2025,3,,13,api,Post Mahomes,Voldemort,2025-W03-03,3,137.56,84.06,Joe Mixon,RB,IR,False,False,True,,0.0,,Joe Mixon,RB,,461.p.30161,30161,Hou,yahoo_fantasy_api
2025,3,,14,api,Post Mahomes,Voldemort,2025-W03-03,3,137.56,84.06,Harrison Butker,K,K,True,False,False,,13.0,,Harrison Butker,K,,461.p.30346,30346,KC,yahoo_fantasy_api
2025,3,,15,api,Post Mahomes,Voldemort,2025-W03-03,3,137.56,84.06,Buccaneers,DEF,DEF,True,False,False,,14.0,,Buccaneers,DEF,,461.p.100027,100027,TB,yahoo_fantasy_api
2025,3,,16,api,Post Mahomes,Voldemort,2025-W03-03,3,137.56,84.06,Broncos,DEF,BN,False,True,False,,9.0,,Broncos,DEF,,461.p.100007,100007,Den,yahoo_fantasy_api
2025,3,,1,api,The Big Gronkowski,Joe Mantegna,2025-W03-01,1,107.84,78.32,Dak Prescott,QB,QB,True,False,False,,16.04,,Dak Prescott,QB,,461.p.29369,29369,Dal,yahoo_fantasy_api
2025,3,,2,api,The Big Gronkowski,Joe Mantegna,2025-W03-01,1,107.84,78.32,Nico Collins,WR,WR,True,False,False,,18.4,,Nico Collins,WR,,461.p.33477,33477,Hou,yahoo_fantasy_api
2025,3,,3,api,The Big Gronkowski,Joe Mantegna,2025-W03-01,1,107.84,78.32,A.J. Brown,WR,WR,True,False,False,,19.9,,A.J. Brown,WR,,461.p.31883,31883,NE,yahoo_fantasy_api
2025,3,,4,api,The Big Gronkowski,Joe Mantegna,2025-W03-01,1,107.84,78.32,Chuba Hubbard,RB,RB,True,False,False,,8.6,,Chuba Hubbard,RB,,461.p.33514,33514,Car,yahoo_fantasy_api
2025,3,,5,api,The Big Gronkowski,Joe Mantegna,2025-W03-01,1,107.84,78.32,TreVeyon Henderson,RB,RB,True,False,False,,6.2,,TreVeyon Henderson,RB,,461.p.41823,41823,NE,yahoo_fantasy_api
2025,3,,6,api,The Big Gronkowski,Joe Mantegna,2025-W03-01,1,107.84,78.32,T.J. Hockenson,TE,TE,True,False,False,,13.4,,T.J. Hockenson,TE,,461.p.31840,31840,Min,yahoo_fantasy_api
2025,3,,7,api,The Big Gronkowski,Joe Mantegna,2025-W03-01,1,107.84,78.32,Jameson Williams,WR,W/R/T,True,False,False,,5.3,,Jameson Williams,WR,,461.p.33967,33967,Det,yahoo_fantasy_api
2025,3,,8,api,The Big Gronkowski,Joe Mantegna,2025-W03-01,1,107.84,78.32,Drake Maye,QB,BN,False,True,False,,24.22,,Drake Maye,QB,,461.p.40881,40881,NE,yahoo_fantasy_api
2025,3,,9,api,The Big Gronkowski,Joe Mantegna,2025-W03-01,1,107.84,78.32,Braelon Allen,RB,BN,False,True,False,,5.7,,Braelon Allen,RB,,461.p.40981,40981,NYJ,yahoo_fantasy_api
2025,3,,10,api,The Big Gronkowski,Joe Mantegna,2025-W03-01,1,107.84,78.32,Dylan Sampson,RB,BN,False,True,False,,0.2,,Dylan Sampson,RB,,461.p.41907,41907,Cle,yahoo_fantasy_api
2025,3,,11,api,The Big Gronkowski,Joe Mantegna,2025-W03-01,1,107.84,78.32,Rashod Bateman,WR,BN,False,True,False,,14.8,,Rashod Bateman,WR,,461.p.33415,33415,Bal,yahoo_fantasy_api
2025,3,,12,api,The Big Gronkowski,Joe Mantegna,2025-W03-01,1,107.84,78.32,Hunter Henry,TE,BN,False,True,False,,25.0,,Hunter Henry,TE,,461.p.29269,29269,NE,yahoo_fantasy_api
2025,3,,13,api,The Big Gronkowski,Joe Mantegna,2025-W03-01,1,107.84,78.32,C.J. Stroud,QB,BN,False,True,False,,14.36,,C.J. Stroud,QB,,461.p.40030,40030,Hou,yahoo_fantasy_api
2025,3,,14,api,The Big Gronkowski,Joe Mantegna,2025-W03-01,1,107.84,78.32,Ka'imi Fairbairn,K,K,True,False,False,,4.0,,Ka'imi Fairbairn,K,,461.p.29792,29792,Hou,yahoo_fantasy_api
2025,3,,15,api,The Big Gronkowski,Joe Mantegna,2025-W03-01,1,107.84,78.32,Seahawks,DEF,DEF,True,False,False,,16.0,,Seahawks,DEF,,461.p.100026,100026,Sea,yahoo_fantasy_api
2025,3,,1,api,ThreatLevelMidnight,Patty Primetimes,2025-W03-04,4,105.82,115.02,Baker Mayfield,QB,QB,True,False,False,,19.72,,Baker Mayfield,QB,,461.p.30971,30971,TB,yahoo_fantasy_api
2025,3,,2,api,ThreatLevelMidnight,Patty Primetimes,2025-W03-04,4,105.82,115.02,Marvin Harrison Jr.,WR,WR,True,False,False,,5.9,,Marvin Harrison Jr.,WR,,461.p.40893,40893,Ari,yahoo_fantasy_api
2025,3,,3,api,ThreatLevelMidnight,Patty Primetimes,2025-W03-04,4,105.82,115.02,DJ Moore,WR,WR,True,False,False,,10.8,,DJ Moore,WR,,461.p.30994,30994,Buf,yahoo_fantasy_api
2025,3,,4,api,ThreatLevelMidnight,Patty Primetimes,2025-W03-04,4,105.82,115.02,Tony Pollard,RB,RB,True,False,False,,12.9,,Tony Pollard,RB,,461.p.31960,31960,Ten,yahoo_fantasy_api
2025,3,,5,api,ThreatLevelMidnight,Patty Primetimes,2025-W03-04,4,105.82,115.02,Bijan Robinson,RB,RB,True,False,False,,13.6,,Bijan Robinson,RB,,461.p.40055,40055,Atl,yahoo_fantasy_api
2025,3,,6,api,ThreatLevelMidnight,Patty Primetimes,2025-W03-04,4,105.82,115.02,Jake Ferguson,TE,TE,True,False,False,,14.7,,Jake Ferguson,TE,,461.p.34085,34085,Dal,yahoo_fantasy_api
2025,3,,7,api,ThreatLevelMidnight,Patty Primetimes,2025-W03-04,4,105.82,115.02,James Conner,RB,W/R/T,True,False,False,,5.2,,James Conner,RB,,461.p.30218,30218,Ari,yahoo_fantasy_api
2025,3,,8,api,ThreatLevelMidnight,Patty Primetimes,2025-W03-04,4,105.82,115.02,Rashee Rice,WR,BN,False,True,False,,0.0,,Rashee Rice,WR,,461.p.40084,40084,KC,yahoo_fantasy_api
2025,3,,9,api,ThreatLevelMidnight,Patty Primetimes,2025-W03-04,4,105.82,115.02,Rhamondre Stevenson,RB,BN,False,True,False,,3.1,,Rhamondre Stevenson,RB,,461.p.33508,33508,NE,yahoo_fantasy_api
2025,3,,10,api,ThreatLevelMidnight,Patty Primetimes,2025-W03-04,4,105.82,115.02,Darnell Mooney,WR,BN,False,True,False,,6.4,,Darnell Mooney,WR,,461.p.32843,32843,NYG,yahoo_fantasy_api
2025,3,,11,api,ThreatLevelMidnight,Patty Primetimes,2025-W03-04,4,105.82,115.02,Quinshon Judkins,RB,BN,False,True,False,,16.0,,Quinshon Judkins,RB,,461.p.41821,41821,Cle,yahoo_fantasy_api
2025,3,,12,api,ThreatLevelMidnight,Patty Primetimes,2025-W03-04,4,105.82,115.02,Tyler Allgeier,RB,BN,False,True,False,,0.9,,Tyler Allgeier,RB,,461.p.34107,34107,Ari,yahoo_fantasy_api
2025,3,,13,api,ThreatLevelMidnight,Patty Primetimes,2025-W03-04,4,105.82,115.02,Xavier Worthy,WR,IR,False,False,True,,0.0,,Xavier Worthy,WR,,461.p.40877,40877,KC,yahoo_fantasy_api
2025,3,,14,api,ThreatLevelMidnight,Patty Primetimes,2025-W03-04,4,105.82,115.02,Chase McLaughlin,K,K,True,False,False,,21.0,,Chase McLaughlin,K,,461.p.32417,32417,TB,yahoo_fantasy_api
2025,3,,15,api,ThreatLevelMidnight,Patty Primetimes,2025-W03-04,4,105.82,115.02,Bills,DEF,DEF,True,False,False,,2.0,,Bills,DEF,,461.p.100002,100002,Buf,yahoo_fantasy_api
2025,3,,1,api,Uncle Rico,Buttermilk Puuump,2025-W03-06,6,141.02,76.28,Daniel Jones,QB,QB,True,False,False,,17.82,,Daniel Jones,QB,,461.p.31838,31838,Ind,yahoo_fantasy_api
2025,3,,2,api,Uncle Rico,Buttermilk Puuump,2025-W03-06,6,141.02,76.28,Terry McLaurin,WR,WR,True,False,False,,8.9,,Terry McLaurin,WR,,461.p.31908,31908,Was,yahoo_fantasy_api
2025,3,,3,api,Uncle Rico,Buttermilk Puuump,2025-W03-06,6,141.02,76.28,Jaylen Waddle,WR,WR,True,False,False,,12.4,,Jaylen Waddle,WR,,461.p.33394,33394,Den,yahoo_fantasy_api
2025,3,,4,api,Uncle Rico,Buttermilk Puuump,2025-W03-06,6,141.02,76.28,Christian McCaffrey,RB,RB,True,False,False,,19.0,,Christian McCaffrey,RB,,461.p.30121,30121,SF,yahoo_fantasy_api
2025,3,,5,api,Uncle Rico,Buttermilk Puuump,2025-W03-06,6,141.02,76.28,Jonathan Taylor,RB,RB,True,False,False,,31.3,,Jonathan Taylor,RB,,461.p.32711,32711,Ind,yahoo_fantasy_api
2025,3,,6,api,Uncle Rico,Buttermilk Puuump,2025-W03-06,6,141.02,76.28,Dalton Kincaid,TE,TE,True,False,False,,15.1,,Dalton Kincaid,TE,,461.p.40048,40048,Buf,yahoo_fantasy_api
2025,3,,7,api,Uncle Rico,Buttermilk Puuump,2025-W03-06,6,141.02,76.28,Emeka Egbuka,WR,W/R/T,True,False,False,,11.5,,Emeka Egbuka,WR,,461.p.41804,41804,TB,yahoo_fantasy_api
2025,3,,8,api,Uncle Rico,Buttermilk Puuump,2025-W03-06,6,141.02,76.28,Jerry Jeudy,WR,BN,False,True,False,,2.2,,Jerry Jeudy,WR,,461.p.32685,32685,Cle,yahoo_fantasy_api
2025,3,,9,api,Uncle Rico,Buttermilk Puuump,2025-W03-06,6,141.02,76.28,Matthew Golden,WR,BN,False,True,False,,8.1,,Matthew Golden,WR,,461.p.41808,41808,GB,yahoo_fantasy_api
2025,3,,10,api,Uncle Rico,Buttermilk Puuump,2025-W03-06,6,141.02,76.28,Bhayshul Tuten,RB,BN,False,True,False,,8.1,,Bhayshul Tuten,RB,,461.p.41900,41900,Jax,yahoo_fantasy_api
2025,3,,11,api,Uncle Rico,Buttermilk Puuump,2025-W03-06,6,141.02,76.28,Zach Charbonnet,RB,BN,False,True,False,,0.0,,Zach Charbonnet,RB,,461.p.40075,40075,Sea,yahoo_fantasy_api
2025,3,,12,api,Uncle Rico,Buttermilk Puuump,2025-W03-06,6,141.02,76.28,Joshua Palmer,WR,BN,False,True,False,,1.0,,Joshua Palmer,WR,,461.p.33465,33465,Buf,yahoo_fantasy_api
2025,3,,13,api,Uncle Rico,Buttermilk Puuump,2025-W03-06,6,141.02,76.28,Joe Burrow,QB,IR,False,False,True,,0.0,,Joe Burrow,QB,,461.p.32671,32671,Cin,yahoo_fantasy_api
2025,3,,14,api,Uncle Rico,Buttermilk Puuump,2025-W03-06,6,141.02,76.28,Wil Lutz,K,K,True,False,False,,9.0,,Wil Lutz,K,,461.p.29754,29754,Den,yahoo_fantasy_api
2025,3,,15,api,Uncle Rico,Buttermilk Puuump,2025-W03-06,6,141.02,76.28,Steelers,DEF,DEF,True,False,False,,16.0,,Steelers,DEF,,461.p.100023,100023,Pit,yahoo_fantasy_api
2025,3,,1,api,Voldemort,Post Mahomes,2025-W03-03,3,84.06,137.56,Kyler Murray,QB,QB,True,False,False,,16.06,,Kyler Murray,QB,,461.p.31833,31833,Min,yahoo_fantasy_api
2025,3,,2,api,Voldemort,Post Mahomes,2025-W03-03,3,84.06,137.56,Jaxon Smith-Njigba,WR,WR,True,False,False,,18.1,,Jaxon Smith-Njigba,WR,,461.p.40041,40041,Sea,yahoo_fantasy_api
2025,3,,3,api,Voldemort,Post Mahomes,2025-W03-03,3,84.06,137.56,Puka Nacua,WR,WR,True,False,False,,17.3,,Puka Nacua,WR,,461.p.40168,40168,LAR,yahoo_fantasy_api
2025,3,,4,api,Voldemort,Post Mahomes,2025-W03-03,3,84.06,137.56,Chase Brown,RB,RB,True,False,False,,4.0,,Chase Brown,RB,,461.p.40196,40196,Cin,yahoo_fantasy_api
2025,3,,5,api,Voldemort,Post Mahomes,2025-W03-03,3,84.06,137.56,Alvin Kamara,RB,RB,True,False,False,,6.1,,Alvin Kamara,RB,,461.p.30180,30180,NO,yahoo_fantasy_api
2025,3,,6,api,Voldemort,Post Mahomes,2025-W03-03,3,84.06,137.56,David Njoku,TE,TE,True,False,False,,6.5,,David Njoku,TE,,461.p.30142,30142,LAC,yahoo_fantasy_api
2025,3,,7,api,Voldemort,Post Mahomes,2025-W03-03,3,84.06,137.56,Justin Jefferson,WR,W/R/T,True,False,False,,10.0,,Justin Jefferson,WR,,461.p.32692,32692,Min,yahoo_fantasy_api
2025,3,,8,api,Voldemort,Post Mahomes,2025-W03-03,3,84.06,137.56,David Montgomery,RB,BN,False,True,False,,28.9,,David Montgomery,RB,,461.p.31905,31905,Hou,yahoo_fantasy_api
2025,3,,9,api,Voldemort,Post Mahomes,2025-W03-03,3,84.06,137.56,Jaylen Warren,RB,BN,False,True,False,,10.6,,Jaylen Warren,RB,,461.p.34447,34447,Pit,yahoo_fantasy_api
2025,3,,10,api,Voldemort,Post Mahomes,2025-W03-03,3,84.06,137.56,Keenan Allen,WR,BN,False,True,False,,16.0,,Keenan Allen,WR,,461.p.26699,26699,Ind,yahoo_fantasy_api
2025,3,,11,api,Voldemort,Post Mahomes,2025-W03-03,3,84.06,137.56,Justin Fields,QB,BN,False,True,False,,0.0,,Justin Fields,QB,,461.p.33399,33399,KC,yahoo_fantasy_api
2025,3,,12,api,Voldemort,Post Mahomes,2025-W03-03,3,84.06,137.56,Calvin Austin III,WR,BN,False,True,False,,10.9,,Calvin Austin III,WR,,461.p.34094,34094,NYG,yahoo_fantasy_api
2025,3,,13,api,Voldemort,Post Mahomes,2025-W03-03,3,84.06,137.56,Harold Fannin Jr.,TE,BN,False,True,False,,4.0,,Harold Fannin Jr.,TE,,461.p.41877,41877,Cle,yahoo_fantasy_api
2025,3,,14,api,Voldemort,Post Mahomes,2025-W03-03,3,84.06,137.56,Chris Boswell,K,K,True,False,False,,3.0,,Chris Boswell,K,,461.p.28188,28188,Pit,yahoo_fantasy_api
2025,3,,15,api,Voldemort,Post Mahomes,2025-W03-03,3,84.06,137.56,Falcons,DEF,DEF,True,False,False,,3.0,,Falcons,DEF,,461.p.100001,100001,Atl,yahoo_fantasy_api
2025,3,,1,api,malle_dips_pouches,Ginger FC 🏆🏆,2025-W03-05,5,79.84,103.6,Jalen Hurts,QB,QB,True,False,False,,35.04,,Jalen Hurts,QB,,461.p.32723,32723,Phi,yahoo_fantasy_api
2025,3,,2,api,malle_dips_pouches,Ginger FC 🏆🏆,2025-W03-05,5,79.84,103.6,Mike Evans,WR,WR,True,False,False,,11.3,,Mike Evans,WR,,461.p.27535,27535,SF,yahoo_fantasy_api
2025,3,,3,api,malle_dips_pouches,Ginger FC 🏆🏆,2025-W03-05,5,79.84,103.6,Calvin Ridley,WR,WR,True,False,False,,3.2,,Calvin Ridley,WR,,461.p.30996,30996,Ten,yahoo_fantasy_api
2025,3,,4,api,malle_dips_pouches,Ginger FC 🏆🏆,2025-W03-05,5,79.84,103.6,Ashton Jeanty,RB,RB,True,False,False,,6.3,,Ashton Jeanty,RB,,461.p.41791,41791,LV,yahoo_fantasy_api
2025,3,,5,api,malle_dips_pouches,Ginger FC 🏆🏆,2025-W03-05,5,79.84,103.6,Bucky Irving,RB,RB,True,False,False,,11.9,,Bucky Irving,RB,,461.p.40993,40993,TB,yahoo_fantasy_api
2025,3,,6,api,malle_dips_pouches,Ginger FC 🏆🏆,2025-W03-05,5,79.84,103.6,Sam LaPorta,TE,TE,True,False,False,,5.3,,Sam LaPorta,TE,,461.p.40064,40064,Det,yahoo_fantasy_api
2025,3,,7,api,malle_dips_pouches,Ginger FC 🏆🏆,2025-W03-05,5,79.84,103.6,Jakobi Meyers,WR,W/R/T,True,False,False,,7.8,,Jakobi Meyers,WR,,461.p.32231,32231,Jax,yahoo_fantasy_api
2025,3,,8,api,malle_dips_pouches,Ginger FC 🏆🏆,2025-W03-05,5,79.84,103.6,Tyrone Tracy Jr.,RB,BN,False,True,False,,4.6,,Tyrone Tracy Jr.,RB,,461.p.41048,41048,NYG,yahoo_fantasy_api
2025,3,,9,api,malle_dips_pouches,Ginger FC 🏆🏆,2025-W03-05,5,79.84,103.6,Stefon Diggs,WR,BN,False,True,False,,3.8,,Stefon Diggs,WR,,461.p.28534,28534,Was,yahoo_fantasy_api
2025,3,,10,api,malle_dips_pouches,Ginger FC 🏆🏆,2025-W03-05,5,79.84,103.6,Josh Downs,WR,BN,False,True,False,,4.4,,Josh Downs,WR,,461.p.40126,40126,Ind,yahoo_fantasy_api
2025,3,,11,api,malle_dips_pouches,Ginger FC 🏆🏆,2025-W03-05,5,79.84,103.6,Rachaad White,RB,BN,False,True,False,,1.9,,Rachaad White,RB,,461.p.34047,34047,Was,yahoo_fantasy_api
2025,3,,12,api,malle_dips_pouches,Ginger FC 🏆🏆,2025-W03-05,5,79.84,103.6,Christian Kirk,WR,BN,False,True,False,,4.0,,Christian Kirk,WR,,461.p.31017,31017,SF,yahoo_fantasy_api
2025,3,,13,api,malle_dips_pouches,Ginger FC 🏆🏆,2025-W03-05,5,79.84,103.6,Zach Ertz,TE,BN,False,True,False,,5.3,,Zach Ertz,TE,,461.p.26658,26658,Phi,yahoo_fantasy_api
2025,3,,14,api,malle_dips_pouches,Ginger FC 🏆🏆,2025-W03-05,5,79.84,103.6,Jake Elliott,K,K,True,False,False,,3.0,,Jake Elliott,K,,461.p.30266,30266,Phi,yahoo_fantasy_api
2025,3,,15,api,malle_dips_pouches,Ginger FC 🏆🏆,2025-W03-05,5,79.84,103.6,Ravens,DEF,DEF,True,False,False,,-4.0,,Ravens,DEF,,461.p.100033,100033,Bal,yahoo_fantasy_api
2025,4,,1,api,Buttermilk Puuump,Malle ❤️ 🐸,2025-W04-02,2,144.62,123.26,Jared Goff,QB,QB,True,False,False,,17.72,,Jared Goff,QB,,461.p.29235,29235,Det,yahoo_fantasy_api
2025,4,,2,api,Buttermilk Puuump,Malle ❤️ 🐸,2025-W04-02,2,144.62,123.26,Amon-Ra St. Brown,WR,WR,True,False,False,,22.5,,Amon-Ra St. Brown,WR,,461.p.33500,33500,Det,yahoo_fantasy_api
2025,4,,3,api,Buttermilk Puuump,Malle ❤️ 🐸,2025-W04-02,2,144.62,123.26,George Pickens,WR,WR,True,False,False,,29.4,,George Pickens,WR,,461.p.34007,34007,Dal,yahoo_fantasy_api
2025,4,,4,api,Buttermilk Puuump,Malle ❤️ 🐸,2025-W04-02,2,144.62,123.26,Breece Hall,RB,RB,True,False,False,,13.6,,Breece Hall,RB,,461.p.33991,33991,NYJ,yahoo_fantasy_api
2025,4,,5,api,Buttermilk Puuump,Malle ❤️ 🐸,2025-W04-02,2,144.62,123.26,Nick Chubb,RB,RB,True,False,False,,7.2,,Nick Chubb,RB,,461.p.31005,31005,Hou,yahoo_fantasy_api
2025,4,,6,api,Buttermilk Puuump,Malle ❤️ 🐸,2025-W04-02,2,144.62,123.26,Kyle Pitts Sr.,TE,TE,True,False,False,,15.5,,Kyle Pitts Sr.,TE,,461.p.33392,33392,Atl,yahoo_fantasy_api
2025,4,,7,api,Buttermilk Puuump,Malle ❤️ 🐸,2025-W04-02,2,144.62,123.26,Josh Jacobs,RB,W/R/T,True,False,False,,29.7,,Josh Jacobs,RB,,461.p.31856,31856,GB,yahoo_fantasy_api
2025,4,,8,api,Buttermilk Puuump,Malle ❤️ 🐸,2025-W04-02,2,144.62,123.26,Deebo Samuel Sr.,WR,BN,False,True,False,,17.1,,Deebo Samuel Sr.,WR,,461.p.31868,31868,SF,yahoo_fantasy_api
2025,4,,9,api,Buttermilk Puuump,Malle ❤️ 🐸,2025-W04-02,2,144.62,123.26,Evan Engram,TE,BN,False,True,False,,4.9,,Evan Engram,TE,,461.p.30136,30136,Den,yahoo_fantasy_api
2025,4,,10,api,Buttermilk Puuump,Malle ❤️ 🐸,2025-W04-02,2,144.62,123.26,Aaron Jones Sr.,RB,BN,False,True,False,,0.0,,Aaron Jones Sr.,RB,,461.p.30295,30295,Min,yahoo_fantasy_api
2025,4,,11,api,Buttermilk Puuump,Malle ❤️ 🐸,2025-W04-02,2,144.62,123.26,Travis Hunter,WR,BN,False,True,False,,5.7,,Travis Hunter,WR,,461.p.99001,99001,Jax,yahoo_fantasy_api
2025,4,,12,api,Buttermilk Puuump,Malle ❤️ 🐸,2025-W04-02,2,144.62,123.26,Najee Harris,RB,BN,False,True,False,,0.0,,Najee Harris,RB,,461.p.33412,33412,NYG,yahoo_fantasy_api
2025,4,,13,api,Buttermilk Puuump,Malle ❤️ 🐸,2025-W04-02,2,144.62,123.26,Jordan Love,QB,BN,False,True,False,,32.28,,Jordan Love,QB,,461.p.32696,32696,GB,yahoo_fantasy_api
2025,4,,14,api,Buttermilk Puuump,Malle ❤️ 🐸,2025-W04-02,2,144.62,123.26,Tyler Loop,K,K,True,False,False,,9.0,,Tyler Loop,K,,461.p.41988,41988,Bal,yahoo_fantasy_api
2025,4,,15,api,Buttermilk Puuump,Malle ❤️ 🐸,2025-W04-02,2,144.62,123.26,49ers,DEF,DEF,True,False,False,,0.0,,49ers,DEF,,461.p.100025,100025,SF,yahoo_fantasy_api
2025,4,,1,api,Ginger FC 🏆🏆,The Big Gronkowski,2025-W04-01,1,97.52,90.42,Justin Herbert,QB,QB,True,False,False,,16.52,,Justin Herbert,QB,,461.p.32676,32676,LAC,yahoo_fantasy_api
2025,4,,2,api,Ginger FC 🏆🏆,The Big Gronkowski,2025-W04-01,1,97.52,90.42,Tyreek Hill,WR,WR,True,False,False,,9.7,,Tyreek Hill,WR,,461.p.29399,29399,Mia,yahoo_fantasy_api
2025,4,,3,api,Ginger FC 🏆🏆,The Big Gronkowski,2025-W04-01,1,97.52,90.42,Davante Adams,WR,WR,True,False,False,,13.6,,Davante Adams,WR,,461.p.27581,27581,LAR,yahoo_fantasy_api
2025,4,,4,api,Ginger FC 🏆🏆,The Big Gronkowski,2025-W04-01,1,97.52,90.42,Derrick Henry,RB,RB,True,False,False,,6.8,,Derrick Henry,RB,,461.p.29279,29279,Bal,yahoo_fantasy_api
2025,4,,5,api,Ginger FC 🏆🏆,The Big Gronkowski,2025-W04-01,1,97.52,90.42,De'Von Achane,RB,RB,True,False,False,,16.6,,De'Von Achane,RB,,461.p.40118,40118,Mia,yahoo_fantasy_api
2025,4,,6,api,Ginger FC 🏆🏆,The Big Gronkowski,2025-W04-01,1,97.52,90.42,Juwan Johnson,TE,TE,True,False,False,,4.3,,Juwan Johnson,TE,,461.p.33113,33113,NO,yahoo_fantasy_api
2025,4,,7,api,Ginger FC 🏆🏆,The Big Gronkowski,2025-W04-01,1,97.52,90.42,Travis Etienne Jr.,RB,W/R/T,True,False,False,,19.0,,Travis Etienne Jr.,RB,,461.p.33413,33413,NO,yahoo_fantasy_api
2025,4,,8,api,Ginger FC 🏆🏆,The Big Gronkowski,2025-W04-01,1,97.52,90.42,Mark Andrews,TE,BN,False,True,False,,6.5,,Mark Andrews,TE,,461.p.31056,31056,Bal,yahoo_fantasy_api
2025,4,,9,api,Ginger FC 🏆🏆,The Big Gronkowski,2025-W04-01,1,97.52,90.42,DeVonta Smith,WR,BN,False,True,False,,3.9,,DeVonta Smith,WR,,461.p.33398,33398,Phi,yahoo_fantasy_api
2025,4,,10,api,Ginger FC 🏆🏆,The Big Gronkowski,2025-W04-01,1,97.52,90.42,Chris Olave,WR,BN,False,True,False,,8.5,,Chris Olave,WR,,461.p.33966,33966,NO,yahoo_fantasy_api
2025,4,,11,api,Ginger FC 🏆🏆,The Big Gronkowski,2025-W04-01,1,97.52,90.42,Michael Pittman Jr.,WR,BN,False,True,False,,12.6,,Michael Pittman Jr.,WR,,461.p.32704,32704,Pit,yahoo_fantasy_api
2025,4,,12,api,Ginger FC 🏆🏆,The Big Gronkowski,2025-W04-01,1,97.52,90.42,Trey Benson,RB,BN,False,True,False,,7.9,,Trey Benson,RB,,461.p.40958,40958,Ari,yahoo_fantasy_api
2025,4,,13,api,Ginger FC 🏆🏆,The Big Gronkowski,2025-W04-01,1,97.52,90.42,Marvin Mims Jr.,WR,BN,False,True,False,,17.5,,Marvin Mims Jr.,WR,,461.p.40090,40090,Den,yahoo_fantasy_api
2025,4,,14,api,Ginger FC 🏆🏆,The Big Gronkowski,2025-W04-01,1,97.52,90.42,Evan McPherson,K,K,True,False,False,,3.0,,Evan McPherson,K,,461.p.33537,33537,Cin,yahoo_fantasy_api
2025,4,,15,api,Ginger FC 🏆🏆,The Big Gronkowski,2025-W04-01,1,97.52,90.42,Chiefs,DEF,DEF,True,False,False,,8.0,,Chiefs,DEF,,461.p.100012,100012,KC,yahoo_fantasy_api
2025,4,,1,api,Joe Mantegna,Patty Primetimes,2025-W04-04,4,94.24,131.86,Bo Nix,QB,QB,True,False,False,,30.74,,Bo Nix,QB,,461.p.40875,40875,Den,yahoo_fantasy_api
2025,4,,2,api,Joe Mantegna,Patty Primetimes,2025-W04-04,4,94.24,131.86,Ja'Marr Chase,WR,WR,True,False,False,,4.8,,Ja'Marr Chase,WR,,461.p.33393,33393,Cin,yahoo_fantasy_api
2025,4,,3,api,Joe Mantegna,Patty Primetimes,2025-W04-04,4,94.24,131.86,Malik Nabers,WR,WR,True,False,False,,3.0,,Malik Nabers,WR,,461.p.40899,40899,NYG,yahoo_fantasy_api
2025,4,,4,api,Joe Mantegna,Patty Primetimes,2025-W04-04,4,94.24,131.86,Omarion Hampton,RB,RB,True,False,False,,25.0,,Omarion Hampton,RB,,461.p.41807,41807,LAC,yahoo_fantasy_api
2025,4,,5,api,Joe Mantegna,Patty Primetimes,2025-W04-04,4,94.24,131.86,Jacory Croskey-Merritt,RB,RB,True,False,False,,6.7,,Jacory Croskey-Merritt,RB,,461.p.42010,42010,Was,yahoo_fantasy_api
2025,4,,6,api,Joe Mantegna,Patty Primetimes,2025-W04-04,4,94.24,131.86,Tucker Kraft,TE,TE,True,False,False,,8.1,,Tucker Kraft,TE,,461.p.40102,40102,GB,yahoo_fantasy_api
2025,4,,7,api,Joe Mantegna,Patty Primetimes,2025-W04-04,4,94.24,131.86,Zay Flowers,WR,W/R/T,True,False,False,,10.9,,Zay Flowers,WR,,461.p.40039,40039,Bal,yahoo_fantasy_api
2025,4,,8,api,Joe Mantegna,Patty Primetimes,2025-W04-04,4,94.24,131.86,RJ Harvey,RB,BN,False,True,False,,17.8,,RJ Harvey,RB,,461.p.41845,41845,Den,yahoo_fantasy_api
2025,4,,9,api,Joe Mantegna,Patty Primetimes,2025-W04-04,4,94.24,131.86,Jauan Jennings,WR,BN,False,True,False,,5.4,,Jauan Jennings,WR,,461.p.32887,32887,Min,yahoo_fantasy_api
2025,4,,10,api,Joe Mantegna,Patty Primetimes,2025-W04-04,4,94.24,131.86,Tyler Warren,TE,BN,False,True,False,,15.8,,Tyler Warren,TE,,461.p.41799,41799,Ind,yahoo_fantasy_api
2025,4,,11,api,Joe Mantegna,Patty Primetimes,2025-W04-04,4,94.24,131.86,Cooper Kupp,WR,BN,False,True,False,,4.6,,Cooper Kupp,WR,,461.p.30182,30182,Sea,yahoo_fantasy_api
2025,4,,12,api,Joe Mantegna,Patty Primetimes,2025-W04-04,4,94.24,131.86,Quentin Johnston,WR,BN,False,True,False,,19.8,,Quentin Johnston,WR,,461.p.40051,40051,LAC,yahoo_fantasy_api
2025,4,,13,api,Joe Mantegna,Patty Primetimes,2025-W04-04,4,94.24,131.86,Wan'Dale Robinson,WR,BN,False,True,False,,2.9,,Wan'Dale Robinson,WR,,461.p.33998,33998,Ten,yahoo_fantasy_api
2025,4,,14,api,Joe Mantegna,Patty Primetimes,2025-W04-04,4,94.24,131.86,Brandon Aubrey,K,K,True,False,False,,8.0,,Brandon Aubrey,K,,461.p.40819,40819,Dal,yahoo_fantasy_api
2025,4,,15,api,Joe Mantegna,Patty Primetimes,2025-W04-04,4,94.24,131.86,Packers,DEF,DEF,True,False,False,,-3.0,,Packers,DEF,,461.p.100009,100009,GB,yahoo_fantasy_api
2025,4,,1,api,Malle ❤️ 🐸,Buttermilk Puuump,2025-W04-02,2,123.26,144.62,Brock Purdy,QB,QB,True,False,False,,23.66,,Brock Purdy,QB,,461.p.34218,34218,SF,yahoo_fantasy_api
2025,4,,2,api,Malle ❤️ 🐸,Buttermilk Puuump,2025-W04-02,2,123.26,144.62,Drake London,WR,WR,True,False,False,,21.0,,Drake London,WR,,461.p.33963,33963,Atl,yahoo_fantasy_api
2025,4,,3,api,Malle ❤️ 🐸,Buttermilk Puuump,2025-W04-02,2,123.26,144.62,Brian Thomas Jr.,WR,WR,True,False,False,,8.1,,Brian Thomas Jr.,WR,,461.p.40883,40883,Jax,yahoo_fantasy_api
2025,4,,4,api,Malle ❤️ 🐸,Buttermilk Puuump,2025-W04-02,2,123.26,144.62,D'Andre Swift,RB,RB,True,False,False,,14.0,,D'Andre Swift,RB,,461.p.32705,32705,Chi,yahoo_fantasy_api
2025,4,,5,api,Malle ❤️ 🐸,Buttermilk Puuump,2025-W04-02,2,123.26,144.62,Isiah Pacheco,RB,RB,True,False,False,,11.8,,Isiah Pacheco,RB,,461.p.34207,34207,Det,yahoo_fantasy_api
2025,4,,6,api,Malle ❤️ 🐸,Buttermilk Puuump,2025-W04-02,2,123.26,144.62,Dalton Schultz,TE,TE,True,False,False,,5.5,,Dalton Schultz,TE,,461.p.31107,31107,Hou,yahoo_fantasy_api
2025,4,,7,api,Malle ❤️ 🐸,Buttermilk Puuump,2025-W04-02,2,123.26,144.62,Rashid Shaheed,WR,W/R/T,True,False,False,,7.2,,Rashid Shaheed,WR,,461.p.34659,34659,Sea,yahoo_fantasy_api
2025,4,,8,api,Malle ❤️ 🐸,Buttermilk Puuump,2025-W04-02,2,123.26,144.62,Jayden Daniels,QB,BN,False,True,False,,0.0,,Jayden Daniels,QB,,461.p.40896,40896,Was,yahoo_fantasy_api
2025,4,,9,api,Malle ❤️ 🐸,Buttermilk Puuump,2025-W04-02,2,123.26,144.62,Marcus Mariota,QB,BN,False,True,False,,21.24,,Marcus Mariota,QB,,461.p.28390,28390,Was,yahoo_fantasy_api
2025,4,,10,api,Malle ❤️ 🐸,Buttermilk Puuump,2025-W04-02,2,123.26,144.62,Dallas Goedert,TE,BN,False,True,False,,17.7,,Dallas Goedert,TE,,461.p.31019,31019,Phi,yahoo_fantasy_api
2025,4,,11,api,Malle ❤️ 🐸,Buttermilk Puuump,2025-W04-02,2,123.26,144.62,George Kittle,TE,BN,False,True,False,,0.0,,George Kittle,TE,,461.p.30259,30259,SF,yahoo_fantasy_api
2025,4,,12,api,Malle ❤️ 🐸,Buttermilk Puuump,2025-W04-02,2,123.26,144.62,Jordan Addison,WR,BN,False,True,False,,13.4,,Jordan Addison,WR,,461.p.40042,40042,Min,yahoo_fantasy_api
2025,4,,13,api,Malle ❤️ 🐸,Buttermilk Puuump,2025-W04-02,2,123.26,144.62,Khalil Shakir,WR,BN,False,True,False,,15.4,,Khalil Shakir,WR,,461.p.34104,34104,Buf,yahoo_fantasy_api
2025,4,,14,api,Malle ❤️ 🐸,Buttermilk Puuump,2025-W04-02,2,123.26,144.62,Matt Gay,K,K,True,False,False,,18.0,,Matt Gay,K,,461.p.31977,31977,LV,yahoo_fantasy_api
2025,4,,15,api,Malle ❤️ 🐸,Buttermilk Puuump,2025-W04-02,2,123.26,144.62,Eagles,DEF,DEF,True,False,False,,14.0,,Eagles,DEF,,461.p.100021,100021,Phi,yahoo_fantasy_api
2025,4,,1,api,Patty Primetimes,Joe Mantegna,2025-W04-04,4,131.86,94.24,Josh Allen,QB,QB,True,False,False,,29.86,,Josh Allen,QB,,461.p.30977,30977,Buf,yahoo_fantasy_api
2025,4,,2,api,Patty Primetimes,Joe Mantegna,2025-W04-04,4,131.86,94.24,DK Metcalf,WR,WR,True,False,False,,21.1,,DK Metcalf,WR,,461.p.31896,31896,Pit,yahoo_fantasy_api
2025,4,,3,api,Patty Primetimes,Joe Mantegna,2025-W04-04,4,131.86,94.24,Ladd McConkey,WR,WR,True,False,False,,1.6,,Ladd McConkey,WR,,461.p.40908,40908,LAC,yahoo_fantasy_api
2025,4,,4,api,Patty Primetimes,Joe Mantegna,2025-W04-04,4,131.86,94.24,Saquon Barkley,RB,RB,True,False,False,,15.4,,Saquon Barkley,RB,,461.p.30972,30972,Phi,yahoo_fantasy_api
2025,4,,5,api,Patty Primetimes,Joe Mantegna,2025-W04-04,4,131.86,94.24,James Cook III,RB,RB,True,False,False,,21.0,,James Cook III,RB,,461.p.34019,34019,Buf,yahoo_fantasy_api
2025,4,,6,api,Patty Primetimes,Joe Mantegna,2025-W04-04,4,131.86,94.24,Travis Kelce,TE,TE,True,False,False,,7.3,,Travis Kelce,TE,,461.p.26686,26686,KC,yahoo_fantasy_api
2025,4,,7,api,Patty Primetimes,Joe Mantegna,2025-W04-04,4,131.86,94.24,Courtland Sutton,WR,W/R/T,True,False,False,,16.6,,Courtland Sutton,WR,,461.p.31010,31010,Den,yahoo_fantasy_api
2025,4,,8,api,Patty Primetimes,Joe Mantegna,2025-W04-04,4,131.86,94.24,J.K. Dobbins,RB,BN,False,True,False,,11.0,,J.K. Dobbins,RB,,461.p.32725,32725,Den,yahoo_fantasy_api
2025,4,,9,api,Patty Primetimes,Joe Mantegna,2025-W04-04,4,131.86,94.24,Tank Bigsby,RB,BN,False,True,False,,0.0,,Tank Bigsby,RB,,461.p.40095,40095,Phi,yahoo_fantasy_api
2025,4,,10,api,Patty Primetimes,Joe Mantegna,2025-W04-04,4,131.86,94.24,Keon Coleman,WR,BN,False,True,False,,6.0,,Keon Coleman,WR,,461.p.40911,40911,Buf,yahoo_fantasy_api
2025,4,,11,api,Patty Primetimes,Joe Mantegna,2025-W04-04,4,131.86,94.24,Colston Loveland,TE,BN,False,True,False,,0.0,,Colston Loveland,TE,,461.p.41795,41795,Chi,yahoo_fantasy_api
2025,4,,12,api,Patty Primetimes,Joe Mantegna,2025-W04-04,4,131.86,94.24,Caleb Williams,QB,BN,False,True,False,,14.78,,Caleb Williams,QB,,461.p.40900,40900,Chi,yahoo_fantasy_api
2025,4,,13,api,Patty Primetimes,Joe Mantegna,2025-W04-04,4,131.86,94.24,Will Shipley,RB,BN,False,True,False,,0.0,,Will Shipley,RB,,461.p.41002,41002,Phi,yahoo_fantasy_api
2025,4,,14,api,Patty Primetimes,Joe Mantegna,2025-W04-04,4,131.86,94.24,Cameron Dicker,K,K,True,False,False,,5.0,,Cameron Dicker,K,,461.p.34344,34344,LAC,yahoo_fantasy_api
2025,4,,15,api,Patty Primetimes,Joe Mantegna,2025-W04-04,4,131.86,94.24,Texans,DEF,DEF,True,False,False,,14.0,,Texans,DEF,,461.p.100034,100034,Hou,yahoo_fantasy_api
2025,4,,1,api,Pop Lockett Drop it,Post Mahomes,2025-W04-05,5,93.58,123.5,Lamar Jackson,QB,QB,True,False,False,,13.68,,Lamar Jackson,QB,,461.p.31002,31002,Bal,yahoo_fantasy_api
2025,4,,2,api,Pop Lockett Drop it,Post Mahomes,2025-W04-05,5,93.58,123.5,Rome Odunze,WR,WR,True,False,False,,14.9,,Rome Odunze,WR,,461.p.40901,40901,Chi,yahoo_fantasy_api
2025,4,,3,api,Pop Lockett Drop it,Post Mahomes,2025-W04-05,5,93.58,123.5,Cedric Tillman,WR,WR,True,False,False,,1.1,,Cedric Tillman,WR,,461.p.40093,40093,NO,yahoo_fantasy_api
2025,4,,4,api,Pop Lockett Drop it,Post Mahomes,2025-W04-05,5,93.58,123.5,Javonte Williams,RB,RB,True,False,False,,17.5,,Javonte Williams,RB,,461.p.33423,33423,Dal,yahoo_fantasy_api
2025,4,,5,api,Pop Lockett Drop it,Post Mahomes,2025-W04-05,5,93.58,123.5,Kenneth Walker III,RB,RB,True,False,False,,11.5,,Kenneth Walker III,RB,,461.p.33996,33996,KC,yahoo_fantasy_api
2025,4,,6,api,Pop Lockett Drop it,Post Mahomes,2025-W04-05,5,93.58,123.5,Trey McBride,TE,TE,True,False,False,,8.7,,Trey McBride,TE,,461.p.34010,34010,Ari,yahoo_fantasy_api
2025,4,,7,api,Pop Lockett Drop it,Post Mahomes,2025-W04-05,5,93.58,123.5,Tetairoa McMillan,WR,W/R/T,True,False,False,,8.2,,Tetairoa McMillan,WR,,461.p.41793,41793,Car,yahoo_fantasy_api
2025,4,,8,api,Pop Lockett Drop it,Post Mahomes,2025-W04-05,5,93.58,123.5,Troy Franklin,WR,BN,False,True,False,,7.5,,Troy Franklin,WR,,461.p.41009,41009,Den,yahoo_fantasy_api
2025,4,,9,api,Pop Lockett Drop it,Post Mahomes,2025-W04-05,5,93.58,123.5,CeeDee Lamb,WR,BN,False,True,False,,0.0,,CeeDee Lamb,WR,,461.p.32687,32687,Dal,yahoo_fantasy_api
2025,4,,10,api,Pop Lockett Drop it,Post Mahomes,2025-W04-05,5,93.58,123.5,Brian Robinson,RB,BN,False,True,False,,2.1,,Brian Robinson,RB,,461.p.34054,34054,Atl,yahoo_fantasy_api
2025,4,,11,api,Pop Lockett Drop it,Post Mahomes,2025-W04-05,5,93.58,123.5,Kareem Hunt,RB,BN,False,True,False,,5.2,,Kareem Hunt,RB,,461.p.30199,30199,KC,yahoo_fantasy_api
2025,4,,12,api,Pop Lockett Drop it,Post Mahomes,2025-W04-05,5,93.58,123.5,Brandon Aiyuk,WR,BN,False,True,False,,0.0,,Brandon Aiyuk,WR,,461.p.32695,32695,SF,yahoo_fantasy_api
2025,4,,13,api,Pop Lockett Drop it,Post Mahomes,2025-W04-05,5,93.58,123.5,Elic Ayomanor,WR,BN,False,True,False,,5.4,,Elic Ayomanor,WR,,461.p.41904,41904,Ten,yahoo_fantasy_api
2025,4,,14,api,Pop Lockett Drop it,Post Mahomes,2025-W04-05,5,93.58,123.5,Jake Bates,K,K,True,False,False,,13.0,,Jake Bates,K,,461.p.40835,40835,Det,yahoo_fantasy_api
2025,4,,15,api,Pop Lockett Drop it,Post Mahomes,2025-W04-05,5,93.58,123.5,Colts,DEF,DEF,True,False,False,,5.0,,Colts,DEF,,461.p.100011,100011,Ind,yahoo_fantasy_api
2025,4,,1,api,Post Mahomes,Pop Lockett Drop it,2025-W04-05,5,123.5,93.58,Patrick Mahomes,QB,QB,True,False,False,,35.3,,Patrick Mahomes,QB,,461.p.30123,30123,KC,yahoo_fantasy_api
2025,4,,2,api,Post Mahomes,Pop Lockett Drop it,2025-W04-05,5,123.5,93.58,Garrett Wilson,WR,WR,True,False,False,,17.2,,Garrett Wilson,WR,,461.p.33965,33965,NYJ,yahoo_fantasy_api
2025,4,,3,api,Post Mahomes,Pop Lockett Drop it,2025-W04-05,5,123.5,93.58,Ricky Pearsall,WR,WR,True,False,False,,6.6,,Ricky Pearsall,WR,,461.p.40892,40892,SF,yahoo_fantasy_api
2025,4,,4,api,Post Mahomes,Pop Lockett Drop it,2025-W04-05,5,123.5,93.58,Jahmyr Gibbs,RB,RB,True,False,False,,16.7,,Jahmyr Gibbs,RB,,461.p.40059,40059,Det,yahoo_fantasy_api
2025,4,,5,api,Post Mahomes,Pop Lockett Drop it,2025-W04-05,5,123.5,93.58,Jordan Mason,RB,RB,True,False,False,,8.7,,Jordan Mason,RB,,461.p.34320,34320,Min,yahoo_fantasy_api
2025,4,,6,api,Post Mahomes,Pop Lockett Drop it,2025-W04-05,5,123.5,93.58,Brock Bowers,TE,TE,True,False,False,,7.1,,Brock Bowers,TE,,461.p.40878,40878,LV,yahoo_fantasy_api
2025,4,,7,api,Post Mahomes,Pop Lockett Drop it,2025-W04-05,5,123.5,93.58,Kyren Williams,RB,W/R/T,True,False,False,,8.9,,Kyren Williams,RB,,461.p.34120,34120,LAR,yahoo_fantasy_api
2025,4,,8,api,Post Mahomes,Pop Lockett Drop it,2025-W04-05,5,123.5,93.58,Tee Higgins,WR,BN,False,True,False,,4.7,,Tee Higgins,WR,,461.p.32703,32703,Cin,yahoo_fantasy_api
2025,4,,9,api,Post Mahomes,Pop Lockett Drop it,2025-W04-05,5,123.5,93.58,Cam Skattebo,RB,BN,False,True,False,,12.0,,Cam Skattebo,RB,,461.p.41922,41922,NYG,yahoo_fantasy_api
2025,4,,10,api,Post Mahomes,Pop Lockett Drop it,2025-W04-05,5,123.5,93.58,Chris Godwin Jr.,WR,BN,False,True,False,,4.1,,Chris Godwin Jr.,WR,,461.p.30197,30197,TB,yahoo_fantasy_api
2025,4,,11,api,Post Mahomes,Pop Lockett Drop it,2025-W04-05,5,123.5,93.58,Hollywood Brown,WR,BN,False,True,False,,11.3,,Hollywood Brown,WR,,461.p.31857,31857,Phi,yahoo_fantasy_api
2025,4,,12,api,Post Mahomes,Pop Lockett Drop it,2025-W04-05,5,123.5,93.58,Romeo Doubs,WR,BN,False,True,False,,26.8,,Romeo Doubs,WR,,461.p.34088,34088,NE,yahoo_fantasy_api
2025,4,,13,api,Post Mahomes,Pop Lockett Drop it,2025-W04-05,5,123.5,93.58,Joe Mixon,RB,IR,False,False,True,,0.0,,Joe Mixon,RB,,461.p.30161,30161,Hou,yahoo_fantasy_api
2025,4,,14,api,Post Mahomes,Pop Lockett Drop it,2025-W04-05,5,123.5,93.58,Harrison Butker,K,K,True,False,False,,13.0,,Harrison Butker,K,,461.p.30346,30346,KC,yahoo_fantasy_api
2025,4,,15,api,Post Mahomes,Pop Lockett Drop it,2025-W04-05,5,123.5,93.58,Broncos,DEF,DEF,True,False,False,,10.0,,Broncos,DEF,,461.p.100007,100007,Den,yahoo_fantasy_api
2025,4,,1,api,The Big Gronkowski,Ginger FC 🏆🏆,2025-W04-01,1,90.42,97.52,Drake Maye,QB,QB,True,False,False,,27.22,,Drake Maye,QB,,461.p.40881,40881,NE,yahoo_fantasy_api
2025,4,,2,api,The Big Gronkowski,Ginger FC 🏆🏆,2025-W04-01,1,90.42,97.52,Nico Collins,WR,WR,True,False,False,,9.9,,Nico Collins,WR,,461.p.33477,33477,Hou,yahoo_fantasy_api
2025,4,,3,api,The Big Gronkowski,Ginger FC 🏆🏆,2025-W04-01,1,90.42,97.52,A.J. Brown,WR,WR,True,False,False,,1.7,,A.J. Brown,WR,,461.p.31883,31883,NE,yahoo_fantasy_api
2025,4,,4,api,The Big Gronkowski,Ginger FC 🏆🏆,2025-W04-01,1,90.42,97.52,Chuba Hubbard,RB,RB,True,False,False,,8.4,,Chuba Hubbard,RB,,461.p.33514,33514,Car,yahoo_fantasy_api
2025,4,,5,api,The Big Gronkowski,Ginger FC 🏆🏆,2025-W04-01,1,90.42,97.52,TreVeyon Henderson,RB,RB,True,False,False,,11.6,,TreVeyon Henderson,RB,,461.p.41823,41823,NE,yahoo_fantasy_api
2025,4,,6,api,The Big Gronkowski,Ginger FC 🏆🏆,2025-W04-01,1,90.42,97.52,Hunter Henry,TE,TE,True,False,False,,10.9,,Hunter Henry,TE,,461.p.29269,29269,NE,yahoo_fantasy_api
2025,4,,7,api,The Big Gronkowski,Ginger FC 🏆🏆,2025-W04-01,1,90.42,97.52,Jameson Williams,WR,W/R/T,True,False,False,,4.7,,Jameson Williams,WR,,461.p.33967,33967,Det,yahoo_fantasy_api
2025,4,,8,api,The Big Gronkowski,Ginger FC 🏆🏆,2025-W04-01,1,90.42,97.52,Dak Prescott,QB,BN,False,True,False,,36.96,,Dak Prescott,QB,,461.p.29369,29369,Dal,yahoo_fantasy_api
2025,4,,9,api,The Big Gronkowski,Ginger FC 🏆🏆,2025-W04-01,1,90.42,97.52,T.J. Hockenson,TE,BN,False,True,False,,5.9,,T.J. Hockenson,TE,,461.p.31840,31840,Min,yahoo_fantasy_api
2025,4,,10,api,The Big Gronkowski,Ginger FC 🏆🏆,2025-W04-01,1,90.42,97.52,Braelon Allen,RB,BN,False,True,False,,0.6,,Braelon Allen,RB,,461.p.40981,40981,NYJ,yahoo_fantasy_api
2025,4,,11,api,The Big Gronkowski,Ginger FC 🏆🏆,2025-W04-01,1,90.42,97.52,Dylan Sampson,RB,BN,False,True,False,,-0.2,,Dylan Sampson,RB,,461.p.41907,41907,Cle,yahoo_fantasy_api
2025,4,,12,api,The Big Gronkowski,Ginger FC 🏆🏆,2025-W04-01,1,90.42,97.52,Rashod Bateman,WR,BN,False,True,False,,2.9,,Rashod Bateman,WR,,461.p.33415,33415,Bal,yahoo_fantasy_api
2025,4,,13,api,The Big Gronkowski,Ginger FC 🏆🏆,2025-W04-01,1,90.42,97.52,C.J. Stroud,QB,BN,False,True,False,,22.42,,C.J. Stroud,QB,,461.p.40030,40030,Hou,yahoo_fantasy_api
2025,4,,14,api,The Big Gronkowski,Ginger FC 🏆🏆,2025-W04-01,1,90.42,97.52,Ka'imi Fairbairn,K,K,True,False,False,,10.0,,Ka'imi Fairbairn,K,,461.p.29792,29792,Hou,yahoo_fantasy_api
2025,4,,15,api,The Big Gronkowski,Ginger FC 🏆🏆,2025-W04-01,1,90.42,97.52,Chargers,DEF,DEF,True,False,False,,6.0,,Chargers,DEF,,461.p.100024,100024,LAC,yahoo_fantasy_api
2025,4,,1,api,ThreatLevelMidnight,Voldemort,2025-W04-03,3,144.26,125.1,Baker Mayfield,QB,QB,True,False,False,,23.86,,Baker Mayfield,QB,,461.p.30971,30971,TB,yahoo_fantasy_api
2025,4,,2,api,ThreatLevelMidnight,Voldemort,2025-W04-03,3,144.26,125.1,Marvin Harrison Jr.,WR,WR,True,False,False,,15.6,,Marvin Harrison Jr.,WR,,461.p.40893,40893,Ari,yahoo_fantasy_api
2025,4,,3,api,ThreatLevelMidnight,Voldemort,2025-W04-03,3,144.26,125.1,Xavier Worthy,WR,WR,True,False,False,,14.6,,Xavier Worthy,WR,,461.p.40877,40877,KC,yahoo_fantasy_api
2025,4,,4,api,ThreatLevelMidnight,Voldemort,2025-W04-03,3,144.26,125.1,Tony Pollard,RB,RB,True,False,False,,9.1,,Tony Pollard,RB,,461.p.31960,31960,Ten,yahoo_fantasy_api
2025,4,,5,api,ThreatLevelMidnight,Voldemort,2025-W04-03,3,144.26,125.1,Bijan Robinson,RB,RB,True,False,False,,26.1,,Bijan Robinson,RB,,461.p.40055,40055,Atl,yahoo_fantasy_api
2025,4,,6,api,ThreatLevelMidnight,Voldemort,2025-W04-03,3,144.26,125.1,Jake Ferguson,TE,TE,True,False,False,,13.5,,Jake Ferguson,TE,,461.p.34085,34085,Dal,yahoo_fantasy_api
2025,4,,7,api,ThreatLevelMidnight,Voldemort,2025-W04-03,3,144.26,125.1,Quinshon Judkins,RB,W/R/T,True,False,False,,19.5,,Quinshon Judkins,RB,,461.p.41821,41821,Cle,yahoo_fantasy_api
2025,4,,8,api,ThreatLevelMidnight,Voldemort,2025-W04-03,3,144.26,125.1,DJ Moore,WR,BN,False,True,False,,5.8,,DJ Moore,WR,,461.p.30994,30994,Buf,yahoo_fantasy_api
2025,4,,9,api,ThreatLevelMidnight,Voldemort,2025-W04-03,3,144.26,125.1,Rashee Rice,WR,BN,False,True,False,,0.0,,Rashee Rice,WR,,461.p.40084,40084,KC,yahoo_fantasy_api
2025,4,,10,api,ThreatLevelMidnight,Voldemort,2025-W04-03,3,144.26,125.1,Rhamondre Stevenson,RB,BN,False,True,False,,4.6,,Rhamondre Stevenson,RB,,461.p.33508,33508,NE,yahoo_fantasy_api
2025,4,,11,api,ThreatLevelMidnight,Voldemort,2025-W04-03,3,144.26,125.1,Darnell Mooney,WR,BN,False,True,False,,2.0,,Darnell Mooney,WR,,461.p.32843,32843,NYG,yahoo_fantasy_api
2025,4,,12,api,ThreatLevelMidnight,Voldemort,2025-W04-03,3,144.26,125.1,Tyler Allgeier,RB,BN,False,True,False,,11.1,,Tyler Allgeier,RB,,461.p.34107,34107,Ari,yahoo_fantasy_api
2025,4,,13,api,ThreatLevelMidnight,Voldemort,2025-W04-03,3,144.26,125.1,Ollie Gordon II,RB,BN,False,True,False,,1.0,,Ollie Gordon II,RB,,461.p.41969,41969,Mia,yahoo_fantasy_api
2025,4,,14,api,ThreatLevelMidnight,Voldemort,2025-W04-03,3,144.26,125.1,Chase McLaughlin,K,K,True,False,False,,16.0,,Chase McLaughlin,K,,461.p.32417,32417,TB,yahoo_fantasy_api
2025,4,,15,api,ThreatLevelMidnight,Voldemort,2025-W04-03,3,144.26,125.1,Bills,DEF,DEF,True,False,False,,6.0,,Bills,DEF,,461.p.100002,100002,Buf,yahoo_fantasy_api
2025,4,,1,api,Uncle Rico,malle_dips_pouches,2025-W04-06,6,103.58,110.4,Daniel Jones,QB,QB,True,False,False,,14.38,,Daniel Jones,QB,,461.p.31838,31838,Ind,yahoo_fantasy_api
2025,4,,2,api,Uncle Rico,malle_dips_pouches,2025-W04-06,6,103.58,110.4,Jaylen Waddle,WR,WR,True,False,False,,6.3,,Jaylen Waddle,WR,,461.p.33394,33394,Den,yahoo_fantasy_api
2025,4,,3,api,Uncle Rico,malle_dips_pouches,2025-W04-06,6,103.58,110.4,Jerry Jeudy,WR,WR,True,False,False,,6.3,,Jerry Jeudy,WR,,461.p.32685,32685,Cle,yahoo_fantasy_api
2025,4,,4,api,Uncle Rico,malle_dips_pouches,2025-W04-06,6,103.58,110.4,Christian McCaffrey,RB,RB,True,False,False,,23.1,,Christian McCaffrey,RB,,461.p.30121,30121,SF,yahoo_fantasy_api
2025,4,,5,api,Uncle Rico,malle_dips_pouches,2025-W04-06,6,103.58,110.4,Jonathan Taylor,RB,RB,True,False,False,,12.1,,Jonathan Taylor,RB,,461.p.32711,32711,Ind,yahoo_fantasy_api
2025,4,,6,api,Uncle Rico,malle_dips_pouches,2025-W04-06,6,103.58,110.4,Dalton Kincaid,TE,TE,True,False,False,,9.3,,Dalton Kincaid,TE,,461.p.40048,40048,Buf,yahoo_fantasy_api
2025,4,,7,api,Uncle Rico,malle_dips_pouches,2025-W04-06,6,103.58,110.4,Emeka Egbuka,WR,W/R/T,True,False,False,,18.1,,Emeka Egbuka,WR,,461.p.41804,41804,TB,yahoo_fantasy_api
2025,4,,8,api,Uncle Rico,malle_dips_pouches,2025-W04-06,6,103.58,110.4,Terry McLaurin,WR,BN,False,True,False,,0.0,,Terry McLaurin,WR,,461.p.31908,31908,Was,yahoo_fantasy_api
2025,4,,9,api,Uncle Rico,malle_dips_pouches,2025-W04-06,6,103.58,110.4,Matthew Golden,WR,BN,False,True,False,,8.8,,Matthew Golden,WR,,461.p.41808,41808,GB,yahoo_fantasy_api
2025,4,,10,api,Uncle Rico,malle_dips_pouches,2025-W04-06,6,103.58,110.4,Bhayshul Tuten,RB,BN,False,True,False,,2.7,,Bhayshul Tuten,RB,,461.p.41900,41900,Jax,yahoo_fantasy_api
2025,4,,11,api,Uncle Rico,malle_dips_pouches,2025-W04-06,6,103.58,110.4,Zach Charbonnet,RB,BN,False,True,False,,11.4,,Zach Charbonnet,RB,,461.p.40075,40075,Sea,yahoo_fantasy_api
2025,4,,12,api,Uncle Rico,malle_dips_pouches,2025-W04-06,6,103.58,110.4,Joshua Palmer,WR,BN,False,True,False,,3.5,,Joshua Palmer,WR,,461.p.33465,33465,Buf,yahoo_fantasy_api
2025,4,,13,api,Uncle Rico,malle_dips_pouches,2025-W04-06,6,103.58,110.4,Tre Tucker,WR,BN,False,True,False,,3.2,,Tre Tucker,WR,,461.p.40114,40114,LV,yahoo_fantasy_api
2025,4,,14,api,Uncle Rico,malle_dips_pouches,2025-W04-06,6,103.58,110.4,Joe Burrow,QB,IR,False,False,True,,0.0,,Joe Burrow,QB,,461.p.32671,32671,Cin,yahoo_fantasy_api
2025,4,,15,api,Uncle Rico,malle_dips_pouches,2025-W04-06,6,103.58,110.4,Wil Lutz,K,K,True,False,False,,4.0,,Wil Lutz,K,,461.p.29754,29754,Den,yahoo_fantasy_api
2025,4,,16,api,Uncle Rico,malle_dips_pouches,2025-W04-06,6,103.58,110.4,Steelers,DEF,DEF,True,False,False,,10.0,,Steelers,DEF,,461.p.100023,100023,Pit,yahoo_fantasy_api
2025,4,,1,api,Voldemort,ThreatLevelMidnight,2025-W04-03,3,125.1,144.26,Kyler Murray,QB,QB,True,False,False,,22.1,,Kyler Murray,QB,,461.p.31833,31833,Min,yahoo_fantasy_api
2025,4,,2,api,Voldemort,ThreatLevelMidnight,2025-W04-03,3,125.1,144.26,Jaxon Smith-Njigba,WR,WR,True,False,False,,11.0,,Jaxon Smith-Njigba,WR,,461.p.40041,40041,Sea,yahoo_fantasy_api
2025,4,,3,api,Voldemort,ThreatLevelMidnight,2025-W04-03,3,125.1,144.26,Justin Jefferson,WR,WR,True,False,False,,17.6,,Justin Jefferson,WR,,461.p.32692,32692,Min,yahoo_fantasy_api
2025,4,,4,api,Voldemort,ThreatLevelMidnight,2025-W04-03,3,125.1,144.26,Chase Brown,RB,RB,True,False,False,,8.6,,Chase Brown,RB,,461.p.40196,40196,Cin,yahoo_fantasy_api
2025,4,,5,api,Voldemort,ThreatLevelMidnight,2025-W04-03,3,125.1,144.26,Alvin Kamara,RB,RB,True,False,False,,9.2,,Alvin Kamara,RB,,461.p.30180,30180,NO,yahoo_fantasy_api
2025,4,,6,api,Voldemort,ThreatLevelMidnight,2025-W04-03,3,125.1,144.26,David Njoku,TE,TE,True,False,False,,2.1,,David Njoku,TE,,461.p.30142,30142,LAC,yahoo_fantasy_api
2025,4,,7,api,Voldemort,ThreatLevelMidnight,2025-W04-03,3,125.1,144.26,Puka Nacua,WR,W/R/T,True,False,False,,29.5,,Puka Nacua,WR,,461.p.40168,40168,LAR,yahoo_fantasy_api
2025,4,,8,api,Voldemort,ThreatLevelMidnight,2025-W04-03,3,125.1,144.26,David Montgomery,RB,BN,False,True,False,,1.2,,David Montgomery,RB,,461.p.31905,31905,Hou,yahoo_fantasy_api
2025,4,,9,api,Voldemort,ThreatLevelMidnight,2025-W04-03,3,125.1,144.26,Keenan Allen,WR,BN,False,True,False,,6.2,,Keenan Allen,WR,,461.p.26699,26699,Ind,yahoo_fantasy_api
2025,4,,10,api,Voldemort,ThreatLevelMidnight,2025-W04-03,3,125.1,144.26,Justin Fields,QB,BN,False,True,False,,29.14,,Justin Fields,QB,,461.p.33399,33399,KC,yahoo_fantasy_api
2025,4,,11,api,Voldemort,ThreatLevelMidnight,2025-W04-03,3,125.1,144.26,Calvin Austin III,WR,BN,False,True,False,,2.3,,Calvin Austin III,WR,,461.p.34094,34094,NYG,yahoo_fantasy_api
2025,4,,12,api,Voldemort,ThreatLevelMidnight,2025-W04-03,3,125.1,144.26,Harold Fannin Jr.,TE,BN,False,True,False,,3.5,,Harold Fannin Jr.,TE,,461.p.41877,41877,Cle,yahoo_fantasy_api
2025,4,,13,api,Voldemort,ThreatLevelMidnight,2025-W04-03,3,125.1,144.26,Kenny Gainwell,RB,BN,False,True,False,,28.4,,Kenny Gainwell,RB,,461.p.33538,33538,TB,yahoo_fantasy_api
2025,4,,14,api,Voldemort,ThreatLevelMidnight,2025-W04-03,3,125.1,144.26,Jaylen Warren,RB,IR,False,False,True,,0.0,,Jaylen Warren,RB,,461.p.34447,34447,Pit,yahoo_fantasy_api
2025,4,,15,api,Voldemort,ThreatLevelMidnight,2025-W04-03,3,125.1,144.26,Chris Boswell,K,K,True,False,False,,6.0,,Chris Boswell,K,,461.p.28188,28188,Pit,yahoo_fantasy_api
2025,4,,16,api,Voldemort,ThreatLevelMidnight,2025-W04-03,3,125.1,144.26,Lions,DEF,DEF,True,False,False,,19.0,,Lions,DEF,,461.p.100008,100008,Det,yahoo_fantasy_api
2025,4,,1,api,malle_dips_pouches,Uncle Rico,2025-W04-06,6,110.4,103.58,Jalen Hurts,QB,QB,True,False,False,,23.4,,Jalen Hurts,QB,,461.p.32723,32723,Phi,yahoo_fantasy_api
2025,4,,2,api,malle_dips_pouches,Uncle Rico,2025-W04-06,6,110.4,103.58,Calvin Ridley,WR,WR,True,False,False,,4.0,,Calvin Ridley,WR,,461.p.30996,30996,Ten,yahoo_fantasy_api
2025,4,,3,api,malle_dips_pouches,Uncle Rico,2025-W04-06,6,110.4,103.58,Jakobi Meyers,WR,WR,True,False,False,,5.0,,Jakobi Meyers,WR,,461.p.32231,32231,Jax,yahoo_fantasy_api
2025,4,,4,api,malle_dips_pouches,Uncle Rico,2025-W04-06,6,110.4,103.58,Ashton Jeanty,RB,RB,True,False,False,,32.5,,Ashton Jeanty,RB,,461.p.41791,41791,LV,yahoo_fantasy_api
2025,4,,5,api,malle_dips_pouches,Uncle Rico,2025-W04-06,6,110.4,103.58,Bucky Irving,RB,RB,True,False,False,,23.0,,Bucky Irving,RB,,461.p.40993,40993,TB,yahoo_fantasy_api
2025,4,,6,api,malle_dips_pouches,Uncle Rico,2025-W04-06,6,110.4,103.58,Sam LaPorta,TE,TE,True,False,False,,5.4,,Sam LaPorta,TE,,461.p.40064,40064,Det,yahoo_fantasy_api
2025,4,,7,api,malle_dips_pouches,Uncle Rico,2025-W04-06,6,110.4,103.58,Stefon Diggs,WR,W/R/T,True,False,False,,13.1,,Stefon Diggs,WR,,461.p.28534,28534,Was,yahoo_fantasy_api
2025,4,,8,api,malle_dips_pouches,Uncle Rico,2025-W04-06,6,110.4,103.58,Mike Evans,WR,BN,False,True,False,,0.0,,Mike Evans,WR,,461.p.27535,27535,SF,yahoo_fantasy_api
2025,4,,9,api,malle_dips_pouches,Uncle Rico,2025-W04-06,6,110.4,103.58,Tyrone Tracy Jr.,RB,BN,False,True,False,,0.0,,Tyrone Tracy Jr.,RB,,461.p.41048,41048,NYG,yahoo_fantasy_api
2025,4,,10,api,malle_dips_pouches,Uncle Rico,2025-W04-06,6,110.4,103.58,Josh Downs,WR,BN,False,True,False,,4.4,,Josh Downs,WR,,461.p.40126,40126,Ind,yahoo_fantasy_api
2025,4,,11,api,malle_dips_pouches,Uncle Rico,2025-W04-06,6,110.4,103.58,Rachaad White,RB,BN,False,True,False,,6.6,,Rachaad White,RB,,461.p.34047,34047,Was,yahoo_fantasy_api
2025,4,,12,api,malle_dips_pouches,Uncle Rico,2025-W04-06,6,110.4,103.58,Christian Kirk,WR,BN,False,True,False,,3.5,,Christian Kirk,WR,,461.p.31017,31017,SF,yahoo_fantasy_api
2025,4,,13,api,malle_dips_pouches,Uncle Rico,2025-W04-06,6,110.4,103.58,Zach Ertz,TE,BN,False,True,False,,5.1,,Zach Ertz,TE,,461.p.26658,26658,Phi,yahoo_fantasy_api
2025,4,,14,api,malle_dips_pouches,Uncle Rico,2025-W04-06,6,110.4,103.58,Jake Elliott,K,K,True,False,False,,7.0,,Jake Elliott,K,,461.p.30266,30266,Phi,yahoo_fantasy_api
2025,4,,15,api,malle_dips_pouches,Uncle Rico,2025-W04-06,6,110.4,103.58,Ravens,DEF,DEF,True,False,False,,-3.0,,Ravens,DEF,,461.p.100033,100033,Bal,yahoo_fantasy_api
2025,5,,1,api,Buttermilk Puuump,Post Mahomes,2025-W05-05,5,122.32,120.02,Jared Goff,QB,QB,True,False,False,,26.12,,Jared Goff,QB,,461.p.29235,29235,Det,yahoo_fantasy_api
2025,5,,2,api,Buttermilk Puuump,Post Mahomes,2025-W05-05,5,122.32,120.02,Amon-Ra St. Brown,WR,WR,True,False,False,,14.0,,Amon-Ra St. Brown,WR,,461.p.33500,33500,Det,yahoo_fantasy_api
2025,5,,3,api,Buttermilk Puuump,Post Mahomes,2025-W05-05,5,122.32,120.02,George Pickens,WR,WR,True,False,False,,12.7,,George Pickens,WR,,461.p.34007,34007,Dal,yahoo_fantasy_api
2025,5,,4,api,Buttermilk Puuump,Post Mahomes,2025-W05-05,5,122.32,120.02,Breece Hall,RB,RB,True,False,False,,15.5,,Breece Hall,RB,,461.p.33991,33991,NYJ,yahoo_fantasy_api
2025,5,,5,api,Buttermilk Puuump,Post Mahomes,2025-W05-05,5,122.32,120.02,Nick Chubb,RB,RB,True,False,False,,12.1,,Nick Chubb,RB,,461.p.31005,31005,Hou,yahoo_fantasy_api
2025,5,,6,api,Buttermilk Puuump,Post Mahomes,2025-W05-05,5,122.32,120.02,Evan Engram,TE,TE,True,False,False,,11.3,,Evan Engram,TE,,461.p.30136,30136,Den,yahoo_fantasy_api
2025,5,,7,api,Buttermilk Puuump,Post Mahomes,2025-W05-05,5,122.32,120.02,Deebo Samuel Sr.,WR,W/R/T,True,False,False,,19.6,,Deebo Samuel Sr.,WR,,461.p.31868,31868,SF,yahoo_fantasy_api
2025,5,,8,api,Buttermilk Puuump,Post Mahomes,2025-W05-05,5,122.32,120.02,Kyle Pitts Sr.,TE,BN,False,True,False,,0.0,,Kyle Pitts Sr.,TE,,461.p.33392,33392,Atl,yahoo_fantasy_api
2025,5,,9,api,Buttermilk Puuump,Post Mahomes,2025-W05-05,5,122.32,120.02,Josh Jacobs,RB,BN,False,True,False,,0.0,,Josh Jacobs,RB,,461.p.31856,31856,GB,yahoo_fantasy_api
2025,5,,10,api,Buttermilk Puuump,Post Mahomes,2025-W05-05,5,122.32,120.02,Aaron Jones Sr.,RB,BN,False,True,False,,0.0,,Aaron Jones Sr.,RB,,461.p.30295,30295,Min,yahoo_fantasy_api
2025,5,,11,api,Buttermilk Puuump,Post Mahomes,2025-W05-05,5,122.32,120.02,Travis Hunter,WR,BN,False,True,False,,7.9,,Travis Hunter,WR,,461.p.99001,99001,Jax,yahoo_fantasy_api
2025,5,,12,api,Buttermilk Puuump,Post Mahomes,2025-W05-05,5,122.32,120.02,Najee Harris,RB,BN,False,True,False,,0.0,,Najee Harris,RB,,461.p.33412,33412,NYG,yahoo_fantasy_api
2025,5,,13,api,Buttermilk Puuump,Post Mahomes,2025-W05-05,5,122.32,120.02,Jordan Love,QB,BN,False,True,False,,0.0,,Jordan Love,QB,,461.p.32696,32696,GB,yahoo_fantasy_api
2025,5,,14,api,Buttermilk Puuump,Post Mahomes,2025-W05-05,5,122.32,120.02,Tyler Loop,K,K,True,False,False,,4.0,,Tyler Loop,K,,461.p.41988,41988,Bal,yahoo_fantasy_api
2025,5,,15,api,Buttermilk Puuump,Post Mahomes,2025-W05-05,5,122.32,120.02,49ers,DEF,DEF,True,False,False,,7.0,,49ers,DEF,,461.p.100025,100025,SF,yahoo_fantasy_api
2025,5,,1,api,Ginger FC 🏆🏆,Uncle Rico,2025-W05-06,6,86.74,154.78,Justin Herbert,QB,QB,True,False,False,,17.64,,Justin Herbert,QB,,461.p.32676,32676,LAC,yahoo_fantasy_api
2025,5,,2,api,Ginger FC 🏆🏆,Uncle Rico,2025-W05-06,6,86.74,154.78,Davante Adams,WR,WR,True,False,False,,11.3,,Davante Adams,WR,,461.p.27581,27581,LAR,yahoo_fantasy_api
2025,5,,3,api,Ginger FC 🏆🏆,Uncle Rico,2025-W05-06,6,86.74,154.78,Chris Olave,WR,WR,True,False,False,,9.4,,Chris Olave,WR,,461.p.33966,33966,NO,yahoo_fantasy_api
2025,5,,4,api,Ginger FC 🏆🏆,Uncle Rico,2025-W05-06,6,86.74,154.78,Derrick Henry,RB,RB,True,False,False,,9.3,,Derrick Henry,RB,,461.p.29279,29279,Bal,yahoo_fantasy_api
2025,5,,5,api,Ginger FC 🏆🏆,Uncle Rico,2025-W05-06,6,86.74,154.78,De'Von Achane,RB,RB,True,False,False,,13.6,,De'Von Achane,RB,,461.p.40118,40118,Mia,yahoo_fantasy_api
2025,5,,6,api,Ginger FC 🏆🏆,Uncle Rico,2025-W05-06,6,86.74,154.78,Mark Andrews,TE,TE,True,False,False,,3.2,,Mark Andrews,TE,,461.p.31056,31056,Bal,yahoo_fantasy_api
2025,5,,7,api,Ginger FC 🏆🏆,Uncle Rico,2025-W05-06,6,86.74,154.78,Travis Etienne Jr.,RB,W/R/T,True,False,False,,7.3,,Travis Etienne Jr.,RB,,461.p.33413,33413,NO,yahoo_fantasy_api
2025,5,,8,api,Ginger FC 🏆🏆,Uncle Rico,2025-W05-06,6,86.74,154.78,Juwan Johnson,TE,BN,False,True,False,,2.7,,Juwan Johnson,TE,,461.p.33113,33113,NO,yahoo_fantasy_api
2025,5,,9,api,Ginger FC 🏆🏆,Uncle Rico,2025-W05-06,6,86.74,154.78,DeVonta Smith,WR,BN,False,True,False,,15.4,,DeVonta Smith,WR,,461.p.33398,33398,Phi,yahoo_fantasy_api
2025,5,,10,api,Ginger FC 🏆🏆,Uncle Rico,2025-W05-06,6,86.74,154.78,Michael Pittman Jr.,WR,BN,False,True,False,,12.4,,Michael Pittman Jr.,WR,,461.p.32704,32704,Pit,yahoo_fantasy_api
2025,5,,11,api,Ginger FC 🏆🏆,Uncle Rico,2025-W05-06,6,86.74,154.78,Trey Benson,RB,BN,False,True,False,,0.0,,Trey Benson,RB,,461.p.40958,40958,Ari,yahoo_fantasy_api
2025,5,,12,api,Ginger FC 🏆🏆,Uncle Rico,2025-W05-06,6,86.74,154.78,Marvin Mims Jr.,WR,BN,False,True,False,,2.9,,Marvin Mims Jr.,WR,,461.p.40090,40090,Den,yahoo_fantasy_api
2025,5,,13,api,Ginger FC 🏆🏆,Uncle Rico,2025-W05-06,6,86.74,154.78,Tyreek Hill,WR,IR,False,False,True,,0.0,,Tyreek Hill,WR,,461.p.29399,29399,Mia,yahoo_fantasy_api
2025,5,,14,api,Ginger FC 🏆🏆,Uncle Rico,2025-W05-06,6,86.74,154.78,Evan McPherson,K,K,True,False,False,,8.0,,Evan McPherson,K,,461.p.33537,33537,Cin,yahoo_fantasy_api
2025,5,,15,api,Ginger FC 🏆🏆,Uncle Rico,2025-W05-06,6,86.74,154.78,Chiefs,DEF,DEF,True,False,False,,7.0,,Chiefs,DEF,,461.p.100012,100012,KC,yahoo_fantasy_api
2025,5,,1,api,Joe Mantegna,Voldemort,2025-W05-03,3,122.88,121.9,Bo Nix,QB,QB,True,False,False,,19.88,,Bo Nix,QB,,461.p.40875,40875,Den,yahoo_fantasy_api
2025,5,,2,api,Joe Mantegna,Voldemort,2025-W05-03,3,122.88,121.9,Ja'Marr Chase,WR,WR,True,False,False,,26.0,,Ja'Marr Chase,WR,,461.p.33393,33393,Cin,yahoo_fantasy_api
2025,5,,3,api,Joe Mantegna,Voldemort,2025-W05-03,3,122.88,121.9,Zay Flowers,WR,WR,True,False,False,,9.7,,Zay Flowers,WR,,461.p.40039,40039,Bal,yahoo_fantasy_api
2025,5,,4,api,Joe Mantegna,Voldemort,2025-W05-03,3,122.88,121.9,Omarion Hampton,RB,RB,True,False,False,,10.0,,Omarion Hampton,RB,,461.p.41807,41807,LAC,yahoo_fantasy_api
2025,5,,5,api,Joe Mantegna,Voldemort,2025-W05-03,3,122.88,121.9,Jacory Croskey-Merritt,RB,RB,True,False,False,,26.0,,Jacory Croskey-Merritt,RB,,461.p.42010,42010,Was,yahoo_fantasy_api
2025,5,,6,api,Joe Mantegna,Voldemort,2025-W05-03,3,122.88,121.9,Tyler Warren,TE,TE,True,False,False,,12.4,,Tyler Warren,TE,,461.p.41799,41799,Ind,yahoo_fantasy_api
2025,5,,7,api,Joe Mantegna,Voldemort,2025-W05-03,3,122.88,121.9,Quentin Johnston,WR,W/R/T,True,False,False,,4.9,,Quentin Johnston,WR,,461.p.40051,40051,LAC,yahoo_fantasy_api
2025,5,,8,api,Joe Mantegna,Voldemort,2025-W05-03,3,122.88,121.9,Tucker Kraft,TE,BN,False,True,False,,0.0,,Tucker Kraft,TE,,461.p.40102,40102,GB,yahoo_fantasy_api
2025,5,,9,api,Joe Mantegna,Voldemort,2025-W05-03,3,122.88,121.9,RJ Harvey,RB,BN,False,True,False,,4.5,,RJ Harvey,RB,,461.p.41845,41845,Den,yahoo_fantasy_api
2025,5,,10,api,Joe Mantegna,Voldemort,2025-W05-03,3,122.88,121.9,Jauan Jennings,WR,BN,False,True,False,,0.0,,Jauan Jennings,WR,,461.p.32887,32887,Min,yahoo_fantasy_api
2025,5,,11,api,Joe Mantegna,Voldemort,2025-W05-03,3,122.88,121.9,Cooper Kupp,WR,BN,False,True,False,,8.9,,Cooper Kupp,WR,,461.p.30182,30182,Sea,yahoo_fantasy_api
2025,5,,12,api,Joe Mantegna,Voldemort,2025-W05-03,3,122.88,121.9,Wan'Dale Robinson,WR,BN,False,True,False,,5.7,,Wan'Dale Robinson,WR,,461.p.33998,33998,Ten,yahoo_fantasy_api
2025,5,,13,api,Joe Mantegna,Voldemort,2025-W05-03,3,122.88,121.9,Malik Nabers,WR,IR,False,False,True,,0.0,,Malik Nabers,WR,,461.p.40899,40899,NYG,yahoo_fantasy_api
2025,5,,14,api,Joe Mantegna,Voldemort,2025-W05-03,3,122.88,121.9,Brandon Aubrey,K,K,True,False,False,,7.0,,Brandon Aubrey,K,,461.p.40819,40819,Dal,yahoo_fantasy_api
2025,5,,15,api,Joe Mantegna,Voldemort,2025-W05-03,3,122.88,121.9,Cardinals,DEF,DEF,True,False,False,,7.0,,Cardinals,DEF,,461.p.100022,100022,Ari,yahoo_fantasy_api
2025,5,,1,api,Malle ❤️ 🐸,malle_dips_pouches,2025-W05-02,2,89.34,119.1,Jayden Daniels,QB,QB,True,False,False,,19.14,,Jayden Daniels,QB,,461.p.40896,40896,Was,yahoo_fantasy_api
2025,5,,2,api,Malle ❤️ 🐸,malle_dips_pouches,2025-W05-02,2,89.34,119.1,Brian Thomas Jr.,WR,WR,True,False,False,,10.0,,Brian Thomas Jr.,WR,,461.p.40883,40883,Jax,yahoo_fantasy_api
2025,5,,3,api,Malle ❤️ 🐸,malle_dips_pouches,2025-W05-02,2,89.34,119.1,Jordan Addison,WR,WR,True,False,False,,12.6,,Jordan Addison,WR,,461.p.40042,40042,Min,yahoo_fantasy_api
2025,5,,4,api,Malle ❤️ 🐸,malle_dips_pouches,2025-W05-02,2,89.34,119.1,Isiah Pacheco,RB,RB,True,False,False,,7.1,,Isiah Pacheco,RB,,461.p.34207,34207,Det,yahoo_fantasy_api
2025,5,,5,api,Malle ❤️ 🐸,malle_dips_pouches,2025-W05-02,2,89.34,119.1,Chris Rodriguez Jr.,RB,RB,True,False,False,,0.7,,Chris Rodriguez Jr.,RB,,461.p.40231,40231,Jax,yahoo_fantasy_api
2025,5,,6,api,Malle ❤️ 🐸,malle_dips_pouches,2025-W05-02,2,89.34,119.1,Dallas Goedert,TE,TE,True,False,False,,9.4,,Dallas Goedert,TE,,461.p.31019,31019,Phi,yahoo_fantasy_api
2025,5,,7,api,Malle ❤️ 🐸,malle_dips_pouches,2025-W05-02,2,89.34,119.1,Rashid Shaheed,WR,W/R/T,True,False,False,,19.4,,Rashid Shaheed,WR,,461.p.34659,34659,Sea,yahoo_fantasy_api
2025,5,,8,api,Malle ❤️ 🐸,malle_dips_pouches,2025-W05-02,2,89.34,119.1,D'Andre Swift,RB,BN,False,True,False,,0.0,,D'Andre Swift,RB,,461.p.32705,32705,Chi,yahoo_fantasy_api
2025,5,,9,api,Malle ❤️ 🐸,malle_dips_pouches,2025-W05-02,2,89.34,119.1,Drake London,WR,BN,False,True,False,,0.0,,Drake London,WR,,461.p.33963,33963,Atl,yahoo_fantasy_api
2025,5,,10,api,Malle ❤️ 🐸,malle_dips_pouches,2025-W05-02,2,89.34,119.1,Dalton Schultz,TE,BN,False,True,False,,8.5,,Dalton Schultz,TE,,461.p.31107,31107,Hou,yahoo_fantasy_api
2025,5,,11,api,Malle ❤️ 🐸,malle_dips_pouches,2025-W05-02,2,89.34,119.1,Marcus Mariota,QB,BN,False,True,False,,0.0,,Marcus Mariota,QB,,461.p.28390,28390,Was,yahoo_fantasy_api
2025,5,,12,api,Malle ❤️ 🐸,malle_dips_pouches,2025-W05-02,2,89.34,119.1,George Kittle,TE,BN,False,True,False,,0.0,,George Kittle,TE,,461.p.30259,30259,SF,yahoo_fantasy_api
2025,5,,13,api,Malle ❤️ 🐸,malle_dips_pouches,2025-W05-02,2,89.34,119.1,Khalil Shakir,WR,BN,False,True,False,,8.0,,Khalil Shakir,WR,,461.p.34104,34104,Buf,yahoo_fantasy_api
2025,5,,14,api,Malle ❤️ 🐸,malle_dips_pouches,2025-W05-02,2,89.34,119.1,Matt Gay,K,K,True,False,False,,9.0,,Matt Gay,K,,461.p.31977,31977,LV,yahoo_fantasy_api
2025,5,,15,api,Malle ❤️ 🐸,malle_dips_pouches,2025-W05-02,2,89.34,119.1,Eagles,DEF,DEF,True,False,False,,2.0,,Eagles,DEF,,461.p.100021,100021,Phi,yahoo_fantasy_api
2025,5,,1,api,Patty Primetimes,The Big Gronkowski,2025-W05-01,1,107.12,66.12,Josh Allen,QB,QB,True,False,False,,24.42,,Josh Allen,QB,,461.p.30977,30977,Buf,yahoo_fantasy_api
2025,5,,2,api,Patty Primetimes,The Big Gronkowski,2025-W05-01,1,107.12,66.12,Ladd McConkey,WR,WR,True,False,False,,12.4,,Ladd McConkey,WR,,461.p.40908,40908,LAC,yahoo_fantasy_api
2025,5,,3,api,Patty Primetimes,The Big Gronkowski,2025-W05-01,1,107.12,66.12,Courtland Sutton,WR,WR,True,False,False,,13.9,,Courtland Sutton,WR,,461.p.31010,31010,Den,yahoo_fantasy_api
2025,5,,4,api,Patty Primetimes,The Big Gronkowski,2025-W05-01,1,107.12,66.12,Saquon Barkley,RB,RB,True,False,False,,16.3,,Saquon Barkley,RB,,461.p.30972,30972,Phi,yahoo_fantasy_api
2025,5,,5,api,Patty Primetimes,The Big Gronkowski,2025-W05-01,1,107.12,66.12,James Cook III,RB,RB,True,False,False,,4.9,,James Cook III,RB,,461.p.34019,34019,Buf,yahoo_fantasy_api
2025,5,,6,api,Patty Primetimes,The Big Gronkowski,2025-W05-01,1,107.12,66.12,Travis Kelce,TE,TE,True,False,False,,15.6,,Travis Kelce,TE,,461.p.26686,26686,KC,yahoo_fantasy_api
2025,5,,7,api,Patty Primetimes,The Big Gronkowski,2025-W05-01,1,107.12,66.12,Darius Slayton,WR,W/R/T,True,False,False,,2.6,,Darius Slayton,WR,,461.p.32003,32003,Ind,yahoo_fantasy_api
2025,5,,8,api,Patty Primetimes,The Big Gronkowski,2025-W05-01,1,107.12,66.12,Keon Coleman,WR,BN,False,True,False,,8.3,,Keon Coleman,WR,,461.p.40911,40911,Buf,yahoo_fantasy_api
2025,5,,9,api,Patty Primetimes,The Big Gronkowski,2025-W05-01,1,107.12,66.12,DK Metcalf,WR,BN,False,True,False,,0.0,,DK Metcalf,WR,,461.p.31896,31896,Pit,yahoo_fantasy_api
2025,5,,10,api,Patty Primetimes,The Big Gronkowski,2025-W05-01,1,107.12,66.12,J.K. Dobbins,RB,BN,False,True,False,,14.9,,J.K. Dobbins,RB,,461.p.32725,32725,Den,yahoo_fantasy_api
2025,5,,11,api,Patty Primetimes,The Big Gronkowski,2025-W05-01,1,107.12,66.12,Tank Bigsby,RB,BN,False,True,False,,0.0,,Tank Bigsby,RB,,461.p.40095,40095,Phi,yahoo_fantasy_api
2025,5,,12,api,Patty Primetimes,The Big Gronkowski,2025-W05-01,1,107.12,66.12,Caleb Williams,QB,BN,False,True,False,,0.0,,Caleb Williams,QB,,461.p.40900,40900,Chi,yahoo_fantasy_api
2025,5,,13,api,Patty Primetimes,The Big Gronkowski,2025-W05-01,1,107.12,66.12,Will Shipley,RB,BN,False,True,False,,0.9,,Will Shipley,RB,,461.p.41002,41002,Phi,yahoo_fantasy_api
2025,5,,14,api,Patty Primetimes,The Big Gronkowski,2025-W05-01,1,107.12,66.12,Cameron Dicker,K,K,True,False,False,,6.0,,Cameron Dicker,K,,461.p.34344,34344,LAC,yahoo_fantasy_api
2025,5,,15,api,Patty Primetimes,The Big Gronkowski,2025-W05-01,1,107.12,66.12,Texans,DEF,DEF,True,False,False,,11.0,,Texans,DEF,,461.p.100034,100034,Hou,yahoo_fantasy_api
2025,5,,1,api,Pop Lockett Drop it,ThreatLevelMidnight,2025-W05-04,4,118.46,141.46,Matthew Stafford,QB,QB,True,False,False,,31.56,,Matthew Stafford,QB,,461.p.9265,9265,LAR,yahoo_fantasy_api
2025,5,,2,api,Pop Lockett Drop it,ThreatLevelMidnight,2025-W05-04,4,118.46,141.46,Malik Washington,WR,WR,True,False,False,,2.0,,Malik Washington,WR,,461.p.41058,41058,Mia,yahoo_fantasy_api
2025,5,,3,api,Pop Lockett Drop it,ThreatLevelMidnight,2025-W05-04,4,118.46,141.46,Tee Higgins,WR,WR,True,False,False,,9.7,,Tee Higgins,WR,,461.p.32703,32703,Cin,yahoo_fantasy_api
2025,5,,4,api,Pop Lockett Drop it,ThreatLevelMidnight,2025-W05-04,4,118.46,141.46,Javonte Williams,RB,RB,True,False,False,,26.4,,Javonte Williams,RB,,461.p.33423,33423,Dal,yahoo_fantasy_api
2025,5,,5,api,Pop Lockett Drop it,ThreatLevelMidnight,2025-W05-04,4,118.46,141.46,Kenneth Walker III,RB,RB,True,False,False,,9.1,,Kenneth Walker III,RB,,461.p.33996,33996,KC,yahoo_fantasy_api
2025,5,,6,api,Pop Lockett Drop it,ThreatLevelMidnight,2025-W05-04,4,118.46,141.46,Trey McBride,TE,TE,True,False,False,,6.6,,Trey McBride,TE,,461.p.34010,34010,Ari,yahoo_fantasy_api
2025,5,,7,api,Pop Lockett Drop it,ThreatLevelMidnight,2025-W05-04,4,118.46,141.46,Jordan Mason,RB,W/R/T,True,False,False,,11.1,,Jordan Mason,RB,,461.p.34320,34320,Min,yahoo_fantasy_api
2025,5,,8,api,Pop Lockett Drop it,ThreatLevelMidnight,2025-W05-04,4,118.46,141.46,Elic Ayomanor,WR,BN,False,True,False,,2.8,,Elic Ayomanor,WR,,461.p.41904,41904,Ten,yahoo_fantasy_api
2025,5,,9,api,Pop Lockett Drop it,ThreatLevelMidnight,2025-W05-04,4,118.46,141.46,Troy Franklin,WR,BN,False,True,False,,7.0,,Troy Franklin,WR,,461.p.41009,41009,Den,yahoo_fantasy_api
2025,5,,10,api,Pop Lockett Drop it,ThreatLevelMidnight,2025-W05-04,4,118.46,141.46,Lamar Jackson,QB,BN,False,True,False,,0.0,,Lamar Jackson,QB,,461.p.31002,31002,Bal,yahoo_fantasy_api
2025,5,,11,api,Pop Lockett Drop it,ThreatLevelMidnight,2025-W05-04,4,118.46,141.46,Rome Odunze,WR,BN,False,True,False,,0.0,,Rome Odunze,WR,,461.p.40901,40901,Chi,yahoo_fantasy_api
2025,5,,12,api,Pop Lockett Drop it,ThreatLevelMidnight,2025-W05-04,4,118.46,141.46,CeeDee Lamb,WR,BN,False,True,False,,0.0,,CeeDee Lamb,WR,,461.p.32687,32687,Dal,yahoo_fantasy_api
2025,5,,13,api,Pop Lockett Drop it,ThreatLevelMidnight,2025-W05-04,4,118.46,141.46,Kareem Hunt,RB,BN,False,True,False,,18.2,,Kareem Hunt,RB,,461.p.30199,30199,KC,yahoo_fantasy_api
2025,5,,14,api,Pop Lockett Drop it,ThreatLevelMidnight,2025-W05-04,4,118.46,141.46,Jake Bates,K,K,True,False,False,,5.0,,Jake Bates,K,,461.p.40835,40835,Det,yahoo_fantasy_api
2025,5,,15,api,Pop Lockett Drop it,ThreatLevelMidnight,2025-W05-04,4,118.46,141.46,Colts,DEF,DEF,True,False,False,,17.0,,Colts,DEF,,461.p.100011,100011,Ind,yahoo_fantasy_api
2025,5,,1,api,Post Mahomes,Buttermilk Puuump,2025-W05-05,5,120.02,122.32,Patrick Mahomes,QB,QB,True,False,False,,29.72,,Patrick Mahomes,QB,,461.p.30123,30123,KC,yahoo_fantasy_api
2025,5,,2,api,Post Mahomes,Buttermilk Puuump,2025-W05-05,5,120.02,122.32,Garrett Wilson,WR,WR,True,False,False,,16.1,,Garrett Wilson,WR,,461.p.33965,33965,NYJ,yahoo_fantasy_api
2025,5,,3,api,Post Mahomes,Buttermilk Puuump,2025-W05-05,5,120.02,122.32,Tetairoa McMillan,WR,WR,True,False,False,,10.3,,Tetairoa McMillan,WR,,461.p.41793,41793,Car,yahoo_fantasy_api
2025,5,,4,api,Post Mahomes,Buttermilk Puuump,2025-W05-05,5,120.02,122.32,Kyren Williams,RB,RB,True,False,False,,27.1,,Kyren Williams,RB,,461.p.34120,34120,LAR,yahoo_fantasy_api
2025,5,,5,api,Post Mahomes,Buttermilk Puuump,2025-W05-05,5,120.02,122.32,Cam Skattebo,RB,RB,True,False,False,,11.4,,Cam Skattebo,RB,,461.p.41922,41922,NYG,yahoo_fantasy_api
2025,5,,6,api,Post Mahomes,Buttermilk Puuump,2025-W05-05,5,120.02,122.32,Brenton Strange,TE,TE,True,False,False,,2.7,,Brenton Strange,TE,,461.p.40078,40078,Jax,yahoo_fantasy_api
2025,5,,7,api,Post Mahomes,Buttermilk Puuump,2025-W05-05,5,120.02,122.32,Jahmyr Gibbs,RB,W/R/T,True,False,False,,15.7,,Jahmyr Gibbs,RB,,461.p.40059,40059,Det,yahoo_fantasy_api
2025,5,,8,api,Post Mahomes,Buttermilk Puuump,2025-W05-05,5,120.02,122.32,Brock Bowers,TE,BN,False,True,False,,0.0,,Brock Bowers,TE,,461.p.40878,40878,LV,yahoo_fantasy_api
2025,5,,9,api,Post Mahomes,Buttermilk Puuump,2025-W05-05,5,120.02,122.32,Ricky Pearsall,WR,BN,False,True,False,,0.0,,Ricky Pearsall,WR,,461.p.40892,40892,SF,yahoo_fantasy_api
2025,5,,10,api,Post Mahomes,Buttermilk Puuump,2025-W05-05,5,120.02,122.32,Chris Godwin Jr.,WR,BN,False,True,False,,4.1,,Chris Godwin Jr.,WR,,461.p.30197,30197,TB,yahoo_fantasy_api
2025,5,,11,api,Post Mahomes,Buttermilk Puuump,2025-W05-05,5,120.02,122.32,Romeo Doubs,WR,BN,False,True,False,,0.0,,Romeo Doubs,WR,,461.p.34088,34088,NE,yahoo_fantasy_api
2025,5,,12,api,Post Mahomes,Buttermilk Puuump,2025-W05-05,5,120.02,122.32,Woody Marks,RB,BN,False,True,False,,2.4,,Woody Marks,RB,,461.p.41902,41902,Hou,yahoo_fantasy_api
2025,5,,13,api,Post Mahomes,Buttermilk Puuump,2025-W05-05,5,120.02,122.32,Joe Mixon,RB,IR,False,False,True,,0.0,,Joe Mixon,RB,,461.p.30161,30161,Hou,yahoo_fantasy_api
2025,5,,14,api,Post Mahomes,Buttermilk Puuump,2025-W05-05,5,120.02,122.32,Harrison Butker,K,K,True,False,False,,4.0,,Harrison Butker,K,,461.p.30346,30346,KC,yahoo_fantasy_api
2025,5,,15,api,Post Mahomes,Buttermilk Puuump,2025-W05-05,5,120.02,122.32,Vikings,DEF,DEF,True,False,False,,3.0,,Vikings,DEF,,461.p.100016,100016,Min,yahoo_fantasy_api
2025,5,,16,api,Post Mahomes,Buttermilk Puuump,2025-W05-05,5,120.02,122.32,Broncos,DEF,BN,False,True,False,,7.0,,Broncos,DEF,,461.p.100007,100007,Den,yahoo_fantasy_api
2025,5,,1,api,The Big Gronkowski,Patty Primetimes,2025-W05-01,1,66.12,107.12,Drake Maye,QB,QB,True,False,False,,12.12,,Drake Maye,QB,,461.p.40881,40881,NE,yahoo_fantasy_api
2025,5,,2,api,The Big Gronkowski,Patty Primetimes,2025-W05-01,1,66.12,107.12,Nico Collins,WR,WR,True,False,False,,14.0,,Nico Collins,WR,,461.p.33477,33477,Hou,yahoo_fantasy_api
2025,5,,3,api,The Big Gronkowski,Patty Primetimes,2025-W05-01,1,66.12,107.12,A.J. Brown,WR,WR,True,False,False,,6.8,,A.J. Brown,WR,,461.p.31883,31883,NE,yahoo_fantasy_api
2025,5,,4,api,The Big Gronkowski,Patty Primetimes,2025-W05-01,1,66.12,107.12,TreVeyon Henderson,RB,RB,True,False,False,,3.7,,TreVeyon Henderson,RB,,461.p.41823,41823,NE,yahoo_fantasy_api
2025,5,,5,api,The Big Gronkowski,Patty Primetimes,2025-W05-01,1,66.12,107.12,Sean Tucker,RB,RB,True,False,False,,1.4,,Sean Tucker,RB,,461.p.40742,40742,TB,yahoo_fantasy_api
2025,5,,6,api,The Big Gronkowski,Patty Primetimes,2025-W05-01,1,66.12,107.12,Hunter Henry,TE,TE,True,False,False,,5.6,,Hunter Henry,TE,,461.p.29269,29269,NE,yahoo_fantasy_api
2025,5,,7,api,The Big Gronkowski,Patty Primetimes,2025-W05-01,1,66.12,107.12,Jameson Williams,WR,W/R/T,True,False,False,,1.5,,Jameson Williams,WR,,461.p.33967,33967,Det,yahoo_fantasy_api
2025,5,,8,api,The Big Gronkowski,Patty Primetimes,2025-W05-01,1,66.12,107.12,Chuba Hubbard,RB,BN,False,True,False,,0.0,,Chuba Hubbard,RB,,461.p.33514,33514,Car,yahoo_fantasy_api
2025,5,,9,api,The Big Gronkowski,Patty Primetimes,2025-W05-01,1,66.12,107.12,Dak Prescott,QB,BN,False,True,False,,36.28,,Dak Prescott,QB,,461.p.29369,29369,Dal,yahoo_fantasy_api
2025,5,,10,api,The Big Gronkowski,Patty Primetimes,2025-W05-01,1,66.12,107.12,T.J. Hockenson,TE,BN,False,True,False,,6.8,,T.J. Hockenson,TE,,461.p.31840,31840,Min,yahoo_fantasy_api
2025,5,,11,api,The Big Gronkowski,Patty Primetimes,2025-W05-01,1,66.12,107.12,Dylan Sampson,RB,BN,False,True,False,,0.7,,Dylan Sampson,RB,,461.p.41907,41907,Cle,yahoo_fantasy_api
2025,5,,12,api,The Big Gronkowski,Patty Primetimes,2025-W05-01,1,66.12,107.12,Rashod Bateman,WR,BN,False,True,False,,0.0,,Rashod Bateman,WR,,461.p.33415,33415,Bal,yahoo_fantasy_api
2025,5,,13,api,The Big Gronkowski,Patty Primetimes,2025-W05-01,1,66.12,107.12,C.J. Stroud,QB,BN,False,True,False,,36.76,,C.J. Stroud,QB,,461.p.40030,40030,Hou,yahoo_fantasy_api
2025,5,,14,api,The Big Gronkowski,Patty Primetimes,2025-W05-01,1,66.12,107.12,Ka'imi Fairbairn,K,K,True,False,False,,18.0,,Ka'imi Fairbairn,K,,461.p.29792,29792,Hou,yahoo_fantasy_api
2025,5,,15,api,The Big Gronkowski,Patty Primetimes,2025-W05-01,1,66.12,107.12,Chargers,DEF,DEF,True,False,False,,3.0,,Chargers,DEF,,461.p.100024,100024,LAC,yahoo_fantasy_api
2025,5,,1,api,ThreatLevelMidnight,Pop Lockett Drop it,2025-W05-04,4,141.46,118.46,Baker Mayfield,QB,QB,True,False,False,,30.66,,Baker Mayfield,QB,,461.p.30971,30971,TB,yahoo_fantasy_api
2025,5,,2,api,ThreatLevelMidnight,Pop Lockett Drop it,2025-W05-04,4,141.46,118.46,Marvin Harrison Jr.,WR,WR,True,False,False,,11.8,,Marvin Harrison Jr.,WR,,461.p.40893,40893,Ari,yahoo_fantasy_api
2025,5,,3,api,ThreatLevelMidnight,Pop Lockett Drop it,2025-W05-04,4,141.46,118.46,Xavier Worthy,WR,WR,True,False,False,,8.1,,Xavier Worthy,WR,,461.p.40877,40877,KC,yahoo_fantasy_api
2025,5,,4,api,ThreatLevelMidnight,Pop Lockett Drop it,2025-W05-04,4,141.46,118.46,Quinshon Judkins,RB,RB,True,False,False,,13.3,,Quinshon Judkins,RB,,461.p.41821,41821,Cle,yahoo_fantasy_api
2025,5,,5,api,ThreatLevelMidnight,Pop Lockett Drop it,2025-W05-04,4,141.46,118.46,Rico Dowdle,RB,RB,True,False,False,,30.9,,Rico Dowdle,RB,,461.p.33100,33100,Pit,yahoo_fantasy_api
2025,5,,6,api,ThreatLevelMidnight,Pop Lockett Drop it,2025-W05-04,4,141.46,118.46,Jake Ferguson,TE,TE,True,False,False,,20.4,,Jake Ferguson,TE,,461.p.34085,34085,Dal,yahoo_fantasy_api
2025,5,,7,api,ThreatLevelMidnight,Pop Lockett Drop it,2025-W05-04,4,141.46,118.46,Tony Pollard,RB,W/R/T,True,False,False,,13.3,,Tony Pollard,RB,,461.p.31960,31960,Ten,yahoo_fantasy_api
2025,5,,8,api,ThreatLevelMidnight,Pop Lockett Drop it,2025-W05-04,4,141.46,118.46,Rhamondre Stevenson,RB,BN,False,True,False,,13.7,,Rhamondre Stevenson,RB,,461.p.33508,33508,NE,yahoo_fantasy_api
2025,5,,9,api,ThreatLevelMidnight,Pop Lockett Drop it,2025-W05-04,4,141.46,118.46,Bijan Robinson,RB,BN,False,True,False,,0.0,,Bijan Robinson,RB,,461.p.40055,40055,Atl,yahoo_fantasy_api
2025,5,,10,api,ThreatLevelMidnight,Pop Lockett Drop it,2025-W05-04,4,141.46,118.46,DJ Moore,WR,BN,False,True,False,,0.0,,DJ Moore,WR,,461.p.30994,30994,Buf,yahoo_fantasy_api
2025,5,,11,api,ThreatLevelMidnight,Pop Lockett Drop it,2025-W05-04,4,141.46,118.46,Rashee Rice,WR,BN,False,True,False,,0.0,,Rashee Rice,WR,,461.p.40084,40084,KC,yahoo_fantasy_api
2025,5,,12,api,ThreatLevelMidnight,Pop Lockett Drop it,2025-W05-04,4,141.46,118.46,Tyler Allgeier,RB,BN,False,True,False,,0.0,,Tyler Allgeier,RB,,461.p.34107,34107,Ari,yahoo_fantasy_api
2025,5,,13,api,ThreatLevelMidnight,Pop Lockett Drop it,2025-W05-04,4,141.46,118.46,Chase McLaughlin,K,K,True,False,False,,12.0,,Chase McLaughlin,K,,461.p.32417,32417,TB,yahoo_fantasy_api
2025,5,,14,api,ThreatLevelMidnight,Pop Lockett Drop it,2025-W05-04,4,141.46,118.46,Rams,DEF,DEF,True,False,False,,1.0,,Rams,DEF,,461.p.100014,100014,LAR,yahoo_fantasy_api
2025,5,,15,api,ThreatLevelMidnight,Pop Lockett Drop it,2025-W05-04,4,141.46,118.46,Steelers,DEF,BN,False,True,False,,0.0,,Steelers,DEF,,461.p.100023,100023,Pit,yahoo_fantasy_api
2025,5,,1,api,Uncle Rico,Ginger FC 🏆🏆,2025-W05-06,6,154.78,86.74,Daniel Jones,QB,QB,True,False,False,,20.68,,Daniel Jones,QB,,461.p.31838,31838,Ind,yahoo_fantasy_api
2025,5,,2,api,Uncle Rico,Ginger FC 🏆🏆,2025-W05-06,6,154.78,86.74,Jaylen Waddle,WR,WR,True,False,False,,20.0,,Jaylen Waddle,WR,,461.p.33394,33394,Den,yahoo_fantasy_api
2025,5,,3,api,Uncle Rico,Ginger FC 🏆🏆,2025-W05-06,6,154.78,86.74,Emeka Egbuka,WR,WR,True,False,False,,27.8,,Emeka Egbuka,WR,,461.p.41804,41804,TB,yahoo_fantasy_api
2025,5,,4,api,Uncle Rico,Ginger FC 🏆🏆,2025-W05-06,6,154.78,86.74,Christian McCaffrey,RB,RB,True,False,False,,23.9,,Christian McCaffrey,RB,,461.p.30121,30121,SF,yahoo_fantasy_api
2025,5,,5,api,Uncle Rico,Ginger FC 🏆🏆,2025-W05-06,6,154.78,86.74,Jonathan Taylor,RB,RB,True,False,False,,30.1,,Jonathan Taylor,RB,,461.p.32711,32711,Ind,yahoo_fantasy_api
2025,5,,6,api,Uncle Rico,Ginger FC 🏆🏆,2025-W05-06,6,154.78,86.74,Dalton Kincaid,TE,TE,True,False,False,,13.8,,Dalton Kincaid,TE,,461.p.40048,40048,Buf,yahoo_fantasy_api
2025,5,,7,api,Uncle Rico,Ginger FC 🏆🏆,2025-W05-06,6,154.78,86.74,Jerry Jeudy,WR,W/R/T,True,False,False,,2.5,,Jerry Jeudy,WR,,461.p.32685,32685,Cle,yahoo_fantasy_api
2025,5,,8,api,Uncle Rico,Ginger FC 🏆🏆,2025-W05-06,6,154.78,86.74,Terry McLaurin,WR,BN,False,True,False,,0.0,,Terry McLaurin,WR,,461.p.31908,31908,Was,yahoo_fantasy_api
2025,5,,9,api,Uncle Rico,Ginger FC 🏆🏆,2025-W05-06,6,154.78,86.74,Matthew Golden,WR,BN,False,True,False,,0.0,,Matthew Golden,WR,,461.p.41808,41808,GB,yahoo_fantasy_api
2025,5,,10,api,Uncle Rico,Ginger FC 🏆🏆,2025-W05-06,6,154.78,86.74,Bhayshul Tuten,RB,BN,False,True,False,,1.6,,Bhayshul Tuten,RB,,461.p.41900,41900,Jax,yahoo_fantasy_api
2025,5,,11,api,Uncle Rico,Ginger FC 🏆🏆,2025-W05-06,6,154.78,86.74,Zach Charbonnet,RB,BN,False,True,False,,11.3,,Zach Charbonnet,RB,,461.p.40075,40075,Sea,yahoo_fantasy_api
2025,5,,12,api,Uncle Rico,Ginger FC 🏆🏆,2025-W05-06,6,154.78,86.74,Joshua Palmer,WR,BN,False,True,False,,4.6,,Joshua Palmer,WR,,461.p.33465,33465,Buf,yahoo_fantasy_api
2025,5,,13,api,Uncle Rico,Ginger FC 🏆🏆,2025-W05-06,6,154.78,86.74,Tre Tucker,WR,BN,False,True,False,,9.1,,Tre Tucker,WR,,461.p.40114,40114,LV,yahoo_fantasy_api
2025,5,,14,api,Uncle Rico,Ginger FC 🏆🏆,2025-W05-06,6,154.78,86.74,Joe Burrow,QB,IR,False,False,True,,0.0,,Joe Burrow,QB,,461.p.32671,32671,Cin,yahoo_fantasy_api
2025,5,,15,api,Uncle Rico,Ginger FC 🏆🏆,2025-W05-06,6,154.78,86.74,Wil Lutz,K,K,True,False,False,,9.0,,Wil Lutz,K,,461.p.29754,29754,Den,yahoo_fantasy_api
2025,5,,16,api,Uncle Rico,Ginger FC 🏆🏆,2025-W05-06,6,154.78,86.74,Browns,DEF,DEF,True,False,False,,7.0,,Browns,DEF,,461.p.100005,100005,Cle,yahoo_fantasy_api
2025,5,,1,api,Voldemort,Joe Mantegna,2025-W05-03,3,121.9,122.88,Kyler Murray,QB,QB,True,False,False,,15.3,,Kyler Murray,QB,,461.p.31833,31833,Min,yahoo_fantasy_api
2025,5,,2,api,Voldemort,Joe Mantegna,2025-W05-03,3,121.9,122.88,Justin Jefferson,WR,WR,True,False,False,,15.8,,Justin Jefferson,WR,,461.p.32692,32692,Min,yahoo_fantasy_api
2025,5,,3,api,Voldemort,Joe Mantegna,2025-W05-03,3,121.9,122.88,Puka Nacua,WR,WR,True,False,False,,19.5,,Puka Nacua,WR,,461.p.40168,40168,LAR,yahoo_fantasy_api
2025,5,,4,api,Voldemort,Joe Mantegna,2025-W05-03,3,121.9,122.88,Chase Brown,RB,RB,True,False,False,,8.3,,Chase Brown,RB,,461.p.40196,40196,Cin,yahoo_fantasy_api
2025,5,,5,api,Voldemort,Joe Mantegna,2025-W05-03,3,121.9,122.88,Alvin Kamara,RB,RB,True,False,False,,7.5,,Alvin Kamara,RB,,461.p.30180,30180,NO,yahoo_fantasy_api
2025,5,,6,api,Voldemort,Joe Mantegna,2025-W05-03,3,121.9,122.88,Darren Waller,TE,TE,True,False,False,,16.3,,Darren Waller,TE,,461.p.28592,28592,Car,yahoo_fantasy_api
2025,5,,7,api,Voldemort,Joe Mantegna,2025-W05-03,3,121.9,122.88,Jaxon Smith-Njigba,WR,W/R/T,True,False,False,,23.2,,Jaxon Smith-Njigba,WR,,461.p.40041,40041,Sea,yahoo_fantasy_api
2025,5,,8,api,Voldemort,Joe Mantegna,2025-W05-03,3,121.9,122.88,David Montgomery,RB,BN,False,True,False,,19.72,,David Montgomery,RB,,461.p.31905,31905,Hou,yahoo_fantasy_api
2025,5,,9,api,Voldemort,Joe Mantegna,2025-W05-03,3,121.9,122.88,Keenan Allen,WR,BN,False,True,False,,8.3,,Keenan Allen,WR,,461.p.26699,26699,Ind,yahoo_fantasy_api
2025,5,,10,api,Voldemort,Joe Mantegna,2025-W05-03,3,121.9,122.88,Justin Fields,QB,BN,False,True,False,,29.92,,Justin Fields,QB,,461.p.33399,33399,KC,yahoo_fantasy_api
2025,5,,11,api,Voldemort,Joe Mantegna,2025-W05-03,3,121.9,122.88,Kenny Gainwell,RB,BN,False,True,False,,0.0,,Kenny Gainwell,RB,,461.p.33538,33538,TB,yahoo_fantasy_api
2025,5,,12,api,Voldemort,Joe Mantegna,2025-W05-03,3,121.9,122.88,Jaylen Warren,RB,BN,False,True,False,,0.0,,Jaylen Warren,RB,,461.p.34447,34447,Pit,yahoo_fantasy_api
2025,5,,13,api,Voldemort,Joe Mantegna,2025-W05-03,3,121.9,122.88,Michael Carter,RB,BN,False,True,False,,15.8,,Michael Carter,RB,,461.p.33495,33495,Ten,yahoo_fantasy_api
2025,5,,14,api,Voldemort,Joe Mantegna,2025-W05-03,3,121.9,122.88,Joshua Karty,K,K,True,False,False,,6.0,,Joshua Karty,K,,461.p.41081,41081,Ari,yahoo_fantasy_api
2025,5,,15,api,Voldemort,Joe Mantegna,2025-W05-03,3,121.9,122.88,Lions,DEF,DEF,True,False,False,,10.0,,Lions,DEF,,461.p.100008,100008,Det,yahoo_fantasy_api
2025,5,,1,api,malle_dips_pouches,Malle ❤️ 🐸,2025-W05-02,2,119.1,89.34,Jalen Hurts,QB,QB,True,False,False,,23.5,,Jalen Hurts,QB,,461.p.32723,32723,Phi,yahoo_fantasy_api
2025,5,,2,api,malle_dips_pouches,Malle ❤️ 🐸,2025-W05-02,2,119.1,89.34,Calvin Ridley,WR,WR,True,False,False,,15.6,,Calvin Ridley,WR,,461.p.30996,30996,Ten,yahoo_fantasy_api
2025,5,,3,api,malle_dips_pouches,Malle ❤️ 🐸,2025-W05-02,2,119.1,89.34,Jakobi Meyers,WR,WR,True,False,False,,5.2,,Jakobi Meyers,WR,,461.p.32231,32231,Jax,yahoo_fantasy_api
2025,5,,4,api,malle_dips_pouches,Malle ❤️ 🐸,2025-W05-02,2,119.1,89.34,Ashton Jeanty,RB,RB,True,False,False,,13.4,,Ashton Jeanty,RB,,461.p.41791,41791,LV,yahoo_fantasy_api
2025,5,,5,api,malle_dips_pouches,Malle ❤️ 🐸,2025-W05-02,2,119.1,89.34,Rachaad White,RB,RB,True,False,False,,21.1,,Rachaad White,RB,,461.p.34047,34047,Was,yahoo_fantasy_api
2025,5,,6,api,malle_dips_pouches,Malle ❤️ 🐸,2025-W05-02,2,119.1,89.34,Sam LaPorta,TE,TE,True,False,False,,17.7,,Sam LaPorta,TE,,461.p.40064,40064,Det,yahoo_fantasy_api
2025,5,,7,api,malle_dips_pouches,Malle ❤️ 🐸,2025-W05-02,2,119.1,89.34,Stefon Diggs,WR,W/R/T,True,False,False,,19.6,,Stefon Diggs,WR,,461.p.28534,28534,Was,yahoo_fantasy_api
2025,5,,8,api,malle_dips_pouches,Malle ❤️ 🐸,2025-W05-02,2,119.1,89.34,Bucky Irving,RB,BN,False,True,False,,0.0,,Bucky Irving,RB,,461.p.40993,40993,TB,yahoo_fantasy_api
2025,5,,9,api,malle_dips_pouches,Malle ❤️ 🐸,2025-W05-02,2,119.1,89.34,Mike Evans,WR,BN,False,True,False,,0.0,,Mike Evans,WR,,461.p.27535,27535,SF,yahoo_fantasy_api
2025,5,,10,api,malle_dips_pouches,Malle ❤️ 🐸,2025-W05-02,2,119.1,89.34,Tyrone Tracy Jr.,RB,BN,False,True,False,,0.0,,Tyrone Tracy Jr.,RB,,461.p.41048,41048,NYG,yahoo_fantasy_api
2025,5,,11,api,malle_dips_pouches,Malle ❤️ 🐸,2025-W05-02,2,119.1,89.34,Josh Downs,WR,BN,False,True,False,,8.4,,Josh Downs,WR,,461.p.40126,40126,Ind,yahoo_fantasy_api
2025,5,,12,api,malle_dips_pouches,Malle ❤️ 🐸,2025-W05-02,2,119.1,89.34,Christian Kirk,WR,BN,False,True,False,,8.4,,Christian Kirk,WR,,461.p.31017,31017,SF,yahoo_fantasy_api
2025,5,,13,api,malle_dips_pouches,Malle ❤️ 🐸,2025-W05-02,2,119.1,89.34,Zach Ertz,TE,BN,False,True,False,,0.0,,Zach Ertz,TE,,461.p.26658,26658,Phi,yahoo_fantasy_api
2025,5,,14,api,malle_dips_pouches,Malle ❤️ 🐸,2025-W05-02,2,119.1,89.34,Jake Elliott,K,K,True,False,False,,5.0,,Jake Elliott,K,,461.p.30266,30266,Phi,yahoo_fantasy_api
2025,5,,15,api,malle_dips_pouches,Malle ❤️ 🐸,2025-W05-02,2,119.1,89.34,Ravens,DEF,DEF,True,False,False,,-2.0,,Ravens,DEF,,461.p.100033,100033,Bal,yahoo_fantasy_api
2025,6,,1,api,Buttermilk Puuump,ThreatLevelMidnight,2025-W06-04,4,102.42,133.54,Jared Goff,QB,QB,True,False,False,,20.82,,Jared Goff,QB,,461.p.29235,29235,Det,yahoo_fantasy_api
2025,6,,2,api,Buttermilk Puuump,ThreatLevelMidnight,2025-W06-04,4,102.42,133.54,Amon-Ra St. Brown,WR,WR,True,False,False,,9.2,,Amon-Ra St. Brown,WR,,461.p.33500,33500,Det,yahoo_fantasy_api
2025,6,,3,api,Buttermilk Puuump,ThreatLevelMidnight,2025-W06-04,4,102.42,133.54,George Pickens,WR,WR,True,False,False,,27.3,,George Pickens,WR,,461.p.34007,34007,Dal,yahoo_fantasy_api
2025,6,,4,api,Buttermilk Puuump,ThreatLevelMidnight,2025-W06-04,4,102.42,133.54,Breece Hall,RB,RB,True,False,False,,5.9,,Breece Hall,RB,,461.p.33991,33991,NYJ,yahoo_fantasy_api
2025,6,,5,api,Buttermilk Puuump,ThreatLevelMidnight,2025-W06-04,4,102.42,133.54,Josh Jacobs,RB,RB,True,False,False,,29.5,,Josh Jacobs,RB,,461.p.31856,31856,GB,yahoo_fantasy_api
2025,6,,6,api,Buttermilk Puuump,ThreatLevelMidnight,2025-W06-04,4,102.42,133.54,Kyle Pitts Sr.,TE,TE,True,False,False,,3.3,,Kyle Pitts Sr.,TE,,461.p.33392,33392,Atl,yahoo_fantasy_api
2025,6,,7,api,Buttermilk Puuump,ThreatLevelMidnight,2025-W06-04,4,102.42,133.54,Deebo Samuel Sr.,WR,W/R/T,True,False,False,,3.4,,Deebo Samuel Sr.,WR,,461.p.31868,31868,SF,yahoo_fantasy_api
2025,6,,8,api,Buttermilk Puuump,ThreatLevelMidnight,2025-W06-04,4,102.42,133.54,Evan Engram,TE,BN,False,True,False,,7.4,,Evan Engram,TE,,461.p.30136,30136,Den,yahoo_fantasy_api
2025,6,,9,api,Buttermilk Puuump,ThreatLevelMidnight,2025-W06-04,4,102.42,133.54,Nick Chubb,RB,BN,False,True,False,,0.0,,Nick Chubb,RB,,461.p.31005,31005,Hou,yahoo_fantasy_api
2025,6,,10,api,Buttermilk Puuump,ThreatLevelMidnight,2025-W06-04,4,102.42,133.54,Aaron Jones Sr.,RB,BN,False,True,False,,0.0,,Aaron Jones Sr.,RB,,461.p.30295,30295,Min,yahoo_fantasy_api
2025,6,,11,api,Buttermilk Puuump,ThreatLevelMidnight,2025-W06-04,4,102.42,133.54,Travis Hunter,WR,BN,False,True,False,,3.5,,Travis Hunter,WR,,461.p.99001,99001,Jax,yahoo_fantasy_api
2025,6,,12,api,Buttermilk Puuump,ThreatLevelMidnight,2025-W06-04,4,102.42,133.54,Najee Harris,RB,BN,False,True,False,,0.0,,Najee Harris,RB,,461.p.33412,33412,NYG,yahoo_fantasy_api
2025,6,,13,api,Buttermilk Puuump,ThreatLevelMidnight,2025-W06-04,4,102.42,133.54,Jordan Love,QB,BN,False,True,False,,17.96,,Jordan Love,QB,,461.p.32696,32696,GB,yahoo_fantasy_api
2025,6,,14,api,Buttermilk Puuump,ThreatLevelMidnight,2025-W06-04,4,102.42,133.54,Tyler Loop,K,K,True,False,False,,3.0,,Tyler Loop,K,,461.p.41988,41988,Bal,yahoo_fantasy_api
2025,6,,15,api,Buttermilk Puuump,ThreatLevelMidnight,2025-W06-04,4,102.42,133.54,49ers,DEF,DEF,True,False,False,,0.0,,49ers,DEF,,461.p.100025,100025,SF,yahoo_fantasy_api
2025,6,,1,api,Ginger FC 🏆🏆,Patty Primetimes,2025-W06-06,6,103.06,108.6,Justin Herbert,QB,QB,True,False,False,,22.76,,Justin Herbert,QB,,461.p.32676,32676,LAC,yahoo_fantasy_api
2025,6,,2,api,Ginger FC 🏆🏆,Patty Primetimes,2025-W06-06,6,103.06,108.6,Davante Adams,WR,WR,True,False,False,,5.9,,Davante Adams,WR,,461.p.27581,27581,LAR,yahoo_fantasy_api
2025,6,,3,api,Ginger FC 🏆🏆,Patty Primetimes,2025-W06-06,6,103.06,108.6,Chris Olave,WR,WR,True,False,False,,12.8,,Chris Olave,WR,,461.p.33966,33966,NO,yahoo_fantasy_api
2025,6,,4,api,Ginger FC 🏆🏆,Patty Primetimes,2025-W06-06,6,103.06,108.6,Derrick Henry,RB,RB,True,False,False,,13.5,,Derrick Henry,RB,,461.p.29279,29279,Bal,yahoo_fantasy_api
2025,6,,5,api,Ginger FC 🏆🏆,Patty Primetimes,2025-W06-06,6,103.06,108.6,De'Von Achane,RB,RB,True,False,False,,29.0,,De'Von Achane,RB,,461.p.40118,40118,Mia,yahoo_fantasy_api
2025,6,,6,api,Ginger FC 🏆🏆,Patty Primetimes,2025-W06-06,6,103.06,108.6,Mark Andrews,TE,TE,True,False,False,,4.6,,Mark Andrews,TE,,461.p.31056,31056,Bal,yahoo_fantasy_api
2025,6,,7,api,Ginger FC 🏆🏆,Patty Primetimes,2025-W06-06,6,103.06,108.6,Travis Etienne Jr.,RB,W/R/T,True,False,False,,7.5,,Travis Etienne Jr.,RB,,461.p.33413,33413,NO,yahoo_fantasy_api
2025,6,,8,api,Ginger FC 🏆🏆,Patty Primetimes,2025-W06-06,6,103.06,108.6,Juwan Johnson,TE,BN,False,True,False,,0.5,,Juwan Johnson,TE,,461.p.33113,33113,NO,yahoo_fantasy_api
2025,6,,9,api,Ginger FC 🏆🏆,Patty Primetimes,2025-W06-06,6,103.06,108.6,DeVonta Smith,WR,BN,False,True,False,,6.9,,DeVonta Smith,WR,,461.p.33398,33398,Phi,yahoo_fantasy_api
2025,6,,10,api,Ginger FC 🏆🏆,Patty Primetimes,2025-W06-06,6,103.06,108.6,Michael Pittman Jr.,WR,BN,False,True,False,,3.0,,Michael Pittman Jr.,WR,,461.p.32704,32704,Pit,yahoo_fantasy_api
2025,6,,11,api,Ginger FC 🏆🏆,Patty Primetimes,2025-W06-06,6,103.06,108.6,Trey Benson,RB,BN,False,True,False,,0.0,,Trey Benson,RB,,461.p.40958,40958,Ari,yahoo_fantasy_api
2025,6,,12,api,Ginger FC 🏆🏆,Patty Primetimes,2025-W06-06,6,103.06,108.6,Marvin Mims Jr.,WR,BN,False,True,False,,3.8,,Marvin Mims Jr.,WR,,461.p.40090,40090,Den,yahoo_fantasy_api
2025,6,,13,api,Ginger FC 🏆🏆,Patty Primetimes,2025-W06-06,6,103.06,108.6,Tyreek Hill,WR,IR,False,False,True,,0.0,,Tyreek Hill,WR,,461.p.29399,29399,Mia,yahoo_fantasy_api
2025,6,,14,api,Ginger FC 🏆🏆,Patty Primetimes,2025-W06-06,6,103.06,108.6,Evan McPherson,K,K,True,False,False,,5.0,,Evan McPherson,K,,461.p.33537,33537,Cin,yahoo_fantasy_api
2025,6,,15,api,Ginger FC 🏆🏆,Patty Primetimes,2025-W06-06,6,103.06,108.6,Packers,DEF,DEF,True,False,False,,2.0,,Packers,DEF,,461.p.100009,100009,GB,yahoo_fantasy_api
2025,6,,1,api,Joe Mantegna,Pop Lockett Drop it,2025-W06-03,3,81.36,76.74,Bo Nix,QB,QB,True,False,False,,15.36,,Bo Nix,QB,,461.p.40875,40875,Den,yahoo_fantasy_api
2025,6,,2,api,Joe Mantegna,Pop Lockett Drop it,2025-W06-03,3,81.36,76.74,Ja'Marr Chase,WR,WR,True,False,False,,20.1,,Ja'Marr Chase,WR,,461.p.33393,33393,Cin,yahoo_fantasy_api
2025,6,,3,api,Joe Mantegna,Pop Lockett Drop it,2025-W06-03,3,81.36,76.74,Zay Flowers,WR,WR,True,False,False,,5.6,,Zay Flowers,WR,,461.p.40039,40039,Bal,yahoo_fantasy_api
2025,6,,4,api,Joe Mantegna,Pop Lockett Drop it,2025-W06-03,3,81.36,76.74,Jacory Croskey-Merritt,RB,RB,True,False,False,,5.3,,Jacory Croskey-Merritt,RB,,461.p.42010,42010,Was,yahoo_fantasy_api
2025,6,,5,api,Joe Mantegna,Pop Lockett Drop it,2025-W06-03,3,81.36,76.74,RJ Harvey,RB,RB,True,False,False,,4.5,,RJ Harvey,RB,,461.p.41845,41845,Den,yahoo_fantasy_api
2025,6,,6,api,Joe Mantegna,Pop Lockett Drop it,2025-W06-03,3,81.36,76.74,Tyler Warren,TE,TE,True,False,False,,15.3,,Tyler Warren,TE,,461.p.41799,41799,Ind,yahoo_fantasy_api
2025,6,,7,api,Joe Mantegna,Pop Lockett Drop it,2025-W06-03,3,81.36,76.74,Jauan Jennings,WR,W/R/T,True,False,False,,1.2,,Jauan Jennings,WR,,461.p.32887,32887,Min,yahoo_fantasy_api
2025,6,,8,api,Joe Mantegna,Pop Lockett Drop it,2025-W06-03,3,81.36,76.74,Quentin Johnston,WR,BN,False,True,False,,0.0,,Quentin Johnston,WR,,461.p.40051,40051,LAC,yahoo_fantasy_api
2025,6,,9,api,Joe Mantegna,Pop Lockett Drop it,2025-W06-03,3,81.36,76.74,Tucker Kraft,TE,BN,False,True,False,,11.3,,Tucker Kraft,TE,,461.p.40102,40102,GB,yahoo_fantasy_api
2025,6,,10,api,Joe Mantegna,Pop Lockett Drop it,2025-W06-03,3,81.36,76.74,Cooper Kupp,WR,BN,False,True,False,,11.0,,Cooper Kupp,WR,,461.p.30182,30182,Sea,yahoo_fantasy_api
2025,6,,11,api,Joe Mantegna,Pop Lockett Drop it,2025-W06-03,3,81.36,76.74,Wan'Dale Robinson,WR,BN,False,True,False,,17.4,,Wan'Dale Robinson,WR,,461.p.33998,33998,Ten,yahoo_fantasy_api
2025,6,,12,api,Joe Mantegna,Pop Lockett Drop it,2025-W06-03,3,81.36,76.74,Tyjae Spears,RB,BN,False,True,False,,7.0,,Tyjae Spears,RB,,461.p.40119,40119,Ten,yahoo_fantasy_api
2025,6,,13,api,Joe Mantegna,Pop Lockett Drop it,2025-W06-03,3,81.36,76.74,Omarion Hampton,RB,IR,False,False,True,,0.0,,Omarion Hampton,RB,,461.p.41807,41807,LAC,yahoo_fantasy_api
2025,6,,14,api,Joe Mantegna,Pop Lockett Drop it,2025-W06-03,3,81.36,76.74,Brandon Aubrey,K,K,True,False,False,,9.0,,Brandon Aubrey,K,,461.p.40819,40819,Dal,yahoo_fantasy_api
2025,6,,15,api,Joe Mantegna,Pop Lockett Drop it,2025-W06-03,3,81.36,76.74,Commanders,DEF,DEF,True,False,False,,5.0,,Commanders,DEF,,461.p.100028,100028,Was,yahoo_fantasy_api
2025,6,,1,api,Malle ❤️ 🐸,Uncle Rico,2025-W06-02,2,139.84,101.8,Jayden Daniels,QB,QB,True,False,False,,28.64,,Jayden Daniels,QB,,461.p.40896,40896,Was,yahoo_fantasy_api
2025,6,,2,api,Malle ❤️ 🐸,Uncle Rico,2025-W06-02,2,139.84,101.8,Brian Thomas Jr.,WR,WR,True,False,False,,19.0,,Brian Thomas Jr.,WR,,461.p.40883,40883,Jax,yahoo_fantasy_api
2025,6,,3,api,Malle ❤️ 🐸,Uncle Rico,2025-W06-02,2,139.84,101.8,Drake London,WR,WR,True,False,False,,26.8,,Drake London,WR,,461.p.33963,33963,Atl,yahoo_fantasy_api
2025,6,,4,api,Malle ❤️ 🐸,Uncle Rico,2025-W06-02,2,139.84,101.8,Isiah Pacheco,RB,RB,True,False,False,,5.6,,Isiah Pacheco,RB,,461.p.34207,34207,Det,yahoo_fantasy_api
2025,6,,5,api,Malle ❤️ 🐸,Uncle Rico,2025-W06-02,2,139.84,101.8,D'Andre Swift,RB,RB,True,False,False,,24.5,,D'Andre Swift,RB,,461.p.32705,32705,Chi,yahoo_fantasy_api
2025,6,,6,api,Malle ❤️ 🐸,Uncle Rico,2025-W06-02,2,139.84,101.8,Dallas Goedert,TE,TE,True,False,False,,21.5,,Dallas Goedert,TE,,461.p.31019,31019,Phi,yahoo_fantasy_api
2025,6,,7,api,Malle ❤️ 🐸,Uncle Rico,2025-W06-02,2,139.84,101.8,Rashid Shaheed,WR,W/R/T,True,False,False,,4.8,,Rashid Shaheed,WR,,461.p.34659,34659,Sea,yahoo_fantasy_api
2025,6,,8,api,Malle ❤️ 🐸,Uncle Rico,2025-W06-02,2,139.84,101.8,Chris Rodriguez Jr.,RB,BN,False,True,False,,0.0,,Chris Rodriguez Jr.,RB,,461.p.40231,40231,Jax,yahoo_fantasy_api
2025,6,,9,api,Malle ❤️ 🐸,Uncle Rico,2025-W06-02,2,139.84,101.8,Jordan Addison,WR,BN,False,True,False,,0.0,,Jordan Addison,WR,,461.p.40042,40042,Min,yahoo_fantasy_api
2025,6,,10,api,Malle ❤️ 🐸,Uncle Rico,2025-W06-02,2,139.84,101.8,Dalton Schultz,TE,BN,False,True,False,,0.0,,Dalton Schultz,TE,,461.p.31107,31107,Hou,yahoo_fantasy_api
2025,6,,11,api,Malle ❤️ 🐸,Uncle Rico,2025-W06-02,2,139.84,101.8,Marcus Mariota,QB,BN,False,True,False,,0.0,,Marcus Mariota,QB,,461.p.28390,28390,Was,yahoo_fantasy_api
2025,6,,12,api,Malle ❤️ 🐸,Uncle Rico,2025-W06-02,2,139.84,101.8,George Kittle,TE,BN,False,True,False,,0.0,,George Kittle,TE,,461.p.30259,30259,SF,yahoo_fantasy_api
2025,6,,13,api,Malle ❤️ 🐸,Uncle Rico,2025-W06-02,2,139.84,101.8,Khalil Shakir,WR,BN,False,True,False,,4.8,,Khalil Shakir,WR,,461.p.34104,34104,Buf,yahoo_fantasy_api
2025,6,,14,api,Malle ❤️ 🐸,Uncle Rico,2025-W06-02,2,139.84,101.8,Matt Gay,K,K,True,False,False,,8.0,,Matt Gay,K,,461.p.31977,31977,LV,yahoo_fantasy_api
2025,6,,15,api,Malle ❤️ 🐸,Uncle Rico,2025-W06-02,2,139.84,101.8,Eagles,DEF,DEF,True,False,False,,1.0,,Eagles,DEF,,461.p.100021,100021,Phi,yahoo_fantasy_api
2025,6,,1,api,Patty Primetimes,Ginger FC 🏆🏆,2025-W06-06,6,108.6,103.06,Josh Allen,QB,QB,True,False,False,,21.4,,Josh Allen,QB,,461.p.30977,30977,Buf,yahoo_fantasy_api
2025,6,,2,api,Patty Primetimes,Ginger FC 🏆🏆,2025-W06-06,6,108.6,103.06,Ladd McConkey,WR,WR,True,False,False,,19.5,,Ladd McConkey,WR,,461.p.40908,40908,LAC,yahoo_fantasy_api
2025,6,,3,api,Patty Primetimes,Ginger FC 🏆🏆,2025-W06-06,6,108.6,103.06,DK Metcalf,WR,WR,True,False,False,,17.5,,DK Metcalf,WR,,461.p.31896,31896,Pit,yahoo_fantasy_api
2025,6,,4,api,Patty Primetimes,Ginger FC 🏆🏆,2025-W06-06,6,108.6,103.06,Saquon Barkley,RB,RB,True,False,False,,7.7,,Saquon Barkley,RB,,461.p.30972,30972,Phi,yahoo_fantasy_api
2025,6,,5,api,Patty Primetimes,Ginger FC 🏆🏆,2025-W06-06,6,108.6,103.06,James Cook III,RB,RB,True,False,False,,8.7,,James Cook III,RB,,461.p.34019,34019,Buf,yahoo_fantasy_api
2025,6,,6,api,Patty Primetimes,Ginger FC 🏆🏆,2025-W06-06,6,108.6,103.06,Travis Kelce,TE,TE,True,False,False,,10.8,,Travis Kelce,TE,,461.p.26686,26686,KC,yahoo_fantasy_api
2025,6,,7,api,Patty Primetimes,Ginger FC 🏆🏆,2025-W06-06,6,108.6,103.06,J.K. Dobbins,RB,W/R/T,True,False,False,,4.0,,J.K. Dobbins,RB,,461.p.32725,32725,Den,yahoo_fantasy_api
2025,6,,8,api,Patty Primetimes,Ginger FC 🏆🏆,2025-W06-06,6,108.6,103.06,Courtland Sutton,WR,BN,False,True,False,,2.2,,Courtland Sutton,WR,,461.p.31010,31010,Den,yahoo_fantasy_api
2025,6,,9,api,Patty Primetimes,Ginger FC 🏆🏆,2025-W06-06,6,108.6,103.06,Keon Coleman,WR,BN,False,True,False,,2.6,,Keon Coleman,WR,,461.p.40911,40911,Buf,yahoo_fantasy_api
2025,6,,10,api,Patty Primetimes,Ginger FC 🏆🏆,2025-W06-06,6,108.6,103.06,Tank Bigsby,RB,BN,False,True,False,,0.0,,Tank Bigsby,RB,,461.p.40095,40095,Phi,yahoo_fantasy_api
2025,6,,11,api,Patty Primetimes,Ginger FC 🏆🏆,2025-W06-06,6,108.6,103.06,Caleb Williams,QB,BN,False,True,False,,21.88,,Caleb Williams,QB,,461.p.40900,40900,Chi,yahoo_fantasy_api
2025,6,,12,api,Patty Primetimes,Ginger FC 🏆🏆,2025-W06-06,6,108.6,103.06,Hassan Haskins,RB,BN,False,True,False,,2.8,,Hassan Haskins,RB,,461.p.34087,34087,NE,yahoo_fantasy_api
2025,6,,13,api,Patty Primetimes,Ginger FC 🏆🏆,2025-W06-06,6,108.6,103.06,Cameron Dicker,K,K,True,False,False,,17.0,,Cameron Dicker,K,,461.p.34344,34344,LAC,yahoo_fantasy_api
2025,6,,14,api,Patty Primetimes,Ginger FC 🏆🏆,2025-W06-06,6,108.6,103.06,Cowboys,DEF,DEF,True,False,False,,2.0,,Cowboys,DEF,,461.p.100006,100006,Dal,yahoo_fantasy_api
2025,6,,15,api,Patty Primetimes,Ginger FC 🏆🏆,2025-W06-06,6,108.6,103.06,Texans,DEF,BN,False,True,False,,0.0,,Texans,DEF,,461.p.100034,100034,Hou,yahoo_fantasy_api
2025,6,,1,api,Pop Lockett Drop it,Joe Mantegna,2025-W06-03,3,76.74,81.36,Matthew Stafford,QB,QB,True,False,False,,11.34,,Matthew Stafford,QB,,461.p.9265,9265,LAR,yahoo_fantasy_api
2025,6,,2,api,Pop Lockett Drop it,Joe Mantegna,2025-W06-03,3,76.74,81.36,Rome Odunze,WR,WR,True,False,False,,4.2,,Rome Odunze,WR,,461.p.40901,40901,Chi,yahoo_fantasy_api
2025,6,,3,api,Pop Lockett Drop it,Joe Mantegna,2025-W06-03,3,76.74,81.36,Elic Ayomanor,WR,WR,True,False,False,,4.2,,Elic Ayomanor,WR,,461.p.41904,41904,Ten,yahoo_fantasy_api
2025,6,,4,api,Pop Lockett Drop it,Joe Mantegna,2025-W06-03,3,76.74,81.36,Javonte Williams,RB,RB,True,False,False,,5.9,,Javonte Williams,RB,,461.p.33423,33423,Dal,yahoo_fantasy_api
2025,6,,5,api,Pop Lockett Drop it,Joe Mantegna,2025-W06-03,3,76.74,81.36,Kenneth Walker III,RB,RB,True,False,False,,4.2,,Kenneth Walker III,RB,,461.p.33996,33996,KC,yahoo_fantasy_api
2025,6,,6,api,Pop Lockett Drop it,Joe Mantegna,2025-W06-03,3,76.74,81.36,Trey McBride,TE,TE,True,False,False,,17.2,,Trey McBride,TE,,461.p.34010,34010,Ari,yahoo_fantasy_api
2025,6,,7,api,Pop Lockett Drop it,Joe Mantegna,2025-W06-03,3,76.74,81.36,Tee Higgins,WR,W/R/T,True,False,False,,8.7,,Tee Higgins,WR,,461.p.32703,32703,Cin,yahoo_fantasy_api
2025,6,,8,api,Pop Lockett Drop it,Joe Mantegna,2025-W06-03,3,76.74,81.36,Troy Franklin,WR,BN,False,True,False,,1.6,,Troy Franklin,WR,,461.p.41009,41009,Den,yahoo_fantasy_api
2025,6,,9,api,Pop Lockett Drop it,Joe Mantegna,2025-W06-03,3,76.74,81.36,CeeDee Lamb,WR,BN,False,True,False,,0.0,,CeeDee Lamb,WR,,461.p.32687,32687,Dal,yahoo_fantasy_api
2025,6,,10,api,Pop Lockett Drop it,Joe Mantegna,2025-W06-03,3,76.74,81.36,Kareem Hunt,RB,BN,False,True,False,,3.9,,Kareem Hunt,RB,,461.p.30199,30199,KC,yahoo_fantasy_api
2025,6,,11,api,Pop Lockett Drop it,Joe Mantegna,2025-W06-03,3,76.74,81.36,Jordan Mason,RB,BN,False,True,False,,0.0,,Jordan Mason,RB,,461.p.34320,34320,Min,yahoo_fantasy_api
2025,6,,12,api,Pop Lockett Drop it,Joe Mantegna,2025-W06-03,3,76.74,81.36,Malik Washington,WR,BN,False,True,False,,4.3,,Malik Washington,WR,,461.p.41058,41058,Mia,yahoo_fantasy_api
2025,6,,13,api,Pop Lockett Drop it,Joe Mantegna,2025-W06-03,3,76.74,81.36,Lamar Jackson,QB,BN,False,True,False,,0.0,,Lamar Jackson,QB,,461.p.31002,31002,Bal,yahoo_fantasy_api
2025,6,,14,api,Pop Lockett Drop it,Joe Mantegna,2025-W06-03,3,76.74,81.36,Jake Bates,K,K,True,False,False,,5.0,,Jake Bates,K,,461.p.40835,40835,Det,yahoo_fantasy_api
2025,6,,15,api,Pop Lockett Drop it,Joe Mantegna,2025-W06-03,3,76.74,81.36,Raiders,DEF,DEF,True,False,False,,16.0,,Raiders,DEF,,461.p.100013,100013,LV,yahoo_fantasy_api
2025,6,,1,api,Post Mahomes,malle_dips_pouches,2025-W06-05,5,132.68,92.82,Patrick Mahomes,QB,QB,True,False,False,,37.48,,Patrick Mahomes,QB,,461.p.30123,30123,KC,yahoo_fantasy_api
2025,6,,2,api,Post Mahomes,malle_dips_pouches,2025-W06-05,5,132.68,92.82,Garrett Wilson,WR,WR,True,False,False,,2.8,,Garrett Wilson,WR,,461.p.33965,33965,NYJ,yahoo_fantasy_api
2025,6,,3,api,Post Mahomes,malle_dips_pouches,2025-W06-05,5,132.68,92.82,Tetairoa McMillan,WR,WR,True,False,False,,16.4,,Tetairoa McMillan,WR,,461.p.41793,41793,Car,yahoo_fantasy_api
2025,6,,4,api,Post Mahomes,malle_dips_pouches,2025-W06-05,5,132.68,92.82,Jahmyr Gibbs,RB,RB,True,False,False,,7.0,,Jahmyr Gibbs,RB,,461.p.40059,40059,Det,yahoo_fantasy_api
2025,6,,5,api,Post Mahomes,malle_dips_pouches,2025-W06-05,5,132.68,92.82,Kyren Williams,RB,RB,True,False,False,,15.7,,Kyren Williams,RB,,461.p.34120,34120,LAR,yahoo_fantasy_api
2025,6,,6,api,Post Mahomes,malle_dips_pouches,2025-W06-05,5,132.68,92.82,David Njoku,TE,TE,True,False,False,,4.3,,David Njoku,TE,,461.p.30142,30142,LAC,yahoo_fantasy_api
2025,6,,7,api,Post Mahomes,malle_dips_pouches,2025-W06-05,5,132.68,92.82,Cam Skattebo,RB,W/R/T,True,False,False,,30.0,,Cam Skattebo,RB,,461.p.41922,41922,NYG,yahoo_fantasy_api
2025,6,,8,api,Post Mahomes,malle_dips_pouches,2025-W06-05,5,132.68,92.82,Brock Bowers,TE,BN,False,True,False,,0.0,,Brock Bowers,TE,,461.p.40878,40878,LV,yahoo_fantasy_api
2025,6,,9,api,Post Mahomes,malle_dips_pouches,2025-W06-05,5,132.68,92.82,Ricky Pearsall,WR,BN,False,True,False,,0.0,,Ricky Pearsall,WR,,461.p.40892,40892,SF,yahoo_fantasy_api
2025,6,,10,api,Post Mahomes,malle_dips_pouches,2025-W06-05,5,132.68,92.82,Chris Godwin Jr.,WR,BN,False,True,False,,0.0,,Chris Godwin Jr.,WR,,461.p.30197,30197,TB,yahoo_fantasy_api
2025,6,,11,api,Post Mahomes,malle_dips_pouches,2025-W06-05,5,132.68,92.82,Romeo Doubs,WR,BN,False,True,False,,8.0,,Romeo Doubs,WR,,461.p.34088,34088,NE,yahoo_fantasy_api
2025,6,,12,api,Post Mahomes,malle_dips_pouches,2025-W06-05,5,132.68,92.82,Woody Marks,RB,BN,False,True,False,,0.0,,Woody Marks,RB,,461.p.41902,41902,Hou,yahoo_fantasy_api
2025,6,,13,api,Post Mahomes,malle_dips_pouches,2025-W06-05,5,132.68,92.82,Kimani Vidal,RB,BN,False,True,False,,21.3,,Kimani Vidal,RB,,461.p.41052,41052,LAC,yahoo_fantasy_api
2025,6,,14,api,Post Mahomes,malle_dips_pouches,2025-W06-05,5,132.68,92.82,Joe Mixon,RB,IR,False,False,True,,0.0,,Joe Mixon,RB,,461.p.30161,30161,Hou,yahoo_fantasy_api
2025,6,,15,api,Post Mahomes,malle_dips_pouches,2025-W06-05,5,132.68,92.82,Harrison Butker,K,K,True,False,False,,6.0,,Harrison Butker,K,,461.p.30346,30346,KC,yahoo_fantasy_api
2025,6,,16,api,Post Mahomes,malle_dips_pouches,2025-W06-05,5,132.68,92.82,Broncos,DEF,DEF,True,False,False,,13.0,,Broncos,DEF,,461.p.100007,100007,Den,yahoo_fantasy_api
2025,6,,1,api,The Big Gronkowski,Voldemort,2025-W06-01,1,99.84,72.0,Dak Prescott,QB,QB,True,False,False,,28.34,,Dak Prescott,QB,,461.p.29369,29369,Dal,yahoo_fantasy_api
2025,6,,2,api,The Big Gronkowski,Voldemort,2025-W06-01,1,99.84,72.0,A.J. Brown,WR,WR,True,False,False,,11.0,,A.J. Brown,WR,,461.p.31883,31883,NE,yahoo_fantasy_api
2025,6,,3,api,The Big Gronkowski,Voldemort,2025-W06-01,1,99.84,72.0,Jameson Williams,WR,WR,True,False,False,,15.6,,Jameson Williams,WR,,461.p.33967,33967,Det,yahoo_fantasy_api
2025,6,,4,api,The Big Gronkowski,Voldemort,2025-W06-01,1,99.84,72.0,TreVeyon Henderson,RB,RB,True,False,False,,4.1,,TreVeyon Henderson,RB,,461.p.41823,41823,NE,yahoo_fantasy_api
2025,6,,5,api,The Big Gronkowski,Voldemort,2025-W06-01,1,99.84,72.0,Emari Demercado,RB,RB,True,False,False,,0.1,,Emari Demercado,RB,,461.p.40430,40430,Dal,yahoo_fantasy_api
2025,6,,6,api,The Big Gronkowski,Voldemort,2025-W06-01,1,99.84,72.0,Hunter Henry,TE,TE,True,False,False,,4.2,,Hunter Henry,TE,,461.p.29269,29269,NE,yahoo_fantasy_api
2025,6,,7,api,The Big Gronkowski,Voldemort,2025-W06-01,1,99.84,72.0,Hollywood Brown,WR,W/R/T,True,False,False,,18.5,,Hollywood Brown,WR,,461.p.31857,31857,Phi,yahoo_fantasy_api
2025,6,,8,api,The Big Gronkowski,Voldemort,2025-W06-01,1,99.84,72.0,Chuba Hubbard,RB,BN,False,True,False,,0.0,,Chuba Hubbard,RB,,461.p.33514,33514,Car,yahoo_fantasy_api
2025,6,,9,api,The Big Gronkowski,Voldemort,2025-W06-01,1,99.84,72.0,Nico Collins,WR,BN,False,True,False,,0.0,,Nico Collins,WR,,461.p.33477,33477,Hou,yahoo_fantasy_api
2025,6,,10,api,The Big Gronkowski,Voldemort,2025-W06-01,1,99.84,72.0,Drake Maye,QB,BN,False,True,False,,33.24,,Drake Maye,QB,,461.p.40881,40881,NE,yahoo_fantasy_api
2025,6,,11,api,The Big Gronkowski,Voldemort,2025-W06-01,1,99.84,72.0,T.J. Hockenson,TE,BN,False,True,False,,0.0,,T.J. Hockenson,TE,,461.p.31840,31840,Min,yahoo_fantasy_api
2025,6,,12,api,The Big Gronkowski,Voldemort,2025-W06-01,1,99.84,72.0,Dylan Sampson,RB,BN,False,True,False,,3.4,,Dylan Sampson,RB,,461.p.41907,41907,Cle,yahoo_fantasy_api
2025,6,,13,api,The Big Gronkowski,Voldemort,2025-W06-01,1,99.84,72.0,Daniel Carlson,K,K,True,False,False,,10.0,,Daniel Carlson,K,,461.p.31137,31137,NO,yahoo_fantasy_api
2025,6,,14,api,The Big Gronkowski,Voldemort,2025-W06-01,1,99.84,72.0,Ka'imi Fairbairn,K,BN,False,True,False,,0.0,,Ka'imi Fairbairn,K,,461.p.29792,29792,Hou,yahoo_fantasy_api
2025,6,,15,api,The Big Gronkowski,Voldemort,2025-W06-01,1,99.84,72.0,Chargers,DEF,DEF,True,False,False,,8.0,,Chargers,DEF,,461.p.100024,100024,LAC,yahoo_fantasy_api
2025,6,,1,api,ThreatLevelMidnight,Buttermilk Puuump,2025-W06-04,4,133.54,102.42,Baker Mayfield,QB,QB,True,False,False,,23.64,,Baker Mayfield,QB,,461.p.30971,30971,TB,yahoo_fantasy_api
2025,6,,2,api,ThreatLevelMidnight,Buttermilk Puuump,2025-W06-04,4,133.54,102.42,Marvin Harrison Jr.,WR,WR,True,False,False,,4.2,,Marvin Harrison Jr.,WR,,461.p.40893,40893,Ari,yahoo_fantasy_api
2025,6,,3,api,ThreatLevelMidnight,Buttermilk Puuump,2025-W06-04,4,133.54,102.42,Xavier Worthy,WR,WR,True,False,False,,9.6,,Xavier Worthy,WR,,461.p.40877,40877,KC,yahoo_fantasy_api
2025,6,,4,api,ThreatLevelMidnight,Buttermilk Puuump,2025-W06-04,4,133.54,102.42,Quinshon Judkins,RB,RB,True,False,False,,3.6,,Quinshon Judkins,RB,,461.p.41821,41821,Cle,yahoo_fantasy_api
2025,6,,5,api,ThreatLevelMidnight,Buttermilk Puuump,2025-W06-04,4,133.54,102.42,Rico Dowdle,RB,RB,True,False,False,,31.9,,Rico Dowdle,RB,,461.p.33100,33100,Pit,yahoo_fantasy_api
2025,6,,6,api,ThreatLevelMidnight,Buttermilk Puuump,2025-W06-04,4,133.54,102.42,Jake Ferguson,TE,TE,True,False,False,,10.8,,Jake Ferguson,TE,,461.p.34085,34085,Dal,yahoo_fantasy_api
2025,6,,7,api,ThreatLevelMidnight,Buttermilk Puuump,2025-W06-04,4,133.54,102.42,Bijan Robinson,RB,W/R/T,True,False,False,,32.8,,Bijan Robinson,RB,,461.p.40055,40055,Atl,yahoo_fantasy_api
2025,6,,8,api,ThreatLevelMidnight,Buttermilk Puuump,2025-W06-04,4,133.54,102.42,Tony Pollard,RB,BN,False,True,False,,5.7,,Tony Pollard,RB,,461.p.31960,31960,Ten,yahoo_fantasy_api
2025,6,,9,api,ThreatLevelMidnight,Buttermilk Puuump,2025-W06-04,4,133.54,102.42,DJ Moore,WR,BN,False,True,False,,6.7,,DJ Moore,WR,,461.p.30994,30994,Buf,yahoo_fantasy_api
2025,6,,10,api,ThreatLevelMidnight,Buttermilk Puuump,2025-W06-04,4,133.54,102.42,Rhamondre Stevenson,RB,BN,False,True,False,,1.8,,Rhamondre Stevenson,RB,,461.p.33508,33508,NE,yahoo_fantasy_api
2025,6,,11,api,ThreatLevelMidnight,Buttermilk Puuump,2025-W06-04,4,133.54,102.42,Rashee Rice,WR,BN,False,True,False,,0.0,,Rashee Rice,WR,,461.p.40084,40084,KC,yahoo_fantasy_api
2025,6,,12,api,ThreatLevelMidnight,Buttermilk Puuump,2025-W06-04,4,133.54,102.42,Tyler Allgeier,RB,BN,False,True,False,,10.3,,Tyler Allgeier,RB,,461.p.34107,34107,Ari,yahoo_fantasy_api
2025,6,,13,api,ThreatLevelMidnight,Buttermilk Puuump,2025-W06-04,4,133.54,102.42,Kendre Miller,RB,BN,False,True,False,,3.7,,Kendre Miller,RB,,461.p.40108,40108,NO,yahoo_fantasy_api
2025,6,,14,api,ThreatLevelMidnight,Buttermilk Puuump,2025-W06-04,4,133.54,102.42,Chase McLaughlin,K,K,True,False,False,,7.0,,Chase McLaughlin,K,,461.p.32417,32417,TB,yahoo_fantasy_api
2025,6,,15,api,ThreatLevelMidnight,Buttermilk Puuump,2025-W06-04,4,133.54,102.42,Steelers,DEF,DEF,True,False,False,,10.0,,Steelers,DEF,,461.p.100023,100023,Pit,yahoo_fantasy_api
2025,6,,1,api,Uncle Rico,Malle ❤️ 🐸,2025-W06-02,2,101.8,139.84,Daniel Jones,QB,QB,True,False,False,,27.48,,Daniel Jones,QB,,461.p.31838,31838,Ind,yahoo_fantasy_api
2025,6,,2,api,Uncle Rico,Malle ❤️ 🐸,2025-W06-02,2,101.8,139.84,Jaylen Waddle,WR,WR,True,False,False,,12.82,,Jaylen Waddle,WR,,461.p.33394,33394,Den,yahoo_fantasy_api
2025,6,,3,api,Uncle Rico,Malle ❤️ 🐸,2025-W06-02,2,101.8,139.84,Emeka Egbuka,WR,WR,True,False,False,,3.4,,Emeka Egbuka,WR,,461.p.41804,41804,TB,yahoo_fantasy_api
2025,6,,4,api,Uncle Rico,Malle ❤️ 🐸,2025-W06-02,2,101.8,139.84,Christian McCaffrey,RB,RB,True,False,False,,20.6,,Christian McCaffrey,RB,,461.p.30121,30121,SF,yahoo_fantasy_api
2025,6,,5,api,Uncle Rico,Malle ❤️ 🐸,2025-W06-02,2,101.8,139.84,Jonathan Taylor,RB,RB,True,False,False,,21.7,,Jonathan Taylor,RB,,461.p.32711,32711,Ind,yahoo_fantasy_api
2025,6,,6,api,Uncle Rico,Malle ❤️ 🐸,2025-W06-02,2,101.8,139.84,Dalton Kincaid,TE,TE,True,False,False,,0.0,,Dalton Kincaid,TE,,461.p.40048,40048,Buf,yahoo_fantasy_api
2025,6,,7,api,Uncle Rico,Malle ❤️ 🐸,2025-W06-02,2,101.8,139.84,Jerry Jeudy,WR,W/R/T,True,False,False,,6.8,,Jerry Jeudy,WR,,461.p.32685,32685,Cle,yahoo_fantasy_api
2025,6,,8,api,Uncle Rico,Malle ❤️ 🐸,2025-W06-02,2,101.8,139.84,Terry McLaurin,WR,BN,False,True,False,,0.0,,Terry McLaurin,WR,,461.p.31908,31908,Was,yahoo_fantasy_api
2025,6,,9,api,Uncle Rico,Malle ❤️ 🐸,2025-W06-02,2,101.8,139.84,Matthew Golden,WR,BN,False,True,False,,11.7,,Matthew Golden,WR,,461.p.41808,41808,GB,yahoo_fantasy_api
2025,6,,10,api,Uncle Rico,Malle ❤️ 🐸,2025-W06-02,2,101.8,139.84,Bhayshul Tuten,RB,BN,False,True,False,,3.8,,Bhayshul Tuten,RB,,461.p.41900,41900,Jax,yahoo_fantasy_api
2025,6,,11,api,Uncle Rico,Malle ❤️ 🐸,2025-W06-02,2,101.8,139.84,Zach Charbonnet,RB,BN,False,True,False,,4.2,,Zach Charbonnet,RB,,461.p.40075,40075,Sea,yahoo_fantasy_api
2025,6,,12,api,Uncle Rico,Malle ❤️ 🐸,2025-W06-02,2,101.8,139.84,Joshua Palmer,WR,BN,False,True,False,,7.0,,Joshua Palmer,WR,,461.p.33465,33465,Buf,yahoo_fantasy_api
2025,6,,13,api,Uncle Rico,Malle ❤️ 🐸,2025-W06-02,2,101.8,139.84,Tre Tucker,WR,BN,False,True,False,,9.5,,Tre Tucker,WR,,461.p.40114,40114,LV,yahoo_fantasy_api
2025,6,,14,api,Uncle Rico,Malle ❤️ 🐸,2025-W06-02,2,101.8,139.84,Joe Burrow,QB,IR,False,False,True,,0.0,,Joe Burrow,QB,,461.p.32671,32671,Cin,yahoo_fantasy_api
2025,6,,15,api,Uncle Rico,Malle ❤️ 🐸,2025-W06-02,2,101.8,139.84,Wil Lutz,K,K,True,False,False,,9.0,,Wil Lutz,K,,461.p.29754,29754,Den,yahoo_fantasy_api
2025,6,,16,api,Uncle Rico,Malle ❤️ 🐸,2025-W06-02,2,101.8,139.84,Browns,DEF,DEF,True,False,False,,0.0,,Browns,DEF,,461.p.100005,100005,Cle,yahoo_fantasy_api
2025,6,,1,api,Voldemort,The Big Gronkowski,2025-W06-01,1,72.0,99.84,Justin Fields,QB,QB,True,False,False,,4.9,,Justin Fields,QB,,461.p.33399,33399,KC,yahoo_fantasy_api
2025,6,,2,api,Voldemort,The Big Gronkowski,2025-W06-01,1,72.0,99.84,Puka Nacua,WR,WR,True,False,False,,3.8,,Puka Nacua,WR,,461.p.40168,40168,LAR,yahoo_fantasy_api
2025,6,,3,api,Voldemort,The Big Gronkowski,2025-W06-01,1,72.0,99.84,Keenan Allen,WR,WR,True,False,False,,4.7,,Keenan Allen,WR,,461.p.26699,26699,Ind,yahoo_fantasy_api
2025,6,,4,api,Voldemort,The Big Gronkowski,2025-W06-01,1,72.0,99.84,Chase Brown,RB,RB,True,False,False,,7.9,,Chase Brown,RB,,461.p.40196,40196,Cin,yahoo_fantasy_api
2025,6,,5,api,Voldemort,The Big Gronkowski,2025-W06-01,1,72.0,99.84,Jaylen Warren,RB,RB,True,False,False,,7.3,,Jaylen Warren,RB,,461.p.34447,34447,Pit,yahoo_fantasy_api
2025,6,,6,api,Voldemort,The Big Gronkowski,2025-W06-01,1,72.0,99.84,Darren Waller,TE,TE,True,False,False,,8.2,,Darren Waller,TE,,461.p.28592,28592,Car,yahoo_fantasy_api
2025,6,,7,api,Voldemort,The Big Gronkowski,2025-W06-01,1,72.0,99.84,Jaxon Smith-Njigba,WR,W/R/T,True,False,False,,26.2,,Jaxon Smith-Njigba,WR,,461.p.40041,40041,Sea,yahoo_fantasy_api
2025,6,,8,api,Voldemort,The Big Gronkowski,2025-W06-01,1,72.0,99.84,Alvin Kamara,RB,BN,False,True,False,,10.1,,Alvin Kamara,RB,,461.p.30180,30180,NO,yahoo_fantasy_api
2025,6,,9,api,Voldemort,The Big Gronkowski,2025-W06-01,1,72.0,99.84,Justin Jefferson,WR,BN,False,True,False,,0.0,,Justin Jefferson,WR,,461.p.32692,32692,Min,yahoo_fantasy_api
2025,6,,10,api,Voldemort,The Big Gronkowski,2025-W06-01,1,72.0,99.84,Kyler Murray,QB,BN,False,True,False,,0.0,,Kyler Murray,QB,,461.p.31833,31833,Min,yahoo_fantasy_api
2025,6,,11,api,Voldemort,The Big Gronkowski,2025-W06-01,1,72.0,99.84,David Montgomery,RB,BN,False,True,False,,7.1,,David Montgomery,RB,,461.p.31905,31905,Hou,yahoo_fantasy_api
2025,6,,12,api,Voldemort,The Big Gronkowski,2025-W06-01,1,72.0,99.84,Kenny Gainwell,RB,BN,False,True,False,,6.6,,Kenny Gainwell,RB,,461.p.33538,33538,TB,yahoo_fantasy_api
2025,6,,13,api,Voldemort,The Big Gronkowski,2025-W06-01,1,72.0,99.84,Michael Carter,RB,BN,False,True,False,,7.4,,Michael Carter,RB,,461.p.33495,33495,Ten,yahoo_fantasy_api
2025,6,,14,api,Voldemort,The Big Gronkowski,2025-W06-01,1,72.0,99.84,Joshua Karty,K,K,True,False,False,,5.0,,Joshua Karty,K,,461.p.41081,41081,Ari,yahoo_fantasy_api
2025,6,,15,api,Voldemort,The Big Gronkowski,2025-W06-01,1,72.0,99.84,Colts,DEF,DEF,True,False,False,,4.0,,Colts,DEF,,461.p.100011,100011,Ind,yahoo_fantasy_api
2025,6,,1,api,malle_dips_pouches,Post Mahomes,2025-W06-05,5,92.82,132.68,Jalen Hurts,QB,QB,True,False,False,,23.62,,Jalen Hurts,QB,,461.p.32723,32723,Phi,yahoo_fantasy_api
2025,6,,2,api,malle_dips_pouches,Post Mahomes,2025-W06-05,5,92.82,132.68,Calvin Ridley,WR,WR,True,False,False,,2.3,,Calvin Ridley,WR,,461.p.30996,30996,Ten,yahoo_fantasy_api
2025,6,,3,api,malle_dips_pouches,Post Mahomes,2025-W06-05,5,92.82,132.68,Jakobi Meyers,WR,WR,True,False,False,,5.9,,Jakobi Meyers,WR,,461.p.32231,32231,Jax,yahoo_fantasy_api
2025,6,,4,api,malle_dips_pouches,Post Mahomes,2025-W06-05,5,92.82,132.68,Ashton Jeanty,RB,RB,True,False,False,,15.6,,Ashton Jeanty,RB,,461.p.41791,41791,LV,yahoo_fantasy_api
2025,6,,5,api,malle_dips_pouches,Post Mahomes,2025-W06-05,5,92.82,132.68,Rachaad White,RB,RB,True,False,False,,16.1,,Rachaad White,RB,,461.p.34047,34047,Was,yahoo_fantasy_api
2025,6,,6,api,malle_dips_pouches,Post Mahomes,2025-W06-05,5,92.82,132.68,Sam LaPorta,TE,TE,True,False,False,,14.0,,Sam LaPorta,TE,,461.p.40064,40064,Det,yahoo_fantasy_api
2025,6,,7,api,malle_dips_pouches,Post Mahomes,2025-W06-05,5,92.82,132.68,Stefon Diggs,WR,W/R/T,True,False,False,,4.3,,Stefon Diggs,WR,,461.p.28534,28534,Was,yahoo_fantasy_api
2025,6,,8,api,malle_dips_pouches,Post Mahomes,2025-W06-05,5,92.82,132.68,Bucky Irving,RB,BN,False,True,False,,0.0,,Bucky Irving,RB,,461.p.40993,40993,TB,yahoo_fantasy_api
2025,6,,9,api,malle_dips_pouches,Post Mahomes,2025-W06-05,5,92.82,132.68,Mike Evans,WR,BN,False,True,False,,0.0,,Mike Evans,WR,,461.p.27535,27535,SF,yahoo_fantasy_api
2025,6,,10,api,malle_dips_pouches,Post Mahomes,2025-W06-05,5,92.82,132.68,Tyrone Tracy Jr.,RB,BN,False,True,False,,0.6,,Tyrone Tracy Jr.,RB,,461.p.41048,41048,NYG,yahoo_fantasy_api
2025,6,,11,api,malle_dips_pouches,Post Mahomes,2025-W06-05,5,92.82,132.68,Josh Downs,WR,BN,False,True,False,,13.2,,Josh Downs,WR,,461.p.40126,40126,Ind,yahoo_fantasy_api
2025,6,,12,api,malle_dips_pouches,Post Mahomes,2025-W06-05,5,92.82,132.68,Christian Kirk,WR,BN,False,True,False,,0.0,,Christian Kirk,WR,,461.p.31017,31017,SF,yahoo_fantasy_api
2025,6,,13,api,malle_dips_pouches,Post Mahomes,2025-W06-05,5,92.82,132.68,Zach Ertz,TE,BN,False,True,False,,13.3,,Zach Ertz,TE,,461.p.26658,26658,Phi,yahoo_fantasy_api
2025,6,,14,api,malle_dips_pouches,Post Mahomes,2025-W06-05,5,92.82,132.68,Jake Elliott,K,K,True,False,False,,6.0,,Jake Elliott,K,,461.p.30266,30266,Phi,yahoo_fantasy_api
2025,6,,15,api,malle_dips_pouches,Post Mahomes,2025-W06-05,5,92.82,132.68,Ravens,DEF,DEF,True,False,False,,5.0,,Ravens,DEF,,461.p.100033,100033,Bal,yahoo_fantasy_api
2025,7,,1,api,Buttermilk Puuump,Joe Mantegna,2025-W07-04,4,111.44,151.86,Jared Goff,QB,QB,True,False,False,,13.34,,Jared Goff,QB,,461.p.29235,29235,Det,yahoo_fantasy_api
2025,7,,2,api,Buttermilk Puuump,Joe Mantegna,2025-W07-04,4,111.44,151.86,Amon-Ra St. Brown,WR,WR,True,False,False,,17.6,,Amon-Ra St. Brown,WR,,461.p.33500,33500,Det,yahoo_fantasy_api
2025,7,,3,api,Buttermilk Puuump,Joe Mantegna,2025-W07-04,4,111.44,151.86,George Pickens,WR,WR,True,False,False,,10.2,,George Pickens,WR,,461.p.34007,34007,Dal,yahoo_fantasy_api
2025,7,,4,api,Buttermilk Puuump,Joe Mantegna,2025-W07-04,4,111.44,151.86,Breece Hall,RB,RB,True,False,False,,6.2,,Breece Hall,RB,,461.p.33991,33991,NYJ,yahoo_fantasy_api
2025,7,,5,api,Buttermilk Puuump,Joe Mantegna,2025-W07-04,4,111.44,151.86,Josh Jacobs,RB,RB,True,False,False,,18.3,,Josh Jacobs,RB,,461.p.31856,31856,GB,yahoo_fantasy_api
2025,7,,6,api,Buttermilk Puuump,Joe Mantegna,2025-W07-04,4,111.44,151.86,Kyle Pitts Sr.,TE,TE,True,False,False,,9.7,,Kyle Pitts Sr.,TE,,461.p.33392,33392,Atl,yahoo_fantasy_api
2025,7,,7,api,Buttermilk Puuump,Joe Mantegna,2025-W07-04,4,111.44,151.86,Travis Hunter,WR,W/R/T,True,False,False,,20.1,,Travis Hunter,WR,,461.p.99001,99001,Jax,yahoo_fantasy_api
2025,7,,8,api,Buttermilk Puuump,Joe Mantegna,2025-W07-04,4,111.44,151.86,Deebo Samuel Sr.,WR,BN,False,True,False,,0.0,,Deebo Samuel Sr.,WR,,461.p.31868,31868,SF,yahoo_fantasy_api
2025,7,,9,api,Buttermilk Puuump,Joe Mantegna,2025-W07-04,4,111.44,151.86,Evan Engram,TE,BN,False,True,False,,6.7,,Evan Engram,TE,,461.p.30136,30136,Den,yahoo_fantasy_api
2025,7,,10,api,Buttermilk Puuump,Joe Mantegna,2025-W07-04,4,111.44,151.86,Nick Chubb,RB,BN,False,True,False,,1.6,,Nick Chubb,RB,,461.p.31005,31005,Hou,yahoo_fantasy_api
2025,7,,11,api,Buttermilk Puuump,Joe Mantegna,2025-W07-04,4,111.44,151.86,Aaron Jones Sr.,RB,BN,False,True,False,,0.0,,Aaron Jones Sr.,RB,,461.p.30295,30295,Min,yahoo_fantasy_api
2025,7,,12,api,Buttermilk Puuump,Joe Mantegna,2025-W07-04,4,111.44,151.86,Jordan Love,QB,BN,False,True,False,,15.36,,Jordan Love,QB,,461.p.32696,32696,GB,yahoo_fantasy_api
2025,7,,13,api,Buttermilk Puuump,Joe Mantegna,2025-W07-04,4,111.44,151.86,Chris Boswell,K,K,True,False,False,,8.0,,Chris Boswell,K,,461.p.28188,28188,Pit,yahoo_fantasy_api
2025,7,,14,api,Buttermilk Puuump,Joe Mantegna,2025-W07-04,4,111.44,151.86,Tyler Loop,K,BN,False,True,False,,0.0,,Tyler Loop,K,,461.p.41988,41988,Bal,yahoo_fantasy_api
2025,7,,15,api,Buttermilk Puuump,Joe Mantegna,2025-W07-04,4,111.44,151.86,49ers,DEF,DEF,True,False,False,,8.0,,49ers,DEF,,461.p.100025,100025,SF,yahoo_fantasy_api
2025,7,,1,api,Ginger FC 🏆🏆,Malle ❤️ 🐸,2025-W07-02,2,165.7,86.04,Justin Herbert,QB,QB,True,False,False,,35.9,,Justin Herbert,QB,,461.p.32676,32676,LAC,yahoo_fantasy_api
2025,7,,2,api,Ginger FC 🏆🏆,Malle ❤️ 🐸,2025-W07-02,2,165.7,86.04,Davante Adams,WR,WR,True,False,False,,24.0,,Davante Adams,WR,,461.p.27581,27581,LAR,yahoo_fantasy_api
2025,7,,3,api,Ginger FC 🏆🏆,Malle ❤️ 🐸,2025-W07-02,2,165.7,86.04,Chris Olave,WR,WR,True,False,False,,24.3,,Chris Olave,WR,,461.p.33966,33966,NO,yahoo_fantasy_api
2025,7,,4,api,Ginger FC 🏆🏆,Malle ❤️ 🐸,2025-W07-02,2,165.7,86.04,De'Von Achane,RB,RB,True,False,False,,11.3,,De'Von Achane,RB,,461.p.40118,40118,Mia,yahoo_fantasy_api
2025,7,,5,api,Ginger FC 🏆🏆,Malle ❤️ 🐸,2025-W07-02,2,165.7,86.04,Travis Etienne Jr.,RB,RB,True,False,False,,6.0,,Travis Etienne Jr.,RB,,461.p.33413,33413,NO,yahoo_fantasy_api
2025,7,,6,api,Ginger FC 🏆🏆,Malle ❤️ 🐸,2025-W07-02,2,165.7,86.04,Juwan Johnson,TE,TE,True,False,False,,10.4,,Juwan Johnson,TE,,461.p.33113,33113,NO,yahoo_fantasy_api
2025,7,,7,api,Ginger FC 🏆🏆,Malle ❤️ 🐸,2025-W07-02,2,165.7,86.04,DeVonta Smith,WR,W/R/T,True,False,False,,28.8,,DeVonta Smith,WR,,461.p.33398,33398,Phi,yahoo_fantasy_api
2025,7,,8,api,Ginger FC 🏆🏆,Malle ❤️ 🐸,2025-W07-02,2,165.7,86.04,Derrick Henry,RB,BN,False,True,False,,0.0,,Derrick Henry,RB,,461.p.29279,29279,Bal,yahoo_fantasy_api
2025,7,,9,api,Ginger FC 🏆🏆,Malle ❤️ 🐸,2025-W07-02,2,165.7,86.04,Mark Andrews,TE,BN,False,True,False,,0.0,,Mark Andrews,TE,,461.p.31056,31056,Bal,yahoo_fantasy_api
2025,7,,10,api,Ginger FC 🏆🏆,Malle ❤️ 🐸,2025-W07-02,2,165.7,86.04,Michael Pittman Jr.,WR,BN,False,True,False,,17.3,,Michael Pittman Jr.,WR,,461.p.32704,32704,Pit,yahoo_fantasy_api
2025,7,,11,api,Ginger FC 🏆🏆,Malle ❤️ 🐸,2025-W07-02,2,165.7,86.04,Trey Benson,RB,BN,False,True,False,,0.0,,Trey Benson,RB,,461.p.40958,40958,Ari,yahoo_fantasy_api
2025,7,,12,api,Ginger FC 🏆🏆,Malle ❤️ 🐸,2025-W07-02,2,165.7,86.04,Marvin Mims Jr.,WR,BN,False,True,False,,12.8,,Marvin Mims Jr.,WR,,461.p.40090,40090,Den,yahoo_fantasy_api
2025,7,,13,api,Ginger FC 🏆🏆,Malle ❤️ 🐸,2025-W07-02,2,165.7,86.04,Tyreek Hill,WR,IR,False,False,True,,0.0,,Tyreek Hill,WR,,461.p.29399,29399,Mia,yahoo_fantasy_api
2025,7,,14,api,Ginger FC 🏆🏆,Malle ❤️ 🐸,2025-W07-02,2,165.7,86.04,Evan McPherson,K,K,True,False,False,,17.0,,Evan McPherson,K,,461.p.33537,33537,Cin,yahoo_fantasy_api
2025,7,,15,api,Ginger FC 🏆🏆,Malle ❤️ 🐸,2025-W07-02,2,165.7,86.04,Packers,DEF,DEF,True,False,False,,8.0,,Packers,DEF,,461.p.100009,100009,GB,yahoo_fantasy_api
2025,7,,1,api,Joe Mantegna,Buttermilk Puuump,2025-W07-04,4,151.86,111.44,Bo Nix,QB,QB,True,False,False,,43.96,,Bo Nix,QB,,461.p.40875,40875,Den,yahoo_fantasy_api
2025,7,,2,api,Joe Mantegna,Buttermilk Puuump,2025-W07-04,4,151.86,111.44,Ja'Marr Chase,WR,WR,True,False,False,,30.1,,Ja'Marr Chase,WR,,461.p.33393,33393,Cin,yahoo_fantasy_api
2025,7,,3,api,Joe Mantegna,Buttermilk Puuump,2025-W07-04,4,151.86,111.44,Wan'Dale Robinson,WR,WR,True,False,False,,12.5,,Wan'Dale Robinson,WR,,461.p.33998,33998,Ten,yahoo_fantasy_api
2025,7,,4,api,Joe Mantegna,Buttermilk Puuump,2025-W07-04,4,151.86,111.44,Jacory Croskey-Merritt,RB,RB,True,False,False,,3.7,,Jacory Croskey-Merritt,RB,,461.p.42010,42010,Was,yahoo_fantasy_api
2025,7,,5,api,Joe Mantegna,Buttermilk Puuump,2025-W07-04,4,151.86,111.44,RJ Harvey,RB,RB,True,False,False,,6.7,,RJ Harvey,RB,,461.p.41845,41845,Den,yahoo_fantasy_api
2025,7,,6,api,Joe Mantegna,Buttermilk Puuump,2025-W07-04,4,151.86,111.44,Tyler Warren,TE,TE,True,False,False,,14.9,,Tyler Warren,TE,,461.p.41799,41799,Ind,yahoo_fantasy_api
2025,7,,7,api,Joe Mantegna,Buttermilk Puuump,2025-W07-04,4,151.86,111.44,Quentin Johnston,WR,W/R/T,True,False,False,,10.0,,Quentin Johnston,WR,,461.p.40051,40051,LAC,yahoo_fantasy_api
2025,7,,8,api,Joe Mantegna,Buttermilk Puuump,2025-W07-04,4,151.86,111.44,Jauan Jennings,WR,BN,False,True,False,,5.1,,Jauan Jennings,WR,,461.p.32887,32887,Min,yahoo_fantasy_api
2025,7,,9,api,Joe Mantegna,Buttermilk Puuump,2025-W07-04,4,151.86,111.44,Zay Flowers,WR,BN,False,True,False,,0.0,,Zay Flowers,WR,,461.p.40039,40039,Bal,yahoo_fantasy_api
2025,7,,10,api,Joe Mantegna,Buttermilk Puuump,2025-W07-04,4,151.86,111.44,Tucker Kraft,TE,BN,False,True,False,,14.3,,Tucker Kraft,TE,,461.p.40102,40102,GB,yahoo_fantasy_api
2025,7,,11,api,Joe Mantegna,Buttermilk Puuump,2025-W07-04,4,151.86,111.44,Cooper Kupp,WR,BN,False,True,False,,2.7,,Cooper Kupp,WR,,461.p.30182,30182,Sea,yahoo_fantasy_api
2025,7,,12,api,Joe Mantegna,Buttermilk Puuump,2025-W07-04,4,151.86,111.44,Tyjae Spears,RB,BN,False,True,False,,5.5,,Tyjae Spears,RB,,461.p.40119,40119,Ten,yahoo_fantasy_api
2025,7,,13,api,Joe Mantegna,Buttermilk Puuump,2025-W07-04,4,151.86,111.44,Omarion Hampton,RB,IR,False,False,True,,0.0,,Omarion Hampton,RB,,461.p.41807,41807,LAC,yahoo_fantasy_api
2025,7,,14,api,Joe Mantegna,Buttermilk Puuump,2025-W07-04,4,151.86,111.44,Brandon Aubrey,K,K,True,False,False,,17.0,,Brandon Aubrey,K,,461.p.40819,40819,Dal,yahoo_fantasy_api
2025,7,,15,api,Joe Mantegna,Buttermilk Puuump,2025-W07-04,4,151.86,111.44,Chiefs,DEF,DEF,True,False,False,,13.0,,Chiefs,DEF,,461.p.100012,100012,KC,yahoo_fantasy_api
2025,7,,1,api,Malle ❤️ 🐸,Ginger FC 🏆🏆,2025-W07-02,2,86.04,165.7,Jayden Daniels,QB,QB,True,False,False,,19.74,,Jayden Daniels,QB,,461.p.40896,40896,Was,yahoo_fantasy_api
2025,7,,2,api,Malle ❤️ 🐸,Ginger FC 🏆🏆,2025-W07-02,2,86.04,165.7,Brian Thomas Jr.,WR,WR,True,False,False,,4.6,,Brian Thomas Jr.,WR,,461.p.40883,40883,Jax,yahoo_fantasy_api
2025,7,,3,api,Malle ❤️ 🐸,Ginger FC 🏆🏆,2025-W07-02,2,86.04,165.7,Drake London,WR,WR,True,False,False,,6.2,,Drake London,WR,,461.p.33963,33963,Atl,yahoo_fantasy_api
2025,7,,4,api,Malle ❤️ 🐸,Ginger FC 🏆🏆,2025-W07-02,2,86.04,165.7,Isiah Pacheco,RB,RB,True,False,False,,11.9,,Isiah Pacheco,RB,,461.p.34207,34207,Det,yahoo_fantasy_api
2025,7,,5,api,Malle ❤️ 🐸,Ginger FC 🏆🏆,2025-W07-02,2,86.04,165.7,D'Andre Swift,RB,RB,True,False,False,,20.3,,D'Andre Swift,RB,,461.p.32705,32705,Chi,yahoo_fantasy_api
2025,7,,6,api,Malle ❤️ 🐸,Ginger FC 🏆🏆,2025-W07-02,2,86.04,165.7,Dallas Goedert,TE,TE,True,False,False,,3.3,,Dallas Goedert,TE,,461.p.31019,31019,Phi,yahoo_fantasy_api
2025,7,,7,api,Malle ❤️ 🐸,Ginger FC 🏆🏆,2025-W07-02,2,86.04,165.7,Rashid Shaheed,WR,W/R/T,True,False,False,,6.0,,Rashid Shaheed,WR,,461.p.34659,34659,Sea,yahoo_fantasy_api
2025,7,,8,api,Malle ❤️ 🐸,Ginger FC 🏆🏆,2025-W07-02,2,86.04,165.7,Chris Rodriguez Jr.,RB,BN,False,True,False,,7.2,,Chris Rodriguez Jr.,RB,,461.p.40231,40231,Jax,yahoo_fantasy_api
2025,7,,9,api,Malle ❤️ 🐸,Ginger FC 🏆🏆,2025-W07-02,2,86.04,165.7,Jordan Addison,WR,BN,False,True,False,,17.3,,Jordan Addison,WR,,461.p.40042,40042,Min,yahoo_fantasy_api
2025,7,,10,api,Malle ❤️ 🐸,Ginger FC 🏆🏆,2025-W07-02,2,86.04,165.7,Dalton Schultz,TE,BN,False,True,False,,14.3,,Dalton Schultz,TE,,461.p.31107,31107,Hou,yahoo_fantasy_api
2025,7,,11,api,Malle ❤️ 🐸,Ginger FC 🏆🏆,2025-W07-02,2,86.04,165.7,Marcus Mariota,QB,BN,False,True,False,,4.92,,Marcus Mariota,QB,,461.p.28390,28390,Was,yahoo_fantasy_api
2025,7,,12,api,Malle ❤️ 🐸,Ginger FC 🏆🏆,2025-W07-02,2,86.04,165.7,George Kittle,TE,BN,False,True,False,,0.0,,George Kittle,TE,,461.p.30259,30259,SF,yahoo_fantasy_api
2025,7,,13,api,Malle ❤️ 🐸,Ginger FC 🏆🏆,2025-W07-02,2,86.04,165.7,Khalil Shakir,WR,BN,False,True,False,,0.0,,Khalil Shakir,WR,,461.p.34104,34104,Buf,yahoo_fantasy_api
2025,7,,14,api,Malle ❤️ 🐸,Ginger FC 🏆🏆,2025-W07-02,2,86.04,165.7,Matt Gay,K,K,True,False,False,,2.0,,Matt Gay,K,,461.p.31977,31977,LV,yahoo_fantasy_api
2025,7,,15,api,Malle ❤️ 🐸,Ginger FC 🏆🏆,2025-W07-02,2,86.04,165.7,Eagles,DEF,DEF,True,False,False,,12.0,,Eagles,DEF,,461.p.100021,100021,Phi,yahoo_fantasy_api
2025,7,,1,api,Patty Primetimes,Voldemort,2025-W07-03,3,79.18,100.34,Caleb Williams,QB,QB,True,False,False,,5.68,,Caleb Williams,QB,,461.p.40900,40900,Chi,yahoo_fantasy_api
2025,7,,2,api,Patty Primetimes,Voldemort,2025-W07-03,3,79.18,100.34,Ladd McConkey,WR,WR,True,False,False,,11.2,,Ladd McConkey,WR,,461.p.40908,40908,LAC,yahoo_fantasy_api
2025,7,,3,api,Patty Primetimes,Voldemort,2025-W07-03,3,79.18,100.34,DK Metcalf,WR,WR,True,False,False,,6.5,,DK Metcalf,WR,,461.p.31896,31896,Pit,yahoo_fantasy_api
2025,7,,4,api,Patty Primetimes,Voldemort,2025-W07-03,3,79.18,100.34,Saquon Barkley,RB,RB,True,False,False,,4.7,,Saquon Barkley,RB,,461.p.30972,30972,Phi,yahoo_fantasy_api
2025,7,,5,api,Patty Primetimes,Voldemort,2025-W07-03,3,79.18,100.34,J.K. Dobbins,RB,RB,True,False,False,,8.5,,J.K. Dobbins,RB,,461.p.32725,32725,Den,yahoo_fantasy_api
2025,7,,6,api,Patty Primetimes,Voldemort,2025-W07-03,3,79.18,100.34,Travis Kelce,TE,TE,True,False,False,,6.9,,Travis Kelce,TE,,461.p.26686,26686,KC,yahoo_fantasy_api
2025,7,,7,api,Patty Primetimes,Voldemort,2025-W07-03,3,79.18,100.34,Courtland Sutton,WR,W/R/T,True,False,False,,13.7,,Courtland Sutton,WR,,461.p.31010,31010,Den,yahoo_fantasy_api
2025,7,,8,api,Patty Primetimes,Voldemort,2025-W07-03,3,79.18,100.34,Hassan Haskins,RB,BN,False,True,False,,1.5,,Hassan Haskins,RB,,461.p.34087,34087,NE,yahoo_fantasy_api
2025,7,,9,api,Patty Primetimes,Voldemort,2025-W07-03,3,79.18,100.34,James Cook III,RB,BN,False,True,False,,0.0,,James Cook III,RB,,461.p.34019,34019,Buf,yahoo_fantasy_api
2025,7,,10,api,Patty Primetimes,Voldemort,2025-W07-03,3,79.18,100.34,Josh Allen,QB,BN,False,True,False,,0.0,,Josh Allen,QB,,461.p.30977,30977,Buf,yahoo_fantasy_api
2025,7,,11,api,Patty Primetimes,Voldemort,2025-W07-03,3,79.18,100.34,Keon Coleman,WR,BN,False,True,False,,0.0,,Keon Coleman,WR,,461.p.40911,40911,Buf,yahoo_fantasy_api
2025,7,,12,api,Patty Primetimes,Voldemort,2025-W07-03,3,79.18,100.34,Tank Bigsby,RB,BN,False,True,False,,1.5,,Tank Bigsby,RB,,461.p.40095,40095,Phi,yahoo_fantasy_api
2025,7,,13,api,Patty Primetimes,Voldemort,2025-W07-03,3,79.18,100.34,Cameron Dicker,K,K,True,False,False,,7.0,,Cameron Dicker,K,,461.p.34344,34344,LAC,yahoo_fantasy_api
2025,7,,14,api,Patty Primetimes,Voldemort,2025-W07-03,3,79.18,100.34,Cowboys,DEF,DEF,True,False,False,,15.0,,Cowboys,DEF,,461.p.100006,100006,Dal,yahoo_fantasy_api
2025,7,,15,api,Patty Primetimes,Voldemort,2025-W07-03,3,79.18,100.34,Texans,DEF,BN,False,True,False,,18.0,,Texans,DEF,,461.p.100034,100034,Hou,yahoo_fantasy_api
2025,7,,1,api,Pop Lockett Drop it,The Big Gronkowski,2025-W07-01,1,138.98,99.36,Matthew Stafford,QB,QB,True,False,False,,37.38,,Matthew Stafford,QB,,461.p.9265,9265,LAR,yahoo_fantasy_api
2025,7,,2,api,Pop Lockett Drop it,The Big Gronkowski,2025-W07-01,1,138.98,99.36,Rome Odunze,WR,WR,True,False,False,,4.1,,Rome Odunze,WR,,461.p.40901,40901,Chi,yahoo_fantasy_api
2025,7,,3,api,Pop Lockett Drop it,The Big Gronkowski,2025-W07-01,1,138.98,99.36,CeeDee Lamb,WR,WR,True,False,False,,19.5,,CeeDee Lamb,WR,,461.p.32687,32687,Dal,yahoo_fantasy_api
2025,7,,4,api,Pop Lockett Drop it,The Big Gronkowski,2025-W07-01,1,138.98,99.36,Javonte Williams,RB,RB,True,False,False,,18.3,,Javonte Williams,RB,,461.p.33423,33423,Dal,yahoo_fantasy_api
2025,7,,5,api,Pop Lockett Drop it,The Big Gronkowski,2025-W07-01,1,138.98,99.36,Kenneth Walker III,RB,RB,True,False,False,,6.6,,Kenneth Walker III,RB,,461.p.33996,33996,KC,yahoo_fantasy_api
2025,7,,6,api,Pop Lockett Drop it,The Big Gronkowski,2025-W07-01,1,138.98,99.36,Trey McBride,TE,TE,True,False,False,,24.4,,Trey McBride,TE,,461.p.34010,34010,Ari,yahoo_fantasy_api
2025,7,,7,api,Pop Lockett Drop it,The Big Gronkowski,2025-W07-01,1,138.98,99.36,Jordan Mason,RB,W/R/T,True,False,False,,11.7,,Jordan Mason,RB,,461.p.34320,34320,Min,yahoo_fantasy_api
2025,7,,8,api,Pop Lockett Drop it,The Big Gronkowski,2025-W07-01,1,138.98,99.36,Tee Higgins,WR,BN,False,True,False,,18.6,,Tee Higgins,WR,,461.p.32703,32703,Cin,yahoo_fantasy_api
2025,7,,9,api,Pop Lockett Drop it,The Big Gronkowski,2025-W07-01,1,138.98,99.36,Elic Ayomanor,WR,BN,False,True,False,,3.9,,Elic Ayomanor,WR,,461.p.41904,41904,Ten,yahoo_fantasy_api
2025,7,,10,api,Pop Lockett Drop it,The Big Gronkowski,2025-W07-01,1,138.98,99.36,Troy Franklin,WR,BN,False,True,False,,11.4,,Troy Franklin,WR,,461.p.41009,41009,Den,yahoo_fantasy_api
2025,7,,11,api,Pop Lockett Drop it,The Big Gronkowski,2025-W07-01,1,138.98,99.36,Kareem Hunt,RB,BN,False,True,False,,1.8,,Kareem Hunt,RB,,461.p.30199,30199,KC,yahoo_fantasy_api
2025,7,,12,api,Pop Lockett Drop it,The Big Gronkowski,2025-W07-01,1,138.98,99.36,Malik Washington,WR,BN,False,True,False,,5.5,,Malik Washington,WR,,461.p.41058,41058,Mia,yahoo_fantasy_api
2025,7,,13,api,Pop Lockett Drop it,The Big Gronkowski,2025-W07-01,1,138.98,99.36,Lamar Jackson,QB,BN,False,True,False,,0.0,,Lamar Jackson,QB,,461.p.31002,31002,Bal,yahoo_fantasy_api
2025,7,,14,api,Pop Lockett Drop it,The Big Gronkowski,2025-W07-01,1,138.98,99.36,Jake Bates,K,K,True,False,False,,8.0,,Jake Bates,K,,461.p.40835,40835,Det,yahoo_fantasy_api
2025,7,,15,api,Pop Lockett Drop it,The Big Gronkowski,2025-W07-01,1,138.98,99.36,Seahawks,DEF,DEF,True,False,False,,9.0,,Seahawks,DEF,,461.p.100026,100026,Sea,yahoo_fantasy_api
2025,7,,1,api,Post Mahomes,Uncle Rico,2025-W07-06,6,124.54,145.02,Patrick Mahomes,QB,QB,True,False,False,,32.24,,Patrick Mahomes,QB,,461.p.30123,30123,KC,yahoo_fantasy_api
2025,7,,2,api,Post Mahomes,Uncle Rico,2025-W07-06,6,124.54,145.02,Tetairoa McMillan,WR,WR,True,False,False,,4.8,,Tetairoa McMillan,WR,,461.p.41793,41793,Car,yahoo_fantasy_api
2025,7,,3,api,Post Mahomes,Uncle Rico,2025-W07-06,6,124.54,145.02,Romeo Doubs,WR,WR,True,False,False,,10.2,,Romeo Doubs,WR,,461.p.34088,34088,NE,yahoo_fantasy_api
2025,7,,4,api,Post Mahomes,Uncle Rico,2025-W07-06,6,124.54,145.02,Kyren Williams,RB,RB,True,False,False,,7.5,,Kyren Williams,RB,,461.p.34120,34120,LAR,yahoo_fantasy_api
2025,7,,5,api,Post Mahomes,Uncle Rico,2025-W07-06,6,124.54,145.02,Cam Skattebo,RB,RB,True,False,False,,16.9,,Cam Skattebo,RB,,461.p.41922,41922,NYG,yahoo_fantasy_api
2025,7,,6,api,Post Mahomes,Uncle Rico,2025-W07-06,6,124.54,145.02,Harold Fannin Jr.,TE,TE,True,False,False,,5.6,,Harold Fannin Jr.,TE,,461.p.41877,41877,Cle,yahoo_fantasy_api
2025,7,,7,api,Post Mahomes,Uncle Rico,2025-W07-06,6,124.54,145.02,Jahmyr Gibbs,RB,W/R/T,True,False,False,,35.3,,Jahmyr Gibbs,RB,,461.p.40059,40059,Det,yahoo_fantasy_api
2025,7,,8,api,Post Mahomes,Uncle Rico,2025-W07-06,6,124.54,145.02,Ricky Pearsall,WR,BN,False,True,False,,0.0,,Ricky Pearsall,WR,,461.p.40892,40892,SF,yahoo_fantasy_api
2025,7,,9,api,Post Mahomes,Uncle Rico,2025-W07-06,6,124.54,145.02,Brock Bowers,TE,BN,False,True,False,,0.0,,Brock Bowers,TE,,461.p.40878,40878,LV,yahoo_fantasy_api
2025,7,,10,api,Post Mahomes,Uncle Rico,2025-W07-06,6,124.54,145.02,Garrett Wilson,WR,BN,False,True,False,,0.0,,Garrett Wilson,WR,,461.p.33965,33965,NYJ,yahoo_fantasy_api
2025,7,,11,api,Post Mahomes,Uncle Rico,2025-W07-06,6,124.54,145.02,Chris Godwin Jr.,WR,BN,False,True,False,,0.0,,Chris Godwin Jr.,WR,,461.p.30197,30197,TB,yahoo_fantasy_api
2025,7,,12,api,Post Mahomes,Uncle Rico,2025-W07-06,6,124.54,145.02,Woody Marks,RB,BN,False,True,False,,11.0,,Woody Marks,RB,,461.p.41902,41902,Hou,yahoo_fantasy_api
2025,7,,13,api,Post Mahomes,Uncle Rico,2025-W07-06,6,124.54,145.02,Kimani Vidal,RB,BN,False,True,False,,5.5,,Kimani Vidal,RB,,461.p.41052,41052,LAC,yahoo_fantasy_api
2025,7,,14,api,Post Mahomes,Uncle Rico,2025-W07-06,6,124.54,145.02,Joe Mixon,RB,IR,False,False,True,,0.0,,Joe Mixon,RB,,461.p.30161,30161,Hou,yahoo_fantasy_api
2025,7,,15,api,Post Mahomes,Uncle Rico,2025-W07-06,6,124.54,145.02,Harrison Butker,K,K,True,False,False,,7.0,,Harrison Butker,K,,461.p.30346,30346,KC,yahoo_fantasy_api
2025,7,,16,api,Post Mahomes,Uncle Rico,2025-W07-06,6,124.54,145.02,Broncos,DEF,DEF,True,False,False,,5.0,,Broncos,DEF,,461.p.100007,100007,Den,yahoo_fantasy_api
2025,7,,1,api,The Big Gronkowski,Pop Lockett Drop it,2025-W07-01,1,99.36,138.98,Dak Prescott,QB,QB,True,False,False,,29.26,,Dak Prescott,QB,,461.p.29369,29369,Dal,yahoo_fantasy_api
2025,7,,2,api,The Big Gronkowski,Pop Lockett Drop it,2025-W07-01,1,99.36,138.98,A.J. Brown,WR,WR,True,False,False,,26.1,,A.J. Brown,WR,,461.p.31883,31883,NE,yahoo_fantasy_api
2025,7,,3,api,The Big Gronkowski,Pop Lockett Drop it,2025-W07-01,1,99.36,138.98,Nico Collins,WR,WR,True,False,False,,4.7,,Nico Collins,WR,,461.p.33477,33477,Hou,yahoo_fantasy_api
2025,7,,4,api,The Big Gronkowski,Pop Lockett Drop it,2025-W07-01,1,99.36,138.98,TreVeyon Henderson,RB,RB,True,False,False,,0.5,,TreVeyon Henderson,RB,,461.p.41823,41823,NE,yahoo_fantasy_api
2025,7,,5,api,The Big Gronkowski,Pop Lockett Drop it,2025-W07-01,1,99.36,138.98,Chuba Hubbard,RB,RB,True,False,False,,6.5,,Chuba Hubbard,RB,,461.p.33514,33514,Car,yahoo_fantasy_api
2025,7,,6,api,The Big Gronkowski,Pop Lockett Drop it,2025-W07-01,1,99.36,138.98,Hunter Henry,TE,TE,True,False,False,,5.3,,Hunter Henry,TE,,461.p.29269,29269,NE,yahoo_fantasy_api
2025,7,,7,api,The Big Gronkowski,Pop Lockett Drop it,2025-W07-01,1,99.36,138.98,Jameson Williams,WR,W/R/T,True,False,False,,0.0,,Jameson Williams,WR,,461.p.33967,33967,Det,yahoo_fantasy_api
2025,7,,8,api,The Big Gronkowski,Pop Lockett Drop it,2025-W07-01,1,99.36,138.98,Hollywood Brown,WR,BN,False,True,False,,8.4,,Hollywood Brown,WR,,461.p.31857,31857,Phi,yahoo_fantasy_api
2025,7,,9,api,The Big Gronkowski,Pop Lockett Drop it,2025-W07-01,1,99.36,138.98,Emari Demercado,RB,BN,False,True,False,,0.0,,Emari Demercado,RB,,461.p.40430,40430,Dal,yahoo_fantasy_api
2025,7,,10,api,The Big Gronkowski,Pop Lockett Drop it,2025-W07-01,1,99.36,138.98,Drake Maye,QB,BN,False,True,False,,27.08,,Drake Maye,QB,,461.p.40881,40881,NE,yahoo_fantasy_api
2025,7,,11,api,The Big Gronkowski,Pop Lockett Drop it,2025-W07-01,1,99.36,138.98,T.J. Hockenson,TE,BN,False,True,False,,7.3,,T.J. Hockenson,TE,,461.p.31840,31840,Min,yahoo_fantasy_api
2025,7,,12,api,The Big Gronkowski,Pop Lockett Drop it,2025-W07-01,1,99.36,138.98,Dylan Sampson,RB,BN,False,True,False,,2.2,,Dylan Sampson,RB,,461.p.41907,41907,Cle,yahoo_fantasy_api
2025,7,,13,api,The Big Gronkowski,Pop Lockett Drop it,2025-W07-01,1,99.36,138.98,Ka'imi Fairbairn,K,K,True,False,False,,8.0,,Ka'imi Fairbairn,K,,461.p.29792,29792,Hou,yahoo_fantasy_api
2025,7,,14,api,The Big Gronkowski,Pop Lockett Drop it,2025-W07-01,1,99.36,138.98,Patriots,DEF,DEF,True,False,False,,19.0,,Patriots,DEF,,461.p.100017,100017,NE,yahoo_fantasy_api
2025,7,,15,api,The Big Gronkowski,Pop Lockett Drop it,2025-W07-01,1,99.36,138.98,Chargers,DEF,BN,False,True,False,,-3.0,,Chargers,DEF,,461.p.100024,100024,LAC,yahoo_fantasy_api
2025,7,,1,api,ThreatLevelMidnight,malle_dips_pouches,2025-W07-05,5,125.42,57.74,Baker Mayfield,QB,QB,True,False,False,,14.12,,Baker Mayfield,QB,,461.p.30971,30971,TB,yahoo_fantasy_api
2025,7,,2,api,ThreatLevelMidnight,malle_dips_pouches,2025-W07-05,5,125.42,57.74,Marvin Harrison Jr.,WR,WR,True,False,False,,6.8,,Marvin Harrison Jr.,WR,,461.p.40893,40893,Ari,yahoo_fantasy_api
2025,7,,3,api,ThreatLevelMidnight,malle_dips_pouches,2025-W07-05,5,125.42,57.74,Rashee Rice,WR,WR,True,False,False,,19.7,,Rashee Rice,WR,,461.p.40084,40084,KC,yahoo_fantasy_api
2025,7,,4,api,ThreatLevelMidnight,malle_dips_pouches,2025-W07-05,5,125.42,57.74,Quinshon Judkins,RB,RB,True,False,False,,26.4,,Quinshon Judkins,RB,,461.p.41821,41821,Cle,yahoo_fantasy_api
2025,7,,5,api,ThreatLevelMidnight,malle_dips_pouches,2025-W07-05,5,125.42,57.74,Rhamondre Stevenson,RB,RB,True,False,False,,15.8,,Rhamondre Stevenson,RB,,461.p.33508,33508,NE,yahoo_fantasy_api
2025,7,,6,api,ThreatLevelMidnight,malle_dips_pouches,2025-W07-05,5,125.42,57.74,Jake Ferguson,TE,TE,True,False,False,,18.4,,Jake Ferguson,TE,,461.p.34085,34085,Dal,yahoo_fantasy_api
2025,7,,7,api,ThreatLevelMidnight,malle_dips_pouches,2025-W07-05,5,125.42,57.74,Bijan Robinson,RB,W/R/T,True,False,False,,18.2,,Bijan Robinson,RB,,461.p.40055,40055,Atl,yahoo_fantasy_api
2025,7,,8,api,ThreatLevelMidnight,malle_dips_pouches,2025-W07-05,5,125.42,57.74,Rico Dowdle,RB,BN,False,True,False,,10.1,,Rico Dowdle,RB,,461.p.33100,33100,Pit,yahoo_fantasy_api
2025,7,,9,api,ThreatLevelMidnight,malle_dips_pouches,2025-W07-05,5,125.42,57.74,Xavier Worthy,WR,BN,False,True,False,,6.3,,Xavier Worthy,WR,,461.p.40877,40877,KC,yahoo_fantasy_api
2025,7,,10,api,ThreatLevelMidnight,malle_dips_pouches,2025-W07-05,5,125.42,57.74,Tony Pollard,RB,BN,False,True,False,,9.1,,Tony Pollard,RB,,461.p.31960,31960,Ten,yahoo_fantasy_api
2025,7,,11,api,ThreatLevelMidnight,malle_dips_pouches,2025-W07-05,5,125.42,57.74,DJ Moore,WR,BN,False,True,False,,6.7,,DJ Moore,WR,,461.p.30994,30994,Buf,yahoo_fantasy_api
2025,7,,12,api,ThreatLevelMidnight,malle_dips_pouches,2025-W07-05,5,125.42,57.74,Tyler Allgeier,RB,BN,False,True,False,,1.6,,Tyler Allgeier,RB,,461.p.34107,34107,Ari,yahoo_fantasy_api
2025,7,,13,api,ThreatLevelMidnight,malle_dips_pouches,2025-W07-05,5,125.42,57.74,Jalen Coker,WR,IR,False,False,True,,0.0,,Jalen Coker,WR,,461.p.41293,41293,Car,yahoo_fantasy_api
2025,7,,14,api,ThreatLevelMidnight,malle_dips_pouches,2025-W07-05,5,125.42,57.74,Chase McLaughlin,K,K,True,False,False,,5.0,,Chase McLaughlin,K,,461.p.32417,32417,TB,yahoo_fantasy_api
2025,7,,15,api,ThreatLevelMidnight,malle_dips_pouches,2025-W07-05,5,125.42,57.74,Steelers,DEF,DEF,True,False,False,,1.0,,Steelers,DEF,,461.p.100023,100023,Pit,yahoo_fantasy_api
2025,7,,1,api,Uncle Rico,Post Mahomes,2025-W07-06,6,145.02,124.54,Daniel Jones,QB,QB,True,False,False,,26.22,,Daniel Jones,QB,,461.p.31838,31838,Ind,yahoo_fantasy_api
2025,7,,2,api,Uncle Rico,Post Mahomes,2025-W07-06,6,145.02,124.54,Jaylen Waddle,WR,WR,True,False,False,,2.0,,Jaylen Waddle,WR,,461.p.33394,33394,Den,yahoo_fantasy_api
2025,7,,3,api,Uncle Rico,Post Mahomes,2025-W07-06,6,145.02,124.54,Tre Tucker,WR,WR,True,False,False,,5.8,,Tre Tucker,WR,,461.p.40114,40114,LV,yahoo_fantasy_api
2025,7,,4,api,Uncle Rico,Post Mahomes,2025-W07-06,6,145.02,124.54,Christian McCaffrey,RB,RB,True,False,False,,35.6,,Christian McCaffrey,RB,,461.p.30121,30121,SF,yahoo_fantasy_api
2025,7,,5,api,Uncle Rico,Post Mahomes,2025-W07-06,6,145.02,124.54,Jonathan Taylor,RB,RB,True,False,False,,32.7,,Jonathan Taylor,RB,,461.p.32711,32711,Ind,yahoo_fantasy_api
2025,7,,6,api,Uncle Rico,Post Mahomes,2025-W07-06,6,145.02,124.54,Cade Otton,TE,TE,True,False,False,,10.0,,Cade Otton,TE,,461.p.34062,34062,TB,yahoo_fantasy_api
2025,7,,7,api,Uncle Rico,Post Mahomes,2025-W07-06,6,145.02,124.54,Jerry Jeudy,WR,W/R/T,True,False,False,,2.7,,Jerry Jeudy,WR,,461.p.32685,32685,Cle,yahoo_fantasy_api
2025,7,,8,api,Uncle Rico,Post Mahomes,2025-W07-06,6,145.02,124.54,Terry McLaurin,WR,BN,False,True,False,,0.0,,Terry McLaurin,WR,,461.p.31908,31908,Was,yahoo_fantasy_api
2025,7,,9,api,Uncle Rico,Post Mahomes,2025-W07-06,6,145.02,124.54,Dalton Kincaid,TE,BN,False,True,False,,0.0,,Dalton Kincaid,TE,,461.p.40048,40048,Buf,yahoo_fantasy_api
2025,7,,10,api,Uncle Rico,Post Mahomes,2025-W07-06,6,145.02,124.54,Emeka Egbuka,WR,BN,False,True,False,,7.8,,Emeka Egbuka,WR,,461.p.41804,41804,TB,yahoo_fantasy_api
2025,7,,11,api,Uncle Rico,Post Mahomes,2025-W07-06,6,145.02,124.54,Matthew Golden,WR,BN,False,True,False,,5.7,,Matthew Golden,WR,,461.p.41808,41808,GB,yahoo_fantasy_api
2025,7,,12,api,Uncle Rico,Post Mahomes,2025-W07-06,6,145.02,124.54,Bhayshul Tuten,RB,BN,False,True,False,,2.2,,Bhayshul Tuten,RB,,461.p.41900,41900,Jax,yahoo_fantasy_api
2025,7,,13,api,Uncle Rico,Post Mahomes,2025-W07-06,6,145.02,124.54,Zach Charbonnet,RB,BN,False,True,False,,18.5,,Zach Charbonnet,RB,,461.p.40075,40075,Sea,yahoo_fantasy_api
2025,7,,14,api,Uncle Rico,Post Mahomes,2025-W07-06,6,145.02,124.54,Joe Burrow,QB,IR,False,False,True,,0.0,,Joe Burrow,QB,,461.p.32671,32671,Cin,yahoo_fantasy_api
2025,7,,15,api,Uncle Rico,Post Mahomes,2025-W07-06,6,145.02,124.54,Wil Lutz,K,K,True,False,False,,5.0,,Wil Lutz,K,,461.p.29754,29754,Den,yahoo_fantasy_api
2025,7,,16,api,Uncle Rico,Post Mahomes,2025-W07-06,6,145.02,124.54,Browns,DEF,DEF,True,False,False,,25.0,,Browns,DEF,,461.p.100005,100005,Cle,yahoo_fantasy_api
2025,7,,1,api,Voldemort,Patty Primetimes,2025-W07-03,3,100.34,79.18,Justin Fields,QB,QB,True,False,False,,4.04,,Justin Fields,QB,,461.p.33399,33399,KC,yahoo_fantasy_api
2025,7,,2,api,Voldemort,Patty Primetimes,2025-W07-03,3,100.34,79.18,Justin Jefferson,WR,WR,True,False,False,,10.4,,Justin Jefferson,WR,,461.p.32692,32692,Min,yahoo_fantasy_api
2025,7,,3,api,Voldemort,Patty Primetimes,2025-W07-03,3,100.34,79.18,Keenan Allen,WR,WR,True,False,False,,23.4,,Keenan Allen,WR,,461.p.26699,26699,Ind,yahoo_fantasy_api
2025,7,,4,api,Voldemort,Patty Primetimes,2025-W07-03,3,100.34,79.18,Jaylen Warren,RB,RB,True,False,False,,17.8,,Jaylen Warren,RB,,461.p.34447,34447,Pit,yahoo_fantasy_api
2025,7,,5,api,Voldemort,Patty Primetimes,2025-W07-03,3,100.34,79.18,Alvin Kamara,RB,RB,True,False,False,,4.4,,Alvin Kamara,RB,,461.p.30180,30180,NO,yahoo_fantasy_api
2025,7,,6,api,Voldemort,Patty Primetimes,2025-W07-03,3,100.34,79.18,Darren Waller,TE,TE,True,False,False,,0.0,,Darren Waller,TE,,461.p.28592,28592,Car,yahoo_fantasy_api
2025,7,,7,api,Voldemort,Patty Primetimes,2025-W07-03,3,100.34,79.18,Jaxon Smith-Njigba,WR,W/R/T,True,False,False,,22.3,,Jaxon Smith-Njigba,WR,,461.p.40041,40041,Sea,yahoo_fantasy_api
2025,7,,8,api,Voldemort,Patty Primetimes,2025-W07-03,3,100.34,79.18,Chase Brown,RB,BN,False,True,False,,11.0,,Chase Brown,RB,,461.p.40196,40196,Cin,yahoo_fantasy_api
2025,7,,9,api,Voldemort,Patty Primetimes,2025-W07-03,3,100.34,79.18,Kyler Murray,QB,BN,False,True,False,,0.0,,Kyler Murray,QB,,461.p.31833,31833,Min,yahoo_fantasy_api
2025,7,,10,api,Voldemort,Patty Primetimes,2025-W07-03,3,100.34,79.18,David Montgomery,RB,BN,False,True,False,,4.9,,David Montgomery,RB,,461.p.31905,31905,Hou,yahoo_fantasy_api
2025,7,,11,api,Voldemort,Patty Primetimes,2025-W07-03,3,100.34,79.18,Kenny Gainwell,RB,BN,False,True,False,,2.5,,Kenny Gainwell,RB,,461.p.33538,33538,TB,yahoo_fantasy_api
2025,7,,12,api,Voldemort,Patty Primetimes,2025-W07-03,3,100.34,79.18,Michael Carter,RB,BN,False,True,False,,4.6,,Michael Carter,RB,,461.p.33495,33495,Ten,yahoo_fantasy_api
2025,7,,13,api,Voldemort,Patty Primetimes,2025-W07-03,3,100.34,79.18,Puka Nacua,WR,IR,False,False,True,,0.0,,Puka Nacua,WR,,461.p.40168,40168,LAR,yahoo_fantasy_api
2025,7,,14,api,Voldemort,Patty Primetimes,2025-W07-03,3,100.34,79.18,Joshua Karty,K,K,True,False,False,,5.0,,Joshua Karty,K,,461.p.41081,41081,Ari,yahoo_fantasy_api
2025,7,,15,api,Voldemort,Patty Primetimes,2025-W07-03,3,100.34,79.18,Bears,DEF,DEF,True,False,False,,13.0,,Bears,DEF,,461.p.100003,100003,Chi,yahoo_fantasy_api
2025,7,,1,api,malle_dips_pouches,ThreatLevelMidnight,2025-W07-05,5,57.74,125.42,Jalen Hurts,QB,QB,True,False,False,,30.04,,Jalen Hurts,QB,,461.p.32723,32723,Phi,yahoo_fantasy_api
2025,7,,2,api,malle_dips_pouches,ThreatLevelMidnight,2025-W07-05,5,57.74,125.42,Calvin Ridley,WR,WR,True,False,False,,0.0,,Calvin Ridley,WR,,461.p.30996,30996,Ten,yahoo_fantasy_api
2025,7,,3,api,malle_dips_pouches,ThreatLevelMidnight,2025-W07-05,5,57.74,125.42,Jakobi Meyers,WR,WR,True,False,False,,0.0,,Jakobi Meyers,WR,,461.p.32231,32231,Jax,yahoo_fantasy_api
2025,7,,4,api,malle_dips_pouches,ThreatLevelMidnight,2025-W07-05,5,57.74,125.42,Ashton Jeanty,RB,RB,True,False,False,,3.9,,Ashton Jeanty,RB,,461.p.41791,41791,LV,yahoo_fantasy_api
2025,7,,5,api,malle_dips_pouches,ThreatLevelMidnight,2025-W07-05,5,57.74,125.42,Rachaad White,RB,RB,True,False,False,,6.4,,Rachaad White,RB,,461.p.34047,34047,Was,yahoo_fantasy_api
2025,7,,6,api,malle_dips_pouches,ThreatLevelMidnight,2025-W07-05,5,57.74,125.42,Sam LaPorta,TE,TE,True,False,False,,3.0,,Sam LaPorta,TE,,461.p.40064,40064,Det,yahoo_fantasy_api
2025,7,,7,api,malle_dips_pouches,ThreatLevelMidnight,2025-W07-05,5,57.74,125.42,Stefon Diggs,WR,W/R/T,True,False,False,,10.4,,Stefon Diggs,WR,,461.p.28534,28534,Was,yahoo_fantasy_api
2025,7,,8,api,malle_dips_pouches,ThreatLevelMidnight,2025-W07-05,5,57.74,125.42,Bucky Irving,RB,BN,False,True,False,,0.0,,Bucky Irving,RB,,461.p.40993,40993,TB,yahoo_fantasy_api
2025,7,,9,api,malle_dips_pouches,ThreatLevelMidnight,2025-W07-05,5,57.74,125.42,Mike Evans,WR,BN,False,True,False,,0.0,,Mike Evans,WR,,461.p.27535,27535,SF,yahoo_fantasy_api
2025,7,,10,api,malle_dips_pouches,ThreatLevelMidnight,2025-W07-05,5,57.74,125.42,Tyrone Tracy Jr.,RB,BN,False,True,False,,10.6,,Tyrone Tracy Jr.,RB,,461.p.41048,41048,NYG,yahoo_fantasy_api
2025,7,,11,api,malle_dips_pouches,ThreatLevelMidnight,2025-W07-05,5,57.74,125.42,Josh Downs,WR,BN,False,True,False,,0.0,,Josh Downs,WR,,461.p.40126,40126,Ind,yahoo_fantasy_api
2025,7,,12,api,malle_dips_pouches,ThreatLevelMidnight,2025-W07-05,5,57.74,125.42,Christian Kirk,WR,BN,False,True,False,,0.0,,Christian Kirk,WR,,461.p.31017,31017,SF,yahoo_fantasy_api
2025,7,,13,api,malle_dips_pouches,ThreatLevelMidnight,2025-W07-05,5,57.74,125.42,Zach Ertz,TE,BN,False,True,False,,11.2,,Zach Ertz,TE,,461.p.26658,26658,Phi,yahoo_fantasy_api
2025,7,,14,api,malle_dips_pouches,ThreatLevelMidnight,2025-W07-05,5,57.74,125.42,Jake Elliott,K,K,True,False,False,,4.0,,Jake Elliott,K,,461.p.30266,30266,Phi,yahoo_fantasy_api
2025,7,,15,api,malle_dips_pouches,ThreatLevelMidnight,2025-W07-05,5,57.74,125.42,Ravens,DEF,DEF,True,False,False,,0.0,,Ravens,DEF,,461.p.100033,100033,Bal,yahoo_fantasy_api
2025,8,,1,api,Buttermilk Puuump,The Big Gronkowski,2025-W08-01,1,134.46,79.02,Jordan Love,QB,QB,True,False,False,,34.3,,Jordan Love,QB,,461.p.32696,32696,GB,yahoo_fantasy_api
2025,8,,2,api,Buttermilk Puuump,The Big Gronkowski,2025-W08-01,1,134.46,79.02,George Pickens,WR,WR,True,False,False,,11.3,,George Pickens,WR,,461.p.34007,34007,Dal,yahoo_fantasy_api
2025,8,,3,api,Buttermilk Puuump,The Big Gronkowski,2025-W08-01,1,134.46,79.02,Deebo Samuel Sr.,WR,WR,True,False,False,,2.7,,Deebo Samuel Sr.,WR,,461.p.31868,31868,SF,yahoo_fantasy_api
2025,8,,4,api,Buttermilk Puuump,The Big Gronkowski,2025-W08-01,1,134.46,79.02,Breece Hall,RB,RB,True,False,False,,33.86,,Breece Hall,RB,,461.p.33991,33991,NYJ,yahoo_fantasy_api
2025,8,,5,api,Buttermilk Puuump,The Big Gronkowski,2025-W08-01,1,134.46,79.02,Josh Jacobs,RB,RB,True,False,False,,12.0,,Josh Jacobs,RB,,461.p.31856,31856,GB,yahoo_fantasy_api
2025,8,,6,api,Buttermilk Puuump,The Big Gronkowski,2025-W08-01,1,134.46,79.02,Kyle Pitts Sr.,TE,TE,True,False,False,,10.4,,Kyle Pitts Sr.,TE,,461.p.33392,33392,Atl,yahoo_fantasy_api
2025,8,,7,api,Buttermilk Puuump,The Big Gronkowski,2025-W08-01,1,134.46,79.02,Nick Chubb,RB,W/R/T,True,False,False,,7.9,,Nick Chubb,RB,,461.p.31005,31005,Hou,yahoo_fantasy_api
2025,8,,8,api,Buttermilk Puuump,The Big Gronkowski,2025-W08-01,1,134.46,79.02,Travis Hunter,WR,BN,False,True,False,,0.0,,Travis Hunter,WR,,461.p.99001,99001,Jax,yahoo_fantasy_api
2025,8,,9,api,Buttermilk Puuump,The Big Gronkowski,2025-W08-01,1,134.46,79.02,Amon-Ra St. Brown,WR,BN,False,True,False,,0.0,,Amon-Ra St. Brown,WR,,461.p.33500,33500,Det,yahoo_fantasy_api
2025,8,,10,api,Buttermilk Puuump,The Big Gronkowski,2025-W08-01,1,134.46,79.02,Jared Goff,QB,BN,False,True,False,,0.0,,Jared Goff,QB,,461.p.29235,29235,Det,yahoo_fantasy_api
2025,8,,11,api,Buttermilk Puuump,The Big Gronkowski,2025-W08-01,1,134.46,79.02,Evan Engram,TE,BN,False,True,False,,5.6,,Evan Engram,TE,,461.p.30136,30136,Den,yahoo_fantasy_api
2025,8,,12,api,Buttermilk Puuump,The Big Gronkowski,2025-W08-01,1,134.46,79.02,Aaron Jones Sr.,RB,BN,False,True,False,,4.0,,Aaron Jones Sr.,RB,,461.p.30295,30295,Min,yahoo_fantasy_api
2025,8,,13,api,Buttermilk Puuump,The Big Gronkowski,2025-W08-01,1,134.46,79.02,Chris Boswell,K,K,True,False,False,,20.0,,Chris Boswell,K,,461.p.28188,28188,Pit,yahoo_fantasy_api
2025,8,,14,api,Buttermilk Puuump,The Big Gronkowski,2025-W08-01,1,134.46,79.02,Tyler Loop,K,BN,False,True,False,,13.0,,Tyler Loop,K,,461.p.41988,41988,Bal,yahoo_fantasy_api
2025,8,,15,api,Buttermilk Puuump,The Big Gronkowski,2025-W08-01,1,134.46,79.02,49ers,DEF,DEF,True,False,False,,2.0,,49ers,DEF,,461.p.100025,100025,SF,yahoo_fantasy_api
2025,8,,1,api,Ginger FC 🏆🏆,Voldemort,2025-W08-03,3,130.68,85.56,Justin Herbert,QB,QB,True,False,False,,32.28,,Justin Herbert,QB,,461.p.32676,32676,LAC,yahoo_fantasy_api
2025,8,,2,api,Ginger FC 🏆🏆,Voldemort,2025-W08-03,3,130.68,85.56,Chris Olave,WR,WR,True,False,False,,10.0,,Chris Olave,WR,,461.p.33966,33966,NO,yahoo_fantasy_api
2025,8,,3,api,Ginger FC 🏆🏆,Voldemort,2025-W08-03,3,130.68,85.56,DeVonta Smith,WR,WR,True,False,False,,11.4,,DeVonta Smith,WR,,461.p.33398,33398,Phi,yahoo_fantasy_api
2025,8,,4,api,Ginger FC 🏆🏆,Voldemort,2025-W08-03,3,130.68,85.56,De'Von Achane,RB,RB,True,False,False,,17.6,,De'Von Achane,RB,,461.p.40118,40118,Mia,yahoo_fantasy_api
2025,8,,5,api,Ginger FC 🏆🏆,Voldemort,2025-W08-03,3,130.68,85.56,Derrick Henry,RB,RB,True,False,False,,19.1,,Derrick Henry,RB,,461.p.29279,29279,Bal,yahoo_fantasy_api
2025,8,,6,api,Ginger FC 🏆🏆,Voldemort,2025-W08-03,3,130.68,85.56,Juwan Johnson,TE,TE,True,False,False,,7.8,,Juwan Johnson,TE,,461.p.33113,33113,NO,yahoo_fantasy_api
2025,8,,7,api,Ginger FC 🏆🏆,Voldemort,2025-W08-03,3,130.68,85.56,Michael Pittman Jr.,WR,W/R/T,True,False,False,,19.5,,Michael Pittman Jr.,WR,,461.p.32704,32704,Pit,yahoo_fantasy_api
2025,8,,8,api,Ginger FC 🏆🏆,Voldemort,2025-W08-03,3,130.68,85.56,Travis Etienne Jr.,RB,BN,False,True,False,,0.0,,Travis Etienne Jr.,RB,,461.p.33413,33413,NO,yahoo_fantasy_api
2025,8,,9,api,Ginger FC 🏆🏆,Voldemort,2025-W08-03,3,130.68,85.56,Davante Adams,WR,BN,False,True,False,,0.0,,Davante Adams,WR,,461.p.27581,27581,LAR,yahoo_fantasy_api
2025,8,,10,api,Ginger FC 🏆🏆,Voldemort,2025-W08-03,3,130.68,85.56,Mark Andrews,TE,BN,False,True,False,,4.9,,Mark Andrews,TE,,461.p.31056,31056,Bal,yahoo_fantasy_api
2025,8,,11,api,Ginger FC 🏆🏆,Voldemort,2025-W08-03,3,130.68,85.56,Trey Benson,RB,BN,False,True,False,,0.0,,Trey Benson,RB,,461.p.40958,40958,Ari,yahoo_fantasy_api
2025,8,,12,api,Ginger FC 🏆🏆,Voldemort,2025-W08-03,3,130.68,85.56,Marvin Mims Jr.,WR,BN,False,True,False,,1.8,,Marvin Mims Jr.,WR,,461.p.40090,40090,Den,yahoo_fantasy_api
2025,8,,13,api,Ginger FC 🏆🏆,Voldemort,2025-W08-03,3,130.68,85.56,Tyreek Hill,WR,IR,False,False,True,,0.0,,Tyreek Hill,WR,,461.p.29399,29399,Mia,yahoo_fantasy_api
2025,8,,14,api,Ginger FC 🏆🏆,Voldemort,2025-W08-03,3,130.68,85.56,Evan McPherson,K,K,True,False,False,,8.0,,Evan McPherson,K,,461.p.33537,33537,Cin,yahoo_fantasy_api
2025,8,,15,api,Ginger FC 🏆🏆,Voldemort,2025-W08-03,3,130.68,85.56,Packers,DEF,DEF,True,False,False,,5.0,,Packers,DEF,,461.p.100009,100009,GB,yahoo_fantasy_api
2025,8,,1,api,Joe Mantegna,malle_dips_pouches,2025-W08-04,4,114.18,83.66,Bo Nix,QB,QB,True,False,False,,32.78,,Bo Nix,QB,,461.p.40875,40875,Den,yahoo_fantasy_api
2025,8,,2,api,Joe Mantegna,malle_dips_pouches,2025-W08-04,4,114.18,83.66,Ja'Marr Chase,WR,WR,True,False,False,,15.1,,Ja'Marr Chase,WR,,461.p.33393,33393,Cin,yahoo_fantasy_api
2025,8,,3,api,Joe Mantegna,malle_dips_pouches,2025-W08-04,4,114.18,83.66,Wan'Dale Robinson,WR,WR,True,False,False,,6.3,,Wan'Dale Robinson,WR,,461.p.33998,33998,Ten,yahoo_fantasy_api
2025,8,,4,api,Joe Mantegna,malle_dips_pouches,2025-W08-04,4,114.18,83.66,Jacory Croskey-Merritt,RB,RB,True,False,False,,2.5,,Jacory Croskey-Merritt,RB,,461.p.42010,42010,Was,yahoo_fantasy_api
2025,8,,5,api,Joe Mantegna,malle_dips_pouches,2025-W08-04,4,114.18,83.66,RJ Harvey,RB,RB,True,False,False,,23.6,,RJ Harvey,RB,,461.p.41845,41845,Den,yahoo_fantasy_api
2025,8,,6,api,Joe Mantegna,malle_dips_pouches,2025-W08-04,4,114.18,83.66,Tyler Warren,TE,TE,True,False,False,,7.3,,Tyler Warren,TE,,461.p.41799,41799,Ind,yahoo_fantasy_api
2025,8,,7,api,Joe Mantegna,malle_dips_pouches,2025-W08-04,4,114.18,83.66,Zay Flowers,WR,W/R/T,True,False,False,,10.6,,Zay Flowers,WR,,461.p.40039,40039,Bal,yahoo_fantasy_api
2025,8,,8,api,Joe Mantegna,malle_dips_pouches,2025-W08-04,4,114.18,83.66,Quentin Johnston,WR,BN,False,True,False,,0.0,,Quentin Johnston,WR,,461.p.40051,40051,LAC,yahoo_fantasy_api
2025,8,,9,api,Joe Mantegna,malle_dips_pouches,2025-W08-04,4,114.18,83.66,Jauan Jennings,WR,BN,False,True,False,,6.5,,Jauan Jennings,WR,,461.p.32887,32887,Min,yahoo_fantasy_api
2025,8,,10,api,Joe Mantegna,malle_dips_pouches,2025-W08-04,4,114.18,83.66,Tucker Kraft,TE,BN,False,True,False,,29.8,,Tucker Kraft,TE,,461.p.40102,40102,GB,yahoo_fantasy_api
2025,8,,11,api,Joe Mantegna,malle_dips_pouches,2025-W08-04,4,114.18,83.66,Cooper Kupp,WR,BN,False,True,False,,0.0,,Cooper Kupp,WR,,461.p.30182,30182,Sea,yahoo_fantasy_api
2025,8,,12,api,Joe Mantegna,malle_dips_pouches,2025-W08-04,4,114.18,83.66,Bam Knight,RB,BN,False,True,False,,0.0,,Bam Knight,RB,,461.p.34357,34357,Ari,yahoo_fantasy_api
2025,8,,13,api,Joe Mantegna,malle_dips_pouches,2025-W08-04,4,114.18,83.66,Omarion Hampton,RB,IR,False,False,True,,0.0,,Omarion Hampton,RB,,461.p.41807,41807,LAC,yahoo_fantasy_api
2025,8,,14,api,Joe Mantegna,malle_dips_pouches,2025-W08-04,4,114.18,83.66,Brandon Aubrey,K,K,True,False,False,,6.0,,Brandon Aubrey,K,,461.p.40819,40819,Dal,yahoo_fantasy_api
2025,8,,15,api,Joe Mantegna,malle_dips_pouches,2025-W08-04,4,114.18,83.66,Chiefs,DEF,DEF,True,False,False,,10.0,,Chiefs,DEF,,461.p.100012,100012,KC,yahoo_fantasy_api
2025,8,,1,api,Malle ❤️ 🐸,Post Mahomes,2025-W08-02,2,97.62,114.96,Marcus Mariota,QB,QB,True,False,False,,15.32,,Marcus Mariota,QB,,461.p.28390,28390,Was,yahoo_fantasy_api
2025,8,,2,api,Malle ❤️ 🐸,Post Mahomes,2025-W08-02,2,97.62,114.96,Khalil Shakir,WR,WR,True,False,False,,17.8,,Khalil Shakir,WR,,461.p.34104,34104,Buf,yahoo_fantasy_api
2025,8,,3,api,Malle ❤️ 🐸,Post Mahomes,2025-W08-02,2,97.62,114.96,Rashid Shaheed,WR,WR,True,False,False,,10.0,,Rashid Shaheed,WR,,461.p.34659,34659,Sea,yahoo_fantasy_api
2025,8,,4,api,Malle ❤️ 🐸,Post Mahomes,2025-W08-02,2,97.62,114.96,Isiah Pacheco,RB,RB,True,False,False,,5.8,,Isiah Pacheco,RB,,461.p.34207,34207,Det,yahoo_fantasy_api
2025,8,,5,api,Malle ❤️ 🐸,Post Mahomes,2025-W08-02,2,97.62,114.96,D'Andre Swift,RB,RB,True,False,False,,14.1,,D'Andre Swift,RB,,461.p.32705,32705,Chi,yahoo_fantasy_api
2025,8,,6,api,Malle ❤️ 🐸,Post Mahomes,2025-W08-02,2,97.62,114.96,Dallas Goedert,TE,TE,True,False,False,,16.3,,Dallas Goedert,TE,,461.p.31019,31019,Phi,yahoo_fantasy_api
2025,8,,7,api,Malle ❤️ 🐸,Post Mahomes,2025-W08-02,2,97.62,114.96,George Kittle,TE,W/R/T,True,False,False,,12.3,,George Kittle,TE,,461.p.30259,30259,SF,yahoo_fantasy_api
2025,8,,8,api,Malle ❤️ 🐸,Post Mahomes,2025-W08-02,2,97.62,114.96,Drake London,WR,BN,False,True,False,,0.0,,Drake London,WR,,461.p.33963,33963,Atl,yahoo_fantasy_api
2025,8,,9,api,Malle ❤️ 🐸,Post Mahomes,2025-W08-02,2,97.62,114.96,Jayden Daniels,QB,BN,False,True,False,,0.0,,Jayden Daniels,QB,,461.p.40896,40896,Was,yahoo_fantasy_api
2025,8,,10,api,Malle ❤️ 🐸,Post Mahomes,2025-W08-02,2,97.62,114.96,Brian Thomas Jr.,WR,BN,False,True,False,,0.0,,Brian Thomas Jr.,WR,,461.p.40883,40883,Jax,yahoo_fantasy_api
2025,8,,11,api,Malle ❤️ 🐸,Post Mahomes,2025-W08-02,2,97.62,114.96,Chris Rodriguez Jr.,RB,BN,False,True,False,,0.2,,Chris Rodriguez Jr.,RB,,461.p.40231,40231,Jax,yahoo_fantasy_api
2025,8,,12,api,Malle ❤️ 🐸,Post Mahomes,2025-W08-02,2,97.62,114.96,Jordan Addison,WR,BN,False,True,False,,10.1,,Jordan Addison,WR,,461.p.40042,40042,Min,yahoo_fantasy_api
2025,8,,13,api,Malle ❤️ 🐸,Post Mahomes,2025-W08-02,2,97.62,114.96,Dalton Schultz,TE,BN,False,True,False,,3.4,,Dalton Schultz,TE,,461.p.31107,31107,Hou,yahoo_fantasy_api
2025,8,,14,api,Malle ❤️ 🐸,Post Mahomes,2025-W08-02,2,97.62,114.96,Matt Gay,K,K,True,False,False,,0.0,,Matt Gay,K,,461.p.31977,31977,LV,yahoo_fantasy_api
2025,8,,15,api,Malle ❤️ 🐸,Post Mahomes,2025-W08-02,2,97.62,114.96,Eagles,DEF,DEF,True,False,False,,6.0,,Eagles,DEF,,461.p.100021,100021,Phi,yahoo_fantasy_api
2025,8,,1,api,Patty Primetimes,Pop Lockett Drop it,2025-W08-06,6,169.62,97.72,Josh Allen,QB,QB,True,False,False,,25.22,,Josh Allen,QB,,461.p.30977,30977,Buf,yahoo_fantasy_api
2025,8,,2,api,Patty Primetimes,Pop Lockett Drop it,2025-W08-06,6,169.62,97.72,Ladd McConkey,WR,WR,True,False,False,,17.8,,Ladd McConkey,WR,,461.p.40908,40908,LAC,yahoo_fantasy_api
2025,8,,3,api,Patty Primetimes,Pop Lockett Drop it,2025-W08-06,6,169.62,97.72,DK Metcalf,WR,WR,True,False,False,,14.0,,DK Metcalf,WR,,461.p.31896,31896,Pit,yahoo_fantasy_api
2025,8,,4,api,Patty Primetimes,Pop Lockett Drop it,2025-W08-06,6,169.62,97.72,Saquon Barkley,RB,RB,True,False,False,,31.4,,Saquon Barkley,RB,,461.p.30972,30972,Phi,yahoo_fantasy_api
2025,8,,5,api,Patty Primetimes,Pop Lockett Drop it,2025-W08-06,6,169.62,97.72,James Cook III,RB,RB,True,False,False,,33.6,,James Cook III,RB,,461.p.34019,34019,Buf,yahoo_fantasy_api
2025,8,,6,api,Patty Primetimes,Pop Lockett Drop it,2025-W08-06,6,169.62,97.72,Travis Kelce,TE,TE,True,False,False,,18.9,,Travis Kelce,TE,,461.p.26686,26686,KC,yahoo_fantasy_api
2025,8,,7,api,Patty Primetimes,Pop Lockett Drop it,2025-W08-06,6,169.62,97.72,Courtland Sutton,WR,W/R/T,True,False,False,,8.7,,Courtland Sutton,WR,,461.p.31010,31010,Den,yahoo_fantasy_api
2025,8,,8,api,Patty Primetimes,Pop Lockett Drop it,2025-W08-06,6,169.62,97.72,J.K. Dobbins,RB,BN,False,True,False,,13.1,,J.K. Dobbins,RB,,461.p.32725,32725,Den,yahoo_fantasy_api
2025,8,,9,api,Patty Primetimes,Pop Lockett Drop it,2025-W08-06,6,169.62,97.72,Caleb Williams,QB,BN,False,True,False,,12.8,,Caleb Williams,QB,,461.p.40900,40900,Chi,yahoo_fantasy_api
2025,8,,10,api,Patty Primetimes,Pop Lockett Drop it,2025-W08-06,6,169.62,97.72,Hassan Haskins,RB,BN,False,True,False,,0.0,,Hassan Haskins,RB,,461.p.34087,34087,NE,yahoo_fantasy_api
2025,8,,11,api,Patty Primetimes,Pop Lockett Drop it,2025-W08-06,6,169.62,97.72,Keon Coleman,WR,BN,False,True,False,,4.5,,Keon Coleman,WR,,461.p.40911,40911,Buf,yahoo_fantasy_api
2025,8,,12,api,Patty Primetimes,Pop Lockett Drop it,2025-W08-06,6,169.62,97.72,Tank Bigsby,RB,BN,False,True,False,,10.4,,Tank Bigsby,RB,,461.p.40095,40095,Phi,yahoo_fantasy_api
2025,8,,13,api,Patty Primetimes,Pop Lockett Drop it,2025-W08-06,6,169.62,97.72,Cameron Dicker,K,K,True,False,False,,15.0,,Cameron Dicker,K,,461.p.34344,34344,LAC,yahoo_fantasy_api
2025,8,,14,api,Patty Primetimes,Pop Lockett Drop it,2025-W08-06,6,169.62,97.72,Texans,DEF,DEF,True,False,False,,5.0,,Texans,DEF,,461.p.100034,100034,Hou,yahoo_fantasy_api
2025,8,,15,api,Patty Primetimes,Pop Lockett Drop it,2025-W08-06,6,169.62,97.72,Cowboys,DEF,BN,False,True,False,,-2.0,,Cowboys,DEF,,461.p.100006,100006,Dal,yahoo_fantasy_api
2025,8,,1,api,Pop Lockett Drop it,Patty Primetimes,2025-W08-06,6,97.72,169.62,Jaxson Dart,QB,QB,True,False,False,,21.42,,Jaxson Dart,QB,,461.p.41810,41810,NYG,yahoo_fantasy_api
2025,8,,2,api,Pop Lockett Drop it,Patty Primetimes,2025-W08-06,6,97.72,169.62,Rome Odunze,WR,WR,True,False,False,,14.9,,Rome Odunze,WR,,461.p.40901,40901,Chi,yahoo_fantasy_api
2025,8,,3,api,Pop Lockett Drop it,Patty Primetimes,2025-W08-06,6,97.72,169.62,CeeDee Lamb,WR,WR,True,False,False,,11.1,,CeeDee Lamb,WR,,461.p.32687,32687,Dal,yahoo_fantasy_api
2025,8,,4,api,Pop Lockett Drop it,Patty Primetimes,2025-W08-06,6,97.72,169.62,Javonte Williams,RB,RB,True,False,False,,17.4,,Javonte Williams,RB,,461.p.33423,33423,Dal,yahoo_fantasy_api
2025,8,,5,api,Pop Lockett Drop it,Patty Primetimes,2025-W08-06,6,97.72,169.62,Jordan Mason,RB,RB,True,False,False,,1.1,,Jordan Mason,RB,,461.p.34320,34320,Min,yahoo_fantasy_api
2025,8,,6,api,Pop Lockett Drop it,Patty Primetimes,2025-W08-06,6,97.72,169.62,Mason Taylor,TE,TE,True,False,False,,11.9,,Mason Taylor,TE,,461.p.41827,41827,NYJ,yahoo_fantasy_api
2025,8,,7,api,Pop Lockett Drop it,Patty Primetimes,2025-W08-06,6,97.72,169.62,Tee Higgins,WR,W/R/T,True,False,False,,10.9,,Tee Higgins,WR,,461.p.32703,32703,Cin,yahoo_fantasy_api
2025,8,,8,api,Pop Lockett Drop it,Patty Primetimes,2025-W08-06,6,97.72,169.62,Lamar Jackson,QB,BN,False,True,False,,0.0,,Lamar Jackson,QB,,461.p.31002,31002,Bal,yahoo_fantasy_api
2025,8,,9,api,Pop Lockett Drop it,Patty Primetimes,2025-W08-06,6,97.72,169.62,Kareem Hunt,RB,BN,False,True,False,,16.7,,Kareem Hunt,RB,,461.p.30199,30199,KC,yahoo_fantasy_api
2025,8,,10,api,Pop Lockett Drop it,Patty Primetimes,2025-W08-06,6,97.72,169.62,Kenneth Walker III,RB,BN,False,True,False,,0.0,,Kenneth Walker III,RB,,461.p.33996,33996,KC,yahoo_fantasy_api
2025,8,,11,api,Pop Lockett Drop it,Patty Primetimes,2025-W08-06,6,97.72,169.62,Trey McBride,TE,BN,False,True,False,,0.0,,Trey McBride,TE,,461.p.34010,34010,Ari,yahoo_fantasy_api
2025,8,,12,api,Pop Lockett Drop it,Patty Primetimes,2025-W08-06,6,97.72,169.62,Matthew Stafford,QB,BN,False,True,False,,0.0,,Matthew Stafford,QB,,461.p.9265,9265,LAR,yahoo_fantasy_api
2025,8,,13,api,Pop Lockett Drop it,Patty Primetimes,2025-W08-06,6,97.72,169.62,Troy Franklin,WR,BN,False,True,False,,23.9,,Troy Franklin,WR,,461.p.41009,41009,Den,yahoo_fantasy_api
2025,8,,14,api,Pop Lockett Drop it,Patty Primetimes,2025-W08-06,6,97.72,169.62,Michael Badgley,K,K,True,False,False,,9.0,,Michael Badgley,K,,461.p.31366,31366,Ind,yahoo_fantasy_api
2025,8,,15,api,Pop Lockett Drop it,Patty Primetimes,2025-W08-06,6,97.72,169.62,Vikings,DEF,DEF,True,False,False,,0.0,,Vikings,DEF,,461.p.100016,100016,Min,yahoo_fantasy_api
2025,8,,1,api,Post Mahomes,Malle ❤️ 🐸,2025-W08-02,2,114.96,97.62,Patrick Mahomes,QB,QB,True,False,False,,30.96,,Patrick Mahomes,QB,,461.p.30123,30123,KC,yahoo_fantasy_api
2025,8,,2,api,Post Mahomes,Malle ❤️ 🐸,2025-W08-02,2,114.96,97.62,Tetairoa McMillan,WR,WR,True,False,False,,13.4,,Tetairoa McMillan,WR,,461.p.41793,41793,Car,yahoo_fantasy_api
2025,8,,3,api,Post Mahomes,Malle ❤️ 🐸,2025-W08-02,2,114.96,97.62,Tez Johnson,WR,WR,True,False,False,,6.8,,Tez Johnson,WR,,461.p.42030,42030,TB,yahoo_fantasy_api
2025,8,,4,api,Post Mahomes,Malle ❤️ 🐸,2025-W08-02,2,114.96,97.62,Cam Skattebo,RB,RB,True,False,False,,9.5,,Cam Skattebo,RB,,461.p.41922,41922,NYG,yahoo_fantasy_api
2025,8,,5,api,Post Mahomes,Malle ❤️ 🐸,2025-W08-02,2,114.96,97.62,Kimani Vidal,RB,RB,True,False,False,,19.2,,Kimani Vidal,RB,,461.p.41052,41052,LAC,yahoo_fantasy_api
2025,8,,6,api,Post Mahomes,Malle ❤️ 🐸,2025-W08-02,2,114.96,97.62,Oronde Gadsden,TE,TE,True,False,False,,16.2,,Oronde Gadsden,TE,,461.p.41951,41951,LAC,yahoo_fantasy_api
2025,8,,7,api,Post Mahomes,Malle ❤️ 🐸,2025-W08-02,2,114.96,97.62,Romeo Doubs,WR,W/R/T,True,False,False,,7.9,,Romeo Doubs,WR,,461.p.34088,34088,NE,yahoo_fantasy_api
2025,8,,8,api,Post Mahomes,Malle ❤️ 🐸,2025-W08-02,2,114.96,97.62,Chris Godwin Jr.,WR,BN,False,True,False,,0.0,,Chris Godwin Jr.,WR,,461.p.30197,30197,TB,yahoo_fantasy_api
2025,8,,9,api,Post Mahomes,Malle ❤️ 🐸,2025-W08-02,2,114.96,97.62,Ricky Pearsall,WR,BN,False,True,False,,0.0,,Ricky Pearsall,WR,,461.p.40892,40892,SF,yahoo_fantasy_api
2025,8,,10,api,Post Mahomes,Malle ❤️ 🐸,2025-W08-02,2,114.96,97.62,Jahmyr Gibbs,RB,BN,False,True,False,,0.0,,Jahmyr Gibbs,RB,,461.p.40059,40059,Det,yahoo_fantasy_api
2025,8,,11,api,Post Mahomes,Malle ❤️ 🐸,2025-W08-02,2,114.96,97.62,Kyren Williams,RB,BN,False,True,False,,0.0,,Kyren Williams,RB,,461.p.34120,34120,LAR,yahoo_fantasy_api
2025,8,,12,api,Post Mahomes,Malle ❤️ 🐸,2025-W08-02,2,114.96,97.62,Garrett Wilson,WR,BN,False,True,False,,0.0,,Garrett Wilson,WR,,461.p.33965,33965,NYJ,yahoo_fantasy_api
2025,8,,13,api,Post Mahomes,Malle ❤️ 🐸,2025-W08-02,2,114.96,97.62,Brock Bowers,TE,IR,False,False,True,,0.0,,Brock Bowers,TE,,461.p.40878,40878,LV,yahoo_fantasy_api
2025,8,,14,api,Post Mahomes,Malle ❤️ 🐸,2025-W08-02,2,114.96,97.62,Harrison Butker,K,K,True,False,False,,4.0,,Harrison Butker,K,,461.p.30346,30346,KC,yahoo_fantasy_api
2025,8,,15,api,Post Mahomes,Malle ❤️ 🐸,2025-W08-02,2,114.96,97.62,Colts,DEF,DEF,True,False,False,,7.0,,Colts,DEF,,461.p.100011,100011,Ind,yahoo_fantasy_api
2025,8,,16,api,Post Mahomes,Malle ❤️ 🐸,2025-W08-02,2,114.96,97.62,Broncos,DEF,BN,False,True,False,,6.0,,Broncos,DEF,,461.p.100007,100007,Den,yahoo_fantasy_api
2025,8,,1,api,The Big Gronkowski,Buttermilk Puuump,2025-W08-01,1,79.02,134.46,Dak Prescott,QB,QB,True,False,False,,8.62,,Dak Prescott,QB,,461.p.29369,29369,Dal,yahoo_fantasy_api
2025,8,,2,api,The Big Gronkowski,Buttermilk Puuump,2025-W08-01,1,79.02,134.46,Darnell Mooney,WR,WR,True,False,False,,1.6,,Darnell Mooney,WR,,461.p.32843,32843,NYG,yahoo_fantasy_api
2025,8,,3,api,The Big Gronkowski,Buttermilk Puuump,2025-W08-01,1,79.02,134.46,Xavier Legette,WR,WR,True,False,False,,2.7,,Xavier Legette,WR,,461.p.40890,40890,Car,yahoo_fantasy_api
2025,8,,4,api,The Big Gronkowski,Buttermilk Puuump,2025-W08-01,1,79.02,134.46,Chuba Hubbard,RB,RB,True,False,False,,9.4,,Chuba Hubbard,RB,,461.p.33514,33514,Car,yahoo_fantasy_api
2025,8,,5,api,The Big Gronkowski,Buttermilk Puuump,2025-W08-01,1,79.02,134.46,Woody Marks,RB,RB,True,False,False,,13.1,,Woody Marks,RB,,461.p.41902,41902,Hou,yahoo_fantasy_api
2025,8,,6,api,The Big Gronkowski,Buttermilk Puuump,2025-W08-01,1,79.02,134.46,Hunter Henry,TE,TE,True,False,False,,7.2,,Hunter Henry,TE,,461.p.29269,29269,NE,yahoo_fantasy_api
2025,8,,7,api,The Big Gronkowski,Buttermilk Puuump,2025-W08-01,1,79.02,134.46,Jayden Higgins,WR,W/R/T,True,False,False,,11.4,,Jayden Higgins,WR,,461.p.41819,41819,Hou,yahoo_fantasy_api
2025,8,,8,api,The Big Gronkowski,Buttermilk Puuump,2025-W08-01,1,79.02,134.46,Nico Collins,WR,BN,False,True,False,,0.0,,Nico Collins,WR,,461.p.33477,33477,Hou,yahoo_fantasy_api
2025,8,,9,api,The Big Gronkowski,Buttermilk Puuump,2025-W08-01,1,79.02,134.46,TreVeyon Henderson,RB,BN,False,True,False,,5.5,,TreVeyon Henderson,RB,,461.p.41823,41823,NE,yahoo_fantasy_api
2025,8,,10,api,The Big Gronkowski,Buttermilk Puuump,2025-W08-01,1,79.02,134.46,A.J. Brown,WR,BN,False,True,False,,0.0,,A.J. Brown,WR,,461.p.31883,31883,NE,yahoo_fantasy_api
2025,8,,11,api,The Big Gronkowski,Buttermilk Puuump,2025-W08-01,1,79.02,134.46,Jameson Williams,WR,BN,False,True,False,,0.0,,Jameson Williams,WR,,461.p.33967,33967,Det,yahoo_fantasy_api
2025,8,,12,api,The Big Gronkowski,Buttermilk Puuump,2025-W08-01,1,79.02,134.46,Drake Maye,QB,BN,False,True,False,,33.28,,Drake Maye,QB,,461.p.40881,40881,NE,yahoo_fantasy_api
2025,8,,13,api,The Big Gronkowski,Buttermilk Puuump,2025-W08-01,1,79.02,134.46,T.J. Hockenson,TE,BN,False,True,False,,3.6,,T.J. Hockenson,TE,,461.p.31840,31840,Min,yahoo_fantasy_api
2025,8,,14,api,The Big Gronkowski,Buttermilk Puuump,2025-W08-01,1,79.02,134.46,Ka'imi Fairbairn,K,K,True,False,False,,14.0,,Ka'imi Fairbairn,K,,461.p.29792,29792,Hou,yahoo_fantasy_api
2025,8,,15,api,The Big Gronkowski,Buttermilk Puuump,2025-W08-01,1,79.02,134.46,Patriots,DEF,DEF,True,False,False,,11.0,,Patriots,DEF,,461.p.100017,100017,NE,yahoo_fantasy_api
2025,8,,1,api,ThreatLevelMidnight,Uncle Rico,2025-W08-05,5,64.58,134.18,Baker Mayfield,QB,QB,True,False,False,,4.08,,Baker Mayfield,QB,,461.p.30971,30971,TB,yahoo_fantasy_api
2025,8,,2,api,ThreatLevelMidnight,Uncle Rico,2025-W08-05,5,64.58,134.18,Rashee Rice,WR,WR,True,False,False,,21.0,,Rashee Rice,WR,,461.p.40084,40084,KC,yahoo_fantasy_api
2025,8,,3,api,ThreatLevelMidnight,Uncle Rico,2025-W08-05,5,64.58,134.18,DJ Moore,WR,WR,True,False,False,,9.6,,DJ Moore,WR,,461.p.30994,30994,Buf,yahoo_fantasy_api
2025,8,,4,api,ThreatLevelMidnight,Uncle Rico,2025-W08-05,5,64.58,134.18,Quinshon Judkins,RB,RB,True,False,False,,3.2,,Quinshon Judkins,RB,,461.p.41821,41821,Cle,yahoo_fantasy_api
2025,8,,5,api,ThreatLevelMidnight,Uncle Rico,2025-W08-05,5,64.58,134.18,Bijan Robinson,RB,RB,True,False,False,,4.3,,Bijan Robinson,RB,,461.p.40055,40055,Atl,yahoo_fantasy_api
2025,8,,6,api,ThreatLevelMidnight,Uncle Rico,2025-W08-05,5,64.58,134.18,Jake Ferguson,TE,TE,True,False,False,,0.0,,Jake Ferguson,TE,,461.p.34085,34085,Dal,yahoo_fantasy_api
2025,8,,7,api,ThreatLevelMidnight,Uncle Rico,2025-W08-05,5,64.58,134.18,Rico Dowdle,RB,W/R/T,True,False,False,,5.4,,Rico Dowdle,RB,,461.p.33100,33100,Pit,yahoo_fantasy_api
2025,8,,8,api,ThreatLevelMidnight,Uncle Rico,2025-W08-05,5,64.58,134.18,Rhamondre Stevenson,RB,BN,False,True,False,,5.4,,Rhamondre Stevenson,RB,,461.p.33508,33508,NE,yahoo_fantasy_api
2025,8,,9,api,ThreatLevelMidnight,Uncle Rico,2025-W08-05,5,64.58,134.18,Marvin Harrison Jr.,WR,BN,False,True,False,,0.0,,Marvin Harrison Jr.,WR,,461.p.40893,40893,Ari,yahoo_fantasy_api
2025,8,,10,api,ThreatLevelMidnight,Uncle Rico,2025-W08-05,5,64.58,134.18,Xavier Worthy,WR,BN,False,True,False,,7.8,,Xavier Worthy,WR,,461.p.40877,40877,KC,yahoo_fantasy_api
2025,8,,11,api,ThreatLevelMidnight,Uncle Rico,2025-W08-05,5,64.58,134.18,Tony Pollard,RB,BN,False,True,False,,5.8,,Tony Pollard,RB,,461.p.31960,31960,Ten,yahoo_fantasy_api
2025,8,,12,api,ThreatLevelMidnight,Uncle Rico,2025-W08-05,5,64.58,134.18,Tyler Allgeier,RB,BN,False,True,False,,8.4,,Tyler Allgeier,RB,,461.p.34107,34107,Ari,yahoo_fantasy_api
2025,8,,13,api,ThreatLevelMidnight,Uncle Rico,2025-W08-05,5,64.58,134.18,Alec Pierce,WR,BN,False,True,False,,7.9,,Alec Pierce,WR,,461.p.34008,34008,Ind,yahoo_fantasy_api
2025,8,,14,api,ThreatLevelMidnight,Uncle Rico,2025-W08-05,5,64.58,134.18,Chase McLaughlin,K,K,True,False,False,,17.0,,Chase McLaughlin,K,,461.p.32417,32417,TB,yahoo_fantasy_api
2025,8,,15,api,ThreatLevelMidnight,Uncle Rico,2025-W08-05,5,64.58,134.18,Falcons,DEF,DEF,True,False,False,,0.0,,Falcons,DEF,,461.p.100001,100001,Atl,yahoo_fantasy_api
2025,8,,1,api,Uncle Rico,ThreatLevelMidnight,2025-W08-05,5,134.18,64.58,Daniel Jones,QB,QB,True,False,False,,29.18,,Daniel Jones,QB,,461.p.31838,31838,Ind,yahoo_fantasy_api
2025,8,,2,api,Uncle Rico,ThreatLevelMidnight,2025-W08-05,5,134.18,64.58,Jaylen Waddle,WR,WR,True,False,False,,18.4,,Jaylen Waddle,WR,,461.p.33394,33394,Den,yahoo_fantasy_api
2025,8,,3,api,Uncle Rico,ThreatLevelMidnight,2025-W08-05,5,134.18,64.58,Emeka Egbuka,WR,WR,True,False,False,,5.0,,Emeka Egbuka,WR,,461.p.41804,41804,TB,yahoo_fantasy_api
2025,8,,4,api,Uncle Rico,ThreatLevelMidnight,2025-W08-05,5,134.18,64.58,Christian McCaffrey,RB,RB,True,False,False,,8.3,,Christian McCaffrey,RB,,461.p.30121,30121,SF,yahoo_fantasy_api
2025,8,,5,api,Uncle Rico,ThreatLevelMidnight,2025-W08-05,5,134.18,64.58,Jonathan Taylor,RB,RB,True,False,False,,36.4,,Jonathan Taylor,RB,,461.p.32711,32711,Ind,yahoo_fantasy_api
2025,8,,6,api,Uncle Rico,ThreatLevelMidnight,2025-W08-05,5,134.18,64.58,Cade Otton,TE,TE,True,False,False,,6.0,,Cade Otton,TE,,461.p.34062,34062,TB,yahoo_fantasy_api
2025,8,,7,api,Uncle Rico,ThreatLevelMidnight,2025-W08-05,5,134.18,64.58,Terry McLaurin,WR,W/R/T,True,False,False,,12.9,,Terry McLaurin,WR,,461.p.31908,31908,Was,yahoo_fantasy_api
2025,8,,8,api,Uncle Rico,ThreatLevelMidnight,2025-W08-05,5,134.18,64.58,Jerry Jeudy,WR,BN,False,True,False,,0.0,,Jerry Jeudy,WR,,461.p.32685,32685,Cle,yahoo_fantasy_api
2025,8,,9,api,Uncle Rico,ThreatLevelMidnight,2025-W08-05,5,134.18,64.58,Tre Tucker,WR,BN,False,True,False,,0.0,,Tre Tucker,WR,,461.p.40114,40114,LV,yahoo_fantasy_api
2025,8,,10,api,Uncle Rico,ThreatLevelMidnight,2025-W08-05,5,134.18,64.58,Dalton Kincaid,TE,BN,False,True,False,,2.8,,Dalton Kincaid,TE,,461.p.40048,40048,Buf,yahoo_fantasy_api
2025,8,,11,api,Uncle Rico,ThreatLevelMidnight,2025-W08-05,5,134.18,64.58,Matthew Golden,WR,BN,False,True,False,,1.9,,Matthew Golden,WR,,461.p.41808,41808,GB,yahoo_fantasy_api
2025,8,,12,api,Uncle Rico,ThreatLevelMidnight,2025-W08-05,5,134.18,64.58,Bhayshul Tuten,RB,BN,False,True,False,,0.0,,Bhayshul Tuten,RB,,461.p.41900,41900,Jax,yahoo_fantasy_api
2025,8,,13,api,Uncle Rico,ThreatLevelMidnight,2025-W08-05,5,134.18,64.58,Zach Charbonnet,RB,BN,False,True,False,,0.0,,Zach Charbonnet,RB,,461.p.40075,40075,Sea,yahoo_fantasy_api
2025,8,,14,api,Uncle Rico,ThreatLevelMidnight,2025-W08-05,5,134.18,64.58,Joe Burrow,QB,IR,False,False,True,,0.0,,Joe Burrow,QB,,461.p.32671,32671,Cin,yahoo_fantasy_api
2025,8,,15,api,Uncle Rico,ThreatLevelMidnight,2025-W08-05,5,134.18,64.58,Wil Lutz,K,K,True,False,False,,9.0,,Wil Lutz,K,,461.p.29754,29754,Den,yahoo_fantasy_api
2025,8,,16,api,Uncle Rico,ThreatLevelMidnight,2025-W08-05,5,134.18,64.58,Browns,DEF,DEF,True,False,False,,9.0,,Browns,DEF,,461.p.100005,100005,Cle,yahoo_fantasy_api
2025,8,,1,api,Voldemort,Ginger FC 🏆🏆,2025-W08-03,3,85.56,130.68,Aaron Rodgers,QB,QB,True,False,False,,20.76,,Aaron Rodgers,QB,,461.p.7200,7200,Pit,yahoo_fantasy_api
2025,8,,2,api,Voldemort,Ginger FC 🏆🏆,2025-W08-03,3,85.56,130.68,Justin Jefferson,WR,WR,True,False,False,,10.9,,Justin Jefferson,WR,,461.p.32692,32692,Min,yahoo_fantasy_api
2025,8,,3,api,Voldemort,Ginger FC 🏆🏆,2025-W08-03,3,85.56,130.68,Keenan Allen,WR,WR,True,False,False,,6.4,,Keenan Allen,WR,,461.p.26699,26699,Ind,yahoo_fantasy_api
2025,8,,4,api,Voldemort,Ginger FC 🏆🏆,2025-W08-03,3,85.56,130.68,Jaylen Warren,RB,RB,True,False,False,,8.3,,Jaylen Warren,RB,,461.p.34447,34447,Pit,yahoo_fantasy_api
2025,8,,5,api,Voldemort,Ginger FC 🏆🏆,2025-W08-03,3,85.56,130.68,Alvin Kamara,RB,RB,True,False,False,,5.5,,Alvin Kamara,RB,,461.p.30180,30180,NO,yahoo_fantasy_api
2025,8,,6,api,Voldemort,Ginger FC 🏆🏆,2025-W08-03,3,85.56,130.68,Jonnu Smith,TE,TE,True,False,False,,2.7,,Jonnu Smith,TE,,461.p.30213,30213,GB,yahoo_fantasy_api
2025,8,,7,api,Voldemort,Ginger FC 🏆🏆,2025-W08-03,3,85.56,130.68,Chase Brown,RB,W/R/T,True,False,False,,24.0,,Chase Brown,RB,,461.p.40196,40196,Cin,yahoo_fantasy_api
2025,8,,8,api,Voldemort,Ginger FC 🏆🏆,2025-W08-03,3,85.56,130.68,Jaxon Smith-Njigba,WR,BN,False,True,False,,0.0,,Jaxon Smith-Njigba,WR,,461.p.40041,40041,Sea,yahoo_fantasy_api
2025,8,,9,api,Voldemort,Ginger FC 🏆🏆,2025-W08-03,3,85.56,130.68,Kyler Murray,QB,BN,False,True,False,,0.0,,Kyler Murray,QB,,461.p.31833,31833,Min,yahoo_fantasy_api
2025,8,,10,api,Voldemort,Ginger FC 🏆🏆,2025-W08-03,3,85.56,130.68,David Montgomery,RB,BN,False,True,False,,0.0,,David Montgomery,RB,,461.p.31905,31905,Hou,yahoo_fantasy_api
2025,8,,11,api,Voldemort,Ginger FC 🏆🏆,2025-W08-03,3,85.56,130.68,Kenny Gainwell,RB,BN,False,True,False,,2.5,,Kenny Gainwell,RB,,461.p.33538,33538,TB,yahoo_fantasy_api
2025,8,,12,api,Voldemort,Ginger FC 🏆🏆,2025-W08-03,3,85.56,130.68,Michael Carter,RB,BN,False,True,False,,0.0,,Michael Carter,RB,,461.p.33495,33495,Ten,yahoo_fantasy_api
2025,8,,13,api,Voldemort,Ginger FC 🏆🏆,2025-W08-03,3,85.56,130.68,Puka Nacua,WR,IR,False,False,True,,0.0,,Puka Nacua,WR,,461.p.40168,40168,LAR,yahoo_fantasy_api
2025,8,,14,api,Voldemort,Ginger FC 🏆🏆,2025-W08-03,3,85.56,130.68,Will Reichard,K,K,True,False,False,,6.0,,Will Reichard,K,,461.p.41093,41093,Min,yahoo_fantasy_api
2025,8,,15,api,Voldemort,Ginger FC 🏆🏆,2025-W08-03,3,85.56,130.68,Bears,DEF,DEF,True,False,False,,1.0,,Bears,DEF,,461.p.100003,100003,Chi,yahoo_fantasy_api
2025,8,,1,api,malle_dips_pouches,Joe Mantegna,2025-W08-04,4,83.66,114.18,Jalen Hurts,QB,QB,True,False,False,,33.36,,Jalen Hurts,QB,,461.p.32723,32723,Phi,yahoo_fantasy_api
2025,8,,2,api,malle_dips_pouches,Joe Mantegna,2025-W08-04,4,83.66,114.18,Calvin Ridley,WR,WR,True,False,False,,0.0,,Calvin Ridley,WR,,461.p.30996,30996,Ten,yahoo_fantasy_api
2025,8,,3,api,malle_dips_pouches,Joe Mantegna,2025-W08-04,4,83.66,114.18,Stefon Diggs,WR,WR,True,False,False,,8.9,,Stefon Diggs,WR,,461.p.28534,28534,Was,yahoo_fantasy_api
2025,8,,4,api,malle_dips_pouches,Joe Mantegna,2025-W08-04,4,83.66,114.18,Rachaad White,RB,RB,True,False,False,,7.1,,Rachaad White,RB,,461.p.34047,34047,Was,yahoo_fantasy_api
2025,8,,5,api,malle_dips_pouches,Joe Mantegna,2025-W08-04,4,83.66,114.18,Tyrone Tracy Jr.,RB,RB,True,False,False,,6.3,,Tyrone Tracy Jr.,RB,,461.p.41048,41048,NYG,yahoo_fantasy_api
2025,8,,6,api,malle_dips_pouches,Joe Mantegna,2025-W08-04,4,83.66,114.18,Zach Ertz,TE,TE,True,False,False,,3.6,,Zach Ertz,TE,,461.p.26658,26658,Phi,yahoo_fantasy_api
2025,8,,7,api,malle_dips_pouches,Joe Mantegna,2025-W08-04,4,83.66,114.18,Josh Downs,WR,W/R/T,True,False,False,,11.4,,Josh Downs,WR,,461.p.40126,40126,Ind,yahoo_fantasy_api
2025,8,,8,api,malle_dips_pouches,Joe Mantegna,2025-W08-04,4,83.66,114.18,Ashton Jeanty,RB,BN,False,True,False,,0.0,,Ashton Jeanty,RB,,461.p.41791,41791,LV,yahoo_fantasy_api
2025,8,,9,api,malle_dips_pouches,Joe Mantegna,2025-W08-04,4,83.66,114.18,Jakobi Meyers,WR,BN,False,True,False,,0.0,,Jakobi Meyers,WR,,461.p.32231,32231,Jax,yahoo_fantasy_api
2025,8,,10,api,malle_dips_pouches,Joe Mantegna,2025-W08-04,4,83.66,114.18,Sam LaPorta,TE,BN,False,True,False,,0.0,,Sam LaPorta,TE,,461.p.40064,40064,Det,yahoo_fantasy_api
2025,8,,11,api,malle_dips_pouches,Joe Mantegna,2025-W08-04,4,83.66,114.18,Bucky Irving,RB,BN,False,True,False,,0.0,,Bucky Irving,RB,,461.p.40993,40993,TB,yahoo_fantasy_api
2025,8,,12,api,malle_dips_pouches,Joe Mantegna,2025-W08-04,4,83.66,114.18,Christian Kirk,WR,BN,False,True,False,,0.0,,Christian Kirk,WR,,461.p.31017,31017,SF,yahoo_fantasy_api
2025,8,,13,api,malle_dips_pouches,Joe Mantegna,2025-W08-04,4,83.66,114.18,Mike Evans,WR,IR,False,False,True,,0.0,,Mike Evans,WR,,461.p.27535,27535,SF,yahoo_fantasy_api
2025,8,,14,api,malle_dips_pouches,Joe Mantegna,2025-W08-04,4,83.66,114.18,Jake Elliott,K,K,True,False,False,,9.0,,Jake Elliott,K,,461.p.30266,30266,Phi,yahoo_fantasy_api
2025,8,,15,api,malle_dips_pouches,Joe Mantegna,2025-W08-04,4,83.66,114.18,Ravens,DEF,DEF,True,False,False,,4.0,,Ravens,DEF,,461.p.100033,100033,Bal,yahoo_fantasy_api
2025,9,,1,api,Buttermilk Puuump,Patty Primetimes,2025-W09-06,6,88.62,98.52,Jordan Love,QB,QB,True,False,False,,10.02,,Jordan Love,QB,,461.p.32696,32696,GB,yahoo_fantasy_api
2025,9,,2,api,Buttermilk Puuump,Patty Primetimes,2025-W09-06,6,88.62,98.52,George Pickens,WR,WR,True,False,False,,10.9,,George Pickens,WR,,461.p.34007,34007,Dal,yahoo_fantasy_api
2025,9,,3,api,Buttermilk Puuump,Patty Primetimes,2025-W09-06,6,88.62,98.52,Deebo Samuel Sr.,WR,WR,True,False,False,,6.9,,Deebo Samuel Sr.,WR,,461.p.31868,31868,SF,yahoo_fantasy_api
2025,9,,4,api,Buttermilk Puuump,Patty Primetimes,2025-W09-06,6,88.62,98.52,Josh Jacobs,RB,RB,True,False,False,,18.0,,Josh Jacobs,RB,,461.p.31856,31856,GB,yahoo_fantasy_api
2025,9,,5,api,Buttermilk Puuump,Patty Primetimes,2025-W09-06,6,88.62,98.52,Aaron Jones Sr.,RB,RB,True,False,False,,10.8,,Aaron Jones Sr.,RB,,461.p.30295,30295,Min,yahoo_fantasy_api
2025,9,,6,api,Buttermilk Puuump,Patty Primetimes,2025-W09-06,6,88.62,98.52,Kyle Pitts Sr.,TE,TE,True,False,False,,5.8,,Kyle Pitts Sr.,TE,,461.p.33392,33392,Atl,yahoo_fantasy_api
2025,9,,7,api,Buttermilk Puuump,Patty Primetimes,2025-W09-06,6,88.62,98.52,Amon-Ra St. Brown,WR,W/R/T,True,False,False,,14.2,,Amon-Ra St. Brown,WR,,461.p.33500,33500,Det,yahoo_fantasy_api
2025,9,,8,api,Buttermilk Puuump,Patty Primetimes,2025-W09-06,6,88.62,98.52,Nick Chubb,RB,BN,False,True,False,,3.4,,Nick Chubb,RB,,461.p.31005,31005,Hou,yahoo_fantasy_api
2025,9,,9,api,Buttermilk Puuump,Patty Primetimes,2025-W09-06,6,88.62,98.52,Breece Hall,RB,BN,False,True,False,,0.0,,Breece Hall,RB,,461.p.33991,33991,NYJ,yahoo_fantasy_api
2025,9,,10,api,Buttermilk Puuump,Patty Primetimes,2025-W09-06,6,88.62,98.52,Travis Hunter,WR,BN,False,True,False,,0.0,,Travis Hunter,WR,,461.p.99001,99001,Jax,yahoo_fantasy_api
2025,9,,11,api,Buttermilk Puuump,Patty Primetimes,2025-W09-06,6,88.62,98.52,Jared Goff,QB,BN,False,True,False,,23.36,,Jared Goff,QB,,461.p.29235,29235,Det,yahoo_fantasy_api
2025,9,,12,api,Buttermilk Puuump,Patty Primetimes,2025-W09-06,6,88.62,98.52,Evan Engram,TE,BN,False,True,False,,0.0,,Evan Engram,TE,,461.p.30136,30136,Den,yahoo_fantasy_api
2025,9,,13,api,Buttermilk Puuump,Patty Primetimes,2025-W09-06,6,88.62,98.52,Chris Boswell,K,K,True,False,False,,10.0,,Chris Boswell,K,,461.p.28188,28188,Pit,yahoo_fantasy_api
2025,9,,14,api,Buttermilk Puuump,Patty Primetimes,2025-W09-06,6,88.62,98.52,Tyler Loop,K,BN,False,True,False,,4.0,,Tyler Loop,K,,461.p.41988,41988,Bal,yahoo_fantasy_api
2025,9,,15,api,Buttermilk Puuump,Patty Primetimes,2025-W09-06,6,88.62,98.52,49ers,DEF,DEF,True,False,False,,2.0,,49ers,DEF,,461.p.100025,100025,SF,yahoo_fantasy_api
2025,9,,1,api,Ginger FC 🏆🏆,Post Mahomes,2025-W09-05,5,128.2,104.7,Justin Herbert,QB,QB,True,False,False,,32.7,,Justin Herbert,QB,,461.p.32676,32676,LAC,yahoo_fantasy_api
2025,9,,2,api,Ginger FC 🏆🏆,Post Mahomes,2025-W09-05,5,128.2,104.7,Davante Adams,WR,WR,True,False,False,,20.5,,Davante Adams,WR,,461.p.27581,27581,LAR,yahoo_fantasy_api
2025,9,,3,api,Ginger FC 🏆🏆,Post Mahomes,2025-W09-05,5,128.2,104.7,Michael Pittman Jr.,WR,WR,True,False,False,,16.0,,Michael Pittman Jr.,WR,,461.p.32704,32704,Pit,yahoo_fantasy_api
2025,9,,4,api,Ginger FC 🏆🏆,Post Mahomes,2025-W09-05,5,128.2,104.7,De'Von Achane,RB,RB,True,False,False,,13.6,,De'Von Achane,RB,,461.p.40118,40118,Mia,yahoo_fantasy_api
2025,9,,5,api,Ginger FC 🏆🏆,Post Mahomes,2025-W09-05,5,128.2,104.7,Derrick Henry,RB,RB,True,False,False,,12.6,,Derrick Henry,RB,,461.p.29279,29279,Bal,yahoo_fantasy_api
2025,9,,6,api,Ginger FC 🏆🏆,Post Mahomes,2025-W09-05,5,128.2,104.7,Juwan Johnson,TE,TE,True,False,False,,10.6,,Juwan Johnson,TE,,461.p.33113,33113,NO,yahoo_fantasy_api
2025,9,,7,api,Ginger FC 🏆🏆,Post Mahomes,2025-W09-05,5,128.2,104.7,Chris Olave,WR,W/R/T,True,False,False,,7.2,,Chris Olave,WR,,461.p.33966,33966,NO,yahoo_fantasy_api
2025,9,,8,api,Ginger FC 🏆🏆,Post Mahomes,2025-W09-05,5,128.2,104.7,DeVonta Smith,WR,BN,False,True,False,,0.0,,DeVonta Smith,WR,,461.p.33398,33398,Phi,yahoo_fantasy_api
2025,9,,9,api,Ginger FC 🏆🏆,Post Mahomes,2025-W09-05,5,128.2,104.7,Travis Etienne Jr.,RB,BN,False,True,False,,14.0,,Travis Etienne Jr.,RB,,461.p.33413,33413,NO,yahoo_fantasy_api
2025,9,,10,api,Ginger FC 🏆🏆,Post Mahomes,2025-W09-05,5,128.2,104.7,Mark Andrews,TE,BN,False,True,False,,15.6,,Mark Andrews,TE,,461.p.31056,31056,Bal,yahoo_fantasy_api
2025,9,,11,api,Ginger FC 🏆🏆,Post Mahomes,2025-W09-05,5,128.2,104.7,Trey Benson,RB,BN,False,True,False,,0.0,,Trey Benson,RB,,461.p.40958,40958,Ari,yahoo_fantasy_api
2025,9,,12,api,Ginger FC 🏆🏆,Post Mahomes,2025-W09-05,5,128.2,104.7,Marvin Mims Jr.,WR,BN,False,True,False,,0.0,,Marvin Mims Jr.,WR,,461.p.40090,40090,Den,yahoo_fantasy_api
2025,9,,13,api,Ginger FC 🏆🏆,Post Mahomes,2025-W09-05,5,128.2,104.7,Tyreek Hill,WR,IR,False,False,True,,0.0,,Tyreek Hill,WR,,461.p.29399,29399,Mia,yahoo_fantasy_api
2025,9,,14,api,Ginger FC 🏆🏆,Post Mahomes,2025-W09-05,5,128.2,104.7,Evan McPherson,K,K,True,False,False,,11.0,,Evan McPherson,K,,461.p.33537,33537,Cin,yahoo_fantasy_api
2025,9,,15,api,Ginger FC 🏆🏆,Post Mahomes,2025-W09-05,5,128.2,104.7,Packers,DEF,DEF,True,False,False,,4.0,,Packers,DEF,,461.p.100009,100009,GB,yahoo_fantasy_api
2025,9,,1,api,Joe Mantegna,Uncle Rico,2025-W09-04,4,78.02,105.98,Bo Nix,QB,QB,True,False,False,,23.52,,Bo Nix,QB,,461.p.40875,40875,Den,yahoo_fantasy_api
2025,9,,2,api,Joe Mantegna,Uncle Rico,2025-W09-04,4,78.02,105.98,Ja'Marr Chase,WR,WR,True,False,False,,14.1,,Ja'Marr Chase,WR,,461.p.33393,33393,Cin,yahoo_fantasy_api
2025,9,,3,api,Joe Mantegna,Uncle Rico,2025-W09-04,4,78.02,105.98,Wan'Dale Robinson,WR,WR,True,False,False,,9.1,,Wan'Dale Robinson,WR,,461.p.33998,33998,Ten,yahoo_fantasy_api
2025,9,,4,api,Joe Mantegna,Uncle Rico,2025-W09-04,4,78.02,105.98,Jacory Croskey-Merritt,RB,RB,True,False,False,,4.6,,Jacory Croskey-Merritt,RB,,461.p.42010,42010,Was,yahoo_fantasy_api
2025,9,,5,api,Joe Mantegna,Uncle Rico,2025-W09-04,4,78.02,105.98,Bam Knight,RB,RB,True,False,False,,5.7,,Bam Knight,RB,,461.p.34357,34357,Ari,yahoo_fantasy_api
2025,9,,6,api,Joe Mantegna,Uncle Rico,2025-W09-04,4,78.02,105.98,Tyler Warren,TE,TE,True,False,False,,5.1,,Tyler Warren,TE,,461.p.41799,41799,Ind,yahoo_fantasy_api
2025,9,,7,api,Joe Mantegna,Uncle Rico,2025-W09-04,4,78.02,105.98,Zay Flowers,WR,W/R/T,True,False,False,,8.9,,Zay Flowers,WR,,461.p.40039,40039,Bal,yahoo_fantasy_api
2025,9,,8,api,Joe Mantegna,Uncle Rico,2025-W09-04,4,78.02,105.98,RJ Harvey,RB,BN,False,True,False,,14.1,,RJ Harvey,RB,,461.p.41845,41845,Den,yahoo_fantasy_api
2025,9,,9,api,Joe Mantegna,Uncle Rico,2025-W09-04,4,78.02,105.98,Quentin Johnston,WR,BN,False,True,False,,13.3,,Quentin Johnston,WR,,461.p.40051,40051,LAC,yahoo_fantasy_api
2025,9,,10,api,Joe Mantegna,Uncle Rico,2025-W09-04,4,78.02,105.98,Jauan Jennings,WR,BN,False,True,False,,12.1,,Jauan Jennings,WR,,461.p.32887,32887,Min,yahoo_fantasy_api
2025,9,,11,api,Joe Mantegna,Uncle Rico,2025-W09-04,4,78.02,105.98,Tucker Kraft,TE,BN,False,True,False,,3.0,,Tucker Kraft,TE,,461.p.40102,40102,GB,yahoo_fantasy_api
2025,9,,12,api,Joe Mantegna,Uncle Rico,2025-W09-04,4,78.02,105.98,Cooper Kupp,WR,BN,False,True,False,,0.0,,Cooper Kupp,WR,,461.p.30182,30182,Sea,yahoo_fantasy_api
2025,9,,13,api,Joe Mantegna,Uncle Rico,2025-W09-04,4,78.02,105.98,Omarion Hampton,RB,IR,False,False,True,,0.0,,Omarion Hampton,RB,,461.p.41807,41807,LAC,yahoo_fantasy_api
2025,9,,14,api,Joe Mantegna,Uncle Rico,2025-W09-04,4,78.02,105.98,Brandon Aubrey,K,K,True,False,False,,5.0,,Brandon Aubrey,K,,461.p.40819,40819,Dal,yahoo_fantasy_api
2025,9,,15,api,Joe Mantegna,Uncle Rico,2025-W09-04,4,78.02,105.98,Chiefs,DEF,DEF,True,False,False,,2.0,,Chiefs,DEF,,461.p.100012,100012,KC,yahoo_fantasy_api
2025,9,,1,api,Malle ❤️ 🐸,ThreatLevelMidnight,2025-W09-02,2,89.12,154.28,Jayden Daniels,QB,QB,True,False,False,,16.22,,Jayden Daniels,QB,,461.p.40896,40896,Was,yahoo_fantasy_api
2025,9,,2,api,Malle ❤️ 🐸,ThreatLevelMidnight,2025-W09-02,2,89.12,154.28,Khalil Shakir,WR,WR,True,False,False,,7.8,,Khalil Shakir,WR,,461.p.34104,34104,Buf,yahoo_fantasy_api
2025,9,,3,api,Malle ❤️ 🐸,ThreatLevelMidnight,2025-W09-02,2,89.12,154.28,Rashid Shaheed,WR,WR,True,False,False,,9.3,,Rashid Shaheed,WR,,461.p.34659,34659,Sea,yahoo_fantasy_api
2025,9,,4,api,Malle ❤️ 🐸,ThreatLevelMidnight,2025-W09-02,2,89.12,154.28,Samaje Perine,RB,RB,True,False,False,,0.5,,Samaje Perine,RB,,461.p.30227,30227,Cin,yahoo_fantasy_api
2025,9,,5,api,Malle ❤️ 🐸,ThreatLevelMidnight,2025-W09-02,2,89.12,154.28,Bhayshul Tuten,RB,RB,True,False,False,,9.1,,Bhayshul Tuten,RB,,461.p.41900,41900,Jax,yahoo_fantasy_api
2025,9,,6,api,Malle ❤️ 🐸,ThreatLevelMidnight,2025-W09-02,2,89.12,154.28,George Kittle,TE,TE,True,False,False,,4.9,,George Kittle,TE,,461.p.30259,30259,SF,yahoo_fantasy_api
2025,9,,7,api,Malle ❤️ 🐸,ThreatLevelMidnight,2025-W09-02,2,89.12,154.28,Drake London,WR,W/R/T,True,False,False,,34.3,,Drake London,WR,,461.p.33963,33963,Atl,yahoo_fantasy_api
2025,9,,8,api,Malle ❤️ 🐸,ThreatLevelMidnight,2025-W09-02,2,89.12,154.28,Isiah Pacheco,RB,BN,False,True,False,,0.0,,Isiah Pacheco,RB,,461.p.34207,34207,Det,yahoo_fantasy_api
2025,9,,9,api,Malle ❤️ 🐸,ThreatLevelMidnight,2025-W09-02,2,89.12,154.28,Brian Thomas Jr.,WR,BN,False,True,False,,7.0,,Brian Thomas Jr.,WR,,461.p.40883,40883,Jax,yahoo_fantasy_api
2025,9,,10,api,Malle ❤️ 🐸,ThreatLevelMidnight,2025-W09-02,2,89.12,154.28,Dallas Goedert,TE,BN,False,True,False,,0.0,,Dallas Goedert,TE,,461.p.31019,31019,Phi,yahoo_fantasy_api
2025,9,,11,api,Malle ❤️ 🐸,ThreatLevelMidnight,2025-W09-02,2,89.12,154.28,Chris Rodriguez Jr.,RB,BN,False,True,False,,12.5,,Chris Rodriguez Jr.,RB,,461.p.40231,40231,Jax,yahoo_fantasy_api
2025,9,,12,api,Malle ❤️ 🐸,ThreatLevelMidnight,2025-W09-02,2,89.12,154.28,Jordan Addison,WR,BN,False,True,False,,7.4,,Jordan Addison,WR,,461.p.40042,40042,Min,yahoo_fantasy_api
2025,9,,13,api,Malle ❤️ 🐸,ThreatLevelMidnight,2025-W09-02,2,89.12,154.28,Dalton Schultz,TE,BN,False,True,False,,10.7,,Dalton Schultz,TE,,461.p.31107,31107,Hou,yahoo_fantasy_api
2025,9,,14,api,Malle ❤️ 🐸,ThreatLevelMidnight,2025-W09-02,2,89.12,154.28,D'Andre Swift,RB,IR,False,False,True,,0.0,,D'Andre Swift,RB,,461.p.32705,32705,Chi,yahoo_fantasy_api
2025,9,,15,api,Malle ❤️ 🐸,ThreatLevelMidnight,2025-W09-02,2,89.12,154.28,Joshua Karty,K,K,True,False,False,,4.0,,Joshua Karty,K,,461.p.41081,41081,Ari,yahoo_fantasy_api
2025,9,,16,api,Malle ❤️ 🐸,ThreatLevelMidnight,2025-W09-02,2,89.12,154.28,Jaguars,DEF,DEF,True,False,False,,3.0,,Jaguars,DEF,,461.p.100030,100030,Jax,yahoo_fantasy_api
2025,9,,1,api,Patty Primetimes,Buttermilk Puuump,2025-W09-06,6,98.52,88.62,Josh Allen,QB,QB,True,False,False,,30.82,,Josh Allen,QB,,461.p.30977,30977,Buf,yahoo_fantasy_api
2025,9,,2,api,Patty Primetimes,Buttermilk Puuump,2025-W09-06,6,98.52,88.62,Ladd McConkey,WR,WR,True,False,False,,7.6,,Ladd McConkey,WR,,461.p.40908,40908,LAC,yahoo_fantasy_api
2025,9,,3,api,Patty Primetimes,Buttermilk Puuump,2025-W09-06,6,98.52,88.62,DK Metcalf,WR,WR,True,False,False,,1.6,,DK Metcalf,WR,,461.p.31896,31896,Pit,yahoo_fantasy_api
2025,9,,4,api,Patty Primetimes,Buttermilk Puuump,2025-W09-06,6,98.52,88.62,James Cook III,RB,RB,True,False,False,,13.0,,James Cook III,RB,,461.p.34019,34019,Buf,yahoo_fantasy_api
2025,9,,5,api,Patty Primetimes,Buttermilk Puuump,2025-W09-06,6,98.52,88.62,J.K. Dobbins,RB,RB,True,False,False,,6.4,,J.K. Dobbins,RB,,461.p.32725,32725,Den,yahoo_fantasy_api
2025,9,,6,api,Patty Primetimes,Buttermilk Puuump,2025-W09-06,6,98.52,88.62,Travis Kelce,TE,TE,True,False,False,,10.6,,Travis Kelce,TE,,461.p.26686,26686,KC,yahoo_fantasy_api
2025,9,,7,api,Patty Primetimes,Buttermilk Puuump,2025-W09-06,6,98.52,88.62,Courtland Sutton,WR,W/R/T,True,False,False,,9.5,,Courtland Sutton,WR,,461.p.31010,31010,Den,yahoo_fantasy_api
2025,9,,8,api,Patty Primetimes,Buttermilk Puuump,2025-W09-06,6,98.52,88.62,Saquon Barkley,RB,BN,False,True,False,,0.0,,Saquon Barkley,RB,,461.p.30972,30972,Phi,yahoo_fantasy_api
2025,9,,9,api,Patty Primetimes,Buttermilk Puuump,2025-W09-06,6,98.52,88.62,Caleb Williams,QB,BN,False,True,False,,43.7,,Caleb Williams,QB,,461.p.40900,40900,Chi,yahoo_fantasy_api
2025,9,,10,api,Patty Primetimes,Buttermilk Puuump,2025-W09-06,6,98.52,88.62,Keon Coleman,WR,BN,False,True,False,,2.7,,Keon Coleman,WR,,461.p.40911,40911,Buf,yahoo_fantasy_api
2025,9,,11,api,Patty Primetimes,Buttermilk Puuump,2025-W09-06,6,98.52,88.62,Tank Bigsby,RB,BN,False,True,False,,0.0,,Tank Bigsby,RB,,461.p.40095,40095,Phi,yahoo_fantasy_api
2025,9,,12,api,Patty Primetimes,Buttermilk Puuump,2025-W09-06,6,98.52,88.62,Tyjae Spears,RB,BN,False,True,False,,7.7,,Tyjae Spears,RB,,461.p.40119,40119,Ten,yahoo_fantasy_api
2025,9,,13,api,Patty Primetimes,Buttermilk Puuump,2025-W09-06,6,98.52,88.62,Cameron Dicker,K,K,True,False,False,,11.0,,Cameron Dicker,K,,461.p.34344,34344,LAC,yahoo_fantasy_api
2025,9,,14,api,Patty Primetimes,Buttermilk Puuump,2025-W09-06,6,98.52,88.62,Texans,DEF,DEF,True,False,False,,8.0,,Texans,DEF,,461.p.100034,100034,Hou,yahoo_fantasy_api
2025,9,,15,api,Patty Primetimes,Buttermilk Puuump,2025-W09-06,6,98.52,88.62,Cowboys,DEF,BN,False,True,False,,13.0,,Cowboys,DEF,,461.p.100006,100006,Dal,yahoo_fantasy_api
2025,9,,1,api,Pop Lockett Drop it,Voldemort,2025-W09-03,3,126.24,116.22,Matthew Stafford,QB,QB,True,False,False,,34.84,,Matthew Stafford,QB,,461.p.9265,9265,LAR,yahoo_fantasy_api
2025,9,,2,api,Pop Lockett Drop it,Voldemort,2025-W09-03,3,126.24,116.22,CeeDee Lamb,WR,WR,True,False,False,,12.0,,CeeDee Lamb,WR,,461.p.32687,32687,Dal,yahoo_fantasy_api
2025,9,,3,api,Pop Lockett Drop it,Voldemort,2025-W09-03,3,126.24,116.22,Tee Higgins,WR,WR,True,False,False,,29.6,,Tee Higgins,WR,,461.p.32703,32703,Cin,yahoo_fantasy_api
2025,9,,4,api,Pop Lockett Drop it,Voldemort,2025-W09-03,3,126.24,116.22,Javonte Williams,RB,RB,True,False,False,,6.8,,Javonte Williams,RB,,461.p.33423,33423,Dal,yahoo_fantasy_api
2025,9,,5,api,Pop Lockett Drop it,Voldemort,2025-W09-03,3,126.24,116.22,Kareem Hunt,RB,RB,True,False,False,,12.0,,Kareem Hunt,RB,,461.p.30199,30199,KC,yahoo_fantasy_api
2025,9,,6,api,Pop Lockett Drop it,Voldemort,2025-W09-03,3,126.24,116.22,Trey McBride,TE,TE,True,False,False,,14.0,,Trey McBride,TE,,461.p.34010,34010,Ari,yahoo_fantasy_api
2025,9,,7,api,Pop Lockett Drop it,Voldemort,2025-W09-03,3,126.24,116.22,Rome Odunze,WR,W/R/T,True,False,False,,0.0,,Rome Odunze,WR,,461.p.40901,40901,Chi,yahoo_fantasy_api
2025,9,,8,api,Pop Lockett Drop it,Voldemort,2025-W09-03,3,126.24,116.22,Kenneth Walker III,RB,BN,False,True,False,,7.1,,Kenneth Walker III,RB,,461.p.33996,33996,KC,yahoo_fantasy_api
2025,9,,9,api,Pop Lockett Drop it,Voldemort,2025-W09-03,3,126.24,116.22,Jaxson Dart,QB,BN,False,True,False,,31.24,,Jaxson Dart,QB,,461.p.41810,41810,NYG,yahoo_fantasy_api
2025,9,,10,api,Pop Lockett Drop it,Voldemort,2025-W09-03,3,126.24,116.22,Jordan Mason,RB,BN,False,True,False,,4.2,,Jordan Mason,RB,,461.p.34320,34320,Min,yahoo_fantasy_api
2025,9,,11,api,Pop Lockett Drop it,Voldemort,2025-W09-03,3,126.24,116.22,Mason Taylor,TE,BN,False,True,False,,0.0,,Mason Taylor,TE,,461.p.41827,41827,NYJ,yahoo_fantasy_api
2025,9,,12,api,Pop Lockett Drop it,Voldemort,2025-W09-03,3,126.24,116.22,Lamar Jackson,QB,BN,False,True,False,,33.56,,Lamar Jackson,QB,,461.p.31002,31002,Bal,yahoo_fantasy_api
2025,9,,13,api,Pop Lockett Drop it,Voldemort,2025-W09-03,3,126.24,116.22,Troy Franklin,WR,BN,False,True,False,,6.3,,Troy Franklin,WR,,461.p.41009,41009,Den,yahoo_fantasy_api
2025,9,,14,api,Pop Lockett Drop it,Voldemort,2025-W09-03,3,126.24,116.22,Michael Badgley,K,K,True,False,False,,12.0,,Michael Badgley,K,,461.p.31366,31366,Ind,yahoo_fantasy_api
2025,9,,15,api,Pop Lockett Drop it,Voldemort,2025-W09-03,3,126.24,116.22,Chargers,DEF,DEF,True,False,False,,5.0,,Chargers,DEF,,461.p.100024,100024,LAC,yahoo_fantasy_api
2025,9,,1,api,Post Mahomes,Ginger FC 🏆🏆,2025-W09-05,5,104.7,128.2,Patrick Mahomes,QB,QB,True,False,False,,11.5,,Patrick Mahomes,QB,,461.p.30123,30123,KC,yahoo_fantasy_api
2025,9,,2,api,Post Mahomes,Ginger FC 🏆🏆,2025-W09-05,5,104.7,128.2,Tetairoa McMillan,WR,WR,True,False,False,,6.6,,Tetairoa McMillan,WR,,461.p.41793,41793,Car,yahoo_fantasy_api
2025,9,,3,api,Post Mahomes,Ginger FC 🏆🏆,2025-W09-05,5,104.7,128.2,Romeo Doubs,WR,WR,True,False,False,,12.6,,Romeo Doubs,WR,,461.p.34088,34088,NE,yahoo_fantasy_api
2025,9,,4,api,Post Mahomes,Ginger FC 🏆🏆,2025-W09-05,5,104.7,128.2,Kimani Vidal,RB,RB,True,False,False,,3.0,,Kimani Vidal,RB,,461.p.41052,41052,LAC,yahoo_fantasy_api
2025,9,,5,api,Post Mahomes,Ginger FC 🏆🏆,2025-W09-05,5,104.7,128.2,Jahmyr Gibbs,RB,RB,True,False,False,,4.3,,Jahmyr Gibbs,RB,,461.p.40059,40059,Det,yahoo_fantasy_api
2025,9,,6,api,Post Mahomes,Ginger FC 🏆🏆,2025-W09-05,5,104.7,128.2,Brock Bowers,TE,TE,True,False,False,,37.3,,Brock Bowers,TE,,461.p.40878,40878,LV,yahoo_fantasy_api
2025,9,,7,api,Post Mahomes,Ginger FC 🏆🏆,2025-W09-05,5,104.7,128.2,Kyren Williams,RB,W/R/T,True,False,False,,17.4,,Kyren Williams,RB,,461.p.34120,34120,LAR,yahoo_fantasy_api
2025,9,,8,api,Post Mahomes,Ginger FC 🏆🏆,2025-W09-05,5,104.7,128.2,Oronde Gadsden,TE,BN,False,True,False,,9.3,,Oronde Gadsden,TE,,461.p.41951,41951,LAC,yahoo_fantasy_api
2025,9,,9,api,Post Mahomes,Ginger FC 🏆🏆,2025-W09-05,5,104.7,128.2,Chris Godwin Jr.,WR,BN,False,True,False,,0.0,,Chris Godwin Jr.,WR,,461.p.30197,30197,TB,yahoo_fantasy_api
2025,9,,10,api,Post Mahomes,Ginger FC 🏆🏆,2025-W09-05,5,104.7,128.2,Ricky Pearsall,WR,BN,False,True,False,,0.0,,Ricky Pearsall,WR,,461.p.40892,40892,SF,yahoo_fantasy_api
2025,9,,11,api,Post Mahomes,Ginger FC 🏆🏆,2025-W09-05,5,104.7,128.2,Garrett Wilson,WR,BN,False,True,False,,0.0,,Garrett Wilson,WR,,461.p.33965,33965,NYJ,yahoo_fantasy_api
2025,9,,12,api,Post Mahomes,Ginger FC 🏆🏆,2025-W09-05,5,104.7,128.2,Cam Skattebo,RB,IR,False,False,True,,0.0,,Cam Skattebo,RB,,461.p.41922,41922,NYG,yahoo_fantasy_api
2025,9,,13,api,Post Mahomes,Ginger FC 🏆🏆,2025-W09-05,5,104.7,128.2,Jake Bates,K,K,True,False,False,,7.0,,Jake Bates,K,,461.p.40835,40835,Det,yahoo_fantasy_api
2025,9,,14,api,Post Mahomes,Ginger FC 🏆🏆,2025-W09-05,5,104.7,128.2,Harrison Butker,K,BN,False,True,False,,8.0,,Harrison Butker,K,,461.p.30346,30346,KC,yahoo_fantasy_api
2025,9,,15,api,Post Mahomes,Ginger FC 🏆🏆,2025-W09-05,5,104.7,128.2,Broncos,DEF,DEF,True,False,False,,5.0,,Broncos,DEF,,461.p.100007,100007,Den,yahoo_fantasy_api
2025,9,,16,api,Post Mahomes,Ginger FC 🏆🏆,2025-W09-05,5,104.7,128.2,Browns,DEF,BN,False,True,False,,0.0,,Browns,DEF,,461.p.100005,100005,Cle,yahoo_fantasy_api
2025,9,,1,api,The Big Gronkowski,malle_dips_pouches,2025-W09-01,1,85.5,97.58,Dak Prescott,QB,QB,True,False,False,,18.4,,Dak Prescott,QB,,461.p.29369,29369,Dal,yahoo_fantasy_api
2025,9,,2,api,The Big Gronkowski,malle_dips_pouches,2025-W09-01,1,85.5,97.58,Nico Collins,WR,WR,True,False,False,,11.0,,Nico Collins,WR,,461.p.33477,33477,Hou,yahoo_fantasy_api
2025,9,,3,api,The Big Gronkowski,malle_dips_pouches,2025-W09-01,1,85.5,97.58,Jameson Williams,WR,WR,True,False,False,,14.6,,Jameson Williams,WR,,461.p.33967,33967,Det,yahoo_fantasy_api
2025,9,,4,api,The Big Gronkowski,malle_dips_pouches,2025-W09-01,1,85.5,97.58,Woody Marks,RB,RB,True,False,False,,2.7,,Woody Marks,RB,,461.p.41902,41902,Hou,yahoo_fantasy_api
2025,9,,5,api,The Big Gronkowski,malle_dips_pouches,2025-W09-01,1,85.5,97.58,TreVeyon Henderson,RB,RB,True,False,False,,10.7,,TreVeyon Henderson,RB,,461.p.41823,41823,NE,yahoo_fantasy_api
2025,9,,6,api,The Big Gronkowski,malle_dips_pouches,2025-W09-01,1,85.5,97.58,Hunter Henry,TE,TE,True,False,False,,7.1,,Hunter Henry,TE,,461.p.29269,29269,NE,yahoo_fantasy_api
2025,9,,7,api,The Big Gronkowski,malle_dips_pouches,2025-W09-01,1,85.5,97.58,Darnell Mooney,WR,W/R/T,True,False,False,,2.0,,Darnell Mooney,WR,,461.p.32843,32843,NYG,yahoo_fantasy_api
2025,9,,8,api,The Big Gronkowski,malle_dips_pouches,2025-W09-01,1,85.5,97.58,A.J. Brown,WR,BN,False,True,False,,0.0,,A.J. Brown,WR,,461.p.31883,31883,NE,yahoo_fantasy_api
2025,9,,9,api,The Big Gronkowski,malle_dips_pouches,2025-W09-01,1,85.5,97.58,Chuba Hubbard,RB,BN,False,True,False,,1.7,,Chuba Hubbard,RB,,461.p.33514,33514,Car,yahoo_fantasy_api
2025,9,,10,api,The Big Gronkowski,malle_dips_pouches,2025-W09-01,1,85.5,97.58,Xavier Legette,WR,BN,False,True,False,,2.7,,Xavier Legette,WR,,461.p.40890,40890,Car,yahoo_fantasy_api
2025,9,,11,api,The Big Gronkowski,malle_dips_pouches,2025-W09-01,1,85.5,97.58,Jayden Higgins,WR,BN,False,True,False,,0.9,,Jayden Higgins,WR,,461.p.41819,41819,Hou,yahoo_fantasy_api
2025,9,,12,api,The Big Gronkowski,malle_dips_pouches,2025-W09-01,1,85.5,97.58,Drake Maye,QB,BN,False,True,False,,21.36,,Drake Maye,QB,,461.p.40881,40881,NE,yahoo_fantasy_api
2025,9,,13,api,The Big Gronkowski,malle_dips_pouches,2025-W09-01,1,85.5,97.58,T.J. Hockenson,TE,BN,False,True,False,,8.1,,T.J. Hockenson,TE,,461.p.31840,31840,Min,yahoo_fantasy_api
2025,9,,14,api,The Big Gronkowski,malle_dips_pouches,2025-W09-01,1,85.5,97.58,Ka'imi Fairbairn,K,K,True,False,False,,18.0,,Ka'imi Fairbairn,K,,461.p.29792,29792,Hou,yahoo_fantasy_api
2025,9,,15,api,The Big Gronkowski,malle_dips_pouches,2025-W09-01,1,85.5,97.58,Patriots,DEF,DEF,True,False,False,,1.0,,Patriots,DEF,,461.p.100017,100017,NE,yahoo_fantasy_api
2025,9,,1,api,ThreatLevelMidnight,Malle ❤️ 🐸,2025-W09-02,2,154.28,89.12,Sam Darnold,QB,QB,True,False,False,,36.2,,Sam Darnold,QB,,461.p.30973,30973,Sea,yahoo_fantasy_api
2025,9,,2,api,ThreatLevelMidnight,Malle ❤️ 🐸,2025-W09-02,2,154.28,89.12,Rashee Rice,WR,WR,True,False,False,,16.6,,Rashee Rice,WR,,461.p.40084,40084,KC,yahoo_fantasy_api
2025,9,,3,api,ThreatLevelMidnight,Malle ❤️ 🐸,2025-W09-02,2,154.28,89.12,Marvin Harrison Jr.,WR,WR,True,False,False,,19.1,,Marvin Harrison Jr.,WR,,461.p.40893,40893,Ari,yahoo_fantasy_api
2025,9,,4,api,ThreatLevelMidnight,Malle ❤️ 🐸,2025-W09-02,2,154.28,89.12,Bijan Robinson,RB,RB,True,False,False,,13.6,,Bijan Robinson,RB,,461.p.40055,40055,Atl,yahoo_fantasy_api
2025,9,,5,api,ThreatLevelMidnight,Malle ❤️ 🐸,2025-W09-02,2,154.28,89.12,Kyle Monangai,RB,RB,True,False,False,,21.3,,Kyle Monangai,RB,,461.p.42025,42025,Chi,yahoo_fantasy_api
2025,9,,6,api,ThreatLevelMidnight,Malle ❤️ 🐸,2025-W09-02,2,154.28,89.12,Jake Ferguson,TE,TE,True,False,False,,5.5,,Jake Ferguson,TE,,461.p.34085,34085,Dal,yahoo_fantasy_api
2025,9,,7,api,ThreatLevelMidnight,Malle ❤️ 🐸,2025-W09-02,2,154.28,89.12,DJ Moore,WR,W/R/T,True,False,False,,22.98,,DJ Moore,WR,,461.p.30994,30994,Buf,yahoo_fantasy_api
2025,9,,8,api,ThreatLevelMidnight,Malle ❤️ 🐸,2025-W09-02,2,154.28,89.12,Rico Dowdle,RB,BN,False,True,False,,27.1,,Rico Dowdle,RB,,461.p.33100,33100,Pit,yahoo_fantasy_api
2025,9,,9,api,ThreatLevelMidnight,Malle ❤️ 🐸,2025-W09-02,2,154.28,89.12,Tony Pollard,RB,BN,False,True,False,,7.3,,Tony Pollard,RB,,461.p.31960,31960,Ten,yahoo_fantasy_api
2025,9,,10,api,ThreatLevelMidnight,Malle ❤️ 🐸,2025-W09-02,2,154.28,89.12,Baker Mayfield,QB,BN,False,True,False,,0.0,,Baker Mayfield,QB,,461.p.30971,30971,TB,yahoo_fantasy_api
2025,9,,11,api,ThreatLevelMidnight,Malle ❤️ 🐸,2025-W09-02,2,154.28,89.12,Quinshon Judkins,RB,BN,False,True,False,,0.0,,Quinshon Judkins,RB,,461.p.41821,41821,Cle,yahoo_fantasy_api
2025,9,,12,api,ThreatLevelMidnight,Malle ❤️ 🐸,2025-W09-02,2,154.28,89.12,Xavier Worthy,WR,BN,False,True,False,,4.5,,Xavier Worthy,WR,,461.p.40877,40877,KC,yahoo_fantasy_api
2025,9,,13,api,ThreatLevelMidnight,Malle ❤️ 🐸,2025-W09-02,2,154.28,89.12,Rhamondre Stevenson,RB,IR,False,False,True,,0.0,,Rhamondre Stevenson,RB,,461.p.33508,33508,NE,yahoo_fantasy_api
2025,9,,14,api,ThreatLevelMidnight,Malle ❤️ 🐸,2025-W09-02,2,154.28,89.12,Eddy Pineiro,K,K,True,False,False,,12.0,,Eddy Pineiro,K,,461.p.31482,31482,SF,yahoo_fantasy_api
2025,9,,15,api,ThreatLevelMidnight,Malle ❤️ 🐸,2025-W09-02,2,154.28,89.12,Lions,DEF,DEF,True,False,False,,7.0,,Lions,DEF,,461.p.100008,100008,Det,yahoo_fantasy_api
2025,9,,1,api,Uncle Rico,Joe Mantegna,2025-W09-04,4,105.98,78.02,Daniel Jones,QB,QB,True,False,False,,19.08,,Daniel Jones,QB,,461.p.31838,31838,Ind,yahoo_fantasy_api
2025,9,,2,api,Uncle Rico,Joe Mantegna,2025-W09-04,4,105.98,78.02,Jaylen Waddle,WR,WR,True,False,False,,11.2,,Jaylen Waddle,WR,,461.p.33394,33394,Den,yahoo_fantasy_api
2025,9,,3,api,Uncle Rico,Joe Mantegna,2025-W09-04,4,105.98,78.02,Kayshon Boutte,WR,WR,True,False,False,,0.0,,Kayshon Boutte,WR,,461.p.40224,40224,Hou,yahoo_fantasy_api
2025,9,,4,api,Uncle Rico,Joe Mantegna,2025-W09-04,4,105.98,78.02,Christian McCaffrey,RB,RB,True,False,False,,31.8,,Christian McCaffrey,RB,,461.p.30121,30121,SF,yahoo_fantasy_api
2025,9,,5,api,Uncle Rico,Joe Mantegna,2025-W09-04,4,105.98,78.02,Jonathan Taylor,RB,RB,True,False,False,,6.7,,Jonathan Taylor,RB,,461.p.32711,32711,Ind,yahoo_fantasy_api
2025,9,,6,api,Uncle Rico,Joe Mantegna,2025-W09-04,4,105.98,78.02,Dalton Kincaid,TE,TE,True,False,False,,19.1,,Dalton Kincaid,TE,,461.p.40048,40048,Buf,yahoo_fantasy_api
2025,9,,7,api,Uncle Rico,Joe Mantegna,2025-W09-04,4,105.98,78.02,Zach Charbonnet,RB,W/R/T,True,False,False,,5.1,,Zach Charbonnet,RB,,461.p.40075,40075,Sea,yahoo_fantasy_api
2025,9,,8,api,Uncle Rico,Joe Mantegna,2025-W09-04,4,105.98,78.02,Terry McLaurin,WR,BN,False,True,False,,0.0,,Terry McLaurin,WR,,461.p.31908,31908,Was,yahoo_fantasy_api
2025,9,,9,api,Uncle Rico,Joe Mantegna,2025-W09-04,4,105.98,78.02,Tre Tucker,WR,BN,False,True,False,,5.3,,Tre Tucker,WR,,461.p.40114,40114,LV,yahoo_fantasy_api
2025,9,,10,api,Uncle Rico,Joe Mantegna,2025-W09-04,4,105.98,78.02,Cade Otton,TE,BN,False,True,False,,0.0,,Cade Otton,TE,,461.p.34062,34062,TB,yahoo_fantasy_api
2025,9,,11,api,Uncle Rico,Joe Mantegna,2025-W09-04,4,105.98,78.02,Emeka Egbuka,WR,BN,False,True,False,,0.0,,Emeka Egbuka,WR,,461.p.41804,41804,TB,yahoo_fantasy_api
2025,9,,12,api,Uncle Rico,Joe Mantegna,2025-W09-04,4,105.98,78.02,Jerry Jeudy,WR,BN,False,True,False,,0.0,,Jerry Jeudy,WR,,461.p.32685,32685,Cle,yahoo_fantasy_api
2025,9,,13,api,Uncle Rico,Joe Mantegna,2025-W09-04,4,105.98,78.02,Brashard Smith,RB,BN,False,True,False,,0.7,,Brashard Smith,RB,,461.p.42012,42012,KC,yahoo_fantasy_api
2025,9,,14,api,Uncle Rico,Joe Mantegna,2025-W09-04,4,105.98,78.02,Joe Burrow,QB,IR,False,False,True,,0.0,,Joe Burrow,QB,,461.p.32671,32671,Cin,yahoo_fantasy_api
2025,9,,15,api,Uncle Rico,Joe Mantegna,2025-W09-04,4,105.98,78.02,Wil Lutz,K,K,True,False,False,,4.0,,Wil Lutz,K,,461.p.29754,29754,Den,yahoo_fantasy_api
2025,9,,16,api,Uncle Rico,Joe Mantegna,2025-W09-04,4,105.98,78.02,Rams,DEF,DEF,True,False,False,,9.0,,Rams,DEF,,461.p.100014,100014,LAR,yahoo_fantasy_api
2025,9,,1,api,Voldemort,Pop Lockett Drop it,2025-W09-03,3,116.22,126.24,Aaron Rodgers,QB,QB,True,False,False,,14.12,,Aaron Rodgers,QB,,461.p.7200,7200,Pit,yahoo_fantasy_api
2025,9,,2,api,Voldemort,Pop Lockett Drop it,2025-W09-03,3,116.22,126.24,Justin Jefferson,WR,WR,True,False,False,,13.7,,Justin Jefferson,WR,,461.p.32692,32692,Min,yahoo_fantasy_api
2025,9,,3,api,Voldemort,Pop Lockett Drop it,2025-W09-03,3,116.22,126.24,Puka Nacua,WR,WR,True,False,False,,19.3,,Puka Nacua,WR,,461.p.40168,40168,LAR,yahoo_fantasy_api
2025,9,,4,api,Voldemort,Pop Lockett Drop it,2025-W09-03,3,116.22,126.24,Jaylen Warren,RB,RB,True,False,False,,15.9,,Jaylen Warren,RB,,461.p.34447,34447,Pit,yahoo_fantasy_api
2025,9,,5,api,Voldemort,Pop Lockett Drop it,2025-W09-03,3,116.22,126.24,Chase Brown,RB,RB,True,False,False,,15.2,,Chase Brown,RB,,461.p.40196,40196,Cin,yahoo_fantasy_api
2025,9,,6,api,Voldemort,Pop Lockett Drop it,2025-W09-03,3,116.22,126.24,Jonnu Smith,TE,TE,True,False,False,,4.0,,Jonnu Smith,TE,,461.p.30213,30213,GB,yahoo_fantasy_api
2025,9,,7,api,Voldemort,Pop Lockett Drop it,2025-W09-03,3,116.22,126.24,Jaxon Smith-Njigba,WR,W/R/T,True,False,False,,18.0,,Jaxon Smith-Njigba,WR,,461.p.40041,40041,Sea,yahoo_fantasy_api
2025,9,,8,api,Voldemort,Pop Lockett Drop it,2025-W09-03,3,116.22,126.24,Kyler Murray,QB,BN,False,True,False,,0.0,,Kyler Murray,QB,,461.p.31833,31833,Min,yahoo_fantasy_api
2025,9,,9,api,Voldemort,Pop Lockett Drop it,2025-W09-03,3,116.22,126.24,Alvin Kamara,RB,BN,False,True,False,,0.2,,Alvin Kamara,RB,,461.p.30180,30180,NO,yahoo_fantasy_api
2025,9,,10,api,Voldemort,Pop Lockett Drop it,2025-W09-03,3,116.22,126.24,Keenan Allen,WR,BN,False,True,False,,5.1,,Keenan Allen,WR,,461.p.26699,26699,Ind,yahoo_fantasy_api
2025,9,,11,api,Voldemort,Pop Lockett Drop it,2025-W09-03,3,116.22,126.24,David Montgomery,RB,BN,False,True,False,,10.0,,David Montgomery,RB,,461.p.31905,31905,Hou,yahoo_fantasy_api
2025,9,,12,api,Voldemort,Pop Lockett Drop it,2025-W09-03,3,116.22,126.24,Kenny Gainwell,RB,BN,False,True,False,,5.4,,Kenny Gainwell,RB,,461.p.33538,33538,TB,yahoo_fantasy_api
2025,9,,13,api,Voldemort,Pop Lockett Drop it,2025-W09-03,3,116.22,126.24,Will Reichard,K,K,True,False,False,,11.0,,Will Reichard,K,,461.p.41093,41093,Min,yahoo_fantasy_api
2025,9,,14,api,Voldemort,Pop Lockett Drop it,2025-W09-03,3,116.22,126.24,Bears,DEF,DEF,True,False,False,,5.0,,Bears,DEF,,461.p.100003,100003,Chi,yahoo_fantasy_api
2025,9,,1,api,malle_dips_pouches,The Big Gronkowski,2025-W09-01,1,97.58,85.5,Bryce Young,QB,QB,True,False,False,,3.98,,Bryce Young,QB,,461.p.40029,40029,Car,yahoo_fantasy_api
2025,9,,2,api,malle_dips_pouches,The Big Gronkowski,2025-W09-01,1,97.58,85.5,Stefon Diggs,WR,WR,True,False,False,,11.3,,Stefon Diggs,WR,,461.p.28534,28534,Was,yahoo_fantasy_api
2025,9,,3,api,malle_dips_pouches,The Big Gronkowski,2025-W09-01,1,97.58,85.5,Jakobi Meyers,WR,WR,True,False,False,,4.3,,Jakobi Meyers,WR,,461.p.32231,32231,Jax,yahoo_fantasy_api
2025,9,,4,api,malle_dips_pouches,The Big Gronkowski,2025-W09-01,1,97.58,85.5,Tyrone Tracy Jr.,RB,RB,True,False,False,,5.2,,Tyrone Tracy Jr.,RB,,461.p.41048,41048,NYG,yahoo_fantasy_api
2025,9,,5,api,malle_dips_pouches,The Big Gronkowski,2025-W09-01,1,97.58,85.5,Ashton Jeanty,RB,RB,True,False,False,,17.4,,Ashton Jeanty,RB,,461.p.41791,41791,LV,yahoo_fantasy_api
2025,9,,6,api,malle_dips_pouches,The Big Gronkowski,2025-W09-01,1,97.58,85.5,Sam LaPorta,TE,TE,True,False,False,,18.7,,Sam LaPorta,TE,,461.p.40064,40064,Det,yahoo_fantasy_api
2025,9,,7,api,malle_dips_pouches,The Big Gronkowski,2025-W09-01,1,97.58,85.5,Josh Downs,WR,W/R/T,True,False,False,,12.7,,Josh Downs,WR,,461.p.40126,40126,Ind,yahoo_fantasy_api
2025,9,,8,api,malle_dips_pouches,The Big Gronkowski,2025-W09-01,1,97.58,85.5,Jalen Hurts,QB,BN,False,True,False,,0.0,,Jalen Hurts,QB,,461.p.32723,32723,Phi,yahoo_fantasy_api
2025,9,,9,api,malle_dips_pouches,The Big Gronkowski,2025-W09-01,1,97.58,85.5,Zach Ertz,TE,BN,False,True,False,,6.6,,Zach Ertz,TE,,461.p.26658,26658,Phi,yahoo_fantasy_api
2025,9,,10,api,malle_dips_pouches,The Big Gronkowski,2025-W09-01,1,97.58,85.5,Calvin Ridley,WR,BN,False,True,False,,0.0,,Calvin Ridley,WR,,461.p.30996,30996,Ten,yahoo_fantasy_api
2025,9,,11,api,malle_dips_pouches,The Big Gronkowski,2025-W09-01,1,97.58,85.5,Rachaad White,RB,BN,False,True,False,,0.0,,Rachaad White,RB,,461.p.34047,34047,Was,yahoo_fantasy_api
2025,9,,12,api,malle_dips_pouches,The Big Gronkowski,2025-W09-01,1,97.58,85.5,Bucky Irving,RB,BN,False,True,False,,0.0,,Bucky Irving,RB,,461.p.40993,40993,TB,yahoo_fantasy_api
2025,9,,13,api,malle_dips_pouches,The Big Gronkowski,2025-W09-01,1,97.58,85.5,Christian Kirk,WR,BN,False,True,False,,4.6,,Christian Kirk,WR,,461.p.31017,31017,SF,yahoo_fantasy_api
2025,9,,14,api,malle_dips_pouches,The Big Gronkowski,2025-W09-01,1,97.58,85.5,Mike Evans,WR,IR,False,False,True,,0.0,,Mike Evans,WR,,461.p.27535,27535,SF,yahoo_fantasy_api
2025,9,,15,api,malle_dips_pouches,The Big Gronkowski,2025-W09-01,1,97.58,85.5,Jason Myers,K,K,True,False,False,,9.0,,Jason Myers,K,,461.p.28378,28378,Sea,yahoo_fantasy_api
2025,9,,16,api,malle_dips_pouches,The Big Gronkowski,2025-W09-01,1,97.58,85.5,Ravens,DEF,DEF,True,False,False,,15.0,,Ravens,DEF,,461.p.100033,100033,Bal,yahoo_fantasy_api
2025,10,,1,api,Buttermilk Puuump,Voldemort,2025-W10-03,3,87.94,91.12,Jordan Love,QB,QB,True,False,False,,7.84,,Jordan Love,QB,,461.p.32696,32696,GB,yahoo_fantasy_api
2025,10,,2,api,Buttermilk Puuump,Voldemort,2025-W10-03,3,87.94,91.12,Deebo Samuel Sr.,WR,WR,True,False,False,,10.9,,Deebo Samuel Sr.,WR,,461.p.31868,31868,SF,yahoo_fantasy_api
2025,10,,3,api,Buttermilk Puuump,Voldemort,2025-W10-03,3,87.94,91.12,Amon-Ra St. Brown,WR,WR,True,False,False,,14.3,,Amon-Ra St. Brown,WR,,461.p.33500,33500,Det,yahoo_fantasy_api
2025,10,,4,api,Buttermilk Puuump,Voldemort,2025-W10-03,3,87.94,91.12,Josh Jacobs,RB,RB,True,False,False,,17.2,,Josh Jacobs,RB,,461.p.31856,31856,GB,yahoo_fantasy_api
2025,10,,5,api,Buttermilk Puuump,Voldemort,2025-W10-03,3,87.94,91.12,Breece Hall,RB,RB,True,False,False,,19.0,,Breece Hall,RB,,461.p.33991,33991,NYJ,yahoo_fantasy_api
2025,10,,6,api,Buttermilk Puuump,Voldemort,2025-W10-03,3,87.94,91.12,Kyle Pitts Sr.,TE,TE,True,False,False,,4.8,,Kyle Pitts Sr.,TE,,461.p.33392,33392,Atl,yahoo_fantasy_api
2025,10,,7,api,Buttermilk Puuump,Voldemort,2025-W10-03,3,87.94,91.12,Darius Slayton,WR,W/R/T,True,False,False,,10.9,,Darius Slayton,WR,,461.p.32003,32003,Ind,yahoo_fantasy_api
2025,10,,8,api,Buttermilk Puuump,Voldemort,2025-W10-03,3,87.94,91.12,George Pickens,WR,BN,False,True,False,,0.0,,George Pickens,WR,,461.p.34007,34007,Dal,yahoo_fantasy_api
2025,10,,9,api,Buttermilk Puuump,Voldemort,2025-W10-03,3,87.94,91.12,Aaron Jones Sr.,RB,BN,False,True,False,,14.4,,Aaron Jones Sr.,RB,,461.p.30295,30295,Min,yahoo_fantasy_api
2025,10,,10,api,Buttermilk Puuump,Voldemort,2025-W10-03,3,87.94,91.12,Nick Chubb,RB,BN,False,True,False,,5.7,,Nick Chubb,RB,,461.p.31005,31005,Hou,yahoo_fantasy_api
2025,10,,11,api,Buttermilk Puuump,Voldemort,2025-W10-03,3,87.94,91.12,Jared Goff,QB,BN,False,True,False,,30.8,,Jared Goff,QB,,461.p.29235,29235,Det,yahoo_fantasy_api
2025,10,,12,api,Buttermilk Puuump,Voldemort,2025-W10-03,3,87.94,91.12,Evan Engram,TE,BN,False,True,False,,2.2,,Evan Engram,TE,,461.p.30136,30136,Den,yahoo_fantasy_api
2025,10,,13,api,Buttermilk Puuump,Voldemort,2025-W10-03,3,87.94,91.12,Matthew Golden,WR,BN,False,True,False,,0.0,,Matthew Golden,WR,,461.p.41808,41808,GB,yahoo_fantasy_api
2025,10,,14,api,Buttermilk Puuump,Voldemort,2025-W10-03,3,87.94,91.12,Chris Boswell,K,K,True,False,False,,6.0,,Chris Boswell,K,,461.p.28188,28188,Pit,yahoo_fantasy_api
2025,10,,15,api,Buttermilk Puuump,Voldemort,2025-W10-03,3,87.94,91.12,49ers,DEF,DEF,True,False,False,,-3.0,,49ers,DEF,,461.p.100025,100025,SF,yahoo_fantasy_api
2025,10,,1,api,Ginger FC 🏆🏆,Pop Lockett Drop it,2025-W10-05,5,130.8,110.44,Justin Herbert,QB,QB,True,False,False,,16.7,,Justin Herbert,QB,,461.p.32676,32676,LAC,yahoo_fantasy_api
2025,10,,2,api,Ginger FC 🏆🏆,Pop Lockett Drop it,2025-W10-05,5,130.8,110.44,Davante Adams,WR,WR,True,False,False,,16.7,,Davante Adams,WR,,461.p.27581,27581,LAR,yahoo_fantasy_api
2025,10,,3,api,Ginger FC 🏆🏆,Pop Lockett Drop it,2025-W10-05,5,130.8,110.44,Chris Olave,WR,WR,True,False,False,,18.9,,Chris Olave,WR,,461.p.33966,33966,NO,yahoo_fantasy_api
2025,10,,4,api,Ginger FC 🏆🏆,Pop Lockett Drop it,2025-W10-05,5,130.8,110.44,De'Von Achane,RB,RB,True,False,False,,37.5,,De'Von Achane,RB,,461.p.40118,40118,Mia,yahoo_fantasy_api
2025,10,,5,api,Ginger FC 🏆🏆,Pop Lockett Drop it,2025-W10-05,5,130.8,110.44,Derrick Henry,RB,RB,True,False,False,,9.9,,Derrick Henry,RB,,461.p.29279,29279,Bal,yahoo_fantasy_api
2025,10,,6,api,Ginger FC 🏆🏆,Pop Lockett Drop it,2025-W10-05,5,130.8,110.44,Juwan Johnson,TE,TE,True,False,False,,17.2,,Juwan Johnson,TE,,461.p.33113,33113,NO,yahoo_fantasy_api
2025,10,,7,api,Ginger FC 🏆🏆,Pop Lockett Drop it,2025-W10-05,5,130.8,110.44,Michael Pittman Jr.,WR,W/R/T,True,False,False,,2.9,,Michael Pittman Jr.,WR,,461.p.32704,32704,Pit,yahoo_fantasy_api
2025,10,,8,api,Ginger FC 🏆🏆,Pop Lockett Drop it,2025-W10-05,5,130.8,110.44,DeVonta Smith,WR,BN,False,True,False,,14.9,,DeVonta Smith,WR,,461.p.33398,33398,Phi,yahoo_fantasy_api
2025,10,,9,api,Ginger FC 🏆🏆,Pop Lockett Drop it,2025-W10-05,5,130.8,110.44,Travis Etienne Jr.,RB,BN,False,True,False,,14.7,,Travis Etienne Jr.,RB,,461.p.33413,33413,NO,yahoo_fantasy_api
2025,10,,10,api,Ginger FC 🏆🏆,Pop Lockett Drop it,2025-W10-05,5,130.8,110.44,Mark Andrews,TE,BN,False,True,False,,8.9,,Mark Andrews,TE,,461.p.31056,31056,Bal,yahoo_fantasy_api
2025,10,,11,api,Ginger FC 🏆🏆,Pop Lockett Drop it,2025-W10-05,5,130.8,110.44,Marvin Mims Jr.,WR,BN,False,True,False,,0.0,,Marvin Mims Jr.,WR,,461.p.40090,40090,Den,yahoo_fantasy_api
2025,10,,12,api,Ginger FC 🏆🏆,Pop Lockett Drop it,2025-W10-05,5,130.8,110.44,Trey Benson,RB,IR,False,False,True,,0.0,,Trey Benson,RB,,461.p.40958,40958,Ari,yahoo_fantasy_api
2025,10,,13,api,Ginger FC 🏆🏆,Pop Lockett Drop it,2025-W10-05,5,130.8,110.44,Chase McLaughlin,K,K,True,False,False,,5.0,,Chase McLaughlin,K,,461.p.32417,32417,TB,yahoo_fantasy_api
2025,10,,14,api,Ginger FC 🏆🏆,Pop Lockett Drop it,2025-W10-05,5,130.8,110.44,Evan McPherson,K,BN,False,True,False,,0.0,,Evan McPherson,K,,461.p.33537,33537,Cin,yahoo_fantasy_api
2025,10,,15,api,Ginger FC 🏆🏆,Pop Lockett Drop it,2025-W10-05,5,130.8,110.44,Packers,DEF,DEF,True,False,False,,6.0,,Packers,DEF,,461.p.100009,100009,GB,yahoo_fantasy_api
2025,10,,1,api,Joe Mantegna,Malle ❤️ 🐸,2025-W10-02,2,89.9,102.12,Bo Nix,QB,QB,True,False,False,,9.8,,Bo Nix,QB,,461.p.40875,40875,Den,yahoo_fantasy_api
2025,10,,2,api,Joe Mantegna,Malle ❤️ 🐸,2025-W10-02,2,89.9,102.12,Wan'Dale Robinson,WR,WR,True,False,False,,9.2,,Wan'Dale Robinson,WR,,461.p.33998,33998,Ten,yahoo_fantasy_api
2025,10,,3,api,Joe Mantegna,Malle ❤️ 🐸,2025-W10-02,2,89.9,102.12,Jauan Jennings,WR,WR,True,False,False,,14.1,,Jauan Jennings,WR,,461.p.32887,32887,Min,yahoo_fantasy_api
2025,10,,4,api,Joe Mantegna,Malle ❤️ 🐸,2025-W10-02,2,89.9,102.12,Jacory Croskey-Merritt,RB,RB,True,False,False,,3.0,,Jacory Croskey-Merritt,RB,,461.p.42010,42010,Was,yahoo_fantasy_api
2025,10,,5,api,Joe Mantegna,Malle ❤️ 🐸,2025-W10-02,2,89.9,102.12,RJ Harvey,RB,RB,True,False,False,,2.8,,RJ Harvey,RB,,461.p.41845,41845,Den,yahoo_fantasy_api
2025,10,,6,api,Joe Mantegna,Malle ❤️ 🐸,2025-W10-02,2,89.9,102.12,Tyler Warren,TE,TE,True,False,False,,13.9,,Tyler Warren,TE,,461.p.41799,41799,Ind,yahoo_fantasy_api
2025,10,,7,api,Joe Mantegna,Malle ❤️ 🐸,2025-W10-02,2,89.9,102.12,Zay Flowers,WR,W/R/T,True,False,False,,10.1,,Zay Flowers,WR,,461.p.40039,40039,Bal,yahoo_fantasy_api
2025,10,,8,api,Joe Mantegna,Malle ❤️ 🐸,2025-W10-02,2,89.9,102.12,Bam Knight,RB,BN,False,True,False,,3.8,,Bam Knight,RB,,461.p.34357,34357,Ari,yahoo_fantasy_api
2025,10,,9,api,Joe Mantegna,Malle ❤️ 🐸,2025-W10-02,2,89.9,102.12,Ja'Marr Chase,WR,BN,False,True,False,,0.0,,Ja'Marr Chase,WR,,461.p.33393,33393,Cin,yahoo_fantasy_api
2025,10,,10,api,Joe Mantegna,Malle ❤️ 🐸,2025-W10-02,2,89.9,102.12,Quentin Johnston,WR,BN,False,True,False,,6.7,,Quentin Johnston,WR,,461.p.40051,40051,LAC,yahoo_fantasy_api
2025,10,,11,api,Joe Mantegna,Malle ❤️ 🐸,2025-W10-02,2,89.9,102.12,Cooper Kupp,WR,BN,False,True,False,,8.4,,Cooper Kupp,WR,,461.p.30182,30182,Sea,yahoo_fantasy_api
2025,10,,12,api,Joe Mantegna,Malle ❤️ 🐸,2025-W10-02,2,89.9,102.12,Omarion Hampton,RB,IR,False,False,True,,0.0,,Omarion Hampton,RB,,461.p.41807,41807,LAC,yahoo_fantasy_api
2025,10,,13,api,Joe Mantegna,Malle ❤️ 🐸,2025-W10-02,2,89.9,102.12,Cairo Santos,K,K,True,False,False,,6.0,,Cairo Santos,K,,461.p.28227,28227,Chi,yahoo_fantasy_api
2025,10,,14,api,Joe Mantegna,Malle ❤️ 🐸,2025-W10-02,2,89.9,102.12,Brandon Aubrey,K,BN,False,True,False,,0.0,,Brandon Aubrey,K,,461.p.40819,40819,Dal,yahoo_fantasy_api
2025,10,,15,api,Joe Mantegna,Malle ❤️ 🐸,2025-W10-02,2,89.9,102.12,Seahawks,DEF,DEF,True,False,False,,21.0,,Seahawks,DEF,,461.p.100026,100026,Sea,yahoo_fantasy_api
2025,10,,1,api,Malle ❤️ 🐸,Joe Mantegna,2025-W10-02,2,102.12,89.9,Marcus Mariota,QB,QB,True,False,False,,22.72,,Marcus Mariota,QB,,461.p.28390,28390,Was,yahoo_fantasy_api
2025,10,,2,api,Malle ❤️ 🐸,Joe Mantegna,2025-W10-02,2,102.12,89.9,Khalil Shakir,WR,WR,True,False,False,,9.3,,Khalil Shakir,WR,,461.p.34104,34104,Buf,yahoo_fantasy_api
2025,10,,3,api,Malle ❤️ 🐸,Joe Mantegna,2025-W10-02,2,102.12,89.9,Jordan Addison,WR,WR,True,False,False,,5.0,,Jordan Addison,WR,,461.p.40042,40042,Min,yahoo_fantasy_api
2025,10,,4,api,Malle ❤️ 🐸,Joe Mantegna,2025-W10-02,2,102.12,89.9,Bhayshul Tuten,RB,RB,True,False,False,,1.5,,Bhayshul Tuten,RB,,461.p.41900,41900,Jax,yahoo_fantasy_api
2025,10,,5,api,Malle ❤️ 🐸,Joe Mantegna,2025-W10-02,2,102.12,89.9,D'Andre Swift,RB,RB,True,False,False,,12.3,,D'Andre Swift,RB,,461.p.32705,32705,Chi,yahoo_fantasy_api
2025,10,,6,api,Malle ❤️ 🐸,Joe Mantegna,2025-W10-02,2,102.12,89.9,George Kittle,TE,TE,True,False,False,,18.9,,George Kittle,TE,,461.p.30259,30259,SF,yahoo_fantasy_api
2025,10,,7,api,Malle ❤️ 🐸,Joe Mantegna,2025-W10-02,2,102.12,89.9,Drake London,WR,W/R/T,True,False,False,,21.4,,Drake London,WR,,461.p.33963,33963,Atl,yahoo_fantasy_api
2025,10,,8,api,Malle ❤️ 🐸,Joe Mantegna,2025-W10-02,2,102.12,89.9,Rashid Shaheed,WR,BN,False,True,False,,2.8,,Rashid Shaheed,WR,,461.p.34659,34659,Sea,yahoo_fantasy_api
2025,10,,9,api,Malle ❤️ 🐸,Joe Mantegna,2025-W10-02,2,102.12,89.9,Jayden Daniels,QB,BN,False,True,False,,0.0,,Jayden Daniels,QB,,461.p.40896,40896,Was,yahoo_fantasy_api
2025,10,,10,api,Malle ❤️ 🐸,Joe Mantegna,2025-W10-02,2,102.12,89.9,Isiah Pacheco,RB,BN,False,True,False,,0.0,,Isiah Pacheco,RB,,461.p.34207,34207,Det,yahoo_fantasy_api
2025,10,,11,api,Malle ❤️ 🐸,Joe Mantegna,2025-W10-02,2,102.12,89.9,Brian Thomas Jr.,WR,BN,False,True,False,,0.0,,Brian Thomas Jr.,WR,,461.p.40883,40883,Jax,yahoo_fantasy_api
2025,10,,12,api,Malle ❤️ 🐸,Joe Mantegna,2025-W10-02,2,102.12,89.9,Dallas Goedert,TE,BN,False,True,False,,6.3,,Dallas Goedert,TE,,461.p.31019,31019,Phi,yahoo_fantasy_api
2025,10,,13,api,Malle ❤️ 🐸,Joe Mantegna,2025-W10-02,2,102.12,89.9,Dalton Schultz,TE,BN,False,True,False,,14.8,,Dalton Schultz,TE,,461.p.31107,31107,Hou,yahoo_fantasy_api
2025,10,,14,api,Malle ❤️ 🐸,Joe Mantegna,2025-W10-02,2,102.12,89.9,Joshua Karty,K,K,True,False,False,,0.0,,Joshua Karty,K,,461.p.41081,41081,Ari,yahoo_fantasy_api
2025,10,,15,api,Malle ❤️ 🐸,Joe Mantegna,2025-W10-02,2,102.12,89.9,Jaguars,DEF,DEF,True,False,False,,11.0,,Jaguars,DEF,,461.p.100030,100030,Jax,yahoo_fantasy_api
2025,10,,1,api,Patty Primetimes,malle_dips_pouches,2025-W10-06,6,107.24,85.92,Josh Allen,QB,QB,True,False,False,,24.34,,Josh Allen,QB,,461.p.30977,30977,Buf,yahoo_fantasy_api
2025,10,,2,api,Patty Primetimes,malle_dips_pouches,2025-W10-06,6,107.24,85.92,Ladd McConkey,WR,WR,True,False,False,,18.7,,Ladd McConkey,WR,,461.p.40908,40908,LAC,yahoo_fantasy_api
2025,10,,3,api,Patty Primetimes,malle_dips_pouches,2025-W10-06,6,107.24,85.92,DK Metcalf,WR,WR,True,False,False,,5.0,,DK Metcalf,WR,,461.p.31896,31896,Pit,yahoo_fantasy_api
2025,10,,4,api,Patty Primetimes,malle_dips_pouches,2025-W10-06,6,107.24,85.92,James Cook III,RB,RB,True,False,False,,8.2,,James Cook III,RB,,461.p.34019,34019,Buf,yahoo_fantasy_api
2025,10,,5,api,Patty Primetimes,malle_dips_pouches,2025-W10-06,6,107.24,85.92,Saquon Barkley,RB,RB,True,False,False,,11.6,,Saquon Barkley,RB,,461.p.30972,30972,Phi,yahoo_fantasy_api
2025,10,,6,api,Patty Primetimes,malle_dips_pouches,2025-W10-06,6,107.24,85.92,Colston Loveland,TE,TE,True,False,False,,7.5,,Colston Loveland,TE,,461.p.41795,41795,Chi,yahoo_fantasy_api
2025,10,,7,api,Patty Primetimes,malle_dips_pouches,2025-W10-06,6,107.24,85.92,Courtland Sutton,WR,W/R/T,True,False,False,,3.9,,Courtland Sutton,WR,,461.p.31010,31010,Den,yahoo_fantasy_api
2025,10,,8,api,Patty Primetimes,malle_dips_pouches,2025-W10-06,6,107.24,85.92,Travis Kelce,TE,BN,False,True,False,,0.0,,Travis Kelce,TE,,461.p.26686,26686,KC,yahoo_fantasy_api
2025,10,,9,api,Patty Primetimes,malle_dips_pouches,2025-W10-06,6,107.24,85.92,J.K. Dobbins,RB,BN,False,True,False,,8.9,,J.K. Dobbins,RB,,461.p.32725,32725,Den,yahoo_fantasy_api
2025,10,,10,api,Patty Primetimes,malle_dips_pouches,2025-W10-06,6,107.24,85.92,Caleb Williams,QB,BN,False,True,False,,27.1,,Caleb Williams,QB,,461.p.40900,40900,Chi,yahoo_fantasy_api
2025,10,,11,api,Patty Primetimes,malle_dips_pouches,2025-W10-06,6,107.24,85.92,Keon Coleman,WR,BN,False,True,False,,12.1,,Keon Coleman,WR,,461.p.40911,40911,Buf,yahoo_fantasy_api
2025,10,,12,api,Patty Primetimes,malle_dips_pouches,2025-W10-06,6,107.24,85.92,Tank Bigsby,RB,BN,False,True,False,,0.7,,Tank Bigsby,RB,,461.p.40095,40095,Phi,yahoo_fantasy_api
2025,10,,13,api,Patty Primetimes,malle_dips_pouches,2025-W10-06,6,107.24,85.92,Tyjae Spears,RB,BN,False,True,False,,0.0,,Tyjae Spears,RB,,461.p.40119,40119,Ten,yahoo_fantasy_api
2025,10,,14,api,Patty Primetimes,malle_dips_pouches,2025-W10-06,6,107.24,85.92,Cameron Dicker,K,K,True,False,False,,14.0,,Cameron Dicker,K,,461.p.34344,34344,LAC,yahoo_fantasy_api
2025,10,,15,api,Patty Primetimes,malle_dips_pouches,2025-W10-06,6,107.24,85.92,Texans,DEF,DEF,True,False,False,,14.0,,Texans,DEF,,461.p.100034,100034,Hou,yahoo_fantasy_api
2025,10,,1,api,Pop Lockett Drop it,Ginger FC 🏆🏆,2025-W10-05,5,110.44,130.8,Lamar Jackson,QB,QB,True,False,False,,18.64,,Lamar Jackson,QB,,461.p.31002,31002,Bal,yahoo_fantasy_api
2025,10,,2,api,Pop Lockett Drop it,Ginger FC 🏆🏆,2025-W10-05,5,110.44,130.8,Troy Franklin,WR,WR,True,False,False,,12.5,,Troy Franklin,WR,,461.p.41009,41009,Den,yahoo_fantasy_api
2025,10,,3,api,Pop Lockett Drop it,Ginger FC 🏆🏆,2025-W10-05,5,110.44,130.8,Rome Odunze,WR,WR,True,False,False,,17.6,,Rome Odunze,WR,,461.p.40901,40901,Chi,yahoo_fantasy_api
2025,10,,4,api,Pop Lockett Drop it,Ginger FC 🏆🏆,2025-W10-05,5,110.44,130.8,Kenneth Walker III,RB,RB,True,False,False,,7.5,,Kenneth Walker III,RB,,461.p.33996,33996,KC,yahoo_fantasy_api
2025,10,,5,api,Pop Lockett Drop it,Ginger FC 🏆🏆,2025-W10-05,5,110.44,130.8,Jordan Mason,RB,RB,True,False,False,,3.6,,Jordan Mason,RB,,461.p.34320,34320,Min,yahoo_fantasy_api
2025,10,,6,api,Pop Lockett Drop it,Ginger FC 🏆🏆,2025-W10-05,5,110.44,130.8,Trey McBride,TE,TE,True,False,False,,23.2,,Trey McBride,TE,,461.p.34010,34010,Ari,yahoo_fantasy_api
2025,10,,7,api,Pop Lockett Drop it,Ginger FC 🏆🏆,2025-W10-05,5,110.44,130.8,Alec Pierce,WR,W/R/T,True,False,False,,16.4,,Alec Pierce,WR,,461.p.34008,34008,Ind,yahoo_fantasy_api
2025,10,,8,api,Pop Lockett Drop it,Ginger FC 🏆🏆,2025-W10-05,5,110.44,130.8,Tee Higgins,WR,BN,False,True,False,,0.0,,Tee Higgins,WR,,461.p.32703,32703,Cin,yahoo_fantasy_api
2025,10,,9,api,Pop Lockett Drop it,Ginger FC 🏆🏆,2025-W10-05,5,110.44,130.8,Jaxson Dart,QB,BN,False,True,False,,26.28,,Jaxson Dart,QB,,461.p.41810,41810,NYG,yahoo_fantasy_api
2025,10,,10,api,Pop Lockett Drop it,Ginger FC 🏆🏆,2025-W10-05,5,110.44,130.8,Matthew Stafford,QB,BN,False,True,False,,34.9,,Matthew Stafford,QB,,461.p.9265,9265,LAR,yahoo_fantasy_api
2025,10,,11,api,Pop Lockett Drop it,Ginger FC 🏆🏆,2025-W10-05,5,110.44,130.8,Kareem Hunt,RB,BN,False,True,False,,0.0,,Kareem Hunt,RB,,461.p.30199,30199,KC,yahoo_fantasy_api
2025,10,,12,api,Pop Lockett Drop it,Ginger FC 🏆🏆,2025-W10-05,5,110.44,130.8,Javonte Williams,RB,BN,False,True,False,,0.0,,Javonte Williams,RB,,461.p.33423,33423,Dal,yahoo_fantasy_api
2025,10,,13,api,Pop Lockett Drop it,Ginger FC 🏆🏆,2025-W10-05,5,110.44,130.8,CeeDee Lamb,WR,BN,False,True,False,,0.0,,CeeDee Lamb,WR,,461.p.32687,32687,Dal,yahoo_fantasy_api
2025,10,,14,api,Pop Lockett Drop it,Ginger FC 🏆🏆,2025-W10-05,5,110.44,130.8,Michael Badgley,K,K,True,False,False,,8.0,,Michael Badgley,K,,461.p.31366,31366,Ind,yahoo_fantasy_api
2025,10,,15,api,Pop Lockett Drop it,Ginger FC 🏆🏆,2025-W10-05,5,110.44,130.8,Bills,DEF,DEF,True,False,False,,3.0,,Bills,DEF,,461.p.100002,100002,Buf,yahoo_fantasy_api
2025,10,,1,api,Post Mahomes,ThreatLevelMidnight,2025-W10-04,4,125.32,89.82,J.J. McCarthy,QB,QB,True,False,False,,18.72,,J.J. McCarthy,QB,,461.p.40905,40905,Min,yahoo_fantasy_api
2025,10,,2,api,Post Mahomes,ThreatLevelMidnight,2025-W10-04,4,125.32,89.82,Garrett Wilson,WR,WR,True,False,False,,0.0,,Garrett Wilson,WR,,461.p.33965,33965,NYJ,yahoo_fantasy_api
2025,10,,3,api,Post Mahomes,ThreatLevelMidnight,2025-W10-04,4,125.32,89.82,Romeo Doubs,WR,WR,True,False,False,,1.0,,Romeo Doubs,WR,,461.p.34088,34088,NE,yahoo_fantasy_api
2025,10,,4,api,Post Mahomes,ThreatLevelMidnight,2025-W10-04,4,125.32,89.82,Jahmyr Gibbs,RB,RB,True,False,False,,36.7,,Jahmyr Gibbs,RB,,461.p.40059,40059,Det,yahoo_fantasy_api
2025,10,,5,api,Post Mahomes,ThreatLevelMidnight,2025-W10-04,4,125.32,89.82,Kyren Williams,RB,RB,True,False,False,,21.4,,Kyren Williams,RB,,461.p.34120,34120,LAR,yahoo_fantasy_api
2025,10,,6,api,Post Mahomes,ThreatLevelMidnight,2025-W10-04,4,125.32,89.82,Brock Bowers,TE,TE,True,False,False,,3.2,,Brock Bowers,TE,,461.p.40878,40878,LV,yahoo_fantasy_api
2025,10,,7,api,Post Mahomes,ThreatLevelMidnight,2025-W10-04,4,125.32,89.82,Kimani Vidal,RB,W/R/T,True,False,False,,17.3,,Kimani Vidal,RB,,461.p.41052,41052,LAC,yahoo_fantasy_api
2025,10,,8,api,Post Mahomes,ThreatLevelMidnight,2025-W10-04,4,125.32,89.82,Tetairoa McMillan,WR,BN,False,True,False,,8.5,,Tetairoa McMillan,WR,,461.p.41793,41793,Car,yahoo_fantasy_api
2025,10,,9,api,Post Mahomes,ThreatLevelMidnight,2025-W10-04,4,125.32,89.82,Patrick Mahomes,QB,BN,False,True,False,,0.0,,Patrick Mahomes,QB,,461.p.30123,30123,KC,yahoo_fantasy_api
2025,10,,10,api,Post Mahomes,ThreatLevelMidnight,2025-W10-04,4,125.32,89.82,Oronde Gadsden,TE,BN,False,True,False,,2.8,,Oronde Gadsden,TE,,461.p.41951,41951,LAC,yahoo_fantasy_api
2025,10,,11,api,Post Mahomes,ThreatLevelMidnight,2025-W10-04,4,125.32,89.82,Chris Godwin Jr.,WR,BN,False,True,False,,0.0,,Chris Godwin Jr.,WR,,461.p.30197,30197,TB,yahoo_fantasy_api
2025,10,,12,api,Post Mahomes,ThreatLevelMidnight,2025-W10-04,4,125.32,89.82,Ricky Pearsall,WR,BN,False,True,False,,0.0,,Ricky Pearsall,WR,,461.p.40892,40892,SF,yahoo_fantasy_api
2025,10,,13,api,Post Mahomes,ThreatLevelMidnight,2025-W10-04,4,125.32,89.82,Cam Skattebo,RB,IR,False,False,True,,0.0,,Cam Skattebo,RB,,461.p.41922,41922,NYG,yahoo_fantasy_api
2025,10,,14,api,Post Mahomes,ThreatLevelMidnight,2025-W10-04,4,125.32,89.82,Jake Bates,K,K,True,False,False,,13.0,,Jake Bates,K,,461.p.40835,40835,Det,yahoo_fantasy_api
2025,10,,15,api,Post Mahomes,ThreatLevelMidnight,2025-W10-04,4,125.32,89.82,Harrison Butker,K,BN,False,True,False,,0.0,,Harrison Butker,K,,461.p.30346,30346,KC,yahoo_fantasy_api
2025,10,,16,api,Post Mahomes,ThreatLevelMidnight,2025-W10-04,4,125.32,89.82,Broncos,DEF,DEF,True,False,False,,14.0,,Broncos,DEF,,461.p.100007,100007,Den,yahoo_fantasy_api
2025,10,,1,api,The Big Gronkowski,Uncle Rico,2025-W10-01,1,115.4,146.6,Drake Maye,QB,QB,True,False,False,,23.1,,Drake Maye,QB,,461.p.40881,40881,NE,yahoo_fantasy_api
2025,10,,2,api,The Big Gronkowski,Uncle Rico,2025-W10-01,1,115.4,146.6,Nico Collins,WR,WR,True,False,False,,19.1,,Nico Collins,WR,,461.p.33477,33477,Hou,yahoo_fantasy_api
2025,10,,3,api,The Big Gronkowski,Uncle Rico,2025-W10-01,1,115.4,146.6,Jameson Williams,WR,WR,True,False,False,,20.9,,Jameson Williams,WR,,461.p.33967,33967,Det,yahoo_fantasy_api
2025,10,,4,api,The Big Gronkowski,Uncle Rico,2025-W10-01,1,115.4,146.6,Woody Marks,RB,RB,True,False,False,,15.1,,Woody Marks,RB,,461.p.41902,41902,Hou,yahoo_fantasy_api
2025,10,,5,api,The Big Gronkowski,Uncle Rico,2025-W10-01,1,115.4,146.6,TreVeyon Henderson,RB,RB,True,False,False,,27.5,,TreVeyon Henderson,RB,,461.p.41823,41823,NE,yahoo_fantasy_api
2025,10,,6,api,The Big Gronkowski,Uncle Rico,2025-W10-01,1,115.4,146.6,Hunter Henry,TE,TE,True,False,False,,1.4,,Hunter Henry,TE,,461.p.29269,29269,NE,yahoo_fantasy_api
2025,10,,7,api,The Big Gronkowski,Uncle Rico,2025-W10-01,1,115.4,146.6,A.J. Brown,WR,W/R/T,True,False,False,,2.3,,A.J. Brown,WR,,461.p.31883,31883,NE,yahoo_fantasy_api
2025,10,,8,api,The Big Gronkowski,Uncle Rico,2025-W10-01,1,115.4,146.6,Darnell Mooney,WR,BN,False,True,False,,2.2,,Darnell Mooney,WR,,461.p.32843,32843,NYG,yahoo_fantasy_api
2025,10,,9,api,The Big Gronkowski,Uncle Rico,2025-W10-01,1,115.4,146.6,Dak Prescott,QB,BN,False,True,False,,0.0,,Dak Prescott,QB,,461.p.29369,29369,Dal,yahoo_fantasy_api
2025,10,,10,api,The Big Gronkowski,Uncle Rico,2025-W10-01,1,115.4,146.6,Chuba Hubbard,RB,BN,False,True,False,,2.0,,Chuba Hubbard,RB,,461.p.33514,33514,Car,yahoo_fantasy_api
2025,10,,11,api,The Big Gronkowski,Uncle Rico,2025-W10-01,1,115.4,146.6,Xavier Legette,WR,BN,False,True,False,,0.0,,Xavier Legette,WR,,461.p.40890,40890,Car,yahoo_fantasy_api
2025,10,,12,api,The Big Gronkowski,Uncle Rico,2025-W10-01,1,115.4,146.6,T.J. Hockenson,TE,BN,False,True,False,,1.8,,T.J. Hockenson,TE,,461.p.31840,31840,Min,yahoo_fantasy_api
2025,10,,13,api,The Big Gronkowski,Uncle Rico,2025-W10-01,1,115.4,146.6,Matt Prater,K,K,True,False,False,,1.0,,Matt Prater,K,,461.p.8565,8565,Buf,yahoo_fantasy_api
2025,10,,14,api,The Big Gronkowski,Uncle Rico,2025-W10-01,1,115.4,146.6,Ka'imi Fairbairn,K,BN,False,True,False,,0.0,,Ka'imi Fairbairn,K,,461.p.29792,29792,Hou,yahoo_fantasy_api
2025,10,,15,api,The Big Gronkowski,Uncle Rico,2025-W10-01,1,115.4,146.6,Browns,DEF,DEF,True,False,False,,5.0,,Browns,DEF,,461.p.100005,100005,Cle,yahoo_fantasy_api
2025,10,,1,api,ThreatLevelMidnight,Post Mahomes,2025-W10-04,4,89.82,125.32,Baker Mayfield,QB,QB,True,False,False,,28.92,,Baker Mayfield,QB,,461.p.30971,30971,TB,yahoo_fantasy_api
2025,10,,2,api,ThreatLevelMidnight,Post Mahomes,2025-W10-04,4,89.82,125.32,Marvin Harrison Jr.,WR,WR,True,False,False,,12.8,,Marvin Harrison Jr.,WR,,461.p.40893,40893,Ari,yahoo_fantasy_api
2025,10,,3,api,ThreatLevelMidnight,Post Mahomes,2025-W10-04,4,89.82,125.32,DJ Moore,WR,WR,True,False,False,,0.0,,DJ Moore,WR,,461.p.30994,30994,Buf,yahoo_fantasy_api
2025,10,,4,api,ThreatLevelMidnight,Post Mahomes,2025-W10-04,4,89.82,125.32,Bijan Robinson,RB,RB,True,False,False,,9.8,,Bijan Robinson,RB,,461.p.40055,40055,Atl,yahoo_fantasy_api
2025,10,,5,api,ThreatLevelMidnight,Post Mahomes,2025-W10-04,4,89.82,125.32,Rico Dowdle,RB,RB,True,False,False,,13.8,,Rico Dowdle,RB,,461.p.33100,33100,Pit,yahoo_fantasy_api
2025,10,,6,api,ThreatLevelMidnight,Post Mahomes,2025-W10-04,4,89.82,125.32,Theo Johnson,TE,TE,True,False,False,,11.0,,Theo Johnson,TE,,461.p.41003,41003,NYG,yahoo_fantasy_api
2025,10,,7,api,ThreatLevelMidnight,Post Mahomes,2025-W10-04,4,89.82,125.32,Quinshon Judkins,RB,W/R/T,True,False,False,,9.5,,Quinshon Judkins,RB,,461.p.41821,41821,Cle,yahoo_fantasy_api
2025,10,,8,api,ThreatLevelMidnight,Post Mahomes,2025-W10-04,4,89.82,125.32,Jake Ferguson,TE,BN,False,True,False,,0.0,,Jake Ferguson,TE,,461.p.34085,34085,Dal,yahoo_fantasy_api
2025,10,,9,api,ThreatLevelMidnight,Post Mahomes,2025-W10-04,4,89.82,125.32,Kyle Monangai,RB,BN,False,True,False,,8.8,,Kyle Monangai,RB,,461.p.42025,42025,Chi,yahoo_fantasy_api
2025,10,,10,api,ThreatLevelMidnight,Post Mahomes,2025-W10-04,4,89.82,125.32,Rashee Rice,WR,BN,False,True,False,,0.0,,Rashee Rice,WR,,461.p.40084,40084,KC,yahoo_fantasy_api
2025,10,,11,api,ThreatLevelMidnight,Post Mahomes,2025-W10-04,4,89.82,125.32,Tony Pollard,RB,BN,False,True,False,,0.0,,Tony Pollard,RB,,461.p.31960,31960,Ten,yahoo_fantasy_api
2025,10,,12,api,ThreatLevelMidnight,Post Mahomes,2025-W10-04,4,89.82,125.32,Xavier Worthy,WR,BN,False,True,False,,0.0,,Xavier Worthy,WR,,461.p.40877,40877,KC,yahoo_fantasy_api
2025,10,,13,api,ThreatLevelMidnight,Post Mahomes,2025-W10-04,4,89.82,125.32,Parker Washington,WR,BN,False,True,False,,16.4,,Parker Washington,WR,,461.p.40234,40234,Jax,yahoo_fantasy_api
2025,10,,14,api,ThreatLevelMidnight,Post Mahomes,2025-W10-04,4,89.82,125.32,Rhamondre Stevenson,RB,IR,False,False,True,,0.0,,Rhamondre Stevenson,RB,,461.p.33508,33508,NE,yahoo_fantasy_api
2025,10,,15,api,ThreatLevelMidnight,Post Mahomes,2025-W10-04,4,89.82,125.32,Eddy Pineiro,K,K,True,False,False,,2.0,,Eddy Pineiro,K,,461.p.31482,31482,SF,yahoo_fantasy_api
2025,10,,16,api,ThreatLevelMidnight,Post Mahomes,2025-W10-04,4,89.82,125.32,Lions,DEF,DEF,True,False,False,,2.0,,Lions,DEF,,461.p.100008,100008,Det,yahoo_fantasy_api
2025,10,,1,api,Uncle Rico,The Big Gronkowski,2025-W10-01,1,146.6,115.4,Daniel Jones,QB,QB,True,False,False,,18.5,,Daniel Jones,QB,,461.p.31838,31838,Ind,yahoo_fantasy_api
2025,10,,2,api,Uncle Rico,The Big Gronkowski,2025-W10-01,1,146.6,115.4,Jaylen Waddle,WR,WR,True,False,False,,16.9,,Jaylen Waddle,WR,,461.p.33394,33394,Den,yahoo_fantasy_api
2025,10,,3,api,Uncle Rico,The Big Gronkowski,2025-W10-01,1,146.6,115.4,Emeka Egbuka,WR,WR,True,False,False,,20.5,,Emeka Egbuka,WR,,461.p.41804,41804,TB,yahoo_fantasy_api
2025,10,,4,api,Uncle Rico,The Big Gronkowski,2025-W10-01,1,146.6,115.4,Christian McCaffrey,RB,RB,True,False,False,,13.6,,Christian McCaffrey,RB,,461.p.30121,30121,SF,yahoo_fantasy_api
2025,10,,5,api,Uncle Rico,The Big Gronkowski,2025-W10-01,1,146.6,115.4,Jonathan Taylor,RB,RB,True,False,False,,48.1,,Jonathan Taylor,RB,,461.p.32711,32711,Ind,yahoo_fantasy_api
2025,10,,6,api,Uncle Rico,The Big Gronkowski,2025-W10-01,1,146.6,115.4,Dalton Kincaid,TE,TE,True,False,False,,4.7,,Dalton Kincaid,TE,,461.p.40048,40048,Buf,yahoo_fantasy_api
2025,10,,7,api,Uncle Rico,The Big Gronkowski,2025-W10-01,1,146.6,115.4,Zach Charbonnet,RB,W/R/T,True,False,False,,14.3,,Zach Charbonnet,RB,,461.p.40075,40075,Sea,yahoo_fantasy_api
2025,10,,8,api,Uncle Rico,The Big Gronkowski,2025-W10-01,1,146.6,115.4,Kayshon Boutte,WR,BN,False,True,False,,0.0,,Kayshon Boutte,WR,,461.p.40224,40224,Hou,yahoo_fantasy_api
2025,10,,9,api,Uncle Rico,The Big Gronkowski,2025-W10-01,1,146.6,115.4,Terry McLaurin,WR,BN,False,True,False,,0.0,,Terry McLaurin,WR,,461.p.31908,31908,Was,yahoo_fantasy_api
2025,10,,10,api,Uncle Rico,The Big Gronkowski,2025-W10-01,1,146.6,115.4,Tre Tucker,WR,BN,False,True,False,,4.5,,Tre Tucker,WR,,461.p.40114,40114,LV,yahoo_fantasy_api
2025,10,,11,api,Uncle Rico,The Big Gronkowski,2025-W10-01,1,146.6,115.4,Cade Otton,TE,BN,False,True,False,,12.7,,Cade Otton,TE,,461.p.34062,34062,TB,yahoo_fantasy_api
2025,10,,12,api,Uncle Rico,The Big Gronkowski,2025-W10-01,1,146.6,115.4,Jerry Jeudy,WR,BN,False,True,False,,16.8,,Jerry Jeudy,WR,,461.p.32685,32685,Cle,yahoo_fantasy_api
2025,10,,13,api,Uncle Rico,The Big Gronkowski,2025-W10-01,1,146.6,115.4,Brashard Smith,RB,BN,False,True,False,,0.0,,Brashard Smith,RB,,461.p.42012,42012,KC,yahoo_fantasy_api
2025,10,,14,api,Uncle Rico,The Big Gronkowski,2025-W10-01,1,146.6,115.4,Joe Burrow,QB,IR,False,False,True,,0.0,,Joe Burrow,QB,,461.p.32671,32671,Cin,yahoo_fantasy_api
2025,10,,15,api,Uncle Rico,The Big Gronkowski,2025-W10-01,1,146.6,115.4,Wil Lutz,K,K,True,False,False,,4.0,,Wil Lutz,K,,461.p.29754,29754,Den,yahoo_fantasy_api
2025,10,,16,api,Uncle Rico,The Big Gronkowski,2025-W10-01,1,146.6,115.4,Rams,DEF,DEF,True,False,False,,6.0,,Rams,DEF,,461.p.100014,100014,LAR,yahoo_fantasy_api
2025,10,,1,api,Voldemort,Buttermilk Puuump,2025-W10-03,3,91.12,87.94,Sam Darnold,QB,QB,True,False,False,,7.92,,Sam Darnold,QB,,461.p.30973,30973,Sea,yahoo_fantasy_api
2025,10,,2,api,Voldemort,Buttermilk Puuump,2025-W10-03,3,91.12,87.94,Justin Jefferson,WR,WR,True,False,False,,5.7,,Justin Jefferson,WR,,461.p.32692,32692,Min,yahoo_fantasy_api
2025,10,,3,api,Voldemort,Buttermilk Puuump,2025-W10-03,3,91.12,87.94,Puka Nacua,WR,WR,True,False,False,,14.9,,Puka Nacua,WR,,461.p.40168,40168,LAR,yahoo_fantasy_api
2025,10,,4,api,Voldemort,Buttermilk Puuump,2025-W10-03,3,91.12,87.94,Jaylen Warren,RB,RB,True,False,False,,10.1,,Jaylen Warren,RB,,461.p.34447,34447,Pit,yahoo_fantasy_api
2025,10,,5,api,Voldemort,Buttermilk Puuump,2025-W10-03,3,91.12,87.94,David Montgomery,RB,RB,True,False,False,,9.6,,David Montgomery,RB,,461.p.31905,31905,Hou,yahoo_fantasy_api
2025,10,,6,api,Voldemort,Buttermilk Puuump,2025-W10-03,3,91.12,87.94,David Njoku,TE,TE,True,False,False,,9.1,,David Njoku,TE,,461.p.30142,30142,LAC,yahoo_fantasy_api
2025,10,,7,api,Voldemort,Buttermilk Puuump,2025-W10-03,3,91.12,87.94,Jaxon Smith-Njigba,WR,W/R/T,True,False,False,,17.8,,Jaxon Smith-Njigba,WR,,461.p.40041,40041,Sea,yahoo_fantasy_api
2025,10,,8,api,Voldemort,Buttermilk Puuump,2025-W10-03,3,91.12,87.94,Aaron Rodgers,QB,BN,False,True,False,,10.44,,Aaron Rodgers,QB,,461.p.7200,7200,Pit,yahoo_fantasy_api
2025,10,,9,api,Voldemort,Buttermilk Puuump,2025-W10-03,3,91.12,87.94,Chase Brown,RB,BN,False,True,False,,0.0,,Chase Brown,RB,,461.p.40196,40196,Cin,yahoo_fantasy_api
2025,10,,10,api,Voldemort,Buttermilk Puuump,2025-W10-03,3,91.12,87.94,Kyler Murray,QB,BN,False,True,False,,0.0,,Kyler Murray,QB,,461.p.31833,31833,Min,yahoo_fantasy_api
2025,10,,11,api,Voldemort,Buttermilk Puuump,2025-W10-03,3,91.12,87.94,Alvin Kamara,RB,BN,False,True,False,,13.0,,Alvin Kamara,RB,,461.p.30180,30180,NO,yahoo_fantasy_api
2025,10,,12,api,Voldemort,Buttermilk Puuump,2025-W10-03,3,91.12,87.94,Keenan Allen,WR,BN,False,True,False,,2.9,,Keenan Allen,WR,,461.p.26699,26699,Ind,yahoo_fantasy_api
2025,10,,13,api,Voldemort,Buttermilk Puuump,2025-W10-03,3,91.12,87.94,Kenny Gainwell,RB,BN,False,True,False,,1.4,,Kenny Gainwell,RB,,461.p.33538,33538,TB,yahoo_fantasy_api
2025,10,,14,api,Voldemort,Buttermilk Puuump,2025-W10-03,3,91.12,87.94,Will Reichard,K,K,True,False,False,,9.0,,Will Reichard,K,,461.p.41093,41093,Min,yahoo_fantasy_api
2025,10,,15,api,Voldemort,Buttermilk Puuump,2025-W10-03,3,91.12,87.94,Bears,DEF,DEF,True,False,False,,7.0,,Bears,DEF,,461.p.100003,100003,Chi,yahoo_fantasy_api
2025,10,,1,api,malle_dips_pouches,Patty Primetimes,2025-W10-06,6,85.92,107.24,Jalen Hurts,QB,QB,True,False,False,,14.02,,Jalen Hurts,QB,,461.p.32723,32723,Phi,yahoo_fantasy_api
2025,10,,2,api,malle_dips_pouches,Patty Primetimes,2025-W10-06,6,85.92,107.24,Stefon Diggs,WR,WR,True,False,False,,13.1,,Stefon Diggs,WR,,461.p.28534,28534,Was,yahoo_fantasy_api
2025,10,,3,api,malle_dips_pouches,Patty Primetimes,2025-W10-06,6,85.92,107.24,Christian Watson,WR,WR,True,False,False,,5.5,,Christian Watson,WR,,461.p.33989,33989,GB,yahoo_fantasy_api
2025,10,,4,api,malle_dips_pouches,Patty Primetimes,2025-W10-06,6,85.92,107.24,Ashton Jeanty,RB,RB,True,False,False,,13.8,,Ashton Jeanty,RB,,461.p.41791,41791,LV,yahoo_fantasy_api
2025,10,,5,api,malle_dips_pouches,Patty Primetimes,2025-W10-06,6,85.92,107.24,Rachaad White,RB,RB,True,False,False,,7.9,,Rachaad White,RB,,461.p.34047,34047,Was,yahoo_fantasy_api
2025,10,,6,api,malle_dips_pouches,Patty Primetimes,2025-W10-06,6,85.92,107.24,Sam LaPorta,TE,TE,True,False,False,,7.8,,Sam LaPorta,TE,,461.p.40064,40064,Det,yahoo_fantasy_api
2025,10,,7,api,malle_dips_pouches,Patty Primetimes,2025-W10-06,6,85.92,107.24,Josh Downs,WR,W/R/T,True,False,False,,0.8,,Josh Downs,WR,,461.p.40126,40126,Ind,yahoo_fantasy_api
2025,10,,8,api,malle_dips_pouches,Patty Primetimes,2025-W10-06,6,85.92,107.24,Tyrone Tracy Jr.,RB,BN,False,True,False,,7.6,,Tyrone Tracy Jr.,RB,,461.p.41048,41048,NYG,yahoo_fantasy_api
2025,10,,9,api,malle_dips_pouches,Patty Primetimes,2025-W10-06,6,85.92,107.24,Jakobi Meyers,WR,BN,False,True,False,,5.6,,Jakobi Meyers,WR,,461.p.32231,32231,Jax,yahoo_fantasy_api
2025,10,,10,api,malle_dips_pouches,Patty Primetimes,2025-W10-06,6,85.92,107.24,Zach Ertz,TE,BN,False,True,False,,7.4,,Zach Ertz,TE,,461.p.26658,26658,Phi,yahoo_fantasy_api
2025,10,,11,api,malle_dips_pouches,Patty Primetimes,2025-W10-06,6,85.92,107.24,Calvin Ridley,WR,BN,False,True,False,,0.0,,Calvin Ridley,WR,,461.p.30996,30996,Ten,yahoo_fantasy_api
2025,10,,12,api,malle_dips_pouches,Patty Primetimes,2025-W10-06,6,85.92,107.24,Bucky Irving,RB,BN,False,True,False,,0.0,,Bucky Irving,RB,,461.p.40993,40993,TB,yahoo_fantasy_api
2025,10,,13,api,malle_dips_pouches,Patty Primetimes,2025-W10-06,6,85.92,107.24,Christian Kirk,WR,BN,False,True,False,,0.8,,Christian Kirk,WR,,461.p.31017,31017,SF,yahoo_fantasy_api
2025,10,,14,api,malle_dips_pouches,Patty Primetimes,2025-W10-06,6,85.92,107.24,Mike Evans,WR,IR,False,False,True,,0.0,,Mike Evans,WR,,461.p.27535,27535,SF,yahoo_fantasy_api
2025,10,,15,api,malle_dips_pouches,Patty Primetimes,2025-W10-06,6,85.92,107.24,Jason Myers,K,K,True,False,False,,15.0,,Jason Myers,K,,461.p.28378,28378,Sea,yahoo_fantasy_api
2025,10,,16,api,malle_dips_pouches,Patty Primetimes,2025-W10-06,6,85.92,107.24,Ravens,DEF,DEF,True,False,False,,8.0,,Ravens,DEF,,461.p.100033,100033,Bal,yahoo_fantasy_api
2025,11,,1,api,Buttermilk Puuump,Pop Lockett Drop it,2025-W11-05,5,83.46,112.1,Jordan Love,QB,QB,True,False,False,,21.66,,Jordan Love,QB,,461.p.32696,32696,GB,yahoo_fantasy_api
2025,11,,2,api,Buttermilk Puuump,Pop Lockett Drop it,2025-W11-05,5,83.46,112.1,Deebo Samuel Sr.,WR,WR,True,False,False,,17.2,,Deebo Samuel Sr.,WR,,461.p.31868,31868,SF,yahoo_fantasy_api
2025,11,,3,api,Buttermilk Puuump,Pop Lockett Drop it,2025-W11-05,5,83.46,112.1,Amon-Ra St. Brown,WR,WR,True,False,False,,5.2,,Amon-Ra St. Brown,WR,,461.p.33500,33500,Det,yahoo_fantasy_api
2025,11,,4,api,Buttermilk Puuump,Pop Lockett Drop it,2025-W11-05,5,83.46,112.1,Josh Jacobs,RB,RB,True,False,False,,4.0,,Josh Jacobs,RB,,461.p.31856,31856,GB,yahoo_fantasy_api
2025,11,,5,api,Buttermilk Puuump,Pop Lockett Drop it,2025-W11-05,5,83.46,112.1,Breece Hall,RB,RB,True,False,False,,7.4,,Breece Hall,RB,,461.p.33991,33991,NYJ,yahoo_fantasy_api
2025,11,,6,api,Buttermilk Puuump,Pop Lockett Drop it,2025-W11-05,5,83.46,112.1,Kyle Pitts Sr.,TE,TE,True,False,False,,2.4,,Kyle Pitts Sr.,TE,,461.p.33392,33392,Atl,yahoo_fantasy_api
2025,11,,7,api,Buttermilk Puuump,Pop Lockett Drop it,2025-W11-05,5,83.46,112.1,Aaron Jones Sr.,RB,W/R/T,True,False,False,,9.6,,Aaron Jones Sr.,RB,,461.p.30295,30295,Min,yahoo_fantasy_api
2025,11,,8,api,Buttermilk Puuump,Pop Lockett Drop it,2025-W11-05,5,83.46,112.1,Jared Goff,QB,BN,False,True,False,,15.1,,Jared Goff,QB,,461.p.29235,29235,Det,yahoo_fantasy_api
2025,11,,9,api,Buttermilk Puuump,Pop Lockett Drop it,2025-W11-05,5,83.46,112.1,Darius Slayton,WR,BN,False,True,False,,0.0,,Darius Slayton,WR,,461.p.32003,32003,Ind,yahoo_fantasy_api
2025,11,,10,api,Buttermilk Puuump,Pop Lockett Drop it,2025-W11-05,5,83.46,112.1,George Pickens,WR,BN,False,True,False,,24.9,,George Pickens,WR,,461.p.34007,34007,Dal,yahoo_fantasy_api
2025,11,,11,api,Buttermilk Puuump,Pop Lockett Drop it,2025-W11-05,5,83.46,112.1,Nick Chubb,RB,BN,False,True,False,,1.7,,Nick Chubb,RB,,461.p.31005,31005,Hou,yahoo_fantasy_api
2025,11,,12,api,Buttermilk Puuump,Pop Lockett Drop it,2025-W11-05,5,83.46,112.1,Evan Engram,TE,BN,False,True,False,,5.3,,Evan Engram,TE,,461.p.30136,30136,Den,yahoo_fantasy_api
2025,11,,13,api,Buttermilk Puuump,Pop Lockett Drop it,2025-W11-05,5,83.46,112.1,Matthew Golden,WR,BN,False,True,False,,2.9,,Matthew Golden,WR,,461.p.41808,41808,GB,yahoo_fantasy_api
2025,11,,14,api,Buttermilk Puuump,Pop Lockett Drop it,2025-W11-05,5,83.46,112.1,Chris Boswell,K,K,True,False,False,,10.0,,Chris Boswell,K,,461.p.28188,28188,Pit,yahoo_fantasy_api
2025,11,,15,api,Buttermilk Puuump,Pop Lockett Drop it,2025-W11-05,5,83.46,112.1,49ers,DEF,DEF,True,False,False,,6.0,,49ers,DEF,,461.p.100025,100025,SF,yahoo_fantasy_api
2025,11,,1,api,Ginger FC 🏆🏆,ThreatLevelMidnight,2025-W11-04,4,98.94,127.92,Justin Herbert,QB,QB,True,False,False,,4.34,,Justin Herbert,QB,,461.p.32676,32676,LAC,yahoo_fantasy_api
2025,11,,2,api,Ginger FC 🏆🏆,ThreatLevelMidnight,2025-W11-04,4,98.94,127.92,Davante Adams,WR,WR,True,False,False,,6.6,,Davante Adams,WR,,461.p.27581,27581,LAR,yahoo_fantasy_api
2025,11,,3,api,Ginger FC 🏆🏆,ThreatLevelMidnight,2025-W11-04,4,98.94,127.92,DeVonta Smith,WR,WR,True,False,False,,1.3,,DeVonta Smith,WR,,461.p.33398,33398,Phi,yahoo_fantasy_api
2025,11,,4,api,Ginger FC 🏆🏆,ThreatLevelMidnight,2025-W11-04,4,98.94,127.92,De'Von Achane,RB,RB,True,False,False,,19.0,,De'Von Achane,RB,,461.p.40118,40118,Mia,yahoo_fantasy_api
2025,11,,5,api,Ginger FC 🏆🏆,ThreatLevelMidnight,2025-W11-04,4,98.94,127.92,Derrick Henry,RB,RB,True,False,False,,19.2,,Derrick Henry,RB,,461.p.29279,29279,Bal,yahoo_fantasy_api
2025,11,,6,api,Ginger FC 🏆🏆,ThreatLevelMidnight,2025-W11-04,4,98.94,127.92,Mark Andrews,TE,TE,True,False,False,,14.2,,Mark Andrews,TE,,461.p.31056,31056,Bal,yahoo_fantasy_api
2025,11,,7,api,Ginger FC 🏆🏆,ThreatLevelMidnight,2025-W11-04,4,98.94,127.92,Travis Etienne Jr.,RB,W/R/T,True,False,False,,19.3,,Travis Etienne Jr.,RB,,461.p.33413,33413,NO,yahoo_fantasy_api
2025,11,,8,api,Ginger FC 🏆🏆,ThreatLevelMidnight,2025-W11-04,4,98.94,127.92,Michael Pittman Jr.,WR,BN,False,True,False,,0.0,,Michael Pittman Jr.,WR,,461.p.32704,32704,Pit,yahoo_fantasy_api
2025,11,,9,api,Ginger FC 🏆🏆,ThreatLevelMidnight,2025-W11-04,4,98.94,127.92,Juwan Johnson,TE,BN,False,True,False,,0.0,,Juwan Johnson,TE,,461.p.33113,33113,NO,yahoo_fantasy_api
2025,11,,10,api,Ginger FC 🏆🏆,ThreatLevelMidnight,2025-W11-04,4,98.94,127.92,Chris Olave,WR,BN,False,True,False,,0.0,,Chris Olave,WR,,461.p.33966,33966,NO,yahoo_fantasy_api
2025,11,,11,api,Ginger FC 🏆🏆,ThreatLevelMidnight,2025-W11-04,4,98.94,127.92,Marvin Mims Jr.,WR,BN,False,True,False,,0.2,,Marvin Mims Jr.,WR,,461.p.40090,40090,Den,yahoo_fantasy_api
2025,11,,12,api,Ginger FC 🏆🏆,ThreatLevelMidnight,2025-W11-04,4,98.94,127.92,Trey Benson,RB,IR,False,False,True,,0.0,,Trey Benson,RB,,461.p.40958,40958,Ari,yahoo_fantasy_api
2025,11,,13,api,Ginger FC 🏆🏆,ThreatLevelMidnight,2025-W11-04,4,98.94,127.92,Chase McLaughlin,K,K,True,False,False,,8.0,,Chase McLaughlin,K,,461.p.32417,32417,TB,yahoo_fantasy_api
2025,11,,14,api,Ginger FC 🏆🏆,ThreatLevelMidnight,2025-W11-04,4,98.94,127.92,Evan McPherson,K,BN,False,True,False,,8.0,,Evan McPherson,K,,461.p.33537,33537,Cin,yahoo_fantasy_api
2025,11,,15,api,Ginger FC 🏆🏆,ThreatLevelMidnight,2025-W11-04,4,98.94,127.92,Packers,DEF,DEF,True,False,False,,7.0,,Packers,DEF,,461.p.100009,100009,GB,yahoo_fantasy_api
2025,11,,1,api,Joe Mantegna,Post Mahomes,2025-W11-03,3,86.6,111.74,Bo Nix,QB,QB,True,False,False,,12.6,,Bo Nix,QB,,461.p.40875,40875,Den,yahoo_fantasy_api
2025,11,,2,api,Joe Mantegna,Post Mahomes,2025-W11-03,3,86.6,111.74,Jauan Jennings,WR,WR,True,False,False,,7.4,,Jauan Jennings,WR,,461.p.32887,32887,Min,yahoo_fantasy_api
2025,11,,3,api,Joe Mantegna,Post Mahomes,2025-W11-03,3,86.6,111.74,Ja'Marr Chase,WR,WR,True,False,False,,4.5,,Ja'Marr Chase,WR,,461.p.33393,33393,Cin,yahoo_fantasy_api
2025,11,,4,api,Joe Mantegna,Post Mahomes,2025-W11-03,3,86.6,111.74,Jacory Croskey-Merritt,RB,RB,True,False,False,,3.8,,Jacory Croskey-Merritt,RB,,461.p.42010,42010,Was,yahoo_fantasy_api
2025,11,,5,api,Joe Mantegna,Post Mahomes,2025-W11-03,3,86.6,111.74,RJ Harvey,RB,RB,True,False,False,,6.5,,RJ Harvey,RB,,461.p.41845,41845,Den,yahoo_fantasy_api
2025,11,,6,api,Joe Mantegna,Post Mahomes,2025-W11-03,3,86.6,111.74,Mason Taylor,TE,TE,True,False,False,,5.0,,Mason Taylor,TE,,461.p.41827,41827,NYJ,yahoo_fantasy_api
2025,11,,7,api,Joe Mantegna,Post Mahomes,2025-W11-03,3,86.6,111.74,Zay Flowers,WR,W/R/T,True,False,False,,9.8,,Zay Flowers,WR,,461.p.40039,40039,Bal,yahoo_fantasy_api
2025,11,,8,api,Joe Mantegna,Post Mahomes,2025-W11-03,3,86.6,111.74,Wan'Dale Robinson,WR,BN,False,True,False,,5.6,,Wan'Dale Robinson,WR,,461.p.33998,33998,Ten,yahoo_fantasy_api
2025,11,,9,api,Joe Mantegna,Post Mahomes,2025-W11-03,3,86.6,111.74,Tyler Warren,TE,BN,False,True,False,,0.0,,Tyler Warren,TE,,461.p.41799,41799,Ind,yahoo_fantasy_api
2025,11,,10,api,Joe Mantegna,Post Mahomes,2025-W11-03,3,86.6,111.74,Quentin Johnston,WR,BN,False,True,False,,0.0,,Quentin Johnston,WR,,461.p.40051,40051,LAC,yahoo_fantasy_api
2025,11,,11,api,Joe Mantegna,Post Mahomes,2025-W11-03,3,86.6,111.74,Cooper Kupp,WR,BN,False,True,False,,3.8,,Cooper Kupp,WR,,461.p.30182,30182,Sea,yahoo_fantasy_api
2025,11,,12,api,Joe Mantegna,Post Mahomes,2025-W11-03,3,86.6,111.74,Omarion Hampton,RB,IR,False,False,True,,0.0,,Omarion Hampton,RB,,461.p.41807,41807,LAC,yahoo_fantasy_api
2025,11,,13,api,Joe Mantegna,Post Mahomes,2025-W11-03,3,86.6,111.74,Cairo Santos,K,K,True,False,False,,16.0,,Cairo Santos,K,,461.p.28227,28227,Chi,yahoo_fantasy_api
2025,11,,14,api,Joe Mantegna,Post Mahomes,2025-W11-03,3,86.6,111.74,Brandon Aubrey,K,BN,False,True,False,,9.0,,Brandon Aubrey,K,,461.p.40819,40819,Dal,yahoo_fantasy_api
2025,11,,15,api,Joe Mantegna,Post Mahomes,2025-W11-03,3,86.6,111.74,Steelers,DEF,DEF,True,False,False,,21.0,,Steelers,DEF,,461.p.100023,100023,Pit,yahoo_fantasy_api
2025,11,,1,api,Malle ❤️ 🐸,The Big Gronkowski,2025-W11-01,1,106.12,130.14,Marcus Mariota,QB,QB,True,False,False,,18.42,,Marcus Mariota,QB,,461.p.28390,28390,Was,yahoo_fantasy_api
2025,11,,2,api,Malle ❤️ 🐸,The Big Gronkowski,2025-W11-01,1,106.12,130.14,Jordan Addison,WR,WR,True,False,False,,9.0,,Jordan Addison,WR,,461.p.40042,40042,Min,yahoo_fantasy_api
2025,11,,3,api,Malle ❤️ 🐸,The Big Gronkowski,2025-W11-01,1,106.12,130.14,Drake London,WR,WR,True,False,False,,15.4,,Drake London,WR,,461.p.33963,33963,Atl,yahoo_fantasy_api
2025,11,,4,api,Malle ❤️ 🐸,The Big Gronkowski,2025-W11-01,1,106.12,130.14,Bhayshul Tuten,RB,RB,True,False,False,,13.4,,Bhayshul Tuten,RB,,461.p.41900,41900,Jax,yahoo_fantasy_api
2025,11,,5,api,Malle ❤️ 🐸,The Big Gronkowski,2025-W11-01,1,106.12,130.14,D'Andre Swift,RB,RB,True,False,False,,9.0,,D'Andre Swift,RB,,461.p.32705,32705,Chi,yahoo_fantasy_api
2025,11,,6,api,Malle ❤️ 🐸,The Big Gronkowski,2025-W11-01,1,106.12,130.14,George Kittle,TE,TE,True,False,False,,21.7,,George Kittle,TE,,461.p.30259,30259,SF,yahoo_fantasy_api
2025,11,,7,api,Malle ❤️ 🐸,The Big Gronkowski,2025-W11-01,1,106.12,130.14,Khalil Shakir,WR,W/R/T,True,False,False,,0.2,,Khalil Shakir,WR,,461.p.34104,34104,Buf,yahoo_fantasy_api
2025,11,,8,api,Malle ❤️ 🐸,The Big Gronkowski,2025-W11-01,1,106.12,130.14,Brian Thomas Jr.,WR,BN,False,True,False,,0.0,,Brian Thomas Jr.,WR,,461.p.40883,40883,Jax,yahoo_fantasy_api
2025,11,,9,api,Malle ❤️ 🐸,The Big Gronkowski,2025-W11-01,1,106.12,130.14,Rashid Shaheed,WR,BN,False,True,False,,3.9,,Rashid Shaheed,WR,,461.p.34659,34659,Sea,yahoo_fantasy_api
2025,11,,10,api,Malle ❤️ 🐸,The Big Gronkowski,2025-W11-01,1,106.12,130.14,Jayden Daniels,QB,BN,False,True,False,,0.0,,Jayden Daniels,QB,,461.p.40896,40896,Was,yahoo_fantasy_api
2025,11,,11,api,Malle ❤️ 🐸,The Big Gronkowski,2025-W11-01,1,106.12,130.14,Isiah Pacheco,RB,BN,False,True,False,,0.0,,Isiah Pacheco,RB,,461.p.34207,34207,Det,yahoo_fantasy_api
2025,11,,12,api,Malle ❤️ 🐸,The Big Gronkowski,2025-W11-01,1,106.12,130.14,Dallas Goedert,TE,BN,False,True,False,,3.4,,Dallas Goedert,TE,,461.p.31019,31019,Phi,yahoo_fantasy_api
2025,11,,13,api,Malle ❤️ 🐸,The Big Gronkowski,2025-W11-01,1,106.12,130.14,Dalton Schultz,TE,BN,False,True,False,,8.1,,Dalton Schultz,TE,,461.p.31107,31107,Hou,yahoo_fantasy_api
2025,11,,14,api,Malle ❤️ 🐸,The Big Gronkowski,2025-W11-01,1,106.12,130.14,Harrison Butker,K,K,True,False,False,,7.0,,Harrison Butker,K,,461.p.30346,30346,KC,yahoo_fantasy_api
2025,11,,15,api,Malle ❤️ 🐸,The Big Gronkowski,2025-W11-01,1,106.12,130.14,Jaguars,DEF,DEF,True,False,False,,12.0,,Jaguars,DEF,,461.p.100030,100030,Jax,yahoo_fantasy_api
2025,11,,1,api,Patty Primetimes,Uncle Rico,2025-W11-06,6,133.78,101.84,Josh Allen,QB,QB,True,False,False,,50.68,,Josh Allen,QB,,461.p.30977,30977,Buf,yahoo_fantasy_api
2025,11,,2,api,Patty Primetimes,Uncle Rico,2025-W11-06,6,133.78,101.84,Ladd McConkey,WR,WR,True,False,False,,2.8,,Ladd McConkey,WR,,461.p.40908,40908,LAC,yahoo_fantasy_api
2025,11,,3,api,Patty Primetimes,Uncle Rico,2025-W11-06,6,133.78,101.84,DK Metcalf,WR,WR,True,False,False,,7.4,,DK Metcalf,WR,,461.p.31896,31896,Pit,yahoo_fantasy_api
2025,11,,4,api,Patty Primetimes,Uncle Rico,2025-W11-06,6,133.78,101.84,James Cook III,RB,RB,True,False,False,,18.9,,James Cook III,RB,,461.p.34019,34019,Buf,yahoo_fantasy_api
2025,11,,5,api,Patty Primetimes,Uncle Rico,2025-W11-06,6,133.78,101.84,Saquon Barkley,RB,RB,True,False,False,,9.5,,Saquon Barkley,RB,,461.p.30972,30972,Phi,yahoo_fantasy_api
2025,11,,6,api,Patty Primetimes,Uncle Rico,2025-W11-06,6,133.78,101.84,Travis Kelce,TE,TE,True,False,False,,19.6,,Travis Kelce,TE,,461.p.26686,26686,KC,yahoo_fantasy_api
2025,11,,7,api,Patty Primetimes,Uncle Rico,2025-W11-06,6,133.78,101.84,Courtland Sutton,WR,W/R/T,True,False,False,,7.9,,Courtland Sutton,WR,,461.p.31010,31010,Den,yahoo_fantasy_api
2025,11,,8,api,Patty Primetimes,Uncle Rico,2025-W11-06,6,133.78,101.84,Colston Loveland,TE,BN,False,True,False,,5.5,,Colston Loveland,TE,,461.p.41795,41795,Chi,yahoo_fantasy_api
2025,11,,9,api,Patty Primetimes,Uncle Rico,2025-W11-06,6,133.78,101.84,J.K. Dobbins,RB,BN,False,True,False,,0.0,,J.K. Dobbins,RB,,461.p.32725,32725,Den,yahoo_fantasy_api
2025,11,,10,api,Patty Primetimes,Uncle Rico,2025-W11-06,6,133.78,101.84,Caleb Williams,QB,BN,False,True,False,,10.32,,Caleb Williams,QB,,461.p.40900,40900,Chi,yahoo_fantasy_api
2025,11,,11,api,Patty Primetimes,Uncle Rico,2025-W11-06,6,133.78,101.84,Keon Coleman,WR,BN,False,True,False,,0.0,,Keon Coleman,WR,,461.p.40911,40911,Buf,yahoo_fantasy_api
2025,11,,12,api,Patty Primetimes,Uncle Rico,2025-W11-06,6,133.78,101.84,Tank Bigsby,RB,BN,False,True,False,,3.4,,Tank Bigsby,RB,,461.p.40095,40095,Phi,yahoo_fantasy_api
2025,11,,13,api,Patty Primetimes,Uncle Rico,2025-W11-06,6,133.78,101.84,Tyjae Spears,RB,BN,False,True,False,,5.9,,Tyjae Spears,RB,,461.p.40119,40119,Ten,yahoo_fantasy_api
2025,11,,14,api,Patty Primetimes,Uncle Rico,2025-W11-06,6,133.78,101.84,Cameron Dicker,K,K,True,False,False,,8.0,,Cameron Dicker,K,,461.p.34344,34344,LAC,yahoo_fantasy_api
2025,11,,15,api,Patty Primetimes,Uncle Rico,2025-W11-06,6,133.78,101.84,Texans,DEF,DEF,True,False,False,,9.0,,Texans,DEF,,461.p.100034,100034,Hou,yahoo_fantasy_api
2025,11,,1,api,Pop Lockett Drop it,Buttermilk Puuump,2025-W11-05,5,112.1,83.46,Matthew Stafford,QB,QB,True,False,False,,17.2,,Matthew Stafford,QB,,461.p.9265,9265,LAR,yahoo_fantasy_api
2025,11,,2,api,Pop Lockett Drop it,Buttermilk Puuump,2025-W11-05,5,112.1,83.46,Rome Odunze,WR,WR,True,False,False,,5.1,,Rome Odunze,WR,,461.p.40901,40901,Chi,yahoo_fantasy_api
2025,11,,3,api,Pop Lockett Drop it,Buttermilk Puuump,2025-W11-05,5,112.1,83.46,Tee Higgins,WR,WR,True,False,False,,13.8,,Tee Higgins,WR,,461.p.32703,32703,Cin,yahoo_fantasy_api
2025,11,,4,api,Pop Lockett Drop it,Buttermilk Puuump,2025-W11-05,5,112.1,83.46,Kenneth Walker III,RB,RB,True,False,False,,18.6,,Kenneth Walker III,RB,,461.p.33996,33996,KC,yahoo_fantasy_api
2025,11,,5,api,Pop Lockett Drop it,Buttermilk Puuump,2025-W11-05,5,112.1,83.46,Javonte Williams,RB,RB,True,False,False,,9.8,,Javonte Williams,RB,,461.p.33423,33423,Dal,yahoo_fantasy_api
2025,11,,6,api,Pop Lockett Drop it,Buttermilk Puuump,2025-W11-05,5,112.1,83.46,Trey McBride,TE,TE,True,False,False,,22.5,,Trey McBride,TE,,461.p.34010,34010,Ari,yahoo_fantasy_api
2025,11,,7,api,Pop Lockett Drop it,Buttermilk Puuump,2025-W11-05,5,112.1,83.46,CeeDee Lamb,WR,W/R/T,True,False,False,,15.1,,CeeDee Lamb,WR,,461.p.32687,32687,Dal,yahoo_fantasy_api
2025,11,,8,api,Pop Lockett Drop it,Buttermilk Puuump,2025-W11-05,5,112.1,83.46,Troy Franklin,WR,BN,False,True,False,,10.4,,Troy Franklin,WR,,461.p.41009,41009,Den,yahoo_fantasy_api
2025,11,,9,api,Pop Lockett Drop it,Buttermilk Puuump,2025-W11-05,5,112.1,83.46,Jordan Mason,RB,BN,False,True,False,,10.5,,Jordan Mason,RB,,461.p.34320,34320,Min,yahoo_fantasy_api
2025,11,,10,api,Pop Lockett Drop it,Buttermilk Puuump,2025-W11-05,5,112.1,83.46,Lamar Jackson,QB,BN,False,True,False,,6.72,,Lamar Jackson,QB,,461.p.31002,31002,Bal,yahoo_fantasy_api
2025,11,,11,api,Pop Lockett Drop it,Buttermilk Puuump,2025-W11-05,5,112.1,83.46,Alec Pierce,WR,BN,False,True,False,,0.0,,Alec Pierce,WR,,461.p.34008,34008,Ind,yahoo_fantasy_api
2025,11,,12,api,Pop Lockett Drop it,Buttermilk Puuump,2025-W11-05,5,112.1,83.46,Jaxson Dart,QB,BN,False,True,False,,0.0,,Jaxson Dart,QB,,461.p.41810,41810,NYG,yahoo_fantasy_api
2025,11,,13,api,Pop Lockett Drop it,Buttermilk Puuump,2025-W11-05,5,112.1,83.46,Kareem Hunt,RB,BN,False,True,False,,12.7,,Kareem Hunt,RB,,461.p.30199,30199,KC,yahoo_fantasy_api
2025,11,,14,api,Pop Lockett Drop it,Buttermilk Puuump,2025-W11-05,5,112.1,83.46,Tyler Loop,K,K,True,False,False,,12.0,,Tyler Loop,K,,461.p.41988,41988,Bal,yahoo_fantasy_api
2025,11,,15,api,Pop Lockett Drop it,Buttermilk Puuump,2025-W11-05,5,112.1,83.46,Chargers,DEF,DEF,True,False,False,,-2.0,,Chargers,DEF,,461.p.100024,100024,LAC,yahoo_fantasy_api
2025,11,,1,api,Post Mahomes,Joe Mantegna,2025-W11-03,3,111.74,86.6,Patrick Mahomes,QB,QB,True,False,False,,16.34,,Patrick Mahomes,QB,,461.p.30123,30123,KC,yahoo_fantasy_api
2025,11,,2,api,Post Mahomes,Joe Mantegna,2025-W11-03,3,111.74,86.6,Romeo Doubs,WR,WR,True,False,False,,7.3,,Romeo Doubs,WR,,461.p.34088,34088,NE,yahoo_fantasy_api
2025,11,,3,api,Post Mahomes,Joe Mantegna,2025-W11-03,3,111.74,86.6,Tetairoa McMillan,WR,WR,True,False,False,,29.0,,Tetairoa McMillan,WR,,461.p.41793,41793,Car,yahoo_fantasy_api
2025,11,,4,api,Post Mahomes,Joe Mantegna,2025-W11-03,3,111.74,86.6,Kyren Williams,RB,RB,True,False,False,,16.1,,Kyren Williams,RB,,461.p.34120,34120,LAR,yahoo_fantasy_api
2025,11,,5,api,Post Mahomes,Joe Mantegna,2025-W11-03,3,111.74,86.6,Kimani Vidal,RB,RB,True,False,False,,2.2,,Kimani Vidal,RB,,461.p.41052,41052,LAC,yahoo_fantasy_api
2025,11,,6,api,Post Mahomes,Joe Mantegna,2025-W11-03,3,111.74,86.6,Brock Bowers,TE,TE,True,False,False,,10.7,,Brock Bowers,TE,,461.p.40878,40878,LV,yahoo_fantasy_api
2025,11,,7,api,Post Mahomes,Joe Mantegna,2025-W11-03,3,111.74,86.6,Jahmyr Gibbs,RB,W/R/T,True,False,False,,17.1,,Jahmyr Gibbs,RB,,461.p.40059,40059,Det,yahoo_fantasy_api
2025,11,,8,api,Post Mahomes,Joe Mantegna,2025-W11-03,3,111.74,86.6,Garrett Wilson,WR,BN,False,True,False,,0.0,,Garrett Wilson,WR,,461.p.33965,33965,NYJ,yahoo_fantasy_api
2025,11,,9,api,Post Mahomes,Joe Mantegna,2025-W11-03,3,111.74,86.6,Oronde Gadsden,TE,BN,False,True,False,,5.1,,Oronde Gadsden,TE,,461.p.41951,41951,LAC,yahoo_fantasy_api
2025,11,,10,api,Post Mahomes,Joe Mantegna,2025-W11-03,3,111.74,86.6,Chris Godwin Jr.,WR,BN,False,True,False,,0.0,,Chris Godwin Jr.,WR,,461.p.30197,30197,TB,yahoo_fantasy_api
2025,11,,11,api,Post Mahomes,Joe Mantegna,2025-W11-03,3,111.74,86.6,Ricky Pearsall,WR,BN,False,True,False,,0.5,,Ricky Pearsall,WR,,461.p.40892,40892,SF,yahoo_fantasy_api
2025,11,,12,api,Post Mahomes,Joe Mantegna,2025-W11-03,3,111.74,86.6,Blake Corum,RB,BN,False,True,False,,1.0,,Blake Corum,RB,,461.p.40962,40962,LAR,yahoo_fantasy_api
2025,11,,13,api,Post Mahomes,Joe Mantegna,2025-W11-03,3,111.74,86.6,Cam Skattebo,RB,IR,False,False,True,,0.0,,Cam Skattebo,RB,,461.p.41922,41922,NYG,yahoo_fantasy_api
2025,11,,14,api,Post Mahomes,Joe Mantegna,2025-W11-03,3,111.74,86.6,Jake Bates,K,K,True,False,False,,5.0,,Jake Bates,K,,461.p.40835,40835,Det,yahoo_fantasy_api
2025,11,,15,api,Post Mahomes,Joe Mantegna,2025-W11-03,3,111.74,86.6,Broncos,DEF,DEF,True,False,False,,8.0,,Broncos,DEF,,461.p.100007,100007,Den,yahoo_fantasy_api
2025,11,,1,api,The Big Gronkowski,Malle ❤️ 🐸,2025-W11-01,1,130.14,106.12,Drake Maye,QB,QB,True,False,False,,17.44,,Drake Maye,QB,,461.p.40881,40881,NE,yahoo_fantasy_api
2025,11,,2,api,The Big Gronkowski,Malle ❤️ 🐸,2025-W11-01,1,130.14,106.12,Nico Collins,WR,WR,True,False,False,,19.7,,Nico Collins,WR,,461.p.33477,33477,Hou,yahoo_fantasy_api
2025,11,,3,api,The Big Gronkowski,Malle ❤️ 🐸,2025-W11-01,1,130.14,106.12,Jameson Williams,WR,WR,True,False,False,,17.7,,Jameson Williams,WR,,461.p.33967,33967,Det,yahoo_fantasy_api
2025,11,,4,api,The Big Gronkowski,Malle ❤️ 🐸,2025-W11-01,1,130.14,106.12,Woody Marks,RB,RB,True,False,False,,5.6,,Woody Marks,RB,,461.p.41902,41902,Hou,yahoo_fantasy_api
2025,11,,5,api,The Big Gronkowski,Malle ❤️ 🐸,2025-W11-01,1,130.14,106.12,TreVeyon Henderson,RB,RB,True,False,False,,29.8,,TreVeyon Henderson,RB,,461.p.41823,41823,NE,yahoo_fantasy_api
2025,11,,6,api,The Big Gronkowski,Malle ❤️ 🐸,2025-W11-01,1,130.14,106.12,Hunter Henry,TE,TE,True,False,False,,6.5,,Hunter Henry,TE,,461.p.29269,29269,NE,yahoo_fantasy_api
2025,11,,7,api,The Big Gronkowski,Malle ❤️ 🐸,2025-W11-01,1,130.14,106.12,A.J. Brown,WR,W/R/T,True,False,False,,8.4,,A.J. Brown,WR,,461.p.31883,31883,NE,yahoo_fantasy_api
2025,11,,8,api,The Big Gronkowski,Malle ❤️ 🐸,2025-W11-01,1,130.14,106.12,Darnell Mooney,WR,BN,False,True,False,,4.9,,Darnell Mooney,WR,,461.p.32843,32843,NYG,yahoo_fantasy_api
2025,11,,9,api,The Big Gronkowski,Malle ❤️ 🐸,2025-W11-01,1,130.14,106.12,Dak Prescott,QB,BN,False,True,False,,32.32,,Dak Prescott,QB,,461.p.29369,29369,Dal,yahoo_fantasy_api
2025,11,,10,api,The Big Gronkowski,Malle ❤️ 🐸,2025-W11-01,1,130.14,106.12,Chuba Hubbard,RB,BN,False,True,False,,3.3,,Chuba Hubbard,RB,,461.p.33514,33514,Car,yahoo_fantasy_api
2025,11,,11,api,The Big Gronkowski,Malle ❤️ 🐸,2025-W11-01,1,130.14,106.12,Xavier Legette,WR,BN,False,True,False,,16.3,,Xavier Legette,WR,,461.p.40890,40890,Car,yahoo_fantasy_api
2025,11,,12,api,The Big Gronkowski,Malle ❤️ 🐸,2025-W11-01,1,130.14,106.12,T.J. Hockenson,TE,BN,False,True,False,,5.4,,T.J. Hockenson,TE,,461.p.31840,31840,Min,yahoo_fantasy_api
2025,11,,13,api,The Big Gronkowski,Malle ❤️ 🐸,2025-W11-01,1,130.14,106.12,Matt Prater,K,K,True,False,False,,8.0,,Matt Prater,K,,461.p.8565,8565,Buf,yahoo_fantasy_api
2025,11,,14,api,The Big Gronkowski,Malle ❤️ 🐸,2025-W11-01,1,130.14,106.12,Ka'imi Fairbairn,K,BN,False,True,False,,0.0,,Ka'imi Fairbairn,K,,461.p.29792,29792,Hou,yahoo_fantasy_api
2025,11,,15,api,The Big Gronkowski,Malle ❤️ 🐸,2025-W11-01,1,130.14,106.12,Browns,DEF,DEF,True,False,False,,17.0,,Browns,DEF,,461.p.100005,100005,Cle,yahoo_fantasy_api
2025,11,,1,api,ThreatLevelMidnight,Ginger FC 🏆🏆,2025-W11-04,4,127.92,98.94,Baker Mayfield,QB,QB,True,False,False,,19.82,,Baker Mayfield,QB,,461.p.30971,30971,TB,yahoo_fantasy_api
2025,11,,2,api,ThreatLevelMidnight,Ginger FC 🏆🏆,2025-W11-04,4,127.92,98.94,Rashee Rice,WR,WR,True,False,False,,6.8,,Rashee Rice,WR,,461.p.40084,40084,KC,yahoo_fantasy_api
2025,11,,3,api,ThreatLevelMidnight,Ginger FC 🏆🏆,2025-W11-04,4,127.92,98.94,Michael Wilson,WR,WR,True,False,False,,26.0,,Michael Wilson,WR,,461.p.40121,40121,Ari,yahoo_fantasy_api
2025,11,,4,api,ThreatLevelMidnight,Ginger FC 🏆🏆,2025-W11-04,4,127.92,98.94,Bijan Robinson,RB,RB,True,False,False,,28.3,,Bijan Robinson,RB,,461.p.40055,40055,Atl,yahoo_fantasy_api
2025,11,,5,api,ThreatLevelMidnight,Ginger FC 🏆🏆,2025-W11-04,4,127.92,98.94,Rico Dowdle,RB,RB,True,False,False,,12.5,,Rico Dowdle,RB,,461.p.33100,33100,Pit,yahoo_fantasy_api
2025,11,,6,api,ThreatLevelMidnight,Ginger FC 🏆🏆,2025-W11-04,4,127.92,98.94,Jake Ferguson,TE,TE,True,False,False,,9.6,,Jake Ferguson,TE,,461.p.34085,34085,Dal,yahoo_fantasy_api
2025,11,,7,api,ThreatLevelMidnight,Ginger FC 🏆🏆,2025-W11-04,4,127.92,98.94,Quinshon Judkins,RB,W/R/T,True,False,False,,5.9,,Quinshon Judkins,RB,,461.p.41821,41821,Cle,yahoo_fantasy_api
2025,11,,8,api,ThreatLevelMidnight,Ginger FC 🏆🏆,2025-W11-04,4,127.92,98.94,Theo Johnson,TE,BN,False,True,False,,5.1,,Theo Johnson,TE,,461.p.41003,41003,NYG,yahoo_fantasy_api
2025,11,,9,api,ThreatLevelMidnight,Ginger FC 🏆🏆,2025-W11-04,4,127.92,98.94,DJ Moore,WR,BN,False,True,False,,2.6,,DJ Moore,WR,,461.p.30994,30994,Buf,yahoo_fantasy_api
2025,11,,10,api,ThreatLevelMidnight,Ginger FC 🏆🏆,2025-W11-04,4,127.92,98.94,Kyle Monangai,RB,BN,False,True,False,,10.2,,Kyle Monangai,RB,,461.p.42025,42025,Chi,yahoo_fantasy_api
2025,11,,11,api,ThreatLevelMidnight,Ginger FC 🏆🏆,2025-W11-04,4,127.92,98.94,Tony Pollard,RB,BN,False,True,False,,4.1,,Tony Pollard,RB,,461.p.31960,31960,Ten,yahoo_fantasy_api
2025,11,,12,api,ThreatLevelMidnight,Ginger FC 🏆🏆,2025-W11-04,4,127.92,98.94,Xavier Worthy,WR,BN,False,True,False,,4.0,,Xavier Worthy,WR,,461.p.40877,40877,KC,yahoo_fantasy_api
2025,11,,13,api,ThreatLevelMidnight,Ginger FC 🏆🏆,2025-W11-04,4,127.92,98.94,Rhamondre Stevenson,RB,BN,False,True,False,,0.0,,Rhamondre Stevenson,RB,,461.p.33508,33508,NE,yahoo_fantasy_api
2025,11,,14,api,ThreatLevelMidnight,Ginger FC 🏆🏆,2025-W11-04,4,127.92,98.94,Marvin Harrison Jr.,WR,IR,False,False,True,,0.0,,Marvin Harrison Jr.,WR,,461.p.40893,40893,Ari,yahoo_fantasy_api
2025,11,,15,api,ThreatLevelMidnight,Ginger FC 🏆🏆,2025-W11-04,4,127.92,98.94,Eddy Pineiro,K,K,True,False,False,,14.0,,Eddy Pineiro,K,,461.p.31482,31482,SF,yahoo_fantasy_api
2025,11,,16,api,ThreatLevelMidnight,Ginger FC 🏆🏆,2025-W11-04,4,127.92,98.94,Patriots,DEF,DEF,True,False,False,,5.0,,Patriots,DEF,,461.p.100017,100017,NE,yahoo_fantasy_api
2025,11,,1,api,Uncle Rico,Patty Primetimes,2025-W11-06,6,101.84,133.78,Tua Tagovailoa,QB,QB,True,False,False,,6.84,,Tua Tagovailoa,QB,,461.p.32675,32675,Atl,yahoo_fantasy_api
2025,11,,2,api,Uncle Rico,Patty Primetimes,2025-W11-06,6,101.84,133.78,Jaylen Waddle,WR,WR,True,False,False,,6.7,,Jaylen Waddle,WR,,461.p.33394,33394,Den,yahoo_fantasy_api
2025,11,,3,api,Uncle Rico,Patty Primetimes,2025-W11-06,6,101.84,133.78,Emeka Egbuka,WR,WR,True,False,False,,6.5,,Emeka Egbuka,WR,,461.p.41804,41804,TB,yahoo_fantasy_api
2025,11,,4,api,Uncle Rico,Patty Primetimes,2025-W11-06,6,101.84,133.78,Christian McCaffrey,RB,RB,True,False,False,,32.6,,Christian McCaffrey,RB,,461.p.30121,30121,SF,yahoo_fantasy_api
2025,11,,5,api,Uncle Rico,Patty Primetimes,2025-W11-06,6,101.84,133.78,Zach Charbonnet,RB,RB,True,False,False,,5.7,,Zach Charbonnet,RB,,461.p.40075,40075,Sea,yahoo_fantasy_api
2025,11,,6,api,Uncle Rico,Patty Primetimes,2025-W11-06,6,101.84,133.78,Cade Otton,TE,TE,True,False,False,,3.8,,Cade Otton,TE,,461.p.34062,34062,TB,yahoo_fantasy_api
2025,11,,7,api,Uncle Rico,Patty Primetimes,2025-W11-06,6,101.84,133.78,Tre Tucker,WR,W/R/T,True,False,False,,12.7,,Tre Tucker,WR,,461.p.40114,40114,LV,yahoo_fantasy_api
2025,11,,8,api,Uncle Rico,Patty Primetimes,2025-W11-06,6,101.84,133.78,Daniel Jones,QB,BN,False,True,False,,0.0,,Daniel Jones,QB,,461.p.31838,31838,Ind,yahoo_fantasy_api
2025,11,,9,api,Uncle Rico,Patty Primetimes,2025-W11-06,6,101.84,133.78,Jerry Jeudy,WR,BN,False,True,False,,3.6,,Jerry Jeudy,WR,,461.p.32685,32685,Cle,yahoo_fantasy_api
2025,11,,10,api,Uncle Rico,Patty Primetimes,2025-W11-06,6,101.84,133.78,Jonathan Taylor,RB,BN,False,True,False,,0.0,,Jonathan Taylor,RB,,461.p.32711,32711,Ind,yahoo_fantasy_api
2025,11,,11,api,Uncle Rico,Patty Primetimes,2025-W11-06,6,101.84,133.78,Dalton Kincaid,TE,BN,False,True,False,,0.0,,Dalton Kincaid,TE,,461.p.40048,40048,Buf,yahoo_fantasy_api
2025,11,,12,api,Uncle Rico,Patty Primetimes,2025-W11-06,6,101.84,133.78,Terry McLaurin,WR,BN,False,True,False,,0.0,,Terry McLaurin,WR,,461.p.31908,31908,Was,yahoo_fantasy_api
2025,11,,13,api,Uncle Rico,Patty Primetimes,2025-W11-06,6,101.84,133.78,Brashard Smith,RB,BN,False,True,False,,1.8,,Brashard Smith,RB,,461.p.42012,42012,KC,yahoo_fantasy_api
2025,11,,14,api,Uncle Rico,Patty Primetimes,2025-W11-06,6,101.84,133.78,Joe Burrow,QB,IR,False,False,True,,0.0,,Joe Burrow,QB,,461.p.32671,32671,Cin,yahoo_fantasy_api
2025,11,,15,api,Uncle Rico,Patty Primetimes,2025-W11-06,6,101.84,133.78,Wil Lutz,K,K,True,False,False,,18.0,,Wil Lutz,K,,461.p.29754,29754,Den,yahoo_fantasy_api
2025,11,,16,api,Uncle Rico,Patty Primetimes,2025-W11-06,6,101.84,133.78,Rams,DEF,DEF,True,False,False,,9.0,,Rams,DEF,,461.p.100014,100014,LAR,yahoo_fantasy_api
2025,11,,1,api,Voldemort,malle_dips_pouches,2025-W11-02,2,81.54,85.7,Aaron Rodgers,QB,QB,True,False,False,,11.44,,Aaron Rodgers,QB,,461.p.7200,7200,Pit,yahoo_fantasy_api
2025,11,,2,api,Voldemort,malle_dips_pouches,2025-W11-02,2,81.54,85.7,Justin Jefferson,WR,WR,True,False,False,,8.6,,Justin Jefferson,WR,,461.p.32692,32692,Min,yahoo_fantasy_api
2025,11,,3,api,Voldemort,malle_dips_pouches,2025-W11-02,2,81.54,85.7,Puka Nacua,WR,WR,True,False,False,,10.8,,Puka Nacua,WR,,461.p.40168,40168,LAR,yahoo_fantasy_api
2025,11,,4,api,Voldemort,malle_dips_pouches,2025-W11-02,2,81.54,85.7,Jaylen Warren,RB,RB,True,False,False,,7.7,,Jaylen Warren,RB,,461.p.34447,34447,Pit,yahoo_fantasy_api
2025,11,,5,api,Voldemort,malle_dips_pouches,2025-W11-02,2,81.54,85.7,Chase Brown,RB,RB,True,False,False,,15.7,,Chase Brown,RB,,461.p.40196,40196,Cin,yahoo_fantasy_api
2025,11,,6,api,Voldemort,malle_dips_pouches,2025-W11-02,2,81.54,85.7,David Njoku,TE,TE,True,False,False,,1.2,,David Njoku,TE,,461.p.30142,30142,LAC,yahoo_fantasy_api
2025,11,,7,api,Voldemort,malle_dips_pouches,2025-W11-02,2,81.54,85.7,Jaxon Smith-Njigba,WR,W/R/T,True,False,False,,16.1,,Jaxon Smith-Njigba,WR,,461.p.40041,40041,Sea,yahoo_fantasy_api
2025,11,,8,api,Voldemort,malle_dips_pouches,2025-W11-02,2,81.54,85.7,David Montgomery,RB,BN,False,True,False,,4.2,,David Montgomery,RB,,461.p.31905,31905,Hou,yahoo_fantasy_api
2025,11,,9,api,Voldemort,malle_dips_pouches,2025-W11-02,2,81.54,85.7,Sam Darnold,QB,BN,False,True,False,,8.26,,Sam Darnold,QB,,461.p.30973,30973,Sea,yahoo_fantasy_api
2025,11,,10,api,Voldemort,malle_dips_pouches,2025-W11-02,2,81.54,85.7,Kyler Murray,QB,BN,False,True,False,,0.0,,Kyler Murray,QB,,461.p.31833,31833,Min,yahoo_fantasy_api
2025,11,,11,api,Voldemort,malle_dips_pouches,2025-W11-02,2,81.54,85.7,Alvin Kamara,RB,BN,False,True,False,,0.0,,Alvin Kamara,RB,,461.p.30180,30180,NO,yahoo_fantasy_api
2025,11,,12,api,Voldemort,malle_dips_pouches,2025-W11-02,2,81.54,85.7,Keenan Allen,WR,BN,False,True,False,,7.3,,Keenan Allen,WR,,461.p.26699,26699,Ind,yahoo_fantasy_api
2025,11,,13,api,Voldemort,malle_dips_pouches,2025-W11-02,2,81.54,85.7,Kenny Gainwell,RB,BN,False,True,False,,26.0,,Kenny Gainwell,RB,,461.p.33538,33538,TB,yahoo_fantasy_api
2025,11,,14,api,Voldemort,malle_dips_pouches,2025-W11-02,2,81.54,85.7,Will Reichard,K,K,True,False,False,,5.0,,Will Reichard,K,,461.p.41093,41093,Min,yahoo_fantasy_api
2025,11,,15,api,Voldemort,malle_dips_pouches,2025-W11-02,2,81.54,85.7,Bears,DEF,DEF,True,False,False,,5.0,,Bears,DEF,,461.p.100003,100003,Chi,yahoo_fantasy_api
2025,11,,1,api,malle_dips_pouches,Voldemort,2025-W11-02,2,85.7,81.54,Jalen Hurts,QB,QB,True,False,False,,14.5,,Jalen Hurts,QB,,461.p.32723,32723,Phi,yahoo_fantasy_api
2025,11,,2,api,malle_dips_pouches,Voldemort,2025-W11-02,2,85.7,81.54,Stefon Diggs,WR,WR,True,False,False,,15.0,,Stefon Diggs,WR,,461.p.28534,28534,Was,yahoo_fantasy_api
2025,11,,3,api,malle_dips_pouches,Voldemort,2025-W11-02,2,85.7,81.54,Christian Watson,WR,WR,True,False,False,,18.6,,Christian Watson,WR,,461.p.33989,33989,GB,yahoo_fantasy_api
2025,11,,4,api,malle_dips_pouches,Voldemort,2025-W11-02,2,85.7,81.54,Ashton Jeanty,RB,RB,True,False,False,,6.4,,Ashton Jeanty,RB,,461.p.41791,41791,LV,yahoo_fantasy_api
2025,11,,5,api,malle_dips_pouches,Voldemort,2025-W11-02,2,85.7,81.54,Rachaad White,RB,RB,True,False,False,,7.2,,Rachaad White,RB,,461.p.34047,34047,Was,yahoo_fantasy_api
2025,11,,6,api,malle_dips_pouches,Voldemort,2025-W11-02,2,85.7,81.54,Sam LaPorta,TE,TE,True,False,False,,0.0,,Sam LaPorta,TE,,461.p.40064,40064,Det,yahoo_fantasy_api
2025,11,,7,api,malle_dips_pouches,Voldemort,2025-W11-02,2,85.7,81.54,Josh Downs,WR,W/R/T,True,False,False,,0.0,,Josh Downs,WR,,461.p.40126,40126,Ind,yahoo_fantasy_api
2025,11,,8,api,malle_dips_pouches,Voldemort,2025-W11-02,2,85.7,81.54,Tyrone Tracy Jr.,RB,BN,False,True,False,,15.9,,Tyrone Tracy Jr.,RB,,461.p.41048,41048,NYG,yahoo_fantasy_api
2025,11,,9,api,malle_dips_pouches,Voldemort,2025-W11-02,2,85.7,81.54,Jakobi Meyers,WR,BN,False,True,False,,8.9,,Jakobi Meyers,WR,,461.p.32231,32231,Jax,yahoo_fantasy_api
2025,11,,10,api,malle_dips_pouches,Voldemort,2025-W11-02,2,85.7,81.54,Zach Ertz,TE,BN,False,True,False,,6.2,,Zach Ertz,TE,,461.p.26658,26658,Phi,yahoo_fantasy_api
2025,11,,11,api,malle_dips_pouches,Voldemort,2025-W11-02,2,85.7,81.54,Calvin Ridley,WR,BN,False,True,False,,1.8,,Calvin Ridley,WR,,461.p.30996,30996,Ten,yahoo_fantasy_api
2025,11,,12,api,malle_dips_pouches,Voldemort,2025-W11-02,2,85.7,81.54,Bucky Irving,RB,BN,False,True,False,,0.0,,Bucky Irving,RB,,461.p.40993,40993,TB,yahoo_fantasy_api
2025,11,,13,api,malle_dips_pouches,Voldemort,2025-W11-02,2,85.7,81.54,Christian Kirk,WR,BN,False,True,False,,1.1,,Christian Kirk,WR,,461.p.31017,31017,SF,yahoo_fantasy_api
2025,11,,14,api,malle_dips_pouches,Voldemort,2025-W11-02,2,85.7,81.54,Mike Evans,WR,IR,False,False,True,,0.0,,Mike Evans,WR,,461.p.27535,27535,SF,yahoo_fantasy_api
2025,11,,15,api,malle_dips_pouches,Voldemort,2025-W11-02,2,85.7,81.54,Jason Myers,K,K,True,False,False,,15.0,,Jason Myers,K,,461.p.28378,28378,Sea,yahoo_fantasy_api
2025,11,,16,api,malle_dips_pouches,Voldemort,2025-W11-02,2,85.7,81.54,Ravens,DEF,DEF,True,False,False,,9.0,,Ravens,DEF,,461.p.100033,100033,Bal,yahoo_fantasy_api
2025,12,,1,api,Buttermilk Puuump,Ginger FC 🏆🏆,2025-W12-06,6,111.06,118.22,Jared Goff,QB,QB,True,False,False,,22.16,,Jared Goff,QB,,461.p.29235,29235,Det,yahoo_fantasy_api
2025,12,,2,api,Buttermilk Puuump,Ginger FC 🏆🏆,2025-W12-06,6,111.06,118.22,Amon-Ra St. Brown,WR,WR,True,False,False,,25.4,,Amon-Ra St. Brown,WR,,461.p.33500,33500,Det,yahoo_fantasy_api
2025,12,,3,api,Buttermilk Puuump,Ginger FC 🏆🏆,2025-W12-06,6,111.06,118.22,George Pickens,WR,WR,True,False,False,,25.1,,George Pickens,WR,,461.p.34007,34007,Dal,yahoo_fantasy_api
2025,12,,4,api,Buttermilk Puuump,Ginger FC 🏆🏆,2025-W12-06,6,111.06,118.22,Breece Hall,RB,RB,True,False,False,,11.9,,Breece Hall,RB,,461.p.33991,33991,NYJ,yahoo_fantasy_api
2025,12,,5,api,Buttermilk Puuump,Ginger FC 🏆🏆,2025-W12-06,6,111.06,118.22,Aaron Jones Sr.,RB,RB,True,False,False,,7.2,,Aaron Jones Sr.,RB,,461.p.30295,30295,Min,yahoo_fantasy_api
2025,12,,6,api,Buttermilk Puuump,Ginger FC 🏆🏆,2025-W12-06,6,111.06,118.22,Kyle Pitts Sr.,TE,TE,True,False,False,,3.5,,Kyle Pitts Sr.,TE,,461.p.33392,33392,Atl,yahoo_fantasy_api
2025,12,,7,api,Buttermilk Puuump,Ginger FC 🏆🏆,2025-W12-06,6,111.06,118.22,Darius Slayton,WR,W/R/T,True,False,False,,2.8,,Darius Slayton,WR,,461.p.32003,32003,Ind,yahoo_fantasy_api
2025,12,,8,api,Buttermilk Puuump,Ginger FC 🏆🏆,2025-W12-06,6,111.06,118.22,Josh Jacobs,RB,BN,False,True,False,,0.0,,Josh Jacobs,RB,,461.p.31856,31856,GB,yahoo_fantasy_api
2025,12,,9,api,Buttermilk Puuump,Ginger FC 🏆🏆,2025-W12-06,6,111.06,118.22,Jordan Love,QB,BN,False,True,False,,7.06,,Jordan Love,QB,,461.p.32696,32696,GB,yahoo_fantasy_api
2025,12,,10,api,Buttermilk Puuump,Ginger FC 🏆🏆,2025-W12-06,6,111.06,118.22,Deebo Samuel Sr.,WR,BN,False,True,False,,0.0,,Deebo Samuel Sr.,WR,,461.p.31868,31868,SF,yahoo_fantasy_api
2025,12,,11,api,Buttermilk Puuump,Ginger FC 🏆🏆,2025-W12-06,6,111.06,118.22,Nick Chubb,RB,BN,False,True,False,,2.0,,Nick Chubb,RB,,461.p.31005,31005,Hou,yahoo_fantasy_api
2025,12,,12,api,Buttermilk Puuump,Ginger FC 🏆🏆,2025-W12-06,6,111.06,118.22,Evan Engram,TE,BN,False,True,False,,0.0,,Evan Engram,TE,,461.p.30136,30136,Den,yahoo_fantasy_api
2025,12,,13,api,Buttermilk Puuump,Ginger FC 🏆🏆,2025-W12-06,6,111.06,118.22,Matthew Golden,WR,BN,False,True,False,,0.0,,Matthew Golden,WR,,461.p.41808,41808,GB,yahoo_fantasy_api
2025,12,,14,api,Buttermilk Puuump,Ginger FC 🏆🏆,2025-W12-06,6,111.06,118.22,Chris Boswell,K,K,True,False,False,,4.0,,Chris Boswell,K,,461.p.28188,28188,Pit,yahoo_fantasy_api
2025,12,,15,api,Buttermilk Puuump,Ginger FC 🏆🏆,2025-W12-06,6,111.06,118.22,49ers,DEF,DEF,True,False,False,,9.0,,49ers,DEF,,461.p.100025,100025,SF,yahoo_fantasy_api
2025,12,,1,api,Ginger FC 🏆🏆,Buttermilk Puuump,2025-W12-06,6,118.22,111.06,Joe Flacco,QB,QB,True,False,False,,12.62,,Joe Flacco,QB,,461.p.8795,8795,Cin,yahoo_fantasy_api
2025,12,,2,api,Ginger FC 🏆🏆,Buttermilk Puuump,2025-W12-06,6,118.22,111.06,Davante Adams,WR,WR,True,False,False,,20.7,,Davante Adams,WR,,461.p.27581,27581,LAR,yahoo_fantasy_api
2025,12,,3,api,Ginger FC 🏆🏆,Buttermilk Puuump,2025-W12-06,6,118.22,111.06,DeVonta Smith,WR,WR,True,False,False,,11.9,,DeVonta Smith,WR,,461.p.33398,33398,Phi,yahoo_fantasy_api
2025,12,,4,api,Ginger FC 🏆🏆,Buttermilk Puuump,2025-W12-06,6,118.22,111.06,Derrick Henry,RB,RB,True,False,False,,21.8,,Derrick Henry,RB,,461.p.29279,29279,Bal,yahoo_fantasy_api
2025,12,,5,api,Ginger FC 🏆🏆,Buttermilk Puuump,2025-W12-06,6,118.22,111.06,Travis Etienne Jr.,RB,RB,True,False,False,,19.1,,Travis Etienne Jr.,RB,,461.p.33413,33413,NO,yahoo_fantasy_api
2025,12,,6,api,Ginger FC 🏆🏆,Buttermilk Puuump,2025-W12-06,6,118.22,111.06,Mark Andrews,TE,TE,True,False,False,,1.6,,Mark Andrews,TE,,461.p.31056,31056,Bal,yahoo_fantasy_api
2025,12,,7,api,Ginger FC 🏆🏆,Buttermilk Puuump,2025-W12-06,6,118.22,111.06,Chris Olave,WR,W/R/T,True,False,False,,11.5,,Chris Olave,WR,,461.p.33966,33966,NO,yahoo_fantasy_api
2025,12,,8,api,Ginger FC 🏆🏆,Buttermilk Puuump,2025-W12-06,6,118.22,111.06,De'Von Achane,RB,BN,False,True,False,,0.0,,De'Von Achane,RB,,461.p.40118,40118,Mia,yahoo_fantasy_api
2025,12,,9,api,Ginger FC 🏆🏆,Buttermilk Puuump,2025-W12-06,6,118.22,111.06,Justin Herbert,QB,BN,False,True,False,,0.0,,Justin Herbert,QB,,461.p.32676,32676,LAC,yahoo_fantasy_api
2025,12,,10,api,Ginger FC 🏆🏆,Buttermilk Puuump,2025-W12-06,6,118.22,111.06,Michael Pittman Jr.,WR,BN,False,True,False,,11.2,,Michael Pittman Jr.,WR,,461.p.32704,32704,Pit,yahoo_fantasy_api
2025,12,,11,api,Ginger FC 🏆🏆,Buttermilk Puuump,2025-W12-06,6,118.22,111.06,Juwan Johnson,TE,BN,False,True,False,,7.6,,Juwan Johnson,TE,,461.p.33113,33113,NO,yahoo_fantasy_api
2025,12,,12,api,Ginger FC 🏆🏆,Buttermilk Puuump,2025-W12-06,6,118.22,111.06,Marvin Mims Jr.,WR,BN,False,True,False,,0.0,,Marvin Mims Jr.,WR,,461.p.40090,40090,Den,yahoo_fantasy_api
2025,12,,13,api,Ginger FC 🏆🏆,Buttermilk Puuump,2025-W12-06,6,118.22,111.06,Trey Benson,RB,IR,False,False,True,,0.0,,Trey Benson,RB,,461.p.40958,40958,Ari,yahoo_fantasy_api
2025,12,,14,api,Ginger FC 🏆🏆,Buttermilk Puuump,2025-W12-06,6,118.22,111.06,Chase McLaughlin,K,K,True,False,False,,1.0,,Chase McLaughlin,K,,461.p.32417,32417,TB,yahoo_fantasy_api
2025,12,,15,api,Ginger FC 🏆🏆,Buttermilk Puuump,2025-W12-06,6,118.22,111.06,Evan McPherson,K,BN,False,True,False,,12.0,,Evan McPherson,K,,461.p.33537,33537,Cin,yahoo_fantasy_api
2025,12,,16,api,Ginger FC 🏆🏆,Buttermilk Puuump,2025-W12-06,6,118.22,111.06,Packers,DEF,DEF,True,False,False,,18.0,,Packers,DEF,,461.p.100009,100009,GB,yahoo_fantasy_api
2025,12,,1,api,Joe Mantegna,ThreatLevelMidnight,2025-W12-04,4,91.22,125.58,Brock Purdy,QB,QB,True,False,False,,12.32,,Brock Purdy,QB,,461.p.34218,34218,SF,yahoo_fantasy_api
2025,12,,2,api,Joe Mantegna,ThreatLevelMidnight,2025-W12-04,4,91.22,125.58,Jauan Jennings,WR,WR,True,False,False,,12.6,,Jauan Jennings,WR,,461.p.32887,32887,Min,yahoo_fantasy_api
2025,12,,3,api,Joe Mantegna,ThreatLevelMidnight,2025-W12-04,4,91.22,125.58,Wan'Dale Robinson,WR,WR,True,False,False,,26.1,,Wan'Dale Robinson,WR,,461.p.33998,33998,Ten,yahoo_fantasy_api
2025,12,,4,api,Joe Mantegna,ThreatLevelMidnight,2025-W12-04,4,91.22,125.58,Devin Singletary,RB,RB,True,False,False,,4.7,,Devin Singletary,RB,,461.p.31906,31906,NYG,yahoo_fantasy_api
2025,12,,5,api,Joe Mantegna,ThreatLevelMidnight,2025-W12-04,4,91.22,125.58,Tony Pollard,RB,RB,True,False,False,,6.1,,Tony Pollard,RB,,461.p.31960,31960,Ten,yahoo_fantasy_api
2025,12,,6,api,Joe Mantegna,ThreatLevelMidnight,2025-W12-04,4,91.22,125.58,Tyler Warren,TE,TE,True,False,False,,7.0,,Tyler Warren,TE,,461.p.41799,41799,Ind,yahoo_fantasy_api
2025,12,,7,api,Joe Mantegna,ThreatLevelMidnight,2025-W12-04,4,91.22,125.58,Zay Flowers,WR,W/R/T,True,False,False,,9.4,,Zay Flowers,WR,,461.p.40039,40039,Bal,yahoo_fantasy_api
2025,12,,8,api,Joe Mantegna,ThreatLevelMidnight,2025-W12-04,4,91.22,125.58,Bo Nix,QB,BN,False,True,False,,0.0,,Bo Nix,QB,,461.p.40875,40875,Den,yahoo_fantasy_api
2025,12,,9,api,Joe Mantegna,ThreatLevelMidnight,2025-W12-04,4,91.22,125.58,RJ Harvey,RB,BN,False,True,False,,0.0,,RJ Harvey,RB,,461.p.41845,41845,Den,yahoo_fantasy_api
2025,12,,10,api,Joe Mantegna,ThreatLevelMidnight,2025-W12-04,4,91.22,125.58,Jacory Croskey-Merritt,RB,BN,False,True,False,,0.0,,Jacory Croskey-Merritt,RB,,461.p.42010,42010,Was,yahoo_fantasy_api
2025,12,,11,api,Joe Mantegna,ThreatLevelMidnight,2025-W12-04,4,91.22,125.58,Ja'Marr Chase,WR,BN,False,True,False,,0.0,,Ja'Marr Chase,WR,,461.p.33393,33393,Cin,yahoo_fantasy_api
2025,12,,12,api,Joe Mantegna,ThreatLevelMidnight,2025-W12-04,4,91.22,125.58,Quentin Johnston,WR,BN,False,True,False,,0.0,,Quentin Johnston,WR,,461.p.40051,40051,LAC,yahoo_fantasy_api
2025,12,,13,api,Joe Mantegna,ThreatLevelMidnight,2025-W12-04,4,91.22,125.58,Omarion Hampton,RB,IR,False,False,True,,0.0,,Omarion Hampton,RB,,461.p.41807,41807,LAC,yahoo_fantasy_api
2025,12,,14,api,Joe Mantegna,ThreatLevelMidnight,2025-W12-04,4,91.22,125.58,Brandon Aubrey,K,K,True,False,False,,7.0,,Brandon Aubrey,K,,461.p.40819,40819,Dal,yahoo_fantasy_api
2025,12,,15,api,Joe Mantegna,ThreatLevelMidnight,2025-W12-04,4,91.22,125.58,Bills,DEF,DEF,True,False,False,,6.0,,Bills,DEF,,461.p.100002,100002,Buf,yahoo_fantasy_api
2025,12,,1,api,Malle ❤️ 🐸,Patty Primetimes,2025-W12-02,2,76.54,126.82,Trevor Lawrence,QB,QB,True,False,False,,26.14,,Trevor Lawrence,QB,,461.p.33389,33389,Jax,yahoo_fantasy_api
2025,12,,2,api,Malle ❤️ 🐸,Patty Primetimes,2025-W12-02,2,76.54,126.82,Jordan Addison,WR,WR,True,False,False,,0.0,,Jordan Addison,WR,,461.p.40042,40042,Min,yahoo_fantasy_api
2025,12,,3,api,Malle ❤️ 🐸,Patty Primetimes,2025-W12-02,2,76.54,126.82,Rashid Shaheed,WR,WR,True,False,False,,0.5,,Rashid Shaheed,WR,,461.p.34659,34659,Sea,yahoo_fantasy_api
2025,12,,4,api,Malle ❤️ 🐸,Patty Primetimes,2025-W12-02,2,76.54,126.82,Bhayshul Tuten,RB,RB,True,False,False,,1.7,,Bhayshul Tuten,RB,,461.p.41900,41900,Jax,yahoo_fantasy_api
2025,12,,5,api,Malle ❤️ 🐸,Patty Primetimes,2025-W12-02,2,76.54,126.82,D'Andre Swift,RB,RB,True,False,False,,1.4,,D'Andre Swift,RB,,461.p.32705,32705,Chi,yahoo_fantasy_api
2025,12,,6,api,Malle ❤️ 🐸,Patty Primetimes,2025-W12-02,2,76.54,126.82,George Kittle,TE,TE,True,False,False,,10.8,,George Kittle,TE,,461.p.30259,30259,SF,yahoo_fantasy_api
2025,12,,7,api,Malle ❤️ 🐸,Patty Primetimes,2025-W12-02,2,76.54,126.82,Khalil Shakir,WR,W/R/T,True,False,False,,13.0,,Khalil Shakir,WR,,461.p.34104,34104,Buf,yahoo_fantasy_api
2025,12,,8,api,Malle ❤️ 🐸,Patty Primetimes,2025-W12-02,2,76.54,126.82,Marcus Mariota,QB,BN,False,True,False,,0.0,,Marcus Mariota,QB,,461.p.28390,28390,Was,yahoo_fantasy_api
2025,12,,9,api,Malle ❤️ 🐸,Patty Primetimes,2025-W12-02,2,76.54,126.82,Brian Thomas Jr.,WR,BN,False,True,False,,0.0,,Brian Thomas Jr.,WR,,461.p.40883,40883,Jax,yahoo_fantasy_api
2025,12,,10,api,Malle ❤️ 🐸,Patty Primetimes,2025-W12-02,2,76.54,126.82,Drake London,WR,BN,False,True,False,,0.0,,Drake London,WR,,461.p.33963,33963,Atl,yahoo_fantasy_api
2025,12,,11,api,Malle ❤️ 🐸,Patty Primetimes,2025-W12-02,2,76.54,126.82,Isiah Pacheco,RB,BN,False,True,False,,0.0,,Isiah Pacheco,RB,,461.p.34207,34207,Det,yahoo_fantasy_api
2025,12,,12,api,Malle ❤️ 🐸,Patty Primetimes,2025-W12-02,2,76.54,126.82,Dallas Goedert,TE,BN,False,True,False,,3.0,,Dallas Goedert,TE,,461.p.31019,31019,Phi,yahoo_fantasy_api
2025,12,,13,api,Malle ❤️ 🐸,Patty Primetimes,2025-W12-02,2,76.54,126.82,Dalton Schultz,TE,BN,False,True,False,,1.3,,Dalton Schultz,TE,,461.p.31107,31107,Hou,yahoo_fantasy_api
2025,12,,14,api,Malle ❤️ 🐸,Patty Primetimes,2025-W12-02,2,76.54,126.82,Harrison Butker,K,K,True,False,False,,16.0,,Harrison Butker,K,,461.p.30346,30346,KC,yahoo_fantasy_api
2025,12,,15,api,Malle ❤️ 🐸,Patty Primetimes,2025-W12-02,2,76.54,126.82,Jaguars,DEF,DEF,True,False,False,,7.0,,Jaguars,DEF,,461.p.100030,100030,Jax,yahoo_fantasy_api
2025,12,,1,api,Patty Primetimes,Malle ❤️ 🐸,2025-W12-02,2,126.82,76.54,Josh Allen,QB,QB,True,False,False,,10.12,,Josh Allen,QB,,461.p.30977,30977,Buf,yahoo_fantasy_api
2025,12,,2,api,Patty Primetimes,Malle ❤️ 🐸,2025-W12-02,2,126.82,76.54,DK Metcalf,WR,WR,True,False,False,,11.9,,DK Metcalf,WR,,461.p.31896,31896,Pit,yahoo_fantasy_api
2025,12,,3,api,Patty Primetimes,Malle ❤️ 🐸,2025-W12-02,2,126.82,76.54,Parker Washington,WR,WR,True,False,False,,15.6,,Parker Washington,WR,,461.p.40234,40234,Jax,yahoo_fantasy_api
2025,12,,4,api,Patty Primetimes,Malle ❤️ 🐸,2025-W12-02,2,126.82,76.54,James Cook III,RB,RB,True,False,False,,20.4,,James Cook III,RB,,461.p.34019,34019,Buf,yahoo_fantasy_api
2025,12,,5,api,Patty Primetimes,Malle ❤️ 🐸,2025-W12-02,2,126.82,76.54,Saquon Barkley,RB,RB,True,False,False,,8.9,,Saquon Barkley,RB,,461.p.30972,30972,Phi,yahoo_fantasy_api
2025,12,,6,api,Patty Primetimes,Malle ❤️ 🐸,2025-W12-02,2,126.82,76.54,Travis Kelce,TE,TE,True,False,False,,6.4,,Travis Kelce,TE,,461.p.26686,26686,KC,yahoo_fantasy_api
2025,12,,7,api,Patty Primetimes,Malle ❤️ 🐸,2025-W12-02,2,126.82,76.54,Emanuel Wilson,RB,W/R/T,True,False,False,,25.5,,Emanuel Wilson,RB,,461.p.40707,40707,Sea,yahoo_fantasy_api
2025,12,,8,api,Patty Primetimes,Malle ❤️ 🐸,2025-W12-02,2,126.82,76.54,Ladd McConkey,WR,BN,False,True,False,,0.0,,Ladd McConkey,WR,,461.p.40908,40908,LAC,yahoo_fantasy_api
2025,12,,9,api,Patty Primetimes,Malle ❤️ 🐸,2025-W12-02,2,126.82,76.54,Courtland Sutton,WR,BN,False,True,False,,0.0,,Courtland Sutton,WR,,461.p.31010,31010,Den,yahoo_fantasy_api
2025,12,,10,api,Patty Primetimes,Malle ❤️ 🐸,2025-W12-02,2,126.82,76.54,Caleb Williams,QB,BN,False,True,False,,27.66,,Caleb Williams,QB,,461.p.40900,40900,Chi,yahoo_fantasy_api
2025,12,,11,api,Patty Primetimes,Malle ❤️ 🐸,2025-W12-02,2,126.82,76.54,Tyjae Spears,RB,BN,False,True,False,,4.5,,Tyjae Spears,RB,,461.p.40119,40119,Ten,yahoo_fantasy_api
2025,12,,12,api,Patty Primetimes,Malle ❤️ 🐸,2025-W12-02,2,126.82,76.54,Sean Tucker,RB,BN,False,True,False,,5.1,,Sean Tucker,RB,,461.p.40742,40742,TB,yahoo_fantasy_api
2025,12,,13,api,Patty Primetimes,Malle ❤️ 🐸,2025-W12-02,2,126.82,76.54,J.K. Dobbins,RB,IR,False,False,True,,0.0,,J.K. Dobbins,RB,,461.p.32725,32725,Den,yahoo_fantasy_api
2025,12,,14,api,Patty Primetimes,Malle ❤️ 🐸,2025-W12-02,2,126.82,76.54,Cam Little,K,K,True,False,False,,13.0,,Cam Little,K,,461.p.41062,41062,Jax,yahoo_fantasy_api
2025,12,,15,api,Patty Primetimes,Malle ❤️ 🐸,2025-W12-02,2,126.82,76.54,Cameron Dicker,K,BN,False,True,False,,0.0,,Cameron Dicker,K,,461.p.34344,34344,LAC,yahoo_fantasy_api
2025,12,,16,api,Patty Primetimes,Malle ❤️ 🐸,2025-W12-02,2,126.82,76.54,Texans,DEF,DEF,True,False,False,,15.0,,Texans,DEF,,461.p.100034,100034,Hou,yahoo_fantasy_api
2025,12,,1,api,Pop Lockett Drop it,malle_dips_pouches,2025-W12-05,5,100.92,120.16,Matthew Stafford,QB,QB,True,False,False,,28.92,,Matthew Stafford,QB,,461.p.9265,9265,LAR,yahoo_fantasy_api
2025,12,,2,api,Pop Lockett Drop it,malle_dips_pouches,2025-W12-05,5,100.92,120.16,Rome Odunze,WR,WR,True,False,False,,6.8,,Rome Odunze,WR,,461.p.40901,40901,Chi,yahoo_fantasy_api
2025,12,,3,api,Pop Lockett Drop it,malle_dips_pouches,2025-W12-05,5,100.92,120.16,Tee Higgins,WR,WR,True,False,False,,5.6,,Tee Higgins,WR,,461.p.32703,32703,Cin,yahoo_fantasy_api
2025,12,,4,api,Pop Lockett Drop it,malle_dips_pouches,2025-W12-05,5,100.92,120.16,Kenneth Walker III,RB,RB,True,False,False,,11.6,,Kenneth Walker III,RB,,461.p.33996,33996,KC,yahoo_fantasy_api
2025,12,,5,api,Pop Lockett Drop it,malle_dips_pouches,2025-W12-05,5,100.92,120.16,Javonte Williams,RB,RB,True,False,False,,11.1,,Javonte Williams,RB,,461.p.33423,33423,Dal,yahoo_fantasy_api
2025,12,,6,api,Pop Lockett Drop it,malle_dips_pouches,2025-W12-05,5,100.92,120.16,Trey McBride,TE,TE,True,False,False,,12.4,,Trey McBride,TE,,461.p.34010,34010,Ari,yahoo_fantasy_api
2025,12,,7,api,Pop Lockett Drop it,malle_dips_pouches,2025-W12-05,5,100.92,120.16,CeeDee Lamb,WR,W/R/T,True,False,False,,9.5,,CeeDee Lamb,WR,,461.p.32687,32687,Dal,yahoo_fantasy_api
2025,12,,8,api,Pop Lockett Drop it,malle_dips_pouches,2025-W12-05,5,100.92,120.16,Troy Franklin,WR,BN,False,True,False,,0.0,,Troy Franklin,WR,,461.p.41009,41009,Den,yahoo_fantasy_api
2025,12,,9,api,Pop Lockett Drop it,malle_dips_pouches,2025-W12-05,5,100.92,120.16,Jordan Mason,RB,BN,False,True,False,,4.2,,Jordan Mason,RB,,461.p.34320,34320,Min,yahoo_fantasy_api
2025,12,,10,api,Pop Lockett Drop it,malle_dips_pouches,2025-W12-05,5,100.92,120.16,Lamar Jackson,QB,BN,False,True,False,,7.22,,Lamar Jackson,QB,,461.p.31002,31002,Bal,yahoo_fantasy_api
2025,12,,11,api,Pop Lockett Drop it,malle_dips_pouches,2025-W12-05,5,100.92,120.16,Alec Pierce,WR,BN,False,True,False,,3.1,,Alec Pierce,WR,,461.p.34008,34008,Ind,yahoo_fantasy_api
2025,12,,12,api,Pop Lockett Drop it,malle_dips_pouches,2025-W12-05,5,100.92,120.16,Kareem Hunt,RB,BN,False,True,False,,18.5,,Kareem Hunt,RB,,461.p.30199,30199,KC,yahoo_fantasy_api
2025,12,,13,api,Pop Lockett Drop it,malle_dips_pouches,2025-W12-05,5,100.92,120.16,Bam Knight,RB,BN,False,True,False,,11.2,,Bam Knight,RB,,461.p.34357,34357,Ari,yahoo_fantasy_api
2025,12,,14,api,Pop Lockett Drop it,malle_dips_pouches,2025-W12-05,5,100.92,120.16,Tyler Loop,K,K,True,False,False,,11.0,,Tyler Loop,K,,461.p.41988,41988,Bal,yahoo_fantasy_api
2025,12,,15,api,Pop Lockett Drop it,malle_dips_pouches,2025-W12-05,5,100.92,120.16,Seahawks,DEF,DEF,True,False,False,,4.0,,Seahawks,DEF,,461.p.100026,100026,Sea,yahoo_fantasy_api
2025,12,,1,api,Post Mahomes,The Big Gronkowski,2025-W12-01,1,112.38,108.96,Patrick Mahomes,QB,QB,True,False,False,,18.08,,Patrick Mahomes,QB,,461.p.30123,30123,KC,yahoo_fantasy_api
2025,12,,2,api,Post Mahomes,The Big Gronkowski,2025-W12-01,1,112.38,108.96,Romeo Doubs,WR,WR,True,False,False,,3.3,,Romeo Doubs,WR,,461.p.34088,34088,NE,yahoo_fantasy_api
2025,12,,3,api,Post Mahomes,The Big Gronkowski,2025-W12-01,1,112.38,108.96,Tetairoa McMillan,WR,WR,True,False,False,,10.5,,Tetairoa McMillan,WR,,461.p.41793,41793,Car,yahoo_fantasy_api
2025,12,,4,api,Post Mahomes,The Big Gronkowski,2025-W12-01,1,112.38,108.96,Kyren Williams,RB,RB,True,False,False,,5.3,,Kyren Williams,RB,,461.p.34120,34120,LAR,yahoo_fantasy_api
2025,12,,5,api,Post Mahomes,The Big Gronkowski,2025-W12-01,1,112.38,108.96,Jahmyr Gibbs,RB,RB,True,False,False,,49.9,,Jahmyr Gibbs,RB,,461.p.40059,40059,Det,yahoo_fantasy_api
2025,12,,6,api,Post Mahomes,The Big Gronkowski,2025-W12-01,1,112.38,108.96,Brock Bowers,TE,TE,True,False,False,,8.5,,Brock Bowers,TE,,461.p.40878,40878,LV,yahoo_fantasy_api
2025,12,,7,api,Post Mahomes,The Big Gronkowski,2025-W12-01,1,112.38,108.96,Ricky Pearsall,WR,W/R/T,True,False,False,,1.8,,Ricky Pearsall,WR,,461.p.40892,40892,SF,yahoo_fantasy_api
2025,12,,8,api,Post Mahomes,The Big Gronkowski,2025-W12-01,1,112.38,108.96,Kimani Vidal,RB,BN,False,True,False,,0.0,,Kimani Vidal,RB,,461.p.41052,41052,LAC,yahoo_fantasy_api
2025,12,,9,api,Post Mahomes,The Big Gronkowski,2025-W12-01,1,112.38,108.96,Garrett Wilson,WR,BN,False,True,False,,0.0,,Garrett Wilson,WR,,461.p.33965,33965,NYJ,yahoo_fantasy_api
2025,12,,10,api,Post Mahomes,The Big Gronkowski,2025-W12-01,1,112.38,108.96,Oronde Gadsden,TE,BN,False,True,False,,0.0,,Oronde Gadsden,TE,,461.p.41951,41951,LAC,yahoo_fantasy_api
2025,12,,11,api,Post Mahomes,The Big Gronkowski,2025-W12-01,1,112.38,108.96,Chris Godwin Jr.,WR,BN,False,True,False,,1.9,,Chris Godwin Jr.,WR,,461.p.30197,30197,TB,yahoo_fantasy_api
2025,12,,12,api,Post Mahomes,The Big Gronkowski,2025-W12-01,1,112.38,108.96,Chris Rodriguez Jr.,RB,BN,False,True,False,,0.0,,Chris Rodriguez Jr.,RB,,461.p.40231,40231,Jax,yahoo_fantasy_api
2025,12,,13,api,Post Mahomes,The Big Gronkowski,2025-W12-01,1,112.38,108.96,Cam Skattebo,RB,IR,False,False,True,,0.0,,Cam Skattebo,RB,,461.p.41922,41922,NYG,yahoo_fantasy_api
2025,12,,14,api,Post Mahomes,The Big Gronkowski,2025-W12-01,1,112.38,108.96,Jake Bates,K,K,True,False,False,,12.0,,Jake Bates,K,,461.p.40835,40835,Det,yahoo_fantasy_api
2025,12,,15,api,Post Mahomes,The Big Gronkowski,2025-W12-01,1,112.38,108.96,Lions,DEF,DEF,True,False,False,,3.0,,Lions,DEF,,461.p.100008,100008,Det,yahoo_fantasy_api
2025,12,,16,api,Post Mahomes,The Big Gronkowski,2025-W12-01,1,112.38,108.96,Broncos,DEF,BN,False,True,False,,0.0,,Broncos,DEF,,461.p.100007,100007,Den,yahoo_fantasy_api
2025,12,,1,api,The Big Gronkowski,Post Mahomes,2025-W12-01,1,108.96,112.38,Drake Maye,QB,QB,True,False,False,,18.96,,Drake Maye,QB,,461.p.40881,40881,NE,yahoo_fantasy_api
2025,12,,2,api,The Big Gronkowski,Post Mahomes,2025-W12-01,1,108.96,112.38,Nico Collins,WR,WR,True,False,False,,7.0,,Nico Collins,WR,,461.p.33477,33477,Hou,yahoo_fantasy_api
2025,12,,3,api,The Big Gronkowski,Post Mahomes,2025-W12-01,1,108.96,112.38,Jameson Williams,WR,WR,True,False,False,,0.0,,Jameson Williams,WR,,461.p.33967,33967,Det,yahoo_fantasy_api
2025,12,,4,api,The Big Gronkowski,Post Mahomes,2025-W12-01,1,108.96,112.38,Woody Marks,RB,RB,True,False,False,,7.4,,Woody Marks,RB,,461.p.41902,41902,Hou,yahoo_fantasy_api
2025,12,,5,api,The Big Gronkowski,Post Mahomes,2025-W12-01,1,108.96,112.38,TreVeyon Henderson,RB,RB,True,False,False,,9.6,,TreVeyon Henderson,RB,,461.p.41823,41823,NE,yahoo_fantasy_api
2025,12,,6,api,The Big Gronkowski,Post Mahomes,2025-W12-01,1,108.96,112.38,Hunter Henry,TE,TE,True,False,False,,21.0,,Hunter Henry,TE,,461.p.29269,29269,NE,yahoo_fantasy_api
2025,12,,7,api,The Big Gronkowski,Post Mahomes,2025-W12-01,1,108.96,112.38,A.J. Brown,WR,W/R/T,True,False,False,,21.0,,A.J. Brown,WR,,461.p.31883,31883,NE,yahoo_fantasy_api
2025,12,,8,api,The Big Gronkowski,Post Mahomes,2025-W12-01,1,108.96,112.38,Darnell Mooney,WR,BN,False,True,False,,14.9,,Darnell Mooney,WR,,461.p.32843,32843,NYG,yahoo_fantasy_api
2025,12,,9,api,The Big Gronkowski,Post Mahomes,2025-W12-01,1,108.96,112.38,Dak Prescott,QB,BN,False,True,False,,32.06,,Dak Prescott,QB,,461.p.29369,29369,Dal,yahoo_fantasy_api
2025,12,,10,api,The Big Gronkowski,Post Mahomes,2025-W12-01,1,108.96,112.38,Chuba Hubbard,RB,BN,False,True,False,,6.3,,Chuba Hubbard,RB,,461.p.33514,33514,Car,yahoo_fantasy_api
2025,12,,11,api,The Big Gronkowski,Post Mahomes,2025-W12-01,1,108.96,112.38,Xavier Legette,WR,BN,False,True,False,,3.7,,Xavier Legette,WR,,461.p.40890,40890,Car,yahoo_fantasy_api
2025,12,,12,api,The Big Gronkowski,Post Mahomes,2025-W12-01,1,108.96,112.38,T.J. Hockenson,TE,BN,False,True,False,,3.9,,T.J. Hockenson,TE,,461.p.31840,31840,Min,yahoo_fantasy_api
2025,12,,13,api,The Big Gronkowski,Post Mahomes,2025-W12-01,1,108.96,112.38,Matt Prater,K,K,True,False,False,,8.0,,Matt Prater,K,,461.p.8565,8565,Buf,yahoo_fantasy_api
2025,12,,14,api,The Big Gronkowski,Post Mahomes,2025-W12-01,1,108.96,112.38,Ka'imi Fairbairn,K,BN,False,True,False,,12.0,,Ka'imi Fairbairn,K,,461.p.29792,29792,Hou,yahoo_fantasy_api
2025,12,,15,api,The Big Gronkowski,Post Mahomes,2025-W12-01,1,108.96,112.38,Browns,DEF,DEF,True,False,False,,16.0,,Browns,DEF,,461.p.100005,100005,Cle,yahoo_fantasy_api
2025,12,,1,api,ThreatLevelMidnight,Joe Mantegna,2025-W12-04,4,125.58,91.22,Jacoby Brissett,QB,QB,True,False,False,,20.68,,Jacoby Brissett,QB,,461.p.29325,29325,Ari,yahoo_fantasy_api
2025,12,,2,api,ThreatLevelMidnight,Joe Mantegna,2025-W12-04,4,125.58,91.22,Rashee Rice,WR,WR,True,False,False,,20.1,,Rashee Rice,WR,,461.p.40084,40084,KC,yahoo_fantasy_api
2025,12,,3,api,ThreatLevelMidnight,Joe Mantegna,2025-W12-04,4,125.58,91.22,Michael Wilson,WR,WR,True,False,False,,16.8,,Michael Wilson,WR,,461.p.40121,40121,Ari,yahoo_fantasy_api
2025,12,,4,api,ThreatLevelMidnight,Joe Mantegna,2025-W12-04,4,125.58,91.22,Bijan Robinson,RB,RB,True,False,False,,13.7,,Bijan Robinson,RB,,461.p.40055,40055,Atl,yahoo_fantasy_api
2025,12,,5,api,ThreatLevelMidnight,Joe Mantegna,2025-W12-04,4,125.58,91.22,Rico Dowdle,RB,RB,True,False,False,,9.4,,Rico Dowdle,RB,,461.p.33100,33100,Pit,yahoo_fantasy_api
2025,12,,6,api,ThreatLevelMidnight,Joe Mantegna,2025-W12-04,4,125.58,91.22,Theo Johnson,TE,TE,True,False,False,,9.2,,Theo Johnson,TE,,461.p.41003,41003,NYG,yahoo_fantasy_api
2025,12,,7,api,ThreatLevelMidnight,Joe Mantegna,2025-W12-04,4,125.58,91.22,Quinshon Judkins,RB,W/R/T,True,False,False,,16.7,,Quinshon Judkins,RB,,461.p.41821,41821,Cle,yahoo_fantasy_api
2025,12,,8,api,ThreatLevelMidnight,Joe Mantegna,2025-W12-04,4,125.58,91.22,Jake Ferguson,TE,BN,False,True,False,,8.6,,Jake Ferguson,TE,,461.p.34085,34085,Dal,yahoo_fantasy_api
2025,12,,9,api,ThreatLevelMidnight,Joe Mantegna,2025-W12-04,4,125.58,91.22,Baker Mayfield,QB,BN,False,True,False,,7.54,,Baker Mayfield,QB,,461.p.30971,30971,TB,yahoo_fantasy_api
2025,12,,10,api,ThreatLevelMidnight,Joe Mantegna,2025-W12-04,4,125.58,91.22,DJ Moore,WR,BN,False,True,False,,20.9,,DJ Moore,WR,,461.p.30994,30994,Buf,yahoo_fantasy_api
2025,12,,11,api,ThreatLevelMidnight,Joe Mantegna,2025-W12-04,4,125.58,91.22,Xavier Worthy,WR,BN,False,True,False,,7.9,,Xavier Worthy,WR,,461.p.40877,40877,KC,yahoo_fantasy_api
2025,12,,12,api,ThreatLevelMidnight,Joe Mantegna,2025-W12-04,4,125.58,91.22,Rhamondre Stevenson,RB,BN,False,True,False,,1.5,,Rhamondre Stevenson,RB,,461.p.33508,33508,NE,yahoo_fantasy_api
2025,12,,13,api,ThreatLevelMidnight,Joe Mantegna,2025-W12-04,4,125.58,91.22,Tyler Allgeier,RB,BN,False,True,False,,5.4,,Tyler Allgeier,RB,,461.p.34107,34107,Ari,yahoo_fantasy_api
2025,12,,14,api,ThreatLevelMidnight,Joe Mantegna,2025-W12-04,4,125.58,91.22,Marvin Harrison Jr.,WR,IR,False,False,True,,0.0,,Marvin Harrison Jr.,WR,,461.p.40893,40893,Ari,yahoo_fantasy_api
2025,12,,15,api,ThreatLevelMidnight,Joe Mantegna,2025-W12-04,4,125.58,91.22,Jake Elliott,K,K,True,False,False,,3.0,,Jake Elliott,K,,461.p.30266,30266,Phi,yahoo_fantasy_api
2025,12,,16,api,ThreatLevelMidnight,Joe Mantegna,2025-W12-04,4,125.58,91.22,Falcons,DEF,DEF,True,False,False,,16.0,,Falcons,DEF,,461.p.100001,100001,Atl,yahoo_fantasy_api
2025,12,,1,api,Uncle Rico,Voldemort,2025-W12-03,3,99.84,109.96,Daniel Jones,QB,QB,True,False,False,,20.84,,Daniel Jones,QB,,461.p.31838,31838,Ind,yahoo_fantasy_api
2025,12,,2,api,Uncle Rico,Voldemort,2025-W12-03,3,99.84,109.96,Emeka Egbuka,WR,WR,True,False,False,,4.7,,Emeka Egbuka,WR,,461.p.41804,41804,TB,yahoo_fantasy_api
2025,12,,3,api,Uncle Rico,Voldemort,2025-W12-03,3,99.84,109.96,Jerry Jeudy,WR,WR,True,False,False,,2.4,,Jerry Jeudy,WR,,461.p.32685,32685,Cle,yahoo_fantasy_api
2025,12,,4,api,Uncle Rico,Voldemort,2025-W12-03,3,99.84,109.96,Christian McCaffrey,RB,RB,True,False,False,,23.7,,Christian McCaffrey,RB,,461.p.30121,30121,SF,yahoo_fantasy_api
2025,12,,5,api,Uncle Rico,Voldemort,2025-W12-03,3,99.84,109.96,Jonathan Taylor,RB,RB,True,False,False,,7.6,,Jonathan Taylor,RB,,461.p.32711,32711,Ind,yahoo_fantasy_api
2025,12,,6,api,Uncle Rico,Voldemort,2025-W12-03,3,99.84,109.96,Cade Otton,TE,TE,True,False,False,,4.1,,Cade Otton,TE,,461.p.34062,34062,TB,yahoo_fantasy_api
2025,12,,7,api,Uncle Rico,Voldemort,2025-W12-03,3,99.84,109.96,Zach Charbonnet,RB,W/R/T,True,False,False,,9.5,,Zach Charbonnet,RB,,461.p.40075,40075,Sea,yahoo_fantasy_api
2025,12,,8,api,Uncle Rico,Voldemort,2025-W12-03,3,99.84,109.96,Tre Tucker,WR,BN,False,True,False,,4.3,,Tre Tucker,WR,,461.p.40114,40114,LV,yahoo_fantasy_api
2025,12,,9,api,Uncle Rico,Voldemort,2025-W12-03,3,99.84,109.96,Jaylen Waddle,WR,BN,False,True,False,,0.0,,Jaylen Waddle,WR,,461.p.33394,33394,Den,yahoo_fantasy_api
2025,12,,10,api,Uncle Rico,Voldemort,2025-W12-03,3,99.84,109.96,Dalton Kincaid,TE,BN,False,True,False,,0.0,,Dalton Kincaid,TE,,461.p.40048,40048,Buf,yahoo_fantasy_api
2025,12,,11,api,Uncle Rico,Voldemort,2025-W12-03,3,99.84,109.96,Terry McLaurin,WR,BN,False,True,False,,0.0,,Terry McLaurin,WR,,461.p.31908,31908,Was,yahoo_fantasy_api
2025,12,,12,api,Uncle Rico,Voldemort,2025-W12-03,3,99.84,109.96,Brashard Smith,RB,BN,False,True,False,,5.1,,Brashard Smith,RB,,461.p.42012,42012,KC,yahoo_fantasy_api
2025,12,,13,api,Uncle Rico,Voldemort,2025-W12-03,3,99.84,109.96,Joe Burrow,QB,IR,False,False,True,,0.0,,Joe Burrow,QB,,461.p.32671,32671,Cin,yahoo_fantasy_api
2025,12,,14,api,Uncle Rico,Voldemort,2025-W12-03,3,99.84,109.96,Matt Gay,K,K,True,False,False,,9.0,,Matt Gay,K,,461.p.31977,31977,LV,yahoo_fantasy_api
2025,12,,15,api,Uncle Rico,Voldemort,2025-W12-03,3,99.84,109.96,Rams,DEF,DEF,True,False,False,,18.0,,Rams,DEF,,461.p.100014,100014,LAR,yahoo_fantasy_api
2025,12,,1,api,Voldemort,Uncle Rico,2025-W12-03,3,109.96,99.84,Sam Darnold,QB,QB,True,False,False,,21.66,,Sam Darnold,QB,,461.p.30973,30973,Sea,yahoo_fantasy_api
2025,12,,2,api,Voldemort,Uncle Rico,2025-W12-03,3,109.96,99.84,Justin Jefferson,WR,WR,True,False,False,,6.8,,Justin Jefferson,WR,,461.p.32692,32692,Min,yahoo_fantasy_api
2025,12,,3,api,Voldemort,Uncle Rico,2025-W12-03,3,109.96,99.84,Puka Nacua,WR,WR,True,False,False,,13.2,,Puka Nacua,WR,,461.p.40168,40168,LAR,yahoo_fantasy_api
2025,12,,4,api,Voldemort,Uncle Rico,2025-W12-03,3,109.96,99.84,Chase Brown,RB,RB,True,False,False,,14.0,,Chase Brown,RB,,461.p.40196,40196,Cin,yahoo_fantasy_api
2025,12,,5,api,Voldemort,Uncle Rico,2025-W12-03,3,109.96,99.84,David Montgomery,RB,RB,True,False,False,,5.2,,David Montgomery,RB,,461.p.31905,31905,Hou,yahoo_fantasy_api
2025,12,,6,api,Voldemort,Uncle Rico,2025-W12-03,3,109.96,99.84,David Njoku,TE,TE,True,False,False,,0.0,,David Njoku,TE,,461.p.30142,30142,LAC,yahoo_fantasy_api
2025,12,,7,api,Voldemort,Uncle Rico,2025-W12-03,3,109.96,99.84,Jaxon Smith-Njigba,WR,W/R/T,True,False,False,,33.1,,Jaxon Smith-Njigba,WR,,461.p.40041,40041,Sea,yahoo_fantasy_api
2025,12,,8,api,Voldemort,Uncle Rico,2025-W12-03,3,109.96,99.84,Jaylen Warren,RB,BN,False,True,False,,12.8,,Jaylen Warren,RB,,461.p.34447,34447,Pit,yahoo_fantasy_api
2025,12,,9,api,Voldemort,Uncle Rico,2025-W12-03,3,109.96,99.84,Aaron Rodgers,QB,BN,False,True,False,,0.0,,Aaron Rodgers,QB,,461.p.7200,7200,Pit,yahoo_fantasy_api
2025,12,,10,api,Voldemort,Uncle Rico,2025-W12-03,3,109.96,99.84,Kyler Murray,QB,BN,False,True,False,,0.0,,Kyler Murray,QB,,461.p.31833,31833,Min,yahoo_fantasy_api
2025,12,,11,api,Voldemort,Uncle Rico,2025-W12-03,3,109.96,99.84,Alvin Kamara,RB,BN,False,True,False,,2.5,,Alvin Kamara,RB,,461.p.30180,30180,NO,yahoo_fantasy_api
2025,12,,12,api,Voldemort,Uncle Rico,2025-W12-03,3,109.96,99.84,Keenan Allen,WR,BN,False,True,False,,0.0,,Keenan Allen,WR,,461.p.26699,26699,Ind,yahoo_fantasy_api
2025,12,,13,api,Voldemort,Uncle Rico,2025-W12-03,3,109.96,99.84,Kenny Gainwell,RB,BN,False,True,False,,15.2,,Kenny Gainwell,RB,,461.p.33538,33538,TB,yahoo_fantasy_api
2025,12,,14,api,Voldemort,Uncle Rico,2025-W12-03,3,109.96,99.84,Will Reichard,K,K,True,False,False,,10.0,,Will Reichard,K,,461.p.41093,41093,Min,yahoo_fantasy_api
2025,12,,15,api,Voldemort,Uncle Rico,2025-W12-03,3,109.96,99.84,Bears,DEF,DEF,True,False,False,,6.0,,Bears,DEF,,461.p.100003,100003,Chi,yahoo_fantasy_api
2025,12,,1,api,malle_dips_pouches,Pop Lockett Drop it,2025-W12-05,5,120.16,100.92,Jalen Hurts,QB,QB,True,False,False,,32.86,,Jalen Hurts,QB,,461.p.32723,32723,Phi,yahoo_fantasy_api
2025,12,,2,api,malle_dips_pouches,Pop Lockett Drop it,2025-W12-05,5,120.16,100.92,Stefon Diggs,WR,WR,True,False,False,,3.0,,Stefon Diggs,WR,,461.p.28534,28534,Was,yahoo_fantasy_api
2025,12,,3,api,malle_dips_pouches,Pop Lockett Drop it,2025-W12-05,5,120.16,100.92,Christian Watson,WR,WR,True,False,False,,7.4,,Christian Watson,WR,,461.p.33989,33989,GB,yahoo_fantasy_api
2025,12,,4,api,malle_dips_pouches,Pop Lockett Drop it,2025-W12-05,5,120.16,100.92,Ashton Jeanty,RB,RB,True,False,False,,20.8,,Ashton Jeanty,RB,,461.p.41791,41791,LV,yahoo_fantasy_api
2025,12,,5,api,malle_dips_pouches,Pop Lockett Drop it,2025-W12-05,5,120.16,100.92,Rachaad White,RB,RB,True,False,False,,4.7,,Rachaad White,RB,,461.p.34047,34047,Was,yahoo_fantasy_api
2025,12,,6,api,malle_dips_pouches,Pop Lockett Drop it,2025-W12-05,5,120.16,100.92,Colston Loveland,TE,TE,True,False,False,,12.9,,Colston Loveland,TE,,461.p.41795,41795,Chi,yahoo_fantasy_api
2025,12,,7,api,malle_dips_pouches,Pop Lockett Drop it,2025-W12-05,5,120.16,100.92,Tyrone Tracy Jr.,RB,W/R/T,True,False,False,,14.5,,Tyrone Tracy Jr.,RB,,461.p.41048,41048,NYG,yahoo_fantasy_api
2025,12,,8,api,malle_dips_pouches,Pop Lockett Drop it,2025-W12-05,5,120.16,100.92,Sam LaPorta,TE,BN,False,True,False,,0.0,,Sam LaPorta,TE,,461.p.40064,40064,Det,yahoo_fantasy_api
2025,12,,9,api,malle_dips_pouches,Pop Lockett Drop it,2025-W12-05,5,120.16,100.92,Josh Downs,WR,BN,False,True,False,,2.0,,Josh Downs,WR,,461.p.40126,40126,Ind,yahoo_fantasy_api
2025,12,,10,api,malle_dips_pouches,Pop Lockett Drop it,2025-W12-05,5,120.16,100.92,Jakobi Meyers,WR,BN,False,True,False,,13.0,,Jakobi Meyers,WR,,461.p.32231,32231,Jax,yahoo_fantasy_api
2025,12,,11,api,malle_dips_pouches,Pop Lockett Drop it,2025-W12-05,5,120.16,100.92,Zach Ertz,TE,BN,False,True,False,,0.0,,Zach Ertz,TE,,461.p.26658,26658,Phi,yahoo_fantasy_api
2025,12,,12,api,malle_dips_pouches,Pop Lockett Drop it,2025-W12-05,5,120.16,100.92,Bucky Irving,RB,BN,False,True,False,,0.0,,Bucky Irving,RB,,461.p.40993,40993,TB,yahoo_fantasy_api
2025,12,,13,api,malle_dips_pouches,Pop Lockett Drop it,2025-W12-05,5,120.16,100.92,Christian Kirk,WR,BN,False,True,False,,13.9,,Christian Kirk,WR,,461.p.31017,31017,SF,yahoo_fantasy_api
2025,12,,14,api,malle_dips_pouches,Pop Lockett Drop it,2025-W12-05,5,120.16,100.92,Mike Evans,WR,IR,False,False,True,,0.0,,Mike Evans,WR,,461.p.27535,27535,SF,yahoo_fantasy_api
2025,12,,15,api,malle_dips_pouches,Pop Lockett Drop it,2025-W12-05,5,120.16,100.92,Jason Myers,K,K,True,False,False,,13.0,,Jason Myers,K,,461.p.28378,28378,Sea,yahoo_fantasy_api
2025,12,,16,api,malle_dips_pouches,Pop Lockett Drop it,2025-W12-05,5,120.16,100.92,Ravens,DEF,DEF,True,False,False,,11.0,,Ravens,DEF,,461.p.100033,100033,Bal,yahoo_fantasy_api
2025,13,,1,api,Buttermilk Puuump,malle_dips_pouches,2025-W13-06,6,94.94,95.0,Jared Goff,QB,QB,True,False,False,,24.64,,Jared Goff,QB,,461.p.29235,29235,Det,yahoo_fantasy_api
2025,13,,2,api,Buttermilk Puuump,malle_dips_pouches,2025-W13-06,6,94.94,95.0,Amon-Ra St. Brown,WR,WR,True,False,False,,0.0,,Amon-Ra St. Brown,WR,,461.p.33500,33500,Det,yahoo_fantasy_api
2025,13,,3,api,Buttermilk Puuump,malle_dips_pouches,2025-W13-06,6,94.94,95.0,George Pickens,WR,WR,True,False,False,,13.8,,George Pickens,WR,,461.p.34007,34007,Dal,yahoo_fantasy_api
2025,13,,4,api,Buttermilk Puuump,malle_dips_pouches,2025-W13-06,6,94.94,95.0,Breece Hall,RB,RB,True,False,False,,14.6,,Breece Hall,RB,,461.p.33991,33991,NYJ,yahoo_fantasy_api
2025,13,,5,api,Buttermilk Puuump,malle_dips_pouches,2025-W13-06,6,94.94,95.0,Josh Jacobs,RB,RB,True,False,False,,9.6,,Josh Jacobs,RB,,461.p.31856,31856,GB,yahoo_fantasy_api
2025,13,,6,api,Buttermilk Puuump,malle_dips_pouches,2025-W13-06,6,94.94,95.0,Kyle Pitts Sr.,TE,TE,True,False,False,,11.7,,Kyle Pitts Sr.,TE,,461.p.33392,33392,Atl,yahoo_fantasy_api
2025,13,,7,api,Buttermilk Puuump,malle_dips_pouches,2025-W13-06,6,94.94,95.0,Deebo Samuel Sr.,WR,W/R/T,True,False,False,,8.6,,Deebo Samuel Sr.,WR,,461.p.31868,31868,SF,yahoo_fantasy_api
2025,13,,8,api,Buttermilk Puuump,malle_dips_pouches,2025-W13-06,6,94.94,95.0,Darius Slayton,WR,BN,False,True,False,,13.1,,Darius Slayton,WR,,461.p.32003,32003,Ind,yahoo_fantasy_api
2025,13,,9,api,Buttermilk Puuump,malle_dips_pouches,2025-W13-06,6,94.94,95.0,Aaron Jones Sr.,RB,BN,False,True,False,,2.5,,Aaron Jones Sr.,RB,,461.p.30295,30295,Min,yahoo_fantasy_api
2025,13,,10,api,Buttermilk Puuump,malle_dips_pouches,2025-W13-06,6,94.94,95.0,Jordan Love,QB,BN,False,True,False,,33.76,,Jordan Love,QB,,461.p.32696,32696,GB,yahoo_fantasy_api
2025,13,,11,api,Buttermilk Puuump,malle_dips_pouches,2025-W13-06,6,94.94,95.0,Nick Chubb,RB,BN,False,True,False,,9.4,,Nick Chubb,RB,,461.p.31005,31005,Hou,yahoo_fantasy_api
2025,13,,12,api,Buttermilk Puuump,malle_dips_pouches,2025-W13-06,6,94.94,95.0,Evan Engram,TE,BN,False,True,False,,10.9,,Evan Engram,TE,,461.p.30136,30136,Den,yahoo_fantasy_api
2025,13,,13,api,Buttermilk Puuump,malle_dips_pouches,2025-W13-06,6,94.94,95.0,Matthew Golden,WR,BN,False,True,False,,0.0,,Matthew Golden,WR,,461.p.41808,41808,GB,yahoo_fantasy_api
2025,13,,14,api,Buttermilk Puuump,malle_dips_pouches,2025-W13-06,6,94.94,95.0,Chris Boswell,K,K,True,False,False,,1.0,,Chris Boswell,K,,461.p.28188,28188,Pit,yahoo_fantasy_api
2025,13,,15,api,Buttermilk Puuump,malle_dips_pouches,2025-W13-06,6,94.94,95.0,49ers,DEF,DEF,True,False,False,,11.0,,49ers,DEF,,461.p.100025,100025,SF,yahoo_fantasy_api
2025,13,,1,api,Ginger FC 🏆🏆,Joe Mantegna,2025-W13-03,3,105.54,104.54,Justin Herbert,QB,QB,True,False,False,,17.84,,Justin Herbert,QB,,461.p.32676,32676,LAC,yahoo_fantasy_api
2025,13,,2,api,Ginger FC 🏆🏆,Joe Mantegna,2025-W13-03,3,105.54,104.54,Davante Adams,WR,WR,True,False,False,,19.8,,Davante Adams,WR,,461.p.27581,27581,LAR,yahoo_fantasy_api
2025,13,,3,api,Ginger FC 🏆🏆,Joe Mantegna,2025-W13-03,3,105.54,104.54,DeVonta Smith,WR,WR,True,False,False,,7.3,,DeVonta Smith,WR,,461.p.33398,33398,Phi,yahoo_fantasy_api
2025,13,,4,api,Ginger FC 🏆🏆,Joe Mantegna,2025-W13-03,3,105.54,104.54,Derrick Henry,RB,RB,True,False,False,,16.9,,Derrick Henry,RB,,461.p.29279,29279,Bal,yahoo_fantasy_api
2025,13,,5,api,Ginger FC 🏆🏆,Joe Mantegna,2025-W13-03,3,105.54,104.54,De'Von Achane,RB,RB,True,False,False,,19.4,,De'Von Achane,RB,,461.p.40118,40118,Mia,yahoo_fantasy_api
2025,13,,6,api,Ginger FC 🏆🏆,Joe Mantegna,2025-W13-03,3,105.54,104.54,Mark Andrews,TE,TE,True,False,False,,6.7,,Mark Andrews,TE,,461.p.31056,31056,Bal,yahoo_fantasy_api
2025,13,,7,api,Ginger FC 🏆🏆,Joe Mantegna,2025-W13-03,3,105.54,104.54,Travis Etienne Jr.,RB,W/R/T,True,False,False,,4.6,,Travis Etienne Jr.,RB,,461.p.33413,33413,NO,yahoo_fantasy_api
2025,13,,8,api,Ginger FC 🏆🏆,Joe Mantegna,2025-W13-03,3,105.54,104.54,Chris Olave,WR,BN,False,True,False,,12.7,,Chris Olave,WR,,461.p.33966,33966,NO,yahoo_fantasy_api
2025,13,,9,api,Ginger FC 🏆🏆,Joe Mantegna,2025-W13-03,3,105.54,104.54,Michael Pittman Jr.,WR,BN,False,True,False,,1.8,,Michael Pittman Jr.,WR,,461.p.32704,32704,Pit,yahoo_fantasy_api
2025,13,,10,api,Ginger FC 🏆🏆,Joe Mantegna,2025-W13-03,3,105.54,104.54,Juwan Johnson,TE,BN,False,True,False,,6.4,,Juwan Johnson,TE,,461.p.33113,33113,NO,yahoo_fantasy_api
2025,13,,11,api,Ginger FC 🏆🏆,Joe Mantegna,2025-W13-03,3,105.54,104.54,Marvin Mims Jr.,WR,BN,False,True,False,,2.7,,Marvin Mims Jr.,WR,,461.p.40090,40090,Den,yahoo_fantasy_api
2025,13,,12,api,Ginger FC 🏆🏆,Joe Mantegna,2025-W13-03,3,105.54,104.54,Trey Benson,RB,IR,False,False,True,,0.0,,Trey Benson,RB,,461.p.40958,40958,Ari,yahoo_fantasy_api
2025,13,,13,api,Ginger FC 🏆🏆,Joe Mantegna,2025-W13-03,3,105.54,104.54,Chase McLaughlin,K,K,True,False,False,,10.0,,Chase McLaughlin,K,,461.p.32417,32417,TB,yahoo_fantasy_api
2025,13,,14,api,Ginger FC 🏆🏆,Joe Mantegna,2025-W13-03,3,105.54,104.54,Evan McPherson,K,BN,False,True,False,,24.0,,Evan McPherson,K,,461.p.33537,33537,Cin,yahoo_fantasy_api
2025,13,,15,api,Ginger FC 🏆🏆,Joe Mantegna,2025-W13-03,3,105.54,104.54,Packers,DEF,DEF,True,False,False,,3.0,,Packers,DEF,,461.p.100009,100009,GB,yahoo_fantasy_api
2025,13,,1,api,Joe Mantegna,Ginger FC 🏆🏆,2025-W13-03,3,104.54,105.54,Bo Nix,QB,QB,True,False,False,,19.44,,Bo Nix,QB,,461.p.40875,40875,Den,yahoo_fantasy_api
2025,13,,2,api,Joe Mantegna,Ginger FC 🏆🏆,2025-W13-03,3,104.54,105.54,Ja'Marr Chase,WR,WR,True,False,False,,14.5,,Ja'Marr Chase,WR,,461.p.33393,33393,Cin,yahoo_fantasy_api
2025,13,,3,api,Joe Mantegna,Ginger FC 🏆🏆,2025-W13-03,3,104.54,105.54,Quentin Johnston,WR,WR,True,False,False,,9.8,,Quentin Johnston,WR,,461.p.40051,40051,LAC,yahoo_fantasy_api
2025,13,,4,api,Joe Mantegna,Ginger FC 🏆🏆,2025-W13-03,3,104.54,105.54,Tony Pollard,RB,RB,True,False,False,,4.8,,Tony Pollard,RB,,461.p.31960,31960,Ten,yahoo_fantasy_api
2025,13,,5,api,Joe Mantegna,Ginger FC 🏆🏆,2025-W13-03,3,104.54,105.54,RJ Harvey,RB,RB,True,False,False,,19.7,,RJ Harvey,RB,,461.p.41845,41845,Den,yahoo_fantasy_api
2025,13,,6,api,Joe Mantegna,Ginger FC 🏆🏆,2025-W13-03,3,104.54,105.54,Tyler Warren,TE,TE,True,False,False,,9.7,,Tyler Warren,TE,,461.p.41799,41799,Ind,yahoo_fantasy_api
2025,13,,7,api,Joe Mantegna,Ginger FC 🏆🏆,2025-W13-03,3,104.54,105.54,Zay Flowers,WR,W/R/T,True,False,False,,-0.4,,Zay Flowers,WR,,461.p.40039,40039,Bal,yahoo_fantasy_api
2025,13,,8,api,Joe Mantegna,Ginger FC 🏆🏆,2025-W13-03,3,104.54,105.54,Wan'Dale Robinson,WR,BN,False,True,False,,6.9,,Wan'Dale Robinson,WR,,461.p.33998,33998,Ten,yahoo_fantasy_api
2025,13,,9,api,Joe Mantegna,Ginger FC 🏆🏆,2025-W13-03,3,104.54,105.54,Jauan Jennings,WR,BN,False,True,False,,11.9,,Jauan Jennings,WR,,461.p.32887,32887,Min,yahoo_fantasy_api
2025,13,,10,api,Joe Mantegna,Ginger FC 🏆🏆,2025-W13-03,3,104.54,105.54,Brock Purdy,QB,BN,False,True,False,,19.12,,Brock Purdy,QB,,461.p.34218,34218,SF,yahoo_fantasy_api
2025,13,,11,api,Joe Mantegna,Ginger FC 🏆🏆,2025-W13-03,3,104.54,105.54,Devin Singletary,RB,BN,False,True,False,,17.7,,Devin Singletary,RB,,461.p.31906,31906,NYG,yahoo_fantasy_api
2025,13,,12,api,Joe Mantegna,Ginger FC 🏆🏆,2025-W13-03,3,104.54,105.54,Jacory Croskey-Merritt,RB,BN,False,True,False,,2.0,,Jacory Croskey-Merritt,RB,,461.p.42010,42010,Was,yahoo_fantasy_api
2025,13,,13,api,Joe Mantegna,Ginger FC 🏆🏆,2025-W13-03,3,104.54,105.54,Omarion Hampton,RB,IR,False,False,True,,0.0,,Omarion Hampton,RB,,461.p.41807,41807,LAC,yahoo_fantasy_api
2025,13,,14,api,Joe Mantegna,Ginger FC 🏆🏆,2025-W13-03,3,104.54,105.54,Brandon Aubrey,K,K,True,False,False,,12.0,,Brandon Aubrey,K,,461.p.40819,40819,Dal,yahoo_fantasy_api
2025,13,,15,api,Joe Mantegna,Ginger FC 🏆🏆,2025-W13-03,3,104.54,105.54,Bills,DEF,DEF,True,False,False,,15.0,,Bills,DEF,,461.p.100002,100002,Buf,yahoo_fantasy_api
2025,13,,1,api,Malle ❤️ 🐸,Voldemort,2025-W13-02,2,91.96,50.62,Trevor Lawrence,QB,QB,True,False,False,,25.66,,Trevor Lawrence,QB,,461.p.33389,33389,Jax,yahoo_fantasy_api
2025,13,,2,api,Malle ❤️ 🐸,Voldemort,2025-W13-02,2,91.96,50.62,Jordan Addison,WR,WR,True,False,False,,6.1,,Jordan Addison,WR,,461.p.40042,40042,Min,yahoo_fantasy_api
2025,13,,3,api,Malle ❤️ 🐸,Voldemort,2025-W13-02,2,91.96,50.62,Brian Thomas Jr.,WR,WR,True,False,False,,3.8,,Brian Thomas Jr.,WR,,461.p.40883,40883,Jax,yahoo_fantasy_api
2025,13,,4,api,Malle ❤️ 🐸,Voldemort,2025-W13-02,2,91.96,50.62,Bhayshul Tuten,RB,RB,True,False,False,,8.4,,Bhayshul Tuten,RB,,461.p.41900,41900,Jax,yahoo_fantasy_api
2025,13,,5,api,Malle ❤️ 🐸,Voldemort,2025-W13-02,2,91.96,50.62,D'Andre Swift,RB,RB,True,False,False,,20.3,,D'Andre Swift,RB,,461.p.32705,32705,Chi,yahoo_fantasy_api
2025,13,,6,api,Malle ❤️ 🐸,Voldemort,2025-W13-02,2,91.96,50.62,George Kittle,TE,TE,True,False,False,,8.7,,George Kittle,TE,,461.p.30259,30259,SF,yahoo_fantasy_api
2025,13,,7,api,Malle ❤️ 🐸,Voldemort,2025-W13-02,2,91.96,50.62,Khalil Shakir,WR,W/R/T,True,False,False,,1.0,,Khalil Shakir,WR,,461.p.34104,34104,Buf,yahoo_fantasy_api
2025,13,,8,api,Malle ❤️ 🐸,Voldemort,2025-W13-02,2,91.96,50.62,Rashid Shaheed,WR,BN,False,True,False,,2.1,,Rashid Shaheed,WR,,461.p.34659,34659,Sea,yahoo_fantasy_api
2025,13,,9,api,Malle ❤️ 🐸,Voldemort,2025-W13-02,2,91.96,50.62,Marcus Mariota,QB,BN,False,True,False,,28.26,,Marcus Mariota,QB,,461.p.28390,28390,Was,yahoo_fantasy_api
2025,13,,10,api,Malle ❤️ 🐸,Voldemort,2025-W13-02,2,91.96,50.62,Drake London,WR,BN,False,True,False,,0.0,,Drake London,WR,,461.p.33963,33963,Atl,yahoo_fantasy_api
2025,13,,11,api,Malle ❤️ 🐸,Voldemort,2025-W13-02,2,91.96,50.62,Isiah Pacheco,RB,BN,False,True,False,,4.3,,Isiah Pacheco,RB,,461.p.34207,34207,Det,yahoo_fantasy_api
2025,13,,12,api,Malle ❤️ 🐸,Voldemort,2025-W13-02,2,91.96,50.62,Dallas Goedert,TE,BN,False,True,False,,3.7,,Dallas Goedert,TE,,461.p.31019,31019,Phi,yahoo_fantasy_api
2025,13,,13,api,Malle ❤️ 🐸,Voldemort,2025-W13-02,2,91.96,50.62,Dalton Schultz,TE,BN,False,True,False,,9.0,,Dalton Schultz,TE,,461.p.31107,31107,Hou,yahoo_fantasy_api
2025,13,,14,api,Malle ❤️ 🐸,Voldemort,2025-W13-02,2,91.96,50.62,Harrison Butker,K,K,True,False,False,,4.0,,Harrison Butker,K,,461.p.30346,30346,KC,yahoo_fantasy_api
2025,13,,15,api,Malle ❤️ 🐸,Voldemort,2025-W13-02,2,91.96,50.62,Jaguars,DEF,DEF,True,False,False,,14.0,,Jaguars,DEF,,461.p.100030,100030,Jax,yahoo_fantasy_api
2025,13,,1,api,Patty Primetimes,Post Mahomes,2025-W13-05,5,97.82,132.04,Josh Allen,QB,QB,True,False,False,,19.72,,Josh Allen,QB,,461.p.30977,30977,Buf,yahoo_fantasy_api
2025,13,,2,api,Patty Primetimes,Post Mahomes,2025-W13-05,5,97.82,132.04,DK Metcalf,WR,WR,True,False,False,,4.7,,DK Metcalf,WR,,461.p.31896,31896,Pit,yahoo_fantasy_api
2025,13,,3,api,Patty Primetimes,Post Mahomes,2025-W13-05,5,97.82,132.04,Ladd McConkey,WR,WR,True,False,False,,11.9,,Ladd McConkey,WR,,461.p.40908,40908,LAC,yahoo_fantasy_api
2025,13,,4,api,Patty Primetimes,Post Mahomes,2025-W13-05,5,97.82,132.04,James Cook III,RB,RB,True,False,False,,17.2,,James Cook III,RB,,461.p.34019,34019,Buf,yahoo_fantasy_api
2025,13,,5,api,Patty Primetimes,Post Mahomes,2025-W13-05,5,97.82,132.04,Saquon Barkley,RB,RB,True,False,False,,5.6,,Saquon Barkley,RB,,461.p.30972,30972,Phi,yahoo_fantasy_api
2025,13,,6,api,Patty Primetimes,Post Mahomes,2025-W13-05,5,97.82,132.04,Travis Kelce,TE,TE,True,False,False,,13.0,,Travis Kelce,TE,,461.p.26686,26686,KC,yahoo_fantasy_api
2025,13,,7,api,Patty Primetimes,Post Mahomes,2025-W13-05,5,97.82,132.04,Courtland Sutton,WR,W/R/T,True,False,False,,14.7,,Courtland Sutton,WR,,461.p.31010,31010,Den,yahoo_fantasy_api
2025,13,,8,api,Patty Primetimes,Post Mahomes,2025-W13-05,5,97.82,132.04,Emanuel Wilson,RB,BN,False,True,False,,1.4,,Emanuel Wilson,RB,,461.p.40707,40707,Sea,yahoo_fantasy_api
2025,13,,9,api,Patty Primetimes,Post Mahomes,2025-W13-05,5,97.82,132.04,Parker Washington,WR,BN,False,True,False,,3.1,,Parker Washington,WR,,461.p.40234,40234,Jax,yahoo_fantasy_api
2025,13,,10,api,Patty Primetimes,Post Mahomes,2025-W13-05,5,97.82,132.04,Caleb Williams,QB,BN,False,True,False,,12.46,,Caleb Williams,QB,,461.p.40900,40900,Chi,yahoo_fantasy_api
2025,13,,11,api,Patty Primetimes,Post Mahomes,2025-W13-05,5,97.82,132.04,Tyjae Spears,RB,BN,False,True,False,,5.4,,Tyjae Spears,RB,,461.p.40119,40119,Ten,yahoo_fantasy_api
2025,13,,12,api,Patty Primetimes,Post Mahomes,2025-W13-05,5,97.82,132.04,Sean Tucker,RB,BN,False,True,False,,0.0,,Sean Tucker,RB,,461.p.40742,40742,TB,yahoo_fantasy_api
2025,13,,13,api,Patty Primetimes,Post Mahomes,2025-W13-05,5,97.82,132.04,Tank Bigsby,RB,BN,False,True,False,,0.0,,Tank Bigsby,RB,,461.p.40095,40095,Phi,yahoo_fantasy_api
2025,13,,14,api,Patty Primetimes,Post Mahomes,2025-W13-05,5,97.82,132.04,J.K. Dobbins,RB,IR,False,False,True,,0.0,,J.K. Dobbins,RB,,461.p.32725,32725,Den,yahoo_fantasy_api
2025,13,,15,api,Patty Primetimes,Post Mahomes,2025-W13-05,5,97.82,132.04,Cameron Dicker,K,K,True,False,False,,9.0,,Cameron Dicker,K,,461.p.34344,34344,LAC,yahoo_fantasy_api
2025,13,,16,api,Patty Primetimes,Post Mahomes,2025-W13-05,5,97.82,132.04,Texans,DEF,DEF,True,False,False,,2.0,,Texans,DEF,,461.p.100034,100034,Hou,yahoo_fantasy_api
2025,13,,1,api,Pop Lockett Drop it,Uncle Rico,2025-W13-04,4,123.12,83.94,Matthew Stafford,QB,QB,True,False,False,,17.62,,Matthew Stafford,QB,,461.p.9265,9265,LAR,yahoo_fantasy_api
2025,13,,2,api,Pop Lockett Drop it,Uncle Rico,2025-W13-04,4,123.12,83.94,Rome Odunze,WR,WR,True,False,False,,1.8,,Rome Odunze,WR,,461.p.40901,40901,Chi,yahoo_fantasy_api
2025,13,,3,api,Pop Lockett Drop it,Uncle Rico,2025-W13-04,4,123.12,83.94,CeeDee Lamb,WR,WR,True,False,False,,20.7,,CeeDee Lamb,WR,,461.p.32687,32687,Dal,yahoo_fantasy_api
2025,13,,4,api,Pop Lockett Drop it,Uncle Rico,2025-W13-04,4,123.12,83.94,Kenneth Walker III,RB,RB,True,False,False,,8.9,,Kenneth Walker III,RB,,461.p.33996,33996,KC,yahoo_fantasy_api
2025,13,,5,api,Pop Lockett Drop it,Uncle Rico,2025-W13-04,4,123.12,83.94,Javonte Williams,RB,RB,True,False,False,,15.5,,Javonte Williams,RB,,461.p.33423,33423,Dal,yahoo_fantasy_api
2025,13,,6,api,Pop Lockett Drop it,Uncle Rico,2025-W13-04,4,123.12,83.94,Trey McBride,TE,TE,True,False,False,,18.2,,Trey McBride,TE,,461.p.34010,34010,Ari,yahoo_fantasy_api
2025,13,,7,api,Pop Lockett Drop it,Uncle Rico,2025-W13-04,4,123.12,83.94,Devin Neal,RB,W/R/T,True,False,False,,8.4,,Devin Neal,RB,,461.p.41972,41972,NO,yahoo_fantasy_api
2025,13,,8,api,Pop Lockett Drop it,Uncle Rico,2025-W13-04,4,123.12,83.94,Kareem Hunt,RB,BN,False,True,False,,8.5,,Kareem Hunt,RB,,461.p.30199,30199,KC,yahoo_fantasy_api
2025,13,,9,api,Pop Lockett Drop it,Uncle Rico,2025-W13-04,4,123.12,83.94,Troy Franklin,WR,BN,False,True,False,,3.1,,Troy Franklin,WR,,461.p.41009,41009,Den,yahoo_fantasy_api
2025,13,,10,api,Pop Lockett Drop it,Uncle Rico,2025-W13-04,4,123.12,83.94,Tee Higgins,WR,BN,False,True,False,,0.0,,Tee Higgins,WR,,461.p.32703,32703,Cin,yahoo_fantasy_api
2025,13,,11,api,Pop Lockett Drop it,Uncle Rico,2025-W13-04,4,123.12,83.94,Jordan Mason,RB,BN,False,True,False,,5.3,,Jordan Mason,RB,,461.p.34320,34320,Min,yahoo_fantasy_api
2025,13,,12,api,Pop Lockett Drop it,Uncle Rico,2025-W13-04,4,123.12,83.94,Lamar Jackson,QB,BN,False,True,False,,7.54,,Lamar Jackson,QB,,461.p.31002,31002,Bal,yahoo_fantasy_api
2025,13,,13,api,Pop Lockett Drop it,Uncle Rico,2025-W13-04,4,123.12,83.94,Bam Knight,RB,BN,False,True,False,,15.3,,Bam Knight,RB,,461.p.34357,34357,Ari,yahoo_fantasy_api
2025,13,,14,api,Pop Lockett Drop it,Uncle Rico,2025-W13-04,4,123.12,83.94,Tyler Loop,K,K,True,False,False,,2.0,,Tyler Loop,K,,461.p.41988,41988,Bal,yahoo_fantasy_api
2025,13,,15,api,Pop Lockett Drop it,Uncle Rico,2025-W13-04,4,123.12,83.94,Seahawks,DEF,DEF,True,False,False,,30.0,,Seahawks,DEF,,461.p.100026,100026,Sea,yahoo_fantasy_api
2025,13,,1,api,Post Mahomes,Patty Primetimes,2025-W13-05,5,132.04,97.82,Patrick Mahomes,QB,QB,True,False,False,,37.44,,Patrick Mahomes,QB,,461.p.30123,30123,KC,yahoo_fantasy_api
2025,13,,2,api,Post Mahomes,Patty Primetimes,2025-W13-05,5,132.04,97.82,Romeo Doubs,WR,WR,True,False,False,,10.0,,Romeo Doubs,WR,,461.p.34088,34088,NE,yahoo_fantasy_api
2025,13,,3,api,Post Mahomes,Patty Primetimes,2025-W13-05,5,132.04,97.82,Tetairoa McMillan,WR,WR,True,False,False,,10.8,,Tetairoa McMillan,WR,,461.p.41793,41793,Car,yahoo_fantasy_api
2025,13,,4,api,Post Mahomes,Patty Primetimes,2025-W13-05,5,132.04,97.82,Kyren Williams,RB,RB,True,False,False,,13.2,,Kyren Williams,RB,,461.p.34120,34120,LAR,yahoo_fantasy_api
2025,13,,5,api,Post Mahomes,Patty Primetimes,2025-W13-05,5,132.04,97.82,Jahmyr Gibbs,RB,RB,True,False,False,,10.1,,Jahmyr Gibbs,RB,,461.p.40059,40059,Det,yahoo_fantasy_api
2025,13,,6,api,Post Mahomes,Patty Primetimes,2025-W13-05,5,132.04,97.82,Brock Bowers,TE,TE,True,False,False,,20.3,,Brock Bowers,TE,,461.p.40878,40878,LV,yahoo_fantasy_api
2025,13,,7,api,Post Mahomes,Patty Primetimes,2025-W13-05,5,132.04,97.82,Kimani Vidal,RB,W/R/T,True,False,False,,20.2,,Kimani Vidal,RB,,461.p.41052,41052,LAC,yahoo_fantasy_api
2025,13,,8,api,Post Mahomes,Patty Primetimes,2025-W13-05,5,132.04,97.82,Ricky Pearsall,WR,BN,False,True,False,,2.4,,Ricky Pearsall,WR,,461.p.40892,40892,SF,yahoo_fantasy_api
2025,13,,9,api,Post Mahomes,Patty Primetimes,2025-W13-05,5,132.04,97.82,Garrett Wilson,WR,BN,False,True,False,,0.0,,Garrett Wilson,WR,,461.p.33965,33965,NYJ,yahoo_fantasy_api
2025,13,,10,api,Post Mahomes,Patty Primetimes,2025-W13-05,5,132.04,97.82,Oronde Gadsden,TE,BN,False,True,False,,3.2,,Oronde Gadsden,TE,,461.p.41951,41951,LAC,yahoo_fantasy_api
2025,13,,11,api,Post Mahomes,Patty Primetimes,2025-W13-05,5,132.04,97.82,Chris Godwin Jr.,WR,BN,False,True,False,,9.3,,Chris Godwin Jr.,WR,,461.p.30197,30197,TB,yahoo_fantasy_api
2025,13,,12,api,Post Mahomes,Patty Primetimes,2025-W13-05,5,132.04,97.82,Chris Rodriguez Jr.,RB,BN,False,True,False,,10.1,,Chris Rodriguez Jr.,RB,,461.p.40231,40231,Jax,yahoo_fantasy_api
2025,13,,13,api,Post Mahomes,Patty Primetimes,2025-W13-05,5,132.04,97.82,Kyle Monangai,RB,BN,False,True,False,,19.0,,Kyle Monangai,RB,,461.p.42025,42025,Chi,yahoo_fantasy_api
2025,13,,14,api,Post Mahomes,Patty Primetimes,2025-W13-05,5,132.04,97.82,Cam Skattebo,RB,IR,False,False,True,,0.0,,Cam Skattebo,RB,,461.p.41922,41922,NYG,yahoo_fantasy_api
2025,13,,15,api,Post Mahomes,Patty Primetimes,2025-W13-05,5,132.04,97.82,Jake Bates,K,K,True,False,False,,6.0,,Jake Bates,K,,461.p.40835,40835,Det,yahoo_fantasy_api
2025,13,,16,api,Post Mahomes,Patty Primetimes,2025-W13-05,5,132.04,97.82,Broncos,DEF,DEF,True,False,False,,4.0,,Broncos,DEF,,461.p.100007,100007,Den,yahoo_fantasy_api
2025,13,,1,api,The Big Gronkowski,ThreatLevelMidnight,2025-W13-01,1,133.68,128.34,Drake Maye,QB,QB,True,False,False,,24.48,,Drake Maye,QB,,461.p.40881,40881,NE,yahoo_fantasy_api
2025,13,,2,api,The Big Gronkowski,ThreatLevelMidnight,2025-W13-01,1,133.68,128.34,Nico Collins,WR,WR,True,False,False,,19.0,,Nico Collins,WR,,461.p.33477,33477,Hou,yahoo_fantasy_api
2025,13,,3,api,The Big Gronkowski,ThreatLevelMidnight,2025-W13-01,1,133.68,128.34,Jameson Williams,WR,WR,True,False,False,,23.4,,Jameson Williams,WR,,461.p.33967,33967,Det,yahoo_fantasy_api
2025,13,,4,api,The Big Gronkowski,ThreatLevelMidnight,2025-W13-01,1,133.68,128.34,Woody Marks,RB,RB,True,False,False,,7.2,,Woody Marks,RB,,461.p.41902,41902,Hou,yahoo_fantasy_api
2025,13,,5,api,The Big Gronkowski,ThreatLevelMidnight,2025-W13-01,1,133.68,128.34,TreVeyon Henderson,RB,RB,True,False,False,,10.1,,TreVeyon Henderson,RB,,461.p.41823,41823,NE,yahoo_fantasy_api
2025,13,,6,api,The Big Gronkowski,ThreatLevelMidnight,2025-W13-01,1,133.68,128.34,Hunter Henry,TE,TE,True,False,False,,9.3,,Hunter Henry,TE,,461.p.29269,29269,NE,yahoo_fantasy_api
2025,13,,7,api,The Big Gronkowski,ThreatLevelMidnight,2025-W13-01,1,133.68,128.34,A.J. Brown,WR,W/R/T,True,False,False,,30.2,,A.J. Brown,WR,,461.p.31883,31883,NE,yahoo_fantasy_api
2025,13,,8,api,The Big Gronkowski,ThreatLevelMidnight,2025-W13-01,1,133.68,128.34,Darnell Mooney,WR,BN,False,True,False,,3.5,,Darnell Mooney,WR,,461.p.32843,32843,NYG,yahoo_fantasy_api
2025,13,,9,api,The Big Gronkowski,ThreatLevelMidnight,2025-W13-01,1,133.68,128.34,Dak Prescott,QB,BN,False,True,False,,25.6,,Dak Prescott,QB,,461.p.29369,29369,Dal,yahoo_fantasy_api
2025,13,,10,api,The Big Gronkowski,ThreatLevelMidnight,2025-W13-01,1,133.68,128.34,Chuba Hubbard,RB,BN,False,True,False,,19.4,,Chuba Hubbard,RB,,461.p.33514,33514,Car,yahoo_fantasy_api
2025,13,,11,api,The Big Gronkowski,ThreatLevelMidnight,2025-W13-01,1,133.68,128.34,Xavier Legette,WR,BN,False,True,False,,0.6,,Xavier Legette,WR,,461.p.40890,40890,Car,yahoo_fantasy_api
2025,13,,12,api,The Big Gronkowski,ThreatLevelMidnight,2025-W13-01,1,133.68,128.34,T.J. Hockenson,TE,BN,False,True,False,,8.9,,T.J. Hockenson,TE,,461.p.31840,31840,Min,yahoo_fantasy_api
2025,13,,13,api,The Big Gronkowski,ThreatLevelMidnight,2025-W13-01,1,133.68,128.34,Ka'imi Fairbairn,K,K,True,False,False,,9.0,,Ka'imi Fairbairn,K,,461.p.29792,29792,Hou,yahoo_fantasy_api
2025,13,,14,api,The Big Gronkowski,ThreatLevelMidnight,2025-W13-01,1,133.68,128.34,Matt Prater,K,BN,False,True,False,,8.0,,Matt Prater,K,,461.p.8565,8565,Buf,yahoo_fantasy_api
2025,13,,15,api,The Big Gronkowski,ThreatLevelMidnight,2025-W13-01,1,133.68,128.34,Browns,DEF,DEF,True,False,False,,1.0,,Browns,DEF,,461.p.100005,100005,Cle,yahoo_fantasy_api
2025,13,,1,api,ThreatLevelMidnight,The Big Gronkowski,2025-W13-01,1,128.34,133.68,Jacoby Brissett,QB,QB,True,False,False,,24.64,,Jacoby Brissett,QB,,461.p.29325,29325,Ari,yahoo_fantasy_api
2025,13,,2,api,ThreatLevelMidnight,The Big Gronkowski,2025-W13-01,1,128.34,133.68,Rashee Rice,WR,WR,True,False,False,,25.4,,Rashee Rice,WR,,461.p.40084,40084,KC,yahoo_fantasy_api
2025,13,,3,api,ThreatLevelMidnight,The Big Gronkowski,2025-W13-01,1,128.34,133.68,Michael Wilson,WR,WR,True,False,False,,5.1,,Michael Wilson,WR,,461.p.40121,40121,Ari,yahoo_fantasy_api
2025,13,,4,api,ThreatLevelMidnight,The Big Gronkowski,2025-W13-01,1,128.34,133.68,Bijan Robinson,RB,RB,True,False,False,,27.8,,Bijan Robinson,RB,,461.p.40055,40055,Atl,yahoo_fantasy_api
2025,13,,5,api,ThreatLevelMidnight,The Big Gronkowski,2025-W13-01,1,128.34,133.68,Rico Dowdle,RB,RB,True,False,False,,8.9,,Rico Dowdle,RB,,461.p.33100,33100,Pit,yahoo_fantasy_api
2025,13,,6,api,ThreatLevelMidnight,The Big Gronkowski,2025-W13-01,1,128.34,133.68,Jake Ferguson,TE,TE,True,False,False,,6.1,,Jake Ferguson,TE,,461.p.34085,34085,Dal,yahoo_fantasy_api
2025,13,,7,api,ThreatLevelMidnight,The Big Gronkowski,2025-W13-01,1,128.34,133.68,Quinshon Judkins,RB,W/R/T,True,False,False,,14.4,,Quinshon Judkins,RB,,461.p.41821,41821,Cle,yahoo_fantasy_api
2025,13,,8,api,ThreatLevelMidnight,The Big Gronkowski,2025-W13-01,1,128.34,133.68,Xavier Worthy,WR,BN,False,True,False,,9.4,,Xavier Worthy,WR,,461.p.40877,40877,KC,yahoo_fantasy_api
2025,13,,9,api,ThreatLevelMidnight,The Big Gronkowski,2025-W13-01,1,128.34,133.68,Baker Mayfield,QB,BN,False,True,False,,16.46,,Baker Mayfield,QB,,461.p.30971,30971,TB,yahoo_fantasy_api
2025,13,,10,api,ThreatLevelMidnight,The Big Gronkowski,2025-W13-01,1,128.34,133.68,DJ Moore,WR,BN,False,True,False,,3.7,,DJ Moore,WR,,461.p.30994,30994,Buf,yahoo_fantasy_api
2025,13,,11,api,ThreatLevelMidnight,The Big Gronkowski,2025-W13-01,1,128.34,133.68,Rhamondre Stevenson,RB,BN,False,True,False,,9.5,,Rhamondre Stevenson,RB,,461.p.33508,33508,NE,yahoo_fantasy_api
2025,13,,12,api,ThreatLevelMidnight,The Big Gronkowski,2025-W13-01,1,128.34,133.68,Tyler Allgeier,RB,BN,False,True,False,,12.5,,Tyler Allgeier,RB,,461.p.34107,34107,Ari,yahoo_fantasy_api
2025,13,,13,api,ThreatLevelMidnight,The Big Gronkowski,2025-W13-01,1,128.34,133.68,Marvin Harrison Jr.,WR,BN,False,True,False,,9.9,,Marvin Harrison Jr.,WR,,461.p.40893,40893,Ari,yahoo_fantasy_api
2025,13,,14,api,ThreatLevelMidnight,The Big Gronkowski,2025-W13-01,1,128.34,133.68,Riley Patterson,K,K,True,False,False,,14.0,,Riley Patterson,K,,461.p.33781,33781,Mia,yahoo_fantasy_api
2025,13,,15,api,ThreatLevelMidnight,The Big Gronkowski,2025-W13-01,1,128.34,133.68,Falcons,DEF,DEF,True,False,False,,2.0,,Falcons,DEF,,461.p.100001,100001,Atl,yahoo_fantasy_api
2025,13,,1,api,Uncle Rico,Pop Lockett Drop it,2025-W13-04,4,83.94,123.12,Daniel Jones,QB,QB,True,False,False,,20.14,,Daniel Jones,QB,,461.p.31838,31838,Ind,yahoo_fantasy_api
2025,13,,2,api,Uncle Rico,Pop Lockett Drop it,2025-W13-04,4,83.94,123.12,Emeka Egbuka,WR,WR,True,False,False,,6.2,,Emeka Egbuka,WR,,461.p.41804,41804,TB,yahoo_fantasy_api
2025,13,,3,api,Uncle Rico,Pop Lockett Drop it,2025-W13-04,4,83.94,123.12,Jaylen Waddle,WR,WR,True,False,False,,5.5,,Jaylen Waddle,WR,,461.p.33394,33394,Den,yahoo_fantasy_api
2025,13,,4,api,Uncle Rico,Pop Lockett Drop it,2025-W13-04,4,83.94,123.12,Christian McCaffrey,RB,RB,True,False,False,,15.4,,Christian McCaffrey,RB,,461.p.30121,30121,SF,yahoo_fantasy_api
2025,13,,5,api,Uncle Rico,Pop Lockett Drop it,2025-W13-04,4,83.94,123.12,Jonathan Taylor,RB,RB,True,False,False,,13.6,,Jonathan Taylor,RB,,461.p.32711,32711,Ind,yahoo_fantasy_api
2025,13,,6,api,Uncle Rico,Pop Lockett Drop it,2025-W13-04,4,83.94,123.12,Cade Otton,TE,TE,True,False,False,,1.9,,Cade Otton,TE,,461.p.34062,34062,TB,yahoo_fantasy_api
2025,13,,7,api,Uncle Rico,Pop Lockett Drop it,2025-W13-04,4,83.94,123.12,Zach Charbonnet,RB,W/R/T,True,False,False,,11.2,,Zach Charbonnet,RB,,461.p.40075,40075,Sea,yahoo_fantasy_api
2025,13,,8,api,Uncle Rico,Pop Lockett Drop it,2025-W13-04,4,83.94,123.12,Jerry Jeudy,WR,BN,False,True,False,,4.1,,Jerry Jeudy,WR,,461.p.32685,32685,Cle,yahoo_fantasy_api
2025,13,,9,api,Uncle Rico,Pop Lockett Drop it,2025-W13-04,4,83.94,123.12,Tre Tucker,WR,BN,False,True,False,,3.5,,Tre Tucker,WR,,461.p.40114,40114,LV,yahoo_fantasy_api
2025,13,,10,api,Uncle Rico,Pop Lockett Drop it,2025-W13-04,4,83.94,123.12,Dalton Kincaid,TE,BN,False,True,False,,0.0,,Dalton Kincaid,TE,,461.p.40048,40048,Buf,yahoo_fantasy_api
2025,13,,11,api,Uncle Rico,Pop Lockett Drop it,2025-W13-04,4,83.94,123.12,Terry McLaurin,WR,BN,False,True,False,,19.1,,Terry McLaurin,WR,,461.p.31908,31908,Was,yahoo_fantasy_api
2025,13,,12,api,Uncle Rico,Pop Lockett Drop it,2025-W13-04,4,83.94,123.12,Brashard Smith,RB,BN,False,True,False,,0.0,,Brashard Smith,RB,,461.p.42012,42012,KC,yahoo_fantasy_api
2025,13,,13,api,Uncle Rico,Pop Lockett Drop it,2025-W13-04,4,83.94,123.12,Joe Burrow,QB,IR,False,False,True,,23.24,,Joe Burrow,QB,,461.p.32671,32671,Cin,yahoo_fantasy_api
2025,13,,14,api,Uncle Rico,Pop Lockett Drop it,2025-W13-04,4,83.94,123.12,Matt Gay,K,K,True,False,False,,8.0,,Matt Gay,K,,461.p.31977,31977,LV,yahoo_fantasy_api
2025,13,,15,api,Uncle Rico,Pop Lockett Drop it,2025-W13-04,4,83.94,123.12,Rams,DEF,DEF,True,False,False,,2.0,,Rams,DEF,,461.p.100014,100014,LAR,yahoo_fantasy_api
2025,13,,1,api,Voldemort,Malle ❤️ 🐸,2025-W13-02,2,50.62,91.96,Sam Darnold,QB,QB,True,False,False,,3.12,,Sam Darnold,QB,,461.p.30973,30973,Sea,yahoo_fantasy_api
2025,13,,2,api,Voldemort,Malle ❤️ 🐸,2025-W13-02,2,50.62,91.96,Justin Jefferson,WR,WR,True,False,False,,1.4,,Justin Jefferson,WR,,461.p.32692,32692,Min,yahoo_fantasy_api
2025,13,,3,api,Voldemort,Malle ❤️ 🐸,2025-W13-02,2,50.62,91.96,Puka Nacua,WR,WR,True,False,False,,10.2,,Puka Nacua,WR,,461.p.40168,40168,LAR,yahoo_fantasy_api
2025,13,,4,api,Voldemort,Malle ❤️ 🐸,2025-W13-02,2,50.62,91.96,Chase Brown,RB,RB,True,False,False,,14.8,,Chase Brown,RB,,461.p.40196,40196,Cin,yahoo_fantasy_api
2025,13,,5,api,Voldemort,Malle ❤️ 🐸,2025-W13-02,2,50.62,91.96,Jaylen Warren,RB,RB,True,False,False,,11.4,,Jaylen Warren,RB,,461.p.34447,34447,Pit,yahoo_fantasy_api
2025,13,,6,api,Voldemort,Malle ❤️ 🐸,2025-W13-02,2,50.62,91.96,David Njoku,TE,TE,True,False,False,,1.4,,David Njoku,TE,,461.p.30142,30142,LAC,yahoo_fantasy_api
2025,13,,7,api,Voldemort,Malle ❤️ 🐸,2025-W13-02,2,50.62,91.96,Jaxon Smith-Njigba,WR,W/R/T,True,False,False,,3.3,,Jaxon Smith-Njigba,WR,,461.p.40041,40041,Sea,yahoo_fantasy_api
2025,13,,8,api,Voldemort,Malle ❤️ 🐸,2025-W13-02,2,50.62,91.96,David Montgomery,RB,BN,False,True,False,,11.8,,David Montgomery,RB,,461.p.31905,31905,Hou,yahoo_fantasy_api
2025,13,,9,api,Voldemort,Malle ❤️ 🐸,2025-W13-02,2,50.62,91.96,Aaron Rodgers,QB,BN,False,True,False,,2.68,,Aaron Rodgers,QB,,461.p.7200,7200,Pit,yahoo_fantasy_api
2025,13,,10,api,Voldemort,Malle ❤️ 🐸,2025-W13-02,2,50.62,91.96,Kyler Murray,QB,BN,False,True,False,,0.0,,Kyler Murray,QB,,461.p.31833,31833,Min,yahoo_fantasy_api
2025,13,,11,api,Voldemort,Malle ❤️ 🐸,2025-W13-02,2,50.62,91.96,Alvin Kamara,RB,BN,False,True,False,,0.0,,Alvin Kamara,RB,,461.p.30180,30180,NO,yahoo_fantasy_api
2025,13,,12,api,Voldemort,Malle ❤️ 🐸,2025-W13-02,2,50.62,91.96,Keenan Allen,WR,BN,False,True,False,,5.0,,Keenan Allen,WR,,461.p.26699,26699,Ind,yahoo_fantasy_api
2025,13,,13,api,Voldemort,Malle ❤️ 🐸,2025-W13-02,2,50.62,91.96,Kenny Gainwell,RB,BN,False,True,False,,5.5,,Kenny Gainwell,RB,,461.p.33538,33538,TB,yahoo_fantasy_api
2025,13,,14,api,Voldemort,Malle ❤️ 🐸,2025-W13-02,2,50.62,91.96,Will Reichard,K,K,True,False,False,,0.0,,Will Reichard,K,,461.p.41093,41093,Min,yahoo_fantasy_api
2025,13,,15,api,Voldemort,Malle ❤️ 🐸,2025-W13-02,2,50.62,91.96,Bears,DEF,DEF,True,False,False,,5.0,,Bears,DEF,,461.p.100003,100003,Chi,yahoo_fantasy_api
2025,13,,1,api,malle_dips_pouches,Buttermilk Puuump,2025-W13-06,6,95.0,94.94,Jalen Hurts,QB,QB,True,False,False,,21.3,,Jalen Hurts,QB,,461.p.32723,32723,Phi,yahoo_fantasy_api
2025,13,,2,api,malle_dips_pouches,Buttermilk Puuump,2025-W13-06,6,95.0,94.94,Stefon Diggs,WR,WR,True,False,False,,4.1,,Stefon Diggs,WR,,461.p.28534,28534,Was,yahoo_fantasy_api
2025,13,,3,api,malle_dips_pouches,Buttermilk Puuump,2025-W13-06,6,95.0,94.94,Christian Watson,WR,WR,True,False,False,,16.3,,Christian Watson,WR,,461.p.33989,33989,GB,yahoo_fantasy_api
2025,13,,4,api,malle_dips_pouches,Buttermilk Puuump,2025-W13-06,6,95.0,94.94,Ashton Jeanty,RB,RB,True,False,False,,9.1,,Ashton Jeanty,RB,,461.p.41791,41791,LV,yahoo_fantasy_api
2025,13,,5,api,malle_dips_pouches,Buttermilk Puuump,2025-W13-06,6,95.0,94.94,Bucky Irving,RB,RB,True,False,False,,15.1,,Bucky Irving,RB,,461.p.40993,40993,TB,yahoo_fantasy_api
2025,13,,6,api,malle_dips_pouches,Buttermilk Puuump,2025-W13-06,6,95.0,94.94,Colston Loveland,TE,TE,True,False,False,,4.3,,Colston Loveland,TE,,461.p.41795,41795,Chi,yahoo_fantasy_api
2025,13,,7,api,malle_dips_pouches,Buttermilk Puuump,2025-W13-06,6,95.0,94.94,Tyrone Tracy Jr.,RB,W/R/T,True,False,False,,3.8,,Tyrone Tracy Jr.,RB,,461.p.41048,41048,NYG,yahoo_fantasy_api
2025,13,,8,api,malle_dips_pouches,Buttermilk Puuump,2025-W13-06,6,95.0,94.94,Rachaad White,RB,BN,False,True,False,,4.4,,Rachaad White,RB,,461.p.34047,34047,Was,yahoo_fantasy_api
2025,13,,9,api,malle_dips_pouches,Buttermilk Puuump,2025-W13-06,6,95.0,94.94,Sam LaPorta,TE,BN,False,True,False,,0.0,,Sam LaPorta,TE,,461.p.40064,40064,Det,yahoo_fantasy_api
2025,13,,10,api,malle_dips_pouches,Buttermilk Puuump,2025-W13-06,6,95.0,94.94,Josh Downs,WR,BN,False,True,False,,5.4,,Josh Downs,WR,,461.p.40126,40126,Ind,yahoo_fantasy_api
2025,13,,11,api,malle_dips_pouches,Buttermilk Puuump,2025-W13-06,6,95.0,94.94,Jakobi Meyers,WR,BN,False,True,False,,18.3,,Jakobi Meyers,WR,,461.p.32231,32231,Jax,yahoo_fantasy_api
2025,13,,12,api,malle_dips_pouches,Buttermilk Puuump,2025-W13-06,6,95.0,94.94,Zach Ertz,TE,BN,False,True,False,,15.6,,Zach Ertz,TE,,461.p.26658,26658,Phi,yahoo_fantasy_api
2025,13,,13,api,malle_dips_pouches,Buttermilk Puuump,2025-W13-06,6,95.0,94.94,Christian Kirk,WR,BN,False,True,False,,0.0,,Christian Kirk,WR,,461.p.31017,31017,SF,yahoo_fantasy_api
2025,13,,14,api,malle_dips_pouches,Buttermilk Puuump,2025-W13-06,6,95.0,94.94,Mike Evans,WR,IR,False,False,True,,0.0,,Mike Evans,WR,,461.p.27535,27535,SF,yahoo_fantasy_api
2025,13,,15,api,malle_dips_pouches,Buttermilk Puuump,2025-W13-06,6,95.0,94.94,Jason Myers,K,K,True,False,False,,19.0,,Jason Myers,K,,461.p.28378,28378,Sea,yahoo_fantasy_api
2025,13,,16,api,malle_dips_pouches,Buttermilk Puuump,2025-W13-06,6,95.0,94.94,Ravens,DEF,DEF,True,False,False,,2.0,,Ravens,DEF,,461.p.100033,100033,Bal,yahoo_fantasy_api
2025,14,,1,api,Buttermilk Puuump,Uncle Rico,2025-W14-06,6,89.76,103.16,Jared Goff,QB,QB,True,False,False,,18.16,,Jared Goff,QB,,461.p.29235,29235,Det,yahoo_fantasy_api
2025,14,,2,api,Buttermilk Puuump,Uncle Rico,2025-W14-06,6,89.76,103.16,Amon-Ra St. Brown,WR,WR,True,False,False,,12.2,,Amon-Ra St. Brown,WR,,461.p.33500,33500,Det,yahoo_fantasy_api
2025,14,,3,api,Buttermilk Puuump,Uncle Rico,2025-W14-06,6,89.76,103.16,George Pickens,WR,WR,True,False,False,,6.2,,George Pickens,WR,,461.p.34007,34007,Dal,yahoo_fantasy_api
2025,14,,4,api,Buttermilk Puuump,Uncle Rico,2025-W14-06,6,89.76,103.16,Breece Hall,RB,RB,True,False,False,,4.3,,Breece Hall,RB,,461.p.33991,33991,NYJ,yahoo_fantasy_api
2025,14,,5,api,Buttermilk Puuump,Uncle Rico,2025-W14-06,6,89.76,103.16,Josh Jacobs,RB,RB,True,False,False,,16.2,,Josh Jacobs,RB,,461.p.31856,31856,GB,yahoo_fantasy_api
2025,14,,6,api,Buttermilk Puuump,Uncle Rico,2025-W14-06,6,89.76,103.16,Kyle Pitts Sr.,TE,TE,True,False,False,,12.0,,Kyle Pitts Sr.,TE,,461.p.33392,33392,Atl,yahoo_fantasy_api
2025,14,,7,api,Buttermilk Puuump,Uncle Rico,2025-W14-06,6,89.76,103.16,Deebo Samuel Sr.,WR,W/R/T,True,False,False,,4.7,,Deebo Samuel Sr.,WR,,461.p.31868,31868,SF,yahoo_fantasy_api
2025,14,,8,api,Buttermilk Puuump,Uncle Rico,2025-W14-06,6,89.76,103.16,Darius Slayton,WR,BN,False,True,False,,0.0,,Darius Slayton,WR,,461.p.32003,32003,Ind,yahoo_fantasy_api
2025,14,,9,api,Buttermilk Puuump,Uncle Rico,2025-W14-06,6,89.76,103.16,Aaron Jones Sr.,RB,BN,False,True,False,,7.6,,Aaron Jones Sr.,RB,,461.p.30295,30295,Min,yahoo_fantasy_api
2025,14,,10,api,Buttermilk Puuump,Uncle Rico,2025-W14-06,6,89.76,103.16,Jordan Love,QB,BN,False,True,False,,26.26,,Jordan Love,QB,,461.p.32696,32696,GB,yahoo_fantasy_api
2025,14,,11,api,Buttermilk Puuump,Uncle Rico,2025-W14-06,6,89.76,103.16,Nick Chubb,RB,BN,False,True,False,,0.3,,Nick Chubb,RB,,461.p.31005,31005,Hou,yahoo_fantasy_api
2025,14,,12,api,Buttermilk Puuump,Uncle Rico,2025-W14-06,6,89.76,103.16,Evan Engram,TE,BN,False,True,False,,1.8,,Evan Engram,TE,,461.p.30136,30136,Den,yahoo_fantasy_api
2025,14,,13,api,Buttermilk Puuump,Uncle Rico,2025-W14-06,6,89.76,103.16,Matthew Golden,WR,BN,False,True,False,,0.0,,Matthew Golden,WR,,461.p.41808,41808,GB,yahoo_fantasy_api
2025,14,,14,api,Buttermilk Puuump,Uncle Rico,2025-W14-06,6,89.76,103.16,Chris Boswell,K,K,True,False,False,,9.0,,Chris Boswell,K,,461.p.28188,28188,Pit,yahoo_fantasy_api
2025,14,,15,api,Buttermilk Puuump,Uncle Rico,2025-W14-06,6,89.76,103.16,Titans,DEF,DEF,True,False,False,,7.0,,Titans,DEF,,461.p.100010,100010,Ten,yahoo_fantasy_api
2025,14,,1,api,Ginger FC 🏆🏆,malle_dips_pouches,2025-W14-05,5,87.56,79.5,Justin Herbert,QB,QB,True,False,False,,15.16,,Justin Herbert,QB,,461.p.32676,32676,LAC,yahoo_fantasy_api
2025,14,,2,api,Ginger FC 🏆🏆,malle_dips_pouches,2025-W14-05,5,87.56,79.5,Davante Adams,WR,WR,True,False,False,,4.9,,Davante Adams,WR,,461.p.27581,27581,LAR,yahoo_fantasy_api
2025,14,,3,api,Ginger FC 🏆🏆,malle_dips_pouches,2025-W14-05,5,87.56,79.5,DeVonta Smith,WR,WR,True,False,False,,5.7,,DeVonta Smith,WR,,461.p.33398,33398,Phi,yahoo_fantasy_api
2025,14,,4,api,Ginger FC 🏆🏆,malle_dips_pouches,2025-W14-05,5,87.56,79.5,Derrick Henry,RB,RB,True,False,False,,10.7,,Derrick Henry,RB,,461.p.29279,29279,Bal,yahoo_fantasy_api
2025,14,,5,api,Ginger FC 🏆🏆,malle_dips_pouches,2025-W14-05,5,87.56,79.5,De'Von Achane,RB,RB,True,False,False,,17.0,,De'Von Achane,RB,,461.p.40118,40118,Mia,yahoo_fantasy_api
2025,14,,6,api,Ginger FC 🏆🏆,malle_dips_pouches,2025-W14-05,5,87.56,79.5,Mark Andrews,TE,TE,True,False,False,,1.4,,Mark Andrews,TE,,461.p.31056,31056,Bal,yahoo_fantasy_api
2025,14,,7,api,Ginger FC 🏆🏆,malle_dips_pouches,2025-W14-05,5,87.56,79.5,Travis Etienne Jr.,RB,W/R/T,True,False,False,,20.7,,Travis Etienne Jr.,RB,,461.p.33413,33413,NO,yahoo_fantasy_api
2025,14,,8,api,Ginger FC 🏆🏆,malle_dips_pouches,2025-W14-05,5,87.56,79.5,Chris Olave,WR,BN,False,True,False,,4.5,,Chris Olave,WR,,461.p.33966,33966,NO,yahoo_fantasy_api
2025,14,,9,api,Ginger FC 🏆🏆,malle_dips_pouches,2025-W14-05,5,87.56,79.5,Michael Pittman Jr.,WR,BN,False,True,False,,12.4,,Michael Pittman Jr.,WR,,461.p.32704,32704,Pit,yahoo_fantasy_api
2025,14,,10,api,Ginger FC 🏆🏆,malle_dips_pouches,2025-W14-05,5,87.56,79.5,Juwan Johnson,TE,BN,False,True,False,,5.8,,Juwan Johnson,TE,,461.p.33113,33113,NO,yahoo_fantasy_api
2025,14,,11,api,Ginger FC 🏆🏆,malle_dips_pouches,2025-W14-05,5,87.56,79.5,Marvin Mims Jr.,WR,BN,False,True,False,,7.2,,Marvin Mims Jr.,WR,,461.p.40090,40090,Den,yahoo_fantasy_api
2025,14,,12,api,Ginger FC 🏆🏆,malle_dips_pouches,2025-W14-05,5,87.56,79.5,Jayden Daniels,QB,BN,False,True,False,,3.72,,Jayden Daniels,QB,,461.p.40896,40896,Was,yahoo_fantasy_api
2025,14,,13,api,Ginger FC 🏆🏆,malle_dips_pouches,2025-W14-05,5,87.56,79.5,Trey Benson,RB,IR,False,False,True,,0.0,,Trey Benson,RB,,461.p.40958,40958,Ari,yahoo_fantasy_api
2025,14,,14,api,Ginger FC 🏆🏆,malle_dips_pouches,2025-W14-05,5,87.56,79.5,Chase McLaughlin,K,K,True,False,False,,9.0,,Chase McLaughlin,K,,461.p.32417,32417,TB,yahoo_fantasy_api
2025,14,,15,api,Ginger FC 🏆🏆,malle_dips_pouches,2025-W14-05,5,87.56,79.5,Packers,DEF,DEF,True,False,False,,3.0,,Packers,DEF,,461.p.100009,100009,GB,yahoo_fantasy_api
2025,14,,1,api,Joe Mantegna,The Big Gronkowski,2025-W14-01,1,124.88,101.34,Bo Nix,QB,QB,True,False,False,,15.98,,Bo Nix,QB,,461.p.40875,40875,Den,yahoo_fantasy_api
2025,14,,2,api,Joe Mantegna,The Big Gronkowski,2025-W14-01,1,124.88,101.34,Ja'Marr Chase,WR,WR,True,False,False,,7.7,,Ja'Marr Chase,WR,,461.p.33393,33393,Cin,yahoo_fantasy_api
2025,14,,3,api,Joe Mantegna,The Big Gronkowski,2025-W14-01,1,124.88,101.34,Quentin Johnston,WR,WR,True,False,False,,1.8,,Quentin Johnston,WR,,461.p.40051,40051,LAC,yahoo_fantasy_api
2025,14,,4,api,Joe Mantegna,The Big Gronkowski,2025-W14-01,1,124.88,101.34,Tony Pollard,RB,RB,True,False,False,,28.1,,Tony Pollard,RB,,461.p.31960,31960,Ten,yahoo_fantasy_api
2025,14,,5,api,Joe Mantegna,The Big Gronkowski,2025-W14-01,1,124.88,101.34,RJ Harvey,RB,RB,True,False,False,,19.0,,RJ Harvey,RB,,461.p.41845,41845,Den,yahoo_fantasy_api
2025,14,,6,api,Joe Mantegna,The Big Gronkowski,2025-W14-01,1,124.88,101.34,Tyler Warren,TE,TE,True,False,False,,2.7,,Tyler Warren,TE,,461.p.41799,41799,Ind,yahoo_fantasy_api
2025,14,,7,api,Joe Mantegna,The Big Gronkowski,2025-W14-01,1,124.88,101.34,Zay Flowers,WR,W/R/T,True,False,False,,16.6,,Zay Flowers,WR,,461.p.40039,40039,Bal,yahoo_fantasy_api
2025,14,,8,api,Joe Mantegna,The Big Gronkowski,2025-W14-01,1,124.88,101.34,Wan'Dale Robinson,WR,BN,False,True,False,,0.0,,Wan'Dale Robinson,WR,,461.p.33998,33998,Ten,yahoo_fantasy_api
2025,14,,9,api,Joe Mantegna,The Big Gronkowski,2025-W14-01,1,124.88,101.34,Jauan Jennings,WR,BN,False,True,False,,0.0,,Jauan Jennings,WR,,461.p.32887,32887,Min,yahoo_fantasy_api
2025,14,,10,api,Joe Mantegna,The Big Gronkowski,2025-W14-01,1,124.88,101.34,Brock Purdy,QB,BN,False,True,False,,0.0,,Brock Purdy,QB,,461.p.34218,34218,SF,yahoo_fantasy_api
2025,14,,11,api,Joe Mantegna,The Big Gronkowski,2025-W14-01,1,124.88,101.34,Devin Singletary,RB,BN,False,True,False,,0.0,,Devin Singletary,RB,,461.p.31906,31906,NYG,yahoo_fantasy_api
2025,14,,12,api,Joe Mantegna,The Big Gronkowski,2025-W14-01,1,124.88,101.34,Jacory Croskey-Merritt,RB,BN,False,True,False,,3.2,,Jacory Croskey-Merritt,RB,,461.p.42010,42010,Was,yahoo_fantasy_api
2025,14,,13,api,Joe Mantegna,The Big Gronkowski,2025-W14-01,1,124.88,101.34,Omarion Hampton,RB,IR,False,False,True,,13.7,,Omarion Hampton,RB,,461.p.41807,41807,LAC,yahoo_fantasy_api
2025,14,,14,api,Joe Mantegna,The Big Gronkowski,2025-W14-01,1,124.88,101.34,Brandon Aubrey,K,K,True,False,False,,23.0,,Brandon Aubrey,K,,461.p.40819,40819,Dal,yahoo_fantasy_api
2025,14,,15,api,Joe Mantegna,The Big Gronkowski,2025-W14-01,1,124.88,101.34,Bills,DEF,DEF,True,False,False,,10.0,,Bills,DEF,,461.p.100002,100002,Buf,yahoo_fantasy_api
2025,14,,1,api,Malle ❤️ 🐸,Pop Lockett Drop it,2025-W14-02,2,80.66,137.74,Trevor Lawrence,QB,QB,True,False,False,,23.36,,Trevor Lawrence,QB,,461.p.33389,33389,Jax,yahoo_fantasy_api
2025,14,,2,api,Malle ❤️ 🐸,Pop Lockett Drop it,2025-W14-02,2,80.66,137.74,Brian Thomas Jr.,WR,WR,True,False,False,,10.2,,Brian Thomas Jr.,WR,,461.p.40883,40883,Jax,yahoo_fantasy_api
2025,14,,3,api,Malle ❤️ 🐸,Pop Lockett Drop it,2025-W14-02,2,80.66,137.74,Drake London,WR,WR,True,False,False,,0.0,,Drake London,WR,,461.p.33963,33963,Atl,yahoo_fantasy_api
2025,14,,4,api,Malle ❤️ 🐸,Pop Lockett Drop it,2025-W14-02,2,80.66,137.74,D'Andre Swift,RB,RB,True,False,False,,9.7,,D'Andre Swift,RB,,461.p.32705,32705,Chi,yahoo_fantasy_api
2025,14,,5,api,Malle ❤️ 🐸,Pop Lockett Drop it,2025-W14-02,2,80.66,137.74,Isiah Pacheco,RB,RB,True,False,False,,3.0,,Isiah Pacheco,RB,,461.p.34207,34207,Det,yahoo_fantasy_api
2025,14,,6,api,Malle ❤️ 🐸,Pop Lockett Drop it,2025-W14-02,2,80.66,137.74,Dallas Goedert,TE,TE,True,False,False,,11.8,,Dallas Goedert,TE,,461.p.31019,31019,Phi,yahoo_fantasy_api
2025,14,,7,api,Malle ❤️ 🐸,Pop Lockett Drop it,2025-W14-02,2,80.66,137.74,Khalil Shakir,WR,W/R/T,True,False,False,,8.6,,Khalil Shakir,WR,,461.p.34104,34104,Buf,yahoo_fantasy_api
2025,14,,8,api,Malle ❤️ 🐸,Pop Lockett Drop it,2025-W14-02,2,80.66,137.74,Bhayshul Tuten,RB,BN,False,True,False,,-1.5,,Bhayshul Tuten,RB,,461.p.41900,41900,Jax,yahoo_fantasy_api
2025,14,,9,api,Malle ❤️ 🐸,Pop Lockett Drop it,2025-W14-02,2,80.66,137.74,Jordan Addison,WR,BN,False,True,False,,8.2,,Jordan Addison,WR,,461.p.40042,40042,Min,yahoo_fantasy_api
2025,14,,10,api,Malle ❤️ 🐸,Pop Lockett Drop it,2025-W14-02,2,80.66,137.74,George Kittle,TE,BN,False,True,False,,0.0,,George Kittle,TE,,461.p.30259,30259,SF,yahoo_fantasy_api
2025,14,,11,api,Malle ❤️ 🐸,Pop Lockett Drop it,2025-W14-02,2,80.66,137.74,Rashid Shaheed,WR,BN,False,True,False,,14.7,,Rashid Shaheed,WR,,461.p.34659,34659,Sea,yahoo_fantasy_api
2025,14,,12,api,Malle ❤️ 🐸,Pop Lockett Drop it,2025-W14-02,2,80.66,137.74,Marcus Mariota,QB,BN,False,True,False,,-1.1,,Marcus Mariota,QB,,461.p.28390,28390,Was,yahoo_fantasy_api
2025,14,,13,api,Malle ❤️ 🐸,Pop Lockett Drop it,2025-W14-02,2,80.66,137.74,Dalton Schultz,TE,BN,False,True,False,,3.7,,Dalton Schultz,TE,,461.p.31107,31107,Hou,yahoo_fantasy_api
2025,14,,14,api,Malle ❤️ 🐸,Pop Lockett Drop it,2025-W14-02,2,80.66,137.74,Harrison Butker,K,K,True,False,False,,4.0,,Harrison Butker,K,,461.p.30346,30346,KC,yahoo_fantasy_api
2025,14,,15,api,Malle ❤️ 🐸,Pop Lockett Drop it,2025-W14-02,2,80.66,137.74,Jaguars,DEF,DEF,True,False,False,,10.0,,Jaguars,DEF,,461.p.100030,100030,Jax,yahoo_fantasy_api
2025,14,,1,api,Patty Primetimes,ThreatLevelMidnight,2025-W14-04,4,134.64,105.28,Josh Allen,QB,QB,True,False,False,,43.84,,Josh Allen,QB,,461.p.30977,30977,Buf,yahoo_fantasy_api
2025,14,,2,api,Patty Primetimes,ThreatLevelMidnight,2025-W14-04,4,134.64,105.28,DK Metcalf,WR,WR,True,False,False,,18.3,,DK Metcalf,WR,,461.p.31896,31896,Pit,yahoo_fantasy_api
2025,14,,3,api,Patty Primetimes,ThreatLevelMidnight,2025-W14-04,4,134.64,105.28,Ladd McConkey,WR,WR,True,False,False,,1.7,,Ladd McConkey,WR,,461.p.40908,40908,LAC,yahoo_fantasy_api
2025,14,,4,api,Patty Primetimes,ThreatLevelMidnight,2025-W14-04,4,134.64,105.28,James Cook III,RB,RB,True,False,False,,10.1,,James Cook III,RB,,461.p.34019,34019,Buf,yahoo_fantasy_api
2025,14,,5,api,Patty Primetimes,ThreatLevelMidnight,2025-W14-04,4,134.64,105.28,Saquon Barkley,RB,RB,True,False,False,,18.2,,Saquon Barkley,RB,,461.p.30972,30972,Phi,yahoo_fantasy_api
2025,14,,6,api,Patty Primetimes,ThreatLevelMidnight,2025-W14-04,4,134.64,105.28,Travis Kelce,TE,TE,True,False,False,,1.3,,Travis Kelce,TE,,461.p.26686,26686,KC,yahoo_fantasy_api
2025,14,,7,api,Patty Primetimes,ThreatLevelMidnight,2025-W14-04,4,134.64,105.28,Courtland Sutton,WR,W/R/T,True,False,False,,9.2,,Courtland Sutton,WR,,461.p.31010,31010,Den,yahoo_fantasy_api
2025,14,,8,api,Patty Primetimes,ThreatLevelMidnight,2025-W14-04,4,134.64,105.28,Emanuel Wilson,RB,BN,False,True,False,,1.0,,Emanuel Wilson,RB,,461.p.40707,40707,Sea,yahoo_fantasy_api
2025,14,,9,api,Patty Primetimes,ThreatLevelMidnight,2025-W14-04,4,134.64,105.28,Parker Washington,WR,BN,False,True,False,,0.0,,Parker Washington,WR,,461.p.40234,40234,Jax,yahoo_fantasy_api
2025,14,,10,api,Patty Primetimes,ThreatLevelMidnight,2025-W14-04,4,134.64,105.28,Caleb Williams,QB,BN,False,True,False,,19.94,,Caleb Williams,QB,,461.p.40900,40900,Chi,yahoo_fantasy_api
2025,14,,11,api,Patty Primetimes,ThreatLevelMidnight,2025-W14-04,4,134.64,105.28,Tyjae Spears,RB,BN,False,True,False,,5.7,,Tyjae Spears,RB,,461.p.40119,40119,Ten,yahoo_fantasy_api
2025,14,,12,api,Patty Primetimes,ThreatLevelMidnight,2025-W14-04,4,134.64,105.28,Sean Tucker,RB,BN,False,True,False,,8.9,,Sean Tucker,RB,,461.p.40742,40742,TB,yahoo_fantasy_api
2025,14,,13,api,Patty Primetimes,ThreatLevelMidnight,2025-W14-04,4,134.64,105.28,Tank Bigsby,RB,BN,False,True,False,,0.4,,Tank Bigsby,RB,,461.p.40095,40095,Phi,yahoo_fantasy_api
2025,14,,14,api,Patty Primetimes,ThreatLevelMidnight,2025-W14-04,4,134.64,105.28,J.K. Dobbins,RB,IR,False,False,True,,0.0,,J.K. Dobbins,RB,,461.p.32725,32725,Den,yahoo_fantasy_api
2025,14,,15,api,Patty Primetimes,ThreatLevelMidnight,2025-W14-04,4,134.64,105.28,Cameron Dicker,K,K,True,False,False,,20.0,,Cameron Dicker,K,,461.p.34344,34344,LAC,yahoo_fantasy_api
2025,14,,16,api,Patty Primetimes,ThreatLevelMidnight,2025-W14-04,4,134.64,105.28,Texans,DEF,DEF,True,False,False,,12.0,,Texans,DEF,,461.p.100034,100034,Hou,yahoo_fantasy_api
2025,14,,1,api,Pop Lockett Drop it,Malle ❤️ 🐸,2025-W14-02,2,137.74,80.66,Matthew Stafford,QB,QB,True,False,False,,29.24,,Matthew Stafford,QB,,461.p.9265,9265,LAR,yahoo_fantasy_api
2025,14,,2,api,Pop Lockett Drop it,Malle ❤️ 🐸,2025-W14-02,2,137.74,80.66,CeeDee Lamb,WR,WR,True,False,False,,15.1,,CeeDee Lamb,WR,,461.p.32687,32687,Dal,yahoo_fantasy_api
2025,14,,3,api,Pop Lockett Drop it,Malle ❤️ 🐸,2025-W14-02,2,137.74,80.66,Tee Higgins,WR,WR,True,False,False,,24.2,,Tee Higgins,WR,,461.p.32703,32703,Cin,yahoo_fantasy_api
2025,14,,4,api,Pop Lockett Drop it,Malle ❤️ 🐸,2025-W14-02,2,137.74,80.66,Kenneth Walker III,RB,RB,True,False,False,,3.3,,Kenneth Walker III,RB,,461.p.33996,33996,KC,yahoo_fantasy_api
2025,14,,5,api,Pop Lockett Drop it,Malle ❤️ 🐸,2025-W14-02,2,137.74,80.66,Javonte Williams,RB,RB,True,False,False,,13.7,,Javonte Williams,RB,,461.p.33423,33423,Dal,yahoo_fantasy_api
2025,14,,6,api,Pop Lockett Drop it,Malle ❤️ 🐸,2025-W14-02,2,137.74,80.66,Trey McBride,TE,TE,True,False,False,,8.3,,Trey McBride,TE,,461.p.34010,34010,Ari,yahoo_fantasy_api
2025,14,,7,api,Pop Lockett Drop it,Malle ❤️ 🐸,2025-W14-02,2,137.74,80.66,Devin Neal,RB,W/R/T,True,False,False,,14.9,,Devin Neal,RB,,461.p.41972,41972,NO,yahoo_fantasy_api
2025,14,,8,api,Pop Lockett Drop it,Malle ❤️ 🐸,2025-W14-02,2,137.74,80.66,Troy Franklin,WR,BN,False,True,False,,2.6,,Troy Franklin,WR,,461.p.41009,41009,Den,yahoo_fantasy_api
2025,14,,9,api,Pop Lockett Drop it,Malle ❤️ 🐸,2025-W14-02,2,137.74,80.66,Rome Odunze,WR,BN,False,True,False,,0.0,,Rome Odunze,WR,,461.p.40901,40901,Chi,yahoo_fantasy_api
2025,14,,10,api,Pop Lockett Drop it,Malle ❤️ 🐸,2025-W14-02,2,137.74,80.66,Kareem Hunt,RB,BN,False,True,False,,9.0,,Kareem Hunt,RB,,461.p.30199,30199,KC,yahoo_fantasy_api
2025,14,,11,api,Pop Lockett Drop it,Malle ❤️ 🐸,2025-W14-02,2,137.74,80.66,Jordan Mason,RB,BN,False,True,False,,11.2,,Jordan Mason,RB,,461.p.34320,34320,Min,yahoo_fantasy_api
2025,14,,12,api,Pop Lockett Drop it,Malle ❤️ 🐸,2025-W14-02,2,137.74,80.66,Lamar Jackson,QB,BN,False,True,False,,24.06,,Lamar Jackson,QB,,461.p.31002,31002,Bal,yahoo_fantasy_api
2025,14,,13,api,Pop Lockett Drop it,Malle ❤️ 🐸,2025-W14-02,2,137.74,80.66,Bam Knight,RB,BN,False,True,False,,4.9,,Bam Knight,RB,,461.p.34357,34357,Ari,yahoo_fantasy_api
2025,14,,14,api,Pop Lockett Drop it,Malle ❤️ 🐸,2025-W14-02,2,137.74,80.66,Tyler Loop,K,K,True,False,False,,10.0,,Tyler Loop,K,,461.p.41988,41988,Bal,yahoo_fantasy_api
2025,14,,15,api,Pop Lockett Drop it,Malle ❤️ 🐸,2025-W14-02,2,137.74,80.66,Seahawks,DEF,DEF,True,False,False,,19.0,,Seahawks,DEF,,461.p.100026,100026,Sea,yahoo_fantasy_api
2025,14,,1,api,Post Mahomes,Voldemort,2025-W14-03,3,117.7,135.46,Patrick Mahomes,QB,QB,True,False,False,,8.8,,Patrick Mahomes,QB,,461.p.30123,30123,KC,yahoo_fantasy_api
2025,14,,2,api,Post Mahomes,Voldemort,2025-W14-03,3,117.7,135.46,Chris Godwin Jr.,WR,WR,True,False,False,,8.0,,Chris Godwin Jr.,WR,,461.p.30197,30197,TB,yahoo_fantasy_api
2025,14,,3,api,Post Mahomes,Voldemort,2025-W14-03,3,117.7,135.46,Adonai Mitchell,WR,WR,True,False,False,,2.9,,Adonai Mitchell,WR,,461.p.40915,40915,NYJ,yahoo_fantasy_api
2025,14,,4,api,Post Mahomes,Voldemort,2025-W14-03,3,117.7,135.46,Kyren Williams,RB,RB,True,False,False,,16.7,,Kyren Williams,RB,,461.p.34120,34120,LAR,yahoo_fantasy_api
2025,14,,5,api,Post Mahomes,Voldemort,2025-W14-03,3,117.7,135.46,Jahmyr Gibbs,RB,RB,True,False,False,,33.5,,Jahmyr Gibbs,RB,,461.p.40059,40059,Det,yahoo_fantasy_api
2025,14,,6,api,Post Mahomes,Voldemort,2025-W14-03,3,117.7,135.46,Brock Bowers,TE,TE,True,False,False,,12.6,,Brock Bowers,TE,,461.p.40878,40878,LV,yahoo_fantasy_api
2025,14,,7,api,Post Mahomes,Voldemort,2025-W14-03,3,117.7,135.46,Kyle Monangai,RB,W/R/T,True,False,False,,8.2,,Kyle Monangai,RB,,461.p.42025,42025,Chi,yahoo_fantasy_api
2025,14,,8,api,Post Mahomes,Voldemort,2025-W14-03,3,117.7,135.46,Kimani Vidal,RB,BN,False,True,False,,10.9,,Kimani Vidal,RB,,461.p.41052,41052,LAC,yahoo_fantasy_api
2025,14,,9,api,Post Mahomes,Voldemort,2025-W14-03,3,117.7,135.46,Romeo Doubs,WR,BN,False,True,False,,0.0,,Romeo Doubs,WR,,461.p.34088,34088,NE,yahoo_fantasy_api
2025,14,,10,api,Post Mahomes,Voldemort,2025-W14-03,3,117.7,135.46,Tetairoa McMillan,WR,BN,False,True,False,,0.0,,Tetairoa McMillan,WR,,461.p.41793,41793,Car,yahoo_fantasy_api
2025,14,,11,api,Post Mahomes,Voldemort,2025-W14-03,3,117.7,135.46,Ricky Pearsall,WR,BN,False,True,False,,0.0,,Ricky Pearsall,WR,,461.p.40892,40892,SF,yahoo_fantasy_api
2025,14,,12,api,Post Mahomes,Voldemort,2025-W14-03,3,117.7,135.46,Garrett Wilson,WR,BN,False,True,False,,0.0,,Garrett Wilson,WR,,461.p.33965,33965,NYJ,yahoo_fantasy_api
2025,14,,13,api,Post Mahomes,Voldemort,2025-W14-03,3,117.7,135.46,Blake Corum,RB,BN,False,True,False,,25.6,,Blake Corum,RB,,461.p.40962,40962,LAR,yahoo_fantasy_api
2025,14,,14,api,Post Mahomes,Voldemort,2025-W14-03,3,117.7,135.46,Cam Skattebo,RB,IR,False,False,True,,0.0,,Cam Skattebo,RB,,461.p.41922,41922,NYG,yahoo_fantasy_api
2025,14,,15,api,Post Mahomes,Voldemort,2025-W14-03,3,117.7,135.46,Jake Bates,K,K,True,False,False,,16.0,,Jake Bates,K,,461.p.40835,40835,Det,yahoo_fantasy_api
2025,14,,16,api,Post Mahomes,Voldemort,2025-W14-03,3,117.7,135.46,Broncos,DEF,DEF,True,False,False,,11.0,,Broncos,DEF,,461.p.100007,100007,Den,yahoo_fantasy_api
2025,14,,1,api,The Big Gronkowski,Joe Mantegna,2025-W14-01,1,101.34,124.88,Dak Prescott,QB,QB,True,False,False,,22.44,,Dak Prescott,QB,,461.p.29369,29369,Dal,yahoo_fantasy_api
2025,14,,2,api,The Big Gronkowski,Joe Mantegna,2025-W14-01,1,101.34,124.88,Nico Collins,WR,WR,True,False,False,,14.1,,Nico Collins,WR,,461.p.33477,33477,Hou,yahoo_fantasy_api
2025,14,,3,api,The Big Gronkowski,Joe Mantegna,2025-W14-01,1,101.34,124.88,Jameson Williams,WR,WR,True,False,False,,13.8,,Jameson Williams,WR,,461.p.33967,33967,Det,yahoo_fantasy_api
2025,14,,4,api,The Big Gronkowski,Joe Mantegna,2025-W14-01,1,101.34,124.88,Woody Marks,RB,RB,True,False,False,,14.6,,Woody Marks,RB,,461.p.41902,41902,Hou,yahoo_fantasy_api
2025,14,,5,api,The Big Gronkowski,Joe Mantegna,2025-W14-01,1,101.34,124.88,Chris Rodriguez Jr.,RB,RB,True,False,False,,5.2,,Chris Rodriguez Jr.,RB,,461.p.40231,40231,Jax,yahoo_fantasy_api
2025,14,,6,api,The Big Gronkowski,Joe Mantegna,2025-W14-01,1,101.34,124.88,T.J. Hockenson,TE,TE,True,False,False,,8.2,,T.J. Hockenson,TE,,461.p.31840,31840,Min,yahoo_fantasy_api
2025,14,,7,api,The Big Gronkowski,Joe Mantegna,2025-W14-01,1,101.34,124.88,A.J. Brown,WR,W/R/T,True,False,False,,13.0,,A.J. Brown,WR,,461.p.31883,31883,NE,yahoo_fantasy_api
2025,14,,8,api,The Big Gronkowski,Joe Mantegna,2025-W14-01,1,101.34,124.88,Chuba Hubbard,RB,BN,False,True,False,,0.0,,Chuba Hubbard,RB,,461.p.33514,33514,Car,yahoo_fantasy_api
2025,14,,9,api,The Big Gronkowski,Joe Mantegna,2025-W14-01,1,101.34,124.88,Hunter Henry,TE,BN,False,True,False,,0.0,,Hunter Henry,TE,,461.p.29269,29269,NE,yahoo_fantasy_api
2025,14,,10,api,The Big Gronkowski,Joe Mantegna,2025-W14-01,1,101.34,124.88,TreVeyon Henderson,RB,BN,False,True,False,,0.0,,TreVeyon Henderson,RB,,461.p.41823,41823,NE,yahoo_fantasy_api
2025,14,,11,api,The Big Gronkowski,Joe Mantegna,2025-W14-01,1,101.34,124.88,Drake Maye,QB,BN,False,True,False,,0.0,,Drake Maye,QB,,461.p.40881,40881,NE,yahoo_fantasy_api
2025,14,,12,api,The Big Gronkowski,Joe Mantegna,2025-W14-01,1,101.34,124.88,Darnell Mooney,WR,BN,False,True,False,,1.1,,Darnell Mooney,WR,,461.p.32843,32843,NYG,yahoo_fantasy_api
2025,14,,13,api,The Big Gronkowski,Joe Mantegna,2025-W14-01,1,101.34,124.88,Ka'imi Fairbairn,K,K,True,False,False,,8.0,,Ka'imi Fairbairn,K,,461.p.29792,29792,Hou,yahoo_fantasy_api
2025,14,,14,api,The Big Gronkowski,Joe Mantegna,2025-W14-01,1,101.34,124.88,Matt Prater,K,BN,False,True,False,,7.0,,Matt Prater,K,,461.p.8565,8565,Buf,yahoo_fantasy_api
2025,14,,15,api,The Big Gronkowski,Joe Mantegna,2025-W14-01,1,101.34,124.88,Browns,DEF,DEF,True,False,False,,2.0,,Browns,DEF,,461.p.100005,100005,Cle,yahoo_fantasy_api
2025,14,,1,api,ThreatLevelMidnight,Patty Primetimes,2025-W14-04,4,105.28,134.64,Baker Mayfield,QB,QB,True,False,False,,14.08,,Baker Mayfield,QB,,461.p.30971,30971,TB,yahoo_fantasy_api
2025,14,,2,api,ThreatLevelMidnight,Patty Primetimes,2025-W14-04,4,105.28,134.64,Rashee Rice,WR,WR,True,False,False,,5.4,,Rashee Rice,WR,,461.p.40084,40084,KC,yahoo_fantasy_api
2025,14,,3,api,ThreatLevelMidnight,Patty Primetimes,2025-W14-04,4,105.28,134.64,Alec Pierce,WR,WR,True,False,False,,10.5,,Alec Pierce,WR,,461.p.34008,34008,Ind,yahoo_fantasy_api
2025,14,,4,api,ThreatLevelMidnight,Patty Primetimes,2025-W14-04,4,105.28,134.64,Bijan Robinson,RB,RB,True,False,False,,8.4,,Bijan Robinson,RB,,461.p.40055,40055,Atl,yahoo_fantasy_api
2025,14,,5,api,ThreatLevelMidnight,Patty Primetimes,2025-W14-04,4,105.28,134.64,Quinshon Judkins,RB,RB,True,False,False,,8.9,,Quinshon Judkins,RB,,461.p.41821,41821,Cle,yahoo_fantasy_api
2025,14,,6,api,ThreatLevelMidnight,Patty Primetimes,2025-W14-04,4,105.28,134.64,Jake Ferguson,TE,TE,True,False,False,,8.3,,Jake Ferguson,TE,,461.p.34085,34085,Dal,yahoo_fantasy_api
2025,14,,7,api,ThreatLevelMidnight,Patty Primetimes,2025-W14-04,4,105.28,134.64,Michael Wilson,WR,W/R/T,True,False,False,,31.7,,Michael Wilson,WR,,461.p.40121,40121,Ari,yahoo_fantasy_api
2025,14,,8,api,ThreatLevelMidnight,Patty Primetimes,2025-W14-04,4,105.28,134.64,Xavier Worthy,WR,BN,False,True,False,,7.0,,Xavier Worthy,WR,,461.p.40877,40877,KC,yahoo_fantasy_api
2025,14,,9,api,ThreatLevelMidnight,Patty Primetimes,2025-W14-04,4,105.28,134.64,Rico Dowdle,RB,BN,False,True,False,,0.0,,Rico Dowdle,RB,,461.p.33100,33100,Pit,yahoo_fantasy_api
2025,14,,10,api,ThreatLevelMidnight,Patty Primetimes,2025-W14-04,4,105.28,134.64,Jacoby Brissett,QB,BN,False,True,False,,24.04,,Jacoby Brissett,QB,,461.p.29325,29325,Ari,yahoo_fantasy_api
2025,14,,11,api,ThreatLevelMidnight,Patty Primetimes,2025-W14-04,4,105.28,134.64,Rhamondre Stevenson,RB,BN,False,True,False,,0.0,,Rhamondre Stevenson,RB,,461.p.33508,33508,NE,yahoo_fantasy_api
2025,14,,12,api,ThreatLevelMidnight,Patty Primetimes,2025-W14-04,4,105.28,134.64,Tyler Allgeier,RB,BN,False,True,False,,7.7,,Tyler Allgeier,RB,,461.p.34107,34107,Ari,yahoo_fantasy_api
2025,14,,13,api,ThreatLevelMidnight,Patty Primetimes,2025-W14-04,4,105.28,134.64,Marvin Harrison Jr.,WR,IR,False,False,True,,0.0,,Marvin Harrison Jr.,WR,,461.p.40893,40893,Ari,yahoo_fantasy_api
2025,14,,14,api,ThreatLevelMidnight,Patty Primetimes,2025-W14-04,4,105.28,134.64,Riley Patterson,K,K,True,False,False,,13.0,,Riley Patterson,K,,461.p.33781,33781,Mia,yahoo_fantasy_api
2025,14,,15,api,ThreatLevelMidnight,Patty Primetimes,2025-W14-04,4,105.28,134.64,Buccaneers,DEF,DEF,True,False,False,,5.0,,Buccaneers,DEF,,461.p.100027,100027,TB,yahoo_fantasy_api
2025,14,,1,api,Uncle Rico,Buttermilk Puuump,2025-W14-06,6,103.16,89.76,Joe Burrow,QB,QB,True,False,False,,33.36,,Joe Burrow,QB,,461.p.32671,32671,Cin,yahoo_fantasy_api
2025,14,,2,api,Uncle Rico,Buttermilk Puuump,2025-W14-06,6,103.16,89.76,Emeka Egbuka,WR,WR,True,False,False,,2.5,,Emeka Egbuka,WR,,461.p.41804,41804,TB,yahoo_fantasy_api
2025,14,,3,api,Uncle Rico,Buttermilk Puuump,2025-W14-06,6,103.16,89.76,Jaylen Waddle,WR,WR,True,False,False,,15.6,,Jaylen Waddle,WR,,461.p.33394,33394,Den,yahoo_fantasy_api
2025,14,,4,api,Uncle Rico,Buttermilk Puuump,2025-W14-06,6,103.16,89.76,Jonathan Taylor,RB,RB,True,False,False,,11.4,,Jonathan Taylor,RB,,461.p.32711,32711,Ind,yahoo_fantasy_api
2025,14,,5,api,Uncle Rico,Buttermilk Puuump,2025-W14-06,6,103.16,89.76,Zach Charbonnet,RB,RB,True,False,False,,7.6,,Zach Charbonnet,RB,,461.p.40075,40075,Sea,yahoo_fantasy_api
2025,14,,6,api,Uncle Rico,Buttermilk Puuump,2025-W14-06,6,103.16,89.76,Dalton Kincaid,TE,TE,True,False,False,,12.1,,Dalton Kincaid,TE,,461.p.40048,40048,Buf,yahoo_fantasy_api
2025,14,,7,api,Uncle Rico,Buttermilk Puuump,2025-W14-06,6,103.16,89.76,Terry McLaurin,WR,W/R/T,True,False,False,,5.6,,Terry McLaurin,WR,,461.p.31908,31908,Was,yahoo_fantasy_api
2025,14,,8,api,Uncle Rico,Buttermilk Puuump,2025-W14-06,6,103.16,89.76,Daniel Jones,QB,BN,False,True,False,,1.8,,Daniel Jones,QB,,461.p.31838,31838,Ind,yahoo_fantasy_api
2025,14,,9,api,Uncle Rico,Buttermilk Puuump,2025-W14-06,6,103.16,89.76,Cade Otton,TE,BN,False,True,False,,3.4,,Cade Otton,TE,,461.p.34062,34062,TB,yahoo_fantasy_api
2025,14,,10,api,Uncle Rico,Buttermilk Puuump,2025-W14-06,6,103.16,89.76,Christian McCaffrey,RB,BN,False,True,False,,0.0,,Christian McCaffrey,RB,,461.p.30121,30121,SF,yahoo_fantasy_api
2025,14,,11,api,Uncle Rico,Buttermilk Puuump,2025-W14-06,6,103.16,89.76,Jerry Jeudy,WR,BN,False,True,False,,15.1,,Jerry Jeudy,WR,,461.p.32685,32685,Cle,yahoo_fantasy_api
2025,14,,12,api,Uncle Rico,Buttermilk Puuump,2025-W14-06,6,103.16,89.76,Tre Tucker,WR,BN,False,True,False,,3.4,,Tre Tucker,WR,,461.p.40114,40114,LV,yahoo_fantasy_api
2025,14,,13,api,Uncle Rico,Buttermilk Puuump,2025-W14-06,6,103.16,89.76,Dyami Brown,WR,BN,False,True,False,,0.0,,Dyami Brown,WR,,461.p.33470,33470,Was,yahoo_fantasy_api
2025,14,,14,api,Uncle Rico,Buttermilk Puuump,2025-W14-06,6,103.16,89.76,Harrison Mevis,K,K,True,False,False,,9.0,,Harrison Mevis,K,,461.p.41312,41312,LAR,yahoo_fantasy_api
2025,14,,15,api,Uncle Rico,Buttermilk Puuump,2025-W14-06,6,103.16,89.76,Rams,DEF,DEF,True,False,False,,6.0,,Rams,DEF,,461.p.100014,100014,LAR,yahoo_fantasy_api
2025,14,,1,api,Voldemort,Post Mahomes,2025-W14-03,3,135.46,117.7,Sam Darnold,QB,QB,True,False,False,,29.26,,Sam Darnold,QB,,461.p.30973,30973,Sea,yahoo_fantasy_api
2025,14,,2,api,Voldemort,Post Mahomes,2025-W14-03,3,135.46,117.7,Justin Jefferson,WR,WR,True,False,False,,2.1,,Justin Jefferson,WR,,461.p.32692,32692,Min,yahoo_fantasy_api
2025,14,,3,api,Voldemort,Post Mahomes,2025-W14-03,3,135.46,117.7,Puka Nacua,WR,WR,True,False,False,,32.2,,Puka Nacua,WR,,461.p.40168,40168,LAR,yahoo_fantasy_api
2025,14,,4,api,Voldemort,Post Mahomes,2025-W14-03,3,135.46,117.7,Chase Brown,RB,RB,True,False,False,,17.0,,Chase Brown,RB,,461.p.40196,40196,Cin,yahoo_fantasy_api
2025,14,,5,api,Voldemort,Post Mahomes,2025-W14-03,3,135.46,117.7,Jaylen Warren,RB,RB,True,False,False,,13.7,,Jaylen Warren,RB,,461.p.34447,34447,Pit,yahoo_fantasy_api
2025,14,,6,api,Voldemort,Post Mahomes,2025-W14-03,3,135.46,117.7,David Njoku,TE,TE,True,False,False,,6.6,,David Njoku,TE,,461.p.30142,30142,LAC,yahoo_fantasy_api
2025,14,,7,api,Voldemort,Post Mahomes,2025-W14-03,3,135.46,117.7,Jaxon Smith-Njigba,WR,W/R/T,True,False,False,,24.6,,Jaxon Smith-Njigba,WR,,461.p.40041,40041,Sea,yahoo_fantasy_api
2025,14,,8,api,Voldemort,Post Mahomes,2025-W14-03,3,135.46,117.7,David Montgomery,RB,BN,False,True,False,,13.8,,David Montgomery,RB,,461.p.31905,31905,Hou,yahoo_fantasy_api
2025,14,,9,api,Voldemort,Post Mahomes,2025-W14-03,3,135.46,117.7,Aaron Rodgers,QB,BN,False,True,False,,22.96,,Aaron Rodgers,QB,,461.p.7200,7200,Pit,yahoo_fantasy_api
2025,14,,10,api,Voldemort,Post Mahomes,2025-W14-03,3,135.46,117.7,Kyler Murray,QB,BN,False,True,False,,0.0,,Kyler Murray,QB,,461.p.31833,31833,Min,yahoo_fantasy_api
2025,14,,11,api,Voldemort,Post Mahomes,2025-W14-03,3,135.46,117.7,Alvin Kamara,RB,BN,False,True,False,,0.0,,Alvin Kamara,RB,,461.p.30180,30180,NO,yahoo_fantasy_api
2025,14,,12,api,Voldemort,Post Mahomes,2025-W14-03,3,135.46,117.7,Keenan Allen,WR,BN,False,True,False,,3.7,,Keenan Allen,WR,,461.p.26699,26699,Ind,yahoo_fantasy_api
2025,14,,13,api,Voldemort,Post Mahomes,2025-W14-03,3,135.46,117.7,Kenny Gainwell,RB,BN,False,True,False,,13.2,,Kenny Gainwell,RB,,461.p.33538,33538,TB,yahoo_fantasy_api
2025,14,,14,api,Voldemort,Post Mahomes,2025-W14-03,3,135.46,117.7,Will Reichard,K,K,True,False,False,,8.0,,Will Reichard,K,,461.p.41093,41093,Min,yahoo_fantasy_api
2025,14,,15,api,Voldemort,Post Mahomes,2025-W14-03,3,135.46,117.7,Bears,DEF,DEF,True,False,False,,2.0,,Bears,DEF,,461.p.100003,100003,Chi,yahoo_fantasy_api
2025,14,,1,api,malle_dips_pouches,Ginger FC 🏆🏆,2025-W14-05,5,79.5,87.56,Jalen Hurts,QB,QB,True,False,False,,4.4,,Jalen Hurts,QB,,461.p.32723,32723,Phi,yahoo_fantasy_api
2025,14,,2,api,malle_dips_pouches,Ginger FC 🏆🏆,2025-W14-05,5,79.5,87.56,Christian Watson,WR,WR,True,False,False,,22.9,,Christian Watson,WR,,461.p.33989,33989,GB,yahoo_fantasy_api
2025,14,,3,api,malle_dips_pouches,Ginger FC 🏆🏆,2025-W14-05,5,79.5,87.56,DJ Moore,WR,WR,True,False,False,,0.1,,DJ Moore,WR,,461.p.30994,30994,Buf,yahoo_fantasy_api
2025,14,,4,api,malle_dips_pouches,Ginger FC 🏆🏆,2025-W14-05,5,79.5,87.56,Ashton Jeanty,RB,RB,True,False,False,,4.8,,Ashton Jeanty,RB,,461.p.41791,41791,LV,yahoo_fantasy_api
2025,14,,5,api,malle_dips_pouches,Ginger FC 🏆🏆,2025-W14-05,5,79.5,87.56,Bucky Irving,RB,RB,True,False,False,,15.1,,Bucky Irving,RB,,461.p.40993,40993,TB,yahoo_fantasy_api
2025,14,,6,api,malle_dips_pouches,Ginger FC 🏆🏆,2025-W14-05,5,79.5,87.56,Colston Loveland,TE,TE,True,False,False,,10.9,,Colston Loveland,TE,,461.p.41795,41795,Chi,yahoo_fantasy_api
2025,14,,7,api,malle_dips_pouches,Ginger FC 🏆🏆,2025-W14-05,5,79.5,87.56,Jayden Reed,WR,W/R/T,True,False,False,,7.3,,Jayden Reed,WR,,461.p.40063,40063,GB,yahoo_fantasy_api
2025,14,,8,api,malle_dips_pouches,Ginger FC 🏆🏆,2025-W14-05,5,79.5,87.56,Tyrone Tracy Jr.,RB,BN,False,True,False,,0.0,,Tyrone Tracy Jr.,RB,,461.p.41048,41048,NYG,yahoo_fantasy_api
2025,14,,9,api,malle_dips_pouches,Ginger FC 🏆🏆,2025-W14-05,5,79.5,87.56,Stefon Diggs,WR,BN,False,True,False,,0.0,,Stefon Diggs,WR,,461.p.28534,28534,Was,yahoo_fantasy_api
2025,14,,10,api,malle_dips_pouches,Ginger FC 🏆🏆,2025-W14-05,5,79.5,87.56,Rachaad White,RB,BN,False,True,False,,6.0,,Rachaad White,RB,,461.p.34047,34047,Was,yahoo_fantasy_api
2025,14,,11,api,malle_dips_pouches,Ginger FC 🏆🏆,2025-W14-05,5,79.5,87.56,Josh Downs,WR,BN,False,True,False,,4.3,,Josh Downs,WR,,461.p.40126,40126,Ind,yahoo_fantasy_api
2025,14,,12,api,malle_dips_pouches,Ginger FC 🏆🏆,2025-W14-05,5,79.5,87.56,Jakobi Meyers,WR,BN,False,True,False,,12.8,,Jakobi Meyers,WR,,461.p.32231,32231,Jax,yahoo_fantasy_api
2025,14,,13,api,malle_dips_pouches,Ginger FC 🏆🏆,2025-W14-05,5,79.5,87.56,Zach Ertz,TE,BN,False,True,False,,1.6,,Zach Ertz,TE,,461.p.26658,26658,Phi,yahoo_fantasy_api
2025,14,,14,api,malle_dips_pouches,Ginger FC 🏆🏆,2025-W14-05,5,79.5,87.56,Mike Evans,WR,IR,False,False,True,,0.0,,Mike Evans,WR,,461.p.27535,27535,SF,yahoo_fantasy_api
2025,14,,15,api,malle_dips_pouches,Ginger FC 🏆🏆,2025-W14-05,5,79.5,87.56,Jason Myers,K,K,True,False,False,,14.0,,Jason Myers,K,,461.p.28378,28378,Sea,yahoo_fantasy_api
2025,14,,16,api,malle_dips_pouches,Ginger FC 🏆🏆,2025-W14-05,5,79.5,87.56,Ravens,DEF,DEF,True,False,False,,0.0,,Ravens,DEF,,461.p.100033,100033,Bal,yahoo_fantasy_api
